Rating Period,Calendar Year,Model,County,Health Plan,Brand,Category of Aid,Lower Bound,Midpoint,Upper Bound
01/21-12/21,2021,GMC,Sacramento,Aetna Better Health,Aetna Better Health,Adult,273.53,282.26,291.42
01/21-12/21,2021,GMC,Sacramento,Aetna Better Health,Aetna Better Health,Behavioral Health Treatment 0-6,4498.34,4624.82,4755.87
01/21-12/21,2021,GMC,Sacramento,Aetna Better Health,Aetna Better Health,Behavioral Health Treatment 7-20,2392.72,2460.0,2529.7
01/21-12/21,2021,GMC,Sacramento,Aetna Better Health,Aetna Better Health,Child,74.42,77.82,81.44
01/21-12/21,2021,GMC,Sacramento,Aetna Better Health,Aetna Better Health,Maternity,8990.4,9265.88,9551.78
01/21-12/21,2021,GMC,Sacramento,Aetna Better Health,Aetna Better Health,Adult Expansion,329.1,339.04,349.45
01/21-12/21,2021,GMC,Sacramento,Aetna Better Health,Aetna Better Health,SPD,892.11,915.7,940.33
01/21-12/21,2021,GMC,Sacramento,Aetna Better Health,Aetna Better Health,SPD Dual,154.37,160.08,166.09
01/21-12/21,2021,GMC,Sacramento,Aetna Better Health,Aetna Better Health,Health Homes Non-Dual,326.91,331.08,347.75
01/21-12/21,2021,GMC,Sacramento,Aetna Better Health,Aetna Better Health,Health Homes Dual,80.02,82.98,86.63
01/21-12/21,2021,GMC,San Diego,Aetna Better Health,Aetna Better Health,Adult,266.59,274.65,283.12
01/21-12/21,2021,GMC,San Diego,Aetna Better Health,Aetna Better Health,Behavioral Health Treatment 0-6,2440.65,2509.28,2580.38
01/21-12/21,2021,GMC,San Diego,Aetna Better Health,Aetna Better Health,Behavioral Health Treatment 7-20,1973.57,2029.06,2086.55
01/21-12/21,2021,GMC,San Diego,Aetna Better Health,Aetna Better Health,Child,82.57,86.15,89.94
01/21-12/21,2021,GMC,San Diego,Aetna Better Health,Aetna Better Health,Maternity,7512.15,7742.39,7981.33
01/21-12/21,2021,GMC,San Diego,Aetna Better Health,Aetna Better Health,Adult Expansion,344.2,353.97,364.21
01/21-12/21,2021,GMC,San Diego,Aetna Better Health,Aetna Better Health,SPD,946.44,969.7,993.98
01/21-12/21,2021,GMC,San Diego,Aetna Better Health,Aetna Better Health,SPD Dual,138.28,143.41,148.81
01/21-12/21,2021,GMC,Sacramento,Aetna Better Health,Aetna Better Health,Hep C Non-340B,2184.11,2184.11,2285.16
01/21-12/21,2021,GMC,Sacramento,Aetna Better Health,Aetna Better Health,Hep C 340B,1722.85,1722.85,1759.31
01/21-12/21,2021,GMC,San Diego,Aetna Better Health,Aetna Better Health,Hep C Non-340B,2184.11,2184.11,2285.16
01/21-12/21,2021,GMC,San Diego,Aetna Better Health,Aetna Better Health,Hep C 340B,1722.85,1722.85,1759.31
01/21-12/21,2021,GMC,San Diego,Aetna Better Health,Aetna Better Health,Health Homes Non-Dual,413.17,418.63,439.92
01/21-12/21,2021,GMC,San Diego,Aetna Better Health,Aetna Better Health,Health Homes Dual,122.49,127.41,132.81
01/21-12/21,2021,GMC,Sacramento,Anthem Blue Cross,Anthem Blue Cross,Adult,266.02,274.47,283.34
01/21-12/21,2021,GMC,Sacramento,Anthem Blue Cross,Anthem Blue Cross,Behavioral Health Treatment 0-6,4552.67,4680.68,4813.31
01/21-12/21,2021,GMC,Sacramento,Anthem Blue Cross,Anthem Blue Cross,Behavioral Health Treatment 7-20,2467.49,2536.86,2608.74
01/21-12/21,2021,GMC,Sacramento,Anthem Blue Cross,Anthem Blue Cross,Child,73.61,76.92,80.44
01/21-12/21,2021,GMC,Sacramento,Anthem Blue Cross,Anthem Blue Cross,Maternity,8990.4,9265.88,9551.78
01/21-12/21,2021,GMC,Sacramento,Anthem Blue Cross,Anthem Blue Cross,Adult Expansion,324.47,334.24,344.47
01/21-12/21,2021,GMC,Sacramento,Anthem Blue Cross,Anthem Blue Cross,SPD,903.72,927.55,952.41
01/21-12/21,2021,GMC,Sacramento,Anthem Blue Cross,Anthem Blue Cross,SPD Dual,174.65,180.9,187.48
01/21-12/21,2021,GMC,Sacramento,Anthem Blue Cross,Anthem Blue Cross,Hep C Non-340B,2184.11,2184.11,2285.16
01/21-12/21,2021,GMC,Sacramento,Anthem Blue Cross,Anthem Blue Cross,Hep C 340B,1722.85,1722.85,1759.31
01/21-12/21,2021,GMC,Sacramento,Anthem Blue Cross,Anthem Blue Cross,Health Homes Non-Dual,315.63,319.9,336.71
01/21-12/21,2021,GMC,Sacramento,Anthem Blue Cross,Anthem Blue Cross,Health Homes Dual,76.39,79.74,83.42
01/21-12/21,2021,GMC,San Diego,Community Health Group,Community Health Group,Adult,281.42,289.81,298.62
01/21-12/21,2021,GMC,San Diego,Community Health Group,Community Health Group,Child,81.09,84.57,88.26
01/21-12/21,2021,GMC,San Diego,Community Health Group,Community Health Group,Maternity,7512.15,7742.39,7981.33
01/21-12/21,2021,GMC,San Diego,Community Health Group,Community Health Group,Adult Expansion,362.08,372.22,382.83
01/21-12/21,2021,GMC,San Diego,Community Health Group,Community Health Group,SPD,989.12,1013.12,1038.16
01/21-12/21,2021,GMC,San Diego,Community Health Group,Community Health Group,SPD Dual,134.6,139.59,144.86
01/21-12/21,2021,GMC,San Diego,Community Health Group,Community Health Group,Health Homes Non-Dual,399.18,404.52,425.11
01/21-12/21,2021,GMC,San Diego,Community Health Group,Community Health Group,Health Homes Dual,123.06,127.86,133.11
01/21-12/21,2021,GMC,Sacramento,Health Net of California,Health Net,Adult,270.06,278.57,287.51
01/21-12/21,2021,GMC,Sacramento,Health Net of California,Health Net,Behavioral Health Treatment 0-6,3459.06,3556.32,3657.08
01/21-12/21,2021,GMC,Sacramento,Health Net of California,Health Net,Behavioral Health Treatment 7-20,2536.89,2608.22,2682.12
01/21-12/21,2021,GMC,Sacramento,Health Net of California,Health Net,Child,70.15,73.31,76.67
01/21-12/21,2021,GMC,Sacramento,Health Net of California,Health Net,Maternity,8990.4,9265.88,9551.78
01/21-12/21,2021,GMC,Sacramento,Health Net of California,Health Net,Adult Expansion,322.42,332.08,342.2
01/21-12/21,2021,GMC,Sacramento,Health Net of California,Health Net,SPD,947.33,972.24,998.23
01/21-12/21,2021,GMC,Sacramento,Health Net of California,Health Net,SPD Dual,171.49,177.5,183.83
01/21-12/21,2021,GMC,Sacramento,Health Net of California,Health Net,Health Homes Non-Dual,329.77,334.4,350.74
01/21-12/21,2021,GMC,Sacramento,Health Net of California,Health Net,Health Homes Dual,78.7,82.03,85.69
01/21-12/21,2021,GMC,San Diego,Health Net of California,Health Net,Adult,204.84,211.05,217.57
01/21-12/21,2021,GMC,San Diego,Health Net of California,Health Net,Behavioral Health Treatment 0-6,2517.31,2588.08,2661.42
01/21-12/21,2021,GMC,San Diego,Health Net of California,Health Net,Behavioral Health Treatment 7-20,2164.58,2225.44,2288.5
01/21-12/21,2021,GMC,San Diego,Health Net of California,Health Net,Child,83.9,87.37,91.04
01/21-12/21,2021,GMC,San Diego,Health Net of California,Health Net,Maternity,7512.15,7742.39,7981.33
01/21-12/21,2021,GMC,San Diego,Health Net of California,Health Net,Adult Expansion,260.49,267.93,275.72
01/21-12/21,2021,GMC,San Diego,Health Net of California,Health Net,SPD,679.27,696.13,713.72
01/21-12/21,2021,GMC,San Diego,Health Net of California,Health Net,SPD Dual,124.25,128.53,133.02
01/21-12/21,2021,GMC,San Diego,Health Net of California,Health Net,Health Homes Non-Dual,417.56,423.1,444.38
01/21-12/21,2021,GMC,San Diego,Health Net of California,Health Net,Health Homes Dual,121.06,125.88,131.16
01/21-12/21,2021,GMC,Sacramento,Health Net of California,Health Net,Hep C Non-340B,2184.11,2184.11,2285.16
01/21-12/21,2021,GMC,Sacramento,Health Net of California,Health Net,Hep C 340B,1722.85,1722.85,1759.31
01/21-12/21,2021,GMC,San Diego,Health Net of California,Health Net,Hep C Non-340B,2184.11,2184.11,2285.16
01/21-12/21,2021,GMC,San Diego,Health Net of California,Health Net,Hep C 340B,1722.85,1722.85,1759.31
01/21-12/21,2021,GMC,Sacramento,Kaiser Foundation Health Plan,Kaiser Permanente,Adult,298.5,307.87,317.7
01/21-12/21,2021,GMC,Sacramento,Kaiser Foundation Health Plan,Kaiser Permanente,Behavioral Health Treatment 0-6,4764.97,4898.95,5037.76
01/21-12/21,2021,GMC,Sacramento,Kaiser Foundation Health Plan,Kaiser Permanente,Behavioral Health Treatment 7-20,2313.98,2379.04,2446.45
01/21-12/21,2021,GMC,Sacramento,Kaiser Foundation Health Plan,Kaiser Permanente,Child,79.18,82.67,86.37
01/21-12/21,2021,GMC,Sacramento,Kaiser Foundation Health Plan,Kaiser Permanente,Maternity,8990.4,9265.88,9551.78
01/21-12/21,2021,GMC,Sacramento,Kaiser Foundation Health Plan,Kaiser Permanente,Adult Expansion,356.1,366.71,377.82
01/21-12/21,2021,GMC,Sacramento,Kaiser Foundation Health Plan,Kaiser Permanente,SPD,744.23,763.87,784.37
01/21-12/21,2021,GMC,Sacramento,Kaiser Foundation Health Plan,Kaiser Permanente,SPD Dual,126.2,130.94,135.94
01/21-12/21,2021,GMC,Sacramento,Kaiser Foundation Health Plan,Kaiser Permanente,Health Homes Non-Dual,332.14,336.87,352.93
01/21-12/21,2021,GMC,Sacramento,Kaiser Foundation Health Plan,Kaiser Permanente,Health Homes Dual,81.47,84.68,88.2
01/21-12/21,2021,GMC,San Diego,Kaiser Foundation Health Plan,Kaiser Permanente,Adult,294.97,303.78,313.03
01/21-12/21,2021,GMC,San Diego,Kaiser Foundation Health Plan,Kaiser Permanente,Behavioral Health Treatment 0-6,2996.98,3081.25,3168.56
01/21-12/21,2021,GMC,San Diego,Kaiser Foundation Health Plan,Kaiser Permanente,Behavioral Health Treatment 7-20,2079.82,2138.3,2198.89
01/21-12/21,2021,GMC,San Diego,Kaiser Foundation Health Plan,Kaiser Permanente,Child,89.96,93.75,97.76
01/21-12/21,2021,GMC,San Diego,Kaiser Foundation Health Plan,Kaiser Permanente,Maternity,7512.15,7742.39,7981.33
01/21-12/21,2021,GMC,San Diego,Kaiser Foundation Health Plan,Kaiser Permanente,Adult Expansion,364.75,375.02,385.77
01/21-12/21,2021,GMC,San Diego,Kaiser Foundation Health Plan,Kaiser Permanente,SPD,775.51,794.61,814.54
01/21-12/21,2021,GMC,San Diego,Kaiser Foundation Health Plan,Kaiser Permanente,SPD Dual,121.49,126.03,130.82
01/21-12/21,2021,GMC,San Diego,Kaiser Foundation Health Plan,Kaiser Permanente,Health Homes Non-Dual,435.56,441.22,463.58
01/21-12/21,2021,GMC,San Diego,Kaiser Foundation Health Plan,Kaiser Permanente,Health Homes Dual,120.71,125.65,131.07
01/21-12/21,2021,GMC,Sacramento,Kaiser Foundation Health Plan,Kaiser Permanente,Hep C Non-340B,2184.11,2184.11,2285.16
01/21-12/21,2021,GMC,Sacramento,Kaiser Foundation Health Plan,Kaiser Permanente,Hep C 340B,1722.85,1722.85,1759.31
01/21-12/21,2021,GMC,San Diego,Kaiser Foundation Health Plan,Kaiser Permanente,Hep C Non-340B,2184.11,2184.11,2285.16
01/21-12/21,2021,GMC,San Diego,Kaiser Foundation Health Plan,Kaiser Permanente,Hep C 340B,1722.85,1722.85,1759.31
01/21-12/21,2021,GMC,Sacramento,Molina Healthcare,Molina Healthcare,Adult,253.47,261.61,270.16
01/21-12/21,2021,GMC,Sacramento,Molina Healthcare,Molina Healthcare,Behavioral Health Treatment 0-6,3272.86,3364.89,3460.23
01/21-12/21,2021,GMC,Sacramento,Molina Healthcare,Molina Healthcare,Behavioral Health Treatment 7-20,2302.2,2366.93,2434.0
01/21-12/21,2021,GMC,Sacramento,Molina Healthcare,Molina Healthcare,Child,71.74,74.99,78.44
01/21-12/21,2021,GMC,Sacramento,Molina Healthcare,Molina Healthcare,Maternity,8990.4,9265.88,9551.78
01/21-12/21,2021,GMC,Sacramento,Molina Healthcare,Molina Healthcare,Adult Expansion,319.57,329.25,339.4
01/21-12/21,2021,GMC,Sacramento,Molina Healthcare,Molina Healthcare,SPD,892.81,916.64,941.51
01/21-12/21,2021,GMC,Sacramento,Molina Healthcare,Molina Healthcare,SPD Dual,146.3,151.87,157.74
01/21-12/21,2021,GMC,Sacramento,Molina Healthcare,Molina Healthcare,Health Homes Non-Dual,350.48,355.22,372.91
01/21-12/21,2021,GMC,Sacramento,Molina Healthcare,Molina Healthcare,Health Homes Dual,87.42,90.9,94.71
01/21-12/21,2021,GMC,San Diego,Molina Healthcare,Molina Healthcare,Adult,264.76,272.79,281.21
01/21-12/21,2021,GMC,San Diego,Molina Healthcare,Molina Healthcare,Behavioral Health Treatment 0-6,2256.25,2319.68,2385.41
01/21-12/21,2021,GMC,San Diego,Molina Healthcare,Molina Healthcare,Behavioral Health Treatment 7-20,1972.8,2028.27,2085.74
01/21-12/21,2021,GMC,San Diego,Molina Healthcare,Molina Healthcare,Child,81.44,84.92,88.61
01/21-12/21,2021,GMC,San Diego,Molina Healthcare,Molina Healthcare,Maternity,7512.15,7742.39,7981.33
01/21-12/21,2021,GMC,San Diego,Molina Healthcare,Molina Healthcare,Adult Expansion,341.48,351.19,361.37
01/21-12/21,2021,GMC,San Diego,Molina Healthcare,Molina Healthcare,SPD,979.45,1003.64,1028.88
01/21-12/21,2021,GMC,San Diego,Molina Healthcare,Molina Healthcare,SPD Dual,145.55,150.88,156.49
01/21-12/21,2021,GMC,San Diego,Molina Healthcare,Molina Healthcare,Health Homes Non-Dual,422.89,428.52,449.97
01/21-12/21,2021,GMC,San Diego,Molina Healthcare,Molina Healthcare,Health Homes Dual,128.32,133.48,139.13
01/21-12/21,2021,GMC,Sacramento,Molina Healthcare,Molina Healthcare,Hep C Non-340B,2184.11,2184.11,2285.16
01/21-12/21,2021,GMC,Sacramento,Molina Healthcare,Molina Healthcare,Hep C 340B,1722.85,1722.85,1759.31
01/21-12/21,2021,GMC,San Diego,Molina Healthcare,Molina Healthcare,Hep C Non-340B,2184.11,2184.11,2285.16
01/21-12/21,2021,GMC,San Diego,Molina Healthcare,Molina Healthcare,Hep C 340B,1722.85,1722.85,1759.31
01/21-12/21,2021,GMC,San Diego,United Healthcare,UnitedHealthcare,Behavioral Health Treatment 0-6,2440.65,2509.28,2580.38
01/21-12/21,2021,GMC,San Diego,United Healthcare,UnitedHealthcare,Behavioral Health Treatment 7-20,1973.57,2029.06,2086.55
01/21-12/21,2021,GMC,San Diego,United Healthcare,UnitedHealthcare,Hep C Non-340B,2184.11,2184.11,2285.16
01/21-12/21,2021,GMC,San Diego,United Healthcare,UnitedHealthcare,Hep C 340B,1722.85,1722.85,1759.31
01/21-12/21,2021,GMC,San Diego,United Healthcare,UnitedHealthcare,Adult,266.87,274.98,283.5
01/21-12/21,2021,GMC,San Diego,United Healthcare,UnitedHealthcare,Child,82.74,86.36,90.21
01/21-12/21,2021,GMC,San Diego,United Healthcare,UnitedHealthcare,Maternity,7512.15,7742.39,7981.33
01/21-12/21,2021,GMC,San Diego,United Healthcare,UnitedHealthcare,Adult Expansion,344.51,354.33,364.62
01/21-12/21,2021,GMC,San Diego,United Healthcare,UnitedHealthcare,SPD,946.74,970.05,994.38
01/21-12/21,2021,GMC,San Diego,United Healthcare,UnitedHealthcare,SPD Dual,138.56,143.74,149.2
01/21-12/21,2021,GMC,San Diego,United Healthcare,UnitedHealthcare,Health Homes Non-Dual,413.17,418.63,439.92
01/21-12/21,2021,GMC,San Diego,United Healthcare,UnitedHealthcare,Health Homes Dual,122.49,127.41,132.81
01/21-12/21,2021,GMC,San Diego,Blue Shield Promise Health Plan of California,Blue Shield Promise,Adult,238.06,245.37,253.04
01/21-12/21,2021,GMC,San Diego,Blue Shield Promise Health Plan of California,Blue Shield Promise,Child,79.93,83.42,87.13
01/21-12/21,2021,GMC,San Diego,Blue Shield Promise Health Plan of California,Blue Shield Promise,Maternity,7512.15,7742.39,7981.33
01/21-12/21,2021,GMC,San Diego,Blue Shield Promise Health Plan of California,Blue Shield Promise,Adult Expansion,343.21,353.08,363.41
01/21-12/21,2021,GMC,San Diego,Blue Shield Promise Health Plan of California,Blue Shield Promise,SPD,959.99,983.95,1008.96
01/21-12/21,2021,GMC,San Diego,Blue Shield Promise Health Plan of California,Blue Shield Promise,SPD Dual,149.68,155.33,161.28
01/21-12/21,2021,GMC,San Diego,Blue Shield Promise Health Plan of California,Blue Shield Promise,Hep C 340B,1722.85,1722.85,1759.31
01/21-12/21,2021,GMC,San Diego,Blue Shield Promise Health Plan of California,Blue Shield Promise,Hep C Non-340B,2184.11,2184.11,2285.16
01/21-12/21,2021,GMC,San Diego,Blue Shield Promise Health Plan of California,Blue Shield Promise,Behavioral Health Treatment 0-6,2543.37,2614.88,2688.97
01/21-12/21,2021,GMC,San Diego,Blue Shield Promise Health Plan of California,Blue Shield Promise,Behavioral Health Treatment 7-20,2009.65,2066.15,2124.69
01/21-12/21,2021,GMC,San Diego,Community Health Group,Community Health Group,Hep C Non-340B,2184.11,2184.11,2285.16
01/21-12/21,2021,GMC,San Diego,Community Health Group,Community Health Group,Hep C 340B,1722.85,1722.85,1759.31
01/21-12/21,2021,GMC,San Diego,Community Health Group,Community Health Group,Behavioral Health Treatment 0-6,2223.19,2285.7,2350.47
01/21-12/21,2021,GMC,San Diego,Community Health Group,Community Health Group,Behavioral Health Treatment 7-20,1843.32,1895.15,1948.85
01/21-12/21,2021,GMC,San Diego,Blue Shield Promise Health Plan of California,Blue Shield Promise,Health Homes Non-Dual,419.15,424.48,446.88
01/21-12/21,2021,GMC,San Diego,Blue Shield Promise Health Plan of California,Blue Shield Promise,Health Homes Dual,112.64,117.51,122.87
1/22-12/22,2022,GMC,Sacramento,Anthem Blue Cross,Anthem Blue Cross,Child,75.64,79.34,83.26
1/22-12/22,2022,GMC,Sacramento,Anthem Blue Cross,Anthem Blue Cross,Adult,248.99,258.08,267.63
1/22-12/22,2022,GMC,Sacramento,Anthem Blue Cross,Anthem Blue Cross,ACA Optional Expansion,294.47,304.88,315.79
1/22-12/22,2022,GMC,Sacramento,Anthem Blue Cross,Anthem Blue Cross,SPD,768.25,793.05,818.95
1/22-12/22,2022,GMC,Sacramento,Anthem Blue Cross,Anthem Blue Cross,SPD/Full-Dual,172.83,179.17,185.84
1/22-12/22,2022,GMC,Sacramento,Anthem Blue Cross,Anthem Blue Cross,Maternity,9633.29,9929.33,10236.61
1/22-12/22,2022,GMC,Sacramento,Anthem Blue Cross,Anthem Blue Cross,Behavioral Health Treatment 0-6,4623.0,4777.13,4937.39
1/22-12/22,2022,GMC,Sacramento,Anthem Blue Cross,Anthem Blue Cross,Behavioral Health Treatment 7-20,2498.51,2581.81,2668.42
1/22-12/22,2022,GMC,Sacramento,Health Net of California,Health Net,Child,73.03,76.62,80.43
1/22-12/22,2022,GMC,Sacramento,Health Net of California,Health Net,Adult,256.94,266.34,276.21
1/22-12/22,2022,GMC,Sacramento,Health Net of California,Health Net,ACA Optional Expansion,302.01,312.69,323.89
1/22-12/22,2022,GMC,Sacramento,Health Net of California,Health Net,SPD,849.12,876.56,905.2
1/22-12/22,2022,GMC,Sacramento,Health Net of California,Health Net,SPD/Full-Dual,169.8,176.16,182.85
1/22-12/22,2022,GMC,Sacramento,Health Net of California,Health Net,Maternity,9633.29,9929.33,10236.61
1/22-12/22,2022,GMC,Sacramento,Health Net of California,Health Net,Behavioral Health Treatment 0-6,3537.32,3655.25,3777.88
1/22-12/22,2022,GMC,Sacramento,Health Net of California,Health Net,Behavioral Health Treatment 7-20,2588.16,2674.44,2764.17
1/22-12/22,2022,GMC,Sacramento,Kaiser Foundation HP,Kaiser Permanente,Child,82.21,86.09,90.21
1/22-12/22,2022,GMC,Sacramento,Kaiser Foundation HP,Kaiser Permanente,Adult,275.36,285.34,295.82
1/22-12/22,2022,GMC,Sacramento,Kaiser Foundation HP,Kaiser Permanente,ACA Optional Expansion,332.11,343.77,355.99
1/22-12/22,2022,GMC,Sacramento,Kaiser Foundation HP,Kaiser Permanente,SPD,662.91,684.36,706.76
1/22-12/22,2022,GMC,Sacramento,Kaiser Foundation HP,Kaiser Permanente,SPD/Full-Dual,144.56,149.96,155.66
1/22-12/22,2022,GMC,Sacramento,Kaiser Foundation HP,Kaiser Permanente,Maternity,9633.29,9929.33,10236.61
1/22-12/22,2022,GMC,Sacramento,Kaiser Foundation HP,Kaiser Permanente,Behavioral Health Treatment 0-6,4898.28,5061.57,5231.38
1/22-12/22,2022,GMC,Sacramento,Kaiser Foundation HP,Kaiser Permanente,Behavioral Health Treatment 7-20,2372.51,2451.6,2533.85
1/22-12/22,2022,GMC,Sacramento,Molina Healthcare,Molina Healthcare,Child,75.05,78.7,82.57
1/22-12/22,2022,GMC,Sacramento,Molina Healthcare,Molina Healthcare,Adult,233.71,242.35,251.42
1/22-12/22,2022,GMC,Sacramento,Molina Healthcare,Molina Healthcare,ACA Optional Expansion,299.04,309.64,320.76
1/22-12/22,2022,GMC,Sacramento,Molina Healthcare,Molina Healthcare,SPD,825.95,852.66,880.54
1/22-12/22,2022,GMC,Sacramento,Molina Healthcare,Molina Healthcare,SPD/Full-Dual,127.41,132.66,138.2
1/22-12/22,2022,GMC,Sacramento,Molina Healthcare,Molina Healthcare,Maternity,9633.29,9929.33,10236.61
1/22-12/22,2022,GMC,Sacramento,Molina Healthcare,Molina Healthcare,Behavioral Health Treatment 0-6,3347.71,3459.31,3575.37
1/22-12/22,2022,GMC,Sacramento,Molina Healthcare,Molina Healthcare,Behavioral Health Treatment 7-20,2344.9,2423.07,2504.36
1/22-12/22,2022,GMC,Sacramento,Aetna Better Health,Aetna Better Health,Child,71.28,74.81,78.56
1/22-12/22,2022,GMC,Sacramento,Aetna Better Health,Aetna Better Health,Adult,228.52,236.97,245.84
1/22-12/22,2022,GMC,Sacramento,Aetna Better Health,Aetna Better Health,ACA Optional Expansion,283.54,293.59,304.12
1/22-12/22,2022,GMC,Sacramento,Aetna Better Health,Aetna Better Health,SPD,775.78,800.8,826.92
1/22-12/22,2022,GMC,Sacramento,Aetna Better Health,Aetna Better Health,SPD/Full-Dual,159.65,165.62,171.91
1/22-12/22,2022,GMC,Sacramento,Aetna Better Health,Aetna Better Health,Maternity,9633.29,9929.33,10236.61
1/22-12/22,2022,GMC,Sacramento,Aetna Better Health,Aetna Better Health,Behavioral Health Treatment 0-6,4592.53,4745.64,4904.85
1/22-12/22,2022,GMC,Sacramento,Aetna Better Health,Aetna Better Health,Behavioral Health Treatment 7-20,2442.66,2524.1,2608.78
1/22-12/22,2022,GMC,San Diego,Blue Shield of California,Blue Shield Promise,Child,82.99,86.93,91.12
1/22-12/22,2022,GMC,San Diego,Blue Shield of California,Blue Shield Promise,Adult,231.88,240.46,249.48
1/22-12/22,2022,GMC,San Diego,Blue Shield of California,Blue Shield Promise,ACA Optional Expansion,312.48,323.5,335.06
1/22-12/22,2022,GMC,San Diego,Blue Shield of California,Blue Shield Promise,SPD,870.84,898.65,927.67
1/22-12/22,2022,GMC,San Diego,Blue Shield of California,Blue Shield Promise,SPD/Full-Dual (Non-CCI),166.09,172.4,179.06
1/22-12/22,2022,GMC,San Diego,Blue Shield of California,Blue Shield Promise,Maternity,7742.95,7980.94,8227.97
1/22-12/22,2022,GMC,San Diego,Blue Shield of California,Blue Shield Promise,Behavioral Health Treatment 0-6,2488.14,2571.09,2657.35
1/22-12/22,2022,GMC,San Diego,Blue Shield of California,Blue Shield Promise,Behavioral Health Treatment 7-20,1956.52,2021.74,2089.57
1/22-12/22,2022,GMC,San Diego,Community Health Group,Community Health Group,Child,78.72,82.5,86.5
1/22-12/22,2022,GMC,San Diego,Community Health Group,Community Health Group,Adult,259.6,269.11,279.1
1/22-12/22,2022,GMC,San Diego,Community Health Group,Community Health Group,ACA Optional Expansion,317.22,328.4,340.12
1/22-12/22,2022,GMC,San Diego,Community Health Group,Community Health Group,SPD,834.49,861.04,888.74
1/22-12/22,2022,GMC,San Diego,Community Health Group,Community Health Group,SPD/Full-Dual (Non-CCI),162.23,168.33,174.76
1/22-12/22,2022,GMC,San Diego,Community Health Group,Community Health Group,Maternity,7742.95,7980.94,8227.97
1/22-12/22,2022,GMC,San Diego,Community Health Group,Community Health Group,Behavioral Health Treatment 0-6,2241.09,2315.8,2393.49
1/22-12/22,2022,GMC,San Diego,Community Health Group,Community Health Group,Behavioral Health Treatment 7-20,1874.86,1937.36,2002.36
1/22-12/22,2022,GMC,San Diego,Health Net of California,Health Net,Child,79.83,83.53,87.44
1/22-12/22,2022,GMC,San Diego,Health Net of California,Health Net,Adult,190.69,197.68,205.02
1/22-12/22,2022,GMC,San Diego,Health Net of California,Health Net,ACA Optional Expansion,238.31,246.68,255.44
1/22-12/22,2022,GMC,San Diego,Health Net of California,Health Net,SPD,618.56,638.23,658.76
1/22-12/22,2022,GMC,San Diego,Health Net of California,Health Net,SPD/Full-Dual (Non-CCI),140.24,145.25,150.51
1/22-12/22,2022,GMC,San Diego,Health Net of California,Health Net,Maternity,7742.95,7980.94,8227.97
1/22-12/22,2022,GMC,San Diego,Health Net of California,Health Net,Behavioral Health Treatment 0-6,2564.95,2650.47,2739.38
1/22-12/22,2022,GMC,San Diego,Health Net of California,Health Net,Behavioral Health Treatment 7-20,2210.48,2284.18,2360.81
1/22-12/22,2022,GMC,San Diego,Kaiser Foundation HP,Kaiser Permanente,Child,86.79,90.82,95.09
1/22-12/22,2022,GMC,San Diego,Kaiser Foundation HP,Kaiser Permanente,Adult,255.82,265.15,274.94
1/22-12/22,2022,GMC,San Diego,Kaiser Foundation HP,Kaiser Permanente,ACA Optional Expansion,310.45,321.36,332.8
1/22-12/22,2022,GMC,San Diego,Kaiser Foundation HP,Kaiser Permanente,SPD,634.1,654.4,675.59
1/22-12/22,2022,GMC,San Diego,Kaiser Foundation HP,Kaiser Permanente,SPD/Full-Dual (Non-CCI),132.11,137.27,142.71
1/22-12/22,2022,GMC,San Diego,Kaiser Foundation HP,Kaiser Permanente,Maternity,7742.95,7980.94,8227.97
1/22-12/22,2022,GMC,San Diego,Kaiser Foundation HP,Kaiser Permanente,Behavioral Health Treatment 0-6,3073.93,3176.41,3282.97
1/22-12/22,2022,GMC,San Diego,Kaiser Foundation HP,Kaiser Permanente,Behavioral Health Treatment 7-20,2154.45,2226.27,2300.96
1/22-12/22,2022,GMC,San Diego,Molina Healthcare,Molina Healthcare,Child,80.88,84.71,88.77
1/22-12/22,2022,GMC,San Diego,Molina Healthcare,Molina Healthcare,Adult,241.63,250.5,259.81
1/22-12/22,2022,GMC,San Diego,Molina Healthcare,Molina Healthcare,ACA Optional Expansion,295.81,306.24,317.17
1/22-12/22,2022,GMC,San Diego,Molina Healthcare,Molina Healthcare,SPD,796.23,821.63,848.14
1/22-12/22,2022,GMC,San Diego,Molina Healthcare,Molina Healthcare,SPD/Full-Dual (Non-CCI),155.49,161.36,167.55
1/22-12/22,2022,GMC,San Diego,Molina Healthcare,Molina Healthcare,Maternity,7742.95,7980.94,8227.97
1/22-12/22,2022,GMC,San Diego,Molina Healthcare,Molina Healthcare,Behavioral Health Treatment 0-6,2299.39,2376.05,2455.76
1/22-12/22,2022,GMC,San Diego,Molina Healthcare,Molina Healthcare,Behavioral Health Treatment 7-20,2009.17,2076.15,2145.8
1/22-12/22,2022,GMC,San Diego,Aetna Better Health,Aetna Better Health,Child,78.63,82.36,86.31
1/22-12/22,2022,GMC,San Diego,Aetna Better Health,Aetna Better Health,Adult,216.92,224.97,233.42
1/22-12/22,2022,GMC,San Diego,Aetna Better Health,Aetna Better Health,ACA Optional Expansion,289.09,299.29,309.97
1/22-12/22,2022,GMC,San Diego,Aetna Better Health,Aetna Better Health,SPD,724.31,747.44,771.59
1/22-12/22,2022,GMC,San Diego,Aetna Better Health,Aetna Better Health,SPD/Full-Dual (Non-CCI),157.67,163.57,169.77
1/22-12/22,2022,GMC,San Diego,Aetna Better Health,Aetna Better Health,Maternity,7742.95,7980.94,8227.97
1/22-12/22,2022,GMC,San Diego,Aetna Better Health,Aetna Better Health,Behavioral Health Treatment 0-6,2478.57,2561.2,2647.12
1/22-12/22,2022,GMC,San Diego,Aetna Better Health,Aetna Better Health,Behavioral Health Treatment 7-20,2008.65,2075.62,2145.25
1/22-12/22,2022,GMC,San Diego,United Healthcare,UnitedHealthcare,Child,83.96,87.95,92.19
1/22-12/22,2022,GMC,San Diego,United Healthcare,UnitedHealthcare,Adult,250.53,259.75,269.42
1/22-12/22,2022,GMC,San Diego,United Healthcare,UnitedHealthcare,ACA Optional Expansion,291.1,301.43,312.25
1/22-12/22,2022,GMC,San Diego,United Healthcare,UnitedHealthcare,SPD,751.33,775.47,800.67
1/22-12/22,2022,GMC,San Diego,United Healthcare,UnitedHealthcare,SPD/Full-Dual (Non-CCI),160.06,166.11,172.48
1/22-12/22,2022,GMC,San Diego,United Healthcare,UnitedHealthcare,Maternity,7742.95,7980.94,8227.97
1/22-12/22,2022,GMC,San Diego,United Healthcare,UnitedHealthcare,Behavioral Health Treatment 0-6,2478.57,2561.2,2647.12
1/22-12/22,2022,GMC,San Diego,United Healthcare,UnitedHealthcare,Behavioral Health Treatment 7-20,2008.65,2075.62,2145.25
1/23-12/23,2023,GMC,Sacramento,Anthem Blue Cross,Anthem Blue Cross,Child - SIS,76.37,80.23,84.33
1/23-12/23,2023,GMC,Sacramento,Anthem Blue Cross,Anthem Blue Cross,Adult - SIS,247.58,256.26,265.35
1/23-12/23,2023,GMC,Sacramento,Anthem Blue Cross,Anthem Blue Cross,ACA Optional Expansion - SIS,312.08,322.65,333.72
1/23-12/23,2023,GMC,Sacramento,Anthem Blue Cross,Anthem Blue Cross,SPD - SIS,749.7,774.01,799.36
1/23-12/23,2023,GMC,Sacramento,Anthem Blue Cross,Anthem Blue Cross,SPD/Full-Dual - SIS,204.3,210.37,216.74
1/23-12/23,2023,GMC,Sacramento,Anthem Blue Cross,Anthem Blue Cross,LTC - SIS,9933.55,10068.7,10207.68
1/23-12/23,2023,GMC,Sacramento,Anthem Blue Cross,Anthem Blue Cross,LTC/Full-Dual - SIS,7694.75,7783.84,7875.12
1/23-12/23,2023,GMC,Sacramento,Anthem Blue Cross,Anthem Blue Cross,Maternity - SIS,10132.48,10353.29,10581.35
1/23-12/23,2023,GMC,Sacramento,Anthem Blue Cross,Anthem Blue Cross,Child - UIS Federally Eligible,25.39,26.91,28.53
1/23-12/23,2023,GMC,Sacramento,Anthem Blue Cross,Anthem Blue Cross,Adult - UIS Federally Eligible,220.43,227.64,235.17
1/23-12/23,2023,GMC,Sacramento,Anthem Blue Cross,Anthem Blue Cross,ACA Optional Expansion - UIS Federally Eligible,241.61,249.44,257.61
1/23-12/23,2023,GMC,Sacramento,Anthem Blue Cross,Anthem Blue Cross,SPD - UIS Federally Eligible,661.53,681.62,702.55
1/23-12/23,2023,GMC,Sacramento,Anthem Blue Cross,Anthem Blue Cross,SPD/Full-Dual - UIS Federally Eligible,109.91,113.75,117.78
1/23-12/23,2023,GMC,Sacramento,Anthem Blue Cross,Anthem Blue Cross,LTC - UIS Federally Eligible,1569.41,1605.74,1643.44
1/23-12/23,2023,GMC,Sacramento,Anthem Blue Cross,Anthem Blue Cross,LTC/Full-Dual - UIS Federally Eligible,147.39,151.44,155.69
1/23-12/23,2023,GMC,Sacramento,Anthem Blue Cross,Anthem Blue Cross,Maternity - UIS Federally Eligible,10132.48,10353.29,10581.35
1/23-12/23,2023,GMC,Sacramento,Anthem Blue Cross,Anthem Blue Cross,Child - UIS State-Only,43.62,45.55,47.57
1/23-12/23,2023,GMC,Sacramento,Anthem Blue Cross,Anthem Blue Cross,Adult - UIS State-Only,170.36,175.94,181.77
1/23-12/23,2023,GMC,Sacramento,Anthem Blue Cross,Anthem Blue Cross,ACA Optional Expansion - UIS State-Only,217.05,223.89,231.04
1/23-12/23,2023,GMC,Sacramento,Anthem Blue Cross,Anthem Blue Cross,SPD - UIS State-Only,452.9,465.68,479.0
1/23-12/23,2023,GMC,Sacramento,Anthem Blue Cross,Anthem Blue Cross,SPD/Full-Dual - UIS State-Only,225.74,230.78,236.04
1/23-12/23,2023,GMC,Sacramento,Anthem Blue Cross,Anthem Blue Cross,LTC - UIS State-Only,8370.48,8469.48,8570.95
1/23-12/23,2023,GMC,Sacramento,Anthem Blue Cross,Anthem Blue Cross,LTC/Full-Dual - UIS State-Only,7547.37,7632.39,7719.43
1/23-12/23,2023,GMC,Sacramento,Aetna Better Health,Aetna Better Health,Child - SIS,78.01,81.82,85.84
1/23-12/23,2023,GMC,Sacramento,Aetna Better Health,Aetna Better Health,Adult - SIS,224.16,232.25,240.74
1/23-12/23,2023,GMC,Sacramento,Aetna Better Health,Aetna Better Health,ACA Optional Expansion - SIS,289.92,299.84,310.24
1/23-12/23,2023,GMC,Sacramento,Aetna Better Health,Aetna Better Health,SPD - SIS,1085.44,1113.94,1143.6
1/23-12/23,2023,GMC,Sacramento,Aetna Better Health,Aetna Better Health,SPD/Full-Dual - SIS,248.59,255.4,262.54
1/23-12/23,2023,GMC,Sacramento,Aetna Better Health,Aetna Better Health,LTC - SIS,9932.61,10068.43,10208.14
1/23-12/23,2023,GMC,Sacramento,Aetna Better Health,Aetna Better Health,LTC/Full-Dual - SIS,7694.64,7783.99,7875.57
1/23-12/23,2023,GMC,Sacramento,Aetna Better Health,Aetna Better Health,Maternity - SIS,10132.48,10353.29,10581.35
1/23-12/23,2023,GMC,Sacramento,Aetna Better Health,Aetna Better Health,Child - UIS Federally Eligible,28.47,30.12,31.89
1/23-12/23,2023,GMC,Sacramento,Aetna Better Health,Aetna Better Health,Adult - UIS Federally Eligible,179.67,185.8,192.21
1/23-12/23,2023,GMC,Sacramento,Aetna Better Health,Aetna Better Health,ACA Optional Expansion - UIS Federally Eligible,235.58,243.35,251.47
1/23-12/23,2023,GMC,Sacramento,Aetna Better Health,Aetna Better Health,SPD - UIS Federally Eligible,662.21,682.61,703.86
1/23-12/23,2023,GMC,Sacramento,Aetna Better Health,Aetna Better Health,SPD/Full-Dual - UIS Federally Eligible,120.67,124.91,129.35
1/23-12/23,2023,GMC,Sacramento,Aetna Better Health,Aetna Better Health,LTC - UIS Federally Eligible,1567.22,1603.9,1641.98
1/23-12/23,2023,GMC,Sacramento,Aetna Better Health,Aetna Better Health,LTC/Full-Dual - UIS Federally Eligible,146.38,150.49,154.78
1/23-12/23,2023,GMC,Sacramento,Aetna Better Health,Aetna Better Health,Maternity - UIS Federally Eligible,10132.48,10353.29,10581.35
1/23-12/23,2023,GMC,Sacramento,Aetna Better Health,Aetna Better Health,Child - UIS State-Only,45.35,47.37,49.51
1/23-12/23,2023,GMC,Sacramento,Aetna Better Health,Aetna Better Health,Adult - UIS State-Only,135.39,140.04,144.9
1/23-12/23,2023,GMC,Sacramento,Aetna Better Health,Aetna Better Health,ACA Optional Expansion - UIS State-Only,207.21,213.87,220.82
1/23-12/23,2023,GMC,Sacramento,Aetna Better Health,Aetna Better Health,SPD - UIS State-Only,453.84,466.73,480.16
1/23-12/23,2023,GMC,Sacramento,Aetna Better Health,Aetna Better Health,SPD/Full-Dual - UIS State-Only,233.44,238.76,244.31
1/23-12/23,2023,GMC,Sacramento,Aetna Better Health,Aetna Better Health,LTC - UIS State-Only,8371.73,8471.07,8572.9
1/23-12/23,2023,GMC,Sacramento,Aetna Better Health,Aetna Better Health,LTC/Full-Dual - UIS State-Only,7548.26,7633.51,7720.78
1/23-12/23,2023,GMC,Sacramento,Health Net of California,Health Net,Child - SIS,73.31,77.07,81.06
1/23-12/23,2023,GMC,Sacramento,Health Net of California,Health Net,Adult - SIS,249.21,257.96,267.14
1/23-12/23,2023,GMC,Sacramento,Health Net of California,Health Net,ACA Optional Expansion - SIS,306.46,316.89,327.8
1/23-12/23,2023,GMC,Sacramento,Health Net of California,Health Net,SPD - SIS,861.82,889.72,918.83
1/23-12/23,2023,GMC,Sacramento,Health Net of California,Health Net,SPD/Full-Dual - SIS,218.09,224.61,231.45
1/23-12/23,2023,GMC,Sacramento,Health Net of California,Health Net,LTC - SIS,9934.41,10069.82,10209.09
1/23-12/23,2023,GMC,Sacramento,Health Net of California,Health Net,LTC/Full-Dual - SIS,7695.31,7784.55,7875.99
1/23-12/23,2023,GMC,Sacramento,Health Net of California,Health Net,Maternity - SIS,10132.48,10353.29,10581.35
1/23-12/23,2023,GMC,Sacramento,Health Net of California,Health Net,Child - UIS Federally Eligible,26.68,28.35,30.14
1/23-12/23,2023,GMC,Sacramento,Health Net of California,Health Net,Adult - UIS Federally Eligible,213.9,221.05,228.53
1/23-12/23,2023,GMC,Sacramento,Health Net of California,Health Net,ACA Optional Expansion - UIS Federally Eligible,331.54,342.14,353.2
1/23-12/23,2023,GMC,Sacramento,Health Net of California,Health Net,SPD - UIS Federally Eligible,776.09,799.71,824.33
1/23-12/23,2023,GMC,Sacramento,Health Net of California,Health Net,SPD/Full-Dual - UIS Federally Eligible,128.87,133.37,138.1
1/23-12/23,2023,GMC,Sacramento,Health Net of California,Health Net,LTC - UIS Federally Eligible,1570.23,1606.79,1644.75
1/23-12/23,2023,GMC,Sacramento,Health Net of California,Health Net,LTC/Full-Dual - UIS Federally Eligible,148.0,152.2,156.6
1/23-12/23,2023,GMC,Sacramento,Health Net of California,Health Net,Maternity - UIS Federally Eligible,10132.48,10353.29,10581.35
1/23-12/23,2023,GMC,Sacramento,Health Net of California,Health Net,Child - UIS State-Only,34.34,35.96,37.68
1/23-12/23,2023,GMC,Sacramento,Health Net of California,Health Net,Adult - UIS State-Only,135.57,140.12,144.88
1/23-12/23,2023,GMC,Sacramento,Health Net of California,Health Net,ACA Optional Expansion - UIS State-Only,231.45,238.71,246.29
1/23-12/23,2023,GMC,Sacramento,Health Net of California,Health Net,SPD - UIS State-Only,491.81,505.67,520.1
1/23-12/23,2023,GMC,Sacramento,Health Net of California,Health Net,SPD/Full-Dual - UIS State-Only,237.3,242.62,248.15
1/23-12/23,2023,GMC,Sacramento,Health Net of California,Health Net,LTC - UIS State-Only,8370.51,8469.55,8571.06
1/23-12/23,2023,GMC,Sacramento,Health Net of California,Health Net,LTC/Full-Dual - UIS State-Only,7547.31,7632.35,7719.39
1/23-12/23,2023,GMC,Sacramento,Kaiser Foundation HP,Kaiser Permanente,Child - SIS,82.6,86.77,91.18
1/23-12/23,2023,GMC,Sacramento,Kaiser Foundation HP,Kaiser Permanente,Adult - SIS,278.15,287.81,297.94
1/23-12/23,2023,GMC,Sacramento,Kaiser Foundation HP,Kaiser Permanente,ACA Optional Expansion - SIS,336.35,347.68,359.54
1/23-12/23,2023,GMC,Sacramento,Kaiser Foundation HP,Kaiser Permanente,SPD - SIS,647.34,668.68,690.96
1/23-12/23,2023,GMC,Sacramento,Kaiser Foundation HP,Kaiser Permanente,SPD/Full-Dual - SIS,195.79,201.88,208.27
1/23-12/23,2023,GMC,Sacramento,Kaiser Foundation HP,Kaiser Permanente,LTC - SIS,9937.83,10073.22,10212.46
1/23-12/23,2023,GMC,Sacramento,Kaiser Foundation HP,Kaiser Permanente,LTC/Full-Dual - SIS,7696.24,7785.44,7876.85
1/23-12/23,2023,GMC,Sacramento,Kaiser Foundation HP,Kaiser Permanente,Maternity - SIS,10132.48,10353.29,10581.35
1/23-12/23,2023,GMC,Sacramento,Kaiser Foundation HP,Kaiser Permanente,Child - UIS Federally Eligible,29.63,31.32,33.12
1/23-12/23,2023,GMC,Sacramento,Kaiser Foundation HP,Kaiser Permanente,Adult - UIS Federally Eligible,250.53,258.67,267.17
1/23-12/23,2023,GMC,Sacramento,Kaiser Foundation HP,Kaiser Permanente,ACA Optional Expansion - UIS Federally Eligible,296.12,305.59,315.48
1/23-12/23,2023,GMC,Sacramento,Kaiser Foundation HP,Kaiser Permanente,SPD - UIS Federally Eligible,591.08,609.18,628.04
1/23-12/23,2023,GMC,Sacramento,Kaiser Foundation HP,Kaiser Permanente,SPD/Full-Dual - UIS Federally Eligible,122.52,126.77,131.22
1/23-12/23,2023,GMC,Sacramento,Kaiser Foundation HP,Kaiser Permanente,LTC - UIS Federally Eligible,1573.53,1610.06,1647.98
1/23-12/23,2023,GMC,Sacramento,Kaiser Foundation HP,Kaiser Permanente,LTC/Full-Dual - UIS Federally Eligible,148.75,152.9,157.24
1/23-12/23,2023,GMC,Sacramento,Kaiser Foundation HP,Kaiser Permanente,Maternity - UIS Federally Eligible,10132.48,10353.29,10581.35
1/23-12/23,2023,GMC,Sacramento,Kaiser Foundation HP,Kaiser Permanente,Child - UIS State-Only,55.67,57.94,60.35
1/23-12/23,2023,GMC,Sacramento,Kaiser Foundation HP,Kaiser Permanente,Adult - UIS State-Only,176.02,181.77,187.78
1/23-12/23,2023,GMC,Sacramento,Kaiser Foundation HP,Kaiser Permanente,ACA Optional Expansion - UIS State-Only,243.24,250.88,258.85
1/23-12/23,2023,GMC,Sacramento,Kaiser Foundation HP,Kaiser Permanente,SPD - UIS State-Only,422.41,434.18,446.43
1/23-12/23,2023,GMC,Sacramento,Kaiser Foundation HP,Kaiser Permanente,SPD/Full-Dual - UIS State-Only,232.58,237.67,242.98
1/23-12/23,2023,GMC,Sacramento,Kaiser Foundation HP,Kaiser Permanente,LTC - UIS State-Only,8370.63,8469.68,8571.19
1/23-12/23,2023,GMC,Sacramento,Kaiser Foundation HP,Kaiser Permanente,LTC/Full-Dual - UIS State-Only,7547.49,7632.54,7719.61
1/23-12/23,2023,GMC,Sacramento,Molina Healthcare,Molina Healthcare,Child - SIS,76.96,80.78,84.82
1/23-12/23,2023,GMC,Sacramento,Molina Healthcare,Molina Healthcare,Adult - SIS,230.34,238.49,247.03
1/23-12/23,2023,GMC,Sacramento,Molina Healthcare,Molina Healthcare,ACA Optional Expansion - SIS,301.03,311.27,322.0
1/23-12/23,2023,GMC,Sacramento,Molina Healthcare,Molina Healthcare,SPD - SIS,790.85,816.42,843.09
1/23-12/23,2023,GMC,Sacramento,Molina Healthcare,Molina Healthcare,SPD/Full-Dual - SIS,220.17,226.59,233.33
1/23-12/23,2023,GMC,Sacramento,Molina Healthcare,Molina Healthcare,LTC - SIS,9934.68,10070.31,10209.8
1/23-12/23,2023,GMC,Sacramento,Molina Healthcare,Molina Healthcare,LTC/Full-Dual - SIS,7695.83,7785.21,7876.81
1/23-12/23,2023,GMC,Sacramento,Molina Healthcare,Molina Healthcare,Maternity - SIS,10132.48,10353.29,10581.35
1/23-12/23,2023,GMC,Sacramento,Molina Healthcare,Molina Healthcare,Child - UIS Federally Eligible,30.73,32.53,34.45
1/23-12/23,2023,GMC,Sacramento,Molina Healthcare,Molina Healthcare,Adult - UIS Federally Eligible,170.05,175.93,182.1
1/23-12/23,2023,GMC,Sacramento,Molina Healthcare,Molina Healthcare,ACA Optional Expansion - UIS Federally Eligible,241.69,249.67,258.02
1/23-12/23,2023,GMC,Sacramento,Molina Healthcare,Molina Healthcare,SPD - UIS Federally Eligible,808.95,833.59,859.26
1/23-12/23,2023,GMC,Sacramento,Molina Healthcare,Molina Healthcare,SPD/Full-Dual - UIS Federally Eligible,107.55,111.47,115.6
1/23-12/23,2023,GMC,Sacramento,Molina Healthcare,Molina Healthcare,LTC - UIS Federally Eligible,1569.69,1606.3,1644.31
1/23-12/23,2023,GMC,Sacramento,Molina Healthcare,Molina Healthcare,LTC/Full-Dual - UIS Federally Eligible,147.76,151.96,156.37
1/23-12/23,2023,GMC,Sacramento,Molina Healthcare,Molina Healthcare,Maternity - UIS Federally Eligible,10132.48,10353.29,10581.35
1/23-12/23,2023,GMC,Sacramento,Molina Healthcare,Molina Healthcare,Child - UIS State-Only,46.12,48.18,50.36
1/23-12/23,2023,GMC,Sacramento,Molina Healthcare,Molina Healthcare,Adult - UIS State-Only,128.72,133.19,137.87
1/23-12/23,2023,GMC,Sacramento,Molina Healthcare,Molina Healthcare,ACA Optional Expansion - UIS State-Only,194.32,200.5,206.95
1/23-12/23,2023,GMC,Sacramento,Molina Healthcare,Molina Healthcare,SPD - UIS State-Only,492.88,506.59,520.88
1/23-12/23,2023,GMC,Sacramento,Molina Healthcare,Molina Healthcare,SPD/Full-Dual - UIS State-Only,220.47,225.41,230.55
1/23-12/23,2023,GMC,Sacramento,Molina Healthcare,Molina Healthcare,LTC - UIS State-Only,8371.33,8470.54,8572.21
1/23-12/23,2023,GMC,Sacramento,Molina Healthcare,Molina Healthcare,LTC/Full-Dual - UIS State-Only,7548.07,7633.25,7720.44
1/23-12/23,2023,GMC,San Diego,Blue Shield of California,Blue Shield Promise,Child - SIS,90.32,94.89,99.73
1/23-12/23,2023,GMC,San Diego,Blue Shield of California,Blue Shield Promise,Adult - SIS,261.56,271.08,281.07
1/23-12/23,2023,GMC,San Diego,Blue Shield of California,Blue Shield Promise,ACA Optional Expansion - SIS,344.12,356.34,369.13
1/23-12/23,2023,GMC,San Diego,Blue Shield of California,Blue Shield Promise,SPD - SIS,1015.37,1050.05,1086.21
1/23-12/23,2023,GMC,San Diego,Blue Shield of California,Blue Shield Promise,SPD/Full-Dual - SIS,304.42,312.87,321.73
1/23-12/23,2023,GMC,San Diego,Blue Shield of California,Blue Shield Promise,LTC - SIS,12714.92,12887.35,13064.68
1/23-12/23,2023,GMC,San Diego,Blue Shield of California,Blue Shield Promise,LTC/Full-Dual - SIS,8503.53,8614.79,8729.15
1/23-12/23,2023,GMC,San Diego,Blue Shield of California,Blue Shield Promise,Maternity - SIS,7395.42,7556.66,7723.19
1/23-12/23,2023,GMC,San Diego,Blue Shield of California,Blue Shield Promise,Child - UIS Federally Eligible,40.97,43.17,45.51
1/23-12/23,2023,GMC,San Diego,Blue Shield of California,Blue Shield Promise,Adult - UIS Federally Eligible,188.05,194.67,201.6
1/23-12/23,2023,GMC,San Diego,Blue Shield of California,Blue Shield Promise,ACA Optional Expansion - UIS Federally Eligible,348.5,359.94,371.88
1/23-12/23,2023,GMC,San Diego,Blue Shield of California,Blue Shield Promise,SPD - UIS Federally Eligible,1052.71,1085.32,1119.3
1/23-12/23,2023,GMC,San Diego,Blue Shield of California,Blue Shield Promise,SPD/Full-Dual - UIS Federally Eligible,134.94,139.76,144.81
1/23-12/23,2023,GMC,San Diego,Blue Shield of California,Blue Shield Promise,LTC - UIS Federally Eligible,1185.3,1221.83,1259.88
1/23-12/23,2023,GMC,San Diego,Blue Shield of California,Blue Shield Promise,LTC/Full-Dual - UIS Federally Eligible,248.03,255.41,263.12
1/23-12/23,2023,GMC,San Diego,Blue Shield of California,Blue Shield Promise,Maternity - UIS Federally Eligible,7395.42,7556.66,7723.19
1/23-12/23,2023,GMC,San Diego,Blue Shield of California,Blue Shield Promise,Child - UIS State-Only,63.98,67.01,70.2
1/23-12/23,2023,GMC,San Diego,Blue Shield of California,Blue Shield Promise,Adult - UIS State-Only,166.92,172.84,179.03
1/23-12/23,2023,GMC,San Diego,Blue Shield of California,Blue Shield Promise,ACA Optional Expansion - UIS State-Only,413.86,425.7,438.04
1/23-12/23,2023,GMC,San Diego,Blue Shield of California,Blue Shield Promise,SPD - UIS State-Only,1038.3,1064.45,1091.65
1/23-12/23,2023,GMC,San Diego,Blue Shield of California,Blue Shield Promise,SPD/Full-Dual - UIS State-Only,310.64,317.94,325.55
1/23-12/23,2023,GMC,San Diego,Blue Shield of California,Blue Shield Promise,LTC - UIS State-Only,11538.63,11674.8,11814.37
1/23-12/23,2023,GMC,San Diego,Blue Shield of California,Blue Shield Promise,LTC/Full-Dual - UIS State-Only,8255.5,8359.38,8466.02
1/23-12/23,2023,GMC,San Diego,Community Health Group,Community Health Group,Child - SIS,86.04,90.42,95.06
1/23-12/23,2023,GMC,San Diego,Community Health Group,Community Health Group,Adult - SIS,282.36,292.47,303.08
1/23-12/23,2023,GMC,San Diego,Community Health Group,Community Health Group,ACA Optional Expansion - SIS,344.41,356.48,369.11
1/23-12/23,2023,GMC,San Diego,Community Health Group,Community Health Group,SPD - SIS,905.5,935.99,967.79
1/23-12/23,2023,GMC,San Diego,Community Health Group,Community Health Group,SPD/Full-Dual - SIS,296.17,303.96,312.12
1/23-12/23,2023,GMC,San Diego,Community Health Group,Community Health Group,LTC - SIS,12892.5,13074.58,13261.97
1/23-12/23,2023,GMC,San Diego,Community Health Group,Community Health Group,LTC/Full-Dual - SIS,7426.09,7515.37,7606.94
1/23-12/23,2023,GMC,San Diego,Community Health Group,Community Health Group,Maternity - SIS,7395.42,7556.66,7723.19
1/23-12/23,2023,GMC,San Diego,Community Health Group,Community Health Group,Child - UIS Federally Eligible,25.27,26.79,28.4
1/23-12/23,2023,GMC,San Diego,Community Health Group,Community Health Group,Adult - UIS Federally Eligible,179.21,185.26,191.59
1/23-12/23,2023,GMC,San Diego,Community Health Group,Community Health Group,ACA Optional Expansion - UIS Federally Eligible,284.03,293.16,302.69
1/23-12/23,2023,GMC,San Diego,Community Health Group,Community Health Group,SPD - UIS Federally Eligible,875.84,902.41,930.08
1/23-12/23,2023,GMC,San Diego,Community Health Group,Community Health Group,SPD/Full-Dual - UIS Federally Eligible,125.42,129.72,134.23
1/23-12/23,2023,GMC,San Diego,Community Health Group,Community Health Group,LTC - UIS Federally Eligible,1457.52,1501.17,1546.6
1/23-12/23,2023,GMC,San Diego,Community Health Group,Community Health Group,LTC/Full-Dual - UIS Federally Eligible,148.92,153.44,158.17
1/23-12/23,2023,GMC,San Diego,Community Health Group,Community Health Group,Maternity - UIS Federally Eligible,7395.42,7556.66,7723.19
1/23-12/23,2023,GMC,San Diego,Community Health Group,Community Health Group,Child - UIS State-Only,45.11,47.31,49.63
1/23-12/23,2023,GMC,San Diego,Community Health Group,Community Health Group,Adult - UIS State-Only,185.12,191.25,197.66
1/23-12/23,2023,GMC,San Diego,Community Health Group,Community Health Group,ACA Optional Expansion - UIS State-Only,319.2,328.44,338.09
1/23-12/23,2023,GMC,San Diego,Community Health Group,Community Health Group,SPD - UIS State-Only,960.53,983.46,1007.28
1/23-12/23,2023,GMC,San Diego,Community Health Group,Community Health Group,SPD/Full-Dual - UIS State-Only,299.34,306.13,313.22
1/23-12/23,2023,GMC,San Diego,Community Health Group,Community Health Group,LTC - UIS State-Only,10434.22,10562.69,10694.48
1/23-12/23,2023,GMC,San Diego,Community Health Group,Community Health Group,LTC/Full-Dual - UIS State-Only,7277.17,7361.93,7448.77
1/23-12/23,2023,GMC,San Diego,Kaiser Foundation HP,Kaiser Permanente,Child - SIS,92.4,96.97,101.8
1/23-12/23,2023,GMC,San Diego,Kaiser Foundation HP,Kaiser Permanente,Adult - SIS,249.24,258.17,267.52
1/23-12/23,2023,GMC,San Diego,Kaiser Foundation HP,Kaiser Permanente,ACA Optional Expansion - SIS,293.34,303.62,314.39
1/23-12/23,2023,GMC,San Diego,Kaiser Foundation HP,Kaiser Permanente,SPD - SIS,623.95,645.57,668.12
1/23-12/23,2023,GMC,San Diego,Kaiser Foundation HP,Kaiser Permanente,SPD/Full-Dual - SIS,230.14,236.3,242.76
1/23-12/23,2023,GMC,San Diego,Kaiser Foundation HP,Kaiser Permanente,LTC - SIS,11655.38,11821.23,11991.95
1/23-12/23,2023,GMC,San Diego,Kaiser Foundation HP,Kaiser Permanente,LTC/Full-Dual - SIS,7906.76,8003.73,8103.24
1/23-12/23,2023,GMC,San Diego,Kaiser Foundation HP,Kaiser Permanente,Maternity - SIS,7395.42,7556.66,7723.19
1/23-12/23,2023,GMC,San Diego,Kaiser Foundation HP,Kaiser Permanente,Child - UIS Federally Eligible,30.95,32.56,34.26
1/23-12/23,2023,GMC,San Diego,Kaiser Foundation HP,Kaiser Permanente,Adult - UIS Federally Eligible,192.27,198.65,205.32
1/23-12/23,2023,GMC,San Diego,Kaiser Foundation HP,Kaiser Permanente,ACA Optional Expansion - UIS Federally Eligible,268.34,276.97,285.99
1/23-12/23,2023,GMC,San Diego,Kaiser Foundation HP,Kaiser Permanente,SPD - UIS Federally Eligible,566.66,584.15,602.37
1/23-12/23,2023,GMC,San Diego,Kaiser Foundation HP,Kaiser Permanente,SPD/Full-Dual - UIS Federally Eligible,93.46,96.81,100.32
1/23-12/23,2023,GMC,San Diego,Kaiser Foundation HP,Kaiser Permanente,LTC - UIS Federally Eligible,1221.16,1258.01,1296.37
1/23-12/23,2023,GMC,San Diego,Kaiser Foundation HP,Kaiser Permanente,LTC/Full-Dual - UIS Federally Eligible,158.17,162.91,167.86
1/23-12/23,2023,GMC,San Diego,Kaiser Foundation HP,Kaiser Permanente,Maternity - UIS Federally Eligible,7395.42,7556.66,7723.19
1/23-12/23,2023,GMC,San Diego,Kaiser Foundation HP,Kaiser Permanente,Child - UIS State-Only,63.78,66.4,69.17
1/23-12/23,2023,GMC,San Diego,Kaiser Foundation HP,Kaiser Permanente,Adult - UIS State-Only,169.25,174.82,180.65
1/23-12/23,2023,GMC,San Diego,Kaiser Foundation HP,Kaiser Permanente,ACA Optional Expansion - UIS State-Only,289.12,297.7,306.65
1/23-12/23,2023,GMC,San Diego,Kaiser Foundation HP,Kaiser Permanente,SPD - UIS State-Only,568.71,583.96,599.83
1/23-12/23,2023,GMC,San Diego,Kaiser Foundation HP,Kaiser Permanente,SPD/Full-Dual - UIS State-Only,267.75,273.59,279.68
1/23-12/23,2023,GMC,San Diego,Kaiser Foundation HP,Kaiser Permanente,LTC - UIS State-Only,10441.64,10570.86,10703.45
1/23-12/23,2023,GMC,San Diego,Kaiser Foundation HP,Kaiser Permanente,LTC/Full-Dual - UIS State-Only,7748.59,7840.83,7935.38
1/23-12/23,2023,GMC,San Diego,Molina Healthcare,Molina Healthcare,Child - SIS,89.12,93.56,98.26
1/23-12/23,2023,GMC,San Diego,Molina Healthcare,Molina Healthcare,Adult - SIS,247.06,255.97,265.31
1/23-12/23,2023,GMC,San Diego,Molina Healthcare,Molina Healthcare,ACA Optional Expansion - SIS,298.26,308.79,319.81
1/23-12/23,2023,GMC,San Diego,Molina Healthcare,Molina Healthcare,SPD - SIS,794.08,821.75,850.61
1/23-12/23,2023,GMC,San Diego,Molina Healthcare,Molina Healthcare,SPD/Full-Dual - SIS,342.74,351.36,360.36
1/23-12/23,2023,GMC,San Diego,Molina Healthcare,Molina Healthcare,LTC - SIS,11107.13,11262.92,11423.24
1/23-12/23,2023,GMC,San Diego,Molina Healthcare,Molina Healthcare,LTC/Full-Dual - SIS,7825.75,7922.72,8022.25
1/23-12/23,2023,GMC,San Diego,Molina Healthcare,Molina Healthcare,Maternity - SIS,7395.42,7556.66,7723.19
1/23-12/23,2023,GMC,San Diego,Molina Healthcare,Molina Healthcare,Child - UIS Federally Eligible,27.72,29.23,30.82
1/23-12/23,2023,GMC,San Diego,Molina Healthcare,Molina Healthcare,Adult - UIS Federally Eligible,141.75,146.63,151.74
1/23-12/23,2023,GMC,San Diego,Molina Healthcare,Molina Healthcare,ACA Optional Expansion - UIS Federally Eligible,248.06,256.09,264.47
1/23-12/23,2023,GMC,San Diego,Molina Healthcare,Molina Healthcare,SPD - UIS Federally Eligible,780.99,804.81,829.63
1/23-12/23,2023,GMC,San Diego,Molina Healthcare,Molina Healthcare,SPD/Full-Dual - UIS Federally Eligible,114.14,118.06,122.18
1/23-12/23,2023,GMC,San Diego,Molina Healthcare,Molina Healthcare,LTC - UIS Federally Eligible,1325.12,1365.03,1406.57
1/23-12/23,2023,GMC,San Diego,Molina Healthcare,Molina Healthcare,LTC/Full-Dual - UIS Federally Eligible,161.37,166.16,171.18
1/23-12/23,2023,GMC,San Diego,Molina Healthcare,Molina Healthcare,Maternity - UIS Federally Eligible,7395.42,7556.66,7723.19
1/23-12/23,2023,GMC,San Diego,Molina Healthcare,Molina Healthcare,Child - UIS State-Only,71.08,74.07,77.23
1/23-12/23,2023,GMC,San Diego,Molina Healthcare,Molina Healthcare,Adult - UIS State-Only,154.16,159.52,165.14
1/23-12/23,2023,GMC,San Diego,Molina Healthcare,Molina Healthcare,ACA Optional Expansion - UIS State-Only,320.18,329.31,338.84
1/23-12/23,2023,GMC,San Diego,Molina Healthcare,Molina Healthcare,SPD - UIS State-Only,1072.52,1099.95,1128.48
1/23-12/23,2023,GMC,San Diego,Molina Healthcare,Molina Healthcare,SPD/Full-Dual - UIS State-Only,334.25,341.68,349.42
1/23-12/23,2023,GMC,San Diego,Molina Healthcare,Molina Healthcare,LTC - UIS State-Only,9786.89,9902.92,10021.84
1/23-12/23,2023,GMC,San Diego,Molina Healthcare,Molina Healthcare,LTC/Full-Dual - UIS State-Only,7664.39,7756.56,7851.08
1/23-12/23,2023,GMC,San Diego,Aetna Better Health,Aetna Better Health,Child - SIS,91.71,95.92,100.37
1/23-12/23,2023,GMC,San Diego,Aetna Better Health,Aetna Better Health,Adult - SIS,234.51,242.84,251.58
1/23-12/23,2023,GMC,San Diego,Aetna Better Health,Aetna Better Health,ACA Optional Expansion - SIS,311.25,321.52,332.27
1/23-12/23,2023,GMC,San Diego,Aetna Better Health,Aetna Better Health,SPD - SIS,994.97,1022.21,1050.59
1/23-12/23,2023,GMC,San Diego,Aetna Better Health,Aetna Better Health,SPD/Full-Dual - SIS,304.32,312.03,320.09
1/23-12/23,2023,GMC,San Diego,Aetna Better Health,Aetna Better Health,LTC - SIS,11647.3,11813.83,11985.27
1/23-12/23,2023,GMC,San Diego,Aetna Better Health,Aetna Better Health,LTC/Full-Dual - SIS,7906.77,8003.61,8102.97
1/23-12/23,2023,GMC,San Diego,Aetna Better Health,Aetna Better Health,Maternity - SIS,7395.42,7556.66,7723.19
1/23-12/23,2023,GMC,San Diego,Aetna Better Health,Aetna Better Health,Child - UIS Federally Eligible,25.11,26.55,28.09
1/23-12/23,2023,GMC,San Diego,Aetna Better Health,Aetna Better Health,Adult - UIS Federally Eligible,172.85,178.65,184.71
1/23-12/23,2023,GMC,San Diego,Aetna Better Health,Aetna Better Health,ACA Optional Expansion - UIS Federally Eligible,375.4,387.16,399.42
1/23-12/23,2023,GMC,San Diego,Aetna Better Health,Aetna Better Health,SPD - UIS Federally Eligible,771.38,794.81,819.22
1/23-12/23,2023,GMC,San Diego,Aetna Better Health,Aetna Better Health,SPD/Full-Dual - UIS Federally Eligible,117.79,121.81,126.03
1/23-12/23,2023,GMC,San Diego,Aetna Better Health,Aetna Better Health,LTC - UIS Federally Eligible,1489.35,1533.89,1580.25
1/23-12/23,2023,GMC,San Diego,Aetna Better Health,Aetna Better Health,LTC/Full-Dual - UIS Federally Eligible,157.22,161.92,166.84
1/23-12/23,2023,GMC,San Diego,Aetna Better Health,Aetna Better Health,Maternity - UIS Federally Eligible,7395.42,7556.66,7723.19
1/23-12/23,2023,GMC,San Diego,Aetna Better Health,Aetna Better Health,Child - UIS State-Only,48.1,50.33,52.67
1/23-12/23,2023,GMC,San Diego,Aetna Better Health,Aetna Better Health,Adult - UIS State-Only,149.6,154.58,159.79
1/23-12/23,2023,GMC,San Diego,Aetna Better Health,Aetna Better Health,ACA Optional Expansion - UIS State-Only,449.97,461.7,473.91
1/23-12/23,2023,GMC,San Diego,Aetna Better Health,Aetna Better Health,SPD - UIS State-Only,838.1,859.45,881.65
1/23-12/23,2023,GMC,San Diego,Aetna Better Health,Aetna Better Health,SPD/Full-Dual - UIS State-Only,277.9,284.35,291.07
1/23-12/23,2023,GMC,San Diego,Aetna Better Health,Aetna Better Health,LTC - UIS State-Only,10166.01,10288.24,10413.57
1/23-12/23,2023,GMC,San Diego,Aetna Better Health,Aetna Better Health,LTC/Full-Dual - UIS State-Only,7749.56,7841.7,7936.15
1/23-12/23,2023,GMC,San Diego,Health Net of California,Health Net,Child - SIS,87.68,92.05,96.68
1/23-12/23,2023,GMC,San Diego,Health Net of California,Health Net,Adult - SIS,208.1,215.69,223.64
1/23-12/23,2023,GMC,San Diego,Health Net of California,Health Net,ACA Optional Expansion - SIS,242.55,251.22,260.29
1/23-12/23,2023,GMC,San Diego,Health Net of California,Health Net,SPD - SIS,677.63,701.35,726.09
1/23-12/23,2023,GMC,San Diego,Health Net of California,Health Net,SPD/Full-Dual - SIS,294.05,301.46,309.2
1/23-12/23,2023,GMC,San Diego,Health Net of California,Health Net,LTC - SIS,12046.22,12234.14,12427.97
1/23-12/23,2023,GMC,San Diego,Health Net of California,Health Net,LTC/Full-Dual - SIS,7732.99,7821.21,7911.58
1/23-12/23,2023,GMC,San Diego,Health Net of California,Health Net,Maternity - SIS,7395.42,7556.66,7723.19
1/23-12/23,2023,GMC,San Diego,Health Net of California,Health Net,Child - UIS Federally Eligible,32.76,34.38,36.1
1/23-12/23,2023,GMC,San Diego,Health Net of California,Health Net,Adult - UIS Federally Eligible,135.34,140.12,145.13
1/23-12/23,2023,GMC,San Diego,Health Net of California,Health Net,ACA Optional Expansion - UIS Federally Eligible,223.09,230.57,238.38
1/23-12/23,2023,GMC,San Diego,Health Net of California,Health Net,SPD - UIS Federally Eligible,629.33,649.32,670.16
1/23-12/23,2023,GMC,San Diego,Health Net of California,Health Net,SPD/Full-Dual - UIS Federally Eligible,101.47,105.08,108.88
1/23-12/23,2023,GMC,San Diego,Health Net of California,Health Net,LTC - UIS Federally Eligible,1983.64,2045.27,2109.48
1/23-12/23,2023,GMC,San Diego,Health Net of California,Health Net,LTC/Full-Dual - UIS Federally Eligible,86.18,89.1,92.16
1/23-12/23,2023,GMC,San Diego,Health Net of California,Health Net,Maternity - UIS Federally Eligible,7395.42,7556.66,7723.19
1/23-12/23,2023,GMC,San Diego,Health Net of California,Health Net,Child - UIS State-Only,49.22,51.52,53.96
1/23-12/23,2023,GMC,San Diego,Health Net of California,Health Net,Adult - UIS State-Only,139.66,144.12,148.8
1/23-12/23,2023,GMC,San Diego,Health Net of California,Health Net,ACA Optional Expansion - UIS State-Only,262.54,270.28,278.37
1/23-12/23,2023,GMC,San Diego,Health Net of California,Health Net,SPD - UIS State-Only,866.88,885.82,905.49
1/23-12/23,2023,GMC,San Diego,Health Net of California,Health Net,SPD/Full-Dual - UIS State-Only,293.68,300.12,306.82
1/23-12/23,2023,GMC,San Diego,Health Net of California,Health Net,LTC - UIS State-Only,10068.91,10195.39,10325.23
1/23-12/23,2023,GMC,San Diego,Health Net of California,Health Net,LTC/Full-Dual - UIS State-Only,7646.77,7732.07,7819.38
1/24-12/24,2024,GMC,Sacramento,Molina Healthcare,Molina Healthcare,Child - SIS,90.91,,99.46
1/24-12/24,2024,GMC,Sacramento,Molina Healthcare,Molina Healthcare,Adult - SIS,261.01,,279.57
1/24-12/24,2024,GMC,Sacramento,Molina Healthcare,Molina Healthcare,ACA Optional Expansion - SIS,314.32,,335.92
1/24-12/24,2024,GMC,Sacramento,Molina Healthcare,Molina Healthcare,SPD - SIS,932.46,,988.26
1/24-12/24,2024,GMC,Sacramento,Molina Healthcare,Molina Healthcare,SPD/Full-Dual - SIS,285.32,,302.06
1/24-12/24,2024,GMC,Sacramento,Molina Healthcare,Molina Healthcare,LTC - SIS,11698.83,,12142.95
1/24-12/24,2024,GMC,Sacramento,Molina Healthcare,Molina Healthcare,LTC/Full-Dual - SIS,8533.57,,8835.41
1/24-12/24,2024,GMC,Sacramento,Molina Healthcare,Molina Healthcare,Maternity - SIS,10907.31,,11389.25
1/24-12/24,2024,GMC,Sacramento,Molina Healthcare,Molina Healthcare,Child - UIS Federally Eligible,30.16,,33.78
1/24-12/24,2024,GMC,Sacramento,Molina Healthcare,Molina Healthcare,Adult - UIS Federally Eligible,196.55,,210.31
1/24-12/24,2024,GMC,Sacramento,Molina Healthcare,Molina Healthcare,ACA Optional Expansion - UIS Federally Eligible,168.22,,179.91
1/24-12/24,2024,GMC,Sacramento,Molina Healthcare,Molina Healthcare,SPD - UIS Federally Eligible,527.84,,561.45
1/24-12/24,2024,GMC,Sacramento,Molina Healthcare,Molina Healthcare,SPD/Full-Dual - UIS Federally Eligible,69.94,,75.91
1/24-12/24,2024,GMC,Sacramento,Molina Healthcare,Molina Healthcare,LTC - UIS Federally Eligible,964.23,,1024.0
1/24-12/24,2024,GMC,Sacramento,Molina Healthcare,Molina Healthcare,LTC/Full-Dual - UIS Federally Eligible,26.14,,29.52
1/24-12/24,2024,GMC,Sacramento,Molina Healthcare,Molina Healthcare,Maternity - UIS Federally Eligible,10907.31,,11389.25
1/24-12/24,2024,GMC,Sacramento,Molina Healthcare,Molina Healthcare,Child - UIS State-Only,51.69,,56.08
1/24-12/24,2024,GMC,Sacramento,Molina Healthcare,Molina Healthcare,Adult - UIS State-Only,115.51,,123.79
1/24-12/24,2024,GMC,Sacramento,Molina Healthcare,Molina Healthcare,ACA Optional Expansion - UIS State-Only,133.27,,142.22
1/24-12/24,2024,GMC,Sacramento,Molina Healthcare,Molina Healthcare,SPD - UIS State-Only,342.58,,362.94
1/24-12/24,2024,GMC,Sacramento,Molina Healthcare,Molina Healthcare,SPD/Full-Dual - UIS State-Only,215.46,,226.52
1/24-12/24,2024,GMC,Sacramento,Molina Healthcare,Molina Healthcare,LTC - UIS State-Only,9679.88,,10035.77
1/24-12/24,2024,GMC,Sacramento,Molina Healthcare,Molina Healthcare,LTC/Full-Dual - UIS State-Only,8217.27,,8504.98
1/24-12/24,2024,GMC,San Diego,Molina Healthcare,Molina Healthcare,Child - SIS,119.1,,129.96
1/24-12/24,2024,GMC,San Diego,Molina Healthcare,Molina Healthcare,Adult - SIS,293.65,,314.82
1/24-12/24,2024,GMC,San Diego,Molina Healthcare,Molina Healthcare,ACA Optional Expansion - SIS,339.85,,363.33
1/24-12/24,2024,GMC,San Diego,Molina Healthcare,Molina Healthcare,SPD - SIS,1158.33,,1225.17
1/24-12/24,2024,GMC,San Diego,Molina Healthcare,Molina Healthcare,SPD/Full-Dual - SIS,388.08,,409.65
1/24-12/24,2024,GMC,San Diego,Molina Healthcare,Molina Healthcare,LTC - SIS,10719.18,,11141.4
1/24-12/24,2024,GMC,San Diego,Molina Healthcare,Molina Healthcare,LTC/Full-Dual - SIS,8393.55,,8697.2
1/24-12/24,2024,GMC,San Diego,Molina Healthcare,Molina Healthcare,Maternity - SIS,7954.46,,8305.96
1/24-12/24,2024,GMC,San Diego,Molina Healthcare,Molina Healthcare,Child - UIS Federally Eligible,38.78,,42.88
1/24-12/24,2024,GMC,San Diego,Molina Healthcare,Molina Healthcare,Adult - UIS Federally Eligible,169.94,,181.98
1/24-12/24,2024,GMC,San Diego,Molina Healthcare,Molina Healthcare,ACA Optional Expansion - UIS Federally Eligible,181.16,,193.65
1/24-12/24,2024,GMC,San Diego,Molina Healthcare,Molina Healthcare,SPD - UIS Federally Eligible,545.29,,579.91
1/24-12/24,2024,GMC,San Diego,Molina Healthcare,Molina Healthcare,SPD/Full-Dual - UIS Federally Eligible,92.98,,100.01
1/24-12/24,2024,GMC,San Diego,Molina Healthcare,Molina Healthcare,LTC - UIS Federally Eligible,1088.22,,1156.0
1/24-12/24,2024,GMC,San Diego,Molina Healthcare,Molina Healthcare,LTC/Full-Dual - UIS Federally Eligible,242.74,,257.31
1/24-12/24,2024,GMC,San Diego,Molina Healthcare,Molina Healthcare,Maternity - UIS Federally Eligible,7954.46,,8305.96
1/24-12/24,2024,GMC,San Diego,Molina Healthcare,Molina Healthcare,Child - UIS State-Only,76.6,,83.22
1/24-12/24,2024,GMC,San Diego,Molina Healthcare,Molina Healthcare,Adult - UIS State-Only,157.24,,168.58
1/24-12/24,2024,GMC,San Diego,Molina Healthcare,Molina Healthcare,ACA Optional Expansion - UIS State-Only,222.88,,237.01
1/24-12/24,2024,GMC,San Diego,Molina Healthcare,Molina Healthcare,SPD - UIS State-Only,662.04,,698.92
1/24-12/24,2024,GMC,San Diego,Molina Healthcare,Molina Healthcare,SPD/Full-Dual - UIS State-Only,321.43,,337.31
1/24-12/24,2024,GMC,San Diego,Molina Healthcare,Molina Healthcare,LTC - UIS State-Only,9819.0,,10171.54
1/24-12/24,2024,GMC,San Diego,Molina Healthcare,Molina Healthcare,LTC/Full-Dual - UIS State-Only,9152.02,,9470.19
1/24-12/24,2024,GMC,Sacramento,Health Net of California,Health Net,Child - SIS,99.52,,108.8
1/24-12/24,2024,GMC,Sacramento,Health Net of California,Health Net,Adult - SIS,284.37,,304.6
1/24-12/24,2024,GMC,Sacramento,Health Net of California,Health Net,ACA Optional Expansion - SIS,334.93,,358.1
1/24-12/24,2024,GMC,Sacramento,Health Net of California,Health Net,SPD - SIS,991.04,,1051.01
1/24-12/24,2024,GMC,Sacramento,Health Net of California,Health Net,SPD/Full-Dual - SIS,254.59,,270.23
1/24-12/24,2024,GMC,Sacramento,Health Net of California,Health Net,LTC - SIS,11698.83,,12142.95
1/24-12/24,2024,GMC,Sacramento,Health Net of California,Health Net,LTC/Full-Dual - SIS,9005.62,,9323.57
1/24-12/24,2024,GMC,Sacramento,Health Net of California,Health Net,Maternity - SIS,10907.31,,11389.25
1/24-12/24,2024,GMC,Sacramento,Health Net of California,Health Net,Child - UIS Federally Eligible,33.37,,37.37
1/24-12/24,2024,GMC,Sacramento,Health Net of California,Health Net,Adult - UIS Federally Eligible,199.56,,213.53
1/24-12/24,2024,GMC,Sacramento,Health Net of California,Health Net,ACA Optional Expansion - UIS Federally Eligible,242.84,,259.71
1/24-12/24,2024,GMC,Sacramento,Health Net of California,Health Net,SPD - UIS Federally Eligible,527.84,,561.45
1/24-12/24,2024,GMC,Sacramento,Health Net of California,Health Net,SPD/Full-Dual - UIS Federally Eligible,69.94,,75.91
1/24-12/24,2024,GMC,Sacramento,Health Net of California,Health Net,LTC - UIS Federally Eligible,964.23,,1024.0
1/24-12/24,2024,GMC,Sacramento,Health Net of California,Health Net,LTC/Full-Dual - UIS Federally Eligible,26.14,,29.52
1/24-12/24,2024,GMC,Sacramento,Health Net of California,Health Net,Maternity - UIS Federally Eligible,10907.31,,11389.25
1/24-12/24,2024,GMC,Sacramento,Health Net of California,Health Net,Child - UIS State-Only,56.72,,61.54
1/24-12/24,2024,GMC,Sacramento,Health Net of California,Health Net,Adult - UIS State-Only,117.27,,125.68
1/24-12/24,2024,GMC,Sacramento,Health Net of California,Health Net,ACA Optional Expansion - UIS State-Only,191.21,,204.08
1/24-12/24,2024,GMC,Sacramento,Health Net of California,Health Net,SPD - UIS State-Only,342.58,,362.94
1/24-12/24,2024,GMC,Sacramento,Health Net of California,Health Net,SPD/Full-Dual - UIS State-Only,215.46,,226.52
1/24-12/24,2024,GMC,Sacramento,Health Net of California,Health Net,LTC - UIS State-Only,9679.88,,10035.77
1/24-12/24,2024,GMC,Sacramento,Health Net of California,Health Net,LTC/Full-Dual - UIS State-Only,8217.27,,8504.98
1/24-12/24,2024,GMC,San Diego,Blue Shield of California,Blue Shield Promise,Child - SIS,115.58,,126.32
1/24-12/24,2024,GMC,San Diego,Blue Shield of California,Blue Shield Promise,Adult - SIS,311.54,,333.73
1/24-12/24,2024,GMC,San Diego,Blue Shield of California,Blue Shield Promise,ACA Optional Expansion - SIS,372.38,,398.23
1/24-12/24,2024,GMC,San Diego,Blue Shield of California,Blue Shield Promise,SPD - SIS,1458.84,,1540.55
1/24-12/24,2024,GMC,San Diego,Blue Shield of California,Blue Shield Promise,SPD/Full-Dual - SIS,381.21,,402.43
1/24-12/24,2024,GMC,San Diego,Blue Shield of California,Blue Shield Promise,LTC - SIS,10719.18,,11141.4
1/24-12/24,2024,GMC,San Diego,Blue Shield of California,Blue Shield Promise,LTC/Full-Dual - SIS,8323.1,,8624.35
1/24-12/24,2024,GMC,San Diego,Blue Shield of California,Blue Shield Promise,Maternity - SIS,7954.46,,8305.96
1/24-12/24,2024,GMC,San Diego,Blue Shield of California,Blue Shield Promise,Child - UIS Federally Eligible,36.77,,40.66
1/24-12/24,2024,GMC,San Diego,Blue Shield of California,Blue Shield Promise,Adult - UIS Federally Eligible,178.45,,191.08
1/24-12/24,2024,GMC,San Diego,Blue Shield of California,Blue Shield Promise,ACA Optional Expansion - UIS Federally Eligible,225.2,,240.73
1/24-12/24,2024,GMC,San Diego,Blue Shield of California,Blue Shield Promise,SPD - UIS Federally Eligible,617.78,,657.0
1/24-12/24,2024,GMC,San Diego,Blue Shield of California,Blue Shield Promise,SPD/Full-Dual - UIS Federally Eligible,92.98,,100.01
1/24-12/24,2024,GMC,San Diego,Blue Shield of California,Blue Shield Promise,LTC - UIS Federally Eligible,1088.22,,1156.0
1/24-12/24,2024,GMC,San Diego,Blue Shield of California,Blue Shield Promise,LTC/Full-Dual - UIS Federally Eligible,242.74,,257.31
1/24-12/24,2024,GMC,San Diego,Blue Shield of California,Blue Shield Promise,Maternity - UIS Federally Eligible,7954.46,,8305.96
1/24-12/24,2024,GMC,San Diego,Blue Shield of California,Blue Shield Promise,Child - UIS State-Only,72.93,,79.22
1/24-12/24,2024,GMC,San Diego,Blue Shield of California,Blue Shield Promise,Adult - UIS State-Only,164.85,,176.74
1/24-12/24,2024,GMC,San Diego,Blue Shield of California,Blue Shield Promise,ACA Optional Expansion - UIS State-Only,267.92,,285.17
1/24-12/24,2024,GMC,San Diego,Blue Shield of California,Blue Shield Promise,SPD - UIS State-Only,727.81,,768.79
1/24-12/24,2024,GMC,San Diego,Blue Shield of California,Blue Shield Promise,SPD/Full-Dual - UIS State-Only,321.43,,337.31
1/24-12/24,2024,GMC,San Diego,Blue Shield of California,Blue Shield Promise,LTC - UIS State-Only,9819.0,,10171.54
1/24-12/24,2024,GMC,San Diego,Blue Shield of California,Blue Shield Promise,LTC/Full-Dual - UIS State-Only,9152.02,,9470.19
1/24-12/24,2024,GMC,Sacramento,Kaiser Permanente,Kaiser Permanente,Child - SIS,129.14,,140.4
1/24-12/24,2024,GMC,Sacramento,Kaiser Permanente,Kaiser Permanente,Adult - SIS,336.41,,360.36
1/24-12/24,2024,GMC,Sacramento,Kaiser Permanente,Kaiser Permanente,ACA Optional Expansion - SIS,358.83,,383.8
1/24-12/24,2024,GMC,Sacramento,Kaiser Permanente,Kaiser Permanente,SPD - SIS,801.02,,850.39
1/24-12/24,2024,GMC,Sacramento,Kaiser Permanente,Kaiser Permanente,SPD/Full-Dual - SIS,220.75,,235.18
1/24-12/24,2024,GMC,Sacramento,Kaiser Permanente,Kaiser Permanente,LTC - SIS,11698.83,,12142.95
1/24-12/24,2024,GMC,Sacramento,Kaiser Permanente,Kaiser Permanente,LTC/Full-Dual - SIS,8653.31,,8959.24
1/24-12/24,2024,GMC,Sacramento,Kaiser Permanente,Kaiser Permanente,Maternity - SIS,10907.31,,11389.25
1/24-12/24,2024,GMC,Sacramento,Kaiser Permanente,Kaiser Permanente,Child - UIS Federally Eligible,32.8,,36.73
1/24-12/24,2024,GMC,Sacramento,Kaiser Permanente,Kaiser Permanente,Adult - UIS Federally Eligible,217.78,,233.03
1/24-12/24,2024,GMC,Sacramento,Kaiser Permanente,Kaiser Permanente,ACA Optional Expansion - UIS Federally Eligible,157.09,,168.0
1/24-12/24,2024,GMC,Sacramento,Kaiser Permanente,Kaiser Permanente,SPD - UIS Federally Eligible,527.84,,561.45
1/24-12/24,2024,GMC,Sacramento,Kaiser Permanente,Kaiser Permanente,SPD/Full-Dual - UIS Federally Eligible,69.94,,75.91
1/24-12/24,2024,GMC,Sacramento,Kaiser Permanente,Kaiser Permanente,LTC - UIS Federally Eligible,964.23,,1024.0
1/24-12/24,2024,GMC,Sacramento,Kaiser Permanente,Kaiser Permanente,LTC/Full-Dual - UIS Federally Eligible,26.14,,29.52
1/24-12/24,2024,GMC,Sacramento,Kaiser Permanente,Kaiser Permanente,Maternity - UIS Federally Eligible,10907.31,,11389.25
1/24-12/24,2024,GMC,Sacramento,Kaiser Permanente,Kaiser Permanente,Child - UIS State-Only,55.82,,60.57
1/24-12/24,2024,GMC,Sacramento,Kaiser Permanente,Kaiser Permanente,Adult - UIS State-Only,127.92,,137.09
1/24-12/24,2024,GMC,Sacramento,Kaiser Permanente,Kaiser Permanente,ACA Optional Expansion - UIS State-Only,124.63,,132.99
1/24-12/24,2024,GMC,Sacramento,Kaiser Permanente,Kaiser Permanente,SPD - UIS State-Only,342.58,,362.94
1/24-12/24,2024,GMC,Sacramento,Kaiser Permanente,Kaiser Permanente,SPD/Full-Dual - UIS State-Only,215.46,,226.52
1/24-12/24,2024,GMC,Sacramento,Kaiser Permanente,Kaiser Permanente,LTC - UIS State-Only,9679.88,,10035.77
1/24-12/24,2024,GMC,Sacramento,Kaiser Permanente,Kaiser Permanente,LTC/Full-Dual - UIS State-Only,8217.27,,8504.98
1/24-12/24,2024,GMC,Sacramento,Anthem Blue Cross,Anthem Blue Cross,Child - SIS,102.53,,112.03
1/24-12/24,2024,GMC,Sacramento,Anthem Blue Cross,Anthem Blue Cross,Adult - SIS,285.03,,305.31
1/24-12/24,2024,GMC,Sacramento,Anthem Blue Cross,Anthem Blue Cross,ACA Optional Expansion - SIS,341.61,,365.28
1/24-12/24,2024,GMC,Sacramento,Anthem Blue Cross,Anthem Blue Cross,SPD - SIS,934.52,,991.37
1/24-12/24,2024,GMC,Sacramento,Anthem Blue Cross,Anthem Blue Cross,SPD/Full-Dual - SIS,231.7,,246.47
1/24-12/24,2024,GMC,Sacramento,Anthem Blue Cross,Anthem Blue Cross,LTC - SIS,11698.83,,12142.95
1/24-12/24,2024,GMC,Sacramento,Anthem Blue Cross,Anthem Blue Cross,LTC/Full-Dual - SIS,8046.62,,8331.84
1/24-12/24,2024,GMC,Sacramento,Anthem Blue Cross,Anthem Blue Cross,Maternity - SIS,10907.31,,11389.25
1/24-12/24,2024,GMC,Sacramento,Anthem Blue Cross,Anthem Blue Cross,Child - UIS Federally Eligible,33.67,,37.71
1/24-12/24,2024,GMC,Sacramento,Anthem Blue Cross,Anthem Blue Cross,Adult - UIS Federally Eligible,191.55,,204.96
1/24-12/24,2024,GMC,Sacramento,Anthem Blue Cross,Anthem Blue Cross,ACA Optional Expansion - UIS Federally Eligible,223.86,,239.4
1/24-12/24,2024,GMC,Sacramento,Anthem Blue Cross,Anthem Blue Cross,SPD - UIS Federally Eligible,527.84,,561.45
1/24-12/24,2024,GMC,Sacramento,Anthem Blue Cross,Anthem Blue Cross,SPD/Full-Dual - UIS Federally Eligible,69.94,,75.91
1/24-12/24,2024,GMC,Sacramento,Anthem Blue Cross,Anthem Blue Cross,LTC - UIS Federally Eligible,964.23,,1024.0
1/24-12/24,2024,GMC,Sacramento,Anthem Blue Cross,Anthem Blue Cross,LTC/Full-Dual - UIS Federally Eligible,26.14,,29.52
1/24-12/24,2024,GMC,Sacramento,Anthem Blue Cross,Anthem Blue Cross,Maternity - UIS Federally Eligible,10907.31,,11389.25
1/24-12/24,2024,GMC,Sacramento,Anthem Blue Cross,Anthem Blue Cross,Child - UIS State-Only,57.18,,62.05
1/24-12/24,2024,GMC,Sacramento,Anthem Blue Cross,Anthem Blue Cross,Adult - UIS State-Only,112.59,,120.66
1/24-12/24,2024,GMC,Sacramento,Anthem Blue Cross,Anthem Blue Cross,ACA Optional Expansion - UIS State-Only,176.47,,188.34
1/24-12/24,2024,GMC,Sacramento,Anthem Blue Cross,Anthem Blue Cross,SPD - UIS State-Only,342.58,,362.94
1/24-12/24,2024,GMC,Sacramento,Anthem Blue Cross,Anthem Blue Cross,SPD/Full-Dual - UIS State-Only,215.46,,226.52
1/24-12/24,2024,GMC,Sacramento,Anthem Blue Cross,Anthem Blue Cross,LTC - UIS State-Only,9679.88,,10035.77
1/24-12/24,2024,GMC,Sacramento,Anthem Blue Cross,Anthem Blue Cross,LTC/Full-Dual - UIS State-Only,8217.27,,8504.98
1/24-12/24,2024,GMC,San Diego,Community Health Group,Community Health Group,Child - SIS,119.77,,130.84
1/24-12/24,2024,GMC,San Diego,Community Health Group,Community Health Group,Adult - SIS,334.14,,358.24
1/24-12/24,2024,GMC,San Diego,Community Health Group,Community Health Group,ACA Optional Expansion - SIS,376.0,,402.21
1/24-12/24,2024,GMC,San Diego,Community Health Group,Community Health Group,SPD - SIS,1120.7,,1186.83
1/24-12/24,2024,GMC,San Diego,Community Health Group,Community Health Group,SPD/Full-Dual - SIS,345.85,,365.7
1/24-12/24,2024,GMC,San Diego,Community Health Group,Community Health Group,LTC - SIS,10719.18,,11141.4
1/24-12/24,2024,GMC,San Diego,Community Health Group,Community Health Group,LTC/Full-Dual - SIS,8460.34,,8766.27
1/24-12/24,2024,GMC,San Diego,Community Health Group,Community Health Group,Maternity - SIS,7954.46,,8305.96
1/24-12/24,2024,GMC,San Diego,Community Health Group,Community Health Group,Child - UIS Federally Eligible,40.01,,44.25
1/24-12/24,2024,GMC,San Diego,Community Health Group,Community Health Group,Adult - UIS Federally Eligible,176.58,,189.09
1/24-12/24,2024,GMC,San Diego,Community Health Group,Community Health Group,ACA Optional Expansion - UIS Federally Eligible,231.12,,247.06
1/24-12/24,2024,GMC,San Diego,Community Health Group,Community Health Group,SPD - UIS Federally Eligible,657.67,,699.43
1/24-12/24,2024,GMC,San Diego,Community Health Group,Community Health Group,SPD/Full-Dual - UIS Federally Eligible,92.98,,100.01
1/24-12/24,2024,GMC,San Diego,Community Health Group,Community Health Group,LTC - UIS Federally Eligible,1088.22,,1156.0
1/24-12/24,2024,GMC,San Diego,Community Health Group,Community Health Group,LTC/Full-Dual - UIS Federally Eligible,242.74,,257.31
1/24-12/24,2024,GMC,San Diego,Community Health Group,Community Health Group,Maternity - UIS Federally Eligible,7954.46,,8305.96
1/24-12/24,2024,GMC,San Diego,Community Health Group,Community Health Group,Child - UIS State-Only,78.85,,85.66
1/24-12/24,2024,GMC,San Diego,Community Health Group,Community Health Group,Adult - UIS State-Only,163.18,,174.95
1/24-12/24,2024,GMC,San Diego,Community Health Group,Community Health Group,ACA Optional Expansion - UIS State-Only,273.98,,291.64
1/24-12/24,2024,GMC,San Diego,Community Health Group,Community Health Group,SPD - UIS State-Only,764.01,,807.25
1/24-12/24,2024,GMC,San Diego,Community Health Group,Community Health Group,SPD/Full-Dual - UIS State-Only,321.43,,337.31
1/24-12/24,2024,GMC,San Diego,Community Health Group,Community Health Group,LTC - UIS State-Only,9819.0,,10171.54
1/24-12/24,2024,GMC,San Diego,Community Health Group,Community Health Group,LTC/Full-Dual - UIS State-Only,9152.02,,9470.19
1/24-12/24,2024,GMC,San Diego,Kaiser Permanente,Kaiser Permanente,Child - SIS,141.8,,154.33
1/24-12/24,2024,GMC,San Diego,Kaiser Permanente,Kaiser Permanente,Adult - SIS,308.73,,331.08
1/24-12/24,2024,GMC,San Diego,Kaiser Permanente,Kaiser Permanente,ACA Optional Expansion - SIS,304.28,,325.83
1/24-12/24,2024,GMC,San Diego,Kaiser Permanente,Kaiser Permanente,SPD - SIS,836.65,,887.23
1/24-12/24,2024,GMC,San Diego,Kaiser Permanente,Kaiser Permanente,SPD/Full-Dual - SIS,291.86,,309.8
1/24-12/24,2024,GMC,San Diego,Kaiser Permanente,Kaiser Permanente,LTC - SIS,10719.18,,11141.4
1/24-12/24,2024,GMC,San Diego,Kaiser Permanente,Kaiser Permanente,LTC/Full-Dual - SIS,8388.46,,8691.94
1/24-12/24,2024,GMC,San Diego,Kaiser Permanente,Kaiser Permanente,Maternity - SIS,7954.46,,8305.96
1/24-12/24,2024,GMC,San Diego,Kaiser Permanente,Kaiser Permanente,Child - UIS Federally Eligible,38.92,,43.03
1/24-12/24,2024,GMC,San Diego,Kaiser Permanente,Kaiser Permanente,Adult - UIS Federally Eligible,174.31,,186.66
1/24-12/24,2024,GMC,San Diego,Kaiser Permanente,Kaiser Permanente,ACA Optional Expansion - UIS Federally Eligible,213.55,,228.27
1/24-12/24,2024,GMC,San Diego,Kaiser Permanente,Kaiser Permanente,SPD - UIS Federally Eligible,619.11,,658.42
1/24-12/24,2024,GMC,San Diego,Kaiser Permanente,Kaiser Permanente,SPD/Full-Dual - UIS Federally Eligible,92.98,,100.01
1/24-12/24,2024,GMC,San Diego,Kaiser Permanente,Kaiser Permanente,LTC - UIS Federally Eligible,1088.22,,1156.0
1/24-12/24,2024,GMC,San Diego,Kaiser Permanente,Kaiser Permanente,LTC/Full-Dual - UIS Federally Eligible,242.74,,257.31
1/24-12/24,2024,GMC,San Diego,Kaiser Permanente,Kaiser Permanente,Maternity - UIS Federally Eligible,7954.46,,8305.96
1/24-12/24,2024,GMC,San Diego,Kaiser Permanente,Kaiser Permanente,Child - UIS State-Only,76.85,,83.48
1/24-12/24,2024,GMC,San Diego,Kaiser Permanente,Kaiser Permanente,Adult - UIS State-Only,161.15,,172.77
1/24-12/24,2024,GMC,San Diego,Kaiser Permanente,Kaiser Permanente,ACA Optional Expansion - UIS State-Only,256.01,,272.43
1/24-12/24,2024,GMC,San Diego,Kaiser Permanente,Kaiser Permanente,SPD - UIS State-Only,729.02,,770.08
1/24-12/24,2024,GMC,San Diego,Kaiser Permanente,Kaiser Permanente,SPD/Full-Dual - UIS State-Only,321.43,,337.31
1/24-12/24,2024,GMC,San Diego,Kaiser Permanente,Kaiser Permanente,LTC - UIS State-Only,9819.0,,10171.54
1/24-12/24,2024,GMC,San Diego,Kaiser Permanente,Kaiser Permanente,LTC/Full-Dual - UIS State-Only,9152.02,,9470.19
1/25-12/25,2025,GMC,Sacramento,Molina Healthcare,Molina Healthcare,Child - SIS,103.21,,112.46
1/25-12/25,2025,GMC,Sacramento,Molina Healthcare,Molina Healthcare,Adult - SIS,251.84,,269.66
1/25-12/25,2025,GMC,Sacramento,Molina Healthcare,Molina Healthcare,ACA Optional Expansion - SIS,325.03,,347.0
1/25-12/25,2025,GMC,Sacramento,Molina Healthcare,Molina Healthcare,SPD - SIS,1053.16,,1115.08
1/25-12/25,2025,GMC,Sacramento,Molina Healthcare,Molina Healthcare,SPD/Full-Dual - SIS,619.62,,648.3
1/25-12/25,2025,GMC,Sacramento,Molina Healthcare,Molina Healthcare,LTC - SIS,1053.16,,1115.08
1/25-12/25,2025,GMC,Sacramento,Molina Healthcare,Molina Healthcare,LTC/Full-Dual - SIS,619.62,,648.3
1/25-12/25,2025,GMC,Sacramento,Molina Healthcare,Molina Healthcare,Maternity - SIS,10580.66,,11047.35
1/25-12/25,2025,GMC,Sacramento,Molina Healthcare,Molina Healthcare,Child - UIS Federally Eligible,21.5,,23.97
1/25-12/25,2025,GMC,Sacramento,Molina Healthcare,Molina Healthcare,Adult - UIS Federally Eligible,124.47,,133.26
1/25-12/25,2025,GMC,Sacramento,Molina Healthcare,Molina Healthcare,ACA Optional Expansion - UIS Federally Eligible,137.87,,147.34
1/25-12/25,2025,GMC,Sacramento,Molina Healthcare,Molina Healthcare,SPD - UIS Federally Eligible,368.15,,391.6
1/25-12/25,2025,GMC,Sacramento,Molina Healthcare,Molina Healthcare,SPD/Full-Dual - UIS Federally Eligible,111.02,,119.02
1/25-12/25,2025,GMC,Sacramento,Molina Healthcare,Molina Healthcare,LTC - UIS Federally Eligible,368.15,,391.6
1/25-12/25,2025,GMC,Sacramento,Molina Healthcare,Molina Healthcare,LTC/Full-Dual - UIS Federally Eligible,111.02,,119.02
1/25-12/25,2025,GMC,Sacramento,Molina Healthcare,Molina Healthcare,Maternity - UIS Federally Eligible,10580.66,,11047.35
1/25-12/25,2025,GMC,Sacramento,Molina Healthcare,Molina Healthcare,Child - UIS State-Only,63.26,,68.85
1/25-12/25,2025,GMC,Sacramento,Molina Healthcare,Molina Healthcare,Adult - UIS State-Only,188.17,,201.2
1/25-12/25,2025,GMC,Sacramento,Molina Healthcare,Molina Healthcare,ACA Optional Expansion - UIS State-Only,216.06,,230.21
1/25-12/25,2025,GMC,Sacramento,Molina Healthcare,Molina Healthcare,SPD - UIS State-Only,645.1,,681.34
1/25-12/25,2025,GMC,Sacramento,Molina Healthcare,Molina Healthcare,SPD/Full-Dual - UIS State-Only,457.01,,478.52
1/25-12/25,2025,GMC,Sacramento,Molina Healthcare,Molina Healthcare,LTC - UIS State-Only,645.1,,681.34
1/25-12/25,2025,GMC,Sacramento,Molina Healthcare,Molina Healthcare,LTC/Full-Dual - UIS State-Only,457.01,,478.52
1/25-12/25,2025,GMC,San Diego,Molina Healthcare,Molina Healthcare,Child - SIS,140.49,,152.61
1/25-12/25,2025,GMC,San Diego,Molina Healthcare,Molina Healthcare,Adult - SIS,310.79,,332.94
1/25-12/25,2025,GMC,San Diego,Molina Healthcare,Molina Healthcare,ACA Optional Expansion - SIS,342.29,,365.77
1/25-12/25,2025,GMC,San Diego,Molina Healthcare,Molina Healthcare,SPD - SIS,1223.86,,1293.41
1/25-12/25,2025,GMC,San Diego,Molina Healthcare,Molina Healthcare,SPD/Full-Dual - SIS,595.04,,624.25
1/25-12/25,2025,GMC,San Diego,Molina Healthcare,Molina Healthcare,LTC - SIS,1223.86,,1293.41
1/25-12/25,2025,GMC,San Diego,Molina Healthcare,Molina Healthcare,LTC/Full-Dual - SIS,595.04,,624.25
1/25-12/25,2025,GMC,San Diego,Molina Healthcare,Molina Healthcare,Maternity - SIS,7884.9,,8232.84
1/25-12/25,2025,GMC,San Diego,Molina Healthcare,Molina Healthcare,Child - UIS Federally Eligible,26.4,,29.4
1/25-12/25,2025,GMC,San Diego,Molina Healthcare,Molina Healthcare,Adult - UIS Federally Eligible,126.76,,135.86
1/25-12/25,2025,GMC,San Diego,Molina Healthcare,Molina Healthcare,ACA Optional Expansion - UIS Federally Eligible,148.56,,158.85
1/25-12/25,2025,GMC,San Diego,Molina Healthcare,Molina Healthcare,SPD - UIS Federally Eligible,404.27,,430.24
1/25-12/25,2025,GMC,San Diego,Molina Healthcare,Molina Healthcare,SPD/Full-Dual - UIS Federally Eligible,125.13,,134.16
1/25-12/25,2025,GMC,San Diego,Molina Healthcare,Molina Healthcare,LTC - UIS Federally Eligible,404.27,,430.24
1/25-12/25,2025,GMC,San Diego,Molina Healthcare,Molina Healthcare,LTC/Full-Dual - UIS Federally Eligible,125.13,,134.16
1/25-12/25,2025,GMC,San Diego,Molina Healthcare,Molina Healthcare,Maternity - UIS Federally Eligible,7884.9,,8232.84
1/25-12/25,2025,GMC,San Diego,Molina Healthcare,Molina Healthcare,Child - UIS State-Only,89.62,,97.37
1/25-12/25,2025,GMC,San Diego,Molina Healthcare,Molina Healthcare,Adult - UIS State-Only,195.62,,209.66
1/25-12/25,2025,GMC,San Diego,Molina Healthcare,Molina Healthcare,ACA Optional Expansion - UIS State-Only,232.88,,248.82
1/25-12/25,2025,GMC,San Diego,Molina Healthcare,Molina Healthcare,SPD - UIS State-Only,1058.47,,1113.31
1/25-12/25,2025,GMC,San Diego,Molina Healthcare,Molina Healthcare,SPD/Full-Dual - UIS State-Only,750.69,,784.29
1/25-12/25,2025,GMC,San Diego,Molina Healthcare,Molina Healthcare,LTC - UIS State-Only,1058.47,,1113.31
1/25-12/25,2025,GMC,San Diego,Molina Healthcare,Molina Healthcare,LTC/Full-Dual - UIS State-Only,750.69,,784.29
1/25-12/25,2025,GMC,Sacramento,Health Net of California,Health Net,Child - SIS,111.9,,121.88
1/25-12/25,2025,GMC,Sacramento,Health Net of California,Health Net,Adult - SIS,274.65,,294.18
1/25-12/25,2025,GMC,Sacramento,Health Net of California,Health Net,ACA Optional Expansion - SIS,353.9,,378.04
1/25-12/25,2025,GMC,Sacramento,Health Net of California,Health Net,SPD - SIS,1069.53,,1133.2
1/25-12/25,2025,GMC,Sacramento,Health Net of California,Health Net,SPD/Full-Dual - SIS,564.75,,591.54
1/25-12/25,2025,GMC,Sacramento,Health Net of California,Health Net,LTC - SIS,1069.53,,1133.2
1/25-12/25,2025,GMC,Sacramento,Health Net of California,Health Net,LTC/Full-Dual - SIS,564.75,,591.54
1/25-12/25,2025,GMC,Sacramento,Health Net of California,Health Net,Maternity - SIS,10580.66,,11047.35
1/25-12/25,2025,GMC,Sacramento,Health Net of California,Health Net,Child - UIS Federally Eligible,25.38,,28.3
1/25-12/25,2025,GMC,Sacramento,Health Net of California,Health Net,Adult - UIS Federally Eligible,130.77,,140.0
1/25-12/25,2025,GMC,Sacramento,Health Net of California,Health Net,ACA Optional Expansion - UIS Federally Eligible,180.35,,192.74
1/25-12/25,2025,GMC,Sacramento,Health Net of California,Health Net,SPD - UIS Federally Eligible,368.15,,391.6
1/25-12/25,2025,GMC,Sacramento,Health Net of California,Health Net,SPD/Full-Dual - UIS Federally Eligible,111.02,,119.02
1/25-12/25,2025,GMC,Sacramento,Health Net of California,Health Net,LTC - UIS Federally Eligible,368.15,,391.6
1/25-12/25,2025,GMC,Sacramento,Health Net of California,Health Net,LTC/Full-Dual - UIS Federally Eligible,111.02,,119.02
1/25-12/25,2025,GMC,Sacramento,Health Net of California,Health Net,Maternity - UIS Federally Eligible,10580.66,,11047.35
1/25-12/25,2025,GMC,Sacramento,Health Net of California,Health Net,Child - UIS State-Only,73.5,,80.05
1/25-12/25,2025,GMC,Sacramento,Health Net of California,Health Net,Adult - UIS State-Only,196.77,,210.44
1/25-12/25,2025,GMC,Sacramento,Health Net of California,Health Net,ACA Optional Expansion - UIS State-Only,275.53,,293.81
1/25-12/25,2025,GMC,Sacramento,Health Net of California,Health Net,SPD - UIS State-Only,645.1,,681.34
1/25-12/25,2025,GMC,Sacramento,Health Net of California,Health Net,SPD/Full-Dual - UIS State-Only,457.01,,478.52
1/25-12/25,2025,GMC,Sacramento,Health Net of California,Health Net,LTC - UIS State-Only,645.1,,681.34
1/25-12/25,2025,GMC,Sacramento,Health Net of California,Health Net,LTC/Full-Dual - UIS State-Only,457.01,,478.52
1/25-12/25,2025,GMC,San Diego,Blue Shield of California,Blue Shield Promise,Child - SIS,132.03,,143.79
1/25-12/25,2025,GMC,San Diego,Blue Shield of California,Blue Shield Promise,Adult - SIS,304.52,,326.18
1/25-12/25,2025,GMC,San Diego,Blue Shield of California,Blue Shield Promise,ACA Optional Expansion - SIS,370.41,,395.88
1/25-12/25,2025,GMC,San Diego,Blue Shield of California,Blue Shield Promise,SPD - SIS,1505.39,,1589.23
1/25-12/25,2025,GMC,San Diego,Blue Shield of California,Blue Shield Promise,SPD/Full-Dual - SIS,697.33,,729.64
1/25-12/25,2025,GMC,San Diego,Blue Shield of California,Blue Shield Promise,LTC - SIS,1505.39,,1589.23
1/25-12/25,2025,GMC,San Diego,Blue Shield of California,Blue Shield Promise,LTC/Full-Dual - SIS,697.33,,729.64
1/25-12/25,2025,GMC,San Diego,Blue Shield of California,Blue Shield Promise,Maternity - SIS,7884.9,,8232.84
1/25-12/25,2025,GMC,San Diego,Blue Shield of California,Blue Shield Promise,Child - UIS Federally Eligible,24.7,,27.52
1/25-12/25,2025,GMC,San Diego,Blue Shield of California,Blue Shield Promise,Adult - UIS Federally Eligible,125.8,,134.84
1/25-12/25,2025,GMC,San Diego,Blue Shield of California,Blue Shield Promise,ACA Optional Expansion - UIS Federally Eligible,170.75,,182.58
1/25-12/25,2025,GMC,San Diego,Blue Shield of California,Blue Shield Promise,SPD - UIS Federally Eligible,417.83,,444.68
1/25-12/25,2025,GMC,San Diego,Blue Shield of California,Blue Shield Promise,SPD/Full-Dual - UIS Federally Eligible,125.13,,134.16
1/25-12/25,2025,GMC,San Diego,Blue Shield of California,Blue Shield Promise,LTC - UIS Federally Eligible,417.83,,444.68
1/25-12/25,2025,GMC,San Diego,Blue Shield of California,Blue Shield Promise,LTC/Full-Dual - UIS Federally Eligible,125.13,,134.16
1/25-12/25,2025,GMC,San Diego,Blue Shield of California,Blue Shield Promise,Maternity - UIS Federally Eligible,7884.9,,8232.84
1/25-12/25,2025,GMC,San Diego,Blue Shield of California,Blue Shield Promise,Child - UIS State-Only,84.96,,92.27
1/25-12/25,2025,GMC,San Diego,Blue Shield of California,Blue Shield Promise,Adult - UIS State-Only,196.26,,210.26
1/25-12/25,2025,GMC,San Diego,Blue Shield of California,Blue Shield Promise,ACA Optional Expansion - UIS State-Only,317.23,,337.24
1/25-12/25,2025,GMC,San Diego,Blue Shield of California,Blue Shield Promise,SPD - UIS State-Only,1009.45,,1063.24
1/25-12/25,2025,GMC,San Diego,Blue Shield of California,Blue Shield Promise,SPD/Full-Dual - UIS State-Only,750.69,,784.29
1/25-12/25,2025,GMC,San Diego,Blue Shield of California,Blue Shield Promise,LTC - UIS State-Only,1009.45,,1063.24
1/25-12/25,2025,GMC,San Diego,Blue Shield of California,Blue Shield Promise,LTC/Full-Dual - UIS State-Only,750.69,,784.29
1/25-12/25,2025,GMC,Sacramento,Kaiser Permanente,Kaiser Permanente,Child - SIS,165.83,,179.33
1/25-12/25,2025,GMC,Sacramento,Kaiser Permanente,Kaiser Permanente,Adult - SIS,332.47,,356.11
1/25-12/25,2025,GMC,Sacramento,Kaiser Permanente,Kaiser Permanente,ACA Optional Expansion - SIS,359.89,,384.8
1/25-12/25,2025,GMC,Sacramento,Kaiser Permanente,Kaiser Permanente,SPD - SIS,859.94,,911.98
1/25-12/25,2025,GMC,Sacramento,Kaiser Permanente,Kaiser Permanente,SPD/Full-Dual - SIS,392.22,,412.96
1/25-12/25,2025,GMC,Sacramento,Kaiser Permanente,Kaiser Permanente,LTC - SIS,859.94,,911.98
1/25-12/25,2025,GMC,Sacramento,Kaiser Permanente,Kaiser Permanente,LTC/Full-Dual - SIS,392.22,,412.96
1/25-12/25,2025,GMC,Sacramento,Kaiser Permanente,Kaiser Permanente,Maternity - SIS,10580.66,,11047.35
1/25-12/25,2025,GMC,Sacramento,Kaiser Permanente,Kaiser Permanente,Child - UIS Federally Eligible,24.2,,26.98
1/25-12/25,2025,GMC,Sacramento,Kaiser Permanente,Kaiser Permanente,Adult - UIS Federally Eligible,133.68,,143.12
1/25-12/25,2025,GMC,Sacramento,Kaiser Permanente,Kaiser Permanente,ACA Optional Expansion - UIS Federally Eligible,132.77,,141.89
1/25-12/25,2025,GMC,Sacramento,Kaiser Permanente,Kaiser Permanente,SPD - UIS Federally Eligible,368.15,,391.6
1/25-12/25,2025,GMC,Sacramento,Kaiser Permanente,Kaiser Permanente,SPD/Full-Dual - UIS Federally Eligible,111.02,,119.02
1/25-12/25,2025,GMC,Sacramento,Kaiser Permanente,Kaiser Permanente,LTC - UIS Federally Eligible,368.15,,391.6
1/25-12/25,2025,GMC,Sacramento,Kaiser Permanente,Kaiser Permanente,LTC/Full-Dual - UIS Federally Eligible,111.02,,119.02
1/25-12/25,2025,GMC,Sacramento,Kaiser Permanente,Kaiser Permanente,Maternity - UIS Federally Eligible,10580.66,,11047.35
1/25-12/25,2025,GMC,Sacramento,Kaiser Permanente,Kaiser Permanente,Child - UIS State-Only,91.92,,99.78
1/25-12/25,2025,GMC,Sacramento,Kaiser Permanente,Kaiser Permanente,Adult - UIS State-Only,199.33,,213.59
1/25-12/25,2025,GMC,Sacramento,Kaiser Permanente,Kaiser Permanente,ACA Optional Expansion - UIS State-Only,279.9,,298.47
1/25-12/25,2025,GMC,Sacramento,Kaiser Permanente,Kaiser Permanente,SPD - UIS State-Only,978.57,,1031.63
1/25-12/25,2025,GMC,Sacramento,Kaiser Permanente,Kaiser Permanente,SPD/Full-Dual - UIS State-Only,750.69,,784.29
1/25-12/25,2025,GMC,Sacramento,Kaiser Permanente,Kaiser Permanente,LTC - UIS State-Only,978.57,,1031.63
1/25-12/25,2025,GMC,Sacramento,Kaiser Permanente,Kaiser Permanente,LTC/Full-Dual - UIS State-Only,750.69,,784.29
1/25-12/25,2025,GMC,Sacramento,Anthem Blue Cross,Anthem Blue Cross,Child - SIS,118.51,,128.88
1/25-12/25,2025,GMC,Sacramento,Anthem Blue Cross,Anthem Blue Cross,Adult - SIS,280.73,,300.6
1/25-12/25,2025,GMC,Sacramento,Anthem Blue Cross,Anthem Blue Cross,ACA Optional Expansion - SIS,350.04,,373.9
1/25-12/25,2025,GMC,Sacramento,Anthem Blue Cross,Anthem Blue Cross,SPD - SIS,1034.71,,1096.5
1/25-12/25,2025,GMC,Sacramento,Anthem Blue Cross,Anthem Blue Cross,SPD/Full-Dual - SIS,415.65,,437.19
1/25-12/25,2025,GMC,Sacramento,Anthem Blue Cross,Anthem Blue Cross,LTC - SIS,1034.71,,1096.5
1/25-12/25,2025,GMC,Sacramento,Anthem Blue Cross,Anthem Blue Cross,LTC/Full-Dual - SIS,415.65,,437.19
1/25-12/25,2025,GMC,Sacramento,Anthem Blue Cross,Anthem Blue Cross,Maternity - SIS,10580.66,,11047.35
1/25-12/25,2025,GMC,Sacramento,Anthem Blue Cross,Anthem Blue Cross,Child - UIS Federally Eligible,24.74,,27.59
1/25-12/25,2025,GMC,Sacramento,Anthem Blue Cross,Anthem Blue Cross,Adult - UIS Federally Eligible,121.9,,130.5
1/25-12/25,2025,GMC,Sacramento,Anthem Blue Cross,Anthem Blue Cross,ACA Optional Expansion - UIS Federally Eligible,152.72,,163.21
1/25-12/25,2025,GMC,Sacramento,Anthem Blue Cross,Anthem Blue Cross,SPD - UIS Federally Eligible,368.15,,391.6
1/25-12/25,2025,GMC,Sacramento,Anthem Blue Cross,Anthem Blue Cross,SPD/Full-Dual - UIS Federally Eligible,111.02,,119.02
1/25-12/25,2025,GMC,Sacramento,Anthem Blue Cross,Anthem Blue Cross,LTC - UIS Federally Eligible,368.15,,391.6
1/25-12/25,2025,GMC,Sacramento,Anthem Blue Cross,Anthem Blue Cross,LTC/Full-Dual - UIS Federally Eligible,111.02,,119.02
1/25-12/25,2025,GMC,Sacramento,Anthem Blue Cross,Anthem Blue Cross,Maternity - UIS Federally Eligible,10580.66,,11047.35
1/25-12/25,2025,GMC,Sacramento,Anthem Blue Cross,Anthem Blue Cross,Child - UIS State-Only,71.81,,78.19
1/25-12/25,2025,GMC,Sacramento,Anthem Blue Cross,Anthem Blue Cross,Adult - UIS State-Only,189.32,,202.25
1/25-12/25,2025,GMC,Sacramento,Anthem Blue Cross,Anthem Blue Cross,ACA Optional Expansion - UIS State-Only,241.23,,256.96
1/25-12/25,2025,GMC,Sacramento,Anthem Blue Cross,Anthem Blue Cross,SPD - UIS State-Only,645.1,,681.34
1/25-12/25,2025,GMC,Sacramento,Anthem Blue Cross,Anthem Blue Cross,SPD/Full-Dual - UIS State-Only,457.01,,478.52
1/25-12/25,2025,GMC,Sacramento,Anthem Blue Cross,Anthem Blue Cross,LTC - UIS State-Only,645.1,,681.34
1/25-12/25,2025,GMC,Sacramento,Anthem Blue Cross,Anthem Blue Cross,LTC/Full-Dual - UIS State-Only,457.01,,478.52
1/25-12/25,2025,GMC,San Diego,Community Health Group,Community Health Group,Child - SIS,146.09,,158.6
1/25-12/25,2025,GMC,San Diego,Community Health Group,Community Health Group,Adult - SIS,345.46,,369.88
1/25-12/25,2025,GMC,San Diego,Community Health Group,Community Health Group,ACA Optional Expansion - SIS,383.39,,409.73
1/25-12/25,2025,GMC,San Diego,Community Health Group,Community Health Group,SPD - SIS,1199.53,,1269.08
1/25-12/25,2025,GMC,San Diego,Community Health Group,Community Health Group,SPD/Full-Dual - SIS,548.31,,575.42
1/25-12/25,2025,GMC,San Diego,Community Health Group,Community Health Group,LTC - SIS,1199.53,,1269.08
1/25-12/25,2025,GMC,San Diego,Community Health Group,Community Health Group,LTC/Full-Dual - SIS,548.31,,575.42
1/25-12/25,2025,GMC,San Diego,Community Health Group,Community Health Group,Maternity - SIS,7884.9,,8232.84
1/25-12/25,2025,GMC,San Diego,Community Health Group,Community Health Group,Child - UIS Federally Eligible,27.63,,30.77
1/25-12/25,2025,GMC,San Diego,Community Health Group,Community Health Group,Adult - UIS Federally Eligible,130.79,,140.18
1/25-12/25,2025,GMC,San Diego,Community Health Group,Community Health Group,ACA Optional Expansion - UIS Federally Eligible,180.43,,192.93
1/25-12/25,2025,GMC,San Diego,Community Health Group,Community Health Group,SPD - UIS Federally Eligible,438.47,,466.65
1/25-12/25,2025,GMC,San Diego,Community Health Group,Community Health Group,SPD/Full-Dual - UIS Federally Eligible,125.13,,134.16
1/25-12/25,2025,GMC,San Diego,Community Health Group,Community Health Group,LTC - UIS Federally Eligible,438.47,,466.65
1/25-12/25,2025,GMC,San Diego,Community Health Group,Community Health Group,LTC/Full-Dual - UIS Federally Eligible,125.13,,134.16
1/25-12/25,2025,GMC,San Diego,Community Health Group,Community Health Group,Maternity - UIS Federally Eligible,7884.9,,8232.84
1/25-12/25,2025,GMC,San Diego,Community Health Group,Community Health Group,Child - UIS State-Only,96.93,,105.12
1/25-12/25,2025,GMC,San Diego,Community Health Group,Community Health Group,Adult - UIS State-Only,203.99,,218.55
1/25-12/25,2025,GMC,San Diego,Community Health Group,Community Health Group,ACA Optional Expansion - UIS State-Only,297.16,,317.0
1/25-12/25,2025,GMC,San Diego,Community Health Group,Community Health Group,SPD - UIS State-Only,923.82,,975.63
1/25-12/25,2025,GMC,San Diego,Community Health Group,Community Health Group,SPD/Full-Dual - UIS State-Only,750.69,,784.29
1/25-12/25,2025,GMC,San Diego,Community Health Group,Community Health Group,LTC - UIS State-Only,923.82,,975.63
1/25-12/25,2025,GMC,San Diego,Community Health Group,Community Health Group,LTC/Full-Dual - UIS State-Only,750.69,,784.29
1/25-12/25,2025,GMC,San Diego,Kaiser Permanente,Kaiser Permanente,Child - SIS,173.65,,188.16
1/25-12/25,2025,GMC,San Diego,Kaiser Permanente,Kaiser Permanente,Adult - SIS,328.22,,351.72
1/25-12/25,2025,GMC,San Diego,Kaiser Permanente,Kaiser Permanente,ACA Optional Expansion - SIS,298.02,,319.17
1/25-12/25,2025,GMC,San Diego,Kaiser Permanente,Kaiser Permanente,SPD - SIS,885.96,,937.68
1/25-12/25,2025,GMC,San Diego,Kaiser Permanente,Kaiser Permanente,SPD/Full-Dual - SIS,427.45,,450.41
1/25-12/25,2025,GMC,San Diego,Kaiser Permanente,Kaiser Permanente,LTC - SIS,885.96,,937.68
1/25-12/25,2025,GMC,San Diego,Kaiser Permanente,Kaiser Permanente,LTC/Full-Dual - SIS,427.45,,450.41
1/25-12/25,2025,GMC,San Diego,Kaiser Permanente,Kaiser Permanente,Maternity - SIS,7884.9,,8232.84
1/25-12/25,2025,GMC,San Diego,Kaiser Permanente,Kaiser Permanente,Child - UIS Federally Eligible,26.6,,29.62
1/25-12/25,2025,GMC,San Diego,Kaiser Permanente,Kaiser Permanente,Adult - UIS Federally Eligible,128.46,,137.68
1/25-12/25,2025,GMC,San Diego,Kaiser Permanente,Kaiser Permanente,ACA Optional Expansion - UIS Federally Eligible,167.72,,179.34
1/25-12/25,2025,GMC,San Diego,Kaiser Permanente,Kaiser Permanente,SPD - UIS Federally Eligible,424.8,,452.1
1/25-12/25,2025,GMC,San Diego,Kaiser Permanente,Kaiser Permanente,SPD/Full-Dual - UIS Federally Eligible,125.13,,134.16
1/25-12/25,2025,GMC,San Diego,Kaiser Permanente,Kaiser Permanente,LTC - UIS Federally Eligible,424.8,,452.1
1/25-12/25,2025,GMC,San Diego,Kaiser Permanente,Kaiser Permanente,LTC/Full-Dual - UIS Federally Eligible,125.13,,134.16
1/25-12/25,2025,GMC,San Diego,Kaiser Permanente,Kaiser Permanente,Maternity - UIS Federally Eligible,7884.9,,8232.84
1/25-12/25,2025,GMC,San Diego,Kaiser Permanente,Kaiser Permanente,Child - UIS State-Only,91.92,,99.78
1/25-12/25,2025,GMC,San Diego,Kaiser Permanente,Kaiser Permanente,Adult - UIS State-Only,199.33,,213.59
1/25-12/25,2025,GMC,San Diego,Kaiser Permanente,Kaiser Permanente,ACA Optional Expansion - UIS State-Only,279.9,,298.47
1/25-12/25,2025,GMC,San Diego,Kaiser Permanente,Kaiser Permanente,SPD - UIS State-Only,978.57,,1031.63
1/25-12/25,2025,GMC,San Diego,Kaiser Permanente,Kaiser Permanente,SPD/Full-Dual - UIS State-Only,750.69,,784.29
1/25-12/25,2025,GMC,San Diego,Kaiser Permanente,Kaiser Permanente,LTC - UIS State-Only,978.57,,1031.63
1/25-12/25,2025,GMC,San Diego,Kaiser Permanente,Kaiser Permanente,LTC/Full-Dual - UIS State-Only,750.69,,784.29
1/26-12/26,2026,GMC,Sacramento,Molina Healthcare,Molina Healthcare,Child - SIS,109.99,,118.5
1/26-12/26,2026,GMC,Sacramento,Molina Healthcare,Molina Healthcare,Adult - SIS,287.56,,305.62
1/26-12/26,2026,GMC,Sacramento,Molina Healthcare,Molina Healthcare,ACA Optional Expansion - SIS,368.59,,390.57
1/26-12/26,2026,GMC,Sacramento,Molina Healthcare,Molina Healthcare,SPD - SIS,1159.59,,1221.48
1/26-12/26,2026,GMC,Sacramento,Molina Healthcare,Molina Healthcare,SPD/Full-Dual - SIS,660.99,,689.82
1/26-12/26,2026,GMC,Sacramento,Molina Healthcare,Molina Healthcare,LTC - SIS,1159.59,,1221.48
1/26-12/26,2026,GMC,Sacramento,Molina Healthcare,Molina Healthcare,LTC/Full-Dual - SIS,660.99,,689.82
1/26-12/26,2026,GMC,Sacramento,Molina Healthcare,Molina Healthcare,Maternity - SIS,10468.33,,10891.78
1/26-12/26,2026,GMC,Sacramento,Molina Healthcare,Molina Healthcare,Child - UIS Federally Eligible,26.11,,28.52
1/26-12/26,2026,GMC,Sacramento,Molina Healthcare,Molina Healthcare,Adult - UIS Federally Eligible,108.03,,114.91
1/26-12/26,2026,GMC,Sacramento,Molina Healthcare,Molina Healthcare,ACA Optional Expansion - UIS Federally Eligible,137.25,,145.66
1/26-12/26,2026,GMC,Sacramento,Molina Healthcare,Molina Healthcare,SPD - UIS Federally Eligible,390.04,,412.32
1/26-12/26,2026,GMC,Sacramento,Molina Healthcare,Molina Healthcare,SPD/Full-Dual - UIS Federally Eligible,127.32,,135.32
1/26-12/26,2026,GMC,Sacramento,Molina Healthcare,Molina Healthcare,LTC - UIS Federally Eligible,390.04,,412.32
1/26-12/26,2026,GMC,Sacramento,Molina Healthcare,Molina Healthcare,LTC/Full-Dual - UIS Federally Eligible,127.32,,135.32
1/26-12/26,2026,GMC,Sacramento,Molina Healthcare,Molina Healthcare,Maternity - UIS Federally Eligible,10468.33,,10891.78
1/26-12/26,2026,GMC,Sacramento,Molina Healthcare,Molina Healthcare,Child - UIS State-Only,71.14,,76.7
1/26-12/26,2026,GMC,Sacramento,Molina Healthcare,Molina Healthcare,Adult - UIS State-Only,183.4,,195.0
1/26-12/26,2026,GMC,Sacramento,Molina Healthcare,Molina Healthcare,ACA Optional Expansion - UIS State-Only,226.7,,240.29
1/26-12/26,2026,GMC,Sacramento,Molina Healthcare,Molina Healthcare,SPD - UIS State-Only,702.4,,738.6
1/26-12/26,2026,GMC,Sacramento,Molina Healthcare,Molina Healthcare,SPD/Full-Dual - UIS State-Only,506.99,,528.74
1/26-12/26,2026,GMC,Sacramento,Molina Healthcare,Molina Healthcare,LTC - UIS State-Only,702.4,,738.6
1/26-12/26,2026,GMC,Sacramento,Molina Healthcare,Molina Healthcare,LTC/Full-Dual - UIS State-Only,506.99,,528.74
1/26-12/26,2026,GMC,San Diego,Molina Healthcare,Molina Healthcare,Child - SIS,133.83,,144.39
1/26-12/26,2026,GMC,San Diego,Molina Healthcare,Molina Healthcare,Adult - SIS,320.8,,341.33
1/26-12/26,2026,GMC,San Diego,Molina Healthcare,Molina Healthcare,ACA Optional Expansion - SIS,384.53,,408.12
1/26-12/26,2026,GMC,San Diego,Molina Healthcare,Molina Healthcare,SPD - SIS,1305.73,,1374.18
1/26-12/26,2026,GMC,San Diego,Molina Healthcare,Molina Healthcare,SPD/Full-Dual - SIS,622.17,,651.16
1/26-12/26,2026,GMC,San Diego,Molina Healthcare,Molina Healthcare,LTC - SIS,1305.73,,1374.18
1/26-12/26,2026,GMC,San Diego,Molina Healthcare,Molina Healthcare,LTC/Full-Dual - SIS,622.17,,651.16
1/26-12/26,2026,GMC,San Diego,Molina Healthcare,Molina Healthcare,Maternity - SIS,7811.16,,8126.9
1/26-12/26,2026,GMC,San Diego,Molina Healthcare,Molina Healthcare,Child - UIS Federally Eligible,31.45,,34.24
1/26-12/26,2026,GMC,San Diego,Molina Healthcare,Molina Healthcare,Adult - UIS Federally Eligible,101.9,,108.46
1/26-12/26,2026,GMC,San Diego,Molina Healthcare,Molina Healthcare,ACA Optional Expansion - UIS Federally Eligible,156.29,,165.81
1/26-12/26,2026,GMC,San Diego,Molina Healthcare,Molina Healthcare,SPD - UIS Federally Eligible,388.05,,410.32
1/26-12/26,2026,GMC,San Diego,Molina Healthcare,Molina Healthcare,SPD/Full-Dual - UIS Federally Eligible,183.45,,194.59
1/26-12/26,2026,GMC,San Diego,Molina Healthcare,Molina Healthcare,LTC - UIS Federally Eligible,388.05,,410.32
1/26-12/26,2026,GMC,San Diego,Molina Healthcare,Molina Healthcare,LTC/Full-Dual - UIS Federally Eligible,183.45,,194.59
1/26-12/26,2026,GMC,San Diego,Molina Healthcare,Molina Healthcare,Maternity - UIS Federally Eligible,7811.16,,8126.9
1/26-12/26,2026,GMC,San Diego,Molina Healthcare,Molina Healthcare,Child - UIS State-Only,129.65,,138.92
1/26-12/26,2026,GMC,San Diego,Molina Healthcare,Molina Healthcare,Adult - UIS State-Only,172.7,,184.13
1/26-12/26,2026,GMC,San Diego,Molina Healthcare,Molina Healthcare,ACA Optional Expansion - UIS State-Only,305.3,,323.43
1/26-12/26,2026,GMC,San Diego,Molina Healthcare,Molina Healthcare,SPD - UIS State-Only,1257.7,,1317.93
1/26-12/26,2026,GMC,San Diego,Molina Healthcare,Molina Healthcare,SPD/Full-Dual - UIS State-Only,870.89,,908.43
1/26-12/26,2026,GMC,San Diego,Molina Healthcare,Molina Healthcare,LTC - UIS State-Only,1257.7,,1317.93
1/26-12/26,2026,GMC,San Diego,Molina Healthcare,Molina Healthcare,LTC/Full-Dual - UIS State-Only,870.89,,908.43
1/26-12/26,2026,GMC,Sacramento,Health Net of California,Health Net,Child - SIS,111.85,,120.69
1/26-12/26,2026,GMC,Sacramento,Health Net of California,Health Net,Adult - SIS,306.89,,326.3
1/26-12/26,2026,GMC,Sacramento,Health Net of California,Health Net,ACA Optional Expansion - SIS,392.03,,415.92
1/26-12/26,2026,GMC,Sacramento,Health Net of California,Health Net,SPD - SIS,1141.8,,1203.24
1/26-12/26,2026,GMC,Sacramento,Health Net of California,Health Net,SPD/Full-Dual - SIS,646.78,,675.06
1/26-12/26,2026,GMC,Sacramento,Health Net of California,Health Net,LTC - SIS,1141.8,,1203.24
1/26-12/26,2026,GMC,Sacramento,Health Net of California,Health Net,LTC/Full-Dual - SIS,646.78,,675.06
1/26-12/26,2026,GMC,Sacramento,Health Net of California,Health Net,Maternity - SIS,10468.33,,10891.78
1/26-12/26,2026,GMC,Sacramento,Health Net of California,Health Net,Child - UIS Federally Eligible,27.89,,30.46
1/26-12/26,2026,GMC,Sacramento,Health Net of California,Health Net,Adult - UIS Federally Eligible,115.56,,122.93
1/26-12/26,2026,GMC,Sacramento,Health Net of California,Health Net,ACA Optional Expansion - UIS Federally Eligible,175.94,,186.73
1/26-12/26,2026,GMC,Sacramento,Health Net of California,Health Net,SPD - UIS Federally Eligible,485.92,,513.67
1/26-12/26,2026,GMC,Sacramento,Health Net of California,Health Net,SPD/Full-Dual - UIS Federally Eligible,127.32,,135.32
1/26-12/26,2026,GMC,Sacramento,Health Net of California,Health Net,LTC - UIS Federally Eligible,485.92,,513.67
1/26-12/26,2026,GMC,Sacramento,Health Net of California,Health Net,LTC/Full-Dual - UIS Federally Eligible,127.32,,135.32
1/26-12/26,2026,GMC,Sacramento,Health Net of California,Health Net,Maternity - UIS Federally Eligible,10468.33,,10891.78
1/26-12/26,2026,GMC,Sacramento,Health Net of California,Health Net,Child - UIS State-Only,77.17,,83.16
1/26-12/26,2026,GMC,Sacramento,Health Net of California,Health Net,Adult - UIS State-Only,185.42,,197.28
1/26-12/26,2026,GMC,Sacramento,Health Net of California,Health Net,ACA Optional Expansion - UIS State-Only,279.82,,296.75
1/26-12/26,2026,GMC,Sacramento,Health Net of California,Health Net,SPD - UIS State-Only,832.61,,876.19
1/26-12/26,2026,GMC,Sacramento,Health Net of California,Health Net,SPD/Full-Dual - UIS State-Only,506.99,,528.74
1/26-12/26,2026,GMC,Sacramento,Health Net of California,Health Net,LTC - UIS State-Only,832.61,,876.19
1/26-12/26,2026,GMC,Sacramento,Health Net of California,Health Net,LTC/Full-Dual - UIS State-Only,506.99,,528.74
1/26-12/26,2026,GMC,San Diego,Blue Shield of California,Blue Shield Promise,Child - SIS,123.4,,133.55
1/26-12/26,2026,GMC,San Diego,Blue Shield of California,Blue Shield Promise,Adult - SIS,322.06,,342.76
1/26-12/26,2026,GMC,San Diego,Blue Shield of California,Blue Shield Promise,ACA Optional Expansion - SIS,408.75,,433.87
1/26-12/26,2026,GMC,San Diego,Blue Shield of California,Blue Shield Promise,SPD - SIS,1700.7,,1787.28
1/26-12/26,2026,GMC,San Diego,Blue Shield of California,Blue Shield Promise,SPD/Full-Dual - SIS,753.32,,786.25
1/26-12/26,2026,GMC,San Diego,Blue Shield of California,Blue Shield Promise,LTC - SIS,1700.7,,1787.28
1/26-12/26,2026,GMC,San Diego,Blue Shield of California,Blue Shield Promise,LTC/Full-Dual - SIS,753.32,,786.25
1/26-12/26,2026,GMC,San Diego,Blue Shield of California,Blue Shield Promise,Maternity - SIS,7811.16,,8126.9
1/26-12/26,2026,GMC,San Diego,Blue Shield of California,Blue Shield Promise,Child - UIS Federally Eligible,31.17,,33.92
1/26-12/26,2026,GMC,San Diego,Blue Shield of California,Blue Shield Promise,Adult - UIS Federally Eligible,108.94,,115.95
1/26-12/26,2026,GMC,San Diego,Blue Shield of California,Blue Shield Promise,ACA Optional Expansion - UIS Federally Eligible,173.32,,183.87
1/26-12/26,2026,GMC,San Diego,Blue Shield of California,Blue Shield Promise,SPD - UIS Federally Eligible,401.73,,424.78
1/26-12/26,2026,GMC,San Diego,Blue Shield of California,Blue Shield Promise,SPD/Full-Dual - UIS Federally Eligible,183.45,,194.59
1/26-12/26,2026,GMC,San Diego,Blue Shield of California,Blue Shield Promise,LTC - UIS Federally Eligible,401.73,,424.78
1/26-12/26,2026,GMC,San Diego,Blue Shield of California,Blue Shield Promise,LTC/Full-Dual - UIS Federally Eligible,183.45,,194.59
1/26-12/26,2026,GMC,San Diego,Blue Shield of California,Blue Shield Promise,Maternity - UIS Federally Eligible,7811.16,,8126.9
1/26-12/26,2026,GMC,San Diego,Blue Shield of California,Blue Shield Promise,Child - UIS State-Only,81.27,,88.07
1/26-12/26,2026,GMC,San Diego,Blue Shield of California,Blue Shield Promise,Adult - UIS State-Only,181.64,,193.71
1/26-12/26,2026,GMC,San Diego,Blue Shield of California,Blue Shield Promise,ACA Optional Expansion - UIS State-Only,349.6,,369.98
1/26-12/26,2026,GMC,San Diego,Blue Shield of California,Blue Shield Promise,SPD - UIS State-Only,1192.15,,1250.66
1/26-12/26,2026,GMC,San Diego,Blue Shield of California,Blue Shield Promise,SPD/Full-Dual - UIS State-Only,870.89,,908.43
1/26-12/26,2026,GMC,San Diego,Blue Shield of California,Blue Shield Promise,LTC - UIS State-Only,1192.15,,1250.66
1/26-12/26,2026,GMC,San Diego,Blue Shield of California,Blue Shield Promise,LTC/Full-Dual - UIS State-Only,870.89,,908.43
1/26-12/26,2026,GMC,Sacramento,Kaiser Permanente,Kaiser Permanente,Child - SIS,160.15,,171.83
1/26-12/26,2026,GMC,Sacramento,Kaiser Permanente,Kaiser Permanente,Adult - SIS,351.76,,373.98
1/26-12/26,2026,GMC,Sacramento,Kaiser Permanente,Kaiser Permanente,ACA Optional Expansion - SIS,408.68,,433.82
1/26-12/26,2026,GMC,Sacramento,Kaiser Permanente,Kaiser Permanente,SPD - SIS,1091.05,,1150.48
1/26-12/26,2026,GMC,Sacramento,Kaiser Permanente,Kaiser Permanente,SPD/Full-Dual - SIS,449.06,,470.72
1/26-12/26,2026,GMC,Sacramento,Kaiser Permanente,Kaiser Permanente,LTC - SIS,1091.05,,1150.48
1/26-12/26,2026,GMC,Sacramento,Kaiser Permanente,Kaiser Permanente,LTC/Full-Dual - SIS,449.06,,470.72
1/26-12/26,2026,GMC,Sacramento,Kaiser Permanente,Kaiser Permanente,Maternity - SIS,10468.33,,10891.78
1/26-12/26,2026,GMC,Sacramento,Kaiser Permanente,Kaiser Permanente,Child - UIS Federally Eligible,28.21,,30.81
1/26-12/26,2026,GMC,Sacramento,Kaiser Permanente,Kaiser Permanente,Adult - UIS Federally Eligible,119.5,,127.11
1/26-12/26,2026,GMC,Sacramento,Kaiser Permanente,Kaiser Permanente,ACA Optional Expansion - UIS Federally Eligible,125.54,,133.24
1/26-12/26,2026,GMC,Sacramento,Kaiser Permanente,Kaiser Permanente,SPD - UIS Federally Eligible,390.04,,412.32
1/26-12/26,2026,GMC,Sacramento,Kaiser Permanente,Kaiser Permanente,SPD/Full-Dual - UIS Federally Eligible,127.32,,135.32
1/26-12/26,2026,GMC,Sacramento,Kaiser Permanente,Kaiser Permanente,LTC - UIS Federally Eligible,390.04,,412.32
1/26-12/26,2026,GMC,Sacramento,Kaiser Permanente,Kaiser Permanente,LTC/Full-Dual - UIS Federally Eligible,127.32,,135.32
1/26-12/26,2026,GMC,Sacramento,Kaiser Permanente,Kaiser Permanente,Maternity - UIS Federally Eligible,10468.33,,10891.78
1/26-12/26,2026,GMC,Sacramento,Kaiser Permanente,Kaiser Permanente,Child - UIS State-Only,77.75,,83.8
1/26-12/26,2026,GMC,Sacramento,Kaiser Permanente,Kaiser Permanente,Adult - UIS State-Only,193.44,,205.79
1/26-12/26,2026,GMC,Sacramento,Kaiser Permanente,Kaiser Permanente,ACA Optional Expansion - UIS State-Only,204.35,,216.61
1/26-12/26,2026,GMC,Sacramento,Kaiser Permanente,Kaiser Permanente,SPD - UIS State-Only,702.4,,738.6
1/26-12/26,2026,GMC,Sacramento,Kaiser Permanente,Kaiser Permanente,SPD/Full-Dual - UIS State-Only,506.99,,528.74
1/26-12/26,2026,GMC,Sacramento,Kaiser Permanente,Kaiser Permanente,LTC - UIS State-Only,702.4,,738.6
1/26-12/26,2026,GMC,Sacramento,Kaiser Permanente,Kaiser Permanente,LTC/Full-Dual - UIS State-Only,506.99,,528.74
1/26-12/26,2026,GMC,Sacramento,Anthem Blue Cross,Anthem Blue Cross,Child - SIS,111.11,,119.98
1/26-12/26,2026,GMC,Sacramento,Anthem Blue Cross,Anthem Blue Cross,Adult - SIS,307.88,,327.28
1/26-12/26,2026,GMC,Sacramento,Anthem Blue Cross,Anthem Blue Cross,ACA Optional Expansion - SIS,381.43,,404.61
1/26-12/26,2026,GMC,Sacramento,Anthem Blue Cross,Anthem Blue Cross,SPD - SIS,1142.16,,1204.54
1/26-12/26,2026,GMC,Sacramento,Anthem Blue Cross,Anthem Blue Cross,SPD/Full-Dual - SIS,430.11,,451.25
1/26-12/26,2026,GMC,Sacramento,Anthem Blue Cross,Anthem Blue Cross,LTC - SIS,1142.16,,1204.54
1/26-12/26,2026,GMC,Sacramento,Anthem Blue Cross,Anthem Blue Cross,LTC/Full-Dual - SIS,430.11,,451.25
1/26-12/26,2026,GMC,Sacramento,Anthem Blue Cross,Anthem Blue Cross,Maternity - SIS,10468.33,,10891.78
1/26-12/26,2026,GMC,Sacramento,Anthem Blue Cross,Anthem Blue Cross,Child - UIS Federally Eligible,29.5,,32.22
1/26-12/26,2026,GMC,Sacramento,Anthem Blue Cross,Anthem Blue Cross,Adult - UIS Federally Eligible,113.56,,120.79
1/26-12/26,2026,GMC,Sacramento,Anthem Blue Cross,Anthem Blue Cross,ACA Optional Expansion - UIS Federally Eligible,153.24,,162.64
1/26-12/26,2026,GMC,Sacramento,Anthem Blue Cross,Anthem Blue Cross,SPD - UIS Federally Eligible,334.74,,353.85
1/26-12/26,2026,GMC,Sacramento,Anthem Blue Cross,Anthem Blue Cross,SPD/Full-Dual - UIS Federally Eligible,127.32,,135.32
1/26-12/26,2026,GMC,Sacramento,Anthem Blue Cross,Anthem Blue Cross,LTC - UIS Federally Eligible,334.74,,353.85
1/26-12/26,2026,GMC,Sacramento,Anthem Blue Cross,Anthem Blue Cross,LTC/Full-Dual - UIS Federally Eligible,127.32,,135.32
1/26-12/26,2026,GMC,Sacramento,Anthem Blue Cross,Anthem Blue Cross,Maternity - UIS Federally Eligible,10468.33,,10891.78
1/26-12/26,2026,GMC,Sacramento,Anthem Blue Cross,Anthem Blue Cross,Child - UIS State-Only,81.53,,87.86
1/26-12/26,2026,GMC,Sacramento,Anthem Blue Cross,Anthem Blue Cross,Adult - UIS State-Only,196.52,,208.91
1/26-12/26,2026,GMC,Sacramento,Anthem Blue Cross,Anthem Blue Cross,ACA Optional Expansion - UIS State-Only,253.36,,268.58
1/26-12/26,2026,GMC,Sacramento,Anthem Blue Cross,Anthem Blue Cross,SPD - UIS State-Only,627.3,,659.24
1/26-12/26,2026,GMC,Sacramento,Anthem Blue Cross,Anthem Blue Cross,SPD/Full-Dual - UIS State-Only,506.99,,528.74
1/26-12/26,2026,GMC,Sacramento,Anthem Blue Cross,Anthem Blue Cross,LTC - UIS State-Only,627.3,,659.24
1/26-12/26,2026,GMC,Sacramento,Anthem Blue Cross,Anthem Blue Cross,LTC/Full-Dual - UIS State-Only,506.99,,528.74
1/26-12/26,2026,GMC,San Diego,Community Health Group,Community Health Group,Child - SIS,139.3,,150.39
1/26-12/26,2026,GMC,San Diego,Community Health Group,Community Health Group,Adult - SIS,368.25,,391.82
1/26-12/26,2026,GMC,San Diego,Community Health Group,Community Health Group,ACA Optional Expansion - SIS,431.46,,458.01
1/26-12/26,2026,GMC,San Diego,Community Health Group,Community Health Group,SPD - SIS,1451.7,,1528.13
1/26-12/26,2026,GMC,San Diego,Community Health Group,Community Health Group,SPD/Full-Dual - SIS,646.95,,676.7
1/26-12/26,2026,GMC,San Diego,Community Health Group,Community Health Group,LTC - SIS,1451.7,,1528.13
1/26-12/26,2026,GMC,San Diego,Community Health Group,Community Health Group,LTC/Full-Dual - SIS,646.95,,676.7
1/26-12/26,2026,GMC,San Diego,Community Health Group,Community Health Group,Maternity - SIS,7811.16,,8126.9
1/26-12/26,2026,GMC,San Diego,Community Health Group,Community Health Group,Child - UIS Federally Eligible,33.12,,36.05
1/26-12/26,2026,GMC,San Diego,Community Health Group,Community Health Group,Adult - UIS Federally Eligible,125.38,,133.45
1/26-12/26,2026,GMC,San Diego,Community Health Group,Community Health Group,ACA Optional Expansion - UIS Federally Eligible,200.55,,212.76
1/26-12/26,2026,GMC,San Diego,Community Health Group,Community Health Group,SPD - UIS Federally Eligible,453.76,,479.8
1/26-12/26,2026,GMC,San Diego,Community Health Group,Community Health Group,SPD/Full-Dual - UIS Federally Eligible,183.45,,194.59
1/26-12/26,2026,GMC,San Diego,Community Health Group,Community Health Group,LTC - UIS Federally Eligible,453.76,,479.8
1/26-12/26,2026,GMC,San Diego,Community Health Group,Community Health Group,LTC/Full-Dual - UIS Federally Eligible,183.45,,194.59
1/26-12/26,2026,GMC,San Diego,Community Health Group,Community Health Group,Maternity - UIS Federally Eligible,7811.16,,8126.9
1/26-12/26,2026,GMC,San Diego,Community Health Group,Community Health Group,Child - UIS State-Only,111.14,,119.62
1/26-12/26,2026,GMC,San Diego,Community Health Group,Community Health Group,Adult - UIS State-Only,214.34,,228.51
1/26-12/26,2026,GMC,San Diego,Community Health Group,Community Health Group,ACA Optional Expansion - UIS State-Only,394.86,,418.31
1/26-12/26,2026,GMC,San Diego,Community Health Group,Community Health Group,SPD - UIS State-Only,1136.29,,1195.9
1/26-12/26,2026,GMC,San Diego,Community Health Group,Community Health Group,SPD/Full-Dual - UIS State-Only,870.89,,908.43
1/26-12/26,2026,GMC,San Diego,Community Health Group,Community Health Group,LTC - UIS State-Only,1136.29,,1195.9
1/26-12/26,2026,GMC,San Diego,Community Health Group,Community Health Group,LTC/Full-Dual - UIS State-Only,870.89,,908.43
1/26-12/26,2026,GMC,San Diego,Kaiser Permanente,Kaiser Permanente,Child - SIS,177.2,,190.48
1/26-12/26,2026,GMC,San Diego,Kaiser Permanente,Kaiser Permanente,Adult - SIS,361.4,,384.69
1/26-12/26,2026,GMC,San Diego,Kaiser Permanente,Kaiser Permanente,ACA Optional Expansion - SIS,350.54,,372.65
1/26-12/26,2026,GMC,San Diego,Kaiser Permanente,Kaiser Permanente,SPD - SIS,1090.05,,1148.46
1/26-12/26,2026,GMC,San Diego,Kaiser Permanente,Kaiser Permanente,SPD/Full-Dual - SIS,447.76,,470.55
1/26-12/26,2026,GMC,San Diego,Kaiser Permanente,Kaiser Permanente,LTC - SIS,1090.05,,1148.46
1/26-12/26,2026,GMC,San Diego,Kaiser Permanente,Kaiser Permanente,LTC/Full-Dual - SIS,447.76,,470.55
1/26-12/26,2026,GMC,San Diego,Kaiser Permanente,Kaiser Permanente,Maternity - SIS,7811.16,,8126.9
1/26-12/26,2026,GMC,San Diego,Kaiser Permanente,Kaiser Permanente,Child - UIS Federally Eligible,32.15,,34.99
1/26-12/26,2026,GMC,San Diego,Kaiser Permanente,Kaiser Permanente,Adult - UIS Federally Eligible,114.14,,121.49
1/26-12/26,2026,GMC,San Diego,Kaiser Permanente,Kaiser Permanente,ACA Optional Expansion - UIS Federally Eligible,145.13,,153.96
1/26-12/26,2026,GMC,San Diego,Kaiser Permanente,Kaiser Permanente,SPD - UIS Federally Eligible,424.81,,449.19
1/26-12/26,2026,GMC,San Diego,Kaiser Permanente,Kaiser Permanente,SPD/Full-Dual - UIS Federally Eligible,183.45,,194.59
1/26-12/26,2026,GMC,San Diego,Kaiser Permanente,Kaiser Permanente,LTC - UIS Federally Eligible,424.81,,449.19
1/26-12/26,2026,GMC,San Diego,Kaiser Permanente,Kaiser Permanente,LTC/Full-Dual - UIS Federally Eligible,183.45,,194.59
1/26-12/26,2026,GMC,San Diego,Kaiser Permanente,Kaiser Permanente,Maternity - UIS Federally Eligible,7811.16,,8126.9
1/26-12/26,2026,GMC,San Diego,Kaiser Permanente,Kaiser Permanente,Child - UIS State-Only,111.08,,119.47
1/26-12/26,2026,GMC,San Diego,Kaiser Permanente,Kaiser Permanente,Adult - UIS State-Only,190.71,,203.38
1/26-12/26,2026,GMC,San Diego,Kaiser Permanente,Kaiser Permanente,ACA Optional Expansion - UIS State-Only,263.95,,280.15
1/26-12/26,2026,GMC,San Diego,Kaiser Permanente,Kaiser Permanente,SPD - UIS State-Only,1181.0,,1240.55
1/26-12/26,2026,GMC,San Diego,Kaiser Permanente,Kaiser Permanente,SPD/Full-Dual - UIS State-Only,870.89,,908.43
1/26-12/26,2026,GMC,San Diego,Kaiser Permanente,Kaiser Permanente,LTC - UIS State-Only,1181.0,,1240.55
1/26-12/26,2026,GMC,San Diego,Kaiser Permanente,Kaiser Permanente,LTC/Full-Dual - UIS State-Only,870.89,,908.43
