Rating Period,Calendar Year,Model,County,Health Plan,Brand,Category of Aid,Lower Bound,Midpoint,Upper Bound
1/21-12/21,2021,Regional,Alpine,Anthem Blue Cross,Anthem Blue Cross,Child,66.06,68.98,72.09
1/21-12/21,2021,Regional,Alpine,Anthem Blue Cross,Anthem Blue Cross,Adult,261.19,268.96,277.12
1/21-12/21,2021,Regional,Alpine,Anthem Blue Cross,Anthem Blue Cross,Adult Expansion,330.63,340.08,349.98
1/21-12/21,2021,Regional,Alpine,Anthem Blue Cross,Anthem Blue Cross,SPD,927.25,950.32,974.4
1/21-12/21,2021,Regional,Alpine,Anthem Blue Cross,Anthem Blue Cross,SPD Dual,150.41,155.69,161.24
1/21-12/21,2021,Regional,Alpine,Anthem Blue Cross,Anthem Blue Cross,Maternity,10630.12,10955.83,11293.84
1/21-12/21,2021,Regional,Amador,Anthem Blue Cross,Anthem Blue Cross,Child,66.06,68.98,72.09
1/21-12/21,2021,Regional,Amador,Anthem Blue Cross,Anthem Blue Cross,Adult,261.19,268.96,277.12
1/21-12/21,2021,Regional,Amador,Anthem Blue Cross,Anthem Blue Cross,Adult Expansion,330.63,340.08,349.98
1/21-12/21,2021,Regional,Amador,Anthem Blue Cross,Anthem Blue Cross,SPD,927.25,950.32,974.4
1/21-12/21,2021,Regional,Amador,Anthem Blue Cross,Anthem Blue Cross,SPD Dual,150.41,155.69,161.24
1/21-12/21,2021,Regional,Amador,Anthem Blue Cross,Anthem Blue Cross,Maternity,10630.12,10955.83,11293.84
1/21-12/21,2021,Regional,Butte,Anthem Blue Cross,Anthem Blue Cross,Child,66.06,68.98,72.09
1/21-12/21,2021,Regional,Butte,Anthem Blue Cross,Anthem Blue Cross,Adult,261.19,268.96,277.12
1/21-12/21,2021,Regional,Butte,Anthem Blue Cross,Anthem Blue Cross,Adult Expansion,330.63,340.08,349.98
1/21-12/21,2021,Regional,Butte,Anthem Blue Cross,Anthem Blue Cross,SPD,927.25,950.32,974.4
1/21-12/21,2021,Regional,Butte,Anthem Blue Cross,Anthem Blue Cross,SPD Dual,150.41,155.69,161.24
1/21-12/21,2021,Regional,Butte,Anthem Blue Cross,Anthem Blue Cross,Maternity,10630.12,10955.83,11293.84
1/21-12/21,2021,Regional,Calaveras,Anthem Blue Cross,Anthem Blue Cross,Child,66.06,68.98,72.09
1/21-12/21,2021,Regional,Calaveras,Anthem Blue Cross,Anthem Blue Cross,Adult,261.19,268.96,277.12
1/21-12/21,2021,Regional,Calaveras,Anthem Blue Cross,Anthem Blue Cross,Adult Expansion,330.63,340.08,349.98
1/21-12/21,2021,Regional,Calaveras,Anthem Blue Cross,Anthem Blue Cross,SPD,927.25,950.32,974.4
1/21-12/21,2021,Regional,Calaveras,Anthem Blue Cross,Anthem Blue Cross,SPD Dual,150.41,155.69,161.24
1/21-12/21,2021,Regional,Calaveras,Anthem Blue Cross,Anthem Blue Cross,Maternity,10630.12,10955.83,11293.84
1/21-12/21,2021,Regional,Colusa,Anthem Blue Cross,Anthem Blue Cross,Child,66.06,68.98,72.09
1/21-12/21,2021,Regional,Colusa,Anthem Blue Cross,Anthem Blue Cross,Adult,261.19,268.96,277.12
1/21-12/21,2021,Regional,Colusa,Anthem Blue Cross,Anthem Blue Cross,Adult Expansion,330.63,340.08,349.98
1/21-12/21,2021,Regional,Colusa,Anthem Blue Cross,Anthem Blue Cross,SPD,927.25,950.32,974.4
1/21-12/21,2021,Regional,Colusa,Anthem Blue Cross,Anthem Blue Cross,SPD Dual,150.41,155.69,161.24
1/21-12/21,2021,Regional,Colusa,Anthem Blue Cross,Anthem Blue Cross,Maternity,10630.12,10955.83,11293.84
1/21-12/21,2021,Regional,El Dorado,Anthem Blue Cross,Anthem Blue Cross,Child,66.06,68.98,72.09
1/21-12/21,2021,Regional,El Dorado,Anthem Blue Cross,Anthem Blue Cross,Adult,261.19,268.96,277.12
1/21-12/21,2021,Regional,El Dorado,Anthem Blue Cross,Anthem Blue Cross,Adult Expansion,330.63,340.08,349.98
1/21-12/21,2021,Regional,El Dorado,Anthem Blue Cross,Anthem Blue Cross,SPD,927.25,950.32,974.4
1/21-12/21,2021,Regional,El Dorado,Anthem Blue Cross,Anthem Blue Cross,SPD Dual,150.41,155.69,161.24
1/21-12/21,2021,Regional,El Dorado,Anthem Blue Cross,Anthem Blue Cross,Maternity,10630.12,10955.83,11293.84
1/21-12/21,2021,Regional,Glenn,Anthem Blue Cross,Anthem Blue Cross,Child,66.06,68.98,72.09
1/21-12/21,2021,Regional,Glenn,Anthem Blue Cross,Anthem Blue Cross,Adult,261.19,268.96,277.12
1/21-12/21,2021,Regional,Glenn,Anthem Blue Cross,Anthem Blue Cross,Adult Expansion,330.63,340.08,349.98
1/21-12/21,2021,Regional,Glenn,Anthem Blue Cross,Anthem Blue Cross,SPD,927.25,950.32,974.4
1/21-12/21,2021,Regional,Glenn,Anthem Blue Cross,Anthem Blue Cross,SPD Dual,150.41,155.69,161.24
1/21-12/21,2021,Regional,Glenn,Anthem Blue Cross,Anthem Blue Cross,Maternity,10630.12,10955.83,11293.84
1/21-12/21,2021,Regional,Inyo,Anthem Blue Cross,Anthem Blue Cross,Child,66.06,68.98,72.09
1/21-12/21,2021,Regional,Inyo,Anthem Blue Cross,Anthem Blue Cross,Adult,261.19,268.96,277.12
1/21-12/21,2021,Regional,Inyo,Anthem Blue Cross,Anthem Blue Cross,Adult Expansion,330.63,340.08,349.98
1/21-12/21,2021,Regional,Inyo,Anthem Blue Cross,Anthem Blue Cross,SPD,927.25,950.32,974.4
1/21-12/21,2021,Regional,Inyo,Anthem Blue Cross,Anthem Blue Cross,SPD Dual,150.41,155.69,161.24
1/21-12/21,2021,Regional,Inyo,Anthem Blue Cross,Anthem Blue Cross,Maternity,10630.12,10955.83,11293.84
1/21-12/21,2021,Regional,Mariposa,Anthem Blue Cross,Anthem Blue Cross,Child,66.06,68.98,72.09
1/21-12/21,2021,Regional,Mariposa,Anthem Blue Cross,Anthem Blue Cross,Adult,261.19,268.96,277.12
1/21-12/21,2021,Regional,Mariposa,Anthem Blue Cross,Anthem Blue Cross,Adult Expansion,330.63,340.08,349.98
1/21-12/21,2021,Regional,Mariposa,Anthem Blue Cross,Anthem Blue Cross,SPD,927.25,950.32,974.4
1/21-12/21,2021,Regional,Mariposa,Anthem Blue Cross,Anthem Blue Cross,SPD Dual,150.41,155.69,161.24
1/21-12/21,2021,Regional,Mariposa,Anthem Blue Cross,Anthem Blue Cross,Maternity,10630.12,10955.83,11293.84
1/21-12/21,2021,Regional,Mono,Anthem Blue Cross,Anthem Blue Cross,Child,66.06,68.98,72.09
1/21-12/21,2021,Regional,Mono,Anthem Blue Cross,Anthem Blue Cross,Adult,261.19,268.96,277.12
1/21-12/21,2021,Regional,Mono,Anthem Blue Cross,Anthem Blue Cross,Adult Expansion,330.63,340.08,349.98
1/21-12/21,2021,Regional,Mono,Anthem Blue Cross,Anthem Blue Cross,SPD,927.25,950.32,974.4
1/21-12/21,2021,Regional,Mono,Anthem Blue Cross,Anthem Blue Cross,SPD Dual,150.41,155.69,161.24
1/21-12/21,2021,Regional,Mono,Anthem Blue Cross,Anthem Blue Cross,Maternity,10630.12,10955.83,11293.84
1/21-12/21,2021,Regional,Nevada,Anthem Blue Cross,Anthem Blue Cross,Child,66.06,68.98,72.09
1/21-12/21,2021,Regional,Nevada,Anthem Blue Cross,Anthem Blue Cross,Adult,261.19,268.96,277.12
1/21-12/21,2021,Regional,Nevada,Anthem Blue Cross,Anthem Blue Cross,Adult Expansion,330.63,340.08,349.98
1/21-12/21,2021,Regional,Nevada,Anthem Blue Cross,Anthem Blue Cross,SPD,927.25,950.32,974.4
1/21-12/21,2021,Regional,Nevada,Anthem Blue Cross,Anthem Blue Cross,SPD Dual,150.41,155.69,161.24
1/21-12/21,2021,Regional,Nevada,Anthem Blue Cross,Anthem Blue Cross,Maternity,10630.12,10955.83,11293.84
1/21-12/21,2021,Regional,Placer,Anthem Blue Cross,Anthem Blue Cross,Child,66.06,68.98,72.09
1/21-12/21,2021,Regional,Placer,Anthem Blue Cross,Anthem Blue Cross,Adult,261.19,268.96,277.12
1/21-12/21,2021,Regional,Placer,Anthem Blue Cross,Anthem Blue Cross,Adult Expansion,330.63,340.08,349.98
1/21-12/21,2021,Regional,Placer,Anthem Blue Cross,Anthem Blue Cross,SPD,927.25,950.32,974.4
1/21-12/21,2021,Regional,Placer,Anthem Blue Cross,Anthem Blue Cross,SPD Dual,150.41,155.69,161.24
1/21-12/21,2021,Regional,Placer,Anthem Blue Cross,Anthem Blue Cross,Maternity,10630.12,10955.83,11293.84
1/21-12/21,2021,Regional,Plumas,Anthem Blue Cross,Anthem Blue Cross,Child,66.06,68.98,72.09
1/21-12/21,2021,Regional,Plumas,Anthem Blue Cross,Anthem Blue Cross,Adult,261.19,268.96,277.12
1/21-12/21,2021,Regional,Plumas,Anthem Blue Cross,Anthem Blue Cross,Adult Expansion,330.63,340.08,349.98
1/21-12/21,2021,Regional,Plumas,Anthem Blue Cross,Anthem Blue Cross,SPD,927.25,950.32,974.4
1/21-12/21,2021,Regional,Plumas,Anthem Blue Cross,Anthem Blue Cross,SPD Dual,150.41,155.69,161.24
1/21-12/21,2021,Regional,Plumas,Anthem Blue Cross,Anthem Blue Cross,Maternity,10630.12,10955.83,11293.84
1/21-12/21,2021,Regional,Sierra,Anthem Blue Cross,Anthem Blue Cross,Child,66.06,68.98,72.09
1/21-12/21,2021,Regional,Sierra,Anthem Blue Cross,Anthem Blue Cross,Adult,261.19,268.96,277.12
1/21-12/21,2021,Regional,Sierra,Anthem Blue Cross,Anthem Blue Cross,Adult Expansion,330.63,340.08,349.98
1/21-12/21,2021,Regional,Sierra,Anthem Blue Cross,Anthem Blue Cross,SPD,927.25,950.32,974.4
1/21-12/21,2021,Regional,Sierra,Anthem Blue Cross,Anthem Blue Cross,SPD Dual,150.41,155.69,161.24
1/21-12/21,2021,Regional,Sierra,Anthem Blue Cross,Anthem Blue Cross,Maternity,10630.12,10955.83,11293.84
1/21-12/21,2021,Regional,Sutter,Anthem Blue Cross,Anthem Blue Cross,Child,66.06,68.98,72.09
1/21-12/21,2021,Regional,Sutter,Anthem Blue Cross,Anthem Blue Cross,Adult,261.19,268.96,277.12
1/21-12/21,2021,Regional,Sutter,Anthem Blue Cross,Anthem Blue Cross,Adult Expansion,330.63,340.08,349.98
1/21-12/21,2021,Regional,Sutter,Anthem Blue Cross,Anthem Blue Cross,SPD,927.25,950.32,974.4
1/21-12/21,2021,Regional,Sutter,Anthem Blue Cross,Anthem Blue Cross,SPD Dual,150.41,155.69,161.24
1/21-12/21,2021,Regional,Sutter,Anthem Blue Cross,Anthem Blue Cross,Maternity,10630.12,10955.83,11293.84
1/21-12/21,2021,Regional,Tehama,Anthem Blue Cross,Anthem Blue Cross,Child,66.06,68.98,72.09
1/21-12/21,2021,Regional,Tehama,Anthem Blue Cross,Anthem Blue Cross,Adult,261.19,268.96,277.12
1/21-12/21,2021,Regional,Tehama,Anthem Blue Cross,Anthem Blue Cross,Adult Expansion,330.63,340.08,349.98
1/21-12/21,2021,Regional,Tehama,Anthem Blue Cross,Anthem Blue Cross,SPD,927.25,950.32,974.4
1/21-12/21,2021,Regional,Tehama,Anthem Blue Cross,Anthem Blue Cross,SPD Dual,150.41,155.69,161.24
1/21-12/21,2021,Regional,Tehama,Anthem Blue Cross,Anthem Blue Cross,Maternity,10630.12,10955.83,11293.84
1/21-12/21,2021,Regional,Tuolumne,Anthem Blue Cross,Anthem Blue Cross,Child,66.06,68.98,72.09
1/21-12/21,2021,Regional,Tuolumne,Anthem Blue Cross,Anthem Blue Cross,Adult,261.19,268.96,277.12
1/21-12/21,2021,Regional,Tuolumne,Anthem Blue Cross,Anthem Blue Cross,Adult Expansion,330.63,340.08,349.98
1/21-12/21,2021,Regional,Tuolumne,Anthem Blue Cross,Anthem Blue Cross,SPD,927.25,950.32,974.4
1/21-12/21,2021,Regional,Tuolumne,Anthem Blue Cross,Anthem Blue Cross,SPD Dual,150.41,155.69,161.24
1/21-12/21,2021,Regional,Tuolumne,Anthem Blue Cross,Anthem Blue Cross,Maternity,10630.12,10955.83,11293.84
1/21-12/21,2021,Regional,Yuba,Anthem Blue Cross,Anthem Blue Cross,Child,66.06,68.98,72.09
1/21-12/21,2021,Regional,Yuba,Anthem Blue Cross,Anthem Blue Cross,Adult,261.19,268.96,277.12
1/21-12/21,2021,Regional,Yuba,Anthem Blue Cross,Anthem Blue Cross,Adult Expansion,330.63,340.08,349.98
1/21-12/21,2021,Regional,Yuba,Anthem Blue Cross,Anthem Blue Cross,SPD,927.25,950.32,974.4
1/21-12/21,2021,Regional,Yuba,Anthem Blue Cross,Anthem Blue Cross,SPD Dual,150.41,155.69,161.24
1/21-12/21,2021,Regional,Yuba,Anthem Blue Cross,Anthem Blue Cross,Maternity,10630.12,10955.83,11293.84
1/21-12/21,2021,Regional,Alpine,CA Health & Wellness,California Health and Wellness,Child,70.78,73.93,77.28
1/21-12/21,2021,Regional,Alpine,CA Health & Wellness,California Health and Wellness,Adult,301.19,310.12,319.49
1/21-12/21,2021,Regional,Alpine,CA Health & Wellness,California Health and Wellness,Adult Expansion,386.59,397.55,409.04
1/21-12/21,2021,Regional,Alpine,CA Health & Wellness,California Health and Wellness,SPD,1085.7,1112.46,1140.39
1/21-12/21,2021,Regional,Alpine,CA Health & Wellness,California Health and Wellness,SPD Dual,182.43,189.11,196.13
1/21-12/21,2021,Regional,Alpine,CA Health & Wellness,California Health and Wellness,Maternity,10630.12,10955.83,11293.84
1/21-12/21,2021,Regional,Amador,CA Health & Wellness,California Health and Wellness,Child,70.78,73.93,77.28
1/21-12/21,2021,Regional,Amador,CA Health & Wellness,California Health and Wellness,Adult,301.19,310.12,319.49
1/21-12/21,2021,Regional,Amador,CA Health & Wellness,California Health and Wellness,Adult Expansion,386.59,397.55,409.04
1/21-12/21,2021,Regional,Amador,CA Health & Wellness,California Health and Wellness,SPD,1085.7,1112.46,1140.39
1/21-12/21,2021,Regional,Amador,CA Health & Wellness,California Health and Wellness,SPD Dual,182.43,189.11,196.13
1/21-12/21,2021,Regional,Amador,CA Health & Wellness,California Health and Wellness,Maternity,10630.12,10955.83,11293.84
1/21-12/21,2021,Regional,Butte,CA Health & Wellness,California Health and Wellness,Child,70.78,73.93,77.28
1/21-12/21,2021,Regional,Butte,CA Health & Wellness,California Health and Wellness,Adult,301.19,310.12,319.49
1/21-12/21,2021,Regional,Butte,CA Health & Wellness,California Health and Wellness,Adult Expansion,386.59,397.55,409.04
1/21-12/21,2021,Regional,Butte,CA Health & Wellness,California Health and Wellness,SPD,1085.7,1112.46,1140.39
1/21-12/21,2021,Regional,Butte,CA Health & Wellness,California Health and Wellness,SPD Dual,182.43,189.11,196.13
1/21-12/21,2021,Regional,Butte,CA Health & Wellness,California Health and Wellness,Maternity,10630.12,10955.83,11293.84
1/21-12/21,2021,Regional,Calaveras,CA Health & Wellness,California Health and Wellness,Child,70.78,73.93,77.28
1/21-12/21,2021,Regional,Calaveras,CA Health & Wellness,California Health and Wellness,Adult,301.19,310.12,319.49
1/21-12/21,2021,Regional,Calaveras,CA Health & Wellness,California Health and Wellness,Adult Expansion,386.59,397.55,409.04
1/21-12/21,2021,Regional,Calaveras,CA Health & Wellness,California Health and Wellness,SPD,1085.7,1112.46,1140.39
1/21-12/21,2021,Regional,Calaveras,CA Health & Wellness,California Health and Wellness,SPD Dual,182.43,189.11,196.13
1/21-12/21,2021,Regional,Calaveras,CA Health & Wellness,California Health and Wellness,Maternity,10630.12,10955.83,11293.84
1/21-12/21,2021,Regional,Colusa,CA Health & Wellness,California Health and Wellness,Child,70.78,73.93,77.28
1/21-12/21,2021,Regional,Colusa,CA Health & Wellness,California Health and Wellness,Adult,301.19,310.12,319.49
1/21-12/21,2021,Regional,Colusa,CA Health & Wellness,California Health and Wellness,Adult Expansion,386.59,397.55,409.04
1/21-12/21,2021,Regional,Colusa,CA Health & Wellness,California Health and Wellness,SPD,1085.7,1112.46,1140.39
1/21-12/21,2021,Regional,Colusa,CA Health & Wellness,California Health and Wellness,SPD Dual,182.43,189.11,196.13
1/21-12/21,2021,Regional,Colusa,CA Health & Wellness,California Health and Wellness,Maternity,10630.12,10955.83,11293.84
1/21-12/21,2021,Regional,El Dorado,CA Health & Wellness,California Health and Wellness,Child,70.78,73.93,77.28
1/21-12/21,2021,Regional,El Dorado,CA Health & Wellness,California Health and Wellness,Adult,301.19,310.12,319.49
1/21-12/21,2021,Regional,El Dorado,CA Health & Wellness,California Health and Wellness,Adult Expansion,386.59,397.55,409.04
1/21-12/21,2021,Regional,El Dorado,CA Health & Wellness,California Health and Wellness,SPD,1085.7,1112.46,1140.39
1/21-12/21,2021,Regional,El Dorado,CA Health & Wellness,California Health and Wellness,SPD Dual,182.43,189.11,196.13
1/21-12/21,2021,Regional,El Dorado,CA Health & Wellness,California Health and Wellness,Maternity,10630.12,10955.83,11293.84
1/21-12/21,2021,Regional,Glenn,CA Health & Wellness,California Health and Wellness,Child,70.78,73.93,77.28
1/21-12/21,2021,Regional,Glenn,CA Health & Wellness,California Health and Wellness,Adult,301.19,310.12,319.49
1/21-12/21,2021,Regional,Glenn,CA Health & Wellness,California Health and Wellness,Adult Expansion,386.59,397.55,409.04
1/21-12/21,2021,Regional,Glenn,CA Health & Wellness,California Health and Wellness,SPD,1085.7,1112.46,1140.39
1/21-12/21,2021,Regional,Glenn,CA Health & Wellness,California Health and Wellness,SPD Dual,182.43,189.11,196.13
1/21-12/21,2021,Regional,Glenn,CA Health & Wellness,California Health and Wellness,Maternity,10630.12,10955.83,11293.84
1/21-12/21,2021,Regional,Inyo,CA Health & Wellness,California Health and Wellness,Child,70.78,73.93,77.28
1/21-12/21,2021,Regional,Inyo,CA Health & Wellness,California Health and Wellness,Adult,301.19,310.12,319.49
1/21-12/21,2021,Regional,Inyo,CA Health & Wellness,California Health and Wellness,Adult Expansion,386.59,397.55,409.04
1/21-12/21,2021,Regional,Inyo,CA Health & Wellness,California Health and Wellness,SPD,1085.7,1112.46,1140.39
1/21-12/21,2021,Regional,Inyo,CA Health & Wellness,California Health and Wellness,SPD Dual,182.43,189.11,196.13
1/21-12/21,2021,Regional,Inyo,CA Health & Wellness,California Health and Wellness,Maternity,10630.12,10955.83,11293.84
1/21-12/21,2021,Regional,Mariposa,CA Health & Wellness,California Health and Wellness,Child,70.78,73.93,77.28
1/21-12/21,2021,Regional,Mariposa,CA Health & Wellness,California Health and Wellness,Adult,301.19,310.12,319.49
1/21-12/21,2021,Regional,Mariposa,CA Health & Wellness,California Health and Wellness,Adult Expansion,386.59,397.55,409.04
1/21-12/21,2021,Regional,Mariposa,CA Health & Wellness,California Health and Wellness,SPD,1085.7,1112.46,1140.39
1/21-12/21,2021,Regional,Mariposa,CA Health & Wellness,California Health and Wellness,SPD Dual,182.43,189.11,196.13
1/21-12/21,2021,Regional,Mariposa,CA Health & Wellness,California Health and Wellness,Maternity,10630.12,10955.83,11293.84
1/21-12/21,2021,Regional,Mono,CA Health & Wellness,California Health and Wellness,Child,70.78,73.93,77.28
1/21-12/21,2021,Regional,Mono,CA Health & Wellness,California Health and Wellness,Adult,301.19,310.12,319.49
1/21-12/21,2021,Regional,Mono,CA Health & Wellness,California Health and Wellness,Adult Expansion,386.59,397.55,409.04
1/21-12/21,2021,Regional,Mono,CA Health & Wellness,California Health and Wellness,SPD,1085.7,1112.46,1140.39
1/21-12/21,2021,Regional,Mono,CA Health & Wellness,California Health and Wellness,SPD Dual,182.43,189.11,196.13
1/21-12/21,2021,Regional,Mono,CA Health & Wellness,California Health and Wellness,Maternity,10630.12,10955.83,11293.84
1/21-12/21,2021,Regional,Nevada,CA Health & Wellness,California Health and Wellness,Child,70.78,73.93,77.28
1/21-12/21,2021,Regional,Nevada,CA Health & Wellness,California Health and Wellness,Adult,301.19,310.12,319.49
1/21-12/21,2021,Regional,Nevada,CA Health & Wellness,California Health and Wellness,Adult Expansion,386.59,397.55,409.04
1/21-12/21,2021,Regional,Nevada,CA Health & Wellness,California Health and Wellness,SPD,1085.7,1112.46,1140.39
1/21-12/21,2021,Regional,Nevada,CA Health & Wellness,California Health and Wellness,SPD Dual,182.43,189.11,196.13
1/21-12/21,2021,Regional,Nevada,CA Health & Wellness,California Health and Wellness,Maternity,10630.12,10955.83,11293.84
1/21-12/21,2021,Regional,Placer,CA Health & Wellness,California Health and Wellness,Child,70.78,73.93,77.28
1/21-12/21,2021,Regional,Placer,CA Health & Wellness,California Health and Wellness,Adult,301.19,310.12,319.49
1/21-12/21,2021,Regional,Placer,CA Health & Wellness,California Health and Wellness,Adult Expansion,386.59,397.55,409.04
1/21-12/21,2021,Regional,Placer,CA Health & Wellness,California Health and Wellness,SPD,1085.7,1112.46,1140.39
1/21-12/21,2021,Regional,Placer,CA Health & Wellness,California Health and Wellness,SPD Dual,182.43,189.11,196.13
1/21-12/21,2021,Regional,Placer,CA Health & Wellness,California Health and Wellness,Maternity,10630.12,10955.83,11293.84
1/21-12/21,2021,Regional,Plumas,CA Health & Wellness,California Health and Wellness,Child,70.78,73.93,77.28
1/21-12/21,2021,Regional,Plumas,CA Health & Wellness,California Health and Wellness,Adult,301.19,310.12,319.49
1/21-12/21,2021,Regional,Plumas,CA Health & Wellness,California Health and Wellness,Adult Expansion,386.59,397.55,409.04
1/21-12/21,2021,Regional,Plumas,CA Health & Wellness,California Health and Wellness,SPD,1085.7,1112.46,1140.39
1/21-12/21,2021,Regional,Plumas,CA Health & Wellness,California Health and Wellness,SPD Dual,182.43,189.11,196.13
1/21-12/21,2021,Regional,Plumas,CA Health & Wellness,California Health and Wellness,Maternity,10630.12,10955.83,11293.84
1/21-12/21,2021,Regional,Sierra,CA Health & Wellness,California Health and Wellness,Child,70.78,73.93,77.28
1/21-12/21,2021,Regional,Sierra,CA Health & Wellness,California Health and Wellness,Adult,301.19,310.12,319.49
1/21-12/21,2021,Regional,Sierra,CA Health & Wellness,California Health and Wellness,Adult Expansion,386.59,397.55,409.04
1/21-12/21,2021,Regional,Sierra,CA Health & Wellness,California Health and Wellness,SPD,1085.7,1112.46,1140.39
1/21-12/21,2021,Regional,Sierra,CA Health & Wellness,California Health and Wellness,SPD Dual,182.43,189.11,196.13
1/21-12/21,2021,Regional,Sierra,CA Health & Wellness,California Health and Wellness,Maternity,10630.12,10955.83,11293.84
1/21-12/21,2021,Regional,Sutter,CA Health & Wellness,California Health and Wellness,Child,70.78,73.93,77.28
1/21-12/21,2021,Regional,Sutter,CA Health & Wellness,California Health and Wellness,Adult,301.19,310.12,319.49
1/21-12/21,2021,Regional,Sutter,CA Health & Wellness,California Health and Wellness,Adult Expansion,386.59,397.55,409.04
1/21-12/21,2021,Regional,Sutter,CA Health & Wellness,California Health and Wellness,SPD,1085.7,1112.46,1140.39
1/21-12/21,2021,Regional,Sutter,CA Health & Wellness,California Health and Wellness,SPD Dual,182.43,189.11,196.13
1/21-12/21,2021,Regional,Sutter,CA Health & Wellness,California Health and Wellness,Maternity,10630.12,10955.83,11293.84
1/21-12/21,2021,Regional,Tehama,CA Health & Wellness,California Health and Wellness,Child,70.78,73.93,77.28
1/21-12/21,2021,Regional,Tehama,CA Health & Wellness,California Health and Wellness,Adult,301.19,310.12,319.49
1/21-12/21,2021,Regional,Tehama,CA Health & Wellness,California Health and Wellness,Adult Expansion,386.59,397.55,409.04
1/21-12/21,2021,Regional,Tehama,CA Health & Wellness,California Health and Wellness,SPD,1085.7,1112.46,1140.39
1/21-12/21,2021,Regional,Tehama,CA Health & Wellness,California Health and Wellness,SPD Dual,182.43,189.11,196.13
1/21-12/21,2021,Regional,Tehama,CA Health & Wellness,California Health and Wellness,Maternity,10630.12,10955.83,11293.84
1/21-12/21,2021,Regional,Tuolumne,CA Health & Wellness,California Health and Wellness,Child,70.78,73.93,77.28
1/21-12/21,2021,Regional,Tuolumne,CA Health & Wellness,California Health and Wellness,Adult,301.19,310.12,319.49
1/21-12/21,2021,Regional,Tuolumne,CA Health & Wellness,California Health and Wellness,Adult Expansion,386.59,397.55,409.04
1/21-12/21,2021,Regional,Tuolumne,CA Health & Wellness,California Health and Wellness,SPD,1085.7,1112.46,1140.39
1/21-12/21,2021,Regional,Tuolumne,CA Health & Wellness,California Health and Wellness,SPD Dual,182.43,189.11,196.13
1/21-12/21,2021,Regional,Tuolumne,CA Health & Wellness,California Health and Wellness,Maternity,10630.12,10955.83,11293.84
1/21-12/21,2021,Regional,Yuba,CA Health & Wellness,California Health and Wellness,Child,70.78,73.93,77.28
1/21-12/21,2021,Regional,Yuba,CA Health & Wellness,California Health and Wellness,Adult,301.19,310.12,319.49
1/21-12/21,2021,Regional,Yuba,CA Health & Wellness,California Health and Wellness,Adult Expansion,386.59,397.55,409.04
1/21-12/21,2021,Regional,Yuba,CA Health & Wellness,California Health and Wellness,SPD,1085.7,1112.46,1140.39
1/21-12/21,2021,Regional,Yuba,CA Health & Wellness,California Health and Wellness,SPD Dual,182.43,189.11,196.13
1/21-12/21,2021,Regional,Yuba,CA Health & Wellness,California Health and Wellness,Maternity,10630.12,10955.83,11293.84
1/21-12/21,2021,Regional,Amador,Kaiser Foundation HP,Kaiser Permanente,Child,64.98,67.65,70.48
1/21-12/21,2021,Regional,Amador,Kaiser Foundation HP,Kaiser Permanente,Adult,259.89,267.35,275.17
1/21-12/21,2021,Regional,Amador,Kaiser Foundation HP,Kaiser Permanente,Adult Expansion,345.46,354.94,364.87
1/21-12/21,2021,Regional,Amador,Kaiser Foundation HP,Kaiser Permanente,SPD,810.52,830.32,850.97
1/21-12/21,2021,Regional,Amador,Kaiser Foundation HP,Kaiser Permanente,SPD Dual,118.8,123.16,127.76
1/21-12/21,2021,Regional,Amador,Kaiser Foundation HP,Kaiser Permanente,Maternity,10630.12,10955.83,11293.84
1/21-12/21,2021,Regional,El Dorado,Kaiser Foundation HP,Kaiser Permanente,Child,64.98,67.65,70.48
1/21-12/21,2021,Regional,El Dorado,Kaiser Foundation HP,Kaiser Permanente,Adult,259.89,267.35,275.17
1/21-12/21,2021,Regional,El Dorado,Kaiser Foundation HP,Kaiser Permanente,Adult Expansion,345.46,354.94,364.87
1/21-12/21,2021,Regional,El Dorado,Kaiser Foundation HP,Kaiser Permanente,SPD,810.52,830.32,850.97
1/21-12/21,2021,Regional,El Dorado,Kaiser Foundation HP,Kaiser Permanente,SPD Dual,118.8,123.16,127.76
1/21-12/21,2021,Regional,El Dorado,Kaiser Foundation HP,Kaiser Permanente,Maternity,10630.12,10955.83,11293.84
1/21-12/21,2021,Regional,Placer,Kaiser Foundation HP,Kaiser Permanente,Child,64.98,67.65,70.48
1/21-12/21,2021,Regional,Placer,Kaiser Foundation HP,Kaiser Permanente,Adult,259.89,267.35,275.17
1/21-12/21,2021,Regional,Placer,Kaiser Foundation HP,Kaiser Permanente,Adult Expansion,345.46,354.94,364.87
1/21-12/21,2021,Regional,Placer,Kaiser Foundation HP,Kaiser Permanente,SPD,810.52,830.32,850.97
1/21-12/21,2021,Regional,Placer,Kaiser Foundation HP,Kaiser Permanente,SPD Dual,118.8,123.16,127.76
1/21-12/21,2021,Regional,Placer,Kaiser Foundation HP,Kaiser Permanente,Maternity,10630.12,10955.83,11293.84
1/21-12/21,2021,Regional,San Benito,Anthem Blue Cross,Anthem Blue Cross,Child,58.08,60.48,63.03
1/21-12/21,2021,Regional,San Benito,Anthem Blue Cross,Anthem Blue Cross,Adult,266.93,274.63,282.7
1/21-12/21,2021,Regional,San Benito,Anthem Blue Cross,Anthem Blue Cross,Adult Expansion,274.44,282.01,289.93
1/21-12/21,2021,Regional,San Benito,Anthem Blue Cross,Anthem Blue Cross,SPD,654.61,671.64,689.4
1/21-12/21,2021,Regional,San Benito,Anthem Blue Cross,Anthem Blue Cross,SPD Dual,130.71,135.25,140.02
1/21-12/21,2021,Regional,San Benito,Anthem Blue Cross,Anthem Blue Cross,Maternity,9776.26,10075.81,10386.67
1/21-12/21,2021,Regional,Imperial,CA Health & Wellness,California Health and Wellness,Health Homes Non-Dual,307.89,312.45,327.12
1/21-12/21,2021,Regional,Imperial,CA Health & Wellness,California Health and Wellness,Health Homes Dual,78.66,81.25,84.08
1/21-12/21,2021,Regional,Imperial,Molina Healthcare,Molina Healthcare,Health Homes Non-Dual,337.92,342.61,359.37
1/21-12/21,2021,Regional,Imperial,Molina Healthcare,Molina Healthcare,Health Homes Dual,80.87,83.48,86.32
1/21-12/21,2021,Regional,Imperial,Molina Healthcare,Molina Healthcare,Hep C 340B,1722.85,1722.85,1759.31
1/21-12/21,2021,Regional,Imperial,Molina Healthcare,Molina Healthcare,Hep C Non-340B,2184.11,2184.11,2285.16
1/21-12/21,2021,Regional,Imperial,CA Health & Wellness,California Health and Wellness,Hep C 340B,1722.85,1722.85,1759.31
1/21-12/21,2021,Regional,Imperial,CA Health & Wellness,California Health and Wellness,Hep C Non-340B,2184.11,2184.11,2285.16
1/21-12/21,2021,Regional,San Benito,Anthem Blue Cross,Anthem Blue Cross,Hep C 340B,1722.85,1722.85,1759.31
1/21-12/21,2021,Regional,San Benito,Anthem Blue Cross,Anthem Blue Cross,Hep C Non-340B,2184.11,2184.11,2285.16
1/21-12/21,2021,Regional,Alpine,Anthem Blue Cross,Anthem Blue Cross,Hep C 340B,1722.85,1722.85,1759.31
1/21-12/21,2021,Regional,Alpine,Anthem Blue Cross,Anthem Blue Cross,Hep C Non-340B,2184.11,2184.11,2285.16
1/21-12/21,2021,Regional,Amador,Anthem Blue Cross,Anthem Blue Cross,Hep C 340B,1722.85,1722.85,1759.31
1/21-12/21,2021,Regional,Amador,Anthem Blue Cross,Anthem Blue Cross,Hep C Non-340B,2184.11,2184.11,2285.16
1/21-12/21,2021,Regional,Butte,Anthem Blue Cross,Anthem Blue Cross,Hep C 340B,1722.85,1722.85,1759.31
1/21-12/21,2021,Regional,Butte,Anthem Blue Cross,Anthem Blue Cross,Hep C Non-340B,2184.11,2184.11,2285.16
1/21-12/21,2021,Regional,Calaveras,Anthem Blue Cross,Anthem Blue Cross,Hep C 340B,1722.85,1722.85,1759.31
1/21-12/21,2021,Regional,Calaveras,Anthem Blue Cross,Anthem Blue Cross,Hep C Non-340B,2184.11,2184.11,2285.16
1/21-12/21,2021,Regional,Colusa,Anthem Blue Cross,Anthem Blue Cross,Hep C 340B,1722.85,1722.85,1759.31
1/21-12/21,2021,Regional,Colusa,Anthem Blue Cross,Anthem Blue Cross,Hep C Non-340B,2184.11,2184.11,2285.16
1/21-12/21,2021,Regional,El Dorado,Anthem Blue Cross,Anthem Blue Cross,Hep C 340B,1722.85,1722.85,1759.31
1/21-12/21,2021,Regional,El Dorado,Anthem Blue Cross,Anthem Blue Cross,Hep C Non-340B,2184.11,2184.11,2285.16
1/21-12/21,2021,Regional,Glenn,Anthem Blue Cross,Anthem Blue Cross,Hep C 340B,1722.85,1722.85,1759.31
1/21-12/21,2021,Regional,Glenn,Anthem Blue Cross,Anthem Blue Cross,Hep C Non-340B,2184.11,2184.11,2285.16
1/21-12/21,2021,Regional,Inyo,Anthem Blue Cross,Anthem Blue Cross,Hep C 340B,1722.85,1722.85,1759.31
1/21-12/21,2021,Regional,Inyo,Anthem Blue Cross,Anthem Blue Cross,Hep C Non-340B,2184.11,2184.11,2285.16
1/21-12/21,2021,Regional,Mariposa,Anthem Blue Cross,Anthem Blue Cross,Hep C 340B,1722.85,1722.85,1759.31
1/21-12/21,2021,Regional,Mariposa,Anthem Blue Cross,Anthem Blue Cross,Hep C Non-340B,2184.11,2184.11,2285.16
1/21-12/21,2021,Regional,Mono,Anthem Blue Cross,Anthem Blue Cross,Hep C 340B,1722.85,1722.85,1759.31
1/21-12/21,2021,Regional,Mono,Anthem Blue Cross,Anthem Blue Cross,Hep C Non-340B,2184.11,2184.11,2285.16
1/21-12/21,2021,Regional,Nevada,Anthem Blue Cross,Anthem Blue Cross,Hep C 340B,1722.85,1722.85,1759.31
1/21-12/21,2021,Regional,Nevada,Anthem Blue Cross,Anthem Blue Cross,Hep C Non-340B,2184.11,2184.11,2285.16
1/21-12/21,2021,Regional,Placer,Anthem Blue Cross,Anthem Blue Cross,Hep C 340B,1722.85,1722.85,1759.31
1/21-12/21,2021,Regional,Placer,Anthem Blue Cross,Anthem Blue Cross,Hep C Non-340B,2184.11,2184.11,2285.16
1/21-12/21,2021,Regional,Plumas,Anthem Blue Cross,Anthem Blue Cross,Hep C 340B,1722.85,1722.85,1759.31
1/21-12/21,2021,Regional,Plumas,Anthem Blue Cross,Anthem Blue Cross,Hep C Non-340B,2184.11,2184.11,2285.16
1/21-12/21,2021,Regional,Sierra,Anthem Blue Cross,Anthem Blue Cross,Hep C 340B,1722.85,1722.85,1759.31
1/21-12/21,2021,Regional,Sierra,Anthem Blue Cross,Anthem Blue Cross,Hep C Non-340B,2184.11,2184.11,2285.16
1/21-12/21,2021,Regional,Sutter,Anthem Blue Cross,Anthem Blue Cross,Hep C 340B,1722.85,1722.85,1759.31
1/21-12/21,2021,Regional,Sutter,Anthem Blue Cross,Anthem Blue Cross,Hep C Non-340B,2184.11,2184.11,2285.16
1/21-12/21,2021,Regional,Tehama,Anthem Blue Cross,Anthem Blue Cross,Hep C 340B,1722.85,1722.85,1759.31
1/21-12/21,2021,Regional,Tehama,Anthem Blue Cross,Anthem Blue Cross,Hep C Non-340B,2184.11,2184.11,2285.16
1/21-12/21,2021,Regional,Tuolumne,Anthem Blue Cross,Anthem Blue Cross,Hep C 340B,1722.85,1722.85,1759.31
1/21-12/21,2021,Regional,Tuolumne,Anthem Blue Cross,Anthem Blue Cross,Hep C Non-340B,2184.11,2184.11,2285.16
1/21-12/21,2021,Regional,Yuba,Anthem Blue Cross,Anthem Blue Cross,Hep C 340B,1722.85,1722.85,1759.31
1/21-12/21,2021,Regional,Yuba,Anthem Blue Cross,Anthem Blue Cross,Hep C Non-340B,2184.11,2184.11,2285.16
1/21-12/21,2021,Regional,Alpine,CA Health & Wellness,California Health and Wellness,Hep C 340B,1722.85,1722.85,1759.31
1/21-12/21,2021,Regional,Alpine,CA Health & Wellness,California Health and Wellness,Hep C Non-340B,2184.11,2184.11,2285.16
1/21-12/21,2021,Regional,Amador,CA Health & Wellness,California Health and Wellness,Hep C 340B,1722.85,1722.85,1759.31
1/21-12/21,2021,Regional,Amador,CA Health & Wellness,California Health and Wellness,Hep C Non-340B,2184.11,2184.11,2285.16
1/21-12/21,2021,Regional,Butte,CA Health & Wellness,California Health and Wellness,Hep C 340B,1722.85,1722.85,1759.31
1/21-12/21,2021,Regional,Butte,CA Health & Wellness,California Health and Wellness,Hep C Non-340B,2184.11,2184.11,2285.16
1/21-12/21,2021,Regional,Calaveras,CA Health & Wellness,California Health and Wellness,Hep C 340B,1722.85,1722.85,1759.31
1/21-12/21,2021,Regional,Calaveras,CA Health & Wellness,California Health and Wellness,Hep C Non-340B,2184.11,2184.11,2285.16
1/21-12/21,2021,Regional,Colusa,CA Health & Wellness,California Health and Wellness,Hep C 340B,1722.85,1722.85,1759.31
1/21-12/21,2021,Regional,Colusa,CA Health & Wellness,California Health and Wellness,Hep C Non-340B,2184.11,2184.11,2285.16
1/21-12/21,2021,Regional,El Dorado,CA Health & Wellness,California Health and Wellness,Hep C 340B,1722.85,1722.85,1759.31
1/21-12/21,2021,Regional,El Dorado,CA Health & Wellness,California Health and Wellness,Hep C Non-340B,2184.11,2184.11,2285.16
1/21-12/21,2021,Regional,Glenn,CA Health & Wellness,California Health and Wellness,Hep C 340B,1722.85,1722.85,1759.31
1/21-12/21,2021,Regional,Glenn,CA Health & Wellness,California Health and Wellness,Hep C Non-340B,2184.11,2184.11,2285.16
1/21-12/21,2021,Regional,Inyo,CA Health & Wellness,California Health and Wellness,Hep C 340B,1722.85,1722.85,1759.31
1/21-12/21,2021,Regional,Inyo,CA Health & Wellness,California Health and Wellness,Hep C Non-340B,2184.11,2184.11,2285.16
1/21-12/21,2021,Regional,Mariposa,CA Health & Wellness,California Health and Wellness,Hep C 340B,1722.85,1722.85,1759.31
1/21-12/21,2021,Regional,Mariposa,CA Health & Wellness,California Health and Wellness,Hep C Non-340B,2184.11,2184.11,2285.16
1/21-12/21,2021,Regional,Mono,CA Health & Wellness,California Health and Wellness,Hep C 340B,1722.85,1722.85,1759.31
1/21-12/21,2021,Regional,Mono,CA Health & Wellness,California Health and Wellness,Hep C Non-340B,2184.11,2184.11,2285.16
1/21-12/21,2021,Regional,Nevada,CA Health & Wellness,California Health and Wellness,Hep C 340B,1722.85,1722.85,1759.31
1/21-12/21,2021,Regional,Nevada,CA Health & Wellness,California Health and Wellness,Hep C Non-340B,2184.11,2184.11,2285.16
1/21-12/21,2021,Regional,Placer,CA Health & Wellness,California Health and Wellness,Hep C 340B,1722.85,1722.85,1759.31
1/21-12/21,2021,Regional,Placer,CA Health & Wellness,California Health and Wellness,Hep C Non-340B,2184.11,2184.11,2285.16
1/21-12/21,2021,Regional,Plumas,CA Health & Wellness,California Health and Wellness,Hep C 340B,1722.85,1722.85,1759.31
1/21-12/21,2021,Regional,Plumas,CA Health & Wellness,California Health and Wellness,Hep C Non-340B,2184.11,2184.11,2285.16
1/21-12/21,2021,Regional,Sierra,CA Health & Wellness,California Health and Wellness,Hep C 340B,1722.85,1722.85,1759.31
1/21-12/21,2021,Regional,Sierra,CA Health & Wellness,California Health and Wellness,Hep C Non-340B,2184.11,2184.11,2285.16
1/21-12/21,2021,Regional,Sutter,CA Health & Wellness,California Health and Wellness,Hep C 340B,1722.85,1722.85,1759.31
1/21-12/21,2021,Regional,Sutter,CA Health & Wellness,California Health and Wellness,Hep C Non-340B,2184.11,2184.11,2285.16
1/21-12/21,2021,Regional,Tehama,CA Health & Wellness,California Health and Wellness,Hep C 340B,1722.85,1722.85,1759.31
1/21-12/21,2021,Regional,Tehama,CA Health & Wellness,California Health and Wellness,Hep C Non-340B,2184.11,2184.11,2285.16
1/21-12/21,2021,Regional,Tuolumne,CA Health & Wellness,California Health and Wellness,Hep C 340B,1722.85,1722.85,1759.31
1/21-12/21,2021,Regional,Tuolumne,CA Health & Wellness,California Health and Wellness,Hep C Non-340B,2184.11,2184.11,2285.16
1/21-12/21,2021,Regional,Yuba,CA Health & Wellness,California Health and Wellness,Hep C 340B,1722.85,1722.85,1759.31
1/21-12/21,2021,Regional,Yuba,CA Health & Wellness,California Health and Wellness,Hep C Non-340B,2184.11,2184.11,2285.16
1/21-12/21,2021,Regional,Imperial,Molina Healthcare,Molina Healthcare,Behavioral Health Treatment 0-6,2651.19,2725.73,2802.96
1/21-12/21,2021,Regional,Imperial,Molina Healthcare,Molina Healthcare,Behavioral Health Treatment 7-20,1975.39,2030.93,2088.47
1/21-12/21,2021,Regional,Imperial,CA Health & Wellness,California Health and Wellness,Behavioral Health Treatment 0-6,2019.15,2075.92,2134.74
1/21-12/21,2021,Regional,Imperial,CA Health & Wellness,California Health and Wellness,Behavioral Health Treatment 7-20,1821.42,1872.63,1925.69
1/21-12/21,2021,Regional,San Benito,Anthem Blue Cross,Anthem Blue Cross,Behavioral Health Treatment 0-6,3007.63,3092.2,3179.81
1/21-12/21,2021,Regional,San Benito,Anthem Blue Cross,Anthem Blue Cross,Behavioral Health Treatment 7-20,2002.3,2058.6,2116.93
1/21-12/21,2021,Regional,Alpine,Anthem Blue Cross,Anthem Blue Cross,Behavioral Health Treatment 0-6,3584.1,3684.87,3789.28
1/21-12/21,2021,Regional,Alpine,Anthem Blue Cross,Anthem Blue Cross,Behavioral Health Treatment 7-20,2292.82,2357.28,2424.08
1/21-12/21,2021,Regional,Amador,Anthem Blue Cross,Anthem Blue Cross,Behavioral Health Treatment 0-6,3584.1,3684.87,3789.28
1/21-12/21,2021,Regional,Amador,Anthem Blue Cross,Anthem Blue Cross,Behavioral Health Treatment 7-20,2292.82,2357.28,2424.08
1/21-12/21,2021,Regional,Butte,Anthem Blue Cross,Anthem Blue Cross,Behavioral Health Treatment 0-6,3584.1,3684.87,3789.28
1/21-12/21,2021,Regional,Butte,Anthem Blue Cross,Anthem Blue Cross,Behavioral Health Treatment 7-20,2292.82,2357.28,2424.08
1/21-12/21,2021,Regional,Calaveras,Anthem Blue Cross,Anthem Blue Cross,Behavioral Health Treatment 0-6,3584.1,3684.87,3789.28
1/21-12/21,2021,Regional,Calaveras,Anthem Blue Cross,Anthem Blue Cross,Behavioral Health Treatment 7-20,2292.82,2357.28,2424.08
1/21-12/21,2021,Regional,Colusa,Anthem Blue Cross,Anthem Blue Cross,Behavioral Health Treatment 0-6,3584.1,3684.87,3789.28
1/21-12/21,2021,Regional,Colusa,Anthem Blue Cross,Anthem Blue Cross,Behavioral Health Treatment 7-20,2292.82,2357.28,2424.08
1/21-12/21,2021,Regional,El Dorado,Anthem Blue Cross,Anthem Blue Cross,Behavioral Health Treatment 0-6,3584.1,3684.87,3789.28
1/21-12/21,2021,Regional,El Dorado,Anthem Blue Cross,Anthem Blue Cross,Behavioral Health Treatment 7-20,2292.82,2357.28,2424.08
1/21-12/21,2021,Regional,Glenn,Anthem Blue Cross,Anthem Blue Cross,Behavioral Health Treatment 0-6,3584.1,3684.87,3789.28
1/21-12/21,2021,Regional,Glenn,Anthem Blue Cross,Anthem Blue Cross,Behavioral Health Treatment 7-20,2292.82,2357.28,2424.08
1/21-12/21,2021,Regional,Inyo,Anthem Blue Cross,Anthem Blue Cross,Behavioral Health Treatment 0-6,3584.1,3684.87,3789.28
1/21-12/21,2021,Regional,Inyo,Anthem Blue Cross,Anthem Blue Cross,Behavioral Health Treatment 7-20,2292.82,2357.28,2424.08
1/21-12/21,2021,Regional,Mariposa,Anthem Blue Cross,Anthem Blue Cross,Behavioral Health Treatment 0-6,3584.1,3684.87,3789.28
1/21-12/21,2021,Regional,Mariposa,Anthem Blue Cross,Anthem Blue Cross,Behavioral Health Treatment 7-20,2292.82,2357.28,2424.08
1/21-12/21,2021,Regional,Mono,Anthem Blue Cross,Anthem Blue Cross,Behavioral Health Treatment 0-6,3584.1,3684.87,3789.28
1/21-12/21,2021,Regional,Mono,Anthem Blue Cross,Anthem Blue Cross,Behavioral Health Treatment 7-20,2292.82,2357.28,2424.08
1/21-12/21,2021,Regional,Nevada,Anthem Blue Cross,Anthem Blue Cross,Behavioral Health Treatment 0-6,3584.1,3684.87,3789.28
1/21-12/21,2021,Regional,Nevada,Anthem Blue Cross,Anthem Blue Cross,Behavioral Health Treatment 7-20,2292.82,2357.28,2424.08
1/21-12/21,2021,Regional,Placer,Anthem Blue Cross,Anthem Blue Cross,Behavioral Health Treatment 0-6,3584.1,3684.87,3789.28
1/21-12/21,2021,Regional,Placer,Anthem Blue Cross,Anthem Blue Cross,Behavioral Health Treatment 7-20,2292.82,2357.28,2424.08
1/21-12/21,2021,Regional,Plumas,Anthem Blue Cross,Anthem Blue Cross,Behavioral Health Treatment 0-6,3584.1,3684.87,3789.28
1/21-12/21,2021,Regional,Plumas,Anthem Blue Cross,Anthem Blue Cross,Behavioral Health Treatment 7-20,2292.82,2357.28,2424.08
1/21-12/21,2021,Regional,Sierra,Anthem Blue Cross,Anthem Blue Cross,Behavioral Health Treatment 0-6,3584.1,3684.87,3789.28
1/21-12/21,2021,Regional,Sierra,Anthem Blue Cross,Anthem Blue Cross,Behavioral Health Treatment 7-20,2292.82,2357.28,2424.08
1/21-12/21,2021,Regional,Sutter,Anthem Blue Cross,Anthem Blue Cross,Behavioral Health Treatment 0-6,3584.1,3684.87,3789.28
1/21-12/21,2021,Regional,Sutter,Anthem Blue Cross,Anthem Blue Cross,Behavioral Health Treatment 7-20,2292.82,2357.28,2424.08
1/21-12/21,2021,Regional,Tehama,Anthem Blue Cross,Anthem Blue Cross,Behavioral Health Treatment 0-6,3584.1,3684.87,3789.28
1/21-12/21,2021,Regional,Tehama,Anthem Blue Cross,Anthem Blue Cross,Behavioral Health Treatment 7-20,2292.82,2357.28,2424.08
1/21-12/21,2021,Regional,Tuolumne,Anthem Blue Cross,Anthem Blue Cross,Behavioral Health Treatment 0-6,3584.1,3684.87,3789.28
1/21-12/21,2021,Regional,Tuolumne,Anthem Blue Cross,Anthem Blue Cross,Behavioral Health Treatment 7-20,2292.82,2357.28,2424.08
1/21-12/21,2021,Regional,Yuba,Anthem Blue Cross,Anthem Blue Cross,Behavioral Health Treatment 0-6,3584.1,3684.87,3789.28
1/21-12/21,2021,Regional,Yuba,Anthem Blue Cross,Anthem Blue Cross,Behavioral Health Treatment 7-20,2292.82,2357.28,2424.08
1/21-12/21,2021,Regional,Alpine,CA Health & Wellness,California Health and Wellness,Behavioral Health Treatment 0-6,2304.24,2369.03,2436.16
1/21-12/21,2021,Regional,Alpine,CA Health & Wellness,California Health and Wellness,Behavioral Health Treatment 7-20,1650.61,1697.02,1745.11
1/21-12/21,2021,Regional,Amador,CA Health & Wellness,California Health and Wellness,Behavioral Health Treatment 0-6,2304.24,2369.03,2436.16
1/21-12/21,2021,Regional,Amador,CA Health & Wellness,California Health and Wellness,Behavioral Health Treatment 7-20,1650.61,1697.02,1745.11
1/21-12/21,2021,Regional,Butte,CA Health & Wellness,California Health and Wellness,Behavioral Health Treatment 0-6,2304.24,2369.03,2436.16
1/21-12/21,2021,Regional,Butte,CA Health & Wellness,California Health and Wellness,Behavioral Health Treatment 7-20,1650.61,1697.02,1745.11
1/21-12/21,2021,Regional,Calaveras,CA Health & Wellness,California Health and Wellness,Behavioral Health Treatment 0-6,2304.24,2369.03,2436.16
1/21-12/21,2021,Regional,Calaveras,CA Health & Wellness,California Health and Wellness,Behavioral Health Treatment 7-20,1650.61,1697.02,1745.11
1/21-12/21,2021,Regional,Colusa,CA Health & Wellness,California Health and Wellness,Behavioral Health Treatment 0-6,2304.24,2369.03,2436.16
1/21-12/21,2021,Regional,Colusa,CA Health & Wellness,California Health and Wellness,Behavioral Health Treatment 7-20,1650.61,1697.02,1745.11
1/21-12/21,2021,Regional,El Dorado,CA Health & Wellness,California Health and Wellness,Behavioral Health Treatment 0-6,2304.24,2369.03,2436.16
1/21-12/21,2021,Regional,El Dorado,CA Health & Wellness,California Health and Wellness,Behavioral Health Treatment 7-20,1650.61,1697.02,1745.11
1/21-12/21,2021,Regional,Glenn,CA Health & Wellness,California Health and Wellness,Behavioral Health Treatment 0-6,2304.24,2369.03,2436.16
1/21-12/21,2021,Regional,Glenn,CA Health & Wellness,California Health and Wellness,Behavioral Health Treatment 7-20,1650.61,1697.02,1745.11
1/21-12/21,2021,Regional,Inyo,CA Health & Wellness,California Health and Wellness,Behavioral Health Treatment 0-6,2304.24,2369.03,2436.16
1/21-12/21,2021,Regional,Inyo,CA Health & Wellness,California Health and Wellness,Behavioral Health Treatment 7-20,1650.61,1697.02,1745.11
1/21-12/21,2021,Regional,Mariposa,CA Health & Wellness,California Health and Wellness,Behavioral Health Treatment 0-6,2304.24,2369.03,2436.16
1/21-12/21,2021,Regional,Mariposa,CA Health & Wellness,California Health and Wellness,Behavioral Health Treatment 7-20,1650.61,1697.02,1745.11
1/21-12/21,2021,Regional,Mono,CA Health & Wellness,California Health and Wellness,Behavioral Health Treatment 0-6,2304.24,2369.03,2436.16
1/21-12/21,2021,Regional,Mono,CA Health & Wellness,California Health and Wellness,Behavioral Health Treatment 7-20,1650.61,1697.02,1745.11
1/21-12/21,2021,Regional,Nevada,CA Health & Wellness,California Health and Wellness,Behavioral Health Treatment 0-6,2304.24,2369.03,2436.16
1/21-12/21,2021,Regional,Nevada,CA Health & Wellness,California Health and Wellness,Behavioral Health Treatment 7-20,1650.61,1697.02,1745.11
1/21-12/21,2021,Regional,Placer,CA Health & Wellness,California Health and Wellness,Behavioral Health Treatment 0-6,2304.24,2369.03,2436.16
1/21-12/21,2021,Regional,Placer,CA Health & Wellness,California Health and Wellness,Behavioral Health Treatment 7-20,1650.61,1697.02,1745.11
1/21-12/21,2021,Regional,Plumas,CA Health & Wellness,California Health and Wellness,Behavioral Health Treatment 0-6,2304.24,2369.03,2436.16
1/21-12/21,2021,Regional,Plumas,CA Health & Wellness,California Health and Wellness,Behavioral Health Treatment 7-20,1650.61,1697.02,1745.11
1/21-12/21,2021,Regional,Sierra,CA Health & Wellness,California Health and Wellness,Behavioral Health Treatment 0-6,2304.24,2369.03,2436.16
1/21-12/21,2021,Regional,Sierra,CA Health & Wellness,California Health and Wellness,Behavioral Health Treatment 7-20,1650.61,1697.02,1745.11
1/21-12/21,2021,Regional,Sutter,CA Health & Wellness,California Health and Wellness,Behavioral Health Treatment 0-6,2304.24,2369.03,2436.16
1/21-12/21,2021,Regional,Sutter,CA Health & Wellness,California Health and Wellness,Behavioral Health Treatment 7-20,1650.61,1697.02,1745.11
1/21-12/21,2021,Regional,Tehama,CA Health & Wellness,California Health and Wellness,Behavioral Health Treatment 0-6,2304.24,2369.03,2436.16
1/21-12/21,2021,Regional,Tehama,CA Health & Wellness,California Health and Wellness,Behavioral Health Treatment 7-20,1650.61,1697.02,1745.11
1/21-12/21,2021,Regional,Tuolumne,CA Health & Wellness,California Health and Wellness,Behavioral Health Treatment 0-6,2304.24,2369.03,2436.16
1/21-12/21,2021,Regional,Tuolumne,CA Health & Wellness,California Health and Wellness,Behavioral Health Treatment 7-20,1650.61,1697.02,1745.11
1/21-12/21,2021,Regional,Yuba,CA Health & Wellness,California Health and Wellness,Behavioral Health Treatment 0-6,2304.24,2369.03,2436.16
1/21-12/21,2021,Regional,Yuba,CA Health & Wellness,California Health and Wellness,Behavioral Health Treatment 7-20,1650.61,1697.02,1745.11
1/21-12/21,2021,Regional,Placer,Kaiser Foundation HP,Kaiser Permanente,Hep C 340B,1722.85,1722.85,1759.31
1/21-12/21,2021,Regional,Placer,Kaiser Foundation HP,Kaiser Permanente,Hep C Non-340B,2184.11,2184.11,2285.16
1/21-12/21,2021,Regional,El Dorado,Kaiser Foundation HP,Kaiser Permanente,Hep C 340B,1722.85,1722.85,1759.31
1/21-12/21,2021,Regional,El Dorado,Kaiser Foundation HP,Kaiser Permanente,Hep C Non-340B,2184.11,2184.11,2285.16
1/21-12/21,2021,Regional,Amador,Kaiser Foundation HP,Kaiser Permanente,Hep C 340B,1722.85,1722.85,1759.31
1/21-12/21,2021,Regional,Amador,Kaiser Foundation HP,Kaiser Permanente,Hep C Non-340B,2184.11,2184.11,2285.16
1/21-12/21,2021,Regional,Amador,Kaiser Foundation HP,Kaiser Permanente,Behavioral Health Treatment 0-6,3073.91,3160.34,3249.89
1/21-12/21,2021,Regional,Amador,Kaiser Foundation HP,Kaiser Permanente,Behavioral Health Treatment 7-20,2084.8,2143.42,2204.15
1/21-12/21,2021,Regional,El Dorado,Kaiser Foundation HP,Kaiser Permanente,Behavioral Health Treatment 0-6,3073.91,3160.34,3249.89
1/21-12/21,2021,Regional,El Dorado,Kaiser Foundation HP,Kaiser Permanente,Behavioral Health Treatment 7-20,2084.8,2143.42,2204.15
1/21-12/21,2021,Regional,Placer,Kaiser Foundation HP,Kaiser Permanente,Behavioral Health Treatment 0-6,3073.91,3160.34,3249.89
1/21-12/21,2021,Regional,Placer,Kaiser Foundation HP,Kaiser Permanente,Behavioral Health Treatment 7-20,2084.8,2143.42,2204.15
1/21-12/21,2021,Regional,Imperial,CA Health & Wellness,California Health and Wellness,Child,78.15,81.14,84.32
1/21-12/21,2021,Regional,Imperial,CA Health & Wellness,California Health and Wellness,Adult,227.67,234.17,241.0
1/21-12/21,2021,Regional,Imperial,CA Health & Wellness,California Health and Wellness,Adult Expansion,324.67,333.1,341.92
1/21-12/21,2021,Regional,Imperial,CA Health & Wellness,California Health and Wellness,SPD,974.44,996.1,1018.69
1/21-12/21,2021,Regional,Imperial,CA Health & Wellness,California Health and Wellness,SPD Dual,240.58,248.18,256.14
1/21-12/21,2021,Regional,Imperial,CA Health & Wellness,California Health and Wellness,Maternity,8505.94,8766.57,9037.06
1/21-12/21,2021,Regional,Imperial,Molina Healthcare,Molina Healthcare,Child,71.64,74.48,77.48
1/21-12/21,2021,Regional,Imperial,Molina Healthcare,Molina Healthcare,Adult,184.69,190.22,196.03
1/21-12/21,2021,Regional,Imperial,Molina Healthcare,Molina Healthcare,Adult Expansion,304.55,312.81,321.47
1/21-12/21,2021,Regional,Imperial,Molina Healthcare,Molina Healthcare,SPD,974.5,997.43,1021.34
1/21-12/21,2021,Regional,Imperial,Molina Healthcare,Molina Healthcare,SPD Dual,287.11,295.71,304.72
1/21-12/21,2021,Regional,Imperial,Molina Healthcare,Molina Healthcare,Maternity,8505.94,8766.57,9037.06
1/22-12/22,2022,Regional,Imperial,Molina Healthcare,Molina Healthcare,Child,73.23,76.53,80.03
1/22-12/22,2022,Regional,Imperial,Molina Healthcare,Molina Healthcare,Adult,151.89,157.67,163.75
1/22-12/22,2022,Regional,Imperial,Molina Healthcare,Molina Healthcare,Adult Expansion,230.63,238.86,247.48
1/22-12/22,2022,Regional,Imperial,Molina Healthcare,Molina Healthcare,SPD,750.79,774.74,799.71
1/22-12/22,2022,Regional,Imperial,Molina Healthcare,Molina Healthcare,SPD Dual,240.38,248.61,257.25
1/22-12/22,2022,Regional,Imperial,Molina Healthcare,Molina Healthcare,Maternity,8575.96,8839.5,9113.04
1/22-12/22,2022,Regional,Imperial,Molina Healthcare,Molina Healthcare,Behavioral Health Treatment 0-6,2726.97,2817.88,2912.41
1/22-12/22,2022,Regional,Imperial,Molina Healthcare,Molina Healthcare,Behavioral Health Treatment 7-20,2027.24,2094.83,2165.1
1/22-12/22,2022,Regional,Amador,Kaiser Foundation Health Plan,Kaiser Permanente,Child,64.67,67.68,70.87
1/22-12/22,2022,Regional,Amador,Kaiser Foundation Health Plan,Kaiser Permanente,Adult,245.02,253.68,262.75
1/22-12/22,2022,Regional,Amador,Kaiser Foundation Health Plan,Kaiser Permanente,Adult Expansion,252.39,261.18,270.39
1/22-12/22,2022,Regional,Amador,Kaiser Foundation Health Plan,Kaiser Permanente,SPD,589.61,608.48,628.19
1/22-12/22,2022,Regional,Amador,Kaiser Foundation Health Plan,Kaiser Permanente,SPD Dual,110.71,114.92,119.36
1/22-12/22,2022,Regional,Amador,Kaiser Foundation Health Plan,Kaiser Permanente,Maternity,11430.81,11782.07,12146.67
1/22-12/22,2022,Regional,Amador,Kaiser Foundation Health Plan,Kaiser Permanente,Behavioral Health Treatment 0-6,3217.9,3325.18,3436.74
1/22-12/22,2022,Regional,Amador,Kaiser Foundation Health Plan,Kaiser Permanente,Behavioral Health Treatment 7-20,2162.48,2234.57,2309.54
1/22-12/22,2022,Regional,El Dorado,Kaiser Foundation Health Plan,Kaiser Permanente,Child,64.67,67.68,70.87
1/22-12/22,2022,Regional,El Dorado,Kaiser Foundation Health Plan,Kaiser Permanente,Adult,245.02,253.68,262.75
1/22-12/22,2022,Regional,El Dorado,Kaiser Foundation Health Plan,Kaiser Permanente,Adult Expansion,252.39,261.18,270.39
1/22-12/22,2022,Regional,El Dorado,Kaiser Foundation Health Plan,Kaiser Permanente,SPD,589.61,608.48,628.19
1/22-12/22,2022,Regional,El Dorado,Kaiser Foundation Health Plan,Kaiser Permanente,SPD Dual,110.71,114.92,119.36
1/22-12/22,2022,Regional,El Dorado,Kaiser Foundation Health Plan,Kaiser Permanente,Maternity,11430.81,11782.07,12146.67
1/22-12/22,2022,Regional,El Dorado,Kaiser Foundation Health Plan,Kaiser Permanente,Behavioral Health Treatment 0-6,3217.9,3325.18,3436.74
1/22-12/22,2022,Regional,El Dorado,Kaiser Foundation Health Plan,Kaiser Permanente,Behavioral Health Treatment 7-20,2162.48,2234.57,2309.54
1/22-12/22,2022,Regional,Placer,Kaiser Foundation Health Plan,Kaiser Permanente,Child,64.67,67.68,70.87
1/22-12/22,2022,Regional,Placer,Kaiser Foundation Health Plan,Kaiser Permanente,Adult,245.02,253.68,262.75
1/22-12/22,2022,Regional,Placer,Kaiser Foundation Health Plan,Kaiser Permanente,Adult Expansion,252.39,261.18,270.39
1/22-12/22,2022,Regional,Placer,Kaiser Foundation Health Plan,Kaiser Permanente,SPD,589.61,608.48,628.19
1/22-12/22,2022,Regional,Placer,Kaiser Foundation Health Plan,Kaiser Permanente,SPD Dual,110.71,114.92,119.36
1/22-12/22,2022,Regional,Placer,Kaiser Foundation Health Plan,Kaiser Permanente,Maternity,11430.81,11782.07,12146.67
1/22-12/22,2022,Regional,Placer,Kaiser Foundation Health Plan,Kaiser Permanente,Behavioral Health Treatment 0-6,3217.9,3325.18,3436.74
1/22-12/22,2022,Regional,Placer,Kaiser Foundation Health Plan,Kaiser Permanente,Behavioral Health Treatment 7-20,2162.48,2234.57,2309.54
1/22-12/22,2022,Regional,Imperial,CA Health & Wellness,California Health and Wellness,Child,74.31,77.66,81.2
1/22-12/22,2022,Regional,Imperial,CA Health & Wellness,California Health and Wellness,Adult,171.72,178.19,184.98
1/22-12/22,2022,Regional,Imperial,CA Health & Wellness,California Health and Wellness,Adult Expansion,232.57,240.85,249.52
1/22-12/22,2022,Regional,Imperial,CA Health & Wellness,California Health and Wellness,SPD,718.84,741.82,765.81
1/22-12/22,2022,Regional,Imperial,CA Health & Wellness,California Health and Wellness,SPD Dual,279.01,288.45,298.33
1/22-12/22,2022,Regional,Imperial,CA Health & Wellness,California Health and Wellness,Maternity,8575.96,8839.5,9113.04
1/22-12/22,2022,Regional,Imperial,CA Health & Wellness,California Health and Wellness,Behavioral Health Treatment 0-6,2081.53,2150.93,2223.09
1/22-12/22,2022,Regional,Imperial,CA Health & Wellness,California Health and Wellness,Behavioral Health Treatment 7-20,1868.68,1930.98,1995.76
1/22-12/22,2022,Regional,Alpine,CA Health & Wellness,California Health and Wellness,Child,68.17,71.63,75.3
1/22-12/22,2022,Regional,Alpine,CA Health & Wellness,California Health and Wellness,Adult,262.38,271.95,282.0
1/22-12/22,2022,Regional,Alpine,CA Health & Wellness,California Health and Wellness,Adult Expansion,330.9,342.53,354.72
1/22-12/22,2022,Regional,Alpine,CA Health & Wellness,California Health and Wellness,SPD,929.39,959.34,990.6
1/22-12/22,2022,Regional,Alpine,CA Health & Wellness,California Health and Wellness,SPD Dual,212.13,219.76,227.78
1/22-12/22,2022,Regional,Alpine,CA Health & Wellness,California Health and Wellness,Maternity,11430.81,11782.07,12146.67
1/22-12/22,2022,Regional,Alpine,CA Health & Wellness,California Health and Wellness,Behavioral Health Treatment 0-6,2369.74,2448.75,2530.9
1/22-12/22,2022,Regional,Alpine,CA Health & Wellness,California Health and Wellness,Behavioral Health Treatment 7-20,1697.35,1753.93,1812.77
1/22-12/22,2022,Regional,Amador,CA Health & Wellness,California Health and Wellness,Child,68.17,71.63,75.3
1/22-12/22,2022,Regional,Amador,CA Health & Wellness,California Health and Wellness,Adult,262.38,271.95,282.0
1/22-12/22,2022,Regional,Amador,CA Health & Wellness,California Health and Wellness,Adult Expansion,330.9,342.53,354.72
1/22-12/22,2022,Regional,Amador,CA Health & Wellness,California Health and Wellness,SPD,929.39,959.34,990.6
1/22-12/22,2022,Regional,Amador,CA Health & Wellness,California Health and Wellness,SPD Dual,212.13,219.76,227.78
1/22-12/22,2022,Regional,Amador,CA Health & Wellness,California Health and Wellness,Maternity,11430.81,11782.07,12146.67
1/22-12/22,2022,Regional,Amador,CA Health & Wellness,California Health and Wellness,Behavioral Health Treatment 0-6,2369.74,2448.75,2530.9
1/22-12/22,2022,Regional,Amador,CA Health & Wellness,California Health and Wellness,Behavioral Health Treatment 7-20,1697.35,1753.93,1812.77
1/22-12/22,2022,Regional,Butte,CA Health & Wellness,California Health and Wellness,Child,68.17,71.63,75.3
1/22-12/22,2022,Regional,Butte,CA Health & Wellness,California Health and Wellness,Adult,262.38,271.95,282.0
1/22-12/22,2022,Regional,Butte,CA Health & Wellness,California Health and Wellness,Adult Expansion,330.9,342.53,354.72
1/22-12/22,2022,Regional,Butte,CA Health & Wellness,California Health and Wellness,SPD,929.39,959.34,990.6
1/22-12/22,2022,Regional,Butte,CA Health & Wellness,California Health and Wellness,SPD Dual,212.13,219.76,227.78
1/22-12/22,2022,Regional,Butte,CA Health & Wellness,California Health and Wellness,Maternity,11430.81,11782.07,12146.67
1/22-12/22,2022,Regional,Butte,CA Health & Wellness,California Health and Wellness,Behavioral Health Treatment 0-6,2369.74,2448.75,2530.9
1/22-12/22,2022,Regional,Butte,CA Health & Wellness,California Health and Wellness,Behavioral Health Treatment 7-20,1697.35,1753.93,1812.77
1/22-12/22,2022,Regional,Calaveras,CA Health & Wellness,California Health and Wellness,Child,68.17,71.63,75.3
1/22-12/22,2022,Regional,Calaveras,CA Health & Wellness,California Health and Wellness,Adult,262.38,271.95,282.0
1/22-12/22,2022,Regional,Calaveras,CA Health & Wellness,California Health and Wellness,Adult Expansion,330.9,342.53,354.72
1/22-12/22,2022,Regional,Calaveras,CA Health & Wellness,California Health and Wellness,SPD,929.39,959.34,990.6
1/22-12/22,2022,Regional,Calaveras,CA Health & Wellness,California Health and Wellness,SPD Dual,212.13,219.76,227.78
1/22-12/22,2022,Regional,Calaveras,CA Health & Wellness,California Health and Wellness,Maternity,11430.81,11782.07,12146.67
1/22-12/22,2022,Regional,Calaveras,CA Health & Wellness,California Health and Wellness,Behavioral Health Treatment 0-6,2369.74,2448.75,2530.9
1/22-12/22,2022,Regional,Calaveras,CA Health & Wellness,California Health and Wellness,Behavioral Health Treatment 7-20,1697.35,1753.93,1812.77
1/22-12/22,2022,Regional,Colusa,CA Health & Wellness,California Health and Wellness,Child,68.17,71.63,75.3
1/22-12/22,2022,Regional,Colusa,CA Health & Wellness,California Health and Wellness,Adult,262.38,271.95,282.0
1/22-12/22,2022,Regional,Colusa,CA Health & Wellness,California Health and Wellness,Adult Expansion,330.9,342.53,354.72
1/22-12/22,2022,Regional,Colusa,CA Health & Wellness,California Health and Wellness,SPD,929.39,959.34,990.6
1/22-12/22,2022,Regional,Colusa,CA Health & Wellness,California Health and Wellness,SPD Dual,212.13,219.76,227.78
1/22-12/22,2022,Regional,Colusa,CA Health & Wellness,California Health and Wellness,Maternity,11430.81,11782.07,12146.67
1/22-12/22,2022,Regional,Colusa,CA Health & Wellness,California Health and Wellness,Behavioral Health Treatment 0-6,2369.74,2448.75,2530.9
1/22-12/22,2022,Regional,Colusa,CA Health & Wellness,California Health and Wellness,Behavioral Health Treatment 7-20,1697.35,1753.93,1812.77
1/22-12/22,2022,Regional,El Dorado,CA Health & Wellness,California Health and Wellness,Child,68.17,71.63,75.3
1/22-12/22,2022,Regional,El Dorado,CA Health & Wellness,California Health and Wellness,Adult,262.38,271.95,282.0
1/22-12/22,2022,Regional,El Dorado,CA Health & Wellness,California Health and Wellness,Adult Expansion,330.9,342.53,354.72
1/22-12/22,2022,Regional,El Dorado,CA Health & Wellness,California Health and Wellness,SPD,929.39,959.34,990.6
1/22-12/22,2022,Regional,El Dorado,CA Health & Wellness,California Health and Wellness,SPD Dual,212.13,219.76,227.78
1/22-12/22,2022,Regional,El Dorado,CA Health & Wellness,California Health and Wellness,Maternity,11430.81,11782.07,12146.67
1/22-12/22,2022,Regional,El Dorado,CA Health & Wellness,California Health and Wellness,Behavioral Health Treatment 0-6,2369.74,2448.75,2530.9
1/22-12/22,2022,Regional,El Dorado,CA Health & Wellness,California Health and Wellness,Behavioral Health Treatment 7-20,1697.35,1753.93,1812.77
1/22-12/22,2022,Regional,Glenn,CA Health & Wellness,California Health and Wellness,Child,68.17,71.63,75.3
1/22-12/22,2022,Regional,Glenn,CA Health & Wellness,California Health and Wellness,Adult,262.38,271.95,282.0
1/22-12/22,2022,Regional,Glenn,CA Health & Wellness,California Health and Wellness,Adult Expansion,330.9,342.53,354.72
1/22-12/22,2022,Regional,Glenn,CA Health & Wellness,California Health and Wellness,SPD,929.39,959.34,990.6
1/22-12/22,2022,Regional,Glenn,CA Health & Wellness,California Health and Wellness,SPD Dual,212.13,219.76,227.78
1/22-12/22,2022,Regional,Glenn,CA Health & Wellness,California Health and Wellness,Maternity,11430.81,11782.07,12146.67
1/22-12/22,2022,Regional,Glenn,CA Health & Wellness,California Health and Wellness,Behavioral Health Treatment 0-6,2369.74,2448.75,2530.9
1/22-12/22,2022,Regional,Glenn,CA Health & Wellness,California Health and Wellness,Behavioral Health Treatment 7-20,1697.35,1753.93,1812.77
1/22-12/22,2022,Regional,Inyo,CA Health & Wellness,California Health and Wellness,Child,68.17,71.63,75.3
1/22-12/22,2022,Regional,Inyo,CA Health & Wellness,California Health and Wellness,Adult,262.38,271.95,282.0
1/22-12/22,2022,Regional,Inyo,CA Health & Wellness,California Health and Wellness,Adult Expansion,330.9,342.53,354.72
1/22-12/22,2022,Regional,Inyo,CA Health & Wellness,California Health and Wellness,SPD,929.39,959.34,990.6
1/22-12/22,2022,Regional,Inyo,CA Health & Wellness,California Health and Wellness,SPD Dual,212.13,219.76,227.78
1/22-12/22,2022,Regional,Inyo,CA Health & Wellness,California Health and Wellness,Maternity,11430.81,11782.07,12146.67
1/22-12/22,2022,Regional,Inyo,CA Health & Wellness,California Health and Wellness,Behavioral Health Treatment 0-6,2369.74,2448.75,2530.9
1/22-12/22,2022,Regional,Inyo,CA Health & Wellness,California Health and Wellness,Behavioral Health Treatment 7-20,1697.35,1753.93,1812.77
1/22-12/22,2022,Regional,Mariposa,CA Health & Wellness,California Health and Wellness,Child,68.17,71.63,75.3
1/22-12/22,2022,Regional,Mariposa,CA Health & Wellness,California Health and Wellness,Adult,262.38,271.95,282.0
1/22-12/22,2022,Regional,Mariposa,CA Health & Wellness,California Health and Wellness,Adult Expansion,330.9,342.53,354.72
1/22-12/22,2022,Regional,Mariposa,CA Health & Wellness,California Health and Wellness,SPD,929.39,959.34,990.6
1/22-12/22,2022,Regional,Mariposa,CA Health & Wellness,California Health and Wellness,SPD Dual,212.13,219.76,227.78
1/22-12/22,2022,Regional,Mariposa,CA Health & Wellness,California Health and Wellness,Maternity,11430.81,11782.07,12146.67
1/22-12/22,2022,Regional,Mariposa,CA Health & Wellness,California Health and Wellness,Behavioral Health Treatment 0-6,2369.74,2448.75,2530.9
1/22-12/22,2022,Regional,Mariposa,CA Health & Wellness,California Health and Wellness,Behavioral Health Treatment 7-20,1697.35,1753.93,1812.77
1/22-12/22,2022,Regional,Mono,CA Health & Wellness,California Health and Wellness,Child,68.17,71.63,75.3
1/22-12/22,2022,Regional,Mono,CA Health & Wellness,California Health and Wellness,Adult,262.38,271.95,282.0
1/22-12/22,2022,Regional,Mono,CA Health & Wellness,California Health and Wellness,Adult Expansion,330.9,342.53,354.72
1/22-12/22,2022,Regional,Mono,CA Health & Wellness,California Health and Wellness,SPD,929.39,959.34,990.6
1/22-12/22,2022,Regional,Mono,CA Health & Wellness,California Health and Wellness,SPD Dual,212.13,219.76,227.78
1/22-12/22,2022,Regional,Mono,CA Health & Wellness,California Health and Wellness,Maternity,11430.81,11782.07,12146.67
1/22-12/22,2022,Regional,Mono,CA Health & Wellness,California Health and Wellness,Behavioral Health Treatment 0-6,2369.74,2448.75,2530.9
1/22-12/22,2022,Regional,Mono,CA Health & Wellness,California Health and Wellness,Behavioral Health Treatment 7-20,1697.35,1753.93,1812.77
1/22-12/22,2022,Regional,Nevada,CA Health & Wellness,California Health and Wellness,Child,68.17,71.63,75.3
1/22-12/22,2022,Regional,Nevada,CA Health & Wellness,California Health and Wellness,Adult,262.38,271.95,282.0
1/22-12/22,2022,Regional,Nevada,CA Health & Wellness,California Health and Wellness,Adult Expansion,330.9,342.53,354.72
1/22-12/22,2022,Regional,Nevada,CA Health & Wellness,California Health and Wellness,SPD,929.39,959.34,990.6
1/22-12/22,2022,Regional,Nevada,CA Health & Wellness,California Health and Wellness,SPD Dual,212.13,219.76,227.78
1/22-12/22,2022,Regional,Nevada,CA Health & Wellness,California Health and Wellness,Maternity,11430.81,11782.07,12146.67
1/22-12/22,2022,Regional,Nevada,CA Health & Wellness,California Health and Wellness,Behavioral Health Treatment 0-6,2369.74,2448.75,2530.9
1/22-12/22,2022,Regional,Nevada,CA Health & Wellness,California Health and Wellness,Behavioral Health Treatment 7-20,1697.35,1753.93,1812.77
1/22-12/22,2022,Regional,Placer,CA Health & Wellness,California Health and Wellness,Child,68.17,71.63,75.3
1/22-12/22,2022,Regional,Placer,CA Health & Wellness,California Health and Wellness,Adult,262.38,271.95,282.0
1/22-12/22,2022,Regional,Placer,CA Health & Wellness,California Health and Wellness,Adult Expansion,330.9,342.53,354.72
1/22-12/22,2022,Regional,Placer,CA Health & Wellness,California Health and Wellness,SPD,929.39,959.34,990.6
1/22-12/22,2022,Regional,Placer,CA Health & Wellness,California Health and Wellness,SPD Dual,212.13,219.76,227.78
1/22-12/22,2022,Regional,Placer,CA Health & Wellness,California Health and Wellness,Maternity,11430.81,11782.07,12146.67
1/22-12/22,2022,Regional,Placer,CA Health & Wellness,California Health and Wellness,Behavioral Health Treatment 0-6,2369.74,2448.75,2530.9
1/22-12/22,2022,Regional,Placer,CA Health & Wellness,California Health and Wellness,Behavioral Health Treatment 7-20,1697.35,1753.93,1812.77
1/22-12/22,2022,Regional,Plumas,CA Health & Wellness,California Health and Wellness,Child,68.17,71.63,75.3
1/22-12/22,2022,Regional,Plumas,CA Health & Wellness,California Health and Wellness,Adult,262.38,271.95,282.0
1/22-12/22,2022,Regional,Plumas,CA Health & Wellness,California Health and Wellness,Adult Expansion,330.9,342.53,354.72
1/22-12/22,2022,Regional,Plumas,CA Health & Wellness,California Health and Wellness,SPD,929.39,959.34,990.6
1/22-12/22,2022,Regional,Plumas,CA Health & Wellness,California Health and Wellness,SPD Dual,212.13,219.76,227.78
1/22-12/22,2022,Regional,Plumas,CA Health & Wellness,California Health and Wellness,Maternity,11430.81,11782.07,12146.67
1/22-12/22,2022,Regional,Plumas,CA Health & Wellness,California Health and Wellness,Behavioral Health Treatment 0-6,2369.74,2448.75,2530.9
1/22-12/22,2022,Regional,Plumas,CA Health & Wellness,California Health and Wellness,Behavioral Health Treatment 7-20,1697.35,1753.93,1812.77
1/22-12/22,2022,Regional,Sierra,CA Health & Wellness,California Health and Wellness,Child,68.17,71.63,75.3
1/22-12/22,2022,Regional,Sierra,CA Health & Wellness,California Health and Wellness,Adult,262.38,271.95,282.0
1/22-12/22,2022,Regional,Sierra,CA Health & Wellness,California Health and Wellness,Adult Expansion,330.9,342.53,354.72
1/22-12/22,2022,Regional,Sierra,CA Health & Wellness,California Health and Wellness,SPD,929.39,959.34,990.6
1/22-12/22,2022,Regional,Sierra,CA Health & Wellness,California Health and Wellness,SPD Dual,212.13,219.76,227.78
1/22-12/22,2022,Regional,Sierra,CA Health & Wellness,California Health and Wellness,Maternity,11430.81,11782.07,12146.67
1/22-12/22,2022,Regional,Sierra,CA Health & Wellness,California Health and Wellness,Behavioral Health Treatment 0-6,2369.74,2448.75,2530.9
1/22-12/22,2022,Regional,Sierra,CA Health & Wellness,California Health and Wellness,Behavioral Health Treatment 7-20,1697.35,1753.93,1812.77
1/22-12/22,2022,Regional,Sutter,CA Health & Wellness,California Health and Wellness,Child,68.17,71.63,75.3
1/22-12/22,2022,Regional,Sutter,CA Health & Wellness,California Health and Wellness,Adult,262.38,271.95,282.0
1/22-12/22,2022,Regional,Sutter,CA Health & Wellness,California Health and Wellness,Adult Expansion,330.9,342.53,354.72
1/22-12/22,2022,Regional,Sutter,CA Health & Wellness,California Health and Wellness,SPD,929.39,959.34,990.6
1/22-12/22,2022,Regional,Sutter,CA Health & Wellness,California Health and Wellness,SPD Dual,212.13,219.76,227.78
1/22-12/22,2022,Regional,Sutter,CA Health & Wellness,California Health and Wellness,Maternity,11430.81,11782.07,12146.67
1/22-12/22,2022,Regional,Sutter,CA Health & Wellness,California Health and Wellness,Behavioral Health Treatment 0-6,2369.74,2448.75,2530.9
1/22-12/22,2022,Regional,Sutter,CA Health & Wellness,California Health and Wellness,Behavioral Health Treatment 7-20,1697.35,1753.93,1812.77
1/22-12/22,2022,Regional,Tehama,CA Health & Wellness,California Health and Wellness,Child,68.17,71.63,75.3
1/22-12/22,2022,Regional,Tehama,CA Health & Wellness,California Health and Wellness,Adult,262.38,271.95,282.0
1/22-12/22,2022,Regional,Tehama,CA Health & Wellness,California Health and Wellness,Adult Expansion,330.9,342.53,354.72
1/22-12/22,2022,Regional,Tehama,CA Health & Wellness,California Health and Wellness,SPD,929.39,959.34,990.6
1/22-12/22,2022,Regional,Tehama,CA Health & Wellness,California Health and Wellness,SPD Dual,212.13,219.76,227.78
1/22-12/22,2022,Regional,Tehama,CA Health & Wellness,California Health and Wellness,Maternity,11430.81,11782.07,12146.67
1/22-12/22,2022,Regional,Tehama,CA Health & Wellness,California Health and Wellness,Behavioral Health Treatment 0-6,2369.74,2448.75,2530.9
1/22-12/22,2022,Regional,Tehama,CA Health & Wellness,California Health and Wellness,Behavioral Health Treatment 7-20,1697.35,1753.93,1812.77
1/22-12/22,2022,Regional,Tuolumne,CA Health & Wellness,California Health and Wellness,Child,68.17,71.63,75.3
1/22-12/22,2022,Regional,Tuolumne,CA Health & Wellness,California Health and Wellness,Adult,262.38,271.95,282.0
1/22-12/22,2022,Regional,Tuolumne,CA Health & Wellness,California Health and Wellness,Adult Expansion,330.9,342.53,354.72
1/22-12/22,2022,Regional,Tuolumne,CA Health & Wellness,California Health and Wellness,SPD,929.39,959.34,990.6
1/22-12/22,2022,Regional,Tuolumne,CA Health & Wellness,California Health and Wellness,SPD Dual,212.13,219.76,227.78
1/22-12/22,2022,Regional,Tuolumne,CA Health & Wellness,California Health and Wellness,Maternity,11430.81,11782.07,12146.67
1/22-12/22,2022,Regional,Tuolumne,CA Health & Wellness,California Health and Wellness,Behavioral Health Treatment 0-6,2369.74,2448.75,2530.9
1/22-12/22,2022,Regional,Tuolumne,CA Health & Wellness,California Health and Wellness,Behavioral Health Treatment 7-20,1697.35,1753.93,1812.77
1/22-12/22,2022,Regional,Yuba,CA Health & Wellness,California Health and Wellness,Child,68.17,71.63,75.3
1/22-12/22,2022,Regional,Yuba,CA Health & Wellness,California Health and Wellness,Adult,262.38,271.95,282.0
1/22-12/22,2022,Regional,Yuba,CA Health & Wellness,California Health and Wellness,Adult Expansion,330.9,342.53,354.72
1/22-12/22,2022,Regional,Yuba,CA Health & Wellness,California Health and Wellness,SPD,929.39,959.34,990.6
1/22-12/22,2022,Regional,Yuba,CA Health & Wellness,California Health and Wellness,SPD Dual,212.13,219.76,227.78
1/22-12/22,2022,Regional,Yuba,CA Health & Wellness,California Health and Wellness,Maternity,11430.81,11782.07,12146.67
1/22-12/22,2022,Regional,Yuba,CA Health & Wellness,California Health and Wellness,Behavioral Health Treatment 0-6,2369.74,2448.75,2530.9
1/22-12/22,2022,Regional,Yuba,CA Health & Wellness,California Health and Wellness,Behavioral Health Treatment 7-20,1697.35,1753.93,1812.77
1/22-12/22,2022,Regional,Alpine,Anthem Blue Cross,Anthem Blue Cross,Child,63.5,66.72,70.14
1/22-12/22,2022,Regional,Alpine,Anthem Blue Cross,Anthem Blue Cross,Adult,225.44,233.64,242.25
1/22-12/22,2022,Regional,Alpine,Anthem Blue Cross,Anthem Blue Cross,Adult Expansion,279.41,289.21,299.49
1/22-12/22,2022,Regional,Alpine,Anthem Blue Cross,Anthem Blue Cross,SPD,758.36,782.77,808.26
1/22-12/22,2022,Regional,Alpine,Anthem Blue Cross,Anthem Blue Cross,SPD Dual,174.45,180.67,187.2
1/22-12/22,2022,Regional,Alpine,Anthem Blue Cross,Anthem Blue Cross,Maternity,11430.81,11782.07,12146.67
1/22-12/22,2022,Regional,Alpine,Anthem Blue Cross,Anthem Blue Cross,Behavioral Health Treatment 0-6,3665.62,3787.83,3914.9
1/22-12/22,2022,Regional,Alpine,Anthem Blue Cross,Anthem Blue Cross,Behavioral Health Treatment 7-20,2349.28,2427.6,2509.04
1/22-12/22,2022,Regional,Amador,Anthem Blue Cross,Anthem Blue Cross,Child,63.5,66.72,70.14
1/22-12/22,2022,Regional,Amador,Anthem Blue Cross,Anthem Blue Cross,Adult,225.44,233.64,242.25
1/22-12/22,2022,Regional,Amador,Anthem Blue Cross,Anthem Blue Cross,Adult Expansion,279.41,289.21,299.49
1/22-12/22,2022,Regional,Amador,Anthem Blue Cross,Anthem Blue Cross,SPD,758.36,782.77,808.26
1/22-12/22,2022,Regional,Amador,Anthem Blue Cross,Anthem Blue Cross,SPD Dual,174.45,180.67,187.2
1/22-12/22,2022,Regional,Amador,Anthem Blue Cross,Anthem Blue Cross,Maternity,11430.81,11782.07,12146.67
1/22-12/22,2022,Regional,Amador,Anthem Blue Cross,Anthem Blue Cross,Behavioral Health Treatment 0-6,3665.62,3787.83,3914.9
1/22-12/22,2022,Regional,Amador,Anthem Blue Cross,Anthem Blue Cross,Behavioral Health Treatment 7-20,2349.28,2427.6,2509.04
1/22-12/22,2022,Regional,Butte,Anthem Blue Cross,Anthem Blue Cross,Child,63.5,66.72,70.14
1/22-12/22,2022,Regional,Butte,Anthem Blue Cross,Anthem Blue Cross,Adult,225.44,233.64,242.25
1/22-12/22,2022,Regional,Butte,Anthem Blue Cross,Anthem Blue Cross,Adult Expansion,279.41,289.21,299.49
1/22-12/22,2022,Regional,Butte,Anthem Blue Cross,Anthem Blue Cross,SPD,758.36,782.77,808.26
1/22-12/22,2022,Regional,Butte,Anthem Blue Cross,Anthem Blue Cross,SPD Dual,174.45,180.67,187.2
1/22-12/22,2022,Regional,Butte,Anthem Blue Cross,Anthem Blue Cross,Maternity,11430.81,11782.07,12146.67
1/22-12/22,2022,Regional,Butte,Anthem Blue Cross,Anthem Blue Cross,Behavioral Health Treatment 0-6,3665.62,3787.83,3914.9
1/22-12/22,2022,Regional,Butte,Anthem Blue Cross,Anthem Blue Cross,Behavioral Health Treatment 7-20,2349.28,2427.6,2509.04
1/22-12/22,2022,Regional,Calaveras,Anthem Blue Cross,Anthem Blue Cross,Child,63.5,66.72,70.14
1/22-12/22,2022,Regional,Calaveras,Anthem Blue Cross,Anthem Blue Cross,Adult,225.44,233.64,242.25
1/22-12/22,2022,Regional,Calaveras,Anthem Blue Cross,Anthem Blue Cross,Adult Expansion,279.41,289.21,299.49
1/22-12/22,2022,Regional,Calaveras,Anthem Blue Cross,Anthem Blue Cross,SPD,758.36,782.77,808.26
1/22-12/22,2022,Regional,Calaveras,Anthem Blue Cross,Anthem Blue Cross,SPD Dual,174.45,180.67,187.2
1/22-12/22,2022,Regional,Calaveras,Anthem Blue Cross,Anthem Blue Cross,Maternity,11430.81,11782.07,12146.67
1/22-12/22,2022,Regional,Calaveras,Anthem Blue Cross,Anthem Blue Cross,Behavioral Health Treatment 0-6,3665.62,3787.83,3914.9
1/22-12/22,2022,Regional,Calaveras,Anthem Blue Cross,Anthem Blue Cross,Behavioral Health Treatment 7-20,2349.28,2427.6,2509.04
1/22-12/22,2022,Regional,Colusa,Anthem Blue Cross,Anthem Blue Cross,Child,63.5,66.72,70.14
1/22-12/22,2022,Regional,Colusa,Anthem Blue Cross,Anthem Blue Cross,Adult,225.44,233.64,242.25
1/22-12/22,2022,Regional,Colusa,Anthem Blue Cross,Anthem Blue Cross,Adult Expansion,279.41,289.21,299.49
1/22-12/22,2022,Regional,Colusa,Anthem Blue Cross,Anthem Blue Cross,SPD,758.36,782.77,808.26
1/22-12/22,2022,Regional,Colusa,Anthem Blue Cross,Anthem Blue Cross,SPD Dual,174.45,180.67,187.2
1/22-12/22,2022,Regional,Colusa,Anthem Blue Cross,Anthem Blue Cross,Maternity,11430.81,11782.07,12146.67
1/22-12/22,2022,Regional,Colusa,Anthem Blue Cross,Anthem Blue Cross,Behavioral Health Treatment 0-6,3665.62,3787.83,3914.9
1/22-12/22,2022,Regional,Colusa,Anthem Blue Cross,Anthem Blue Cross,Behavioral Health Treatment 7-20,2349.28,2427.6,2509.04
1/22-12/22,2022,Regional,El Dorado,Anthem Blue Cross,Anthem Blue Cross,Child,63.5,66.72,70.14
1/22-12/22,2022,Regional,El Dorado,Anthem Blue Cross,Anthem Blue Cross,Adult,225.44,233.64,242.25
1/22-12/22,2022,Regional,El Dorado,Anthem Blue Cross,Anthem Blue Cross,Adult Expansion,279.41,289.21,299.49
1/22-12/22,2022,Regional,El Dorado,Anthem Blue Cross,Anthem Blue Cross,SPD,758.36,782.77,808.26
1/22-12/22,2022,Regional,El Dorado,Anthem Blue Cross,Anthem Blue Cross,SPD Dual,174.45,180.67,187.2
1/22-12/22,2022,Regional,El Dorado,Anthem Blue Cross,Anthem Blue Cross,Maternity,11430.81,11782.07,12146.67
1/22-12/22,2022,Regional,El Dorado,Anthem Blue Cross,Anthem Blue Cross,Behavioral Health Treatment 0-6,3665.62,3787.83,3914.9
1/22-12/22,2022,Regional,El Dorado,Anthem Blue Cross,Anthem Blue Cross,Behavioral Health Treatment 7-20,2349.28,2427.6,2509.04
1/22-12/22,2022,Regional,Glenn,Anthem Blue Cross,Anthem Blue Cross,Child,63.5,66.72,70.14
1/22-12/22,2022,Regional,Glenn,Anthem Blue Cross,Anthem Blue Cross,Adult,225.44,233.64,242.25
1/22-12/22,2022,Regional,Glenn,Anthem Blue Cross,Anthem Blue Cross,Adult Expansion,279.41,289.21,299.49
1/22-12/22,2022,Regional,Glenn,Anthem Blue Cross,Anthem Blue Cross,SPD,758.36,782.77,808.26
1/22-12/22,2022,Regional,Glenn,Anthem Blue Cross,Anthem Blue Cross,SPD Dual,174.45,180.67,187.2
1/22-12/22,2022,Regional,Glenn,Anthem Blue Cross,Anthem Blue Cross,Maternity,11430.81,11782.07,12146.67
1/22-12/22,2022,Regional,Glenn,Anthem Blue Cross,Anthem Blue Cross,Behavioral Health Treatment 0-6,3665.62,3787.83,3914.9
1/22-12/22,2022,Regional,Glenn,Anthem Blue Cross,Anthem Blue Cross,Behavioral Health Treatment 7-20,2349.28,2427.6,2509.04
1/22-12/22,2022,Regional,Inyo,Anthem Blue Cross,Anthem Blue Cross,Child,63.5,66.72,70.14
1/22-12/22,2022,Regional,Inyo,Anthem Blue Cross,Anthem Blue Cross,Adult,225.44,233.64,242.25
1/22-12/22,2022,Regional,Inyo,Anthem Blue Cross,Anthem Blue Cross,Adult Expansion,279.41,289.21,299.49
1/22-12/22,2022,Regional,Inyo,Anthem Blue Cross,Anthem Blue Cross,SPD,758.36,782.77,808.26
1/22-12/22,2022,Regional,Inyo,Anthem Blue Cross,Anthem Blue Cross,SPD Dual,174.45,180.67,187.2
1/22-12/22,2022,Regional,Inyo,Anthem Blue Cross,Anthem Blue Cross,Maternity,11430.81,11782.07,12146.67
1/22-12/22,2022,Regional,Inyo,Anthem Blue Cross,Anthem Blue Cross,Behavioral Health Treatment 0-6,3665.62,3787.83,3914.9
1/22-12/22,2022,Regional,Inyo,Anthem Blue Cross,Anthem Blue Cross,Behavioral Health Treatment 7-20,2349.28,2427.6,2509.04
1/22-12/22,2022,Regional,Mariposa,Anthem Blue Cross,Anthem Blue Cross,Child,63.5,66.72,70.14
1/22-12/22,2022,Regional,Mariposa,Anthem Blue Cross,Anthem Blue Cross,Adult,225.44,233.64,242.25
1/22-12/22,2022,Regional,Mariposa,Anthem Blue Cross,Anthem Blue Cross,Adult Expansion,279.41,289.21,299.49
1/22-12/22,2022,Regional,Mariposa,Anthem Blue Cross,Anthem Blue Cross,SPD,758.36,782.77,808.26
1/22-12/22,2022,Regional,Mariposa,Anthem Blue Cross,Anthem Blue Cross,SPD Dual,174.45,180.67,187.2
1/22-12/22,2022,Regional,Mariposa,Anthem Blue Cross,Anthem Blue Cross,Maternity,11430.81,11782.07,12146.67
1/22-12/22,2022,Regional,Mariposa,Anthem Blue Cross,Anthem Blue Cross,Behavioral Health Treatment 0-6,3665.62,3787.83,3914.9
1/22-12/22,2022,Regional,Mariposa,Anthem Blue Cross,Anthem Blue Cross,Behavioral Health Treatment 7-20,2349.28,2427.6,2509.04
1/22-12/22,2022,Regional,Mono,Anthem Blue Cross,Anthem Blue Cross,Child,63.5,66.72,70.14
1/22-12/22,2022,Regional,Mono,Anthem Blue Cross,Anthem Blue Cross,Adult,225.44,233.64,242.25
1/22-12/22,2022,Regional,Mono,Anthem Blue Cross,Anthem Blue Cross,Adult Expansion,279.41,289.21,299.49
1/22-12/22,2022,Regional,Mono,Anthem Blue Cross,Anthem Blue Cross,SPD,758.36,782.77,808.26
1/22-12/22,2022,Regional,Mono,Anthem Blue Cross,Anthem Blue Cross,SPD Dual,174.45,180.67,187.2
1/22-12/22,2022,Regional,Mono,Anthem Blue Cross,Anthem Blue Cross,Maternity,11430.81,11782.07,12146.67
1/22-12/22,2022,Regional,Mono,Anthem Blue Cross,Anthem Blue Cross,Behavioral Health Treatment 0-6,3665.62,3787.83,3914.9
1/22-12/22,2022,Regional,Mono,Anthem Blue Cross,Anthem Blue Cross,Behavioral Health Treatment 7-20,2349.28,2427.6,2509.04
1/22-12/22,2022,Regional,Nevada,Anthem Blue Cross,Anthem Blue Cross,Child,63.5,66.72,70.14
1/22-12/22,2022,Regional,Nevada,Anthem Blue Cross,Anthem Blue Cross,Adult,225.44,233.64,242.25
1/22-12/22,2022,Regional,Nevada,Anthem Blue Cross,Anthem Blue Cross,Adult Expansion,279.41,289.21,299.49
1/22-12/22,2022,Regional,Nevada,Anthem Blue Cross,Anthem Blue Cross,SPD,758.36,782.77,808.26
1/22-12/22,2022,Regional,Nevada,Anthem Blue Cross,Anthem Blue Cross,SPD Dual,174.45,180.67,187.2
1/22-12/22,2022,Regional,Nevada,Anthem Blue Cross,Anthem Blue Cross,Maternity,11430.81,11782.07,12146.67
1/22-12/22,2022,Regional,Nevada,Anthem Blue Cross,Anthem Blue Cross,Behavioral Health Treatment 0-6,3665.62,3787.83,3914.9
1/22-12/22,2022,Regional,Nevada,Anthem Blue Cross,Anthem Blue Cross,Behavioral Health Treatment 7-20,2349.28,2427.6,2509.04
1/22-12/22,2022,Regional,Placer,Anthem Blue Cross,Anthem Blue Cross,Child,63.5,66.72,70.14
1/22-12/22,2022,Regional,Placer,Anthem Blue Cross,Anthem Blue Cross,Adult,225.44,233.64,242.25
1/22-12/22,2022,Regional,Placer,Anthem Blue Cross,Anthem Blue Cross,Adult Expansion,279.41,289.21,299.49
1/22-12/22,2022,Regional,Placer,Anthem Blue Cross,Anthem Blue Cross,SPD,758.36,782.77,808.26
1/22-12/22,2022,Regional,Placer,Anthem Blue Cross,Anthem Blue Cross,SPD Dual,174.45,180.67,187.2
1/22-12/22,2022,Regional,Placer,Anthem Blue Cross,Anthem Blue Cross,Maternity,11430.81,11782.07,12146.67
1/22-12/22,2022,Regional,Placer,Anthem Blue Cross,Anthem Blue Cross,Behavioral Health Treatment 0-6,3665.62,3787.83,3914.9
1/22-12/22,2022,Regional,Placer,Anthem Blue Cross,Anthem Blue Cross,Behavioral Health Treatment 7-20,2349.28,2427.6,2509.04
1/22-12/22,2022,Regional,Plumas,Anthem Blue Cross,Anthem Blue Cross,Child,63.5,66.72,70.14
1/22-12/22,2022,Regional,Plumas,Anthem Blue Cross,Anthem Blue Cross,Adult,225.44,233.64,242.25
1/22-12/22,2022,Regional,Plumas,Anthem Blue Cross,Anthem Blue Cross,Adult Expansion,279.41,289.21,299.49
1/22-12/22,2022,Regional,Plumas,Anthem Blue Cross,Anthem Blue Cross,SPD,758.36,782.77,808.26
1/22-12/22,2022,Regional,Plumas,Anthem Blue Cross,Anthem Blue Cross,SPD Dual,174.45,180.67,187.2
1/22-12/22,2022,Regional,Plumas,Anthem Blue Cross,Anthem Blue Cross,Maternity,11430.81,11782.07,12146.67
1/22-12/22,2022,Regional,Plumas,Anthem Blue Cross,Anthem Blue Cross,Behavioral Health Treatment 0-6,3665.62,3787.83,3914.9
1/22-12/22,2022,Regional,Plumas,Anthem Blue Cross,Anthem Blue Cross,Behavioral Health Treatment 7-20,2349.28,2427.6,2509.04
1/22-12/22,2022,Regional,Sierra,Anthem Blue Cross,Anthem Blue Cross,Child,63.5,66.72,70.14
1/22-12/22,2022,Regional,Sierra,Anthem Blue Cross,Anthem Blue Cross,Adult,225.44,233.64,242.25
1/22-12/22,2022,Regional,Sierra,Anthem Blue Cross,Anthem Blue Cross,Adult Expansion,279.41,289.21,299.49
1/22-12/22,2022,Regional,Sierra,Anthem Blue Cross,Anthem Blue Cross,SPD,758.36,782.77,808.26
1/22-12/22,2022,Regional,Sierra,Anthem Blue Cross,Anthem Blue Cross,SPD Dual,174.45,180.67,187.2
1/22-12/22,2022,Regional,Sierra,Anthem Blue Cross,Anthem Blue Cross,Maternity,11430.81,11782.07,12146.67
1/22-12/22,2022,Regional,Sierra,Anthem Blue Cross,Anthem Blue Cross,Behavioral Health Treatment 0-6,3665.62,3787.83,3914.9
1/22-12/22,2022,Regional,Sierra,Anthem Blue Cross,Anthem Blue Cross,Behavioral Health Treatment 7-20,2349.28,2427.6,2509.04
1/22-12/22,2022,Regional,Sutter,Anthem Blue Cross,Anthem Blue Cross,Child,63.5,66.72,70.14
1/22-12/22,2022,Regional,Sutter,Anthem Blue Cross,Anthem Blue Cross,Adult,225.44,233.64,242.25
1/22-12/22,2022,Regional,Sutter,Anthem Blue Cross,Anthem Blue Cross,Adult Expansion,279.41,289.21,299.49
1/22-12/22,2022,Regional,Sutter,Anthem Blue Cross,Anthem Blue Cross,SPD,758.36,782.77,808.26
1/22-12/22,2022,Regional,Sutter,Anthem Blue Cross,Anthem Blue Cross,SPD Dual,174.45,180.67,187.2
1/22-12/22,2022,Regional,Sutter,Anthem Blue Cross,Anthem Blue Cross,Maternity,11430.81,11782.07,12146.67
1/22-12/22,2022,Regional,Sutter,Anthem Blue Cross,Anthem Blue Cross,Behavioral Health Treatment 0-6,3665.62,3787.83,3914.9
1/22-12/22,2022,Regional,Sutter,Anthem Blue Cross,Anthem Blue Cross,Behavioral Health Treatment 7-20,2349.28,2427.6,2509.04
1/22-12/22,2022,Regional,Tehama,Anthem Blue Cross,Anthem Blue Cross,Child,63.5,66.72,70.14
1/22-12/22,2022,Regional,Tehama,Anthem Blue Cross,Anthem Blue Cross,Adult,225.44,233.64,242.25
1/22-12/22,2022,Regional,Tehama,Anthem Blue Cross,Anthem Blue Cross,Adult Expansion,279.41,289.21,299.49
1/22-12/22,2022,Regional,Tehama,Anthem Blue Cross,Anthem Blue Cross,SPD,758.36,782.77,808.26
1/22-12/22,2022,Regional,Tehama,Anthem Blue Cross,Anthem Blue Cross,SPD Dual,174.45,180.67,187.2
1/22-12/22,2022,Regional,Tehama,Anthem Blue Cross,Anthem Blue Cross,Maternity,11430.81,11782.07,12146.67
1/22-12/22,2022,Regional,Tehama,Anthem Blue Cross,Anthem Blue Cross,Behavioral Health Treatment 0-6,3665.62,3787.83,3914.9
1/22-12/22,2022,Regional,Tehama,Anthem Blue Cross,Anthem Blue Cross,Behavioral Health Treatment 7-20,2349.28,2427.6,2509.04
1/22-12/22,2022,Regional,Tuolumne,Anthem Blue Cross,Anthem Blue Cross,Child,63.5,66.72,70.14
1/22-12/22,2022,Regional,Tuolumne,Anthem Blue Cross,Anthem Blue Cross,Adult,225.44,233.64,242.25
1/22-12/22,2022,Regional,Tuolumne,Anthem Blue Cross,Anthem Blue Cross,Adult Expansion,279.41,289.21,299.49
1/22-12/22,2022,Regional,Tuolumne,Anthem Blue Cross,Anthem Blue Cross,SPD,758.36,782.77,808.26
1/22-12/22,2022,Regional,Tuolumne,Anthem Blue Cross,Anthem Blue Cross,SPD Dual,174.45,180.67,187.2
1/22-12/22,2022,Regional,Tuolumne,Anthem Blue Cross,Anthem Blue Cross,Maternity,11430.81,11782.07,12146.67
1/22-12/22,2022,Regional,Tuolumne,Anthem Blue Cross,Anthem Blue Cross,Behavioral Health Treatment 0-6,3665.62,3787.83,3914.9
1/22-12/22,2022,Regional,Tuolumne,Anthem Blue Cross,Anthem Blue Cross,Behavioral Health Treatment 7-20,2349.28,2427.6,2509.04
1/22-12/22,2022,Regional,Yuba,Anthem Blue Cross,Anthem Blue Cross,Child,63.5,66.72,70.14
1/22-12/22,2022,Regional,Yuba,Anthem Blue Cross,Anthem Blue Cross,Adult,225.44,233.64,242.25
1/22-12/22,2022,Regional,Yuba,Anthem Blue Cross,Anthem Blue Cross,Adult Expansion,279.41,289.21,299.49
1/22-12/22,2022,Regional,Yuba,Anthem Blue Cross,Anthem Blue Cross,SPD,758.36,782.77,808.26
1/22-12/22,2022,Regional,Yuba,Anthem Blue Cross,Anthem Blue Cross,SPD Dual,174.45,180.67,187.2
1/22-12/22,2022,Regional,Yuba,Anthem Blue Cross,Anthem Blue Cross,Maternity,11430.81,11782.07,12146.67
1/22-12/22,2022,Regional,Yuba,Anthem Blue Cross,Anthem Blue Cross,Behavioral Health Treatment 0-6,3665.62,3787.83,3914.9
1/22-12/22,2022,Regional,Yuba,Anthem Blue Cross,Anthem Blue Cross,Behavioral Health Treatment 7-20,2349.28,2427.6,2509.04
1/22-12/22,2022,Regional,San Benito,Anthem Blue Cross,Anthem Blue Cross,Child,54.82,57.46,60.26
1/22-12/22,2022,Regional,San Benito,Anthem Blue Cross,Anthem Blue Cross,Adult,198.05,205.19,212.69
1/22-12/22,2022,Regional,San Benito,Anthem Blue Cross,Anthem Blue Cross,Adult Expansion,269.46,278.75,288.47
1/22-12/22,2022,Regional,San Benito,Anthem Blue Cross,Anthem Blue Cross,SPD,536.65,553.8,571.7
1/22-12/22,2022,Regional,San Benito,Anthem Blue Cross,Anthem Blue Cross,SPD Dual,167.01,172.78,178.83
1/22-12/22,2022,Regional,San Benito,Anthem Blue Cross,Anthem Blue Cross,Maternity,11493.51,11846.69,12213.29
1/22-12/22,2022,Regional,San Benito,Anthem Blue Cross,Anthem Blue Cross,Behavioral Health Treatment 0-6,3094.78,3197.95,3305.24
1/22-12/22,2022,Regional,San Benito,Anthem Blue Cross,Anthem Blue Cross,Behavioral Health Treatment 7-20,2051.6,2119.99,2191.11
1/23-12/23,2023,Regional,Alpine,Anthem Blue Cross,Anthem Blue Cross,Child - UIS Federal,20.21,21.6,23.08
1/23-12/23,2023,Regional,Alpine,Anthem Blue Cross,Anthem Blue Cross,Adult - UIS Federal,169.05,174.89,181.0
1/23-12/23,2023,Regional,Alpine,Anthem Blue Cross,Anthem Blue Cross,ACA Optional Expansion - UIS Federal,238.57,246.48,254.75
1/23-12/23,2023,Regional,Alpine,Anthem Blue Cross,Anthem Blue Cross,SPD - UIS Federal,676.66,697.7,719.62
1/23-12/23,2023,Regional,Alpine,Anthem Blue Cross,Anthem Blue Cross,SPD/Full-Dual - UIS Federal,127.25,131.67,136.31
1/23-12/23,2023,Regional,Alpine,Anthem Blue Cross,Anthem Blue Cross,LTC - UIS Federal,1654.53,1693.76,1734.51
1/23-12/23,2023,Regional,Alpine,Anthem Blue Cross,Anthem Blue Cross,LTC/Full-Dual - UIS Federal,137.77,141.74,145.89
1/23-12/23,2023,Regional,Alpine,Anthem Blue Cross,Anthem Blue Cross,Child - SIS,63.73,67.16,70.8
1/23-12/23,2023,Regional,Alpine,Anthem Blue Cross,Anthem Blue Cross,Adult - SIS,217.15,224.95,233.13
1/23-12/23,2023,Regional,Alpine,Anthem Blue Cross,Anthem Blue Cross,ACA Optional Expansion - SIS,294.5,304.59,315.16
1/23-12/23,2023,Regional,Alpine,Anthem Blue Cross,Anthem Blue Cross,SPD - SIS,759.18,783.67,809.19
1/23-12/23,2023,Regional,Alpine,Anthem Blue Cross,Anthem Blue Cross,SPD/Full-Dual - SIS,212.24,218.29,224.63
1/23-12/23,2023,Regional,Alpine,Anthem Blue Cross,Anthem Blue Cross,LTC - SIS,10610.47,10759.37,10912.62
1/23-12/23,2023,Regional,Alpine,Anthem Blue Cross,Anthem Blue Cross,LTC/Full-Dual - SIS,8558.24,8656.2,8756.54
1/23-12/23,2023,Regional,Alpine,Anthem Blue Cross,Anthem Blue Cross,Maternity - UIS Federal,11596.02,11848.72,12109.71
1/23-12/23,2023,Regional,Alpine,Anthem Blue Cross,Anthem Blue Cross,Maternity - SIS,11596.02,11848.72,12109.71
1/23-12/23,2023,Regional,Alpine,Anthem Blue Cross,Anthem Blue Cross,Child - UIS State-Only,38.9,40.69,42.57
1/23-12/23,2023,Regional,Alpine,Anthem Blue Cross,Anthem Blue Cross,Adult - UIS State-Only,134.3,138.93,143.78
1/23-12/23,2023,Regional,Alpine,Anthem Blue Cross,Anthem Blue Cross,ACA Optional Expansion - UIS State-Only,201.24,207.66,214.37
1/23-12/23,2023,Regional,Alpine,Anthem Blue Cross,Anthem Blue Cross,SPD - UIS State-Only,422.76,435.36,448.49
1/23-12/23,2023,Regional,Alpine,Anthem Blue Cross,Anthem Blue Cross,SPD/Full-Dual - UIS State-Only,217.89,223.22,228.78
1/23-12/23,2023,Regional,Alpine,Anthem Blue Cross,Anthem Blue Cross,LTC - UIS State-Only,8974.3,9084.52,9197.59
1/23-12/23,2023,Regional,Alpine,Anthem Blue Cross,Anthem Blue Cross,LTC/Full-Dual - UIS State-Only,8420.47,8514.46,8610.65
1/23-12/23,2023,Regional,Alpine,California Health and Wellness,California Health and Wellness,Child - UIS Federal,28.76,30.58,32.52
1/23-12/23,2023,Regional,Alpine,California Health and Wellness,California Health and Wellness,Adult - UIS Federal,240.11,248.13,256.51
1/23-12/23,2023,Regional,Alpine,California Health and Wellness,California Health and Wellness,ACA Optional Expansion - UIS Federal,348.87,360.08,371.78
1/23-12/23,2023,Regional,Alpine,California Health and Wellness,California Health and Wellness,SPD - UIS Federal,995.02,1025.22,1056.67
1/23-12/23,2023,Regional,Alpine,California Health and Wellness,California Health and Wellness,SPD/Full-Dual - UIS Federal,159.54,164.99,170.7
1/23-12/23,2023,Regional,Alpine,California Health and Wellness,California Health and Wellness,LTC - UIS Federal,1655.52,1694.37,1734.71
1/23-12/23,2023,Regional,Alpine,California Health and Wellness,California Health and Wellness,LTC/Full-Dual - UIS Federal,139.55,143.71,148.07
1/23-12/23,2023,Regional,Alpine,California Health and Wellness,California Health and Wellness,Child - SIS,69.64,73.3,77.18
1/23-12/23,2023,Regional,Alpine,California Health and Wellness,California Health and Wellness,Adult - SIS,271.1,280.75,290.87
1/23-12/23,2023,Regional,Alpine,California Health and Wellness,California Health and Wellness,ACA Optional Expansion - SIS,356.87,369.04,381.78
1/23-12/23,2023,Regional,Alpine,California Health and Wellness,California Health and Wellness,SPD - SIS,945.55,975.72,1007.18
1/23-12/23,2023,Regional,Alpine,California Health and Wellness,California Health and Wellness,SPD/Full-Dual - SIS,235.55,242.37,249.53
1/23-12/23,2023,Regional,Alpine,California Health and Wellness,California Health and Wellness,LTC - SIS,10609.33,10757.21,10909.38
1/23-12/23,2023,Regional,Alpine,California Health and Wellness,California Health and Wellness,LTC/Full-Dual - SIS,8559.18,8657.08,8757.37
1/23-12/23,2023,Regional,Alpine,California Health and Wellness,California Health and Wellness,Maternity - UIS Federal,11596.02,11848.72,12109.71
1/23-12/23,2023,Regional,Alpine,California Health and Wellness,California Health and Wellness,Maternity - SIS,11596.02,11848.72,12109.71
1/23-12/23,2023,Regional,Alpine,California Health and Wellness,California Health and Wellness,Child - UIS State-Only,34.56,36.21,37.95
1/23-12/23,2023,Regional,Alpine,California Health and Wellness,California Health and Wellness,Adult - UIS State-Only,158.49,163.77,169.29
1/23-12/23,2023,Regional,Alpine,California Health and Wellness,California Health and Wellness,ACA Optional Expansion - UIS State-Only,226.0,233.08,240.48
1/23-12/23,2023,Regional,Alpine,California Health and Wellness,California Health and Wellness,SPD - UIS State-Only,529.77,545.22,561.31
1/23-12/23,2023,Regional,Alpine,California Health and Wellness,California Health and Wellness,SPD/Full-Dual - UIS State-Only,239.71,245.59,251.73
1/23-12/23,2023,Regional,Alpine,California Health and Wellness,California Health and Wellness,LTC - UIS State-Only,8972.13,9081.71,9194.09
1/23-12/23,2023,Regional,Alpine,California Health and Wellness,California Health and Wellness,LTC/Full-Dual - UIS State-Only,8419.63,8513.37,8609.3
1/23-12/23,2023,Regional,Amador,Anthem Blue Cross,Anthem Blue Cross,Child - UIS Federal,20.21,21.6,23.08
1/23-12/23,2023,Regional,Amador,Anthem Blue Cross,Anthem Blue Cross,Adult - UIS Federal,169.05,174.89,181.0
1/23-12/23,2023,Regional,Amador,Anthem Blue Cross,Anthem Blue Cross,ACA Optional Expansion - UIS Federal,238.57,246.48,254.75
1/23-12/23,2023,Regional,Amador,Anthem Blue Cross,Anthem Blue Cross,SPD - UIS Federal,676.66,697.7,719.62
1/23-12/23,2023,Regional,Amador,Anthem Blue Cross,Anthem Blue Cross,SPD/Full-Dual - UIS Federal,127.25,131.67,136.31
1/23-12/23,2023,Regional,Amador,Anthem Blue Cross,Anthem Blue Cross,LTC - UIS Federal,1654.53,1693.76,1734.51
1/23-12/23,2023,Regional,Amador,Anthem Blue Cross,Anthem Blue Cross,LTC/Full-Dual - UIS Federal,137.77,141.74,145.89
1/23-12/23,2023,Regional,Amador,Anthem Blue Cross,Anthem Blue Cross,Child - SIS,63.73,67.16,70.8
1/23-12/23,2023,Regional,Amador,Anthem Blue Cross,Anthem Blue Cross,Adult - SIS,217.15,224.95,233.13
1/23-12/23,2023,Regional,Amador,Anthem Blue Cross,Anthem Blue Cross,ACA Optional Expansion - SIS,294.5,304.59,315.16
1/23-12/23,2023,Regional,Amador,Anthem Blue Cross,Anthem Blue Cross,SPD - SIS,759.18,783.67,809.19
1/23-12/23,2023,Regional,Amador,Anthem Blue Cross,Anthem Blue Cross,SPD/Full-Dual - SIS,212.24,218.29,224.63
1/23-12/23,2023,Regional,Amador,Anthem Blue Cross,Anthem Blue Cross,LTC - SIS,10610.47,10759.37,10912.62
1/23-12/23,2023,Regional,Amador,Anthem Blue Cross,Anthem Blue Cross,LTC/Full-Dual - SIS,8558.24,8656.2,8756.54
1/23-12/23,2023,Regional,Amador,Anthem Blue Cross,Anthem Blue Cross,Maternity - UIS Federal,11596.02,11848.72,12109.71
1/23-12/23,2023,Regional,Amador,Anthem Blue Cross,Anthem Blue Cross,Maternity - SIS,11596.02,11848.72,12109.71
1/23-12/23,2023,Regional,Amador,Anthem Blue Cross,Anthem Blue Cross,Child - UIS State-Only,38.9,40.69,42.57
1/23-12/23,2023,Regional,Amador,Anthem Blue Cross,Anthem Blue Cross,Adult - UIS State-Only,134.3,138.93,143.78
1/23-12/23,2023,Regional,Amador,Anthem Blue Cross,Anthem Blue Cross,ACA Optional Expansion - UIS State-Only,201.24,207.66,214.37
1/23-12/23,2023,Regional,Amador,Anthem Blue Cross,Anthem Blue Cross,SPD - UIS State-Only,422.76,435.36,448.49
1/23-12/23,2023,Regional,Amador,Anthem Blue Cross,Anthem Blue Cross,SPD/Full-Dual - UIS State-Only,217.89,223.22,228.78
1/23-12/23,2023,Regional,Amador,Anthem Blue Cross,Anthem Blue Cross,LTC - UIS State-Only,8974.3,9084.52,9197.59
1/23-12/23,2023,Regional,Amador,Anthem Blue Cross,Anthem Blue Cross,LTC/Full-Dual - UIS State-Only,8420.47,8514.46,8610.65
1/23-12/23,2023,Regional,Amador,California Health and Wellness,California Health and Wellness,Child - UIS Federal,28.76,30.58,32.52
1/23-12/23,2023,Regional,Amador,California Health and Wellness,California Health and Wellness,Adult - UIS Federal,240.11,248.13,256.51
1/23-12/23,2023,Regional,Amador,California Health and Wellness,California Health and Wellness,ACA Optional Expansion - UIS Federal,348.87,360.08,371.78
1/23-12/23,2023,Regional,Amador,California Health and Wellness,California Health and Wellness,SPD - UIS Federal,995.02,1025.22,1056.67
1/23-12/23,2023,Regional,Amador,California Health and Wellness,California Health and Wellness,SPD/Full-Dual - UIS Federal,159.54,164.99,170.7
1/23-12/23,2023,Regional,Amador,California Health and Wellness,California Health and Wellness,LTC - UIS Federal,1655.52,1694.37,1734.71
1/23-12/23,2023,Regional,Amador,California Health and Wellness,California Health and Wellness,LTC/Full-Dual - UIS Federal,139.55,143.71,148.07
1/23-12/23,2023,Regional,Amador,California Health and Wellness,California Health and Wellness,Child - SIS,69.64,73.3,77.18
1/23-12/23,2023,Regional,Amador,California Health and Wellness,California Health and Wellness,Adult - SIS,271.1,280.75,290.87
1/23-12/23,2023,Regional,Amador,California Health and Wellness,California Health and Wellness,ACA Optional Expansion - SIS,356.87,369.04,381.78
1/23-12/23,2023,Regional,Amador,California Health and Wellness,California Health and Wellness,SPD - SIS,945.55,975.72,1007.18
1/23-12/23,2023,Regional,Amador,California Health and Wellness,California Health and Wellness,SPD/Full-Dual - SIS,235.55,242.37,249.53
1/23-12/23,2023,Regional,Amador,California Health and Wellness,California Health and Wellness,LTC - SIS,10609.33,10757.21,10909.38
1/23-12/23,2023,Regional,Amador,California Health and Wellness,California Health and Wellness,LTC/Full-Dual - SIS,8559.18,8657.08,8757.37
1/23-12/23,2023,Regional,Amador,California Health and Wellness,California Health and Wellness,Maternity - UIS Federal,11596.02,11848.72,12109.71
1/23-12/23,2023,Regional,Amador,California Health and Wellness,California Health and Wellness,Maternity - SIS,11596.02,11848.72,12109.71
1/23-12/23,2023,Regional,Amador,California Health and Wellness,California Health and Wellness,Child - UIS State-Only,34.56,36.21,37.95
1/23-12/23,2023,Regional,Amador,California Health and Wellness,California Health and Wellness,Adult - UIS State-Only,158.49,163.77,169.29
1/23-12/23,2023,Regional,Amador,California Health and Wellness,California Health and Wellness,ACA Optional Expansion - UIS State-Only,226.0,233.08,240.48
1/23-12/23,2023,Regional,Amador,California Health and Wellness,California Health and Wellness,SPD - UIS State-Only,529.77,545.22,561.31
1/23-12/23,2023,Regional,Amador,California Health and Wellness,California Health and Wellness,SPD/Full-Dual - UIS State-Only,239.71,245.59,251.73
1/23-12/23,2023,Regional,Amador,California Health and Wellness,California Health and Wellness,LTC - UIS State-Only,8972.13,9081.71,9194.09
1/23-12/23,2023,Regional,Amador,California Health and Wellness,California Health and Wellness,LTC/Full-Dual - UIS State-Only,8419.63,8513.37,8609.3
1/23-12/23,2023,Regional,Amador,Kaiser Foundation Health Plan,Kaiser Permanente,Child - UIS Federal,22.55,23.93,25.41
1/23-12/23,2023,Regional,Amador,Kaiser Foundation Health Plan,Kaiser Permanente,Adult - UIS Federal,202.32,208.96,215.9
1/23-12/23,2023,Regional,Amador,Kaiser Foundation Health Plan,Kaiser Permanente,ACA Optional Expansion - UIS Federal,278.2,287.05,296.29
1/23-12/23,2023,Regional,Amador,Kaiser Foundation Health Plan,Kaiser Permanente,SPD - UIS Federal,625.37,644.38,664.19
1/23-12/23,2023,Regional,Amador,Kaiser Foundation Health Plan,Kaiser Permanente,SPD/Full-Dual - UIS Federal,141.99,146.69,151.61
1/23-12/23,2023,Regional,Amador,Kaiser Foundation Health Plan,Kaiser Permanente,LTC - UIS Federal,1717.21,1757.81,1799.96
1/23-12/23,2023,Regional,Amador,Kaiser Foundation Health Plan,Kaiser Permanente,LTC/Full-Dual - UIS Federal,241.84,248.79,256.04
1/23-12/23,2023,Regional,Amador,Kaiser Foundation Health Plan,Kaiser Permanente,Child - SIS,97.74,101.85,106.19
1/23-12/23,2023,Regional,Amador,Kaiser Foundation Health Plan,Kaiser Permanente,Adult - SIS,237.28,245.47,254.05
1/23-12/23,2023,Regional,Amador,Kaiser Foundation Health Plan,Kaiser Permanente,ACA Optional Expansion - SIS,293.91,303.66,313.87
1/23-12/23,2023,Regional,Amador,Kaiser Foundation Health Plan,Kaiser Permanente,SPD - SIS,851.61,876.35,902.13
1/23-12/23,2023,Regional,Amador,Kaiser Foundation Health Plan,Kaiser Permanente,SPD/Full-Dual - SIS,217.43,223.35,229.56
1/23-12/23,2023,Regional,Amador,Kaiser Foundation Health Plan,Kaiser Permanente,LTC - SIS,10428.45,10575.4,10726.63
1/23-12/23,2023,Regional,Amador,Kaiser Foundation Health Plan,Kaiser Permanente,LTC/Full-Dual - SIS,8495.76,8597.73,8702.3
1/23-12/23,2023,Regional,Amador,Kaiser Foundation Health Plan,Kaiser Permanente,Maternity - UIS Federal,11596.02,11848.72,12109.71
1/23-12/23,2023,Regional,Amador,Kaiser Foundation Health Plan,Kaiser Permanente,Maternity - SIS,11596.02,11848.72,12109.71
1/23-12/23,2023,Regional,Amador,Kaiser Foundation Health Plan,Kaiser Permanente,Child - UIS State-Only,48.49,50.45,52.51
1/23-12/23,2023,Regional,Amador,Kaiser Foundation Health Plan,Kaiser Permanente,Adult - UIS State-Only,144.43,149.19,154.16
1/23-12/23,2023,Regional,Amador,Kaiser Foundation Health Plan,Kaiser Permanente,ACA Optional Expansion - UIS State-Only,217.54,224.24,231.23
1/23-12/23,2023,Regional,Amador,Kaiser Foundation Health Plan,Kaiser Permanente,SPD - UIS State-Only,371.06,381.89,393.18
1/23-12/23,2023,Regional,Amador,Kaiser Foundation Health Plan,Kaiser Permanente,SPD/Full-Dual - UIS State-Only,219.6,224.7,230.02
1/23-12/23,2023,Regional,Amador,Kaiser Foundation Health Plan,Kaiser Permanente,LTC - UIS State-Only,8721.42,8828.07,8937.45
1/23-12/23,2023,Regional,Amador,Kaiser Foundation Health Plan,Kaiser Permanente,LTC/Full-Dual - UIS State-Only,8253.92,8348.94,8446.26
1/23-12/23,2023,Regional,Butte,Anthem Blue Cross,Anthem Blue Cross,Child - UIS Federal,20.21,21.6,23.08
1/23-12/23,2023,Regional,Butte,Anthem Blue Cross,Anthem Blue Cross,Adult - UIS Federal,169.05,174.89,181.0
1/23-12/23,2023,Regional,Butte,Anthem Blue Cross,Anthem Blue Cross,ACA Optional Expansion - UIS Federal,238.57,246.48,254.75
1/23-12/23,2023,Regional,Butte,Anthem Blue Cross,Anthem Blue Cross,SPD - UIS Federal,676.66,697.7,719.62
1/23-12/23,2023,Regional,Butte,Anthem Blue Cross,Anthem Blue Cross,SPD/Full-Dual - UIS Federal,127.25,131.67,136.31
1/23-12/23,2023,Regional,Butte,Anthem Blue Cross,Anthem Blue Cross,LTC - UIS Federal,1654.53,1693.76,1734.51
1/23-12/23,2023,Regional,Butte,Anthem Blue Cross,Anthem Blue Cross,LTC/Full-Dual - UIS Federal,137.77,141.74,145.89
1/23-12/23,2023,Regional,Butte,Anthem Blue Cross,Anthem Blue Cross,Child - SIS,63.73,67.16,70.8
1/23-12/23,2023,Regional,Butte,Anthem Blue Cross,Anthem Blue Cross,Adult - SIS,217.15,224.95,233.13
1/23-12/23,2023,Regional,Butte,Anthem Blue Cross,Anthem Blue Cross,ACA Optional Expansion - SIS,294.5,304.59,315.16
1/23-12/23,2023,Regional,Butte,Anthem Blue Cross,Anthem Blue Cross,SPD - SIS,759.18,783.67,809.19
1/23-12/23,2023,Regional,Butte,Anthem Blue Cross,Anthem Blue Cross,SPD/Full-Dual - SIS,212.24,218.29,224.63
1/23-12/23,2023,Regional,Butte,Anthem Blue Cross,Anthem Blue Cross,LTC - SIS,10610.47,10759.37,10912.62
1/23-12/23,2023,Regional,Butte,Anthem Blue Cross,Anthem Blue Cross,LTC/Full-Dual - SIS,8558.24,8656.2,8756.54
1/23-12/23,2023,Regional,Butte,Anthem Blue Cross,Anthem Blue Cross,Maternity - UIS Federal,11596.02,11848.72,12109.71
1/23-12/23,2023,Regional,Butte,Anthem Blue Cross,Anthem Blue Cross,Maternity - SIS,11596.02,11848.72,12109.71
1/23-12/23,2023,Regional,Butte,Anthem Blue Cross,Anthem Blue Cross,Child - UIS State-Only,38.9,40.69,42.57
1/23-12/23,2023,Regional,Butte,Anthem Blue Cross,Anthem Blue Cross,Adult - UIS State-Only,134.3,138.93,143.78
1/23-12/23,2023,Regional,Butte,Anthem Blue Cross,Anthem Blue Cross,ACA Optional Expansion - UIS State-Only,201.24,207.66,214.37
1/23-12/23,2023,Regional,Butte,Anthem Blue Cross,Anthem Blue Cross,SPD - UIS State-Only,422.76,435.36,448.49
1/23-12/23,2023,Regional,Butte,Anthem Blue Cross,Anthem Blue Cross,SPD/Full-Dual - UIS State-Only,217.89,223.22,228.78
1/23-12/23,2023,Regional,Butte,Anthem Blue Cross,Anthem Blue Cross,LTC - UIS State-Only,8974.3,9084.52,9197.59
1/23-12/23,2023,Regional,Butte,Anthem Blue Cross,Anthem Blue Cross,LTC/Full-Dual - UIS State-Only,8420.47,8514.46,8610.65
1/23-12/23,2023,Regional,Butte,California Health and Wellness,California Health and Wellness,Child - UIS Federal,28.76,30.58,32.52
1/23-12/23,2023,Regional,Butte,California Health and Wellness,California Health and Wellness,Adult - UIS Federal,240.11,248.13,256.51
1/23-12/23,2023,Regional,Butte,California Health and Wellness,California Health and Wellness,ACA Optional Expansion - UIS Federal,348.87,360.08,371.78
1/23-12/23,2023,Regional,Butte,California Health and Wellness,California Health and Wellness,SPD - UIS Federal,995.02,1025.22,1056.67
1/23-12/23,2023,Regional,Butte,California Health and Wellness,California Health and Wellness,SPD/Full-Dual - UIS Federal,159.54,164.99,170.7
1/23-12/23,2023,Regional,Butte,California Health and Wellness,California Health and Wellness,LTC - UIS Federal,1655.52,1694.37,1734.71
1/23-12/23,2023,Regional,Butte,California Health and Wellness,California Health and Wellness,LTC/Full-Dual - UIS Federal,139.55,143.71,148.07
1/23-12/23,2023,Regional,Butte,California Health and Wellness,California Health and Wellness,Child - SIS,69.64,73.3,77.18
1/23-12/23,2023,Regional,Butte,California Health and Wellness,California Health and Wellness,Adult - SIS,271.1,280.75,290.87
1/23-12/23,2023,Regional,Butte,California Health and Wellness,California Health and Wellness,ACA Optional Expansion - SIS,356.87,369.04,381.78
1/23-12/23,2023,Regional,Butte,California Health and Wellness,California Health and Wellness,SPD - SIS,945.55,975.72,1007.18
1/23-12/23,2023,Regional,Butte,California Health and Wellness,California Health and Wellness,SPD/Full-Dual - SIS,235.55,242.37,249.53
1/23-12/23,2023,Regional,Butte,California Health and Wellness,California Health and Wellness,LTC - SIS,10609.33,10757.21,10909.38
1/23-12/23,2023,Regional,Butte,California Health and Wellness,California Health and Wellness,LTC/Full-Dual - SIS,8559.18,8657.08,8757.37
1/23-12/23,2023,Regional,Butte,California Health and Wellness,California Health and Wellness,Maternity - UIS Federal,11596.02,11848.72,12109.71
1/23-12/23,2023,Regional,Butte,California Health and Wellness,California Health and Wellness,Maternity - SIS,11596.02,11848.72,12109.71
1/23-12/23,2023,Regional,Butte,California Health and Wellness,California Health and Wellness,Child - UIS State-Only,34.56,36.21,37.95
1/23-12/23,2023,Regional,Butte,California Health and Wellness,California Health and Wellness,Adult - UIS State-Only,158.49,163.77,169.29
1/23-12/23,2023,Regional,Butte,California Health and Wellness,California Health and Wellness,ACA Optional Expansion - UIS State-Only,226.0,233.08,240.48
1/23-12/23,2023,Regional,Butte,California Health and Wellness,California Health and Wellness,SPD - UIS State-Only,529.77,545.22,561.31
1/23-12/23,2023,Regional,Butte,California Health and Wellness,California Health and Wellness,SPD/Full-Dual - UIS State-Only,239.71,245.59,251.73
1/23-12/23,2023,Regional,Butte,California Health and Wellness,California Health and Wellness,LTC - UIS State-Only,8972.13,9081.71,9194.09
1/23-12/23,2023,Regional,Butte,California Health and Wellness,California Health and Wellness,LTC/Full-Dual - UIS State-Only,8419.63,8513.37,8609.3
1/23-12/23,2023,Regional,Calaveras,Anthem Blue Cross,Anthem Blue Cross,Child - UIS Federal,20.21,21.6,23.08
1/23-12/23,2023,Regional,Calaveras,Anthem Blue Cross,Anthem Blue Cross,Adult - UIS Federal,169.05,174.89,181.0
1/23-12/23,2023,Regional,Calaveras,Anthem Blue Cross,Anthem Blue Cross,ACA Optional Expansion - UIS Federal,238.57,246.48,254.75
1/23-12/23,2023,Regional,Calaveras,Anthem Blue Cross,Anthem Blue Cross,SPD - UIS Federal,676.66,697.7,719.62
1/23-12/23,2023,Regional,Calaveras,Anthem Blue Cross,Anthem Blue Cross,SPD/Full-Dual - UIS Federal,127.25,131.67,136.31
1/23-12/23,2023,Regional,Calaveras,Anthem Blue Cross,Anthem Blue Cross,LTC - UIS Federal,1654.53,1693.76,1734.51
1/23-12/23,2023,Regional,Calaveras,Anthem Blue Cross,Anthem Blue Cross,LTC/Full-Dual - UIS Federal,137.77,141.74,145.89
1/23-12/23,2023,Regional,Calaveras,Anthem Blue Cross,Anthem Blue Cross,Child - SIS,63.73,67.16,70.8
1/23-12/23,2023,Regional,Calaveras,Anthem Blue Cross,Anthem Blue Cross,Adult - SIS,217.15,224.95,233.13
1/23-12/23,2023,Regional,Calaveras,Anthem Blue Cross,Anthem Blue Cross,ACA Optional Expansion - SIS,294.5,304.59,315.16
1/23-12/23,2023,Regional,Calaveras,Anthem Blue Cross,Anthem Blue Cross,SPD - SIS,759.18,783.67,809.19
1/23-12/23,2023,Regional,Calaveras,Anthem Blue Cross,Anthem Blue Cross,SPD/Full-Dual - SIS,212.24,218.29,224.63
1/23-12/23,2023,Regional,Calaveras,Anthem Blue Cross,Anthem Blue Cross,LTC - SIS,10610.47,10759.37,10912.62
1/23-12/23,2023,Regional,Calaveras,Anthem Blue Cross,Anthem Blue Cross,LTC/Full-Dual - SIS,8558.24,8656.2,8756.54
1/23-12/23,2023,Regional,Calaveras,Anthem Blue Cross,Anthem Blue Cross,Maternity - UIS Federal,11596.02,11848.72,12109.71
1/23-12/23,2023,Regional,Calaveras,Anthem Blue Cross,Anthem Blue Cross,Maternity - SIS,11596.02,11848.72,12109.71
1/23-12/23,2023,Regional,Calaveras,Anthem Blue Cross,Anthem Blue Cross,Child - UIS State-Only,38.9,40.69,42.57
1/23-12/23,2023,Regional,Calaveras,Anthem Blue Cross,Anthem Blue Cross,Adult - UIS State-Only,134.3,138.93,143.78
1/23-12/23,2023,Regional,Calaveras,Anthem Blue Cross,Anthem Blue Cross,ACA Optional Expansion - UIS State-Only,201.24,207.66,214.37
1/23-12/23,2023,Regional,Calaveras,Anthem Blue Cross,Anthem Blue Cross,SPD - UIS State-Only,422.76,435.36,448.49
1/23-12/23,2023,Regional,Calaveras,Anthem Blue Cross,Anthem Blue Cross,SPD/Full-Dual - UIS State-Only,217.89,223.22,228.78
1/23-12/23,2023,Regional,Calaveras,Anthem Blue Cross,Anthem Blue Cross,LTC - UIS State-Only,8974.3,9084.52,9197.59
1/23-12/23,2023,Regional,Calaveras,Anthem Blue Cross,Anthem Blue Cross,LTC/Full-Dual - UIS State-Only,8420.47,8514.46,8610.65
1/23-12/23,2023,Regional,Calaveras,California Health and Wellness,California Health and Wellness,Child - UIS Federal,28.76,30.58,32.52
1/23-12/23,2023,Regional,Calaveras,California Health and Wellness,California Health and Wellness,Adult - UIS Federal,240.11,248.13,256.51
1/23-12/23,2023,Regional,Calaveras,California Health and Wellness,California Health and Wellness,ACA Optional Expansion - UIS Federal,348.87,360.08,371.78
1/23-12/23,2023,Regional,Calaveras,California Health and Wellness,California Health and Wellness,SPD - UIS Federal,995.02,1025.22,1056.67
1/23-12/23,2023,Regional,Calaveras,California Health and Wellness,California Health and Wellness,SPD/Full-Dual - UIS Federal,159.54,164.99,170.7
1/23-12/23,2023,Regional,Calaveras,California Health and Wellness,California Health and Wellness,LTC - UIS Federal,1655.52,1694.37,1734.71
1/23-12/23,2023,Regional,Calaveras,California Health and Wellness,California Health and Wellness,LTC/Full-Dual - UIS Federal,139.55,143.71,148.07
1/23-12/23,2023,Regional,Calaveras,California Health and Wellness,California Health and Wellness,Child - SIS,69.64,73.3,77.18
1/23-12/23,2023,Regional,Calaveras,California Health and Wellness,California Health and Wellness,Adult - SIS,271.1,280.75,290.87
1/23-12/23,2023,Regional,Calaveras,California Health and Wellness,California Health and Wellness,ACA Optional Expansion - SIS,356.87,369.04,381.78
1/23-12/23,2023,Regional,Calaveras,California Health and Wellness,California Health and Wellness,SPD - SIS,945.55,975.72,1007.18
1/23-12/23,2023,Regional,Calaveras,California Health and Wellness,California Health and Wellness,SPD/Full-Dual - SIS,235.55,242.37,249.53
1/23-12/23,2023,Regional,Calaveras,California Health and Wellness,California Health and Wellness,LTC - SIS,10609.33,10757.21,10909.38
1/23-12/23,2023,Regional,Calaveras,California Health and Wellness,California Health and Wellness,LTC/Full-Dual - SIS,8559.18,8657.08,8757.37
1/23-12/23,2023,Regional,Calaveras,California Health and Wellness,California Health and Wellness,Maternity - UIS Federal,11596.02,11848.72,12109.71
1/23-12/23,2023,Regional,Calaveras,California Health and Wellness,California Health and Wellness,Maternity - SIS,11596.02,11848.72,12109.71
1/23-12/23,2023,Regional,Calaveras,California Health and Wellness,California Health and Wellness,Child - UIS State-Only,34.56,36.21,37.95
1/23-12/23,2023,Regional,Calaveras,California Health and Wellness,California Health and Wellness,Adult - UIS State-Only,158.49,163.77,169.29
1/23-12/23,2023,Regional,Calaveras,California Health and Wellness,California Health and Wellness,ACA Optional Expansion - UIS State-Only,226.0,233.08,240.48
1/23-12/23,2023,Regional,Calaveras,California Health and Wellness,California Health and Wellness,SPD - UIS State-Only,529.77,545.22,561.31
1/23-12/23,2023,Regional,Calaveras,California Health and Wellness,California Health and Wellness,SPD/Full-Dual - UIS State-Only,239.71,245.59,251.73
1/23-12/23,2023,Regional,Calaveras,California Health and Wellness,California Health and Wellness,LTC - UIS State-Only,8972.13,9081.71,9194.09
1/23-12/23,2023,Regional,Calaveras,California Health and Wellness,California Health and Wellness,LTC/Full-Dual - UIS State-Only,8419.63,8513.37,8609.3
1/23-12/23,2023,Regional,Colusa,Anthem Blue Cross,Anthem Blue Cross,Child - UIS Federal,20.21,21.6,23.08
1/23-12/23,2023,Regional,Colusa,Anthem Blue Cross,Anthem Blue Cross,Adult - UIS Federal,169.05,174.89,181.0
1/23-12/23,2023,Regional,Colusa,Anthem Blue Cross,Anthem Blue Cross,ACA Optional Expansion - UIS Federal,238.57,246.48,254.75
1/23-12/23,2023,Regional,Colusa,Anthem Blue Cross,Anthem Blue Cross,SPD - UIS Federal,676.66,697.7,719.62
1/23-12/23,2023,Regional,Colusa,Anthem Blue Cross,Anthem Blue Cross,SPD/Full-Dual - UIS Federal,127.25,131.67,136.31
1/23-12/23,2023,Regional,Colusa,Anthem Blue Cross,Anthem Blue Cross,LTC - UIS Federal,1654.53,1693.76,1734.51
1/23-12/23,2023,Regional,Colusa,Anthem Blue Cross,Anthem Blue Cross,LTC/Full-Dual - UIS Federal,137.77,141.74,145.89
1/23-12/23,2023,Regional,Colusa,Anthem Blue Cross,Anthem Blue Cross,Child - SIS,63.73,67.16,70.8
1/23-12/23,2023,Regional,Colusa,Anthem Blue Cross,Anthem Blue Cross,Adult - SIS,217.15,224.95,233.13
1/23-12/23,2023,Regional,Colusa,Anthem Blue Cross,Anthem Blue Cross,ACA Optional Expansion - SIS,294.5,304.59,315.16
1/23-12/23,2023,Regional,Colusa,Anthem Blue Cross,Anthem Blue Cross,SPD - SIS,759.18,783.67,809.19
1/23-12/23,2023,Regional,Colusa,Anthem Blue Cross,Anthem Blue Cross,SPD/Full-Dual - SIS,212.24,218.29,224.63
1/23-12/23,2023,Regional,Colusa,Anthem Blue Cross,Anthem Blue Cross,LTC - SIS,10610.47,10759.37,10912.62
1/23-12/23,2023,Regional,Colusa,Anthem Blue Cross,Anthem Blue Cross,LTC/Full-Dual - SIS,8558.24,8656.2,8756.54
1/23-12/23,2023,Regional,Colusa,Anthem Blue Cross,Anthem Blue Cross,Maternity - UIS Federal,11596.02,11848.72,12109.71
1/23-12/23,2023,Regional,Colusa,Anthem Blue Cross,Anthem Blue Cross,Maternity - SIS,11596.02,11848.72,12109.71
1/23-12/23,2023,Regional,Colusa,Anthem Blue Cross,Anthem Blue Cross,Child - UIS State-Only,38.9,40.69,42.57
1/23-12/23,2023,Regional,Colusa,Anthem Blue Cross,Anthem Blue Cross,Adult - UIS State-Only,134.3,138.93,143.78
1/23-12/23,2023,Regional,Colusa,Anthem Blue Cross,Anthem Blue Cross,ACA Optional Expansion - UIS State-Only,201.24,207.66,214.37
1/23-12/23,2023,Regional,Colusa,Anthem Blue Cross,Anthem Blue Cross,SPD - UIS State-Only,422.76,435.36,448.49
1/23-12/23,2023,Regional,Colusa,Anthem Blue Cross,Anthem Blue Cross,SPD/Full-Dual - UIS State-Only,217.89,223.22,228.78
1/23-12/23,2023,Regional,Colusa,Anthem Blue Cross,Anthem Blue Cross,LTC - UIS State-Only,8974.3,9084.52,9197.59
1/23-12/23,2023,Regional,Colusa,Anthem Blue Cross,Anthem Blue Cross,LTC/Full-Dual - UIS State-Only,8420.47,8514.46,8610.65
1/23-12/23,2023,Regional,Colusa,California Health and Wellness,California Health and Wellness,Child - UIS Federal,28.76,30.58,32.52
1/23-12/23,2023,Regional,Colusa,California Health and Wellness,California Health and Wellness,Adult - UIS Federal,240.11,248.13,256.51
1/23-12/23,2023,Regional,Colusa,California Health and Wellness,California Health and Wellness,ACA Optional Expansion - UIS Federal,348.87,360.08,371.78
1/23-12/23,2023,Regional,Colusa,California Health and Wellness,California Health and Wellness,SPD - UIS Federal,995.02,1025.22,1056.67
1/23-12/23,2023,Regional,Colusa,California Health and Wellness,California Health and Wellness,SPD/Full-Dual - UIS Federal,159.54,164.99,170.7
1/23-12/23,2023,Regional,Colusa,California Health and Wellness,California Health and Wellness,LTC - UIS Federal,1655.52,1694.37,1734.71
1/23-12/23,2023,Regional,Colusa,California Health and Wellness,California Health and Wellness,LTC/Full-Dual - UIS Federal,139.55,143.71,148.07
1/23-12/23,2023,Regional,Colusa,California Health and Wellness,California Health and Wellness,Child - SIS,69.64,73.3,77.18
1/23-12/23,2023,Regional,Colusa,California Health and Wellness,California Health and Wellness,Adult - SIS,271.1,280.75,290.87
1/23-12/23,2023,Regional,Colusa,California Health and Wellness,California Health and Wellness,ACA Optional Expansion - SIS,356.87,369.04,381.78
1/23-12/23,2023,Regional,Colusa,California Health and Wellness,California Health and Wellness,SPD - SIS,945.55,975.72,1007.18
1/23-12/23,2023,Regional,Colusa,California Health and Wellness,California Health and Wellness,SPD/Full-Dual - SIS,235.55,242.37,249.53
1/23-12/23,2023,Regional,Colusa,California Health and Wellness,California Health and Wellness,LTC - SIS,10609.33,10757.21,10909.38
1/23-12/23,2023,Regional,Colusa,California Health and Wellness,California Health and Wellness,LTC/Full-Dual - SIS,8559.18,8657.08,8757.37
1/23-12/23,2023,Regional,Colusa,California Health and Wellness,California Health and Wellness,Maternity - UIS Federal,11596.02,11848.72,12109.71
1/23-12/23,2023,Regional,Colusa,California Health and Wellness,California Health and Wellness,Maternity - SIS,11596.02,11848.72,12109.71
1/23-12/23,2023,Regional,Colusa,California Health and Wellness,California Health and Wellness,Child - UIS State-Only,34.56,36.21,37.95
1/23-12/23,2023,Regional,Colusa,California Health and Wellness,California Health and Wellness,Adult - UIS State-Only,158.49,163.77,169.29
1/23-12/23,2023,Regional,Colusa,California Health and Wellness,California Health and Wellness,ACA Optional Expansion - UIS State-Only,226.0,233.08,240.48
1/23-12/23,2023,Regional,Colusa,California Health and Wellness,California Health and Wellness,SPD - UIS State-Only,529.77,545.22,561.31
1/23-12/23,2023,Regional,Colusa,California Health and Wellness,California Health and Wellness,SPD/Full-Dual - UIS State-Only,239.71,245.59,251.73
1/23-12/23,2023,Regional,Colusa,California Health and Wellness,California Health and Wellness,LTC - UIS State-Only,8972.13,9081.71,9194.09
1/23-12/23,2023,Regional,Colusa,California Health and Wellness,California Health and Wellness,LTC/Full-Dual - UIS State-Only,8419.63,8513.37,8609.3
1/23-12/23,2023,Regional,El Dorado,Anthem Blue Cross,Anthem Blue Cross,Child - UIS Federal,20.21,21.6,23.08
1/23-12/23,2023,Regional,El Dorado,Anthem Blue Cross,Anthem Blue Cross,Adult - UIS Federal,169.05,174.89,181.0
1/23-12/23,2023,Regional,El Dorado,Anthem Blue Cross,Anthem Blue Cross,ACA Optional Expansion - UIS Federal,238.57,246.48,254.75
1/23-12/23,2023,Regional,El Dorado,Anthem Blue Cross,Anthem Blue Cross,SPD - UIS Federal,676.66,697.7,719.62
1/23-12/23,2023,Regional,El Dorado,Anthem Blue Cross,Anthem Blue Cross,SPD/Full-Dual - UIS Federal,127.25,131.67,136.31
1/23-12/23,2023,Regional,El Dorado,Anthem Blue Cross,Anthem Blue Cross,LTC - UIS Federal,1654.53,1693.76,1734.51
1/23-12/23,2023,Regional,El Dorado,Anthem Blue Cross,Anthem Blue Cross,LTC/Full-Dual - UIS Federal,137.77,141.74,145.89
1/23-12/23,2023,Regional,El Dorado,Anthem Blue Cross,Anthem Blue Cross,Child - SIS,63.73,67.16,70.8
1/23-12/23,2023,Regional,El Dorado,Anthem Blue Cross,Anthem Blue Cross,Adult - SIS,217.15,224.95,233.13
1/23-12/23,2023,Regional,El Dorado,Anthem Blue Cross,Anthem Blue Cross,ACA Optional Expansion - SIS,294.5,304.59,315.16
1/23-12/23,2023,Regional,El Dorado,Anthem Blue Cross,Anthem Blue Cross,SPD - SIS,759.18,783.67,809.19
1/23-12/23,2023,Regional,El Dorado,Anthem Blue Cross,Anthem Blue Cross,SPD/Full-Dual - SIS,212.24,218.29,224.63
1/23-12/23,2023,Regional,El Dorado,Anthem Blue Cross,Anthem Blue Cross,LTC - SIS,10610.47,10759.37,10912.62
1/23-12/23,2023,Regional,El Dorado,Anthem Blue Cross,Anthem Blue Cross,LTC/Full-Dual - SIS,8558.24,8656.2,8756.54
1/23-12/23,2023,Regional,El Dorado,Anthem Blue Cross,Anthem Blue Cross,Maternity - UIS Federal,11596.02,11848.72,12109.71
1/23-12/23,2023,Regional,El Dorado,Anthem Blue Cross,Anthem Blue Cross,Maternity - SIS,11596.02,11848.72,12109.71
1/23-12/23,2023,Regional,El Dorado,Anthem Blue Cross,Anthem Blue Cross,Child - UIS State-Only,38.9,40.69,42.57
1/23-12/23,2023,Regional,El Dorado,Anthem Blue Cross,Anthem Blue Cross,Adult - UIS State-Only,134.3,138.93,143.78
1/23-12/23,2023,Regional,El Dorado,Anthem Blue Cross,Anthem Blue Cross,ACA Optional Expansion - UIS State-Only,201.24,207.66,214.37
1/23-12/23,2023,Regional,El Dorado,Anthem Blue Cross,Anthem Blue Cross,SPD - UIS State-Only,422.76,435.36,448.49
1/23-12/23,2023,Regional,El Dorado,Anthem Blue Cross,Anthem Blue Cross,SPD/Full-Dual - UIS State-Only,217.89,223.22,228.78
1/23-12/23,2023,Regional,El Dorado,Anthem Blue Cross,Anthem Blue Cross,LTC - UIS State-Only,8974.3,9084.52,9197.59
1/23-12/23,2023,Regional,El Dorado,Anthem Blue Cross,Anthem Blue Cross,LTC/Full-Dual - UIS State-Only,8420.47,8514.46,8610.65
1/23-12/23,2023,Regional,El Dorado,California Health and Wellness,California Health and Wellness,Child - UIS Federal,28.76,30.58,32.52
1/23-12/23,2023,Regional,El Dorado,California Health and Wellness,California Health and Wellness,Adult - UIS Federal,240.11,248.13,256.51
1/23-12/23,2023,Regional,El Dorado,California Health and Wellness,California Health and Wellness,ACA Optional Expansion - UIS Federal,348.87,360.08,371.78
1/23-12/23,2023,Regional,El Dorado,California Health and Wellness,California Health and Wellness,SPD - UIS Federal,995.02,1025.22,1056.67
1/23-12/23,2023,Regional,El Dorado,California Health and Wellness,California Health and Wellness,SPD/Full-Dual - UIS Federal,159.54,164.99,170.7
1/23-12/23,2023,Regional,El Dorado,California Health and Wellness,California Health and Wellness,LTC - UIS Federal,1655.52,1694.37,1734.71
1/23-12/23,2023,Regional,El Dorado,California Health and Wellness,California Health and Wellness,LTC/Full-Dual - UIS Federal,139.55,143.71,148.07
1/23-12/23,2023,Regional,El Dorado,California Health and Wellness,California Health and Wellness,Child - SIS,69.64,73.3,77.18
1/23-12/23,2023,Regional,El Dorado,California Health and Wellness,California Health and Wellness,Adult - SIS,271.1,280.75,290.87
1/23-12/23,2023,Regional,El Dorado,California Health and Wellness,California Health and Wellness,ACA Optional Expansion - SIS,356.87,369.04,381.78
1/23-12/23,2023,Regional,El Dorado,California Health and Wellness,California Health and Wellness,SPD - SIS,945.55,975.72,1007.18
1/23-12/23,2023,Regional,El Dorado,California Health and Wellness,California Health and Wellness,SPD/Full-Dual - SIS,235.55,242.37,249.53
1/23-12/23,2023,Regional,El Dorado,California Health and Wellness,California Health and Wellness,LTC - SIS,10609.33,10757.21,10909.38
1/23-12/23,2023,Regional,El Dorado,California Health and Wellness,California Health and Wellness,LTC/Full-Dual - SIS,8559.18,8657.08,8757.37
1/23-12/23,2023,Regional,El Dorado,California Health and Wellness,California Health and Wellness,Maternity - UIS Federal,11596.02,11848.72,12109.71
1/23-12/23,2023,Regional,El Dorado,California Health and Wellness,California Health and Wellness,Maternity - SIS,11596.02,11848.72,12109.71
1/23-12/23,2023,Regional,El Dorado,California Health and Wellness,California Health and Wellness,Child - UIS State-Only,34.56,36.21,37.95
1/23-12/23,2023,Regional,El Dorado,California Health and Wellness,California Health and Wellness,Adult - UIS State-Only,158.49,163.77,169.29
1/23-12/23,2023,Regional,El Dorado,California Health and Wellness,California Health and Wellness,ACA Optional Expansion - UIS State-Only,226.0,233.08,240.48
1/23-12/23,2023,Regional,El Dorado,California Health and Wellness,California Health and Wellness,SPD - UIS State-Only,529.77,545.22,561.31
1/23-12/23,2023,Regional,El Dorado,California Health and Wellness,California Health and Wellness,SPD/Full-Dual - UIS State-Only,239.71,245.59,251.73
1/23-12/23,2023,Regional,El Dorado,California Health and Wellness,California Health and Wellness,LTC - UIS State-Only,8972.13,9081.71,9194.09
1/23-12/23,2023,Regional,El Dorado,California Health and Wellness,California Health and Wellness,LTC/Full-Dual - UIS State-Only,8419.63,8513.37,8609.3
1/23-12/23,2023,Regional,El Dorado,Kaiser Foundation Health Plan,Kaiser Permanente,Child - UIS Federal,22.55,23.93,25.41
1/23-12/23,2023,Regional,El Dorado,Kaiser Foundation Health Plan,Kaiser Permanente,Adult - UIS Federal,202.32,208.96,215.9
1/23-12/23,2023,Regional,El Dorado,Kaiser Foundation Health Plan,Kaiser Permanente,ACA Optional Expansion - UIS Federal,278.2,287.05,296.29
1/23-12/23,2023,Regional,El Dorado,Kaiser Foundation Health Plan,Kaiser Permanente,SPD - UIS Federal,625.37,644.38,664.19
1/23-12/23,2023,Regional,El Dorado,Kaiser Foundation Health Plan,Kaiser Permanente,SPD/Full-Dual - UIS Federal,141.99,146.69,151.61
1/23-12/23,2023,Regional,El Dorado,Kaiser Foundation Health Plan,Kaiser Permanente,LTC - UIS Federal,1717.21,1757.81,1799.96
1/23-12/23,2023,Regional,El Dorado,Kaiser Foundation Health Plan,Kaiser Permanente,LTC/Full-Dual - UIS Federal,241.84,248.79,256.04
1/23-12/23,2023,Regional,El Dorado,Kaiser Foundation Health Plan,Kaiser Permanente,Child - SIS,97.74,101.85,106.19
1/23-12/23,2023,Regional,El Dorado,Kaiser Foundation Health Plan,Kaiser Permanente,Adult - SIS,237.28,245.47,254.05
1/23-12/23,2023,Regional,El Dorado,Kaiser Foundation Health Plan,Kaiser Permanente,ACA Optional Expansion - SIS,293.91,303.66,313.87
1/23-12/23,2023,Regional,El Dorado,Kaiser Foundation Health Plan,Kaiser Permanente,SPD - SIS,851.61,876.35,902.13
1/23-12/23,2023,Regional,El Dorado,Kaiser Foundation Health Plan,Kaiser Permanente,SPD/Full-Dual - SIS,217.43,223.35,229.56
1/23-12/23,2023,Regional,El Dorado,Kaiser Foundation Health Plan,Kaiser Permanente,LTC - SIS,10428.45,10575.4,10726.63
1/23-12/23,2023,Regional,El Dorado,Kaiser Foundation Health Plan,Kaiser Permanente,LTC/Full-Dual - SIS,8495.76,8597.73,8702.3
1/23-12/23,2023,Regional,El Dorado,Kaiser Foundation Health Plan,Kaiser Permanente,Maternity - UIS Federal,11596.02,11848.72,12109.71
1/23-12/23,2023,Regional,El Dorado,Kaiser Foundation Health Plan,Kaiser Permanente,Maternity - SIS,11596.02,11848.72,12109.71
1/23-12/23,2023,Regional,El Dorado,Kaiser Foundation Health Plan,Kaiser Permanente,Child - UIS State-Only,48.49,50.45,52.51
1/23-12/23,2023,Regional,El Dorado,Kaiser Foundation Health Plan,Kaiser Permanente,Adult - UIS State-Only,144.43,149.19,154.16
1/23-12/23,2023,Regional,El Dorado,Kaiser Foundation Health Plan,Kaiser Permanente,ACA Optional Expansion - UIS State-Only,217.54,224.24,231.23
1/23-12/23,2023,Regional,El Dorado,Kaiser Foundation Health Plan,Kaiser Permanente,SPD - UIS State-Only,371.06,381.89,393.18
1/23-12/23,2023,Regional,El Dorado,Kaiser Foundation Health Plan,Kaiser Permanente,SPD/Full-Dual - UIS State-Only,219.6,224.7,230.02
1/23-12/23,2023,Regional,El Dorado,Kaiser Foundation Health Plan,Kaiser Permanente,LTC - UIS State-Only,8721.42,8828.07,8937.45
1/23-12/23,2023,Regional,El Dorado,Kaiser Foundation Health Plan,Kaiser Permanente,LTC/Full-Dual - UIS State-Only,8253.92,8348.94,8446.26
1/23-12/23,2023,Regional,Glenn,Anthem Blue Cross,Anthem Blue Cross,Child - UIS Federal,20.21,21.6,23.08
1/23-12/23,2023,Regional,Glenn,Anthem Blue Cross,Anthem Blue Cross,Adult - UIS Federal,169.05,174.89,181.0
1/23-12/23,2023,Regional,Glenn,Anthem Blue Cross,Anthem Blue Cross,ACA Optional Expansion - UIS Federal,238.57,246.48,254.75
1/23-12/23,2023,Regional,Glenn,Anthem Blue Cross,Anthem Blue Cross,SPD - UIS Federal,676.66,697.7,719.62
1/23-12/23,2023,Regional,Glenn,Anthem Blue Cross,Anthem Blue Cross,SPD/Full-Dual - UIS Federal,127.25,131.67,136.31
1/23-12/23,2023,Regional,Glenn,Anthem Blue Cross,Anthem Blue Cross,LTC - UIS Federal,1654.53,1693.76,1734.51
1/23-12/23,2023,Regional,Glenn,Anthem Blue Cross,Anthem Blue Cross,LTC/Full-Dual - UIS Federal,137.77,141.74,145.89
1/23-12/23,2023,Regional,Glenn,Anthem Blue Cross,Anthem Blue Cross,Child - SIS,63.73,67.16,70.8
1/23-12/23,2023,Regional,Glenn,Anthem Blue Cross,Anthem Blue Cross,Adult - SIS,217.15,224.95,233.13
1/23-12/23,2023,Regional,Glenn,Anthem Blue Cross,Anthem Blue Cross,ACA Optional Expansion - SIS,294.5,304.59,315.16
1/23-12/23,2023,Regional,Glenn,Anthem Blue Cross,Anthem Blue Cross,SPD - SIS,759.18,783.67,809.19
1/23-12/23,2023,Regional,Glenn,Anthem Blue Cross,Anthem Blue Cross,SPD/Full-Dual - SIS,212.24,218.29,224.63
1/23-12/23,2023,Regional,Glenn,Anthem Blue Cross,Anthem Blue Cross,LTC - SIS,10610.47,10759.37,10912.62
1/23-12/23,2023,Regional,Glenn,Anthem Blue Cross,Anthem Blue Cross,LTC/Full-Dual - SIS,8558.24,8656.2,8756.54
1/23-12/23,2023,Regional,Glenn,Anthem Blue Cross,Anthem Blue Cross,Maternity - UIS Federal,11596.02,11848.72,12109.71
1/23-12/23,2023,Regional,Glenn,Anthem Blue Cross,Anthem Blue Cross,Maternity - SIS,11596.02,11848.72,12109.71
1/23-12/23,2023,Regional,Glenn,Anthem Blue Cross,Anthem Blue Cross,Child - UIS State-Only,38.9,40.69,42.57
1/23-12/23,2023,Regional,Glenn,Anthem Blue Cross,Anthem Blue Cross,Adult - UIS State-Only,134.3,138.93,143.78
1/23-12/23,2023,Regional,Glenn,Anthem Blue Cross,Anthem Blue Cross,ACA Optional Expansion - UIS State-Only,201.24,207.66,214.37
1/23-12/23,2023,Regional,Glenn,Anthem Blue Cross,Anthem Blue Cross,SPD - UIS State-Only,422.76,435.36,448.49
1/23-12/23,2023,Regional,Glenn,Anthem Blue Cross,Anthem Blue Cross,SPD/Full-Dual - UIS State-Only,217.89,223.22,228.78
1/23-12/23,2023,Regional,Glenn,Anthem Blue Cross,Anthem Blue Cross,LTC - UIS State-Only,8974.3,9084.52,9197.59
1/23-12/23,2023,Regional,Glenn,Anthem Blue Cross,Anthem Blue Cross,LTC/Full-Dual - UIS State-Only,8420.47,8514.46,8610.65
1/23-12/23,2023,Regional,Glenn,California Health and Wellness,California Health and Wellness,Child - UIS Federal,28.76,30.58,32.52
1/23-12/23,2023,Regional,Glenn,California Health and Wellness,California Health and Wellness,Adult - UIS Federal,240.11,248.13,256.51
1/23-12/23,2023,Regional,Glenn,California Health and Wellness,California Health and Wellness,ACA Optional Expansion - UIS Federal,348.87,360.08,371.78
1/23-12/23,2023,Regional,Glenn,California Health and Wellness,California Health and Wellness,SPD - UIS Federal,995.02,1025.22,1056.67
1/23-12/23,2023,Regional,Glenn,California Health and Wellness,California Health and Wellness,SPD/Full-Dual - UIS Federal,159.54,164.99,170.7
1/23-12/23,2023,Regional,Glenn,California Health and Wellness,California Health and Wellness,LTC - UIS Federal,1655.52,1694.37,1734.71
1/23-12/23,2023,Regional,Glenn,California Health and Wellness,California Health and Wellness,LTC/Full-Dual - UIS Federal,139.55,143.71,148.07
1/23-12/23,2023,Regional,Glenn,California Health and Wellness,California Health and Wellness,Child - SIS,69.64,73.3,77.18
1/23-12/23,2023,Regional,Glenn,California Health and Wellness,California Health and Wellness,Adult - SIS,271.1,280.75,290.87
1/23-12/23,2023,Regional,Glenn,California Health and Wellness,California Health and Wellness,ACA Optional Expansion - SIS,356.87,369.04,381.78
1/23-12/23,2023,Regional,Glenn,California Health and Wellness,California Health and Wellness,SPD - SIS,945.55,975.72,1007.18
1/23-12/23,2023,Regional,Glenn,California Health and Wellness,California Health and Wellness,SPD/Full-Dual - SIS,235.55,242.37,249.53
1/23-12/23,2023,Regional,Glenn,California Health and Wellness,California Health and Wellness,LTC - SIS,10609.33,10757.21,10909.38
1/23-12/23,2023,Regional,Glenn,California Health and Wellness,California Health and Wellness,LTC/Full-Dual - SIS,8559.18,8657.08,8757.37
1/23-12/23,2023,Regional,Glenn,California Health and Wellness,California Health and Wellness,Maternity - UIS Federal,11596.02,11848.72,12109.71
1/23-12/23,2023,Regional,Glenn,California Health and Wellness,California Health and Wellness,Maternity - SIS,11596.02,11848.72,12109.71
1/23-12/23,2023,Regional,Glenn,California Health and Wellness,California Health and Wellness,Child - UIS State-Only,34.56,36.21,37.95
1/23-12/23,2023,Regional,Glenn,California Health and Wellness,California Health and Wellness,Adult - UIS State-Only,158.49,163.77,169.29
1/23-12/23,2023,Regional,Glenn,California Health and Wellness,California Health and Wellness,ACA Optional Expansion - UIS State-Only,226.0,233.08,240.48
1/23-12/23,2023,Regional,Glenn,California Health and Wellness,California Health and Wellness,SPD - UIS State-Only,529.77,545.22,561.31
1/23-12/23,2023,Regional,Glenn,California Health and Wellness,California Health and Wellness,SPD/Full-Dual - UIS State-Only,239.71,245.59,251.73
1/23-12/23,2023,Regional,Glenn,California Health and Wellness,California Health and Wellness,LTC - UIS State-Only,8972.13,9081.71,9194.09
1/23-12/23,2023,Regional,Glenn,California Health and Wellness,California Health and Wellness,LTC/Full-Dual - UIS State-Only,8419.63,8513.37,8609.3
1/23-12/23,2023,Regional,Inyo,Anthem Blue Cross,Anthem Blue Cross,Child - UIS Federal,20.21,21.6,23.08
1/23-12/23,2023,Regional,Inyo,Anthem Blue Cross,Anthem Blue Cross,Adult - UIS Federal,169.05,174.89,181.0
1/23-12/23,2023,Regional,Inyo,Anthem Blue Cross,Anthem Blue Cross,ACA Optional Expansion - UIS Federal,238.57,246.48,254.75
1/23-12/23,2023,Regional,Inyo,Anthem Blue Cross,Anthem Blue Cross,SPD - UIS Federal,676.66,697.7,719.62
1/23-12/23,2023,Regional,Inyo,Anthem Blue Cross,Anthem Blue Cross,SPD/Full-Dual - UIS Federal,127.25,131.67,136.31
1/23-12/23,2023,Regional,Inyo,Anthem Blue Cross,Anthem Blue Cross,LTC - UIS Federal,1654.53,1693.76,1734.51
1/23-12/23,2023,Regional,Inyo,Anthem Blue Cross,Anthem Blue Cross,LTC/Full-Dual - UIS Federal,137.77,141.74,145.89
1/23-12/23,2023,Regional,Inyo,Anthem Blue Cross,Anthem Blue Cross,Child - SIS,63.73,67.16,70.8
1/23-12/23,2023,Regional,Inyo,Anthem Blue Cross,Anthem Blue Cross,Adult - SIS,217.15,224.95,233.13
1/23-12/23,2023,Regional,Inyo,Anthem Blue Cross,Anthem Blue Cross,ACA Optional Expansion - SIS,294.5,304.59,315.16
1/23-12/23,2023,Regional,Inyo,Anthem Blue Cross,Anthem Blue Cross,SPD - SIS,759.18,783.67,809.19
1/23-12/23,2023,Regional,Inyo,Anthem Blue Cross,Anthem Blue Cross,SPD/Full-Dual - SIS,212.24,218.29,224.63
1/23-12/23,2023,Regional,Inyo,Anthem Blue Cross,Anthem Blue Cross,LTC - SIS,10610.47,10759.37,10912.62
1/23-12/23,2023,Regional,Inyo,Anthem Blue Cross,Anthem Blue Cross,LTC/Full-Dual - SIS,8558.24,8656.2,8756.54
1/23-12/23,2023,Regional,Inyo,Anthem Blue Cross,Anthem Blue Cross,Maternity - UIS Federal,11596.02,11848.72,12109.71
1/23-12/23,2023,Regional,Inyo,Anthem Blue Cross,Anthem Blue Cross,Maternity - SIS,11596.02,11848.72,12109.71
1/23-12/23,2023,Regional,Inyo,Anthem Blue Cross,Anthem Blue Cross,Child - UIS State-Only,38.9,40.69,42.57
1/23-12/23,2023,Regional,Inyo,Anthem Blue Cross,Anthem Blue Cross,Adult - UIS State-Only,134.3,138.93,143.78
1/23-12/23,2023,Regional,Inyo,Anthem Blue Cross,Anthem Blue Cross,ACA Optional Expansion - UIS State-Only,201.24,207.66,214.37
1/23-12/23,2023,Regional,Inyo,Anthem Blue Cross,Anthem Blue Cross,SPD - UIS State-Only,422.76,435.36,448.49
1/23-12/23,2023,Regional,Inyo,Anthem Blue Cross,Anthem Blue Cross,SPD/Full-Dual - UIS State-Only,217.89,223.22,228.78
1/23-12/23,2023,Regional,Inyo,Anthem Blue Cross,Anthem Blue Cross,LTC - UIS State-Only,8974.3,9084.52,9197.59
1/23-12/23,2023,Regional,Inyo,Anthem Blue Cross,Anthem Blue Cross,LTC/Full-Dual - UIS State-Only,8420.47,8514.46,8610.65
1/23-12/23,2023,Regional,Mariposa,Anthem Blue Cross,Anthem Blue Cross,Child - UIS Federal,20.21,21.6,23.08
1/23-12/23,2023,Regional,Mariposa,Anthem Blue Cross,Anthem Blue Cross,Adult - UIS Federal,169.05,174.89,181.0
1/23-12/23,2023,Regional,Mariposa,Anthem Blue Cross,Anthem Blue Cross,ACA Optional Expansion - UIS Federal,238.57,246.48,254.75
1/23-12/23,2023,Regional,Mariposa,Anthem Blue Cross,Anthem Blue Cross,SPD - UIS Federal,676.66,697.7,719.62
1/23-12/23,2023,Regional,Mariposa,Anthem Blue Cross,Anthem Blue Cross,SPD/Full-Dual - UIS Federal,127.25,131.67,136.31
1/23-12/23,2023,Regional,Mariposa,Anthem Blue Cross,Anthem Blue Cross,LTC - UIS Federal,1654.53,1693.76,1734.51
1/23-12/23,2023,Regional,Mariposa,Anthem Blue Cross,Anthem Blue Cross,LTC/Full-Dual - UIS Federal,137.77,141.74,145.89
1/23-12/23,2023,Regional,Mariposa,Anthem Blue Cross,Anthem Blue Cross,Child - SIS,63.73,67.16,70.8
1/23-12/23,2023,Regional,Mariposa,Anthem Blue Cross,Anthem Blue Cross,Adult - SIS,217.15,224.95,233.13
1/23-12/23,2023,Regional,Mariposa,Anthem Blue Cross,Anthem Blue Cross,ACA Optional Expansion - SIS,294.5,304.59,315.16
1/23-12/23,2023,Regional,Mariposa,Anthem Blue Cross,Anthem Blue Cross,SPD - SIS,759.18,783.67,809.19
1/23-12/23,2023,Regional,Mariposa,Anthem Blue Cross,Anthem Blue Cross,SPD/Full-Dual - SIS,212.24,218.29,224.63
1/23-12/23,2023,Regional,Mariposa,Anthem Blue Cross,Anthem Blue Cross,LTC - SIS,10610.47,10759.37,10912.62
1/23-12/23,2023,Regional,Mariposa,Anthem Blue Cross,Anthem Blue Cross,LTC/Full-Dual - SIS,8558.24,8656.2,8756.54
1/23-12/23,2023,Regional,Mariposa,Anthem Blue Cross,Anthem Blue Cross,Maternity - UIS Federal,11596.02,11848.72,12109.71
1/23-12/23,2023,Regional,Mariposa,Anthem Blue Cross,Anthem Blue Cross,Maternity - SIS,11596.02,11848.72,12109.71
1/23-12/23,2023,Regional,Mariposa,Anthem Blue Cross,Anthem Blue Cross,Child - UIS State-Only,38.9,40.69,42.57
1/23-12/23,2023,Regional,Mariposa,Anthem Blue Cross,Anthem Blue Cross,Adult - UIS State-Only,134.3,138.93,143.78
1/23-12/23,2023,Regional,Mariposa,Anthem Blue Cross,Anthem Blue Cross,ACA Optional Expansion - UIS State-Only,201.24,207.66,214.37
1/23-12/23,2023,Regional,Mariposa,Anthem Blue Cross,Anthem Blue Cross,SPD - UIS State-Only,422.76,435.36,448.49
1/23-12/23,2023,Regional,Mariposa,Anthem Blue Cross,Anthem Blue Cross,SPD/Full-Dual - UIS State-Only,217.89,223.22,228.78
1/23-12/23,2023,Regional,Mariposa,Anthem Blue Cross,Anthem Blue Cross,LTC - UIS State-Only,8974.3,9084.52,9197.59
1/23-12/23,2023,Regional,Mariposa,Anthem Blue Cross,Anthem Blue Cross,LTC/Full-Dual - UIS State-Only,8420.47,8514.46,8610.65
1/23-12/23,2023,Regional,Mariposa,California Health and Wellness,California Health and Wellness,Child - UIS Federal,28.76,30.58,32.52
1/23-12/23,2023,Regional,Mariposa,California Health and Wellness,California Health and Wellness,Adult - UIS Federal,240.11,248.13,256.51
1/23-12/23,2023,Regional,Mariposa,California Health and Wellness,California Health and Wellness,ACA Optional Expansion - UIS Federal,348.87,360.08,371.78
1/23-12/23,2023,Regional,Mariposa,California Health and Wellness,California Health and Wellness,SPD - UIS Federal,995.02,1025.22,1056.67
1/23-12/23,2023,Regional,Mariposa,California Health and Wellness,California Health and Wellness,SPD/Full-Dual - UIS Federal,159.54,164.99,170.7
1/23-12/23,2023,Regional,Mariposa,California Health and Wellness,California Health and Wellness,LTC - UIS Federal,1655.52,1694.37,1734.71
1/23-12/23,2023,Regional,Mariposa,California Health and Wellness,California Health and Wellness,LTC/Full-Dual - UIS Federal,139.55,143.71,148.07
1/23-12/23,2023,Regional,Mariposa,California Health and Wellness,California Health and Wellness,Child - SIS,69.64,73.3,77.18
1/23-12/23,2023,Regional,Mariposa,California Health and Wellness,California Health and Wellness,Adult - SIS,271.1,280.75,290.87
1/23-12/23,2023,Regional,Mariposa,California Health and Wellness,California Health and Wellness,ACA Optional Expansion - SIS,356.87,369.04,381.78
1/23-12/23,2023,Regional,Mariposa,California Health and Wellness,California Health and Wellness,SPD - SIS,945.55,975.72,1007.18
1/23-12/23,2023,Regional,Mariposa,California Health and Wellness,California Health and Wellness,SPD/Full-Dual - SIS,235.55,242.37,249.53
1/23-12/23,2023,Regional,Mariposa,California Health and Wellness,California Health and Wellness,LTC - SIS,10609.33,10757.21,10909.38
1/23-12/23,2023,Regional,Mariposa,California Health and Wellness,California Health and Wellness,LTC/Full-Dual - SIS,8559.18,8657.08,8757.37
1/23-12/23,2023,Regional,Mariposa,California Health and Wellness,California Health and Wellness,Maternity - UIS Federal,11596.02,11848.72,12109.71
1/23-12/23,2023,Regional,Mariposa,California Health and Wellness,California Health and Wellness,Maternity - SIS,11596.02,11848.72,12109.71
1/23-12/23,2023,Regional,Mariposa,California Health and Wellness,California Health and Wellness,Child - UIS State-Only,34.56,36.21,37.95
1/23-12/23,2023,Regional,Mariposa,California Health and Wellness,California Health and Wellness,Adult - UIS State-Only,158.49,163.77,169.29
1/23-12/23,2023,Regional,Mariposa,California Health and Wellness,California Health and Wellness,ACA Optional Expansion - UIS State-Only,226.0,233.08,240.48
1/23-12/23,2023,Regional,Mariposa,California Health and Wellness,California Health and Wellness,SPD - UIS State-Only,529.77,545.22,561.31
1/23-12/23,2023,Regional,Mariposa,California Health and Wellness,California Health and Wellness,SPD/Full-Dual - UIS State-Only,239.71,245.59,251.73
1/23-12/23,2023,Regional,Mariposa,California Health and Wellness,California Health and Wellness,LTC - UIS State-Only,8972.13,9081.71,9194.09
1/23-12/23,2023,Regional,Mariposa,California Health and Wellness,California Health and Wellness,LTC/Full-Dual - UIS State-Only,8419.63,8513.37,8609.3
1/23-12/23,2023,Regional,Mono,Anthem Blue Cross,Anthem Blue Cross,Child - UIS Federal,20.21,21.6,23.08
1/23-12/23,2023,Regional,Mono,Anthem Blue Cross,Anthem Blue Cross,Adult - UIS Federal,169.05,174.89,181.0
1/23-12/23,2023,Regional,Mono,Anthem Blue Cross,Anthem Blue Cross,ACA Optional Expansion - UIS Federal,238.57,246.48,254.75
1/23-12/23,2023,Regional,Mono,Anthem Blue Cross,Anthem Blue Cross,SPD - UIS Federal,676.66,697.7,719.62
1/23-12/23,2023,Regional,Mono,Anthem Blue Cross,Anthem Blue Cross,SPD/Full-Dual - UIS Federal,127.25,131.67,136.31
1/23-12/23,2023,Regional,Mono,Anthem Blue Cross,Anthem Blue Cross,LTC - UIS Federal,1654.53,1693.76,1734.51
1/23-12/23,2023,Regional,Mono,Anthem Blue Cross,Anthem Blue Cross,LTC/Full-Dual - UIS Federal,137.77,141.74,145.89
1/23-12/23,2023,Regional,Mono,Anthem Blue Cross,Anthem Blue Cross,Child - SIS,63.73,67.16,70.8
1/23-12/23,2023,Regional,Mono,Anthem Blue Cross,Anthem Blue Cross,Adult - SIS,217.15,224.95,233.13
1/23-12/23,2023,Regional,Mono,Anthem Blue Cross,Anthem Blue Cross,ACA Optional Expansion - SIS,294.5,304.59,315.16
1/23-12/23,2023,Regional,Mono,Anthem Blue Cross,Anthem Blue Cross,SPD - SIS,759.18,783.67,809.19
1/23-12/23,2023,Regional,Mono,Anthem Blue Cross,Anthem Blue Cross,SPD/Full-Dual - SIS,212.24,218.29,224.63
1/23-12/23,2023,Regional,Mono,Anthem Blue Cross,Anthem Blue Cross,LTC - SIS,10610.47,10759.37,10912.62
1/23-12/23,2023,Regional,Mono,Anthem Blue Cross,Anthem Blue Cross,LTC/Full-Dual - SIS,8558.24,8656.2,8756.54
1/23-12/23,2023,Regional,Mono,Anthem Blue Cross,Anthem Blue Cross,Maternity - UIS Federal,11596.02,11848.72,12109.71
1/23-12/23,2023,Regional,Mono,Anthem Blue Cross,Anthem Blue Cross,Maternity - SIS,11596.02,11848.72,12109.71
1/23-12/23,2023,Regional,Mono,Anthem Blue Cross,Anthem Blue Cross,Child - UIS State-Only,38.9,40.69,42.57
1/23-12/23,2023,Regional,Mono,Anthem Blue Cross,Anthem Blue Cross,Adult - UIS State-Only,134.3,138.93,143.78
1/23-12/23,2023,Regional,Mono,Anthem Blue Cross,Anthem Blue Cross,ACA Optional Expansion - UIS State-Only,201.24,207.66,214.37
1/23-12/23,2023,Regional,Mono,Anthem Blue Cross,Anthem Blue Cross,SPD - UIS State-Only,422.76,435.36,448.49
1/23-12/23,2023,Regional,Mono,Anthem Blue Cross,Anthem Blue Cross,SPD/Full-Dual - UIS State-Only,217.89,223.22,228.78
1/23-12/23,2023,Regional,Mono,Anthem Blue Cross,Anthem Blue Cross,LTC - UIS State-Only,8974.3,9084.52,9197.59
1/23-12/23,2023,Regional,Mono,Anthem Blue Cross,Anthem Blue Cross,LTC/Full-Dual - UIS State-Only,8420.47,8514.46,8610.65
1/23-12/23,2023,Regional,Mono,California Health and Wellness,California Health and Wellness,Child - UIS Federal,28.76,30.58,32.52
1/23-12/23,2023,Regional,Mono,California Health and Wellness,California Health and Wellness,Adult - UIS Federal,240.11,248.13,256.51
1/23-12/23,2023,Regional,Mono,California Health and Wellness,California Health and Wellness,ACA Optional Expansion - UIS Federal,348.87,360.08,371.78
1/23-12/23,2023,Regional,Mono,California Health and Wellness,California Health and Wellness,SPD - UIS Federal,995.02,1025.22,1056.67
1/23-12/23,2023,Regional,Mono,California Health and Wellness,California Health and Wellness,SPD/Full-Dual - UIS Federal,159.54,164.99,170.7
1/23-12/23,2023,Regional,Mono,California Health and Wellness,California Health and Wellness,LTC - UIS Federal,1655.52,1694.37,1734.71
1/23-12/23,2023,Regional,Mono,California Health and Wellness,California Health and Wellness,LTC/Full-Dual - UIS Federal,139.55,143.71,148.07
1/23-12/23,2023,Regional,Mono,California Health and Wellness,California Health and Wellness,Child - SIS,69.64,73.3,77.18
1/23-12/23,2023,Regional,Mono,California Health and Wellness,California Health and Wellness,Adult - SIS,271.1,280.75,290.87
1/23-12/23,2023,Regional,Mono,California Health and Wellness,California Health and Wellness,ACA Optional Expansion - SIS,356.87,369.04,381.78
1/23-12/23,2023,Regional,Mono,California Health and Wellness,California Health and Wellness,SPD - SIS,945.55,975.72,1007.18
1/23-12/23,2023,Regional,Mono,California Health and Wellness,California Health and Wellness,SPD/Full-Dual - SIS,235.55,242.37,249.53
1/23-12/23,2023,Regional,Mono,California Health and Wellness,California Health and Wellness,LTC - SIS,10609.33,10757.21,10909.38
1/23-12/23,2023,Regional,Mono,California Health and Wellness,California Health and Wellness,LTC/Full-Dual - SIS,8559.18,8657.08,8757.37
1/23-12/23,2023,Regional,Mono,California Health and Wellness,California Health and Wellness,Maternity - UIS Federal,11596.02,11848.72,12109.71
1/23-12/23,2023,Regional,Mono,California Health and Wellness,California Health and Wellness,Maternity - SIS,11596.02,11848.72,12109.71
1/23-12/23,2023,Regional,Mono,California Health and Wellness,California Health and Wellness,Child - UIS State-Only,34.56,36.21,37.95
1/23-12/23,2023,Regional,Mono,California Health and Wellness,California Health and Wellness,Adult - UIS State-Only,158.49,163.77,169.29
1/23-12/23,2023,Regional,Mono,California Health and Wellness,California Health and Wellness,ACA Optional Expansion - UIS State-Only,226.0,233.08,240.48
1/23-12/23,2023,Regional,Mono,California Health and Wellness,California Health and Wellness,SPD - UIS State-Only,529.77,545.22,561.31
1/23-12/23,2023,Regional,Mono,California Health and Wellness,California Health and Wellness,SPD/Full-Dual - UIS State-Only,239.71,245.59,251.73
1/23-12/23,2023,Regional,Mono,California Health and Wellness,California Health and Wellness,LTC - UIS State-Only,8972.13,9081.71,9194.09
1/23-12/23,2023,Regional,Mono,California Health and Wellness,California Health and Wellness,LTC/Full-Dual - UIS State-Only,8419.63,8513.37,8609.3
1/23-12/23,2023,Regional,Nevada,Anthem Blue Cross,Anthem Blue Cross,Child - UIS Federal,20.21,21.6,23.08
1/23-12/23,2023,Regional,Nevada,Anthem Blue Cross,Anthem Blue Cross,Adult - UIS Federal,169.05,174.89,181.0
1/23-12/23,2023,Regional,Nevada,Anthem Blue Cross,Anthem Blue Cross,ACA Optional Expansion - UIS Federal,238.57,246.48,254.75
1/23-12/23,2023,Regional,Nevada,Anthem Blue Cross,Anthem Blue Cross,SPD - UIS Federal,676.66,697.7,719.62
1/23-12/23,2023,Regional,Nevada,Anthem Blue Cross,Anthem Blue Cross,SPD/Full-Dual - UIS Federal,127.25,131.67,136.31
1/23-12/23,2023,Regional,Nevada,Anthem Blue Cross,Anthem Blue Cross,LTC - UIS Federal,1654.53,1693.76,1734.51
1/23-12/23,2023,Regional,Nevada,Anthem Blue Cross,Anthem Blue Cross,LTC/Full-Dual - UIS Federal,137.77,141.74,145.89
1/23-12/23,2023,Regional,Nevada,Anthem Blue Cross,Anthem Blue Cross,Child - SIS,63.73,67.16,70.8
1/23-12/23,2023,Regional,Nevada,Anthem Blue Cross,Anthem Blue Cross,Adult - SIS,217.15,224.95,233.13
1/23-12/23,2023,Regional,Nevada,Anthem Blue Cross,Anthem Blue Cross,ACA Optional Expansion - SIS,294.5,304.59,315.16
1/23-12/23,2023,Regional,Nevada,Anthem Blue Cross,Anthem Blue Cross,SPD - SIS,759.18,783.67,809.19
1/23-12/23,2023,Regional,Nevada,Anthem Blue Cross,Anthem Blue Cross,SPD/Full-Dual - SIS,212.24,218.29,224.63
1/23-12/23,2023,Regional,Nevada,Anthem Blue Cross,Anthem Blue Cross,LTC - SIS,10610.47,10759.37,10912.62
1/23-12/23,2023,Regional,Nevada,Anthem Blue Cross,Anthem Blue Cross,LTC/Full-Dual - SIS,8558.24,8656.2,8756.54
1/23-12/23,2023,Regional,Nevada,Anthem Blue Cross,Anthem Blue Cross,Maternity - UIS Federal,11596.02,11848.72,12109.71
1/23-12/23,2023,Regional,Nevada,Anthem Blue Cross,Anthem Blue Cross,Maternity - SIS,11596.02,11848.72,12109.71
1/23-12/23,2023,Regional,Nevada,Anthem Blue Cross,Anthem Blue Cross,Child - UIS State-Only,38.9,40.69,42.57
1/23-12/23,2023,Regional,Nevada,Anthem Blue Cross,Anthem Blue Cross,Adult - UIS State-Only,134.3,138.93,143.78
1/23-12/23,2023,Regional,Nevada,Anthem Blue Cross,Anthem Blue Cross,ACA Optional Expansion - UIS State-Only,201.24,207.66,214.37
1/23-12/23,2023,Regional,Nevada,Anthem Blue Cross,Anthem Blue Cross,SPD - UIS State-Only,422.76,435.36,448.49
1/23-12/23,2023,Regional,Nevada,Anthem Blue Cross,Anthem Blue Cross,SPD/Full-Dual - UIS State-Only,217.89,223.22,228.78
1/23-12/23,2023,Regional,Nevada,Anthem Blue Cross,Anthem Blue Cross,LTC - UIS State-Only,8974.3,9084.52,9197.59
1/23-12/23,2023,Regional,Nevada,Anthem Blue Cross,Anthem Blue Cross,LTC/Full-Dual - UIS State-Only,8420.47,8514.46,8610.65
1/23-12/23,2023,Regional,Nevada,California Health and Wellness,California Health and Wellness,Child - UIS Federal,28.76,30.58,32.52
1/23-12/23,2023,Regional,Nevada,California Health and Wellness,California Health and Wellness,Adult - UIS Federal,240.11,248.13,256.51
1/23-12/23,2023,Regional,Nevada,California Health and Wellness,California Health and Wellness,ACA Optional Expansion - UIS Federal,348.87,360.08,371.78
1/23-12/23,2023,Regional,Nevada,California Health and Wellness,California Health and Wellness,SPD - UIS Federal,995.02,1025.22,1056.67
1/23-12/23,2023,Regional,Nevada,California Health and Wellness,California Health and Wellness,SPD/Full-Dual - UIS Federal,159.54,164.99,170.7
1/23-12/23,2023,Regional,Nevada,California Health and Wellness,California Health and Wellness,LTC - UIS Federal,1655.52,1694.37,1734.71
1/23-12/23,2023,Regional,Nevada,California Health and Wellness,California Health and Wellness,LTC/Full-Dual - UIS Federal,139.55,143.71,148.07
1/23-12/23,2023,Regional,Nevada,California Health and Wellness,California Health and Wellness,Child - SIS,69.64,73.3,77.18
1/23-12/23,2023,Regional,Nevada,California Health and Wellness,California Health and Wellness,Adult - SIS,271.1,280.75,290.87
1/23-12/23,2023,Regional,Nevada,California Health and Wellness,California Health and Wellness,ACA Optional Expansion - SIS,356.87,369.04,381.78
1/23-12/23,2023,Regional,Nevada,California Health and Wellness,California Health and Wellness,SPD - SIS,945.55,975.72,1007.18
1/23-12/23,2023,Regional,Nevada,California Health and Wellness,California Health and Wellness,SPD/Full-Dual - SIS,235.55,242.37,249.53
1/23-12/23,2023,Regional,Nevada,California Health and Wellness,California Health and Wellness,LTC - SIS,10609.33,10757.21,10909.38
1/23-12/23,2023,Regional,Nevada,California Health and Wellness,California Health and Wellness,LTC/Full-Dual - SIS,8559.18,8657.08,8757.37
1/23-12/23,2023,Regional,Nevada,California Health and Wellness,California Health and Wellness,Maternity - UIS Federal,11596.02,11848.72,12109.71
1/23-12/23,2023,Regional,Nevada,California Health and Wellness,California Health and Wellness,Maternity - SIS,11596.02,11848.72,12109.71
1/23-12/23,2023,Regional,Nevada,California Health and Wellness,California Health and Wellness,Child - UIS State-Only,34.56,36.21,37.95
1/23-12/23,2023,Regional,Nevada,California Health and Wellness,California Health and Wellness,Adult - UIS State-Only,158.49,163.77,169.29
1/23-12/23,2023,Regional,Nevada,California Health and Wellness,California Health and Wellness,ACA Optional Expansion - UIS State-Only,226.0,233.08,240.48
1/23-12/23,2023,Regional,Nevada,California Health and Wellness,California Health and Wellness,SPD - UIS State-Only,529.77,545.22,561.31
1/23-12/23,2023,Regional,Nevada,California Health and Wellness,California Health and Wellness,SPD/Full-Dual - UIS State-Only,239.71,245.59,251.73
1/23-12/23,2023,Regional,Nevada,California Health and Wellness,California Health and Wellness,LTC - UIS State-Only,8972.13,9081.71,9194.09
1/23-12/23,2023,Regional,Nevada,California Health and Wellness,California Health and Wellness,LTC/Full-Dual - UIS State-Only,8419.63,8513.37,8609.3
1/23-12/23,2023,Regional,Placer,Anthem Blue Cross,Anthem Blue Cross,Child - UIS Federal,20.21,21.6,23.08
1/23-12/23,2023,Regional,Placer,Anthem Blue Cross,Anthem Blue Cross,Adult - UIS Federal,169.05,174.89,181.0
1/23-12/23,2023,Regional,Placer,Anthem Blue Cross,Anthem Blue Cross,ACA Optional Expansion - UIS Federal,238.57,246.48,254.75
1/23-12/23,2023,Regional,Placer,Anthem Blue Cross,Anthem Blue Cross,SPD - UIS Federal,676.66,697.7,719.62
1/23-12/23,2023,Regional,Placer,Anthem Blue Cross,Anthem Blue Cross,SPD/Full-Dual - UIS Federal,127.25,131.67,136.31
1/23-12/23,2023,Regional,Placer,Anthem Blue Cross,Anthem Blue Cross,LTC - UIS Federal,1654.53,1693.76,1734.51
1/23-12/23,2023,Regional,Placer,Anthem Blue Cross,Anthem Blue Cross,LTC/Full-Dual - UIS Federal,137.77,141.74,145.89
1/23-12/23,2023,Regional,Placer,Anthem Blue Cross,Anthem Blue Cross,Child - SIS,63.73,67.16,70.8
1/23-12/23,2023,Regional,Placer,Anthem Blue Cross,Anthem Blue Cross,Adult - SIS,217.15,224.95,233.13
1/23-12/23,2023,Regional,Placer,Anthem Blue Cross,Anthem Blue Cross,ACA Optional Expansion - SIS,294.5,304.59,315.16
1/23-12/23,2023,Regional,Placer,Anthem Blue Cross,Anthem Blue Cross,SPD - SIS,759.18,783.67,809.19
1/23-12/23,2023,Regional,Placer,Anthem Blue Cross,Anthem Blue Cross,SPD/Full-Dual - SIS,212.24,218.29,224.63
1/23-12/23,2023,Regional,Placer,Anthem Blue Cross,Anthem Blue Cross,LTC - SIS,10610.47,10759.37,10912.62
1/23-12/23,2023,Regional,Placer,Anthem Blue Cross,Anthem Blue Cross,LTC/Full-Dual - SIS,8558.24,8656.2,8756.54
1/23-12/23,2023,Regional,Placer,Anthem Blue Cross,Anthem Blue Cross,Maternity - UIS Federal,11596.02,11848.72,12109.71
1/23-12/23,2023,Regional,Placer,Anthem Blue Cross,Anthem Blue Cross,Maternity - SIS,11596.02,11848.72,12109.71
1/23-12/23,2023,Regional,Placer,Anthem Blue Cross,Anthem Blue Cross,Child - UIS State-Only,38.9,40.69,42.57
1/23-12/23,2023,Regional,Placer,Anthem Blue Cross,Anthem Blue Cross,Adult - UIS State-Only,134.3,138.93,143.78
1/23-12/23,2023,Regional,Placer,Anthem Blue Cross,Anthem Blue Cross,ACA Optional Expansion - UIS State-Only,201.24,207.66,214.37
1/23-12/23,2023,Regional,Placer,Anthem Blue Cross,Anthem Blue Cross,SPD - UIS State-Only,422.76,435.36,448.49
1/23-12/23,2023,Regional,Placer,Anthem Blue Cross,Anthem Blue Cross,SPD/Full-Dual - UIS State-Only,217.89,223.22,228.78
1/23-12/23,2023,Regional,Placer,Anthem Blue Cross,Anthem Blue Cross,LTC - UIS State-Only,8974.3,9084.52,9197.59
1/23-12/23,2023,Regional,Placer,Anthem Blue Cross,Anthem Blue Cross,LTC/Full-Dual - UIS State-Only,8420.47,8514.46,8610.65
1/23-12/23,2023,Regional,Placer,California Health and Wellness,California Health and Wellness,Child - UIS Federal,28.76,30.58,32.52
1/23-12/23,2023,Regional,Placer,California Health and Wellness,California Health and Wellness,Adult - UIS Federal,240.11,248.13,256.51
1/23-12/23,2023,Regional,Placer,California Health and Wellness,California Health and Wellness,ACA Optional Expansion - UIS Federal,348.87,360.08,371.78
1/23-12/23,2023,Regional,Placer,California Health and Wellness,California Health and Wellness,SPD - UIS Federal,995.02,1025.22,1056.67
1/23-12/23,2023,Regional,Placer,California Health and Wellness,California Health and Wellness,SPD/Full-Dual - UIS Federal,159.54,164.99,170.7
1/23-12/23,2023,Regional,Placer,California Health and Wellness,California Health and Wellness,LTC - UIS Federal,1655.52,1694.37,1734.71
1/23-12/23,2023,Regional,Placer,California Health and Wellness,California Health and Wellness,LTC/Full-Dual - UIS Federal,139.55,143.71,148.07
1/23-12/23,2023,Regional,Placer,California Health and Wellness,California Health and Wellness,Child - SIS,69.64,73.3,77.18
1/23-12/23,2023,Regional,Placer,California Health and Wellness,California Health and Wellness,Adult - SIS,271.1,280.75,290.87
1/23-12/23,2023,Regional,Placer,California Health and Wellness,California Health and Wellness,ACA Optional Expansion - SIS,356.87,369.04,381.78
1/23-12/23,2023,Regional,Placer,California Health and Wellness,California Health and Wellness,SPD - SIS,945.55,975.72,1007.18
1/23-12/23,2023,Regional,Placer,California Health and Wellness,California Health and Wellness,SPD/Full-Dual - SIS,235.55,242.37,249.53
1/23-12/23,2023,Regional,Placer,California Health and Wellness,California Health and Wellness,LTC - SIS,10609.33,10757.21,10909.38
1/23-12/23,2023,Regional,Placer,California Health and Wellness,California Health and Wellness,LTC/Full-Dual - SIS,8559.18,8657.08,8757.37
1/23-12/23,2023,Regional,Placer,California Health and Wellness,California Health and Wellness,Maternity - UIS Federal,11596.02,11848.72,12109.71
1/23-12/23,2023,Regional,Placer,California Health and Wellness,California Health and Wellness,Maternity - SIS,11596.02,11848.72,12109.71
1/23-12/23,2023,Regional,Placer,California Health and Wellness,California Health and Wellness,Child - UIS State-Only,34.56,36.21,37.95
1/23-12/23,2023,Regional,Placer,California Health and Wellness,California Health and Wellness,Adult - UIS State-Only,158.49,163.77,169.29
1/23-12/23,2023,Regional,Placer,California Health and Wellness,California Health and Wellness,ACA Optional Expansion - UIS State-Only,226.0,233.08,240.48
1/23-12/23,2023,Regional,Placer,California Health and Wellness,California Health and Wellness,SPD - UIS State-Only,529.77,545.22,561.31
1/23-12/23,2023,Regional,Placer,California Health and Wellness,California Health and Wellness,SPD/Full-Dual - UIS State-Only,239.71,245.59,251.73
1/23-12/23,2023,Regional,Placer,California Health and Wellness,California Health and Wellness,LTC - UIS State-Only,8972.13,9081.71,9194.09
1/23-12/23,2023,Regional,Placer,California Health and Wellness,California Health and Wellness,LTC/Full-Dual - UIS State-Only,8419.63,8513.37,8609.3
1/23-12/23,2023,Regional,Placer,Kaiser Foundation Health Plan,Kaiser Permanente,Child - UIS Federal,22.55,23.93,25.41
1/23-12/23,2023,Regional,Placer,Kaiser Foundation Health Plan,Kaiser Permanente,Adult - UIS Federal,202.32,208.96,215.9
1/23-12/23,2023,Regional,Placer,Kaiser Foundation Health Plan,Kaiser Permanente,ACA Optional Expansion - UIS Federal,278.2,287.05,296.29
1/23-12/23,2023,Regional,Placer,Kaiser Foundation Health Plan,Kaiser Permanente,SPD - UIS Federal,625.37,644.38,664.19
1/23-12/23,2023,Regional,Placer,Kaiser Foundation Health Plan,Kaiser Permanente,SPD/Full-Dual - UIS Federal,141.99,146.69,151.61
1/23-12/23,2023,Regional,Placer,Kaiser Foundation Health Plan,Kaiser Permanente,LTC - UIS Federal,1717.21,1757.81,1799.96
1/23-12/23,2023,Regional,Placer,Kaiser Foundation Health Plan,Kaiser Permanente,LTC/Full-Dual - UIS Federal,241.84,248.79,256.04
1/23-12/23,2023,Regional,Placer,Kaiser Foundation Health Plan,Kaiser Permanente,Child - SIS,97.74,101.85,106.19
1/23-12/23,2023,Regional,Placer,Kaiser Foundation Health Plan,Kaiser Permanente,Adult - SIS,237.28,245.47,254.05
1/23-12/23,2023,Regional,Placer,Kaiser Foundation Health Plan,Kaiser Permanente,ACA Optional Expansion - SIS,293.91,303.66,313.87
1/23-12/23,2023,Regional,Placer,Kaiser Foundation Health Plan,Kaiser Permanente,SPD - SIS,851.61,876.35,902.13
1/23-12/23,2023,Regional,Placer,Kaiser Foundation Health Plan,Kaiser Permanente,SPD/Full-Dual - SIS,217.43,223.35,229.56
1/23-12/23,2023,Regional,Placer,Kaiser Foundation Health Plan,Kaiser Permanente,LTC - SIS,10428.45,10575.4,10726.63
1/23-12/23,2023,Regional,Placer,Kaiser Foundation Health Plan,Kaiser Permanente,LTC/Full-Dual - SIS,8495.76,8597.73,8702.3
1/23-12/23,2023,Regional,Placer,Kaiser Foundation Health Plan,Kaiser Permanente,Maternity - UIS Federal,11596.02,11848.72,12109.71
1/23-12/23,2023,Regional,Placer,Kaiser Foundation Health Plan,Kaiser Permanente,Maternity - SIS,11596.02,11848.72,12109.71
1/23-12/23,2023,Regional,Placer,Kaiser Foundation Health Plan,Kaiser Permanente,Child - UIS State-Only,48.49,50.45,52.51
1/23-12/23,2023,Regional,Placer,Kaiser Foundation Health Plan,Kaiser Permanente,Adult - UIS State-Only,144.43,149.19,154.16
1/23-12/23,2023,Regional,Placer,Kaiser Foundation Health Plan,Kaiser Permanente,ACA Optional Expansion - UIS State-Only,217.54,224.24,231.23
1/23-12/23,2023,Regional,Placer,Kaiser Foundation Health Plan,Kaiser Permanente,SPD - UIS State-Only,371.06,381.89,393.18
1/23-12/23,2023,Regional,Placer,Kaiser Foundation Health Plan,Kaiser Permanente,SPD/Full-Dual - UIS State-Only,219.6,224.7,230.02
1/23-12/23,2023,Regional,Placer,Kaiser Foundation Health Plan,Kaiser Permanente,LTC - UIS State-Only,8721.42,8828.07,8937.45
1/23-12/23,2023,Regional,Placer,Kaiser Foundation Health Plan,Kaiser Permanente,LTC/Full-Dual - UIS State-Only,8253.92,8348.94,8446.26
1/23-12/23,2023,Regional,Plumas,Anthem Blue Cross,Anthem Blue Cross,Child - UIS Federal,20.21,21.6,23.08
1/23-12/23,2023,Regional,Plumas,Anthem Blue Cross,Anthem Blue Cross,Adult - UIS Federal,169.05,174.89,181.0
1/23-12/23,2023,Regional,Plumas,Anthem Blue Cross,Anthem Blue Cross,ACA Optional Expansion - UIS Federal,238.57,246.48,254.75
1/23-12/23,2023,Regional,Plumas,Anthem Blue Cross,Anthem Blue Cross,SPD - UIS Federal,676.66,697.7,719.62
1/23-12/23,2023,Regional,Plumas,Anthem Blue Cross,Anthem Blue Cross,SPD/Full-Dual - UIS Federal,127.25,131.67,136.31
1/23-12/23,2023,Regional,Plumas,Anthem Blue Cross,Anthem Blue Cross,LTC - UIS Federal,1654.53,1693.76,1734.51
1/23-12/23,2023,Regional,Plumas,Anthem Blue Cross,Anthem Blue Cross,LTC/Full-Dual - UIS Federal,137.77,141.74,145.89
1/23-12/23,2023,Regional,Plumas,Anthem Blue Cross,Anthem Blue Cross,Child - SIS,63.73,67.16,70.8
1/23-12/23,2023,Regional,Plumas,Anthem Blue Cross,Anthem Blue Cross,Adult - SIS,217.15,224.95,233.13
1/23-12/23,2023,Regional,Plumas,Anthem Blue Cross,Anthem Blue Cross,ACA Optional Expansion - SIS,294.5,304.59,315.16
1/23-12/23,2023,Regional,Plumas,Anthem Blue Cross,Anthem Blue Cross,SPD - SIS,759.18,783.67,809.19
1/23-12/23,2023,Regional,Plumas,Anthem Blue Cross,Anthem Blue Cross,SPD/Full-Dual - SIS,212.24,218.29,224.63
1/23-12/23,2023,Regional,Plumas,Anthem Blue Cross,Anthem Blue Cross,LTC - SIS,10610.47,10759.37,10912.62
1/23-12/23,2023,Regional,Plumas,Anthem Blue Cross,Anthem Blue Cross,LTC/Full-Dual - SIS,8558.24,8656.2,8756.54
1/23-12/23,2023,Regional,Plumas,Anthem Blue Cross,Anthem Blue Cross,Maternity - UIS Federal,11596.02,11848.72,12109.71
1/23-12/23,2023,Regional,Plumas,Anthem Blue Cross,Anthem Blue Cross,Maternity - SIS,11596.02,11848.72,12109.71
1/23-12/23,2023,Regional,Plumas,Anthem Blue Cross,Anthem Blue Cross,Child - UIS State-Only,38.9,40.69,42.57
1/23-12/23,2023,Regional,Plumas,Anthem Blue Cross,Anthem Blue Cross,Adult - UIS State-Only,134.3,138.93,143.78
1/23-12/23,2023,Regional,Plumas,Anthem Blue Cross,Anthem Blue Cross,ACA Optional Expansion - UIS State-Only,201.24,207.66,214.37
1/23-12/23,2023,Regional,Plumas,Anthem Blue Cross,Anthem Blue Cross,SPD - UIS State-Only,422.76,435.36,448.49
1/23-12/23,2023,Regional,Plumas,Anthem Blue Cross,Anthem Blue Cross,SPD/Full-Dual - UIS State-Only,217.89,223.22,228.78
1/23-12/23,2023,Regional,Plumas,Anthem Blue Cross,Anthem Blue Cross,LTC - UIS State-Only,8974.3,9084.52,9197.59
1/23-12/23,2023,Regional,Plumas,Anthem Blue Cross,Anthem Blue Cross,LTC/Full-Dual - UIS State-Only,8420.47,8514.46,8610.65
1/23-12/23,2023,Regional,Plumas,California Health and Wellness,California Health and Wellness,Child - UIS Federal,28.76,30.58,32.52
1/23-12/23,2023,Regional,Plumas,California Health and Wellness,California Health and Wellness,Adult - UIS Federal,240.11,248.13,256.51
1/23-12/23,2023,Regional,Plumas,California Health and Wellness,California Health and Wellness,ACA Optional Expansion - UIS Federal,348.87,360.08,371.78
1/23-12/23,2023,Regional,Plumas,California Health and Wellness,California Health and Wellness,SPD - UIS Federal,995.02,1025.22,1056.67
1/23-12/23,2023,Regional,Plumas,California Health and Wellness,California Health and Wellness,SPD/Full-Dual - UIS Federal,159.54,164.99,170.7
1/23-12/23,2023,Regional,Plumas,California Health and Wellness,California Health and Wellness,LTC - UIS Federal,1655.52,1694.37,1734.71
1/23-12/23,2023,Regional,Plumas,California Health and Wellness,California Health and Wellness,LTC/Full-Dual - UIS Federal,139.55,143.71,148.07
1/23-12/23,2023,Regional,Plumas,California Health and Wellness,California Health and Wellness,Child - SIS,69.64,73.3,77.18
1/23-12/23,2023,Regional,Plumas,California Health and Wellness,California Health and Wellness,Adult - SIS,271.1,280.75,290.87
1/23-12/23,2023,Regional,Plumas,California Health and Wellness,California Health and Wellness,ACA Optional Expansion - SIS,356.87,369.04,381.78
1/23-12/23,2023,Regional,Plumas,California Health and Wellness,California Health and Wellness,SPD - SIS,945.55,975.72,1007.18
1/23-12/23,2023,Regional,Plumas,California Health and Wellness,California Health and Wellness,SPD/Full-Dual - SIS,235.55,242.37,249.53
1/23-12/23,2023,Regional,Plumas,California Health and Wellness,California Health and Wellness,LTC - SIS,10609.33,10757.21,10909.38
1/23-12/23,2023,Regional,Plumas,California Health and Wellness,California Health and Wellness,LTC/Full-Dual - SIS,8559.18,8657.08,8757.37
1/23-12/23,2023,Regional,Plumas,California Health and Wellness,California Health and Wellness,Maternity - UIS Federal,11596.02,11848.72,12109.71
1/23-12/23,2023,Regional,Plumas,California Health and Wellness,California Health and Wellness,Maternity - SIS,11596.02,11848.72,12109.71
1/23-12/23,2023,Regional,Plumas,California Health and Wellness,California Health and Wellness,Child - UIS State-Only,34.56,36.21,37.95
1/23-12/23,2023,Regional,Plumas,California Health and Wellness,California Health and Wellness,Adult - UIS State-Only,158.49,163.77,169.29
1/23-12/23,2023,Regional,Plumas,California Health and Wellness,California Health and Wellness,ACA Optional Expansion - UIS State-Only,226.0,233.08,240.48
1/23-12/23,2023,Regional,Plumas,California Health and Wellness,California Health and Wellness,SPD - UIS State-Only,529.77,545.22,561.31
1/23-12/23,2023,Regional,Plumas,California Health and Wellness,California Health and Wellness,SPD/Full-Dual - UIS State-Only,239.71,245.59,251.73
1/23-12/23,2023,Regional,Plumas,California Health and Wellness,California Health and Wellness,LTC - UIS State-Only,8972.13,9081.71,9194.09
1/23-12/23,2023,Regional,Plumas,California Health and Wellness,California Health and Wellness,LTC/Full-Dual - UIS State-Only,8419.63,8513.37,8609.3
1/23-12/23,2023,Regional,Sierra,Anthem Blue Cross,Anthem Blue Cross,Child - UIS Federal,20.21,21.6,23.08
1/23-12/23,2023,Regional,Sierra,Anthem Blue Cross,Anthem Blue Cross,Adult - UIS Federal,169.05,174.89,181.0
1/23-12/23,2023,Regional,Sierra,Anthem Blue Cross,Anthem Blue Cross,ACA Optional Expansion - UIS Federal,238.57,246.48,254.75
1/23-12/23,2023,Regional,Sierra,Anthem Blue Cross,Anthem Blue Cross,SPD - UIS Federal,676.66,697.7,719.62
1/23-12/23,2023,Regional,Sierra,Anthem Blue Cross,Anthem Blue Cross,SPD/Full-Dual - UIS Federal,127.25,131.67,136.31
1/23-12/23,2023,Regional,Sierra,Anthem Blue Cross,Anthem Blue Cross,LTC - UIS Federal,1654.53,1693.76,1734.51
1/23-12/23,2023,Regional,Sierra,Anthem Blue Cross,Anthem Blue Cross,LTC/Full-Dual - UIS Federal,137.77,141.74,145.89
1/23-12/23,2023,Regional,Sierra,Anthem Blue Cross,Anthem Blue Cross,Child - SIS,63.73,67.16,70.8
1/23-12/23,2023,Regional,Sierra,Anthem Blue Cross,Anthem Blue Cross,Adult - SIS,217.15,224.95,233.13
1/23-12/23,2023,Regional,Sierra,Anthem Blue Cross,Anthem Blue Cross,ACA Optional Expansion - SIS,294.5,304.59,315.16
1/23-12/23,2023,Regional,Sierra,Anthem Blue Cross,Anthem Blue Cross,SPD - SIS,759.18,783.67,809.19
1/23-12/23,2023,Regional,Sierra,Anthem Blue Cross,Anthem Blue Cross,SPD/Full-Dual - SIS,212.24,218.29,224.63
1/23-12/23,2023,Regional,Sierra,Anthem Blue Cross,Anthem Blue Cross,LTC - SIS,10610.47,10759.37,10912.62
1/23-12/23,2023,Regional,Sierra,Anthem Blue Cross,Anthem Blue Cross,LTC/Full-Dual - SIS,8558.24,8656.2,8756.54
1/23-12/23,2023,Regional,Sierra,Anthem Blue Cross,Anthem Blue Cross,Maternity - UIS Federal,11596.02,11848.72,12109.71
1/23-12/23,2023,Regional,Sierra,Anthem Blue Cross,Anthem Blue Cross,Maternity - SIS,11596.02,11848.72,12109.71
1/23-12/23,2023,Regional,Sierra,Anthem Blue Cross,Anthem Blue Cross,Child - UIS State-Only,38.9,40.69,42.57
1/23-12/23,2023,Regional,Sierra,Anthem Blue Cross,Anthem Blue Cross,Adult - UIS State-Only,134.3,138.93,143.78
1/23-12/23,2023,Regional,Sierra,Anthem Blue Cross,Anthem Blue Cross,ACA Optional Expansion - UIS State-Only,201.24,207.66,214.37
1/23-12/23,2023,Regional,Sierra,Anthem Blue Cross,Anthem Blue Cross,SPD - UIS State-Only,422.76,435.36,448.49
1/23-12/23,2023,Regional,Sierra,Anthem Blue Cross,Anthem Blue Cross,SPD/Full-Dual - UIS State-Only,217.89,223.22,228.78
1/23-12/23,2023,Regional,Sierra,Anthem Blue Cross,Anthem Blue Cross,LTC - UIS State-Only,8974.3,9084.52,9197.59
1/23-12/23,2023,Regional,Sierra,Anthem Blue Cross,Anthem Blue Cross,LTC/Full-Dual - UIS State-Only,8420.47,8514.46,8610.65
1/23-12/23,2023,Regional,Sierra,California Health and Wellness,California Health and Wellness,Child - UIS Federal,28.76,30.58,32.52
1/23-12/23,2023,Regional,Sierra,California Health and Wellness,California Health and Wellness,Adult - UIS Federal,240.11,248.13,256.51
1/23-12/23,2023,Regional,Sierra,California Health and Wellness,California Health and Wellness,ACA Optional Expansion - UIS Federal,348.87,360.08,371.78
1/23-12/23,2023,Regional,Sierra,California Health and Wellness,California Health and Wellness,SPD - UIS Federal,995.02,1025.22,1056.67
1/23-12/23,2023,Regional,Sierra,California Health and Wellness,California Health and Wellness,SPD/Full-Dual - UIS Federal,159.54,164.99,170.7
1/23-12/23,2023,Regional,Sierra,California Health and Wellness,California Health and Wellness,LTC - UIS Federal,1655.52,1694.37,1734.71
1/23-12/23,2023,Regional,Sierra,California Health and Wellness,California Health and Wellness,LTC/Full-Dual - UIS Federal,139.55,143.71,148.07
1/23-12/23,2023,Regional,Sierra,California Health and Wellness,California Health and Wellness,Child - SIS,69.64,73.3,77.18
1/23-12/23,2023,Regional,Sierra,California Health and Wellness,California Health and Wellness,Adult - SIS,271.1,280.75,290.87
1/23-12/23,2023,Regional,Sierra,California Health and Wellness,California Health and Wellness,ACA Optional Expansion - SIS,356.87,369.04,381.78
1/23-12/23,2023,Regional,Sierra,California Health and Wellness,California Health and Wellness,SPD - SIS,945.55,975.72,1007.18
1/23-12/23,2023,Regional,Sierra,California Health and Wellness,California Health and Wellness,SPD/Full-Dual - SIS,235.55,242.37,249.53
1/23-12/23,2023,Regional,Sierra,California Health and Wellness,California Health and Wellness,LTC - SIS,10609.33,10757.21,10909.38
1/23-12/23,2023,Regional,Sierra,California Health and Wellness,California Health and Wellness,LTC/Full-Dual - SIS,8559.18,8657.08,8757.37
1/23-12/23,2023,Regional,Sierra,California Health and Wellness,California Health and Wellness,Maternity - UIS Federal,11596.02,11848.72,12109.71
1/23-12/23,2023,Regional,Sierra,California Health and Wellness,California Health and Wellness,Maternity - SIS,11596.02,11848.72,12109.71
1/23-12/23,2023,Regional,Sierra,California Health and Wellness,California Health and Wellness,Child - UIS State-Only,34.56,36.21,37.95
1/23-12/23,2023,Regional,Sierra,California Health and Wellness,California Health and Wellness,Adult - UIS State-Only,158.49,163.77,169.29
1/23-12/23,2023,Regional,Sierra,California Health and Wellness,California Health and Wellness,ACA Optional Expansion - UIS State-Only,226.0,233.08,240.48
1/23-12/23,2023,Regional,Sierra,California Health and Wellness,California Health and Wellness,SPD - UIS State-Only,529.77,545.22,561.31
1/23-12/23,2023,Regional,Sierra,California Health and Wellness,California Health and Wellness,SPD/Full-Dual - UIS State-Only,239.71,245.59,251.73
1/23-12/23,2023,Regional,Sierra,California Health and Wellness,California Health and Wellness,LTC - UIS State-Only,8972.13,9081.71,9194.09
1/23-12/23,2023,Regional,Sierra,California Health and Wellness,California Health and Wellness,LTC/Full-Dual - UIS State-Only,8419.63,8513.37,8609.3
1/23-12/23,2023,Regional,Sutter,Anthem Blue Cross,Anthem Blue Cross,Child - UIS Federal,20.21,21.6,23.08
1/23-12/23,2023,Regional,Sutter,Anthem Blue Cross,Anthem Blue Cross,Adult - UIS Federal,169.05,174.89,181.0
1/23-12/23,2023,Regional,Sutter,Anthem Blue Cross,Anthem Blue Cross,ACA Optional Expansion - UIS Federal,238.57,246.48,254.75
1/23-12/23,2023,Regional,Sutter,Anthem Blue Cross,Anthem Blue Cross,SPD - UIS Federal,676.66,697.7,719.62
1/23-12/23,2023,Regional,Sutter,Anthem Blue Cross,Anthem Blue Cross,SPD/Full-Dual - UIS Federal,127.25,131.67,136.31
1/23-12/23,2023,Regional,Sutter,Anthem Blue Cross,Anthem Blue Cross,LTC - UIS Federal,1654.53,1693.76,1734.51
1/23-12/23,2023,Regional,Sutter,Anthem Blue Cross,Anthem Blue Cross,LTC/Full-Dual - UIS Federal,137.77,141.74,145.89
1/23-12/23,2023,Regional,Sutter,Anthem Blue Cross,Anthem Blue Cross,Child - SIS,63.73,67.16,70.8
1/23-12/23,2023,Regional,Sutter,Anthem Blue Cross,Anthem Blue Cross,Adult - SIS,217.15,224.95,233.13
1/23-12/23,2023,Regional,Sutter,Anthem Blue Cross,Anthem Blue Cross,ACA Optional Expansion - SIS,294.5,304.59,315.16
1/23-12/23,2023,Regional,Sutter,Anthem Blue Cross,Anthem Blue Cross,SPD - SIS,759.18,783.67,809.19
1/23-12/23,2023,Regional,Sutter,Anthem Blue Cross,Anthem Blue Cross,SPD/Full-Dual - SIS,212.24,218.29,224.63
1/23-12/23,2023,Regional,Sutter,Anthem Blue Cross,Anthem Blue Cross,LTC - SIS,10610.47,10759.37,10912.62
1/23-12/23,2023,Regional,Sutter,Anthem Blue Cross,Anthem Blue Cross,LTC/Full-Dual - SIS,8558.24,8656.2,8756.54
1/23-12/23,2023,Regional,Sutter,Anthem Blue Cross,Anthem Blue Cross,Maternity - UIS Federal,11596.02,11848.72,12109.71
1/23-12/23,2023,Regional,Sutter,Anthem Blue Cross,Anthem Blue Cross,Maternity - SIS,11596.02,11848.72,12109.71
1/23-12/23,2023,Regional,Sutter,Anthem Blue Cross,Anthem Blue Cross,Child - UIS State-Only,38.9,40.69,42.57
1/23-12/23,2023,Regional,Sutter,Anthem Blue Cross,Anthem Blue Cross,Adult - UIS State-Only,134.3,138.93,143.78
1/23-12/23,2023,Regional,Sutter,Anthem Blue Cross,Anthem Blue Cross,ACA Optional Expansion - UIS State-Only,201.24,207.66,214.37
1/23-12/23,2023,Regional,Sutter,Anthem Blue Cross,Anthem Blue Cross,SPD - UIS State-Only,422.76,435.36,448.49
1/23-12/23,2023,Regional,Sutter,Anthem Blue Cross,Anthem Blue Cross,SPD/Full-Dual - UIS State-Only,217.89,223.22,228.78
1/23-12/23,2023,Regional,Sutter,Anthem Blue Cross,Anthem Blue Cross,LTC - UIS State-Only,8974.3,9084.52,9197.59
1/23-12/23,2023,Regional,Sutter,Anthem Blue Cross,Anthem Blue Cross,LTC/Full-Dual - UIS State-Only,8420.47,8514.46,8610.65
1/23-12/23,2023,Regional,Sutter,California Health and Wellness,California Health and Wellness,Child - UIS Federal,28.76,30.58,32.52
1/23-12/23,2023,Regional,Sutter,California Health and Wellness,California Health and Wellness,Adult - UIS Federal,240.11,248.13,256.51
1/23-12/23,2023,Regional,Sutter,California Health and Wellness,California Health and Wellness,ACA Optional Expansion - UIS Federal,348.87,360.08,371.78
1/23-12/23,2023,Regional,Sutter,California Health and Wellness,California Health and Wellness,SPD - UIS Federal,995.02,1025.22,1056.67
1/23-12/23,2023,Regional,Sutter,California Health and Wellness,California Health and Wellness,SPD/Full-Dual - UIS Federal,159.54,164.99,170.7
1/23-12/23,2023,Regional,Sutter,California Health and Wellness,California Health and Wellness,LTC - UIS Federal,1655.52,1694.37,1734.71
1/23-12/23,2023,Regional,Sutter,California Health and Wellness,California Health and Wellness,LTC/Full-Dual - UIS Federal,139.55,143.71,148.07
1/23-12/23,2023,Regional,Sutter,California Health and Wellness,California Health and Wellness,Child - SIS,69.64,73.3,77.18
1/23-12/23,2023,Regional,Sutter,California Health and Wellness,California Health and Wellness,Adult - SIS,271.1,280.75,290.87
1/23-12/23,2023,Regional,Sutter,California Health and Wellness,California Health and Wellness,ACA Optional Expansion - SIS,356.87,369.04,381.78
1/23-12/23,2023,Regional,Sutter,California Health and Wellness,California Health and Wellness,SPD - SIS,945.55,975.72,1007.18
1/23-12/23,2023,Regional,Sutter,California Health and Wellness,California Health and Wellness,SPD/Full-Dual - SIS,235.55,242.37,249.53
1/23-12/23,2023,Regional,Sutter,California Health and Wellness,California Health and Wellness,LTC - SIS,10609.33,10757.21,10909.38
1/23-12/23,2023,Regional,Sutter,California Health and Wellness,California Health and Wellness,LTC/Full-Dual - SIS,8559.18,8657.08,8757.37
1/23-12/23,2023,Regional,Sutter,California Health and Wellness,California Health and Wellness,Maternity - UIS Federal,11596.02,11848.72,12109.71
1/23-12/23,2023,Regional,Sutter,California Health and Wellness,California Health and Wellness,Maternity - SIS,11596.02,11848.72,12109.71
1/23-12/23,2023,Regional,Sutter,California Health and Wellness,California Health and Wellness,Child - UIS State-Only,34.56,36.21,37.95
1/23-12/23,2023,Regional,Sutter,California Health and Wellness,California Health and Wellness,Adult - UIS State-Only,158.49,163.77,169.29
1/23-12/23,2023,Regional,Sutter,California Health and Wellness,California Health and Wellness,ACA Optional Expansion - UIS State-Only,226.0,233.08,240.48
1/23-12/23,2023,Regional,Sutter,California Health and Wellness,California Health and Wellness,SPD - UIS State-Only,529.77,545.22,561.31
1/23-12/23,2023,Regional,Sutter,California Health and Wellness,California Health and Wellness,SPD/Full-Dual - UIS State-Only,239.71,245.59,251.73
1/23-12/23,2023,Regional,Sutter,California Health and Wellness,California Health and Wellness,LTC - UIS State-Only,8972.13,9081.71,9194.09
1/23-12/23,2023,Regional,Sutter,California Health and Wellness,California Health and Wellness,LTC/Full-Dual - UIS State-Only,8419.63,8513.37,8609.3
1/23-12/23,2023,Regional,Tehama,Anthem Blue Cross,Anthem Blue Cross,Child - UIS Federal,20.21,21.6,23.08
1/23-12/23,2023,Regional,Tehama,Anthem Blue Cross,Anthem Blue Cross,Adult - UIS Federal,169.05,174.89,181.0
1/23-12/23,2023,Regional,Tehama,Anthem Blue Cross,Anthem Blue Cross,ACA Optional Expansion - UIS Federal,238.57,246.48,254.75
1/23-12/23,2023,Regional,Tehama,Anthem Blue Cross,Anthem Blue Cross,SPD - UIS Federal,676.66,697.7,719.62
1/23-12/23,2023,Regional,Tehama,Anthem Blue Cross,Anthem Blue Cross,SPD/Full-Dual - UIS Federal,127.25,131.67,136.31
1/23-12/23,2023,Regional,Tehama,Anthem Blue Cross,Anthem Blue Cross,LTC - UIS Federal,1654.53,1693.76,1734.51
1/23-12/23,2023,Regional,Tehama,Anthem Blue Cross,Anthem Blue Cross,LTC/Full-Dual - UIS Federal,137.77,141.74,145.89
1/23-12/23,2023,Regional,Tehama,Anthem Blue Cross,Anthem Blue Cross,Child - SIS,63.73,67.16,70.8
1/23-12/23,2023,Regional,Tehama,Anthem Blue Cross,Anthem Blue Cross,Adult - SIS,217.15,224.95,233.13
1/23-12/23,2023,Regional,Tehama,Anthem Blue Cross,Anthem Blue Cross,ACA Optional Expansion - SIS,294.5,304.59,315.16
1/23-12/23,2023,Regional,Tehama,Anthem Blue Cross,Anthem Blue Cross,SPD - SIS,759.18,783.67,809.19
1/23-12/23,2023,Regional,Tehama,Anthem Blue Cross,Anthem Blue Cross,SPD/Full-Dual - SIS,212.24,218.29,224.63
1/23-12/23,2023,Regional,Tehama,Anthem Blue Cross,Anthem Blue Cross,LTC - SIS,10610.47,10759.37,10912.62
1/23-12/23,2023,Regional,Tehama,Anthem Blue Cross,Anthem Blue Cross,LTC/Full-Dual - SIS,8558.24,8656.2,8756.54
1/23-12/23,2023,Regional,Tehama,Anthem Blue Cross,Anthem Blue Cross,Maternity - UIS Federal,11596.02,11848.72,12109.71
1/23-12/23,2023,Regional,Tehama,Anthem Blue Cross,Anthem Blue Cross,Maternity - SIS,11596.02,11848.72,12109.71
1/23-12/23,2023,Regional,Tehama,Anthem Blue Cross,Anthem Blue Cross,Child - UIS State-Only,38.9,40.69,42.57
1/23-12/23,2023,Regional,Tehama,Anthem Blue Cross,Anthem Blue Cross,Adult - UIS State-Only,134.3,138.93,143.78
1/23-12/23,2023,Regional,Tehama,Anthem Blue Cross,Anthem Blue Cross,ACA Optional Expansion - UIS State-Only,201.24,207.66,214.37
1/23-12/23,2023,Regional,Tehama,Anthem Blue Cross,Anthem Blue Cross,SPD - UIS State-Only,422.76,435.36,448.49
1/23-12/23,2023,Regional,Tehama,Anthem Blue Cross,Anthem Blue Cross,SPD/Full-Dual - UIS State-Only,217.89,223.22,228.78
1/23-12/23,2023,Regional,Tehama,Anthem Blue Cross,Anthem Blue Cross,LTC - UIS State-Only,8974.3,9084.52,9197.59
1/23-12/23,2023,Regional,Tehama,Anthem Blue Cross,Anthem Blue Cross,LTC/Full-Dual - UIS State-Only,8420.47,8514.46,8610.65
1/23-12/23,2023,Regional,Tehama,California Health and Wellness,California Health and Wellness,Child - UIS Federal,28.76,30.58,32.52
1/23-12/23,2023,Regional,Tehama,California Health and Wellness,California Health and Wellness,Adult - UIS Federal,240.11,248.13,256.51
1/23-12/23,2023,Regional,Tehama,California Health and Wellness,California Health and Wellness,ACA Optional Expansion - UIS Federal,348.87,360.08,371.78
1/23-12/23,2023,Regional,Tehama,California Health and Wellness,California Health and Wellness,SPD - UIS Federal,995.02,1025.22,1056.67
1/23-12/23,2023,Regional,Tehama,California Health and Wellness,California Health and Wellness,SPD/Full-Dual - UIS Federal,159.54,164.99,170.7
1/23-12/23,2023,Regional,Tehama,California Health and Wellness,California Health and Wellness,LTC - UIS Federal,1655.52,1694.37,1734.71
1/23-12/23,2023,Regional,Tehama,California Health and Wellness,California Health and Wellness,LTC/Full-Dual - UIS Federal,139.55,143.71,148.07
1/23-12/23,2023,Regional,Tehama,California Health and Wellness,California Health and Wellness,Child - SIS,69.64,73.3,77.18
1/23-12/23,2023,Regional,Tehama,California Health and Wellness,California Health and Wellness,Adult - SIS,271.1,280.75,290.87
1/23-12/23,2023,Regional,Tehama,California Health and Wellness,California Health and Wellness,ACA Optional Expansion - SIS,356.87,369.04,381.78
1/23-12/23,2023,Regional,Tehama,California Health and Wellness,California Health and Wellness,SPD - SIS,945.55,975.72,1007.18
1/23-12/23,2023,Regional,Tehama,California Health and Wellness,California Health and Wellness,SPD/Full-Dual - SIS,235.55,242.37,249.53
1/23-12/23,2023,Regional,Tehama,California Health and Wellness,California Health and Wellness,LTC - SIS,10609.33,10757.21,10909.38
1/23-12/23,2023,Regional,Tehama,California Health and Wellness,California Health and Wellness,LTC/Full-Dual - SIS,8559.18,8657.08,8757.37
1/23-12/23,2023,Regional,Tehama,California Health and Wellness,California Health and Wellness,Maternity - UIS Federal,11596.02,11848.72,12109.71
1/23-12/23,2023,Regional,Tehama,California Health and Wellness,California Health and Wellness,Maternity - SIS,11596.02,11848.72,12109.71
1/23-12/23,2023,Regional,Tehama,California Health and Wellness,California Health and Wellness,Child - UIS State-Only,34.56,36.21,37.95
1/23-12/23,2023,Regional,Tehama,California Health and Wellness,California Health and Wellness,Adult - UIS State-Only,158.49,163.77,169.29
1/23-12/23,2023,Regional,Tehama,California Health and Wellness,California Health and Wellness,ACA Optional Expansion - UIS State-Only,226.0,233.08,240.48
1/23-12/23,2023,Regional,Tehama,California Health and Wellness,California Health and Wellness,SPD - UIS State-Only,529.77,545.22,561.31
1/23-12/23,2023,Regional,Tehama,California Health and Wellness,California Health and Wellness,SPD/Full-Dual - UIS State-Only,239.71,245.59,251.73
1/23-12/23,2023,Regional,Tehama,California Health and Wellness,California Health and Wellness,LTC - UIS State-Only,8972.13,9081.71,9194.09
1/23-12/23,2023,Regional,Tehama,California Health and Wellness,California Health and Wellness,LTC/Full-Dual - UIS State-Only,8419.63,8513.37,8609.3
1/23-12/23,2023,Regional,Tuolumne,Anthem Blue Cross,Anthem Blue Cross,Child - UIS Federal,20.21,21.6,23.08
1/23-12/23,2023,Regional,Tuolumne,Anthem Blue Cross,Anthem Blue Cross,Adult - UIS Federal,169.05,174.89,181.0
1/23-12/23,2023,Regional,Tuolumne,Anthem Blue Cross,Anthem Blue Cross,ACA Optional Expansion - UIS Federal,238.57,246.48,254.75
1/23-12/23,2023,Regional,Tuolumne,Anthem Blue Cross,Anthem Blue Cross,SPD - UIS Federal,676.66,697.7,719.62
1/23-12/23,2023,Regional,Tuolumne,Anthem Blue Cross,Anthem Blue Cross,SPD/Full-Dual - UIS Federal,127.25,131.67,136.31
1/23-12/23,2023,Regional,Tuolumne,Anthem Blue Cross,Anthem Blue Cross,LTC - UIS Federal,1654.53,1693.76,1734.51
1/23-12/23,2023,Regional,Tuolumne,Anthem Blue Cross,Anthem Blue Cross,LTC/Full-Dual - UIS Federal,137.77,141.74,145.89
1/23-12/23,2023,Regional,Tuolumne,Anthem Blue Cross,Anthem Blue Cross,Child - SIS,63.73,67.16,70.8
1/23-12/23,2023,Regional,Tuolumne,Anthem Blue Cross,Anthem Blue Cross,Adult - SIS,217.15,224.95,233.13
1/23-12/23,2023,Regional,Tuolumne,Anthem Blue Cross,Anthem Blue Cross,ACA Optional Expansion - SIS,294.5,304.59,315.16
1/23-12/23,2023,Regional,Tuolumne,Anthem Blue Cross,Anthem Blue Cross,SPD - SIS,759.18,783.67,809.19
1/23-12/23,2023,Regional,Tuolumne,Anthem Blue Cross,Anthem Blue Cross,SPD/Full-Dual - SIS,212.24,218.29,224.63
1/23-12/23,2023,Regional,Tuolumne,Anthem Blue Cross,Anthem Blue Cross,LTC - SIS,10610.47,10759.37,10912.62
1/23-12/23,2023,Regional,Tuolumne,Anthem Blue Cross,Anthem Blue Cross,LTC/Full-Dual - SIS,8558.24,8656.2,8756.54
1/23-12/23,2023,Regional,Tuolumne,Anthem Blue Cross,Anthem Blue Cross,Maternity - UIS Federal,11596.02,11848.72,12109.71
1/23-12/23,2023,Regional,Tuolumne,Anthem Blue Cross,Anthem Blue Cross,Maternity - SIS,11596.02,11848.72,12109.71
1/23-12/23,2023,Regional,Tuolumne,Anthem Blue Cross,Anthem Blue Cross,Child - UIS State-Only,38.9,40.69,42.57
1/23-12/23,2023,Regional,Tuolumne,Anthem Blue Cross,Anthem Blue Cross,Adult - UIS State-Only,134.3,138.93,143.78
1/23-12/23,2023,Regional,Tuolumne,Anthem Blue Cross,Anthem Blue Cross,ACA Optional Expansion - UIS State-Only,201.24,207.66,214.37
1/23-12/23,2023,Regional,Tuolumne,Anthem Blue Cross,Anthem Blue Cross,SPD - UIS State-Only,422.76,435.36,448.49
1/23-12/23,2023,Regional,Tuolumne,Anthem Blue Cross,Anthem Blue Cross,SPD/Full-Dual - UIS State-Only,217.89,223.22,228.78
1/23-12/23,2023,Regional,Tuolumne,Anthem Blue Cross,Anthem Blue Cross,LTC - UIS State-Only,8974.3,9084.52,9197.59
1/23-12/23,2023,Regional,Tuolumne,Anthem Blue Cross,Anthem Blue Cross,LTC/Full-Dual - UIS State-Only,8420.47,8514.46,8610.65
1/23-12/23,2023,Regional,Tuolumne,California Health and Wellness,California Health and Wellness,Child - UIS Federal,28.76,30.58,32.52
1/23-12/23,2023,Regional,Tuolumne,California Health and Wellness,California Health and Wellness,Adult - UIS Federal,240.11,248.13,256.51
1/23-12/23,2023,Regional,Tuolumne,California Health and Wellness,California Health and Wellness,ACA Optional Expansion - UIS Federal,348.87,360.08,371.78
1/23-12/23,2023,Regional,Tuolumne,California Health and Wellness,California Health and Wellness,SPD - UIS Federal,995.02,1025.22,1056.67
1/23-12/23,2023,Regional,Tuolumne,California Health and Wellness,California Health and Wellness,SPD/Full-Dual - UIS Federal,159.54,164.99,170.7
1/23-12/23,2023,Regional,Tuolumne,California Health and Wellness,California Health and Wellness,LTC - UIS Federal,1655.52,1694.37,1734.71
1/23-12/23,2023,Regional,Tuolumne,California Health and Wellness,California Health and Wellness,LTC/Full-Dual - UIS Federal,139.55,143.71,148.07
1/23-12/23,2023,Regional,Tuolumne,California Health and Wellness,California Health and Wellness,Child - SIS,69.64,73.3,77.18
1/23-12/23,2023,Regional,Tuolumne,California Health and Wellness,California Health and Wellness,Adult - SIS,271.1,280.75,290.87
1/23-12/23,2023,Regional,Tuolumne,California Health and Wellness,California Health and Wellness,ACA Optional Expansion - SIS,356.87,369.04,381.78
1/23-12/23,2023,Regional,Tuolumne,California Health and Wellness,California Health and Wellness,SPD - SIS,945.55,975.72,1007.18
1/23-12/23,2023,Regional,Tuolumne,California Health and Wellness,California Health and Wellness,SPD/Full-Dual - SIS,235.55,242.37,249.53
1/23-12/23,2023,Regional,Tuolumne,California Health and Wellness,California Health and Wellness,LTC - SIS,10609.33,10757.21,10909.38
1/23-12/23,2023,Regional,Tuolumne,California Health and Wellness,California Health and Wellness,LTC/Full-Dual - SIS,8559.18,8657.08,8757.37
1/23-12/23,2023,Regional,Tuolumne,California Health and Wellness,California Health and Wellness,Maternity - UIS Federal,11596.02,11848.72,12109.71
1/23-12/23,2023,Regional,Tuolumne,California Health and Wellness,California Health and Wellness,Maternity - SIS,11596.02,11848.72,12109.71
1/23-12/23,2023,Regional,Tuolumne,California Health and Wellness,California Health and Wellness,Child - UIS State-Only,34.56,36.21,37.95
1/23-12/23,2023,Regional,Tuolumne,California Health and Wellness,California Health and Wellness,Adult - UIS State-Only,158.49,163.77,169.29
1/23-12/23,2023,Regional,Tuolumne,California Health and Wellness,California Health and Wellness,ACA Optional Expansion - UIS State-Only,226.0,233.08,240.48
1/23-12/23,2023,Regional,Tuolumne,California Health and Wellness,California Health and Wellness,SPD - UIS State-Only,529.77,545.22,561.31
1/23-12/23,2023,Regional,Tuolumne,California Health and Wellness,California Health and Wellness,SPD/Full-Dual - UIS State-Only,239.71,245.59,251.73
1/23-12/23,2023,Regional,Tuolumne,California Health and Wellness,California Health and Wellness,LTC - UIS State-Only,8972.13,9081.71,9194.09
1/23-12/23,2023,Regional,Tuolumne,California Health and Wellness,California Health and Wellness,LTC/Full-Dual - UIS State-Only,8419.63,8513.37,8609.3
1/23-12/23,2023,Regional,Yuba,Anthem Blue Cross,Anthem Blue Cross,Child - UIS Federal,20.21,21.6,23.08
1/23-12/23,2023,Regional,Yuba,Anthem Blue Cross,Anthem Blue Cross,Adult - UIS Federal,169.05,174.89,181.0
1/23-12/23,2023,Regional,Yuba,Anthem Blue Cross,Anthem Blue Cross,ACA Optional Expansion - UIS Federal,238.57,246.48,254.75
1/23-12/23,2023,Regional,Yuba,Anthem Blue Cross,Anthem Blue Cross,SPD - UIS Federal,676.66,697.7,719.62
1/23-12/23,2023,Regional,Yuba,Anthem Blue Cross,Anthem Blue Cross,SPD/Full-Dual - UIS Federal,127.25,131.67,136.31
1/23-12/23,2023,Regional,Yuba,Anthem Blue Cross,Anthem Blue Cross,LTC - UIS Federal,1654.53,1693.76,1734.51
1/23-12/23,2023,Regional,Yuba,Anthem Blue Cross,Anthem Blue Cross,LTC/Full-Dual - UIS Federal,137.77,141.74,145.89
1/23-12/23,2023,Regional,Yuba,Anthem Blue Cross,Anthem Blue Cross,Child - SIS,63.73,67.16,70.8
1/23-12/23,2023,Regional,Yuba,Anthem Blue Cross,Anthem Blue Cross,Adult - SIS,217.15,224.95,233.13
1/23-12/23,2023,Regional,Yuba,Anthem Blue Cross,Anthem Blue Cross,ACA Optional Expansion - SIS,294.5,304.59,315.16
1/23-12/23,2023,Regional,Yuba,Anthem Blue Cross,Anthem Blue Cross,SPD - SIS,759.18,783.67,809.19
1/23-12/23,2023,Regional,Yuba,Anthem Blue Cross,Anthem Blue Cross,SPD/Full-Dual - SIS,212.24,218.29,224.63
1/23-12/23,2023,Regional,Yuba,Anthem Blue Cross,Anthem Blue Cross,LTC - SIS,10610.47,10759.37,10912.62
1/23-12/23,2023,Regional,Yuba,Anthem Blue Cross,Anthem Blue Cross,LTC/Full-Dual - SIS,8558.24,8656.2,8756.54
1/23-12/23,2023,Regional,Yuba,Anthem Blue Cross,Anthem Blue Cross,Maternity - UIS Federal,11596.02,11848.72,12109.71
1/23-12/23,2023,Regional,Yuba,Anthem Blue Cross,Anthem Blue Cross,Maternity - SIS,11596.02,11848.72,12109.71
1/23-12/23,2023,Regional,Yuba,Anthem Blue Cross,Anthem Blue Cross,Child - UIS State-Only,38.9,40.69,42.57
1/23-12/23,2023,Regional,Yuba,Anthem Blue Cross,Anthem Blue Cross,Adult - UIS State-Only,134.3,138.93,143.78
1/23-12/23,2023,Regional,Yuba,Anthem Blue Cross,Anthem Blue Cross,ACA Optional Expansion - UIS State-Only,201.24,207.66,214.37
1/23-12/23,2023,Regional,Yuba,Anthem Blue Cross,Anthem Blue Cross,SPD - UIS State-Only,422.76,435.36,448.49
1/23-12/23,2023,Regional,Yuba,Anthem Blue Cross,Anthem Blue Cross,SPD/Full-Dual - UIS State-Only,217.89,223.22,228.78
1/23-12/23,2023,Regional,Yuba,Anthem Blue Cross,Anthem Blue Cross,LTC - UIS State-Only,8974.3,9084.52,9197.59
1/23-12/23,2023,Regional,Yuba,Anthem Blue Cross,Anthem Blue Cross,LTC/Full-Dual - UIS State-Only,8420.47,8514.46,8610.65
1/23-12/23,2023,Regional,Yuba,California Health and Wellness,California Health and Wellness,Child - UIS Federal,28.76,30.58,32.52
1/23-12/23,2023,Regional,Yuba,California Health and Wellness,California Health and Wellness,Adult - UIS Federal,240.11,248.13,256.51
1/23-12/23,2023,Regional,Yuba,California Health and Wellness,California Health and Wellness,ACA Optional Expansion - UIS Federal,348.87,360.08,371.78
1/23-12/23,2023,Regional,Yuba,California Health and Wellness,California Health and Wellness,SPD - UIS Federal,995.02,1025.22,1056.67
1/23-12/23,2023,Regional,Yuba,California Health and Wellness,California Health and Wellness,SPD/Full-Dual - UIS Federal,159.54,164.99,170.7
1/23-12/23,2023,Regional,Yuba,California Health and Wellness,California Health and Wellness,LTC - UIS Federal,1655.52,1694.37,1734.71
1/23-12/23,2023,Regional,Yuba,California Health and Wellness,California Health and Wellness,LTC/Full-Dual - UIS Federal,139.55,143.71,148.07
1/23-12/23,2023,Regional,Yuba,California Health and Wellness,California Health and Wellness,Child - SIS,69.64,73.3,77.18
1/23-12/23,2023,Regional,Yuba,California Health and Wellness,California Health and Wellness,Adult - SIS,271.1,280.75,290.87
1/23-12/23,2023,Regional,Yuba,California Health and Wellness,California Health and Wellness,ACA Optional Expansion - SIS,356.87,369.04,381.78
1/23-12/23,2023,Regional,Yuba,California Health and Wellness,California Health and Wellness,SPD - SIS,945.55,975.72,1007.18
1/23-12/23,2023,Regional,Yuba,California Health and Wellness,California Health and Wellness,SPD/Full-Dual - SIS,235.55,242.37,249.53
1/23-12/23,2023,Regional,Yuba,California Health and Wellness,California Health and Wellness,LTC - SIS,10609.33,10757.21,10909.38
1/23-12/23,2023,Regional,Yuba,California Health and Wellness,California Health and Wellness,LTC/Full-Dual - SIS,8559.18,8657.08,8757.37
1/23-12/23,2023,Regional,Yuba,California Health and Wellness,California Health and Wellness,Maternity - UIS Federal,11596.02,11848.72,12109.71
1/23-12/23,2023,Regional,Yuba,California Health and Wellness,California Health and Wellness,Maternity - SIS,11596.02,11848.72,12109.71
1/23-12/23,2023,Regional,Yuba,California Health and Wellness,California Health and Wellness,Child - UIS State-Only,34.56,36.21,37.95
1/23-12/23,2023,Regional,Yuba,California Health and Wellness,California Health and Wellness,Adult - UIS State-Only,158.49,163.77,169.29
1/23-12/23,2023,Regional,Yuba,California Health and Wellness,California Health and Wellness,ACA Optional Expansion - UIS State-Only,226.0,233.08,240.48
1/23-12/23,2023,Regional,Yuba,California Health and Wellness,California Health and Wellness,SPD - UIS State-Only,529.77,545.22,561.31
1/23-12/23,2023,Regional,Yuba,California Health and Wellness,California Health and Wellness,SPD/Full-Dual - UIS State-Only,239.71,245.59,251.73
1/23-12/23,2023,Regional,Yuba,California Health and Wellness,California Health and Wellness,LTC - UIS State-Only,8972.13,9081.71,9194.09
1/23-12/23,2023,Regional,Yuba,California Health and Wellness,California Health and Wellness,LTC/Full-Dual - UIS State-Only,8419.63,8513.37,8609.3
1/24-12/24,2024,Regional,Amador,Anthem Blue Cross,Anthem Blue Cross,Child - SIS,90.07,,99.32
1/24-12/24,2024,Regional,Amador,Anthem Blue Cross,Anthem Blue Cross,Adult - SIS,300.13,,322.36
1/24-12/24,2024,Regional,Amador,Anthem Blue Cross,Anthem Blue Cross,ACA Optional Expansion - SIS,356.13,,381.7
1/24-12/24,2024,Regional,Amador,Anthem Blue Cross,Anthem Blue Cross,SPD - SIS,1097.28,,1164.96
1/24-12/24,2024,Regional,Amador,Anthem Blue Cross,Anthem Blue Cross,SPD/Full-Dual - SIS,249.76,,265.22
1/24-12/24,2024,Regional,Amador,Anthem Blue Cross,Anthem Blue Cross,LTC - SIS,9674.67,,10041.4
1/24-12/24,2024,Regional,Amador,Anthem Blue Cross,Anthem Blue Cross,LTC/Full-Dual - SIS,8994.4,,9312.16
1/24-12/24,2024,Regional,Amador,Anthem Blue Cross,Anthem Blue Cross,Maternity - SIS,12552.78,,13107.41
1/24-12/24,2024,Regional,Amador,Anthem Blue Cross,Anthem Blue Cross,Child - UIS Federally Eligible,27.21,,30.83
1/24-12/24,2024,Regional,Amador,Anthem Blue Cross,Anthem Blue Cross,Adult - UIS Federally Eligible,207.89,,222.68
1/24-12/24,2024,Regional,Amador,Anthem Blue Cross,Anthem Blue Cross,ACA Optional Expansion - UIS Federally Eligible,239.85,,256.62
1/24-12/24,2024,Regional,Amador,Anthem Blue Cross,Anthem Blue Cross,SPD - UIS Federally Eligible,489.19,,521.35
1/24-12/24,2024,Regional,Amador,Anthem Blue Cross,Anthem Blue Cross,SPD/Full-Dual - UIS Federally Eligible,80.27,,86.85
1/24-12/24,2024,Regional,Amador,Anthem Blue Cross,Anthem Blue Cross,LTC - UIS Federally Eligible,563.92,,600.69
1/24-12/24,2024,Regional,Amador,Anthem Blue Cross,Anthem Blue Cross,LTC/Full-Dual - UIS Federally Eligible,22.36,,25.58
1/24-12/24,2024,Regional,Amador,Anthem Blue Cross,Anthem Blue Cross,Maternity - UIS Federally Eligible,12552.78,,13107.41
1/24-12/24,2024,Regional,Amador,Anthem Blue Cross,Anthem Blue Cross,Child - UIS State-Only,48.16,,52.85
1/24-12/24,2024,Regional,Amador,Anthem Blue Cross,Anthem Blue Cross,Adult - UIS State-Only,155.59,,166.89
1/24-12/24,2024,Regional,Amador,Anthem Blue Cross,Anthem Blue Cross,ACA Optional Expansion - UIS State-Only,185.04,,198.08
1/24-12/24,2024,Regional,Amador,Anthem Blue Cross,Anthem Blue Cross,SPD - UIS State-Only,342.45,,364.98
1/24-12/24,2024,Regional,Amador,Anthem Blue Cross,Anthem Blue Cross,SPD/Full-Dual - UIS State-Only,95.31,,102.72
1/24-12/24,2024,Regional,Amador,Anthem Blue Cross,Anthem Blue Cross,LTC - UIS State-Only,9061.82,,9388.76
1/24-12/24,2024,Regional,Amador,Anthem Blue Cross,Anthem Blue Cross,LTC/Full-Dual - UIS State-Only,8917.8,,9230.16
1/24-12/24,2024,Regional,Calaveras,Anthem Blue Cross,Anthem Blue Cross,Child - SIS,90.07,,99.32
1/24-12/24,2024,Regional,Calaveras,Anthem Blue Cross,Anthem Blue Cross,Adult - SIS,300.13,,322.36
1/24-12/24,2024,Regional,Calaveras,Anthem Blue Cross,Anthem Blue Cross,ACA Optional Expansion - SIS,356.13,,381.7
1/24-12/24,2024,Regional,Calaveras,Anthem Blue Cross,Anthem Blue Cross,SPD - SIS,1097.28,,1164.96
1/24-12/24,2024,Regional,Calaveras,Anthem Blue Cross,Anthem Blue Cross,SPD/Full-Dual - SIS,249.76,,265.22
1/24-12/24,2024,Regional,Calaveras,Anthem Blue Cross,Anthem Blue Cross,LTC - SIS,9674.67,,10041.4
1/24-12/24,2024,Regional,Calaveras,Anthem Blue Cross,Anthem Blue Cross,LTC/Full-Dual - SIS,8994.4,,9312.16
1/24-12/24,2024,Regional,Calaveras,Anthem Blue Cross,Anthem Blue Cross,Maternity - SIS,12552.78,,13107.41
1/24-12/24,2024,Regional,Calaveras,Anthem Blue Cross,Anthem Blue Cross,Child - UIS Federally Eligible,27.21,,30.83
1/24-12/24,2024,Regional,Calaveras,Anthem Blue Cross,Anthem Blue Cross,Adult - UIS Federally Eligible,207.89,,222.68
1/24-12/24,2024,Regional,Calaveras,Anthem Blue Cross,Anthem Blue Cross,ACA Optional Expansion - UIS Federally Eligible,239.85,,256.62
1/24-12/24,2024,Regional,Calaveras,Anthem Blue Cross,Anthem Blue Cross,SPD - UIS Federally Eligible,489.19,,521.35
1/24-12/24,2024,Regional,Calaveras,Anthem Blue Cross,Anthem Blue Cross,SPD/Full-Dual - UIS Federally Eligible,80.27,,86.85
1/24-12/24,2024,Regional,Calaveras,Anthem Blue Cross,Anthem Blue Cross,LTC - UIS Federally Eligible,563.92,,600.69
1/24-12/24,2024,Regional,Calaveras,Anthem Blue Cross,Anthem Blue Cross,LTC/Full-Dual - UIS Federally Eligible,22.36,,25.58
1/24-12/24,2024,Regional,Calaveras,Anthem Blue Cross,Anthem Blue Cross,Maternity - UIS Federally Eligible,12552.78,,13107.41
1/24-12/24,2024,Regional,Calaveras,Anthem Blue Cross,Anthem Blue Cross,Child - UIS State-Only,48.16,,52.85
1/24-12/24,2024,Regional,Calaveras,Anthem Blue Cross,Anthem Blue Cross,Adult - UIS State-Only,155.59,,166.89
1/24-12/24,2024,Regional,Calaveras,Anthem Blue Cross,Anthem Blue Cross,ACA Optional Expansion - UIS State-Only,185.04,,198.08
1/24-12/24,2024,Regional,Calaveras,Anthem Blue Cross,Anthem Blue Cross,SPD - UIS State-Only,342.45,,364.98
1/24-12/24,2024,Regional,Calaveras,Anthem Blue Cross,Anthem Blue Cross,SPD/Full-Dual - UIS State-Only,95.31,,102.72
1/24-12/24,2024,Regional,Calaveras,Anthem Blue Cross,Anthem Blue Cross,LTC - UIS State-Only,9061.82,,9388.76
1/24-12/24,2024,Regional,Calaveras,Anthem Blue Cross,Anthem Blue Cross,LTC/Full-Dual - UIS State-Only,8917.8,,9230.16
1/24-12/24,2024,Regional,Inyo,Anthem Blue Cross,Anthem Blue Cross,Child - SIS,90.07,,99.32
1/24-12/24,2024,Regional,Inyo,Anthem Blue Cross,Anthem Blue Cross,Adult - SIS,300.13,,322.36
1/24-12/24,2024,Regional,Inyo,Anthem Blue Cross,Anthem Blue Cross,ACA Optional Expansion - SIS,356.13,,381.7
1/24-12/24,2024,Regional,Inyo,Anthem Blue Cross,Anthem Blue Cross,SPD - SIS,1097.28,,1164.96
1/24-12/24,2024,Regional,Inyo,Anthem Blue Cross,Anthem Blue Cross,SPD/Full-Dual - SIS,249.76,,265.22
1/24-12/24,2024,Regional,Inyo,Anthem Blue Cross,Anthem Blue Cross,LTC - SIS,9674.67,,10041.4
1/24-12/24,2024,Regional,Inyo,Anthem Blue Cross,Anthem Blue Cross,LTC/Full-Dual - SIS,8994.4,,9312.16
1/24-12/24,2024,Regional,Inyo,Anthem Blue Cross,Anthem Blue Cross,Maternity - SIS,12552.78,,13107.41
1/24-12/24,2024,Regional,Inyo,Anthem Blue Cross,Anthem Blue Cross,Child - UIS Federally Eligible,27.21,,30.83
1/24-12/24,2024,Regional,Inyo,Anthem Blue Cross,Anthem Blue Cross,Adult - UIS Federally Eligible,207.89,,222.68
1/24-12/24,2024,Regional,Inyo,Anthem Blue Cross,Anthem Blue Cross,ACA Optional Expansion - UIS Federally Eligible,239.85,,256.62
1/24-12/24,2024,Regional,Inyo,Anthem Blue Cross,Anthem Blue Cross,SPD - UIS Federally Eligible,489.19,,521.35
1/24-12/24,2024,Regional,Inyo,Anthem Blue Cross,Anthem Blue Cross,SPD/Full-Dual - UIS Federally Eligible,80.27,,86.85
1/24-12/24,2024,Regional,Inyo,Anthem Blue Cross,Anthem Blue Cross,LTC - UIS Federally Eligible,563.92,,600.69
1/24-12/24,2024,Regional,Inyo,Anthem Blue Cross,Anthem Blue Cross,LTC/Full-Dual - UIS Federally Eligible,22.36,,25.58
1/24-12/24,2024,Regional,Inyo,Anthem Blue Cross,Anthem Blue Cross,Maternity - UIS Federally Eligible,12552.78,,13107.41
1/24-12/24,2024,Regional,Inyo,Anthem Blue Cross,Anthem Blue Cross,Child - UIS State-Only,48.16,,52.85
1/24-12/24,2024,Regional,Inyo,Anthem Blue Cross,Anthem Blue Cross,Adult - UIS State-Only,155.59,,166.89
1/24-12/24,2024,Regional,Inyo,Anthem Blue Cross,Anthem Blue Cross,ACA Optional Expansion - UIS State-Only,185.04,,198.08
1/24-12/24,2024,Regional,Inyo,Anthem Blue Cross,Anthem Blue Cross,SPD - UIS State-Only,342.45,,364.98
1/24-12/24,2024,Regional,Inyo,Anthem Blue Cross,Anthem Blue Cross,SPD/Full-Dual - UIS State-Only,95.31,,102.72
1/24-12/24,2024,Regional,Inyo,Anthem Blue Cross,Anthem Blue Cross,LTC - UIS State-Only,9061.82,,9388.76
1/24-12/24,2024,Regional,Inyo,Anthem Blue Cross,Anthem Blue Cross,LTC/Full-Dual - UIS State-Only,8917.8,,9230.16
1/24-12/24,2024,Regional,Mono,Anthem Blue Cross,Anthem Blue Cross,Child - SIS,90.07,,99.32
1/24-12/24,2024,Regional,Mono,Anthem Blue Cross,Anthem Blue Cross,Adult - SIS,300.13,,322.36
1/24-12/24,2024,Regional,Mono,Anthem Blue Cross,Anthem Blue Cross,ACA Optional Expansion - SIS,356.13,,381.7
1/24-12/24,2024,Regional,Mono,Anthem Blue Cross,Anthem Blue Cross,SPD - SIS,1097.28,,1164.96
1/24-12/24,2024,Regional,Mono,Anthem Blue Cross,Anthem Blue Cross,SPD/Full-Dual - SIS,249.76,,265.22
1/24-12/24,2024,Regional,Mono,Anthem Blue Cross,Anthem Blue Cross,LTC - SIS,9674.67,,10041.4
1/24-12/24,2024,Regional,Mono,Anthem Blue Cross,Anthem Blue Cross,LTC/Full-Dual - SIS,8994.4,,9312.16
1/24-12/24,2024,Regional,Mono,Anthem Blue Cross,Anthem Blue Cross,Maternity - SIS,12552.78,,13107.41
1/24-12/24,2024,Regional,Mono,Anthem Blue Cross,Anthem Blue Cross,Child - UIS Federally Eligible,27.21,,30.83
1/24-12/24,2024,Regional,Mono,Anthem Blue Cross,Anthem Blue Cross,Adult - UIS Federally Eligible,207.89,,222.68
1/24-12/24,2024,Regional,Mono,Anthem Blue Cross,Anthem Blue Cross,ACA Optional Expansion - UIS Federally Eligible,239.85,,256.62
1/24-12/24,2024,Regional,Mono,Anthem Blue Cross,Anthem Blue Cross,SPD - UIS Federally Eligible,489.19,,521.35
1/24-12/24,2024,Regional,Mono,Anthem Blue Cross,Anthem Blue Cross,SPD/Full-Dual - UIS Federally Eligible,80.27,,86.85
1/24-12/24,2024,Regional,Mono,Anthem Blue Cross,Anthem Blue Cross,LTC - UIS Federally Eligible,563.92,,600.69
1/24-12/24,2024,Regional,Mono,Anthem Blue Cross,Anthem Blue Cross,LTC/Full-Dual - UIS Federally Eligible,22.36,,25.58
1/24-12/24,2024,Regional,Mono,Anthem Blue Cross,Anthem Blue Cross,Maternity - UIS Federally Eligible,12552.78,,13107.41
1/24-12/24,2024,Regional,Mono,Anthem Blue Cross,Anthem Blue Cross,Child - UIS State-Only,48.16,,52.85
1/24-12/24,2024,Regional,Mono,Anthem Blue Cross,Anthem Blue Cross,Adult - UIS State-Only,155.59,,166.89
1/24-12/24,2024,Regional,Mono,Anthem Blue Cross,Anthem Blue Cross,ACA Optional Expansion - UIS State-Only,185.04,,198.08
1/24-12/24,2024,Regional,Mono,Anthem Blue Cross,Anthem Blue Cross,SPD - UIS State-Only,342.45,,364.98
1/24-12/24,2024,Regional,Mono,Anthem Blue Cross,Anthem Blue Cross,SPD/Full-Dual - UIS State-Only,95.31,,102.72
1/24-12/24,2024,Regional,Mono,Anthem Blue Cross,Anthem Blue Cross,LTC - UIS State-Only,9061.82,,9388.76
1/24-12/24,2024,Regional,Mono,Anthem Blue Cross,Anthem Blue Cross,LTC/Full-Dual - UIS State-Only,8917.8,,9230.16
1/24-12/24,2024,Regional,Tuolumne,Anthem Blue Cross,Anthem Blue Cross,Child - SIS,90.07,,99.32
1/24-12/24,2024,Regional,Tuolumne,Anthem Blue Cross,Anthem Blue Cross,Adult - SIS,300.13,,322.36
1/24-12/24,2024,Regional,Tuolumne,Anthem Blue Cross,Anthem Blue Cross,ACA Optional Expansion - SIS,356.13,,381.7
1/24-12/24,2024,Regional,Tuolumne,Anthem Blue Cross,Anthem Blue Cross,SPD - SIS,1097.28,,1164.96
1/24-12/24,2024,Regional,Tuolumne,Anthem Blue Cross,Anthem Blue Cross,SPD/Full-Dual - SIS,249.76,,265.22
1/24-12/24,2024,Regional,Tuolumne,Anthem Blue Cross,Anthem Blue Cross,LTC - SIS,9674.67,,10041.4
1/24-12/24,2024,Regional,Tuolumne,Anthem Blue Cross,Anthem Blue Cross,LTC/Full-Dual - SIS,8994.4,,9312.16
1/24-12/24,2024,Regional,Tuolumne,Anthem Blue Cross,Anthem Blue Cross,Maternity - SIS,12552.78,,13107.41
1/24-12/24,2024,Regional,Tuolumne,Anthem Blue Cross,Anthem Blue Cross,Child - UIS Federally Eligible,27.21,,30.83
1/24-12/24,2024,Regional,Tuolumne,Anthem Blue Cross,Anthem Blue Cross,Adult - UIS Federally Eligible,207.89,,222.68
1/24-12/24,2024,Regional,Tuolumne,Anthem Blue Cross,Anthem Blue Cross,ACA Optional Expansion - UIS Federally Eligible,239.85,,256.62
1/24-12/24,2024,Regional,Tuolumne,Anthem Blue Cross,Anthem Blue Cross,SPD - UIS Federally Eligible,489.19,,521.35
1/24-12/24,2024,Regional,Tuolumne,Anthem Blue Cross,Anthem Blue Cross,SPD/Full-Dual - UIS Federally Eligible,80.27,,86.85
1/24-12/24,2024,Regional,Tuolumne,Anthem Blue Cross,Anthem Blue Cross,LTC - UIS Federally Eligible,563.92,,600.69
1/24-12/24,2024,Regional,Tuolumne,Anthem Blue Cross,Anthem Blue Cross,LTC/Full-Dual - UIS Federally Eligible,22.36,,25.58
1/24-12/24,2024,Regional,Tuolumne,Anthem Blue Cross,Anthem Blue Cross,Maternity - UIS Federally Eligible,12552.78,,13107.41
1/24-12/24,2024,Regional,Tuolumne,Anthem Blue Cross,Anthem Blue Cross,Child - UIS State-Only,48.16,,52.85
1/24-12/24,2024,Regional,Tuolumne,Anthem Blue Cross,Anthem Blue Cross,Adult - UIS State-Only,155.59,,166.89
1/24-12/24,2024,Regional,Tuolumne,Anthem Blue Cross,Anthem Blue Cross,ACA Optional Expansion - UIS State-Only,185.04,,198.08
1/24-12/24,2024,Regional,Tuolumne,Anthem Blue Cross,Anthem Blue Cross,SPD - UIS State-Only,342.45,,364.98
1/24-12/24,2024,Regional,Tuolumne,Anthem Blue Cross,Anthem Blue Cross,SPD/Full-Dual - UIS State-Only,95.31,,102.72
1/24-12/24,2024,Regional,Tuolumne,Anthem Blue Cross,Anthem Blue Cross,LTC - UIS State-Only,9061.82,,9388.76
1/24-12/24,2024,Regional,Tuolumne,Anthem Blue Cross,Anthem Blue Cross,LTC/Full-Dual - UIS State-Only,8917.8,,9230.16
1/24-12/24,2024,Regional,Amador,Health Net of California,Health Net,Child - SIS,86.06,,94.89
1/24-12/24,2024,Regional,Amador,Health Net of California,Health Net,Adult - SIS,288.95,,310.35
1/24-12/24,2024,Regional,Amador,Health Net of California,Health Net,ACA Optional Expansion - SIS,352.83,,378.16
1/24-12/24,2024,Regional,Amador,Health Net of California,Health Net,SPD - SIS,1076.15,,1142.46
1/24-12/24,2024,Regional,Amador,Health Net of California,Health Net,SPD/Full-Dual - SIS,242.7,,257.92
1/24-12/24,2024,Regional,Amador,Health Net of California,Health Net,LTC - SIS,9674.67,,10041.4
1/24-12/24,2024,Regional,Amador,Health Net of California,Health Net,LTC/Full-Dual - SIS,8994.4,,9312.16
1/24-12/24,2024,Regional,Amador,Health Net of California,Health Net,Maternity - SIS,12552.78,,13107.41
1/24-12/24,2024,Regional,Amador,Health Net of California,Health Net,Child - UIS Federally Eligible,27.21,,30.83
1/24-12/24,2024,Regional,Amador,Health Net of California,Health Net,Adult - UIS Federally Eligible,207.89,,222.68
1/24-12/24,2024,Regional,Amador,Health Net of California,Health Net,ACA Optional Expansion - UIS Federally Eligible,239.85,,256.62
1/24-12/24,2024,Regional,Amador,Health Net of California,Health Net,SPD - UIS Federally Eligible,489.19,,521.35
1/24-12/24,2024,Regional,Amador,Health Net of California,Health Net,SPD/Full-Dual - UIS Federally Eligible,80.27,,86.85
1/24-12/24,2024,Regional,Amador,Health Net of California,Health Net,LTC - UIS Federally Eligible,563.92,,600.69
1/24-12/24,2024,Regional,Amador,Health Net of California,Health Net,LTC/Full-Dual - UIS Federally Eligible,22.36,,25.58
1/24-12/24,2024,Regional,Amador,Health Net of California,Health Net,Maternity - UIS Federally Eligible,12552.78,,13107.41
1/24-12/24,2024,Regional,Amador,Health Net of California,Health Net,Child - UIS State-Only,48.16,,52.85
1/24-12/24,2024,Regional,Amador,Health Net of California,Health Net,Adult - UIS State-Only,155.59,,166.89
1/24-12/24,2024,Regional,Amador,Health Net of California,Health Net,ACA Optional Expansion - UIS State-Only,185.04,,198.08
1/24-12/24,2024,Regional,Amador,Health Net of California,Health Net,SPD - UIS State-Only,342.45,,364.98
1/24-12/24,2024,Regional,Amador,Health Net of California,Health Net,SPD/Full-Dual - UIS State-Only,95.31,,102.72
1/24-12/24,2024,Regional,Amador,Health Net of California,Health Net,LTC - UIS State-Only,9061.82,,9388.76
1/24-12/24,2024,Regional,Amador,Health Net of California,Health Net,LTC/Full-Dual - UIS State-Only,8917.8,,9230.16
1/24-12/24,2024,Regional,Calaveras,Health Net of California,Health Net,Child - SIS,86.06,,94.89
1/24-12/24,2024,Regional,Calaveras,Health Net of California,Health Net,Adult - SIS,288.95,,310.35
1/24-12/24,2024,Regional,Calaveras,Health Net of California,Health Net,ACA Optional Expansion - SIS,352.83,,378.16
1/24-12/24,2024,Regional,Calaveras,Health Net of California,Health Net,SPD - SIS,1076.15,,1142.46
1/24-12/24,2024,Regional,Calaveras,Health Net of California,Health Net,SPD/Full-Dual - SIS,242.7,,257.92
1/24-12/24,2024,Regional,Calaveras,Health Net of California,Health Net,LTC - SIS,9674.67,,10041.4
1/24-12/24,2024,Regional,Calaveras,Health Net of California,Health Net,LTC/Full-Dual - SIS,8994.4,,9312.16
1/24-12/24,2024,Regional,Calaveras,Health Net of California,Health Net,Maternity - SIS,12552.78,,13107.41
1/24-12/24,2024,Regional,Calaveras,Health Net of California,Health Net,Child - UIS Federally Eligible,27.21,,30.83
1/24-12/24,2024,Regional,Calaveras,Health Net of California,Health Net,Adult - UIS Federally Eligible,207.89,,222.68
1/24-12/24,2024,Regional,Calaveras,Health Net of California,Health Net,ACA Optional Expansion - UIS Federally Eligible,239.85,,256.62
1/24-12/24,2024,Regional,Calaveras,Health Net of California,Health Net,SPD - UIS Federally Eligible,489.19,,521.35
1/24-12/24,2024,Regional,Calaveras,Health Net of California,Health Net,SPD/Full-Dual - UIS Federally Eligible,80.27,,86.85
1/24-12/24,2024,Regional,Calaveras,Health Net of California,Health Net,LTC - UIS Federally Eligible,563.92,,600.69
1/24-12/24,2024,Regional,Calaveras,Health Net of California,Health Net,LTC/Full-Dual - UIS Federally Eligible,22.36,,25.58
1/24-12/24,2024,Regional,Calaveras,Health Net of California,Health Net,Maternity - UIS Federally Eligible,12552.78,,13107.41
1/24-12/24,2024,Regional,Calaveras,Health Net of California,Health Net,Child - UIS State-Only,48.16,,52.85
1/24-12/24,2024,Regional,Calaveras,Health Net of California,Health Net,Adult - UIS State-Only,155.59,,166.89
1/24-12/24,2024,Regional,Calaveras,Health Net of California,Health Net,ACA Optional Expansion - UIS State-Only,185.04,,198.08
1/24-12/24,2024,Regional,Calaveras,Health Net of California,Health Net,SPD - UIS State-Only,342.45,,364.98
1/24-12/24,2024,Regional,Calaveras,Health Net of California,Health Net,SPD/Full-Dual - UIS State-Only,95.31,,102.72
1/24-12/24,2024,Regional,Calaveras,Health Net of California,Health Net,LTC - UIS State-Only,9061.82,,9388.76
1/24-12/24,2024,Regional,Calaveras,Health Net of California,Health Net,LTC/Full-Dual - UIS State-Only,8917.8,,9230.16
1/24-12/24,2024,Regional,Inyo,Health Net of California,Health Net,Child - SIS,86.06,,94.89
1/24-12/24,2024,Regional,Inyo,Health Net of California,Health Net,Adult - SIS,288.95,,310.35
1/24-12/24,2024,Regional,Inyo,Health Net of California,Health Net,ACA Optional Expansion - SIS,352.83,,378.16
1/24-12/24,2024,Regional,Inyo,Health Net of California,Health Net,SPD - SIS,1076.15,,1142.46
1/24-12/24,2024,Regional,Inyo,Health Net of California,Health Net,SPD/Full-Dual - SIS,242.7,,257.92
1/24-12/24,2024,Regional,Inyo,Health Net of California,Health Net,LTC - SIS,9674.67,,10041.4
1/24-12/24,2024,Regional,Inyo,Health Net of California,Health Net,LTC/Full-Dual - SIS,8994.4,,9312.16
1/24-12/24,2024,Regional,Inyo,Health Net of California,Health Net,Maternity - SIS,12552.78,,13107.41
1/24-12/24,2024,Regional,Inyo,Health Net of California,Health Net,Child - UIS Federally Eligible,27.21,,30.83
1/24-12/24,2024,Regional,Inyo,Health Net of California,Health Net,Adult - UIS Federally Eligible,207.89,,222.68
1/24-12/24,2024,Regional,Inyo,Health Net of California,Health Net,ACA Optional Expansion - UIS Federally Eligible,239.85,,256.62
1/24-12/24,2024,Regional,Inyo,Health Net of California,Health Net,SPD - UIS Federally Eligible,489.19,,521.35
1/24-12/24,2024,Regional,Inyo,Health Net of California,Health Net,SPD/Full-Dual - UIS Federally Eligible,80.27,,86.85
1/24-12/24,2024,Regional,Inyo,Health Net of California,Health Net,LTC - UIS Federally Eligible,563.92,,600.69
1/24-12/24,2024,Regional,Inyo,Health Net of California,Health Net,LTC/Full-Dual - UIS Federally Eligible,22.36,,25.58
1/24-12/24,2024,Regional,Inyo,Health Net of California,Health Net,Maternity - UIS Federally Eligible,12552.78,,13107.41
1/24-12/24,2024,Regional,Inyo,Health Net of California,Health Net,Child - UIS State-Only,48.16,,52.85
1/24-12/24,2024,Regional,Inyo,Health Net of California,Health Net,Adult - UIS State-Only,155.59,,166.89
1/24-12/24,2024,Regional,Inyo,Health Net of California,Health Net,ACA Optional Expansion - UIS State-Only,185.04,,198.08
1/24-12/24,2024,Regional,Inyo,Health Net of California,Health Net,SPD - UIS State-Only,342.45,,364.98
1/24-12/24,2024,Regional,Inyo,Health Net of California,Health Net,SPD/Full-Dual - UIS State-Only,95.31,,102.72
1/24-12/24,2024,Regional,Inyo,Health Net of California,Health Net,LTC - UIS State-Only,9061.82,,9388.76
1/24-12/24,2024,Regional,Inyo,Health Net of California,Health Net,LTC/Full-Dual - UIS State-Only,8917.8,,9230.16
1/24-12/24,2024,Regional,Mono,Health Net of California,Health Net,Child - SIS,86.06,,94.89
1/24-12/24,2024,Regional,Mono,Health Net of California,Health Net,Adult - SIS,288.95,,310.35
1/24-12/24,2024,Regional,Mono,Health Net of California,Health Net,ACA Optional Expansion - SIS,352.83,,378.16
1/24-12/24,2024,Regional,Mono,Health Net of California,Health Net,SPD - SIS,1076.15,,1142.46
1/24-12/24,2024,Regional,Mono,Health Net of California,Health Net,SPD/Full-Dual - SIS,242.7,,257.92
1/24-12/24,2024,Regional,Mono,Health Net of California,Health Net,LTC - SIS,9674.67,,10041.4
1/24-12/24,2024,Regional,Mono,Health Net of California,Health Net,LTC/Full-Dual - SIS,8994.4,,9312.16
1/24-12/24,2024,Regional,Mono,Health Net of California,Health Net,Maternity - SIS,12552.78,,13107.41
1/24-12/24,2024,Regional,Mono,Health Net of California,Health Net,Child - UIS Federally Eligible,27.21,,30.83
1/24-12/24,2024,Regional,Mono,Health Net of California,Health Net,Adult - UIS Federally Eligible,207.89,,222.68
1/24-12/24,2024,Regional,Mono,Health Net of California,Health Net,ACA Optional Expansion - UIS Federally Eligible,239.85,,256.62
1/24-12/24,2024,Regional,Mono,Health Net of California,Health Net,SPD - UIS Federally Eligible,489.19,,521.35
1/24-12/24,2024,Regional,Mono,Health Net of California,Health Net,SPD/Full-Dual - UIS Federally Eligible,80.27,,86.85
1/24-12/24,2024,Regional,Mono,Health Net of California,Health Net,LTC - UIS Federally Eligible,563.92,,600.69
1/24-12/24,2024,Regional,Mono,Health Net of California,Health Net,LTC/Full-Dual - UIS Federally Eligible,22.36,,25.58
1/24-12/24,2024,Regional,Mono,Health Net of California,Health Net,Maternity - UIS Federally Eligible,12552.78,,13107.41
1/24-12/24,2024,Regional,Mono,Health Net of California,Health Net,Child - UIS State-Only,48.16,,52.85
1/24-12/24,2024,Regional,Mono,Health Net of California,Health Net,Adult - UIS State-Only,155.59,,166.89
1/24-12/24,2024,Regional,Mono,Health Net of California,Health Net,ACA Optional Expansion - UIS State-Only,185.04,,198.08
1/24-12/24,2024,Regional,Mono,Health Net of California,Health Net,SPD - UIS State-Only,342.45,,364.98
1/24-12/24,2024,Regional,Mono,Health Net of California,Health Net,SPD/Full-Dual - UIS State-Only,95.31,,102.72
1/24-12/24,2024,Regional,Mono,Health Net of California,Health Net,LTC - UIS State-Only,9061.82,,9388.76
1/24-12/24,2024,Regional,Mono,Health Net of California,Health Net,LTC/Full-Dual - UIS State-Only,8917.8,,9230.16
1/24-12/24,2024,Regional,Tuolumne,Health Net of California,Health Net,Child - SIS,86.06,,94.89
1/24-12/24,2024,Regional,Tuolumne,Health Net of California,Health Net,Adult - SIS,288.95,,310.35
1/24-12/24,2024,Regional,Tuolumne,Health Net of California,Health Net,ACA Optional Expansion - SIS,352.83,,378.16
1/24-12/24,2024,Regional,Tuolumne,Health Net of California,Health Net,SPD - SIS,1076.15,,1142.46
1/24-12/24,2024,Regional,Tuolumne,Health Net of California,Health Net,SPD/Full-Dual - SIS,242.7,,257.92
1/24-12/24,2024,Regional,Tuolumne,Health Net of California,Health Net,LTC - SIS,9674.67,,10041.4
1/24-12/24,2024,Regional,Tuolumne,Health Net of California,Health Net,LTC/Full-Dual - SIS,8994.4,,9312.16
1/24-12/24,2024,Regional,Tuolumne,Health Net of California,Health Net,Maternity - SIS,12552.78,,13107.41
1/24-12/24,2024,Regional,Tuolumne,Health Net of California,Health Net,Child - UIS Federally Eligible,27.21,,30.83
1/24-12/24,2024,Regional,Tuolumne,Health Net of California,Health Net,Adult - UIS Federally Eligible,207.89,,222.68
1/24-12/24,2024,Regional,Tuolumne,Health Net of California,Health Net,ACA Optional Expansion - UIS Federally Eligible,239.85,,256.62
1/24-12/24,2024,Regional,Tuolumne,Health Net of California,Health Net,SPD - UIS Federally Eligible,489.19,,521.35
1/24-12/24,2024,Regional,Tuolumne,Health Net of California,Health Net,SPD/Full-Dual - UIS Federally Eligible,80.27,,86.85
1/24-12/24,2024,Regional,Tuolumne,Health Net of California,Health Net,LTC - UIS Federally Eligible,563.92,,600.69
1/24-12/24,2024,Regional,Tuolumne,Health Net of California,Health Net,LTC/Full-Dual - UIS Federally Eligible,22.36,,25.58
1/24-12/24,2024,Regional,Tuolumne,Health Net of California,Health Net,Maternity - UIS Federally Eligible,12552.78,,13107.41
1/24-12/24,2024,Regional,Tuolumne,Health Net of California,Health Net,Child - UIS State-Only,48.16,,52.85
1/24-12/24,2024,Regional,Tuolumne,Health Net of California,Health Net,Adult - UIS State-Only,155.59,,166.89
1/24-12/24,2024,Regional,Tuolumne,Health Net of California,Health Net,ACA Optional Expansion - UIS State-Only,185.04,,198.08
1/24-12/24,2024,Regional,Tuolumne,Health Net of California,Health Net,SPD - UIS State-Only,342.45,,364.98
1/24-12/24,2024,Regional,Tuolumne,Health Net of California,Health Net,SPD/Full-Dual - UIS State-Only,95.31,,102.72
1/24-12/24,2024,Regional,Tuolumne,Health Net of California,Health Net,LTC - UIS State-Only,9061.82,,9388.76
1/24-12/24,2024,Regional,Tuolumne,Health Net of California,Health Net,LTC/Full-Dual - UIS State-Only,8917.8,,9230.16
1/24-12/24,2024,Regional,Amador,Kaiser Permanente,Kaiser Permanente,Child - SIS,88.47,,97.55
1/24-12/24,2024,Regional,Amador,Kaiser Permanente,Kaiser Permanente,Adult - SIS,295.72,,317.63
1/24-12/24,2024,Regional,Amador,Kaiser Permanente,Kaiser Permanente,ACA Optional Expansion - SIS,354.74,,380.21
1/24-12/24,2024,Regional,Amador,Kaiser Permanente,Kaiser Permanente,SPD - SIS,1088.04,,1155.12
1/24-12/24,2024,Regional,Amador,Kaiser Permanente,Kaiser Permanente,SPD/Full-Dual - SIS,246.99,,262.37
1/24-12/24,2024,Regional,Amador,Kaiser Permanente,Kaiser Permanente,LTC - SIS,9674.67,,10041.4
1/24-12/24,2024,Regional,Amador,Kaiser Permanente,Kaiser Permanente,LTC/Full-Dual - SIS,8994.4,,9312.16
1/24-12/24,2024,Regional,Amador,Kaiser Permanente,Kaiser Permanente,Maternity - SIS,12552.78,,13107.41
1/24-12/24,2024,Regional,Amador,Kaiser Permanente,Kaiser Permanente,Child - UIS Federally Eligible,27.21,,30.83
1/24-12/24,2024,Regional,Amador,Kaiser Permanente,Kaiser Permanente,Adult - UIS Federally Eligible,207.89,,222.68
1/24-12/24,2024,Regional,Amador,Kaiser Permanente,Kaiser Permanente,ACA Optional Expansion - UIS Federally Eligible,239.85,,256.62
1/24-12/24,2024,Regional,Amador,Kaiser Permanente,Kaiser Permanente,SPD - UIS Federally Eligible,489.19,,521.35
1/24-12/24,2024,Regional,Amador,Kaiser Permanente,Kaiser Permanente,SPD/Full-Dual - UIS Federally Eligible,80.27,,86.85
1/24-12/24,2024,Regional,Amador,Kaiser Permanente,Kaiser Permanente,LTC - UIS Federally Eligible,563.92,,600.69
1/24-12/24,2024,Regional,Amador,Kaiser Permanente,Kaiser Permanente,LTC/Full-Dual - UIS Federally Eligible,22.36,,25.58
1/24-12/24,2024,Regional,Amador,Kaiser Permanente,Kaiser Permanente,Maternity - UIS Federally Eligible,12552.78,,13107.41
1/24-12/24,2024,Regional,Amador,Kaiser Permanente,Kaiser Permanente,Child - UIS State-Only,48.16,,52.85
1/24-12/24,2024,Regional,Amador,Kaiser Permanente,Kaiser Permanente,Adult - UIS State-Only,155.59,,166.89
1/24-12/24,2024,Regional,Amador,Kaiser Permanente,Kaiser Permanente,ACA Optional Expansion - UIS State-Only,185.04,,198.08
1/24-12/24,2024,Regional,Amador,Kaiser Permanente,Kaiser Permanente,SPD - UIS State-Only,342.45,,364.98
1/24-12/24,2024,Regional,Amador,Kaiser Permanente,Kaiser Permanente,SPD/Full-Dual - UIS State-Only,95.31,,102.72
1/24-12/24,2024,Regional,Amador,Kaiser Permanente,Kaiser Permanente,LTC - UIS State-Only,9061.82,,9388.76
1/24-12/24,2024,Regional,Amador,Kaiser Permanente,Kaiser Permanente,LTC/Full-Dual - UIS State-Only,8917.8,,9230.16
1/25-12/25,2025,Regional,Amador,Anthem Blue Cross,Anthem Blue Cross,Child - SIS,110.28,,121.31
1/25-12/25,2025,Regional,Amador,Anthem Blue Cross,Anthem Blue Cross,Adult - SIS,299.24,,321.98
1/25-12/25,2025,Regional,Amador,Anthem Blue Cross,Anthem Blue Cross,ACA Optional Expansion - SIS,409.88,,439.32
1/25-12/25,2025,Regional,Amador,Anthem Blue Cross,Anthem Blue Cross,SPD - SIS,1199.34,,1272.91
1/25-12/25,2025,Regional,Amador,Anthem Blue Cross,Anthem Blue Cross,SPD/Full-Dual - SIS,693.99,,725.61
1/25-12/25,2025,Regional,Amador,Anthem Blue Cross,Anthem Blue Cross,LTC - SIS,1199.34,,1272.91
1/25-12/25,2025,Regional,Amador,Anthem Blue Cross,Anthem Blue Cross,LTC/Full-Dual - SIS,693.99,,725.61
1/25-12/25,2025,Regional,Amador,Anthem Blue Cross,Anthem Blue Cross,Maternity - SIS,12078.47,,12611.22
1/25-12/25,2025,Regional,Amador,Anthem Blue Cross,Anthem Blue Cross,Child - UIS Federally Eligible,22.22,,25.28
1/25-12/25,2025,Regional,Amador,Anthem Blue Cross,Anthem Blue Cross,Adult - UIS Federally Eligible,127.34,,137.01
1/25-12/25,2025,Regional,Amador,Anthem Blue Cross,Anthem Blue Cross,ACA Optional Expansion - UIS Federally Eligible,160.59,,172.36
1/25-12/25,2025,Regional,Amador,Anthem Blue Cross,Anthem Blue Cross,SPD - UIS Federally Eligible,407.18,,434.49
1/25-12/25,2025,Regional,Amador,Anthem Blue Cross,Anthem Blue Cross,SPD/Full-Dual - UIS Federally Eligible,116.21,,125.19
1/25-12/25,2025,Regional,Amador,Anthem Blue Cross,Anthem Blue Cross,LTC - UIS Federally Eligible,407.18,,434.49
1/25-12/25,2025,Regional,Amador,Anthem Blue Cross,Anthem Blue Cross,LTC/Full-Dual - UIS Federally Eligible,116.21,,125.19
1/25-12/25,2025,Regional,Amador,Anthem Blue Cross,Anthem Blue Cross,Maternity - UIS Federally Eligible,12078.47,,12611.22
1/25-12/25,2025,Regional,Amador,Anthem Blue Cross,Anthem Blue Cross,Child - UIS State-Only,63.82,,70.21
1/25-12/25,2025,Regional,Amador,Anthem Blue Cross,Anthem Blue Cross,Adult - UIS State-Only,172.37,,185.54
1/25-12/25,2025,Regional,Amador,Anthem Blue Cross,Anthem Blue Cross,ACA Optional Expansion - UIS State-Only,222.16,,238.34
1/25-12/25,2025,Regional,Amador,Anthem Blue Cross,Anthem Blue Cross,SPD - UIS State-Only,776.85,,821.35
1/25-12/25,2025,Regional,Amador,Anthem Blue Cross,Anthem Blue Cross,SPD/Full-Dual - UIS State-Only,473.66,,497.21
1/25-12/25,2025,Regional,Amador,Anthem Blue Cross,Anthem Blue Cross,LTC - UIS State-Only,776.85,,821.35
1/25-12/25,2025,Regional,Amador,Anthem Blue Cross,Anthem Blue Cross,LTC/Full-Dual - UIS State-Only,473.66,,497.21
1/25-12/25,2025,Regional,Calaveras,Anthem Blue Cross,Anthem Blue Cross,Child - SIS,110.28,,121.31
1/25-12/25,2025,Regional,Calaveras,Anthem Blue Cross,Anthem Blue Cross,Adult - SIS,299.24,,321.98
1/25-12/25,2025,Regional,Calaveras,Anthem Blue Cross,Anthem Blue Cross,ACA Optional Expansion - SIS,409.88,,439.32
1/25-12/25,2025,Regional,Calaveras,Anthem Blue Cross,Anthem Blue Cross,SPD - SIS,1199.34,,1272.91
1/25-12/25,2025,Regional,Calaveras,Anthem Blue Cross,Anthem Blue Cross,SPD/Full-Dual - SIS,693.99,,725.61
1/25-12/25,2025,Regional,Calaveras,Anthem Blue Cross,Anthem Blue Cross,LTC - SIS,1199.34,,1272.91
1/25-12/25,2025,Regional,Calaveras,Anthem Blue Cross,Anthem Blue Cross,LTC/Full-Dual - SIS,693.99,,725.61
1/25-12/25,2025,Regional,Calaveras,Anthem Blue Cross,Anthem Blue Cross,Maternity - SIS,12078.47,,12611.22
1/25-12/25,2025,Regional,Calaveras,Anthem Blue Cross,Anthem Blue Cross,Child - UIS Federally Eligible,22.22,,25.28
1/25-12/25,2025,Regional,Calaveras,Anthem Blue Cross,Anthem Blue Cross,Adult - UIS Federally Eligible,127.34,,137.01
1/25-12/25,2025,Regional,Calaveras,Anthem Blue Cross,Anthem Blue Cross,ACA Optional Expansion - UIS Federally Eligible,160.59,,172.36
1/25-12/25,2025,Regional,Calaveras,Anthem Blue Cross,Anthem Blue Cross,SPD - UIS Federally Eligible,407.18,,434.49
1/25-12/25,2025,Regional,Calaveras,Anthem Blue Cross,Anthem Blue Cross,SPD/Full-Dual - UIS Federally Eligible,116.21,,125.19
1/25-12/25,2025,Regional,Calaveras,Anthem Blue Cross,Anthem Blue Cross,LTC - UIS Federally Eligible,407.18,,434.49
1/25-12/25,2025,Regional,Calaveras,Anthem Blue Cross,Anthem Blue Cross,LTC/Full-Dual - UIS Federally Eligible,116.21,,125.19
1/25-12/25,2025,Regional,Calaveras,Anthem Blue Cross,Anthem Blue Cross,Maternity - UIS Federally Eligible,12078.47,,12611.22
1/25-12/25,2025,Regional,Calaveras,Anthem Blue Cross,Anthem Blue Cross,Child - UIS State-Only,63.82,,70.21
1/25-12/25,2025,Regional,Calaveras,Anthem Blue Cross,Anthem Blue Cross,Adult - UIS State-Only,172.37,,185.54
1/25-12/25,2025,Regional,Calaveras,Anthem Blue Cross,Anthem Blue Cross,ACA Optional Expansion - UIS State-Only,222.16,,238.34
1/25-12/25,2025,Regional,Calaveras,Anthem Blue Cross,Anthem Blue Cross,SPD - UIS State-Only,776.85,,821.35
1/25-12/25,2025,Regional,Calaveras,Anthem Blue Cross,Anthem Blue Cross,SPD/Full-Dual - UIS State-Only,473.66,,497.21
1/25-12/25,2025,Regional,Calaveras,Anthem Blue Cross,Anthem Blue Cross,LTC - UIS State-Only,776.85,,821.35
1/25-12/25,2025,Regional,Calaveras,Anthem Blue Cross,Anthem Blue Cross,LTC/Full-Dual - UIS State-Only,473.66,,497.21
1/25-12/25,2025,Regional,Inyo,Anthem Blue Cross,Anthem Blue Cross,Child - SIS,110.28,,121.31
1/25-12/25,2025,Regional,Inyo,Anthem Blue Cross,Anthem Blue Cross,Adult - SIS,299.24,,321.98
1/25-12/25,2025,Regional,Inyo,Anthem Blue Cross,Anthem Blue Cross,ACA Optional Expansion - SIS,409.88,,439.32
1/25-12/25,2025,Regional,Inyo,Anthem Blue Cross,Anthem Blue Cross,SPD - SIS,1199.34,,1272.91
1/25-12/25,2025,Regional,Inyo,Anthem Blue Cross,Anthem Blue Cross,SPD/Full-Dual - SIS,693.99,,725.61
1/25-12/25,2025,Regional,Inyo,Anthem Blue Cross,Anthem Blue Cross,LTC - SIS,1199.34,,1272.91
1/25-12/25,2025,Regional,Inyo,Anthem Blue Cross,Anthem Blue Cross,LTC/Full-Dual - SIS,693.99,,725.61
1/25-12/25,2025,Regional,Inyo,Anthem Blue Cross,Anthem Blue Cross,Maternity - SIS,12078.47,,12611.22
1/25-12/25,2025,Regional,Inyo,Anthem Blue Cross,Anthem Blue Cross,Child - UIS Federally Eligible,22.22,,25.28
1/25-12/25,2025,Regional,Inyo,Anthem Blue Cross,Anthem Blue Cross,Adult - UIS Federally Eligible,127.34,,137.01
1/25-12/25,2025,Regional,Inyo,Anthem Blue Cross,Anthem Blue Cross,ACA Optional Expansion - UIS Federally Eligible,160.59,,172.36
1/25-12/25,2025,Regional,Inyo,Anthem Blue Cross,Anthem Blue Cross,SPD - UIS Federally Eligible,407.18,,434.49
1/25-12/25,2025,Regional,Inyo,Anthem Blue Cross,Anthem Blue Cross,SPD/Full-Dual - UIS Federally Eligible,116.21,,125.19
1/25-12/25,2025,Regional,Inyo,Anthem Blue Cross,Anthem Blue Cross,LTC - UIS Federally Eligible,407.18,,434.49
1/25-12/25,2025,Regional,Inyo,Anthem Blue Cross,Anthem Blue Cross,LTC/Full-Dual - UIS Federally Eligible,116.21,,125.19
1/25-12/25,2025,Regional,Inyo,Anthem Blue Cross,Anthem Blue Cross,Maternity - UIS Federally Eligible,12078.47,,12611.22
1/25-12/25,2025,Regional,Inyo,Anthem Blue Cross,Anthem Blue Cross,Child - UIS State-Only,63.82,,70.21
1/25-12/25,2025,Regional,Inyo,Anthem Blue Cross,Anthem Blue Cross,Adult - UIS State-Only,172.37,,185.54
1/25-12/25,2025,Regional,Inyo,Anthem Blue Cross,Anthem Blue Cross,ACA Optional Expansion - UIS State-Only,222.16,,238.34
1/25-12/25,2025,Regional,Inyo,Anthem Blue Cross,Anthem Blue Cross,SPD - UIS State-Only,776.85,,821.35
1/25-12/25,2025,Regional,Inyo,Anthem Blue Cross,Anthem Blue Cross,SPD/Full-Dual - UIS State-Only,473.66,,497.21
1/25-12/25,2025,Regional,Inyo,Anthem Blue Cross,Anthem Blue Cross,LTC - UIS State-Only,776.85,,821.35
1/25-12/25,2025,Regional,Inyo,Anthem Blue Cross,Anthem Blue Cross,LTC/Full-Dual - UIS State-Only,473.66,,497.21
1/25-12/25,2025,Regional,Mono,Anthem Blue Cross,Anthem Blue Cross,Child - SIS,110.28,,121.31
1/25-12/25,2025,Regional,Mono,Anthem Blue Cross,Anthem Blue Cross,Adult - SIS,299.24,,321.98
1/25-12/25,2025,Regional,Mono,Anthem Blue Cross,Anthem Blue Cross,ACA Optional Expansion - SIS,409.88,,439.32
1/25-12/25,2025,Regional,Mono,Anthem Blue Cross,Anthem Blue Cross,SPD - SIS,1199.34,,1272.91
1/25-12/25,2025,Regional,Mono,Anthem Blue Cross,Anthem Blue Cross,SPD/Full-Dual - SIS,693.99,,725.61
1/25-12/25,2025,Regional,Mono,Anthem Blue Cross,Anthem Blue Cross,LTC - SIS,1199.34,,1272.91
1/25-12/25,2025,Regional,Mono,Anthem Blue Cross,Anthem Blue Cross,LTC/Full-Dual - SIS,693.99,,725.61
1/25-12/25,2025,Regional,Mono,Anthem Blue Cross,Anthem Blue Cross,Maternity - SIS,12078.47,,12611.22
1/25-12/25,2025,Regional,Mono,Anthem Blue Cross,Anthem Blue Cross,Child - UIS Federally Eligible,22.22,,25.28
1/25-12/25,2025,Regional,Mono,Anthem Blue Cross,Anthem Blue Cross,Adult - UIS Federally Eligible,127.34,,137.01
1/25-12/25,2025,Regional,Mono,Anthem Blue Cross,Anthem Blue Cross,ACA Optional Expansion - UIS Federally Eligible,160.59,,172.36
1/25-12/25,2025,Regional,Mono,Anthem Blue Cross,Anthem Blue Cross,SPD - UIS Federally Eligible,407.18,,434.49
1/25-12/25,2025,Regional,Mono,Anthem Blue Cross,Anthem Blue Cross,SPD/Full-Dual - UIS Federally Eligible,116.21,,125.19
1/25-12/25,2025,Regional,Mono,Anthem Blue Cross,Anthem Blue Cross,LTC - UIS Federally Eligible,407.18,,434.49
1/25-12/25,2025,Regional,Mono,Anthem Blue Cross,Anthem Blue Cross,LTC/Full-Dual - UIS Federally Eligible,116.21,,125.19
1/25-12/25,2025,Regional,Mono,Anthem Blue Cross,Anthem Blue Cross,Maternity - UIS Federally Eligible,12078.47,,12611.22
1/25-12/25,2025,Regional,Mono,Anthem Blue Cross,Anthem Blue Cross,Child - UIS State-Only,63.82,,70.21
1/25-12/25,2025,Regional,Mono,Anthem Blue Cross,Anthem Blue Cross,Adult - UIS State-Only,172.37,,185.54
1/25-12/25,2025,Regional,Mono,Anthem Blue Cross,Anthem Blue Cross,ACA Optional Expansion - UIS State-Only,222.16,,238.34
1/25-12/25,2025,Regional,Mono,Anthem Blue Cross,Anthem Blue Cross,SPD - UIS State-Only,776.85,,821.35
1/25-12/25,2025,Regional,Mono,Anthem Blue Cross,Anthem Blue Cross,SPD/Full-Dual - UIS State-Only,473.66,,497.21
1/25-12/25,2025,Regional,Mono,Anthem Blue Cross,Anthem Blue Cross,LTC - UIS State-Only,776.85,,821.35
1/25-12/25,2025,Regional,Mono,Anthem Blue Cross,Anthem Blue Cross,LTC/Full-Dual - UIS State-Only,473.66,,497.21
1/25-12/25,2025,Regional,Tuolumne,Anthem Blue Cross,Anthem Blue Cross,Child - SIS,110.28,,121.31
1/25-12/25,2025,Regional,Tuolumne,Anthem Blue Cross,Anthem Blue Cross,Adult - SIS,299.24,,321.98
1/25-12/25,2025,Regional,Tuolumne,Anthem Blue Cross,Anthem Blue Cross,ACA Optional Expansion - SIS,409.88,,439.32
1/25-12/25,2025,Regional,Tuolumne,Anthem Blue Cross,Anthem Blue Cross,SPD - SIS,1199.34,,1272.91
1/25-12/25,2025,Regional,Tuolumne,Anthem Blue Cross,Anthem Blue Cross,SPD/Full-Dual - SIS,693.99,,725.61
1/25-12/25,2025,Regional,Tuolumne,Anthem Blue Cross,Anthem Blue Cross,LTC - SIS,1199.34,,1272.91
1/25-12/25,2025,Regional,Tuolumne,Anthem Blue Cross,Anthem Blue Cross,LTC/Full-Dual - SIS,693.99,,725.61
1/25-12/25,2025,Regional,Tuolumne,Anthem Blue Cross,Anthem Blue Cross,Maternity - SIS,12078.47,,12611.22
1/25-12/25,2025,Regional,Tuolumne,Anthem Blue Cross,Anthem Blue Cross,Child - UIS Federally Eligible,22.22,,25.28
1/25-12/25,2025,Regional,Tuolumne,Anthem Blue Cross,Anthem Blue Cross,Adult - UIS Federally Eligible,127.34,,137.01
1/25-12/25,2025,Regional,Tuolumne,Anthem Blue Cross,Anthem Blue Cross,ACA Optional Expansion - UIS Federally Eligible,160.59,,172.36
1/25-12/25,2025,Regional,Tuolumne,Anthem Blue Cross,Anthem Blue Cross,SPD - UIS Federally Eligible,407.18,,434.49
1/25-12/25,2025,Regional,Tuolumne,Anthem Blue Cross,Anthem Blue Cross,SPD/Full-Dual - UIS Federally Eligible,116.21,,125.19
1/25-12/25,2025,Regional,Tuolumne,Anthem Blue Cross,Anthem Blue Cross,LTC - UIS Federally Eligible,407.18,,434.49
1/25-12/25,2025,Regional,Tuolumne,Anthem Blue Cross,Anthem Blue Cross,LTC/Full-Dual - UIS Federally Eligible,116.21,,125.19
1/25-12/25,2025,Regional,Tuolumne,Anthem Blue Cross,Anthem Blue Cross,Maternity - UIS Federally Eligible,12078.47,,12611.22
1/25-12/25,2025,Regional,Tuolumne,Anthem Blue Cross,Anthem Blue Cross,Child - UIS State-Only,63.82,,70.21
1/25-12/25,2025,Regional,Tuolumne,Anthem Blue Cross,Anthem Blue Cross,Adult - UIS State-Only,172.37,,185.54
1/25-12/25,2025,Regional,Tuolumne,Anthem Blue Cross,Anthem Blue Cross,ACA Optional Expansion - UIS State-Only,222.16,,238.34
1/25-12/25,2025,Regional,Tuolumne,Anthem Blue Cross,Anthem Blue Cross,SPD - UIS State-Only,776.85,,821.35
1/25-12/25,2025,Regional,Tuolumne,Anthem Blue Cross,Anthem Blue Cross,SPD/Full-Dual - UIS State-Only,473.66,,497.21
1/25-12/25,2025,Regional,Tuolumne,Anthem Blue Cross,Anthem Blue Cross,LTC - UIS State-Only,776.85,,821.35
1/25-12/25,2025,Regional,Tuolumne,Anthem Blue Cross,Anthem Blue Cross,LTC/Full-Dual - UIS State-Only,473.66,,497.21
1/25-12/25,2025,Regional,Amador,Health Net of California,Health Net,Child - SIS,104.33,,114.73
1/25-12/25,2025,Regional,Amador,Health Net of California,Health Net,Adult - SIS,294.83,,317.23
1/25-12/25,2025,Regional,Amador,Health Net of California,Health Net,ACA Optional Expansion - SIS,407.79,,437.15
1/25-12/25,2025,Regional,Amador,Health Net of California,Health Net,SPD - SIS,1078.09,,1143.98
1/25-12/25,2025,Regional,Amador,Health Net of California,Health Net,SPD/Full-Dual - SIS,825.42,,861.53
1/25-12/25,2025,Regional,Amador,Health Net of California,Health Net,LTC - SIS,1078.09,,1143.98
1/25-12/25,2025,Regional,Amador,Health Net of California,Health Net,LTC/Full-Dual - SIS,825.42,,861.53
1/25-12/25,2025,Regional,Amador,Health Net of California,Health Net,Maternity - SIS,12078.47,,12611.22
1/25-12/25,2025,Regional,Amador,Health Net of California,Health Net,Child - UIS Federally Eligible,22.22,,25.28
1/25-12/25,2025,Regional,Amador,Health Net of California,Health Net,Adult - UIS Federally Eligible,127.34,,137.01
1/25-12/25,2025,Regional,Amador,Health Net of California,Health Net,ACA Optional Expansion - UIS Federally Eligible,160.59,,172.36
1/25-12/25,2025,Regional,Amador,Health Net of California,Health Net,SPD - UIS Federally Eligible,407.18,,434.49
1/25-12/25,2025,Regional,Amador,Health Net of California,Health Net,SPD/Full-Dual - UIS Federally Eligible,116.21,,125.19
1/25-12/25,2025,Regional,Amador,Health Net of California,Health Net,LTC - UIS Federally Eligible,407.18,,434.49
1/25-12/25,2025,Regional,Amador,Health Net of California,Health Net,LTC/Full-Dual - UIS Federally Eligible,116.21,,125.19
1/25-12/25,2025,Regional,Amador,Health Net of California,Health Net,Maternity - UIS Federally Eligible,12078.47,,12611.22
1/25-12/25,2025,Regional,Amador,Health Net of California,Health Net,Child - UIS State-Only,63.82,,70.21
1/25-12/25,2025,Regional,Amador,Health Net of California,Health Net,Adult - UIS State-Only,172.37,,185.54
1/25-12/25,2025,Regional,Amador,Health Net of California,Health Net,ACA Optional Expansion - UIS State-Only,222.16,,238.34
1/25-12/25,2025,Regional,Amador,Health Net of California,Health Net,SPD - UIS State-Only,776.85,,821.35
1/25-12/25,2025,Regional,Amador,Health Net of California,Health Net,SPD/Full-Dual - UIS State-Only,473.66,,497.21
1/25-12/25,2025,Regional,Amador,Health Net of California,Health Net,LTC - UIS State-Only,776.85,,821.35
1/25-12/25,2025,Regional,Amador,Health Net of California,Health Net,LTC/Full-Dual - UIS State-Only,473.66,,497.21
1/25-12/25,2025,Regional,Calaveras,Health Net of California,Health Net,Child - SIS,104.33,,114.73
1/25-12/25,2025,Regional,Calaveras,Health Net of California,Health Net,Adult - SIS,294.83,,317.23
1/25-12/25,2025,Regional,Calaveras,Health Net of California,Health Net,ACA Optional Expansion - SIS,407.79,,437.15
1/25-12/25,2025,Regional,Calaveras,Health Net of California,Health Net,SPD - SIS,1078.09,,1143.98
1/25-12/25,2025,Regional,Calaveras,Health Net of California,Health Net,SPD/Full-Dual - SIS,825.42,,861.53
1/25-12/25,2025,Regional,Calaveras,Health Net of California,Health Net,LTC - SIS,1078.09,,1143.98
1/25-12/25,2025,Regional,Calaveras,Health Net of California,Health Net,LTC/Full-Dual - SIS,825.42,,861.53
1/25-12/25,2025,Regional,Calaveras,Health Net of California,Health Net,Maternity - SIS,12078.47,,12611.22
1/25-12/25,2025,Regional,Calaveras,Health Net of California,Health Net,Child - UIS Federally Eligible,22.22,,25.28
1/25-12/25,2025,Regional,Calaveras,Health Net of California,Health Net,Adult - UIS Federally Eligible,127.34,,137.01
1/25-12/25,2025,Regional,Calaveras,Health Net of California,Health Net,ACA Optional Expansion - UIS Federally Eligible,160.59,,172.36
1/25-12/25,2025,Regional,Calaveras,Health Net of California,Health Net,SPD - UIS Federally Eligible,407.18,,434.49
1/25-12/25,2025,Regional,Calaveras,Health Net of California,Health Net,SPD/Full-Dual - UIS Federally Eligible,116.21,,125.19
1/25-12/25,2025,Regional,Calaveras,Health Net of California,Health Net,LTC - UIS Federally Eligible,407.18,,434.49
1/25-12/25,2025,Regional,Calaveras,Health Net of California,Health Net,LTC/Full-Dual - UIS Federally Eligible,116.21,,125.19
1/25-12/25,2025,Regional,Calaveras,Health Net of California,Health Net,Maternity - UIS Federally Eligible,12078.47,,12611.22
1/25-12/25,2025,Regional,Calaveras,Health Net of California,Health Net,Child - UIS State-Only,63.82,,70.21
1/25-12/25,2025,Regional,Calaveras,Health Net of California,Health Net,Adult - UIS State-Only,172.37,,185.54
1/25-12/25,2025,Regional,Calaveras,Health Net of California,Health Net,ACA Optional Expansion - UIS State-Only,222.16,,238.34
1/25-12/25,2025,Regional,Calaveras,Health Net of California,Health Net,SPD - UIS State-Only,776.85,,821.35
1/25-12/25,2025,Regional,Calaveras,Health Net of California,Health Net,SPD/Full-Dual - UIS State-Only,473.66,,497.21
1/25-12/25,2025,Regional,Calaveras,Health Net of California,Health Net,LTC - UIS State-Only,776.85,,821.35
1/25-12/25,2025,Regional,Calaveras,Health Net of California,Health Net,LTC/Full-Dual - UIS State-Only,473.66,,497.21
1/25-12/25,2025,Regional,Inyo,Health Net of California,Health Net,Child - SIS,104.33,,114.73
1/25-12/25,2025,Regional,Inyo,Health Net of California,Health Net,Adult - SIS,294.83,,317.23
1/25-12/25,2025,Regional,Inyo,Health Net of California,Health Net,ACA Optional Expansion - SIS,407.79,,437.15
1/25-12/25,2025,Regional,Inyo,Health Net of California,Health Net,SPD - SIS,1078.09,,1143.98
1/25-12/25,2025,Regional,Inyo,Health Net of California,Health Net,SPD/Full-Dual - SIS,825.42,,861.53
1/25-12/25,2025,Regional,Inyo,Health Net of California,Health Net,LTC - SIS,1078.09,,1143.98
1/25-12/25,2025,Regional,Inyo,Health Net of California,Health Net,LTC/Full-Dual - SIS,825.42,,861.53
1/25-12/25,2025,Regional,Inyo,Health Net of California,Health Net,Maternity - SIS,12078.47,,12611.22
1/25-12/25,2025,Regional,Inyo,Health Net of California,Health Net,Child - UIS Federally Eligible,22.22,,25.28
1/25-12/25,2025,Regional,Inyo,Health Net of California,Health Net,Adult - UIS Federally Eligible,127.34,,137.01
1/25-12/25,2025,Regional,Inyo,Health Net of California,Health Net,ACA Optional Expansion - UIS Federally Eligible,160.59,,172.36
1/25-12/25,2025,Regional,Inyo,Health Net of California,Health Net,SPD - UIS Federally Eligible,407.18,,434.49
1/25-12/25,2025,Regional,Inyo,Health Net of California,Health Net,SPD/Full-Dual - UIS Federally Eligible,116.21,,125.19
1/25-12/25,2025,Regional,Inyo,Health Net of California,Health Net,LTC - UIS Federally Eligible,407.18,,434.49
1/25-12/25,2025,Regional,Inyo,Health Net of California,Health Net,LTC/Full-Dual - UIS Federally Eligible,116.21,,125.19
1/25-12/25,2025,Regional,Inyo,Health Net of California,Health Net,Maternity - UIS Federally Eligible,12078.47,,12611.22
1/25-12/25,2025,Regional,Inyo,Health Net of California,Health Net,Child - UIS State-Only,63.82,,70.21
1/25-12/25,2025,Regional,Inyo,Health Net of California,Health Net,Adult - UIS State-Only,172.37,,185.54
1/25-12/25,2025,Regional,Inyo,Health Net of California,Health Net,ACA Optional Expansion - UIS State-Only,222.16,,238.34
1/25-12/25,2025,Regional,Inyo,Health Net of California,Health Net,SPD - UIS State-Only,776.85,,821.35
1/25-12/25,2025,Regional,Inyo,Health Net of California,Health Net,SPD/Full-Dual - UIS State-Only,473.66,,497.21
1/25-12/25,2025,Regional,Inyo,Health Net of California,Health Net,LTC - UIS State-Only,776.85,,821.35
1/25-12/25,2025,Regional,Inyo,Health Net of California,Health Net,LTC/Full-Dual - UIS State-Only,473.66,,497.21
1/25-12/25,2025,Regional,Mono,Health Net of California,Health Net,Child - SIS,104.33,,114.73
1/25-12/25,2025,Regional,Mono,Health Net of California,Health Net,Adult - SIS,294.83,,317.23
1/25-12/25,2025,Regional,Mono,Health Net of California,Health Net,ACA Optional Expansion - SIS,407.79,,437.15
1/25-12/25,2025,Regional,Mono,Health Net of California,Health Net,SPD - SIS,1078.09,,1143.98
1/25-12/25,2025,Regional,Mono,Health Net of California,Health Net,SPD/Full-Dual - SIS,825.42,,861.53
1/25-12/25,2025,Regional,Mono,Health Net of California,Health Net,LTC - SIS,1078.09,,1143.98
1/25-12/25,2025,Regional,Mono,Health Net of California,Health Net,LTC/Full-Dual - SIS,825.42,,861.53
1/25-12/25,2025,Regional,Mono,Health Net of California,Health Net,Maternity - SIS,12078.47,,12611.22
1/25-12/25,2025,Regional,Mono,Health Net of California,Health Net,Child - UIS Federally Eligible,22.22,,25.28
1/25-12/25,2025,Regional,Mono,Health Net of California,Health Net,Adult - UIS Federally Eligible,127.34,,137.01
1/25-12/25,2025,Regional,Mono,Health Net of California,Health Net,ACA Optional Expansion - UIS Federally Eligible,160.59,,172.36
1/25-12/25,2025,Regional,Mono,Health Net of California,Health Net,SPD - UIS Federally Eligible,407.18,,434.49
1/25-12/25,2025,Regional,Mono,Health Net of California,Health Net,SPD/Full-Dual - UIS Federally Eligible,116.21,,125.19
1/25-12/25,2025,Regional,Mono,Health Net of California,Health Net,LTC - UIS Federally Eligible,407.18,,434.49
1/25-12/25,2025,Regional,Mono,Health Net of California,Health Net,LTC/Full-Dual - UIS Federally Eligible,116.21,,125.19
1/25-12/25,2025,Regional,Mono,Health Net of California,Health Net,Maternity - UIS Federally Eligible,12078.47,,12611.22
1/25-12/25,2025,Regional,Mono,Health Net of California,Health Net,Child - UIS State-Only,63.82,,70.21
1/25-12/25,2025,Regional,Mono,Health Net of California,Health Net,Adult - UIS State-Only,172.37,,185.54
1/25-12/25,2025,Regional,Mono,Health Net of California,Health Net,ACA Optional Expansion - UIS State-Only,222.16,,238.34
1/25-12/25,2025,Regional,Mono,Health Net of California,Health Net,SPD - UIS State-Only,776.85,,821.35
1/25-12/25,2025,Regional,Mono,Health Net of California,Health Net,SPD/Full-Dual - UIS State-Only,473.66,,497.21
1/25-12/25,2025,Regional,Mono,Health Net of California,Health Net,LTC - UIS State-Only,776.85,,821.35
1/25-12/25,2025,Regional,Mono,Health Net of California,Health Net,LTC/Full-Dual - UIS State-Only,473.66,,497.21
1/25-12/25,2025,Regional,Tuolumne,Health Net of California,Health Net,Child - SIS,104.33,,114.73
1/25-12/25,2025,Regional,Tuolumne,Health Net of California,Health Net,Adult - SIS,294.83,,317.23
1/25-12/25,2025,Regional,Tuolumne,Health Net of California,Health Net,ACA Optional Expansion - SIS,407.79,,437.15
1/25-12/25,2025,Regional,Tuolumne,Health Net of California,Health Net,SPD - SIS,1078.09,,1143.98
1/25-12/25,2025,Regional,Tuolumne,Health Net of California,Health Net,SPD/Full-Dual - SIS,825.42,,861.53
1/25-12/25,2025,Regional,Tuolumne,Health Net of California,Health Net,LTC - SIS,1078.09,,1143.98
1/25-12/25,2025,Regional,Tuolumne,Health Net of California,Health Net,LTC/Full-Dual - SIS,825.42,,861.53
1/25-12/25,2025,Regional,Tuolumne,Health Net of California,Health Net,Maternity - SIS,12078.47,,12611.22
1/25-12/25,2025,Regional,Tuolumne,Health Net of California,Health Net,Child - UIS Federally Eligible,22.22,,25.28
1/25-12/25,2025,Regional,Tuolumne,Health Net of California,Health Net,Adult - UIS Federally Eligible,127.34,,137.01
1/25-12/25,2025,Regional,Tuolumne,Health Net of California,Health Net,ACA Optional Expansion - UIS Federally Eligible,160.59,,172.36
1/25-12/25,2025,Regional,Tuolumne,Health Net of California,Health Net,SPD - UIS Federally Eligible,407.18,,434.49
1/25-12/25,2025,Regional,Tuolumne,Health Net of California,Health Net,SPD/Full-Dual - UIS Federally Eligible,116.21,,125.19
1/25-12/25,2025,Regional,Tuolumne,Health Net of California,Health Net,LTC - UIS Federally Eligible,407.18,,434.49
1/25-12/25,2025,Regional,Tuolumne,Health Net of California,Health Net,LTC/Full-Dual - UIS Federally Eligible,116.21,,125.19
1/25-12/25,2025,Regional,Tuolumne,Health Net of California,Health Net,Maternity - UIS Federally Eligible,12078.47,,12611.22
1/25-12/25,2025,Regional,Tuolumne,Health Net of California,Health Net,Child - UIS State-Only,63.82,,70.21
1/25-12/25,2025,Regional,Tuolumne,Health Net of California,Health Net,Adult - UIS State-Only,172.37,,185.54
1/25-12/25,2025,Regional,Tuolumne,Health Net of California,Health Net,ACA Optional Expansion - UIS State-Only,222.16,,238.34
1/25-12/25,2025,Regional,Tuolumne,Health Net of California,Health Net,SPD - UIS State-Only,776.85,,821.35
1/25-12/25,2025,Regional,Tuolumne,Health Net of California,Health Net,SPD/Full-Dual - UIS State-Only,473.66,,497.21
1/25-12/25,2025,Regional,Tuolumne,Health Net of California,Health Net,LTC - UIS State-Only,776.85,,821.35
1/25-12/25,2025,Regional,Tuolumne,Health Net of California,Health Net,LTC/Full-Dual - UIS State-Only,473.66,,497.21
1/25-12/25,2025,Regional,Amador,Kaiser Permanente,Kaiser Permanente,Child - SIS,107.92,,118.7
1/25-12/25,2025,Regional,Amador,Kaiser Permanente,Kaiser Permanente,Adult - SIS,297.51,,320.11
1/25-12/25,2025,Regional,Amador,Kaiser Permanente,Kaiser Permanente,ACA Optional Expansion - SIS,409.0,,438.4
1/25-12/25,2025,Regional,Amador,Kaiser Permanente,Kaiser Permanente,SPD - SIS,1147.54,,1217.83
1/25-12/25,2025,Regional,Amador,Kaiser Permanente,Kaiser Permanente,SPD/Full-Dual - SIS,746.27,,779.67
1/25-12/25,2025,Regional,Amador,Kaiser Permanente,Kaiser Permanente,LTC - SIS,1147.54,,1217.83
1/25-12/25,2025,Regional,Amador,Kaiser Permanente,Kaiser Permanente,LTC/Full-Dual - SIS,746.27,,779.67
1/25-12/25,2025,Regional,Amador,Kaiser Permanente,Kaiser Permanente,Maternity - SIS,12078.47,,12611.22
1/25-12/25,2025,Regional,Amador,Kaiser Permanente,Kaiser Permanente,Child - UIS Federally Eligible,22.22,,25.28
1/25-12/25,2025,Regional,Amador,Kaiser Permanente,Kaiser Permanente,Adult - UIS Federally Eligible,127.34,,137.01
1/25-12/25,2025,Regional,Amador,Kaiser Permanente,Kaiser Permanente,ACA Optional Expansion - UIS Federally Eligible,160.59,,172.36
1/25-12/25,2025,Regional,Amador,Kaiser Permanente,Kaiser Permanente,SPD - UIS Federally Eligible,407.18,,434.49
1/25-12/25,2025,Regional,Amador,Kaiser Permanente,Kaiser Permanente,SPD/Full-Dual - UIS Federally Eligible,116.21,,125.19
1/25-12/25,2025,Regional,Amador,Kaiser Permanente,Kaiser Permanente,LTC - UIS Federally Eligible,407.18,,434.49
1/25-12/25,2025,Regional,Amador,Kaiser Permanente,Kaiser Permanente,LTC/Full-Dual - UIS Federally Eligible,116.21,,125.19
1/25-12/25,2025,Regional,Amador,Kaiser Permanente,Kaiser Permanente,Maternity - UIS Federally Eligible,12078.47,,12611.22
1/25-12/25,2025,Regional,Amador,Kaiser Permanente,Kaiser Permanente,Child - UIS State-Only,63.82,,70.21
1/25-12/25,2025,Regional,Amador,Kaiser Permanente,Kaiser Permanente,Adult - UIS State-Only,172.37,,185.54
1/25-12/25,2025,Regional,Amador,Kaiser Permanente,Kaiser Permanente,ACA Optional Expansion - UIS State-Only,222.16,,238.34
1/25-12/25,2025,Regional,Amador,Kaiser Permanente,Kaiser Permanente,SPD - UIS State-Only,776.85,,821.35
1/25-12/25,2025,Regional,Amador,Kaiser Permanente,Kaiser Permanente,SPD/Full-Dual - UIS State-Only,473.66,,497.21
1/25-12/25,2025,Regional,Amador,Kaiser Permanente,Kaiser Permanente,LTC - UIS State-Only,776.85,,821.35
1/25-12/25,2025,Regional,Amador,Kaiser Permanente,Kaiser Permanente,LTC/Full-Dual - UIS State-Only,473.66,,497.21
1/26-12/26,2026,Regional,Amador,Anthem Blue Cross,Anthem Blue Cross,Child - SIS,97.47,,106.49
1/26-12/26,2026,Regional,Amador,Anthem Blue Cross,Anthem Blue Cross,Adult - SIS,310.17,,330.87
1/26-12/26,2026,Regional,Amador,Anthem Blue Cross,Anthem Blue Cross,ACA Optional Expansion - SIS,428.66,,455.79
1/26-12/26,2026,Regional,Amador,Anthem Blue Cross,Anthem Blue Cross,SPD - SIS,1506.09,,1588.51
1/26-12/26,2026,Regional,Amador,Anthem Blue Cross,Anthem Blue Cross,SPD/Full-Dual - SIS,805.63,,839.69
1/26-12/26,2026,Regional,Amador,Anthem Blue Cross,Anthem Blue Cross,LTC - SIS,1506.09,,1588.51
1/26-12/26,2026,Regional,Amador,Anthem Blue Cross,Anthem Blue Cross,LTC/Full-Dual - SIS,805.63,,839.69
1/26-12/26,2026,Regional,Amador,Anthem Blue Cross,Anthem Blue Cross,Maternity - SIS,16447.13,,17110.95
1/26-12/26,2026,Regional,Amador,Anthem Blue Cross,Anthem Blue Cross,Child - UIS Federally Eligible,23.9,,26.51
1/26-12/26,2026,Regional,Amador,Anthem Blue Cross,Anthem Blue Cross,Adult - UIS Federally Eligible,125.04,,133.31
1/26-12/26,2026,Regional,Amador,Anthem Blue Cross,Anthem Blue Cross,ACA Optional Expansion - UIS Federally Eligible,144.89,,154.28
1/26-12/26,2026,Regional,Amador,Anthem Blue Cross,Anthem Blue Cross,SPD - UIS Federally Eligible,485.84,,514.36
1/26-12/26,2026,Regional,Amador,Anthem Blue Cross,Anthem Blue Cross,SPD/Full-Dual - UIS Federally Eligible,132.37,,141.07
1/26-12/26,2026,Regional,Amador,Anthem Blue Cross,Anthem Blue Cross,LTC - UIS Federally Eligible,485.84,,514.36
1/26-12/26,2026,Regional,Amador,Anthem Blue Cross,Anthem Blue Cross,LTC/Full-Dual - UIS Federally Eligible,132.37,,141.07
1/26-12/26,2026,Regional,Amador,Anthem Blue Cross,Anthem Blue Cross,Maternity - UIS Federally Eligible,16447.13,,17110.95
1/26-12/26,2026,Regional,Amador,Anthem Blue Cross,Anthem Blue Cross,Child - UIS State-Only,72.01,,78.26
1/26-12/26,2026,Regional,Amador,Anthem Blue Cross,Anthem Blue Cross,Adult - UIS State-Only,158.13,,169.15
1/26-12/26,2026,Regional,Amador,Anthem Blue Cross,Anthem Blue Cross,ACA Optional Expansion - UIS State-Only,277.32,,294.12
1/26-12/26,2026,Regional,Amador,Anthem Blue Cross,Anthem Blue Cross,SPD - UIS State-Only,994.2,,1043.63
1/26-12/26,2026,Regional,Amador,Anthem Blue Cross,Anthem Blue Cross,SPD/Full-Dual - UIS State-Only,665.01,,693.65
1/26-12/26,2026,Regional,Amador,Anthem Blue Cross,Anthem Blue Cross,LTC - UIS State-Only,994.2,,1043.63
1/26-12/26,2026,Regional,Amador,Anthem Blue Cross,Anthem Blue Cross,LTC/Full-Dual - UIS State-Only,665.01,,693.65
1/26-12/26,2026,Regional,Calaveras,Anthem Blue Cross,Anthem Blue Cross,Child - SIS,97.47,,106.49
1/26-12/26,2026,Regional,Calaveras,Anthem Blue Cross,Anthem Blue Cross,Adult - SIS,310.17,,330.87
1/26-12/26,2026,Regional,Calaveras,Anthem Blue Cross,Anthem Blue Cross,ACA Optional Expansion - SIS,428.66,,455.79
1/26-12/26,2026,Regional,Calaveras,Anthem Blue Cross,Anthem Blue Cross,SPD - SIS,1506.09,,1588.51
1/26-12/26,2026,Regional,Calaveras,Anthem Blue Cross,Anthem Blue Cross,SPD/Full-Dual - SIS,805.63,,839.69
1/26-12/26,2026,Regional,Calaveras,Anthem Blue Cross,Anthem Blue Cross,LTC - SIS,1506.09,,1588.51
1/26-12/26,2026,Regional,Calaveras,Anthem Blue Cross,Anthem Blue Cross,LTC/Full-Dual - SIS,805.63,,839.69
1/26-12/26,2026,Regional,Calaveras,Anthem Blue Cross,Anthem Blue Cross,Maternity - SIS,16447.13,,17110.95
1/26-12/26,2026,Regional,Calaveras,Anthem Blue Cross,Anthem Blue Cross,Child - UIS Federally Eligible,23.9,,26.51
1/26-12/26,2026,Regional,Calaveras,Anthem Blue Cross,Anthem Blue Cross,Adult - UIS Federally Eligible,125.04,,133.31
1/26-12/26,2026,Regional,Calaveras,Anthem Blue Cross,Anthem Blue Cross,ACA Optional Expansion - UIS Federally Eligible,144.89,,154.28
1/26-12/26,2026,Regional,Calaveras,Anthem Blue Cross,Anthem Blue Cross,SPD - UIS Federally Eligible,485.84,,514.36
1/26-12/26,2026,Regional,Calaveras,Anthem Blue Cross,Anthem Blue Cross,SPD/Full-Dual - UIS Federally Eligible,132.37,,141.07
1/26-12/26,2026,Regional,Calaveras,Anthem Blue Cross,Anthem Blue Cross,LTC - UIS Federally Eligible,485.84,,514.36
1/26-12/26,2026,Regional,Calaveras,Anthem Blue Cross,Anthem Blue Cross,LTC/Full-Dual - UIS Federally Eligible,132.37,,141.07
1/26-12/26,2026,Regional,Calaveras,Anthem Blue Cross,Anthem Blue Cross,Maternity - UIS Federally Eligible,16447.13,,17110.95
1/26-12/26,2026,Regional,Calaveras,Anthem Blue Cross,Anthem Blue Cross,Child - UIS State-Only,72.01,,78.26
1/26-12/26,2026,Regional,Calaveras,Anthem Blue Cross,Anthem Blue Cross,Adult - UIS State-Only,158.13,,169.15
1/26-12/26,2026,Regional,Calaveras,Anthem Blue Cross,Anthem Blue Cross,ACA Optional Expansion - UIS State-Only,277.32,,294.12
1/26-12/26,2026,Regional,Calaveras,Anthem Blue Cross,Anthem Blue Cross,SPD - UIS State-Only,994.2,,1043.63
1/26-12/26,2026,Regional,Calaveras,Anthem Blue Cross,Anthem Blue Cross,SPD/Full-Dual - UIS State-Only,665.01,,693.65
1/26-12/26,2026,Regional,Calaveras,Anthem Blue Cross,Anthem Blue Cross,LTC - UIS State-Only,994.2,,1043.63
1/26-12/26,2026,Regional,Calaveras,Anthem Blue Cross,Anthem Blue Cross,LTC/Full-Dual - UIS State-Only,665.01,,693.65
1/26-12/26,2026,Regional,Inyo,Anthem Blue Cross,Anthem Blue Cross,Child - SIS,97.47,,106.49
1/26-12/26,2026,Regional,Inyo,Anthem Blue Cross,Anthem Blue Cross,Adult - SIS,310.17,,330.87
1/26-12/26,2026,Regional,Inyo,Anthem Blue Cross,Anthem Blue Cross,ACA Optional Expansion - SIS,428.66,,455.79
1/26-12/26,2026,Regional,Inyo,Anthem Blue Cross,Anthem Blue Cross,SPD - SIS,1506.09,,1588.51
1/26-12/26,2026,Regional,Inyo,Anthem Blue Cross,Anthem Blue Cross,SPD/Full-Dual - SIS,805.63,,839.69
1/26-12/26,2026,Regional,Inyo,Anthem Blue Cross,Anthem Blue Cross,LTC - SIS,1506.09,,1588.51
1/26-12/26,2026,Regional,Inyo,Anthem Blue Cross,Anthem Blue Cross,LTC/Full-Dual - SIS,805.63,,839.69
1/26-12/26,2026,Regional,Inyo,Anthem Blue Cross,Anthem Blue Cross,Maternity - SIS,16447.13,,17110.95
1/26-12/26,2026,Regional,Inyo,Anthem Blue Cross,Anthem Blue Cross,Child - UIS Federally Eligible,23.9,,26.51
1/26-12/26,2026,Regional,Inyo,Anthem Blue Cross,Anthem Blue Cross,Adult - UIS Federally Eligible,125.04,,133.31
1/26-12/26,2026,Regional,Inyo,Anthem Blue Cross,Anthem Blue Cross,ACA Optional Expansion - UIS Federally Eligible,144.89,,154.28
1/26-12/26,2026,Regional,Inyo,Anthem Blue Cross,Anthem Blue Cross,SPD - UIS Federally Eligible,485.84,,514.36
1/26-12/26,2026,Regional,Inyo,Anthem Blue Cross,Anthem Blue Cross,SPD/Full-Dual - UIS Federally Eligible,132.37,,141.07
1/26-12/26,2026,Regional,Inyo,Anthem Blue Cross,Anthem Blue Cross,LTC - UIS Federally Eligible,485.84,,514.36
1/26-12/26,2026,Regional,Inyo,Anthem Blue Cross,Anthem Blue Cross,LTC/Full-Dual - UIS Federally Eligible,132.37,,141.07
1/26-12/26,2026,Regional,Inyo,Anthem Blue Cross,Anthem Blue Cross,Maternity - UIS Federally Eligible,16447.13,,17110.95
1/26-12/26,2026,Regional,Inyo,Anthem Blue Cross,Anthem Blue Cross,Child - UIS State-Only,72.01,,78.26
1/26-12/26,2026,Regional,Inyo,Anthem Blue Cross,Anthem Blue Cross,Adult - UIS State-Only,158.13,,169.15
1/26-12/26,2026,Regional,Inyo,Anthem Blue Cross,Anthem Blue Cross,ACA Optional Expansion - UIS State-Only,277.32,,294.12
1/26-12/26,2026,Regional,Inyo,Anthem Blue Cross,Anthem Blue Cross,SPD - UIS State-Only,994.2,,1043.63
1/26-12/26,2026,Regional,Inyo,Anthem Blue Cross,Anthem Blue Cross,SPD/Full-Dual - UIS State-Only,665.01,,693.65
1/26-12/26,2026,Regional,Inyo,Anthem Blue Cross,Anthem Blue Cross,LTC - UIS State-Only,994.2,,1043.63
1/26-12/26,2026,Regional,Inyo,Anthem Blue Cross,Anthem Blue Cross,LTC/Full-Dual - UIS State-Only,665.01,,693.65
1/26-12/26,2026,Regional,Mono,Anthem Blue Cross,Anthem Blue Cross,Child - SIS,97.47,,106.49
1/26-12/26,2026,Regional,Mono,Anthem Blue Cross,Anthem Blue Cross,Adult - SIS,310.17,,330.87
1/26-12/26,2026,Regional,Mono,Anthem Blue Cross,Anthem Blue Cross,ACA Optional Expansion - SIS,428.66,,455.79
1/26-12/26,2026,Regional,Mono,Anthem Blue Cross,Anthem Blue Cross,SPD - SIS,1506.09,,1588.51
1/26-12/26,2026,Regional,Mono,Anthem Blue Cross,Anthem Blue Cross,SPD/Full-Dual - SIS,805.63,,839.69
1/26-12/26,2026,Regional,Mono,Anthem Blue Cross,Anthem Blue Cross,LTC - SIS,1506.09,,1588.51
1/26-12/26,2026,Regional,Mono,Anthem Blue Cross,Anthem Blue Cross,LTC/Full-Dual - SIS,805.63,,839.69
1/26-12/26,2026,Regional,Mono,Anthem Blue Cross,Anthem Blue Cross,Maternity - SIS,16447.13,,17110.95
1/26-12/26,2026,Regional,Mono,Anthem Blue Cross,Anthem Blue Cross,Child - UIS Federally Eligible,23.9,,26.51
1/26-12/26,2026,Regional,Mono,Anthem Blue Cross,Anthem Blue Cross,Adult - UIS Federally Eligible,125.04,,133.31
1/26-12/26,2026,Regional,Mono,Anthem Blue Cross,Anthem Blue Cross,ACA Optional Expansion - UIS Federally Eligible,144.89,,154.28
1/26-12/26,2026,Regional,Mono,Anthem Blue Cross,Anthem Blue Cross,SPD - UIS Federally Eligible,485.84,,514.36
1/26-12/26,2026,Regional,Mono,Anthem Blue Cross,Anthem Blue Cross,SPD/Full-Dual - UIS Federally Eligible,132.37,,141.07
1/26-12/26,2026,Regional,Mono,Anthem Blue Cross,Anthem Blue Cross,LTC - UIS Federally Eligible,485.84,,514.36
1/26-12/26,2026,Regional,Mono,Anthem Blue Cross,Anthem Blue Cross,LTC/Full-Dual - UIS Federally Eligible,132.37,,141.07
1/26-12/26,2026,Regional,Mono,Anthem Blue Cross,Anthem Blue Cross,Maternity - UIS Federally Eligible,16447.13,,17110.95
1/26-12/26,2026,Regional,Mono,Anthem Blue Cross,Anthem Blue Cross,Child - UIS State-Only,72.01,,78.26
1/26-12/26,2026,Regional,Mono,Anthem Blue Cross,Anthem Blue Cross,Adult - UIS State-Only,158.13,,169.15
1/26-12/26,2026,Regional,Mono,Anthem Blue Cross,Anthem Blue Cross,ACA Optional Expansion - UIS State-Only,277.32,,294.12
1/26-12/26,2026,Regional,Mono,Anthem Blue Cross,Anthem Blue Cross,SPD - UIS State-Only,994.2,,1043.63
1/26-12/26,2026,Regional,Mono,Anthem Blue Cross,Anthem Blue Cross,SPD/Full-Dual - UIS State-Only,665.01,,693.65
1/26-12/26,2026,Regional,Mono,Anthem Blue Cross,Anthem Blue Cross,LTC - UIS State-Only,994.2,,1043.63
1/26-12/26,2026,Regional,Mono,Anthem Blue Cross,Anthem Blue Cross,LTC/Full-Dual - UIS State-Only,665.01,,693.65
1/26-12/26,2026,Regional,Tuolumne,Anthem Blue Cross,Anthem Blue Cross,Child - SIS,97.47,,106.49
1/26-12/26,2026,Regional,Tuolumne,Anthem Blue Cross,Anthem Blue Cross,Adult - SIS,310.17,,330.87
1/26-12/26,2026,Regional,Tuolumne,Anthem Blue Cross,Anthem Blue Cross,ACA Optional Expansion - SIS,428.66,,455.79
1/26-12/26,2026,Regional,Tuolumne,Anthem Blue Cross,Anthem Blue Cross,SPD - SIS,1506.09,,1588.51
1/26-12/26,2026,Regional,Tuolumne,Anthem Blue Cross,Anthem Blue Cross,SPD/Full-Dual - SIS,805.63,,839.69
1/26-12/26,2026,Regional,Tuolumne,Anthem Blue Cross,Anthem Blue Cross,LTC - SIS,1506.09,,1588.51
1/26-12/26,2026,Regional,Tuolumne,Anthem Blue Cross,Anthem Blue Cross,LTC/Full-Dual - SIS,805.63,,839.69
1/26-12/26,2026,Regional,Tuolumne,Anthem Blue Cross,Anthem Blue Cross,Maternity - SIS,16447.13,,17110.95
1/26-12/26,2026,Regional,Tuolumne,Anthem Blue Cross,Anthem Blue Cross,Child - UIS Federally Eligible,23.9,,26.51
1/26-12/26,2026,Regional,Tuolumne,Anthem Blue Cross,Anthem Blue Cross,Adult - UIS Federally Eligible,125.04,,133.31
1/26-12/26,2026,Regional,Tuolumne,Anthem Blue Cross,Anthem Blue Cross,ACA Optional Expansion - UIS Federally Eligible,144.89,,154.28
1/26-12/26,2026,Regional,Tuolumne,Anthem Blue Cross,Anthem Blue Cross,SPD - UIS Federally Eligible,485.84,,514.36
1/26-12/26,2026,Regional,Tuolumne,Anthem Blue Cross,Anthem Blue Cross,SPD/Full-Dual - UIS Federally Eligible,132.37,,141.07
1/26-12/26,2026,Regional,Tuolumne,Anthem Blue Cross,Anthem Blue Cross,LTC - UIS Federally Eligible,485.84,,514.36
1/26-12/26,2026,Regional,Tuolumne,Anthem Blue Cross,Anthem Blue Cross,LTC/Full-Dual - UIS Federally Eligible,132.37,,141.07
1/26-12/26,2026,Regional,Tuolumne,Anthem Blue Cross,Anthem Blue Cross,Maternity - UIS Federally Eligible,16447.13,,17110.95
1/26-12/26,2026,Regional,Tuolumne,Anthem Blue Cross,Anthem Blue Cross,Child - UIS State-Only,72.01,,78.26
1/26-12/26,2026,Regional,Tuolumne,Anthem Blue Cross,Anthem Blue Cross,Adult - UIS State-Only,158.13,,169.15
1/26-12/26,2026,Regional,Tuolumne,Anthem Blue Cross,Anthem Blue Cross,ACA Optional Expansion - UIS State-Only,277.32,,294.12
1/26-12/26,2026,Regional,Tuolumne,Anthem Blue Cross,Anthem Blue Cross,SPD - UIS State-Only,994.2,,1043.63
1/26-12/26,2026,Regional,Tuolumne,Anthem Blue Cross,Anthem Blue Cross,SPD/Full-Dual - UIS State-Only,665.01,,693.65
1/26-12/26,2026,Regional,Tuolumne,Anthem Blue Cross,Anthem Blue Cross,LTC - UIS State-Only,994.2,,1043.63
1/26-12/26,2026,Regional,Tuolumne,Anthem Blue Cross,Anthem Blue Cross,LTC/Full-Dual - UIS State-Only,665.01,,693.65
1/26-12/26,2026,Regional,Amador,Health Net of California,Health Net,Child - SIS,85.77,,93.93
1/26-12/26,2026,Regional,Amador,Health Net of California,Health Net,Adult - SIS,334.78,,357.12
1/26-12/26,2026,Regional,Amador,Health Net of California,Health Net,ACA Optional Expansion - SIS,436.08,,463.71
1/26-12/26,2026,Regional,Amador,Health Net of California,Health Net,SPD - SIS,1313.15,,1384.47
1/26-12/26,2026,Regional,Amador,Health Net of California,Health Net,SPD/Full-Dual - SIS,835.31,,870.23
1/26-12/26,2026,Regional,Amador,Health Net of California,Health Net,LTC - SIS,1313.15,,1384.47
1/26-12/26,2026,Regional,Amador,Health Net of California,Health Net,LTC/Full-Dual - SIS,835.31,,870.23
1/26-12/26,2026,Regional,Amador,Health Net of California,Health Net,Maternity - SIS,16447.13,,17110.95
1/26-12/26,2026,Regional,Amador,Health Net of California,Health Net,Child - UIS Federally Eligible,23.9,,26.51
1/26-12/26,2026,Regional,Amador,Health Net of California,Health Net,Adult - UIS Federally Eligible,125.04,,133.31
1/26-12/26,2026,Regional,Amador,Health Net of California,Health Net,ACA Optional Expansion - UIS Federally Eligible,144.89,,154.28
1/26-12/26,2026,Regional,Amador,Health Net of California,Health Net,SPD - UIS Federally Eligible,485.84,,514.36
1/26-12/26,2026,Regional,Amador,Health Net of California,Health Net,SPD/Full-Dual - UIS Federally Eligible,132.37,,141.07
1/26-12/26,2026,Regional,Amador,Health Net of California,Health Net,LTC - UIS Federally Eligible,485.84,,514.36
1/26-12/26,2026,Regional,Amador,Health Net of California,Health Net,LTC/Full-Dual - UIS Federally Eligible,132.37,,141.07
1/26-12/26,2026,Regional,Amador,Health Net of California,Health Net,Maternity - UIS Federally Eligible,16447.13,,17110.95
1/26-12/26,2026,Regional,Amador,Health Net of California,Health Net,Child - UIS State-Only,72.01,,78.26
1/26-12/26,2026,Regional,Amador,Health Net of California,Health Net,Adult - UIS State-Only,158.13,,169.15
1/26-12/26,2026,Regional,Amador,Health Net of California,Health Net,ACA Optional Expansion - UIS State-Only,277.32,,294.12
1/26-12/26,2026,Regional,Amador,Health Net of California,Health Net,SPD - UIS State-Only,994.2,,1043.63
1/26-12/26,2026,Regional,Amador,Health Net of California,Health Net,SPD/Full-Dual - UIS State-Only,665.01,,693.65
1/26-12/26,2026,Regional,Amador,Health Net of California,Health Net,LTC - UIS State-Only,994.2,,1043.63
1/26-12/26,2026,Regional,Amador,Health Net of California,Health Net,LTC/Full-Dual - UIS State-Only,665.01,,693.65
1/26-12/26,2026,Regional,Calaveras,Health Net of California,Health Net,Child - SIS,85.77,,93.93
1/26-12/26,2026,Regional,Calaveras,Health Net of California,Health Net,Adult - SIS,334.78,,357.12
1/26-12/26,2026,Regional,Calaveras,Health Net of California,Health Net,ACA Optional Expansion - SIS,436.08,,463.71
1/26-12/26,2026,Regional,Calaveras,Health Net of California,Health Net,SPD - SIS,1313.15,,1384.47
1/26-12/26,2026,Regional,Calaveras,Health Net of California,Health Net,SPD/Full-Dual - SIS,835.31,,870.23
1/26-12/26,2026,Regional,Calaveras,Health Net of California,Health Net,LTC - SIS,1313.15,,1384.47
1/26-12/26,2026,Regional,Calaveras,Health Net of California,Health Net,LTC/Full-Dual - SIS,835.31,,870.23
1/26-12/26,2026,Regional,Calaveras,Health Net of California,Health Net,Maternity - SIS,16447.13,,17110.95
1/26-12/26,2026,Regional,Calaveras,Health Net of California,Health Net,Child - UIS Federally Eligible,23.9,,26.51
1/26-12/26,2026,Regional,Calaveras,Health Net of California,Health Net,Adult - UIS Federally Eligible,125.04,,133.31
1/26-12/26,2026,Regional,Calaveras,Health Net of California,Health Net,ACA Optional Expansion - UIS Federally Eligible,144.89,,154.28
1/26-12/26,2026,Regional,Calaveras,Health Net of California,Health Net,SPD - UIS Federally Eligible,485.84,,514.36
1/26-12/26,2026,Regional,Calaveras,Health Net of California,Health Net,SPD/Full-Dual - UIS Federally Eligible,132.37,,141.07
1/26-12/26,2026,Regional,Calaveras,Health Net of California,Health Net,LTC - UIS Federally Eligible,485.84,,514.36
1/26-12/26,2026,Regional,Calaveras,Health Net of California,Health Net,LTC/Full-Dual - UIS Federally Eligible,132.37,,141.07
1/26-12/26,2026,Regional,Calaveras,Health Net of California,Health Net,Maternity - UIS Federally Eligible,16447.13,,17110.95
1/26-12/26,2026,Regional,Calaveras,Health Net of California,Health Net,Child - UIS State-Only,72.01,,78.26
1/26-12/26,2026,Regional,Calaveras,Health Net of California,Health Net,Adult - UIS State-Only,158.13,,169.15
1/26-12/26,2026,Regional,Calaveras,Health Net of California,Health Net,ACA Optional Expansion - UIS State-Only,277.32,,294.12
1/26-12/26,2026,Regional,Calaveras,Health Net of California,Health Net,SPD - UIS State-Only,994.2,,1043.63
1/26-12/26,2026,Regional,Calaveras,Health Net of California,Health Net,SPD/Full-Dual - UIS State-Only,665.01,,693.65
1/26-12/26,2026,Regional,Calaveras,Health Net of California,Health Net,LTC - UIS State-Only,994.2,,1043.63
1/26-12/26,2026,Regional,Calaveras,Health Net of California,Health Net,LTC/Full-Dual - UIS State-Only,665.01,,693.65
1/26-12/26,2026,Regional,Inyo,Health Net of California,Health Net,Child - SIS,85.77,,93.93
1/26-12/26,2026,Regional,Inyo,Health Net of California,Health Net,Adult - SIS,334.78,,357.12
1/26-12/26,2026,Regional,Inyo,Health Net of California,Health Net,ACA Optional Expansion - SIS,436.08,,463.71
1/26-12/26,2026,Regional,Inyo,Health Net of California,Health Net,SPD - SIS,1313.15,,1384.47
1/26-12/26,2026,Regional,Inyo,Health Net of California,Health Net,SPD/Full-Dual - SIS,835.31,,870.23
1/26-12/26,2026,Regional,Inyo,Health Net of California,Health Net,LTC - SIS,1313.15,,1384.47
1/26-12/26,2026,Regional,Inyo,Health Net of California,Health Net,LTC/Full-Dual - SIS,835.31,,870.23
1/26-12/26,2026,Regional,Inyo,Health Net of California,Health Net,Maternity - SIS,16447.13,,17110.95
1/26-12/26,2026,Regional,Inyo,Health Net of California,Health Net,Child - UIS Federally Eligible,23.9,,26.51
1/26-12/26,2026,Regional,Inyo,Health Net of California,Health Net,Adult - UIS Federally Eligible,125.04,,133.31
1/26-12/26,2026,Regional,Inyo,Health Net of California,Health Net,ACA Optional Expansion - UIS Federally Eligible,144.89,,154.28
1/26-12/26,2026,Regional,Inyo,Health Net of California,Health Net,SPD - UIS Federally Eligible,485.84,,514.36
1/26-12/26,2026,Regional,Inyo,Health Net of California,Health Net,SPD/Full-Dual - UIS Federally Eligible,132.37,,141.07
1/26-12/26,2026,Regional,Inyo,Health Net of California,Health Net,LTC - UIS Federally Eligible,485.84,,514.36
1/26-12/26,2026,Regional,Inyo,Health Net of California,Health Net,LTC/Full-Dual - UIS Federally Eligible,132.37,,141.07
1/26-12/26,2026,Regional,Inyo,Health Net of California,Health Net,Maternity - UIS Federally Eligible,16447.13,,17110.95
1/26-12/26,2026,Regional,Inyo,Health Net of California,Health Net,Child - UIS State-Only,72.01,,78.26
1/26-12/26,2026,Regional,Inyo,Health Net of California,Health Net,Adult - UIS State-Only,158.13,,169.15
1/26-12/26,2026,Regional,Inyo,Health Net of California,Health Net,ACA Optional Expansion - UIS State-Only,277.32,,294.12
1/26-12/26,2026,Regional,Inyo,Health Net of California,Health Net,SPD - UIS State-Only,994.2,,1043.63
1/26-12/26,2026,Regional,Inyo,Health Net of California,Health Net,SPD/Full-Dual - UIS State-Only,665.01,,693.65
1/26-12/26,2026,Regional,Inyo,Health Net of California,Health Net,LTC - UIS State-Only,994.2,,1043.63
1/26-12/26,2026,Regional,Inyo,Health Net of California,Health Net,LTC/Full-Dual - UIS State-Only,665.01,,693.65
1/26-12/26,2026,Regional,Mono,Health Net of California,Health Net,Child - SIS,85.77,,93.93
1/26-12/26,2026,Regional,Mono,Health Net of California,Health Net,Adult - SIS,334.78,,357.12
1/26-12/26,2026,Regional,Mono,Health Net of California,Health Net,ACA Optional Expansion - SIS,436.08,,463.71
1/26-12/26,2026,Regional,Mono,Health Net of California,Health Net,SPD - SIS,1313.15,,1384.47
1/26-12/26,2026,Regional,Mono,Health Net of California,Health Net,SPD/Full-Dual - SIS,835.31,,870.23
1/26-12/26,2026,Regional,Mono,Health Net of California,Health Net,LTC - SIS,1313.15,,1384.47
1/26-12/26,2026,Regional,Mono,Health Net of California,Health Net,LTC/Full-Dual - SIS,835.31,,870.23
1/26-12/26,2026,Regional,Mono,Health Net of California,Health Net,Maternity - SIS,16447.13,,17110.95
1/26-12/26,2026,Regional,Mono,Health Net of California,Health Net,Child - UIS Federally Eligible,23.9,,26.51
1/26-12/26,2026,Regional,Mono,Health Net of California,Health Net,Adult - UIS Federally Eligible,125.04,,133.31
1/26-12/26,2026,Regional,Mono,Health Net of California,Health Net,ACA Optional Expansion - UIS Federally Eligible,144.89,,154.28
1/26-12/26,2026,Regional,Mono,Health Net of California,Health Net,SPD - UIS Federally Eligible,485.84,,514.36
1/26-12/26,2026,Regional,Mono,Health Net of California,Health Net,SPD/Full-Dual - UIS Federally Eligible,132.37,,141.07
1/26-12/26,2026,Regional,Mono,Health Net of California,Health Net,LTC - UIS Federally Eligible,485.84,,514.36
1/26-12/26,2026,Regional,Mono,Health Net of California,Health Net,LTC/Full-Dual - UIS Federally Eligible,132.37,,141.07
1/26-12/26,2026,Regional,Mono,Health Net of California,Health Net,Maternity - UIS Federally Eligible,16447.13,,17110.95
1/26-12/26,2026,Regional,Mono,Health Net of California,Health Net,Child - UIS State-Only,72.01,,78.26
1/26-12/26,2026,Regional,Mono,Health Net of California,Health Net,Adult - UIS State-Only,158.13,,169.15
1/26-12/26,2026,Regional,Mono,Health Net of California,Health Net,ACA Optional Expansion - UIS State-Only,277.32,,294.12
1/26-12/26,2026,Regional,Mono,Health Net of California,Health Net,SPD - UIS State-Only,994.2,,1043.63
1/26-12/26,2026,Regional,Mono,Health Net of California,Health Net,SPD/Full-Dual - UIS State-Only,665.01,,693.65
1/26-12/26,2026,Regional,Mono,Health Net of California,Health Net,LTC - UIS State-Only,994.2,,1043.63
1/26-12/26,2026,Regional,Mono,Health Net of California,Health Net,LTC/Full-Dual - UIS State-Only,665.01,,693.65
1/26-12/26,2026,Regional,Tuolumne,Health Net of California,Health Net,Child - SIS,85.77,,93.93
1/26-12/26,2026,Regional,Tuolumne,Health Net of California,Health Net,Adult - SIS,334.78,,357.12
1/26-12/26,2026,Regional,Tuolumne,Health Net of California,Health Net,ACA Optional Expansion - SIS,436.08,,463.71
1/26-12/26,2026,Regional,Tuolumne,Health Net of California,Health Net,SPD - SIS,1313.15,,1384.47
1/26-12/26,2026,Regional,Tuolumne,Health Net of California,Health Net,SPD/Full-Dual - SIS,835.31,,870.23
1/26-12/26,2026,Regional,Tuolumne,Health Net of California,Health Net,LTC - SIS,1313.15,,1384.47
1/26-12/26,2026,Regional,Tuolumne,Health Net of California,Health Net,LTC/Full-Dual - SIS,835.31,,870.23
1/26-12/26,2026,Regional,Tuolumne,Health Net of California,Health Net,Maternity - SIS,16447.13,,17110.95
1/26-12/26,2026,Regional,Tuolumne,Health Net of California,Health Net,Child - UIS Federally Eligible,23.9,,26.51
1/26-12/26,2026,Regional,Tuolumne,Health Net of California,Health Net,Adult - UIS Federally Eligible,125.04,,133.31
1/26-12/26,2026,Regional,Tuolumne,Health Net of California,Health Net,ACA Optional Expansion - UIS Federally Eligible,144.89,,154.28
1/26-12/26,2026,Regional,Tuolumne,Health Net of California,Health Net,SPD - UIS Federally Eligible,485.84,,514.36
1/26-12/26,2026,Regional,Tuolumne,Health Net of California,Health Net,SPD/Full-Dual - UIS Federally Eligible,132.37,,141.07
1/26-12/26,2026,Regional,Tuolumne,Health Net of California,Health Net,LTC - UIS Federally Eligible,485.84,,514.36
1/26-12/26,2026,Regional,Tuolumne,Health Net of California,Health Net,LTC/Full-Dual - UIS Federally Eligible,132.37,,141.07
1/26-12/26,2026,Regional,Tuolumne,Health Net of California,Health Net,Maternity - UIS Federally Eligible,16447.13,,17110.95
1/26-12/26,2026,Regional,Tuolumne,Health Net of California,Health Net,Child - UIS State-Only,72.01,,78.26
1/26-12/26,2026,Regional,Tuolumne,Health Net of California,Health Net,Adult - UIS State-Only,158.13,,169.15
1/26-12/26,2026,Regional,Tuolumne,Health Net of California,Health Net,ACA Optional Expansion - UIS State-Only,277.32,,294.12
1/26-12/26,2026,Regional,Tuolumne,Health Net of California,Health Net,SPD - UIS State-Only,994.2,,1043.63
1/26-12/26,2026,Regional,Tuolumne,Health Net of California,Health Net,SPD/Full-Dual - UIS State-Only,665.01,,693.65
1/26-12/26,2026,Regional,Tuolumne,Health Net of California,Health Net,LTC - UIS State-Only,994.2,,1043.63
1/26-12/26,2026,Regional,Tuolumne,Health Net of California,Health Net,LTC/Full-Dual - UIS State-Only,665.01,,693.65
1/26-12/26,2026,Regional,Amador,Kaiser Permanente,Kaiser Permanente,Child - SIS,92.94,,101.63
1/26-12/26,2026,Regional,Amador,Kaiser Permanente,Kaiser Permanente,Adult - SIS,319.66,,340.99
1/26-12/26,2026,Regional,Amador,Kaiser Permanente,Kaiser Permanente,ACA Optional Expansion - SIS,431.81,,459.15
1/26-12/26,2026,Regional,Amador,Kaiser Permanente,Kaiser Permanente,SPD - SIS,1423.23,,1500.88
1/26-12/26,2026,Regional,Amador,Kaiser Permanente,Kaiser Permanente,SPD/Full-Dual - SIS,817.47,,851.88
1/26-12/26,2026,Regional,Amador,Kaiser Permanente,Kaiser Permanente,LTC - SIS,1423.23,,1500.88
1/26-12/26,2026,Regional,Amador,Kaiser Permanente,Kaiser Permanente,LTC/Full-Dual - SIS,817.47,,851.88
1/26-12/26,2026,Regional,Amador,Kaiser Permanente,Kaiser Permanente,Maternity - SIS,16447.13,,17110.95
1/26-12/26,2026,Regional,Amador,Kaiser Permanente,Kaiser Permanente,Child - UIS Federally Eligible,23.9,,26.51
1/26-12/26,2026,Regional,Amador,Kaiser Permanente,Kaiser Permanente,Adult - UIS Federally Eligible,125.04,,133.31
1/26-12/26,2026,Regional,Amador,Kaiser Permanente,Kaiser Permanente,ACA Optional Expansion - UIS Federally Eligible,144.89,,154.28
1/26-12/26,2026,Regional,Amador,Kaiser Permanente,Kaiser Permanente,SPD - UIS Federally Eligible,485.84,,514.36
1/26-12/26,2026,Regional,Amador,Kaiser Permanente,Kaiser Permanente,SPD/Full-Dual - UIS Federally Eligible,132.37,,141.07
1/26-12/26,2026,Regional,Amador,Kaiser Permanente,Kaiser Permanente,LTC - UIS Federally Eligible,485.84,,514.36
1/26-12/26,2026,Regional,Amador,Kaiser Permanente,Kaiser Permanente,LTC/Full-Dual - UIS Federally Eligible,132.37,,141.07
1/26-12/26,2026,Regional,Amador,Kaiser Permanente,Kaiser Permanente,Maternity - UIS Federally Eligible,16447.13,,17110.95
1/26-12/26,2026,Regional,Amador,Kaiser Permanente,Kaiser Permanente,Child - UIS State-Only,72.01,,78.26
1/26-12/26,2026,Regional,Amador,Kaiser Permanente,Kaiser Permanente,Adult - UIS State-Only,158.13,,169.15
1/26-12/26,2026,Regional,Amador,Kaiser Permanente,Kaiser Permanente,ACA Optional Expansion - UIS State-Only,277.32,,294.12
1/26-12/26,2026,Regional,Amador,Kaiser Permanente,Kaiser Permanente,SPD - UIS State-Only,994.2,,1043.63
1/26-12/26,2026,Regional,Amador,Kaiser Permanente,Kaiser Permanente,SPD/Full-Dual - UIS State-Only,665.01,,693.65
1/26-12/26,2026,Regional,Amador,Kaiser Permanente,Kaiser Permanente,LTC - UIS State-Only,994.2,,1043.63
1/26-12/26,2026,Regional,Amador,Kaiser Permanente,Kaiser Permanente,LTC/Full-Dual - UIS State-Only,665.01,,693.65
