Rating Period,Calendar Year,Model,County,Health Plan,Brand,Category of Aid,Lower Bound,Midpoint,Upper Bound,AWOP
01/2021-6/2021,2021,PACE,Los Angeles,AltaMed Senior Care,AltaMed Senior Care,Full-Dual,4024.7,4276.74,4557.53,5661.31
01/2021-6/2021,2021,PACE,Los Angeles,AltaMed Senior Care,AltaMed Senior Care,Non-Dual,5967.92,6348.96,6773.52,8612.26
01/2021-6/2021,2021,PACE,Orange,AltaMed Senior Care,AltaMed Senior Care,Full-Dual,4052.43,4309.35,4595.58,5369.85
01/2021-6/2021,2021,PACE,Orange,AltaMed Senior Care,AltaMed Senior Care,Non-Dual,6760.63,7197.81,7684.97,9422.59
01/2021-6/2021,2021,PACE,Kern,Bakersfield,Bakersfield,Full-Dual,4649.56,4940.29,5264.16,5244.96
01/2021-6/2021,2021,PACE,Kern,Bakersfield,Bakersfield,Non-Dual,7050.98,7500.85,8002.1,9728.24
01/2021-6/2021,2021,PACE,Tulare,Bakersfield,Bakersfield,Full-Dual,4649.56,4940.29,5264.16,5244.96
01/2021-6/2021,2021,PACE,Tulare,Bakersfield,Bakersfield,Non-Dual,7050.98,7500.85,8002.1,9728.24
01/2021-6/2021,2021,PACE,Los Angeles,Brandman Centers For Senior Care,Brandman Centers For Senior Care,Full-Dual,4154.83,4419.4,4714.16,5661.31
01/2021-6/2021,2021,PACE,Los Angeles,Brandman Centers For Senior Care,Brandman Centers For Senior Care,Non-Dual,6652.72,7084.69,7566.06,8612.26
01/2021-6/2021,2021,PACE,Orange,CalOptima,CalOptima,Full-Dual,3749.0,3989.85,4258.22,5369.85
01/2021-6/2021,2021,PACE,Orange,CalOptima,CalOptima,Non-Dual,7018.81,7477.65,7989.0,9422.59
01/2021-6/2021,2021,PACE,Alameda,Center For Elders Independence (CEI),Center For Elders Independence (CEI),Full-Dual,5746.96,6121.52,6538.9,6386.93
01/2021-6/2021,2021,PACE,Alameda,Center For Elders Independence (CEI),Center For Elders Independence (CEI),Non-Dual,7959.14,8481.4,9063.43,10484.38
01/2021-6/2021,2021,PACE,Contra Costa,Center For Elders Independence (CEI),Center For Elders Independence (CEI),Full-Dual,5746.96,6121.52,6538.9,5989.92
01/2021-6/2021,2021,PACE,Contra Costa,Center For Elders Independence (CEI),Center For Elders Independence (CEI),Non-Dual,7959.14,8481.4,9063.43,9707.31
01/2021-6/2021,2021,PACE,San Joaquin,Central Valley,Central Valley,Full-Dual,5394.85,5733.54,6110.85,5772.77
01/2021-6/2021,2021,PACE,San Joaquin,Central Valley,Central Valley,Non-Dual,8265.16,8794.17,9383.61,9506.62
01/2021-6/2021,2021,PACE,Stanislaus,Central Valley,Central Valley,Full-Dual,5394.85,5733.54,6110.85,5772.77
01/2021-6/2021,2021,PACE,Stanislaus,Central Valley,Central Valley,Non-Dual,8265.16,8794.17,9383.61,9506.62
01/2021-6/2021,2021,PACE,San Diego,Family Health Center,Family Health Center,Full-Dual,4602.12,4893.4,5217.93,5409.63
01/2021-6/2021,2021,PACE,San Diego,Family Health Center,Family Health Center,Non-Dual,6838.64,7279.56,7770.88,8914.41
01/2021-6/2021,2021,PACE,San Diego,Gary & Mary West,Gary & Mary West,Full-Dual,4804.22,5108.29,5447.07,5409.63
01/2021-6/2021,2021,PACE,San Diego,Gary & Mary West,Gary & Mary West,Non-Dual,6936.64,7383.88,7882.24,8914.41
01/2021-6/2021,2021,PACE,El Dorado,InnovAge,InnovAge,Full-Dual,4974.66,5292.0,5645.57,5832.69
01/2021-6/2021,2021,PACE,El Dorado,InnovAge,InnovAge,Non-Dual,7853.65,8362.23,8928.95,9625.96
01/2021-6/2021,2021,PACE,Placer,InnovAge,InnovAge,Full-Dual,4974.66,5292.0,5645.57,5832.69
01/2021-6/2021,2021,PACE,Placer,InnovAge,InnovAge,Non-Dual,7853.65,8362.23,8928.95,9625.96
01/2021-6/2021,2021,PACE,Riverside,InnovAge,InnovAge,Full-Dual,4420.81,4710.93,5034.23,5109.69
01/2021-6/2021,2021,PACE,Riverside,InnovAge,InnovAge,Non-Dual,7426.9,7917.03,8463.27,9723.52
01/2021-6/2021,2021,PACE,Sacramento,InnovAge,InnovAge,Full-Dual,4974.66,5292.0,5645.57,5832.69
01/2021-6/2021,2021,PACE,Sacramento,InnovAge,InnovAge,Non-Dual,7853.65,8362.23,8928.95,9625.96
01/2021-6/2021,2021,PACE,San Bernardino,InnovAge,InnovAge,Full-Dual,4420.81,4710.93,5034.23,5109.69
01/2021-6/2021,2021,PACE,San Bernardino,InnovAge,InnovAge,Non-Dual,7426.9,7917.03,8463.27,9723.52
01/2021-6/2021,2021,PACE,San Joaquin,InnovAge,InnovAge,Full-Dual,4974.66,5292.0,5645.57,5832.69
01/2021-6/2021,2021,PACE,San Joaquin,InnovAge,InnovAge,Non-Dual,7853.65,8362.23,8928.95,9625.96
01/2021-6/2021,2021,PACE,Sutter,InnovAge,InnovAge,Full-Dual,4974.66,5292.0,5645.57,5832.69
01/2021-6/2021,2021,PACE,Sutter,InnovAge,InnovAge,Non-Dual,7853.65,8362.23,8928.95,9625.96
01/2021-6/2021,2021,PACE,Yuba,InnovAge,InnovAge,Full-Dual,4974.66,5292.0,5645.57,5832.69
01/2021-6/2021,2021,PACE,Yuba,InnovAge,InnovAge,Non-Dual,7853.65,8362.23,8928.95,9625.96
01/2021-6/2021,2021,PACE,Fresno,Innovative Integrated Health,Innovative Integrated Health,Full-Dual,3960.99,4206.17,4479.28,5371.11
01/2021-6/2021,2021,PACE,Fresno,Innovative Integrated Health,Innovative Integrated Health,Non-Dual,5925.24,6300.27,6718.1,8658.41
01/2021-6/2021,2021,PACE,Orange,Innovative Integrated Health,Innovative Integrated Health,Full-Dual,4230.22,4500.81,4802.36,5369.85
01/2021-6/2021,2021,PACE,Orange,Innovative Integrated Health,Innovative Integrated Health,Non-Dual,7068.53,7531.51,8047.59,9422.59
01/2021-6/2021,2021,PACE,Los Angeles,LA Coast,LA Coast,Full-Dual,4522.49,4810.47,5131.31,5661.31
01/2021-6/2021,2021,PACE,Los Angeles,LA Coast,LA Coast,Non-Dual,7779.7,8284.88,8847.85,8612.26
01/2021-6/2021,2021,PACE,Riverside,Neighborhood Healthcare,Neighborhood Healthcare,Full-Dual,4506.36,4804.85,5137.59,5109.69
01/2021-6/2021,2021,PACE,Riverside,Neighborhood Healthcare,Neighborhood Healthcare,Non-Dual,7365.16,7857.92,8407.27,9723.52
01/2021-6/2021,2021,PACE,San Bernardino,Neighborhood Healthcare,Neighborhood Healthcare,Full-Dual,4506.36,4804.85,5137.59,5109.69
01/2021-6/2021,2021,PACE,San Bernardino,Neighborhood Healthcare,Neighborhood Healthcare,Non-Dual,7365.16,7857.92,8407.27,9723.52
01/2021-6/2021,2021,PACE,San Francisco,North East Medical Services,North East Medical Services,Full-Dual,7674.05,8149.85,8679.85,8390.06
01/2021-6/2021,2021,PACE,San Francisco,North East Medical Services,North East Medical Services,Non-Dual,9361.34,9963.92,10635.36,12413.46
01/2021-6/2021,2021,PACE,Alameda,On Lok Lifeways,On Lok Lifeways,Full-Dual,5834.62,6203.1,6613.6,6386.93
01/2021-6/2021,2021,PACE,Alameda,On Lok Lifeways,On Lok Lifeways,Non-Dual,7228.82,7702.7,8230.82,10484.38
01/2021-6/2021,2021,PACE,San Francisco,On Lok Lifeways,On Lok Lifeways,Full-Dual,7450.54,7912.48,8427.03,8390.06
01/2021-6/2021,2021,PACE,San Francisco,On Lok Lifeways,On Lok Lifeways,Non-Dual,9088.79,9673.82,10325.7,12413.46
01/2021-6/2021,2021,PACE,Santa Clara,On Lok Lifeways,On Lok Lifeways,Full-Dual,5776.55,6143.09,6551.45,6101.44
01/2021-6/2021,2021,PACE,Santa Clara,On Lok Lifeways,On Lok Lifeways,Non-Dual,7589.54,8086.74,8640.85,9377.88
01/2021-6/2021,2021,PACE,Los Angeles,Pacific PACE,Pacific PACE,Full-Dual,4489.07,4774.92,5093.39,5661.31
01/2021-6/2021,2021,PACE,Los Angeles,Pacific PACE,Pacific PACE,Non-Dual,7722.24,8223.69,8782.5,8612.26
01/2021-6/2021,2021,PACE,Humboldt,Redwood Coast,Redwood Coast,Full-Dual,4976.43,5286.24,5631.36,6368.48
01/2021-6/2021,2021,PACE,Humboldt,Redwood Coast,Redwood Coast,Non-Dual,7666.41,8154.82,8699.0,10501.71
01/2021-6/2021,2021,PACE,San Diego,San Diego PACE,San Diego PACE,Full-Dual,4341.52,4616.31,4922.45,5409.63
01/2021-6/2021,2021,PACE,San Diego,San Diego PACE,San Diego PACE,Non-Dual,6458.62,6875.02,7339.02,8914.41
01/2021-6/2021,2021,PACE,Fresno,Sequoia,Sequoia,Full-Dual,4607.95,4895.65,5216.15,5348.65
01/2021-6/2021,2021,PACE,Fresno,Sequoia,Sequoia,Non-Dual,6973.96,7418.4,7913.61,8779.3
01/2021-6/2021,2021,PACE,Kings,Sequoia,Sequoia,Full-Dual,4607.95,4895.65,5216.15,5348.65
01/2021-6/2021,2021,PACE,Kings,Sequoia,Sequoia,Non-Dual,6973.96,7418.4,7913.61,8779.3
01/2021-6/2021,2021,PACE,Madera,Sequoia,Sequoia,Full-Dual,4607.95,4895.65,5216.15,5348.65
01/2021-6/2021,2021,PACE,Madera,Sequoia,Sequoia,Non-Dual,6973.96,7418.4,7913.61,8779.3
01/2021-6/2021,2021,PACE,Tulare,Sequoia,Sequoia,Full-Dual,4607.95,4895.65,5216.15,5348.65
01/2021-6/2021,2021,PACE,Tulare,Sequoia,Sequoia,Non-Dual,6973.96,7418.4,7913.61,8779.3
01/2021-6/2021,2021,PACE,San Diego,St. Paul's PACE,St. Paul's PACE,Full-Dual,3769.25,4011.84,4282.16,5409.63
01/2021-6/2021,2021,PACE,San Diego,St. Paul's PACE,St. Paul's PACE,Non-Dual,5544.3,5907.14,6311.5,8914.41
01/2021-6/2021,2021,PACE,San Joaquin,Stockton PACE,Stockton PACE,Full-Dual,5276.14,5607.37,5976.38,5772.77
01/2021-6/2021,2021,PACE,San Joaquin,Stockton PACE,Stockton PACE,Non-Dual,8083.37,8600.74,9177.21,9506.62
01/2021-6/2021,2021,PACE,Stanislaus,Stockton PACE,Stockton PACE,Full-Dual,5276.14,5607.37,5976.38,5772.77
01/2021-6/2021,2021,PACE,Stanislaus,Stockton PACE,Stockton PACE,Non-Dual,8083.37,8600.74,9177.21,9506.62
01/2021-6/2021,2021,PACE,Sacramento,Sutter Senior Care,Sutter Senior Care,Full-Dual,5199.43,5526.25,5890.34,6143.16
01/2021-6/2021,2021,PACE,Sacramento,Sutter Senior Care,Sutter Senior Care,Non-Dual,7940.49,8449.18,9015.99,9766.62
07/2021-12/2021,2021,PACE,Los Angeles,AltaMed Senior Care,AltaMed Senior Care,Full-Dual,4024.7,4276.74,4557.53,5642.46
07/2021-12/2021,2021,PACE,Los Angeles,AltaMed Senior Care,AltaMed Senior Care,Non-Dual,5967.92,6348.96,6773.52,8573.35
07/2021-12/2021,2021,PACE,Orange,AltaMed Senior Care,AltaMed Senior Care,Full-Dual,4052.43,4309.35,4595.58,5347.24
07/2021-12/2021,2021,PACE,Orange,AltaMed Senior Care,AltaMed Senior Care,Non-Dual,6760.63,7197.81,7684.97,9373.33
07/2021-12/2021,2021,PACE,Kern,Bakersfield,Bakersfield,Full-Dual,4649.56,4940.29,5264.16,5237.67
07/2021-12/2021,2021,PACE,Kern,Bakersfield,Bakersfield,Non-Dual,7050.98,7500.85,8002.1,9696.95
07/2021-12/2021,2021,PACE,Tulare,Bakersfield,Bakersfield,Full-Dual,4649.56,4940.29,5264.16,5237.67
07/2021-12/2021,2021,PACE,Tulare,Bakersfield,Bakersfield,Non-Dual,7050.98,7500.85,8002.1,9696.95
07/2021-12/2021,2021,PACE,Los Angeles,Brandman Centers For Senior Care,Brandman Centers For Senior Care,Full-Dual,4154.83,4419.4,4714.16,5642.46
07/2021-12/2021,2021,PACE,Los Angeles,Brandman Centers For Senior Care,Brandman Centers For Senior Care,Non-Dual,6652.72,7084.69,7566.06,8573.35
07/2021-12/2021,2021,PACE,Orange,CalOptima,CalOptima,Full-Dual,3749.0,3989.85,4258.22,5347.24
07/2021-12/2021,2021,PACE,Orange,CalOptima,CalOptima,Non-Dual,7018.81,7477.65,7989.0,9373.33
07/2021-12/2021,2021,PACE,Alameda,Center For Elders Independence (CEI),Center For Elders Independence (CEI),Full-Dual,5746.96,6121.52,6538.9,6378.61
07/2021-12/2021,2021,PACE,Alameda,Center For Elders Independence (CEI),Center For Elders Independence (CEI),Non-Dual,7959.14,8481.4,9063.43,10461.37
07/2021-12/2021,2021,PACE,Contra Costa,Center For Elders Independence (CEI),Center For Elders Independence (CEI),Full-Dual,5746.96,6121.52,6538.9,5983.03
07/2021-12/2021,2021,PACE,Contra Costa,Center For Elders Independence (CEI),Center For Elders Independence (CEI),Non-Dual,7959.14,8481.4,9063.43,9688.46
07/2021-12/2021,2021,PACE,San Joaquin,Central Valley,Central Valley,Full-Dual,5394.85,5733.54,6110.85,5766.3
07/2021-12/2021,2021,PACE,San Joaquin,Central Valley,Central Valley,Non-Dual,8265.16,8794.17,9383.61,9480.44
07/2021-12/2021,2021,PACE,Stanislaus,Central Valley,Central Valley,Full-Dual,5394.85,5733.54,6110.85,5766.3
07/2021-12/2021,2021,PACE,Stanislaus,Central Valley,Central Valley,Non-Dual,8265.16,8794.17,9383.61,9480.44
07/2021-12/2021,2021,PACE,San Diego,Family Health Center,Family Health Center,Full-Dual,4602.12,4893.4,5217.93,5398.44
07/2021-12/2021,2021,PACE,San Diego,Family Health Center,Family Health Center,Non-Dual,6838.64,7279.56,7770.88,8882.85
07/2021-12/2021,2021,PACE,San Diego,Gary & Mary West,Gary & Mary West,Full-Dual,4804.22,5108.29,5447.07,5398.44
07/2021-12/2021,2021,PACE,San Diego,Gary & Mary West,Gary & Mary West,Non-Dual,6936.64,7383.88,7882.24,8882.85
07/2021-12/2021,2021,PACE,El Dorado,InnovAge,InnovAge,Full-Dual,4974.66,5292.0,5645.57,5826.06
07/2021-12/2021,2021,PACE,El Dorado,InnovAge,InnovAge,Non-Dual,7853.65,8362.23,8928.95,9601.43
07/2021-12/2021,2021,PACE,Placer,InnovAge,InnovAge,Full-Dual,4974.66,5292.0,5645.57,5826.06
07/2021-12/2021,2021,PACE,Placer,InnovAge,InnovAge,Non-Dual,7853.65,8362.23,8928.95,9601.43
07/2021-12/2021,2021,PACE,Riverside,InnovAge,InnovAge,Full-Dual,4420.81,4710.93,5034.23,5094.63
07/2021-12/2021,2021,PACE,Riverside,InnovAge,InnovAge,Non-Dual,7426.9,7917.03,8463.27,9686.31
07/2021-12/2021,2021,PACE,Sacramento,InnovAge,InnovAge,Full-Dual,4974.66,5292.0,5645.57,5826.06
07/2021-12/2021,2021,PACE,Sacramento,InnovAge,InnovAge,Non-Dual,7853.65,8362.23,8928.95,9601.43
07/2021-12/2021,2021,PACE,San Bernardino,InnovAge,InnovAge,Full-Dual,4420.81,4710.93,5034.23,5094.63
07/2021-12/2021,2021,PACE,San Bernardino,InnovAge,InnovAge,Non-Dual,7426.9,7917.03,8463.27,9686.31
07/2021-12/2021,2021,PACE,San Joaquin,InnovAge,InnovAge,Full-Dual,4974.66,5292.0,5645.57,5826.06
07/2021-12/2021,2021,PACE,San Joaquin,InnovAge,InnovAge,Non-Dual,7853.65,8362.23,8928.95,9601.43
07/2021-12/2021,2021,PACE,Sutter,InnovAge,InnovAge,Full-Dual,4974.66,5292.0,5645.57,5826.06
07/2021-12/2021,2021,PACE,Sutter,InnovAge,InnovAge,Non-Dual,7853.65,8362.23,8928.95,9601.43
07/2021-12/2021,2021,PACE,Yuba,InnovAge,InnovAge,Full-Dual,4974.66,5292.0,5645.57,5826.06
07/2021-12/2021,2021,PACE,Yuba,InnovAge,InnovAge,Non-Dual,7853.65,8362.23,8928.95,9601.43
07/2021-12/2021,2021,PACE,Fresno,Innovative Integrated Health,Innovative Integrated Health,Full-Dual,3960.99,4206.17,4479.28,5362.29
07/2021-12/2021,2021,PACE,Fresno,Innovative Integrated Health,Innovative Integrated Health,Non-Dual,5925.24,6300.27,6718.1,8631.92
07/2021-12/2021,2021,PACE,Orange,Innovative Integrated Health,Innovative Integrated Health,Full-Dual,4230.22,4500.81,4802.36,5347.24
07/2021-12/2021,2021,PACE,Orange,Innovative Integrated Health,Innovative Integrated Health,Non-Dual,7068.53,7531.51,8047.59,9373.33
07/2021-12/2021,2021,PACE,Los Angeles,LA Coast,LA Coast,Full-Dual,4522.49,4810.47,5131.31,5642.46
07/2021-12/2021,2021,PACE,Los Angeles,LA Coast,LA Coast,Non-Dual,7779.7,8284.88,8847.85,8573.35
07/2021-12/2021,2021,PACE,Riverside,Neighborhood Healthcare,Neighborhood Healthcare,Full-Dual,4506.36,4804.85,5137.59,5094.63
07/2021-12/2021,2021,PACE,Riverside,Neighborhood Healthcare,Neighborhood Healthcare,Non-Dual,7365.16,7857.92,8407.27,9686.31
07/2021-12/2021,2021,PACE,San Bernardino,Neighborhood Healthcare,Neighborhood Healthcare,Full-Dual,4506.36,4804.85,5137.59,5094.63
07/2021-12/2021,2021,PACE,San Bernardino,Neighborhood Healthcare,Neighborhood Healthcare,Non-Dual,7365.16,7857.92,8407.27,9686.31
07/2021-12/2021,2021,PACE,San Francisco,North East Medical Services,North East Medical Services,Full-Dual,7674.05,8149.85,8679.85,8380.11
07/2021-12/2021,2021,PACE,San Francisco,North East Medical Services,North East Medical Services,Non-Dual,9361.34,9963.92,10635.36,12390.56
07/2021-12/2021,2021,PACE,Alameda,On Lok Lifeways,On Lok Lifeways,Full-Dual,5834.62,6203.1,6613.6,6378.61
07/2021-12/2021,2021,PACE,Alameda,On Lok Lifeways,On Lok Lifeways,Non-Dual,7228.82,7702.7,8230.82,10461.37
07/2021-12/2021,2021,PACE,San Francisco,On Lok Lifeways,On Lok Lifeways,Full-Dual,7450.54,7912.48,8427.03,8380.11
07/2021-12/2021,2021,PACE,San Francisco,On Lok Lifeways,On Lok Lifeways,Non-Dual,9088.79,9673.82,10325.7,12390.56
07/2021-12/2021,2021,PACE,Santa Clara,On Lok Lifeways,On Lok Lifeways,Full-Dual,5776.55,6143.09,6551.45,6087.32
07/2021-12/2021,2021,PACE,Santa Clara,On Lok Lifeways,On Lok Lifeways,Non-Dual,7589.54,8086.74,8640.85,9350.87
07/2021-12/2021,2021,PACE,Los Angeles,Pacific PACE,Pacific PACE,Full-Dual,4489.07,4774.92,5093.39,5642.46
07/2021-12/2021,2021,PACE,Los Angeles,Pacific PACE,Pacific PACE,Non-Dual,7722.24,8223.69,8782.5,8573.35
07/2021-12/2021,2021,PACE,Humboldt,Redwood Coast,Redwood Coast,Full-Dual,4976.43,5286.24,5631.36,6350.19
07/2021-12/2021,2021,PACE,Humboldt,Redwood Coast,Redwood Coast,Non-Dual,7666.41,8154.82,8699.0,10472.65
07/2021-12/2021,2021,PACE,San Diego,San Diego PACE,San Diego PACE,Full-Dual,4341.52,4616.31,4922.45,5398.44
07/2021-12/2021,2021,PACE,San Diego,San Diego PACE,San Diego PACE,Non-Dual,6458.62,6875.02,7339.02,8882.85
07/2021-12/2021,2021,PACE,Fresno,Sequoia,Sequoia,Full-Dual,4607.95,4895.65,5216.15,5340.73
07/2021-12/2021,2021,PACE,Fresno,Sequoia,Sequoia,Non-Dual,6973.96,7418.4,7913.61,8754.44
07/2021-12/2021,2021,PACE,Kings,Sequoia,Sequoia,Full-Dual,4607.95,4895.65,5216.15,5340.73
07/2021-12/2021,2021,PACE,Kings,Sequoia,Sequoia,Non-Dual,6973.96,7418.4,7913.61,8754.44
07/2021-12/2021,2021,PACE,Madera,Sequoia,Sequoia,Full-Dual,4607.95,4895.65,5216.15,5340.73
07/2021-12/2021,2021,PACE,Madera,Sequoia,Sequoia,Non-Dual,6973.96,7418.4,7913.61,8754.44
07/2021-12/2021,2021,PACE,Tulare,Sequoia,Sequoia,Full-Dual,4607.95,4895.65,5216.15,5340.73
07/2021-12/2021,2021,PACE,Tulare,Sequoia,Sequoia,Non-Dual,6973.96,7418.4,7913.61,8754.44
07/2021-12/2021,2021,PACE,San Diego,St. Paul's PACE,St. Paul's PACE,Full-Dual,3769.25,4011.84,4282.16,5398.44
07/2021-12/2021,2021,PACE,San Diego,St. Paul's PACE,St. Paul's PACE,Non-Dual,5544.3,5907.14,6311.5,8882.85
07/2021-12/2021,2021,PACE,San Joaquin,Stockton PACE,Stockton PACE,Full-Dual,5276.14,5607.37,5976.38,5766.3
07/2021-12/2021,2021,PACE,San Joaquin,Stockton PACE,Stockton PACE,Non-Dual,8083.37,8600.74,9177.21,9480.44
07/2021-12/2021,2021,PACE,Stanislaus,Stockton PACE,Stockton PACE,Full-Dual,5276.14,5607.37,5976.38,5766.3
07/2021-12/2021,2021,PACE,Stanislaus,Stockton PACE,Stockton PACE,Non-Dual,8083.37,8600.74,9177.21,9480.44
07/2021-12/2021,2021,PACE,Sacramento,Sutter Senior Care,Sutter Senior Care,Full-Dual,5199.43,5526.25,5890.34,6135.44
07/2021-12/2021,2021,PACE,Sacramento,Sutter Senior Care,Sutter Senior Care,Non-Dual,7940.49,8449.18,9015.99,9740.46
01/2022-6/2022,2022,PACE,Los Angeles,AltaMed Senior Care,AltaMed Senior Care,Full-Dual,4197.13,4397.54,4615.28,6422.25
01/2022-6/2022,2022,PACE,Los Angeles,AltaMed Senior Care,AltaMed Senior Care,Non-Dual,6339.12,6649.39,6986.54,9417.4
01/2022-6/2022,2022,PACE,Los Angeles,Brandman Centers For Senior Care,Brandman Centers For Senior Care,Full-Dual,4397.93,4612.08,4844.77,6422.25
01/2022-6/2022,2022,PACE,Los Angeles,Brandman Centers For Senior Care,Brandman Centers For Senior Care,Non-Dual,7049.46,7401.18,7783.42,9417.4
01/2022-6/2022,2022,PACE,Orange,CalOptima,CalOptima,Full-Dual,3991.62,4189.19,4403.89,5891.84
01/2022-6/2022,2022,PACE,Orange,CalOptima,CalOptima,Non-Dual,7373.11,7745.13,8149.45,10162.78
01/2022-6/2022,2022,PACE,Alameda,Center For Elders Independence (CEI),Center For Elders Independence (CEI),Full-Dual,6026.98,6330.07,6659.45,6857.71
01/2022-6/2022,2022,PACE,Alameda,Center For Elders Independence (CEI),Center For Elders Independence (CEI),Non-Dual,8557.1,8990.46,9461.45,10664.4
01/2022-6/2022,2022,PACE,Contra Costa,Center For Elders Independence (CEI),Center For Elders Independence (CEI),Full-Dual,6026.98,6330.07,6659.45,6296.1
01/2022-6/2022,2022,PACE,Contra Costa,Center For Elders Independence (CEI),Center For Elders Independence (CEI),Non-Dual,8557.1,8990.46,9461.45,10336.33
01/2022-6/2022,2022,PACE,Fresno,Innovative Integrated Health,Innovative Integrated Health,Full-Dual,3669.64,3845.04,4035.6,5596.4
01/2022-6/2022,2022,PACE,Fresno,Innovative Integrated Health,Innovative Integrated Health,Non-Dual,4936.97,5177.66,5439.18,9160.69
01/2022-6/2022,2022,PACE,San Bernardino,InnovAge,InnovAge,Full-Dual,4099.32,4307.54,4533.83,5164.21
01/2022-6/2022,2022,PACE,San Bernardino,InnovAge,InnovAge,Non-Dual,7504.08,7886.88,8302.94,9851.4
01/2022-6/2022,2022,PACE,Riverside,InnovAge,InnovAge,Full-Dual,4099.32,4307.54,4533.83,5164.21
01/2022-6/2022,2022,PACE,Riverside,InnovAge,InnovAge,Non-Dual,7504.08,7886.88,8302.94,9851.4
01/2022-6/2022,2022,PACE,Alameda,On Lok Lifeways,On Lok Lifeways,Full-Dual,6448.13,6762.94,7105.01,6857.71
01/2022-6/2022,2022,PACE,Alameda,On Lok Lifeways,On Lok Lifeways,Non-Dual,7342.88,7712.66,8114.55,10664.4
01/2022-6/2022,2022,PACE,Santa Clara,On Lok Lifeways,On Lok Lifeways,Full-Dual,6288.97,6597.72,6933.21,6572.52
01/2022-6/2022,2022,PACE,Santa Clara,On Lok Lifeways,On Lok Lifeways,Non-Dual,7907.35,8304.77,8736.67,10216.69
01/2022-6/2022,2022,PACE,San Francisco,On Lok Lifeways,On Lok Lifeways,Full-Dual,8156.64,8546.29,8969.63,8796.24
01/2022-6/2022,2022,PACE,San Francisco,On Lok Lifeways,On Lok Lifeways,Non-Dual,9001.79,9446.74,9930.25,12944.28
01/2022-6/2022,2022,PACE,Humboldt,Redwood Coast,Redwood Coast,Full-Dual,5528.2,5791.1,6076.72,7012.14
01/2022-6/2022,2022,PACE,Humboldt,Redwood Coast,Redwood Coast,Non-Dual,8274.66,8679.02,9118.4,11259.95
01/2022-6/2022,2022,PACE,San Diego,San Diego PACE,San Diego PACE,Full-Dual,4185.56,4388.69,4609.4,5566.11
01/2022-6/2022,2022,PACE,San Diego,San Diego PACE,San Diego PACE,Non-Dual,6678.3,7010.42,7371.34,9338.05
01/2022-6/2022,2022,PACE,San Diego,St. Paul's PACE,St. Paul's PACE,Full-Dual,3620.21,3798.07,3991.34,5566.11
01/2022-6/2022,2022,PACE,San Diego,St. Paul's PACE,St. Paul's PACE,Non-Dual,5704.84,5992.21,6304.54,9338.05
01/2022-6/2022,2022,PACE,Sacramento,Sutter Senior Care,Sutter Senior Care,Full-Dual,5699.95,5975.57,6275.04,6302.35
01/2022-6/2022,2022,PACE,Sacramento,Sutter Senior Care,Sutter Senior Care,Non-Dual,8010.56,8406.44,8836.63,9638.42
07/2022-12/2022,2022,PACE,Los Angeles,AltaMed Senior Care,AltaMed Senior Care,Full-Dual,4197.13,4397.54,4615.28,6422.25
07/2022-12/2022,2022,PACE,Los Angeles,AltaMed Senior Care,AltaMed Senior Care,Non-Dual,6339.12,6649.39,6986.54,9413.8
07/2022-12/2022,2022,PACE,Los Angeles,Brandman Centers For Senior Care,Brandman Centers For Senior Care,Full-Dual,4397.93,4612.08,4844.77,6422.25
07/2022-12/2022,2022,PACE,Los Angeles,Brandman Centers For Senior Care,Brandman Centers For Senior Care,Non-Dual,7049.46,7401.18,7783.42,9413.8
07/2022-12/2022,2022,PACE,Orange,CalOptima,CalOptima,Full-Dual,3991.62,4189.19,4403.89,5891.84
07/2022-12/2022,2022,PACE,Orange,CalOptima,CalOptima,Non-Dual,7373.11,7745.13,8149.45,10159.04
07/2022-12/2022,2022,PACE,Alameda,Center For Elders Independence (CEI),Center For Elders Independence (CEI),Full-Dual,6026.98,6330.07,6659.45,6857.71
07/2022-12/2022,2022,PACE,Alameda,Center For Elders Independence (CEI),Center For Elders Independence (CEI),Non-Dual,8557.1,8990.46,9461.45,10661.91
07/2022-12/2022,2022,PACE,Contra Costa,Center For Elders Independence (CEI),Center For Elders Independence (CEI),Full-Dual,6026.98,6330.07,6659.45,6296.1
07/2022-12/2022,2022,PACE,Contra Costa,Center For Elders Independence (CEI),Center For Elders Independence (CEI),Non-Dual,8557.1,8990.46,9461.45,10333.48
07/2022-12/2022,2022,PACE,Fresno,Innovative Integrated Health,Innovative Integrated Health,Full-Dual,3669.64,3845.04,4035.6,5596.4
07/2022-12/2022,2022,PACE,Fresno,Innovative Integrated Health,Innovative Integrated Health,Non-Dual,4936.97,5177.66,5439.18,9157.62
07/2022-12/2022,2022,PACE,San Bernardino,InnovAge,InnovAge,Full-Dual,4099.32,4307.54,4533.83,5164.21
07/2022-12/2022,2022,PACE,San Bernardino,InnovAge,InnovAge,Non-Dual,7504.08,7886.88,8302.94,9847.74
07/2022-12/2022,2022,PACE,Riverside,InnovAge,InnovAge,Full-Dual,4099.32,4307.54,4533.83,5164.21
07/2022-12/2022,2022,PACE,Riverside,InnovAge,InnovAge,Non-Dual,7504.08,7886.88,8302.94,9847.74
07/2022-12/2022,2022,PACE,Alameda,On Lok Lifeways,On Lok Lifeways,Full-Dual,6448.13,6762.94,7105.01,6857.71
07/2022-12/2022,2022,PACE,Alameda,On Lok Lifeways,On Lok Lifeways,Non-Dual,7342.88,7712.66,8114.55,10661.91
07/2022-12/2022,2022,PACE,Santa Clara,On Lok Lifeways,On Lok Lifeways,Full-Dual,6288.97,6597.72,6933.21,6572.52
07/2022-12/2022,2022,PACE,Santa Clara,On Lok Lifeways,On Lok Lifeways,Non-Dual,7907.35,8304.77,8736.67,10213.59
07/2022-12/2022,2022,PACE,San Francisco,On Lok Lifeways,On Lok Lifeways,Full-Dual,8156.64,8546.29,8969.63,8796.24
07/2022-12/2022,2022,PACE,San Francisco,On Lok Lifeways,On Lok Lifeways,Non-Dual,9001.79,9446.74,9930.25,12941.15
07/2022-12/2022,2022,PACE,Humboldt,Redwood Coast,Redwood Coast,Full-Dual,5528.2,5791.1,6076.72,7012.14
07/2022-12/2022,2022,PACE,Humboldt,Redwood Coast,Redwood Coast,Non-Dual,8274.66,8679.02,9118.4,11256.99
07/2022-12/2022,2022,PACE,San Diego,San Diego PACE,San Diego PACE,Full-Dual,4185.56,4388.69,4609.4,5566.11
07/2022-12/2022,2022,PACE,San Diego,San Diego PACE,San Diego PACE,Non-Dual,6678.3,7010.42,7371.34,9334.48
07/2022-12/2022,2022,PACE,San Diego,St. Paul's PACE,St. Paul's PACE,Full-Dual,3620.21,3798.07,3991.34,5566.11
07/2022-12/2022,2022,PACE,San Diego,St. Paul's PACE,St. Paul's PACE,Non-Dual,5704.84,5992.21,6304.54,9334.48
07/2022-12/2022,2022,PACE,Sacramento,Sutter Senior Care,Sutter Senior Care,Full-Dual,5699.95,5975.57,6275.04,6302.35
07/2022-12/2022,2022,PACE,Sacramento,Sutter Senior Care,Sutter Senior Care,Non-Dual,8010.56,8406.44,8836.63,9635.59
01/2022-6/2022,2022,PACE,San Joaquin,Stockton PACE,Stockton PACE,Full-Dual,5541.5,5809.24,6100.15,5934.45
01/2022-6/2022,2022,PACE,San Joaquin,Stockton PACE,Stockton PACE,Non-Dual,7823.31,8209.58,8629.34,10003.12
01/2022-6/2022,2022,PACE,Stanislaus,Stockton PACE,Stockton PACE,Full-Dual,5541.5,5809.24,6100.15,5934.45
01/2022-6/2022,2022,PACE,Stanislaus,Stockton PACE,Stockton PACE,Non-Dual,7823.31,8209.58,8629.34,10003.12
01/2022-6/2022,2022,PACE,San Diego,Family Health Center,Family Health Center,Full-Dual,4501.37,4719.82,4957.18,5566.11
01/2022-6/2022,2022,PACE,San Diego,Family Health Center,Family Health Center,Non-Dual,7153.78,7509.56,7896.19,9338.05
01/2022-6/2022,2022,PACE,San Diego,Gary & Mary West,Gary & Mary West,Full-Dual,4897.56,5135.24,5393.5,5566.11
01/2022-6/2022,2022,PACE,San Diego,Gary & Mary West,Gary & Mary West,Non-Dual,7403.93,7772.15,8172.31,9338.05
01/2022-6/2022,2022,PACE,Los Angeles,Pacific PACE,Pacific PACE,Full-Dual,4882.9,5119.56,5376.69,6422.25
01/2022-6/2022,2022,PACE,Los Angeles,Pacific PACE,Pacific PACE,Non-Dual,8233.15,8642.16,9086.64,9417.4
01/2022-6/2022,2022,PACE,Kern,Bakersfield,Bakersfield,Full-Dual,4690.11,4916.09,5161.61,5491.23
01/2022-6/2022,2022,PACE,Kern,Bakersfield,Bakersfield,Non-Dual,6503.85,6823.95,7171.78,10346.94
01/2022-6/2022,2022,PACE,Tulare,Bakersfield,Bakersfield,Full-Dual,4690.11,4916.09,5161.61,5491.23
01/2022-6/2022,2022,PACE,Tulare,Bakersfield,Bakersfield,Non-Dual,6503.85,6823.95,7171.78,10346.94
01/2022-6/2022,2022,PACE,Los Angeles,LA Coast,LA Coast,Full-Dual,4882.9,5119.56,5376.69,6422.25
01/2022-6/2022,2022,PACE,Los Angeles,LA Coast,LA Coast,Non-Dual,8233.15,8642.16,9086.64,9417.4
01/2022-6/2022,2022,PACE,San Joaquin,Central Valley,Central Valley,Full-Dual,5583.06,5852.81,6145.9,5934.45
01/2022-6/2022,2022,PACE,San Joaquin,Central Valley,Central Valley,Non-Dual,7881.96,8271.13,8694.04,10003.12
01/2022-6/2022,2022,PACE,Stanislaus,Central Valley,Central Valley,Full-Dual,5583.06,5852.81,6145.9,5934.45
01/2022-6/2022,2022,PACE,Stanislaus,Central Valley,Central Valley,Non-Dual,7881.96,8271.13,8694.04,10003.12
01/2022-6/2022,2022,PACE,Sacramento,InnovAge,InnovAge,Full-Dual,5142.73,5395.26,5669.67,6084.18
01/2022-6/2022,2022,PACE,Sacramento,InnovAge,InnovAge,Non-Dual,7900.18,8295.21,8724.52,9609.57
01/2022-6/2022,2022,PACE,Fresno,Sequoia,Sequoia,Full-Dual,4582.85,4806.0,5048.47,5384.69
01/2022-6/2022,2022,PACE,Fresno,Sequoia,Sequoia,Non-Dual,7930.83,8326.55,8756.59,9016.11
01/2022-6/2022,2022,PACE,Kings,Sequoia,Sequoia,Full-Dual,4582.85,4806.0,5048.47,5384.69
01/2022-6/2022,2022,PACE,Kings,Sequoia,Sequoia,Non-Dual,7930.83,8326.55,8756.59,9016.11
01/2022-6/2022,2022,PACE,Madera,Sequoia,Sequoia,Full-Dual,4582.85,4806.0,5048.47,5384.69
01/2022-6/2022,2022,PACE,Madera,Sequoia,Sequoia,Non-Dual,7930.83,8326.55,8756.59,9016.11
01/2022-6/2022,2022,PACE,Tulare,Sequoia,Sequoia,Full-Dual,4582.85,4806.0,5048.47,5384.69
01/2022-6/2022,2022,PACE,Tulare,Sequoia,Sequoia,Non-Dual,7930.83,8326.55,8756.59,9016.11
01/2022-6/2022,2022,PACE,San Francisco,North East Medical Services,North East Medical Services,Full-Dual,8278.99,8674.49,9104.17,8796.24
01/2022-6/2022,2022,PACE,San Francisco,North East Medical Services,North East Medical Services,Non-Dual,9136.77,9588.39,10079.16,12944.28
01/2022-6/2022,2022,PACE,Orange,AltaMed Senior Care,AltaMed Senior Care,Full-Dual,4221.85,4426.99,4649.88,5891.84
01/2022-6/2022,2022,PACE,Orange,AltaMed Senior Care,AltaMed Senior Care,Non-Dual,7058.63,7409.78,7791.38,10162.78
01/2022-6/2022,2022,PACE,San Bernardino,Neighborhood Healthcare,Neighborhood Healthcare,Full-Dual,4113.29,4319.92,4544.49,5164.21
01/2022-6/2022,2022,PACE,San Bernardino,Neighborhood Healthcare,Neighborhood Healthcare,Non-Dual,7291.93,7661.84,8063.87,9851.4
01/2022-6/2022,2022,PACE,Riverside,Neighborhood Healthcare,Neighborhood Healthcare,Full-Dual,4113.29,4319.92,4544.49,5164.21
01/2022-6/2022,2022,PACE,Riverside,Neighborhood Healthcare,Neighborhood Healthcare,Non-Dual,7291.93,7661.84,8063.87,9851.4
01/2022-6/2022,2022,PACE,Orange,Innovative Integrated Health,Innovative Integrated Health,Full-Dual,4390.86,4606.32,4840.44,5891.84
01/2022-6/2022,2022,PACE,Orange,Innovative Integrated Health,Innovative Integrated Health,Non-Dual,7540.07,7918.41,8329.59,10162.78
07/2022-12/2022,2022,PACE,San Joaquin,Stockton PACE,Stockton PACE,Full-Dual,5541.5,5809.24,6100.15,5934.45
07/2022-12/2022,2022,PACE,San Joaquin,Stockton PACE,Stockton PACE,Non-Dual,7823.31,8209.58,8629.34,9999.65
07/2022-12/2022,2022,PACE,Stanislaus,Stockton PACE,Stockton PACE,Full-Dual,5541.5,5809.24,6100.15,5934.45
07/2022-12/2022,2022,PACE,Stanislaus,Stockton PACE,Stockton PACE,Non-Dual,7823.31,8209.58,8629.34,9999.65
07/2022-12/2022,2022,PACE,San Diego,Family Health Center,Family Health Center,Full-Dual,4501.37,4719.82,4957.18,5566.11
07/2022-12/2022,2022,PACE,San Diego,Family Health Center,Family Health Center,Non-Dual,7153.78,7509.56,7896.19,9334.48
07/2022-12/2022,2022,PACE,San Diego,Gary & Mary West,Gary & Mary West,Full-Dual,4897.56,5135.24,5393.5,5566.11
07/2022-12/2022,2022,PACE,San Diego,Gary & Mary West,Gary & Mary West,Non-Dual,7403.93,7772.15,8172.31,9334.48
07/2022-12/2022,2022,PACE,Los Angeles,Pacific PACE,Pacific PACE,Full-Dual,4882.9,5119.56,5376.69,6422.25
07/2022-12/2022,2022,PACE,Los Angeles,Pacific PACE,Pacific PACE,Non-Dual,8233.15,8642.16,9086.64,9413.8
07/2022-12/2022,2022,PACE,Kern,Bakersfield,Bakersfield,Full-Dual,4690.11,4916.09,5161.61,5491.23
07/2022-12/2022,2022,PACE,Kern,Bakersfield,Bakersfield,Non-Dual,6503.85,6823.95,7171.78,10343.86
07/2022-12/2022,2022,PACE,Tulare,Bakersfield,Bakersfield,Full-Dual,4690.11,4916.09,5161.61,5491.23
07/2022-12/2022,2022,PACE,Tulare,Bakersfield,Bakersfield,Non-Dual,6503.85,6823.95,7171.78,10343.86
07/2022-12/2022,2022,PACE,Los Angeles,LA Coast,LA Coast,Full-Dual,4882.9,5119.56,5376.69,6422.25
07/2022-12/2022,2022,PACE,Los Angeles,LA Coast,LA Coast,Non-Dual,8233.15,8642.16,9086.64,9413.8
07/2022-12/2022,2022,PACE,San Joaquin,Central Valley,Central Valley,Full-Dual,5583.06,5852.81,6145.9,5934.45
07/2022-12/2022,2022,PACE,San Joaquin,Central Valley,Central Valley,Non-Dual,7881.96,8271.13,8694.04,9999.65
07/2022-12/2022,2022,PACE,Stanislaus,Central Valley,Central Valley,Full-Dual,5583.06,5852.81,6145.9,5934.45
07/2022-12/2022,2022,PACE,Stanislaus,Central Valley,Central Valley,Non-Dual,7881.96,8271.13,8694.04,9999.65
07/2022-12/2022,2022,PACE,Sacramento,InnovAge,InnovAge,Full-Dual,5142.73,5395.26,5669.67,6084.18
07/2022-12/2022,2022,PACE,Sacramento,InnovAge,InnovAge,Non-Dual,7900.18,8295.21,8724.52,9606.74
07/2022-12/2022,2022,PACE,Fresno,Sequoia,Sequoia,Full-Dual,4582.85,4806.0,5048.47,5384.69
07/2022-12/2022,2022,PACE,Fresno,Sequoia,Sequoia,Non-Dual,7930.83,8326.55,8756.59,9013.35
07/2022-12/2022,2022,PACE,Kings,Sequoia,Sequoia,Full-Dual,4582.85,4806.0,5048.47,5384.69
07/2022-12/2022,2022,PACE,Kings,Sequoia,Sequoia,Non-Dual,7930.83,8326.55,8756.59,9013.35
07/2022-12/2022,2022,PACE,Madera,Sequoia,Sequoia,Full-Dual,4582.85,4806.0,5048.47,5384.69
07/2022-12/2022,2022,PACE,Madera,Sequoia,Sequoia,Non-Dual,7930.83,8326.55,8756.59,9013.35
07/2022-12/2022,2022,PACE,Tulare,Sequoia,Sequoia,Full-Dual,4582.85,4806.0,5048.47,5384.69
07/2022-12/2022,2022,PACE,Tulare,Sequoia,Sequoia,Non-Dual,7930.83,8326.55,8756.59,9013.35
07/2022-12/2022,2022,PACE,San Francisco,North East Medical Services,North East Medical Services,Full-Dual,8278.99,8674.49,9104.17,8796.24
07/2022-12/2022,2022,PACE,San Francisco,North East Medical Services,North East Medical Services,Non-Dual,9136.77,9588.39,10079.16,12941.15
07/2022-12/2022,2022,PACE,Orange,AltaMed Senior Care,AltaMed Senior Care,Full-Dual,4221.85,4426.99,4649.88,5891.84
07/2022-12/2022,2022,PACE,Orange,AltaMed Senior Care,AltaMed Senior Care,Non-Dual,7058.63,7409.78,7791.38,10159.04
07/2022-12/2022,2022,PACE,San Bernardino,Neighborhood Healthcare,Neighborhood Healthcare,Full-Dual,4113.29,4319.92,4544.49,5164.21
07/2022-12/2022,2022,PACE,San Bernardino,Neighborhood Healthcare,Neighborhood Healthcare,Non-Dual,7291.93,7661.84,8063.87,9847.74
07/2022-12/2022,2022,PACE,Riverside,Neighborhood Healthcare,Neighborhood Healthcare,Full-Dual,4113.29,4319.92,4544.49,5164.21
07/2022-12/2022,2022,PACE,Riverside,Neighborhood Healthcare,Neighborhood Healthcare,Non-Dual,7291.93,7661.84,8063.87,9847.74
07/2022-12/2022,2022,PACE,Orange,Innovative Integrated Health,Innovative Integrated Health,Full-Dual,4390.86,4606.32,4840.44,5891.84
07/2022-12/2022,2022,PACE,Orange,Innovative Integrated Health,Innovative Integrated Health,Non-Dual,7540.07,7918.41,8329.59,10159.04
01/2022-6/2022,2022,PACE,El Dorado,InnovAge,InnovAge,Full-Dual,5142.73,5395.26,5669.67,6084.18
01/2022-6/2022,2022,PACE,El Dorado,InnovAge,InnovAge,Non-Dual,7900.18,8295.21,8724.52,9609.57
07/2022-12/2022,2022,PACE,El Dorado,InnovAge,InnovAge,Full-Dual,5142.73,5395.26,5669.67,6084.18
07/2022-12/2022,2022,PACE,El Dorado,InnovAge,InnovAge,Non-Dual,7900.18,8295.21,8724.52,9606.74
01/2022-6/2022,2022,PACE,Placer,InnovAge,InnovAge,Full-Dual,5142.73,5395.26,5669.67,6084.18
01/2022-6/2022,2022,PACE,Placer,InnovAge,InnovAge,Non-Dual,7900.18,8295.21,8724.52,9609.57
07/2022-12/2022,2022,PACE,Placer,InnovAge,InnovAge,Full-Dual,5142.73,5395.26,5669.67,6084.18
07/2022-12/2022,2022,PACE,Placer,InnovAge,InnovAge,Non-Dual,7900.18,8295.21,8724.52,9606.74
01/2022-6/2022,2022,PACE,San Joaquin,InnovAge,InnovAge,Full-Dual,5142.73,5395.26,5669.67,6084.18
01/2022-6/2022,2022,PACE,San Joaquin,InnovAge,InnovAge,Non-Dual,7900.18,8295.21,8724.52,9609.57
07/2022-12/2022,2022,PACE,San Joaquin,InnovAge,InnovAge,Full-Dual,5142.73,5395.26,5669.67,6084.18
07/2022-12/2022,2022,PACE,San Joaquin,InnovAge,InnovAge,Non-Dual,7900.18,8295.21,8724.52,9606.74
01/2022-6/2022,2022,PACE,Sutter,InnovAge,InnovAge,Full-Dual,5142.73,5395.26,5669.67,6084.18
01/2022-6/2022,2022,PACE,Sutter,InnovAge,InnovAge,Non-Dual,7900.18,8295.21,8724.52,9609.57
07/2022-12/2022,2022,PACE,Sutter,InnovAge,InnovAge,Full-Dual,5142.73,5395.26,5669.67,6084.18
07/2022-12/2022,2022,PACE,Sutter,InnovAge,InnovAge,Non-Dual,7900.18,8295.21,8724.52,9606.74
01/2022-6/2022,2022,PACE,Yuba,InnovAge,InnovAge,Full-Dual,5142.73,5395.26,5669.67,6084.18
01/2022-6/2022,2022,PACE,Yuba,InnovAge,InnovAge,Non-Dual,7900.18,8295.21,8724.52,9609.57
07/2022-12/2022,2022,PACE,Yuba,InnovAge,InnovAge,Full-Dual,5142.73,5395.26,5669.67,6084.18
07/2022-12/2022,2022,PACE,Yuba,InnovAge,InnovAge,Non-Dual,7900.18,8295.21,8724.52,9606.74
07/2022-12/2022,2022,PACE,Los Angeles,ConcertoHealth PACE,ConcertoHealth PACE,Full-Dual,5064.81,5315.17,5587.29,6422.25
07/2022-12/2022,2022,PACE,Los Angeles,ConcertoHealth PACE,ConcertoHealth PACE,Non-Dual,8545.47,8979.52,9451.38,9413.8
01/2023-12/2023,2023,PACE,Los Angeles,AltaMed Senior Care,AltaMed Senior Care,Full-Dual - UIS Federally Eligible,148.67,155.75,163.45,227.95
01/2023-12/2023,2023,PACE,Los Angeles,AltaMed Senior Care,AltaMed Senior Care,Non-Dual - UIS Federally Eligible,1045.67,1096.87,1152.49,1652.34
01/2023-12/2023,2023,PACE,Los Angeles,AltaMed Senior Care,AltaMed Senior Care,Full-Dual - UIS State-Only,4806.96,5035.97,5284.77,7365.24
01/2023-12/2023,2023,PACE,Los Angeles,AltaMed Senior Care,AltaMed Senior Care,Non-Dual - UIS State-Only,5925.48,6215.58,6530.8,9245.23
01/2023-12/2023,2023,PACE,Los Angeles,AltaMed Senior Care,AltaMed Senior Care,Full-Dual - SIS,4123.63,4320.08,4533.52,6329.53
01/2023-12/2023,2023,PACE,Los Angeles,AltaMed Senior Care,AltaMed Senior Care,Non-Dual - SIS,5998.34,6292.01,6611.11,9373.82
01/2023-12/2023,2023,PACE,Los Angeles,Brandman Centers For Senior Care,Brandman Centers For Senior Care,Full-Dual - UIS Federally Eligible,154.13,161.53,169.57,227.95
01/2023-12/2023,2023,PACE,Los Angeles,Brandman Centers For Senior Care,Brandman Centers For Senior Care,Non-Dual - UIS Federally Eligible,1235.4,1296.8,1363.52,1652.34
01/2023-12/2023,2023,PACE,Los Angeles,Brandman Centers For Senior Care,Brandman Centers For Senior Care,Full-Dual - UIS State-Only,4983.54,5222.78,5482.71,7365.24
01/2023-12/2023,2023,PACE,Los Angeles,Brandman Centers For Senior Care,Brandman Centers For Senior Care,Non-Dual - UIS State-Only,7000.61,7348.54,7726.64,9245.23
01/2023-12/2023,2023,PACE,Los Angeles,Brandman Centers For Senior Care,Brandman Centers For Senior Care,Full-Dual - SIS,4281.39,4486.92,4710.23,6329.53
01/2023-12/2023,2023,PACE,Los Angeles,Brandman Centers For Senior Care,Brandman Centers For Senior Care,Non-Dual - SIS,6980.17,7327.08,7704.08,9373.82
01/2023-12/2023,2023,PACE,Orange,CalOptima,CalOptima,Full-Dual - UIS Federally Eligible,137.91,144.62,151.91,223.12
01/2023-12/2023,2023,PACE,Orange,CalOptima,CalOptima,Non-Dual - UIS Federally Eligible,1308.41,1374.15,1445.6,1796.36
01/2023-12/2023,2023,PACE,Orange,CalOptima,CalOptima,Full-Dual - UIS State-Only,4458.96,4676.01,4911.85,7207.44
01/2023-12/2023,2023,PACE,Orange,CalOptima,CalOptima,Non-Dual - UIS State-Only,7414.33,7786.87,8191.74,10064.63
01/2023-12/2023,2023,PACE,Orange,CalOptima,CalOptima,Full-Dual - SIS,3826.16,4012.4,4214.77,6195.46
01/2023-12/2023,2023,PACE,Orange,CalOptima,CalOptima,Non-Dual - SIS,6708.08,7045.13,7411.44,10203.75
01/2023-12/2023,2023,PACE,Alameda,Center For Elders Independence (CEI),Center For Elders Independence (CEI),Full-Dual - UIS Federally Eligible,212.27,222.8,234.24,247.95
01/2023-12/2023,2023,PACE,Alameda,Center For Elders Independence (CEI),Center For Elders Independence (CEI),Non-Dual - UIS Federally Eligible,1413.2,1484.55,1562.09,1858.99
01/2023-12/2023,2023,PACE,Alameda,Center For Elders Independence (CEI),Center For Elders Independence (CEI),Full-Dual - UIS State-Only,6863.51,7203.83,7573.65,8015.18
01/2023-12/2023,2023,PACE,Alameda,Center For Elders Independence (CEI),Center For Elders Independence (CEI),Non-Dual - UIS State-Only,8008.16,8412.46,8851.86,10459.15
01/2023-12/2023,2023,PACE,Alameda,Center For Elders Independence (CEI),Center For Elders Independence (CEI),Full-Dual - SIS,5890.95,6183.05,6500.47,6887.92
01/2023-12/2023,2023,PACE,Alameda,Center For Elders Independence (CEI),Center For Elders Independence (CEI),Non-Dual - SIS,8060.78,8467.74,8910.02,10582.65
01/2023-12/2023,2023,PACE,Contra Costa,Center For Elders Independence (CEI),Center For Elders Independence (CEI),Full-Dual - UIS Federally Eligible,211.35,221.82,233.2,226.64
01/2023-12/2023,2023,PACE,Contra Costa,Center For Elders Independence (CEI),Center For Elders Independence (CEI),Non-Dual - UIS Federally Eligible,1456.09,1529.61,1609.52,1832.83
01/2023-12/2023,2023,PACE,Contra Costa,Center For Elders Independence (CEI),Center For Elders Independence (CEI),Full-Dual - UIS State-Only,6833.64,7172.28,7540.27,7302.82
01/2023-12/2023,2023,PACE,Contra Costa,Center For Elders Independence (CEI),Center For Elders Independence (CEI),Non-Dual - UIS State-Only,8251.16,8667.81,9120.63,10228.24
01/2023-12/2023,2023,PACE,Contra Costa,Center For Elders Independence (CEI),Center For Elders Independence (CEI),Full-Dual - SIS,5860.34,6150.74,6466.32,6293.98
01/2023-12/2023,2023,PACE,Contra Costa,Center For Elders Independence (CEI),Center For Elders Independence (CEI),Non-Dual - SIS,8034.21,8439.9,8880.82,10529.06
01/2023-12/2023,2023,PACE,Fresno,Innovative Integrated Health,Innovative Integrated Health,Full-Dual - UIS Federally Eligible,131.14,137.33,144.04,195.86
01/2023-12/2023,2023,PACE,Fresno,Innovative Integrated Health,Innovative Integrated Health,Non-Dual - UIS Federally Eligible,885.31,928.35,975.12,1641.09
01/2023-12/2023,2023,PACE,Fresno,Innovative Integrated Health,Innovative Integrated Health,Full-Dual - UIS State-Only,4240.35,4440.22,4657.35,6336.34
01/2023-12/2023,2023,PACE,Fresno,Innovative Integrated Health,Innovative Integrated Health,Non-Dual - UIS State-Only,5016.76,5260.67,5525.7,9197.22
01/2023-12/2023,2023,PACE,Fresno,Innovative Integrated Health,Innovative Integrated Health,Full-Dual - SIS,3637.67,3809.13,3995.4,5441.27
01/2023-12/2023,2023,PACE,Fresno,Innovative Integrated Health,Innovative Integrated Health,Non-Dual - SIS,5125.48,5374.67,5645.45,9357.25
01/2023-12/2023,2023,PACE,San Bernardino,InnovAge,InnovAge,Full-Dual - UIS Federally Eligible,143.92,151.05,158.8,192.0
01/2023-12/2023,2023,PACE,San Bernardino,InnovAge,InnovAge,Non-Dual - UIS Federally Eligible,1275.9,1340.08,1409.82,1731.96
01/2023-12/2023,2023,PACE,San Bernardino,InnovAge,InnovAge,Full-Dual - UIS State-Only,4653.37,4884.03,5134.68,6208.73
01/2023-12/2023,2023,PACE,San Bernardino,InnovAge,InnovAge,Non-Dual - UIS State-Only,7230.11,7593.76,7988.98,9708.95
01/2023-12/2023,2023,PACE,San Bernardino,InnovAge,InnovAge,Full-Dual - SIS,3997.74,4195.9,4411.24,5331.72
01/2023-12/2023,2023,PACE,San Bernardino,InnovAge,InnovAge,Non-Dual - SIS,7242.14,7606.39,8002.27,9837.06
01/2023-12/2023,2023,PACE,Riverside,InnovAge,InnovAge,Full-Dual - UIS Federally Eligible,143.92,151.05,158.8,192.0
01/2023-12/2023,2023,PACE,Riverside,InnovAge,InnovAge,Non-Dual - UIS Federally Eligible,1275.9,1340.08,1409.82,1731.96
01/2023-12/2023,2023,PACE,Riverside,InnovAge,InnovAge,Full-Dual - UIS State-Only,4653.37,4884.03,5134.68,6208.73
01/2023-12/2023,2023,PACE,Riverside,InnovAge,InnovAge,Non-Dual - UIS State-Only,7230.11,7593.76,7988.98,9708.95
01/2023-12/2023,2023,PACE,Riverside,InnovAge,InnovAge,Full-Dual - SIS,3997.74,4195.9,4411.24,5331.72
01/2023-12/2023,2023,PACE,Riverside,InnovAge,InnovAge,Non-Dual - SIS,7242.14,7606.39,8002.27,9837.06
01/2023-12/2023,2023,PACE,Alameda,On Lok Lifeways,On Lok Lifeways,Full-Dual - UIS Federally Eligible,236.19,247.54,259.87,247.95
01/2023-12/2023,2023,PACE,Alameda,On Lok Lifeways,On Lok Lifeways,Non-Dual - UIS Federally Eligible,1225.87,1287.25,1353.96,1858.99
01/2023-12/2023,2023,PACE,Alameda,On Lok Lifeways,On Lok Lifeways,Full-Dual - UIS State-Only,7636.8,8003.84,8402.62,8015.18
01/2023-12/2023,2023,PACE,Alameda,On Lok Lifeways,On Lok Lifeways,Non-Dual - UIS State-Only,6946.61,7294.43,7672.44,10459.15
01/2023-12/2023,2023,PACE,Alameda,On Lok Lifeways,On Lok Lifeways,Full-Dual - SIS,6558.36,6873.56,7216.03,6887.92
01/2023-12/2023,2023,PACE,Alameda,On Lok Lifeways,On Lok Lifeways,Non-Dual - SIS,7076.21,7430.52,7815.58,10582.65
01/2023-12/2023,2023,PACE,Santa Clara,On Lok Lifeways,On Lok Lifeways,Full-Dual - UIS Federally Eligible,246.86,258.74,271.66,259.44
01/2023-12/2023,2023,PACE,Santa Clara,On Lok Lifeways,On Lok Lifeways,Non-Dual - UIS Federally Eligible,1395.21,1464.75,1540.33,1782.89
01/2023-12/2023,2023,PACE,Santa Clara,On Lok Lifeways,On Lok Lifeways,Full-Dual - UIS State-Only,7981.68,8366.07,8783.72,8390.4
01/2023-12/2023,2023,PACE,Santa Clara,On Lok Lifeways,On Lok Lifeways,Non-Dual - UIS State-Only,7906.19,8300.28,8728.55,9994.12
01/2023-12/2023,2023,PACE,Santa Clara,On Lok Lifeways,On Lok Lifeways,Full-Dual - SIS,6857.11,7187.35,7546.15,7203.61
01/2023-12/2023,2023,PACE,Santa Clara,On Lok Lifeways,On Lok Lifeways,Non-Dual - SIS,8019.16,8418.87,8853.26,10111.15
01/2023-12/2023,2023,PACE,San Francisco,On Lok Lifeways,On Lok Lifeways,Full-Dual - UIS Federally Eligible,298.94,312.94,328.15,310.59
01/2023-12/2023,2023,PACE,San Francisco,On Lok Lifeways,On Lok Lifeways,Non-Dual - UIS Federally Eligible,1585.5,1663.46,1748.17,2287.82
01/2023-12/2023,2023,PACE,San Francisco,On Lok Lifeways,On Lok Lifeways,Full-Dual - UIS State-Only,9665.86,10118.49,10610.2,10034.55
01/2023-12/2023,2023,PACE,San Francisco,On Lok Lifeways,On Lok Lifeways,Non-Dual - UIS State-Only,8984.53,9426.29,9906.32,12419.82
01/2023-12/2023,2023,PACE,San Francisco,On Lok Lifeways,On Lok Lifeways,Full-Dual - SIS,8298.81,8687.42,9109.59,8622.89
01/2023-12/2023,2023,PACE,San Francisco,On Lok Lifeways,On Lok Lifeways,Non-Dual - SIS,8807.19,9240.23,9710.79,13106.31
01/2023-12/2023,2023,PACE,Humboldt,Redwood Coast,Redwood Coast,Full-Dual - UIS Federally Eligible,194.96,204.2,214.25,261.02
01/2023-12/2023,2023,PACE,Humboldt,Redwood Coast,Redwood Coast,Non-Dual - UIS Federally Eligible,1465.23,1536.95,1614.88,2110.11
01/2023-12/2023,2023,PACE,Humboldt,Redwood Coast,Redwood Coast,Full-Dual - UIS State-Only,6303.57,6602.58,6927.42,8437.51
01/2023-12/2023,2023,PACE,Humboldt,Redwood Coast,Redwood Coast,Non-Dual - UIS State-Only,8302.96,8709.37,9150.99,11834.48
01/2023-12/2023,2023,PACE,Humboldt,Redwood Coast,Redwood Coast,Full-Dual - SIS,5415.44,5672.32,5951.39,7247.22
01/2023-12/2023,2023,PACE,Humboldt,Redwood Coast,Redwood Coast,Non-Dual - SIS,8494.08,8909.84,9361.63,11988.01
01/2023-12/2023,2023,PACE,San Diego,San Diego PACE,San Diego PACE,Full-Dual - UIS Federally Eligible,147.11,154.22,161.94,206.09
01/2023-12/2023,2023,PACE,San Diego,San Diego PACE,San Diego PACE,Non-Dual - UIS Federally Eligible,1241.2,1302.91,1369.97,1673.84
01/2023-12/2023,2023,PACE,San Diego,San Diego PACE,San Diego PACE,Full-Dual - UIS State-Only,4756.52,4986.32,5236.01,6660.84
01/2023-12/2023,2023,PACE,San Diego,San Diego PACE,San Diego PACE,Non-Dual - UIS State-Only,7033.45,7383.15,7763.18,9354.02
01/2023-12/2023,2023,PACE,San Diego,San Diego PACE,San Diego PACE,Full-Dual - SIS,4085.22,4282.58,4497.03,5722.75
01/2023-12/2023,2023,PACE,San Diego,San Diego PACE,San Diego PACE,Non-Dual - SIS,7186.95,7544.28,7932.61,9525.38
01/2023-12/2023,2023,PACE,San Diego,St. Paul's PACE,St. Paul's PACE,Full-Dual - UIS Federally Eligible,129.53,135.86,142.75,206.09
01/2023-12/2023,2023,PACE,San Diego,St. Paul's PACE,St. Paul's PACE,Non-Dual - UIS Federally Eligible,1067.49,1121.06,1179.27,1673.84
01/2023-12/2023,2023,PACE,San Diego,St. Paul's PACE,St. Paul's PACE,Full-Dual - UIS State-Only,4188.02,4392.88,4615.48,6660.84
01/2023-12/2023,2023,PACE,San Diego,St. Paul's PACE,St. Paul's PACE,Non-Dual - UIS State-Only,6049.13,6352.66,6682.52,9354.02
01/2023-12/2023,2023,PACE,San Diego,St. Paul's PACE,St. Paul's PACE,Full-Dual - SIS,3597.31,3773.27,3964.47,5722.75
01/2023-12/2023,2023,PACE,San Diego,St. Paul's PACE,St. Paul's PACE,Non-Dual - SIS,6180.76,6490.88,6827.92,9525.38
01/2023-12/2023,2023,PACE,Sacramento,Sutter Senior Care,Sutter Senior Care,Full-Dual - UIS Federally Eligible,199.58,209.18,219.6,228.24
01/2023-12/2023,2023,PACE,Sacramento,Sutter Senior Care,Sutter Senior Care,Non-Dual - UIS Federally Eligible,1382.55,1450.93,1525.23,1722.51
01/2023-12/2023,2023,PACE,Sacramento,Sutter Senior Care,Sutter Senior Care,Full-Dual - UIS State-Only,6453.15,6763.39,7100.46,7358.37
01/2023-12/2023,2023,PACE,Sacramento,Sutter Senior Care,Sutter Senior Care,Non-Dual - UIS State-Only,7834.44,8221.92,8643.0,9448.04
01/2023-12/2023,2023,PACE,Sacramento,Sutter Senior Care,Sutter Senior Care,Full-Dual - SIS,5543.95,5810.47,6100.05,6339.24
01/2023-12/2023,2023,PACE,Sacramento,Sutter Senior Care,Sutter Senior Care,Non-Dual - SIS,7963.34,8357.19,8785.19,9821.46
01/2023-12/2023,2023,PACE,San Joaquin,Stockton PACE,Stockton PACE,Full-Dual - UIS Federally Eligible,192.03,201.24,211.26,206.34
01/2023-12/2023,2023,PACE,San Joaquin,Stockton PACE,Stockton PACE,Non-Dual - UIS Federally Eligible,1333.49,1399.37,1470.95,1749.91
01/2023-12/2023,2023,PACE,San Joaquin,Stockton PACE,Stockton PACE,Full-Dual - UIS State-Only,6208.85,6506.92,6830.77,6673.28
01/2023-12/2023,2023,PACE,San Joaquin,Stockton PACE,Stockton PACE,Non-Dual - UIS State-Only,7556.46,7929.75,8335.39,9832.84
01/2023-12/2023,2023,PACE,San Joaquin,Stockton PACE,Stockton PACE,Full-Dual - SIS,5317.93,5573.22,5850.6,5729.44
01/2023-12/2023,2023,PACE,San Joaquin,Stockton PACE,Stockton PACE,Non-Dual - SIS,7710.46,8091.35,8505.27,9992.77
01/2023-12/2023,2023,PACE,Stanislaus,Stockton PACE,Stockton PACE,Full-Dual - UIS Federally Eligible,192.03,201.24,211.26,206.34
01/2023-12/2023,2023,PACE,Stanislaus,Stockton PACE,Stockton PACE,Non-Dual - UIS Federally Eligible,1333.49,1399.37,1470.95,1749.91
01/2023-12/2023,2023,PACE,Stanislaus,Stockton PACE,Stockton PACE,Full-Dual - UIS State-Only,6208.85,6506.92,6830.77,6673.28
01/2023-12/2023,2023,PACE,Stanislaus,Stockton PACE,Stockton PACE,Non-Dual - UIS State-Only,7556.46,7929.75,8335.39,9832.84
01/2023-12/2023,2023,PACE,Stanislaus,Stockton PACE,Stockton PACE,Full-Dual - SIS,5317.93,5573.22,5850.6,5729.44
01/2023-12/2023,2023,PACE,Stanislaus,Stockton PACE,Stockton PACE,Non-Dual - SIS,7710.46,8091.35,8505.27,9992.77
01/2023-12/2023,2023,PACE,San Diego,Family Health Center,Family Health Center,Full-Dual - UIS Federally Eligible,155.96,163.49,171.68,206.09
01/2023-12/2023,2023,PACE,San Diego,Family Health Center,Family Health Center,Non-Dual - UIS Federally Eligible,1274.94,1338.33,1407.21,1673.84
01/2023-12/2023,2023,PACE,San Diego,Family Health Center,Family Health Center,Full-Dual - UIS State-Only,5042.66,5286.28,5550.99,6660.84
01/2023-12/2023,2023,PACE,San Diego,Family Health Center,Family Health Center,Non-Dual - UIS State-Only,7224.64,7583.85,7974.21,9354.02
01/2023-12/2023,2023,PACE,San Diego,Family Health Center,Family Health Center,Full-Dual - SIS,4332.18,4541.48,4768.89,5722.75
01/2023-12/2023,2023,PACE,San Diego,Family Health Center,Family Health Center,Non-Dual - SIS,7353.77,7719.4,8116.73,9525.38
01/2023-12/2023,2023,PACE,San Diego,Gary & Mary West,Gary & Mary West,Full-Dual - UIS Federally Eligible,172.12,180.44,189.47,206.09
01/2023-12/2023,2023,PACE,San Diego,Gary & Mary West,Gary & Mary West,Non-Dual - UIS Federally Eligible,1343.42,1410.21,1482.8,1673.84
01/2023-12/2023,2023,PACE,San Diego,Gary & Mary West,Gary & Mary West,Full-Dual - UIS State-Only,5565.32,5834.2,6126.34,6660.84
01/2023-12/2023,2023,PACE,San Diego,Gary & Mary West,Gary & Mary West,Non-Dual - UIS State-Only,7612.7,7991.2,8402.53,9354.02
01/2023-12/2023,2023,PACE,San Diego,Gary & Mary West,Gary & Mary West,Full-Dual - SIS,4781.21,5012.2,5263.18,5722.75
01/2023-12/2023,2023,PACE,San Diego,Gary & Mary West,Gary & Mary West,Non-Dual - SIS,7751.43,8136.82,8555.64,9525.38
01/2023-12/2023,2023,PACE,Los Angeles,Pacific PACE,Pacific PACE,Full-Dual - UIS Federally Eligible,189.46,198.53,208.4,227.95
01/2023-12/2023,2023,PACE,Los Angeles,Pacific PACE,Pacific PACE,Non-Dual - UIS Federally Eligible,1345.93,1412.6,1485.05,1652.34
01/2023-12/2023,2023,PACE,Los Angeles,Pacific PACE,Pacific PACE,Full-Dual - UIS State-Only,6125.76,6419.29,6738.2,7365.24
01/2023-12/2023,2023,PACE,Los Angeles,Pacific PACE,Pacific PACE,Non-Dual - UIS State-Only,7626.93,8004.74,8415.31,9245.23
01/2023-12/2023,2023,PACE,Los Angeles,Pacific PACE,Pacific PACE,Full-Dual - SIS,5231.3,5481.97,5754.31,6329.53
01/2023-12/2023,2023,PACE,Los Angeles,Pacific PACE,Pacific PACE,Non-Dual - SIS,7398.09,7764.56,8162.81,9373.82
01/2023-12/2023,2023,PACE,Kern,Bakersfield,Bakersfield,Full-Dual - UIS Federally Eligible,162.56,170.33,178.76,188.26
01/2023-12/2023,2023,PACE,Kern,Bakersfield,Bakersfield,Non-Dual - UIS Federally Eligible,1116.96,1171.91,1231.63,1804.71
01/2023-12/2023,2023,PACE,Kern,Bakersfield,Bakersfield,Full-Dual - UIS State-Only,5256.1,5507.21,5780.04,6088.95
01/2023-12/2023,2023,PACE,Kern,Bakersfield,Bakersfield,Non-Dual - UIS State-Only,6329.46,6640.84,6979.21,10133.48
01/2023-12/2023,2023,PACE,Kern,Bakersfield,Bakersfield,Full-Dual - SIS,4504.02,4719.2,4952.99,5228.51
01/2023-12/2023,2023,PACE,Kern,Bakersfield,Bakersfield,Non-Dual - SIS,6454.03,6771.55,7116.58,10282.33
01/2023-12/2023,2023,PACE,Tulare,Bakersfield,Bakersfield,Full-Dual - UIS Federally Eligible,162.56,170.33,178.76,188.26
01/2023-12/2023,2023,PACE,Tulare,Bakersfield,Bakersfield,Non-Dual - UIS Federally Eligible,1116.96,1171.91,1231.63,1804.71
01/2023-12/2023,2023,PACE,Tulare,Bakersfield,Bakersfield,Full-Dual - UIS State-Only,5256.1,5507.21,5780.04,6088.95
01/2023-12/2023,2023,PACE,Tulare,Bakersfield,Bakersfield,Non-Dual - UIS State-Only,6329.46,6640.84,6979.21,10133.48
01/2023-12/2023,2023,PACE,Tulare,Bakersfield,Bakersfield,Full-Dual - SIS,4504.02,4719.2,4952.99,5228.51
01/2023-12/2023,2023,PACE,Tulare,Bakersfield,Bakersfield,Non-Dual - SIS,6454.03,6771.55,7116.58,10282.33
01/2023-12/2023,2023,PACE,Los Angeles,LA Coast,LA Coast,Full-Dual - UIS Federally Eligible,189.46,198.53,208.4,227.95
01/2023-12/2023,2023,PACE,Los Angeles,LA Coast,LA Coast,Non-Dual - UIS Federally Eligible,1345.93,1412.6,1485.05,1652.34
01/2023-12/2023,2023,PACE,Los Angeles,LA Coast,LA Coast,Full-Dual - UIS State-Only,6125.76,6419.29,6738.2,7365.24
01/2023-12/2023,2023,PACE,Los Angeles,LA Coast,LA Coast,Non-Dual - UIS State-Only,7626.93,8004.74,8415.31,9245.23
01/2023-12/2023,2023,PACE,Los Angeles,LA Coast,LA Coast,Full-Dual - SIS,5252.64,5504.32,5777.78,6329.53
01/2023-12/2023,2023,PACE,Los Angeles,LA Coast,LA Coast,Non-Dual - SIS,7660.56,8040.04,8452.42,9373.82
01/2023-12/2023,2023,PACE,San Joaquin,Central Valley,Central Valley,Full-Dual - UIS Federally Eligible,192.03,201.24,211.26,206.34
01/2023-12/2023,2023,PACE,San Joaquin,Central Valley,Central Valley,Non-Dual - UIS Federally Eligible,1333.49,1399.37,1470.95,1749.91
01/2023-12/2023,2023,PACE,San Joaquin,Central Valley,Central Valley,Full-Dual - UIS State-Only,6208.85,6506.92,6830.77,6673.28
01/2023-12/2023,2023,PACE,San Joaquin,Central Valley,Central Valley,Non-Dual - UIS State-Only,7556.46,7929.75,8335.39,9832.84
01/2023-12/2023,2023,PACE,San Joaquin,Central Valley,Central Valley,Full-Dual - SIS,5311.76,5566.76,5843.81,5729.44
01/2023-12/2023,2023,PACE,San Joaquin,Central Valley,Central Valley,Non-Dual - SIS,7213.56,7569.91,7957.15,9992.77
01/2023-12/2023,2023,PACE,Stanislaus,Central Valley,Central Valley,Full-Dual - UIS Federally Eligible,192.03,201.24,211.26,206.34
01/2023-12/2023,2023,PACE,Stanislaus,Central Valley,Central Valley,Non-Dual - UIS Federally Eligible,1333.49,1399.37,1470.95,1749.91
01/2023-12/2023,2023,PACE,Stanislaus,Central Valley,Central Valley,Full-Dual - UIS State-Only,6208.85,6506.92,6830.77,6673.28
01/2023-12/2023,2023,PACE,Stanislaus,Central Valley,Central Valley,Non-Dual - UIS State-Only,7556.46,7929.75,8335.39,9832.84
01/2023-12/2023,2023,PACE,Stanislaus,Central Valley,Central Valley,Full-Dual - SIS,5311.76,5566.76,5843.81,5729.44
01/2023-12/2023,2023,PACE,Stanislaus,Central Valley,Central Valley,Non-Dual - SIS,7213.56,7569.91,7957.15,9992.77
01/2023-12/2023,2023,PACE,Sacramento,InnovAge,InnovAge,Full-Dual - UIS Federally Eligible,183.51,192.4,202.06,216.06
01/2023-12/2023,2023,PACE,Sacramento,InnovAge,InnovAge,Non-Dual - UIS Federally Eligible,1356.13,1423.52,1496.77,1643.55
01/2023-12/2023,2023,PACE,Sacramento,InnovAge,InnovAge,Full-Dual - UIS State-Only,5933.54,6220.91,6533.14,6981.37
01/2023-12/2023,2023,PACE,Sacramento,InnovAge,InnovAge,Non-Dual - UIS State-Only,7684.71,8066.63,8481.68,9153.5
01/2023-12/2023,2023,PACE,Sacramento,InnovAge,InnovAge,Full-Dual - SIS,5097.54,5344.42,5612.67,6004.63
01/2023-12/2023,2023,PACE,Sacramento,InnovAge,InnovAge,Non-Dual - SIS,7848.99,8239.07,8662.99,9434.07
01/2023-12/2023,2023,PACE,Fresno,Sequoia,Sequoia,Full-Dual - UIS Federally Eligible,165.42,173.36,181.99,191.89
01/2023-12/2023,2023,PACE,Fresno,Sequoia,Sequoia,Non-Dual - UIS Federally Eligible,1169.83,1227.97,1291.15,1582.74
01/2023-12/2023,2023,PACE,Fresno,Sequoia,Sequoia,Full-Dual - UIS State-Only,5348.51,5605.26,5884.23,6207.61
01/2023-12/2023,2023,PACE,Fresno,Sequoia,Sequoia,Non-Dual - UIS State-Only,6629.02,6958.48,7316.52,8872.41
01/2023-12/2023,2023,PACE,Fresno,Sequoia,Sequoia,Full-Dual - SIS,4580.48,4800.37,5039.27,5332.02
01/2023-12/2023,2023,PACE,Fresno,Sequoia,Sequoia,Non-Dual - SIS,6780.19,7117.16,7483.36,8985.69
01/2023-12/2023,2023,PACE,Kings,Sequoia,Sequoia,Full-Dual - UIS Federally Eligible,165.42,173.36,181.99,191.89
01/2023-12/2023,2023,PACE,Kings,Sequoia,Sequoia,Non-Dual - UIS Federally Eligible,1169.83,1227.97,1291.15,1582.74
01/2023-12/2023,2023,PACE,Kings,Sequoia,Sequoia,Full-Dual - UIS State-Only,5348.51,5605.26,5884.23,6207.61
01/2023-12/2023,2023,PACE,Kings,Sequoia,Sequoia,Non-Dual - UIS State-Only,6629.02,6958.48,7316.52,8872.41
01/2023-12/2023,2023,PACE,Kings,Sequoia,Sequoia,Full-Dual - SIS,4580.48,4800.37,5039.27,5332.02
01/2023-12/2023,2023,PACE,Kings,Sequoia,Sequoia,Non-Dual - SIS,6780.19,7117.16,7483.36,8985.69
01/2023-12/2023,2023,PACE,Madera,Sequoia,Sequoia,Full-Dual - UIS Federally Eligible,165.42,173.36,181.99,191.89
01/2023-12/2023,2023,PACE,Madera,Sequoia,Sequoia,Non-Dual - UIS Federally Eligible,1169.83,1227.97,1291.15,1582.74
01/2023-12/2023,2023,PACE,Madera,Sequoia,Sequoia,Full-Dual - UIS State-Only,5348.51,5605.26,5884.23,6207.61
01/2023-12/2023,2023,PACE,Madera,Sequoia,Sequoia,Non-Dual - UIS State-Only,6629.02,6958.48,7316.52,8872.41
01/2023-12/2023,2023,PACE,Madera,Sequoia,Sequoia,Full-Dual - SIS,4580.48,4800.37,5039.27,5332.02
01/2023-12/2023,2023,PACE,Madera,Sequoia,Sequoia,Non-Dual - SIS,6780.19,7117.16,7483.36,8985.69
01/2023-12/2023,2023,PACE,Tulare,Sequoia,Sequoia,Full-Dual - UIS Federally Eligible,165.42,173.36,181.99,191.89
01/2023-12/2023,2023,PACE,Tulare,Sequoia,Sequoia,Non-Dual - UIS Federally Eligible,1169.83,1227.97,1291.15,1582.74
01/2023-12/2023,2023,PACE,Tulare,Sequoia,Sequoia,Full-Dual - UIS State-Only,5348.51,5605.26,5884.23,6207.61
01/2023-12/2023,2023,PACE,Tulare,Sequoia,Sequoia,Non-Dual - UIS State-Only,6629.02,6958.48,7316.52,8872.41
01/2023-12/2023,2023,PACE,Tulare,Sequoia,Sequoia,Full-Dual - SIS,4580.48,4800.37,5039.27,5332.02
01/2023-12/2023,2023,PACE,Tulare,Sequoia,Sequoia,Non-Dual - SIS,6780.19,7117.16,7483.36,8985.69
01/2023-12/2023,2023,PACE,San Francisco,North East Medical Services,North East Medical Services,Full-Dual - UIS Federally Eligible,298.94,312.94,328.15,310.59
01/2023-12/2023,2023,PACE,San Francisco,North East Medical Services,North East Medical Services,Non-Dual - UIS Federally Eligible,1585.5,1663.46,1748.17,2287.82
01/2023-12/2023,2023,PACE,San Francisco,North East Medical Services,North East Medical Services,Full-Dual - UIS State-Only,9665.86,10118.49,10610.2,10034.55
01/2023-12/2023,2023,PACE,San Francisco,North East Medical Services,North East Medical Services,Non-Dual - UIS State-Only,8984.53,9426.29,9906.32,12419.82
01/2023-12/2023,2023,PACE,San Francisco,North East Medical Services,North East Medical Services,Full-Dual - SIS,8304.01,8692.86,9115.29,8622.89
01/2023-12/2023,2023,PACE,San Francisco,North East Medical Services,North East Medical Services,Non-Dual - SIS,8953.63,9393.86,9872.25,13106.31
01/2023-12/2023,2023,PACE,Orange,AltaMed Senior Care,AltaMed Senior Care,Full-Dual - UIS Federally Eligible,145.76,152.77,160.4,223.12
01/2023-12/2023,2023,PACE,Orange,AltaMed Senior Care,AltaMed Senior Care,Non-Dual - UIS Federally Eligible,1194.42,1253.74,1318.2,1796.36
01/2023-12/2023,2023,PACE,Orange,AltaMed Senior Care,AltaMed Senior Care,Full-Dual - UIS State-Only,4712.86,4939.69,5186.15,7207.44
01/2023-12/2023,2023,PACE,Orange,AltaMed Senior Care,AltaMed Senior Care,Non-Dual - UIS State-Only,6768.4,7104.54,7469.83,10064.63
01/2023-12/2023,2023,PACE,Orange,AltaMed Senior Care,AltaMed Senior Care,Full-Dual - SIS,4046.47,4241.23,4452.84,6195.46
01/2023-12/2023,2023,PACE,Orange,AltaMed Senior Care,AltaMed Senior Care,Non-Dual - SIS,6658.62,6989.31,7348.67,10203.75
01/2023-12/2023,2023,PACE,San Bernardino,Neighborhood Healthcare,Neighborhood Healthcare,Full-Dual - UIS Federally Eligible,142.32,149.34,156.95,192.0
01/2023-12/2023,2023,PACE,San Bernardino,Neighborhood Healthcare,Neighborhood Healthcare,Non-Dual - UIS Federally Eligible,1246.77,1309.31,1377.28,1731.96
01/2023-12/2023,2023,PACE,San Bernardino,Neighborhood Healthcare,Neighborhood Healthcare,Full-Dual - UIS State-Only,4601.83,4828.51,5074.83,6208.73
01/2023-12/2023,2023,PACE,San Bernardino,Neighborhood Healthcare,Neighborhood Healthcare,Non-Dual - UIS State-Only,7065.05,7419.43,7804.57,9708.95
01/2023-12/2023,2023,PACE,San Bernardino,Neighborhood Healthcare,Neighborhood Healthcare,Full-Dual - SIS,3953.46,4148.21,4359.82,5331.72
01/2023-12/2023,2023,PACE,San Bernardino,Neighborhood Healthcare,Neighborhood Healthcare,Non-Dual - SIS,7227.67,7590.21,7984.21,9837.06
01/2023-12/2023,2023,PACE,Riverside,Neighborhood Healthcare,Neighborhood Healthcare,Full-Dual - UIS Federally Eligible,142.32,149.34,156.95,192.0
01/2023-12/2023,2023,PACE,Riverside,Neighborhood Healthcare,Neighborhood Healthcare,Non-Dual - UIS Federally Eligible,1246.77,1309.31,1377.28,1731.96
01/2023-12/2023,2023,PACE,Riverside,Neighborhood Healthcare,Neighborhood Healthcare,Full-Dual - UIS State-Only,4601.83,4828.51,5074.83,6208.73
01/2023-12/2023,2023,PACE,Riverside,Neighborhood Healthcare,Neighborhood Healthcare,Non-Dual - UIS State-Only,7065.05,7419.43,7804.57,9708.95
01/2023-12/2023,2023,PACE,Riverside,Neighborhood Healthcare,Neighborhood Healthcare,Full-Dual - SIS,3953.46,4148.21,4359.82,5331.72
01/2023-12/2023,2023,PACE,Riverside,Neighborhood Healthcare,Neighborhood Healthcare,Non-Dual - SIS,7227.67,7590.21,7984.21,9837.06
01/2023-12/2023,2023,PACE,Orange,Innovative Integrated Health,Innovative Integrated Health,Full-Dual - UIS Federally Eligible,150.81,158.1,166.01,223.12
01/2023-12/2023,2023,PACE,Orange,Innovative Integrated Health,Innovative Integrated Health,Non-Dual - UIS Federally Eligible,1311.83,1377.39,1448.64,1796.36
01/2023-12/2023,2023,PACE,Orange,Innovative Integrated Health,Innovative Integrated Health,Full-Dual - UIS State-Only,4876.14,5111.75,5367.74,7207.44
01/2023-12/2023,2023,PACE,Orange,Innovative Integrated Health,Innovative Integrated Health,Non-Dual - UIS State-Only,7433.69,7805.2,8208.93,10064.63
01/2023-12/2023,2023,PACE,Orange,Innovative Integrated Health,Innovative Integrated Health,Full-Dual - SIS,4189.13,4391.53,4611.46,6195.46
01/2023-12/2023,2023,PACE,Orange,Innovative Integrated Health,Innovative Integrated Health,Non-Dual - SIS,7604.8,7984.85,8397.89,10203.75
01/2023-12/2023,2023,PACE,Los Angeles,ConcertoHealth PACE,ConcertoHealth PACE,Full-Dual - UIS Federally Eligible,193.72,203.0,213.09,227.95
01/2023-12/2023,2023,PACE,Los Angeles,ConcertoHealth PACE,ConcertoHealth PACE,Non-Dual - UIS Federally Eligible,1376.21,1444.38,1518.47,1652.34
01/2023-12/2023,2023,PACE,Los Angeles,ConcertoHealth PACE,ConcertoHealth PACE,Full-Dual - UIS State-Only,6263.59,6563.72,6889.81,7365.24
01/2023-12/2023,2023,PACE,Los Angeles,ConcertoHealth PACE,ConcertoHealth PACE,Non-Dual - UIS State-Only,7798.53,8184.85,8604.65,9245.23
01/2023-12/2023,2023,PACE,Los Angeles,ConcertoHealth PACE,ConcertoHealth PACE,Full-Dual - SIS,5381.09,5638.94,5919.08,6329.53
01/2023-12/2023,2023,PACE,Los Angeles,ConcertoHealth PACE,ConcertoHealth PACE,Non-Dual - SIS,7978.04,8373.24,8802.71,9373.82
01/2023-12/2023,2023,PACE,Napa,Providence PACE,Providence PACE,Full-Dual - UIS Federally Eligible,180.99,189.79,199.35,242.68
01/2023-12/2023,2023,PACE,Napa,Providence PACE,Providence PACE,Non-Dual - UIS Federally Eligible,1321.21,1387.0,1458.49,2023.2
01/2023-12/2023,2023,PACE,Napa,Providence PACE,Providence PACE,Full-Dual - UIS State-Only,5852.0,6136.51,6445.66,7844.85
01/2023-12/2023,2023,PACE,Napa,Providence PACE,Providence PACE,Non-Dual - UIS State-Only,7486.87,7859.67,8264.8,11347.31
01/2023-12/2023,2023,PACE,Napa,Providence PACE,Providence PACE,Full-Dual - SIS,5027.49,5271.92,5537.51,6738.24
01/2023-12/2023,2023,PACE,Napa,Providence PACE,Providence PACE,Non-Dual - SIS,7659.21,8040.58,8455.04,11491.2
01/2023-12/2023,2023,PACE,Solano,Providence PACE,Providence PACE,Full-Dual - UIS Federally Eligible,180.99,189.79,199.35,242.68
01/2023-12/2023,2023,PACE,Solano,Providence PACE,Providence PACE,Non-Dual - UIS Federally Eligible,1321.21,1387.0,1458.49,2023.2
01/2023-12/2023,2023,PACE,Solano,Providence PACE,Providence PACE,Full-Dual - UIS State-Only,5852.0,6136.51,6445.66,7844.85
01/2023-12/2023,2023,PACE,Solano,Providence PACE,Providence PACE,Non-Dual - UIS State-Only,7486.87,7859.67,8264.8,11347.31
01/2023-12/2023,2023,PACE,Solano,Providence PACE,Providence PACE,Full-Dual - SIS,5027.49,5271.92,5537.51,6738.24
01/2023-12/2023,2023,PACE,Solano,Providence PACE,Providence PACE,Non-Dual - SIS,7659.21,8040.58,8455.04,11491.2
01/2023-12/2023,2023,PACE,Sonoma,Providence PACE,Providence PACE,Full-Dual - UIS Federally Eligible,180.99,189.79,199.35,242.68
01/2023-12/2023,2023,PACE,Sonoma,Providence PACE,Providence PACE,Non-Dual - UIS Federally Eligible,1321.21,1387.0,1458.49,2023.2
01/2023-12/2023,2023,PACE,Sonoma,Providence PACE,Providence PACE,Full-Dual - UIS State-Only,5852.0,6136.51,6445.66,7844.85
01/2023-12/2023,2023,PACE,Sonoma,Providence PACE,Providence PACE,Non-Dual - UIS State-Only,7486.87,7859.67,8264.8,11347.31
01/2023-12/2023,2023,PACE,Sonoma,Providence PACE,Providence PACE,Full-Dual - SIS,5027.49,5271.92,5537.51,6738.24
01/2023-12/2023,2023,PACE,Sonoma,Providence PACE,Providence PACE,Non-Dual - SIS,7659.21,8040.58,8455.04,11491.2
01/2023-12/2023,2023,PACE,Sonoma,AgeWell PACE,AgeWell PACE,Full-Dual - UIS Federally Eligible,202.06,212.08,222.97,242.68
01/2023-12/2023,2023,PACE,Sonoma,AgeWell PACE,AgeWell PACE,Non-Dual - UIS Federally Eligible,1476.52,1551.7,1633.43,2023.2
01/2023-12/2023,2023,PACE,Sonoma,AgeWell PACE,AgeWell PACE,Full-Dual - UIS State-Only,6533.19,6857.25,7209.48,7844.85
01/2023-12/2023,2023,PACE,Sonoma,AgeWell PACE,AgeWell PACE,Non-Dual - UIS State-Only,8366.94,8792.96,9256.11,11347.31
01/2023-12/2023,2023,PACE,Sonoma,AgeWell PACE,AgeWell PACE,Full-Dual - SIS,5612.71,5891.11,6193.71,6738.24
01/2023-12/2023,2023,PACE,Sonoma,AgeWell PACE,AgeWell PACE,Non-Dual - SIS,8559.53,8995.36,9469.17,11491.2
01/2023-12/2023,2023,PACE,Marin,AgeWell PACE,AgeWell PACE,Full-Dual - UIS Federally Eligible,202.06,212.08,222.97,242.68
01/2023-12/2023,2023,PACE,Marin,AgeWell PACE,AgeWell PACE,Non-Dual - UIS Federally Eligible,1476.52,1551.7,1633.43,2023.2
01/2023-12/2023,2023,PACE,Marin,AgeWell PACE,AgeWell PACE,Full-Dual - UIS State-Only,6533.19,6857.25,7209.48,7844.85
01/2023-12/2023,2023,PACE,Marin,AgeWell PACE,AgeWell PACE,Non-Dual - UIS State-Only,8366.94,8792.96,9256.11,11347.31
01/2023-12/2023,2023,PACE,Marin,AgeWell PACE,AgeWell PACE,Full-Dual - SIS,5612.71,5891.11,6193.71,6738.24
01/2023-12/2023,2023,PACE,Marin,AgeWell PACE,AgeWell PACE,Non-Dual - SIS,8559.53,8995.36,9469.17,11491.2
01/2024-12/2024,2024,PACE,Los Angeles,AltaMed Health Services Corporation,AltaMed Health Services Corporation,Full-Dual - UIS Federally Eligible,186.65,195.96,206.07,278.23
01/2024-12/2024,2024,PACE,Los Angeles,AltaMed Health Services Corporation,AltaMed Health Services Corporation,Non-Dual - UIS Federally Eligible,1352.41,1421.75,1497.14,2115.58
01/2024-12/2024,2024,PACE,Los Angeles,AltaMed Health Services Corporation,AltaMed Health Services Corporation,Full-Dual - UIS State-Only,4479.69,4703.01,4945.79,6628.98
01/2024-12/2024,2024,PACE,Los Angeles,AltaMed Health Services Corporation,AltaMed Health Services Corporation,Non-Dual - UIS State-Only,5087.64,5348.47,5632.09,7908.61
01/2024-12/2024,2024,PACE,Los Angeles,AltaMed Health Services Corporation,AltaMed Health Services Corporation,Full-Dual - SIS,4057.69,4259.98,4479.88,6013.77
01/2024-12/2024,2024,PACE,Los Angeles,AltaMed Health Services Corporation,AltaMed Health Services Corporation,Non-Dual - SIS,5854.6,6154.74,6481.12,9130.24
01/2024-12/2024,2024,PACE,Orange,AltaMed Health Services Corporation,AltaMed Health Services Corporation,Full-Dual - UIS Federally Eligible,180.43,189.43,199.21,265.42
01/2024-12/2024,2024,PACE,Orange,AltaMed Health Services Corporation,AltaMed Health Services Corporation,Non-Dual - UIS Federally Eligible,1489.47,1565.68,1648.55,2436.64
01/2024-12/2024,2024,PACE,Orange,AltaMed Health Services Corporation,AltaMed Health Services Corporation,Full-Dual - UIS State-Only,4330.4,4546.33,4781.07,6318.93
01/2024-12/2024,2024,PACE,Orange,AltaMed Health Services Corporation,AltaMed Health Services Corporation,Non-Dual - UIS State-Only,5603.25,5889.95,6201.71,9121.96
01/2024-12/2024,2024,PACE,Orange,AltaMed Health Services Corporation,AltaMed Health Services Corporation,Full-Dual - SIS,3922.47,4118.05,4330.68,5733.86
01/2024-12/2024,2024,PACE,Orange,AltaMed Health Services Corporation,AltaMed Health Services Corporation,Non-Dual - SIS,6447.93,6777.85,7136.6,10522.89
01/2024-12/2024,2024,PACE,Los Angeles,"Brandman Centers for Senior Care, Inc.","Brandman Centers for Senior Care, Inc.",Full-Dual - UIS Federally Eligible,197.83,207.85,218.75,278.23
01/2024-12/2024,2024,PACE,Los Angeles,"Brandman Centers for Senior Care, Inc.","Brandman Centers for Senior Care, Inc.",Non-Dual - UIS Federally Eligible,1547.68,1628.46,1716.32,2115.58
01/2024-12/2024,2024,PACE,Los Angeles,"Brandman Centers for Senior Care, Inc.","Brandman Centers for Senior Care, Inc.",Full-Dual - UIS State-Only,4747.82,4988.4,5249.96,6628.98
01/2024-12/2024,2024,PACE,Los Angeles,"Brandman Centers for Senior Care, Inc.","Brandman Centers for Senior Care, Inc.",Non-Dual - UIS State-Only,5822.23,6126.12,6456.62,7908.61
01/2024-12/2024,2024,PACE,Los Angeles,"Brandman Centers for Senior Care, Inc.","Brandman Centers for Senior Care, Inc.",Full-Dual - SIS,4300.57,4518.48,4755.4,6013.77
01/2024-12/2024,2024,PACE,Los Angeles,"Brandman Centers for Senior Care, Inc.","Brandman Centers for Senior Care, Inc.",Non-Dual - SIS,6699.92,7049.62,7429.95,9130.24
01/2024-12/2024,2024,PACE,Orange,Orange County Health Authority,Orange County Health Authority,Full-Dual - UIS Federally Eligible,168.38,176.78,185.91,265.42
01/2024-12/2024,2024,PACE,Orange,Orange County Health Authority,Orange County Health Authority,Non-Dual - UIS Federally Eligible,1584.27,1665.19,1753.19,2436.64
01/2024-12/2024,2024,PACE,Orange,Orange County Health Authority,Orange County Health Authority,Full-Dual - UIS State-Only,4041.13,4242.68,4461.8,6318.93
01/2024-12/2024,2024,PACE,Orange,Orange County Health Authority,Orange County Health Authority,Non-Dual - UIS State-Only,5959.87,6264.29,6595.32,9121.96
01/2024-12/2024,2024,PACE,Orange,Orange County Health Authority,Orange County Health Authority,Full-Dual - SIS,3660.44,3843.01,4041.49,5733.86
01/2024-12/2024,2024,PACE,Orange,Orange County Health Authority,Orange County Health Authority,Non-Dual - SIS,6858.31,7208.62,7589.55,10522.89
01/2024-12/2024,2024,PACE,Alameda,Coalition Center for Elders Independence,Coalition Center for Elders Independence,Full-Dual - UIS Federally Eligible,262.54,276.3,291.27,319.18
01/2024-12/2024,2024,PACE,Alameda,Coalition Center for Elders Independence,Coalition Center for Elders Independence,Non-Dual - UIS Federally Eligible,1711.72,1802.62,1901.5,2442.92
01/2024-12/2024,2024,PACE,Alameda,Coalition Center for Elders Independence,Coalition Center for Elders Independence,Full-Dual - UIS State-Only,6300.9,6631.22,6990.45,7629.09
01/2024-12/2024,2024,PACE,Alameda,Coalition Center for Elders Independence,Coalition Center for Elders Independence,Non-Dual - UIS State-Only,6439.32,6781.3,7153.27,9144.05
01/2024-12/2024,2024,PACE,Alameda,Coalition Center for Elders Independence,Coalition Center for Elders Independence,Full-Dual - SIS,5707.34,6006.54,6331.93,6913.14
01/2024-12/2024,2024,PACE,Alameda,Coalition Center for Elders Independence,Coalition Center for Elders Independence,Non-Dual - SIS,7410.03,7803.57,8231.61,10546.89
01/2024-12/2024,2024,PACE,Contra Costa,Coalition Center for Elders Independence,Coalition Center for Elders Independence,Full-Dual - UIS Federally Eligible,265.55,279.46,294.59,288.41
01/2024-12/2024,2024,PACE,Contra Costa,Coalition Center for Elders Independence,Coalition Center for Elders Independence,Non-Dual - UIS Federally Eligible,1687.7,1777.44,1875.05,2448.98
01/2024-12/2024,2024,PACE,Contra Costa,Coalition Center for Elders Independence,Coalition Center for Elders Independence,Full-Dual - UIS State-Only,6373.17,6707.01,7070.07,6856.46
01/2024-12/2024,2024,PACE,Contra Costa,Coalition Center for Elders Independence,Coalition Center for Elders Independence,Non-Dual - UIS State-Only,6348.98,6686.57,7053.77,9156.46
01/2024-12/2024,2024,PACE,Contra Costa,Coalition Center for Elders Independence,Coalition Center for Elders Independence,Full-Dual - SIS,5772.8,6075.19,6404.05,6225.89
01/2024-12/2024,2024,PACE,Contra Costa,Coalition Center for Elders Independence,Coalition Center for Elders Independence,Non-Dual - SIS,7306.08,7694.56,8117.12,10599.4
01/2024-12/2024,2024,PACE,San Joaquin,Golden Valley Health Centers,Golden Valley Health Centers,Full-Dual - UIS Federally Eligible,239.45,251.56,264.73,268.71
01/2024-12/2024,2024,PACE,San Joaquin,Golden Valley Health Centers,Golden Valley Health Centers,Non-Dual - UIS Federally Eligible,1703.85,1792.81,1889.56,2407.67
01/2024-12/2024,2024,PACE,San Joaquin,Golden Valley Health Centers,Golden Valley Health Centers,Full-Dual - UIS State-Only,5746.81,6037.5,6353.56,6420.13
01/2024-12/2024,2024,PACE,San Joaquin,Golden Valley Health Centers,Golden Valley Health Centers,Non-Dual - UIS State-Only,6409.72,6744.38,7108.35,9020.26
01/2024-12/2024,2024,PACE,San Joaquin,Golden Valley Health Centers,Golden Valley Health Centers,Full-Dual - SIS,5205.45,5468.75,5755.04,5815.88
01/2024-12/2024,2024,PACE,San Joaquin,Golden Valley Health Centers,Golden Valley Health Centers,Non-Dual - SIS,7375.97,7761.08,8179.91,10395.56
01/2024-12/2024,2024,PACE,Stanislaus,Golden Valley Health Centers,Golden Valley Health Centers,Full-Dual - UIS Federally Eligible,239.45,251.56,264.73,268.71
01/2024-12/2024,2024,PACE,Stanislaus,Golden Valley Health Centers,Golden Valley Health Centers,Non-Dual - UIS Federally Eligible,1703.85,1792.81,1889.56,2407.67
01/2024-12/2024,2024,PACE,Stanislaus,Golden Valley Health Centers,Golden Valley Health Centers,Full-Dual - UIS State-Only,5746.81,6037.5,6353.56,6420.13
01/2024-12/2024,2024,PACE,Stanislaus,Golden Valley Health Centers,Golden Valley Health Centers,Non-Dual - UIS State-Only,6409.72,6744.38,7108.35,9020.26
01/2024-12/2024,2024,PACE,Stanislaus,Golden Valley Health Centers,Golden Valley Health Centers,Full-Dual - SIS,5205.45,5468.75,5755.04,5815.88
01/2024-12/2024,2024,PACE,Stanislaus,Golden Valley Health Centers,Golden Valley Health Centers,Non-Dual - SIS,7375.97,7761.08,8179.91,10395.56
01/2024-12/2024,2024,PACE,Los Angeles,"ConcertoHealth PACE of Los Angeles, LLC","ConcertoHealth PACE of Los Angeles, LLC",Full-Dual - UIS Federally Eligible,235.95,247.94,260.99,278.23
01/2024-12/2024,2024,PACE,Los Angeles,"ConcertoHealth PACE of Los Angeles, LLC","ConcertoHealth PACE of Los Angeles, LLC",Non-Dual - UIS Federally Eligible,1767.83,1860.27,1960.81,2115.58
01/2024-12/2024,2024,PACE,Los Angeles,"ConcertoHealth PACE of Los Angeles, LLC","ConcertoHealth PACE of Los Angeles, LLC",Full-Dual - UIS State-Only,5662.73,5950.65,6263.72,6628.98
01/2024-12/2024,2024,PACE,Los Angeles,"ConcertoHealth PACE of Los Angeles, LLC","ConcertoHealth PACE of Los Angeles, LLC",Non-Dual - UIS State-Only,6650.39,6998.16,7376.39,7908.61
01/2024-12/2024,2024,PACE,Los Angeles,"ConcertoHealth PACE of Los Angeles, LLC","ConcertoHealth PACE of Los Angeles, LLC",Full-Dual - SIS,5129.28,5390.09,5673.66,6013.77
01/2024-12/2024,2024,PACE,Los Angeles,"ConcertoHealth PACE of Los Angeles, LLC","ConcertoHealth PACE of Los Angeles, LLC",Non-Dual - SIS,7652.93,8053.12,8488.36,9130.24
01/2024-12/2024,2024,PACE,San Diego,"Family Health Centers of San Diego, Inc","Family Health Centers of San Diego, Inc",Full-Dual - UIS Federally Eligible,199.16,209.18,220.08,266.76
01/2024-12/2024,2024,PACE,San Diego,"Family Health Centers of San Diego, Inc","Family Health Centers of San Diego, Inc",Non-Dual - UIS Federally Eligible,1605.58,1689.19,1780.12,2346.58
01/2024-12/2024,2024,PACE,San Diego,"Family Health Centers of San Diego, Inc","Family Health Centers of San Diego, Inc",Full-Dual - UIS State-Only,4779.8,5020.41,5282.01,6359.52
01/2024-12/2024,2024,PACE,San Diego,"Family Health Centers of San Diego, Inc","Family Health Centers of San Diego, Inc",Non-Dual - UIS State-Only,6040.04,6354.58,6696.66,8785.68
01/2024-12/2024,2024,PACE,San Diego,"Family Health Centers of San Diego, Inc","Family Health Centers of San Diego, Inc",Full-Dual - SIS,4329.53,4547.47,4784.43,5763.93
01/2024-12/2024,2024,PACE,San Diego,"Family Health Centers of San Diego, Inc","Family Health Centers of San Diego, Inc",Non-Dual - SIS,6950.56,7312.52,7706.17,10132.98
01/2024-12/2024,2024,PACE,San Diego,"Gary & Mary West Senior Services, Inc.","Gary & Mary West Senior Services, Inc.",Full-Dual - UIS Federally Eligible,206.32,216.7,228.0,266.76
01/2024-12/2024,2024,PACE,San Diego,"Gary & Mary West Senior Services, Inc.","Gary & Mary West Senior Services, Inc.",Non-Dual - UIS Federally Eligible,1761.07,1852.77,1952.5,2346.58
01/2024-12/2024,2024,PACE,San Diego,"Gary & Mary West Senior Services, Inc.","Gary & Mary West Senior Services, Inc.",Full-Dual - UIS State-Only,4951.67,5200.92,5471.91,6359.52
01/2024-12/2024,2024,PACE,San Diego,"Gary & Mary West Senior Services, Inc.","Gary & Mary West Senior Services, Inc.",Non-Dual - UIS State-Only,6624.97,6969.94,7345.12,8785.68
01/2024-12/2024,2024,PACE,San Diego,"Gary & Mary West Senior Services, Inc.","Gary & Mary West Senior Services, Inc.",Full-Dual - SIS,4485.21,4710.98,4956.44,5763.93
01/2024-12/2024,2024,PACE,San Diego,"Gary & Mary West Senior Services, Inc.","Gary & Mary West Senior Services, Inc.",Non-Dual - SIS,7623.67,8020.65,8452.38,10132.98
01/2024-12/2024,2024,PACE,Fresno,"Innovative Integrated Health, Inc.","Innovative Integrated Health, Inc.",Full-Dual - UIS Federally Eligible,169.84,178.19,187.25,234.16
01/2024-12/2024,2024,PACE,Fresno,"Innovative Integrated Health, Inc.","Innovative Integrated Health, Inc.",Non-Dual - UIS Federally Eligible,1255.17,1318.86,1388.11,2114.75
01/2024-12/2024,2024,PACE,Fresno,"Innovative Integrated Health, Inc.","Innovative Integrated Health, Inc.",Full-Dual - UIS State-Only,4076.22,4276.45,4494.11,5525.34
01/2024-12/2024,2024,PACE,Fresno,"Innovative Integrated Health, Inc.","Innovative Integrated Health, Inc.",Non-Dual - UIS State-Only,4721.81,4961.42,5221.95,7910.34
01/2024-12/2024,2024,PACE,Fresno,"Innovative Integrated Health, Inc.","Innovative Integrated Health, Inc.",Full-Dual - SIS,3692.23,3873.6,4070.75,5008.63
01/2024-12/2024,2024,PACE,Fresno,"Innovative Integrated Health, Inc.","Innovative Integrated Health, Inc.",Non-Dual - SIS,5433.62,5709.34,6009.15,9129.52
01/2024-12/2024,2024,PACE,Orange,"Innovative Integrated Health, Inc.","Innovative Integrated Health, Inc.",Full-Dual - UIS Federally Eligible,186.19,195.56,205.75,265.42
01/2024-12/2024,2024,PACE,Orange,"Innovative Integrated Health, Inc.","Innovative Integrated Health, Inc.",Non-Dual - UIS Federally Eligible,1590.16,1672.27,1761.57,2436.64
01/2024-12/2024,2024,PACE,Orange,"Innovative Integrated Health, Inc.","Innovative Integrated Health, Inc.",Full-Dual - UIS State-Only,4468.66,4693.48,4937.91,6318.93
01/2024-12/2024,2024,PACE,Orange,"Innovative Integrated Health, Inc.","Innovative Integrated Health, Inc.",Non-Dual - UIS State-Only,5982.02,6290.92,6626.85,9121.96
01/2024-12/2024,2024,PACE,Orange,"Innovative Integrated Health, Inc.","Innovative Integrated Health, Inc.",Full-Dual - SIS,4047.7,4251.34,4472.75,5733.86
01/2024-12/2024,2024,PACE,Orange,"Innovative Integrated Health, Inc.","Innovative Integrated Health, Inc.",Non-Dual - SIS,6883.8,7239.27,7625.84,10522.89
01/2024-12/2024,2024,PACE,Tulare,"Innovative Integrated Health, Inc.","Innovative Integrated Health, Inc.",Full-Dual - UIS Federally Eligible,207.09,217.4,228.61,232.31
01/2024-12/2024,2024,PACE,Tulare,"Innovative Integrated Health, Inc.","Innovative Integrated Health, Inc.",Non-Dual - UIS Federally Eligible,1458.42,1533.88,1615.94,2218.55
01/2024-12/2024,2024,PACE,Tulare,"Innovative Integrated Health, Inc.","Innovative Integrated Health, Inc.",Full-Dual - UIS State-Only,4970.04,5217.5,5486.53,5522.53
01/2024-12/2024,2024,PACE,Tulare,"Innovative Integrated Health, Inc.","Innovative Integrated Health, Inc.",Non-Dual - UIS State-Only,5486.44,5770.31,6079.01,8301.27
01/2024-12/2024,2024,PACE,Tulare,"Innovative Integrated Health, Inc.","Innovative Integrated Health, Inc.",Full-Dual - SIS,4501.85,4726.0,4969.68,5004.36
01/2024-12/2024,2024,PACE,Tulare,"Innovative Integrated Health, Inc.","Innovative Integrated Health, Inc.",Non-Dual - SIS,6313.51,6640.17,6995.41,9574.18
01/2024-12/2024,2024,PACE,Kern,"Innovative Integrated Health, Inc.","Innovative Integrated Health, Inc.",Full-Dual - UIS Federally Eligible,207.09,217.4,228.61,232.31
01/2024-12/2024,2024,PACE,Kern,"Innovative Integrated Health, Inc.","Innovative Integrated Health, Inc.",Non-Dual - UIS Federally Eligible,1458.42,1533.88,1615.94,2218.55
01/2024-12/2024,2024,PACE,Kern,"Innovative Integrated Health, Inc.","Innovative Integrated Health, Inc.",Full-Dual - UIS State-Only,4970.04,5217.5,5486.53,5522.53
01/2024-12/2024,2024,PACE,Kern,"Innovative Integrated Health, Inc.","Innovative Integrated Health, Inc.",Non-Dual - UIS State-Only,5486.44,5770.31,6079.01,8301.27
01/2024-12/2024,2024,PACE,Kern,"Innovative Integrated Health, Inc.","Innovative Integrated Health, Inc.",Full-Dual - SIS,4501.85,4726.0,4969.68,5004.36
01/2024-12/2024,2024,PACE,Kern,"Innovative Integrated Health, Inc.","Innovative Integrated Health, Inc.",Non-Dual - SIS,6313.51,6640.17,6995.41,9574.18
01/2024-12/2024,2024,PACE,Sacramento,"InnovAge California PACE-Sacramento, LLC","InnovAge California PACE-Sacramento, LLC",Full-Dual - UIS Federally Eligible,233.11,244.9,257.72,259.42
01/2024-12/2024,2024,PACE,Sacramento,"InnovAge California PACE-Sacramento, LLC","InnovAge California PACE-Sacramento, LLC",Non-Dual - UIS Federally Eligible,1704.38,1793.82,1891.09,2206.92
01/2024-12/2024,2024,PACE,Sacramento,"InnovAge California PACE-Sacramento, LLC","InnovAge California PACE-Sacramento, LLC",Full-Dual - UIS State-Only,5594.55,5877.61,6185.35,6172.82
01/2024-12/2024,2024,PACE,Sacramento,"InnovAge California PACE-Sacramento, LLC","InnovAge California PACE-Sacramento, LLC",Non-Dual - UIS State-Only,6411.73,6748.19,7114.11,8254.4
01/2024-12/2024,2024,PACE,Sacramento,"InnovAge California PACE-Sacramento, LLC","InnovAge California PACE-Sacramento, LLC",Full-Dual - SIS,5067.53,5323.92,5602.67,5598.71
01/2024-12/2024,2024,PACE,Sacramento,"InnovAge California PACE-Sacramento, LLC","InnovAge California PACE-Sacramento, LLC",Non-Dual - SIS,7378.28,7765.46,8186.55,9532.07
01/2024-12/2024,2024,PACE,San Joaquin,"InnovAge California PACE-Sacramento, LLC","InnovAge California PACE-Sacramento, LLC",Full-Dual - UIS Federally Eligible,233.11,244.9,257.72,259.42
01/2024-12/2024,2024,PACE,San Joaquin,"InnovAge California PACE-Sacramento, LLC","InnovAge California PACE-Sacramento, LLC",Non-Dual - UIS Federally Eligible,1704.38,1793.82,1891.09,2206.92
01/2024-12/2024,2024,PACE,San Joaquin,"InnovAge California PACE-Sacramento, LLC","InnovAge California PACE-Sacramento, LLC",Full-Dual - UIS State-Only,5594.55,5877.61,6185.35,6172.82
01/2024-12/2024,2024,PACE,San Joaquin,"InnovAge California PACE-Sacramento, LLC","InnovAge California PACE-Sacramento, LLC",Non-Dual - UIS State-Only,6411.73,6748.19,7114.11,8254.4
01/2024-12/2024,2024,PACE,San Joaquin,"InnovAge California PACE-Sacramento, LLC","InnovAge California PACE-Sacramento, LLC",Full-Dual - SIS,5067.53,5323.92,5602.67,5598.71
01/2024-12/2024,2024,PACE,San Joaquin,"InnovAge California PACE-Sacramento, LLC","InnovAge California PACE-Sacramento, LLC",Non-Dual - SIS,7378.28,7765.46,8186.55,9532.07
01/2024-12/2024,2024,PACE,Sutter,"InnovAge California PACE-Sacramento, LLC","InnovAge California PACE-Sacramento, LLC",Full-Dual - UIS Federally Eligible,233.11,244.9,257.72,259.42
01/2024-12/2024,2024,PACE,Sutter,"InnovAge California PACE-Sacramento, LLC","InnovAge California PACE-Sacramento, LLC",Non-Dual - UIS Federally Eligible,1704.38,1793.82,1891.09,2206.92
01/2024-12/2024,2024,PACE,Sutter,"InnovAge California PACE-Sacramento, LLC","InnovAge California PACE-Sacramento, LLC",Full-Dual - UIS State-Only,5594.55,5877.61,6185.35,6172.82
01/2024-12/2024,2024,PACE,Sutter,"InnovAge California PACE-Sacramento, LLC","InnovAge California PACE-Sacramento, LLC",Non-Dual - UIS State-Only,6411.73,6748.19,7114.11,8254.4
01/2024-12/2024,2024,PACE,Sutter,"InnovAge California PACE-Sacramento, LLC","InnovAge California PACE-Sacramento, LLC",Full-Dual - SIS,5067.53,5323.92,5602.67,5598.71
01/2024-12/2024,2024,PACE,Sutter,"InnovAge California PACE-Sacramento, LLC","InnovAge California PACE-Sacramento, LLC",Non-Dual - SIS,7378.28,7765.46,8186.55,9532.07
01/2024-12/2024,2024,PACE,Placer,"InnovAge California PACE-Sacramento, LLC","InnovAge California PACE-Sacramento, LLC",Full-Dual - UIS Federally Eligible,233.11,244.9,257.72,259.42
01/2024-12/2024,2024,PACE,Placer,"InnovAge California PACE-Sacramento, LLC","InnovAge California PACE-Sacramento, LLC",Non-Dual - UIS Federally Eligible,1704.38,1793.82,1891.09,2206.92
01/2024-12/2024,2024,PACE,Placer,"InnovAge California PACE-Sacramento, LLC","InnovAge California PACE-Sacramento, LLC",Full-Dual - UIS State-Only,5594.55,5877.61,6185.35,6172.82
01/2024-12/2024,2024,PACE,Placer,"InnovAge California PACE-Sacramento, LLC","InnovAge California PACE-Sacramento, LLC",Non-Dual - UIS State-Only,6411.73,6748.19,7114.11,8254.4
01/2024-12/2024,2024,PACE,Placer,"InnovAge California PACE-Sacramento, LLC","InnovAge California PACE-Sacramento, LLC",Full-Dual - SIS,5067.53,5323.92,5602.67,5598.71
01/2024-12/2024,2024,PACE,Placer,"InnovAge California PACE-Sacramento, LLC","InnovAge California PACE-Sacramento, LLC",Non-Dual - SIS,7378.28,7765.46,8186.55,9532.07
01/2024-12/2024,2024,PACE,Yuba,"InnovAge California PACE-Sacramento, LLC","InnovAge California PACE-Sacramento, LLC",Full-Dual - UIS Federally Eligible,233.11,244.9,257.72,259.42
01/2024-12/2024,2024,PACE,Yuba,"InnovAge California PACE-Sacramento, LLC","InnovAge California PACE-Sacramento, LLC",Non-Dual - UIS Federally Eligible,1704.38,1793.82,1891.09,2206.92
01/2024-12/2024,2024,PACE,Yuba,"InnovAge California PACE-Sacramento, LLC","InnovAge California PACE-Sacramento, LLC",Full-Dual - UIS State-Only,5594.55,5877.61,6185.35,6172.82
01/2024-12/2024,2024,PACE,Yuba,"InnovAge California PACE-Sacramento, LLC","InnovAge California PACE-Sacramento, LLC",Non-Dual - UIS State-Only,6411.73,6748.19,7114.11,8254.4
01/2024-12/2024,2024,PACE,Yuba,"InnovAge California PACE-Sacramento, LLC","InnovAge California PACE-Sacramento, LLC",Full-Dual - SIS,5067.53,5323.92,5602.67,5598.71
01/2024-12/2024,2024,PACE,Yuba,"InnovAge California PACE-Sacramento, LLC","InnovAge California PACE-Sacramento, LLC",Non-Dual - SIS,7378.28,7765.46,8186.55,9532.07
01/2024-12/2024,2024,PACE,El Dorado,"InnovAge California PACE-Sacramento, LLC","InnovAge California PACE-Sacramento, LLC",Full-Dual - UIS Federally Eligible,233.11,244.9,257.72,259.42
01/2024-12/2024,2024,PACE,El Dorado,"InnovAge California PACE-Sacramento, LLC","InnovAge California PACE-Sacramento, LLC",Non-Dual - UIS Federally Eligible,1704.38,1793.82,1891.09,2206.92
01/2024-12/2024,2024,PACE,El Dorado,"InnovAge California PACE-Sacramento, LLC","InnovAge California PACE-Sacramento, LLC",Full-Dual - UIS State-Only,5594.55,5877.61,6185.35,6172.82
01/2024-12/2024,2024,PACE,El Dorado,"InnovAge California PACE-Sacramento, LLC","InnovAge California PACE-Sacramento, LLC",Non-Dual - UIS State-Only,6411.73,6748.19,7114.11,8254.4
01/2024-12/2024,2024,PACE,El Dorado,"InnovAge California PACE-Sacramento, LLC","InnovAge California PACE-Sacramento, LLC",Full-Dual - SIS,5067.53,5323.92,5602.67,5598.71
01/2024-12/2024,2024,PACE,El Dorado,"InnovAge California PACE-Sacramento, LLC","InnovAge California PACE-Sacramento, LLC",Non-Dual - SIS,7378.28,7765.46,8186.55,9532.07
01/2024-12/2024,2024,PACE,Riverside,"Total Longterm Care, Inc.","Total Longterm Care, Inc.",Full-Dual - UIS Federally Eligible,181.9,191.38,201.7,229.35
01/2024-12/2024,2024,PACE,Riverside,"Total Longterm Care, Inc.","Total Longterm Care, Inc.",Non-Dual - UIS Federally Eligible,1596.27,1680.94,1773.02,2380.26
01/2024-12/2024,2024,PACE,Riverside,"Total Longterm Care, Inc.","Total Longterm Care, Inc.",Full-Dual - UIS State-Only,4365.48,4593.14,4840.7,5466.98
01/2024-12/2024,2024,PACE,Riverside,"Total Longterm Care, Inc.","Total Longterm Care, Inc.",Non-Dual - UIS State-Only,6005.0,6323.52,6669.95,8917.14
01/2024-12/2024,2024,PACE,Riverside,"Total Longterm Care, Inc.","Total Longterm Care, Inc.",Full-Dual - SIS,3954.24,4160.46,4384.69,4953.99
01/2024-12/2024,2024,PACE,Riverside,"Total Longterm Care, Inc.","Total Longterm Care, Inc.",Non-Dual - SIS,6910.25,7276.78,7675.43,10277.51
01/2024-12/2024,2024,PACE,San Bernardino,"Total Longterm Care, Inc.","Total Longterm Care, Inc.",Full-Dual - UIS Federally Eligible,181.9,191.38,201.7,229.35
01/2024-12/2024,2024,PACE,San Bernardino,"Total Longterm Care, Inc.","Total Longterm Care, Inc.",Non-Dual - UIS Federally Eligible,1596.27,1680.94,1773.02,2380.26
01/2024-12/2024,2024,PACE,San Bernardino,"Total Longterm Care, Inc.","Total Longterm Care, Inc.",Full-Dual - UIS State-Only,4365.48,4593.14,4840.7,5466.98
01/2024-12/2024,2024,PACE,San Bernardino,"Total Longterm Care, Inc.","Total Longterm Care, Inc.",Non-Dual - UIS State-Only,6005.0,6323.52,6669.95,8917.14
01/2024-12/2024,2024,PACE,San Bernardino,"Total Longterm Care, Inc.","Total Longterm Care, Inc.",Full-Dual - SIS,3954.24,4160.46,4384.69,4953.99
01/2024-12/2024,2024,PACE,San Bernardino,"Total Longterm Care, Inc.","Total Longterm Care, Inc.",Non-Dual - SIS,6910.25,7276.78,7675.43,10277.51
01/2024-12/2024,2024,PACE,San Bernardino,Neighborhood Healthcare PACE,Neighborhood Healthcare PACE,Full-Dual - UIS Federally Eligible,178.22,187.45,197.5,229.35
01/2024-12/2024,2024,PACE,San Bernardino,Neighborhood Healthcare PACE,Neighborhood Healthcare PACE,Non-Dual - UIS Federally Eligible,1604.67,1689.49,1781.74,2380.26
01/2024-12/2024,2024,PACE,San Bernardino,Neighborhood Healthcare PACE,Neighborhood Healthcare PACE,Full-Dual - UIS State-Only,4277.17,4498.91,4740.03,5466.98
01/2024-12/2024,2024,PACE,San Bernardino,Neighborhood Healthcare PACE,Neighborhood Healthcare PACE,Non-Dual - UIS State-Only,6036.61,6355.7,6702.74,8917.14
01/2024-12/2024,2024,PACE,San Bernardino,Neighborhood Healthcare PACE,Neighborhood Healthcare PACE,Full-Dual - SIS,3874.25,4075.1,4293.5,4953.99
01/2024-12/2024,2024,PACE,San Bernardino,Neighborhood Healthcare PACE,Neighborhood Healthcare PACE,Non-Dual - SIS,6946.62,7313.81,7713.17,10277.51
01/2024-12/2024,2024,PACE,Riverside,Neighborhood Healthcare PACE,Neighborhood Healthcare PACE,Full-Dual - UIS Federally Eligible,178.22,187.45,197.5,229.35
01/2024-12/2024,2024,PACE,Riverside,Neighborhood Healthcare PACE,Neighborhood Healthcare PACE,Non-Dual - UIS Federally Eligible,1604.67,1689.49,1781.74,2380.26
01/2024-12/2024,2024,PACE,Riverside,Neighborhood Healthcare PACE,Neighborhood Healthcare PACE,Full-Dual - UIS State-Only,4277.17,4498.91,4740.03,5466.98
01/2024-12/2024,2024,PACE,Riverside,Neighborhood Healthcare PACE,Neighborhood Healthcare PACE,Non-Dual - UIS State-Only,6036.61,6355.7,6702.74,8917.14
01/2024-12/2024,2024,PACE,Riverside,Neighborhood Healthcare PACE,Neighborhood Healthcare PACE,Full-Dual - SIS,3874.25,4075.1,4293.5,4953.99
01/2024-12/2024,2024,PACE,Riverside,Neighborhood Healthcare PACE,Neighborhood Healthcare PACE,Non-Dual - SIS,6946.62,7313.81,7713.17,10277.51
01/2024-12/2024,2024,PACE,San Francisco,North East Medical Services,North East Medical Services,Full-Dual - UIS Federally Eligible,380.74,399.25,419.38,387.58
01/2024-12/2024,2024,PACE,San Francisco,North East Medical Services,North East Medical Services,Non-Dual - UIS Federally Eligible,1990.89,2092.86,2203.74,3061.4
01/2024-12/2024,2024,PACE,San Francisco,North East Medical Services,North East Medical Services,Full-Dual - UIS State-Only,9137.77,9582.1,10065.05,9242.69
01/2024-12/2024,2024,PACE,San Francisco,North East Medical Services,North East Medical Services,Non-Dual - UIS State-Only,7489.54,7873.13,8290.26,11457.45
01/2024-12/2024,2024,PACE,San Francisco,North East Medical Services,North East Medical Services,Full-Dual - SIS,8276.97,8679.44,9116.89,8390.08
01/2024-12/2024,2024,PACE,San Francisco,North East Medical Services,North East Medical Services,Non-Dual - SIS,8618.57,9059.99,9540.0,13239.88
01/2024-12/2024,2024,PACE,Alameda,OnLok Senior Health Services,OnLok Senior Health Services,Full-Dual - UIS Federally Eligible,317.87,333.78,351.07,319.18
01/2024-12/2024,2024,PACE,Alameda,OnLok Senior Health Services,OnLok Senior Health Services,Non-Dual - UIS Federally Eligible,1600.48,1684.02,1774.88,2442.92
01/2024-12/2024,2024,PACE,Alameda,OnLok Senior Health Services,OnLok Senior Health Services,Full-Dual - UIS State-Only,7628.88,8010.64,8425.7,7629.09
01/2024-12/2024,2024,PACE,Alameda,OnLok Senior Health Services,OnLok Senior Health Services,Non-Dual - UIS State-Only,6020.83,6335.11,6676.91,9144.05
01/2024-12/2024,2024,PACE,Alameda,OnLok Senior Health Services,OnLok Senior Health Services,Full-Dual - SIS,6910.22,7256.02,7631.97,6913.14
01/2024-12/2024,2024,PACE,Alameda,OnLok Senior Health Services,OnLok Senior Health Services,Non-Dual - SIS,6928.46,7290.12,7683.44,10546.89
01/2024-12/2024,2024,PACE,San Francisco,OnLok Senior Health Services,OnLok Senior Health Services,Full-Dual - UIS Federally Eligible,380.74,399.25,419.38,387.58
01/2024-12/2024,2024,PACE,San Francisco,OnLok Senior Health Services,OnLok Senior Health Services,Non-Dual - UIS Federally Eligible,1990.89,2092.86,2203.74,3061.4
01/2024-12/2024,2024,PACE,San Francisco,OnLok Senior Health Services,OnLok Senior Health Services,Full-Dual - UIS State-Only,9137.77,9582.1,10065.05,9242.69
01/2024-12/2024,2024,PACE,San Francisco,OnLok Senior Health Services,OnLok Senior Health Services,Non-Dual - UIS State-Only,7489.54,7873.13,8290.26,11457.45
01/2024-12/2024,2024,PACE,San Francisco,OnLok Senior Health Services,OnLok Senior Health Services,Full-Dual - SIS,8276.97,8679.44,9116.89,8390.08
01/2024-12/2024,2024,PACE,San Francisco,OnLok Senior Health Services,OnLok Senior Health Services,Non-Dual - SIS,8618.57,9059.99,9540.0,13239.88
01/2024-12/2024,2024,PACE,Santa Clara,OnLok Senior Health Services,OnLok Senior Health Services,Full-Dual - UIS Federally Eligible,331.88,348.55,366.67,338.5
01/2024-12/2024,2024,PACE,Santa Clara,OnLok Senior Health Services,OnLok Senior Health Services,Non-Dual - UIS Federally Eligible,1789.28,1882.2,1983.25,2412.55
01/2024-12/2024,2024,PACE,Santa Clara,OnLok Senior Health Services,OnLok Senior Health Services,Full-Dual - UIS State-Only,7965.2,8365.18,8800.04,8083.43
01/2024-12/2024,2024,PACE,Santa Clara,OnLok Senior Health Services,OnLok Senior Health Services,Non-Dual - UIS State-Only,6731.09,7080.65,7460.8,9040.02
01/2024-12/2024,2024,PACE,Santa Clara,OnLok Senior Health Services,OnLok Senior Health Services,Full-Dual - SIS,7214.86,7577.16,7971.05,7322.49
01/2024-12/2024,2024,PACE,Santa Clara,OnLok Senior Health Services,OnLok Senior Health Services,Non-Dual - SIS,7745.79,8148.05,8585.5,10412.81
01/2024-12/2024,2024,PACE,Napa,Collabria Care,Collabria Care,Full-Dual - UIS Federally Eligible,239.12,251.39,264.72,284.39
01/2024-12/2024,2024,PACE,Napa,Collabria Care,Collabria Care,Non-Dual - UIS Federally Eligible,1725.62,1816.44,1915.22,2769.38
01/2024-12/2024,2024,PACE,Napa,Collabria Care,Collabria Care,Full-Dual - UIS State-Only,5738.92,6033.25,6353.3,6781.96
01/2024-12/2024,2024,PACE,Napa,Collabria Care,Collabria Care,Non-Dual - UIS State-Only,6491.6,6833.28,7204.88,10378.57
01/2024-12/2024,2024,PACE,Napa,Collabria Care,Collabria Care,Full-Dual - SIS,5198.3,5464.9,5754.8,6146.57
01/2024-12/2024,2024,PACE,Napa,Collabria Care,Collabria Care,Non-Dual - SIS,7470.2,7863.38,8291.0,11964.98
01/2024-12/2024,2024,PACE,Solano,Collabria Care,Collabria Care,Full-Dual - UIS Federally Eligible,239.12,251.39,264.72,284.39
01/2024-12/2024,2024,PACE,Solano,Collabria Care,Collabria Care,Non-Dual - UIS Federally Eligible,1725.62,1816.44,1915.22,2769.38
01/2024-12/2024,2024,PACE,Solano,Collabria Care,Collabria Care,Full-Dual - UIS State-Only,5738.92,6033.25,6353.3,6781.96
01/2024-12/2024,2024,PACE,Solano,Collabria Care,Collabria Care,Non-Dual - UIS State-Only,6491.6,6833.28,7204.88,10378.57
01/2024-12/2024,2024,PACE,Solano,Collabria Care,Collabria Care,Full-Dual - SIS,5198.3,5464.9,5754.8,6146.57
01/2024-12/2024,2024,PACE,Solano,Collabria Care,Collabria Care,Non-Dual - SIS,7470.2,7863.38,8291.0,11964.98
01/2024-12/2024,2024,PACE,Sonoma,Collabria Care,Collabria Care,Full-Dual - UIS Federally Eligible,239.12,251.39,264.72,284.39
01/2024-12/2024,2024,PACE,Sonoma,Collabria Care,Collabria Care,Non-Dual - UIS Federally Eligible,1725.62,1816.44,1915.22,2769.38
01/2024-12/2024,2024,PACE,Sonoma,Collabria Care,Collabria Care,Full-Dual - UIS State-Only,5738.92,6033.25,6353.3,6781.96
01/2024-12/2024,2024,PACE,Sonoma,Collabria Care,Collabria Care,Non-Dual - UIS State-Only,6491.6,6833.28,7204.88,10378.57
01/2024-12/2024,2024,PACE,Sonoma,Collabria Care,Collabria Care,Full-Dual - SIS,5198.3,5464.9,5754.8,6146.57
01/2024-12/2024,2024,PACE,Sonoma,Collabria Care,Collabria Care,Non-Dual - SIS,7470.2,7863.38,8291.0,11964.98
01/2024-12/2024,2024,PACE,Humboldt,"Humboldt Senior Resource Center, Incorporated","Humboldt Senior Resource Center, Incorporated",Full-Dual - UIS Federally Eligible,238.99,250.76,263.55,307.47
01/2024-12/2024,2024,PACE,Humboldt,"Humboldt Senior Resource Center, Incorporated","Humboldt Senior Resource Center, Incorporated",Non-Dual - UIS Federally Eligible,1875.05,1970.98,2075.29,2725.34
01/2024-12/2024,2024,PACE,Humboldt,"Humboldt Senior Resource Center, Incorporated","Humboldt Senior Resource Center, Incorporated",Full-Dual - UIS State-Only,5735.74,6018.21,6325.27,7334.91
01/2024-12/2024,2024,PACE,Humboldt,"Humboldt Senior Resource Center, Incorporated","Humboldt Senior Resource Center, Incorporated",Non-Dual - UIS State-Only,7053.77,7414.63,7807.04,10211.13
01/2024-12/2024,2024,PACE,Humboldt,"Humboldt Senior Resource Center, Incorporated","Humboldt Senior Resource Center, Incorporated",Full-Dual - SIS,5195.42,5451.27,5729.41,6648.05
01/2024-12/2024,2024,PACE,Humboldt,"Humboldt Senior Resource Center, Incorporated","Humboldt Senior Resource Center, Incorporated",Non-Dual - SIS,8117.11,8532.37,8983.93,11774.14
01/2024-12/2024,2024,PACE,San Diego,"Centro de Salud de la Comunidad de San Ysidro, Inc.","Centro de Salud de la Comunidad de San Ysidro, Inc.",Full-Dual - UIS Federally Eligible,182.4,191.68,201.78,266.76
01/2024-12/2024,2024,PACE,San Diego,"Centro de Salud de la Comunidad de San Ysidro, Inc.","Centro de Salud de la Comunidad de San Ysidro, Inc.",Non-Dual - UIS Federally Eligible,1770.89,1863.59,1964.41,2346.58
01/2024-12/2024,2024,PACE,San Diego,"Centro de Salud de la Comunidad de San Ysidro, Inc.","Centro de Salud de la Comunidad de San Ysidro, Inc.",Full-Dual - UIS State-Only,4377.61,4600.41,4842.66,6359.52
01/2024-12/2024,2024,PACE,San Diego,"Centro de Salud de la Comunidad de San Ysidro, Inc.","Centro de Salud de la Comunidad de San Ysidro, Inc.",Non-Dual - UIS State-Only,6661.91,7010.65,7389.94,8785.68
01/2024-12/2024,2024,PACE,San Diego,"Centro de Salud de la Comunidad de San Ysidro, Inc.","Centro de Salud de la Comunidad de San Ysidro, Inc.",Full-Dual - SIS,3965.23,4167.04,4386.47,5763.93
01/2024-12/2024,2024,PACE,San Diego,"Centro de Salud de la Comunidad de San Ysidro, Inc.","Centro de Salud de la Comunidad de San Ysidro, Inc.",Non-Dual - SIS,7666.18,8067.49,8503.95,10132.98
01/2024-12/2024,2024,PACE,San Diego,Community Eldercare of San Diego,Community Eldercare of San Diego,Full-Dual - UIS Federally Eligible,167.9,176.57,185.99,266.76
01/2024-12/2024,2024,PACE,San Diego,Community Eldercare of San Diego,Community Eldercare of San Diego,Non-Dual - UIS Federally Eligible,1622.77,1708.2,1801.11,2346.58
01/2024-12/2024,2024,PACE,San Diego,Community Eldercare of San Diego,Community Eldercare of San Diego,Full-Dual - UIS State-Only,4029.63,4237.64,4463.85,6359.52
01/2024-12/2024,2024,PACE,San Diego,Community Eldercare of San Diego,Community Eldercare of San Diego,Non-Dual - UIS State-Only,6104.71,6426.08,6775.62,8785.68
01/2024-12/2024,2024,PACE,San Diego,Community Eldercare of San Diego,Community Eldercare of San Diego,Full-Dual - SIS,3650.03,3838.45,4043.34,5763.93
01/2024-12/2024,2024,PACE,San Diego,Community Eldercare of San Diego,Community Eldercare of San Diego,Non-Dual - SIS,7024.99,7394.8,7797.03,10132.98
01/2024-12/2024,2024,PACE,Sacramento,Sutter Valley Hospitals,Sutter Valley Hospitals,Full-Dual - UIS Federally Eligible,250.52,263.08,276.72,275.01
01/2024-12/2024,2024,PACE,Sacramento,Sutter Valley Hospitals,Sutter Valley Hospitals,Non-Dual - UIS Federally Eligible,1722.89,1812.91,1910.81,2216.51
01/2024-12/2024,2024,PACE,Sacramento,Sutter Valley Hospitals,Sutter Valley Hospitals,Full-Dual - UIS State-Only,6012.56,6313.84,6641.39,6543.57
01/2024-12/2024,2024,PACE,Sacramento,Sutter Valley Hospitals,Sutter Valley Hospitals,Non-Dual - UIS State-Only,6481.34,6819.99,7188.29,8283.76
01/2024-12/2024,2024,PACE,Sacramento,Sutter Valley Hospitals,Sutter Valley Hospitals,Full-Dual - SIS,5446.16,5719.06,6015.75,5936.95
01/2024-12/2024,2024,PACE,Sacramento,Sutter Valley Hospitals,Sutter Valley Hospitals,Non-Dual - SIS,7458.39,7848.09,8271.91,9571.6
01/2024-12/2024,2024,PACE,Los Angeles,"LA Coast PACE, LLC","LA Coast PACE, LLC",Full-Dual - UIS Federally Eligible,234.19,246.1,259.05,278.23
01/2024-12/2024,2024,PACE,Los Angeles,"LA Coast PACE, LLC","LA Coast PACE, LLC",Non-Dual - UIS Federally Eligible,1754.67,1846.42,1946.22,2115.58
01/2024-12/2024,2024,PACE,Los Angeles,"LA Coast PACE, LLC","LA Coast PACE, LLC",Full-Dual - UIS State-Only,5620.57,5906.36,6217.09,6628.98
01/2024-12/2024,2024,PACE,Los Angeles,"LA Coast PACE, LLC","LA Coast PACE, LLC",Non-Dual - UIS State-Only,6600.89,6946.07,7321.48,7908.61
01/2024-12/2024,2024,PACE,Los Angeles,"LA Coast PACE, LLC","LA Coast PACE, LLC",Full-Dual - SIS,5091.1,5349.96,5631.42,6013.77
01/2024-12/2024,2024,PACE,Los Angeles,"LA Coast PACE, LLC","LA Coast PACE, LLC",Non-Dual - SIS,7595.96,7993.17,8425.17,9130.24
01/2024-12/2024,2024,PACE,Los Angeles,"Pacific PACE, LLC","Pacific PACE, LLC",Full-Dual - UIS Federally Eligible,232.46,244.38,257.35,278.23
01/2024-12/2024,2024,PACE,Los Angeles,"Pacific PACE, LLC","Pacific PACE, LLC",Non-Dual - UIS Federally Eligible,1787.38,1881.3,1983.45,2115.58
01/2024-12/2024,2024,PACE,Los Angeles,"Pacific PACE, LLC","Pacific PACE, LLC",Full-Dual - UIS State-Only,5579.04,5865.22,6176.41,6628.98
01/2024-12/2024,2024,PACE,Los Angeles,"Pacific PACE, LLC","Pacific PACE, LLC",Non-Dual - UIS State-Only,6723.95,7077.27,7461.55,7908.61
01/2024-12/2024,2024,PACE,Los Angeles,"Pacific PACE, LLC","Pacific PACE, LLC",Full-Dual - SIS,5053.48,5312.7,5594.57,6013.77
01/2024-12/2024,2024,PACE,Los Angeles,"Pacific PACE, LLC","Pacific PACE, LLC",Non-Dual - SIS,7737.57,8144.15,8586.36,9130.24
01/2024-12/2024,2024,PACE,Kings,"Sequoia PACE, LLC","Sequoia PACE, LLC",Full-Dual - UIS Federally Eligible,212.97,223.84,235.65,243.38
01/2024-12/2024,2024,PACE,Kings,"Sequoia PACE, LLC","Sequoia PACE, LLC",Non-Dual - UIS Federally Eligible,1580.09,1662.48,1752.07,1963.68
01/2024-12/2024,2024,PACE,Kings,"Sequoia PACE, LLC","Sequoia PACE, LLC",Full-Dual - UIS State-Only,5111.24,5372.08,5655.7,5733.24
01/2024-12/2024,2024,PACE,Kings,"Sequoia PACE, LLC","Sequoia PACE, LLC",Non-Dual - UIS State-Only,5944.16,6254.08,6591.13,7338.64
01/2024-12/2024,2024,PACE,Kings,"Sequoia PACE, LLC","Sequoia PACE, LLC",Full-Dual - SIS,4629.75,4866.02,5122.92,5196.11
01/2024-12/2024,2024,PACE,Kings,"Sequoia PACE, LLC","Sequoia PACE, LLC",Non-Dual - SIS,6840.23,7196.87,7584.73,8470.41
01/2024-12/2024,2024,PACE,Tulare,"Sequoia PACE, LLC","Sequoia PACE, LLC",Full-Dual - UIS Federally Eligible,212.97,223.84,235.65,243.38
01/2024-12/2024,2024,PACE,Tulare,"Sequoia PACE, LLC","Sequoia PACE, LLC",Non-Dual - UIS Federally Eligible,1580.09,1662.48,1752.07,1963.68
01/2024-12/2024,2024,PACE,Tulare,"Sequoia PACE, LLC","Sequoia PACE, LLC",Full-Dual - UIS State-Only,5111.24,5372.08,5655.7,5733.24
01/2024-12/2024,2024,PACE,Tulare,"Sequoia PACE, LLC","Sequoia PACE, LLC",Non-Dual - UIS State-Only,5944.16,6254.08,6591.13,7338.64
01/2024-12/2024,2024,PACE,Tulare,"Sequoia PACE, LLC","Sequoia PACE, LLC",Full-Dual - SIS,4629.75,4866.02,5122.92,5196.11
01/2024-12/2024,2024,PACE,Tulare,"Sequoia PACE, LLC","Sequoia PACE, LLC",Non-Dual - SIS,6840.23,7196.87,7584.73,8470.41
01/2024-12/2024,2024,PACE,Madera,"Sequoia PACE, LLC","Sequoia PACE, LLC",Full-Dual - UIS Federally Eligible,212.97,223.84,235.65,243.38
01/2024-12/2024,2024,PACE,Madera,"Sequoia PACE, LLC","Sequoia PACE, LLC",Non-Dual - UIS Federally Eligible,1580.09,1662.48,1752.07,1963.68
01/2024-12/2024,2024,PACE,Madera,"Sequoia PACE, LLC","Sequoia PACE, LLC",Full-Dual - UIS State-Only,5111.24,5372.08,5655.7,5733.24
01/2024-12/2024,2024,PACE,Madera,"Sequoia PACE, LLC","Sequoia PACE, LLC",Non-Dual - UIS State-Only,5944.16,6254.08,6591.13,7338.64
01/2024-12/2024,2024,PACE,Madera,"Sequoia PACE, LLC","Sequoia PACE, LLC",Full-Dual - SIS,4629.75,4866.02,5122.92,5196.11
01/2024-12/2024,2024,PACE,Madera,"Sequoia PACE, LLC","Sequoia PACE, LLC",Non-Dual - SIS,6840.23,7196.87,7584.73,8470.41
01/2024-12/2024,2024,PACE,Fresno,"Sequoia PACE, LLC","Sequoia PACE, LLC",Full-Dual - UIS Federally Eligible,212.97,223.84,235.65,243.38
01/2024-12/2024,2024,PACE,Fresno,"Sequoia PACE, LLC","Sequoia PACE, LLC",Non-Dual - UIS Federally Eligible,1580.09,1662.48,1752.07,1963.68
01/2024-12/2024,2024,PACE,Fresno,"Sequoia PACE, LLC","Sequoia PACE, LLC",Full-Dual - UIS State-Only,5111.24,5372.08,5655.7,5733.24
01/2024-12/2024,2024,PACE,Fresno,"Sequoia PACE, LLC","Sequoia PACE, LLC",Non-Dual - UIS State-Only,5944.16,6254.08,6591.13,7338.64
01/2024-12/2024,2024,PACE,Fresno,"Sequoia PACE, LLC","Sequoia PACE, LLC",Full-Dual - SIS,4629.75,4866.02,5122.92,5196.11
01/2024-12/2024,2024,PACE,Fresno,"Sequoia PACE, LLC","Sequoia PACE, LLC",Non-Dual - SIS,6840.23,7196.87,7584.73,8470.41
01/2024-12/2024,2024,PACE,Stanislaus,"Stockton PACE, LLC","Stockton PACE, LLC",Full-Dual - UIS Federally Eligible,246.81,259.39,273.07,268.71
01/2024-12/2024,2024,PACE,Stanislaus,"Stockton PACE, LLC","Stockton PACE, LLC",Non-Dual - UIS Federally Eligible,1780.69,1873.88,1975.23,2407.67
01/2024-12/2024,2024,PACE,Stanislaus,"Stockton PACE, LLC","Stockton PACE, LLC",Full-Dual - UIS State-Only,5923.4,6225.3,6553.57,6420.13
01/2024-12/2024,2024,PACE,Stanislaus,"Stockton PACE, LLC","Stockton PACE, LLC",Non-Dual - UIS State-Only,6698.79,7049.35,7430.62,9020.26
01/2024-12/2024,2024,PACE,Stanislaus,"Stockton PACE, LLC","Stockton PACE, LLC",Full-Dual - SIS,5365.4,5638.86,5936.2,5815.88
01/2024-12/2024,2024,PACE,Stanislaus,"Stockton PACE, LLC","Stockton PACE, LLC",Non-Dual - SIS,7708.62,8112.03,8550.78,10395.56
01/2024-12/2024,2024,PACE,San Joaquin,"Stockton PACE, LLC","Stockton PACE, LLC",Full-Dual - UIS Federally Eligible,246.81,259.39,273.07,268.71
01/2024-12/2024,2024,PACE,San Joaquin,"Stockton PACE, LLC","Stockton PACE, LLC",Non-Dual - UIS Federally Eligible,1780.69,1873.88,1975.23,2407.67
01/2024-12/2024,2024,PACE,San Joaquin,"Stockton PACE, LLC","Stockton PACE, LLC",Full-Dual - UIS State-Only,5923.4,6225.3,6553.57,6420.13
01/2024-12/2024,2024,PACE,San Joaquin,"Stockton PACE, LLC","Stockton PACE, LLC",Non-Dual - UIS State-Only,6698.79,7049.35,7430.62,9020.26
01/2024-12/2024,2024,PACE,San Joaquin,"Stockton PACE, LLC","Stockton PACE, LLC",Full-Dual - SIS,5365.4,5638.86,5936.2,5815.88
01/2024-12/2024,2024,PACE,San Joaquin,"Stockton PACE, LLC","Stockton PACE, LLC",Non-Dual - SIS,7708.62,8112.03,8550.78,10395.56
01/2024-12/2024,2024,PACE,Sonoma,AgeWell PACE,AgeWell PACE,Full-Dual - UIS Federally Eligible,252.66,265.61,279.7,284.39
01/2024-12/2024,2024,PACE,Sonoma,AgeWell PACE,AgeWell PACE,Non-Dual - UIS Federally Eligible,1823.28,1919.25,2023.62,2769.38
01/2024-12/2024,2024,PACE,Sonoma,AgeWell PACE,AgeWell PACE,Full-Dual - UIS State-Only,6063.73,6374.72,6712.88,6781.96
01/2024-12/2024,2024,PACE,Sonoma,AgeWell PACE,AgeWell PACE,Non-Dual - UIS State-Only,6859.01,7220.02,7612.66,10378.57
01/2024-12/2024,2024,PACE,Sonoma,AgeWell PACE,AgeWell PACE,Full-Dual - SIS,5492.51,5774.21,6080.51,6146.57
01/2024-12/2024,2024,PACE,Sonoma,AgeWell PACE,AgeWell PACE,Non-Dual - SIS,7893.0,8308.43,8760.26,11964.98
01/2024-12/2024,2024,PACE,Marin,AgeWell PACE,AgeWell PACE,Full-Dual - UIS Federally Eligible,252.66,265.61,279.7,284.39
01/2024-12/2024,2024,PACE,Marin,AgeWell PACE,AgeWell PACE,Non-Dual - UIS Federally Eligible,1823.28,1919.25,2023.62,2769.38
01/2024-12/2024,2024,PACE,Marin,AgeWell PACE,AgeWell PACE,Full-Dual - UIS State-Only,6063.73,6374.72,6712.88,6781.96
01/2024-12/2024,2024,PACE,Marin,AgeWell PACE,AgeWell PACE,Non-Dual - UIS State-Only,6859.01,7220.02,7612.66,10378.57
01/2024-12/2024,2024,PACE,Marin,AgeWell PACE,AgeWell PACE,Full-Dual - SIS,5492.51,5774.21,6080.51,6146.57
01/2024-12/2024,2024,PACE,Marin,AgeWell PACE,AgeWell PACE,Non-Dual - SIS,7893.0,8308.43,8760.26,11964.98
01/2024-12/2024,2024,PACE,Los Angeles,myPlace Health,myPlace Health,Full-Dual - UIS Federally Eligible,241.22,253.48,266.82,278.23
01/2024-12/2024,2024,PACE,Los Angeles,myPlace Health,myPlace Health,Non-Dual - UIS Federally Eligible,1807.31,1901.82,2004.6,2115.58
01/2024-12/2024,2024,PACE,Los Angeles,myPlace Health,myPlace Health,Full-Dual - UIS State-Only,5789.19,6083.55,6403.6,6628.98
01/2024-12/2024,2024,PACE,Los Angeles,myPlace Health,myPlace Health,Non-Dual - UIS State-Only,6798.91,7154.45,7541.12,7908.61
01/2024-12/2024,2024,PACE,Los Angeles,myPlace Health,myPlace Health,Full-Dual - SIS,5243.83,5510.46,5800.36,6013.77
01/2024-12/2024,2024,PACE,Los Angeles,myPlace Health,myPlace Health,Non-Dual - SIS,7823.84,8232.97,8677.93,9130.24
01/2024-12/2024,2024,PACE,Alameda,WelbeHealth Bay Area,WelbeHealth Bay Area,Full-Dual - UIS Federally Eligible,305.32,320.96,337.96,319.51
01/2024-12/2024,2024,PACE,Alameda,WelbeHealth Bay Area,WelbeHealth Bay Area,Non-Dual - UIS Federally Eligible,1803.5,1898.23,2001.25,2379.81
01/2024-12/2024,2024,PACE,Alameda,WelbeHealth Bay Area,WelbeHealth Bay Area,Full-Dual - UIS State-Only,7327.57,7702.92,8111.06,7631.45
01/2024-12/2024,2024,PACE,Alameda,WelbeHealth Bay Area,WelbeHealth Bay Area,Non-Dual - UIS State-Only,6784.59,7140.95,7528.53,8914.95
01/2024-12/2024,2024,PACE,Alameda,WelbeHealth Bay Area,WelbeHealth Bay Area,Full-Dual - SIS,6637.29,6977.28,7346.98,6913.37
01/2024-12/2024,2024,PACE,Alameda,WelbeHealth Bay Area,WelbeHealth Bay Area,Non-Dual - SIS,7807.35,8217.43,8663.44,10272.73
01/2024-12/2024,2024,PACE,Santa Clara,WelbeHealth Bay Area,WelbeHealth Bay Area,Full-Dual - UIS Federally Eligible,305.32,320.96,337.96,319.51
01/2024-12/2024,2024,PACE,Santa Clara,WelbeHealth Bay Area,WelbeHealth Bay Area,Non-Dual - UIS Federally Eligible,1803.5,1898.23,2001.25,2379.81
01/2024-12/2024,2024,PACE,Santa Clara,WelbeHealth Bay Area,WelbeHealth Bay Area,Full-Dual - UIS State-Only,7327.57,7702.92,8111.06,7631.45
01/2024-12/2024,2024,PACE,Santa Clara,WelbeHealth Bay Area,WelbeHealth Bay Area,Non-Dual - UIS State-Only,6784.59,7140.95,7528.53,8914.95
01/2024-12/2024,2024,PACE,Santa Clara,WelbeHealth Bay Area,WelbeHealth Bay Area,Full-Dual - SIS,6637.29,6977.28,7346.98,6913.37
01/2024-12/2024,2024,PACE,Santa Clara,WelbeHealth Bay Area,WelbeHealth Bay Area,Non-Dual - SIS,7807.35,8217.43,8663.44,10272.73
01/2024-12/2024,2024,PACE,Riverside,Loma Linda University Health,Loma Linda University Health,Full-Dual - UIS Federally Eligible,194.41,204.52,215.52,229.35
01/2024-12/2024,2024,PACE,Riverside,Loma Linda University Health,Loma Linda University Health,Non-Dual - UIS Federally Eligible,1665.65,1753.83,1849.73,2380.26
01/2024-12/2024,2024,PACE,Riverside,Loma Linda University Health,Loma Linda University Health,Full-Dual - UIS State-Only,4665.78,4908.52,5172.48,5466.98
01/2024-12/2024,2024,PACE,Riverside,Loma Linda University Health,Loma Linda University Health,Non-Dual - UIS State-Only,6266.04,6597.74,6958.51,8917.14
01/2024-12/2024,2024,PACE,Riverside,Loma Linda University Health,Loma Linda University Health,Full-Dual - SIS,4226.25,4446.13,4685.22,4953.99
01/2024-12/2024,2024,PACE,Riverside,Loma Linda University Health,Loma Linda University Health,Non-Dual - SIS,7210.63,7592.34,8007.5,10277.51
01/2024-12/2024,2024,PACE,San Bernardino,Loma Linda University Health,Loma Linda University Health,Full-Dual - UIS Federally Eligible,194.41,204.52,215.52,229.35
01/2024-12/2024,2024,PACE,San Bernardino,Loma Linda University Health,Loma Linda University Health,Non-Dual - UIS Federally Eligible,1665.65,1753.83,1849.73,2380.26
01/2024-12/2024,2024,PACE,San Bernardino,Loma Linda University Health,Loma Linda University Health,Full-Dual - UIS State-Only,4665.78,4908.52,5172.48,5466.98
01/2024-12/2024,2024,PACE,San Bernardino,Loma Linda University Health,Loma Linda University Health,Non-Dual - UIS State-Only,6266.04,6597.74,6958.51,8917.14
01/2024-12/2024,2024,PACE,San Bernardino,Loma Linda University Health,Loma Linda University Health,Full-Dual - SIS,4226.25,4446.13,4685.22,4953.99
01/2024-12/2024,2024,PACE,San Bernardino,Loma Linda University Health,Loma Linda University Health,Non-Dual - SIS,7210.63,7592.34,8007.5,10277.51
01/2024-12/2024,2024,PACE,Fresno,Valley PACE,Valley PACE,Full-Dual - UIS Federally Eligible,199.11,209.11,219.99,226.56
01/2024-12/2024,2024,PACE,Fresno,Valley PACE,Valley PACE,Non-Dual - UIS Federally Eligible,1446.92,1522.4,1604.5,1959.99
01/2024-12/2024,2024,PACE,Fresno,Valley PACE,Valley PACE,Full-Dual - UIS State-Only,4778.53,5018.69,5279.85,5339.72
01/2024-12/2024,2024,PACE,Fresno,Valley PACE,Valley PACE,Non-Dual - UIS State-Only,5443.19,5727.12,6035.99,7328.19
01/2024-12/2024,2024,PACE,Fresno,Valley PACE,Valley PACE,Full-Dual - SIS,4328.38,4545.91,4782.48,4839.94
01/2024-12/2024,2024,PACE,Fresno,Valley PACE,Valley PACE,Non-Dual - SIS,6263.74,6590.47,6945.91,8458.79
01/2024-12/2024,2024,PACE,Madera,Valley PACE,Valley PACE,Full-Dual - UIS Federally Eligible,199.11,209.11,219.99,226.56
01/2024-12/2024,2024,PACE,Madera,Valley PACE,Valley PACE,Non-Dual - UIS Federally Eligible,1446.92,1522.4,1604.5,1959.99
01/2024-12/2024,2024,PACE,Madera,Valley PACE,Valley PACE,Full-Dual - UIS State-Only,4778.53,5018.69,5279.85,5339.72
01/2024-12/2024,2024,PACE,Madera,Valley PACE,Valley PACE,Non-Dual - UIS State-Only,5443.19,5727.12,6035.99,7328.19
01/2024-12/2024,2024,PACE,Madera,Valley PACE,Valley PACE,Full-Dual - SIS,4328.38,4545.91,4782.48,4839.94
01/2024-12/2024,2024,PACE,Madera,Valley PACE,Valley PACE,Non-Dual - SIS,6263.74,6590.47,6945.91,8458.79
01/2024-12/2024,2024,PACE,Riverside,Welbe Health Inland Empire PACE,Welbe Health Inland Empire PACE,Full-Dual - UIS Federally Eligible,195.55,205.94,217.25,229.35
01/2024-12/2024,2024,PACE,Riverside,Welbe Health Inland Empire PACE,Welbe Health Inland Empire PACE,Non-Dual - UIS Federally Eligible,1679.17,1770.1,1869.04,2380.26
01/2024-12/2024,2024,PACE,Riverside,Welbe Health Inland Empire PACE,Welbe Health Inland Empire PACE,Full-Dual - UIS State-Only,4693.12,4942.56,5213.91,5466.98
01/2024-12/2024,2024,PACE,Riverside,Welbe Health Inland Empire PACE,Welbe Health Inland Empire PACE,Non-Dual - UIS State-Only,6316.86,6658.94,7031.15,8917.14
01/2024-12/2024,2024,PACE,Riverside,Welbe Health Inland Empire PACE,Welbe Health Inland Empire PACE,Full-Dual - SIS,4251.01,4476.96,4722.74,4953.99
01/2024-12/2024,2024,PACE,Riverside,Welbe Health Inland Empire PACE,Welbe Health Inland Empire PACE,Non-Dual - SIS,7269.11,7662.76,8091.08,10277.51
01/2024-12/2024,2024,PACE,San Bernardino,Welbe Health Inland Empire PACE,Welbe Health Inland Empire PACE,Full-Dual - UIS Federally Eligible,195.55,205.94,217.25,229.35
01/2024-12/2024,2024,PACE,San Bernardino,Welbe Health Inland Empire PACE,Welbe Health Inland Empire PACE,Non-Dual - UIS Federally Eligible,1679.17,1770.1,1869.04,2380.26
01/2024-12/2024,2024,PACE,San Bernardino,Welbe Health Inland Empire PACE,Welbe Health Inland Empire PACE,Full-Dual - UIS State-Only,4693.12,4942.56,5213.91,5466.98
01/2024-12/2024,2024,PACE,San Bernardino,Welbe Health Inland Empire PACE,Welbe Health Inland Empire PACE,Non-Dual - UIS State-Only,6316.86,6658.94,7031.15,8917.14
01/2024-12/2024,2024,PACE,San Bernardino,Welbe Health Inland Empire PACE,Welbe Health Inland Empire PACE,Full-Dual - SIS,4251.01,4476.96,4722.74,4953.99
01/2024-12/2024,2024,PACE,San Bernardino,Welbe Health Inland Empire PACE,Welbe Health Inland Empire PACE,Non-Dual - SIS,7269.11,7662.76,8091.08,10277.51
01/2024-12/2024,2024,PACE,Kings,Family Health Care Network (FHCN),Family Health Care Network (FHCN),Full-Dual - UIS Federally Eligible,219.87,231.32,243.77,243.38
01/2024-12/2024,2024,PACE,Kings,Family Health Care Network (FHCN),Family Health Care Network (FHCN),Non-Dual - UIS Federally Eligible,1633.15,1720.17,1814.85,1963.68
01/2024-12/2024,2024,PACE,Kings,Family Health Care Network (FHCN),Family Health Care Network (FHCN),Full-Dual - UIS State-Only,5276.84,5551.61,5850.5,5733.24
01/2024-12/2024,2024,PACE,Kings,Family Health Care Network (FHCN),Family Health Care Network (FHCN),Non-Dual - UIS State-Only,6143.76,6471.11,6827.28,7338.64
01/2024-12/2024,2024,PACE,Kings,Family Health Care Network (FHCN),Family Health Care Network (FHCN),Full-Dual - SIS,4779.75,5028.63,5299.37,5196.11
01/2024-12/2024,2024,PACE,Kings,Family Health Care Network (FHCN),Family Health Care Network (FHCN),Non-Dual - SIS,7069.92,7446.62,7856.48,8470.41
01/2024-12/2024,2024,PACE,Tulare,Family Health Care Network (FHCN),Family Health Care Network (FHCN),Full-Dual - UIS Federally Eligible,219.87,231.32,243.77,243.38
01/2024-12/2024,2024,PACE,Tulare,Family Health Care Network (FHCN),Family Health Care Network (FHCN),Non-Dual - UIS Federally Eligible,1633.15,1720.17,1814.85,1963.68
01/2024-12/2024,2024,PACE,Tulare,Family Health Care Network (FHCN),Family Health Care Network (FHCN),Full-Dual - UIS State-Only,5276.84,5551.61,5850.5,5733.24
01/2024-12/2024,2024,PACE,Tulare,Family Health Care Network (FHCN),Family Health Care Network (FHCN),Non-Dual - UIS State-Only,6143.76,6471.11,6827.28,7338.64
01/2024-12/2024,2024,PACE,Tulare,Family Health Care Network (FHCN),Family Health Care Network (FHCN),Full-Dual - SIS,4779.75,5028.63,5299.37,5196.11
01/2024-12/2024,2024,PACE,Tulare,Family Health Care Network (FHCN),Family Health Care Network (FHCN),Non-Dual - SIS,7069.92,7446.62,7856.48,8470.41
01/2024-12/2024,2024,PACE,San Bernardino,High Desert PACE,High Desert PACE,Full-Dual - UIS Federally Eligible,201.91,212.64,224.32,270.46
01/2024-12/2024,2024,PACE,San Bernardino,High Desert PACE,High Desert PACE,Non-Dual - UIS Federally Eligible,1733.81,1827.7,1929.86,2019.44
01/2024-12/2024,2024,PACE,San Bernardino,High Desert PACE,High Desert PACE,Full-Dual - UIS State-Only,4845.84,5103.41,5383.58,6443.71
01/2024-12/2024,2024,PACE,San Bernardino,High Desert PACE,High Desert PACE,Non-Dual - UIS State-Only,6522.43,6875.64,7259.96,7548.62
01/2024-12/2024,2024,PACE,San Bernardino,High Desert PACE,High Desert PACE,Full-Dual - SIS,4389.35,4622.65,4876.43,5845.22
01/2024-12/2024,2024,PACE,San Bernardino,High Desert PACE,High Desert PACE,Non-Dual - SIS,7505.67,7912.12,8354.38,8714.29
01/2024-12/2024,2024,PACE,Los Angeles,High Desert PACE,High Desert PACE,Full-Dual - UIS Federally Eligible,201.91,212.64,224.32,270.46
01/2024-12/2024,2024,PACE,Los Angeles,High Desert PACE,High Desert PACE,Non-Dual - UIS Federally Eligible,1733.81,1827.7,1929.86,2019.44
01/2024-12/2024,2024,PACE,Los Angeles,High Desert PACE,High Desert PACE,Full-Dual - UIS State-Only,4845.84,5103.41,5383.58,6443.71
01/2024-12/2024,2024,PACE,Los Angeles,High Desert PACE,High Desert PACE,Non-Dual - UIS State-Only,6522.43,6875.64,7259.96,7548.62
01/2024-12/2024,2024,PACE,Los Angeles,High Desert PACE,High Desert PACE,Full-Dual - SIS,4389.35,4622.65,4876.43,5845.22
01/2024-12/2024,2024,PACE,Los Angeles,High Desert PACE,High Desert PACE,Non-Dual - SIS,7505.67,7912.12,8354.38,8714.29
01/2024-12/2024,2024,PACE,Merced,Golden Valley Health Centers,Golden Valley Health Centers,Full-Dual - UIS Federally Eligible,243.29,255.84,269.49,268.71
01/2024-12/2024,2024,PACE,Merced,Golden Valley Health Centers,Golden Valley Health Centers,Non-Dual - UIS Federally Eligible,1734.72,1827.29,1928.01,2407.67
01/2024-12/2024,2024,PACE,Merced,Golden Valley Health Centers,Golden Valley Health Centers,Full-Dual - UIS State-Only,5839.06,6140.22,6467.79,6420.13
01/2024-12/2024,2024,PACE,Merced,Golden Valley Health Centers,Golden Valley Health Centers,Non-Dual - UIS State-Only,6525.86,6874.09,7252.98,9020.26
01/2024-12/2024,2024,PACE,Merced,Golden Valley Health Centers,Golden Valley Health Centers,Full-Dual - SIS,5289.0,5561.79,5858.5,5815.88
01/2024-12/2024,2024,PACE,Merced,Golden Valley Health Centers,Golden Valley Health Centers,Non-Dual - SIS,7509.62,7910.35,8346.35,10395.56
01/2025-12/2025,2025,PACE,Los Angeles,AltaMed Health Services Corporation,AltaMed Health Services Corporation,Full-Dual - UIS Federal,141.37,148.65,156.58,196.18
01/2025-12/2025,2025,PACE,Los Angeles,AltaMed Health Services Corporation,AltaMed Health Services Corporation,Non-Dual - UIS Federal,770.16,810.51,854.39,1045.74
01/2025-12/2025,2025,PACE,Los Angeles,AltaMed Health Services Corporation,AltaMed Health Services Corporation,Full-Dual - UIS State-Only,4570.85,4806.49,5062.67,6343.2
01/2025-12/2025,2025,PACE,Los Angeles,AltaMed Health Services Corporation,AltaMed Health Services Corporation,Non-Dual - UIS State-Only,6231.29,6557.77,6912.8,8461.03
01/2025-12/2025,2025,PACE,Los Angeles,AltaMed Health Services Corporation,AltaMed Health Services Corporation,Full-Dual - SIS,4712.22,4955.14,5219.25,6539.38
01/2025-12/2025,2025,PACE,Los Angeles,AltaMed Health Services Corporation,AltaMed Health Services Corporation,Non-Dual - SIS,7001.45,7368.29,7767.2,9506.77
01/2025-12/2025,2025,PACE,Orange,AltaMed Health Services Corporation,AltaMed Health Services Corporation,Full-Dual - UIS Federal,151.09,159.07,167.75,185.62
01/2025-12/2025,2025,PACE,Orange,AltaMed Health Services Corporation,AltaMed Health Services Corporation,Non-Dual - UIS Federal,852.18,897.5,946.79,1195.88
01/2025-12/2025,2025,PACE,Orange,AltaMed Health Services Corporation,AltaMed Health Services Corporation,Full-Dual - UIS State-Only,4885.21,5143.24,5423.87,6001.64
01/2025-12/2025,2025,PACE,Orange,AltaMed Health Services Corporation,AltaMed Health Services Corporation,Non-Dual - UIS State-Only,6894.88,7261.57,7660.4,9675.79
01/2025-12/2025,2025,PACE,Orange,AltaMed Health Services Corporation,AltaMed Health Services Corporation,Full-Dual - SIS,5036.3,5302.31,5591.62,6187.26
01/2025-12/2025,2025,PACE,Orange,AltaMed Health Services Corporation,AltaMed Health Services Corporation,Non-Dual - SIS,7747.06,8159.07,8607.19,10871.67
01/2025-12/2025,2025,PACE,San Bernardino,AltaMed Health Services Corporation,AltaMed Health Services Corporation,Full-Dual - UIS Federal,147.17,154.99,163.51,170.39
01/2025-12/2025,2025,PACE,San Bernardino,AltaMed Health Services Corporation,AltaMed Health Services Corporation,Non-Dual - UIS Federal,839.57,884.78,933.97,1203.8
01/2025-12/2025,2025,PACE,San Bernardino,AltaMed Health Services Corporation,AltaMed Health Services Corporation,Full-Dual - UIS State-Only,4758.43,5011.48,5286.75,5509.3
01/2025-12/2025,2025,PACE,San Bernardino,AltaMed Health Services Corporation,AltaMed Health Services Corporation,Non-Dual - UIS State-Only,6792.92,7158.69,7556.64,9739.83
01/2025-12/2025,2025,PACE,San Bernardino,AltaMed Health Services Corporation,AltaMed Health Services Corporation,Full-Dual - SIS,4905.6,5166.48,5450.26,5679.69
01/2025-12/2025,2025,PACE,San Bernardino,AltaMed Health Services Corporation,AltaMed Health Services Corporation,Non-Dual - SIS,7632.49,8043.47,8490.61,10943.63
01/2025-12/2025,2025,PACE,Riverside,AltaMed Health Services Corporation,AltaMed Health Services Corporation,Full-Dual - UIS Federal,147.17,154.99,163.51,170.39
01/2025-12/2025,2025,PACE,Riverside,AltaMed Health Services Corporation,AltaMed Health Services Corporation,Non-Dual - UIS Federal,839.57,884.78,933.97,1203.8
01/2025-12/2025,2025,PACE,Riverside,AltaMed Health Services Corporation,AltaMed Health Services Corporation,Full-Dual - UIS State-Only,4758.43,5011.48,5286.75,5509.3
01/2025-12/2025,2025,PACE,Riverside,AltaMed Health Services Corporation,AltaMed Health Services Corporation,Non-Dual - UIS State-Only,6792.92,7158.69,7556.64,9739.83
01/2025-12/2025,2025,PACE,Riverside,AltaMed Health Services Corporation,AltaMed Health Services Corporation,Full-Dual - SIS,4905.6,5166.48,5450.26,5679.69
01/2025-12/2025,2025,PACE,Riverside,AltaMed Health Services Corporation,AltaMed Health Services Corporation,Non-Dual - SIS,7632.49,8043.47,8490.61,10943.63
01/2025-12/2025,2025,PACE,Los Angeles,"Brandman Centers for Senior Care, Inc.","Brandman Centers for Senior Care, Inc.",Full-Dual - UIS Federal,142.43,149.88,157.97,196.18
01/2025-12/2025,2025,PACE,Los Angeles,"Brandman Centers for Senior Care, Inc.","Brandman Centers for Senior Care, Inc.",Non-Dual - UIS Federal,835.53,879.94,928.24,1045.74
01/2025-12/2025,2025,PACE,Los Angeles,"Brandman Centers for Senior Care, Inc.","Brandman Centers for Senior Care, Inc.",Full-Dual - UIS State-Only,4605.37,4846.03,5107.71,6343.2
01/2025-12/2025,2025,PACE,Los Angeles,"Brandman Centers for Senior Care, Inc.","Brandman Centers for Senior Care, Inc.",Non-Dual - UIS State-Only,6760.17,7119.48,7510.28,8461.03
01/2025-12/2025,2025,PACE,Los Angeles,"Brandman Centers for Senior Care, Inc.","Brandman Centers for Senior Care, Inc.",Full-Dual - SIS,4747.81,4995.9,5265.68,6539.38
01/2025-12/2025,2025,PACE,Los Angeles,"Brandman Centers for Senior Care, Inc.","Brandman Centers for Senior Care, Inc.",Non-Dual - SIS,7595.7,7999.41,8438.51,9506.77
01/2025-12/2025,2025,PACE,Orange,Orange County Health Authority,Orange County Health Authority,Full-Dual - UIS Federal,123.04,129.65,185.62,129.65
01/2025-12/2025,2025,PACE,Orange,Orange County Health Authority,Orange County Health Authority,Non-Dual - UIS Federal,936.08,987.1,1195.88,987.1
01/2025-12/2025,2025,PACE,Orange,Orange County Health Authority,Orange County Health Authority,Full-Dual - UIS State-Only,3781.67,3978.22,4191.93,6001.64
01/2025-12/2025,2025,PACE,Orange,Orange County Health Authority,Orange County Health Authority,Non-Dual - UIS State-Only,7194.21,7573.74,7986.5,9675.79
01/2025-12/2025,2025,PACE,Orange,Orange County Health Authority,Orange County Health Authority,Full-Dual - SIS,3898.63,4101.26,4321.58,6187.26
01/2025-12/2025,2025,PACE,Orange,Orange County Health Authority,Orange County Health Authority,Non-Dual - SIS,8083.38,8509.82,8973.6,10871.67
01/2025-12/2025,2025,PACE,Alameda,Coalition Center for Elders' Independence,Coalition Center for Elders' Independence,Full-Dual - UIS Federal,180.14,189.68,200.05,236.66
01/2025-12/2025,2025,PACE,Alameda,Coalition Center for Elders' Independence,Coalition Center for Elders' Independence,Non-Dual - UIS Federal,798.63,841.26,887.63,1325.57
01/2025-12/2025,2025,PACE,Alameda,Coalition Center for Elders' Independence,Coalition Center for Elders' Independence,Full-Dual - UIS State-Only,5824.61,6132.87,6468.14,7652.03
01/2025-12/2025,2025,PACE,Alameda,Coalition Center for Elders' Independence,Coalition Center for Elders' Independence,Non-Dual - UIS State-Only,6461.63,6806.57,7181.77,10725.11
01/2025-12/2025,2025,PACE,Alameda,Coalition Center for Elders' Independence,Coalition Center for Elders' Independence,Full-Dual - SIS,6004.75,6322.55,6668.18,7888.69
01/2025-12/2025,2025,PACE,Alameda,Coalition Center for Elders' Independence,Coalition Center for Elders' Independence,Non-Dual - SIS,7260.26,7647.83,8069.4,12050.68
01/2025-12/2025,2025,PACE,Contra Costa,Coalition Center for Elders' Independence,Coalition Center for Elders' Independence,Full-Dual - UIS Federal,186.63,196.47,207.17,219.95
01/2025-12/2025,2025,PACE,Contra Costa,Coalition Center for Elders' Independence,Coalition Center for Elders' Independence,Non-Dual - UIS Federal,780.54,822.16,867.44,1310.82
01/2025-12/2025,2025,PACE,Contra Costa,Coalition Center for Elders' Independence,Coalition Center for Elders' Independence,Full-Dual - UIS State-Only,6034.31,6352.42,6698.37,7111.74
01/2025-12/2025,2025,PACE,Contra Costa,Coalition Center for Elders' Independence,Coalition Center for Elders' Independence,Non-Dual - UIS State-Only,6315.29,6652.06,7018.36,10605.74
01/2025-12/2025,2025,PACE,Contra Costa,Coalition Center for Elders' Independence,Coalition Center for Elders' Independence,Full-Dual - SIS,6220.93,6548.88,6905.54,7331.69
01/2025-12/2025,2025,PACE,Contra Costa,Coalition Center for Elders' Independence,Coalition Center for Elders' Independence,Non-Dual - SIS,7095.83,7474.22,7885.79,11916.56
01/2025-12/2025,2025,PACE,San Joaquin,Golden Valley Health Centers,Golden Valley Health Centers,Full-Dual - UIS Federal,167.73,176.55,186.13,195.14
01/2025-12/2025,2025,PACE,San Joaquin,Golden Valley Health Centers,Golden Valley Health Centers,Non-Dual - UIS Federal,1046.43,1102.21,1162.89,1130.25
01/2025-12/2025,2025,PACE,San Joaquin,Golden Valley Health Centers,Golden Valley Health Centers,Full-Dual - UIS State-Only,5423.31,5708.32,6018.27,6309.55
01/2025-12/2025,2025,PACE,San Joaquin,Golden Valley Health Centers,Golden Valley Health Centers,Non-Dual - UIS State-Only,8466.55,8917.89,9408.8,9144.76
01/2025-12/2025,2025,PACE,San Joaquin,Golden Valley Health Centers,Golden Valley Health Centers,Full-Dual - SIS,5591.04,5884.87,6204.4,6504.69
01/2025-12/2025,2025,PACE,San Joaquin,Golden Valley Health Centers,Golden Valley Health Centers,Non-Dual - SIS,9512.98,10020.1,10571.68,10275.01
01/2025-12/2025,2025,PACE,Stanislaus,Golden Valley Health Centers,Golden Valley Health Centers,Full-Dual - UIS Federal,167.73,176.55,186.13,195.14
01/2025-12/2025,2025,PACE,Stanislaus,Golden Valley Health Centers,Golden Valley Health Centers,Non-Dual - UIS Federal,1046.43,1102.21,1162.89,1130.25
01/2025-12/2025,2025,PACE,Stanislaus,Golden Valley Health Centers,Golden Valley Health Centers,Full-Dual - UIS State-Only,5423.31,5708.32,6018.27,6309.55
01/2025-12/2025,2025,PACE,Stanislaus,Golden Valley Health Centers,Golden Valley Health Centers,Non-Dual - UIS State-Only,8466.55,8917.89,9408.8,9144.76
01/2025-12/2025,2025,PACE,Stanislaus,Golden Valley Health Centers,Golden Valley Health Centers,Full-Dual - SIS,5591.04,5884.87,6204.4,6504.69
01/2025-12/2025,2025,PACE,Stanislaus,Golden Valley Health Centers,Golden Valley Health Centers,Non-Dual - SIS,9512.98,10020.1,10571.68,10275.01
01/2025-12/2025,2025,PACE,Los Angeles,"ConcertoHealth PACE of Los Angeles, LLC","ConcertoHealth PACE of Los Angeles, LLC",Full-Dual - UIS Federal,142.1,149.49,157.54,196.18
01/2025-12/2025,2025,PACE,Los Angeles,"ConcertoHealth PACE of Los Angeles, LLC","ConcertoHealth PACE of Los Angeles, LLC",Non-Dual - UIS Federal,897.16,944.58,996.15,1045.74
01/2025-12/2025,2025,PACE,Los Angeles,"ConcertoHealth PACE of Los Angeles, LLC","ConcertoHealth PACE of Los Angeles, LLC",Full-Dual - UIS State-Only,4594.42,4833.58,5093.63,6343.2
01/2025-12/2025,2025,PACE,Los Angeles,"ConcertoHealth PACE of Los Angeles, LLC","ConcertoHealth PACE of Los Angeles, LLC",Non-Dual - UIS State-Only,7258.81,7642.5,8059.78,8461.03
01/2025-12/2025,2025,PACE,Los Angeles,"ConcertoHealth PACE of Los Angeles, LLC","ConcertoHealth PACE of Los Angeles, LLC",Full-Dual - SIS,4736.52,4983.08,5251.17,6539.38
01/2025-12/2025,2025,PACE,Los Angeles,"ConcertoHealth PACE of Los Angeles, LLC","ConcertoHealth PACE of Los Angeles, LLC",Non-Dual - SIS,8155.96,8587.07,9055.93,9506.77
01/2025-12/2025,2025,PACE,San Diego,"Family Health Centers of San Diego, Inc","Family Health Centers of San Diego, Inc",Full-Dual - UIS Federal,122.87,129.3,136.29,184.65
01/2025-12/2025,2025,PACE,San Diego,"Family Health Centers of San Diego, Inc","Family Health Centers of San Diego, Inc",Non-Dual - UIS Federal,874.6,921.06,971.59,1107.18
01/2025-12/2025,2025,PACE,San Diego,"Family Health Centers of San Diego, Inc","Family Health Centers of San Diego, Inc",Full-Dual - UIS State-Only,3972.7,4180.58,4406.64,5970.47
01/2025-12/2025,2025,PACE,San Diego,"Family Health Centers of San Diego, Inc","Family Health Centers of San Diego, Inc",Non-Dual - UIS State-Only,7076.34,7452.24,7861.08,8958.07
01/2025-12/2025,2025,PACE,San Diego,"Family Health Centers of San Diego, Inc","Family Health Centers of San Diego, Inc",Full-Dual - SIS,4095.57,4309.88,4542.92,6155.12
01/2025-12/2025,2025,PACE,San Diego,"Family Health Centers of San Diego, Inc","Family Health Centers of San Diego, Inc",Non-Dual - SIS,7950.94,8373.3,8832.67,10065.25
01/2025-12/2025,2025,PACE,San Diego,"Gary & Mary West Senior Services, Inc.","Gary & Mary West Senior Services, Inc.",Full-Dual - UIS Federal,147.95,155.61,163.93,184.65
01/2025-12/2025,2025,PACE,San Diego,"Gary & Mary West Senior Services, Inc.","Gary & Mary West Senior Services, Inc.",Non-Dual - UIS Federal,956.25,1006.69,1061.54,1107.18
01/2025-12/2025,2025,PACE,San Diego,"Gary & Mary West Senior Services, Inc.","Gary & Mary West Senior Services, Inc.",Full-Dual - UIS State-Only,4783.74,5031.28,5300.42,5970.47
01/2025-12/2025,2025,PACE,San Diego,"Gary & Mary West Senior Services, Inc.","Gary & Mary West Senior Services, Inc.",Non-Dual - UIS State-Only,7736.91,8145.02,8588.86,8958.07
01/2025-12/2025,2025,PACE,San Diego,"Gary & Mary West Senior Services, Inc.","Gary & Mary West Senior Services, Inc.",Full-Dual - SIS,4931.69,5186.88,5464.35,6155.12
01/2025-12/2025,2025,PACE,San Diego,"Gary & Mary West Senior Services, Inc.","Gary & Mary West Senior Services, Inc.",Non-Dual - SIS,8693.16,9151.71,9650.4,10065.25
01/2025-12/2025,2025,PACE,Fresno,"Innovative Integrated Health, Inc.","Innovative Integrated Health, Inc.",Full-Dual - UIS Federal,136.85,143.89,151.56,175.77
01/2025-12/2025,2025,PACE,Fresno,"Innovative Integrated Health, Inc.","Innovative Integrated Health, Inc.",Non-Dual - UIS Federal,707.09,744.12,784.39,1036.16
01/2025-12/2025,2025,PACE,Fresno,"Innovative Integrated Health, Inc.","Innovative Integrated Health, Inc.",Full-Dual - UIS State-Only,4424.69,4652.56,4900.3,5683.25
01/2025-12/2025,2025,PACE,Fresno,"Innovative Integrated Health, Inc.","Innovative Integrated Health, Inc.",Non-Dual - UIS State-Only,5721.03,6020.62,6346.41,8383.52
01/2025-12/2025,2025,PACE,Fresno,"Innovative Integrated Health, Inc.","Innovative Integrated Health, Inc.",Full-Dual - SIS,4561.53,4796.45,5051.85,5859.02
01/2025-12/2025,2025,PACE,Fresno,"Innovative Integrated Health, Inc.","Innovative Integrated Health, Inc.",Non-Dual - SIS,6428.12,6764.74,7130.79,9419.68
01/2025-12/2025,2025,PACE,Orange,"Innovative Integrated Health, Inc.","Innovative Integrated Health, Inc.",Full-Dual - UIS Federal,141.21,148.55,156.52,185.62
01/2025-12/2025,2025,PACE,Orange,"Innovative Integrated Health, Inc.","Innovative Integrated Health, Inc.",Non-Dual - UIS Federal,877.89,924.18,974.53,1195.88
01/2025-12/2025,2025,PACE,Orange,"Innovative Integrated Health, Inc.","Innovative Integrated Health, Inc.",Full-Dual - UIS State-Only,4565.86,4803.06,5060.97,6001.64
01/2025-12/2025,2025,PACE,Orange,"Innovative Integrated Health, Inc.","Innovative Integrated Health, Inc.",Non-Dual - UIS State-Only,7102.93,7477.48,7884.82,9675.79
01/2025-12/2025,2025,PACE,Orange,"Innovative Integrated Health, Inc.","Innovative Integrated Health, Inc.",Full-Dual - SIS,4707.08,4951.61,5217.49,6187.26
01/2025-12/2025,2025,PACE,Orange,"Innovative Integrated Health, Inc.","Innovative Integrated Health, Inc.",Non-Dual - SIS,7980.82,8401.66,8859.34,10871.67
01/2025-12/2025,2025,PACE,San Joaquin,"Innovative Integrated Health, Inc.","Innovative Integrated Health, Inc.",Full-Dual - UIS Federal,181.86,191.54,202.06,195.14
01/2025-12/2025,2025,PACE,San Joaquin,"Innovative Integrated Health, Inc.","Innovative Integrated Health, Inc.",Non-Dual - UIS Federal,1064.6,1122.64,1185.79,1130.25
01/2025-12/2025,2025,PACE,San Joaquin,"Innovative Integrated Health, Inc.","Innovative Integrated Health, Inc.",Full-Dual - UIS State-Only,5880.25,6193.03,6533.27,6309.55
01/2025-12/2025,2025,PACE,San Joaquin,"Innovative Integrated Health, Inc.","Innovative Integrated Health, Inc.",Non-Dual - UIS State-Only,8613.59,9083.15,9594.11,9144.76
01/2025-12/2025,2025,PACE,San Joaquin,"Innovative Integrated Health, Inc.","Innovative Integrated Health, Inc.",Full-Dual - SIS,6062.11,6384.57,6735.33,6504.69
01/2025-12/2025,2025,PACE,San Joaquin,"Innovative Integrated Health, Inc.","Innovative Integrated Health, Inc.",Non-Dual - SIS,9678.19,10205.78,10779.9,10275.01
01/2025-12/2025,2025,PACE,Tulare,"Innovative Integrated Health, Inc.","Innovative Integrated Health, Inc.",Full-Dual - UIS Federal,134.61,141.59,149.18,174.66
01/2025-12/2025,2025,PACE,Tulare,"Innovative Integrated Health, Inc.","Innovative Integrated Health, Inc.",Non-Dual - UIS Federal,779.53,820.52,865.1,1177.37
01/2025-12/2025,2025,PACE,Tulare,"Innovative Integrated Health, Inc.","Innovative Integrated Health, Inc.",Full-Dual - UIS State-Only,4352.28,4578.08,4823.59,5647.45
01/2025-12/2025,2025,PACE,Tulare,"Innovative Integrated Health, Inc.","Innovative Integrated Health, Inc.",Non-Dual - UIS State-Only,6307.07,6638.77,6999.48,9525.97
01/2025-12/2025,2025,PACE,Tulare,"Innovative Integrated Health, Inc.","Innovative Integrated Health, Inc.",Full-Dual - SIS,4486.89,4719.67,4972.77,5822.11
01/2025-12/2025,2025,PACE,Tulare,"Innovative Integrated Health, Inc.","Innovative Integrated Health, Inc.",Non-Dual - SIS,7086.6,7459.29,7864.59,10703.34
01/2025-12/2025,2025,PACE,Kern,"Innovative Integrated Health, Inc.","Innovative Integrated Health, Inc.",Full-Dual - UIS Federal,134.61,141.59,149.18,174.66
01/2025-12/2025,2025,PACE,Kern,"Innovative Integrated Health, Inc.","Innovative Integrated Health, Inc.",Non-Dual - UIS Federal,779.53,820.52,865.1,1177.37
01/2025-12/2025,2025,PACE,Kern,"Innovative Integrated Health, Inc.","Innovative Integrated Health, Inc.",Full-Dual - UIS State-Only,4352.28,4578.08,4823.59,5647.45
01/2025-12/2025,2025,PACE,Kern,"Innovative Integrated Health, Inc.","Innovative Integrated Health, Inc.",Non-Dual - UIS State-Only,6307.07,6638.77,6999.48,9525.97
01/2025-12/2025,2025,PACE,Kern,"Innovative Integrated Health, Inc.","Innovative Integrated Health, Inc.",Full-Dual - SIS,4486.89,4719.67,4972.77,5822.11
01/2025-12/2025,2025,PACE,Kern,"Innovative Integrated Health, Inc.","Innovative Integrated Health, Inc.",Non-Dual - SIS,7086.6,7459.29,7864.59,10703.34
01/2025-12/2025,2025,PACE,Sacramento,"InnovAge California PACE-Sacramento, LLC","InnovAge California PACE-Sacramento, LLC",Full-Dual - UIS Federal,186.94,196.75,207.42,199.94
01/2025-12/2025,2025,PACE,Sacramento,"InnovAge California PACE-Sacramento, LLC","InnovAge California PACE-Sacramento, LLC",Non-Dual - UIS Federal,1054.86,1111.13,1172.35,1164.4
01/2025-12/2025,2025,PACE,Sacramento,"InnovAge California PACE-Sacramento, LLC","InnovAge California PACE-Sacramento, LLC",Full-Dual - UIS State-Only,6044.24,6361.48,6706.47,6464.7
01/2025-12/2025,2025,PACE,Sacramento,"InnovAge California PACE-Sacramento, LLC","InnovAge California PACE-Sacramento, LLC",Non-Dual - UIS State-Only,8534.74,8990.09,9485.36,9421.08
01/2025-12/2025,2025,PACE,Sacramento,"InnovAge California PACE-Sacramento, LLC","InnovAge California PACE-Sacramento, LLC",Full-Dual - SIS,6231.17,6558.23,6913.89,6664.64
01/2025-12/2025,2025,PACE,Sacramento,"InnovAge California PACE-Sacramento, LLC","InnovAge California PACE-Sacramento, LLC",Non-Dual - SIS,9589.6,10101.22,10657.71,10585.48
01/2025-12/2025,2025,PACE,San Joaquin,"InnovAge California PACE-Sacramento, LLC","InnovAge California PACE-Sacramento, LLC",Full-Dual - UIS Federal,186.94,196.75,207.42,199.94
01/2025-12/2025,2025,PACE,San Joaquin,"InnovAge California PACE-Sacramento, LLC","InnovAge California PACE-Sacramento, LLC",Non-Dual - UIS Federal,1054.86,1111.13,1172.35,1164.4
01/2025-12/2025,2025,PACE,San Joaquin,"InnovAge California PACE-Sacramento, LLC","InnovAge California PACE-Sacramento, LLC",Full-Dual - UIS State-Only,6044.24,6361.48,6706.47,6464.7
01/2025-12/2025,2025,PACE,San Joaquin,"InnovAge California PACE-Sacramento, LLC","InnovAge California PACE-Sacramento, LLC",Non-Dual - UIS State-Only,8534.74,8990.09,9485.36,9421.08
01/2025-12/2025,2025,PACE,San Joaquin,"InnovAge California PACE-Sacramento, LLC","InnovAge California PACE-Sacramento, LLC",Full-Dual - SIS,6231.17,6558.23,6913.89,6664.64
01/2025-12/2025,2025,PACE,San Joaquin,"InnovAge California PACE-Sacramento, LLC","InnovAge California PACE-Sacramento, LLC",Non-Dual - SIS,9589.6,10101.22,10657.71,10585.48
01/2025-12/2025,2025,PACE,Sutter,"InnovAge California PACE-Sacramento, LLC","InnovAge California PACE-Sacramento, LLC",Full-Dual - UIS Federal,186.94,196.75,207.42,199.94
01/2025-12/2025,2025,PACE,Sutter,"InnovAge California PACE-Sacramento, LLC","InnovAge California PACE-Sacramento, LLC",Non-Dual - UIS Federal,1054.86,1111.13,1172.35,1164.4
01/2025-12/2025,2025,PACE,Sutter,"InnovAge California PACE-Sacramento, LLC","InnovAge California PACE-Sacramento, LLC",Full-Dual - UIS State-Only,6044.24,6361.48,6706.47,6464.7
01/2025-12/2025,2025,PACE,Sutter,"InnovAge California PACE-Sacramento, LLC","InnovAge California PACE-Sacramento, LLC",Non-Dual - UIS State-Only,8534.74,8990.09,9485.36,9421.08
01/2025-12/2025,2025,PACE,Sutter,"InnovAge California PACE-Sacramento, LLC","InnovAge California PACE-Sacramento, LLC",Full-Dual - SIS,6231.17,6558.23,6913.89,6664.64
01/2025-12/2025,2025,PACE,Sutter,"InnovAge California PACE-Sacramento, LLC","InnovAge California PACE-Sacramento, LLC",Non-Dual - SIS,9589.6,10101.22,10657.71,10585.48
01/2025-12/2025,2025,PACE,Placer,"InnovAge California PACE-Sacramento, LLC","InnovAge California PACE-Sacramento, LLC",Full-Dual - UIS Federal,186.94,196.75,207.42,199.94
01/2025-12/2025,2025,PACE,Placer,"InnovAge California PACE-Sacramento, LLC","InnovAge California PACE-Sacramento, LLC",Non-Dual - UIS Federal,1054.86,1111.13,1172.35,1164.4
01/2025-12/2025,2025,PACE,Placer,"InnovAge California PACE-Sacramento, LLC","InnovAge California PACE-Sacramento, LLC",Full-Dual - UIS State-Only,6044.24,6361.48,6706.47,6464.7
01/2025-12/2025,2025,PACE,Placer,"InnovAge California PACE-Sacramento, LLC","InnovAge California PACE-Sacramento, LLC",Non-Dual - UIS State-Only,8534.74,8990.09,9485.36,9421.08
01/2025-12/2025,2025,PACE,Placer,"InnovAge California PACE-Sacramento, LLC","InnovAge California PACE-Sacramento, LLC",Full-Dual - SIS,6231.17,6558.23,6913.89,6664.64
01/2025-12/2025,2025,PACE,Placer,"InnovAge California PACE-Sacramento, LLC","InnovAge California PACE-Sacramento, LLC",Non-Dual - SIS,9589.6,10101.22,10657.71,10585.48
01/2025-12/2025,2025,PACE,Yuba,"InnovAge California PACE-Sacramento, LLC","InnovAge California PACE-Sacramento, LLC",Full-Dual - UIS Federal,186.94,196.75,207.42,199.94
01/2025-12/2025,2025,PACE,Yuba,"InnovAge California PACE-Sacramento, LLC","InnovAge California PACE-Sacramento, LLC",Non-Dual - UIS Federal,1054.86,1111.13,1172.35,1164.4
01/2025-12/2025,2025,PACE,Yuba,"InnovAge California PACE-Sacramento, LLC","InnovAge California PACE-Sacramento, LLC",Full-Dual - UIS State-Only,6044.24,6361.48,6706.47,6464.7
01/2025-12/2025,2025,PACE,Yuba,"InnovAge California PACE-Sacramento, LLC","InnovAge California PACE-Sacramento, LLC",Non-Dual - UIS State-Only,8534.74,8990.09,9485.36,9421.08
01/2025-12/2025,2025,PACE,Yuba,"InnovAge California PACE-Sacramento, LLC","InnovAge California PACE-Sacramento, LLC",Full-Dual - SIS,6231.17,6558.23,6913.89,6664.64
01/2025-12/2025,2025,PACE,Yuba,"InnovAge California PACE-Sacramento, LLC","InnovAge California PACE-Sacramento, LLC",Non-Dual - SIS,9589.6,10101.22,10657.71,10585.48
01/2025-12/2025,2025,PACE,El Dorado,"InnovAge California PACE-Sacramento, LLC","InnovAge California PACE-Sacramento, LLC",Full-Dual - UIS Federal,186.94,196.75,207.42,199.94
01/2025-12/2025,2025,PACE,El Dorado,"InnovAge California PACE-Sacramento, LLC","InnovAge California PACE-Sacramento, LLC",Non-Dual - UIS Federal,1054.86,1111.13,1172.35,1164.4
01/2025-12/2025,2025,PACE,El Dorado,"InnovAge California PACE-Sacramento, LLC","InnovAge California PACE-Sacramento, LLC",Full-Dual - UIS State-Only,6044.24,6361.48,6706.47,6464.7
01/2025-12/2025,2025,PACE,El Dorado,"InnovAge California PACE-Sacramento, LLC","InnovAge California PACE-Sacramento, LLC",Non-Dual - UIS State-Only,8534.74,8990.09,9485.36,9421.08
01/2025-12/2025,2025,PACE,El Dorado,"InnovAge California PACE-Sacramento, LLC","InnovAge California PACE-Sacramento, LLC",Full-Dual - SIS,6231.17,6558.23,6913.89,6664.64
01/2025-12/2025,2025,PACE,El Dorado,"InnovAge California PACE-Sacramento, LLC","InnovAge California PACE-Sacramento, LLC",Non-Dual - SIS,9589.6,10101.22,10657.71,10585.48
01/2025-12/2025,2025,PACE,San Bernardino,"Total Longterm Care, Inc.","Total Longterm Care, Inc.",Full-Dual - UIS Federal,128.55,135.29,142.63,170.39
01/2025-12/2025,2025,PACE,San Bernardino,"Total Longterm Care, Inc.","Total Longterm Care, Inc.",Non-Dual - UIS Federal,823.93,867.65,915.2,1203.8
01/2025-12/2025,2025,PACE,San Bernardino,"Total Longterm Care, Inc.","Total Longterm Care, Inc.",Full-Dual - UIS State-Only,4156.38,4374.49,4611.66,5509.3
01/2025-12/2025,2025,PACE,San Bernardino,"Total Longterm Care, Inc.","Total Longterm Care, Inc.",Non-Dual - UIS State-Only,6666.37,7020.07,7404.77,9739.83
01/2025-12/2025,2025,PACE,San Bernardino,"Total Longterm Care, Inc.","Total Longterm Care, Inc.",Full-Dual - SIS,4284.93,4509.78,4754.29,5679.69
01/2025-12/2025,2025,PACE,San Bernardino,"Total Longterm Care, Inc.","Total Longterm Care, Inc.",Non-Dual - SIS,7490.3,7887.72,8319.96,10943.63
01/2025-12/2025,2025,PACE,Riverside,"Total Longterm Care, Inc.","Total Longterm Care, Inc.",Full-Dual - UIS Federal,128.55,135.29,142.63,170.39
01/2025-12/2025,2025,PACE,Riverside,"Total Longterm Care, Inc.","Total Longterm Care, Inc.",Non-Dual - UIS Federal,823.93,867.65,915.2,1203.8
01/2025-12/2025,2025,PACE,Riverside,"Total Longterm Care, Inc.","Total Longterm Care, Inc.",Full-Dual - UIS State-Only,4156.38,4374.49,4611.66,5509.3
01/2025-12/2025,2025,PACE,Riverside,"Total Longterm Care, Inc.","Total Longterm Care, Inc.",Non-Dual - UIS State-Only,6666.37,7020.07,7404.77,9739.83
01/2025-12/2025,2025,PACE,Riverside,"Total Longterm Care, Inc.","Total Longterm Care, Inc.",Full-Dual - SIS,4284.93,4509.78,4754.29,5679.69
01/2025-12/2025,2025,PACE,Riverside,"Total Longterm Care, Inc.","Total Longterm Care, Inc.",Non-Dual - SIS,7490.3,7887.72,8319.96,10943.63
01/2025-12/2025,2025,PACE,San Bernardino,Neighborhood Healthcare PACE,Neighborhood Healthcare PACE,Full-Dual - UIS Federal,132.25,139.21,146.78,170.39
01/2025-12/2025,2025,PACE,San Bernardino,Neighborhood Healthcare PACE,Neighborhood Healthcare PACE,Non-Dual - UIS Federal,881.54,928.37,979.3,1203.8
01/2025-12/2025,2025,PACE,San Bernardino,Neighborhood Healthcare PACE,Neighborhood Healthcare PACE,Full-Dual - UIS State-Only,4276.09,4501.17,4745.95,5509.3
01/2025-12/2025,2025,PACE,San Bernardino,Neighborhood Healthcare PACE,Neighborhood Healthcare PACE,Non-Dual - UIS State-Only,7132.46,7511.33,7923.4,9739.83
01/2025-12/2025,2025,PACE,San Bernardino,Neighborhood Healthcare PACE,Neighborhood Healthcare PACE,Full-Dual - SIS,4408.35,4640.38,4892.73,5679.69
01/2025-12/2025,2025,PACE,San Bernardino,Neighborhood Healthcare PACE,Neighborhood Healthcare PACE,Non-Dual - SIS,8014.0,8439.7,8902.7,10943.63
01/2025-12/2025,2025,PACE,Riverside,Neighborhood Healthcare PACE,Neighborhood Healthcare PACE,Full-Dual - UIS Federal,132.25,139.21,146.78,170.39
01/2025-12/2025,2025,PACE,Riverside,Neighborhood Healthcare PACE,Neighborhood Healthcare PACE,Non-Dual - UIS Federal,881.54,928.37,979.3,1203.8
01/2025-12/2025,2025,PACE,Riverside,Neighborhood Healthcare PACE,Neighborhood Healthcare PACE,Full-Dual - UIS State-Only,4276.09,4501.17,4745.95,5509.3
01/2025-12/2025,2025,PACE,Riverside,Neighborhood Healthcare PACE,Neighborhood Healthcare PACE,Non-Dual - UIS State-Only,7132.46,7511.33,7923.4,9739.83
01/2025-12/2025,2025,PACE,Riverside,Neighborhood Healthcare PACE,Neighborhood Healthcare PACE,Full-Dual - SIS,4408.35,4640.38,4892.73,5679.69
01/2025-12/2025,2025,PACE,Riverside,Neighborhood Healthcare PACE,Neighborhood Healthcare PACE,Non-Dual - SIS,8014.0,8439.7,8902.7,10943.63
01/2025-12/2025,2025,PACE,San Francisco,North East Medical Services (NEMS),North East Medical Services (NEMS),Full-Dual - UIS Federal,200.36,210.88,222.31,282.05
01/2025-12/2025,2025,PACE,San Francisco,North East Medical Services (NEMS),North East Medical Services (NEMS),Non-Dual - UIS Federal,852.36,897.67,946.95,1453.39
01/2025-12/2025,2025,PACE,San Francisco,North East Medical Services (NEMS),North East Medical Services (NEMS),Full-Dual - UIS State-Only,6478.28,6818.29,7188.05,9119.76
01/2025-12/2025,2025,PACE,San Francisco,North East Medical Services (NEMS),North East Medical Services (NEMS),Non-Dual - UIS State-Only,6896.38,7262.96,7661.67,11759.24
01/2025-12/2025,2025,PACE,San Francisco,North East Medical Services (NEMS),North East Medical Services (NEMS),Full-Dual - SIS,6678.64,7029.17,7410.36,9401.81
01/2025-12/2025,2025,PACE,San Francisco,North East Medical Services (NEMS),North East Medical Services (NEMS),Non-Dual - SIS,7748.74,8160.63,8608.62,13212.63
01/2025-12/2025,2025,PACE,Santa Clara,North East Medical Services (NEMS),North East Medical Services (NEMS),Full-Dual - UIS Federal,198.02,208.65,220.22,241.94
01/2025-12/2025,2025,PACE,Santa Clara,North East Medical Services (NEMS),North East Medical Services (NEMS),Non-Dual - UIS Federal,851.89,898.24,948.67,1229.6
01/2025-12/2025,2025,PACE,Santa Clara,North East Medical Services (NEMS),North East Medical Services (NEMS),Full-Dual - UIS State-Only,6402.52,6746.39,7120.49,7822.84
01/2025-12/2025,2025,PACE,Santa Clara,North East Medical Services (NEMS),North East Medical Services (NEMS),Non-Dual - UIS State-Only,6892.54,7267.55,7675.6,9948.61
01/2025-12/2025,2025,PACE,Santa Clara,North East Medical Services (NEMS),North East Medical Services (NEMS),Full-Dual - SIS,6600.53,6955.04,7340.71,8064.78
01/2025-12/2025,2025,PACE,Santa Clara,North East Medical Services (NEMS),North East Medical Services (NEMS),Non-Dual - SIS,7744.43,8165.78,8624.27,11178.21
01/2025-12/2025,2025,PACE,Alameda,OnLok Senior Health Services,OnLok Senior Health Services,Full-Dual - UIS Federal,202.0,212.52,223.96,236.66
01/2025-12/2025,2025,PACE,Alameda,OnLok Senior Health Services,OnLok Senior Health Services,Non-Dual - UIS Federal,841.19,885.84,934.39,1325.57
01/2025-12/2025,2025,PACE,Alameda,OnLok Senior Health Services,OnLok Senior Health Services,Full-Dual - UIS State-Only,6531.25,6871.52,7241.51,7652.03
01/2025-12/2025,2025,PACE,Alameda,OnLok Senior Health Services,OnLok Senior Health Services,Non-Dual - UIS State-Only,6806.02,7167.23,7560.09,10725.11
01/2025-12/2025,2025,PACE,Alameda,OnLok Senior Health Services,OnLok Senior Health Services,Full-Dual - SIS,6733.25,7084.04,7465.48,7888.69
01/2025-12/2025,2025,PACE,Alameda,OnLok Senior Health Services,OnLok Senior Health Services,Non-Dual - SIS,7647.22,8053.07,8494.48,12050.68
01/2025-12/2025,2025,PACE,San Francisco,OnLok Senior Health Services,OnLok Senior Health Services,Full-Dual - UIS Federal,280.55,294.86,310.43,282.05
01/2025-12/2025,2025,PACE,San Francisco,OnLok Senior Health Services,OnLok Senior Health Services,Non-Dual - UIS Federal,1171.71,1233.35,1300.39,1453.39
01/2025-12/2025,2025,PACE,San Francisco,OnLok Senior Health Services,OnLok Senior Health Services,Full-Dual - UIS State-Only,9071.02,9533.95,10037.17,9119.76
01/2025-12/2025,2025,PACE,San Francisco,OnLok Senior Health Services,OnLok Senior Health Services,Non-Dual - UIS State-Only,9480.17,9978.93,10521.32,11759.24
01/2025-12/2025,2025,PACE,San Francisco,OnLok Senior Health Services,OnLok Senior Health Services,Full-Dual - SIS,9351.57,9828.81,10347.6,9401.81
01/2025-12/2025,2025,PACE,San Francisco,OnLok Senior Health Services,OnLok Senior Health Services,Non-Dual - SIS,10651.88,11212.28,11821.71,13212.63
01/2025-12/2025,2025,PACE,Santa Clara,OnLok Senior Health Services,OnLok Senior Health Services,Full-Dual - UIS Federal,210.24,221.2,233.12,241.94
01/2025-12/2025,2025,PACE,Santa Clara,OnLok Senior Health Services,OnLok Senior Health Services,Non-Dual - UIS Federal,850.93,895.99,944.99,1229.6
01/2025-12/2025,2025,PACE,Santa Clara,OnLok Senior Health Services,OnLok Senior Health Services,Full-Dual - UIS State-Only,6797.79,7152.25,7537.69,7822.84
01/2025-12/2025,2025,PACE,Santa Clara,OnLok Senior Health Services,OnLok Senior Health Services,Non-Dual - UIS State-Only,6884.79,7249.34,7645.83,9948.61
01/2025-12/2025,2025,PACE,Santa Clara,OnLok Senior Health Services,OnLok Senior Health Services,Full-Dual - SIS,7008.03,7373.46,7770.81,8064.78
01/2025-12/2025,2025,PACE,Santa Clara,OnLok Senior Health Services,OnLok Senior Health Services,Non-Dual - SIS,7735.71,8145.33,8590.82,11178.21
01/2025-12/2025,2025,PACE,Napa,Collabria Care,Collabria Care,Full-Dual - UIS Federal,180.29,189.76,200.06,211.69
01/2025-12/2025,2025,PACE,Napa,Collabria Care,Collabria Care,Non-Dual - UIS Federal,775.73,816.98,861.84,1455.27
01/2025-12/2025,2025,PACE,Napa,Collabria Care,Collabria Care,Full-Dual - UIS State-Only,5829.25,6135.52,6468.58,6844.57
01/2025-12/2025,2025,PACE,Napa,Collabria Care,Collabria Care,Non-Dual - UIS State-Only,6276.37,6610.08,6973.04,11774.42
01/2025-12/2025,2025,PACE,Napa,Collabria Care,Collabria Care,Full-Dual - SIS,6009.54,6325.28,6668.64,7056.26
01/2025-12/2025,2025,PACE,Napa,Collabria Care,Collabria Care,Non-Dual - SIS,7052.1,7427.06,7834.88,13229.69
01/2025-12/2025,2025,PACE,Solano,Collabria Care,Collabria Care,Full-Dual - UIS Federal,180.29,189.76,200.06,211.69
01/2025-12/2025,2025,PACE,Solano,Collabria Care,Collabria Care,Non-Dual - UIS Federal,775.73,816.98,861.84,1455.27
01/2025-12/2025,2025,PACE,Solano,Collabria Care,Collabria Care,Full-Dual - UIS State-Only,5829.25,6135.52,6468.58,6844.57
01/2025-12/2025,2025,PACE,Solano,Collabria Care,Collabria Care,Non-Dual - UIS State-Only,6276.37,6610.08,6973.04,11774.42
01/2025-12/2025,2025,PACE,Solano,Collabria Care,Collabria Care,Full-Dual - SIS,6009.54,6325.28,6668.64,7056.26
01/2025-12/2025,2025,PACE,Solano,Collabria Care,Collabria Care,Non-Dual - SIS,7052.1,7427.06,7834.88,13229.69
01/2025-12/2025,2025,PACE,Sonoma,Collabria Care,Collabria Care,Full-Dual - UIS Federal,180.29,189.76,200.06,211.69
01/2025-12/2025,2025,PACE,Sonoma,Collabria Care,Collabria Care,Non-Dual - UIS Federal,775.73,816.98,861.84,1455.27
01/2025-12/2025,2025,PACE,Sonoma,Collabria Care,Collabria Care,Full-Dual - UIS State-Only,5829.25,6135.52,6468.58,6844.57
01/2025-12/2025,2025,PACE,Sonoma,Collabria Care,Collabria Care,Non-Dual - UIS State-Only,6276.37,6610.08,6973.04,11774.42
01/2025-12/2025,2025,PACE,Sonoma,Collabria Care,Collabria Care,Full-Dual - SIS,6009.54,6325.28,6668.64,7056.26
01/2025-12/2025,2025,PACE,Sonoma,Collabria Care,Collabria Care,Non-Dual - SIS,7052.1,7427.06,7834.88,13229.69
01/2025-12/2025,2025,PACE,Humboldt,"Humboldt Senior Resource Center, Incorporated","Humboldt Senior Resource Center, Incorporated",Full-Dual - UIS Federal,154.5,162.4,170.99,202.93
01/2025-12/2025,2025,PACE,Humboldt,"Humboldt Senior Resource Center, Incorporated","Humboldt Senior Resource Center, Incorporated",Non-Dual - UIS Federal,1114.04,1172.42,1235.9,1433.2
01/2025-12/2025,2025,PACE,Humboldt,"Humboldt Senior Resource Center, Incorporated","Humboldt Senior Resource Center, Incorporated",Full-Dual - UIS State-Only,4995.54,5250.99,5528.68,6561.5
01/2025-12/2025,2025,PACE,Humboldt,"Humboldt Senior Resource Center, Incorporated","Humboldt Senior Resource Center, Incorporated",Non-Dual - UIS State-Only,9013.57,9485.93,9999.58,11595.85
01/2025-12/2025,2025,PACE,Humboldt,"Humboldt Senior Resource Center, Incorporated","Humboldt Senior Resource Center, Incorporated",Full-Dual - SIS,5150.04,5413.39,5699.67,6764.43
01/2025-12/2025,2025,PACE,Humboldt,"Humboldt Senior Resource Center, Incorporated","Humboldt Senior Resource Center, Incorporated",Non-Dual - SIS,10127.61,10658.34,11235.49,13029.05
01/2025-12/2025,2025,PACE,San Diego,"Centro de Salud de la Comunidad de San Ysidro, Inc.","Centro de Salud de la Comunidad de San Ysidro, Inc.",Full-Dual - UIS Federal,121.92,128.28,135.2,184.65
01/2025-12/2025,2025,PACE,San Diego,"Centro de Salud de la Comunidad de San Ysidro, Inc.","Centro de Salud de la Comunidad de San Ysidro, Inc.",Non-Dual - UIS Federal,955.77,1006.42,1061.5,1107.18
01/2025-12/2025,2025,PACE,San Diego,"Centro de Salud de la Comunidad de San Ysidro, Inc.","Centro de Salud de la Comunidad de San Ysidro, Inc.",Full-Dual - UIS State-Only,3942.03,4147.83,4371.62,5970.47
01/2025-12/2025,2025,PACE,San Diego,"Centro de Salud de la Comunidad de San Ysidro, Inc.","Centro de Salud de la Comunidad de San Ysidro, Inc.",Non-Dual - UIS State-Only,7733.02,8142.82,8588.52,8958.07
01/2025-12/2025,2025,PACE,San Diego,"Centro de Salud de la Comunidad de San Ysidro, Inc.","Centro de Salud de la Comunidad de San Ysidro, Inc.",Full-Dual - SIS,4063.94,4276.11,4506.82,6155.12
01/2025-12/2025,2025,PACE,San Diego,"Centro de Salud de la Comunidad de San Ysidro, Inc.","Centro de Salud de la Comunidad de San Ysidro, Inc.",Non-Dual - SIS,8688.79,9149.24,9650.02,10065.25
01/2025-12/2025,2025,PACE,San Diego,Community Eldercare of San Diego,Community Eldercare of San Diego,Full-Dual - UIS Federal,131.18,138.06,145.55,184.65
01/2025-12/2025,2025,PACE,San Diego,Community Eldercare of San Diego,Community Eldercare of San Diego,Non-Dual - UIS Federal,944.08,994.26,1048.83,1107.18
01/2025-12/2025,2025,PACE,San Diego,Community Eldercare of San Diego,Community Eldercare of San Diego,Full-Dual - UIS State-Only,4241.52,4464.06,4706.07,5970.47
01/2025-12/2025,2025,PACE,San Diego,Community Eldercare of San Diego,Community Eldercare of San Diego,Non-Dual - UIS State-Only,7638.48,8044.45,8486.0,8958.07
01/2025-12/2025,2025,PACE,San Diego,Community Eldercare of San Diego,Community Eldercare of San Diego,Full-Dual - SIS,4372.7,4602.13,4851.62,6155.12
01/2025-12/2025,2025,PACE,San Diego,Community Eldercare of San Diego,Community Eldercare of San Diego,Non-Dual - SIS,8582.57,9038.71,9534.84,10065.25
01/2025-12/2025,2025,PACE,Sacramento,Sutter Valley Hospitals,Sutter Valley Hospitals,Full-Dual - UIS Federal,192.64,202.56,213.34,205.49
01/2025-12/2025,2025,PACE,Sacramento,Sutter Valley Hospitals,Sutter Valley Hospitals,Non-Dual - UIS Federal,1071.55,1128.46,1190.37,1139.27
01/2025-12/2025,2025,PACE,Sacramento,Sutter Valley Hospitals,Sutter Valley Hospitals,Full-Dual - UIS State-Only,6228.7,6549.33,6897.91,6644.17
01/2025-12/2025,2025,PACE,Sacramento,Sutter Valley Hospitals,Sutter Valley Hospitals,Non-Dual - UIS State-Only,8669.79,9130.29,9631.14,9217.72
01/2025-12/2025,2025,PACE,Sacramento,Sutter Valley Hospitals,Sutter Valley Hospitals,Full-Dual - SIS,6421.34,6751.89,7111.25,6849.66
01/2025-12/2025,2025,PACE,Sacramento,Sutter Valley Hospitals,Sutter Valley Hospitals,Non-Dual - SIS,9741.34,10258.75,10821.5,10356.99
01/2025-12/2025,2025,PACE,Los Angeles,"LA Coast PACE, LLC","LA Coast PACE, LLC",Full-Dual - UIS Federal,178.61,187.95,198.1,196.18
01/2025-12/2025,2025,PACE,Los Angeles,"LA Coast PACE, LLC","LA Coast PACE, LLC",Non-Dual - UIS Federal,889.79,936.92,988.18,1045.74
01/2025-12/2025,2025,PACE,Los Angeles,"LA Coast PACE, LLC","LA Coast PACE, LLC",Full-Dual - UIS State-Only,5775.08,6076.89,6405.08,6343.2
01/2025-12/2025,2025,PACE,Los Angeles,"LA Coast PACE, LLC","LA Coast PACE, LLC",Non-Dual - UIS State-Only,7199.2,7580.55,7995.29,8461.03
01/2025-12/2025,2025,PACE,Los Angeles,"LA Coast PACE, LLC","LA Coast PACE, LLC",Full-Dual - SIS,5953.69,6264.84,6603.18,6539.38
01/2025-12/2025,2025,PACE,Los Angeles,"LA Coast PACE, LLC","LA Coast PACE, LLC",Non-Dual - SIS,8088.99,8517.47,8983.47,9506.77
01/2025-12/2025,2025,PACE,Los Angeles,"Pacific PACE, LLC","Pacific PACE, LLC",Full-Dual - UIS Federal,161.9,170.37,179.58,196.18
01/2025-12/2025,2025,PACE,Los Angeles,"Pacific PACE, LLC","Pacific PACE, LLC",Non-Dual - UIS Federal,957.25,1007.93,1063.05,1045.74
01/2025-12/2025,2025,PACE,Los Angeles,"Pacific PACE, LLC","Pacific PACE, LLC",Full-Dual - UIS State-Only,5234.89,5508.68,5806.41,6343.2
01/2025-12/2025,2025,PACE,Los Angeles,"Pacific PACE, LLC","Pacific PACE, LLC",Non-Dual - UIS State-Only,7745.0,8155.08,8601.07,8461.03
01/2025-12/2025,2025,PACE,Los Angeles,"Pacific PACE, LLC","Pacific PACE, LLC",Full-Dual - SIS,5396.79,5679.05,5985.99,6539.38
01/2025-12/2025,2025,PACE,Los Angeles,"Pacific PACE, LLC","Pacific PACE, LLC",Non-Dual - SIS,8702.25,9163.01,9664.12,9506.77
01/2025-12/2025,2025,PACE,Kings,"Sequoia PACE, LLC","Sequoia PACE, LLC",Full-Dual - UIS Federal,161.82,170.27,179.47,173.62
01/2025-12/2025,2025,PACE,Kings,"Sequoia PACE, LLC","Sequoia PACE, LLC",Non-Dual - UIS Federal,858.14,903.57,952.98,1050.63
01/2025-12/2025,2025,PACE,Kings,"Sequoia PACE, LLC","Sequoia PACE, LLC",Full-Dual - UIS State-Only,5232.11,5505.56,5802.9,5613.86
01/2025-12/2025,2025,PACE,Kings,"Sequoia PACE, LLC","Sequoia PACE, LLC",Non-Dual - UIS State-Only,6943.16,7310.73,7710.49,8500.59
01/2025-12/2025,2025,PACE,Kings,"Sequoia PACE, LLC","Sequoia PACE, LLC",Full-Dual - SIS,5393.93,5675.83,5982.37,5787.48
01/2025-12/2025,2025,PACE,Kings,"Sequoia PACE, LLC","Sequoia PACE, LLC",Non-Dual - SIS,7801.3,8214.3,8663.48,9551.22
01/2025-12/2025,2025,PACE,Tulare,"Sequoia PACE, LLC","Sequoia PACE, LLC",Full-Dual - UIS Federal,161.82,170.27,179.47,173.62
01/2025-12/2025,2025,PACE,Tulare,"Sequoia PACE, LLC","Sequoia PACE, LLC",Non-Dual - UIS Federal,858.14,903.57,952.98,1050.63
01/2025-12/2025,2025,PACE,Tulare,"Sequoia PACE, LLC","Sequoia PACE, LLC",Full-Dual - UIS State-Only,5232.11,5505.56,5802.9,5613.86
01/2025-12/2025,2025,PACE,Tulare,"Sequoia PACE, LLC","Sequoia PACE, LLC",Non-Dual - UIS State-Only,6943.16,7310.73,7710.49,8500.59
01/2025-12/2025,2025,PACE,Tulare,"Sequoia PACE, LLC","Sequoia PACE, LLC",Full-Dual - SIS,5393.93,5675.83,5982.37,5787.48
01/2025-12/2025,2025,PACE,Tulare,"Sequoia PACE, LLC","Sequoia PACE, LLC",Non-Dual - SIS,7801.3,8214.3,8663.48,9551.22
01/2025-12/2025,2025,PACE,Madera,"Sequoia PACE, LLC","Sequoia PACE, LLC",Full-Dual - UIS Federal,161.82,170.27,179.47,173.62
01/2025-12/2025,2025,PACE,Madera,"Sequoia PACE, LLC","Sequoia PACE, LLC",Non-Dual - UIS Federal,858.14,903.57,952.98,1050.63
01/2025-12/2025,2025,PACE,Madera,"Sequoia PACE, LLC","Sequoia PACE, LLC",Full-Dual - UIS State-Only,5232.11,5505.56,5802.9,5613.86
01/2025-12/2025,2025,PACE,Madera,"Sequoia PACE, LLC","Sequoia PACE, LLC",Non-Dual - UIS State-Only,6943.16,7310.73,7710.49,8500.59
01/2025-12/2025,2025,PACE,Madera,"Sequoia PACE, LLC","Sequoia PACE, LLC",Full-Dual - SIS,5393.93,5675.83,5982.37,5787.48
01/2025-12/2025,2025,PACE,Madera,"Sequoia PACE, LLC","Sequoia PACE, LLC",Non-Dual - SIS,7801.3,8214.3,8663.48,9551.22
01/2025-12/2025,2025,PACE,Fresno,"Sequoia PACE, LLC","Sequoia PACE, LLC",Full-Dual - UIS Federal,161.82,170.27,179.47,173.62
01/2025-12/2025,2025,PACE,Fresno,"Sequoia PACE, LLC","Sequoia PACE, LLC",Non-Dual - UIS Federal,858.14,903.57,952.98,1050.63
01/2025-12/2025,2025,PACE,Fresno,"Sequoia PACE, LLC","Sequoia PACE, LLC",Full-Dual - UIS State-Only,5232.11,5505.56,5802.9,5613.86
01/2025-12/2025,2025,PACE,Fresno,"Sequoia PACE, LLC","Sequoia PACE, LLC",Non-Dual - UIS State-Only,6943.16,7310.73,7710.49,8500.59
01/2025-12/2025,2025,PACE,Fresno,"Sequoia PACE, LLC","Sequoia PACE, LLC",Full-Dual - SIS,5393.93,5675.83,5982.37,5787.48
01/2025-12/2025,2025,PACE,Fresno,"Sequoia PACE, LLC","Sequoia PACE, LLC",Non-Dual - SIS,7801.3,8214.3,8663.48,9551.22
01/2025-12/2025,2025,PACE,Stanislaus,"Stockton PACE, LLC","Stockton PACE, LLC",Full-Dual - UIS Federal,180.73,190.22,200.55,195.14
01/2025-12/2025,2025,PACE,Stanislaus,"Stockton PACE, LLC","Stockton PACE, LLC",Non-Dual - UIS Federal,988.32,1041.06,1098.43,1130.25
01/2025-12/2025,2025,PACE,Stanislaus,"Stockton PACE, LLC","Stockton PACE, LLC",Full-Dual - UIS State-Only,5843.44,6150.57,6484.57,6309.55
01/2025-12/2025,2025,PACE,Stanislaus,"Stockton PACE, LLC","Stockton PACE, LLC",Non-Dual - UIS State-Only,7996.45,8423.15,8887.28,9144.76
01/2025-12/2025,2025,PACE,Stanislaus,"Stockton PACE, LLC","Stockton PACE, LLC",Full-Dual - SIS,6024.17,6340.79,6685.12,6504.69
01/2025-12/2025,2025,PACE,Stanislaus,"Stockton PACE, LLC","Stockton PACE, LLC",Non-Dual - SIS,8984.77,9464.21,9985.7,10275.01
01/2025-12/2025,2025,PACE,San Joaquin,"Stockton PACE, LLC","Stockton PACE, LLC",Full-Dual - UIS Federal,180.73,190.22,200.55,195.14
01/2025-12/2025,2025,PACE,San Joaquin,"Stockton PACE, LLC","Stockton PACE, LLC",Non-Dual - UIS Federal,988.32,1041.06,1098.43,1130.25
01/2025-12/2025,2025,PACE,San Joaquin,"Stockton PACE, LLC","Stockton PACE, LLC",Full-Dual - UIS State-Only,5843.44,6150.57,6484.57,6309.55
01/2025-12/2025,2025,PACE,San Joaquin,"Stockton PACE, LLC","Stockton PACE, LLC",Non-Dual - UIS State-Only,7996.45,8423.15,8887.28,9144.76
01/2025-12/2025,2025,PACE,San Joaquin,"Stockton PACE, LLC","Stockton PACE, LLC",Full-Dual - SIS,6024.17,6340.79,6685.12,6504.69
01/2025-12/2025,2025,PACE,San Joaquin,"Stockton PACE, LLC","Stockton PACE, LLC",Non-Dual - SIS,8984.77,9464.21,9985.7,10275.01
01/2025-12/2025,2025,PACE,Marin,AgeWell PACE,AgeWell PACE,Full-Dual - UIS Federal,185.24,194.97,205.55,211.69
01/2025-12/2025,2025,PACE,Marin,AgeWell PACE,AgeWell PACE,Non-Dual - UIS Federal,797.04,839.42,885.51,1455.27
01/2025-12/2025,2025,PACE,Marin,AgeWell PACE,AgeWell PACE,Full-Dual - UIS State-Only,5989.38,6304.06,6646.27,6844.57
01/2025-12/2025,2025,PACE,Marin,AgeWell PACE,AgeWell PACE,Non-Dual - UIS State-Only,6448.78,6791.66,7164.59,11774.42
01/2025-12/2025,2025,PACE,Marin,AgeWell PACE,AgeWell PACE,Full-Dual - SIS,6174.62,6499.03,6851.82,7056.26
01/2025-12/2025,2025,PACE,Marin,AgeWell PACE,AgeWell PACE,Non-Dual - SIS,7245.82,7631.08,8050.1,13229.69
01/2025-12/2025,2025,PACE,Sonoma,AgeWell PACE,AgeWell PACE,Full-Dual - UIS Federal,185.24,194.97,205.55,211.69
01/2025-12/2025,2025,PACE,Sonoma,AgeWell PACE,AgeWell PACE,Non-Dual - UIS Federal,797.04,839.42,885.51,1455.27
01/2025-12/2025,2025,PACE,Sonoma,AgeWell PACE,AgeWell PACE,Full-Dual - UIS State-Only,5989.38,6304.06,6646.27,6844.57
01/2025-12/2025,2025,PACE,Sonoma,AgeWell PACE,AgeWell PACE,Non-Dual - UIS State-Only,6448.78,6791.66,7164.59,11774.42
01/2025-12/2025,2025,PACE,Sonoma,AgeWell PACE,AgeWell PACE,Full-Dual - SIS,6174.62,6499.03,6851.82,7056.26
01/2025-12/2025,2025,PACE,Sonoma,AgeWell PACE,AgeWell PACE,Non-Dual - SIS,7245.82,7631.08,8050.1,13229.69
01/2025-12/2025,2025,PACE,Los Angeles,myPlace Health,myPlace Health,Full-Dual - UIS Federal,144.23,151.73,159.9,196.18
01/2025-12/2025,2025,PACE,Los Angeles,myPlace Health,myPlace Health,Non-Dual - UIS Federal,910.61,958.75,1011.09,1045.74
01/2025-12/2025,2025,PACE,Los Angeles,myPlace Health,myPlace Health,Full-Dual - UIS State-Only,4663.34,4906.09,5170.04,6343.2
01/2025-12/2025,2025,PACE,Los Angeles,myPlace Health,myPlace Health,Non-Dual - UIS State-Only,7367.69,7757.13,8180.68,8461.03
01/2025-12/2025,2025,PACE,Los Angeles,myPlace Health,myPlace Health,Full-Dual - SIS,4807.57,5057.82,5329.94,6539.38
01/2025-12/2025,2025,PACE,Los Angeles,myPlace Health,myPlace Health,Non-Dual - SIS,8278.3,8715.88,9191.77,9506.77
01/2025-12/2025,2025,PACE,Alameda,WelbeHealth Bay Area,WelbeHealth Bay Area,Full-Dual - UIS Federal,193.77,203.94,215.01,238.7
01/2025-12/2025,2025,PACE,Alameda,WelbeHealth Bay Area,WelbeHealth Bay Area,Non-Dual - UIS Federal,831.3,875.5,923.57,1287.39
01/2025-12/2025,2025,PACE,Alameda,WelbeHealth Bay Area,WelbeHealth Bay Area,Full-Dual - UIS State-Only,6265.12,6594.15,6951.97,7718.03
01/2025-12/2025,2025,PACE,Alameda,WelbeHealth Bay Area,WelbeHealth Bay Area,Non-Dual - UIS State-Only,6726.01,7083.59,7472.5,10416.19
01/2025-12/2025,2025,PACE,Alameda,WelbeHealth Bay Area,WelbeHealth Bay Area,Full-Dual - SIS,6458.88,6798.1,7166.98,7956.73
01/2025-12/2025,2025,PACE,Alameda,WelbeHealth Bay Area,WelbeHealth Bay Area,Non-Dual - SIS,7557.32,7959.08,8396.07,11703.58
01/2025-12/2025,2025,PACE,Santa Clara,WelbeHealth Bay Area,WelbeHealth Bay Area,Full-Dual - UIS Federal,193.77,203.94,215.01,238.7
01/2025-12/2025,2025,PACE,Santa Clara,WelbeHealth Bay Area,WelbeHealth Bay Area,Non-Dual - UIS Federal,831.3,875.5,923.57,1287.39
01/2025-12/2025,2025,PACE,Santa Clara,WelbeHealth Bay Area,WelbeHealth Bay Area,Full-Dual - UIS State-Only,6265.12,6594.15,6951.97,7718.03
01/2025-12/2025,2025,PACE,Santa Clara,WelbeHealth Bay Area,WelbeHealth Bay Area,Non-Dual - UIS State-Only,6726.01,7083.59,7472.5,10416.19
01/2025-12/2025,2025,PACE,Santa Clara,WelbeHealth Bay Area,WelbeHealth Bay Area,Full-Dual - SIS,6458.88,6798.1,7166.98,7956.73
01/2025-12/2025,2025,PACE,Santa Clara,WelbeHealth Bay Area,WelbeHealth Bay Area,Non-Dual - SIS,7557.32,7959.08,8396.07,11703.58
01/2025-12/2025,2025,PACE,Riverside,Loma Linda University Health,Loma Linda University Health,Full-Dual - UIS Federal,144.03,151.53,159.68,170.39
01/2025-12/2025,2025,PACE,Riverside,Loma Linda University Health,Loma Linda University Health,Non-Dual - UIS Federal,820.06,863.24,910.2,1203.8
01/2025-12/2025,2025,PACE,Riverside,Loma Linda University Health,Loma Linda University Health,Full-Dual - UIS State-Only,4656.92,4899.32,5162.88,5509.3
01/2025-12/2025,2025,PACE,Riverside,Loma Linda University Health,Loma Linda University Health,Non-Dual - UIS State-Only,6635.03,6984.42,7364.38,9739.83
01/2025-12/2025,2025,PACE,Riverside,Loma Linda University Health,Loma Linda University Health,Full-Dual - SIS,4800.95,5050.84,5322.56,5679.69
01/2025-12/2025,2025,PACE,Riverside,Loma Linda University Health,Loma Linda University Health,Non-Dual - SIS,7455.09,7847.66,8274.58,10943.63
01/2025-12/2025,2025,PACE,San Bernardino,Loma Linda University Health,Loma Linda University Health,Full-Dual - UIS Federal,144.03,151.53,159.68,170.39
01/2025-12/2025,2025,PACE,San Bernardino,Loma Linda University Health,Loma Linda University Health,Non-Dual - UIS Federal,820.06,863.24,910.2,1203.8
01/2025-12/2025,2025,PACE,San Bernardino,Loma Linda University Health,Loma Linda University Health,Full-Dual - UIS State-Only,4656.92,4899.32,5162.88,5509.3
01/2025-12/2025,2025,PACE,San Bernardino,Loma Linda University Health,Loma Linda University Health,Non-Dual - UIS State-Only,6635.03,6984.42,7364.38,9739.83
01/2025-12/2025,2025,PACE,San Bernardino,Loma Linda University Health,Loma Linda University Health,Full-Dual - SIS,4800.95,5050.84,5322.56,5679.69
01/2025-12/2025,2025,PACE,San Bernardino,Loma Linda University Health,Loma Linda University Health,Non-Dual - SIS,7455.09,7847.66,8274.58,10943.63
01/2025-12/2025,2025,PACE,Fresno,Valley PACE,Valley PACE,Full-Dual - UIS Federal,138.24,145.45,153.28,175.77
01/2025-12/2025,2025,PACE,Fresno,Valley PACE,Valley PACE,Non-Dual - UIS Federal,789.21,830.81,876.06,1036.16
01/2025-12/2025,2025,PACE,Fresno,Valley PACE,Valley PACE,Full-Dual - UIS State-Only,4469.85,4702.81,4956.12,5683.25
01/2025-12/2025,2025,PACE,Fresno,Valley PACE,Valley PACE,Non-Dual - UIS State-Only,6385.39,6722.03,7088.14,8383.52
01/2025-12/2025,2025,PACE,Fresno,Valley PACE,Valley PACE,Full-Dual - SIS,4608.09,4848.26,5109.4,5859.02
01/2025-12/2025,2025,PACE,Fresno,Valley PACE,Valley PACE,Non-Dual - SIS,7174.6,7552.85,7964.2,9419.68
01/2025-12/2025,2025,PACE,Madera,Valley PACE,Valley PACE,Full-Dual - UIS Federal,138.24,145.45,153.28,175.77
01/2025-12/2025,2025,PACE,Madera,Valley PACE,Valley PACE,Non-Dual - UIS Federal,789.21,830.81,876.06,1036.16
01/2025-12/2025,2025,PACE,Madera,Valley PACE,Valley PACE,Full-Dual - UIS State-Only,4469.85,4702.81,4956.12,5683.25
01/2025-12/2025,2025,PACE,Madera,Valley PACE,Valley PACE,Non-Dual - UIS State-Only,6385.39,6722.03,7088.14,8383.52
01/2025-12/2025,2025,PACE,Madera,Valley PACE,Valley PACE,Full-Dual - SIS,4608.09,4848.26,5109.4,5859.02
01/2025-12/2025,2025,PACE,Madera,Valley PACE,Valley PACE,Non-Dual - SIS,7174.6,7552.85,7964.2,9419.68
01/2025-12/2025,2025,PACE,Riverside,WelbeHealth Inland Empire PACE,WelbeHealth Inland Empire PACE,Full-Dual - UIS Federal,144.88,152.42,160.62,170.39
01/2025-12/2025,2025,PACE,Riverside,WelbeHealth Inland Empire PACE,WelbeHealth Inland Empire PACE,Non-Dual - UIS Federal,824.9,868.33,915.57,1203.8
01/2025-12/2025,2025,PACE,Riverside,WelbeHealth Inland Empire PACE,WelbeHealth Inland Empire PACE,Full-Dual - UIS State-Only,4684.39,4928.22,5193.34,5509.3
01/2025-12/2025,2025,PACE,Riverside,WelbeHealth Inland Empire PACE,WelbeHealth Inland Empire PACE,Non-Dual - UIS State-Only,6674.17,7025.62,7407.82,9739.83
01/2025-12/2025,2025,PACE,Riverside,WelbeHealth Inland Empire PACE,WelbeHealth Inland Empire PACE,Full-Dual - SIS,4829.27,5080.64,5353.96,5679.69
01/2025-12/2025,2025,PACE,Riverside,WelbeHealth Inland Empire PACE,WelbeHealth Inland Empire PACE,Non-Dual - SIS,7499.07,7893.95,8323.39,10943.63
01/2025-12/2025,2025,PACE,San Bernardino,WelbeHealth Inland Empire PACE,WelbeHealth Inland Empire PACE,Full-Dual - UIS Federal,144.88,152.42,160.62,170.39
01/2025-12/2025,2025,PACE,San Bernardino,WelbeHealth Inland Empire PACE,WelbeHealth Inland Empire PACE,Non-Dual - UIS Federal,824.9,868.33,915.57,1203.8
01/2025-12/2025,2025,PACE,San Bernardino,WelbeHealth Inland Empire PACE,WelbeHealth Inland Empire PACE,Full-Dual - UIS State-Only,4684.39,4928.22,5193.34,5509.3
01/2025-12/2025,2025,PACE,San Bernardino,WelbeHealth Inland Empire PACE,WelbeHealth Inland Empire PACE,Non-Dual - UIS State-Only,6674.17,7025.62,7407.82,9739.83
01/2025-12/2025,2025,PACE,San Bernardino,WelbeHealth Inland Empire PACE,WelbeHealth Inland Empire PACE,Full-Dual - SIS,4829.27,5080.64,5353.96,5679.69
01/2025-12/2025,2025,PACE,San Bernardino,WelbeHealth Inland Empire PACE,WelbeHealth Inland Empire PACE,Non-Dual - SIS,7499.07,7893.95,8323.39,10943.63
01/2025-12/2025,2025,PACE,Kings,Family Health Care Network (FHCN),Family Health Care Network (FHCN),Full-Dual - UIS Federal,143.75,151.24,159.39,173.62
01/2025-12/2025,2025,PACE,Kings,Family Health Care Network (FHCN),Family Health Care Network (FHCN),Non-Dual - UIS Federal,819.88,863.1,910.11,1050.63
01/2025-12/2025,2025,PACE,Kings,Family Health Care Network (FHCN),Family Health Care Network (FHCN),Full-Dual - UIS State-Only,4647.89,4890.1,5153.48,5613.86
01/2025-12/2025,2025,PACE,Kings,Family Health Care Network (FHCN),Family Health Care Network (FHCN),Non-Dual - UIS State-Only,6633.56,6983.28,7363.6,8500.59
01/2025-12/2025,2025,PACE,Kings,Family Health Care Network (FHCN),Family Health Care Network (FHCN),Full-Dual - SIS,4791.64,5041.34,5312.86,5787.48
01/2025-12/2025,2025,PACE,Kings,Family Health Care Network (FHCN),Family Health Care Network (FHCN),Non-Dual - SIS,7453.44,7846.38,8273.71,9551.22
01/2025-12/2025,2025,PACE,Tulare,Family Health Care Network (FHCN),Family Health Care Network (FHCN),Full-Dual - UIS Federal,143.75,151.24,159.39,173.62
01/2025-12/2025,2025,PACE,Tulare,Family Health Care Network (FHCN),Family Health Care Network (FHCN),Non-Dual - UIS Federal,819.88,863.1,910.11,1050.63
01/2025-12/2025,2025,PACE,Tulare,Family Health Care Network (FHCN),Family Health Care Network (FHCN),Full-Dual - UIS State-Only,4647.89,4890.1,5153.48,5613.86
01/2025-12/2025,2025,PACE,Tulare,Family Health Care Network (FHCN),Family Health Care Network (FHCN),Non-Dual - UIS State-Only,6633.56,6983.28,7363.6,8500.59
01/2025-12/2025,2025,PACE,Tulare,Family Health Care Network (FHCN),Family Health Care Network (FHCN),Full-Dual - SIS,4791.64,5041.34,5312.86,5787.48
01/2025-12/2025,2025,PACE,Tulare,Family Health Care Network (FHCN),Family Health Care Network (FHCN),Non-Dual - SIS,7453.44,7846.38,8273.71,9551.22
01/2025-12/2025,2025,PACE,San Bernardino,High Desert PACE,High Desert PACE,Full-Dual - UIS Federal,149.48,157.26,165.72,191.62
01/2025-12/2025,2025,PACE,San Bernardino,High Desert PACE,High Desert PACE,Non-Dual - UIS Federal,851.4,896.25,945.03,1083.42
01/2025-12/2025,2025,PACE,San Bernardino,High Desert PACE,High Desert PACE,Full-Dual - UIS State-Only,4833.04,5084.71,5358.37,6195.72
01/2025-12/2025,2025,PACE,San Bernardino,High Desert PACE,High Desert PACE,Non-Dual - UIS State-Only,6888.58,7251.48,7646.14,8765.85
01/2025-12/2025,2025,PACE,San Bernardino,High Desert PACE,High Desert PACE,Full-Dual - SIS,4982.52,5241.97,5524.09,6387.34
01/2025-12/2025,2025,PACE,San Bernardino,High Desert PACE,High Desert PACE,Non-Dual - SIS,7739.98,8147.73,8591.17,9849.27
01/2025-12/2025,2025,PACE,Los Angeles,High Desert PACE,High Desert PACE,Full-Dual - UIS Federal,149.48,157.26,165.72,191.62
01/2025-12/2025,2025,PACE,Los Angeles,High Desert PACE,High Desert PACE,Non-Dual - UIS Federal,851.4,896.25,945.03,1083.42
01/2025-12/2025,2025,PACE,Los Angeles,High Desert PACE,High Desert PACE,Full-Dual - UIS State-Only,4833.04,5084.71,5358.37,6195.72
01/2025-12/2025,2025,PACE,Los Angeles,High Desert PACE,High Desert PACE,Non-Dual - UIS State-Only,6888.58,7251.48,7646.14,8765.85
01/2025-12/2025,2025,PACE,Los Angeles,High Desert PACE,High Desert PACE,Full-Dual - SIS,4982.52,5241.97,5524.09,6387.34
01/2025-12/2025,2025,PACE,Los Angeles,High Desert PACE,High Desert PACE,Non-Dual - SIS,7739.98,8147.73,8591.17,9849.27
01/2025-12/2025,2025,PACE,Los Angeles,Seen Health PACE,Seen Health PACE,Full-Dual - UIS Federal,140.73,148.05,156.02,196.18
01/2025-12/2025,2025,PACE,Los Angeles,Seen Health PACE,Seen Health PACE,Non-Dual - UIS Federal,888.53,935.5,986.57,1045.74
01/2025-12/2025,2025,PACE,Los Angeles,Seen Health PACE,Seen Health PACE,Full-Dual - UIS State-Only,4550.25,4787.11,5044.66,6343.2
01/2025-12/2025,2025,PACE,Los Angeles,Seen Health PACE,Seen Health PACE,Non-Dual - UIS State-Only,7189.01,7569.01,7982.28,8461.03
01/2025-12/2025,2025,PACE,Los Angeles,Seen Health PACE,Seen Health PACE,Full-Dual - SIS,4690.97,4935.16,5200.68,6539.38
01/2025-12/2025,2025,PACE,Los Angeles,Seen Health PACE,Seen Health PACE,Non-Dual - SIS,8077.54,8504.51,8968.86,9506.77
01/2025-12/2025,2025,PACE,Merced,Golden Valley Health Centers,Golden Valley Health Centers,Full-Dual - UIS Federal,163.99,172.53,181.81,195.21
01/2025-12/2025,2025,PACE,Merced,Golden Valley Health Centers,Golden Valley Health Centers,Non-Dual - UIS Federal,956.99,1007.96,1063.41,1201.38
01/2025-12/2025,2025,PACE,Merced,Golden Valley Health Centers,Golden Valley Health Centers,Full-Dual - UIS State-Only,5302.31,5578.34,5878.48,6311.91
01/2025-12/2025,2025,PACE,Merced,Golden Valley Health Centers,Golden Valley Health Centers,Non-Dual - UIS State-Only,7742.9,8155.34,8603.95,9720.26
01/2025-12/2025,2025,PACE,Merced,Golden Valley Health Centers,Golden Valley Health Centers,Full-Dual - SIS,5466.3,5750.87,6060.29,6507.12
01/2025-12/2025,2025,PACE,Merced,Golden Valley Health Centers,Golden Valley Health Centers,Non-Dual - SIS,8699.89,9163.31,9667.35,10921.64
01/2025-12/2025,2025,PACE,Los Angeles,Chinatown Service Center PACE,Chinatown Service Center PACE,Full-Dual - UIS Federal,140.73,148.05,156.02,196.18
01/2025-12/2025,2025,PACE,Los Angeles,Chinatown Service Center PACE,Chinatown Service Center PACE,Non-Dual - UIS Federal,888.53,935.5,986.57,1045.74
01/2025-12/2025,2025,PACE,Los Angeles,Chinatown Service Center PACE,Chinatown Service Center PACE,Full-Dual - UIS State-Only,4550.25,4787.11,5044.66,6343.2
01/2025-12/2025,2025,PACE,Los Angeles,Chinatown Service Center PACE,Chinatown Service Center PACE,Non-Dual - UIS State-Only,7189.01,7569.01,7982.28,8461.03
01/2025-12/2025,2025,PACE,Los Angeles,Chinatown Service Center PACE,Chinatown Service Center PACE,Full-Dual - SIS,4690.97,4935.16,5200.68,6539.38
01/2025-12/2025,2025,PACE,Los Angeles,Chinatown Service Center PACE,Chinatown Service Center PACE,Non-Dual - SIS,8077.54,8504.51,8968.86,9506.77
01/2025-12/2025,2025,PACE,Los Angeles,1818 Western LLC,1818 Western LLC,Full-Dual - UIS Federal,140.73,148.05,156.02,196.18
01/2025-12/2025,2025,PACE,Los Angeles,1818 Western LLC,1818 Western LLC,Non-Dual - UIS Federal,888.53,935.5,986.57,1045.74
01/2025-12/2025,2025,PACE,Los Angeles,1818 Western LLC,1818 Western LLC,Full-Dual - UIS State-Only,4550.25,4787.11,5044.66,6343.2
01/2025-12/2025,2025,PACE,Los Angeles,1818 Western LLC,1818 Western LLC,Non-Dual - UIS State-Only,7189.01,7569.01,7982.28,8461.03
01/2025-12/2025,2025,PACE,Los Angeles,1818 Western LLC,1818 Western LLC,Full-Dual - SIS,4690.97,4935.16,5200.68,6539.38
01/2025-12/2025,2025,PACE,Los Angeles,1818 Western LLC,1818 Western LLC,Non-Dual - SIS,8077.54,8504.51,8968.86,9506.77
01/2025-12/2025,2025,PACE,Riverside,WelbeHealth San Bernardino PACE,WelbeHealth San Bernardino PACE,Full-Dual - UIS Federal,147.17,154.99,163.51,170.39
01/2025-12/2025,2025,PACE,Riverside,WelbeHealth San Bernardino PACE,WelbeHealth San Bernardino PACE,Non-Dual - UIS Federal,839.57,884.78,933.97,1203.8
01/2025-12/2025,2025,PACE,Riverside,WelbeHealth San Bernardino PACE,WelbeHealth San Bernardino PACE,Full-Dual - UIS State-Only,4758.43,5011.48,5286.75,5509.3
01/2025-12/2025,2025,PACE,Riverside,WelbeHealth San Bernardino PACE,WelbeHealth San Bernardino PACE,Non-Dual - UIS State-Only,6792.92,7158.69,7556.64,9739.83
01/2025-12/2025,2025,PACE,Riverside,WelbeHealth San Bernardino PACE,WelbeHealth San Bernardino PACE,Full-Dual - SIS,4905.6,5166.48,5450.26,5679.69
01/2025-12/2025,2025,PACE,Riverside,WelbeHealth San Bernardino PACE,WelbeHealth San Bernardino PACE,Non-Dual - SIS,7632.49,8043.47,8490.61,10943.63
01/2025-12/2025,2025,PACE,San Bernardino,WelbeHealth San Bernardino PACE,WelbeHealth San Bernardino PACE,Full-Dual - UIS Federal,147.17,154.99,163.51,170.39
01/2025-12/2025,2025,PACE,San Bernardino,WelbeHealth San Bernardino PACE,WelbeHealth San Bernardino PACE,Non-Dual - UIS Federal,839.57,884.78,933.97,1203.8
01/2025-12/2025,2025,PACE,San Bernardino,WelbeHealth San Bernardino PACE,WelbeHealth San Bernardino PACE,Full-Dual - UIS State-Only,4758.43,5011.48,5286.75,5509.3
01/2025-12/2025,2025,PACE,San Bernardino,WelbeHealth San Bernardino PACE,WelbeHealth San Bernardino PACE,Non-Dual - UIS State-Only,6792.92,7158.69,7556.64,9739.83
01/2025-12/2025,2025,PACE,San Bernardino,WelbeHealth San Bernardino PACE,WelbeHealth San Bernardino PACE,Full-Dual - SIS,4905.6,5166.48,5450.26,5679.69
01/2025-12/2025,2025,PACE,San Bernardino,WelbeHealth San Bernardino PACE,WelbeHealth San Bernardino PACE,Non-Dual - SIS,7632.49,8043.47,8490.61,10943.63
01/2025-12/2025,2025,PACE,Los Angeles,K-Day PACE,K-Day PACE,Full-Dual - UIS Federal,142.0,149.55,157.77,196.18
01/2025-12/2025,2025,PACE,Los Angeles,K-Day PACE,K-Day PACE,Non-Dual - UIS Federal,898.07,946.63,999.46,1045.74
01/2025-12/2025,2025,PACE,Los Angeles,K-Day PACE,K-Day PACE,Full-Dual - UIS State-Only,4591.29,4835.48,5101.1,6343.2
01/2025-12/2025,2025,PACE,Los Angeles,K-Day PACE,K-Day PACE,Non-Dual - UIS State-Only,7266.24,7659.1,8086.53,8461.03
01/2025-12/2025,2025,PACE,Los Angeles,K-Day PACE,K-Day PACE,Full-Dual - SIS,4733.29,4985.03,5258.86,6539.38
01/2025-12/2025,2025,PACE,Los Angeles,K-Day PACE,K-Day PACE,Non-Dual - SIS,8164.32,8605.72,9085.99,9506.77
01/2025-12/2025,2025,PACE,Sacramento,WelbeHealth Sierra,WelbeHealth Sierra,Full-Dual - UIS Federal,194.0,204.3,215.51,205.49
01/2025-12/2025,2025,PACE,Sacramento,WelbeHealth Sierra,WelbeHealth Sierra,Non-Dual - UIS Federal,1123.77,1185.0,1251.64,1139.27
01/2025-12/2025,2025,PACE,Sacramento,WelbeHealth Sierra,WelbeHealth Sierra,Full-Dual - UIS State-Only,6272.55,6605.75,6968.2,6644.17
01/2025-12/2025,2025,PACE,Sacramento,WelbeHealth Sierra,WelbeHealth Sierra,Non-Dual - UIS State-Only,9092.31,9587.76,10126.89,9217.72
01/2025-12/2025,2025,PACE,Sacramento,WelbeHealth Sierra,WelbeHealth Sierra,Full-Dual - SIS,6466.55,6810.06,7183.71,6849.66
01/2025-12/2025,2025,PACE,Sacramento,WelbeHealth Sierra,WelbeHealth Sierra,Non-Dual - SIS,10216.07,10772.76,11378.53,10356.99
01/2025-12/2025,2025,PACE,Orange,360 PACE of Orange,360 PACE of Orange,Full-Dual - UIS Federal,147.67,155.51,164.05,185.62
01/2025-12/2025,2025,PACE,Orange,360 PACE of Orange,360 PACE of Orange,Non-Dual - UIS Federal,929.26,979.46,1034.08,1195.88
01/2025-12/2025,2025,PACE,Orange,360 PACE of Orange,360 PACE of Orange,Full-Dual - UIS State-Only,4774.65,5028.3,5304.2,6001.64
01/2025-12/2025,2025,PACE,Orange,360 PACE of Orange,360 PACE of Orange,Non-Dual - UIS State-Only,7518.53,7924.71,8366.65,9675.79
01/2025-12/2025,2025,PACE,Orange,360 PACE of Orange,360 PACE of Orange,Full-Dual - SIS,4922.32,5183.81,5468.25,6187.26
01/2025-12/2025,2025,PACE,Orange,360 PACE of Orange,360 PACE of Orange,Non-Dual - SIS,8447.79,8904.17,9400.73,10871.67
01/2025-12/2025,2025,PACE,Los Angeles,MyPlace South LA,MyPlace South LA,Full-Dual - UIS Federal,142.0,149.55,157.77,196.18
01/2025-12/2025,2025,PACE,Los Angeles,MyPlace South LA,MyPlace South LA,Non-Dual - UIS Federal,898.07,946.63,999.46,1045.74
01/2025-12/2025,2025,PACE,Los Angeles,MyPlace South LA,MyPlace South LA,Full-Dual - UIS State-Only,4591.29,4835.48,5101.1,6343.2
01/2025-12/2025,2025,PACE,Los Angeles,MyPlace South LA,MyPlace South LA,Non-Dual - UIS State-Only,7266.24,7659.1,8086.53,8461.03
01/2025-12/2025,2025,PACE,Los Angeles,MyPlace South LA,MyPlace South LA,Full-Dual - SIS,4733.29,4985.03,5258.86,6539.38
01/2025-12/2025,2025,PACE,Los Angeles,MyPlace South LA,MyPlace South LA,Non-Dual - SIS,8164.32,8605.72,9085.99,9506.77
01/2025-12/2025,2025,PACE,Sacramento,Tungsten Health PACE,Tungsten Health PACE,Full-Dual - UIS Federal,185.4,195.05,205.54,199.94
01/2025-12/2025,2025,PACE,Sacramento,Tungsten Health PACE,Tungsten Health PACE,Non-Dual - UIS Federal,1076.04,1133.35,1195.68,1164.4
01/2025-12/2025,2025,PACE,Sacramento,Tungsten Health PACE,Tungsten Health PACE,Full-Dual - UIS State-Only,5994.73,6306.6,6645.71,6464.7
01/2025-12/2025,2025,PACE,Sacramento,Tungsten Health PACE,Tungsten Health PACE,Non-Dual - UIS State-Only,8706.15,9169.8,9674.11,9421.08
01/2025-12/2025,2025,PACE,Sacramento,Tungsten Health PACE,Tungsten Health PACE,Full-Dual - SIS,6180.14,6501.65,6851.24,6664.64
01/2025-12/2025,2025,PACE,Sacramento,Tungsten Health PACE,Tungsten Health PACE,Non-Dual - SIS,9782.19,10303.15,10869.78,10585.48
01/2025-12/2025,2025,PACE,Placer,Tungsten Health PACE,Tungsten Health PACE,Full-Dual - UIS Federal,185.4,195.05,205.54,199.94
01/2025-12/2025,2025,PACE,Placer,Tungsten Health PACE,Tungsten Health PACE,Non-Dual - UIS Federal,1076.04,1133.35,1195.68,1164.4
01/2025-12/2025,2025,PACE,Placer,Tungsten Health PACE,Tungsten Health PACE,Full-Dual - UIS State-Only,5994.73,6306.6,6645.71,6464.7
01/2025-12/2025,2025,PACE,Placer,Tungsten Health PACE,Tungsten Health PACE,Non-Dual - UIS State-Only,8706.15,9169.8,9674.11,9421.08
01/2025-12/2025,2025,PACE,Placer,Tungsten Health PACE,Tungsten Health PACE,Full-Dual - SIS,6180.14,6501.65,6851.24,6664.64
01/2025-12/2025,2025,PACE,Placer,Tungsten Health PACE,Tungsten Health PACE,Non-Dual - SIS,9782.19,10303.15,10869.78,10585.48
01/2025-12/2025,2025,PACE,Sutter,Tungsten Health PACE,Tungsten Health PACE,Full-Dual - UIS Federal,185.4,195.05,205.54,199.94
01/2025-12/2025,2025,PACE,Sutter,Tungsten Health PACE,Tungsten Health PACE,Non-Dual - UIS Federal,1076.04,1133.35,1195.68,1164.4
01/2025-12/2025,2025,PACE,Sutter,Tungsten Health PACE,Tungsten Health PACE,Full-Dual - UIS State-Only,5994.73,6306.6,6645.71,6464.7
01/2025-12/2025,2025,PACE,Sutter,Tungsten Health PACE,Tungsten Health PACE,Non-Dual - UIS State-Only,8706.15,9169.8,9674.11,9421.08
01/2025-12/2025,2025,PACE,Sutter,Tungsten Health PACE,Tungsten Health PACE,Full-Dual - SIS,6180.14,6501.65,6851.24,6664.64
01/2025-12/2025,2025,PACE,Sutter,Tungsten Health PACE,Tungsten Health PACE,Non-Dual - SIS,9782.19,10303.15,10869.78,10585.48
01/2025-12/2025,2025,PACE,Los Angeles,Complete Care PACE,Complete Care PACE,Full-Dual - UIS Federal,142.0,149.55,157.77,196.18
01/2025-12/2025,2025,PACE,Los Angeles,Complete Care PACE,Complete Care PACE,Non-Dual - UIS Federal,898.07,946.63,999.46,1045.74
01/2025-12/2025,2025,PACE,Los Angeles,Complete Care PACE,Complete Care PACE,Full-Dual - UIS State-Only,4591.29,4835.48,5101.1,6343.2
01/2025-12/2025,2025,PACE,Los Angeles,Complete Care PACE,Complete Care PACE,Non-Dual - UIS State-Only,7266.24,7659.1,8086.53,8461.03
01/2025-12/2025,2025,PACE,Los Angeles,Complete Care PACE,Complete Care PACE,Full-Dual - SIS,4733.29,4985.03,5258.86,6539.38
01/2025-12/2025,2025,PACE,Los Angeles,Complete Care PACE,Complete Care PACE,Non-Dual - SIS,8164.32,8605.72,9085.99,9506.77
01/2026-12/2026,2026,PACE,Los Angeles,AltaMed Health Services Corporation,AltaMed Health Services Corporation,Full-Dual - UIS State-Only,5125.25,5388.91,5675.55,6483.05
01/2026-12/2026,2026,PACE,Los Angeles,AltaMed Health Services Corporation,AltaMed Health Services Corporation,Non-Dual - UIS State-Only,6968.68,7332.77,7728.68,8751.78
01/2026-12/2026,2026,PACE,Los Angeles,AltaMed Health Services Corporation,AltaMed Health Services Corporation,Full-Dual - SIS,5283.77,5555.58,5851.08,6683.56
01/2026-12/2026,2026,PACE,Los Angeles,AltaMed Health Services Corporation,AltaMed Health Services Corporation,Non-Dual - SIS,7918.96,8332.7,8782.59,9945.21
01/2026-12/2026,2026,PACE,Los Angeles,AltaMed Health Services Corporation,AltaMed Health Services Corporation,Full-Dual - UIS Federal,158.51,166.67,175.53,200.51
01/2026-12/2026,2026,PACE,Los Angeles,AltaMed Health Services Corporation,AltaMed Health Services Corporation,Non-Dual - UIS Federal,950.27,999.92,1053.91,1193.42
01/2026-12/2026,2026,PACE,Orange,AltaMed Health Services Corporation,AltaMed Health Services Corporation,Full-Dual - UIS State-Only,5174.69,5446.3,5741.68,6216.15
01/2026-12/2026,2026,PACE,Orange,AltaMed Health Services Corporation,AltaMed Health Services Corporation,Non-Dual - UIS State-Only,7323.99,7711.66,8133.29,9299.84
01/2026-12/2026,2026,PACE,Orange,AltaMed Health Services Corporation,AltaMed Health Services Corporation,Full-Dual - SIS,5334.73,5614.75,5919.26,6408.4
01/2026-12/2026,2026,PACE,Orange,AltaMed Health Services Corporation,AltaMed Health Services Corporation,Non-Dual - SIS,8322.71,8763.25,9242.38,10568.0
01/2026-12/2026,2026,PACE,Orange,AltaMed Health Services Corporation,AltaMed Health Services Corporation,Full-Dual - UIS Federal,160.04,168.44,177.58,192.25
01/2026-12/2026,2026,PACE,Orange,AltaMed Health Services Corporation,AltaMed Health Services Corporation,Non-Dual - UIS Federal,998.73,1051.59,1109.09,1268.16
01/2026-12/2026,2026,PACE,Riverside,AltaMed Health Services Corporation,AltaMed Health Services Corporation,Full-Dual - UIS State-Only,5389.47,5669.14,5973.22,6001.23
01/2026-12/2026,2026,PACE,Riverside,AltaMed Health Services Corporation,AltaMed Health Services Corporation,Non-Dual - UIS State-Only,7089.75,7462.42,7867.69,10056.91
01/2026-12/2026,2026,PACE,Riverside,AltaMed Health Services Corporation,AltaMed Health Services Corporation,Full-Dual - SIS,5556.16,5844.47,6157.96,6186.83
01/2026-12/2026,2026,PACE,Riverside,AltaMed Health Services Corporation,AltaMed Health Services Corporation,Non-Dual - SIS,8056.53,8480.02,8940.56,11428.31
01/2026-12/2026,2026,PACE,Riverside,AltaMed Health Services Corporation,AltaMed Health Services Corporation,Full-Dual - UIS Federal,166.68,175.33,184.74,185.61
01/2026-12/2026,2026,PACE,Riverside,AltaMed Health Services Corporation,AltaMed Health Services Corporation,Non-Dual - UIS Federal,966.78,1017.6,1072.87,1371.4
01/2026-12/2026,2026,PACE,San Bernardino,AltaMed Health Services Corporation,AltaMed Health Services Corporation,Full-Dual - UIS State-Only,5389.47,5669.14,5973.22,6001.23
01/2026-12/2026,2026,PACE,San Bernardino,AltaMed Health Services Corporation,AltaMed Health Services Corporation,Non-Dual - UIS State-Only,7089.75,7462.42,7867.69,10056.91
01/2026-12/2026,2026,PACE,San Bernardino,AltaMed Health Services Corporation,AltaMed Health Services Corporation,Full-Dual - SIS,5556.16,5844.47,6157.96,6186.83
01/2026-12/2026,2026,PACE,San Bernardino,AltaMed Health Services Corporation,AltaMed Health Services Corporation,Non-Dual - SIS,8056.53,8480.02,8940.56,11428.31
01/2026-12/2026,2026,PACE,San Bernardino,AltaMed Health Services Corporation,AltaMed Health Services Corporation,Full-Dual - UIS Federal,166.68,175.33,184.74,185.61
01/2026-12/2026,2026,PACE,San Bernardino,AltaMed Health Services Corporation,AltaMed Health Services Corporation,Non-Dual - UIS Federal,966.78,1017.6,1072.87,1371.4
01/2026-12/2026,2026,PACE,Orange,Orange County Health Authority,Orange County Health Authority,Full-Dual - UIS State-Only,4256.13,4478.44,4720.18,6216.15
01/2026-12/2026,2026,PACE,Orange,Orange County Health Authority,Orange County Health Authority,Non-Dual - UIS State-Only,7298.3,7684.51,8104.55,9299.84
01/2026-12/2026,2026,PACE,Orange,Orange County Health Authority,Orange County Health Authority,Full-Dual - SIS,4387.77,4616.95,4866.16,6408.4
01/2026-12/2026,2026,PACE,Orange,Orange County Health Authority,Orange County Health Authority,Non-Dual - SIS,8293.52,8732.4,9209.72,10568.0
01/2026-12/2026,2026,PACE,Orange,Orange County Health Authority,Orange County Health Authority,Full-Dual - UIS Federal,131.63,138.51,145.98,192.25
01/2026-12/2026,2026,PACE,Orange,Orange County Health Authority,Orange County Health Authority,Non-Dual - UIS Federal,995.22,1047.89,1105.17,1268.16
01/2026-12/2026,2026,PACE,Alameda,Coalition Center for Elders' Independence,Coalition Center for Elders' Independence,Full-Dual - UIS State-Only,6651.7,7003.17,7385.41,7897.34
01/2026-12/2026,2026,PACE,Alameda,Coalition Center for Elders' Independence,Coalition Center for Elders' Independence,Non-Dual - UIS State-Only,7148.51,7529.0,7942.85,10714.26
01/2026-12/2026,2026,PACE,Alameda,Coalition Center for Elders' Independence,Coalition Center for Elders' Independence,Full-Dual - SIS,6857.42,7219.76,7613.83,8141.59
01/2026-12/2026,2026,PACE,Alameda,Coalition Center for Elders' Independence,Coalition Center for Elders' Independence,Non-Dual - SIS,8123.31,8555.69,9025.97,12175.3
01/2026-12/2026,2026,PACE,Alameda,Coalition Center for Elders' Independence,Coalition Center for Elders' Independence,Full-Dual - UIS Federal,205.72,216.59,228.41,244.25
01/2026-12/2026,2026,PACE,Alameda,Coalition Center for Elders' Independence,Coalition Center for Elders' Independence,Non-Dual - UIS Federal,974.8,1026.68,1083.12,1461.04
01/2026-12/2026,2026,PACE,Contra Costa,Coalition Center for Elders' Independence,Coalition Center for Elders' Independence,Full-Dual - UIS State-Only,6692.25,7045.69,7430.08,7460.07
01/2026-12/2026,2026,PACE,Contra Costa,Coalition Center for Elders' Independence,Coalition Center for Elders' Independence,Non-Dual - UIS State-Only,6871.67,7237.71,7635.84,11267.03
01/2026-12/2026,2026,PACE,Contra Costa,Coalition Center for Elders' Independence,Coalition Center for Elders' Independence,Full-Dual - SIS,6899.22,7263.6,7659.88,7690.8
01/2026-12/2026,2026,PACE,Contra Costa,Coalition Center for Elders' Independence,Coalition Center for Elders' Independence,Non-Dual - SIS,7808.72,8224.67,8677.09,12803.45
01/2026-12/2026,2026,PACE,Contra Costa,Coalition Center for Elders' Independence,Coalition Center for Elders' Independence,Full-Dual - UIS Federal,206.98,217.91,229.8,230.72
01/2026-12/2026,2026,PACE,Contra Costa,Coalition Center for Elders' Independence,Coalition Center for Elders' Independence,Non-Dual - UIS Federal,937.05,986.96,1041.25,1536.41
01/2026-12/2026,2026,PACE,Merced,Golden Valley Health Centers,Golden Valley Health Centers,Full-Dual - UIS State-Only,5996.38,6307.96,6646.75,6731.56
01/2026-12/2026,2026,PACE,Merced,Golden Valley Health Centers,Golden Valley Health Centers,Non-Dual - UIS State-Only,7885.86,8304.4,8759.62,9787.68
01/2026-12/2026,2026,PACE,Merced,Golden Valley Health Centers,Golden Valley Health Centers,Full-Dual - SIS,6181.83,6503.05,6852.32,6939.75
01/2026-12/2026,2026,PACE,Merced,Golden Valley Health Centers,Golden Valley Health Centers,Non-Dual - SIS,8961.2,9436.82,9954.11,11122.36
01/2026-12/2026,2026,PACE,Merced,Golden Valley Health Centers,Golden Valley Health Centers,Full-Dual - UIS Federal,185.45,195.09,205.57,208.19
01/2026-12/2026,2026,PACE,Merced,Golden Valley Health Centers,Golden Valley Health Centers,Non-Dual - UIS Federal,1075.34,1132.42,1194.49,1334.68
01/2026-12/2026,2026,PACE,San Joaquin,Golden Valley Health Centers,Golden Valley Health Centers,Full-Dual - UIS State-Only,5878.58,6186.54,6521.43,6752.7
01/2026-12/2026,2026,PACE,San Joaquin,Golden Valley Health Centers,Golden Valley Health Centers,Non-Dual - UIS State-Only,8487.27,8938.26,9428.77,9372.29
01/2026-12/2026,2026,PACE,San Joaquin,Golden Valley Health Centers,Golden Valley Health Centers,Full-Dual - SIS,6060.4,6377.88,6723.12,6961.54
01/2026-12/2026,2026,PACE,San Joaquin,Golden Valley Health Centers,Golden Valley Health Centers,Non-Dual - SIS,9644.62,10157.11,10714.52,10650.33
01/2026-12/2026,2026,PACE,San Joaquin,Golden Valley Health Centers,Golden Valley Health Centers,Full-Dual - UIS Federal,181.81,191.34,201.69,208.85
01/2026-12/2026,2026,PACE,San Joaquin,Golden Valley Health Centers,Golden Valley Health Centers,Non-Dual - UIS Federal,1157.35,1218.85,1285.74,1278.04
01/2026-12/2026,2026,PACE,Stanislaus,Golden Valley Health Centers,Golden Valley Health Centers,Full-Dual - UIS State-Only,5878.58,6186.54,6521.43,6752.7
01/2026-12/2026,2026,PACE,Stanislaus,Golden Valley Health Centers,Golden Valley Health Centers,Non-Dual - UIS State-Only,8487.27,8938.26,9428.77,9372.29
01/2026-12/2026,2026,PACE,Stanislaus,Golden Valley Health Centers,Golden Valley Health Centers,Full-Dual - SIS,6060.4,6377.88,6723.12,6961.54
01/2026-12/2026,2026,PACE,Stanislaus,Golden Valley Health Centers,Golden Valley Health Centers,Non-Dual - SIS,9644.62,10157.11,10714.52,10650.33
01/2026-12/2026,2026,PACE,Stanislaus,Golden Valley Health Centers,Golden Valley Health Centers,Full-Dual - UIS Federal,181.81,191.34,201.69,208.85
01/2026-12/2026,2026,PACE,Stanislaus,Golden Valley Health Centers,Golden Valley Health Centers,Non-Dual - UIS Federal,1157.35,1218.85,1285.74,1278.04
01/2026-12/2026,2026,PACE,Riverside,Neighborhood Healthcare PACE,Neighborhood Healthcare PACE,Full-Dual - UIS State-Only,5499.53,5785.09,6095.57,6001.23
01/2026-12/2026,2026,PACE,Riverside,Neighborhood Healthcare PACE,Neighborhood Healthcare PACE,Non-Dual - UIS State-Only,7296.29,7679.95,8097.18,10056.91
01/2026-12/2026,2026,PACE,Riverside,Neighborhood Healthcare PACE,Neighborhood Healthcare PACE,Full-Dual - SIS,5669.62,5964.01,6284.09,6186.83
01/2026-12/2026,2026,PACE,Riverside,Neighborhood Healthcare PACE,Neighborhood Healthcare PACE,Non-Dual - SIS,8291.24,8727.21,9201.34,11428.31
01/2026-12/2026,2026,PACE,Riverside,Neighborhood Healthcare PACE,Neighborhood Healthcare PACE,Full-Dual - UIS Federal,170.09,178.92,188.52,185.61
01/2026-12/2026,2026,PACE,Riverside,Neighborhood Healthcare PACE,Neighborhood Healthcare PACE,Non-Dual - UIS Federal,994.95,1047.27,1104.16,1371.4
01/2026-12/2026,2026,PACE,San Bernardino,Neighborhood Healthcare PACE,Neighborhood Healthcare PACE,Full-Dual - UIS State-Only,5499.53,5785.09,6095.57,6001.23
01/2026-12/2026,2026,PACE,San Bernardino,Neighborhood Healthcare PACE,Neighborhood Healthcare PACE,Non-Dual - UIS State-Only,7296.29,7679.95,8097.18,10056.91
01/2026-12/2026,2026,PACE,San Bernardino,Neighborhood Healthcare PACE,Neighborhood Healthcare PACE,Full-Dual - SIS,5669.62,5964.01,6284.09,6186.83
01/2026-12/2026,2026,PACE,San Bernardino,Neighborhood Healthcare PACE,Neighborhood Healthcare PACE,Non-Dual - SIS,8291.24,8727.21,9201.34,11428.31
01/2026-12/2026,2026,PACE,San Bernardino,Neighborhood Healthcare PACE,Neighborhood Healthcare PACE,Full-Dual - UIS Federal,170.09,178.92,188.52,185.61
01/2026-12/2026,2026,PACE,San Bernardino,Neighborhood Healthcare PACE,Neighborhood Healthcare PACE,Non-Dual - UIS Federal,994.95,1047.27,1104.16,1371.4
01/2026-12/2026,2026,PACE,San Francisco,North East Medical Services (NEMS),North East Medical Services (NEMS),Full-Dual - UIS State-Only,6367.03,6701.71,7065.67,10348.99
01/2026-12/2026,2026,PACE,San Francisco,North East Medical Services (NEMS),North East Medical Services (NEMS),Non-Dual - UIS State-Only,6538.04,6885.95,7264.35,11820.72
01/2026-12/2026,2026,PACE,San Francisco,North East Medical Services (NEMS),North East Medical Services (NEMS),Full-Dual - SIS,6563.95,6908.98,7284.19,10669.06
01/2026-12/2026,2026,PACE,San Francisco,North East Medical Services (NEMS),North East Medical Services (NEMS),Non-Dual - SIS,7429.6,7824.94,8254.94,13432.64
01/2026-12/2026,2026,PACE,San Francisco,North East Medical Services (NEMS),North East Medical Services (NEMS),Full-Dual - UIS Federal,196.92,207.27,218.53,320.07
01/2026-12/2026,2026,PACE,San Francisco,North East Medical Services (NEMS),North East Medical Services (NEMS),Non-Dual - UIS Federal,891.55,938.99,990.59,1611.92
01/2026-12/2026,2026,PACE,Santa Clara,North East Medical Services (NEMS),North East Medical Services (NEMS),Full-Dual - UIS State-Only,7134.03,7509.26,7917.32,7958.6
01/2026-12/2026,2026,PACE,Santa Clara,North East Medical Services (NEMS),North East Medical Services (NEMS),Non-Dual - UIS State-Only,7454.29,7850.77,8282.0,9921.76
01/2026-12/2026,2026,PACE,Santa Clara,North East Medical Services (NEMS),North East Medical Services (NEMS),Full-Dual - SIS,7354.67,7741.51,8162.19,8204.74
01/2026-12/2026,2026,PACE,Santa Clara,North East Medical Services (NEMS),North East Medical Services (NEMS),Non-Dual - SIS,8470.78,8921.33,9411.36,11274.73
01/2026-12/2026,2026,PACE,Santa Clara,North East Medical Services (NEMS),North East Medical Services (NEMS),Full-Dual - UIS Federal,220.64,232.25,244.87,246.14
01/2026-12/2026,2026,PACE,Santa Clara,North East Medical Services (NEMS),North East Medical Services (NEMS),Non-Dual - UIS Federal,1016.49,1070.56,1129.36,1352.97
01/2026-12/2026,2026,PACE,Alameda,OnLok Senior Health Services,OnLok Senior Health Services,Full-Dual - UIS State-Only,7145.76,7518.64,7924.11,7897.34
01/2026-12/2026,2026,PACE,Alameda,OnLok Senior Health Services,OnLok Senior Health Services,Non-Dual - UIS State-Only,7668.24,8075.09,8517.6,10714.26
01/2026-12/2026,2026,PACE,Alameda,OnLok Senior Health Services,OnLok Senior Health Services,Full-Dual - SIS,7366.76,7751.18,8169.18,8141.59
01/2026-12/2026,2026,PACE,Alameda,OnLok Senior Health Services,OnLok Senior Health Services,Non-Dual - SIS,8713.91,9176.24,9679.09,12175.3
01/2026-12/2026,2026,PACE,Alameda,OnLok Senior Health Services,OnLok Senior Health Services,Full-Dual - UIS Federal,221.0,232.54,245.08,244.25
01/2026-12/2026,2026,PACE,Alameda,OnLok Senior Health Services,OnLok Senior Health Services,Non-Dual - UIS Federal,1045.67,1101.15,1161.49,1461.04
01/2026-12/2026,2026,PACE,San Francisco,OnLok Senior Health Services,OnLok Senior Health Services,Full-Dual - UIS State-Only,10147.21,10665.67,11229.26,10348.99
01/2026-12/2026,2026,PACE,San Francisco,OnLok Senior Health Services,OnLok Senior Health Services,Non-Dual - UIS State-Only,9589.65,10095.24,10645.09,11820.72
01/2026-12/2026,2026,PACE,San Francisco,OnLok Senior Health Services,OnLok Senior Health Services,Full-Dual - SIS,10461.05,10995.53,11576.56,10669.06
01/2026-12/2026,2026,PACE,San Francisco,OnLok Senior Health Services,OnLok Senior Health Services,Non-Dual - SIS,10897.33,11471.86,12096.69,13432.64
01/2026-12/2026,2026,PACE,San Francisco,OnLok Senior Health Services,OnLok Senior Health Services,Full-Dual - UIS Federal,313.83,329.87,347.3,320.07
01/2026-12/2026,2026,PACE,San Francisco,OnLok Senior Health Services,OnLok Senior Health Services,Non-Dual - UIS Federal,1307.68,1376.62,1451.6,1611.92
01/2026-12/2026,2026,PACE,Santa Clara,OnLok Senior Health Services,OnLok Senior Health Services,Full-Dual - UIS State-Only,7557.79,7951.87,8380.39,7958.6
01/2026-12/2026,2026,PACE,Santa Clara,OnLok Senior Health Services,OnLok Senior Health Services,Non-Dual - UIS State-Only,7321.2,7709.56,8131.95,9921.76
01/2026-12/2026,2026,PACE,Santa Clara,OnLok Senior Health Services,OnLok Senior Health Services,Full-Dual - SIS,7791.53,8197.81,8639.58,8204.74
01/2026-12/2026,2026,PACE,Santa Clara,OnLok Senior Health Services,OnLok Senior Health Services,Non-Dual - SIS,8319.55,8760.87,9240.85,11274.73
01/2026-12/2026,2026,PACE,Santa Clara,OnLok Senior Health Services,OnLok Senior Health Services,Full-Dual - UIS Federal,233.75,245.93,259.19,246.14
01/2026-12/2026,2026,PACE,Santa Clara,OnLok Senior Health Services,OnLok Senior Health Services,Non-Dual - UIS Federal,998.35,1051.3,1108.9,1352.97
01/2026-12/2026,2026,PACE,Napa,Collabria Care,Collabria Care,Full-Dual - UIS State-Only,6529.24,6872.55,7245.89,7133.89
01/2026-12/2026,2026,PACE,Napa,Collabria Care,Collabria Care,Non-Dual - UIS State-Only,6794.87,7156.27,7549.34,11765.76
01/2026-12/2026,2026,PACE,Napa,Collabria Care,Collabria Care,Full-Dual - SIS,6731.17,7085.1,7469.99,7354.52
01/2026-12/2026,2026,PACE,Napa,Collabria Care,Collabria Care,Non-Dual - SIS,7721.45,8132.12,8578.8,13370.18
01/2026-12/2026,2026,PACE,Napa,Collabria Care,Collabria Care,Full-Dual - UIS Federal,201.94,212.55,224.1,220.64
01/2026-12/2026,2026,PACE,Napa,Collabria Care,Collabria Care,Non-Dual - UIS Federal,926.57,975.85,1029.46,1604.42
01/2026-12/2026,2026,PACE,Solano,Collabria Care,Collabria Care,Full-Dual - UIS State-Only,6529.24,6872.55,7245.89,7133.89
01/2026-12/2026,2026,PACE,Solano,Collabria Care,Collabria Care,Non-Dual - UIS State-Only,6794.87,7156.27,7549.34,11765.76
01/2026-12/2026,2026,PACE,Solano,Collabria Care,Collabria Care,Full-Dual - SIS,6731.17,7085.1,7469.99,7354.52
01/2026-12/2026,2026,PACE,Solano,Collabria Care,Collabria Care,Non-Dual - SIS,7721.45,8132.12,8578.8,13370.18
01/2026-12/2026,2026,PACE,Solano,Collabria Care,Collabria Care,Full-Dual - UIS Federal,201.94,212.55,224.1,220.64
01/2026-12/2026,2026,PACE,Solano,Collabria Care,Collabria Care,Non-Dual - UIS Federal,926.57,975.85,1029.46,1604.42
01/2026-12/2026,2026,PACE,Sonoma,Collabria Care,Collabria Care,Full-Dual - UIS State-Only,6529.24,6872.55,7245.89,7133.89
01/2026-12/2026,2026,PACE,Sonoma,Collabria Care,Collabria Care,Non-Dual - UIS State-Only,6794.87,7156.27,7549.34,11765.76
01/2026-12/2026,2026,PACE,Sonoma,Collabria Care,Collabria Care,Full-Dual - SIS,6731.17,7085.1,7469.99,7354.52
01/2026-12/2026,2026,PACE,Sonoma,Collabria Care,Collabria Care,Non-Dual - SIS,7721.45,8132.12,8578.8,13370.18
01/2026-12/2026,2026,PACE,Sonoma,Collabria Care,Collabria Care,Full-Dual - UIS Federal,201.94,212.55,224.1,220.64
01/2026-12/2026,2026,PACE,Sonoma,Collabria Care,Collabria Care,Non-Dual - UIS Federal,926.57,975.85,1029.46,1604.42
01/2026-12/2026,2026,PACE,San Diego,Community Eldercare of San Diego,Community Eldercare of San Diego,Full-Dual - UIS State-Only,5213.03,5485.34,5781.45,6119.96
01/2026-12/2026,2026,PACE,San Diego,Community Eldercare of San Diego,Community Eldercare of San Diego,Non-Dual - UIS State-Only,7903.03,8320.87,8775.3,9528.69
01/2026-12/2026,2026,PACE,San Diego,Community Eldercare of San Diego,Community Eldercare of San Diego,Full-Dual - SIS,5374.26,5654.99,5960.26,6309.24
01/2026-12/2026,2026,PACE,San Diego,Community Eldercare of San Diego,Community Eldercare of San Diego,Non-Dual - SIS,8980.72,9455.54,9971.93,10828.06
01/2026-12/2026,2026,PACE,San Diego,Community Eldercare of San Diego,Community Eldercare of San Diego,Full-Dual - UIS Federal,161.23,169.65,178.81,189.28
01/2026-12/2026,2026,PACE,San Diego,Community Eldercare of San Diego,Community Eldercare of San Diego,Non-Dual - UIS Federal,1077.69,1134.66,1196.63,1299.37
01/2026-12/2026,2026,PACE,Sacramento,Sutter Valley Hospitals,Sutter Valley Hospitals,Full-Dual - UIS State-Only,7009.82,7369.69,7760.93,7266.1
01/2026-12/2026,2026,PACE,Sacramento,Sutter Valley Hospitals,Sutter Valley Hospitals,Non-Dual - UIS State-Only,8309.9,8749.91,9228.46,9524.48
01/2026-12/2026,2026,PACE,Sacramento,Sutter Valley Hospitals,Sutter Valley Hospitals,Full-Dual - SIS,7226.62,7597.62,8000.96,7490.82
01/2026-12/2026,2026,PACE,Sacramento,Sutter Valley Hospitals,Sutter Valley Hospitals,Non-Dual - SIS,9443.07,9943.08,10486.88,10823.28
01/2026-12/2026,2026,PACE,Sacramento,Sutter Valley Hospitals,Sutter Valley Hospitals,Full-Dual - UIS Federal,216.8,227.93,240.03,224.72
01/2026-12/2026,2026,PACE,Sacramento,Sutter Valley Hospitals,Sutter Valley Hospitals,Non-Dual - UIS Federal,1133.17,1193.17,1258.43,1298.79
01/2026-12/2026,2026,PACE,Marin,AgeWell PACE,AgeWell PACE,Full-Dual - UIS State-Only,6311.07,6642.91,7003.78,7133.89
01/2026-12/2026,2026,PACE,Marin,AgeWell PACE,AgeWell PACE,Non-Dual - UIS State-Only,6567.83,6917.15,7297.09,11765.76
01/2026-12/2026,2026,PACE,Marin,AgeWell PACE,AgeWell PACE,Full-Dual - SIS,6506.26,6848.36,7220.39,7354.52
01/2026-12/2026,2026,PACE,Marin,AgeWell PACE,AgeWell PACE,Non-Dual - SIS,7463.44,7860.4,8292.14,13370.18
01/2026-12/2026,2026,PACE,Marin,AgeWell PACE,AgeWell PACE,Full-Dual - UIS Federal,195.19,205.45,216.61,220.64
01/2026-12/2026,2026,PACE,Marin,AgeWell PACE,AgeWell PACE,Non-Dual - UIS Federal,895.61,943.25,995.06,1604.42
01/2026-12/2026,2026,PACE,Sonoma,AgeWell PACE,AgeWell PACE,Full-Dual - UIS State-Only,6311.07,6642.91,7003.78,7133.89
01/2026-12/2026,2026,PACE,Sonoma,AgeWell PACE,AgeWell PACE,Non-Dual - UIS State-Only,6567.83,6917.15,7297.09,11765.76
01/2026-12/2026,2026,PACE,Sonoma,AgeWell PACE,AgeWell PACE,Full-Dual - SIS,6506.26,6848.36,7220.39,7354.52
01/2026-12/2026,2026,PACE,Sonoma,AgeWell PACE,AgeWell PACE,Non-Dual - SIS,7463.44,7860.4,8292.14,13370.18
01/2026-12/2026,2026,PACE,Sonoma,AgeWell PACE,AgeWell PACE,Full-Dual - UIS Federal,195.19,205.45,216.61,220.64
01/2026-12/2026,2026,PACE,Sonoma,AgeWell PACE,AgeWell PACE,Non-Dual - UIS Federal,895.61,943.25,995.06,1604.42
01/2026-12/2026,2026,PACE,Alameda,WelbeHealth Bay Area,WelbeHealth Bay Area,Full-Dual - UIS State-Only,6996.45,7364.31,7764.37,7815.95
01/2026-12/2026,2026,PACE,Alameda,WelbeHealth Bay Area,WelbeHealth Bay Area,Non-Dual - UIS State-Only,7297.97,7686.07,8108.18,10561.58
01/2026-12/2026,2026,PACE,Alameda,WelbeHealth Bay Area,WelbeHealth Bay Area,Full-Dual - SIS,7212.83,7592.08,8004.5,8057.68
01/2026-12/2026,2026,PACE,Alameda,WelbeHealth Bay Area,WelbeHealth Bay Area,Non-Dual - SIS,8293.15,8734.17,9213.84,12001.8
01/2026-12/2026,2026,PACE,Alameda,WelbeHealth Bay Area,WelbeHealth Bay Area,Full-Dual - UIS Federal,216.38,227.76,240.14,241.73
01/2026-12/2026,2026,PACE,Alameda,WelbeHealth Bay Area,WelbeHealth Bay Area,Non-Dual - UIS Federal,995.18,1048.1,1105.66,1440.22
01/2026-12/2026,2026,PACE,Santa Clara,WelbeHealth Bay Area,WelbeHealth Bay Area,Full-Dual - UIS State-Only,6996.45,7364.31,7764.37,7815.95
01/2026-12/2026,2026,PACE,Santa Clara,WelbeHealth Bay Area,WelbeHealth Bay Area,Non-Dual - UIS State-Only,7297.97,7686.07,8108.18,10561.58
01/2026-12/2026,2026,PACE,Santa Clara,WelbeHealth Bay Area,WelbeHealth Bay Area,Full-Dual - SIS,7212.83,7592.08,8004.5,8057.68
01/2026-12/2026,2026,PACE,Santa Clara,WelbeHealth Bay Area,WelbeHealth Bay Area,Non-Dual - SIS,8293.15,8734.17,9213.84,12001.8
01/2026-12/2026,2026,PACE,Santa Clara,WelbeHealth Bay Area,WelbeHealth Bay Area,Full-Dual - UIS Federal,216.38,227.76,240.14,241.73
01/2026-12/2026,2026,PACE,Santa Clara,WelbeHealth Bay Area,WelbeHealth Bay Area,Non-Dual - UIS Federal,995.18,1048.1,1105.66,1440.22
01/2026-12/2026,2026,PACE,Riverside,Loma Linda University Health,Loma Linda University Health,Full-Dual - UIS State-Only,5259.53,5532.46,5829.21,6001.23
01/2026-12/2026,2026,PACE,Riverside,Loma Linda University Health,Loma Linda University Health,Non-Dual - UIS State-Only,6918.82,7282.5,7678.0,10056.91
01/2026-12/2026,2026,PACE,Riverside,Loma Linda University Health,Loma Linda University Health,Full-Dual - SIS,5422.2,5703.56,6009.49,6186.83
01/2026-12/2026,2026,PACE,Riverside,Loma Linda University Health,Loma Linda University Health,Non-Dual - SIS,7862.29,8275.57,8725.0,11428.31
01/2026-12/2026,2026,PACE,Riverside,Loma Linda University Health,Loma Linda University Health,Full-Dual - UIS Federal,162.67,171.11,180.28,185.61
01/2026-12/2026,2026,PACE,Riverside,Loma Linda University Health,Loma Linda University Health,Non-Dual - UIS Federal,943.48,993.07,1047.0,1371.4
01/2026-12/2026,2026,PACE,San Bernardino,Loma Linda University Health,Loma Linda University Health,Full-Dual - UIS State-Only,5259.53,5532.46,5829.21,6001.23
01/2026-12/2026,2026,PACE,San Bernardino,Loma Linda University Health,Loma Linda University Health,Non-Dual - UIS State-Only,6918.82,7282.5,7678.0,10056.91
01/2026-12/2026,2026,PACE,San Bernardino,Loma Linda University Health,Loma Linda University Health,Full-Dual - SIS,5422.2,5703.56,6009.49,6186.83
01/2026-12/2026,2026,PACE,San Bernardino,Loma Linda University Health,Loma Linda University Health,Non-Dual - SIS,7862.29,8275.57,8725.0,11428.31
01/2026-12/2026,2026,PACE,San Bernardino,Loma Linda University Health,Loma Linda University Health,Full-Dual - UIS Federal,162.67,171.11,180.28,185.61
01/2026-12/2026,2026,PACE,San Bernardino,Loma Linda University Health,Loma Linda University Health,Non-Dual - UIS Federal,943.48,993.07,1047.0,1371.4
01/2026-12/2026,2026,PACE,Fresno,Valley PACE,Valley PACE,Full-Dual - UIS State-Only,5150.68,5417.64,5707.9,6119.08
01/2026-12/2026,2026,PACE,Fresno,Valley PACE,Valley PACE,Non-Dual - UIS State-Only,6750.13,7104.62,7490.11,8369.02
01/2026-12/2026,2026,PACE,Fresno,Valley PACE,Valley PACE,Full-Dual - SIS,5309.98,5585.19,5884.43,6308.33
01/2026-12/2026,2026,PACE,Fresno,Valley PACE,Valley PACE,Non-Dual - SIS,7670.61,8073.43,8511.49,9510.25
01/2026-12/2026,2026,PACE,Fresno,Valley PACE,Valley PACE,Full-Dual - UIS Federal,159.3,167.56,176.53,189.25
01/2026-12/2026,2026,PACE,Fresno,Valley PACE,Valley PACE,Non-Dual - UIS Federal,920.47,968.81,1021.38,1141.23
01/2026-12/2026,2026,PACE,Madera,Valley PACE,Valley PACE,Full-Dual - UIS State-Only,5150.68,5417.64,5707.9,6119.08
01/2026-12/2026,2026,PACE,Madera,Valley PACE,Valley PACE,Non-Dual - UIS State-Only,6750.13,7104.62,7490.11,8369.02
01/2026-12/2026,2026,PACE,Madera,Valley PACE,Valley PACE,Full-Dual - SIS,5309.98,5585.19,5884.43,6308.33
01/2026-12/2026,2026,PACE,Madera,Valley PACE,Valley PACE,Non-Dual - SIS,7670.61,8073.43,8511.49,9510.25
01/2026-12/2026,2026,PACE,Madera,Valley PACE,Valley PACE,Full-Dual - UIS Federal,159.3,167.56,176.53,189.25
01/2026-12/2026,2026,PACE,Madera,Valley PACE,Valley PACE,Non-Dual - UIS Federal,920.47,968.81,1021.38,1141.23
01/2026-12/2026,2026,PACE,Riverside,WelbeHealth Inland Empire PACE,WelbeHealth Inland Empire PACE,Full-Dual - UIS State-Only,5337.35,5614.31,5915.45,6001.23
01/2026-12/2026,2026,PACE,Riverside,WelbeHealth Inland Empire PACE,WelbeHealth Inland Empire PACE,Non-Dual - UIS State-Only,7021.19,7390.25,7791.6,10056.91
01/2026-12/2026,2026,PACE,Riverside,WelbeHealth Inland Empire PACE,WelbeHealth Inland Empire PACE,Full-Dual - SIS,5502.42,5787.95,6098.41,6186.83
01/2026-12/2026,2026,PACE,Riverside,WelbeHealth Inland Empire PACE,WelbeHealth Inland Empire PACE,Non-Dual - SIS,7978.62,8398.01,8854.09,11428.31
01/2026-12/2026,2026,PACE,Riverside,WelbeHealth Inland Empire PACE,WelbeHealth Inland Empire PACE,Full-Dual - UIS Federal,165.07,173.64,182.95,185.61
01/2026-12/2026,2026,PACE,Riverside,WelbeHealth Inland Empire PACE,WelbeHealth Inland Empire PACE,Non-Dual - UIS Federal,957.43,1007.76,1062.49,1371.4
01/2026-12/2026,2026,PACE,San Bernardino,WelbeHealth Inland Empire PACE,WelbeHealth Inland Empire PACE,Full-Dual - UIS State-Only,5337.35,5614.31,5915.45,6001.23
01/2026-12/2026,2026,PACE,San Bernardino,WelbeHealth Inland Empire PACE,WelbeHealth Inland Empire PACE,Non-Dual - UIS State-Only,7021.19,7390.25,7791.6,10056.91
01/2026-12/2026,2026,PACE,San Bernardino,WelbeHealth Inland Empire PACE,WelbeHealth Inland Empire PACE,Full-Dual - SIS,5502.42,5787.95,6098.41,6186.83
01/2026-12/2026,2026,PACE,San Bernardino,WelbeHealth Inland Empire PACE,WelbeHealth Inland Empire PACE,Non-Dual - SIS,7978.62,8398.01,8854.09,11428.31
01/2026-12/2026,2026,PACE,San Bernardino,WelbeHealth Inland Empire PACE,WelbeHealth Inland Empire PACE,Full-Dual - UIS Federal,165.07,173.64,182.95,185.61
01/2026-12/2026,2026,PACE,San Bernardino,WelbeHealth Inland Empire PACE,WelbeHealth Inland Empire PACE,Non-Dual - UIS Federal,957.43,1007.76,1062.49,1371.4
01/2026-12/2026,2026,PACE,Kings,Family Health Care Network (FHCN),Family Health Care Network (FHCN),Full-Dual - UIS State-Only,5177.92,5446.36,5738.24,6024.13
01/2026-12/2026,2026,PACE,Kings,Family Health Care Network (FHCN),Family Health Care Network (FHCN),Non-Dual - UIS State-Only,6791.92,7148.66,7536.61,8454.71
01/2026-12/2026,2026,PACE,Kings,Family Health Care Network (FHCN),Family Health Care Network (FHCN),Full-Dual - SIS,5338.06,5614.81,5915.71,6210.44
01/2026-12/2026,2026,PACE,Kings,Family Health Care Network (FHCN),Family Health Care Network (FHCN),Non-Dual - SIS,7718.09,8123.48,8564.33,9607.63
01/2026-12/2026,2026,PACE,Kings,Family Health Care Network (FHCN),Family Health Care Network (FHCN),Full-Dual - UIS Federal,160.14,168.44,177.47,186.31
01/2026-12/2026,2026,PACE,Kings,Family Health Care Network (FHCN),Family Health Care Network (FHCN),Non-Dual - UIS Federal,926.17,974.82,1027.72,1152.92
01/2026-12/2026,2026,PACE,Tulare,Family Health Care Network (FHCN),Family Health Care Network (FHCN),Full-Dual - UIS State-Only,5177.92,5446.36,5738.24,6024.13
01/2026-12/2026,2026,PACE,Tulare,Family Health Care Network (FHCN),Family Health Care Network (FHCN),Non-Dual - UIS State-Only,6791.92,7148.66,7536.61,8454.71
01/2026-12/2026,2026,PACE,Tulare,Family Health Care Network (FHCN),Family Health Care Network (FHCN),Full-Dual - SIS,5338.06,5614.81,5915.71,6210.44
01/2026-12/2026,2026,PACE,Tulare,Family Health Care Network (FHCN),Family Health Care Network (FHCN),Non-Dual - SIS,7718.09,8123.48,8564.33,9607.63
01/2026-12/2026,2026,PACE,Tulare,Family Health Care Network (FHCN),Family Health Care Network (FHCN),Full-Dual - UIS Federal,160.14,168.44,177.47,186.31
01/2026-12/2026,2026,PACE,Tulare,Family Health Care Network (FHCN),Family Health Care Network (FHCN),Non-Dual - UIS Federal,926.17,974.82,1027.72,1152.92
01/2026-12/2026,2026,PACE,Los Angeles,High Desert PACE,High Desert PACE,Full-Dual - UIS State-Only,5264.67,5537.95,5835.08,6402.72
01/2026-12/2026,2026,PACE,Los Angeles,High Desert PACE,High Desert PACE,Non-Dual - UIS State-Only,6929.92,7294.29,7690.54,9120.73
01/2026-12/2026,2026,PACE,Los Angeles,High Desert PACE,High Desert PACE,Full-Dual - SIS,5427.5,5709.22,6015.55,6600.74
01/2026-12/2026,2026,PACE,Los Angeles,High Desert PACE,High Desert PACE,Non-Dual - SIS,7874.91,8288.96,8739.25,10364.47
01/2026-12/2026,2026,PACE,Los Angeles,High Desert PACE,High Desert PACE,Full-Dual - UIS Federal,162.82,171.28,180.47,198.02
01/2026-12/2026,2026,PACE,Los Angeles,High Desert PACE,High Desert PACE,Non-Dual - UIS Federal,944.99,994.68,1048.71,1243.74
01/2026-12/2026,2026,PACE,San Bernardino,High Desert PACE,High Desert PACE,Full-Dual - UIS State-Only,5264.67,5537.95,5835.08,6402.72
01/2026-12/2026,2026,PACE,San Bernardino,High Desert PACE,High Desert PACE,Non-Dual - UIS State-Only,6929.92,7294.29,7690.54,9120.73
01/2026-12/2026,2026,PACE,San Bernardino,High Desert PACE,High Desert PACE,Full-Dual - SIS,5427.5,5709.22,6015.55,6600.74
01/2026-12/2026,2026,PACE,San Bernardino,High Desert PACE,High Desert PACE,Non-Dual - SIS,7874.91,8288.96,8739.25,10364.47
01/2026-12/2026,2026,PACE,San Bernardino,High Desert PACE,High Desert PACE,Full-Dual - UIS Federal,162.82,171.28,180.47,198.02
01/2026-12/2026,2026,PACE,San Bernardino,High Desert PACE,High Desert PACE,Non-Dual - UIS Federal,944.99,994.68,1048.71,1243.74
01/2026-12/2026,2026,PACE,Los Angeles,Seen Health PACE,Seen Health PACE,Full-Dual - UIS State-Only,4975.89,5234.2,5515.07,6483.05
01/2026-12/2026,2026,PACE,Los Angeles,Seen Health PACE,Seen Health PACE,Non-Dual - UIS State-Only,7590.8,7990.89,8425.99,8751.78
01/2026-12/2026,2026,PACE,Los Angeles,Seen Health PACE,Seen Health PACE,Full-Dual - SIS,5129.78,5396.09,5685.64,6683.56
01/2026-12/2026,2026,PACE,Los Angeles,Seen Health PACE,Seen Health PACE,Non-Dual - SIS,8625.91,9080.55,9574.99,9945.21
01/2026-12/2026,2026,PACE,Los Angeles,Seen Health PACE,Seen Health PACE,Full-Dual - UIS Federal,153.89,161.88,170.57,200.51
01/2026-12/2026,2026,PACE,Los Angeles,Seen Health PACE,Seen Health PACE,Non-Dual - UIS Federal,1035.11,1089.67,1149.0,1193.42
01/2026-12/2026,2026,PACE,Los Angeles,Chinatown Service Center PACE,Chinatown Service Center PACE,Full-Dual - UIS State-Only,4975.89,5234.2,5515.07,6483.05
01/2026-12/2026,2026,PACE,Los Angeles,Chinatown Service Center PACE,Chinatown Service Center PACE,Non-Dual - UIS State-Only,7590.8,7990.89,8425.99,8751.78
01/2026-12/2026,2026,PACE,Los Angeles,Chinatown Service Center PACE,Chinatown Service Center PACE,Full-Dual - SIS,5129.78,5396.09,5685.64,6683.56
01/2026-12/2026,2026,PACE,Los Angeles,Chinatown Service Center PACE,Chinatown Service Center PACE,Non-Dual - SIS,8625.91,9080.55,9574.99,9945.21
01/2026-12/2026,2026,PACE,Los Angeles,Chinatown Service Center PACE,Chinatown Service Center PACE,Full-Dual - UIS Federal,153.89,161.88,170.57,200.51
01/2026-12/2026,2026,PACE,Los Angeles,Chinatown Service Center PACE,Chinatown Service Center PACE,Non-Dual - UIS Federal,1035.11,1089.67,1149.0,1193.42
01/2026-12/2026,2026,PACE,Riverside,WelbeHealth San Bernardino PACE,WelbeHealth San Bernardino PACE,Full-Dual - UIS State-Only,5389.47,5669.14,5973.22,6001.23
01/2026-12/2026,2026,PACE,Riverside,WelbeHealth San Bernardino PACE,WelbeHealth San Bernardino PACE,Non-Dual - UIS State-Only,7089.75,7462.42,7867.69,10056.91
01/2026-12/2026,2026,PACE,Riverside,WelbeHealth San Bernardino PACE,WelbeHealth San Bernardino PACE,Full-Dual - SIS,5556.16,5844.47,6157.96,6186.83
01/2026-12/2026,2026,PACE,Riverside,WelbeHealth San Bernardino PACE,WelbeHealth San Bernardino PACE,Non-Dual - SIS,8056.53,8480.02,8940.56,11428.31
01/2026-12/2026,2026,PACE,Riverside,WelbeHealth San Bernardino PACE,WelbeHealth San Bernardino PACE,Full-Dual - UIS Federal,166.68,175.33,184.74,185.61
01/2026-12/2026,2026,PACE,Riverside,WelbeHealth San Bernardino PACE,WelbeHealth San Bernardino PACE,Non-Dual - UIS Federal,966.78,1017.6,1072.87,1371.4
01/2026-12/2026,2026,PACE,San Bernardino,WelbeHealth San Bernardino PACE,WelbeHealth San Bernardino PACE,Full-Dual - UIS State-Only,5389.47,5669.14,5973.22,6001.23
01/2026-12/2026,2026,PACE,San Bernardino,WelbeHealth San Bernardino PACE,WelbeHealth San Bernardino PACE,Non-Dual - UIS State-Only,7089.75,7462.42,7867.69,10056.91
01/2026-12/2026,2026,PACE,San Bernardino,WelbeHealth San Bernardino PACE,WelbeHealth San Bernardino PACE,Full-Dual - SIS,5556.16,5844.47,6157.96,6186.83
01/2026-12/2026,2026,PACE,San Bernardino,WelbeHealth San Bernardino PACE,WelbeHealth San Bernardino PACE,Non-Dual - SIS,8056.53,8480.02,8940.56,11428.31
01/2026-12/2026,2026,PACE,San Bernardino,WelbeHealth San Bernardino PACE,WelbeHealth San Bernardino PACE,Full-Dual - UIS Federal,166.68,175.33,184.74,185.61
01/2026-12/2026,2026,PACE,San Bernardino,WelbeHealth San Bernardino PACE,WelbeHealth San Bernardino PACE,Non-Dual - UIS Federal,966.78,1017.6,1072.87,1371.4
01/2026-12/2026,2026,PACE,Los Angeles,K-Day PACE,K-Day PACE,Full-Dual - UIS State-Only,5012.66,5272.88,5555.82,6483.05
01/2026-12/2026,2026,PACE,Los Angeles,K-Day PACE,K-Day PACE,Non-Dual - UIS State-Only,7646.89,8049.93,8488.25,8751.78
01/2026-12/2026,2026,PACE,Los Angeles,K-Day PACE,K-Day PACE,Full-Dual - SIS,5167.69,5435.96,5727.65,6683.56
01/2026-12/2026,2026,PACE,Los Angeles,K-Day PACE,K-Day PACE,Non-Dual - SIS,8689.65,9147.65,9645.74,9945.21
01/2026-12/2026,2026,PACE,Los Angeles,K-Day PACE,K-Day PACE,Full-Dual - UIS Federal,155.03,163.08,171.83,200.51
01/2026-12/2026,2026,PACE,Los Angeles,K-Day PACE,K-Day PACE,Non-Dual - UIS Federal,1042.76,1097.72,1157.49,1193.42
01/2026-12/2026,2026,PACE,Sacramento,WelbeHealth Sierra,WelbeHealth Sierra,Full-Dual - UIS State-Only,6474.86,6811.15,7176.8,7266.1
01/2026-12/2026,2026,PACE,Sacramento,WelbeHealth Sierra,WelbeHealth Sierra,Non-Dual - UIS State-Only,8412.94,8859.71,9345.63,9524.48
01/2026-12/2026,2026,PACE,Sacramento,WelbeHealth Sierra,WelbeHealth Sierra,Full-Dual - SIS,6675.12,7021.8,7398.76,7490.82
01/2026-12/2026,2026,PACE,Sacramento,WelbeHealth Sierra,WelbeHealth Sierra,Non-Dual - SIS,9560.16,10067.85,10620.03,10823.28
01/2026-12/2026,2026,PACE,Sacramento,WelbeHealth Sierra,WelbeHealth Sierra,Full-Dual - UIS Federal,200.25,210.65,221.96,224.72
01/2026-12/2026,2026,PACE,Sacramento,WelbeHealth Sierra,WelbeHealth Sierra,Non-Dual - UIS Federal,1147.22,1208.14,1274.4,1298.79
01/2026-12/2026,2026,PACE,Los Angeles,MyPlace South LA,MyPlace South LA,Full-Dual - UIS State-Only,5012.66,5272.88,5555.82,6483.05
01/2026-12/2026,2026,PACE,Los Angeles,MyPlace South LA,MyPlace South LA,Non-Dual - UIS State-Only,7646.89,8049.93,8488.25,8751.78
01/2026-12/2026,2026,PACE,Los Angeles,MyPlace South LA,MyPlace South LA,Full-Dual - SIS,5167.69,5435.96,5727.65,6683.56
01/2026-12/2026,2026,PACE,Los Angeles,MyPlace South LA,MyPlace South LA,Non-Dual - SIS,8689.65,9147.65,9645.74,9945.21
01/2026-12/2026,2026,PACE,Los Angeles,MyPlace South LA,MyPlace South LA,Full-Dual - UIS Federal,155.03,163.08,171.83,200.51
01/2026-12/2026,2026,PACE,Los Angeles,MyPlace South LA,MyPlace South LA,Non-Dual - UIS Federal,1042.76,1097.72,1157.49,1193.42
01/2026-12/2026,2026,PACE,Placer,Tungsten Health PACE,Tungsten Health PACE,Full-Dual - UIS State-Only,6446.63,6781.48,7145.57,7132.91
01/2026-12/2026,2026,PACE,Placer,Tungsten Health PACE,Tungsten Health PACE,Non-Dual - UIS State-Only,8410.09,8856.61,9342.25,9753.74
01/2026-12/2026,2026,PACE,Placer,Tungsten Health PACE,Tungsten Health PACE,Full-Dual - SIS,6646.01,6991.22,7366.57,7353.51
01/2026-12/2026,2026,PACE,Placer,Tungsten Health PACE,Tungsten Health PACE,Non-Dual - SIS,9556.92,10064.32,10616.19,11083.8
01/2026-12/2026,2026,PACE,Placer,Tungsten Health PACE,Tungsten Health PACE,Full-Dual - UIS Federal,199.38,209.74,221.0,220.61
01/2026-12/2026,2026,PACE,Placer,Tungsten Health PACE,Tungsten Health PACE,Non-Dual - UIS Federal,1146.83,1207.72,1273.94,1330.06
01/2026-12/2026,2026,PACE,Sacramento,Tungsten Health PACE,Tungsten Health PACE,Full-Dual - UIS State-Only,6446.63,6781.48,7145.57,7132.91
01/2026-12/2026,2026,PACE,Sacramento,Tungsten Health PACE,Tungsten Health PACE,Non-Dual - UIS State-Only,8410.09,8856.61,9342.25,9753.74
01/2026-12/2026,2026,PACE,Sacramento,Tungsten Health PACE,Tungsten Health PACE,Full-Dual - SIS,6646.01,6991.22,7366.57,7353.51
01/2026-12/2026,2026,PACE,Sacramento,Tungsten Health PACE,Tungsten Health PACE,Non-Dual - SIS,9556.92,10064.32,10616.19,11083.8
01/2026-12/2026,2026,PACE,Sacramento,Tungsten Health PACE,Tungsten Health PACE,Full-Dual - UIS Federal,199.38,209.74,221.0,220.61
01/2026-12/2026,2026,PACE,Sacramento,Tungsten Health PACE,Tungsten Health PACE,Non-Dual - UIS Federal,1146.83,1207.72,1273.94,1330.06
01/2026-12/2026,2026,PACE,Sutter,Tungsten Health PACE,Tungsten Health PACE,Full-Dual - UIS State-Only,6446.63,6781.48,7145.57,7132.91
01/2026-12/2026,2026,PACE,Sutter,Tungsten Health PACE,Tungsten Health PACE,Non-Dual - UIS State-Only,8410.09,8856.61,9342.25,9753.74
01/2026-12/2026,2026,PACE,Sutter,Tungsten Health PACE,Tungsten Health PACE,Full-Dual - SIS,6646.01,6991.22,7366.57,7353.51
01/2026-12/2026,2026,PACE,Sutter,Tungsten Health PACE,Tungsten Health PACE,Non-Dual - SIS,9556.92,10064.32,10616.19,11083.8
01/2026-12/2026,2026,PACE,Sutter,Tungsten Health PACE,Tungsten Health PACE,Full-Dual - UIS Federal,199.38,209.74,221.0,220.61
01/2026-12/2026,2026,PACE,Sutter,Tungsten Health PACE,Tungsten Health PACE,Non-Dual - UIS Federal,1146.83,1207.72,1273.94,1330.06
01/2026-12/2026,2026,PACE,Los Angeles,Tungsten Health PACE,Tungsten Health PACE,Full-Dual - UIS State-Only,5049.43,5311.56,5596.57,6483.05
01/2026-12/2026,2026,PACE,Los Angeles,Tungsten Health PACE,Tungsten Health PACE,Non-Dual - UIS State-Only,7702.98,8108.98,8550.51,8751.78
01/2026-12/2026,2026,PACE,Los Angeles,Tungsten Health PACE,Tungsten Health PACE,Full-Dual - SIS,5205.59,5475.83,5769.66,6683.56
01/2026-12/2026,2026,PACE,Los Angeles,Tungsten Health PACE,Tungsten Health PACE,Non-Dual - SIS,8753.39,9214.75,9716.49,9945.21
01/2026-12/2026,2026,PACE,Los Angeles,Tungsten Health PACE,Tungsten Health PACE,Full-Dual - UIS Federal,156.17,164.27,173.09,200.51
01/2026-12/2026,2026,PACE,Los Angeles,Tungsten Health PACE,Tungsten Health PACE,Non-Dual - UIS Federal,1050.41,1105.77,1165.98,1193.42
01/2026-12/2026,2026,PACE,Los Angeles,Complete Care PACE,Complete Care PACE,Full-Dual - UIS State-Only,5123.54,5395.23,5690.74,6483.05
01/2026-12/2026,2026,PACE,Los Angeles,Complete Care PACE,Complete Care PACE,Non-Dual - UIS State-Only,7821.06,8242.58,8701.19,8751.78
01/2026-12/2026,2026,PACE,Los Angeles,Complete Care PACE,Complete Care PACE,Full-Dual - SIS,5282.0,5562.09,5866.75,6683.56
01/2026-12/2026,2026,PACE,Los Angeles,Complete Care PACE,Complete Care PACE,Non-Dual - SIS,8887.56,9366.57,9887.72,9945.21
01/2026-12/2026,2026,PACE,Los Angeles,Complete Care PACE,Complete Care PACE,Full-Dual - UIS Federal,158.46,166.86,176.0,200.51
01/2026-12/2026,2026,PACE,Los Angeles,Complete Care PACE,Complete Care PACE,Non-Dual - UIS Federal,1066.51,1123.99,1186.53,1193.42
01/2026-12/2026,2026,PACE,Los Angeles,1818 Western LLC,1818 Western LLC,Full-Dual - UIS State-Only,4975.89,5234.2,5515.07,6483.05
01/2026-12/2026,2026,PACE,Los Angeles,1818 Western LLC,1818 Western LLC,Non-Dual - UIS State-Only,7590.8,7990.89,8425.99,8751.78
01/2026-12/2026,2026,PACE,Los Angeles,1818 Western LLC,1818 Western LLC,Full-Dual - SIS,5129.78,5396.09,5685.64,6683.56
01/2026-12/2026,2026,PACE,Los Angeles,1818 Western LLC,1818 Western LLC,Non-Dual - SIS,8625.91,9080.55,9574.99,9945.21
01/2026-12/2026,2026,PACE,Los Angeles,1818 Western LLC,1818 Western LLC,Full-Dual - UIS Federal,153.89,161.88,170.57,200.51
01/2026-12/2026,2026,PACE,Los Angeles,1818 Western LLC,1818 Western LLC,Non-Dual - UIS Federal,1035.11,1089.67,1149.0,1193.42
01/2026-12/2026,2026,PACE,Los Angeles,"Brandman Centers for Senior Care, Inc.","Brandman Centers for Senior Care, Inc.",Full-Dual - UIS State-Only,5035.39,5298.14,5583.85,6483.05
01/2026-12/2026,2026,PACE,Los Angeles,"Brandman Centers for Senior Care, Inc.","Brandman Centers for Senior Care, Inc.",Non-Dual - UIS State-Only,7331.37,7718.99,8140.55,8751.78
01/2026-12/2026,2026,PACE,Los Angeles,"Brandman Centers for Senior Care, Inc.","Brandman Centers for Senior Care, Inc.",Full-Dual - SIS,5191.13,5462.0,5756.55,6683.56
01/2026-12/2026,2026,PACE,Los Angeles,"Brandman Centers for Senior Care, Inc.","Brandman Centers for Senior Care, Inc.",Non-Dual - SIS,8331.1,8771.58,9250.62,9945.21
01/2026-12/2026,2026,PACE,Los Angeles,"Brandman Centers for Senior Care, Inc.","Brandman Centers for Senior Care, Inc.",Full-Dual - UIS Federal,155.73,163.86,172.7,200.51
01/2026-12/2026,2026,PACE,Los Angeles,"Brandman Centers for Senior Care, Inc.","Brandman Centers for Senior Care, Inc.",Non-Dual - UIS Federal,999.73,1052.59,1110.07,1193.42
01/2026-12/2026,2026,PACE,San Diego,"Centro de Salud de la Comunidad de San Ysidro, Inc.","Centro de Salud de la Comunidad de San Ysidro, Inc.",Full-Dual - UIS State-Only,4693.0,4937.07,5202.46,6119.96
01/2026-12/2026,2026,PACE,San Diego,"Centro de Salud de la Comunidad de San Ysidro, Inc.","Centro de Salud de la Comunidad de San Ysidro, Inc.",Non-Dual - UIS State-Only,8771.7,9234.83,9738.5,9528.69
01/2026-12/2026,2026,PACE,San Diego,"Centro de Salud de la Comunidad de San Ysidro, Inc.","Centro de Salud de la Comunidad de San Ysidro, Inc.",Full-Dual - SIS,4838.15,5089.77,5363.36,6309.24
01/2026-12/2026,2026,PACE,San Diego,"Centro de Salud de la Comunidad de San Ysidro, Inc.","Centro de Salud de la Comunidad de San Ysidro, Inc.",Non-Dual - SIS,9967.84,10494.12,11066.48,10828.06
01/2026-12/2026,2026,PACE,San Diego,"Centro de Salud de la Comunidad de San Ysidro, Inc.","Centro de Salud de la Comunidad de San Ysidro, Inc.",Full-Dual - UIS Federal,145.14,152.69,160.9,189.28
01/2026-12/2026,2026,PACE,San Diego,"Centro de Salud de la Comunidad de San Ysidro, Inc.","Centro de Salud de la Comunidad de San Ysidro, Inc.",Non-Dual - UIS Federal,1196.14,1259.29,1327.98,1299.37
01/2026-12/2026,2026,PACE,Los Angeles,"ConcertoHealth PACE of Los Angeles, LLC","ConcertoHealth PACE of Los Angeles, LLC",Full-Dual - UIS State-Only,4902.35,5156.85,5433.56,6483.05
01/2026-12/2026,2026,PACE,Los Angeles,"ConcertoHealth PACE of Los Angeles, LLC","ConcertoHealth PACE of Los Angeles, LLC",Non-Dual - UIS State-Only,7478.62,7872.8,8301.47,8751.78
01/2026-12/2026,2026,PACE,Los Angeles,"ConcertoHealth PACE of Los Angeles, LLC","ConcertoHealth PACE of Los Angeles, LLC",Full-Dual - SIS,5053.97,5316.34,5601.61,6683.56
01/2026-12/2026,2026,PACE,Los Angeles,"ConcertoHealth PACE of Los Angeles, LLC","ConcertoHealth PACE of Los Angeles, LLC",Non-Dual - SIS,8498.44,8946.36,9433.49,9945.21
01/2026-12/2026,2026,PACE,Los Angeles,"ConcertoHealth PACE of Los Angeles, LLC","ConcertoHealth PACE of Los Angeles, LLC",Full-Dual - UIS Federal,151.62,159.49,168.05,200.51
01/2026-12/2026,2026,PACE,Los Angeles,"ConcertoHealth PACE of Los Angeles, LLC","ConcertoHealth PACE of Los Angeles, LLC",Non-Dual - UIS Federal,1019.81,1073.56,1132.02,1193.42
01/2026-12/2026,2026,PACE,San Diego,"Family Health Centers of San Diego, Inc","Family Health Centers of San Diego, Inc",Full-Dual - UIS State-Only,4438.72,4671.06,4923.7,6119.96
01/2026-12/2026,2026,PACE,San Diego,"Family Health Centers of San Diego, Inc","Family Health Centers of San Diego, Inc",Non-Dual - UIS State-Only,7452.97,7847.55,8276.69,9528.69
01/2026-12/2026,2026,PACE,San Diego,"Family Health Centers of San Diego, Inc","Family Health Centers of San Diego, Inc",Full-Dual - SIS,4576.0,4815.52,5075.98,6309.24
01/2026-12/2026,2026,PACE,San Diego,"Family Health Centers of San Diego, Inc","Family Health Centers of San Diego, Inc",Non-Dual - SIS,8469.28,8917.67,9405.33,10828.06
01/2026-12/2026,2026,PACE,San Diego,"Family Health Centers of San Diego, Inc","Family Health Centers of San Diego, Inc",Full-Dual - UIS Federal,137.28,144.47,152.28,189.28
01/2026-12/2026,2026,PACE,San Diego,"Family Health Centers of San Diego, Inc","Family Health Centers of San Diego, Inc",Non-Dual - UIS Federal,1016.31,1070.12,1128.64,1299.37
01/2026-12/2026,2026,PACE,San Diego,"Gary & Mary West Senior Services, Inc.","Gary & Mary West Senior Services, Inc.",Full-Dual - UIS State-Only,5244.16,5515.08,5809.63,6119.96
01/2026-12/2026,2026,PACE,San Diego,"Gary & Mary West Senior Services, Inc.","Gary & Mary West Senior Services, Inc.",Non-Dual - UIS State-Only,8684.35,9141.88,9639.44,9528.69
01/2026-12/2026,2026,PACE,San Diego,"Gary & Mary West Senior Services, Inc.","Gary & Mary West Senior Services, Inc.",Full-Dual - SIS,5406.35,5685.65,5989.31,6309.24
01/2026-12/2026,2026,PACE,San Diego,"Gary & Mary West Senior Services, Inc.","Gary & Mary West Senior Services, Inc.",Non-Dual - SIS,9868.58,10388.5,10953.91,10828.06
01/2026-12/2026,2026,PACE,San Diego,"Gary & Mary West Senior Services, Inc.","Gary & Mary West Senior Services, Inc.",Full-Dual - UIS Federal,162.19,170.57,179.68,189.28
01/2026-12/2026,2026,PACE,San Diego,"Gary & Mary West Senior Services, Inc.","Gary & Mary West Senior Services, Inc.",Non-Dual - UIS Federal,1184.23,1246.62,1314.47,1299.37
01/2026-12/2026,2026,PACE,Humboldt,"Humboldt Senior Resource Center, Incorporated","Humboldt Senior Resource Center, Incorporated",Full-Dual - UIS State-Only,5177.12,5441.16,5728.18,6982.37
01/2026-12/2026,2026,PACE,Humboldt,"Humboldt Senior Resource Center, Incorporated","Humboldt Senior Resource Center, Incorporated",Non-Dual - UIS State-Only,8124.83,8553.51,9019.7,10913.43
01/2026-12/2026,2026,PACE,Humboldt,"Humboldt Senior Resource Center, Incorporated","Humboldt Senior Resource Center, Incorporated",Full-Dual - SIS,5337.24,5609.44,5905.34,7198.32
01/2026-12/2026,2026,PACE,Humboldt,"Humboldt Senior Resource Center, Incorporated","Humboldt Senior Resource Center, Incorporated",Non-Dual - SIS,9232.76,9719.89,10249.66,12401.62
01/2026-12/2026,2026,PACE,Humboldt,"Humboldt Senior Resource Center, Incorporated","Humboldt Senior Resource Center, Incorporated",Full-Dual - UIS Federal,160.12,168.28,177.16,215.95
01/2026-12/2026,2026,PACE,Humboldt,"Humboldt Senior Resource Center, Incorporated","Humboldt Senior Resource Center, Incorporated",Non-Dual - UIS Federal,1107.93,1166.39,1229.96,1488.19
01/2026-12/2026,2026,PACE,El Dorado,"InnovAge California PACE-Sacramento, LLC","InnovAge California PACE-Sacramento, LLC",Full-Dual - UIS State-Only,6053.0,6369.11,6712.85,7132.91
01/2026-12/2026,2026,PACE,El Dorado,"InnovAge California PACE-Sacramento, LLC","InnovAge California PACE-Sacramento, LLC",Non-Dual - UIS State-Only,8040.92,8467.89,8932.28,9753.74
01/2026-12/2026,2026,PACE,El Dorado,"InnovAge California PACE-Sacramento, LLC","InnovAge California PACE-Sacramento, LLC",Full-Dual - SIS,6240.2,6566.09,6920.46,7353.51
01/2026-12/2026,2026,PACE,El Dorado,"InnovAge California PACE-Sacramento, LLC","InnovAge California PACE-Sacramento, LLC",Non-Dual - SIS,9137.41,9622.6,10150.32,11083.8
01/2026-12/2026,2026,PACE,El Dorado,"InnovAge California PACE-Sacramento, LLC","InnovAge California PACE-Sacramento, LLC",Full-Dual - UIS Federal,187.21,196.98,207.61,220.61
01/2026-12/2026,2026,PACE,El Dorado,"InnovAge California PACE-Sacramento, LLC","InnovAge California PACE-Sacramento, LLC",Non-Dual - UIS Federal,1096.49,1154.71,1218.04,1330.06
01/2026-12/2026,2026,PACE,Placer,"InnovAge California PACE-Sacramento, LLC","InnovAge California PACE-Sacramento, LLC",Full-Dual - UIS State-Only,6053.0,6369.11,6712.85,7132.91
01/2026-12/2026,2026,PACE,Placer,"InnovAge California PACE-Sacramento, LLC","InnovAge California PACE-Sacramento, LLC",Non-Dual - UIS State-Only,8040.92,8467.89,8932.28,9753.74
01/2026-12/2026,2026,PACE,Placer,"InnovAge California PACE-Sacramento, LLC","InnovAge California PACE-Sacramento, LLC",Full-Dual - SIS,6240.2,6566.09,6920.46,7353.51
01/2026-12/2026,2026,PACE,Placer,"InnovAge California PACE-Sacramento, LLC","InnovAge California PACE-Sacramento, LLC",Non-Dual - SIS,9137.41,9622.6,10150.32,11083.8
01/2026-12/2026,2026,PACE,Placer,"InnovAge California PACE-Sacramento, LLC","InnovAge California PACE-Sacramento, LLC",Full-Dual - UIS Federal,187.21,196.98,207.61,220.61
01/2026-12/2026,2026,PACE,Placer,"InnovAge California PACE-Sacramento, LLC","InnovAge California PACE-Sacramento, LLC",Non-Dual - UIS Federal,1096.49,1154.71,1218.04,1330.06
01/2026-12/2026,2026,PACE,Sacramento,"InnovAge California PACE-Sacramento, LLC","InnovAge California PACE-Sacramento, LLC",Full-Dual - UIS State-Only,6053.0,6369.11,6712.85,7132.91
01/2026-12/2026,2026,PACE,Sacramento,"InnovAge California PACE-Sacramento, LLC","InnovAge California PACE-Sacramento, LLC",Non-Dual - UIS State-Only,8040.92,8467.89,8932.28,9753.74
01/2026-12/2026,2026,PACE,Sacramento,"InnovAge California PACE-Sacramento, LLC","InnovAge California PACE-Sacramento, LLC",Full-Dual - SIS,6240.2,6566.09,6920.46,7353.51
01/2026-12/2026,2026,PACE,Sacramento,"InnovAge California PACE-Sacramento, LLC","InnovAge California PACE-Sacramento, LLC",Non-Dual - SIS,9137.41,9622.6,10150.32,11083.8
01/2026-12/2026,2026,PACE,Sacramento,"InnovAge California PACE-Sacramento, LLC","InnovAge California PACE-Sacramento, LLC",Full-Dual - UIS Federal,187.21,196.98,207.61,220.61
01/2026-12/2026,2026,PACE,Sacramento,"InnovAge California PACE-Sacramento, LLC","InnovAge California PACE-Sacramento, LLC",Non-Dual - UIS Federal,1096.49,1154.71,1218.04,1330.06
01/2026-12/2026,2026,PACE,San Joaquin,"InnovAge California PACE-Sacramento, LLC","InnovAge California PACE-Sacramento, LLC",Full-Dual - UIS State-Only,6053.0,6369.11,6712.85,7132.91
01/2026-12/2026,2026,PACE,San Joaquin,"InnovAge California PACE-Sacramento, LLC","InnovAge California PACE-Sacramento, LLC",Non-Dual - UIS State-Only,8040.92,8467.89,8932.28,9753.74
01/2026-12/2026,2026,PACE,San Joaquin,"InnovAge California PACE-Sacramento, LLC","InnovAge California PACE-Sacramento, LLC",Full-Dual - SIS,6240.2,6566.09,6920.46,7353.51
01/2026-12/2026,2026,PACE,San Joaquin,"InnovAge California PACE-Sacramento, LLC","InnovAge California PACE-Sacramento, LLC",Non-Dual - SIS,9137.41,9622.6,10150.32,11083.8
01/2026-12/2026,2026,PACE,San Joaquin,"InnovAge California PACE-Sacramento, LLC","InnovAge California PACE-Sacramento, LLC",Full-Dual - UIS Federal,187.21,196.98,207.61,220.61
01/2026-12/2026,2026,PACE,San Joaquin,"InnovAge California PACE-Sacramento, LLC","InnovAge California PACE-Sacramento, LLC",Non-Dual - UIS Federal,1096.49,1154.71,1218.04,1330.06
01/2026-12/2026,2026,PACE,Sutter,"InnovAge California PACE-Sacramento, LLC","InnovAge California PACE-Sacramento, LLC",Full-Dual - UIS State-Only,6053.0,6369.11,6712.85,7132.91
01/2026-12/2026,2026,PACE,Sutter,"InnovAge California PACE-Sacramento, LLC","InnovAge California PACE-Sacramento, LLC",Non-Dual - UIS State-Only,8040.92,8467.89,8932.28,9753.74
01/2026-12/2026,2026,PACE,Sutter,"InnovAge California PACE-Sacramento, LLC","InnovAge California PACE-Sacramento, LLC",Full-Dual - SIS,6240.2,6566.09,6920.46,7353.51
01/2026-12/2026,2026,PACE,Sutter,"InnovAge California PACE-Sacramento, LLC","InnovAge California PACE-Sacramento, LLC",Non-Dual - SIS,9137.41,9622.6,10150.32,11083.8
01/2026-12/2026,2026,PACE,Sutter,"InnovAge California PACE-Sacramento, LLC","InnovAge California PACE-Sacramento, LLC",Full-Dual - UIS Federal,187.21,196.98,207.61,220.61
01/2026-12/2026,2026,PACE,Sutter,"InnovAge California PACE-Sacramento, LLC","InnovAge California PACE-Sacramento, LLC",Non-Dual - UIS Federal,1096.49,1154.71,1218.04,1330.06
01/2026-12/2026,2026,PACE,Yuba,"InnovAge California PACE-Sacramento, LLC","InnovAge California PACE-Sacramento, LLC",Full-Dual - UIS State-Only,6053.0,6369.11,6712.85,7132.91
01/2026-12/2026,2026,PACE,Yuba,"InnovAge California PACE-Sacramento, LLC","InnovAge California PACE-Sacramento, LLC",Non-Dual - UIS State-Only,8040.92,8467.89,8932.28,9753.74
01/2026-12/2026,2026,PACE,Yuba,"InnovAge California PACE-Sacramento, LLC","InnovAge California PACE-Sacramento, LLC",Full-Dual - SIS,6240.2,6566.09,6920.46,7353.51
01/2026-12/2026,2026,PACE,Yuba,"InnovAge California PACE-Sacramento, LLC","InnovAge California PACE-Sacramento, LLC",Non-Dual - SIS,9137.41,9622.6,10150.32,11083.8
01/2026-12/2026,2026,PACE,Yuba,"InnovAge California PACE-Sacramento, LLC","InnovAge California PACE-Sacramento, LLC",Full-Dual - UIS Federal,187.21,196.98,207.61,220.61
01/2026-12/2026,2026,PACE,Yuba,"InnovAge California PACE-Sacramento, LLC","InnovAge California PACE-Sacramento, LLC",Non-Dual - UIS Federal,1096.49,1154.71,1218.04,1330.06
01/2026-12/2026,2026,PACE,Fresno,"Innovative Integrated Health, Inc.","Innovative Integrated Health, Inc.",Full-Dual - UIS State-Only,5266.21,5535.6,5828.46,6119.08
01/2026-12/2026,2026,PACE,Fresno,"Innovative Integrated Health, Inc.","Innovative Integrated Health, Inc.",Non-Dual - UIS State-Only,6641.12,6986.45,7361.93,8369.02
01/2026-12/2026,2026,PACE,Fresno,"Innovative Integrated Health, Inc.","Innovative Integrated Health, Inc.",Full-Dual - SIS,5429.08,5706.81,6008.72,6308.33
01/2026-12/2026,2026,PACE,Fresno,"Innovative Integrated Health, Inc.","Innovative Integrated Health, Inc.",Non-Dual - SIS,7546.72,7939.14,8365.83,9510.25
01/2026-12/2026,2026,PACE,Fresno,"Innovative Integrated Health, Inc.","Innovative Integrated Health, Inc.",Full-Dual - UIS Federal,162.87,171.2,180.26,189.25
01/2026-12/2026,2026,PACE,Fresno,"Innovative Integrated Health, Inc.","Innovative Integrated Health, Inc.",Non-Dual - UIS Federal,905.61,952.7,1003.9,1141.23
01/2026-12/2026,2026,PACE,Kern,"Innovative Integrated Health, Inc.","Innovative Integrated Health, Inc.",Full-Dual - UIS State-Only,4982.48,5241.15,5522.41,6195.13
01/2026-12/2026,2026,PACE,Kern,"Innovative Integrated Health, Inc.","Innovative Integrated Health, Inc.",Non-Dual - UIS State-Only,6885.93,7248.11,7641.98,9934.85
01/2026-12/2026,2026,PACE,Kern,"Innovative Integrated Health, Inc.","Innovative Integrated Health, Inc.",Full-Dual - SIS,5136.58,5403.25,5693.2,6386.73
01/2026-12/2026,2026,PACE,Kern,"Innovative Integrated Health, Inc.","Innovative Integrated Health, Inc.",Non-Dual - SIS,7824.92,8236.49,8684.07,11289.6
01/2026-12/2026,2026,PACE,Kern,"Innovative Integrated Health, Inc.","Innovative Integrated Health, Inc.",Full-Dual - UIS Federal,154.1,162.1,170.8,191.6
01/2026-12/2026,2026,PACE,Kern,"Innovative Integrated Health, Inc.","Innovative Integrated Health, Inc.",Non-Dual - UIS Federal,938.99,988.38,1042.09,1354.75
01/2026-12/2026,2026,PACE,Orange,"Innovative Integrated Health, Inc.","Innovative Integrated Health, Inc.",Full-Dual - UIS State-Only,4952.92,5210.17,5489.88,6216.15
01/2026-12/2026,2026,PACE,Orange,"Innovative Integrated Health, Inc.","Innovative Integrated Health, Inc.",Non-Dual - UIS State-Only,7585.33,7984.97,8419.59,9299.84
01/2026-12/2026,2026,PACE,Orange,"Innovative Integrated Health, Inc.","Innovative Integrated Health, Inc.",Full-Dual - SIS,5106.1,5371.31,5659.67,6408.4
01/2026-12/2026,2026,PACE,Orange,"Innovative Integrated Health, Inc.","Innovative Integrated Health, Inc.",Non-Dual - SIS,8619.69,9073.83,9567.72,10568.0
01/2026-12/2026,2026,PACE,Orange,"Innovative Integrated Health, Inc.","Innovative Integrated Health, Inc.",Full-Dual - UIS Federal,153.18,161.14,169.79,192.25
01/2026-12/2026,2026,PACE,Orange,"Innovative Integrated Health, Inc.","Innovative Integrated Health, Inc.",Non-Dual - UIS Federal,1034.36,1088.86,1148.13,1268.16
01/2026-12/2026,2026,PACE,San Joaquin,"Innovative Integrated Health, Inc.","Innovative Integrated Health, Inc.",Full-Dual - UIS State-Only,6627.17,6978.59,7360.84,6752.7
01/2026-12/2026,2026,PACE,San Joaquin,"Innovative Integrated Health, Inc.","Innovative Integrated Health, Inc.",Non-Dual - UIS State-Only,8699.73,9171.88,9685.61,9372.29
01/2026-12/2026,2026,PACE,San Joaquin,"Innovative Integrated Health, Inc.","Innovative Integrated Health, Inc.",Full-Dual - SIS,6832.13,7194.42,7588.49,6961.54
01/2026-12/2026,2026,PACE,San Joaquin,"Innovative Integrated Health, Inc.","Innovative Integrated Health, Inc.",Non-Dual - SIS,9886.06,10422.59,11006.38,10650.33
01/2026-12/2026,2026,PACE,San Joaquin,"Innovative Integrated Health, Inc.","Innovative Integrated Health, Inc.",Full-Dual - UIS Federal,204.96,215.83,227.65,208.85
01/2026-12/2026,2026,PACE,San Joaquin,"Innovative Integrated Health, Inc.","Innovative Integrated Health, Inc.",Non-Dual - UIS Federal,1186.33,1250.71,1320.77,1278.04
01/2026-12/2026,2026,PACE,Tulare,"Innovative Integrated Health, Inc.","Innovative Integrated Health, Inc.",Full-Dual - UIS State-Only,4982.48,5241.15,5522.41,6195.13
01/2026-12/2026,2026,PACE,Tulare,"Innovative Integrated Health, Inc.","Innovative Integrated Health, Inc.",Non-Dual - UIS State-Only,6885.93,7248.11,7641.98,9934.85
01/2026-12/2026,2026,PACE,Tulare,"Innovative Integrated Health, Inc.","Innovative Integrated Health, Inc.",Full-Dual - SIS,5136.58,5403.25,5693.2,6386.73
01/2026-12/2026,2026,PACE,Tulare,"Innovative Integrated Health, Inc.","Innovative Integrated Health, Inc.",Non-Dual - SIS,7824.92,8236.49,8684.07,11289.6
01/2026-12/2026,2026,PACE,Tulare,"Innovative Integrated Health, Inc.","Innovative Integrated Health, Inc.",Full-Dual - UIS Federal,154.1,162.1,170.8,191.6
01/2026-12/2026,2026,PACE,Tulare,"Innovative Integrated Health, Inc.","Innovative Integrated Health, Inc.",Non-Dual - UIS Federal,938.99,988.38,1042.09,1354.75
01/2026-12/2026,2026,PACE,Los Angeles,"LA Coast PACE, LLC","LA Coast PACE, LLC",Full-Dual - UIS State-Only,6066.62,6383.48,6728.03,6483.05
01/2026-12/2026,2026,PACE,Los Angeles,"LA Coast PACE, LLC","LA Coast PACE, LLC",Non-Dual - UIS State-Only,7483.72,7879.3,8309.51,8751.78
01/2026-12/2026,2026,PACE,Los Angeles,"LA Coast PACE, LLC","LA Coast PACE, LLC",Full-Dual - SIS,6254.24,6580.9,6936.11,6683.56
01/2026-12/2026,2026,PACE,Los Angeles,"LA Coast PACE, LLC","LA Coast PACE, LLC",Non-Dual - SIS,8504.22,8953.75,9442.63,9945.21
01/2026-12/2026,2026,PACE,Los Angeles,"LA Coast PACE, LLC","LA Coast PACE, LLC",Full-Dual - UIS Federal,187.63,197.43,208.08,200.51
01/2026-12/2026,2026,PACE,Los Angeles,"LA Coast PACE, LLC","LA Coast PACE, LLC",Non-Dual - UIS Federal,1020.51,1074.45,1133.12,1193.42
01/2026-12/2026,2026,PACE,Los Angeles,myPlace Health,myPlace Health,Full-Dual - UIS State-Only,4902.35,5156.85,5433.56,6483.05
01/2026-12/2026,2026,PACE,Los Angeles,myPlace Health,myPlace Health,Non-Dual - UIS State-Only,7478.62,7872.8,8301.47,8751.78
01/2026-12/2026,2026,PACE,Los Angeles,myPlace Health,myPlace Health,Full-Dual - SIS,5053.97,5316.34,5601.61,6683.56
01/2026-12/2026,2026,PACE,Los Angeles,myPlace Health,myPlace Health,Non-Dual - SIS,8498.44,8946.36,9433.49,9945.21
01/2026-12/2026,2026,PACE,Los Angeles,myPlace Health,myPlace Health,Full-Dual - UIS Federal,151.62,159.49,168.05,200.51
01/2026-12/2026,2026,PACE,Los Angeles,myPlace Health,myPlace Health,Non-Dual - UIS Federal,1019.81,1073.56,1132.02,1193.42
01/2026-12/2026,2026,PACE,Los Angeles,"Pacific PACE, LLC","Pacific PACE, LLC",Full-Dual - UIS State-Only,5812.87,6115.92,6445.44,6483.05
01/2026-12/2026,2026,PACE,Los Angeles,"Pacific PACE, LLC","Pacific PACE, LLC",Non-Dual - UIS State-Only,8268.3,8705.09,9180.13,8751.78
01/2026-12/2026,2026,PACE,Los Angeles,"Pacific PACE, LLC","Pacific PACE, LLC",Full-Dual - SIS,5992.64,6305.07,6644.79,6683.56
01/2026-12/2026,2026,PACE,Los Angeles,"Pacific PACE, LLC","Pacific PACE, LLC",Non-Dual - SIS,9395.79,9892.15,10431.97,9945.21
01/2026-12/2026,2026,PACE,Los Angeles,"Pacific PACE, LLC","Pacific PACE, LLC",Full-Dual - UIS Federal,179.78,189.15,199.34,200.51
01/2026-12/2026,2026,PACE,Los Angeles,"Pacific PACE, LLC","Pacific PACE, LLC",Non-Dual - UIS Federal,1127.49,1187.06,1251.84,1193.42
01/2026-12/2026,2026,PACE,Fresno,"Sequoia PACE, LLC","Sequoia PACE, LLC",Full-Dual - UIS State-Only,5646.71,5940.29,6259.5,6024.13
01/2026-12/2026,2026,PACE,Fresno,"Sequoia PACE, LLC","Sequoia PACE, LLC",Non-Dual - UIS State-Only,6514.44,6858.42,7232.52,8454.71
01/2026-12/2026,2026,PACE,Fresno,"Sequoia PACE, LLC","Sequoia PACE, LLC",Full-Dual - SIS,5821.35,6124.01,6453.1,6210.44
01/2026-12/2026,2026,PACE,Fresno,"Sequoia PACE, LLC","Sequoia PACE, LLC",Non-Dual - SIS,7402.77,7793.66,8218.77,9607.63
01/2026-12/2026,2026,PACE,Fresno,"Sequoia PACE, LLC","Sequoia PACE, LLC",Full-Dual - UIS Federal,174.64,183.72,193.59,186.31
01/2026-12/2026,2026,PACE,Fresno,"Sequoia PACE, LLC","Sequoia PACE, LLC",Non-Dual - UIS Federal,888.33,935.24,986.25,1152.92
01/2026-12/2026,2026,PACE,Kings,"Sequoia PACE, LLC","Sequoia PACE, LLC",Full-Dual - UIS State-Only,5646.71,5940.29,6259.5,6024.13
01/2026-12/2026,2026,PACE,Kings,"Sequoia PACE, LLC","Sequoia PACE, LLC",Non-Dual - UIS State-Only,6514.44,6858.42,7232.52,8454.71
01/2026-12/2026,2026,PACE,Kings,"Sequoia PACE, LLC","Sequoia PACE, LLC",Full-Dual - SIS,5821.35,6124.01,6453.1,6210.44
01/2026-12/2026,2026,PACE,Kings,"Sequoia PACE, LLC","Sequoia PACE, LLC",Non-Dual - SIS,7402.77,7793.66,8218.77,9607.63
01/2026-12/2026,2026,PACE,Kings,"Sequoia PACE, LLC","Sequoia PACE, LLC",Full-Dual - UIS Federal,174.64,183.72,193.59,186.31
01/2026-12/2026,2026,PACE,Kings,"Sequoia PACE, LLC","Sequoia PACE, LLC",Non-Dual - UIS Federal,888.33,935.24,986.25,1152.92
01/2026-12/2026,2026,PACE,Madera,"Sequoia PACE, LLC","Sequoia PACE, LLC",Full-Dual - UIS State-Only,5646.71,5940.29,6259.5,6024.13
01/2026-12/2026,2026,PACE,Madera,"Sequoia PACE, LLC","Sequoia PACE, LLC",Non-Dual - UIS State-Only,6514.44,6858.42,7232.52,8454.71
01/2026-12/2026,2026,PACE,Madera,"Sequoia PACE, LLC","Sequoia PACE, LLC",Full-Dual - SIS,5821.35,6124.01,6453.1,6210.44
01/2026-12/2026,2026,PACE,Madera,"Sequoia PACE, LLC","Sequoia PACE, LLC",Non-Dual - SIS,7402.77,7793.66,8218.77,9607.63
01/2026-12/2026,2026,PACE,Madera,"Sequoia PACE, LLC","Sequoia PACE, LLC",Full-Dual - UIS Federal,174.64,183.72,193.59,186.31
01/2026-12/2026,2026,PACE,Madera,"Sequoia PACE, LLC","Sequoia PACE, LLC",Non-Dual - UIS Federal,888.33,935.24,986.25,1152.92
01/2026-12/2026,2026,PACE,Tulare,"Sequoia PACE, LLC","Sequoia PACE, LLC",Full-Dual - UIS State-Only,5646.71,5940.29,6259.5,6024.13
01/2026-12/2026,2026,PACE,Tulare,"Sequoia PACE, LLC","Sequoia PACE, LLC",Non-Dual - UIS State-Only,6514.44,6858.42,7232.52,8454.71
01/2026-12/2026,2026,PACE,Tulare,"Sequoia PACE, LLC","Sequoia PACE, LLC",Full-Dual - SIS,5821.35,6124.01,6453.1,6210.44
01/2026-12/2026,2026,PACE,Tulare,"Sequoia PACE, LLC","Sequoia PACE, LLC",Non-Dual - SIS,7402.77,7793.66,8218.77,9607.63
01/2026-12/2026,2026,PACE,Tulare,"Sequoia PACE, LLC","Sequoia PACE, LLC",Full-Dual - UIS Federal,174.64,183.72,193.59,186.31
01/2026-12/2026,2026,PACE,Tulare,"Sequoia PACE, LLC","Sequoia PACE, LLC",Non-Dual - UIS Federal,888.33,935.24,986.25,1152.92
01/2026-12/2026,2026,PACE,San Joaquin,"Stockton PACE, LLC","Stockton PACE, LLC",Full-Dual - UIS State-Only,6512.97,6855.76,7228.54,6752.7
01/2026-12/2026,2026,PACE,San Joaquin,"Stockton PACE, LLC","Stockton PACE, LLC",Non-Dual - UIS State-Only,7951.09,8373.86,8833.68,9372.29
01/2026-12/2026,2026,PACE,San Joaquin,"Stockton PACE, LLC","Stockton PACE, LLC",Full-Dual - SIS,6714.41,7067.8,7452.11,6961.54
01/2026-12/2026,2026,PACE,San Joaquin,"Stockton PACE, LLC","Stockton PACE, LLC",Non-Dual - SIS,9035.33,9515.75,10038.27,10650.33
01/2026-12/2026,2026,PACE,San Joaquin,"Stockton PACE, LLC","Stockton PACE, LLC",Full-Dual - UIS Federal,201.43,212.03,223.56,208.85
01/2026-12/2026,2026,PACE,San Joaquin,"Stockton PACE, LLC","Stockton PACE, LLC",Non-Dual - UIS Federal,1084.24,1141.89,1204.59,1278.04
01/2026-12/2026,2026,PACE,Stanislaus,"Stockton PACE, LLC","Stockton PACE, LLC",Full-Dual - UIS State-Only,6512.97,6855.76,7228.54,6752.7
01/2026-12/2026,2026,PACE,Stanislaus,"Stockton PACE, LLC","Stockton PACE, LLC",Non-Dual - UIS State-Only,7951.09,8373.86,8833.68,9372.29
01/2026-12/2026,2026,PACE,Stanislaus,"Stockton PACE, LLC","Stockton PACE, LLC",Full-Dual - SIS,6714.41,7067.8,7452.11,6961.54
01/2026-12/2026,2026,PACE,Stanislaus,"Stockton PACE, LLC","Stockton PACE, LLC",Non-Dual - SIS,9035.33,9515.75,10038.27,10650.33
01/2026-12/2026,2026,PACE,Stanislaus,"Stockton PACE, LLC","Stockton PACE, LLC",Full-Dual - UIS Federal,201.43,212.03,223.56,208.85
01/2026-12/2026,2026,PACE,Stanislaus,"Stockton PACE, LLC","Stockton PACE, LLC",Non-Dual - UIS Federal,1084.24,1141.89,1204.59,1278.04
01/2026-12/2026,2026,PACE,Riverside,"Total Longterm Care, Inc.","Total Longterm Care, Inc.",Full-Dual - UIS State-Only,4844.86,5098.56,5374.44,6001.23
01/2026-12/2026,2026,PACE,Riverside,"Total Longterm Care, Inc.","Total Longterm Care, Inc.",Non-Dual - UIS State-Only,7016.98,7387.51,7790.48,10056.91
01/2026-12/2026,2026,PACE,Riverside,"Total Longterm Care, Inc.","Total Longterm Care, Inc.",Full-Dual - SIS,4994.7,5256.25,5540.66,6186.83
01/2026-12/2026,2026,PACE,Riverside,"Total Longterm Care, Inc.","Total Longterm Care, Inc.",Non-Dual - SIS,7973.84,8394.9,8852.82,11428.31
01/2026-12/2026,2026,PACE,Riverside,"Total Longterm Care, Inc.","Total Longterm Care, Inc.",Full-Dual - UIS Federal,149.84,157.69,166.22,185.61
01/2026-12/2026,2026,PACE,Riverside,"Total Longterm Care, Inc.","Total Longterm Care, Inc.",Non-Dual - UIS Federal,956.86,1007.39,1062.34,1371.4
01/2026-12/2026,2026,PACE,San Bernardino,"Total Longterm Care, Inc.","Total Longterm Care, Inc.",Full-Dual - UIS State-Only,4844.86,5098.56,5374.44,6001.23
01/2026-12/2026,2026,PACE,San Bernardino,"Total Longterm Care, Inc.","Total Longterm Care, Inc.",Non-Dual - UIS State-Only,7016.98,7387.51,7790.48,10056.91
01/2026-12/2026,2026,PACE,San Bernardino,"Total Longterm Care, Inc.","Total Longterm Care, Inc.",Full-Dual - SIS,4994.7,5256.25,5540.66,6186.83
01/2026-12/2026,2026,PACE,San Bernardino,"Total Longterm Care, Inc.","Total Longterm Care, Inc.",Non-Dual - SIS,7973.84,8394.9,8852.82,11428.31
01/2026-12/2026,2026,PACE,San Bernardino,"Total Longterm Care, Inc.","Total Longterm Care, Inc.",Full-Dual - UIS Federal,149.84,157.69,166.22,185.61
01/2026-12/2026,2026,PACE,San Bernardino,"Total Longterm Care, Inc.","Total Longterm Care, Inc.",Non-Dual - UIS Federal,956.86,1007.39,1062.34,1371.4
01/2026-12/2026,2026,PACE,Imperial,"Innercare (Clinicas de Salud del Pueblo, Inc)","Innercare (Clinicas de Salud del Pueblo, Inc)",Full-Dual - UIS State-Only,5044.64,5306.65,5591.54,6001.23
01/2026-12/2026,2026,PACE,Imperial,"Innercare (Clinicas de Salud del Pueblo, Inc)","Innercare (Clinicas de Salud del Pueblo, Inc)",Non-Dual - UIS State-Only,6628.4,6977.14,7356.39,10056.91
01/2026-12/2026,2026,PACE,Imperial,"Innercare (Clinicas de Salud del Pueblo, Inc)","Innercare (Clinicas de Salud del Pueblo, Inc)",Full-Dual - SIS,5200.66,5470.78,5764.47,6186.83
01/2026-12/2026,2026,PACE,Imperial,"Innercare (Clinicas de Salud del Pueblo, Inc)","Innercare (Clinicas de Salud del Pueblo, Inc)",Non-Dual - SIS,7532.27,7928.56,8359.53,11428.31
01/2026-12/2026,2026,PACE,Imperial,"Innercare (Clinicas de Salud del Pueblo, Inc)","Innercare (Clinicas de Salud del Pueblo, Inc)",Full-Dual - UIS Federal,156.02,164.12,172.93,185.61
01/2026-12/2026,2026,PACE,Imperial,"Innercare (Clinicas de Salud del Pueblo, Inc)","Innercare (Clinicas de Salud del Pueblo, Inc)",Non-Dual - UIS Federal,903.87,951.43,1003.14,1371.4
01/2026-12/2026,2026,PACE,Los Angeles,Roze Room PACE,Roze Room PACE,Full-Dual - UIS State-Only,5123.54,5395.23,5690.74,6483.05
01/2026-12/2026,2026,PACE,Los Angeles,Roze Room PACE,Roze Room PACE,Non-Dual - UIS State-Only,7821.06,8242.58,8701.19,8751.78
01/2026-12/2026,2026,PACE,Los Angeles,Roze Room PACE,Roze Room PACE,Full-Dual - SIS,5282.0,5562.09,5866.75,6683.56
01/2026-12/2026,2026,PACE,Los Angeles,Roze Room PACE,Roze Room PACE,Non-Dual - SIS,8887.56,9366.57,9887.72,9945.21
01/2026-12/2026,2026,PACE,Los Angeles,Roze Room PACE,Roze Room PACE,Full-Dual - UIS Federal,158.46,166.86,176.0,200.51
01/2026-12/2026,2026,PACE,Los Angeles,Roze Room PACE,Roze Room PACE,Non-Dual - UIS Federal,1066.51,1123.99,1186.53,1193.42
01/2026-12/2026,2026,PACE,Sacramento,PACE of Sacramento,PACE of Sacramento,Full-Dual - UIS State-Only,6600.53,6950.71,7331.61,7266.1
01/2026-12/2026,2026,PACE,Sacramento,PACE of Sacramento,PACE of Sacramento,Non-Dual - UIS State-Only,8589.59,9056.29,9564.1,9524.48
01/2026-12/2026,2026,PACE,Sacramento,PACE of Sacramento,PACE of Sacramento,Full-Dual - SIS,6804.67,7165.68,7558.36,7490.82
01/2026-12/2026,2026,PACE,Sacramento,PACE of Sacramento,PACE of Sacramento,Non-Dual - SIS,9760.9,10291.23,10868.29,10823.28
01/2026-12/2026,2026,PACE,Sacramento,PACE of Sacramento,PACE of Sacramento,Full-Dual - UIS Federal,204.14,214.97,226.75,224.72
01/2026-12/2026,2026,PACE,Sacramento,PACE of Sacramento,PACE of Sacramento,Non-Dual - UIS Federal,1171.31,1234.95,1304.2,1298.79
01/2026-12/2026,2026,PACE,Los Angeles,Vista Community Clinic,Vista Community Clinic,Full-Dual - UIS State-Only,5123.54,5395.23,5690.74,6483.05
01/2026-12/2026,2026,PACE,Los Angeles,Vista Community Clinic,Vista Community Clinic,Non-Dual - UIS State-Only,7821.06,8242.58,8701.19,8751.78
01/2026-12/2026,2026,PACE,Los Angeles,Vista Community Clinic,Vista Community Clinic,Full-Dual - SIS,5282.0,5562.09,5866.75,6683.56
01/2026-12/2026,2026,PACE,Los Angeles,Vista Community Clinic,Vista Community Clinic,Non-Dual - SIS,8887.56,9366.57,9887.72,9945.21
01/2026-12/2026,2026,PACE,Los Angeles,Vista Community Clinic,Vista Community Clinic,Full-Dual - UIS Federal,158.46,166.86,176.0,200.51
01/2026-12/2026,2026,PACE,Los Angeles,Vista Community Clinic,Vista Community Clinic,Non-Dual - UIS Federal,1066.51,1123.99,1186.53,1193.42
