ccn,hospital_name,city,state,zip_code,county,beds,bed_size_tier,ownership,ownership_category,is_teaching,is_urban,census_region,peer_group,overall_rating
010001,SOUTHEAST HEALTH MEDICAL CENTER,DOTHAN,AL,36301,HOUSTON,420.0,400-599,Government - Hospital District or Authority,Government,True,True,South,400-599_teaching_government,4
010005,MARSHALL MEDICAL CENTERS,BOAZ,AL,35957,MARSHALL,240.0,200-399,Government - Hospital District or Authority,Government,False,False,South,200-399_non_teaching_government,3
010006,NORTH ALABAMA MEDICAL CENTER,FLORENCE,AL,35630,LAUDERDALE,338.0,200-399,Proprietary,For-Profit,False,True,South,200-399_non_teaching_for_profit,2
010007,MIZELL MEMORIAL HOSPITAL,OPP,AL,36467,COVINGTON,99.0,25-99,Voluntary non-profit - Private,Nonprofit,False,False,South,25-99_non_teaching_nonprofit,1
010008,CRENSHAW COMMUNITY HOSPITAL,LUVERNE,AL,36049,CRENSHAW,65.0,25-99,Proprietary,For-Profit,False,False,South,25-99_non_teaching_for_profit,Not Available
010011,ST. VINCENT'S EAST,BIRMINGHAM,AL,35235,JEFFERSON,362.0,200-399,Voluntary non-profit - Private,Nonprofit,True,True,South,200-399_teaching_nonprofit,2
010012,DEKALB REGIONAL MEDICAL CENTER,FORT PAYNE,AL,35968,DE KALB,134.0,100-199,Proprietary,For-Profit,False,False,South,100-199_non_teaching_for_profit,3
010016,SHELBY BAPTIST MEDICAL CENTER,ALABASTER,AL,35007,SHELBY,252.0,200-399,Voluntary non-profit - Private,Nonprofit,False,True,South,200-399_non_teaching_nonprofit,2
010018,CALLAHAN EYE HOSPITAL,BIRMINGHAM,AL,35233,JEFFERSON,106.0,100-199,Voluntary non-profit - Private,Nonprofit,True,True,South,100-199_teaching_nonprofit,Not Available
010019,HELEN KELLER HOSPITAL,SHEFFIELD,AL,35660,COLBERT,185.0,100-199,Government - Hospital District or Authority,Government,False,True,South,100-199_non_teaching_government,2
010021,DALE MEDICAL CENTER,OZARK,AL,36360,DALE,89.0,25-99,Government - Hospital District or Authority,Government,False,False,South,25-99_non_teaching_government,3
010022,FLOYD CHEROKEE MEDICAL CENTER,CENTRE,AL,35960,CHEROKEE,60.0,25-99,Proprietary,For-Profit,False,False,South,25-99_non_teaching_for_profit,Not Available
010023,BAPTIST MEDICAL CENTER SOUTH,MONTGOMERY,AL,36116,MONTGOMERY,432.0,400-599,Government - Hospital District or Authority,Government,True,True,South,400-599_teaching_government,1
010024,JACKSON HOSPITAL & CLINIC INC,MONTGOMERY,AL,36106,MONTGOMERY,344.0,200-399,Voluntary non-profit - Private,Nonprofit,False,True,South,200-399_non_teaching_nonprofit,2
010029,THE EAST ALABAMA HEALTHCARE AUTHORITY,OPELIKA,AL,36801,LEE,429.0,400-599,Government - Hospital District or Authority,Government,False,True,South,400-599_non_teaching_government,3
010033,UNIVERSITY OF ALABAMA HOSPITAL,BIRMINGHAM,AL,35233,JEFFERSON,1157.0,600+,Government - State,Government,True,True,South,600+_teaching_government,3
010034,COMMUNITY HOSPITAL INC,TALLASSEE,AL,36078,ELMORE,69.0,25-99,Voluntary non-profit - Private,Nonprofit,False,True,South,25-99_non_teaching_nonprofit,Not Available
010035,CULLMAN REGIONAL MEDICAL CENTER,CULLMAN,AL,35058,CULLMAN,115.0,100-199,Government - Hospital District or Authority,Government,False,False,South,100-199_non_teaching_government,2
010036,ANDALUSIA HEALTH,ANDALUSIA,AL,36420,COVINGTON,88.0,25-99,Proprietary,For-Profit,False,False,South,25-99_non_teaching_for_profit,2
010039,HUNTSVILLE HOSPITAL,HUNTSVILLE,AL,35801,MADISON,881.0,600+,Government - Hospital District or Authority,Government,True,True,South,600+_teaching_government,2
010040,GADSDEN REGIONAL MEDICAL CENTER,GADSDEN,AL,35903,ETOWAH,346.0,200-399,Proprietary,For-Profit,False,True,South,200-399_non_teaching_for_profit,1
010044,MARION REGIONAL MEDICAL CENTER,HAMILTON,AL,35570,MARION,57.0,25-99,Voluntary non-profit - Private,Nonprofit,False,False,South,25-99_non_teaching_nonprofit,Not Available
010045,FAYETTE MEDICAL CENTER,FAYETTE,AL,35555,FAYETTE,61.0,25-99,Voluntary non-profit - Other,Nonprofit,False,False,South,25-99_non_teaching_nonprofit,2
010046,RIVERVIEW REGIONAL MEDICAL CENTER,GADSDEN,AL,35901,ETOWAH,281.0,200-399,Proprietary,For-Profit,False,True,South,200-399_non_teaching_for_profit,2
010049,MEDICAL CENTER ENTERPRISE,ENTERPRISE,AL,36330,COFFEE,131.0,100-199,Proprietary,For-Profit,False,False,South,100-199_non_teaching_for_profit,3
010051,GREENE COUNTY HOSPITAL,EUTAW,AL,35462,GREENE,20.0,1-24,Voluntary non-profit - Other,Nonprofit,False,True,South,1-24_non_teaching_nonprofit,Not Available
010052,LAKE MARTIN COMMUNITY HOSPITAL,DADEVILLE,AL,36853,TALLAPOOSA,46.0,25-99,Proprietary,For-Profit,False,False,South,25-99_non_teaching_for_profit,Not Available
010055,FLOWERS HOSPITAL,DOTHAN,AL,36302,HOUSTON,235.0,200-399,Proprietary,For-Profit,False,True,South,200-399_non_teaching_for_profit,2
010056,ST VINCENT'S BIRMINGHAM,BIRMINGHAM,AL,35205,JEFFERSON,409.0,400-599,Voluntary non-profit - Private,Nonprofit,False,True,South,400-599_non_teaching_nonprofit,3
010058,BIBB MEDICAL CENTER,CENTREVILLE,AL,35042,BIBB,35.0,25-99,Government - Hospital District or Authority,Government,False,True,South,25-99_non_teaching_government,Not Available
010059,LAWRENCE MEDICAL CENTER,MOULTON,AL,35650,LAWRENCE,98.0,25-99,Government - Hospital District or Authority,Government,False,True,South,25-99_non_teaching_government,Not Available
010061,HIGHLANDS MEDICAL CENTER,SCOTTSBORO,AL,35768,JACKSON,170.0,100-199,Government - Hospital District or Authority,Government,False,False,South,100-199_non_teaching_government,3
010062,WIREGRASS MEDICAL CENTER,GENEVA,AL,36340,GENEVA,87.0,25-99,Government - Hospital District or Authority,Government,False,True,South,25-99_non_teaching_government,Not Available
010065,RUSSELL MEDICAL CENTER,ALEXANDER CITY,AL,35010,TALLAPOOSA,81.0,25-99,Voluntary non-profit - Private,Nonprofit,False,False,South,25-99_non_teaching_nonprofit,3
010073,CLAY COUNTY HOSPITAL,ASHLAND,AL,36251,CLAY,53.0,25-99,Government - Hospital District or Authority,Government,False,False,South,25-99_non_teaching_government,Not Available
010078,NORTHEAST ALABAMA REGIONAL MEDICAL CENTER,ANNISTON,AL,36207,CALHOUN,323.0,200-399,Government - Local,Government,True,True,South,200-399_teaching_government,1
010079,ATHENS LIMESTONE HOSPITAL,ATHENS,AL,35611,LIMESTONE,71.0,25-99,Government - Hospital District or Authority,Government,False,True,South,25-99_non_teaching_government,3
010083,BALDWIN HEALTH,FOLEY,AL,36535,BALDWIN,112.0,100-199,Proprietary,For-Profit,False,True,South,100-199_non_teaching_for_profit,4
010085,DECATUR MORGAN HOSPITAL - DECATUR CAMPUS,DECATUR,AL,35601,MORGAN,457.0,400-599,Government - Hospital District or Authority,Government,False,True,South,400-599_non_teaching_government,3
010086,NORTHWEST MEDICAL CENTER,WINFIELD,AL,35594,FAYETTE,71.0,25-99,Proprietary,For-Profit,False,False,South,25-99_non_teaching_for_profit,4
010087,USA HEALTH UNIVERSITY HOSPITAL,MOBILE,AL,36617,MOBILE,406.0,400-599,Government - State,Government,True,True,South,400-599_teaching_government,2
010089,WALKER BAPTIST MEDICAL CENTER,JASPER,AL,35502,WALKER,267.0,200-399,Proprietary,For-Profit,False,False,South,200-399_non_teaching_for_profit,3
010090,"USA HEALTH HCA PROVIDENCE HOSPITAL, LLC",MOBILE,AL,36608,MOBILE,349.0,200-399,Voluntary non-profit - Church,Nonprofit,False,True,South,200-399_non_teaching_nonprofit,3
010091,GROVE HILL MEMORIAL HOSPITAL,GROVE HILL,AL,36451,CLARKE,50.0,25-99,Government - Hospital District or Authority,Government,False,False,South,25-99_non_teaching_government,Not Available
010092,DCH REGIONAL MEDICAL CENTER,TUSCALOOSA,AL,35401,TUSCALOOSA,787.0,600+,Government - Hospital District or Authority,Government,True,True,South,600+_teaching_government,1
010095,HALE COUNTY HOSPITAL,GREENSBORO,AL,36744,HALE,39.0,25-99,Government - Hospital District or Authority,Government,False,True,South,25-99_non_teaching_government,Not Available
010097,ELMORE COMMUNITY HOSPITAL,WETUMPKA,AL,36092,ELMORE,38.0,25-99,Proprietary,For-Profit,False,True,South,25-99_non_teaching_for_profit,Not Available
010099,D W MCMILLAN MEMORIAL HOSPITAL,BREWTON,AL,36426,ESCAMBIA,65.0,25-99,Government - Hospital District or Authority,Government,False,False,South,25-99_non_teaching_government,Not Available
010100,THOMAS HOSPITAL,FAIRHOPE,AL,36532,BALDWIN,162.0,100-199,Voluntary non-profit - Private,Nonprofit,True,True,South,100-199_teaching_nonprofit,3
010101,CITIZENS BAPTIST MEDICAL CENTER,TALLADEGA,AL,35160,TALLADEGA,122.0,100-199,Voluntary non-profit - Private,Nonprofit,False,False,South,100-199_non_teaching_nonprofit,Not Available
010103,PRINCETON BAPTIST MEDICAL CENTER,BIRMINGHAM,AL,35211,JEFFERSON,505.0,400-599,Voluntary non-profit - Church,Nonprofit,True,True,South,400-599_teaching_nonprofit,3
010104,GRANDVIEW MEDICAL CENTER,BIRMINGHAM,AL,35243,JEFFERSON,422.0,400-599,Proprietary,For-Profit,False,True,South,400-599_non_teaching_for_profit,2
010108,PRATTVILLE BAPTIST HOSPITAL,PRATTVILLE,AL,36067,AUTAUGA,85.0,25-99,Government - Hospital District or Authority,Government,False,True,South,25-99_non_teaching_government,3
010110,BULLOCK COUNTY HOSPITAL,UNION SPRINGS,AL,36089,BULLOCK,48.0,25-99,Proprietary,For-Profit,False,False,South,25-99_non_teaching_for_profit,Not Available
010112,WHITFIELD REGIONAL HOSPITAL,DEMOPOLIS,AL,36732,MARENGO,99.0,25-99,Government - Hospital District or Authority,Government,False,False,South,25-99_non_teaching_government,Not Available
010113,MOBILE INFIRMARY MEDICAL CENTER,MOBILE,AL,36607,MOBILE,669.0,600+,Voluntary non-profit - Private,Nonprofit,True,True,South,600+_teaching_nonprofit,2
010114,"MEDICAL WEST, AN AFFILIATE OF UAB HEALTH SYSTEM",BESSEMER,AL,35022,JEFFERSON,310.0,200-399,Government - Hospital District or Authority,Government,False,True,South,200-399_non_teaching_government,2
010118,VAUGHAN REGIONAL MEDICAL CENTER PARKWAY CAMPUS,SELMA,AL,36701,DALLAS,214.0,200-399,Proprietary,For-Profit,True,False,South,200-399_teaching_for_profit,2
010120,MONROE COUNTY HOSPITAL,MONROEVILLE,AL,36460,MONROE,94.0,25-99,Government - Hospital District or Authority,Government,False,False,South,25-99_non_teaching_government,Not Available
010125,LAKELAND COMMUNITY HOSPITAL,HALEYVILLE,AL,35565,WINSTON,49.0,25-99,Proprietary,For-Profit,False,False,South,25-99_non_teaching_for_profit,4
010126,TROY REGIONAL MEDICAL CENTER,TROY,AL,36081,PIKE,97.0,25-99,Government - Federal,Government,True,False,South,25-99_teaching_government,Not Available
010128,JACKSON MEDICAL CENTER,JACKSON,AL,36545,CLARKE,35.0,25-99,Proprietary,For-Profit,False,False,South,25-99_non_teaching_for_profit,Not Available
010129,NORTH BALDWIN INFIRMARY,BAY MINETTE,AL,36507,BALDWIN,78.0,25-99,Voluntary non-profit - Private,Nonprofit,False,True,South,25-99_non_teaching_nonprofit,Not Available
010130,ST VINCENT'S ST CLAIR,PELL CITY,AL,35125,ST. CLAIR,40.0,25-99,Voluntary non-profit - Private,Nonprofit,False,True,South,25-99_non_teaching_nonprofit,3
010131,CRESTWOOD MEDICAL CENTER,HUNTSVILLE,AL,35801,MADISON,147.0,100-199,Proprietary,For-Profit,False,True,South,100-199_non_teaching_for_profit,2
010138,HILL HOSPITAL OF SUMTER COUNTY,YORK,AL,36925,SUMTER,33.0,25-99,Government - Hospital District or Authority,Government,False,False,South,25-99_non_teaching_government,Not Available
010139,BROOKWOOD BAPTIST MEDICAL CENTER,VESTAVIA,AL,35216,JEFFERSON,595.0,400-599,Proprietary,For-Profit,False,True,South,400-599_non_teaching_for_profit,2
010144,SPRINGHILL MEDICAL CENTER,MOBILE,AL,36608,MOBILE,263.0,200-399,Proprietary,For-Profit,False,True,South,200-399_non_teaching_for_profit,2
010148,EVERGREEN MEDICAL CENTER,EVERGREEN,AL,36401,CONECUH,44.0,25-99,Proprietary,For-Profit,False,False,South,25-99_non_teaching_for_profit,2
010149,BAPTIST MEDICAL CENTER EAST,MONTGOMERY,AL,36117,MONTGOMERY,150.0,100-199,Government - Hospital District or Authority,Government,False,True,South,100-199_non_teaching_government,4
01014F,BIRMINGHAM VA MEDICAL CENTER,BIRMINGHAM,AL,35233,JEFFERSON,479.0,400-599,Veterans Health Administration,Other,False,True,South,400-599_non_teaching_other,5
010150,THE HEALTH CARE AUTHORITY OF THE CITY OF GREENVILLE- LV STABLER HOSPITAL,GREENVILLE,AL,36037,BUTLER,72.0,25-99,Proprietary,For-Profit,False,False,South,25-99_non_teaching_for_profit,Not Available
010157,NORTH ALABAMA SHOALS HOSPITAL,MUSCLE SHOALS,AL,35661,COLBERT,198.0,100-199,Proprietary,For-Profit,False,True,South,100-199_non_teaching_for_profit,Not Available
010158,RUSSELLVILLE HOSPITAL,RUSSELLVILLE,AL,35653,FRANKLIN,100.0,100-199,Proprietary,For-Profit,False,False,South,100-199_non_teaching_for_profit,2
010164,COOSA VALLEY MEDICAL CENTER,SYLACAUGA,AL,35150,TALLADEGA,168.0,100-199,Government - Hospital District or Authority,Government,True,False,South,100-199_teaching_government,3
010168,JACK HUGHSTON MEMORIAL HOSPITAL,PHENIX CITY,AL,36867,RUSSELL,70.0,25-99,Government - State,Government,False,True,South,25-99_non_teaching_government,Not Available
010169,ATMORE COMMUNITY HOSPITAL,ATMORE,AL,36502,ESCAMBIA,49.0,25-99,Government - Hospital District or Authority,Government,False,False,South,25-99_non_teaching_government,Not Available
010173,ST VINCENT'S CHILTON,CLANTON,AL,35045,CHILTON,30.0,25-99,Voluntary non-profit - Church,Nonprofit,False,True,South,25-99_non_teaching_nonprofit,Not Available
01019F,VA CENTRAL ALABAMA HEALTHCARE SYSTEM - MONTGOMERY,MONTGOMERY,AL,36109,MONTGOMERY,285.0,200-399,Veterans Health Administration,Other,False,True,South,200-399_non_teaching_other,5
01021F,TUSCALOOSA VA MEDICAL CENTER,TUSCALOOSA,AL,35404,TUSCALOOSA,928.0,600+,Veterans Health Administration,Other,False,True,South,600+_non_teaching_other,Not Available
020001,PROVIDENCE ALASKA MEDICAL CENTER,ANCHORAGE,AK,99508,ANCHORAGE,401.0,400-599,Voluntary non-profit - Church,Nonprofit,True,True,West,400-599_teaching_nonprofit,3
020006,MAT-SU REGIONAL MEDICAL CENTER,PALMER,AK,99645,MATANUSKA-SUSITNA,74.0,25-99,Voluntary non-profit - Other,Nonprofit,False,True,West,25-99_non_teaching_nonprofit,3
020008,BARTLETT REGIONAL HOSPITAL,JUNEAU,AK,99801,JUNEAU,57.0,25-99,Government - Local,Government,True,False,West,25-99_teaching_government,5
020012,FAIRBANKS MEMORIAL HOSPITAL,FAIRBANKS,AK,99701,FAIRBANKS NORTH STAR,162.0,100-199,Voluntary non-profit - Private,Nonprofit,True,True,West,100-199_teaching_nonprofit,3
020017,ALASKA REGIONAL HOSPITAL,ANCHORAGE,AK,99508,ANCHORAGE,250.0,200-399,Proprietary,For-Profit,False,True,West,200-399_non_teaching_for_profit,2
020018,YUKON KUSKOKWIM DELTA REG HOSPITAL,BETHEL,AK,99559,BETHEL,50.0,25-99,Tribal,Government,True,False,West,25-99_teaching_government,Not Available
020024,CENTRAL PENINSULA GENERAL HOSPITAL,SOLDOTNA,AK,99669,KENAI PENINSULA,49.0,25-99,Voluntary non-profit - Other,Nonprofit,False,False,West,25-99_non_teaching_nonprofit,1
020026,ALASKA NATIVE MEDICAL CENTER,ANCHORAGE,AK,99508,ANCHORAGE,167.0,100-199,Government - Federal,Government,True,True,West,100-199_teaching_government,3
02013F,673rd Medical Group (Joint Base Elmendorf-Richardson),JBER,AK,99506,ANCHORAGE,,,Department of Defense,Other,False,False,West,nan_non_teaching_other,Not Available
02014F,Bassett ACH (FT Wainwright),Fort Wainwright,AK,99703,FAIRBANKS NORTH STAR,,,Department of Defense,Other,False,False,West,nan_non_teaching_other,Not Available
030002,BANNER - UNIVERSITY MEDICAL CENTER PHOENIX,PHOENIX,AZ,85006,MARICOPA,766.0,600+,Voluntary non-profit - Other,Nonprofit,True,True,West,600+_teaching_nonprofit,3
030006,TUCSON MEDICAL CENTER,TUCSON,AZ,85712,PIMA,596.0,400-599,Voluntary non-profit - Private,Nonprofit,True,True,West,400-599_teaching_nonprofit,2
030007,VERDE VALLEY MEDICAL CENTER,COTTONWOOD,AZ,86326,YAVAPAI,98.0,25-99,Voluntary non-profit - Private,Nonprofit,False,True,West,25-99_non_teaching_nonprofit,3
030010,ST. MARY'S HOSPITAL,TUCSON,AZ,85745,PIMA,400.0,400-599,Voluntary non-profit - Private,Nonprofit,False,True,West,400-599_non_teaching_nonprofit,3
030011,ST JOSEPH'S HOSPITAL,TUCSON,AZ,85711,PIMA,486.0,400-599,Voluntary non-profit - Other,Nonprofit,False,True,West,400-599_non_teaching_nonprofit,2
030012,YAVAPAI REGIONAL MEDICAL CENTER,PRESCOTT,AZ,86301,YAVAPAI,218.0,200-399,Voluntary non-profit - Private,Nonprofit,False,True,West,200-399_non_teaching_nonprofit,2
030013,YUMA REGIONAL MEDICAL CENTER,YUMA,AZ,85364,YUMA,369.0,200-399,Voluntary non-profit - Private,Nonprofit,True,True,West,200-399_teaching_nonprofit,2
030014,HONOR HEALTH JOHN C. LINCOLN MEDICAL CENTER,PHOENIX,AZ,85020,MARICOPA,262.0,200-399,Voluntary non-profit - Private,Nonprofit,True,True,West,200-399_teaching_nonprofit,3
030016,BANNER CASA GRANDE MEDICAL CENTER,CASA GRANDE,AZ,85122,PINAL,141.0,100-199,Voluntary non-profit - Other,Nonprofit,False,True,West,100-199_non_teaching_nonprofit,2
030022,VALLEYWISE HEALTH MEDICAL CENTER,PHOENIX,AZ,85008,MARICOPA,758.0,600+,Government - Local,Government,True,True,West,600+_teaching_government,3
030023,FLAGSTAFF MEDICAL CENTER,FLAGSTAFF,AZ,86001,COCONINO,264.0,200-399,Voluntary non-profit - Private,Nonprofit,False,True,West,200-399_non_teaching_nonprofit,4
030024,ST JOSEPHS HOSPITAL AND MEDICAL CENTER,PHOENIX,AZ,85013,MARICOPA,586.0,400-599,Voluntary non-profit - Church,Nonprofit,True,True,West,400-599_teaching_nonprofit,3
030030,ABRAZO CENTRAL CAMPUS,PHOENIX,AZ,85015,MARICOPA,206.0,200-399,Physician,Other,False,True,West,200-399_non_teaching_other,2
030036,CHANDLER REGIONAL MEDICAL CENTER,CHANDLER,AZ,85224,MARICOPA,429.0,400-599,Voluntary non-profit - Private,Nonprofit,False,True,West,400-599_non_teaching_nonprofit,4
030037,HONORHEALTH TEMPE MEDICAL CENTER,PHOENIX,AZ,85006,MARICOPA,219.0,200-399,Proprietary,For-Profit,False,True,West,200-399_non_teaching_for_profit,Not Available
030038,HONORHEALTH SCOTTSDALE OSBORN MEDICAL CENTER,SCOTTSDALE,AZ,85251,MARICOPA,341.0,200-399,Proprietary,For-Profit,True,True,West,200-399_teaching_for_profit,3
030043,CANYON VISTA MEDICAL CENTER,SIERRA VISTA,AZ,85635,COCHISE,100.0,100-199,Voluntary non-profit - Other,Nonprofit,False,True,West,100-199_non_teaching_nonprofit,2
030055,KINGMAN REGIONAL MEDICAL CENTER,KINGMAN,AZ,86401,MOHAVE,235.0,200-399,Government - Hospital District or Authority,Government,True,True,West,200-399_teaching_government,4
030061,BANNER BOSWELL MEDICAL CENTER,SUN CITY,AZ,85351,MARICOPA,434.0,400-599,Voluntary non-profit - Other,Nonprofit,True,True,West,400-599_teaching_nonprofit,3
030062,SUMMIT HEALTHCARE REGIONAL MEDICAL CENTER,SHOW LOW,AZ,85901,NAVAJO,101.0,100-199,Voluntary non-profit - Private,Nonprofit,False,False,West,100-199_non_teaching_nonprofit,4
030064,BANNER - UNIVERSITY MEDICAL CENTER TUCSON CAMPUS,TUCSON,AZ,85719,PIMA,625.0,600+,Voluntary non-profit - Private,Nonprofit,True,True,West,600+_teaching_nonprofit,3
030065,BANNER DESERT MEDICAL CENTER,MESA,AZ,85202,MARICOPA,595.0,400-599,Voluntary non-profit - Private,Nonprofit,False,True,West,400-599_non_teaching_nonprofit,2
030069,HAVASU REGIONAL MEDICAL CENTER,LAKE HAVASU CITY,AZ,86403,MOHAVE,152.0,100-199,Proprietary,For-Profit,False,True,West,100-199_non_teaching_for_profit,3
030071,FORT DEFIANCE INDIAN HOSPITAL,FT. DEFIANCE,AZ,86504,APACHE,70.0,25-99,Tribal,Government,False,False,West,25-99_non_teaching_government,Not Available
030073,TUBA CITY REGIONAL HEALTH CARE CORPORATION,TUBA CITY,AZ,86045,COCONINO,103.0,100-199,Voluntary non-profit - Other,Nonprofit,True,True,West,100-199_teaching_nonprofit,Not Available
030074,SELLS HOSPITAL,SELLS,AZ,85634,PIMA,32.0,25-99,Tribal,Government,False,True,West,25-99_non_teaching_government,Not Available
030078,PHOENIX INDIAN MEDICAL CENTER,PHOENIX,AZ,85016,MARICOPA,179.0,100-199,Government - Federal,Government,False,True,West,100-199_non_teaching_government,Not Available
030083,ABRAZO SCOTTSDALE CAMPUS,PHOENIX,AZ,85032,MARICOPA,136.0,100-199,Proprietary,For-Profit,True,True,West,100-199_teaching_for_profit,2
030084,CHINLE COMPREHENSIVE HEALTH CARE FACILITY,CHINLE,AZ,86503,APACHE,10.0,1-24,Government - Federal,Government,False,False,West,1-24_non_teaching_government,Not Available
030085,NORTHWEST MEDICAL CENTER,TUCSON,AZ,85741,PIMA,300.0,200-399,Proprietary,For-Profit,False,True,West,200-399_non_teaching_for_profit,2
030087,HONORHEALTH SCOTTSDALE SHEA MEDICAL CENTER,SCOTTSDALE,AZ,85260,MARICOPA,425.0,400-599,Proprietary,For-Profit,True,True,West,400-599_teaching_for_profit,3
030088,BANNER BAYWOOD MEDICAL CENTER,MESA,AZ,85206,MARICOPA,359.0,200-399,Voluntary non-profit - Private,Nonprofit,False,True,West,200-399_non_teaching_nonprofit,2
030089,BANNER THUNDERBIRD MEDICAL CENTER,GLENDALE,AZ,85306,MARICOPA,561.0,400-599,Government - Hospital District or Authority,Government,False,True,West,400-599_non_teaching_government,3
030092,HONORHEALTH DEER VALLEY MEDICAL CENTER,PHOENIX,AZ,85027,MARICOPA,204.0,200-399,Voluntary non-profit - Private,Nonprofit,True,True,West,200-399_teaching_nonprofit,2
030093,BANNER DEL E. WEBB MEDICAL CENTER,SUN CITY WEST,AZ,85375,MARICOPA,394.0,200-399,Voluntary non-profit - Private,Nonprofit,False,True,West,200-399_non_teaching_nonprofit,3
030094,ABRAZO ARROWHEAD HOSPITAL,GLENDALE,AZ,85308,MARICOPA,217.0,200-399,Proprietary,For-Profit,True,True,West,200-399_teaching_for_profit,2
030101,WESTERN ARIZONA REGIONAL MEDICAL CENTER,BULLHEAD CITY,AZ,86442,MOHAVE,139.0,100-199,Proprietary,For-Profit,False,True,West,100-199_non_teaching_for_profit,2
030103,MAYO CLINIC HOSPITAL,PHOENIX,AZ,85054,MARICOPA,280.0,200-399,Voluntary non-profit - Private,Nonprofit,True,True,West,200-399_teaching_nonprofit,5
030105,BANNER HEART HOSPITAL,MESA,AZ,85206,MARICOPA,111.0,100-199,Voluntary non-profit - Private,Nonprofit,False,True,West,100-199_non_teaching_nonprofit,3
030107,ARIZONA SPINE AND JOINT HOSPITAL,MESA,AZ,85206,MARICOPA,23.0,1-24,Physician,Other,False,True,West,1-24_non_teaching_other,Not Available
030108,THE CORE INSTITUTE SPECIALTY HOSP,PHOENIX,AZ,85015,MARICOPA,32.0,25-99,Physician,Other,True,True,West,25-99_teaching_other,Not Available
030110,ABRAZO WEST CAMPUS,GOODYEAR,AZ,85395,MARICOPA,200.0,200-399,Proprietary,For-Profit,True,True,West,200-399_teaching_for_profit,2
030111,BANNER-UNIVERSITY MEDICAL CENTER SOUTH CAMPUS,TUCSON,AZ,85713,PIMA,245.0,200-399,Voluntary non-profit - Private,Nonprofit,True,True,West,200-399_teaching_nonprofit,3
030112,ARIZONA ORTHOPEDIC AND SURGICAL SPECIALTY HOSPITAL,PHOENIX,AZ,85008,MARICOPA,24.0,1-24,Proprietary,For-Profit,False,True,West,1-24_non_teaching_for_profit,Not Available
030113,WHITERIVER PHS INDIAN HOSPITAL,WHITERIVER,AZ,85941,NAVAJO,40.0,25-99,Government - Federal,Government,False,False,West,25-99_non_teaching_government,Not Available
030114,ORO VALLEY HOSPITAL,ORO VALLEY,AZ,85755,PIMA,146.0,100-199,Proprietary,For-Profit,False,True,West,100-199_non_teaching_for_profit,3
030115,BANNER ESTRELLA MEDICAL CENTER,PHOENIX,AZ,85037,MARICOPA,317.0,200-399,Voluntary non-profit - Private,Nonprofit,True,True,West,200-399_teaching_nonprofit,3
030117,VALLEY VIEW MEDICAL CENTER,FORT MOHAVE,AZ,86426,MOHAVE,84.0,25-99,Proprietary,For-Profit,False,True,West,25-99_non_teaching_for_profit,2
030119,MERCY GILBERT MEDICAL CENTER,GILBERT,AZ,85297,MARICOPA,197.0,100-199,Voluntary non-profit - Church,Nonprofit,False,True,West,100-199_non_teaching_nonprofit,5
030121,HONORHEALTH MOUNTAIN VISTA MEDICAL CENTER,MESA,AZ,85209,MARICOPA,178.0,100-199,Proprietary,For-Profit,True,True,West,100-199_teaching_for_profit,2
030122,BANNER GATEWAY MEDICAL CENTER,GILBERT,AZ,85234,MARICOPA,177.0,100-199,Voluntary non-profit - Other,Nonprofit,True,True,West,100-199_teaching_nonprofit,4
030123,HONORHEALTH SCOTTSDALE THOMPSON PEAK MED CTR,SCOTTSDALE,AZ,85255,MARICOPA,120.0,100-199,Voluntary non-profit - Private,Nonprofit,True,True,West,100-199_teaching_nonprofit,4
03012F,PHOENIX VA MEDICAL CENTER,PHOENIX,AZ,85012,MARICOPA,295.0,200-399,Veterans Health Administration,Other,False,True,West,200-399_non_teaching_other,5
030130,BANNER IRONWOOD MEDICAL CENTER,QUEEN CREEK,AZ,85140,PINAL,53.0,25-99,Voluntary non-profit - Private,Nonprofit,True,True,West,25-99_teaching_nonprofit,3
030134,BANNER GOLDFIELD MEDICAL CENTER,APACHE JUNCTION,AZ,85120,PINAL,20.0,1-24,Voluntary non-profit - Other,Nonprofit,False,True,West,1-24_non_teaching_nonprofit,Not Available
030136,DIGNITY HEALTH - ARIZONA GENERAL HOSPITAL,LAVEEN,AZ,85339,MARICOPA,16.0,1-24,Proprietary,For-Profit,False,True,West,1-24_non_teaching_for_profit,Not Available
030138,CITY OF HOPE CANCER CENTER PHOENIX,GOODYEAR,AZ,85338,MARICOPA,38.0,25-99,Proprietary,For-Profit,False,True,West,25-99_non_teaching_for_profit,5
030139,DIGNITY HEALTH ARIZONA GENERAL HOSPITAL,MESA,AZ,85212,MARICOPA,50.0,25-99,Voluntary non-profit - Private,Nonprofit,False,True,West,25-99_non_teaching_nonprofit,3
03013F,VA S. ARIZONA HEALTHCARE SYSTEM,TUCSON,AZ,85723,PIMA,381.0,200-399,Veterans Health Administration,Other,False,True,West,200-399_non_teaching_other,4
030146,HONORHEALTH SONORAN CROSSING MEDICAL CENTER,PHOENIX,AZ,85085,MARICOPA,70.0,25-99,Voluntary non-profit - Private,Nonprofit,False,True,West,25-99_non_teaching_nonprofit,4
030147,BANNER OCOTILLO MEDICAL CENTER,CHANDLER,AZ,85286,MARICOPA,94.0,25-99,Voluntary non-profit - Private,Nonprofit,False,True,West,25-99_non_teaching_nonprofit,2
030148,NORTHWEST MEDICAL CENTER SAHUARITA,SAHUARITA,AZ,85629,PIMA,18.0,1-24,Voluntary non-profit - Private,Nonprofit,False,True,West,1-24_non_teaching_nonprofit,3
030152,EXCEPTIONAL COMMUNITY HOSPITAL - MARICOPA,MARICOPA,AZ,85139,PINAL,9.0,1-24,Proprietary,For-Profit,False,True,West,1-24_non_teaching_for_profit,Not Available
030153,EAST VALLEY ER & HOSPITAL,GILBERT,AZ,85295,MARICOPA,14.0,1-24,Proprietary,For-Profit,False,True,West,1-24_non_teaching_for_profit,Not Available
030154,EXCEPTIONAL COMMUNITY HOSPITAL YUMA,YUMA,AZ,85365,YUMA,9.0,1-24,Proprietary,For-Profit,False,True,West,1-24_non_teaching_for_profit,Not Available
030155,EXCEPTIONAL COMMUNITY HOSPITAL BULLHEAD CITY,BULLHEAD CITY,AZ,86442,MOHAVE,8.0,1-24,Proprietary,For-Profit,False,True,West,1-24_non_teaching_for_profit,Not Available
03033F,VA NORTHERN ARIZONA HEALTHCARE SYSTEM,PRESCOTT,AZ,86313,YAVAPAI,225.0,200-399,Veterans Health Administration,Other,False,True,West,200-399_non_teaching_other,5
040001,SILOAM SPRINGS REGIONAL HOSPITAL,SILOAM SPRINGS,AR,72761,BENTON,73.0,25-99,Proprietary,For-Profit,False,True,South,25-99_non_teaching_for_profit,3
040002,JOHNSON REGIONAL MEDICAL CENTER,CLARKSVILLE,AR,72830,JOHNSON,90.0,25-99,Voluntary non-profit - Private,Nonprofit,False,False,South,25-99_non_teaching_nonprofit,3
040004,WASHINGTON REGIONAL MEDICAL CENTER,FAYETTEVILLE,AR,72703,WASHINGTON,425.0,400-599,Voluntary non-profit - Private,Nonprofit,True,True,South,400-599_teaching_nonprofit,4
040007,CHI-ST VINCENT INFIRMARY,LITTLE ROCK,AR,72205,PULASKI,615.0,600+,Voluntary non-profit - Private,Nonprofit,False,True,South,600+_non_teaching_nonprofit,3
040010,MERCY HOSPITAL NORTHWEST ARKANSAS,ROGERS,AR,72758,BENTON,275.0,200-399,Voluntary non-profit - Private,Nonprofit,True,True,South,200-399_teaching_nonprofit,4
040011,CHAMBERS MEMORIAL HOSPITAL,DANVILLE,AR,72833,YELL,42.0,25-99,Voluntary non-profit - Private,Nonprofit,False,False,South,25-99_non_teaching_nonprofit,3
040014,WHITE COUNTY MEDICAL CENTER,SEARCY,AR,72143,WHITE,571.0,400-599,Voluntary non-profit - Private,Nonprofit,True,False,South,400-599_teaching_nonprofit,3
040016,University of Arkansas Medical Sciences,LITTLE ROCK,AR,72205,PULASKI,450.0,400-599,Government - State,Government,True,True,South,400-599_teaching_government,2
040017,NORTH ARKANSAS REGIONAL MEDICAL CENTER,HARRISON,AR,72601,BOONE,174.0,100-199,Voluntary non-profit - Private,Nonprofit,False,False,South,100-199_non_teaching_nonprofit,3
040018,BAPTIST HEALTH - VAN BUREN,VAN BUREN,AR,72956,CRAWFORD,103.0,100-199,Voluntary non-profit - Private,Nonprofit,True,True,South,100-199_teaching_nonprofit,Not Available
040019,FORREST CITY MEDICAL CENTER,FORREST CITY,AR,72335,ST. FRANCIS,118.0,100-199,Proprietary,For-Profit,False,False,South,100-199_non_teaching_for_profit,Not Available
040020,ST BERNARDS MEDICAL CENTER,JONESBORO,AR,72401,CRAIGHEAD,440.0,400-599,Voluntary non-profit - Private,Nonprofit,True,True,South,400-599_teaching_nonprofit,1
040022,NORTHWEST MEDICAL CENTER-SPRINGDALE,SPRINGDALE,AR,72764,WASHINGTON,414.0,400-599,Proprietary,For-Profit,True,True,South,400-599_teaching_for_profit,2
040026,CHI ST. VINCENT HOSPITAL HOT SPRINGS,HOT SPRINGS,AR,71903,GARLAND,282.0,200-399,Voluntary non-profit - Private,Nonprofit,True,True,South,200-399_teaching_nonprofit,3
040027,BAXTER HEALTH,MOUNTAIN HOME,AR,72653,BAXTER,268.0,200-399,Voluntary non-profit - Private,Nonprofit,False,False,South,200-399_non_teaching_nonprofit,1
040029,"CONWAY REGIONAL MEDICAL CENTER, INC",CONWAY,AR,72034,FAULKNER,150.0,100-199,Voluntary non-profit - Private,Nonprofit,False,True,South,100-199_non_teaching_nonprofit,3
040036,BAPTIST HEALTH MEDICAL CENTER NORTH LITTLE ROCK,NORTH LITTLE ROCK,AR,72117,PULASKI,225.0,200-399,Voluntary non-profit - Private,Nonprofit,True,True,South,200-399_teaching_nonprofit,1
040039,ARKANSAS METHODIST MEDICAL CENTER,PARAGOULD,AR,72450,GREENE,129.0,100-199,Voluntary non-profit - Private,Nonprofit,False,False,South,100-199_non_teaching_nonprofit,2
040041,ST MARYS REGIONAL MEDICAL CENTER,RUSSELLVILLE,AR,72801,POPE,170.0,100-199,Proprietary,For-Profit,False,False,South,100-199_non_teaching_for_profit,3
040050,OUACHITA COUNTY MEDICAL CENTER,CAMDEN,AR,71701,OUACHITA,49.0,25-99,Voluntary non-profit - Private,Nonprofit,False,False,South,25-99_non_teaching_nonprofit,1
040051,BAPTIST HEALTH MEDICAL CENTER-DREW COUNTY,MONTICELLO,AR,71655,DREW,60.0,25-99,Voluntary non-profit - Private,Nonprofit,False,False,South,25-99_non_teaching_nonprofit,2
040055,BAPTIST HEALTH - FORT SMITH,FORT SMITH,AR,72901,SEBASTIAN,492.0,400-599,Voluntary non-profit - Private,Nonprofit,True,True,South,400-599_teaching_nonprofit,2
040062,MERCY HOSPITAL FORT SMITH,FORT SMITH,AR,72903,SEBASTIAN,360.0,200-399,Voluntary non-profit - Private,Nonprofit,True,True,South,200-399_teaching_nonprofit,3
040067,MAGNOLIA REGIONAL MEDICAL HOSPITAL,MAGNOLIA,AR,71753,COLUMBIA,70.0,25-99,Government - Local,Government,True,False,South,25-99_teaching_government,2
040069,GREAT RIVER MEDICAL CENTER,BLYTHEVILLE,AR,72315,MISSISSIPPI,168.0,100-199,Government - Local,Government,False,False,South,100-199_non_teaching_government,1
040071,JEFFERSON REGIONAL MEDICAL CENTER,PINE BLUFF,AR,71603,JEFFERSON,300.0,200-399,Voluntary non-profit - Private,Nonprofit,True,True,South,200-399_teaching_nonprofit,2
040072,BAPTIST HEALTH MEDICAL CENTER-STUTTGART,STUTTGART,AR,72160,ARKANSAS,49.0,25-99,Voluntary non-profit - Private,Nonprofit,False,False,South,25-99_non_teaching_nonprofit,4
040076,BAPTIST HEALTH MEDICAL CENTER-HOT SPRINGS COUNTY,MALVERN,AR,72104,HOT SPRING,72.0,25-99,Voluntary non-profit - Private,Nonprofit,True,False,South,25-99_teaching_nonprofit,Not Available
040078,NATIONAL PARK MEDICAL CENTER,HOT SPRINGS,AR,71901,GARLAND,163.0,100-199,Proprietary,For-Profit,False,True,South,100-199_non_teaching_for_profit,1
040084,SALINE MEMORIAL HOSPITAL,BENTON,AR,72015,SALINE,177.0,100-199,Proprietary,For-Profit,False,True,South,100-199_non_teaching_for_profit,2
040088,SOUTH ARKANSAS REGIONAL HOSPITAL LLC,EL DORADO,AR,71730,UNION,149.0,100-199,Proprietary,For-Profit,True,False,South,100-199_teaching_for_profit,2
04009F,FAYETTEVILLE AR VA MEDICAL CENTER,FAYETTEVILLE,AR,72703,WASHINGTON,254.0,200-399,Veterans Health Administration,Other,False,True,South,200-399_non_teaching_other,5
04010F,VA CENTRAL AR. VETERANS HEALTHCARE SYSTEM LR,LITTLE ROCK,AR,72205,PULASKI,471.0,400-599,Veterans Health Administration,Other,False,True,South,400-599_non_teaching_other,3
040114,BAPTIST HEALTH MEDICAL CENTER-LITTLE ROCK,LITTLE ROCK,AR,72205,PULASKI,807.0,600+,Voluntary non-profit - Private,Nonprofit,True,True,South,600+_teaching_nonprofit,3
040118,"BAPTIST MEMORIAL HOSPITAL JONESBORO, INC.",JONESBORO,AR,72405,CRAIGHEAD,228.0,200-399,Voluntary non-profit - Private,Nonprofit,True,False,South,200-399_teaching_nonprofit,2
040119,WHITE RIVER MEDICAL CENTER,BATESVILLE,AR,72503,INDEPENDENCE,224.0,200-399,Voluntary non-profit - Private,Nonprofit,True,False,South,200-399_teaching_nonprofit,3
040132,LEVI HOSPITAL,HOT SPRINGS,AR,71901,GARLAND,50.0,25-99,Voluntary non-profit - Private,Nonprofit,False,True,South,25-99_non_teaching_nonprofit,Not Available
040134,"ARKANSAS HEART HOSPITAL, LLC",LITTLE ROCK,AR,72211,PULASKI,110.0,100-199,Proprietary,For-Profit,False,True,South,100-199_non_teaching_for_profit,4
040137,ST VINCENT MEDICAL CENTER/NORTH,SHERWOOD,AR,72120,PULASKI,69.0,25-99,Voluntary non-profit - Church,Nonprofit,False,True,South,25-99_non_teaching_nonprofit,4
040147,ARKANSAS SURGICAL HOSPITAL,NO LITTLE ROCK,AR,72118,PULASKI,47.0,25-99,Physician,Other,False,True,South,25-99_non_teaching_other,Not Available
040153,SOUTHWEST ARKANSAS REGIONAL MEDICAL CENTER LLC,HOPE,AR,71801,HEMPSTEAD,25.0,25-99,Proprietary,For-Profit,False,False,South,25-99_non_teaching_for_profit,Not Available
040154,BAPTIST HEALTH MEDICAL CENTER- CONWAY,CONWAY,AR,72032,FAULKNER,111.0,100-199,Voluntary non-profit - Private,Nonprofit,True,True,South,100-199_teaching_nonprofit,3
040156,"BAPTIST MEMORIAL HOSPITAL-CRITTENDEN, INC",WEST MEMPHIS,AR,72301,CRITTENDEN,11.0,1-24,Voluntary non-profit - Private,Nonprofit,False,True,South,1-24_non_teaching_nonprofit,Not Available
040161,ARKANSAS HEART HOSPITAL-ENCORE,BRYANT,AR,72019,SALINE,25.0,25-99,Proprietary,For-Profit,False,True,South,25-99_non_teaching_for_profit,3
040164,UNITY HEALTH - JACKSONVILLE,JACKSONVILLE,AR,72076,PULASKI,29.0,25-99,Voluntary non-profit - Private,Nonprofit,False,True,South,25-99_non_teaching_nonprofit,Not Available
050002,ST ROSE HOSPITAL,HAYWARD,CA,94545,ALAMEDA,129.0,100-199,Voluntary non-profit - Church,Nonprofit,False,True,West,100-199_non_teaching_nonprofit,1
050006,PROVIDENCE ST JOSEPH HOSPITAL,EUREKA,CA,95501,HUMBOLDT,140.0,100-199,Voluntary non-profit - Private,Nonprofit,False,False,West,100-199_non_teaching_nonprofit,3
050007,PENINSULA MEDICAL CENTER,BURLINGAME,CA,94010,SAN MATEO,301.0,200-399,Voluntary non-profit - Private,Nonprofit,False,True,West,200-399_non_teaching_nonprofit,5
050008,CALIFORNIA PACIFIC MEDICAL CTR-DAVIES CAMPUS HOSP,SAN FRANCISCO,CA,94117,SAN FRANCISCO,153.0,100-199,Voluntary non-profit - Other,Nonprofit,True,True,West,100-199_teaching_nonprofit,3
050009,PROVIDENCE QUEEN OF THE VALLEY MEDICAL CENTER,NAPA,CA,94558,NAPA,171.0,100-199,Voluntary non-profit - Private,Nonprofit,False,True,West,100-199_non_teaching_nonprofit,4
050013,ADVENTIST HEALTH ST HELENA,SAINT HELENA,CA,94574,NAPA,181.0,100-199,Voluntary non-profit - Private,Nonprofit,False,True,West,100-199_non_teaching_nonprofit,4
050014,SUTTER AMADOR HOSPITAL,JACKSON,CA,95642,AMADOR,52.0,25-99,Voluntary non-profit - Private,Nonprofit,False,False,West,25-99_non_teaching_nonprofit,4
050017,MERCY GENERAL HOSPITAL,SACRAMENTO,CA,95819,SACRAMENTO,419.0,400-599,Voluntary non-profit - Private,Nonprofit,True,True,West,400-599_teaching_nonprofit,4
050022,RIVERSIDE COMMUNITY HOSPITAL,RIVERSIDE,CA,92501,RIVERSIDE,517.0,400-599,Proprietary,For-Profit,True,True,West,400-599_teaching_for_profit,3
050024,PARADISE VALLEY HOSPITAL,NATIONAL CITY,CA,91950,SAN DIEGO,237.0,200-399,Proprietary,For-Profit,False,True,West,200-399_non_teaching_for_profit,3
050025,UC SAN DIEGO HEALTH HILLCREST - HILLCREST MED CTR,SAN DIEGO,CA,92103,SAN DIEGO,600.0,600+,Voluntary non-profit - Other,Nonprofit,True,True,West,600+_teaching_nonprofit,5
050026,GROSSMONT HOSPITAL,LA MESA,CA,91942,SAN DIEGO,536.0,400-599,Government - Hospital District or Authority,Government,False,True,West,400-599_non_teaching_government,3
050028,MAD RIVER COMMUNITY HOSPITAL,ARCATA,CA,95521,HUMBOLDT,80.0,25-99,Proprietary,For-Profit,False,False,West,25-99_non_teaching_for_profit,3
050030,OROVILLE HOSPITAL,OROVILLE,CA,95966,BUTTE,153.0,100-199,Voluntary non-profit - Private,Nonprofit,False,True,West,100-199_non_teaching_nonprofit,1
050036,BAKERSFIELD MEMORIAL HOSPITAL,BAKERSFIELD,CA,93301,KERN,421.0,400-599,Voluntary non-profit - Private,Nonprofit,False,True,West,400-599_non_teaching_nonprofit,2
050038,SANTA CLARA VALLEY MEDICAL CENTER,SAN JOSE,CA,95128,SANTA CLARA,1337.0,600+,Government - Local,Government,True,True,West,600+_teaching_government,3
050039,ENLOE HEALTH,CHICO,CA,95926,BUTTE,298.0,200-399,Voluntary non-profit - Private,Nonprofit,False,True,West,200-399_non_teaching_nonprofit,2
050040,LAC/OLIVE VIEW-UCLA MEDICAL CENTER,SYLMAR,CA,91342,LOS ANGELES,324.0,200-399,Voluntary non-profit - Other,Nonprofit,True,True,West,200-399_teaching_nonprofit,2
050042,ST ELIZABETH COMMUNITY HOSPITAL,RED BLUFF,CA,96080,TEHAMA,76.0,25-99,Voluntary non-profit - Church,Nonprofit,False,False,West,25-99_non_teaching_nonprofit,4
050043,ALTA BATES SUMMIT MEDICAL CENTER,OAKLAND,CA,94609,ALAMEDA,569.0,400-599,Voluntary non-profit - Private,Nonprofit,False,True,West,400-599_non_teaching_nonprofit,5
050045,EL CENTRO REGIONAL MEDICAL CENTER,EL CENTRO,CA,92243,IMPERIAL,161.0,100-199,Government - Local,Government,False,True,West,100-199_non_teaching_government,1
050047,CALIFORNIA PACIFIC MEDICAL CENTER- VAN NESS CAMPUS,SAN FRANCISCO,CA,94109,SAN FRANCISCO,608.0,600+,Voluntary non-profit - Private,Nonprofit,False,True,West,600+_non_teaching_nonprofit,3
050054,SAN GORGONIO MEMORIAL HOSPITAL,BANNING,CA,92220,RIVERSIDE,79.0,25-99,Government - Hospital District or Authority,Government,True,True,West,25-99_teaching_government,5
050055,CALIFORNIA PACIFIC MEDICAL CENTER - MISSION BERNAL,SAN FRANCISCO,CA,94110,SAN FRANCISCO,120.0,100-199,Voluntary non-profit - Church,Nonprofit,False,True,West,100-199_non_teaching_nonprofit,4
050056,ANTELOPE VALLEY HOSPITAL,LANCASTER,CA,93534,LOS ANGELES,341.0,200-399,Government - Hospital District or Authority,Government,False,True,West,200-399_non_teaching_government,1
050057,KAWEAH HEALTH MEDICAL CENTER,VISALIA,CA,93291,TULARE,480.0,400-599,Government - Hospital District or Authority,Government,True,True,West,400-599_teaching_government,3
050058,GLENDALE MEM HOSPITAL & HLTH CENTER,GLENDALE,CA,91204,LOS ANGELES,334.0,200-399,Voluntary non-profit - Private,Nonprofit,False,True,West,200-399_non_teaching_nonprofit,3
050060,COMMUNITY REGIONAL MEDICAL CENTER,FRESNO,CA,93721,FRESNO,794.0,600+,Voluntary non-profit - Private,Nonprofit,True,True,West,600+_teaching_nonprofit,1
050063,HOLLYWOOD PRESBYTERIAN MEDICAL CENTER,LOS ANGELES,CA,90027,LOS ANGELES,345.0,200-399,Proprietary,For-Profit,True,True,West,200-399_teaching_for_profit,3
050067,OAK VALLEY HOSPITAL DISTRICT,OAKDALE,CA,95361,STANISLAUS,144.0,100-199,Government - Hospital District or Authority,Government,False,True,West,100-199_non_teaching_government,Not Available
050069,PROVIDENCE ST. JOSEPH HOSPITAL,ORANGE,CA,92868,ORANGE,462.0,400-599,Voluntary non-profit - Church,Nonprofit,True,True,West,400-599_teaching_nonprofit,4
050070,KAISER FOUNDATION HOSPITAL - SOUTH SAN FRANCISCO,SOUTH SAN FRANCISCO,CA,94080,SAN MATEO,120.0,100-199,Voluntary non-profit - Private,Nonprofit,True,True,West,100-199_teaching_nonprofit,5
050071,KAISER FOUNDATION HOSPITAL-SANTA CLARA,SANTA CLARA,CA,95051,SANTA CLARA,327.0,200-399,Voluntary non-profit - Private,Nonprofit,False,True,West,200-399_non_teaching_nonprofit,3
050072,KAISER FOUNDATION HOSPITAL - WALNUT CREEK,WALNUT CREEK,CA,94596,CONTRA COSTA,362.0,200-399,Voluntary non-profit - Private,Nonprofit,False,True,West,200-399_non_teaching_nonprofit,3
050073,KAISER FOUNDATION HOSPITAL AND REHAB CENTER,VALLEJO,CA,94589,SOLANO,475.0,400-599,Voluntary non-profit - Private,Nonprofit,True,True,West,400-599_teaching_nonprofit,4
050075,KAISER FOUNDATION HOSPITAL - OAKLAND/RICHMOND,OAKLAND,CA,94611,ALAMEDA,396.0,200-399,Voluntary non-profit - Private,Nonprofit,False,True,West,200-399_non_teaching_nonprofit,2
050076,KAISER FOUNDATION HOSPITAL - SAN FRANCISCO,SAN FRANCISCO,CA,94115,SAN FRANCISCO,239.0,200-399,Voluntary non-profit - Private,Nonprofit,False,True,West,200-399_non_teaching_nonprofit,4
050077,SCRIPPS MERCY HOSPITAL,SAN DIEGO,CA,92103,SAN DIEGO,700.0,600+,Voluntary non-profit - Private,Nonprofit,True,True,West,600+_teaching_nonprofit,3
050078,PROVIDENCE LITTLE CO OF MARY MED CTR SAN PEDRO,SAN PEDRO,CA,90732,LOS ANGELES,387.0,200-399,Voluntary non-profit - Private,Nonprofit,False,True,West,200-399_non_teaching_nonprofit,4
050082,ST JOHNS REGIONAL MEDICAL CENTER,OXNARD,CA,93030,VENTURA,265.0,200-399,Voluntary non-profit - Private,Nonprofit,True,True,West,200-399_teaching_nonprofit,3
050084,ST JOSEPH'S MEDICAL CENTER OF STOCKTON,STOCKTON,CA,95204,SAN JOAQUIN,335.0,200-399,Voluntary non-profit - Private,Nonprofit,True,True,West,200-399_teaching_nonprofit,4
050089,COMMUNITY HOSPITAL OF SAN BERNARDINO,SAN BERNARDINO,CA,92411,SAN BERNARDINO,347.0,200-399,Voluntary non-profit - Private,Nonprofit,False,True,West,200-399_non_teaching_nonprofit,3
050090,SONOMA VALLEY HOSPITAL,SONOMA,CA,95476,SONOMA,83.0,25-99,Government - Hospital District or Authority,Government,False,True,West,25-99_non_teaching_government,1
050091,COMMUNITY HOSPITAL OF HUNTINGTON PARK,HUNTINGTON PARK,CA,90255,LOS ANGELES,81.0,25-99,Proprietary,For-Profit,True,True,West,25-99_teaching_for_profit,Not Available
050093,SAINT AGNES MEDICAL CENTER,FRESNO,CA,93720,FRESNO,436.0,400-599,Voluntary non-profit - Church,Nonprofit,True,True,West,400-599_teaching_nonprofit,2
050099,SAN ANTONIO REGIONAL HOSPITAL,UPLAND,CA,91786,SAN BERNARDINO,363.0,200-399,Voluntary non-profit - Other,Nonprofit,False,True,West,200-399_non_teaching_nonprofit,3
050100,SHARP MEMORIAL HOSPITAL,SAN DIEGO,CA,92123,SAN DIEGO,881.0,600+,Voluntary non-profit - Private,Nonprofit,False,True,West,600+_non_teaching_nonprofit,4
050101,SUTTER SOLANO MEDICAL CENTER,VALLEJO,CA,94589,SOLANO,111.0,100-199,Voluntary non-profit - Private,Nonprofit,True,True,West,100-199_teaching_nonprofit,3
050102,PARKVIEW COMMUNITY HOSPITAL MEDICAL CENTER,RIVERSIDE,CA,92503,RIVERSIDE,193.0,100-199,Proprietary,For-Profit,False,True,West,100-199_non_teaching_for_profit,2
050103,ADVENTIST HEALTH WHITE MEMORIAL,LOS ANGELES,CA,90033,LOS ANGELES,377.0,200-399,Voluntary non-profit - Church,Nonprofit,True,True,West,200-399_teaching_nonprofit,3
050104,SAINT FRANCIS MEDICAL CENTER,LYNWOOD,CA,90262,LOS ANGELES,448.0,400-599,Voluntary non-profit - Church,Nonprofit,False,True,West,400-599_non_teaching_nonprofit,4
050107,MARIAN REGIONAL MEDICAL CENTER,SANTA MARIA,CA,93454,SANTA BARBARA,227.0,200-399,Voluntary non-profit - Church,Nonprofit,False,True,West,200-399_non_teaching_nonprofit,2
050108,"SUTTER MEDICAL CENTER, SACRAMENTO",SACRAMENTO,CA,95816,SACRAMENTO,523.0,400-599,Voluntary non-profit - Private,Nonprofit,True,True,West,400-599_teaching_nonprofit,4
050110,LOMPOC VALLEY MEDICAL CENTER,LOMPOC,CA,93436,SANTA BARBARA,170.0,100-199,Government - Hospital District or Authority,Government,False,True,West,100-199_non_teaching_government,1
050112,SANTA MONICA - UCLA MED CTR & ORTHOPAEDIC HOSPITAL,SANTA MONICA,CA,90404,LOS ANGELES,363.0,200-399,Voluntary non-profit - Private,Nonprofit,True,True,West,200-399_teaching_nonprofit,4
050113,SAN MATEO MEDICAL CENTER,SAN MATEO,CA,94403,SAN MATEO,103.0,100-199,Government - Local,Government,False,True,West,100-199_non_teaching_government,Not Available
050115,PALOMAR HEALTH DOWNTOWN CAMPUS,ESCONDIDO,CA,92025,SAN DIEGO,679.0,600+,Government - Hospital District or Authority,Government,False,True,West,600+_non_teaching_government,2
050116,NORTHRIDGE HOSPITAL MEDICAL CENTER,NORTHRIDGE,CA,91325,LOS ANGELES,435.0,400-599,Voluntary non-profit - Private,Nonprofit,True,True,West,400-599_teaching_nonprofit,4
050118,DOCTORS HOSPITAL OF MANTECA,MANTECA,CA,95336,SAN JOAQUIN,73.0,25-99,Voluntary non-profit - Other,Nonprofit,False,True,West,25-99_non_teaching_nonprofit,2
050121,ADVENTIST HEALTH HANFORD,HANFORD,CA,93230,KINGS,235.0,200-399,Voluntary non-profit - Church,Nonprofit,True,True,West,200-399_teaching_nonprofit,2
050122,DAMERON HOSPITAL,STOCKTON,CA,95203,SAN JOAQUIN,211.0,200-399,Voluntary non-profit - Other,Nonprofit,False,True,West,200-399_non_teaching_nonprofit,3
050124,USC VERDUGO HILLS HOSPITAL,GLENDALE,CA,91208,LOS ANGELES,158.0,100-199,Voluntary non-profit - Private,Nonprofit,False,True,West,100-199_non_teaching_nonprofit,3
050125,REGIONAL MEDICAL CENTER OF SAN JOSE,SAN JOSE,CA,95116,SANTA CLARA,264.0,200-399,Government - Federal,Government,False,True,West,200-399_non_teaching_government,3
050126,VALLEY PRESBYTERIAN HOSPITAL,VAN NUYS,CA,91405,LOS ANGELES,362.0,200-399,Voluntary non-profit - Other,Nonprofit,False,True,West,200-399_non_teaching_nonprofit,2
050127,WOODLAND MEMORIAL HOSPITAL,WOODLAND,CA,95695,YOLO,122.0,100-199,Voluntary non-profit - Other,Nonprofit,True,True,West,100-199_teaching_nonprofit,5
050128,TRI-CITY MEDICAL CENTER,OCEANSIDE,CA,92056,SAN DIEGO,397.0,200-399,Government - Hospital District or Authority,Government,False,True,West,200-399_non_teaching_government,2
050129,ST BERNARDINE MEDICAL CENTER,SAN BERNARDINO,CA,92404,SAN BERNARDINO,291.0,200-399,Voluntary non-profit - Private,Nonprofit,True,True,West,200-399_teaching_nonprofit,3
050131,NOVATO COMMUNITY HOSPITAL,NOVATO,CA,94945,MARIN,75.0,25-99,Voluntary non-profit - Private,Nonprofit,False,True,West,25-99_non_teaching_nonprofit,5
050132,SAN GABRIEL VALLEY MEDICAL CENTER,SAN GABRIEL,CA,91776,LOS ANGELES,273.0,200-399,Proprietary,For-Profit,False,True,West,200-399_non_teaching_for_profit,4
050133,ADVENTIST HEALTH AND RIDEOUT,MARYSVILLE,CA,95901,YUBA,173.0,100-199,Government - Federal,Government,False,True,West,100-199_non_teaching_government,2
050135,SOUTHERN CALIFORNIA HOSPITAL AT HOLLYWOOD,HOLLYWOOD,CA,90028,LOS ANGELES,579.0,400-599,Proprietary,For-Profit,False,True,West,400-599_non_teaching_for_profit,4
050136,PETALUMA VALLEY HOSPITAL,PETALUMA,CA,94954,SONOMA,99.0,25-99,Voluntary non-profit - Other,Nonprofit,False,True,West,25-99_non_teaching_nonprofit,4
050137,KAISER FOUNDATION HOSPITAL - PANORAMA CITY,PANORAMA CITY,CA,91402,LOS ANGELES,325.0,200-399,Voluntary non-profit - Private,Nonprofit,True,True,West,200-399_teaching_nonprofit,4
050138,KAISER FOUNDATION HOSPITAL - LOS ANGELES,LOS ANGELES,CA,90027,LOS ANGELES,507.0,400-599,Voluntary non-profit - Other,Nonprofit,True,True,West,400-599_teaching_nonprofit,4
050139,KAISER FOUNDATION HOSPITAL - DOWNEY,DOWNEY,CA,90242,LOS ANGELES,352.0,200-399,Voluntary non-profit - Other,Nonprofit,True,True,West,200-399_teaching_nonprofit,2
050140,KAISER FOUNDATION HOSPITAL FONTANA/ONTARIO,FONTANA,CA,92335,SAN BERNARDINO,438.0,400-599,Voluntary non-profit - Private,Nonprofit,True,True,West,400-599_teaching_nonprofit,3
050145,COMMUNITY HOSPITAL OF THE MONTEREY PENINSULA,MONTEREY,CA,93940,MONTEREY,286.0,200-399,Voluntary non-profit - Private,Nonprofit,False,True,West,200-399_non_teaching_nonprofit,3
050149,CALIFORNIA HOSPITAL MEDICAL CENTER LA,LOS ANGELES,CA,90015,LOS ANGELES,309.0,200-399,Voluntary non-profit - Other,Nonprofit,True,True,West,200-399_teaching_nonprofit,3
050150,SIERRA NEVADA MEMORIAL HOSPITAL,GRASS VALLEY,CA,95945,NEVADA,124.0,100-199,Voluntary non-profit - Other,Nonprofit,False,False,West,100-199_non_teaching_nonprofit,3
050152,UCSF HEALTH SAINT FRANCIS HOSPITAL,SAN FRANCISCO,CA,94109,SAN FRANCISCO,288.0,200-399,Voluntary non-profit - Private,Nonprofit,False,True,West,200-399_non_teaching_nonprofit,2
050158,ENCINO HOSPITAL MEDICAL CENTER,ENCINO,CA,91436,LOS ANGELES,150.0,100-199,Proprietary,For-Profit,False,True,West,100-199_non_teaching_for_profit,2
050159,VENTURA COUNTY MEDICAL CENTER,VENTURA,CA,93003,VENTURA,272.0,200-399,Government - Local,Government,True,True,West,200-399_teaching_government,2
05015F,60th Medical Group (Travis AFB),Travis AFB,CA,94535,SOLANO,385.0,200-399,Department of Defense,Other,False,True,West,200-399_non_teaching_other,Not Available
050167,SAN JOAQUIN GENERAL HOSPITAL,FRENCH CAMP,CA,95231,SAN JOAQUIN,152.0,100-199,Government - Local,Government,True,True,West,100-199_teaching_government,2
050168,PROVIDENCE ST. JUDE MEDICAL CENTER,FULLERTON,CA,92835,ORANGE,301.0,200-399,Voluntary non-profit - Church,Nonprofit,False,True,West,200-399_non_teaching_nonprofit,4
050169,PIH HEALTH HOSPITAL-WHITTIER,WHITTIER,CA,90602,LOS ANGELES,547.0,400-599,Voluntary non-profit - Private,Nonprofit,True,True,West,400-599_teaching_nonprofit,3
050174,PROVIDENCE SANTA ROSA MEMORIAL HOSPITAL,SANTA ROSA,CA,95405,SONOMA,346.0,200-399,Voluntary non-profit - Private,Nonprofit,False,True,West,200-399_non_teaching_nonprofit,2
050179,EMANUEL MEDICAL CENTER,TURLOCK,CA,95382,STANISLAUS,354.0,200-399,Proprietary,For-Profit,False,True,West,200-399_non_teaching_for_profit,2
050180,JOHN MUIR MEDICAL CENTER - WALNUT CREEK CAMPUS,WALNUT CREEK,CA,94598,CONTRA COSTA,296.0,200-399,Voluntary non-profit - Other,Nonprofit,False,True,West,200-399_non_teaching_nonprofit,3
050191,ST MARY MEDICAL CENTER,LONG BEACH,CA,90813,LOS ANGELES,539.0,400-599,Voluntary non-profit - Church,Nonprofit,True,True,West,400-599_teaching_nonprofit,4
050192,ADVENTIST HEALTH REEDLEY,REEDLEY,CA,93654,FRESNO,49.0,25-99,Voluntary non-profit - Private,Nonprofit,True,True,West,25-99_teaching_nonprofit,Not Available
050194,WATSONVILLE COMMUNITY HOSPITAL,WATSONVILLE,CA,95076,SANTA CRUZ,106.0,100-199,Proprietary,For-Profit,False,True,West,100-199_non_teaching_for_profit,1
050195,WASHINGTON HOSPITAL,FREMONT,CA,94538,ALAMEDA,265.0,200-399,Government - Hospital District or Authority,Government,False,True,West,200-399_non_teaching_government,3
050197,SEQUOIA HOSPITAL,REDWOOD CITY,CA,94062,SAN MATEO,208.0,200-399,Voluntary non-profit - Private,Nonprofit,False,True,West,200-399_non_teaching_nonprofit,5
050204,PALMDALE REGIONAL MEDICAL CENTER,PALMDALE,CA,93552,LOS ANGELES,157.0,100-199,Proprietary,For-Profit,False,True,West,100-199_non_teaching_for_profit,3
05020F,NH Camp Pendleton,Camp Pendleton,CA,92055,SAN DIEGO,525.0,400-599,Department of Defense,Other,False,True,West,400-599_non_teaching_other,Not Available
050211,ALAMEDA HOSPITAL,ALAMEDA,CA,94501,ALAMEDA,145.0,100-199,Government - Hospital District or Authority,Government,False,True,West,100-199_non_teaching_government,3
050222,SHARP CHULA VISTA MEDICAL CENTER,CHULA VISTA,CA,91911,SAN DIEGO,306.0,200-399,Proprietary,For-Profit,False,True,West,200-399_non_teaching_for_profit,4
050224,HOAG MEMORIAL HOSPITAL PRESBYTERIAN,NEWPORT BEACH,CA,92663,ORANGE,409.0,400-599,Voluntary non-profit - Private,Nonprofit,False,True,West,400-599_non_teaching_nonprofit,5
050226,AHMC ANAHEIM REGIONAL MEDICAL CENTER,ANAHEIM,CA,92801,ORANGE,224.0,200-399,Voluntary non-profit - Private,Nonprofit,False,True,West,200-399_non_teaching_nonprofit,3
050228,ZUCKERBERG SAN FRANCISCO GENERAL HOSP & TRAUMA CTR,SAN FRANCISCO,CA,94110,SAN FRANCISCO,367.0,200-399,Government - Local,Government,False,True,West,200-399_non_teaching_government,1
05022F,NMC San Diego,San Diego,CA,92134,SAN DIEGO,2050.0,600+,Department of Defense,Other,False,True,West,600+_non_teaching_other,Not Available
050230,GARDEN GROVE HOSPITAL & MEDICAL CENTER,GARDEN GROVE,CA,92843,ORANGE,167.0,100-199,Proprietary,For-Profit,False,True,West,100-199_non_teaching_for_profit,3
050231,POMONA VALLEY HOSPITAL MEDICAL CENTER,POMONA,CA,91767,LOS ANGELES,447.0,400-599,Voluntary non-profit - Private,Nonprofit,False,True,West,400-599_non_teaching_nonprofit,3
050232,FRENCH HOSPITAL MEDICAL CENTER,SAN LUIS OBISPO,CA,93401,SAN LUIS OBISPO,135.0,100-199,Voluntary non-profit - Private,Nonprofit,False,True,West,100-199_non_teaching_nonprofit,5
050234,SHARP CORONADO HOSPITAL AND HLTHCR CTR,CORONADO,CA,92118,SAN DIEGO,204.0,200-399,Proprietary,For-Profit,False,True,West,200-399_non_teaching_for_profit,5
050235,PROVIDENCE SAINT JOSEPH MEDICAL CTR,BURBANK,CA,91505,LOS ANGELES,360.0,200-399,Voluntary non-profit - Church,Nonprofit,False,True,West,200-399_non_teaching_nonprofit,3
050236,ADVENTIST HEALTH SIMI VALLEY,SIMI VALLEY,CA,93065,VENTURA,149.0,100-199,Voluntary non-profit - Private,Nonprofit,True,True,West,100-199_teaching_nonprofit,2
050238,USC ARCADIA HOSPITAL,ARCADIA,CA,91007,LOS ANGELES,374.0,200-399,Voluntary non-profit - Private,Nonprofit,False,True,West,200-399_non_teaching_nonprofit,3
050239,GLENDALE ADVENTIST MEDICAL CENTER,GLENDALE,CA,91206,LOS ANGELES,515.0,400-599,Voluntary non-profit - Private,Nonprofit,True,True,West,400-599_teaching_nonprofit,4
050242,DOMINICAN HOSPITAL,SANTA CRUZ,CA,95065,SANTA CRUZ,222.0,200-399,Voluntary non-profit - Private,Nonprofit,False,True,West,200-399_non_teaching_nonprofit,5
050243,DESERT REGIONAL MEDICAL CENTER,PALM SPRINGS,CA,92262,RIVERSIDE,385.0,200-399,Proprietary,For-Profit,True,True,West,200-399_teaching_for_profit,2
050245,ARROWHEAD REGIONAL MEDICAL CENTER,COLTON,CA,92324,SAN BERNARDINO,456.0,400-599,Government - Local,Government,True,True,West,400-599_teaching_government,2
050248,NATIVIDAD MEDICAL CENTER,SALINAS,CA,93906,MONTEREY,172.0,100-199,Government - Local,Government,True,True,West,100-199_teaching_government,3
050254,MARSHALL MEDICAL CENTER,PLACERVILLE,CA,95667,EL DORADO,111.0,100-199,Voluntary non-profit - Private,Nonprofit,False,True,West,100-199_non_teaching_nonprofit,3
050257,GOOD SAMARITAN HOSPITAL,BAKERSFIELD,CA,93308,KERN,64.0,25-99,Proprietary,For-Profit,False,True,West,25-99_non_teaching_for_profit,Not Available
05025F,FRESNO VA MEDICAL CENTER (VA CENTRAL CALIFORNIA HEALTHCARE SYSTEM),FRESNO,CA,93703,FRESNO,275.0,200-399,Veterans Health Administration,Other,False,True,West,200-399_non_teaching_other,4
050261,SIERRA VIEW MEDICAL CENTER,PORTERVILLE,CA,93257,TULARE,120.0,100-199,Voluntary non-profit - Private,Nonprofit,False,True,West,100-199_non_teaching_nonprofit,2
050262,RONALD REAGAN UCLA MEDICAL CENTER,LOS ANGELES,CA,90095,LOS ANGELES,445.0,400-599,Government - State,Government,True,True,West,400-599_teaching_government,4
050272,REDLANDS COMMUNITY HOSPITAL,REDLANDS,CA,92373,SAN BERNARDINO,229.0,200-399,Voluntary non-profit - Private,Nonprofit,False,True,West,200-399_non_teaching_nonprofit,3
050276,CONTRA COSTA REGIONAL MEDICAL CENTER,MARTINEZ,CA,94553,CONTRA COSTA,164.0,100-199,Government - Local,Government,True,True,West,100-199_teaching_government,3
050278,PROVIDENCE HOLY CROSS MEDICAL CENTER,MISSION HILLS,CA,91346,LOS ANGELES,257.0,200-399,Voluntary non-profit - Church,Nonprofit,False,True,West,200-399_non_teaching_nonprofit,4
050279,HI-DESERT MEDICAL CENTER,JOSHUA TREE,CA,92252,SAN BERNARDINO,59.0,25-99,Government - Hospital District or Authority,Government,False,True,West,25-99_non_teaching_government,Not Available
05027F,VA LONG BEACH HEALTHCARE SYSTEM,LONG BEACH,CA,90822,LOS ANGELES,1544.0,600+,Veterans Health Administration,Other,False,True,West,600+_non_teaching_other,3
050280,MERCY MEDICAL CENTER REDDING,REDDING,CA,96001,SHASTA,267.0,200-399,Voluntary non-profit - Private,Nonprofit,True,True,West,200-399_teaching_nonprofit,2
050281,ALHAMBRA HOSPITAL MEDICAL CENTER,ALHAMBRA,CA,91801,LOS ANGELES,144.0,100-199,Proprietary,For-Profit,False,True,West,100-199_non_teaching_for_profit,3
050283,STANFORD HEALTH CARE TRI-VALLEY,PLEASANTON,CA,94588,ALAMEDA,175.0,100-199,Voluntary non-profit - Private,Nonprofit,False,True,West,100-199_non_teaching_nonprofit,4
050289,AHMC SETON MEDICAL CENTER,DALY CITY,CA,94015,SAN MATEO,279.0,200-399,Voluntary non-profit - Church,Nonprofit,False,True,West,200-399_non_teaching_nonprofit,1
050290,SAINT JOHN'S HEALTH CENTER,SANTA MONICA,CA,90404,LOS ANGELES,317.0,200-399,Voluntary non-profit - Private,Nonprofit,False,True,West,200-399_non_teaching_nonprofit,4
050291,SUTTER SANTA ROSA REGIONAL HOSPITAL,SANTA ROSA,CA,95403,SONOMA,170.0,100-199,Voluntary non-profit - Other,Nonprofit,True,True,West,100-199_teaching_nonprofit,4
050292,RIVERSIDE UNIVERSITY HEALTH SYSTEM-MEDICAL CENTER,MORENO VALLEY,CA,92555,RIVERSIDE,439.0,400-599,Government - Local,Government,True,True,West,400-599_teaching_government,3
050295,MERCY HOSPITAL,BAKERSFIELD,CA,93301,KERN,211.0,200-399,Voluntary non-profit - Other,Nonprofit,False,True,West,200-399_non_teaching_nonprofit,3
050298,BARSTOW COMMUNITY HOSPITAL,BARSTOW,CA,92311,SAN BERNARDINO,56.0,25-99,Proprietary,For-Profit,False,True,West,25-99_non_teaching_for_profit,1
050300,PROVIDENCE ST MARY MEDICAL CENTER,APPLE VALLEY,CA,92307,SAN BERNARDINO,212.0,200-399,Voluntary non-profit - Private,Nonprofit,False,True,West,200-399_non_teaching_nonprofit,1
050301,ADVENTIST HEALTH UKIAH VALLEY,UKIAH,CA,95482,MENDOCINO,127.0,100-199,Voluntary non-profit - Private,Nonprofit,True,False,West,100-199_teaching_nonprofit,4
050305,ALTA BATES SUMMIT MEDICAL CENTER - ALTA BATES CAMP,BERKELEY,CA,94705,ALAMEDA,555.0,400-599,Voluntary non-profit - Private,Nonprofit,False,True,West,400-599_non_teaching_nonprofit,3
050308,EL CAMINO HEALTH,MOUNTAIN VIEW,CA,94040,SANTA CLARA,471.0,400-599,Government - Hospital District or Authority,Government,False,True,West,400-599_non_teaching_government,4
050309,SUTTER ROSEVILLE MEDICAL CENTER,ROSEVILLE,CA,95661,PLACER,328.0,200-399,Voluntary non-profit - Private,Nonprofit,True,True,West,200-399_teaching_nonprofit,3
05030F,VA N CALIFORNIA HEALTHCARE SYSTEM,MATHER,CA,95655,SACRAMENTO,498.0,400-599,Veterans Health Administration,Other,False,True,West,400-599_non_teaching_other,4
050313,SUTTER TRACY COMMUNITY HOSPITAL,TRACY,CA,95376,SAN JOAQUIN,82.0,25-99,Voluntary non-profit - Private,Nonprofit,False,True,West,25-99_non_teaching_nonprofit,4
050315,KERN MEDICAL CENTER,BAKERSFIELD,CA,93306,KERN,222.0,200-399,Government - Hospital District or Authority,Government,True,True,West,200-399_teaching_government,2
05031F,PALO ALTO VA MEDICAL CENTER,PALO ALTO,CA,94304,SANTA CLARA,2046.0,600+,Veterans Health Administration,Other,False,True,West,600+_non_teaching_other,5
050320,HIGHLAND HOSPITAL,OAKLAND,CA,94602,ALAMEDA,613.0,600+,Government - Hospital District or Authority,Government,True,True,West,600+_teaching_government,1
050324,SCRIPPS MEMORIAL HOSPITAL LA JOLLA,LA JOLLA,CA,92037,SAN DIEGO,332.0,200-399,Physician,Other,True,True,West,200-399_teaching_other,5
050327,LOMA LINDA UNIVERSITY MEDICAL CENTER,LOMA LINDA,CA,92354,SAN BERNARDINO,533.0,400-599,Voluntary non-profit - Private,Nonprofit,True,True,West,400-599_teaching_nonprofit,3
050329,CORONA REGIONAL MEDICAL CENTER,CORONA,CA,92882,RIVERSIDE,240.0,200-399,Proprietary,For-Profit,True,True,West,200-399_teaching_for_profit,3
050334,SALINAS VALLEY MEMORIAL HOSPITAL,SALINAS,CA,93901,MONTEREY,263.0,200-399,Voluntary non-profit - Other,Nonprofit,True,True,West,200-399_teaching_nonprofit,4
050335,ADVENTIST HEALTH SONORA,SONORA,CA,95370,TUOLUMNE,143.0,100-199,Voluntary non-profit - Church,Nonprofit,False,False,West,100-199_non_teaching_nonprofit,3
050336,ADVENTIST HEALTH LODI MEMORIAL,LODI,CA,95240,SAN JOAQUIN,190.0,100-199,Voluntary non-profit - Other,Nonprofit,False,True,West,100-199_non_teaching_nonprofit,3
050342,PIONEERS MEMORIAL HEALTHCARE DISTRICT,BRAWLEY,CA,92227,IMPERIAL,99.0,25-99,Government - Hospital District or Authority,Government,True,True,West,25-99_teaching_government,2
050348,UCI HEALTH-ORANGE,ORANGE,CA,92868,ORANGE,415.0,400-599,Government - Local,Government,True,True,West,400-599_teaching_government,4
050350,ADVENTIST HEALTH WHITE MEMORIAL MONTEBELLO,MONTEBELLO,CA,90640,LOS ANGELES,224.0,200-399,Voluntary non-profit - Private,Nonprofit,False,True,West,200-399_non_teaching_nonprofit,2
050351,TORRANCE MEMORIAL MEDICAL CENTER,TORRANCE,CA,90509,LOS ANGELES,380.0,200-399,Voluntary non-profit - Other,Nonprofit,False,True,West,200-399_non_teaching_nonprofit,4
050352,BARTON MEMORIAL HOSPITAL,SOUTH LAKE TAHOE,CA,96150,EL DORADO,64.0,25-99,Voluntary non-profit - Private,Nonprofit,True,True,West,25-99_teaching_nonprofit,4
050353,PROVIDENCE LITTLE COMPANY OF MARY MED CTR TORRANCE,TORRANCE,CA,90503,LOS ANGELES,366.0,200-399,Voluntary non-profit - Church,Nonprofit,False,True,West,200-399_non_teaching_nonprofit,4
050357,GOLETA VALLEY COTTAGE HOSPITAL,SANTA BARBARA,CA,93111,SANTA BARBARA,122.0,100-199,Voluntary non-profit - Other,Nonprofit,False,True,West,100-199_non_teaching_nonprofit,5
050360,MARINHEALTH MEDICAL CENTER,GREENBRAE,CA,94904,MARIN,325.0,200-399,Government - Hospital District or Authority,Government,False,True,West,200-399_non_teaching_government,4
050367,NORTHBAY MEDICAL CENTER,FAIRFIELD,CA,94533,SOLANO,123.0,100-199,Voluntary non-profit - Private,Nonprofit,False,True,West,100-199_non_teaching_nonprofit,3
050373,LOS ANGELES GENERAL MEDICAL CENTER,LOS ANGELES,CA,90033,LOS ANGELES,676.0,600+,Government - Local,Government,True,True,West,600+_teaching_government,2
050376,LAC/HARBOR-UCLA MED CENTER,TORRANCE,CA,90509,LOS ANGELES,553.0,400-599,Government - Local,Government,True,True,West,400-599_teaching_government,1
050378,PACIFICA HOSPITAL OF THE VALLEY,SUN VALLEY,CA,91352,LOS ANGELES,242.0,200-399,Proprietary,For-Profit,False,True,West,200-399_non_teaching_for_profit,1
050380,GOOD SAMARITAN HOSPITAL,SAN JOSE,CA,95124,SANTA CLARA,474.0,400-599,Proprietary,For-Profit,False,True,West,400-599_non_teaching_for_profit,2
050382,EMANATE HEALTH INTER-COMMUNITY HOSPITAL,COVINA,CA,91723,LOS ANGELES,193.0,100-199,Proprietary,For-Profit,True,True,West,100-199_teaching_for_profit,1
050390,HEMET GLOBAL MEDICAL CENTER,HEMET,CA,92543,RIVERSIDE,433.0,400-599,Proprietary,For-Profit,True,True,West,400-599_teaching_for_profit,1
050393,PIH HEALTH DOWNEY HOSPITAL,DOWNEY,CA,90241,LOS ANGELES,199.0,100-199,Voluntary non-profit - Private,Nonprofit,True,True,West,100-199_teaching_nonprofit,3
050394,COMMUNITY MEMORIAL HOSPITAL - VENTURA,VENTURA,CA,93003,VENTURA,242.0,200-399,Voluntary non-profit - Private,Nonprofit,True,True,West,200-399_teaching_nonprofit,4
050396,SANTA BARBARA COTTAGE HOSPITAL,SANTA BARBARA,CA,93105,SANTA BARBARA,450.0,400-599,Voluntary non-profit - Private,Nonprofit,False,True,West,400-599_non_teaching_nonprofit,5
05039F,NH Twentynine Palms,Twentynine Palms,CA,92278,SAN BERNARDINO,20.0,1-24,Department of Defense,Other,False,True,West,1-24_non_teaching_other,Not Available
050407,CHINESE HOSPITAL,SAN FRANCISCO,CA,94133,SAN FRANCISCO,65.0,25-99,Voluntary non-profit - Private,Nonprofit,False,True,West,25-99_non_teaching_nonprofit,3
050411,KAISER FOUNDATION HOSPITAL - SOUTH BAY,HARBOR CITY,CA,90710,LOS ANGELES,251.0,200-399,Voluntary non-profit - Other,Nonprofit,True,True,West,200-399_teaching_nonprofit,4
050414,MERCY HOSPITAL OF FOLSOM,FOLSOM,CA,95630,SACRAMENTO,106.0,100-199,Voluntary non-profit - Private,Nonprofit,True,True,West,100-199_teaching_nonprofit,4
050417,SUTTER COAST HOSPITAL,CRESCENT CITY,CA,95531,DEL NORTE,49.0,25-99,Government - Hospital District or Authority,Government,False,False,West,25-99_non_teaching_government,2
05041F,Weed ACH (FT Irwin),Fort Irwin,CA,92310,SAN BERNARDINO,20.0,1-24,Department of Defense,Other,False,True,West,1-24_non_teaching_other,Not Available
050424,SCRIPPS GREEN HOSPITAL,LA JOLLA,CA,92037,SAN DIEGO,173.0,100-199,Voluntary non-profit - Other,Nonprofit,False,True,West,100-199_non_teaching_nonprofit,5
050425,KAISER FOUNDATION HOSPITAL - SACRAMENTO,SACRAMENTO,CA,95825,SACRAMENTO,628.0,600+,Voluntary non-profit - Private,Nonprofit,True,True,West,600+_teaching_nonprofit,3
050426,WEST ANAHEIM MEDICAL CENTER,ANAHEIM,CA,92804,ORANGE,219.0,200-399,Proprietary,For-Profit,False,True,West,200-399_non_teaching_for_profit,2
050438,HUNTINGTON HOSPITAL,PASADENA,CA,91109,LOS ANGELES,625.0,600+,Voluntary non-profit - Other,Nonprofit,True,True,West,600+_teaching_nonprofit,2
050441,STANFORD HEALTH CARE,STANFORD,CA,94305,SANTA CLARA,613.0,600+,Voluntary non-profit - Private,Nonprofit,True,True,West,600+_teaching_nonprofit,5
050444,MERCY MEDICAL CENTER,MERCED,CA,95340,MERCED,186.0,100-199,Voluntary non-profit - Private,Nonprofit,True,True,West,100-199_teaching_nonprofit,2
050454,UCSF MEDICAL CENTER,SAN FRANCISCO,CA,94143,SAN FRANCISCO,1019.0,600+,Voluntary non-profit - Other,Nonprofit,True,True,West,600+_teaching_nonprofit,5
050455,ADVENTIST HEALTH BAKERSFIELD,BAKERSFIELD,CA,93301,KERN,255.0,200-399,Voluntary non-profit - Private,Nonprofit,False,True,West,200-399_non_teaching_nonprofit,1
050457,UCSF HEALTH ST. MARY'S HOSPITAL,SAN FRANCISCO,CA,94117,SAN FRANCISCO,275.0,200-399,Voluntary non-profit - Private,Nonprofit,True,True,West,200-399_teaching_nonprofit,4
050464,DOCTORS MEDICAL CENTER,MODESTO,CA,95350,STANISLAUS,461.0,400-599,Proprietary,For-Profit,False,True,West,400-599_non_teaching_for_profit,1
050468,MEMORIAL HOSPITAL OF GARDENA,GARDENA,CA,90247,LOS ANGELES,180.0,100-199,Proprietary,For-Profit,False,True,West,100-199_non_teaching_for_profit,1
050471,PIH HEALTH GOOD SAMARITAN HOSPITAL,LOS ANGELES,CA,90017,LOS ANGELES,408.0,400-599,Proprietary,For-Profit,False,True,West,400-599_non_teaching_for_profit,2
050481,UCLA WEST VALLEY MEDICAL CENTER,WEST HILLS,CA,91307,LOS ANGELES,236.0,200-399,Proprietary,For-Profit,False,True,West,200-399_non_teaching_for_profit,2
050485,MEMORIALCARE LONG BEACH MEDICAL CENTER,LONG BEACH,CA,90806,LOS ANGELES,570.0,400-599,Voluntary non-profit - Other,Nonprofit,True,True,West,400-599_teaching_nonprofit,2
050488,EDEN MEDICAL CENTER,CASTRO VALLEY,CA,94546,ALAMEDA,155.0,100-199,Voluntary non-profit - Other,Nonprofit,False,True,West,100-199_non_teaching_nonprofit,4
050492,CLOVIS COMMUNITY MEDICAL CENTER,CLOVIS,CA,93611,FRESNO,208.0,200-399,Voluntary non-profit - Private,Nonprofit,False,True,West,200-399_non_teaching_nonprofit,2
050496,JOHN MUIR MEDICAL CENTER - CONCORD CAMPUS,CONCORD,CA,94520,CONTRA COSTA,303.0,200-399,Voluntary non-profit - Private,Nonprofit,True,True,West,200-399_teaching_nonprofit,4
050498,SUTTER AUBURN FAITH HOSPITAL,AUBURN,CA,95603,PLACER,97.0,25-99,Voluntary non-profit - Private,Nonprofit,False,True,West,25-99_non_teaching_nonprofit,4
050503,SCRIPPS MEMORIAL HOSPITAL - ENCINITAS,ENCINITAS,CA,92024,SAN DIEGO,158.0,100-199,Voluntary non-profit - Private,Nonprofit,False,True,West,100-199_non_teaching_nonprofit,5
050506,ADVENTIST HEALTH SIERRA VISTA,SAN LUIS OBISPO,CA,93405,SAN LUIS OBISPO,186.0,100-199,Proprietary,For-Profit,True,True,West,100-199_teaching_for_profit,3
050510,KAISER FOUNDATION HOSPITAL,SAN RAFAEL,CA,94903,MARIN,120.0,100-199,Voluntary non-profit - Private,Nonprofit,False,True,West,100-199_non_teaching_nonprofit,4
050512,KAISER FOUNDATION HOSPITAL - FREMONT,FREMONT,CA,94538,ALAMEDA,193.0,100-199,Voluntary non-profit - Private,Nonprofit,False,True,West,100-199_non_teaching_nonprofit,4
050515,KAISER FOUNDATION HOSPITAL - SAN DIEGO,SAN DIEGO,CA,92120,SAN DIEGO,659.0,600+,Voluntary non-profit - Private,Nonprofit,True,True,West,600+_teaching_nonprofit,4
050516,MERCY SAN JUAN MEDICAL CENTER,CARMICHAEL,CA,95608,SACRAMENTO,370.0,200-399,Voluntary non-profit - Private,Nonprofit,False,True,West,200-399_non_teaching_nonprofit,3
050517,VICTOR VALLEY GLOBAL MEDICAL CENTER,VICTORVILLE,CA,92395,SAN BERNARDINO,101.0,100-199,Voluntary non-profit - Private,Nonprofit,False,True,West,100-199_non_teaching_nonprofit,1
050523,SUTTER DELTA MEDICAL CENTER,ANTIOCH,CA,94509,CONTRA COSTA,111.0,100-199,Voluntary non-profit - Private,Nonprofit,False,True,West,100-199_non_teaching_nonprofit,3
050526,HUNTINGTON BEACH HOSPITAL,HUNTINGTON BEACH,CA,92647,ORANGE,131.0,100-199,Proprietary,For-Profit,False,True,West,100-199_non_teaching_for_profit,Not Available
050528,MEMORIAL HOSPITAL LOS BANOS,LOS BANOS,CA,93635,MERCED,48.0,25-99,Voluntary non-profit - Private,Nonprofit,False,True,West,25-99_non_teaching_nonprofit,Not Available
050534,JOHN F KENNEDY MEMORIAL HOSPITAL,INDIO,CA,92201,RIVERSIDE,156.0,100-199,Proprietary,For-Profit,False,True,West,100-199_non_teaching_for_profit,3
050537,SUTTER DAVIS HOSPITAL,DAVIS,CA,95616,YOLO,48.0,25-99,Voluntary non-profit - Private,Nonprofit,True,True,West,25-99_teaching_nonprofit,4
050541,KAISER FOUNDATION HOSPITAL - REDWOOD CITY,REDWOOD CITY,CA,94063,SAN MATEO,153.0,100-199,Voluntary non-profit - Private,Nonprofit,False,True,West,100-199_non_teaching_nonprofit,4
050543,COLLEGE HOSPITAL COSTA MESA,COSTA MESA,CA,92627,ORANGE,122.0,100-199,Proprietary,For-Profit,False,True,West,100-199_non_teaching_for_profit,Not Available
050546,PORTERVILLE DEVELOPMENTAL CENTER,PORTERVILLE,CA,93258,TULARE,1226.0,600+,Government - State,Government,False,True,West,600+_non_teaching_government,Not Available
050549,LOS ROBLES HOSPITAL & MEDICAL CENTER,THOUSAND OAKS,CA,91360,VENTURA,273.0,200-399,Proprietary,For-Profit,True,True,West,200-399_teaching_for_profit,4
050551,UCI HEALTH - LOS ALAMITOS,LOS ALAMITOS,CA,90720,ORANGE,146.0,100-199,Proprietary,For-Profit,False,True,West,100-199_non_teaching_for_profit,3
050557,MEMORIAL MEDICAL CENTER,MODESTO,CA,95355,STANISLAUS,275.0,200-399,Voluntary non-profit - Private,Nonprofit,False,True,West,200-399_non_teaching_nonprofit,2
050561,KAISER FOUNDATION HOSPITAL - WEST LA,LOS ANGELES,CA,90034,LOS ANGELES,293.0,200-399,Voluntary non-profit - Private,Nonprofit,True,True,West,200-399_teaching_nonprofit,3
050567,PROVIDENCE MISSION HOSPITAL,MISSION VIEJO,CA,92691,ORANGE,565.0,400-599,Voluntary non-profit - Private,Nonprofit,False,True,West,400-599_non_teaching_nonprofit,4
050570,UCI HEALTH - FOUNTAIN VALLEY,FOUNTAIN VALLEY,CA,92708,ORANGE,405.0,400-599,Proprietary,For-Profit,False,True,West,400-599_non_teaching_for_profit,2
050573,EISENHOWER MEDICAL CENTER,RANCHO MIRAGE,CA,92270,RIVERSIDE,289.0,200-399,Proprietary,For-Profit,False,True,West,200-399_non_teaching_for_profit,4
050580,LA PALMA INTERCOMMUNITY HOSPITAL,LA PALMA,CA,90623,ORANGE,140.0,100-199,Proprietary,For-Profit,False,True,West,100-199_non_teaching_for_profit,3
050581,UCI HEALTH-LAKEWOOD,LAKEWOOD,CA,90712,LOS ANGELES,170.0,100-199,Proprietary,For-Profit,True,True,West,100-199_teaching_for_profit,2
050586,CHINO VALLEY MEDICAL CENTER,CHINO,CA,91710,SAN BERNARDINO,112.0,100-199,Proprietary,For-Profit,True,True,West,100-199_teaching_for_profit,2
050588,SAN DIMAS COMMUNITY HOSPITAL,SAN DIMAS,CA,91773,LOS ANGELES,101.0,100-199,Proprietary,For-Profit,False,True,West,100-199_non_teaching_for_profit,1
050589,UCI HEALTH - PLACENTIA LINDA,PLACENTIA,CA,92870,ORANGE,114.0,100-199,Proprietary,For-Profit,False,True,West,100-199_non_teaching_for_profit,2
050590,METHODIST HOSPITAL OF SACRAMENTO,SACRAMENTO,CA,95823,SACRAMENTO,158.0,100-199,Voluntary non-profit - Private,Nonprofit,True,True,West,100-199_teaching_nonprofit,3
050597,EMANATE HEALTH FOOTHILL PRESBYTERIAN HOSPITAL,GLENDORA,CA,91740,LOS ANGELES,106.0,100-199,Voluntary non-profit - Private,Nonprofit,False,True,West,100-199_non_teaching_nonprofit,3
050599,UNIVERSITY OF CALIFORNIA DAVIS MEDICAL CENTER,SACRAMENTO,CA,95817,SACRAMENTO,631.0,600+,Government - Hospital District or Authority,Government,True,True,West,600+_teaching_government,3
050603,MEMORIALCARE SADDLEBACK MEDICAL CENTER,LAGUNA HILLS,CA,92653,ORANGE,325.0,200-399,Voluntary non-profit - Private,Nonprofit,False,True,West,200-399_non_teaching_nonprofit,4
050604,KAISER FOUNDATION HOSPITAL-SAN JOSE,SAN JOSE,CA,95119,SANTA CLARA,247.0,200-399,Voluntary non-profit - Private,Nonprofit,True,True,West,200-399_teaching_nonprofit,4
050608,ADVENTIST HEALTH DELANO,DELANO,CA,93215,KERN,156.0,100-199,Proprietary,For-Profit,True,True,West,100-199_teaching_for_profit,Not Available
050609,KAISER FOUNDATION HOSPITAL - ORANGE COUNTY - ANAHEIM,ANAHEIM,CA,92806,ORANGE,262.0,200-399,Voluntary non-profit - Private,Nonprofit,True,True,West,200-399_teaching_nonprofit,4
050624,HENRY MAYO NEWHALL  HOSPITAL,VALENCIA,CA,91355,LOS ANGELES,238.0,200-399,Voluntary non-profit - Private,Nonprofit,False,True,West,200-399_non_teaching_nonprofit,2
050625,CEDARS-SINAI MEDICAL CENTER,LOS ANGELES,CA,90048,LOS ANGELES,877.0,600+,Voluntary non-profit - Other,Nonprofit,True,True,West,600+_teaching_nonprofit,5
050633,ADVENTIST HEALTH TWIN CITIES,TEMPLETON,CA,93465,SAN LUIS OBISPO,114.0,100-199,Proprietary,For-Profit,False,True,West,100-199_non_teaching_for_profit,2
050636,PALOMAR MEDICAL CENTER POWAY,POWAY,CA,92064,SAN DIEGO,236.0,200-399,Government - Hospital District or Authority,Government,False,True,West,200-399_non_teaching_government,4
050641,EAST LOS ANGELES DOCTORS HOSPITAL,LOS ANGELES,CA,90023,LOS ANGELES,127.0,100-199,Proprietary,For-Profit,False,True,West,100-199_non_teaching_for_profit,Not Available
050663,LOS ANGELES COMMUNITY HOSPITAL,LOS ANGELES,CA,90023,LOS ANGELES,180.0,100-199,Proprietary,For-Profit,True,True,West,100-199_teaching_for_profit,2
050668,LAGUNA HONDA HOSPITAL & REHABILITATION CENTER,SAN FRANCISCO,CA,94116,SAN FRANCISCO,11.0,1-24,Government - Local,Government,True,True,West,1-24_teaching_government,Not Available
050674,KAISER FOUNDATION HOSP SO SACRAMENTO,SACRAMENTO,CA,95823,SACRAMENTO,241.0,200-399,Voluntary non-profit - Private,Nonprofit,True,True,West,200-399_teaching_nonprofit,3
050677,KAISER FOUNDATION HOSPITAL - WOODLAND HILLS,WOODLAND HILLS,CA,91367,LOS ANGELES,218.0,200-399,Voluntary non-profit - Private,Nonprofit,True,True,West,200-399_teaching_nonprofit,3
050678,MEMORIALCARE ORANGE COAST MEDICAL CENTER,FOUNTAIN VALLEY,CA,92708,ORANGE,210.0,200-399,Proprietary,For-Profit,False,True,West,200-399_non_teaching_for_profit,3
050684,MENIFEE GLOBAL MEDICAL CENTER,SUN CITY,CA,92585,RIVERSIDE,84.0,25-99,Proprietary,For-Profit,False,True,West,25-99_non_teaching_for_profit,Not Available
050686,"KAISER FOUNDATION HOSPITAL, RIVERSIDE",RIVERSIDE,CA,92505,RIVERSIDE,226.0,200-399,Voluntary non-profit - Private,Nonprofit,True,True,West,200-399_teaching_nonprofit,5
050689,SAN RAMON REGIONAL MEDICAL CENTER,SAN RAMON,CA,94583,CONTRA COSTA,123.0,100-199,Proprietary,For-Profit,False,True,West,100-199_non_teaching_for_profit,3
050690,KAISER FOUNDATION HOSPITAL-SANTA ROSA,SANTA ROSA,CA,95403,SONOMA,173.0,100-199,Voluntary non-profit - Other,Nonprofit,False,True,West,100-199_non_teaching_nonprofit,4
050696,KECK HOSPITAL OF USC,LOS ANGELES,CA,90033,LOS ANGELES,285.0,200-399,Voluntary non-profit - Other,Nonprofit,True,True,West,200-399_teaching_nonprofit,4
050697,PATIENTS' HOSPITAL OF REDDING,REDDING,CA,96001,SHASTA,10.0,1-24,Proprietary,For-Profit,False,True,West,1-24_non_teaching_for_profit,Not Available
050701,SOUTHWEST HEALTHCARE RANCHO SPRINGS HOSPITAL,MURRIETA,CA,92562,RIVERSIDE,240.0,200-399,Proprietary,For-Profit,False,True,West,200-399_non_teaching_for_profit,3
050704,MISSION COMMUNITY HOSPITAL,PANORAMA CITY,CA,91402,LOS ANGELES,96.0,25-99,Voluntary non-profit - Private,Nonprofit,True,True,West,25-99_teaching_nonprofit,1
050708,FRESNO SURGICAL HOSPITAL,FRESNO,CA,93710,FRESNO,31.0,25-99,Proprietary,For-Profit,True,True,West,25-99_teaching_for_profit,Not Available
050709,DESERT VALLEY HOSPITAL,VICTORVILLE,CA,92395,SAN BERNARDINO,148.0,100-199,Proprietary,For-Profit,False,True,West,100-199_non_teaching_for_profit,3
050710,KAISER FOUNDATION HOSPITAL - FRESNO,FRESNO,CA,93720,FRESNO,169.0,100-199,Voluntary non-profit - Private,Nonprofit,True,True,West,100-199_teaching_nonprofit,4
050714,SUTTER MATERNITY & SURGERY CENTER OF SANTA CRUZ,SANTA CRUZ,CA,95065,SANTA CRUZ,30.0,25-99,Voluntary non-profit - Private,Nonprofit,False,True,West,25-99_non_teaching_nonprofit,Not Available
050717,LAC/RANCHO LOS AMIGOS NATIONAL REHABILITATION  CTR,DOWNEY,CA,90242,LOS ANGELES,395.0,200-399,Government - Local,Government,False,True,West,200-399_non_teaching_government,3
050723,KAISER FOUNDATION HOSPITAL - BALDWIN PARK,BALDWIN PARK,CA,91706,LOS ANGELES,269.0,200-399,Voluntary non-profit - Other,Nonprofit,False,True,West,200-399_non_teaching_nonprofit,2
050726,STANISLAUS SURGICAL HOSPITAL,MODESTO,CA,95355,STANISLAUS,23.0,1-24,Voluntary non-profit - Private,Nonprofit,False,True,West,1-24_non_teaching_nonprofit,Not Available
050735,WHITTIER HOSPITAL MEDICAL CENTER,WHITTIER,CA,90605,LOS ANGELES,178.0,100-199,Proprietary,For-Profit,False,True,West,100-199_non_teaching_for_profit,2
050736,MONTEREY PARK HOSPITAL,MONTEREY PARK,CA,91754,LOS ANGELES,102.0,100-199,Proprietary,For-Profit,True,True,West,100-199_teaching_for_profit,1
050737,GARFIELD MEDICAL CENTER,MONTEREY PARK,CA,91754,LOS ANGELES,210.0,200-399,Proprietary,For-Profit,False,True,West,200-399_non_teaching_for_profit,1
050738,GREATER EL MONTE COMMUNITY HOSPITAL,SOUTH EL MONTE,CA,91733,LOS ANGELES,104.0,100-199,Voluntary non-profit - Private,Nonprofit,False,True,West,100-199_non_teaching_nonprofit,2
050739,CENTINELA HOSPITAL MEDICAL CENTER,INGLEWOOD,CA,90301,LOS ANGELES,346.0,200-399,Proprietary,For-Profit,False,True,West,200-399_non_teaching_for_profit,2
050740,CEDAR-SINAI MARINA DEL REY HOSPITAL,MARINA DEL REY,CA,90292,LOS ANGELES,145.0,100-199,Proprietary,For-Profit,False,True,West,100-199_non_teaching_for_profit,4
050744,ANAHEIM GLOBAL MEDICAL CENTER,ANAHEIM,CA,92805,ORANGE,189.0,100-199,Proprietary,For-Profit,False,True,West,100-199_non_teaching_for_profit,Not Available
050745,CHAPMAN GLOBAL MEDICAL CENTER,ORANGE,CA,92869,ORANGE,84.0,25-99,Proprietary,For-Profit,False,True,West,25-99_non_teaching_for_profit,1
050746,ORANGE COUNTY GLOBAL MEDICAL CENTER,SANTA ANA,CA,92705,ORANGE,282.0,200-399,Proprietary,For-Profit,True,True,West,200-399_teaching_for_profit,2
050747,COASTAL COMMUNITIES HOSPITAL,SANTA ANA,CA,92704,ORANGE,178.0,100-199,Proprietary,For-Profit,False,True,West,100-199_non_teaching_for_profit,Not Available
050748,KAISER FOUNDATION HOSPITAL MANTECA,MANTECA,CA,95337,SAN JOAQUIN,251.0,200-399,Voluntary non-profit - Private,Nonprofit,False,True,West,200-399_non_teaching_nonprofit,4
050755,SHERMAN OAKS HOSPITAL,SHERMAN OAKS,CA,91403,LOS ANGELES,153.0,100-199,Voluntary non-profit - Private,Nonprofit,False,True,West,100-199_non_teaching_nonprofit,2
050758,MONTCLAIR HOSPITAL MEDICAL CENTER,MONTCLAIR,CA,91763,SAN BERNARDINO,106.0,100-199,Voluntary non-profit - Private,Nonprofit,False,True,West,100-199_non_teaching_nonprofit,3
050760,KAISER FOUNDATION HOSPITAL - ANTIOCH,ANTIOCH,CA,94531,CONTRA COSTA,150.0,100-199,Voluntary non-profit - Private,Nonprofit,False,True,West,100-199_non_teaching_nonprofit,3
050761,PROVIDENCE CEDARS SINAI TARZANA MEDICAL CENTER,TARZANA,CA,91356,LOS ANGELES,245.0,200-399,Voluntary non-profit - Private,Nonprofit,True,True,West,200-399_teaching_nonprofit,3
050763,L A DOWNTOWN MEDICAL CENTER,LOS ANGELES,CA,90026,LOS ANGELES,187.0,100-199,Proprietary,For-Profit,False,True,West,100-199_non_teaching_for_profit,2
050764,SHASTA REGIONAL MEDICAL CENTER,REDDING,CA,96001,SHASTA,246.0,200-399,Proprietary,For-Profit,False,True,West,200-399_non_teaching_for_profit,1
050765,KAISER FOUNDATION HOSPITAL-MORENO VALLEY,MORENO VALLEY,CA,92555,RIVERSIDE,101.0,100-199,Voluntary non-profit - Other,Nonprofit,True,True,West,100-199_teaching_nonprofit,4
050766,SUTTER SURGICAL HOSPITAL - NORTH VALLEY,YUBA CITY,CA,95991,SUTTER,14.0,1-24,Physician,Other,False,True,West,1-24_non_teaching_other,Not Available
050767,KAISER FOUNDATION HOSPITAL - VACAVILLE,VACAVILLE,CA,95688,SOLANO,72.0,25-99,Voluntary non-profit - Private,Nonprofit,False,True,West,25-99_non_teaching_nonprofit,4
050769,HOAG ORTHOPEDIC INSTITUTE,IRVINE,CA,92618,ORANGE,70.0,25-99,Proprietary,For-Profit,False,True,West,25-99_non_teaching_for_profit,Not Available
050770,LOMA LINDA UNIVERSITY MEDICAL CENTER-MURRIETA,MURRIETA,CA,92563,RIVERSIDE,106.0,100-199,Voluntary non-profit - Private,Nonprofit,False,True,West,100-199_non_teaching_nonprofit,2
050771,COAST PLAZA HOSPITAL,NORWALK,CA,90650,LOS ANGELES,117.0,100-199,Proprietary,For-Profit,True,True,West,100-199_teaching_for_profit,1
050772,KAISER FOUNDATION HOSPITAL - ROSEVILLE,ROSEVILLE,CA,95661,PLACER,340.0,200-399,Voluntary non-profit - Private,Nonprofit,True,True,West,200-399_teaching_nonprofit,4
050775,TEMECULA VALLEY HOSPITAL,TEMECULA,CA,92592,RIVERSIDE,140.0,100-199,Proprietary,For-Profit,True,True,West,100-199_teaching_for_profit,3
050776,COLLEGE MEDICAL CENTER,LONG BEACH,CA,90806,LOS ANGELES,157.0,100-199,Proprietary,For-Profit,False,True,West,100-199_non_teaching_for_profit,2
050777,KAISER FOUNDATION HOSPITAL - SAN LEANDRO,SAN LEANDRO,CA,94577,ALAMEDA,108.0,100-199,Voluntary non-profit - Private,Nonprofit,True,True,West,100-199_teaching_nonprofit,2
050778,LOMA LINDA UNIVERSITY CHILDREN'S HOSPITAL,LOMA LINDA,CA,92354,SAN BERNARDINO,343.0,200-399,Voluntary non-profit - Church,Nonprofit,False,True,West,200-399_non_teaching_nonprofit,3
050779,"MARTIN LUTHER KING, JR. COMMUNITY HOSPITAL",LOS ANGELES,CA,90059,LOS ANGELES,131.0,100-199,Voluntary non-profit - Private,Nonprofit,False,True,West,100-199_non_teaching_nonprofit,3
050780,FOOTHILL REGIONAL MEDICAL CENTER,TUSTIN,CA,92780,ORANGE,135.0,100-199,Proprietary,For-Profit,True,True,West,100-199_teaching_for_profit,Not Available
050782,CASA COLINA HOSPITAL,POMONA,CA,91767,LOS ANGELES,99.0,25-99,Voluntary non-profit - Private,Nonprofit,False,True,West,25-99_non_teaching_nonprofit,3
050783,COLUSA MEDICAL CENTER,COLUSA,CA,95932,COLUSA,48.0,25-99,Proprietary,For-Profit,True,False,West,25-99_teaching_for_profit,4
050784,ADVENTIST HEALTH TULARE,TULARE,CA,93274,TULARE,112.0,100-199,Voluntary non-profit - Private,Nonprofit,True,True,West,100-199_teaching_nonprofit,Not Available
050785,DOCS SURGICAL HOSPITAL,LOS ANGELES,CA,90036,LOS ANGELES,17.0,1-24,Physician,Other,False,True,West,1-24_non_teaching_other,Not Available
050854,"ANAHEIM COMMUNITY HOSPITAL, LLC",ANAHEIM,CA,92804,ORANGE,98.0,25-99,Proprietary,For-Profit,False,True,West,25-99_non_teaching_for_profit,Not Available
050855,KAISER FOUNDATION HOSPITAL - SAN MARCOS,SAN MARCOS,CA,92078,SAN DIEGO,168.0,100-199,Voluntary non-profit - Private,Nonprofit,True,True,West,100-199_teaching_nonprofit,Not Available
05114F,VA SAN DIEGO HEALTHCARE SYSTEM,SAN DIEGO,CA,92161,SAN DIEGO,5.0,1-24,Veterans Health Administration,Other,False,True,West,1-24_non_teaching_other,5
05127F,LOMA LINDA VA MEDICAL CENTER,LOMA LINDA,CA,92357,SAN BERNARDINO,,,Veterans Health Administration,Other,False,False,West,nan_non_teaching_other,4
05128F,VA GREATER LOS ANGELES HEALTHCARE SYSTEM,LOS ANGELES,CA,90073,LOS ANGELES,1327.0,600+,Veterans Health Administration,Other,False,True,West,600+_non_teaching_other,3
05130F,SAN FRANCISCO VA MEDICAL CENTER,SAN FRANCISCO,CA,94121,SAN FRANCISCO,120.0,100-199,Veterans Health Administration,Other,False,True,West,100-199_non_teaching_other,4
060001,BANNER NORTH COLORADO MEDICAL CENTER,GREELEY,CO,80631,WELD,378.0,200-399,Voluntary non-profit - Private,Nonprofit,False,True,West,200-399_non_teaching_nonprofit,4
060003,LONGMONT UNITED HOSPITAL,LONGMONT,CO,80501,BOULDER,186.0,100-199,Voluntary non-profit - Private,Nonprofit,False,True,West,100-199_non_teaching_nonprofit,4
060004,INTERMOUNTAIN HEALTH PLATTE VALLEY HOSPITAL,BRIGHTON,CO,80601,ADAMS,98.0,25-99,Voluntary non-profit - Private,Nonprofit,False,True,West,25-99_non_teaching_nonprofit,3
060006,MONTROSE REGIONAL HEALTH,MONTROSE,CO,81401,MONTROSE,75.0,25-99,Voluntary non-profit - Private,Nonprofit,False,False,West,25-99_non_teaching_nonprofit,3
060008,SAN LUIS VALLEY REGIONAL  MEDICAL CENTER,ALAMOSA,CO,81101,ALAMOSA,59.0,25-99,Voluntary non-profit - Private,Nonprofit,False,False,West,25-99_non_teaching_nonprofit,1
060009,LUTHERAN MEDICAL CENTER,WHEAT RIDGE,CO,80033,JEFFERSON,338.0,200-399,Voluntary non-profit - Private,Nonprofit,False,True,West,200-399_non_teaching_nonprofit,4
060010,POUDRE VALLEY HOSPITAL,FORT COLLINS,CO,80524,LARIMER,255.0,200-399,Voluntary non-profit - Private,Nonprofit,False,True,West,200-399_non_teaching_nonprofit,5
060011,DENVER HEALTH & HOSPITAL AUTHORITY,DENVER,CO,80204,DENVER,555.0,400-599,Government - State,Government,False,True,West,400-599_non_teaching_government,3
060012,ST MARY-CORWIN HOSPITAL,PUEBLO,CO,81004,PUEBLO,408.0,400-599,Voluntary non-profit - Church,Nonprofit,True,True,West,400-599_teaching_nonprofit,3
060013,MERCY REGIONAL MEDICAL CENTER,DURANGO,CO,81301,LA PLATA,82.0,25-99,Voluntary non-profit - Church,Nonprofit,False,False,West,25-99_non_teaching_nonprofit,5
060014,HCA HEALTHONE PRESBYTERIAN ST LUKES,DENVER,CO,80218,DENVER,680.0,600+,Government - State,Government,True,True,West,600+_teaching_government,3
060015,CENTURA HEALTH-ST ANTHONY HOSPITAL,LAKEWOOD,CO,80228,JEFFERSON,237.0,200-399,Voluntary non-profit - Church,Nonprofit,True,True,West,200-399_teaching_nonprofit,4
060020,"PARKVIEW MEDICAL CENTER, INC",PUEBLO,CO,81003,PUEBLO,350.0,200-399,Voluntary non-profit - Private,Nonprofit,False,True,West,200-399_non_teaching_nonprofit,2
060022,UCH-MEMORIAL HEALTH SYSTEM,COLORADO SPRINGS,CO,80909,EL PASO,583.0,400-599,Government - Local,Government,False,True,West,400-599_non_teaching_government,4
060023,INTERMOUNTAIN HEALTH ST. MARY'S REGIONAL HOSPITAL,GRAND JUNCTION,CO,81501,MESA,346.0,200-399,Voluntary non-profit - Church,Nonprofit,False,True,West,200-399_non_teaching_nonprofit,4
060024,UNIVERSITY OF COLORADO HOSPITAL AUTHORITY,AURORA,CO,80045,ADAMS,858.0,600+,Government - Hospital District or Authority,Government,True,True,West,600+_teaching_government,5
060027,BOULDER COMMUNITY HEALTH,BOULDER,CO,80304,BOULDER,181.0,100-199,Voluntary non-profit - Private,Nonprofit,False,True,West,100-199_non_teaching_nonprofit,4
060028,SAINT JOSEPH HOSPITAL,DENVER,CO,80218,DENVER,400.0,400-599,Voluntary non-profit - Private,Nonprofit,False,True,West,400-599_non_teaching_nonprofit,5
060030,BANNER MCKEE MEDICAL CENTER,LOVELAND,CO,80538,LARIMER,118.0,100-199,Voluntary non-profit - Private,Nonprofit,False,True,West,100-199_non_teaching_nonprofit,4
060031,CENTURA HEALTH-PENROSE ST FRANCIS HEALTH SERVICES,COLORADO SPRINGS,CO,80907,EL PASO,300.0,200-399,Voluntary non-profit - Private,Nonprofit,False,True,West,200-399_non_teaching_nonprofit,4
060032,HCA HEALTHONE ROSE,DENVER,CO,80220,DENVER,422.0,400-599,Proprietary,For-Profit,False,True,West,400-599_non_teaching_for_profit,3
060034,HCA-HEALTHONE DBA SWEDISH MEDICAL CENTER,ENGLEWOOD,CO,80113,ARAPAHOE,408.0,400-599,Proprietary,For-Profit,False,True,West,400-599_non_teaching_for_profit,4
06003F,Evans ACH (FT Carson),Fort Carson,CO,80913,EL PASO,250.0,200-399,Department of Defense,Other,False,True,West,200-399_non_teaching_other,Not Available
060044,ST ELIZABETH HOSPITAL,FORT MORGAN,CO,80701,MORGAN,50.0,25-99,Voluntary non-profit - Other,Nonprofit,False,False,West,25-99_non_teaching_nonprofit,Not Available
060049,UCHEALTH YAMPA VALLEY MEDICAL CENTER,STEAMBOAT SPRINGS,CO,80487,ROUTT,39.0,25-99,Voluntary non-profit - Private,Nonprofit,False,False,West,25-99_non_teaching_nonprofit,Not Available
060054,COMMUNITY HOSPITAL,GRAND JUNCTION,CO,81505,MESA,60.0,25-99,Voluntary non-profit - Private,Nonprofit,False,True,West,25-99_non_teaching_nonprofit,4
06005F,VA EASTERN COLORADO HEALTHCARE SYSTEM,AURORA,CO,80045,ADAMS,447.0,400-599,Veterans Health Administration,Other,False,True,West,400-599_non_teaching_other,5
060064,AdventHealth Porter,DENVER,CO,80210,DENVER,368.0,200-399,Voluntary non-profit - Private,Nonprofit,False,True,West,200-399_non_teaching_nonprofit,4
060065,HCA HEALTHONE MOUNTAIN RIDGE,THORNTON,CO,80229,ADAMS,157.0,100-199,Voluntary non-profit - Private,Nonprofit,False,True,West,100-199_non_teaching_nonprofit,2
060071,DELTA COUNTY MEMORIAL HOSPITAL,DELTA,CO,81416,DELTA,49.0,25-99,Government - Local,Government,False,False,West,25-99_non_teaching_government,3
060075,VALLEY VIEW HOSPITAL ASSOCIATION,GLENWOOD SPRINGS,CO,81601,GARFIELD,78.0,25-99,Voluntary non-profit - Private,Nonprofit,False,False,West,25-99_non_teaching_nonprofit,5
060076,STERLING REGIONAL MEDCENTER,STERLING,CO,80751,LOGAN,25.0,25-99,Voluntary non-profit - Private,Nonprofit,False,False,West,25-99_non_teaching_nonprofit,Not Available
06007F,GRAND JUNCTION VA MEDICAL CENTER,GRAND JUNCTION,CO,81501,MESA,103.0,100-199,Veterans Health Administration,Other,False,True,West,100-199_non_teaching_other,5
060096,VAIL HEALTH HOSPITAL,VAIL,CO,81657,EAGLE,56.0,25-99,Voluntary non-profit - Other,Nonprofit,False,False,West,25-99_non_teaching_nonprofit,5
060100,THE MEDICAL CENTER OF AURORA & SOUTH HOSPITAL,AURORA,CO,80012,ARAPAHOE,346.0,200-399,Proprietary,For-Profit,False,True,West,200-399_non_teaching_for_profit,3
060103,ADVENTHEALTH AVISTA,LOUISVILLE,CO,80027,BOULDER,114.0,100-199,Voluntary non-profit - Church,Nonprofit,False,True,West,100-199_non_teaching_nonprofit,4
060104,CENTURA HEALTH-ST ANTHONY NORTH HEALTH CAMPUS,WESTMINSTER,CO,80023,BROOMFIELD,121.0,100-199,Voluntary non-profit - Private,Nonprofit,True,True,West,100-199_teaching_nonprofit,4
060107,NATIONAL JEWISH HEALTH,DENVER,CO,80206,DENVER,46.0,25-99,Voluntary non-profit - Private,Nonprofit,False,True,West,25-99_non_teaching_nonprofit,Not Available
060112,SKY RIDGE MEDICAL CENTER,LONE TREE,CO,80124,DOUGLAS,304.0,200-399,Voluntary non-profit - Other,Nonprofit,True,True,West,200-399_teaching_nonprofit,3
060113,AdventHealth Littleton,LITTLETON,CO,80122,ARAPAHOE,231.0,200-399,Voluntary non-profit - Church,Nonprofit,False,True,West,200-399_non_teaching_nonprofit,4
060114,AdventHealth Parker,PARKER,CO,80138,DOUGLAS,104.0,100-199,Voluntary non-profit - Private,Nonprofit,False,True,West,100-199_non_teaching_nonprofit,4
060116,GOOD SAMARITAN MEDICAL CENTER LLC,LAFAYETTE,CO,80026,BOULDER,234.0,200-399,Voluntary non-profit - Private,Nonprofit,False,True,West,200-399_non_teaching_nonprofit,4
060117,"ANIMAS SURGICAL HOSPITAL, LLC",DURANGO,CO,81301,LA PLATA,12.0,1-24,Physician,Other,False,False,West,1-24_non_teaching_other,Not Available
060118,ST ANTHONY SUMMIT MEDICAL CENTER,FRISCO,CO,80443,SUMMIT,35.0,25-99,Voluntary non-profit - Church,Nonprofit,False,False,West,25-99_non_teaching_nonprofit,Not Available
060119,MEDICAL CENTER OF THE ROCKIES,LOVELAND,CO,80538,LARIMER,180.0,100-199,Voluntary non-profit - Private,Nonprofit,False,True,West,100-199_non_teaching_nonprofit,4
060124,ORTHOCOLORADO HOSP AT ST ANTHONY MED CAMPUS,LAKEWOOD,CO,80228,JEFFERSON,48.0,25-99,Proprietary,For-Profit,False,True,West,25-99_non_teaching_for_profit,Not Available
060125,ADVENTHEALTH CASTLE ROCK,CASTLE ROCK,CO,80109,DOUGLAS,50.0,25-99,Voluntary non-profit - Private,Nonprofit,False,True,West,25-99_non_teaching_nonprofit,4
060126,BANNER FORT COLLINS MEDICAL CENTER,FORT COLLINS,CO,80528,LARIMER,23.0,1-24,Voluntary non-profit - Other,Nonprofit,False,True,West,1-24_non_teaching_nonprofit,Not Available
060128,LONGS PEAK HOSPITAL,LONGMONT,CO,80504,BOULDER,83.0,25-99,Voluntary non-profit - Private,Nonprofit,True,True,West,25-99_teaching_nonprofit,5
060129,UCHEALTH BROOMFIELD HOSPITAL,BROOMFIELD,CO,80021,JEFFERSON,22.0,1-24,Proprietary,For-Profit,False,True,West,1-24_non_teaching_for_profit,5
060130,UCHEALTH GRANDVIEW HOSPITAL,COLORADO SPRINGS,CO,80918,EL PASO,22.0,1-24,Voluntary non-profit - Private,Nonprofit,False,True,West,1-24_non_teaching_nonprofit,Not Available
060131,UCHEALTH GREELEY HOSPITAL,GREELEY,CO,80634,WELD,88.0,25-99,Voluntary non-profit - Private,Nonprofit,False,True,West,25-99_non_teaching_nonprofit,3
060132,UCHEALTH HIGHLANDS RANCH HOSPITAL,HIGHLANDS RANCH,CO,80129,DOUGLAS,87.0,25-99,Voluntary non-profit - Private,Nonprofit,False,True,West,25-99_non_teaching_nonprofit,5
060133,ST FRANCIS HOSPITAL - INTERQUEST,COLORADO SPRINGS,CO,80921,EL PASO,72.0,25-99,Voluntary non-profit - Private,Nonprofit,False,True,West,25-99_non_teaching_nonprofit,Not Available
070002,ST FRANCIS HOSPITAL & MEDICAL CENTER,HARTFORD,CT,06105,HARTFORD,617.0,600+,Voluntary non-profit - Church,Nonprofit,True,True,Northeast,600+_teaching_nonprofit,2
070003,DAY KIMBALL HOSPITAL,PUTNAM,CT,06260,WINDHAM,104.0,100-199,Voluntary non-profit - Private,Nonprofit,False,True,Northeast,100-199_non_teaching_nonprofit,3
070004,SHARON HOSPITAL,SHARON,CT,06069,LITCHFIELD,78.0,25-99,Proprietary,For-Profit,False,False,Northeast,25-99_non_teaching_for_profit,5
070005,WATERBURY HOSPITAL,WATERBURY,CT,06721,NEW HAVEN,357.0,200-399,Proprietary,For-Profit,True,True,Northeast,200-399_teaching_for_profit,3
070006,STAMFORD HOSPITAL,STAMFORD,CT,06904,FAIRFIELD,305.0,200-399,Voluntary non-profit - Private,Nonprofit,True,True,Northeast,200-399_teaching_nonprofit,4
070007,LAWRENCE & MEMORIAL HOSPITAL,NEW LONDON,CT,06320,NEW LONDON,280.0,200-399,Voluntary non-profit - Private,Nonprofit,False,True,Northeast,200-399_non_teaching_nonprofit,3
070008,JOHNSON MEMORIAL HOSPITAL,STAFFORD SPRINGS,CT,06076,TOLLAND,92.0,25-99,Voluntary non-profit - Private,Nonprofit,False,True,Northeast,25-99_non_teaching_nonprofit,3
070010,BRIDGEPORT HOSPITAL,BRIDGEPORT,CT,06610,FAIRFIELD,497.0,400-599,Voluntary non-profit - Private,Nonprofit,True,True,Northeast,400-599_teaching_nonprofit,3
070011,CHARLOTTE HUNGERFORD HOSPITAL,TORRINGTON,CT,06790,LITCHFIELD,109.0,100-199,Voluntary non-profit - Private,Nonprofit,False,False,Northeast,100-199_non_teaching_nonprofit,3
070012,ROCKVILLE GENERAL HOSPITAL,VERNON,CT,06066,TOLLAND,102.0,100-199,Proprietary,For-Profit,True,True,Northeast,100-199_teaching_for_profit,Not Available
070016,SAINT MARY'S HOSPITAL,WATERBURY,CT,06706,NEW HAVEN,347.0,200-399,Voluntary non-profit - Church,Nonprofit,True,True,Northeast,200-399_teaching_nonprofit,3
070017,MIDSTATE MEDICAL CENTER,MERIDEN,CT,06450,NEW HAVEN,144.0,100-199,Voluntary non-profit - Private,Nonprofit,False,True,Northeast,100-199_non_teaching_nonprofit,4
070018,GREENWICH HOSPITAL ASSOCIATION -,GREENWICH,CT,06830,FAIRFIELD,206.0,200-399,Voluntary non-profit - Private,Nonprofit,True,True,Northeast,200-399_teaching_nonprofit,4
070020,MIDDLESEX HOSPITAL,MIDDLETOWN,CT,06457,MIDDLESEX,275.0,200-399,Voluntary non-profit - Private,Nonprofit,True,True,Northeast,200-399_teaching_nonprofit,3
070021,WINDHAM COMMUNITY MEMORIAL HOSPITAL,WILLIMANTIC,CT,06226,WINDHAM,130.0,100-199,Voluntary non-profit - Private,Nonprofit,False,True,Northeast,100-199_non_teaching_nonprofit,3
070022,YALE-NEW HAVEN HOSPITAL,NEW HAVEN,CT,06504,NEW HAVEN,874.0,600+,Voluntary non-profit - Private,Nonprofit,True,True,Northeast,600+_teaching_nonprofit,3
070024,WILLIAM W BACKUS HOSPITAL,NORWICH,CT,06360,NEW LONDON,213.0,200-399,Voluntary non-profit - Other,Nonprofit,True,True,Northeast,200-399_teaching_nonprofit,4
070025,HARTFORD HOSPITAL,HARTFORD,CT,06102,HARTFORD,819.0,600+,Voluntary non-profit - Private,Nonprofit,True,True,Northeast,600+_teaching_nonprofit,4
070027,MANCHESTER MEMORIAL HOSPITAL,MANCHESTER,CT,06040,HARTFORD,249.0,200-399,Proprietary,For-Profit,True,True,Northeast,200-399_teaching_for_profit,3
070028,ST VINCENT'S MEDICAL CENTER,BRIDGEPORT,CT,06606,FAIRFIELD,397.0,200-399,Voluntary non-profit - Private,Nonprofit,True,True,Northeast,200-399_teaching_nonprofit,3
070029,BRISTOL HOSPITAL,BRISTOL,CT,06010,HARTFORD,134.0,100-199,Voluntary non-profit - Private,Nonprofit,False,True,Northeast,100-199_non_teaching_nonprofit,2
070031,GRIFFIN HOSPITAL,DERBY,CT,06418,NEW HAVEN,160.0,100-199,Voluntary non-profit - Other,Nonprofit,True,True,Northeast,100-199_teaching_nonprofit,4
070033,DANBURY HOSPITAL,DANBURY,CT,06810,FAIRFIELD,345.0,200-399,Voluntary non-profit - Private,Nonprofit,True,True,Northeast,200-399_teaching_nonprofit,3
070034,NORWALK HOSPITAL,NORWALK,CT,06856,FAIRFIELD,328.0,200-399,Voluntary non-profit - Private,Nonprofit,True,True,Northeast,200-399_teaching_nonprofit,3
070035,THE HOSPITAL OF CENTRAL CONNECTICUT,NEW BRITAIN,CT,06050,HARTFORD,330.0,200-399,Voluntary non-profit - Other,Nonprofit,True,True,Northeast,200-399_teaching_nonprofit,2
070036,JOHN DEMPSEY HOSPITAL OF THE UNIVERSITY OF CONNECT,FARMINGTON,CT,06032,HARTFORD,204.0,200-399,Government - Local,Government,True,True,Northeast,200-399_teaching_government,3
070038,THE CONNECTICUT HOSPICE INC.,BRANFORD,CT,06405,NEW HAVEN,52.0,25-99,Voluntary non-profit - Private,Nonprofit,False,True,Northeast,25-99_non_teaching_nonprofit,Not Available
07003F,WEST HAVEN VA MEDICAL CENTER,WEST HAVEN,CT,06516,NEW HAVEN,813.0,600+,Veterans Health Administration,Other,False,True,Northeast,600+_non_teaching_other,3
080001,CHRISTIANA HOSPITAL,NEWARK,DE,19718,NEW CASTLE,1196.0,600+,Voluntary non-profit - Private,Nonprofit,True,True,South,600+_teaching_nonprofit,4
080003,ST FRANCIS HOSPITAL,WILMINGTON,DE,19805,NEW CASTLE,395.0,200-399,Voluntary non-profit - Private,Nonprofit,True,True,South,200-399_teaching_nonprofit,3
080004,"BAYHEALTH MEDICAL CENTER, KENT CAMPUS",DOVER,DE,19901,KENT,304.0,200-399,Voluntary non-profit - Private,Nonprofit,True,True,South,200-399_teaching_nonprofit,2
080006,"TIDALHEALTH NANTICOKE, INC.",SEAFORD,DE,19973,SUSSEX,119.0,100-199,Voluntary non-profit - Private,Nonprofit,False,True,South,100-199_non_teaching_nonprofit,5
080007,BEEBE MEDICAL CENTER,LEWES,DE,19958,SUSSEX,155.0,100-199,Voluntary non-profit - Private,Nonprofit,True,True,South,100-199_teaching_nonprofit,3
080009,"BAYHEALTH HOSPITAL, SUSSEX CAMPUS",MILFORD,DE,19963,SUSSEX,168.0,100-199,Voluntary non-profit - Private,Nonprofit,True,True,South,100-199_teaching_nonprofit,3
08002F,WILMINGTON VA MEDICAL CENTER,WILMINGTON,DE,19805,NEW CASTLE,300.0,200-399,Veterans Health Administration,Other,False,True,South,200-399_non_teaching_other,4
090001,GEORGE WASHINGTON UNIV HOSPITAL,WASHINGTON,DC,20037,THE DISTRICT,371.0,200-399,Proprietary,For-Profit,True,True,South,200-399_teaching_for_profit,1
090003,HOWARD UNIVERSITY HOSPITAL CORP,WASHINGTON,DC,20060,THE DISTRICT,479.0,400-599,Voluntary non-profit - Other,Nonprofit,True,True,South,400-599_teaching_nonprofit,1
090004,MEDSTAR GEORGETOWN UNIVERSITY HOSPITAL,WASHINGTON,DC,20007,THE DISTRICT,535.0,400-599,Proprietary,For-Profit,True,True,South,400-599_teaching_for_profit,3
090005,SIBLEY MEMORIAL HOSPITAL,WASHINGTON,DC,20016,THE DISTRICT,362.0,200-399,Voluntary non-profit - Other,Nonprofit,True,True,South,200-399_teaching_nonprofit,3
090008,UNITED MEDICAL CENTER,WASHINGTON,DC,20032,THE DISTRICT,184.0,100-199,Proprietary,For-Profit,False,True,South,100-199_non_teaching_for_profit,2
090011,MEDSTAR WASHINGTON HOSPITAL CENTER,WASHINGTON,DC,20010,THE DISTRICT,818.0,600+,Voluntary non-profit - Other,Nonprofit,True,True,South,600+_teaching_nonprofit,3
09002F,WASHINGTON DC VA MEDICAL CENTER,WASHINGTON,DC,20422,THE DISTRICT,291.0,200-399,Veterans Health Administration,Other,False,True,South,200-399_non_teaching_other,3
100001,SHANDS JACKSONVILLE,JACKSONVILLE,FL,32209,DUVAL,715.0,600+,Voluntary non-profit - Private,Nonprofit,True,True,South,600+_teaching_nonprofit,3
100002,BETHESDA HOSPITAL EAST,BOYNTON BEACH,FL,33435,PALM BEACH,481.0,400-599,Voluntary non-profit - Private,Nonprofit,True,True,South,400-599_teaching_nonprofit,2
100006,ORLANDO HEALTH,ORLANDO,FL,32806,ORANGE,2024.0,600+,Voluntary non-profit - Private,Nonprofit,True,True,South,600+_teaching_nonprofit,3
100007,ADVENTHEALTH ORLANDO,ORLANDO,FL,32803,ORANGE,3289.0,600+,Voluntary non-profit - Private,Nonprofit,True,True,South,600+_teaching_nonprofit,3
100008,BAPTIST HOSPITAL OF MIAMI,MIAMI,FL,33176,MIAMI-DADE,948.0,600+,Voluntary non-profit - Private,Nonprofit,False,True,South,600+_non_teaching_nonprofit,4
100012,LEE MEMORIAL HOSPITAL,FORT MYERS,FL,33901,LEE,895.0,600+,Government - Hospital District or Authority,Government,False,True,South,600+_non_teaching_government,4
100014,ADVENTHEALTH NEW SMYRNA BEACH,NEW SMYRNA BEACH,FL,32170,VOLUSIA,109.0,100-199,Voluntary non-profit - Church,Nonprofit,False,True,South,100-199_non_teaching_nonprofit,4
100017,HALIFAX HEALTH MEDICAL CENTER,DAYTONA BEACH,FL,32114,VOLUSIA,709.0,600+,Government - Hospital District or Authority,Government,True,True,South,600+_teaching_government,2
100018,NAPLES COMMUNITY HOSPITAL,NAPLES,FL,34102,COLLIER,728.0,600+,Voluntary non-profit - Private,Nonprofit,False,True,South,600+_non_teaching_nonprofit,3
100019,HOLMES REGIONAL MEDICAL CENTER,MELBOURNE,FL,32901,BREVARD,514.0,400-599,Voluntary non-profit - Private,Nonprofit,False,True,South,400-599_non_teaching_nonprofit,3
100022,JACKSON HEALTH SYSTEM,MIAMI,FL,33136,MIAMI-DADE,2255.0,600+,Government - Hospital District or Authority,Government,True,True,South,600+_teaching_government,1
100023,HCA FLORIDA CITRUS HOSPITAL,INVERNESS,FL,34452,CITRUS,204.0,200-399,Government - Hospital District or Authority,Government,False,True,South,200-399_non_teaching_government,2
100025,SACRED HEART HOSPITAL,PENSACOLA,FL,32504,ESCAMBIA,547.0,400-599,Voluntary non-profit - Private,Nonprofit,True,True,South,400-599_teaching_nonprofit,3
100026,ASCENSION SACRED HEART BAY,PANAMA CITY,FL,32401,BAY,323.0,200-399,Voluntary non-profit - Private,Nonprofit,False,True,South,200-399_non_teaching_nonprofit,3
100028,PARRISH MEDICAL CENTER,TITUSVILLE,FL,32796,BREVARD,208.0,200-399,Government - Hospital District or Authority,Government,False,True,South,200-399_non_teaching_government,1
100029,NORTH SHORE MEDICAL CENTER,MIAMI,FL,33150,MIAMI-DADE,816.0,600+,Proprietary,For-Profit,False,True,South,600+_non_teaching_for_profit,1
100030,ORLANDO HEALTH-HEALTH CENTRAL HOSPITAL,OCOEE,FL,34761,ORANGE,216.0,200-399,Government - State,Government,False,True,South,200-399_non_teaching_government,3
100032,ORLANDO HEALTH BAYFRONT HOSPITAL,SAINT PETERSBURG,FL,33701,PINELLAS,416.0,400-599,Voluntary non-profit - Private,Nonprofit,True,True,South,400-599_teaching_nonprofit,2
100034,"MOUNT SINAI MEDICAL CENTER OF FLORIDA, INC",MIAMI BEACH,FL,33140,MIAMI-DADE,672.0,600+,Voluntary non-profit - Private,Nonprofit,True,True,South,600+_teaching_nonprofit,3
100035,MANATEE MEMORIAL HOSPITAL,BRADENTON,FL,34208,MANATEE,319.0,200-399,Proprietary,For-Profit,True,True,South,200-399_teaching_for_profit,2
100038,MEMORIAL REGIONAL HOSPITAL,HOLLYWOOD,FL,33021,BROWARD,1079.0,600+,Government - Hospital District or Authority,Government,True,True,South,600+_teaching_government,3
100039,BROWARD HEALTH MEDICAL CENTER,FORT LAUDERDALE,FL,33316,BROWARD,723.0,600+,Government - Hospital District or Authority,Government,True,True,South,600+_teaching_government,3
100040,ASCENSION ST VINCENT'S RIVERSIDE,JACKSONVILLE,FL,32204,DUVAL,584.0,400-599,Voluntary non-profit - Private,Nonprofit,False,True,South,400-599_non_teaching_nonprofit,2
100043,MEASE DUNEDIN HOSPITAL,DUNEDIN,FL,34698,PINELLAS,507.0,400-599,Voluntary non-profit - Private,Nonprofit,False,True,South,400-599_non_teaching_nonprofit,4
100044,CLEVELAND CLINIC MARTIN NORTH HOSPITAL,STUART,FL,34994,MARTIN,521.0,400-599,Voluntary non-profit - Private,Nonprofit,False,True,South,400-599_non_teaching_nonprofit,2
100045,ADVENTHEALTH DELAND,DELAND,FL,32720,VOLUSIA,170.0,100-199,Voluntary non-profit - Church,Nonprofit,True,True,South,100-199_teaching_nonprofit,4
100046,Adventhealth Zephyrhills,ZEPHYRHILLS,FL,33541,PASCO,139.0,100-199,Voluntary non-profit - Church,Nonprofit,False,True,South,100-199_non_teaching_nonprofit,5
100047,SHOREPOINT HEALTH PUNTA GORDA,PUNTA GORDA,FL,33950,CHARLOTTE,208.0,200-399,Proprietary,For-Profit,True,True,South,200-399_teaching_for_profit,2
100049,HCA FLORIDA HIGHLANDS HOSPITAL,SEBRING,FL,33870,HIGHLANDS,126.0,100-199,Proprietary,For-Profit,False,True,South,100-199_non_teaching_for_profit,2
100050,LARKIN COMMUNITY HOSPITAL PALM SPRINGS CAMPUS,HIALEAH,FL,33012,MIAMI-DADE,247.0,200-399,Voluntary non-profit - Private,Nonprofit,True,True,South,200-399_teaching_nonprofit,4
100051,ORLANDO HEALTH SOUTH LAKE HOSPITAL,CLERMONT,FL,34711,LAKE,235.0,200-399,Government - Hospital District or Authority,Government,False,True,South,200-399_non_teaching_government,3
100052,WINTER HAVEN HOSPITAL,WINTER HAVEN,FL,33881,POLK,508.0,400-599,Voluntary non-profit - Private,Nonprofit,False,True,South,400-599_non_teaching_nonprofit,2
100053,HIALEAH HOSPITAL,HIALEAH,FL,33013,MIAMI-DADE,356.0,200-399,Proprietary,For-Profit,False,True,South,200-399_non_teaching_for_profit,3
100054,HCA FLORIDA TWIN CITIES HOSPITAL,NICEVILLE,FL,32578,OKALOOSA,65.0,25-99,Proprietary,For-Profit,False,True,South,25-99_non_teaching_for_profit,4
100055,ADVENTHEALTH NORTH PINELLAS,TARPON SPRINGS,FL,34689,PINELLAS,168.0,100-199,Voluntary non-profit - Other,Nonprofit,False,True,South,100-199_non_teaching_nonprofit,3
100057,ADVENTHEALTH WATERMAN,TAVARES,FL,32778,LAKE,269.0,200-399,Voluntary non-profit - Church,Nonprofit,False,True,South,200-399_non_teaching_nonprofit,4
100062,ADVENTHEALTH OCALA,OCALA,FL,34474,MARION,385.0,200-399,Government - Hospital District or Authority,Government,False,True,South,200-399_non_teaching_government,4
100063,MORTON PLANT NORTH BAY HOSPITAL,NEW PORT RICHEY,FL,34652,PASCO,222.0,200-399,Voluntary non-profit - Private,Nonprofit,False,True,South,200-399_non_teaching_nonprofit,3
100067,ST ANTHONYS HOSPITAL,SAINT PETERSBURG,FL,33705,PINELLAS,448.0,400-599,Voluntary non-profit - Church,Nonprofit,False,True,South,400-599_non_teaching_nonprofit,3
100068,ADVENTHEALTH DAYTONA BEACH,DAYTONA BEACH,FL,32117,VOLUSIA,362.0,200-399,Voluntary non-profit - Church,Nonprofit,True,True,South,200-399_teaching_nonprofit,4
100069,AdventHealth Carrollwood,TAMPA,FL,33614,HILLSBOROUGH,119.0,100-199,Voluntary non-profit - Church,Nonprofit,False,True,South,100-199_non_teaching_nonprofit,3
100071,TAMPA GENERAL HOSPITAL BROOKSVILLE,BROOKSVILLE,FL,34601,HERNANDO,244.0,200-399,Voluntary non-profit - Church,Nonprofit,False,True,South,200-399_non_teaching_nonprofit,1
100072,ADVENTHEALTH FISH MEMORIAL,ORANGE CITY,FL,32763,VOLUSIA,175.0,100-199,Voluntary non-profit - Church,Nonprofit,False,True,South,100-199_non_teaching_nonprofit,5
100073,HOLY CROSS HOSPITAL,FT LAUDERDALE,FL,33308,BROWARD,557.0,400-599,Voluntary non-profit - Church,Nonprofit,False,True,South,400-599_non_teaching_nonprofit,4
100075,ST JOSEPHS HOSPITAL,TAMPA,FL,33607,HILLSBOROUGH,1367.0,600+,Voluntary non-profit - Church,Nonprofit,False,True,South,600+_non_teaching_nonprofit,4
100077,Adventhealth Port Charlotte,PORT CHARLOTTE,FL,33952,CHARLOTTE,254.0,200-399,Proprietary,For-Profit,False,True,South,200-399_non_teaching_for_profit,1
100080,HCA FLORIDA JFK HOSPITAL,ATLANTIS,FL,33462,PALM BEACH,796.0,600+,Proprietary,For-Profit,True,True,South,600+_teaching_for_profit,2
100084,UF HEALTH LEESBURG HOSPITAL,LEESBURG,FL,34748,LAKE,330.0,200-399,Voluntary non-profit - Private,Nonprofit,False,True,South,200-399_non_teaching_nonprofit,3
100086,BROWARD HEALTH NORTH,DEERFIELD BEACH,FL,33064,BROWARD,409.0,400-599,Government - Hospital District or Authority,Government,False,True,South,400-599_non_teaching_government,2
100087,SARASOTA MEMORIAL HOSPITAL,SARASOTA,FL,34239,SARASOTA,897.0,600+,Government - Hospital District or Authority,Government,False,True,South,600+_non_teaching_government,5
100088,BAPTIST HEALTH MEDICAL CENTER - JACKSONVILLE,JACKSONVILLE,FL,32207,DUVAL,1229.0,600+,Voluntary non-profit - Private,Nonprofit,True,True,South,600+_teaching_nonprofit,4
100090,FLAGLER HOSPITAL,SAINT AUGUSTINE,FL,32086,ST. JOHNS,335.0,200-399,Voluntary non-profit - Private,Nonprofit,False,True,South,200-399_non_teaching_nonprofit,2
100092,ORLANDO HEALTH ROCKLEDGE HOSPITAL,ROCKLEDGE,FL,32955,BREVARD,298.0,200-399,Voluntary non-profit - Private,Nonprofit,False,True,South,200-399_non_teaching_nonprofit,5
100093,BAPTIST HOSPITAL,PENSACOLA,FL,32503,ESCAMBIA,569.0,400-599,Voluntary non-profit - Private,Nonprofit,False,True,South,400-599_non_teaching_nonprofit,4
100099,ADVENTHEALTH LAKE WALES,LAKE WALES,FL,33853,POLK,118.0,100-199,Proprietary,For-Profit,False,True,South,100-199_non_teaching_for_profit,3
10009F,BAY PINES VA MEDICAL CENTER,BAY PINES,FL,33744,PINELLAS,660.0,600+,Veterans Health Administration,Other,False,True,South,600+_non_teaching_other,3
100105,CLEVELAND CLINIC INDIAN RIVER HOSPITAL,VERO BEACH,FL,32960,INDIAN RIVER,332.0,200-399,Voluntary non-profit - Private,Nonprofit,False,True,South,200-399_non_teaching_nonprofit,4
100107,HCA FLORIDA LEHIGH REGIONAL MEDICAL CENTER,LEHIGH ACRES,FL,33936,LEE,53.0,25-99,Proprietary,For-Profit,False,True,South,25-99_non_teaching_for_profit,2
100109,ADVENTHEALTH SEBRING,SEBRING,FL,33872,HIGHLANDS,204.0,200-399,Voluntary non-profit - Private,Nonprofit,False,True,South,200-399_non_teaching_nonprofit,3
100110,HCA FLORIDA OSCEOLA HOSPITAL,KISSIMMEE,FL,34741,OSCEOLA,407.0,400-599,Proprietary,For-Profit,False,True,South,400-599_non_teaching_for_profit,1
100113,UF HEALTH SHANDS HOSPITAL,GAINESVILLE,FL,32610,ALACHUA,1054.0,600+,Voluntary non-profit - Private,Nonprofit,True,True,South,600+_teaching_nonprofit,4
100117,BAPTIST MEDICAL CENTER  BEACHES,JACKSONVILLE BEACH,FL,32250,DUVAL,146.0,100-199,Voluntary non-profit - Private,Nonprofit,False,True,South,100-199_non_teaching_nonprofit,3
100118,AdventHealth Palm Coast,PALM COAST,FL,32164,FLAGLER,99.0,25-99,Voluntary non-profit - Church,Nonprofit,False,True,South,25-99_non_teaching_nonprofit,3
100121,BARTOW REGIONAL MEDICAL CENTER,BARTOW,FL,33830,POLK,72.0,25-99,Proprietary,For-Profit,False,True,South,25-99_non_teaching_for_profit,2
100122,NORTH OKALOOSA MEDICAL CENTER,CRESTVIEW,FL,32539,OKALOOSA,110.0,100-199,Voluntary non-profit - Private,Nonprofit,False,True,South,100-199_non_teaching_nonprofit,3
100124,SANTA ROSA MEDICAL CENTER,MILTON,FL,32570,SANTA ROSA,129.0,100-199,Proprietary,For-Profit,False,True,South,100-199_non_teaching_for_profit,4
100125,HOMESTEAD HOSPITAL,HOMESTEAD,FL,33033,MIAMI-DADE,147.0,100-199,Voluntary non-profit - Private,Nonprofit,False,True,South,100-199_non_teaching_nonprofit,4
100126,HCA FLORIDA PASADENA HOSPITAL A PART OF HCA FLORID,SAINT PETERSBURG,FL,33707,PINELLAS,307.0,200-399,Proprietary,For-Profit,False,True,South,200-399_non_teaching_for_profit,3
100127,MORTON PLANT HOSPITAL,CLEARWATER,FL,33756,PINELLAS,687.0,600+,Voluntary non-profit - Private,Nonprofit,True,True,South,600+_teaching_nonprofit,4
100128,TAMPA GENERAL HOSPITAL,TAMPA,FL,33606,HILLSBOROUGH,1096.0,600+,Voluntary non-profit - Private,Nonprofit,True,True,South,600+_teaching_nonprofit,2
100130,LAKESIDE MEDICAL CENTER,BELLE GLADE,FL,33430,PALM BEACH,70.0,25-99,Government - Hospital District or Authority,Government,False,True,South,25-99_non_teaching_government,Not Available
100131,HCA FLORIDA AVENTURA HOSPITAL,AVENTURA,FL,33180,MIAMI-DADE,493.0,400-599,Voluntary non-profit - Private,Nonprofit,False,True,South,400-599_non_teaching_nonprofit,3
100132,SOUTH FLORIDA BAPTIST HOSPITAL,PLANT CITY,FL,33563,HILLSBOROUGH,146.0,100-199,Voluntary non-profit - Private,Nonprofit,False,True,South,100-199_non_teaching_nonprofit,4
100134,ED FRASER MEMORIAL HOSPITAL,MACCLENNY,FL,32063,BAKER,25.0,25-99,Voluntary non-profit - Private,Nonprofit,False,True,South,25-99_non_teaching_nonprofit,Not Available
100135,TALLAHASSEE MEMORIAL HEALTHCARE,TALLAHASSEE,FL,32308,LEON,772.0,600+,Voluntary non-profit - Private,Nonprofit,False,True,South,600+_non_teaching_nonprofit,2
100137,ADVENTHEALTH HEART OF FLORIDA,DAVENPORT,FL,33837,POLK,268.0,200-399,Proprietary,For-Profit,False,True,South,200-399_non_teaching_for_profit,2
10013F,NH Jacksonville,Jacksonville,FL,32214,DUVAL,430.0,400-599,Department of Defense,Other,False,True,South,400-599_non_teaching_other,Not Available
100140,BAPTIST MEDICAL CENTER - NASSAU,FERNANDINA BEACH,FL,32034,NASSAU,62.0,25-99,Voluntary non-profit - Private,Nonprofit,False,True,South,25-99_non_teaching_nonprofit,5
100142,JACKSON HOSPITAL,MARIANNA,FL,32446,JACKSON,100.0,100-199,Government - Hospital District or Authority,Government,True,False,South,100-199_teaching_government,1
100150,LOWER KEYS MEDICAL CENTER,KEY WEST,FL,33040,MONROE,167.0,100-199,Proprietary,For-Profit,True,False,South,100-199_teaching_for_profit,4
100151,MAYO CLINIC,JACKSONVILLE,FL,32224,DUVAL,434.0,400-599,Voluntary non-profit - Private,Nonprofit,True,True,South,400-599_teaching_nonprofit,5
100154,SOUTH MIAMI HOSPITAL,MIAMI,FL,33143,MIAMI-DADE,436.0,400-599,Voluntary non-profit - Private,Nonprofit,True,True,South,400-599_teaching_nonprofit,4
100156,HCA FLORIDA LAKE CITY HOSPITAL,LAKE CITY,FL,32055,COLUMBIA,141.0,100-199,Proprietary,For-Profit,False,False,South,100-199_non_teaching_for_profit,2
100157,LAKELAND REGIONAL MEDICAL CENTER,LAKELAND,FL,33805,POLK,892.0,600+,Voluntary non-profit - Private,Nonprofit,False,True,South,600+_non_teaching_nonprofit,1
10015F,VA NORTH FLORIDA/SOUTH GEORGIA HEALTHCARE SYSTEM - LAKE CITY,LAKE CITY,FL,32025,COLUMBIA,439.0,400-599,Veterans Health Administration,Other,False,False,South,400-599_non_teaching_other,Not Available
100161,CENTRAL FLORIDA LAKE MONROE HOSPITAL,SANFORD,FL,32771,SEMINOLE,221.0,200-399,Proprietary,For-Profit,False,True,South,200-399_non_teaching_for_profit,2
100166,HCA FLORIDA SARASOTA DOCTORS HOSPITAL,SARASOTA,FL,34233,SARASOTA,155.0,100-199,Proprietary,For-Profit,False,True,South,100-199_non_teaching_for_profit,4
100167,HCA FLORIDA MERCY HOSPITAL,PLANTATION,FL,33317,BROWARD,488.0,400-599,Voluntary non-profit - Private,Nonprofit,False,True,South,400-599_non_teaching_nonprofit,1
100168,BOCA RATON REGIONAL HOSPITAL,BOCA RATON,FL,33486,PALM BEACH,400.0,400-599,Voluntary non-profit - Private,Nonprofit,False,True,South,400-599_non_teaching_nonprofit,3
100173,ADVENTHEALTH TAMPA,TAMPA,FL,33613,HILLSBOROUGH,626.0,600+,Voluntary non-profit - Private,Nonprofit,True,True,South,600+_teaching_nonprofit,3
100175,DESOTO MEMORIAL HOSPITAL,ARCADIA,FL,34266,DE SOTO,49.0,25-99,Voluntary non-profit - Private,Nonprofit,False,False,South,25-99_non_teaching_nonprofit,2
100176,PALM BEACH GARDENS MEDICAL CENTER,PALM BEACH GARDENS,FL,33410,PALM BEACH,199.0,100-199,Proprietary,For-Profit,False,True,South,100-199_non_teaching_for_profit,1
100177,CAPE CANAVERAL HOSPITAL,COCOA BEACH,FL,32931,BREVARD,150.0,100-199,Voluntary non-profit - Private,Nonprofit,False,True,South,100-199_non_teaching_nonprofit,4
100179,HCA FLORIDA MEMORIAL HOSPITAL,JACKSONVILLE,FL,32216,DUVAL,454.0,400-599,Proprietary,For-Profit,True,True,South,400-599_teaching_for_profit,2
100180,HCA FLORIDA ST PETERSBURG HOSPITAL,SAINT PETERSBURG,FL,33710,PINELLAS,215.0,200-399,Proprietary,For-Profit,False,True,South,200-399_non_teaching_for_profit,2
100181,LARKIN COMMUNITY HOSPITAL,SOUTH MIAMI,FL,33143,MIAMI-DADE,146.0,100-199,Proprietary,For-Profit,True,True,South,100-199_teaching_for_profit,Not Available
100183,CORAL GABLES HOSPITAL,CORAL GABLES,FL,33134,MIAMI-DADE,245.0,200-399,Proprietary,For-Profit,False,True,South,200-399_non_teaching_for_profit,3
100187,PALMETTO GENERAL HOSPITAL,HIALEAH,FL,33016,MIAMI-DADE,360.0,200-399,Proprietary,For-Profit,True,True,South,200-399_teaching_for_profit,2
100189,HCA FLORIDA NORTHWEST HOSPITAL,MARGATE,FL,33063,BROWARD,289.0,200-399,Proprietary,For-Profit,False,True,South,200-399_non_teaching_for_profit,1
100191,HCA FLORIDA TRINITY HOSPITAL,TRINITY,FL,34655,PASCO,340.0,200-399,Proprietary,For-Profit,False,True,South,200-399_non_teaching_for_profit,2
100200,BROWARD HEALTH IMPERIAL POINT,FORT LAUDERDALE,FL,33308,BROWARD,204.0,200-399,Government - Hospital District or Authority,Government,False,True,South,200-399_non_teaching_government,2
100204,HCA FLORIDA NORTH FLORIDA HOSPITAL,GAINESVILLE,FL,32605,ALACHUA,528.0,400-599,Proprietary,For-Profit,False,True,South,400-599_non_teaching_for_profit,2
100206,HCA FLORIDA SOUTH TAMPA HOSPITAL,TAMPA,FL,33609,HILLSBOROUGH,374.0,200-399,Proprietary,For-Profit,False,True,South,200-399_non_teaching_for_profit,4
100209,HCA FLORIDA KENDALL HOSPITAL,MIAMI,FL,33175,MIAMI-DADE,447.0,400-599,Proprietary,For-Profit,False,True,South,400-599_non_teaching_for_profit,3
100211,ADVENTHEALTH DADE CITY,DADE CITY,FL,33525,PASCO,122.0,100-199,Proprietary,For-Profit,False,True,South,100-199_non_teaching_for_profit,4
100212,MARION COMMUNTIY HOSPITAL,OCALA,FL,34471,MARION,545.0,400-599,Proprietary,For-Profit,False,True,South,400-599_non_teaching_for_profit,1
100213,HCA FLORIDA BLAKE HOSPITAL,BRADENTON,FL,34209,MANATEE,383.0,200-399,Proprietary,For-Profit,False,True,South,200-399_non_teaching_for_profit,2
100217,ORLANDO HEALTH SEBASTIAN RIVER HOSPITAL,SEBASTIAN,FL,32958,INDIAN RIVER,145.0,100-199,Voluntary non-profit - Private,Nonprofit,False,True,South,100-199_non_teaching_nonprofit,3
10021F,96th Medical Group (Eglin AFB),Eglin AFB,FL,32542,OKALOOSA,215.0,200-399,Department of Defense,Other,False,True,South,200-399_non_teaching_other,Not Available
100220,GULF COAST MEDICAL CENTER LEE HEALTH,FORT MYERS,FL,33912,LEE,699.0,600+,Government - Hospital District or Authority,Government,False,True,South,600+_non_teaching_government,4
100223,HCA FLORIDA FORT WALTON-DESTIN HOSPITAL,FORT WALTON BEACH,FL,32547,OKALOOSA,331.0,200-399,Proprietary,For-Profit,True,True,South,200-399_teaching_for_profit,3
100224,UNIVERSITY HOSPITAL AND MEDICAL CENTER,TAMARAC,FL,33321,BROWARD,271.0,200-399,Proprietary,For-Profit,False,True,South,200-399_non_teaching_for_profit,1
100226,HCA FLORIDA ORANGE PARK HOSPITAL,ORANGE PARK,FL,32073,CLAY,433.0,400-599,Voluntary non-profit - Other,Nonprofit,False,True,South,400-599_non_teaching_nonprofit,3
100228,WESTSIDE REGIONAL MEDICAL CENTER,PLANTATION,FL,33324,BROWARD,250.0,200-399,Proprietary,For-Profit,False,True,South,200-399_non_teaching_for_profit,2
100230,MEMORIAL HOSPITAL PEMBROKE,PEMBROKE PINES,FL,33024,BROWARD,301.0,200-399,Government - Hospital District or Authority,Government,True,True,South,200-399_teaching_government,3
100231,HCA FLORIDA WEST HOSPITAL,PENSACOLA,FL,32514,ESCAMBIA,515.0,400-599,Proprietary,For-Profit,False,True,South,400-599_non_teaching_for_profit,3
100232,HCA FLORIDA PUTNAM HOSPITAL,PALATKA,FL,32177,PUTNAM,99.0,25-99,Proprietary,For-Profit,False,False,South,25-99_non_teaching_for_profit,1
100236,HCA FLORIDA FAWCETT HOSPITAL,PORT CHARLOTTE,FL,33952,CHARLOTTE,265.0,200-399,Proprietary,For-Profit,False,True,South,200-399_non_teaching_for_profit,2
100238,HCA FLORIDA NORTHSIDE HOSPITAL,SAINT PETERSBURG,FL,33709,PINELLAS,288.0,200-399,Proprietary,For-Profit,True,True,South,200-399_teaching_for_profit,1
100242,HCA FLORIDA GULF COAST HOSPITAL,PANAMA CITY,FL,32405,BAY,282.0,200-399,Proprietary,For-Profit,False,True,South,200-399_non_teaching_for_profit,3
100243,HCA FLORIDA BRANDON HOSPITAL,BRANDON,FL,33511,HILLSBOROUGH,479.0,400-599,Proprietary,For-Profit,False,True,South,400-599_non_teaching_for_profit,2
100244,CAPE CORAL HOSPITAL,CAPE CORAL,FL,33990,LEE,303.0,200-399,Government - Hospital District or Authority,Government,False,True,South,200-399_non_teaching_government,4
100246,HCA FLORIDA LAWNWOOD HOSPITAL,FORT PIERCE,FL,34950,ST. LUCIE,497.0,400-599,Proprietary,For-Profit,False,True,South,400-599_non_teaching_for_profit,1
100248,HCA FLORIDA LARGO HOSPITAL,LARGO,FL,33770,PINELLAS,452.0,400-599,Proprietary,For-Profit,True,True,South,400-599_teaching_for_profit,1
100249,TAMPA GENERAL HOSPITAL CRYSTAL RIVER,CRYSTAL RIVER,FL,34428,CITRUS,128.0,100-199,Voluntary non-profit - Private,Nonprofit,False,True,South,100-199_non_teaching_nonprofit,2
100252,HCA FLORIDA RAULERSON HOSPITAL,OKEECHOBEE,FL,34972,OKEECHOBEE,100.0,100-199,Proprietary,For-Profit,False,False,South,100-199_non_teaching_for_profit,3
100253,JUPITER MEDICAL CENTER,JUPITER,FL,33458,PALM BEACH,248.0,200-399,Voluntary non-profit - Private,Nonprofit,False,True,South,200-399_non_teaching_nonprofit,4
100254,HCA FLORIDA CAPITAL HOSPITAL,TALLAHASSEE,FL,32308,LEON,288.0,200-399,Proprietary,For-Profit,False,True,South,200-399_non_teaching_for_profit,2
100256,HCA FLORIDA BAYONET POINT HOSPITAL,HUDSON,FL,34667,PASCO,392.0,200-399,Proprietary,For-Profit,False,True,South,200-399_non_teaching_for_profit,2
100258,DELRAY MEDICAL CENTER,DELRAY BEACH,FL,33484,PALM BEACH,536.0,400-599,Proprietary,For-Profit,False,True,South,400-599_non_teaching_for_profit,1
100259,HCA FLORIDA SOUTH SHORE HOSPITAL,SUN CITY CENTER,FL,33573,HILLSBOROUGH,112.0,100-199,Proprietary,For-Profit,False,True,South,100-199_non_teaching_for_profit,3
100260,ST LUCIE MEDICAL CENTER,PORT SAINT LUCIE,FL,34952,ST. LUCIE,257.0,200-399,Proprietary,For-Profit,False,True,South,200-399_non_teaching_for_profit,1
100264,HCA FLORIDA OAK HILL HOSPITAL,BROOKSVILLE,FL,34613,HERNANDO,350.0,200-399,Proprietary,For-Profit,True,True,South,200-399_teaching_for_profit,2
100265,MEASE COUNTRYSIDE HOSPITAL,SAFETY HARBOR,FL,34695,PINELLAS,300.0,200-399,Voluntary non-profit - Private,Nonprofit,False,True,South,200-399_non_teaching_nonprofit,4
100266,GULF BREEZE HOSPITAL,GULF BREEZE,FL,32561,SANTA ROSA,77.0,25-99,Voluntary non-profit - Other,Nonprofit,False,True,South,25-99_non_teaching_nonprofit,4
100267,HCA FLORIDA ENGLEWOOD HOSPITAL,ENGLEWOOD,FL,34223,SARASOTA,100.0,100-199,Proprietary,For-Profit,False,True,South,100-199_non_teaching_for_profit,3
100268,WEST BOCA MEDICAL CENTER,BOCA RATON,FL,33428,PALM BEACH,195.0,100-199,Proprietary,For-Profit,False,True,South,100-199_non_teaching_for_profit,2
100269,HCA FLORIDA PALMS WEST HOSPITAL,LOXAHATCHEE,FL,33470,PALM BEACH,206.0,200-399,Proprietary,For-Profit,True,True,South,200-399_teaching_for_profit,2
100275,WELLINGTON REGIONAL MEDICAL CENTER,WELLINGTON,FL,33414,PALM BEACH,235.0,200-399,Proprietary,For-Profit,True,True,South,200-399_teaching_for_profit,1
100276,BROWARD HEALTH CORAL SPRINGS,CORAL SPRINGS,FL,33065,BROWARD,278.0,200-399,Government - Hospital District or Authority,Government,False,True,South,200-399_non_teaching_government,3
100277,DOUGLAS GARDENS HOSPITAL,MIAMI,FL,33137,MIAMI-DADE,32.0,25-99,Voluntary non-profit - Private,Nonprofit,False,True,South,25-99_non_teaching_nonprofit,Not Available
100281,MEMORIAL HOSPITAL WEST,PEMBROKE PINES,FL,33028,BROWARD,366.0,200-399,Government - Hospital District or Authority,Government,False,True,South,200-399_non_teaching_government,3
100284,KERALTY HOSPITAL,MIAMI,FL,33155,MIAMI-DADE,125.0,100-199,Proprietary,For-Profit,True,True,South,100-199_teaching_for_profit,1
100285,MEMORIAL HOSPITAL MIRAMAR,MIRAMAR,FL,33029,BROWARD,178.0,100-199,Government - Hospital District or Authority,Government,False,True,South,100-199_non_teaching_government,5
100286,PHYSICIANS REGIONAL MEDICAL CENTER - PINE RIDGE,NAPLES,FL,34119,COLLIER,327.0,200-399,Proprietary,For-Profit,False,True,South,200-399_non_teaching_for_profit,1
100287,GOOD SAMARITAN MEDICAL CENTER,WEST PALM BEACH,FL,33401,PALM BEACH,333.0,200-399,Proprietary,For-Profit,False,True,South,200-399_non_teaching_for_profit,1
100288,ST MARY'S MEDICAL CENTER,WEST PALM BEACH,FL,33407,PALM BEACH,413.0,400-599,Proprietary,For-Profit,False,True,South,400-599_non_teaching_for_profit,1
100289,CLEVELAND CLINIC HOSPITAL,WESTON,FL,33331,BROWARD,236.0,200-399,Voluntary non-profit - Private,Nonprofit,True,True,South,200-399_teaching_nonprofit,4
100290,"VILLAGES REGIONAL HOSPITAL, THE",THE VILLAGES,FL,32159,LAKE,315.0,200-399,Voluntary non-profit - Private,Nonprofit,False,True,South,200-399_non_teaching_nonprofit,2
100291,ORLANDO HEALTH MELBOURNE HOSPITAL,MELBOURNE,FL,32935,BREVARD,119.0,100-199,Voluntary non-profit - Private,Nonprofit,False,True,South,100-199_non_teaching_nonprofit,2
100292,SACRED HEART HOSPITAL ON THE EMERALD COAST,MIRAMAR BEACH,FL,32550,WALTON,58.0,25-99,Voluntary non-profit - Other,Nonprofit,False,True,South,25-99_non_teaching_nonprofit,4
100296,DOCTORS HOSPITAL,CORAL GABLES,FL,33146,MIAMI-DADE,281.0,200-399,Voluntary non-profit - Other,Nonprofit,False,True,South,200-399_non_teaching_nonprofit,5
100298,FLORIDA STATE HOSPITAL UNIT 31 MED,CHATTAHOOCHEE,FL,32324,GADSDEN,24.0,1-24,Government - State,Government,False,True,South,1-24_non_teaching_government,Not Available
100299,LAKEWOOD RANCH MEDICAL CENTER,BRADENTON,FL,34202,MANATEE,120.0,100-199,Proprietary,For-Profit,False,True,South,100-199_non_teaching_for_profit,4
100302,ORLANDO HEALTH ST CLOUD HOSPITAL,SAINT CLOUD,FL,34769,OSCEOLA,84.0,25-99,Proprietary,For-Profit,True,True,South,25-99_teaching_for_profit,1
100307,ASCENSION ST VINCENT'S SOUTHSIDE,JACKSONVILLE,FL,32216,DUVAL,295.0,200-399,Voluntary non-profit - Private,Nonprofit,False,True,South,200-399_non_teaching_nonprofit,4
100313,ASCENSION SACRED HEART GULF,PORT SAINT JOE,FL,32456,GULF,19.0,1-24,Voluntary non-profit - Private,Nonprofit,False,False,South,1-24_non_teaching_nonprofit,Not Available
100314,WEST KENDALL BAPTIST HOSPITAL,MIAMI,FL,33196,MIAMI-DADE,203.0,200-399,Voluntary non-profit - Private,Nonprofit,True,True,South,200-399_teaching_nonprofit,5
100315,VIERA HOSPITAL,MELBOURNE,FL,32940,BREVARD,84.0,25-99,Voluntary non-profit - Private,Nonprofit,False,True,South,25-99_non_teaching_nonprofit,5
100316,PALM BAY HOSPITAL,PALM BAY,FL,32907,BREVARD,152.0,100-199,Proprietary,For-Profit,False,True,South,100-199_non_teaching_for_profit,4
100319,ADVENTHEALTH WESLEY CHAPEL,WESLEY CHAPEL,FL,33544,PASCO,169.0,100-199,Voluntary non-profit - Private,Nonprofit,False,True,South,100-199_non_teaching_nonprofit,4
100320,HCA FLORIDA POINCIANA HOSPITAL,KISSIMMEE,FL,34758,OSCEOLA,94.0,25-99,Proprietary,For-Profit,False,True,South,25-99_non_teaching_for_profit,3
100321,ASCENSION ST VINCENT'S CLAY COUNTY,MIDDLEBURG,FL,32068,CLAY,134.0,100-199,Voluntary non-profit - Private,Nonprofit,False,True,South,100-199_non_teaching_nonprofit,3
100329,OVIEDO MEDICAL CENTER,OVIEDO,FL,32765,SEMINOLE,96.0,25-99,Proprietary,For-Profit,False,True,South,25-99_non_teaching_for_profit,4
100330,HALIFAX HEALTH /UF HEALTH MEDICAL CENTER OF DELTON,DELTONA,FL,32725,VOLUSIA,42.0,25-99,Government - Local,Government,False,True,South,25-99_non_teaching_government,Not Available
100350,UCF LAKE NONA HOSPITAL,ORLANDO,FL,32827,ORANGE,64.0,25-99,Proprietary,For-Profit,False,True,South,25-99_non_teaching_for_profit,Not Available
100359,SARASOTA MEMORIAL HOSPITAL - VENICE,NORTH VENICE,FL,34275,SARASOTA,212.0,200-399,Government - Hospital District or Authority,Government,False,True,South,200-399_non_teaching_government,4
100360,HCA FLORIDA UNIVERSITY HOSPITAL,DAVIE,FL,33328,BROWARD,165.0,100-199,Proprietary,For-Profit,False,True,South,100-199_non_teaching_for_profit,4
100361,ASCENSION ST VINCENT'S ST JOHNS COUNTY,ST. JOHNS,FL,32259,ST. JOHNS,56.0,25-99,Voluntary non-profit - Private,Nonprofit,False,True,South,25-99_non_teaching_nonprofit,Not Available
100362,BAYCARE HOSPITAL WESLEY CHAPEL,WESLEY CHAPEL,FL,33544,PASCO,86.0,25-99,Proprietary,For-Profit,False,True,South,25-99_non_teaching_for_profit,Not Available
100363,ADVENTHEALTH PALM COAST PARKWAY,PALM COAST,FL,32137,FLAGLER,100.0,100-199,Voluntary non-profit - Private,Nonprofit,False,True,South,100-199_non_teaching_nonprofit,Not Available
100364,ADVENTHEALTH RIVERVIEW,RIVERVIEW,FL,33578,HILLSBOROUGH,82.0,25-99,Voluntary non-profit - Private,Nonprofit,False,True,South,25-99_non_teaching_nonprofit,Not Available
100365,NORTH WALTON DOCTORS HOSPITAL,DEFUNIAK SPRINGS,FL,32435,WALTON,2.0,1-24,Physician,Other,False,True,South,1-24_non_teaching_other,Not Available
10057F,VA NORTH FLORIDA/SOUTH GEORGIA HEALTHCARE SYSTEM - GAINESVILLE,GAINESVILLE,FL,32608,ALACHUA,350.0,200-399,Veterans Health Administration,Other,False,True,South,200-399_non_teaching_other,3
10063F,TAMPA VA MEDICAL CENTER,TAMPA,FL,33612,HILLSBOROUGH,640.0,600+,Veterans Health Administration,Other,False,True,South,600+_non_teaching_other,4
10064F,MIAMI VA MEDICAL CENTER,MIAMI,FL,33125,MIAMI-DADE,504.0,400-599,Veterans Health Administration,Other,False,True,South,400-599_non_teaching_other,4
10065F,W PALM BEACH VA MEDICAL CENTER,WEST PALM BEACH,FL,33410,PALM BEACH,192.0,100-199,Veterans Health Administration,Other,False,True,South,100-199_non_teaching_other,3
10099F,ORLANDO VA MEDICAL CENTER,ORLANDO,FL,32827,ORANGE,100.0,100-199,Veterans Health Administration,Other,False,True,South,100-199_non_teaching_other,5
110001,HAMILTON MEDICAL CENTER,DALTON,GA,30720,WHITFIELD,282.0,200-399,Voluntary non-profit - Private,Nonprofit,False,True,South,200-399_non_teaching_nonprofit,2
110002,UPSON REGIONAL MEDICAL CENTER,THOMASTON,GA,30286,UPSON,119.0,100-199,Voluntary non-profit - Other,Nonprofit,False,False,South,100-199_non_teaching_nonprofit,2
110003,Memorial Satilla Health,WAYCROSS,GA,31501,WARE,237.0,200-399,Voluntary non-profit - Private,Nonprofit,False,False,South,200-399_non_teaching_nonprofit,3
110005,NORTHSIDE HOSPITAL FORSYTH,CUMMING,GA,30041,FORSYTH,389.0,200-399,Voluntary non-profit - Private,Nonprofit,False,True,South,200-399_non_teaching_nonprofit,4
110006,ST MARY'S HOSPITAL,ATHENS,GA,30606,CLARKE,196.0,100-199,Voluntary non-profit - Private,Nonprofit,False,True,South,100-199_non_teaching_nonprofit,1
110007,PHOEBE PUTNEY MEMORIAL HOSPITAL,ALBANY,GA,31703,DOUGHERTY,691.0,600+,Government - Hospital District or Authority,Government,True,True,South,600+_teaching_government,2
110008,NORTHSIDE HOSPITAL CHEROKEE,CANTON,GA,30115,CHEROKEE,84.0,25-99,Voluntary non-profit - Other,Nonprofit,False,True,South,25-99_non_teaching_nonprofit,4
110010,EMORY UNIVERSITY HOSPITAL,ATLANTA,GA,30322,DE KALB,661.0,600+,Voluntary non-profit - Private,Nonprofit,True,True,South,600+_teaching_nonprofit,4
110011,TANNER MEDICAL CENTER - CARROLLTON,CARROLLTON,GA,30117,CARROLL,182.0,100-199,Government - Hospital District or Authority,Government,False,True,South,100-199_non_teaching_government,3
110015,TANNER MEDICAL CENTER VILLA RICA,VILLA RICA,GA,30180,CARROLL,40.0,25-99,Government - Hospital District or Authority,Government,False,True,South,25-99_non_teaching_government,2
110016,WELLSTAR WEST GEORGIA MEDICAL CENTER,LAGRANGE,GA,30240,TROUP,276.0,200-399,Voluntary non-profit - Private,Nonprofit,False,False,South,200-399_non_teaching_nonprofit,2
110018,PIEDMONT NEWTON HOSPITAL,COVINGTON,GA,30014,NEWTON,90.0,25-99,Voluntary non-profit - Private,Nonprofit,False,True,South,25-99_non_teaching_nonprofit,3
110023,ADVENTHEALTH GORDON,CALHOUN,GA,30701,GORDON,69.0,25-99,Voluntary non-profit - Church,Nonprofit,True,False,South,25-99_teaching_nonprofit,3
110024,CANDLER HOSPITAL,SAVANNAH,GA,31405,CHATHAM,320.0,200-399,Voluntary non-profit - Other,Nonprofit,False,True,South,200-399_non_teaching_nonprofit,2
110025,SOUTHEAST GEORGIA HEALTH SYSTEM- BRUNSWICK CAMPUS,BRUNSWICK,GA,31520,GLYNN,300.0,200-399,Government - Hospital District or Authority,Government,False,True,South,200-399_non_teaching_government,1
110027,"TY COBB REGIONAL MEDICAL CENTER, LLC",LAVONIA,GA,30553,FRANKLIN,56.0,25-99,Voluntary non-profit - Private,Nonprofit,False,False,South,25-99_non_teaching_nonprofit,3
110028,PIEDMONT AUGUSTA HOSPITAL,AUGUSTA,GA,30901,RICHMOND,551.0,400-599,Government - Hospital District or Authority,Government,True,True,South,400-599_teaching_government,2
110029,"NORTHEAST GEORGIA MEDICAL CENTER, INC",GAINESVILLE,GA,30501,HALL,461.0,400-599,Government - Local,Government,False,True,South,400-599_non_teaching_government,2
110030,PIEDMONT CARTERSVILLE MEDICAL CENTER,CARTERSVILLE,GA,30120,BARTOW,112.0,100-199,Voluntary non-profit - Private,Nonprofit,False,True,South,100-199_non_teaching_nonprofit,2
110031,WELLSTAR SPALDING MEDICAL CENTER,GRIFFIN,GA,30223,SPALDING,160.0,100-199,Proprietary,For-Profit,False,True,South,100-199_non_teaching_for_profit,2
110032,STEPHENS COUNTY HOSPITAL,TOCCOA,GA,30577,STEPHENS,99.0,25-99,Government - Hospital District or Authority,Government,False,False,South,25-99_non_teaching_government,2
110034,"WELLSTAR MCG HEALTH, AFFILIATED WITH MED COL",AUGUSTA,GA,30912,RICHMOND,632.0,600+,Voluntary non-profit - Other,Nonprofit,True,True,South,600+_teaching_nonprofit,1
110035,WELLSTAR KENNESTONE REGIONAL MEDICAL CENTER,MARIETTA,GA,30060,COBB,633.0,600+,Government - Hospital District or Authority,Government,True,True,South,600+_teaching_government,4
110036,SAVANNAH HEALTH SERVICES LLC DBA MEMORIAL HEALTH UNIVERSITY MEDICAL CENTER,SAVANNAH,GA,31404,CHATHAM,619.0,600+,Voluntary non-profit - Other,Nonprofit,True,True,South,600+_teaching_nonprofit,1
110038,ARCHBOLD MEMORIAL HOSPITAL,THOMASVILLE,GA,31792,THOMAS,264.0,200-399,Voluntary non-profit - Private,Nonprofit,False,False,South,200-399_non_teaching_nonprofit,3
110041,NORTHEAST GEORGIA MEDICAL CENTER HABERSHAM,DEMOREST,GA,30535,HABERSHAM,53.0,25-99,Government - Hospital District or Authority,Government,False,False,South,25-99_non_teaching_government,3
110042,WELLSTAR PAULDING MEDICAL CENTER,HIRAM,GA,30141,PAULDING,83.0,25-99,Voluntary non-profit - Other,Nonprofit,False,True,South,25-99_non_teaching_nonprofit,4
110043,ST JOSEPH'S HOSPITAL - SAVANNAH,SAVANNAH,GA,31419,CHATHAM,294.0,200-399,Voluntary non-profit - Private,Nonprofit,False,True,South,200-399_non_teaching_nonprofit,2
110044,PHOEBE SUMTER MEDICAL CENTER,AMERICUS,GA,31719,SUMTER,143.0,100-199,Government - Hospital District or Authority,Government,False,False,South,100-199_non_teaching_government,1
110045,"NGMC BARROW, LLC",WINDER,GA,30680,BARROW,56.0,25-99,Proprietary,For-Profit,False,True,South,25-99_non_teaching_for_profit,Not Available
110046,PIEDMONT WALTON HOSPITAL,MONROE,GA,30655,WALTON,77.0,25-99,Proprietary,For-Profit,False,True,South,25-99_non_teaching_for_profit,3
110050,ADVENTHEALTH MURRAY,CHATSWORTH,GA,30705,MURRAY,42.0,25-99,Voluntary non-profit - Private,Nonprofit,False,True,South,25-99_non_teaching_nonprofit,5
110051,UNION GENERAL HOSPITAL,BLAIRSVILLE,GA,30512,UNION,45.0,25-99,Government - Local,Government,False,False,South,25-99_non_teaching_government,4
110054,ATRIUM HEALTH FLOYD MEDICAL CENTER,ROME,GA,30162,FLOYD,284.0,200-399,Government - Hospital District or Authority,Government,True,True,South,200-399_teaching_government,1
110064,PIEDMONT COLUMBUS REGIONAL MIDTOWN,COLUMBUS,GA,31901,MUSCOGEE,417.0,400-599,Voluntary non-profit - Other,Nonprofit,True,True,South,400-599_teaching_nonprofit,1
110069,EMORY HOUSTON HOSPITAL WARNER ROBINS,WARNER ROBINS,GA,31093,HOUSTON,186.0,100-199,Voluntary non-profit - Private,Nonprofit,False,True,South,100-199_non_teaching_nonprofit,2
110071,APPLING HEALTHCARE,BAXLEY,GA,31513,APPLING,49.0,25-99,Government - Hospital District or Authority,Government,False,False,South,25-99_non_teaching_government,Not Available
110073,DORMINY MEDICAL CENTER,FITZGERALD,GA,31750,BEN HILL,75.0,25-99,Government - Local,Government,True,False,South,25-99_teaching_government,Not Available
110074,PIEDMONT ATHENS REGIONAL MEDICAL CENTER,ATHENS,GA,30606,CLARKE,315.0,200-399,Voluntary non-profit - Other,Nonprofit,False,True,South,200-399_non_teaching_nonprofit,4
110075,EAST GEORGIA REGIONAL MEDICAL CENTER,STATESBORO,GA,30458,BULLOCH,150.0,100-199,Proprietary,For-Profit,False,False,South,100-199_non_teaching_for_profit,3
110076,EMORY DECATUR HOSPITAL,DECATUR,GA,30033,DE KALB,451.0,400-599,Voluntary non-profit - Private,Nonprofit,False,True,South,400-599_non_teaching_nonprofit,1
110078,EMORY UNIVERSITY HOSPITAL MIDTOWN,ATLANTA,GA,30308,FULTON,481.0,400-599,Voluntary non-profit - Private,Nonprofit,True,True,South,400-599_teaching_nonprofit,2
110079,GRADY MEMORIAL HOSPITAL,ATLANTA,GA,30303,FULTON,953.0,600+,Voluntary non-profit - Private,Nonprofit,True,True,South,600+_teaching_nonprofit,2
110082,"SAINT JOSEPH'S HOSPITAL OF ATLANTA, INC",ATLANTA,GA,30342,FULTON,410.0,400-599,Voluntary non-profit - Private,Nonprofit,True,True,South,400-599_teaching_nonprofit,2
110083,"PIEDMONT HOSPITAL, INC",ATLANTA,GA,30309,FULTON,458.0,400-599,Government - Federal,Government,False,True,South,400-599_non_teaching_government,4
110086,WASHINGTON COUNTY REGIONAL MEDICAL CENTER,SANDERSVILLE,GA,31082,WASHINGTON,56.0,25-99,Government - Hospital District or Authority,Government,False,False,South,25-99_non_teaching_government,Not Available
110087,NORTHSIDE HOSPITAL GWINNETT,LAWRENCEVILLE,GA,30045,GWINNETT,353.0,200-399,Government - Hospital District or Authority,Government,False,True,South,200-399_non_teaching_government,3
110089,"COFFEE REGIONAL MEDICAL CENTER, INC",DOUGLAS,GA,31642,ATKINSON,88.0,25-99,Government - Hospital District or Authority,Government,False,False,South,25-99_non_teaching_government,2
110091,PIEDMONT ROCKDALE HOSPITAL,CONYERS,GA,30012,ROCKDALE,107.0,100-199,Proprietary,For-Profit,False,True,South,100-199_non_teaching_for_profit,2
110092,DODGE COUNTY HOSPITAL,EASTMAN,GA,31023,DODGE,94.0,25-99,Government - Hospital District or Authority,Government,False,False,South,25-99_non_teaching_government,Not Available
110095,TIFT REGIONAL MEDICAL CENTER,TIFTON,GA,31794,TIFT,241.0,200-399,Government - Hospital District or Authority,Government,False,False,South,200-399_non_teaching_government,2
110100,JEFFERSON HOSPITAL,LOUISVILLE,GA,30434,JEFFERSON,65.0,25-99,Government - Hospital District or Authority,Government,False,False,South,25-99_non_teaching_government,Not Available
110101,"SOUTHWELL MEDICAL, A CAMPUS OF TRMC",ADEL,GA,31620,COOK,60.0,25-99,Proprietary,For-Profit,False,False,South,25-99_non_teaching_for_profit,Not Available
110104,CRISP REGIONAL HOSPITAL,CORDELE,GA,31015,CRISP,73.0,25-99,Proprietary,For-Profit,False,False,South,25-99_non_teaching_for_profit,4
110105,COLQUITT REGIONAL MEDICAL CENTER,MOULTRIE,GA,31768,COLQUITT,99.0,25-99,Government - Hospital District or Authority,Government,False,False,South,25-99_non_teaching_government,2
110107,ATRIUM HEALTH NAVICENT THE MEDICAL CENTER,MACON,GA,31201,BIBB,637.0,600+,Government - Hospital District or Authority,Government,True,True,South,600+_teaching_government,2
110109,EMANUEL MEDICAL CENTER,SWAINSBORO,GA,30401,EMANUEL,72.0,25-99,Government - Hospital District or Authority,Government,False,False,South,25-99_non_teaching_government,4
110111,UNIVERSITY MCDUFFIE COUNTY REGIONAL MEDICAL CENTER,THOMSON,GA,30824,MC DUFFIE,47.0,25-99,Government - Hospital District or Authority,Government,False,True,South,25-99_non_teaching_government,Not Available
110113,BURKE MEDICAL CENTER,WAYNESBORO,GA,30830,BURKE,40.0,25-99,Proprietary,For-Profit,False,True,South,25-99_non_teaching_for_profit,Not Available
110121,GRADY GENERAL HOSPITAL,CAIRO,GA,39828,GRADY,60.0,25-99,Voluntary non-profit - Private,Nonprofit,False,False,South,25-99_non_teaching_nonprofit,Not Available
110122,SGMC HEALTH,VALDOSTA,GA,31602,LOWNDES,335.0,200-399,Government - Hospital District or Authority,Government,False,True,South,200-399_non_teaching_government,2
110124,WAYNE MEMORIAL HOSPITAL,JESUP,GA,31545,WAYNE,88.0,25-99,Government - Hospital District or Authority,Government,False,False,South,25-99_non_teaching_government,3
110125,FAIRVIEW PARK HOSPITAL,DUBLIN,GA,31021,LAURENS,190.0,100-199,Proprietary,For-Profit,False,False,South,100-199_non_teaching_for_profit,4
110128,MEMORIAL HEALTH MEADOWS HOSPITAL,VIDALIA,GA,30474,TOOMBS,87.0,25-99,Proprietary,For-Profit,False,False,South,25-99_non_teaching_for_profit,5
110129,ST FRANCIS HOSPITAL- EMORY HEALTHCARE,COLUMBUS,GA,31995,MUSCOGEE,376.0,200-399,Voluntary non-profit - Private,Nonprofit,False,True,South,200-399_non_teaching_nonprofit,3
110132,MEMORIAL HOSPITAL AND MANOR,BAINBRIDGE,GA,39819,DECATUR,80.0,25-99,Government - Hospital District or Authority,Government,False,False,South,25-99_non_teaching_government,Not Available
110142,EVANS MEMORIAL HOSPITAL,CLAXTON,GA,30417,EVANS,49.0,25-99,Government - Hospital District or Authority,Government,False,False,South,25-99_non_teaching_government,Not Available
110143,WELLSTAR COBB MEDICAL CENTER,AUSTELL,GA,30106,COBB,382.0,200-399,Voluntary non-profit - Other,Nonprofit,False,True,South,200-399_non_teaching_nonprofit,2
110146,SOUTHEAST GEORGIA HEALTH SYSTEM -- CAMDEN CAMPUS,SAINT MARYS,GA,31558,CAMDEN,40.0,25-99,Government - Hospital District or Authority,Government,False,False,South,25-99_non_teaching_government,Not Available
110150,NAVICENT HEALTH BALDWIN,MILLEDGEVILLE,GA,31061,BALDWIN,140.0,100-199,Proprietary,For-Profit,False,False,South,100-199_non_teaching_for_profit,1
110161,NORTHSIDE HOSPITAL,ATLANTA,GA,30342,FULTON,444.0,400-599,Voluntary non-profit - Private,Nonprofit,False,True,South,400-599_non_teaching_nonprofit,3
110164,"COLISEUM MEDICAL CENTERS, LLC, DBA",MACON,GA,31217,BIBB,250.0,200-399,Voluntary non-profit - Private,Nonprofit,False,True,South,200-399_non_teaching_nonprofit,3
110165,SOUTHERN REGIONAL MEDICAL CENTER,RIVERDALE,GA,30274,CLAYTON,376.0,200-399,Voluntary non-profit - Private,Nonprofit,True,True,South,200-399_teaching_nonprofit,1
110168,ADVENTHEALTH REDMOND,ROME,GA,30165,FLOYD,201.0,200-399,Proprietary,For-Profit,False,True,South,200-399_non_teaching_for_profit,4
110177,DOCTORS HOSPITAL,AUGUSTA,GA,30909,RICHMOND,354.0,200-399,Proprietary,For-Profit,False,True,South,200-399_non_teaching_for_profit,2
110184,WELLSTAR DOUGLAS MEDICAL CENTER,DOUGLASVILLE,GA,30134,DOUGLAS,108.0,100-199,Voluntary non-profit - Private,Nonprofit,True,True,South,100-199_teaching_nonprofit,3
110190,FLINT RIVER COMMUNITY HOSPITAL,MONTEZUMA,GA,31063,DOOLY,49.0,25-99,Voluntary non-profit - Private,Nonprofit,False,False,South,25-99_non_teaching_nonprofit,Not Available
110191,PIEDMONT HENRY HOSPITAL,STOCKBRIDGE,GA,30281,HENRY,259.0,200-399,Government - Hospital District or Authority,Government,False,True,South,200-399_non_teaching_government,2
110192,PIEDMONT EASTSIDE MEDICAL CENTER,SNELLVILLE,GA,30078,GWINNETT,200.0,200-399,Proprietary,For-Profit,True,True,South,200-399_teaching_for_profit,1
110194,DONALSONVILLE HOSPITAL INC,DONALSONVILLE,GA,39845,SEMINOLE,65.0,25-99,Voluntary non-profit - Private,Nonprofit,False,False,South,25-99_non_teaching_nonprofit,Not Available
110198,WELLSTAR NORTH FULTON MEDICAL CENTER,ROSWELL,GA,30076,FULTON,167.0,100-199,Proprietary,For-Profit,False,True,South,100-199_non_teaching_for_profit,2
110200,PIEDMONT COLUMBUS REGIONAL NORTHSIDE,COLUMBUS,GA,31909,MUSCOGEE,100.0,100-199,Proprietary,For-Profit,False,True,South,100-199_non_teaching_for_profit,5
110201,PIEDMONT MACON NORTH HOSPITAL,MACON,GA,31210,BIBB,103.0,100-199,Proprietary,For-Profit,False,True,South,100-199_non_teaching_for_profit,Not Available
110209,TURNING POINT HOSPITAL,MOULTRIE,GA,31788,COLQUITT,69.0,25-99,Proprietary,For-Profit,False,False,South,25-99_non_teaching_for_profit,Not Available
110215,PIEDMONT FAYETTE HOSPITAL,FAYETTEVILLE,GA,30214,FAYETTE,221.0,200-399,Voluntary non-profit - Private,Nonprofit,True,True,South,200-399_teaching_nonprofit,3
110225,PIEDMONT MOUNTAINSIDE HOSPITAL INC,JASPER,GA,30143,PICKENS,35.0,25-99,Voluntary non-profit - Other,Nonprofit,False,True,South,25-99_non_teaching_nonprofit,4
110226,EMORY HILLANDALE HOSPITAL,LITHONIA,GA,30058,DE KALB,84.0,25-99,Government - Hospital District or Authority,Government,False,True,South,25-99_non_teaching_government,2
110229,"PIEDMONT NEWNAN HOSPITAL, INC",NEWNAN,GA,30265,COWETA,143.0,100-199,Voluntary non-profit - Private,Nonprofit,False,True,South,100-199_non_teaching_nonprofit,2
110230,EMORY JOHNS CREEK HOSPITAL,JOHNS CREEK,GA,30097,GWINNETT,110.0,100-199,Proprietary,For-Profit,True,True,South,100-199_teaching_for_profit,3
110233,"SOUTHEASTERN REGIONAL MEDICAL CENTER, INC",NEWNAN,GA,30265,COWETA,25.0,25-99,Proprietary,For-Profit,False,True,South,25-99_non_teaching_for_profit,4
110234,SGMC BERRIEN CAMPUS,NASHVILLE,GA,31639,BERRIEN,63.0,25-99,Government - Hospital District or Authority,Government,False,False,South,25-99_non_teaching_government,Not Available
110236,CHI MEMORIAL HOSPITAL- GEORGIA,FORT OGLETHORPE,GA,30742,CATOOSA,179.0,100-199,Voluntary non-profit - Private,Nonprofit,False,True,South,100-199_non_teaching_nonprofit,Not Available
110237,NORTHEAST GEORGIA MEDICAL CENTER LUMPKIN,DAHLONEGA,GA,30533,LUMPKIN,52.0,25-99,Voluntary non-profit - Other,Nonprofit,False,False,South,25-99_non_teaching_nonprofit,5
110252,NORTHSIDE HOSPITAL DULUTH,DULUTH,GA,30096,GWINNETT,122.0,100-199,Voluntary non-profit - Private,Nonprofit,True,True,South,100-199_teaching_nonprofit,3
11029F,DECATUR (ATLANTA) VA MEDICAL CENTER,DECATUR,GA,30033,DE KALB,456.0,400-599,Veterans Health Administration,Other,False,True,South,400-599_non_teaching_other,3
11030F,AUGUSTA VA MEDICAL CENTER,AUGUSTA,GA,30904,RICHMOND,1644.0,600+,Veterans Health Administration,Other,False,True,South,600+_non_teaching_other,3
11031F,DUBLIN VA MEDICAL CENTER,DUBLIN,GA,31021,LAURENS,471.0,400-599,Veterans Health Administration,Other,False,False,South,400-599_non_teaching_other,Not Available
11032F,Martin ACH (FT Benning),Fort Benning,GA,31905,CHATTAHOOCHEE,930.0,600+,Department of Defense,Other,False,True,South,600+_non_teaching_other,Not Available
11033F,Dwight Eisenhower AMC (FT Gordon),Fort Gordon,GA,30905,RICHMOND,300.0,200-399,Department of Defense,Other,False,True,South,200-399_non_teaching_other,Not Available
11035F,Winn ACH (FT Stewart),Fort Stewart,GA,31314,LIBERTY,40.0,25-99,Department of Defense,Other,False,True,South,25-99_non_teaching_other,Not Available
120001,THE QUEENS MEDICAL CENTER,HONOLULU,HI,96813,HONOLULU,585.0,400-599,Voluntary non-profit - Private,Nonprofit,True,True,West,400-599_teaching_nonprofit,3
120002,MAUI MEMORIAL MEDICAL CENTER,WAILUKU,HI,96793,MAUI,213.0,200-399,Government - State,Government,True,True,West,200-399_teaching_government,3
120005,HILO BENIOFF MEDICAL CENTER,HILO,HI,96720,HAWAII,142.0,100-199,Government - State,Government,False,False,West,100-199_non_teaching_government,2
120006,ADVENTIST HEALTH CASTLE,KAILUA,HI,96734,HONOLULU,160.0,100-199,Voluntary non-profit - Church,Nonprofit,False,True,West,100-199_non_teaching_nonprofit,5
120007,KUAKINI MEDICAL CENTER,HONOLULU,HI,96817,HONOLULU,212.0,200-399,Voluntary non-profit - Private,Nonprofit,True,True,West,200-399_teaching_nonprofit,4
120011,KAISER FOUNDATION HOSPITAL,HONOLULU,HI,96819,HONOLULU,250.0,200-399,Voluntary non-profit - Private,Nonprofit,True,True,West,200-399_teaching_nonprofit,3
120014,WILCOX MEMORIAL HOSPITAL,LIHUE,HI,96766,KAUAI,71.0,25-99,Government - Federal,Government,False,False,West,25-99_non_teaching_government,2
120019,KONA COMMUNITY HOSPITAL,KEALAKEKUA,HI,96750,HAWAII,60.0,25-99,Government - State,Government,False,False,West,25-99_non_teaching_government,2
12001F,Tripler AMC (FT Shafter),Honolulu,HI,96859,HONOLULU,1000.0,600+,Department of Defense,Other,False,False,West,600+_non_teaching_other,Not Available
120022,STRAUB CLINIC AND HOSPITAL,HONOLULU,HI,96813,HONOLULU,159.0,100-199,Proprietary,For-Profit,True,True,West,100-199_teaching_for_profit,4
120026,PALI MOMI MEDICAL CENTER,AIEA,HI,96701,HONOLULU,116.0,100-199,Proprietary,For-Profit,True,True,West,100-199_teaching_for_profit,4
120028,"NORTH HAWAII COMMUNITY HOSPITAL, INC",KAMUELA,HI,96743,HAWAII,33.0,25-99,Voluntary non-profit - Private,Nonprofit,False,False,West,25-99_non_teaching_nonprofit,2
130002,ST LUKES MAGIC VALLEY MEDICAL CENTER,TWIN FALLS,ID,83301,TWIN FALLS,226.0,200-399,Voluntary non-profit - Private,Nonprofit,False,True,West,200-399_non_teaching_nonprofit,5
130003,ST JOSEPH REGIONAL MEDICAL CENTER,LEWISTON,ID,83501,NEZ PERCE,145.0,100-199,Voluntary non-profit - Private,Nonprofit,False,True,West,100-199_non_teaching_nonprofit,2
130006,ST LUKE'S REGIONAL MEDICAL CENTER,BOISE,ID,83712,ADA,544.0,400-599,Voluntary non-profit - Private,Nonprofit,False,True,West,400-599_non_teaching_nonprofit,4
130007,SAINT ALPHONSUS REGIONAL MEDICAL CENTER,BOISE,ID,83706,ADA,365.0,200-399,Voluntary non-profit - Church,Nonprofit,True,True,West,200-399_teaching_nonprofit,3
130013,SAINT ALPHONSUS MEDICAL CENTER - NAMPA,NAMPA,ID,83687,CANYON,152.0,100-199,Voluntary non-profit - Church,Nonprofit,False,True,West,100-199_non_teaching_nonprofit,4
130014,WEST VALLEY MEDICAL CENTER,CALDWELL,ID,83605,CANYON,150.0,100-199,Proprietary,For-Profit,True,True,West,100-199_teaching_for_profit,5
130018,EASTERN IDAHO REGIONAL MEDICAL CENTER,IDAHO FALLS,ID,83404,BONNEVILLE,330.0,200-399,Proprietary,For-Profit,True,True,West,200-399_teaching_for_profit,3
130025,MADISON MEMORIAL HOSPITAL,REXBURG,ID,83440,MADISON,81.0,25-99,Government - Local,Government,False,False,West,25-99_non_teaching_government,Not Available
130028,PORTNEUF MEDICAL CENTER,POCATELLO,ID,83201,BANNOCK,187.0,100-199,Proprietary,For-Profit,True,True,West,100-199_teaching_for_profit,3
13003F,BOISE VA MEDICAL CENTER,BOISE,ID,83702,ADA,188.0,100-199,Veterans Health Administration,Other,False,True,West,100-199_non_teaching_other,5
130049,KOOTENAI HEALTH,COEUR D'ALENE,ID,83814,KOOTENAI,321.0,200-399,Government - Hospital District or Authority,Government,True,True,West,200-399_teaching_government,4
130063,TREASURE VALLEY HOSPITAL,BOISE,ID,83704,ADA,20.0,1-24,Proprietary,For-Profit,False,True,West,1-24_non_teaching_for_profit,Not Available
130065,MOUNTAIN VIEW HOSPITAL,IDAHO FALLS,ID,83404,BONNEVILLE,43.0,25-99,Physician,Other,False,True,West,25-99_non_teaching_other,3
130066,NORTHWEST SPECIALTY HOSPITAL,POST FALLS,ID,83854,KOOTENAI,34.0,25-99,Proprietary,For-Profit,False,True,West,25-99_non_teaching_for_profit,Not Available
130071,ST LUKE'S NAMPA MEDICAL CENTER,NAMPA,ID,83687,CANYON,87.0,25-99,Voluntary non-profit - Private,Nonprofit,False,True,West,25-99_non_teaching_nonprofit,4
130073,GROVE CREEK MEDICAL CENTER,BLACKFOOT,ID,83221,BINGHAM,8.0,1-24,Voluntary non-profit - Private,Nonprofit,False,False,West,1-24_non_teaching_nonprofit,Not Available
130074,"IDAHO FALLS COMMUNITY HOSPITAL, LLC",IDAHO FALLS,ID,83404,BONNEVILLE,88.0,25-99,Proprietary,For-Profit,False,True,West,25-99_non_teaching_for_profit,5
140001,GRAHAM HOSPITAL ASSOCIATION,CANTON,IL,61520,FULTON,144.0,100-199,Voluntary non-profit - Private,Nonprofit,False,True,Midwest,100-199_non_teaching_nonprofit,2
140002,ALTON MEMORIAL HOSPITAL,ALTON,IL,62002,MADISON,222.0,200-399,Voluntary non-profit - Private,Nonprofit,False,True,Midwest,200-399_non_teaching_nonprofit,4
140007,SAINT JOSEPH MEDICAL CENTER,JOLIET,IL,60435,WILL,443.0,400-599,Voluntary non-profit - Church,Nonprofit,False,True,Midwest,400-599_non_teaching_nonprofit,1
140008,LOYOLA GOTTLIEB MEMORIAL HOSPITAL,MELROSE PARK,IL,60160,COOK,274.0,200-399,Voluntary non-profit - Private,Nonprofit,False,True,Midwest,200-399_non_teaching_nonprofit,2
140010,NORTHSHORE UNIVERSITY HEALTHSYSTEM - EVANSTON HOSPITAL,EVANSTON,IL,60201,COOK,466.0,400-599,Voluntary non-profit - Other,Nonprofit,True,True,Midwest,400-599_teaching_nonprofit,5
140011,HERRIN HOSPITAL,HERRIN,IL,62948,WILLIAMSON,104.0,100-199,Voluntary non-profit - Private,Nonprofit,False,True,Midwest,100-199_non_teaching_nonprofit,2
140012,OSF SAINT KATHARINE MEDICAL CENTER,DIXON,IL,61021,LEE,80.0,25-99,Voluntary non-profit - Private,Nonprofit,True,False,Midwest,25-99_teaching_nonprofit,2
140013,CARLE HEALTH PROCTOR HOSPITAL,PEORIA,IL,61354,LA SALLE,305.0,200-399,Voluntary non-profit - Private,Nonprofit,False,True,Midwest,200-399_non_teaching_nonprofit,3
140015,BLESSING HOSPITAL,QUINCY,IL,62301,ADAMS,312.0,200-399,Voluntary non-profit - Private,Nonprofit,True,False,Midwest,200-399_teaching_nonprofit,4
140018,MT SINAI HOSPITAL MEDICAL CENTER,CHICAGO,IL,60608,COOK,431.0,400-599,Voluntary non-profit - Private,Nonprofit,True,True,Midwest,400-599_teaching_nonprofit,1
140029,COPLEY MEMORIAL HOSPITAL,AURORA,IL,60504,KANE,210.0,200-399,Voluntary non-profit - Private,Nonprofit,True,True,Midwest,200-399_teaching_nonprofit,3
140030,ADVOCATE SHERMAN HOSPITAL,ELGIN,IL,60123,KANE,255.0,200-399,Voluntary non-profit - Private,Nonprofit,False,True,Midwest,200-399_non_teaching_nonprofit,5
140032,ST ANTHONYS MEMORIAL HOSPITAL,EFFINGHAM,IL,62401,EFFINGHAM,146.0,100-199,Voluntary non-profit - Church,Nonprofit,False,False,Midwest,100-199_non_teaching_nonprofit,3
140034,SSM HEALTH ST MARY'S HOSPITAL -CENTRALIA,CENTRALIA,IL,62801,MARION,125.0,100-199,Voluntary non-profit - Church,Nonprofit,False,False,Midwest,100-199_non_teaching_nonprofit,2
14003F,JESSE BROWN VA MEDICAL CENTER - VA CHICAGO HEALTHCARE SYSTEM,CHICAGO,IL,60612,COOK,505.0,400-599,Veterans Health Administration,Other,False,True,Midwest,400-599_non_teaching_other,5
140043,CGH MEDICAL CENTER,STERLING,IL,61081,WHITESIDE,98.0,25-99,Government - Local,Government,False,False,Midwest,25-99_non_teaching_government,2
140046,GOOD SAMARITAN REGIONAL HLTH CENTER,MOUNT VERNON,IL,62864,JEFFERSON,175.0,100-199,Voluntary non-profit - Private,Nonprofit,True,False,Midwest,100-199_teaching_nonprofit,3
140048,ADVOCATE TRINITY HOSPITAL,CHICAGO,IL,60617,COOK,263.0,200-399,Voluntary non-profit - Church,Nonprofit,False,True,Midwest,200-399_non_teaching_nonprofit,2
140049,WEST SUBURBAN MEDICAL CENTER,OAK PARK,IL,60302,COOK,287.0,200-399,Voluntary non-profit - Other,Nonprofit,True,True,Midwest,200-399_teaching_nonprofit,1
14004F,VA ILLIANA HEALTHCARE SYSTEM - DANVILLE,DANVILLE,IL,61832,VERMILION,1573.0,600+,Veterans Health Administration,Other,False,True,Midwest,600+_non_teaching_other,Not Available
140052,OSF SAINT ANTHONY'S HEALTH CENTER,ALTON,IL,62002,MADISON,296.0,200-399,Voluntary non-profit - Church,Nonprofit,False,True,Midwest,200-399_non_teaching_nonprofit,3
140053,ST JOHNS HOSPITAL,SPRINGFIELD,IL,62769,SANGAMON,731.0,600+,Voluntary non-profit - Church,Nonprofit,True,True,Midwest,600+_teaching_nonprofit,3
140054,MACNEAL  HOSPITAL,BERWYN,IL,60402,COOK,427.0,400-599,Proprietary,For-Profit,True,True,Midwest,400-599_teaching_for_profit,3
140059,JERSEY COMMUNITY HOSPITAL,JERSEYVILLE,IL,62052,JERSEY,67.0,25-99,Government - Local,Government,False,True,Midwest,25-99_non_teaching_government,2
140062,PALOS COMMUNITY HOSPITAL,PALOS HEIGHTS,IL,60463,COOK,436.0,400-599,Voluntary non-profit - Private,Nonprofit,False,True,Midwest,400-599_non_teaching_nonprofit,3
140063,RUSH OAK PARK HOSPITAL,OAK PARK,IL,60304,COOK,296.0,200-399,Voluntary non-profit - Church,Nonprofit,True,True,Midwest,200-399_teaching_nonprofit,4
140064,ST MARY MEDICAL CENTER,GALESBURG,IL,61401,KNOX,166.0,100-199,Voluntary non-profit - Church,Nonprofit,False,False,Midwest,100-199_non_teaching_nonprofit,2
140065,UCHICAGO MEDICINE ADVENTHEALTH LA GRANGE,LA GRANGE,IL,60525,COOK,223.0,200-399,Voluntary non-profit - Church,Nonprofit,True,True,Midwest,200-399_teaching_nonprofit,5
140067,SAINT FRANCIS MEDICAL CENTER,PEORIA,IL,61637,PEORIA,730.0,600+,Voluntary non-profit - Private,Nonprofit,True,True,Midwest,600+_teaching_nonprofit,2
140068,ROSELAND COMMUNITY HOSPITAL,CHICAGO,IL,60628,COOK,162.0,100-199,Voluntary non-profit - Private,Nonprofit,False,True,Midwest,100-199_non_teaching_nonprofit,1
140077,TOUCHETTE REGIONAL HOSPITAL INC,CENTREVILLE,IL,62207,ST. CLAIR,109.0,100-199,Voluntary non-profit - Private,Nonprofit,False,True,Midwest,100-199_non_teaching_nonprofit,Not Available
14007F,HINES VA MEDICAL CENTER,HINES,IL,60141,COOK,1850.0,600+,Veterans Health Administration,Other,False,True,Midwest,600+_non_teaching_other,2
140080,SAINT FRANCIS HOSPITAL-EVANSTON,EVANSTON,IL,60202,COOK,427.0,400-599,Voluntary non-profit - Church,Nonprofit,True,True,Midwest,400-599_teaching_nonprofit,2
140082,LOUIS A WEISS MEMORIAL HOSPITAL,CHICAGO,IL,60640,COOK,236.0,200-399,Proprietary,For-Profit,True,True,Midwest,200-399_teaching_for_profit,1
140083,LORETTO HOSPITAL,CHICAGO,IL,60644,COOK,176.0,100-199,Voluntary non-profit - Other,Nonprofit,True,True,Midwest,100-199_teaching_nonprofit,Not Available
140084,VISTA MEDICAL CENTER EAST,WAUKEGAN,IL,60085,LAKE,388.0,200-399,Proprietary,For-Profit,True,True,Midwest,200-399_teaching_for_profit,2
140088,THE UNIVERSITY OF CHICAGO MEDICAL CENTER,CHICAGO,IL,60637,COOK,782.0,600+,Voluntary non-profit - Private,Nonprofit,True,True,Midwest,600+_teaching_nonprofit,4
140089,MC DONOUGH DISTRICT HOSPITAL,MACOMB,IL,61455,MC DONOUGH,144.0,100-199,Government - Hospital District or Authority,Government,False,False,Midwest,100-199_non_teaching_government,3
14008F,MARION IL VA MEDICAL CENTER,MARION,IL,62959,WILLIAMSON,176.0,100-199,Veterans Health Administration,Other,False,True,Midwest,100-199_non_teaching_other,3
140091,CARLE FOUNDATION HOSPITAL,URBANA,IL,61801,CHAMPAIGN,316.0,200-399,Voluntary non-profit - Private,Nonprofit,True,True,Midwest,200-399_teaching_nonprofit,3
140093,OSF SACRED HEART MEDICAL CENTER,DANVILLE,IL,61832,VERMILION,210.0,200-399,Voluntary non-profit - Church,Nonprofit,False,True,Midwest,200-399_non_teaching_nonprofit,2
140095,SAINT ANTHONY HOSPITAL,CHICAGO,IL,60623,COOK,176.0,100-199,Voluntary non-profit - Private,Nonprofit,True,True,Midwest,100-199_teaching_nonprofit,1
140100,"MIDWESTERN REGION MED CENTER, INC",ZION,IL,60099,LAKE,95.0,25-99,Proprietary,For-Profit,True,True,Midwest,25-99_teaching_for_profit,4
140101,MORRIS HOSPITAL & HEALTHCARE CENTERS,MORRIS,IL,60450,GRUNDY,89.0,25-99,Voluntary non-profit - Private,Nonprofit,False,True,Midwest,25-99_non_teaching_nonprofit,3
140103,ST BERNARD HOSPITAL,CHICAGO,IL,60621,COOK,210.0,200-399,Voluntary non-profit - Church,Nonprofit,True,True,Midwest,200-399_teaching_nonprofit,1
140110,OSF SAINT ELIZABETH MDL CTR,OTTAWA,IL,61350,LA SALLE,50.0,25-99,Voluntary non-profit - Private,Nonprofit,False,False,Midwest,25-99_non_teaching_nonprofit,4
140113,OSF HEART OF MARY MEDICAL CENTER,URBANA,IL,61801,CHAMPAIGN,268.0,200-399,Voluntary non-profit - Church,Nonprofit,False,True,Midwest,200-399_non_teaching_nonprofit,3
140114,SWEDISH HOSPITAL,CHICAGO,IL,60625,COOK,284.0,200-399,Voluntary non-profit - Church,Nonprofit,True,True,Midwest,200-399_teaching_nonprofit,2
140115,THOREK MEMORIAL HOSPITAL,CHICAGO,IL,60613,COOK,218.0,200-399,Voluntary non-profit - Private,Nonprofit,False,True,Midwest,200-399_non_teaching_nonprofit,Not Available
140116,NORTHWESTERN MEDICINE MCHENRY,MCHENRY,IL,60050,MC HENRY,177.0,100-199,Voluntary non-profit - Other,Nonprofit,False,True,Midwest,100-199_non_teaching_nonprofit,5
140117,AMITA HEALTH RESURRECTION MEDICAL CENTER,CHICAGO,IL,60631,COOK,443.0,400-599,Voluntary non-profit - Church,Nonprofit,True,True,Midwest,400-599_teaching_nonprofit,4
140119,RUSH UNIVERSITY MEDICAL CENTER,CHICAGO,IL,60612,COOK,727.0,600+,Voluntary non-profit - Private,Nonprofit,True,True,Midwest,600+_teaching_nonprofit,5
140120,CARLE HEALTH PEKIN HOSPITAL,PEKIN,IL,61554,TAZEWELL,132.0,100-199,Voluntary non-profit - Private,Nonprofit,False,True,Midwest,100-199_non_teaching_nonprofit,2
140122,UCHICAGO MEDICINE ADVENTHEALTH HINSDALE,HINSDALE,IL,60521,DU PAGE,261.0,200-399,Voluntary non-profit - Private,Nonprofit,True,True,Midwest,200-399_teaching_nonprofit,4
140124,JOHN H STROGER JR HOSPITAL,CHICAGO,IL,60612,COOK,918.0,600+,Government - Local,Government,True,True,Midwest,600+_teaching_government,3
140125,GATEWAY REGIONAL MEDICAL CENTER,GRANITE CITY,IL,62040,MADISON,406.0,400-599,Voluntary non-profit - Other,Nonprofit,False,True,Midwest,400-599_non_teaching_nonprofit,1
140127,CARLE BROMENN MEDICAL CENTER,NORMAL,IL,61761,MC LEAN,176.0,100-199,Voluntary non-profit - Church,Nonprofit,False,True,Midwest,100-199_non_teaching_nonprofit,3
140130,NORTHWESTERN LAKE FOREST HOSPITAL,LAKE FOREST,IL,60045,LAKE,222.0,200-399,Voluntary non-profit - Other,Nonprofit,False,True,Midwest,200-399_non_teaching_nonprofit,5
140133,HOLY CROSS HOSPITAL,CHICAGO,IL,60629,COOK,311.0,200-399,Voluntary non-profit - Private,Nonprofit,True,True,Midwest,200-399_teaching_nonprofit,1
140135,DECATUR MEMORIAL HOSPITAL,DECATUR,IL,62526,MACON,372.0,200-399,Voluntary non-profit - Other,Nonprofit,False,True,Midwest,200-399_non_teaching_nonprofit,3
140137,HSHS HOLY FAMILY HOSPITAL INC,GREENVILLE,IL,62246,BOND,60.0,25-99,Voluntary non-profit - Church,Nonprofit,False,True,Midwest,25-99_non_teaching_nonprofit,Not Available
140145,ST JOSEPHS HOSPITAL,BREESE,IL,62230,CLINTON,96.0,25-99,Voluntary non-profit - Church,Nonprofit,False,True,Midwest,25-99_non_teaching_nonprofit,4
140148,MEMORIAL MEDICAL CENTER,SPRINGFIELD,IL,62702,SANGAMON,562.0,400-599,Voluntary non-profit - Private,Nonprofit,True,True,Midwest,400-599_teaching_nonprofit,2
140150,UNIVERSITY OF ILLINOIS HOSPITAL AND CLINICS,CHICAGO,IL,60612,COOK,507.0,400-599,Government - State,Government,True,True,Midwest,400-599_teaching_government,2
140155,PRESENCE ST MARYS HOSPITAL,KANKAKEE,IL,60901,KANKAKEE,182.0,100-199,Voluntary non-profit - Church,Nonprofit,False,True,Midwest,100-199_non_teaching_nonprofit,4
140158,INSIGHT HOSPITAL AND MEDICAL CENTER CHICAGO,CHICAGO,IL,60616,COOK,494.0,400-599,Voluntary non-profit - Private,Nonprofit,False,True,Midwest,400-599_non_teaching_nonprofit,1
140160,FHN MEMORIAL HOSPITAL,FREEPORT,IL,61032,STEPHENSON,203.0,200-399,Voluntary non-profit - Private,Nonprofit,False,False,Midwest,200-399_non_teaching_nonprofit,3
140161,SAINT JAMES HOSPITAL,PONTIAC,IL,61764,LIVINGSTON,81.0,25-99,Voluntary non-profit - Church,Nonprofit,False,False,Midwest,25-99_non_teaching_nonprofit,3
140162,ST JOSEPH MEDICAL CENTER,BLOOMINGTON,IL,61701,MC LEAN,180.0,100-199,Voluntary non-profit - Church,Nonprofit,False,True,Midwest,100-199_non_teaching_nonprofit,1
140164,MEMORIAL HOSPITAL OF CARBONDALE,CARBONDALE,IL,62901,JACKSON,140.0,100-199,Voluntary non-profit - Private,Nonprofit,True,True,Midwest,100-199_teaching_nonprofit,2
140166,ST MARYS HOSPITAL,DECATUR,IL,62521,MACON,355.0,200-399,Voluntary non-profit - Private,Nonprofit,False,True,Midwest,200-399_non_teaching_nonprofit,1
140172,FRANCISCAN HEALTH OLYMPIA & CHICAGO HEIGHTS,OLYMPIA FIELDS,IL,60461,COOK,300.0,200-399,Voluntary non-profit - Church,Nonprofit,True,True,Midwest,200-399_teaching_nonprofit,2
140174,PRESENCE MERCY MEDICAL CENTER,AURORA,IL,60506,KANE,315.0,200-399,Voluntary non-profit - Private,Nonprofit,True,True,Midwest,200-399_teaching_nonprofit,3
140177,JACKSON PARK HOSPITAL,CHICAGO,IL,60649,COOK,336.0,200-399,Voluntary non-profit - Private,Nonprofit,True,True,Midwest,200-399_teaching_nonprofit,Not Available
140179,OSF LITTLE COMPANY OF MARY MEDICAL CENTER,EVERGREEN PARK,IL,60805,COOK,298.0,200-399,Voluntary non-profit - Other,Nonprofit,False,True,Midwest,200-399_non_teaching_nonprofit,2
140180,PRESENCE SAINTS MARY AND ELIZABETH MEDICAL CENTER,CHICAGO,IL,60622,COOK,493.0,400-599,Voluntary non-profit - Church,Nonprofit,True,True,Midwest,400-599_teaching_nonprofit,3
140181,SOUTH SHORE HOSPITAL,CHICAGO,IL,60617,COOK,137.0,100-199,Voluntary non-profit - Private,Nonprofit,False,True,Midwest,100-199_non_teaching_nonprofit,1
140182,ADVOCATE ILLINOIS MASONIC MEDICAL CENTER,CHICAGO,IL,60657,COOK,997.0,600+,Voluntary non-profit - Private,Nonprofit,True,True,Midwest,600+_teaching_nonprofit,3
140184,HEARTLAND REGIONAL MEDICAL CENTER,MARION,IL,62959,WILLIAMSON,92.0,25-99,Proprietary,For-Profit,False,True,Midwest,25-99_non_teaching_for_profit,2
140185,MEMORIAL HOSPITAL,BELLEVILLE,IL,62226,ST. CLAIR,341.0,200-399,Voluntary non-profit - Private,Nonprofit,False,True,Midwest,200-399_non_teaching_nonprofit,4
140186,RIVERSIDE MEDICAL CENTER,KANKAKEE,IL,60901,KANKAKEE,341.0,200-399,Voluntary non-profit - Private,Nonprofit,True,True,Midwest,200-399_teaching_nonprofit,4
140187,HSHS ST ELIZABETH'S HOSPITAL,O FALLON,IL,62269,ST. CLAIR,260.0,200-399,Voluntary non-profit - Church,Nonprofit,False,True,Midwest,200-399_non_teaching_nonprofit,4
140189,SARAH BUSH LINCOLN HEALTH CENTER,MATTOON,IL,61938,COLES,203.0,200-399,Voluntary non-profit - Private,Nonprofit,False,False,Midwest,200-399_non_teaching_nonprofit,2
140191,INGALLS MEMORIAL HOSPITAL,HARVEY,IL,60426,COOK,582.0,400-599,Physician,Other,False,True,Midwest,400-599_non_teaching_other,1
140197,METHODIST HOSPITAL OF CHICAGO,CHICAGO,IL,60640,COOK,245.0,200-399,Voluntary non-profit - Private,Nonprofit,False,True,Midwest,200-399_non_teaching_nonprofit,Not Available
140200,ELMHURST MEMORIAL HOSPITAL,ELMHURST,IL,60126,DU PAGE,247.0,200-399,Proprietary,For-Profit,False,True,Midwest,200-399_non_teaching_for_profit,4
140202,ADVOCATE CONDELL MEDICAL CENTER,LIBERTYVILLE,IL,60048,LAKE,284.0,200-399,Voluntary non-profit - Private,Nonprofit,False,True,Midwest,200-399_non_teaching_nonprofit,4
140206,HUMBOLDT PARK HEALTH,CHICAGO,IL,60622,COOK,270.0,200-399,Voluntary non-profit - Private,Nonprofit,False,True,Midwest,200-399_non_teaching_nonprofit,1
140208,ADVOCATE CHRIST HOSPITAL & MEDICAL CENTER,OAK LAWN,IL,60453,COOK,695.0,600+,Voluntary non-profit - Church,Nonprofit,True,True,Midwest,600+_teaching_nonprofit,3
140209,CARLE HEALTH METHODIST HOSPITAL,PEORIA,IL,61636,PEORIA,485.0,400-599,Voluntary non-profit - Private,Nonprofit,True,True,Midwest,400-599_teaching_nonprofit,1
140210,HARRISBURG MEDICAL CENTER,HARRISBURG,IL,62946,SALINE,78.0,25-99,Voluntary non-profit - Other,Nonprofit,False,False,Midwest,25-99_non_teaching_nonprofit,3
140211,NORTHWESTERN MEDICINE DELNOR COMMUNITY HOSPITAL,GENEVA,IL,60134,KANE,118.0,100-199,Voluntary non-profit - Private,Nonprofit,False,True,Midwest,100-199_non_teaching_nonprofit,5
140213,SILVER CROSS HOSPITAL  AND MEDICAL CENTERS,NEW LENOX,IL,60451,WILL,304.0,200-399,Voluntary non-profit - Private,Nonprofit,False,True,Midwest,200-399_non_teaching_nonprofit,4
140217,SAINT JOSEPH HOSPITAL-ELGIN,ELGIN,IL,60123,KANE,277.0,200-399,Voluntary non-profit - Church,Nonprofit,False,True,Midwest,200-399_non_teaching_nonprofit,2
140223,ADVOCATE LUTHERAN GENERAL HOSPITAL,PARK RIDGE,IL,60068,COOK,638.0,600+,Voluntary non-profit - Church,Nonprofit,True,True,Midwest,600+_teaching_nonprofit,4
140224,PRESENCE SAINT JOSEPH HOSPITAL - CHICAGO,CHICAGO,IL,60657,COOK,402.0,400-599,Voluntary non-profit - Church,Nonprofit,True,True,Midwest,400-599_teaching_nonprofit,4
140228,UW HEALTH,ROCKFORD,IL,61104,WINNEBAGO,397.0,200-399,Voluntary non-profit - Private,Nonprofit,True,True,Midwest,200-399_teaching_nonprofit,3
140231,EDWARD HOSPITAL,NAPERVILLE,IL,60540,DU PAGE,159.0,100-199,Voluntary non-profit - Private,Nonprofit,False,True,Midwest,100-199_non_teaching_nonprofit,4
140233,SAINT ANTHONY MEDICAL CENTER,ROCKFORD,IL,61108,WINNEBAGO,254.0,200-399,Voluntary non-profit - Church,Nonprofit,True,True,Midwest,200-399_teaching_nonprofit,2
140239,JAVON BEA HOSPITAL,ROCKFORD,IL,61103,WINNEBAGO,431.0,400-599,Voluntary non-profit - Private,Nonprofit,False,True,Midwest,400-599_non_teaching_nonprofit,2
140242,NORTHWESTERN MEDICINE CENTRAL DUPAGE HOSPITAL,WINFIELD,IL,60190,DU PAGE,361.0,200-399,Voluntary non-profit - Private,Nonprofit,False,True,Midwest,200-399_non_teaching_nonprofit,5
140251,COMMUNITY FIRST MEDICAL CENTER,CHICAGO,IL,60634,COOK,299.0,200-399,Proprietary,For-Profit,True,True,Midwest,200-399_teaching_for_profit,1
140252,NORTHWEST COMMUNITY HOSPITAL 1,ARLINGTON HEIGHTS,IL,60005,COOK,563.0,400-599,Voluntary non-profit - Private,Nonprofit,False,True,Midwest,400-599_non_teaching_nonprofit,4
140258,ALEXIAN BROTHERS MEDICAL CENTER 1,ELK GROVE VILLAGE,IL,60007,COOK,483.0,400-599,Voluntary non-profit - Private,Nonprofit,False,True,Midwest,400-599_non_teaching_nonprofit,4
140275,GENESIS HLTH SYSTEM DBA GENESIS MDL CTR-ILLINI,SILVIS,IL,61282,ROCK ISLAND,149.0,100-199,Government - Local,Government,False,True,Midwest,100-199_non_teaching_government,2
140276,LOYOLA UNIVERSITY MEDICAL CENTER,MAYWOOD,IL,60153,COOK,507.0,400-599,Voluntary non-profit - Private,Nonprofit,True,True,Midwest,400-599_teaching_nonprofit,3
140280,TRINITY ROCK ISLAND,ROCK ISLAND,IL,61201,ROCK ISLAND,314.0,200-399,Voluntary non-profit - Private,Nonprofit,False,True,Midwest,200-399_non_teaching_nonprofit,2
140281,NORTHWESTERN MEMORIAL HOSPITAL,CHICAGO,IL,60611,COOK,894.0,600+,Voluntary non-profit - Private,Nonprofit,True,True,Midwest,600+_teaching_nonprofit,5
140286,NORTHWESTERN MEDICINE KISHWAUKEE HOSPITAL,DEKALB,IL,60115,DE KALB,98.0,25-99,Voluntary non-profit - Private,Nonprofit,False,True,Midwest,25-99_non_teaching_nonprofit,4
140288,ADVOCATE GOOD SAMARITAN HOSPITAL,DOWNERS GROVE,IL,60515,DU PAGE,366.0,200-399,Voluntary non-profit - Private,Nonprofit,False,True,Midwest,200-399_non_teaching_nonprofit,4
140289,ANDERSON HOSPITAL,MARYVILLE,IL,62062,MADISON,151.0,100-199,Voluntary non-profit - Private,Nonprofit,False,True,Midwest,100-199_non_teaching_nonprofit,4
140290,ST ALEXIUS MEDICAL CENTER,HOFFMAN ESTATES,IL,60169,COOK,342.0,200-399,Voluntary non-profit - Church,Nonprofit,False,True,Midwest,200-399_non_teaching_nonprofit,4
140291,ADVOCATE GOOD SHEPHERD HOSPITAL,BARRINGTON,IL,60010,LAKE,176.0,100-199,Voluntary non-profit - Private,Nonprofit,False,True,Midwest,100-199_non_teaching_nonprofit,4
140292,UCHICAGO MEDICINE ADVENTHEALTH GLENOAKS,GLENDALE HEIGHTS,IL,60139,DU PAGE,186.0,100-199,Voluntary non-profit - Other,Nonprofit,False,True,Midwest,100-199_non_teaching_nonprofit,2
140294,DEACONESS ILLINOIS CROSSROADS,MOUNT VERNON,IL,62864,JEFFERSON,56.0,25-99,Proprietary,For-Profit,False,False,Midwest,25-99_non_teaching_for_profit,Not Available
140300,PROVIDENT HOSPITAL OF CHICAGO,CHICAGO,IL,60615,COOK,222.0,200-399,Government - Local,Government,True,True,Midwest,200-399_teaching_government,Not Available
140304,UCHICAGO MEDICINE ADVENTHEALTH BOLINGBROOK,BOLINGBROOK,IL,60440,WILL,138.0,100-199,Voluntary non-profit - Private,Nonprofit,False,True,Midwest,100-199_non_teaching_nonprofit,4
140308,MERCYHEALTH HOSPITAL & PHYSICIAN CLINIC-CRYSTAL LA,CRYSTAL LAKE,IL,60014,MC HENRY,13.0,1-24,Voluntary non-profit - Private,Nonprofit,False,True,Midwest,1-24_non_teaching_nonprofit,Not Available
14034F,NORTH CHICAGO VA MEDICAL CENTER,NORTH CHICAGO,IL,60064,LAKE,100.0,100-199,Veterans Health Administration,Other,False,True,Midwest,100-199_non_teaching_other,4
150001,JOHNSON MEMORIAL HOSPITAL,FRANKLIN,IN,46131,JOHNSON,125.0,100-199,Government - Local,Government,False,True,Midwest,100-199_non_teaching_government,5
150002,METHODIST HOSPITALS INC,GARY,IN,46402,LAKE,536.0,400-599,Voluntary non-profit - Private,Nonprofit,False,True,Midwest,400-599_non_teaching_nonprofit,1
150005,HENDRICKS REGIONAL HEALTH,DANVILLE,IN,46122,HENDRICKS,160.0,100-199,Government - Local,Government,False,True,Midwest,100-199_non_teaching_government,5
150006,NORTHWEST HEALTH-LA PORTE,LA PORTE,IN,46350,LA PORTE,227.0,200-399,Voluntary non-profit - Private,Nonprofit,False,True,Midwest,200-399_non_teaching_nonprofit,3
150007,COMMUNITY HOWARD REGIONAL HEALTH INC.,KOKOMO,IN,46902,HOWARD,162.0,100-199,Voluntary non-profit - Private,Nonprofit,False,True,Midwest,100-199_non_teaching_nonprofit,4
150008,ST CATHERINE HOSPITAL INC,EAST CHICAGO,IN,46312,LAKE,189.0,100-199,Voluntary non-profit - Private,Nonprofit,False,True,Midwest,100-199_non_teaching_nonprofit,3
150009,NORTON CLARK HOSPITAL,JEFFERSONVILLE,IN,47130,CLARK,241.0,200-399,Voluntary non-profit - Other,Nonprofit,True,True,Midwest,200-399_teaching_nonprofit,3
150010,ASCENSION ST VINCENT KOKOMO,KOKOMO,IN,46904,HOWARD,167.0,100-199,Voluntary non-profit - Church,Nonprofit,False,True,Midwest,100-199_non_teaching_nonprofit,3
150011,MARION GENERAL HOSPITAL,MARION,IN,46952,GRANT,99.0,25-99,Voluntary non-profit - Private,Nonprofit,False,False,Midwest,25-99_non_teaching_nonprofit,2
150012,SAINT JOSEPH REGIONAL MEDICAL CENTER,MISHAWAKA,IN,46545,ST. JOSEPH,301.0,200-399,Voluntary non-profit - Private,Nonprofit,True,True,Midwest,200-399_teaching_nonprofit,2
150015,FRANCISCAN HEALTH MICHIGAN CITY,MICHIGAN CITY,IN,46360,LA PORTE,310.0,200-399,Voluntary non-profit - Church,Nonprofit,False,True,Midwest,200-399_non_teaching_nonprofit,3
150017,LUTHERAN HOSPITAL OF INDIANA,FORT WAYNE,IN,46804,ALLEN,396.0,200-399,Proprietary,For-Profit,False,True,Midwest,200-399_non_teaching_for_profit,2
150018,ELKHART GENERAL HOSPITAL,ELKHART,IN,46514,ELKHART,297.0,200-399,Government - Local,Government,False,True,Midwest,200-399_non_teaching_government,4
150021,PARKVIEW REGIONAL MEDICAL CENTER,FORT WAYNE,IN,46845,ALLEN,600.0,600+,Voluntary non-profit - Private,Nonprofit,False,True,Midwest,600+_non_teaching_nonprofit,3
150022,FRANCISCAN HEALTH CRAWFORDSVILLE,CRAWFORDSVILLE,IN,47933,MONTGOMERY,103.0,100-199,Voluntary non-profit - Church,Nonprofit,False,False,Midwest,100-199_non_teaching_nonprofit,4
150023,UNION HOSPITAL INC,TERRE HAUTE,IN,47804,VIGO,318.0,200-399,Voluntary non-profit - Private,Nonprofit,True,True,Midwest,200-399_teaching_nonprofit,3
150024,ESKENAZI HEALTH,INDIANAPOLIS,IN,46202,MARION,343.0,200-399,Government - Local,Government,True,True,Midwest,200-399_teaching_government,3
150026,GOSHEN HOSPITAL,GOSHEN,IN,46526,ELKHART,123.0,100-199,Voluntary non-profit - Private,Nonprofit,True,True,Midwest,100-199_teaching_nonprofit,2
150030,HENRY COUNTY MEMORIAL HOSPITAL,NEW CASTLE,IN,47362,HENRY,90.0,25-99,Government - Local,Government,False,False,Midwest,25-99_non_teaching_government,4
150034,ST MARY MEDICAL CENTER INC,HOBART,IN,46342,LAKE,176.0,100-199,Voluntary non-profit - Private,Nonprofit,False,True,Midwest,100-199_non_teaching_nonprofit,3
150035,NORTHWEST HEALTH - PORTER,VALPARAISO,IN,46383,PORTER,301.0,200-399,Proprietary,For-Profit,False,True,Midwest,200-399_non_teaching_for_profit,2
150037,HANCOCK REGIONAL HOSPITAL,GREENFIELD,IN,46140,HANCOCK,69.0,25-99,Government - Local,Government,False,True,Midwest,25-99_non_teaching_government,4
15003F,INDIANAPOLIS VA MEDICAL CENTER,INDIANAPOLIS,IN,46202,MARION,660.0,600+,Veterans Health Administration,Other,False,True,Midwest,600+_non_teaching_other,5
150042,GOOD SAMARITAN HOSPITAL,VINCENNES,IN,47591,KNOX,165.0,100-199,Voluntary non-profit - Other,Nonprofit,True,False,Midwest,100-199_teaching_nonprofit,3
150044,BAPTIST HEALTH FLOYD,NEW ALBANY,IN,47150,FLOYD,225.0,200-399,Voluntary non-profit - Private,Nonprofit,False,True,Midwest,200-399_non_teaching_nonprofit,3
150045,PARKVIEW DEKALB HOSPITAL,AUBURN,IN,46706,DE KALB,45.0,25-99,Voluntary non-profit - Private,Nonprofit,False,False,Midwest,25-99_non_teaching_nonprofit,4
150046,TERRE HAUTE REGIONAL HOSPITAL,TERRE HAUTE,IN,47802,VIGO,278.0,200-399,Proprietary,For-Profit,False,True,Midwest,200-399_non_teaching_for_profit,3
150047,"ST JOSEPH HEALTH SYSTEM, LLC",FORT WAYNE,IN,46802,ALLEN,191.0,100-199,Proprietary,For-Profit,True,True,Midwest,100-199_teaching_for_profit,Not Available
150048,REID HEALTH,RICHMOND,IN,47374,WAYNE,223.0,200-399,Voluntary non-profit - Private,Nonprofit,False,False,Midwest,200-399_non_teaching_nonprofit,3
15004F,VA N. INDIANA HEALTHCARE SYSTEM,MARION,IN,46953,GRANT,1443.0,600+,Veterans Health Administration,Other,False,False,Midwest,600+_non_teaching_other,5
150051,INDIANA UNIVERSITY HEALTH BLOOMINGTON HOSPITAL,BLOOMINGTON,IN,47403,MONROE,297.0,200-399,Voluntary non-profit - Private,Nonprofit,False,True,Midwest,200-399_non_teaching_nonprofit,3
150056,INDIANA UNIVERSITY HEALTH,INDIANAPOLIS,IN,46202,MARION,1733.0,600+,Voluntary non-profit - Private,Nonprofit,True,True,Midwest,600+_teaching_nonprofit,2
150057,FRANCISCAN HEALTH MOORESVILLE,MOORESVILLE,IN,46158,MORGAN,82.0,25-99,Voluntary non-profit - Church,Nonprofit,False,True,Midwest,25-99_non_teaching_nonprofit,5
150058,MEMORIAL HOSPITAL OF SOUTH BEND,SOUTH BEND,IN,46601,ST. JOSEPH,463.0,400-599,Voluntary non-profit - Private,Nonprofit,True,True,Midwest,400-599_teaching_nonprofit,3
150059,RIVERVIEW HEALTH,NOBLESVILLE,IN,46060,HAMILTON,162.0,100-199,Government - Local,Government,False,True,Midwest,100-199_non_teaching_government,3
150061,DAVIESS COMMUNITY HOSPITAL,WASHINGTON,IN,47501,DAVIESS,80.0,25-99,Government - Local,Government,False,False,Midwest,25-99_non_teaching_government,3
150065,SCHNECK MEDICAL CENTER,SEYMOUR,IN,47274,JACKSON,93.0,25-99,Government - Local,Government,False,False,Midwest,25-99_non_teaching_government,5
150069,NORTON-KING'S DAUGHTERS' HEALTH,MADISON,IN,47250,JEFFERSON,86.0,25-99,Voluntary non-profit - Private,Nonprofit,False,False,Midwest,25-99_non_teaching_nonprofit,2
150072,MEMORIAL HOSPITAL,LOGANSPORT,IN,46947,CASS,83.0,25-99,Government - Local,Government,False,False,Midwest,25-99_non_teaching_government,4
150074,COMMUNITY HOSPITAL EAST,INDIANAPOLIS,IN,46219,MARION,263.0,200-399,Voluntary non-profit - Private,Nonprofit,True,True,Midwest,200-399_teaching_nonprofit,3
150075,BLUFFTON REGIONAL MEDICAL CENTER,BLUFFTON,IN,46714,WELLS,79.0,25-99,Proprietary,For-Profit,False,False,Midwest,25-99_non_teaching_for_profit,3
150076,SAINT JOSEPH REGIONAL MEDICAL CENTER - PLYMOUTH,PLYMOUTH,IN,46563,MARSHALL,58.0,25-99,Voluntary non-profit - Church,Nonprofit,False,False,Midwest,25-99_non_teaching_nonprofit,3
150082,DEACONESS HOSPITAL INC,EVANSVILLE,IN,47747,VANDERBURGH,558.0,400-599,Voluntary non-profit - Private,Nonprofit,True,True,Midwest,400-599_teaching_nonprofit,2
150084,ASCENSION ST VINCENT HOSPITAL,INDIANAPOLIS,IN,46260,MARION,779.0,600+,Voluntary non-profit - Church,Nonprofit,True,True,Midwest,600+_teaching_nonprofit,3
150086,ST ELIZABETH DEARBORN HOSPITAL,LAWRENCEBURG,IN,47025,DEARBORN,78.0,25-99,Government - Local,Government,False,True,Midwest,25-99_non_teaching_government,5
150088,ASCENSION ST VINCENT ANDERSON,ANDERSON,IN,46016,MADISON,195.0,100-199,Voluntary non-profit - Private,Nonprofit,False,True,Midwest,100-199_non_teaching_nonprofit,2
150089,INDIANA UNIVERSITY HEALTH BALL MEMORIAL HOSPITAL,MUNCIE,IN,47303,DELAWARE,379.0,200-399,Voluntary non-profit - Private,Nonprofit,True,True,Midwest,200-399_teaching_nonprofit,3
150090,FRANCISCAN HEALTH DYER,DYER,IN,46311,LAKE,198.0,100-199,Voluntary non-profit - Church,Nonprofit,True,True,Midwest,100-199_teaching_nonprofit,2
150091,PARKVIEW HUNTINGTON HOSPITAL,HUNTINGTON,IN,46750,HUNTINGTON,36.0,25-99,Voluntary non-profit - Private,Nonprofit,False,False,Midwest,25-99_non_teaching_nonprofit,4
150097,MAJOR HOSPITAL,SHELBYVILLE,IN,46176,SHELBY,51.0,25-99,Government - Local,Government,True,True,Midwest,25-99_teaching_government,3
150100,ASCENSION ST VINCENT EVANSVILLE,EVANSVILLE,IN,47750,VANDERBURGH,414.0,400-599,Voluntary non-profit - Private,Nonprofit,True,True,Midwest,400-599_teaching_nonprofit,3
150101,PARKVIEW WHITLEY HOSPITAL,COLUMBIA CITY,IN,46725,WHITLEY,30.0,25-99,Voluntary non-profit - Private,Nonprofit,False,True,Midwest,25-99_non_teaching_nonprofit,Not Available
150102,NORTHWEST HEALTH - STARKE,KNOX,IN,46534,STARKE,53.0,25-99,Proprietary,For-Profit,False,False,Midwest,25-99_non_teaching_for_profit,3
150104,WITHAM HEALTH SERVICES,LEBANON,IN,46052,BOONE,52.0,25-99,Government - Local,Government,False,True,Midwest,25-99_non_teaching_government,3
150109,FRANCISCAN HEALTH LAFAYETTE,LAFAYETTE,IN,47905,TIPPECANOE,186.0,100-199,Voluntary non-profit - Church,Nonprofit,True,True,Midwest,100-199_teaching_nonprofit,3
150112,COLUMBUS REGIONAL HOSPITAL,COLUMBUS,IN,47201,BARTHOLOMEW,160.0,100-199,Government - Local,Government,True,True,Midwest,100-199_teaching_government,4
150113,COMMUNITY HOSPITAL OF ANDERSON AND MADISON COUNTY,ANDERSON,IN,46011,MADISON,137.0,100-199,Voluntary non-profit - Private,Nonprofit,False,True,Midwest,100-199_non_teaching_nonprofit,4
150115,MEMORIAL HOSPITAL AND HEALTH CARE CENTER,JASPER,IN,47546,DUBOIS,123.0,100-199,Voluntary non-profit - Private,Nonprofit,False,False,Midwest,100-199_non_teaching_nonprofit,4
150125,COMMUNITY HOSPITAL,MUNSTER,IN,46321,LAKE,437.0,400-599,Voluntary non-profit - Private,Nonprofit,False,True,Midwest,400-599_non_teaching_nonprofit,3
150126,FRANCISCAN HEALTH CROWN POINT,CROWN POINT,IN,46307,LAKE,208.0,200-399,Voluntary non-profit - Church,Nonprofit,True,True,Midwest,200-399_teaching_nonprofit,3
150128,"COMMUNITY HOSPITAL SOUTH, INC.",INDIANAPOLIS,IN,46227,MARION,127.0,100-199,Voluntary non-profit - Private,Nonprofit,True,True,Midwest,100-199_teaching_nonprofit,3
150133,KOSCIUSKO COMMUNITY HOSPITAL,WARSAW,IN,46580,KOSCIUSKO,72.0,25-99,Proprietary,For-Profit,False,False,Midwest,25-99_non_teaching_for_profit,3
150146,PARKVIEW NOBLE HOSPITAL,KENDALLVILLE,IN,46755,NOBLE,31.0,25-99,Voluntary non-profit - Private,Nonprofit,False,False,Midwest,25-99_non_teaching_nonprofit,4
150149,THE WOMEN'S HOSPITAL,NEWBURGH,IN,47630,WARRICK,74.0,25-99,Proprietary,For-Profit,False,True,Midwest,25-99_non_teaching_for_profit,5
150150,DUPONT HOSPITAL LLC,FORT WAYNE,IN,46825,ALLEN,131.0,100-199,Proprietary,For-Profit,True,True,Midwest,100-199_teaching_for_profit,3
150153,ST VINCENT HEART CENTER,CARMEL,IN,46290,HAMILTON,107.0,100-199,Proprietary,For-Profit,True,True,Midwest,100-199_teaching_for_profit,5
150157,ASCENSION ST VINCENT CARMEL,CARMEL,IN,46032,HAMILTON,107.0,100-199,Voluntary non-profit - Private,Nonprofit,False,True,Midwest,100-199_non_teaching_nonprofit,3
150158,IU HEALTH WEST HOSPITAL,AVON,IN,46123,HENDRICKS,127.0,100-199,Proprietary,For-Profit,False,True,Midwest,100-199_non_teaching_for_profit,4
150160,ORTHOINDY HOSPITAL,INDIANAPOLIS,IN,46278,MARION,38.0,25-99,Physician,Other,False,True,Midwest,25-99_non_teaching_other,Not Available
150161,INDIANA UNIVERSITY HEALTH NORTH HOSPITAL,CARMEL,IN,46032,HAMILTON,149.0,100-199,Voluntary non-profit - Private,Nonprofit,False,True,Midwest,100-199_non_teaching_nonprofit,4
150162,FRANCISCAN HEALTH INDIANAPOLIS,INDIANAPOLIS,IN,46237,MARION,423.0,400-599,Voluntary non-profit - Church,Nonprofit,True,True,Midwest,400-599_teaching_nonprofit,3
150165,FRANCISCAN HEALTH MUNSTER,MUNSTER,IN,46321,LAKE,63.0,25-99,Voluntary non-profit - Private,Nonprofit,False,True,Midwest,25-99_non_teaching_nonprofit,3
150166,PINNACLE HOSPITAL,CROWN POINT,IN,46307,LAKE,18.0,1-24,Physician,Other,False,True,Midwest,1-24_non_teaching_other,Not Available
150167,ORTHOPAEDIC HOSPITAL AT PARKVIEW NORTH,FORT WAYNE,IN,46845,ALLEN,49.0,25-99,Voluntary non-profit - Private,Nonprofit,False,True,Midwest,25-99_non_teaching_nonprofit,Not Available
150168,THE ORTHOPAEDIC HOSPITAL OF LUTHERAN HEALTH NETWOR,FT WAYNE,IN,46804,ALLEN,44.0,25-99,Proprietary,For-Profit,True,True,Midwest,25-99_teaching_for_profit,Not Available
150169,COMMUNITY HOSPITAL NORTH,INDIANAPOLIS,IN,46256,MARION,298.0,200-399,Voluntary non-profit - Private,Nonprofit,False,True,Midwest,200-399_non_teaching_nonprofit,4
150172,PHYSICIANS' MEDICAL CENTER LLC,NEW ALBANY,IN,47150,FLOYD,12.0,1-24,Physician,Other,False,True,Midwest,1-24_non_teaching_other,Not Available
150173,INDIANA UNIVERSITY HEALTH ARNETT HOSPITAL,LAFAYETTE,IN,47905,TIPPECANOE,191.0,100-199,Voluntary non-profit - Private,Nonprofit,True,True,Midwest,100-199_teaching_nonprofit,4
150177,UNITY PHYSICIANS HOSPITAL,MISHAWAKA,IN,46545,ST. JOSEPH,29.0,25-99,Physician,Other,False,True,Midwest,25-99_non_teaching_other,Not Available
150179,FAIRBANKS,INDIANAPOLIS,IN,46256,MARION,86.0,25-99,Voluntary non-profit - Private,Nonprofit,False,True,Midwest,25-99_non_teaching_nonprofit,Not Available
150181,ASCENSION ST VINCENT FISHERS,FISHERS,IN,46037,HAMILTON,46.0,25-99,Voluntary non-profit - Private,Nonprofit,False,True,Midwest,25-99_non_teaching_nonprofit,Not Available
150183,MONROE HOSPITAL,BLOOMINGTON,IN,47403,MONROE,32.0,25-99,Proprietary,For-Profit,False,True,Midwest,25-99_non_teaching_for_profit,Not Available
150193,FRANCISCAN HEALTH ORTHOPEDIC HOSPITAL CARMEL,CARMEL,IN,46032,HAMILTON,23.0,1-24,Voluntary non-profit - Church,Nonprofit,False,True,Midwest,1-24_non_teaching_nonprofit,Not Available
150195,UCHICAGO MEDICINE NORTHWEST INDIANA,CROWN POINT,IN,46307,LAKE,8.0,1-24,Voluntary non-profit - Private,Nonprofit,False,True,Midwest,1-24_non_teaching_nonprofit,Not Available
160001,UNITYPOINT HEALTH - MARSHALLTOWN,MARSHALLTOWN,IA,50158,MARSHALL,49.0,25-99,Voluntary non-profit - Private,Nonprofit,False,False,Midwest,25-99_non_teaching_nonprofit,Not Available
160013,TRINITY MUSCATINE,MUSCATINE,IA,52761,MUSCATINE,80.0,25-99,Voluntary non-profit - Private,Nonprofit,False,False,Midwest,25-99_non_teaching_nonprofit,3
160016,TRINITY REGIONAL MEDICAL CENTER,FORT DODGE,IA,50501,WEBSTER,174.0,100-199,Voluntary non-profit - Private,Nonprofit,True,False,Midwest,100-199_teaching_nonprofit,1
160028,CHI HEALTH MERCY COUNCIL BLUFFS,COUNCIL BLUFFS,IA,51503,POTTAWATTAMIE,194.0,100-199,Voluntary non-profit - Private,Nonprofit,False,True,Midwest,100-199_non_teaching_nonprofit,3
160029,UNIVERSITY OF IOWA HEALTH CARE MEDICAL CENTER DOWN,IOWA CITY,IA,52245,JOHNSON,234.0,200-399,Voluntary non-profit - Church,Nonprofit,False,True,Midwest,200-399_non_teaching_nonprofit,3
160030,MARY GREELEY MEDICAL CENTER,AMES,IA,50010,STORY,220.0,200-399,Government - Local,Government,False,True,Midwest,200-399_non_teaching_government,4
160032,MERCYONE NEWTON MEDICAL CENTER,NEWTON,IA,50208,JASPER,68.0,25-99,Voluntary non-profit - Private,Nonprofit,False,True,Midwest,25-99_non_teaching_nonprofit,Not Available
160033,GENESIS MEDICAL CENTER-DAVENPORT,DAVENPORT,IA,52803,SCOTT,502.0,400-599,Voluntary non-profit - Private,Nonprofit,True,True,Midwest,400-599_teaching_nonprofit,1
16003F,VA CENTRAL IOWA HEALTHCARE SYSTEM,DES MOINES,IA,50310,POLK,386.0,200-399,Veterans Health Administration,Other,False,True,Midwest,200-399_non_teaching_other,4
160040,"SARTORI MEMORIAL HOSPITAL, INC",CEDAR FALLS,IA,50613,BLACK HAWK,83.0,25-99,Voluntary non-profit - Church,Nonprofit,True,True,Midwest,25-99_teaching_nonprofit,Not Available
160045,ST LUKES HOSPITAL,CEDAR RAPIDS,IA,52402,LINN,532.0,400-599,Voluntary non-profit - Private,Nonprofit,True,True,Midwest,400-599_teaching_nonprofit,4
160047,METHODIST JENNIE EDMUNDSON,COUNCIL BLUFFS,IA,51503,POTTAWATTAMIE,236.0,200-399,Voluntary non-profit - Private,Nonprofit,False,True,Midwest,200-399_non_teaching_nonprofit,4
16004F,IOWA CITY VA MEDICAL CENTER,IOWA CITY,IA,52246,JOHNSON,475.0,400-599,Veterans Health Administration,Other,False,True,Midwest,400-599_non_teaching_other,5
160057,SOUTHEAST IOWA REGIONAL MEDICAL CENTER,WEST BURLINGTON,IA,52655,DES MOINES,173.0,100-199,Voluntary non-profit - Private,Nonprofit,False,False,Midwest,100-199_non_teaching_nonprofit,2
160058,UNIVERSITY OF IOWA HOSPITAL & CLINICS,IOWA CITY,IA,52242,JOHNSON,1103.0,600+,Government - State,Government,True,True,Midwest,600+_teaching_government,3
160064,MERCYONE NORTH IOWA MEDICAL CENTER,MASON CITY,IA,50401,CERRO GORDO,350.0,200-399,Voluntary non-profit - Private,Nonprofit,True,False,Midwest,200-399_teaching_nonprofit,3
160067,MERCYONE WATERLOO MEDICAL CENTER,WATERLOO,IA,50702,BLACK HAWK,423.0,400-599,Voluntary non-profit - Church,Nonprofit,True,True,Midwest,400-599_teaching_nonprofit,4
160069,MERCYONE DUBUQUE MEDICAL CENTER,DUBUQUE,IA,52001,DUBUQUE,524.0,400-599,Voluntary non-profit - Church,Nonprofit,False,True,Midwest,400-599_non_teaching_nonprofit,5
160079,MERCY MEDICAL CENTER - CEDAR RAPIDS,CEDAR RAPIDS,IA,52403,LINN,347.0,200-399,Voluntary non-profit - Church,Nonprofit,False,True,Midwest,200-399_non_teaching_nonprofit,3
160080,MERCYONE CLINTON MEDICAL CENTER,CLINTON,IA,52732,CLINTON,147.0,100-199,Voluntary non-profit - Private,Nonprofit,True,False,Midwest,100-199_teaching_nonprofit,4
160082,UNITYPOINT HEALTH - DES MOINES IOWA METHODIST MEDI,DES MOINES,IA,50309,POLK,674.0,600+,Voluntary non-profit - Private,Nonprofit,True,True,Midwest,600+_teaching_nonprofit,3
160083,MERCYONE DES MOINES MEDICAL CENTER,DES MOINES,IA,50314,POLK,649.0,600+,Voluntary non-profit - Private,Nonprofit,True,True,Midwest,600+_teaching_nonprofit,2
160089,OTTUMWA REGIONAL HEALTH CENTER,OTTUMWA,IA,52501,WAPELLO,235.0,200-399,Proprietary,For-Profit,False,False,Midwest,200-399_non_teaching_for_profit,2
160101,BROADLAWNS MEDICAL CENTER,DES MOINES,IA,50314,POLK,200.0,200-399,Government - Local,Government,True,True,Midwest,200-399_teaching_government,2
160104,TRINITY - BETTENDORF,BETTENDORF,IA,52722,SCOTT,150.0,100-199,Voluntary non-profit - Private,Nonprofit,True,True,Midwest,100-199_teaching_nonprofit,3
160110,ALLEN HOSPITAL,WATERLOO,IA,50703,BLACK HAWK,234.0,200-399,Voluntary non-profit - Private,Nonprofit,False,True,Midwest,200-399_non_teaching_nonprofit,3
160112,SPENCER MUNICIPAL HOSPITAL,SPENCER,IA,51301,CLAY,93.0,25-99,Government - Local,Government,False,False,Midwest,25-99_non_teaching_government,4
160117,FINLEY HOSPITAL,DUBUQUE,IA,52001,DUBUQUE,158.0,100-199,Voluntary non-profit - Private,Nonprofit,False,True,Midwest,100-199_non_teaching_nonprofit,4
160124,LAKES REGIONAL HEALTHCARE,SPIRIT LAKE,IA,51360,DICKINSON,49.0,25-99,Government - Local,Government,False,False,Midwest,25-99_non_teaching_government,2
160146,ST LUKES REGIONAL MEDICAL CENTER,SIOUX CITY,IA,51104,WOODBURY,201.0,200-399,Voluntary non-profit - Private,Nonprofit,True,True,Midwest,200-399_teaching_nonprofit,1
160147,GRINNELL REGIONAL MEDICAL CENTER,GRINNELL,IA,50112,POWESHIEK,49.0,25-99,Voluntary non-profit - Private,Nonprofit,True,False,Midwest,25-99_teaching_nonprofit,4
160153,MERCYONE SIOUXLAND MEDICAL CENTER,SIOUX CITY,IA,51101,WOODBURY,267.0,200-399,Voluntary non-profit - Private,Nonprofit,True,True,Midwest,200-399_teaching_nonprofit,1
170006,"MERCY HOSPITAL PITTSBURG, INC",PITTSBURG,KS,66762,CRAWFORD,102.0,100-199,Voluntary non-profit - Church,Nonprofit,False,False,Midwest,100-199_non_teaching_nonprofit,4
170009,SAINT JOHN HOSPITAL,LEAVENWORTH,KS,66048,LEAVENWORTH,76.0,25-99,Voluntary non-profit - Other,Nonprofit,False,True,Midwest,25-99_non_teaching_nonprofit,Not Available
170012,SALINA REGIONAL HEALTH CENTER,SALINA,KS,67401,SALINE,396.0,200-399,Voluntary non-profit - Private,Nonprofit,True,False,Midwest,200-399_teaching_nonprofit,3
170013,HAYS MEDICAL CENTER,HAYS,KS,67601,ELLIS,206.0,200-399,Voluntary non-profit - Other,Nonprofit,False,False,Midwest,200-399_non_teaching_nonprofit,4
170014,ADVENTHEALTH OTTAWA,OTTAWA,KS,66067,FRANKLIN,49.0,25-99,Government - Local,Government,False,False,Midwest,25-99_non_teaching_government,2
170016,UNIVERSITY OF KANSAS HEALTH SYSTEM - ST FRANCIS CAMPUS,TOPEKA,KS,66606,SHAWNEE,378.0,200-399,Voluntary non-profit - Church,Nonprofit,True,True,Midwest,200-399_teaching_nonprofit,2
170017,SUSAN B ALLEN MEMORIAL HOSPITAL,EL DORADO,KS,67042,BUTLER,80.0,25-99,Voluntary non-profit - Private,Nonprofit,False,True,Midwest,25-99_non_teaching_nonprofit,2
170020,HUTCHINSON REGIONAL MEDICAL CENTER INC,HUTCHINSON,KS,67502,RENO,199.0,100-199,Voluntary non-profit - Private,Nonprofit,False,False,Midwest,100-199_non_teaching_nonprofit,3
170023,ST. CATHERINE HOSPITAL - GARDEN CITY,GARDEN CITY,KS,67846,FINNEY,100.0,100-199,Voluntary non-profit - Church,Nonprofit,False,False,Midwest,100-199_non_teaching_nonprofit,2
170027,PRATT REGIONAL MEDICAL CENTER,PRATT,KS,67124,PRATT,35.0,25-99,Proprietary,For-Profit,False,False,Midwest,25-99_non_teaching_for_profit,5
17002F,Irwin ACH (FT Riley),Fort Riley,KS,66442,GEARY,200.0,200-399,Department of Defense,Other,False,True,Midwest,200-399_non_teaching_other,Not Available
170040,UNIVERSITY OF KANSAS HOSPITAL,KANSAS CITY,KS,66160,WYANDOTTE,1045.0,600+,Government - Hospital District or Authority,Government,True,True,Midwest,600+_teaching_government,5
170049,UNIVERSITY OF KANSAS HEALTH SYSTEM OLATHE HOSPITAL,OLATHE,KS,66061,JOHNSON,300.0,200-399,Voluntary non-profit - Private,Nonprofit,False,True,Midwest,200-399_non_teaching_nonprofit,4
17005F,VA EASTERN KANSAS HEALTHCARE SYSTEM,TOPEKA,KS,66622,SHAWNEE,993.0,600+,Veterans Health Administration,Other,False,True,Midwest,600+_non_teaching_other,5
170068,SOUTHWEST MEDICAL CENTER,LIBERAL,KS,67901,SEWARD,80.0,25-99,Government - Local,Government,True,False,Midwest,25-99_teaching_government,1
170074,"STORMONT VAIL HEALTH FLINT HILLS, LLC",JUNCTION CITY,KS,66441,GEARY,92.0,25-99,Voluntary non-profit - Private,Nonprofit,False,True,Midwest,25-99_non_teaching_nonprofit,Not Available
170086,STORMONT VAIL HOSPITAL,TOPEKA,KS,66604,SHAWNEE,586.0,400-599,Voluntary non-profit - Private,Nonprofit,True,True,Midwest,400-599_teaching_nonprofit,4
17008F,WICHITA VA MEDICAL CENTER,WICHITA,KS,67218,SEDGWICK,221.0,200-399,Veterans Health Administration,Other,False,True,Midwest,200-399_non_teaching_other,5
170103,NMC HEALTH,NEWTON,KS,67114,HARVEY,99.0,25-99,Voluntary non-profit - Private,Nonprofit,True,True,Midwest,25-99_teaching_nonprofit,4
170104,ADVENTHEALTH SHAWNEE MISSION,SHAWNEE MISSION,KS,66204,JOHNSON,504.0,400-599,Voluntary non-profit - Private,Nonprofit,False,True,Midwest,400-599_non_teaching_nonprofit,3
170105,MCPHERSON HOSPITAL,MCPHERSON,KS,67460,MCPHERSON,49.0,25-99,Voluntary non-profit - Private,Nonprofit,False,False,Midwest,25-99_non_teaching_nonprofit,5
170109,MIAMI COUNTY MEDICAL CENTER,PAOLA,KS,66071,MIAMI,39.0,25-99,Voluntary non-profit - Private,Nonprofit,False,True,Midwest,25-99_non_teaching_nonprofit,Not Available
170120,LABETTE HEALTH,PARSONS,KS,67357,LABETTE,109.0,100-199,Government - Local,Government,False,False,Midwest,100-199_non_teaching_government,2
170122,"ASCENSION VIA CHRISTI HOSPITALS WICHITA, INC.",WICHITA,KS,67214,SEDGWICK,1412.0,600+,Voluntary non-profit - Private,Nonprofit,True,True,Midwest,600+_teaching_nonprofit,3
170123,WESLEY MEDICAL CENTER,WICHITA,KS,67214,SEDGWICK,859.0,600+,Proprietary,For-Profit,True,True,Midwest,600+_teaching_for_profit,4
170137,LMH,LAWRENCE,KS,66044,DOUGLAS,157.0,100-199,Government - Local,Government,False,True,Midwest,100-199_non_teaching_government,5
170142,"ASCENSION VIA CHRISTI HOSPITAL MANHATTAN, INC",MANHATTAN,KS,66502,RILEY,150.0,100-199,Voluntary non-profit - Private,Nonprofit,False,True,Midwest,100-199_non_teaching_nonprofit,4
170146,PROVIDENCE MEDICAL CENTER,KANSAS CITY,KS,66112,WYANDOTTE,400.0,400-599,Voluntary non-profit - Church,Nonprofit,True,True,Midwest,400-599_teaching_nonprofit,3
170175,CENTURA ST. CATHERINE-DODGE CITY,DODGE CITY,KS,67801,FORD,99.0,25-99,Proprietary,For-Profit,False,False,Midwest,25-99_non_teaching_for_profit,2
170176,OVERLAND PARK REG MED CTR,OVERLAND PARK,KS,66215,JOHNSON,351.0,200-399,Proprietary,For-Profit,True,True,Midwest,200-399_teaching_for_profit,3
170182,MENORAH MEDICAL CENTER,OVERLAND PARK,KS,66209,JOHNSON,190.0,100-199,Proprietary,For-Profit,True,True,Midwest,100-199_teaching_for_profit,4
170183,KANSAS SURGERY & RECOVERY CENTER,WICHITA,KS,67226,SEDGWICK,28.0,25-99,Voluntary non-profit - Private,Nonprofit,False,True,Midwest,25-99_non_teaching_nonprofit,Not Available
170185,SAINT LUKE'S SOUTH HOSPITAL,OVERLAND PARK,KS,66213,JOHNSON,75.0,25-99,Voluntary non-profit - Other,Nonprofit,False,True,Midwest,25-99_non_teaching_nonprofit,5
170186,KANSAS HEART HOSPITAL,WICHITA,KS,67226,SEDGWICK,54.0,25-99,Proprietary,For-Profit,False,True,Midwest,25-99_non_teaching_for_profit,5
170187,SALINA SURGICAL HOSPITAL,SALINA,KS,67401,SALINE,16.0,1-24,Physician,Other,True,False,Midwest,1-24_teaching_other,Not Available
170188,KANSAS CITY ORTHOPAEDIC INSTITUTE,LEAWOOD,KS,66211,JOHNSON,21.0,1-24,Physician,Other,False,True,Midwest,1-24_non_teaching_other,Not Available
170190,MANHATTAN SURGICAL HOSPITAL LLC,MANHATTAN,KS,66502,RILEY,13.0,1-24,Physician,Other,False,True,Midwest,1-24_non_teaching_other,Not Available
170191,UNIVERSITY  OF KS HLTH SYSTEM GREAT BEND CAMPUS,GREAT BEND,KS,67530,BARTON,25.0,25-99,Government - Hospital District or Authority,Government,True,False,Midwest,25-99_teaching_government,4
170194,ASCENTIST HOSPITAL LLC,LEAWOOD,KS,66211,JOHNSON,10.0,1-24,Proprietary,For-Profit,False,True,Midwest,1-24_non_teaching_for_profit,Not Available
170196,"KANSAS SPINE & SPECIALTY HOSPITAL, LLC",WICHITA,KS,67226,SEDGWICK,36.0,25-99,Physician,Other,False,True,Midwest,25-99_non_teaching_other,Not Available
170197,KANSAS MEDICAL CENTER LLC,ANDOVER,KS,67002,BUTLER,58.0,25-99,Proprietary,For-Profit,False,True,Midwest,25-99_non_teaching_for_profit,2
170198,"SUMMIT SURGICAL, LLC",HUTCHINSON,KS,67502,RENO,10.0,1-24,Physician,Other,False,False,Midwest,1-24_non_teaching_other,Not Available
170199,MINIMALLY INVASIVE SURGERY HOSPITAL,LENEXA,KS,66219,JOHNSON,9.0,1-24,Proprietary,For-Profit,False,True,Midwest,1-24_non_teaching_for_profit,Not Available
170200,"VIA CHRISTI HOSPITAL WICHITA ST TERESA, INC",WICHITA,KS,67235,SEDGWICK,68.0,25-99,Voluntary non-profit - Church,Nonprofit,False,True,Midwest,25-99_non_teaching_nonprofit,4
170203,MERCY SPECIALTY HOSPITAL SOUTHEAST KANSAS,GALENA,KS,66739,CHEROKEE,48.0,25-99,Voluntary non-profit - Private,Nonprofit,False,False,Midwest,25-99_non_teaching_nonprofit,Not Available
170204,"ROCK REGIONAL HOSPITAL, LLC",DERBY,KS,67037,SEDGWICK,31.0,25-99,Proprietary,For-Profit,True,True,Midwest,25-99_teaching_for_profit,Not Available
170208,"ADVENTHEALTH SOUTH OVERLAND PARK, INC",OVERLAND PARK,KS,66223,JOHNSON,85.0,25-99,Voluntary non-profit - Private,Nonprofit,False,True,Midwest,25-99_non_teaching_nonprofit,Not Available
180001,ST ELIZABETH FT THOMAS,FORT THOMAS,KY,41075,CAMPBELL,178.0,100-199,Voluntary non-profit - Private,Nonprofit,False,True,South,100-199_non_teaching_nonprofit,3
180002,WHITESBURG ARH HOSPITAL,WHITESBURG,KY,41858,LETCHER,90.0,25-99,Voluntary non-profit - Other,Nonprofit,False,False,South,25-99_non_teaching_nonprofit,3
180004,OWENSBORO HEALTH MUHLENBERG COMMUNITY HOSPITAL,GREENVILLE,KY,42345,MUHLENBERG,90.0,25-99,Voluntary non-profit - Private,Nonprofit,False,False,South,25-99_non_teaching_nonprofit,4
180005,HIGHLANDS ARH REGIONAL MEDICAL CENTER,PRESTONSBURG,KY,41653,FLOYD,166.0,100-199,Proprietary,For-Profit,False,False,South,100-199_non_teaching_for_profit,2
180009,KING'S DAUGHTERS' MEDICAL CENTER,ASHLAND,KY,41101,BOYD,455.0,400-599,Voluntary non-profit - Private,Nonprofit,False,True,South,400-599_non_teaching_nonprofit,3
180010,SAINT JOSEPH HOSPITAL,LEXINGTON,KY,40504,FAYETTE,468.0,400-599,Voluntary non-profit - Church,Nonprofit,False,True,South,400-599_non_teaching_nonprofit,2
180011,SAINT JOSEPH LONDON,LONDON,KY,40741,LAUREL,120.0,100-199,Voluntary non-profit - Private,Nonprofit,False,False,South,100-199_non_teaching_nonprofit,3
180012,BAPTIST HEALTH HARDIN,ELIZABETHTOWN,KY,42701,HARDIN,300.0,200-399,Government - Local,Government,False,True,South,200-399_non_teaching_government,2
180013,THE MEDICAL CENTER (BOWLING GREEN),BOWLING GREEN,KY,42101,WARREN,382.0,200-399,Voluntary non-profit - Private,Nonprofit,False,True,South,200-399_non_teaching_nonprofit,2
180016,UOFL HEALTH - SHELBYVILLE HOSPITAL,SHELBYVILLE,KY,40065,SHELBY,68.0,25-99,Voluntary non-profit - Private,Nonprofit,True,True,South,25-99_teaching_nonprofit,Not Available
180017,T J SAMSON COMMUNITY HOSPITAL,GLASGOW,KY,42141,BARREN,180.0,100-199,Voluntary non-profit - Other,Nonprofit,False,False,South,100-199_non_teaching_nonprofit,3
180018,ST CLAIRE REGIONAL MEDICAL CENTER,MOREHEAD,KY,40351,ROWAN,149.0,100-199,Government - Federal,Government,False,False,South,100-199_non_teaching_government,4
180019,MEADOWVIEW REGIONAL MEDICAL CENTER,MAYSVILLE,KY,41056,MASON,111.0,100-199,Proprietary,For-Profit,False,False,South,100-199_non_teaching_for_profit,4
180020,MIDDLESBORO ARH HOSPITAL,MIDDLESBORO,KY,40965,BELL,96.0,25-99,Voluntary non-profit - Private,Nonprofit,False,False,South,25-99_non_teaching_nonprofit,2
180024,SPRING VIEW HOSPITAL,LEBANON,KY,40033,MARION,75.0,25-99,Proprietary,For-Profit,False,False,South,25-99_non_teaching_for_profit,Not Available
180025,CHI SAINT JOSEPH FLAGET MEMORIAL HOSPITAL,BARDSTOWN,KY,40004,NELSON,40.0,25-99,Voluntary non-profit - Private,Nonprofit,True,False,South,25-99_teaching_nonprofit,Not Available
180027,MURRAY-CALLOWAY COUNTY HOSPITAL,MURRAY,KY,42071,CALLOWAY,140.0,100-199,Voluntary non-profit - Other,Nonprofit,False,False,South,100-199_non_teaching_nonprofit,2
180029,HAZARD ARH REGIONAL MEDICAL CENTER,HAZARD,KY,41701,PERRY,308.0,200-399,Voluntary non-profit - Private,Nonprofit,True,False,South,200-399_teaching_nonprofit,2
180035,ST ELIZABETH EDGEWOOD,EDGEWOOD,KY,41017,KENTON,621.0,600+,Voluntary non-profit - Church,Nonprofit,True,True,South,600+_teaching_nonprofit,4
180038,OWENSBORO HEALTH REGIONAL HOSPITAL,OWENSBORO,KY,42303,DAVIESS,469.0,400-599,Voluntary non-profit - Private,Nonprofit,True,True,South,400-599_teaching_nonprofit,2
18003F,Blanchfield ACH (FT Campbell),Fort Campbell,KY,42223,CHRISTIAN,,,Department of Defense,Other,False,False,South,nan_non_teaching_other,Not Available
180040,UOFL HEALTH - JEWISH HOSPITAL and Mary & Elizabeth Hospital,LOUISVILLE,KY,40202,JEFFERSON,1261.0,600+,Voluntary non-profit - Private,Nonprofit,True,True,South,600+_teaching_nonprofit,2
180043,AdventHealthManchester,MANCHESTER,KY,40962,CLAY,49.0,25-99,Voluntary non-profit - Church,Nonprofit,False,False,South,25-99_non_teaching_nonprofit,Not Available
180044,PIKEVILLE MEDICAL CENTER,PIKEVILLE,KY,41501,PIKE,340.0,200-399,Voluntary non-profit - Private,Nonprofit,True,False,South,200-399_teaching_nonprofit,1
180045,ST ELIZABETH FLORENCE,FLORENCE,KY,41042,BOONE,231.0,200-399,Voluntary non-profit - Private,Nonprofit,False,True,South,200-399_non_teaching_nonprofit,4
180046,BOURBON COMMUNITY HOSPITAL,PARIS,KY,40361,BOURBON,58.0,25-99,Proprietary,For-Profit,False,True,South,25-99_non_teaching_for_profit,4
180048,EPHRAIM MCDOWELL REGIONAL MEDICAL CENTER,DANVILLE,KY,40422,BOYLE,197.0,100-199,Voluntary non-profit - Private,Nonprofit,False,False,South,100-199_non_teaching_nonprofit,2
180049,BAPTIST HEALTH RICHMOND,RICHMOND,KY,40475,MADISON,105.0,100-199,Voluntary non-profit - Private,Nonprofit,False,False,South,100-199_non_teaching_nonprofit,3
180050,HARLAN ARH HOSPITAL,HARLAN,KY,40831,HARLAN,150.0,100-199,Voluntary non-profit - Other,Nonprofit,False,False,South,100-199_non_teaching_nonprofit,2
180051,JENNIE STUART MEDICAL CENTER,HOPKINSVILLE,KY,42241,CHRISTIAN,194.0,100-199,Voluntary non-profit - Private,Nonprofit,False,True,South,100-199_non_teaching_nonprofit,1
180056,DEACONESS HENDERSON HOSPITAL,HENDERSON,KY,42420,HENDERSON,205.0,200-399,Voluntary non-profit - Church,Nonprofit,False,True,South,200-399_non_teaching_nonprofit,2
180064,SAINT JOSEPH MOUNT STERLING,MOUNT STERLING,KY,40353,MONTGOMERY,63.0,25-99,Voluntary non-profit - Private,Nonprofit,False,False,South,25-99_non_teaching_nonprofit,Not Available
180066,The Medical Center at Russellville,RUSSELLVILLE,KY,42276,LOGAN,92.0,25-99,Proprietary,For-Profit,False,False,South,25-99_non_teaching_for_profit,Not Available
180067,UNIVERSITY OF KENTUCKY HOSPITAL,LEXINGTON,KY,40536,FAYETTE,791.0,600+,Government - State,Government,True,True,South,600+_teaching_government,4
180069,TUG VALLEY ARH REGIONAL MEDICAL CENTER,SOUTH WILLIAMSON,KY,41503,PIKE,113.0,100-199,Proprietary,For-Profit,False,False,South,100-199_non_teaching_for_profit,3
18006F,LOUISVILLE VA MEDICAL CENTER,LOUISVILLE,KY,40206,JEFFERSON,476.0,400-599,Veterans Health Administration,Other,False,True,South,400-599_non_teaching_other,5
180070,OWENSBORO HEALTH TWIN LAKES MEDICAL CENTER,LEITCHFIELD,KY,42754,GRAYSON,75.0,25-99,Voluntary non-profit - Other,Nonprofit,True,False,South,25-99_teaching_nonprofit,3
180078,PAINTSVILLE ARH HOSPITAL,PAINTSVILLE,KY,41240,JOHNSON,72.0,25-99,Proprietary,For-Profit,False,False,South,25-99_non_teaching_for_profit,2
180079,HARRISON MEMORIAL HOSPITAL,CYNTHIANA,KY,41031,HARRISON,61.0,25-99,Voluntary non-profit - Other,Nonprofit,False,False,South,25-99_non_teaching_nonprofit,3
18007F,LEXINGTON VA MEDICAL CENTER,LEXINGTON,KY,40502,FAYETTE,107.0,100-199,Veterans Health Administration,Other,False,True,South,100-199_non_teaching_other,4
180080,BAPTIST HEALTH CORBIN,CORBIN,KY,40701,WHITLEY,240.0,200-399,Voluntary non-profit - Private,Nonprofit,False,False,South,200-399_non_teaching_nonprofit,4
180087,TAYLOR REGIONAL HOSPITAL,CAMPBELLSVILLE,KY,42718,TAYLOR,90.0,25-99,Government - Hospital District or Authority,Government,False,False,South,25-99_non_teaching_government,2
180088,"NORTON HOSPITALS, INC",LOUISVILLE,KY,40202,JEFFERSON,1730.0,600+,Voluntary non-profit - Private,Nonprofit,True,True,South,600+_teaching_nonprofit,2
180092,CLARK REGIONAL MEDICAL CENTER,WINCHESTER,KY,40391,CLARK,69.0,25-99,Proprietary,For-Profit,False,True,South,25-99_non_teaching_for_profit,4
180093,BAPTIST HEALTH DEACONESS MADISONVILLE,MADISONVILLE,KY,42431,HOPKINS,390.0,200-399,Voluntary non-profit - Private,Nonprofit,True,False,South,200-399_teaching_nonprofit,3
180101,GEORGETOWN COMMUNITY HOSPITAL,GEORGETOWN,KY,40324,SCOTT,75.0,25-99,Proprietary,For-Profit,False,True,South,25-99_non_teaching_for_profit,3
180102,MERCY HEALTH - LOURDES HOSPITAL,PADUCAH,KY,42003,MC CRACKEN,359.0,200-399,Voluntary non-profit - Church,Nonprofit,False,False,South,200-399_non_teaching_nonprofit,2
180103,BAPTIST HEALTH LEXINGTON,LEXINGTON,KY,40503,FAYETTE,371.0,200-399,Voluntary non-profit - Other,Nonprofit,False,True,South,200-399_non_teaching_nonprofit,4
180104,BAPTIST HEALTH PADUCAH,PADUCAH,KY,42003,MC CRACKEN,349.0,200-399,Voluntary non-profit - Church,Nonprofit,False,False,South,200-399_non_teaching_nonprofit,5
180105,MONROE COUNTY MEDICAL CENTER,TOMPKINSVILLE,KY,42167,MONROE,49.0,25-99,Voluntary non-profit - Other,Nonprofit,False,False,South,25-99_non_teaching_nonprofit,1
180115,"ROCKCASTLE COUNTY HOSPITAL, INC.",MOUNT VERNON,KY,40456,ROCKCASTLE,26.0,25-99,Voluntary non-profit - Private,Nonprofit,False,False,South,25-99_non_teaching_nonprofit,2
180116,JACKSON PURCHASE MEDICAL CENTER,MAYFIELD,KY,42066,GRAVES,93.0,25-99,Government - Hospital District or Authority,Government,False,False,South,25-99_non_teaching_government,2
180124,TRISTAR GREENVIEW REGIONAL HOSPITAL,BOWLING GREEN,KY,42104,WARREN,211.0,200-399,Proprietary,For-Profit,False,True,South,200-399_non_teaching_for_profit,2
180127,FRANKFORT REGIONAL MEDICAL CENTER,FRANKFORT,KY,40601,FRANKLIN,173.0,100-199,Proprietary,For-Profit,False,False,South,100-199_non_teaching_for_profit,2
180128,THREE RIVERS MEDICAL CENTER,LOUISA,KY,41230,LAWRENCE,90.0,25-99,Proprietary,For-Profit,False,False,South,25-99_non_teaching_for_profit,2
180130,BAPTIST HEALTH LOUISVILLE,LOUISVILLE,KY,40207,JEFFERSON,519.0,400-599,Voluntary non-profit - Private,Nonprofit,False,True,South,400-599_non_teaching_nonprofit,3
180132,LAKE CUMBERLAND REGIONAL HOSPITAL,SOMERSET,KY,42503,PULASKI,215.0,200-399,Proprietary,For-Profit,False,False,South,200-399_non_teaching_for_profit,1
180138,BAPTIST HEALTH LAGRANGE,LA GRANGE,KY,40031,OLDHAM,90.0,25-99,Voluntary non-profit - Private,Nonprofit,False,True,South,25-99_non_teaching_nonprofit,4
180141,UNIVERSITY OF LOUISVILLE HOSPITAL,LOUISVILLE,KY,40202,JEFFERSON,404.0,400-599,Voluntary non-profit - Private,Nonprofit,True,True,South,400-599_teaching_nonprofit,1
180143,SAINT JOSEPH EAST,LEXINGTON,KY,40509,FAYETTE,217.0,200-399,Voluntary non-profit - Private,Nonprofit,True,True,South,200-399_teaching_nonprofit,3
180149,TJ HEALTH COLUMBIA,COLUMBIA,KY,42728,ADAIR,77.0,25-99,Government - Hospital District or Authority,Government,False,False,South,25-99_non_teaching_government,Not Available
180154,"PINEVILLE COMMUNITY HEALTH CENTER, INC",PINEVILLE,KY,40977,BELL,120.0,100-199,Voluntary non-profit - Private,Nonprofit,False,False,South,100-199_non_teaching_nonprofit,Not Available
190002,OCHSNER LAFAYETTE GENERAL MEDICAL CENTER,LAFAYETTE,LA,70503,LAFAYETTE,526.0,400-599,Voluntary non-profit - Private,Nonprofit,True,True,South,400-599_teaching_nonprofit,3
190004,THIBODAUX REGIONAL MEDICAL CENTER,THIBODAUX,LA,70301,LAFOURCHE,194.0,100-199,Voluntary non-profit - Private,Nonprofit,False,True,South,100-199_non_teaching_nonprofit,3
190005,UNIVERSITY MEDICAL CENTER NEW ORLEANS,NEW ORLEANS,LA,70112,ORLEANS,446.0,400-599,Voluntary non-profit - Private,Nonprofit,True,True,South,400-599_teaching_nonprofit,2
190006,OCHSNER UNIVERSITY HOSPITAL AND CLINICS,LAFAYETTE,LA,70506,LAFAYETTE,116.0,100-199,Voluntary non-profit - Private,Nonprofit,True,True,South,100-199_teaching_nonprofit,1
190007,NATCHITOCHES REGIONAL MEDICAL CENTER,NATCHITOCHES,LA,71457,NATCHITOCHES,96.0,25-99,Government - Hospital District or Authority,Government,False,False,South,25-99_non_teaching_government,3
190008,TERREBONNE GENERAL MEDICAL CENTER - PARISH,HOUMA,LA,70360,TERREBONNE,321.0,200-399,Government - Hospital District or Authority,Government,True,True,South,200-399_teaching_government,4
190011,OCHSNER LSU HEALTH MONROE,MONROE,LA,71202,OUACHITA,247.0,200-399,Voluntary non-profit - Private,Nonprofit,True,True,South,200-399_teaching_nonprofit,3
190013,WEST CALCASIEU CAMERON HOSPITAL,SULPHUR,LA,70663,CALCASIEU,110.0,100-199,Government - Hospital District or Authority,Government,True,True,South,100-199_teaching_government,4
190014,OCHSNER ST MARY,MORGAN CITY,LA,70380,ST. MARY,86.0,25-99,Voluntary non-profit - Private,Nonprofit,False,False,South,25-99_non_teaching_nonprofit,2
190015,NORTH OAKS MEDICAL CENTER,HAMMOND,LA,70403,TANGIPAHOA,330.0,200-399,Government - Hospital District or Authority,Government,False,True,South,200-399_non_teaching_government,2
190017,OPELOUSAS GENERAL HEALTH SYSTEM,OPELOUSAS,LA,70570,ST. LANDRY,171.0,100-199,Government - Hospital District or Authority,Government,True,False,South,100-199_teaching_government,3
190019,CHRISTUS ST FRANCES CABRINI HOSPITAL,ALEXANDRIA,LA,71301,RAPIDES,293.0,200-399,Voluntary non-profit - Private,Nonprofit,False,True,South,200-399_non_teaching_nonprofit,2
190020,LANE REGIONAL MEDICAL CENTER,ZACHARY,LA,70791,E. BATON ROUGE,140.0,100-199,Government - Hospital District or Authority,Government,False,True,South,100-199_non_teaching_government,4
190025,SAVOY MEDICAL CENTER,MAMOU,LA,70554,EVANGELINE,60.0,25-99,Voluntary non-profit - Other,Nonprofit,False,False,South,25-99_non_teaching_nonprofit,Not Available
190026,RAPIDES REGIONAL MEDICAL CENTER,ALEXANDRIA,LA,71301,RAPIDES,346.0,200-399,Proprietary,For-Profit,True,True,South,200-399_teaching_for_profit,2
190027,CHRISTUS OCHSNER ST PATRICK HOSPITAL,LAKE CHARLES,LA,70601,CALCASIEU,230.0,200-399,Voluntary non-profit - Private,Nonprofit,True,True,South,200-399_teaching_nonprofit,4
190034,ABBEVILLE GENERAL HOSPITAL,ABBEVILLE,LA,70510,VERMILION,60.0,25-99,Government - Hospital District or Authority,Government,False,True,South,25-99_non_teaching_government,Not Available
190036,OCHSNER MEDICAL CENTER ACUTE,NEW ORLEANS,LA,70121,JEFFERSON,959.0,600+,Voluntary non-profit - Private,Nonprofit,True,True,South,600+_teaching_nonprofit,4
190039,WEST JEFFERSON MEDICAL CENTER,MARRERO,LA,70072,JEFFERSON,318.0,200-399,Voluntary non-profit - Private,Nonprofit,True,True,South,200-399_teaching_nonprofit,3
190040,SLIDELL MEMORIAL HOSPITAL,SLIDELL,LA,70458,ST. TAMMANY,313.0,200-399,Government - Hospital District or Authority,Government,True,True,South,200-399_teaching_government,2
190041,CHRISTUS SHREVEPORT-BOSSIER HEALTH SYSTEM,SHREVEPORT,LA,71105,CADDO,242.0,200-399,Voluntary non-profit - Private,Nonprofit,False,True,South,200-399_non_teaching_nonprofit,4
190044,ACADIA GENERAL HOSPITAL,CROWLEY,LA,70526,ACADIA,113.0,100-199,Voluntary non-profit - Private,Nonprofit,False,True,South,100-199_non_teaching_nonprofit,3
190045,ST TAMMANY PARISH HOSPITAL,COVINGTON,LA,70433,ST. TAMMANY,281.0,200-399,Government - Hospital District or Authority,Government,False,True,South,200-399_non_teaching_government,4
190046,TOURO INFIRMARY,NEW ORLEANS,LA,70115,ORLEANS,341.0,200-399,Voluntary non-profit - Private,Nonprofit,True,True,South,200-399_teaching_nonprofit,3
190050,BEAUREGARD MEMORIAL HOSPITAL,DERIDDER,LA,70634,BEAUREGARD,49.0,25-99,Government - Hospital District or Authority,Government,False,False,South,25-99_non_teaching_government,2
190053,OCHSNER AMERICAN LEGION HOSPITAL,JENNINGS,LA,70546,JEFFRSON DAVIS,49.0,25-99,Voluntary non-profit - Private,Nonprofit,False,False,South,25-99_non_teaching_nonprofit,2
190054,IBERIA MEDICAL CENTER,NEW IBERIA,LA,70560,IBERIA,166.0,100-199,Voluntary non-profit - Private,Nonprofit,False,True,South,100-199_non_teaching_nonprofit,3
190060,LAKE CHARLES MEMORIAL HOSPITAL,LAKE CHARLES,LA,70601,CALCASIEU,407.0,400-599,Voluntary non-profit - Private,Nonprofit,True,True,South,400-599_teaching_nonprofit,4
190064,OUR LADY OF THE LAKE REGIONAL MEDICAL CENTER,BATON ROUGE,LA,70808,E. BATON ROUGE,976.0,600+,Voluntary non-profit - Church,Nonprofit,True,True,South,600+_teaching_nonprofit,3
190065,BATON ROUGE GENERAL MEDICAL CENTER,BATON ROUGE,LA,70809,E. BATON ROUGE,384.0,200-399,Voluntary non-profit - Private,Nonprofit,True,True,South,200-399_teaching_nonprofit,3
190079,ST CHARLES PARISH HOSPITAL,LULING,LA,70070,ST. CHARLES,57.0,25-99,Government - Hospital District or Authority,Government,True,True,South,25-99_teaching_government,Not Available
190086,NORTHERN LOUISIANA MEDICAL CENTER,RUSTON,LA,71270,LINCOLN,65.0,25-99,Proprietary,For-Profit,False,False,South,25-99_non_teaching_for_profit,3
190088,SPRINGHILL MEDICAL CENTER,SPRINGHILL,LA,71075,WEBSTER,48.0,25-99,Voluntary non-profit - Private,Nonprofit,False,False,South,25-99_non_teaching_nonprofit,Not Available
190090,WINN PARISH MEDICAL CENTER,WINNFIELD,LA,71483,WINN,46.0,25-99,Proprietary,For-Profit,False,False,South,25-99_non_teaching_for_profit,Not Available
190098,OCHSNER LSU HEALTH SHREVEPORT,SHREVEPORT,LA,71130,CADDO,395.0,200-399,Voluntary non-profit - Private,Nonprofit,True,True,South,200-399_teaching_nonprofit,2
190099,AVOYELLES HOSPITAL,MARKSVILLE,LA,71351,AVOYELLES,37.0,25-99,Proprietary,For-Profit,False,False,South,25-99_non_teaching_for_profit,Not Available
190102,"OUR LADY OF LOURDES REGIONAL MEDICAL CENTER, INC",LAFAYETTE,LA,70508,LAFAYETTE,354.0,200-399,Voluntary non-profit - Private,Nonprofit,False,True,South,200-399_non_teaching_nonprofit,2
190106,OAKDALE COMMUNITY HOSPITAL,OAKDALE,LA,71463,ALLEN,49.0,25-99,Proprietary,For-Profit,False,False,South,25-99_non_teaching_for_profit,Not Available
190111,WILLIS KNIGHTON MEDICAL CENTER,SHREVEPORT,LA,71103,CADDO,926.0,600+,Voluntary non-profit - Private,Nonprofit,False,True,South,600+_non_teaching_nonprofit,3
190114,CLAIBORNE MEMORIAL MEDICAL CENTER,HOMER,LA,71040,CLAIBORNE,47.0,25-99,Government - Hospital District or Authority,Government,False,False,South,25-99_non_teaching_government,Not Available
190116,MOREHOUSE GENERAL HOSPITAL,BASTROP,LA,71220,MOREHOUSE,49.0,25-99,Government - Hospital District or Authority,Government,False,True,South,25-99_non_teaching_government,Not Available
190118,DESOTO REGIONAL HEALTH SYSTEM,MANSFIELD,LA,71052,DE SOTO,34.0,25-99,Voluntary non-profit - Private,Nonprofit,False,True,South,25-99_non_teaching_nonprofit,Not Available
190125,ST FRANCIS MEDICAL CENTER,MONROE,LA,71201,OUACHITA,328.0,200-399,Voluntary non-profit - Private,Nonprofit,True,True,South,200-399_teaching_nonprofit,3
190128,WOMANS HOSPITAL,BATON ROUGE,LA,70817,E. BATON ROUGE,184.0,100-199,Voluntary non-profit - Private,Nonprofit,True,True,South,100-199_teaching_nonprofit,3
190133,ALLEN PARISH HOSPITAL,KINDER,LA,70648,ALLEN,49.0,25-99,Government - Hospital District or Authority,Government,False,False,South,25-99_non_teaching_government,Not Available
190140,FRANKLIN MEDICAL CENTER,WINNSBORO,LA,71295,FRANKLIN,37.0,25-99,Government - Hospital District or Authority,Government,False,False,South,25-99_non_teaching_government,Not Available
190144,MINDEN MEDICAL CENTER,MINDEN,LA,71055,WEBSTER,92.0,25-99,Proprietary,For-Profit,False,False,South,25-99_non_teaching_for_profit,3
190145,LASALLE GENERAL HOSPITAL,JENA,LA,71342,LASALLE,46.0,25-99,Government - Hospital District or Authority,Government,False,False,South,25-99_non_teaching_government,Not Available
190151,RICHARDSON MEDICAL CENTER,RAYVILLE,LA,71269,RICHLAND,38.0,25-99,Government - Hospital District or Authority,Government,False,False,South,25-99_non_teaching_government,Not Available
190160,GLENWOOD REGIONAL MEDICAL CENTER,WEST MONROE,LA,71291,OUACHITA,257.0,200-399,Proprietary,For-Profit,True,True,South,200-399_teaching_for_profit,2
190164,BYRD REGIONAL HOSPITAL,LEESVILLE,LA,71446,VERNON,49.0,25-99,Proprietary,For-Profit,False,False,South,25-99_non_teaching_for_profit,3
190167,MERCY REGIONAL MEDICAL CENTER,VILLE PLATTE,LA,70586,EVANGELINE,49.0,25-99,Proprietary,For-Profit,False,False,South,25-99_non_teaching_for_profit,3
190176,EAST JEFFERSON GENERAL HOSPITAL,METAIRIE,LA,70006,JEFFERSON,665.0,600+,Voluntary non-profit - Private,Nonprofit,False,True,South,600+_non_teaching_nonprofit,2
190183,LEONARD J CHABERT MEDICAL CENTER,HOUMA,LA,70363,TERREBONNE,156.0,100-199,Voluntary non-profit - Other,Nonprofit,True,True,South,100-199_teaching_nonprofit,3
190184,CITIZENS MEDICAL CENTER,COLUMBIA,LA,71418,CALDWELL,40.0,25-99,Government - Hospital District or Authority,Government,False,False,South,25-99_non_teaching_government,3
190190,"CALDWELL MEMORIAL HOSPITAL, INC",COLUMBIA,LA,71418,CALDWELL,47.0,25-99,Proprietary,For-Profit,False,False,South,25-99_non_teaching_for_profit,Not Available
190201,CHRISTUS OCHSNER LAKE AREA HOSPITAL,LAKE CHARLES,LA,70605,CALCASIEU,88.0,25-99,Voluntary non-profit - Private,Nonprofit,True,True,South,25-99_teaching_nonprofit,Not Available
190202,OCHSNER MEDICAL CENTER - BATON ROUGE,BATON ROUGE,LA,70816,E. BATON ROUGE,160.0,100-199,Voluntary non-profit - Private,Nonprofit,True,True,South,100-199_teaching_nonprofit,3
190208,EAST CARROLL PARISH HOSPITAL,LAKE PROVIDENCE,LA,71254,EAST CARROLL,23.0,1-24,Government - Hospital District or Authority,Government,False,False,South,1-24_non_teaching_government,Not Available
190218,SABINE MEDICAL CENTER,MANY,LA,71449,SABINE,48.0,25-99,Proprietary,For-Profit,False,False,South,25-99_non_teaching_for_profit,Not Available
190241,PHYSICIANS MEDICAL CENTER,HOUMA,LA,70360,TERREBONNE,30.0,25-99,Physician,Other,False,True,South,25-99_non_teaching_other,Not Available
190245,MONROE SURGICAL HOSPITAL,MONROE,LA,71201,OUACHITA,10.0,1-24,Proprietary,For-Profit,True,True,South,1-24_teaching_for_profit,Not Available
190251,SURGICAL SPECIALTY CENTER OF BATON ROUGE,BATON ROUGE,LA,70810,E. BATON ROUGE,16.0,1-24,Physician,Other,False,True,South,1-24_non_teaching_other,Not Available
190255,PARK PLACE SURGICAL HOSPITAL,LAFAYETTE,LA,70508,LAFAYETTE,10.0,1-24,Physician,Other,False,True,South,1-24_non_teaching_other,Not Available
190256,STERLING SURGICAL HOSPITAL,SLIDELL,LA,70458,ST. TAMMANY,12.0,1-24,Proprietary,For-Profit,False,True,South,1-24_non_teaching_for_profit,Not Available
190259,LAFAYETTE SURGICAL SPECIALTY HOSPITAL,LAFAYETTE,LA,70508,LAFAYETTE,20.0,1-24,Physician,Other,False,True,South,1-24_non_teaching_other,Not Available
190266,THE SPINE HOSPITAL OF LOUISIANA,BATON ROUGE,LA,70810,E. BATON ROUGE,23.0,1-24,Physician,Other,False,True,South,1-24_non_teaching_other,Not Available
190267,AVALA,COVINGTON,LA,70433,ST. TAMMANY,21.0,1-24,Physician,Other,False,True,South,1-24_non_teaching_other,Not Available
190270,OUR LADY OF THE LAKE SURGICAL HOSPITAL,SLIDELL,LA,70458,ST. TAMMANY,37.0,25-99,Physician,Other,False,True,South,25-99_non_teaching_other,Not Available
190274,OCHSNER MEDICAL CENTER-KENNER,KENNER,LA,70065,JEFFERSON,110.0,100-199,Voluntary non-profit - Private,Nonprofit,True,True,South,100-199_teaching_nonprofit,4
190278,SPECIALISTS HOSPITAL SHREVEPORT,SHREVEPORT,LA,71101,CADDO,15.0,1-24,Proprietary,For-Profit,False,True,South,1-24_non_teaching_for_profit,Not Available
190298,CHRISTUS CENTRAL LOUISIANA SURGICAL HOSPITAL,ALEXANDRIA,LA,71301,RAPIDES,24.0,1-24,Proprietary,For-Profit,False,True,South,1-24_non_teaching_for_profit,Not Available
190300,ST CHARLES SURGICAL HOSPITAL,NEW ORLEANS,LA,70130,ORLEANS,39.0,25-99,Physician,Other,False,True,South,25-99_non_teaching_other,Not Available
190302,"OMEGA HOSPITAL, LLC",METAIRIE,LA,70002,JEFFERSON,16.0,1-24,Physician,Other,False,True,South,1-24_non_teaching_other,Not Available
190303,CYPRESS POINTE SURGICAL HOSPITAL,HAMMOND,LA,70403,TANGIPAHOA,30.0,25-99,Physician,Other,False,True,South,25-99_non_teaching_other,Not Available
190308,ST BERNARD PARISH HOSPITAL,CHALMETTE,LA,70043,ST. BERNARD,40.0,25-99,Government - Hospital District or Authority,Government,True,True,South,25-99_teaching_government,Not Available
190312,OUR LADY OF THE ANGELS HOSPITAL,BOGALUSA,LA,70427,WASHINGTON,66.0,25-99,Voluntary non-profit - Private,Nonprofit,True,False,South,25-99_teaching_nonprofit,Not Available
190313,NEW ORLEANS EAST HOSPITAL,NEW ORLEANS,LA,70127,ORLEANS,50.0,25-99,Government - Hospital District or Authority,Government,False,True,South,25-99_non_teaching_government,Not Available
190316,THE GENERAL,BATON ROUGE,LA,70806,E. BATON ROUGE,230.0,200-399,Voluntary non-profit - Private,Nonprofit,False,True,South,200-399_non_teaching_nonprofit,Not Available
190317,OCHSNER LSU HEALTH SHREVEPORT-ST MARY MEDICAL CENT,SHREVEPORT,LA,71101,CADDO,93.0,25-99,Voluntary non-profit - Private,Nonprofit,True,True,South,25-99_teaching_nonprofit,3
190318,ACADIAN MEDICAL CENTER,EUNICE,LA,70535,ST. LANDRY,49.0,25-99,Proprietary,For-Profit,False,False,South,25-99_non_teaching_for_profit,2
190319,ALEXANDRIA EMERGENCY HOSPITAL,ALEXANDRIA,LA,71303,RAPIDES,10.0,1-24,Proprietary,For-Profit,False,True,South,1-24_non_teaching_for_profit,Not Available
19043F,ALEXANDRIA VA MEDICAL CENTER,PINEVILLE,LA,71360,RAPIDES,470.0,400-599,Veterans Health Administration,Other,False,True,South,400-599_non_teaching_other,Not Available
19047F,SOUTHEAST LOUISIANA VETERANS HEALTH CARE SYSTEM,NEW ORLEANS,LA,70119,ORLEANS,591.0,400-599,Veterans Health Administration,Other,False,True,South,400-599_non_teaching_other,4
19048F,OVERTON BROOKS VA MEDICAL CENTER (SHREVEPORT),SHREVEPORT,LA,71101,CADDO,434.0,400-599,Veterans Health Administration,Other,False,True,South,400-599_non_teaching_other,2
19050F,Bayne-Jones ACH (Ft Johnson),Fort Johnson,LA,71459,VERNON,200.0,200-399,Department of Defense,Other,False,False,South,200-399_non_teaching_other,Not Available
200001,ST JOSEPH HOSPITAL,BANGOR,ME,04401,PENOBSCOT,112.0,100-199,Voluntary non-profit - Church,Nonprofit,False,True,Northeast,100-199_non_teaching_nonprofit,3
200008,NORTHERN LIGHT MERCY HOSPITAL,PORTLAND,ME,04101,CUMBERLAND,230.0,200-399,Voluntary non-profit - Church,Nonprofit,True,True,Northeast,200-399_teaching_nonprofit,3
200009,MAINEHEALTH MAINE MEDICAL CENTER,PORTLAND,ME,04102,CUMBERLAND,606.0,600+,Voluntary non-profit - Private,Nonprofit,True,True,Northeast,600+_teaching_nonprofit,4
200018,NORTHERN LIGHT  A R GOULD HOSPITAL,PRESQUE ISLE,ME,04769,AROOSTOOK,89.0,25-99,Voluntary non-profit - Private,Nonprofit,False,False,Northeast,25-99_non_teaching_nonprofit,2
200020,YORK HOSPITAL,YORK,ME,03909,YORK,79.0,25-99,Voluntary non-profit - Private,Nonprofit,False,True,Northeast,25-99_non_teaching_nonprofit,3
200021,MAINEHEALTH MID COAST HOSPITAL,BRUNSWICK,ME,04011,CUMBERLAND,92.0,25-99,Voluntary non-profit - Private,Nonprofit,False,True,Northeast,25-99_non_teaching_nonprofit,2
200024,CENTRAL MAINE MEDICAL CENTER,LEWISTON,ME,04240,ANDROSCOGGIN,250.0,200-399,Voluntary non-profit - Private,Nonprofit,True,True,Northeast,200-399_teaching_nonprofit,4
200031,CARY MEDICAL CENTER,CARIBOU,ME,04736,AROOSTOOK,65.0,25-99,Government - Local,Government,True,False,Northeast,25-99_teaching_government,2
200033,NORTHERN LIGHT EASTERN MAINE MEDICAL CENTER,BANGOR,ME,04401,PENOBSCOT,411.0,400-599,Voluntary non-profit - Private,Nonprofit,True,True,Northeast,400-599_teaching_nonprofit,4
200034,ST MARY'S REGIONAL MEDICAL CENTER,LEWISTON,ME,04243,ANDROSCOGGIN,233.0,200-399,Voluntary non-profit - Church,Nonprofit,True,True,Northeast,200-399_teaching_nonprofit,3
200039,MAINE GENERAL MEDICAL CENTER,AUGUSTA,ME,04330,KENNEBEC,287.0,200-399,Voluntary non-profit - Other,Nonprofit,False,False,Northeast,200-399_non_teaching_nonprofit,4
20003F,TOGUS VA MEDICAL CENTER,AUGUSTA,ME,04330,KENNEBEC,841.0,600+,Veterans Health Administration,Other,False,False,Northeast,600+_non_teaching_other,4
200050,NORTHERN LIGHT MAINE COAST HOSPITAL,ELLSWORTH,ME,04605,HANCOCK,64.0,25-99,Voluntary non-profit - Other,Nonprofit,False,False,Northeast,25-99_non_teaching_nonprofit,2
200063,MAINEHEALTH PEN BAY HOSPITAL,ROCKPORT,ME,04856,KNOX,109.0,100-199,Voluntary non-profit - Private,Nonprofit,True,False,Northeast,100-199_teaching_nonprofit,2
210001,MERITUS MEDICAL CENTER,HAGERSTOWN,MD,21742,WASHINGTON,271.0,200-399,Voluntary non-profit - Private,Nonprofit,False,True,South,200-399_non_teaching_nonprofit,2
210002,UNIVERSITY OF MARYLAND MEDICAL CENTER,BALTIMORE,MD,21201,BALTIMORE CITY,816.0,600+,Voluntary non-profit - Private,Nonprofit,True,True,South,600+_teaching_nonprofit,2
210003,UNIVERSITY OF MD CAPITAL REGION MEDICAL CENTER,UPPER MARLBORO,MD,20774,PRINCE GEORGES,224.0,200-399,Voluntary non-profit - Private,Nonprofit,False,True,South,200-399_non_teaching_nonprofit,3
210004,HOLY CROSS HOSPITAL,SILVER SPRING,MD,20910,MONTGOMERY,444.0,400-599,Voluntary non-profit - Church,Nonprofit,True,True,South,400-599_teaching_nonprofit,2
210005,FREDERICK HEALTH HOSPITAL,FREDERICK,MD,21701,FREDERICK,248.0,200-399,Voluntary non-profit - Private,Nonprofit,False,True,South,200-399_non_teaching_nonprofit,3
210008,MERCY MEDICAL CENTER INC,BALTIMORE,MD,21202,BALTIMORE CITY,285.0,200-399,Voluntary non-profit - Church,Nonprofit,True,True,South,200-399_teaching_nonprofit,4
210009,"JOHNS HOPKINS HOSPITAL, THE",BALTIMORE,MD,21287,BALTIMORE CITY,1025.0,600+,Voluntary non-profit - Private,Nonprofit,True,True,South,600+_teaching_nonprofit,4
210011,SAINT AGNES HOSPITAL,BALTIMORE,MD,21229,BALTIMORE CITY,407.0,400-599,Voluntary non-profit - Church,Nonprofit,True,True,South,400-599_teaching_nonprofit,3
210012,SINAI HOSPITAL OF BALTIMORE,BALTIMORE,MD,21215,BALTIMORE CITY,413.0,400-599,Voluntary non-profit - Private,Nonprofit,False,True,South,400-599_non_teaching_nonprofit,2
210015,MEDSTAR FRANKLIN SQUARE MEDICAL CENTER,ROSEDALE,MD,21237,BALTIMORE,405.0,400-599,Voluntary non-profit - Private,Nonprofit,True,True,South,400-599_teaching_nonprofit,3
210016,ADVENTIST HEALTHCARE WHITE OAK MEDICAL CENTER,SILVER SPRING,MD,20904,MONTGOMERY,298.0,200-399,Voluntary non-profit - Private,Nonprofit,False,True,South,200-399_non_teaching_nonprofit,2
210017,GARRETT REGIONAL MEDICAL CENTER,OAKLAND,MD,21550,GARRETT,33.0,25-99,Voluntary non-profit - Private,Nonprofit,False,False,South,25-99_non_teaching_nonprofit,4
210018,MEDSTAR MONTGOMERY MEDICAL CENTER,OLNEY,MD,20832,MONTGOMERY,165.0,100-199,Voluntary non-profit - Private,Nonprofit,False,True,South,100-199_non_teaching_nonprofit,3
210019,"TIDALHEALTH PENINSULA REGIONAL, INC",SALISBURY,MD,21801,WICOMICO,362.0,200-399,Voluntary non-profit - Private,Nonprofit,False,True,South,200-399_non_teaching_nonprofit,3
210022,SUBURBAN HOSPITAL,BETHESDA,MD,20814,MONTGOMERY,229.0,200-399,Voluntary non-profit - Private,Nonprofit,False,True,South,200-399_non_teaching_nonprofit,3
210023,"LUMINIS HEALTH ANNE ARUNDEL MEDICAL CENTER, INC",ANNAPOLIS,MD,21401,ANNE ARUNDEL,370.0,200-399,Voluntary non-profit - Private,Nonprofit,False,True,South,200-399_non_teaching_nonprofit,3
210024,MEDSTAR UNION MEMORIAL HOSPITAL,BALTIMORE,MD,21218,BALTIMORE CITY,370.0,200-399,Voluntary non-profit - Other,Nonprofit,True,True,South,200-399_teaching_nonprofit,5
210027,WESTERN MARYLAND REGIONAL MEDICAL CENTER,CUMBERLAND,MD,21502,ALLEGANY,240.0,200-399,Voluntary non-profit - Private,Nonprofit,False,True,South,200-399_non_teaching_nonprofit,4
210028,MEDSTAR SAINT MARY'S HOSPITAL,LEONARDTOWN,MD,20650,ST. MARYS,107.0,100-199,Voluntary non-profit - Private,Nonprofit,True,True,South,100-199_teaching_nonprofit,4
210029,JOHNS HOPKINS BAYVIEW MEDICAL CENTER,BALTIMORE,MD,21224,BALTIMORE CITY,430.0,400-599,Voluntary non-profit - Private,Nonprofit,True,True,South,400-599_teaching_nonprofit,3
210030,UNIVERSITY OF MD SHORE MEDICAL CTR AT CHESTERTOWN,CHESTERTOWN,MD,21620,KENT,64.0,25-99,Voluntary non-profit - Private,Nonprofit,False,False,South,25-99_non_teaching_nonprofit,5
210032,UNION HOSPITAL OF CECIL COUNTY,ELKTON,MD,21921,CECIL,166.0,100-199,Voluntary non-profit - Private,Nonprofit,True,True,South,100-199_teaching_nonprofit,3
210033,CARROLL HOSPITAL CENTER,WESTMINSTER,MD,21157,CARROLL,158.0,100-199,Voluntary non-profit - Private,Nonprofit,True,True,South,100-199_teaching_nonprofit,3
210034,MEDSTAR HARBOR HOSPITAL,BALTIMORE,MD,21225,BALTIMORE CITY,376.0,200-399,Voluntary non-profit - Private,Nonprofit,True,True,South,200-399_teaching_nonprofit,4
210035,UNIVERSITY OF MD CHARLES REGIONAL  MEDICAL CENTER,LA PLATA,MD,20646,CHARLES,131.0,100-199,Voluntary non-profit - Private,Nonprofit,False,True,South,100-199_non_teaching_nonprofit,4
210037,UNIVERSITY OF MD SHORE MEDICAL CENTER AT EASTON,EASTON,MD,21601,TALBOT,189.0,100-199,Voluntary non-profit - Private,Nonprofit,False,False,South,100-199_non_teaching_nonprofit,2
210038,UNIVERSITY OF MD MEDICAL CENTER MIDTOWN CAMPUS,BALTIMORE,MD,21201,BALTIMORE CITY,276.0,200-399,Voluntary non-profit - Other,Nonprofit,True,True,South,200-399_teaching_nonprofit,3
210039,CALVERTHEALTH MEDICAL CENTER,PRINCE FREDERICK,MD,20678,CALVERT,106.0,100-199,Voluntary non-profit - Other,Nonprofit,False,True,South,100-199_non_teaching_nonprofit,5
210040,NORTHWEST HOSPITAL CENTER,RANDALLSTOWN,MD,21133,BALTIMORE,215.0,200-399,Voluntary non-profit - Private,Nonprofit,False,True,South,200-399_non_teaching_nonprofit,2
210043,UNIVERSITY OF MD BALTIMORE WASHINGTON MEDICAL CENTER,GLEN BURNIE,MD,21061,ANNE ARUNDEL,329.0,200-399,Voluntary non-profit - Other,Nonprofit,True,True,South,200-399_teaching_nonprofit,4
210044,GREATER BALTIMORE MEDICAL CENTER,BALTIMORE,MD,21204,BALTIMORE,303.0,200-399,Voluntary non-profit - Private,Nonprofit,True,True,South,200-399_teaching_nonprofit,4
210048,JOHNS HOPKINS HOWARD COUNTY MEDICAL CENTER,COLUMBIA,MD,21044,HOWARD,233.0,200-399,Voluntary non-profit - Private,Nonprofit,True,True,South,200-399_teaching_nonprofit,3
210049,UMD UPPER CHESAPEAKE MEDICAL CENTER,BEL AIR,MD,21014,HARFORD,219.0,200-399,Voluntary non-profit - Other,Nonprofit,True,True,South,200-399_teaching_nonprofit,2
210051,"LUMINIS HEALTH DOCTORS COMMUNITY MEDICAL CTR, INC",LANHAM,MD,20706,PRINCE GEORGES,182.0,100-199,Proprietary,For-Profit,False,True,South,100-199_non_teaching_for_profit,2
210056,MEDSTAR GOOD SAMARITAN HOSPITAL,BALTIMORE,MD,21239,BALTIMORE CITY,208.0,200-399,Voluntary non-profit - Other,Nonprofit,True,True,South,200-399_teaching_nonprofit,3
210057,ADVENTIST HEALTHCARE SHADY GROVE MEDICAL CENTER,ROCKVILLE,MD,20850,MONTGOMERY,331.0,200-399,Voluntary non-profit - Private,Nonprofit,True,True,South,200-399_teaching_nonprofit,2
210058,UMD REHABILITATION &  ORTHOPAEDIC INSTITUTE,BALTIMORE,MD,21207,BALTIMORE,134.0,100-199,Voluntary non-profit - Private,Nonprofit,False,True,South,100-199_non_teaching_nonprofit,Not Available
210060,ADVENTIST HEALTHCARE FORT WASHINGTON MEDICAL CTR,FORT WASHINGTON,MD,20744,PRINCE GEORGES,37.0,25-99,Voluntary non-profit - Other,Nonprofit,False,True,South,25-99_non_teaching_nonprofit,2
210061,ATLANTIC GENERAL HOSPITAL,BERLIN,MD,21811,WORCESTER,48.0,25-99,Voluntary non-profit - Private,Nonprofit,False,True,South,25-99_non_teaching_nonprofit,3
210062,MEDSTAR SOUTHERN MARYLAND HOSPITAL CENTER,CLINTON,MD,20735,PRINCE GEORGES,239.0,200-399,Voluntary non-profit - Private,Nonprofit,False,True,South,200-399_non_teaching_nonprofit,2
210063,UNIVERSITY OF MD ST JOSEPH MEDICAL CENTER,TOWSON,MD,21204,BALTIMORE,238.0,200-399,Voluntary non-profit - Private,Nonprofit,False,True,South,200-399_non_teaching_nonprofit,5
210064,LEVINDALE HEBREW GERIATRIC CENTER AND HOSPITAL,BALTIMORE,MD,21209,BALTIMORE CITY,100.0,100-199,Voluntary non-profit - Private,Nonprofit,False,True,South,100-199_non_teaching_nonprofit,Not Available
210065,HOLY CROSS GERMANTOWN HOSPITAL,GERMANTOWN,MD,20876,MONTGOMERY,93.0,25-99,Voluntary non-profit - Private,Nonprofit,False,True,South,25-99_non_teaching_nonprofit,2
21007F,Walter Reed National Military Med Cen,Bethesda,MD,20814,MONTGOMERY,725.0,600+,Department of Defense,Other,False,False,South,600+_non_teaching_other,Not Available
21010F,VA MARYLAND HEALTHCARE SYSTEM - PERRY POINT,PERRY POINT,MD,21902,CECIL,505.0,400-599,Veterans Health Administration,Other,False,True,South,400-599_non_teaching_other,Not Available
21020F,VA MARYLAND HEALTHCARE SYSTEM - BALTIMORE,BALTIMORE,MD,21201,BALTIMORE CITY,137.0,100-199,Veterans Health Administration,Other,False,True,South,100-199_non_teaching_other,3
220001,UMASS MEMORIAL HEALTHALLIANCE HOSPITALS,LEOMINSTER,MA,01453,WORCESTER,150.0,100-199,Voluntary non-profit - Other,Nonprofit,True,True,Northeast,100-199_teaching_nonprofit,2
220002,MOUNT AUBURN HOSPITAL,CAMBRIDGE,MA,02138,MIDDLESEX,217.0,200-399,Voluntary non-profit - Private,Nonprofit,True,True,Northeast,200-399_teaching_nonprofit,4
220008,STURDY MEMORIAL HOSPITAL,ATTLEBORO,MA,02703,BRISTOL,126.0,100-199,Voluntary non-profit - Other,Nonprofit,False,True,Northeast,100-199_non_teaching_nonprofit,3
220010,LAWRENCE GENERAL HOSPITAL,LAWRENCE,MA,01842,ESSEX,189.0,100-199,Voluntary non-profit - Private,Nonprofit,False,True,Northeast,100-199_non_teaching_nonprofit,3
220011,CAMBRIDGE HEALTH ALLIANCE,CAMBRIDGE,MA,02139,MIDDLESEX,159.0,100-199,Government - Local,Government,True,True,Northeast,100-199_teaching_government,4
220012,CAPE COD HOSPITAL,HYANNIS,MA,02601,BARNSTABLE,259.0,200-399,Voluntary non-profit - Private,Nonprofit,True,True,Northeast,200-399_teaching_nonprofit,3
220015,"COOLEY DICKINSON HOSPITAL INC,THE",NORTHAMPTON,MA,01061,HAMPSHIRE,142.0,100-199,Voluntary non-profit - Private,Nonprofit,False,True,Northeast,100-199_non_teaching_nonprofit,3
220016,BAYSTATE FRANKLIN MEDICAL CENTER,GREENFIELD,MA,01301,FRANKLIN,92.0,25-99,Voluntary non-profit - Private,Nonprofit,False,True,Northeast,25-99_non_teaching_nonprofit,4
220017,CARNEY HOSPITAL,BOSTON,MA,02124,SUFFOLK,135.0,100-199,Proprietary,For-Profit,True,True,Northeast,100-199_teaching_for_profit,Not Available
220019,UMASS MEMORIAL HEALTH - HARRINGTON HOSPITAL,SOUTHBRIDGE,MA,01550,WORCESTER,113.0,100-199,Voluntary non-profit - Private,Nonprofit,False,True,Northeast,100-199_non_teaching_nonprofit,2
22001F,BEDFORD VA MEDICAL CENTER,BEDFORD,MA,01730,MIDDLESEX,993.0,600+,Veterans Health Administration,Other,False,True,Northeast,600+_non_teaching_other,Not Available
220020,SAINT ANNE'S HOSPITAL,FALL RIVER,MA,02721,BRISTOL,160.0,100-199,Proprietary,For-Profit,True,True,Northeast,100-199_teaching_for_profit,3
220024,HOLYOKE MEDICAL CENTER,HOLYOKE,MA,01040,HAMPDEN,164.0,100-199,Voluntary non-profit - Private,Nonprofit,False,True,Northeast,100-199_non_teaching_nonprofit,2
220029,ANNA JAQUES HOSPITAL,NEWBURYPORT,MA,01950,ESSEX,123.0,100-199,Voluntary non-profit - Private,Nonprofit,False,True,Northeast,100-199_non_teaching_nonprofit,3
220030,BAYSTATE WING HOSPITAL,PALMER,MA,01069,HAMPDEN,41.0,25-99,Voluntary non-profit - Other,Nonprofit,False,True,Northeast,25-99_non_teaching_nonprofit,5
220031,BOSTON MEDICAL CENTER,BOSTON,MA,02118,SUFFOLK,441.0,400-599,Voluntary non-profit - Private,Nonprofit,True,True,Northeast,400-599_teaching_nonprofit,3
220033,NORTHEAST HOSPITAL CORPORATION,BEVERLY,MA,01915,ESSEX,283.0,200-399,Voluntary non-profit - Private,Nonprofit,False,True,Northeast,200-399_non_teaching_nonprofit,3
220035,NORTH SHORE MEDICAL CENTER -,SALEM,MA,01970,ESSEX,415.0,400-599,Voluntary non-profit - Private,Nonprofit,False,True,Northeast,400-599_non_teaching_nonprofit,4
220036,BOSTON MEDICAL CENTER-BRIGHTON,BRIGHTON,MA,02135,SUFFOLK,252.0,200-399,Proprietary,For-Profit,True,True,Northeast,200-399_teaching_for_profit,2
220046,BERKSHIRE MEDICAL CENTER,PITTSFIELD,MA,01201,BERKSHIRE,319.0,200-399,Voluntary non-profit - Other,Nonprofit,True,True,Northeast,200-399_teaching_nonprofit,4
220049,UMASS MEMORIAL HEALTHCARE-MARLBOROUGH HOSPITAL,MARLBOROUGH,MA,01752,MIDDLESEX,79.0,25-99,Voluntary non-profit - Private,Nonprofit,False,True,Northeast,25-99_non_teaching_nonprofit,2
220052,SIGNATURE HEALTHCARE BROCKTON HOSPITAL,BROCKTON,MA,02302,PLYMOUTH,205.0,200-399,Voluntary non-profit - Other,Nonprofit,True,True,Northeast,200-399_teaching_nonprofit,4
220060,BETH ISRAEL DEACONESS HOSPITAL PLYMOUTH,PLYMOUTH,MA,02360,PLYMOUTH,155.0,100-199,Voluntary non-profit - Private,Nonprofit,False,True,Northeast,100-199_non_teaching_nonprofit,4
220062,ADCARE HOSPITAL OF WORCESTER INC,WORCESTER,MA,01605,WORCESTER,114.0,100-199,Proprietary,For-Profit,False,True,Northeast,100-199_non_teaching_for_profit,Not Available
220063,LOWELL GENERAL HOSPITAL,LOWELL,MA,01854,MIDDLESEX,158.0,100-199,Voluntary non-profit - Private,Nonprofit,False,True,Northeast,100-199_non_teaching_nonprofit,2
220065,BAYSTATE NOBLE HOSPITAL,WESTFIELD,MA,01086,HAMPDEN,97.0,25-99,Voluntary non-profit - Private,Nonprofit,False,True,Northeast,25-99_non_teaching_nonprofit,2
220066,MERCY MEDICAL CTR,SPRINGFIELD,MA,01104,HAMPDEN,339.0,200-399,Voluntary non-profit - Private,Nonprofit,False,True,Northeast,200-399_non_teaching_nonprofit,2
220070,MELROSEWAKEFIELD HEALTHCARE,MELROSE,MA,02176,MIDDLESEX,538.0,400-599,Voluntary non-profit - Private,Nonprofit,True,True,Northeast,400-599_teaching_nonprofit,2
220071,MASSACHUSETTS GENERAL HOSPITAL,BOSTON,MA,02114,SUFFOLK,907.0,600+,Voluntary non-profit - Private,Nonprofit,True,True,Northeast,600+_teaching_nonprofit,5
220073,BROWN UNIVERSITY HEALTH MORTON HOSPITAL,TAUNTON,MA,02780,BRISTOL,133.0,100-199,Proprietary,For-Profit,False,True,Northeast,100-199_non_teaching_for_profit,2
220074,SOUTHCOAST HOSPITALS GROUP,FALL RIVER,MA,02720,BRISTOL,695.0,600+,Voluntary non-profit - Private,Nonprofit,False,True,Northeast,600+_non_teaching_nonprofit,4
220075,MASSACHUSETTS EYE AND EAR INFIRMARY -,BOSTON,MA,02114,SUFFOLK,42.0,25-99,Voluntary non-profit - Private,Nonprofit,True,True,Northeast,25-99_teaching_nonprofit,Not Available
220077,BAYSTATE MEDICAL CENTER,SPRINGFIELD,MA,01199,HAMPDEN,716.0,600+,Voluntary non-profit - Private,Nonprofit,True,True,Northeast,600+_teaching_nonprofit,1
220080,HOLY FAMILY HOSPITAL,METHUEN,MA,01844,ESSEX,275.0,200-399,Proprietary,For-Profit,True,True,Northeast,200-399_teaching_for_profit,2
220083,BETH ISRAEL DEACONESS HOSPITAL - NEEDHAM,NEEDHAM,MA,02494,NORFOLK,58.0,25-99,Voluntary non-profit - Private,Nonprofit,False,True,Northeast,25-99_non_teaching_nonprofit,4
220084,EMERSON HOSPITAL -,W CONCORD,MA,01742,MIDDLESEX,149.0,100-199,Voluntary non-profit - Private,Nonprofit,False,True,Northeast,100-199_non_teaching_nonprofit,3
220086,BETH ISRAEL DEACONESS MEDICAL CENTER,BOSTON,MA,02215,SUFFOLK,597.0,400-599,Voluntary non-profit - Private,Nonprofit,True,True,Northeast,400-599_teaching_nonprofit,4
220088,NEW ENGLAND BAPTIST HOSPITAL,BOSTON,MA,02120,SUFFOLK,118.0,100-199,Voluntary non-profit - Private,Nonprofit,True,True,Northeast,100-199_teaching_nonprofit,5
220090,MILFORD REGIONAL MEDICAL CENTER,MILFORD,MA,01757,WORCESTER,121.0,100-199,Voluntary non-profit - Other,Nonprofit,True,True,Northeast,100-199_teaching_nonprofit,3
220095,HEYWOOD HOSPITAL -,GARDNER,MA,01440,WORCESTER,134.0,100-199,Voluntary non-profit - Private,Nonprofit,True,True,Northeast,100-199_teaching_nonprofit,3
220098,NASHOBA VALLEY MEDICAL CENTER,AYER,MA,01432,MIDDLESEX,40.0,25-99,Proprietary,For-Profit,False,True,Northeast,25-99_non_teaching_for_profit,Not Available
22009F,NORTHAMPTON VA MEDICAL CENTER,LEEDS,MA,01053,HAMPSHIRE,1014.0,600+,Veterans Health Administration,Other,False,True,Northeast,600+_non_teaching_other,Not Available
220100,SOUTH SHORE HOSPITAL,SOUTH WEYMOUTH,MA,02190,NORFOLK,284.0,200-399,Voluntary non-profit - Private,Nonprofit,False,True,Northeast,200-399_non_teaching_nonprofit,3
220101,NEWTON-WELLESLEY HOSPITAL,NEWTON,MA,02462,MIDDLESEX,224.0,200-399,Voluntary non-profit - Private,Nonprofit,True,True,Northeast,200-399_teaching_nonprofit,5
220105,WINCHESTER HOSPITAL,WINCHESTER,MA,01890,MIDDLESEX,189.0,100-199,Voluntary non-profit - Private,Nonprofit,True,True,Northeast,100-199_teaching_nonprofit,3
220108,BETH ISRAEL DEACONESS HOSPITAL - MILTON,MILTON,MA,02186,NORFOLK,81.0,25-99,Government - Federal,Government,False,True,Northeast,25-99_non_teaching_government,4
22010F,VA BOSTON HEALTHCARE SYSTEM - JAMAICA PLAIN,JAMAICA PLAIN,MA,02130,SUFFOLK,920.0,600+,Veterans Health Administration,Other,False,True,Northeast,600+_non_teaching_other,4
220110,BRIGHAM AND WOMEN'S HOSPITAL,BOSTON,MA,02115,SUFFOLK,663.0,600+,Voluntary non-profit - Private,Nonprofit,True,True,Northeast,600+_teaching_nonprofit,5
220111,GOOD SAMARITAN MEDICAL CENTER,BROCKTON,MA,02301,PLYMOUTH,231.0,200-399,Proprietary,For-Profit,False,True,Northeast,200-399_non_teaching_for_profit,1
220116,TUFTS MEDICAL CENTER,BOSTON,MA,02111,SUFFOLK,415.0,400-599,Voluntary non-profit - Private,Nonprofit,True,True,Northeast,400-599_teaching_nonprofit,3
220119,BRIGHAM AND WOMEN FAULKNER HOSPITAL,JAMAICA PLAIN,MA,02130,SUFFOLK,153.0,100-199,Voluntary non-profit - Private,Nonprofit,True,True,Northeast,100-199_teaching_nonprofit,5
220126,NORWOOD HOSPITAL,NORWOOD,MA,02062,NORFOLK,263.0,200-399,Proprietary,For-Profit,False,True,Northeast,200-399_non_teaching_for_profit,Not Available
220135,FALMOUTH HOSPITAL,FALMOUTH,MA,02540,BARNSTABLE,95.0,25-99,Voluntary non-profit - Private,Nonprofit,False,True,Northeast,25-99_non_teaching_nonprofit,4
220163,UMASS MEMORIAL MEDICAL CENTER/UNIVERSITY CAMPUS,WORCESTER,MA,01655,WORCESTER,325.0,200-399,Voluntary non-profit - Private,Nonprofit,True,True,Northeast,200-399_teaching_nonprofit,3
220171,"LAHEY HOSPITAL & MEDICAL CENTER, BURLINGTON",BURLINGTON,MA,01803,MIDDLESEX,327.0,200-399,Voluntary non-profit - Private,Nonprofit,True,True,Northeast,200-399_teaching_nonprofit,5
220175,METROWEST MEDICAL CENTER,FRAMINGHAM,MA,01701,MIDDLESEX,360.0,200-399,Voluntary non-profit - Private,Nonprofit,True,True,Northeast,200-399_teaching_nonprofit,1
220176,ST VINCENT HOSPITAL,WORCESTER,MA,01608,WORCESTER,283.0,200-399,Proprietary,For-Profit,True,True,Northeast,200-399_teaching_for_profit,2
220177,NANTUCKET COTTAGE HOSPITAL,NANTUCKET,MA,02554,NANTUCKET,19.0,1-24,Voluntary non-profit - Private,Nonprofit,False,False,Northeast,1-24_non_teaching_nonprofit,Not Available
230002,ST JOE MERCY HOSPITAL SYSTEM LIVONIA,LIVONIA,MI,48154,WAYNE,273.0,200-399,Voluntary non-profit - Private,Nonprofit,True,True,Midwest,200-399_teaching_nonprofit,2
230003,COREWELL HEALTH ZEELAND HOSPITAL,ZEELAND,MI,49464,OTTAWA,57.0,25-99,Voluntary non-profit - Private,Nonprofit,False,True,Midwest,25-99_non_teaching_nonprofit,Not Available
230005,PROMEDICA CHARLES AND VIRGINIA HICKMAN HOSPITAL,ADRIAN,MI,49221,LENAWEE,88.0,25-99,Voluntary non-profit - Private,Nonprofit,False,False,Midwest,25-99_non_teaching_nonprofit,4
230015,THREE RIVERS HEALTH,THREE RIVERS,MI,49093,ST. JOSEPH,60.0,25-99,Government - Hospital District or Authority,Government,False,False,Midwest,25-99_non_teaching_government,3
230017,BRONSON METHODIST HOSPITAL,KALAMAZOO,MI,49007,KALAMAZOO,380.0,200-399,Voluntary non-profit - Private,Nonprofit,False,True,Midwest,200-399_non_teaching_nonprofit,4
230019,"ASCENSION PROVIDENCE HOSPITAL, SOUTHFIELD AND NOVI",SOUTHFIELD,MI,48075,OAKLAND,434.0,400-599,Voluntary non-profit - Church,Nonprofit,True,True,Midwest,400-599_teaching_nonprofit,4
230020,BEAUMONT HOSPITAL - DEARBORN,DEARBORN,MI,48124,WAYNE,623.0,600+,Voluntary non-profit - Private,Nonprofit,True,True,Midwest,600+_teaching_nonprofit,1
230021,"LAKELAND HOSPITAL, ST JOSEPH",ST JOSEPH,MI,49085,BERRIEN,313.0,200-399,Voluntary non-profit - Private,Nonprofit,False,True,Midwest,200-399_non_teaching_nonprofit,4
230022,INSIGHT HOSPITAL AND MEDICAL CENTER COLDWATER,COLDWATER,MI,49036,BRANCH,110.0,100-199,Government - Local,Government,True,False,Midwest,100-199_teaching_government,2
230024,SINAI-GRACE HOSPITAL,DETROIT,MI,48235,WAYNE,991.0,600+,Proprietary,For-Profit,True,True,Midwest,600+_teaching_for_profit,1
230029,TRINITY HEALTH OAKLAND HOSPITAL,PONTIAC,MI,48341,OAKLAND,395.0,200-399,Voluntary non-profit - Private,Nonprofit,True,True,Midwest,200-399_teaching_nonprofit,2
230030,MYMICHIGAN MEDICAL CENTER ALMA,ALMA,MI,48801,GRATIOT,142.0,100-199,Voluntary non-profit - Private,Nonprofit,False,False,Midwest,100-199_non_teaching_nonprofit,3
230031,LAKE HURON MEDICAL CENTER,PORT HURON,MI,48060,ST. CLAIR,119.0,100-199,Voluntary non-profit - Church,Nonprofit,False,True,Midwest,100-199_non_teaching_nonprofit,4
230035,SPECTRUM HEALTH UNITED HOSPITAL,GREENVILLE,MI,48838,MONTCALM,48.0,25-99,Voluntary non-profit - Other,Nonprofit,False,True,Midwest,25-99_non_teaching_nonprofit,4
230036,MYMICHIGAN MEDICAL CENTER ALPENA,ALPENA,MI,49707,ALPENA,150.0,100-199,Proprietary,For-Profit,False,False,Midwest,100-199_non_teaching_for_profit,5
230037,HILLSDALE HOSPITAL,HILLSDALE,MI,49242,HILLSDALE,86.0,25-99,Voluntary non-profit - Private,Nonprofit,True,False,Midwest,25-99_teaching_nonprofit,2
230038,SPECTRUM HEALTH,GRAND RAPIDS,MI,49503,KENT,1135.0,600+,Voluntary non-profit - Private,Nonprofit,True,True,Midwest,600+_teaching_nonprofit,5
230041,MCLAREN BAY REGION,BAY CITY,MI,48708,BAY,387.0,200-399,Voluntary non-profit - Private,Nonprofit,True,True,Midwest,200-399_teaching_nonprofit,2
230046,UNIVERSITY OF MICHIGAN HEALTH SYSTEM,ANN ARBOR,MI,48109,WASHTENAW,884.0,600+,Voluntary non-profit - Private,Nonprofit,True,True,Midwest,600+_teaching_nonprofit,4
230047,HENRY FORD MACOMB HOSPITAL,CLINTON TOWNSHIP,MI,48038,MACOMB,361.0,200-399,Voluntary non-profit - Private,Nonprofit,True,True,Midwest,200-399_teaching_nonprofit,3
230053,HENRY FORD HEALTH HOSPITAL,DETROIT,MI,48202,WAYNE,903.0,600+,Voluntary non-profit - Private,Nonprofit,True,True,Midwest,600+_teaching_nonprofit,3
230054,UPHS MARQUETTE DLP HOSPITAL,MARQUETTE,MI,49855,MARQUETTE,289.0,200-399,Government - Local,Government,True,False,Midwest,200-399_teaching_government,3
230055,DICKINSON COUNTY MEMORIAL HOSPITAL,IRON MOUNTAIN,MI,49801,DICKINSON,96.0,25-99,Government - Local,Government,False,False,Midwest,25-99_non_teaching_government,4
230058,MUNSON HEALTHCARE GRAYLING HOSPITAL,GRAYLING,MI,49738,CRAWFORD,90.0,25-99,Voluntary non-profit - Church,Nonprofit,False,False,Midwest,25-99_non_teaching_nonprofit,3
230059,MERCY HEALTH SAINT MARY'S,GRAND RAPIDS,MI,49503,KENT,230.0,200-399,Voluntary non-profit - Church,Nonprofit,True,True,Midwest,200-399_teaching_nonprofit,4
23005F,IRON MOUNTAIN MI VA MEDICAL CENTER,IRON MOUNTAIN,MI,49801,DICKINSON,251.0,200-399,Veterans Health Administration,Other,False,False,Midwest,200-399_non_teaching_other,5
230066,TRINITY HEALTH MUSKEGON HOSPITAL,MUSKEGON,MI,49441,MUSKEGON,382.0,200-399,Voluntary non-profit - Private,Nonprofit,True,True,Midwest,200-399_teaching_nonprofit,2
230069,TRINITY HEALTH LIVINGSTON HOSPITAL,HOWELL,MI,48843,LIVINGSTON,136.0,100-199,Voluntary non-profit - Other,Nonprofit,False,True,Midwest,100-199_non_teaching_nonprofit,4
230070,COVENANT MEDICAL CENTER,SAGINAW,MI,48602,SAGINAW,623.0,600+,Voluntary non-profit - Private,Nonprofit,True,True,Midwest,600+_teaching_nonprofit,2
230071,STRAITH HOSPITAL FOR SPECIAL SURGERY,SOUTHFIELD,MI,48033,OAKLAND,34.0,25-99,Voluntary non-profit - Private,Nonprofit,False,True,Midwest,25-99_non_teaching_nonprofit,Not Available
230072,HOLLAND COMMUNITY HOSPITAL,HOLLAND,MI,49423,OTTAWA,193.0,100-199,Voluntary non-profit - Private,Nonprofit,False,True,Midwest,100-199_non_teaching_nonprofit,5
230075,BRONSON BATTLE CREEK HOSPITAL,BATTLE CREEK,MI,49017,CALHOUN,204.0,200-399,Proprietary,For-Profit,False,True,Midwest,200-399_non_teaching_for_profit,4
230077,ASCENSION ST MARY'S HOSPITAL,SAGINAW,MI,48601,SAGINAW,268.0,200-399,Voluntary non-profit - Church,Nonprofit,True,True,Midwest,200-399_teaching_nonprofit,2
230078,COREWELL HEALTH WATERVLIET HOSPITAL,WATERVLIET,MI,49098,BERRIEN,62.0,25-99,Voluntary non-profit - Private,Nonprofit,False,True,Midwest,25-99_non_teaching_nonprofit,Not Available
230080,MCLAREN CENTRAL MICHIGAN,MOUNT PLEASANT,MI,48858,ISABELLA,151.0,100-199,Voluntary non-profit - Private,Nonprofit,False,False,Midwest,100-199_non_teaching_nonprofit,4
230081,MUNSON HEALTHCARE CADILLAC HOSPITAL,CADILLAC,MI,49601,WEXFORD,117.0,100-199,Voluntary non-profit - Church,Nonprofit,False,False,Midwest,100-199_non_teaching_nonprofit,4
230085,BRONSON SOUTH HAVEN HOSPITAL,SOUTH HAVEN,MI,49090,VAN BUREN,82.0,25-99,Government - Hospital District or Authority,Government,False,False,Midwest,25-99_non_teaching_government,Not Available
230089,BEAUMONT HOSPITAL - GROSSE POINTE,GROSSE POINTE,MI,48230,WAYNE,311.0,200-399,Voluntary non-profit - Private,Nonprofit,True,True,Midwest,200-399_teaching_nonprofit,4
230092,HENRY FORD ALLEGIANCE HEALTH,JACKSON,MI,49201,JACKSON,412.0,400-599,Voluntary non-profit - Other,Nonprofit,False,True,Midwest,400-599_non_teaching_nonprofit,3
230093,COREWELL HEALTH BIG RAPIDS HOSPITAL,BIG RAPIDS,MI,49307,MECOSTA,74.0,25-99,Voluntary non-profit - Private,Nonprofit,False,False,Midwest,25-99_non_teaching_nonprofit,3
230095,MYMICHIGAN MEDICAL CENTER WEST BRANCH,WEST BRANCH,MI,48661,OGEMAW,88.0,25-99,Government - Local,Government,False,False,Midwest,25-99_non_teaching_government,4
230097,MUNSON MEDICAL CENTER,TRAVERSE CITY,MI,49684,GRAND TRAVERSE,377.0,200-399,Voluntary non-profit - Other,Nonprofit,True,False,Midwest,200-399_teaching_nonprofit,4
230099,PROMEDICA MONROE REGIONAL HOSPITAL,MONROE,MI,48162,MONROE,217.0,200-399,Voluntary non-profit - Other,Nonprofit,False,True,Midwest,200-399_non_teaching_nonprofit,2
230100,TAWAS ST JOSEPH HOSPITAL,TAWAS CITY,MI,48764,IOSCO,60.0,25-99,Government - Hospital District or Authority,Government,False,False,Midwest,25-99_non_teaching_government,3
230104,HARPER UNIVERSITY HOSPITAL,DETROIT,MI,48201,WAYNE,712.0,600+,Proprietary,For-Profit,True,True,Midwest,600+_teaching_for_profit,1
230105,MCLAREN NORTHERN MICHIGAN,PETOSKEY,MI,49770,EMMET,243.0,200-399,Voluntary non-profit - Other,Nonprofit,False,False,Midwest,200-399_non_teaching_nonprofit,4
230108,UP HEALTH SYSTEM PORTAGE,HANCOCK,MI,49930,HOUGHTON,36.0,25-99,Voluntary non-profit - Other,Nonprofit,False,False,Midwest,25-99_non_teaching_nonprofit,Not Available
230110,COREWELL HEALTH LUDINGTON HOSPITAL,LUDINGTON,MI,49431,MASON,81.0,25-99,Voluntary non-profit - Private,Nonprofit,False,False,Midwest,25-99_non_teaching_nonprofit,4
230117,BORGESS MEDICAL CENTER,KALAMAZOO,MI,49048,KALAMAZOO,372.0,200-399,Voluntary non-profit - Other,Nonprofit,True,True,Midwest,200-399_teaching_nonprofit,3
23011F,VA ANN ARBOR HEALTHCARE SYSTEM,ANN ARBOR,MI,48105,WASHTENAW,466.0,400-599,Veterans Health Administration,Other,False,True,Midwest,400-599_non_teaching_other,5
230121,MEMORIAL HEALTHCARE,OWOSSO,MI,48867,SHIAWASSEE,115.0,100-199,Voluntary non-profit - Other,Nonprofit,False,True,Midwest,100-199_non_teaching_nonprofit,4
23012F,BATTLE CREEK VA MEDICAL CENTER,BATTLE CREEK,MI,49037,CALHOUN,1823.0,600+,Veterans Health Administration,Other,False,True,Midwest,600+_non_teaching_other,Not Available
230130,BEAUMONT HOSPITAL ROYAL OAK,ROYAL OAK,MI,48073,OAKLAND,1031.0,600+,Voluntary non-profit - Private,Nonprofit,True,True,Midwest,600+_teaching_nonprofit,3
230132,HURLEY MEDICAL CENTER,FLINT,MI,48503,GENESEE,383.0,200-399,Voluntary non-profit - Other,Nonprofit,True,True,Midwest,200-399_teaching_nonprofit,2
230133,MUNSON HEALTHCARE OTSEGO MEMORIAL HOSPITAL,GAYLORD,MI,49735,OTSEGO,53.0,25-99,Voluntary non-profit - Private,Nonprofit,False,False,Midwest,25-99_non_teaching_nonprofit,4
230141,MCLAREN FLINT,FLINT,MI,48532,GENESEE,368.0,200-399,Voluntary non-profit - Private,Nonprofit,True,True,Midwest,200-399_teaching_nonprofit,1
230142,COREWELL HEALTH WAYNE HOSPITAL,WAYNE,MI,48184,WAYNE,259.0,200-399,Voluntary non-profit - Private,Nonprofit,False,True,Midwest,200-399_non_teaching_nonprofit,1
230144,FOREST HEALTH MEDICAL CENTER,YPSILANTI,MI,48198,WASHTENAW,148.0,100-199,Government - Hospital District or Authority,Government,True,True,Midwest,100-199_teaching_government,Not Available
230146,WYANDOTTE HOSPITAL AND MEDICAL CENTER,WYANDOTTE,MI,48192,WAYNE,345.0,200-399,Voluntary non-profit - Private,Nonprofit,True,True,Midwest,200-399_teaching_nonprofit,2
230151,BEAUMONT HOSPITAL - FARMINGTON HILLS,FARMINGTON HILLS,MI,48336,OAKLAND,305.0,200-399,Voluntary non-profit - Private,Nonprofit,True,True,Midwest,200-399_teaching_nonprofit,2
230156,TRINITY HEALTH ANN ARBOR HOSPITAL,ANN ARBOR,MI,48106,WASHTENAW,505.0,400-599,Voluntary non-profit - Church,Nonprofit,False,True,Midwest,400-599_non_teaching_nonprofit,4
230165,HENRY FORD HEALTH ST JOHN HOSPITAL,DETROIT,MI,48236,WAYNE,625.0,600+,Voluntary non-profit - Church,Nonprofit,True,True,Midwest,600+_teaching_nonprofit,2
230167,MCLAREN GREATER LANSING,LANSING,MI,48910,INGHAM,363.0,200-399,Voluntary non-profit - Private,Nonprofit,True,True,Midwest,200-399_teaching_nonprofit,2
230174,TRINITY HEALTH GRAND HAVEN HOSPITAL,GRAND HAVEN,MI,49417,OTTAWA,81.0,25-99,Government - Hospital District or Authority,Government,False,True,Midwest,25-99_non_teaching_government,Not Available
230176,COREWELL HEALTH TRENTON HOSPITAL,TRENTON,MI,48183,WAYNE,195.0,100-199,Voluntary non-profit - Private,Nonprofit,False,True,Midwest,100-199_non_teaching_nonprofit,1
230180,MYMICHIGAN MEDICAL CENTER CLARE,CLARE,MI,48617,CLARE,64.0,25-99,Voluntary non-profit - Other,Nonprofit,False,False,Midwest,25-99_non_teaching_nonprofit,Not Available
230193,MCLAREN LAPEER REGION,LAPEER,MI,48446,LAPEER,183.0,100-199,Voluntary non-profit - Private,Nonprofit,False,True,Midwest,100-199_non_teaching_nonprofit,2
230195,Henry Ford Health Warren Hospital,WARREN,MI,48093,MACOMB,348.0,200-399,Voluntary non-profit - Private,Nonprofit,True,True,Midwest,200-399_teaching_nonprofit,2
230197,ASCENSION GENESYS HOSPITAL,GRAND BLANC,MI,48439,GENESEE,410.0,400-599,Voluntary non-profit - Church,Nonprofit,True,True,Midwest,400-599_teaching_nonprofit,2
230207,MCLAREN OAKLAND,PONTIAC,MI,48342,OAKLAND,308.0,200-399,Voluntary non-profit - Private,Nonprofit,False,True,Midwest,200-399_non_teaching_nonprofit,2
230208,UNIVERSITY OF MICHIGAN HEALTH-SPARROW CARSON,CARSON CITY,MI,48811,MONTCALM,103.0,100-199,Voluntary non-profit - Other,Nonprofit,True,True,Midwest,100-199_teaching_nonprofit,4
230216,MCLAREN PORT HURON,PORT HURON,MI,48061,WAYNE,163.0,100-199,Voluntary non-profit - Private,Nonprofit,False,True,Midwest,100-199_non_teaching_nonprofit,2
230217,OAKLAWN HOSPITAL,MARSHALL,MI,49068,CALHOUN,94.0,25-99,Voluntary non-profit - Other,Nonprofit,False,True,Midwest,25-99_non_teaching_nonprofit,4
230222,MYMICHIGAN MEDICAL CENTER MIDLAND,MIDLAND,MI,48670,MIDLAND,230.0,200-399,Voluntary non-profit - Other,Nonprofit,True,True,Midwest,200-399_teaching_nonprofit,4
230227,MCLAREN MACOMB,MOUNT CLEMENS,MI,48043,MACOMB,288.0,200-399,Voluntary non-profit - Private,Nonprofit,True,True,Midwest,200-399_teaching_nonprofit,1
230230,EDWARD W SPARROW HOSPITAL,LANSING,MI,48912,INGHAM,617.0,600+,Voluntary non-profit - Other,Nonprofit,True,True,Midwest,600+_teaching_nonprofit,3
230236,UNIVERSITY OF MICHIGAN HEALTH - WEST,WYOMING,MI,49519,KENT,208.0,200-399,Voluntary non-profit - Private,Nonprofit,True,True,Midwest,200-399_teaching_nonprofit,4
230239,CHIPPEWA COUNTY WAR MEMORIAL HOSPITAL,SAULT STE MARIE,MI,49783,CHIPPEWA,82.0,25-99,Voluntary non-profit - Private,Nonprofit,False,False,Midwest,25-99_non_teaching_nonprofit,1
230241,ASCENSION RIVER DISTRICT HOSPITAL,EAST CHINA,MI,48054,ST. CLAIR,68.0,25-99,Government - Hospital District or Authority,Government,False,True,Midwest,25-99_non_teaching_government,3
230244,GARDEN CITY HOSPITAL,GARDEN CITY,MI,48135,WAYNE,323.0,200-399,Voluntary non-profit - Private,Nonprofit,True,True,Midwest,200-399_teaching_nonprofit,2
230254,ASCENSION PROVIDENCE ROCHESTER HOSPITAL,ROCHESTER,MI,48307,OAKLAND,290.0,200-399,Voluntary non-profit - Private,Nonprofit,False,True,Midwest,200-399_non_teaching_nonprofit,2
230259,CHELSEA HOSPITAL,CHELSEA,MI,48118,WASHTENAW,83.0,25-99,Voluntary non-profit - Private,Nonprofit,False,True,Midwest,25-99_non_teaching_nonprofit,3
230264,SOUTHEAST MICHIGAN SURGICAL HOSPITAL LLC,WARREN,MI,48091,MACOMB,20.0,1-24,Voluntary non-profit - Private,Nonprofit,True,True,Midwest,1-24_teaching_nonprofit,Not Available
230269,"BEAUMONT HOSPITAL, TROY",TROY,MI,48085,OAKLAND,254.0,200-399,Voluntary non-profit - Private,Nonprofit,True,True,Midwest,200-399_teaching_nonprofit,3
230270,BEAUMONT HOSPITAL - TAYLOR,TAYLOR,MI,48180,WAYNE,163.0,100-199,Voluntary non-profit - Private,Nonprofit,False,True,Midwest,100-199_non_teaching_nonprofit,1
230273,DETROIT RECEIVING HOSPITAL,DETROIT,MI,48201,WAYNE,320.0,200-399,Proprietary,For-Profit,True,True,Midwest,200-399_teaching_for_profit,1
230275,HEALTHSOURCE SAGINAW,SAGINAW,MI,48603,SAGINAW,278.0,200-399,Voluntary non-profit - Other,Nonprofit,True,True,Midwest,200-399_teaching_nonprofit,Not Available
230277,HURON VALLEY-SINAI HOSPITAL,COMMERCE TOWNSHIP,MI,48382,OAKLAND,153.0,100-199,Proprietary,For-Profit,True,True,Midwest,100-199_teaching_for_profit,2
230279,HENRY FORD HEALTH BRIGHTON CENTER FOR RECOVERY,BRIGHTON,MI,48116,LIVINGSTON,63.0,25-99,Voluntary non-profit - Private,Nonprofit,False,True,Midwest,25-99_non_teaching_nonprofit,Not Available
230297,KARMANOS CANCER CENTER,DETROIT,MI,48201,WAYNE,123.0,100-199,Proprietary,For-Profit,True,True,Midwest,100-199_teaching_for_profit,3
230301,SURGEONS CHOICE MEDICAL CENTER,SOUTHFIELD,MI,48075,OAKLAND,45.0,25-99,Proprietary,For-Profit,True,True,Midwest,25-99_teaching_for_profit,Not Available
230302,HENRY FORD HEALTH WEST BLOOMFIELD HOSPITAL,W BLOOMFIELD,MI,48322,OAKLAND,191.0,100-199,Voluntary non-profit - Private,Nonprofit,True,True,Midwest,100-199_teaching_nonprofit,3
230303,MUNSON HEALTHCARE MANISTEE HOSPITAL,MANISTEE,MI,49660,MANISTEE,25.0,25-99,Voluntary non-profit - Other,Nonprofit,False,False,Midwest,25-99_non_teaching_nonprofit,4
23037F,DETROIT (JOHN D. DINGELL) VA MEDICAL CENTER,DETROIT,MI,48201,WAYNE,218.0,200-399,Veterans Health Administration,Other,False,True,Midwest,200-399_non_teaching_other,5
240001,NORTH MEMORIAL HEALTH HOSPITAL,ROBBINSDALE,MN,55422,HENNEPIN,518.0,400-599,Voluntary non-profit - Private,Nonprofit,True,True,Midwest,400-599_teaching_nonprofit,2
240002,ESSENTIA HEALTH ST MARY'S MEDICAL CENTER,DULUTH,MN,55805,ST. LOUIS,380.0,200-399,Voluntary non-profit - Private,Nonprofit,True,True,Midwest,200-399_teaching_nonprofit,4
240004,HENNEPIN COUNTY MEDICAL CENTER,MINNEAPOLIS,MN,55415,HENNEPIN,894.0,600+,Government - Local,Government,True,True,Midwest,600+_teaching_government,3
240006,OLMSTED MEDICAL CENTER,ROCHESTER,MN,55904,OLMSTED,61.0,25-99,Voluntary non-profit - Private,Nonprofit,False,True,Midwest,25-99_non_teaching_nonprofit,4
240010,MAYO CLINIC HOSPITAL ROCHESTER,ROCHESTER,MN,55902,OLMSTED,2059.0,600+,Voluntary non-profit - Church,Nonprofit,True,True,Midwest,600+_teaching_nonprofit,5
240014,NORTHFIELD HOSPITAL,NORTHFIELD,MN,55057,RICE,37.0,25-99,Government - Local,Government,False,True,Midwest,25-99_non_teaching_government,Not Available
240018,MAYO CLINIC HEALTH SYSTEM IN RED WING,RED WING,MN,55066,GOODHUE,50.0,25-99,Voluntary non-profit - Private,Nonprofit,False,False,Midwest,25-99_non_teaching_nonprofit,4
240019,ESSENTIA HEALTH DULUTH,DULUTH,MN,55805,ST. LOUIS,165.0,100-199,Voluntary non-profit - Private,Nonprofit,True,True,Midwest,100-199_teaching_nonprofit,4
240020,CAMBRIDGE MEDICAL CENTER,CAMBRIDGE,MN,55008,ISANTI,86.0,25-99,Voluntary non-profit - Private,Nonprofit,False,True,Midwest,25-99_non_teaching_nonprofit,3
240022,SANFORD WORTHINGTON MEDICAL CENTER,WORTHINGTON,MN,56187,NOBLES,55.0,25-99,Voluntary non-profit - Private,Nonprofit,False,False,Midwest,25-99_non_teaching_nonprofit,3
24002F,ST CLOUD VA MEDICAL CENTER,ST. CLOUD,MN,56303,STEARNS,1200.0,600+,Veterans Health Administration,Other,False,True,Midwest,600+_non_teaching_other,Not Available
240030,ALOMERE HEALTH,ALEXANDRIA,MN,56308,DOUGLAS,127.0,100-199,Government - Local,Government,False,False,Midwest,100-199_non_teaching_government,4
240036,ST CLOUD HOSPITAL,SAINT CLOUD,MN,56303,STEARNS,489.0,400-599,Voluntary non-profit - Private,Nonprofit,True,True,Midwest,400-599_teaching_nonprofit,4
240038,ALLINA UNITED HOSPITAL,SAINT PAUL,MN,55102,RAMSEY,603.0,600+,Voluntary non-profit - Private,Nonprofit,True,True,Midwest,600+_teaching_nonprofit,3
24003F,MINNEAPOLIS VA MEDICAL CENTER,MINNEAPOLIS,MN,55417,HENNEPIN,361.0,200-399,Veterans Health Administration,Other,False,True,Midwest,200-399_non_teaching_other,5
240040,RANGE REGIONAL HEALTH SERVICES,HIBBING,MN,55746,ST. LOUIS,175.0,100-199,Voluntary non-profit - Other,Nonprofit,False,True,Midwest,100-199_non_teaching_nonprofit,Not Available
240043,MAYO CLINIC HEALTH SYSTEM - ALBERT LEA AND AUSTIN,ALBERT LEA,MN,56007,FREEBORN,181.0,100-199,Voluntary non-profit - Private,Nonprofit,False,False,Midwest,100-199_non_teaching_nonprofit,5
240044,WINONA HEALTH SERVICES,WINONA,MN,55987,WINONA,57.0,25-99,Voluntary non-profit - Private,Nonprofit,False,False,Midwest,25-99_non_teaching_nonprofit,2
240047,ST LUKES HOSPITAL,DULUTH,MN,55805,ST. LOUIS,267.0,200-399,Voluntary non-profit - Private,Nonprofit,True,True,Midwest,200-399_teaching_nonprofit,3
240050,FAIRVIEW LAKES HEALTH SERVICES,WYOMING,MN,55092,CHISAGO,61.0,25-99,Voluntary non-profit - Private,Nonprofit,False,True,Midwest,25-99_non_teaching_nonprofit,3
240052,LAKE REGION HEALTHCARE CORPORATION,FERGUS FALLS,MN,56537,OTTER TAIL,100.0,100-199,Voluntary non-profit - Private,Nonprofit,False,False,Midwest,100-199_non_teaching_nonprofit,5
240053,PARK NICOLLET METHODIST HOSPITAL,SAINT LOUIS PARK,MN,55426,HENNEPIN,426.0,400-599,Voluntary non-profit - Private,Nonprofit,False,True,Midwest,400-599_non_teaching_nonprofit,3
240056,RIDGEVIEW MEDICAL CENTER,WACONIA,MN,55387,CARVER,109.0,100-199,Voluntary non-profit - Private,Nonprofit,False,True,Midwest,100-199_non_teaching_nonprofit,5
240057,ABBOTT NORTHWESTERN HOSPITAL,MINNEAPOLIS,MN,55407,HENNEPIN,996.0,600+,Voluntary non-profit - Private,Nonprofit,False,True,Midwest,600+_non_teaching_nonprofit,4
240064,GRAND ITASCA CLINIC AND HOSPITAL,GRAND RAPIDS,MN,55744,ITASCA,64.0,25-99,Voluntary non-profit - Private,Nonprofit,False,False,Midwest,25-99_non_teaching_nonprofit,4
240066,LAKEVIEW MEMORIAL HOSPITAL,STILLWATER,MN,55082,WASHINGTON,97.0,25-99,Voluntary non-profit - Other,Nonprofit,True,True,Midwest,25-99_teaching_nonprofit,4
240069,OWATONNA HOSPITAL,OWATONNA,MN,55060,STEELE,77.0,25-99,Voluntary non-profit - Other,Nonprofit,False,False,Midwest,25-99_non_teaching_nonprofit,3
240071,ALLINA HEALTH FARIBAULT MEDICAL CENTER,FARIBAULT,MN,55021,RICE,99.0,25-99,Voluntary non-profit - Private,Nonprofit,False,False,Midwest,25-99_non_teaching_nonprofit,Not Available
240075,ESSENTIA HEALTH ST JOSEPH'S MEDICAL CENTER,BRAINERD,MN,56401,CROW WING,162.0,100-199,Voluntary non-profit - Private,Nonprofit,False,False,Midwest,100-199_non_teaching_nonprofit,5
240076,BUFFALO HOSPITAL,BUFFALO,MN,55313,WRIGHT,65.0,25-99,Voluntary non-profit - Other,Nonprofit,False,True,Midwest,25-99_non_teaching_nonprofit,5
240078,M HEALTH FAIRVIEW SOUTHDALE HOSPITAL,EDINA,MN,55435,HENNEPIN,390.0,200-399,Voluntary non-profit - Private,Nonprofit,True,True,Midwest,200-399_teaching_nonprofit,4
240080,M HEALTH FAIRVIEW UNIVERSITY OF MN MEDICAL CENTER,MINNEAPOLIS,MN,55454,HENNEPIN,1700.0,600+,Voluntary non-profit - Private,Nonprofit,True,True,Midwest,600+_teaching_nonprofit,3
240084,ESSENTIA HEALTH VIRGINIA,VIRGINIA,MN,55792,ST. LOUIS,83.0,25-99,Government - Local,Government,False,True,Midwest,25-99_non_teaching_government,3
240088,CENTRACARE- RICE MEMORIAL HOSPITAL,WILLMAR,MN,56201,KANDIYOHI,136.0,100-199,Government - Local,Government,True,False,Midwest,100-199_teaching_government,2
240093,MAYO CLINIC HEALTH SYSTEM - MANKATO,MANKATO,MN,56002,BLUE EARTH,272.0,200-399,Voluntary non-profit - Private,Nonprofit,False,True,Midwest,200-399_non_teaching_nonprofit,5
240100,SANFORD BEMIDJI MEDICAL CENTER,BEMIDJI,MN,56601,BELTRAMI,118.0,100-199,Voluntary non-profit - Private,Nonprofit,False,False,Midwest,100-199_non_teaching_nonprofit,4
240101,ESSENTIA HEALTH ST MARYS - DETROIT LAKES,DETROIT LAKES,MN,56501,BECKER,87.0,25-99,Voluntary non-profit - Church,Nonprofit,False,False,Midwest,25-99_non_teaching_nonprofit,4
240104,ST FRANCIS REGIONAL MEDICAL CENTER,SHAKOPEE,MN,55379,SCOTT,93.0,25-99,Voluntary non-profit - Church,Nonprofit,False,True,Midwest,25-99_non_teaching_nonprofit,4
240106,REGIONS HOSPITAL,SAINT PAUL,MN,55101,RAMSEY,554.0,400-599,Voluntary non-profit - Private,Nonprofit,True,True,Midwest,400-599_teaching_nonprofit,4
240115,MERCY HOSPITAL,COON RAPIDS,MN,55433,ANOKA,573.0,400-599,Voluntary non-profit - Private,Nonprofit,False,True,Midwest,400-599_non_teaching_nonprofit,3
240141,FAIRVIEW NORTHLAND REGIONAL HOSPITAL,PRINCETON,MN,55371,MILLE LACS,54.0,25-99,Voluntary non-profit - Other,Nonprofit,False,True,Midwest,25-99_non_teaching_nonprofit,Not Available
240166,MAYO CLINIC HEALTH SYSTEM - FAIRMONT,FAIRMONT,MN,56031,MARTIN,57.0,25-99,Voluntary non-profit - Private,Nonprofit,False,False,Midwest,25-99_non_teaching_nonprofit,4
240187,HUTCHINSON HEALTH,HUTCHINSON,MN,55350,MC LEOD,66.0,25-99,Voluntary non-profit - Private,Nonprofit,False,False,Midwest,25-99_non_teaching_nonprofit,Not Available
240206,RED LAKE HOSPITAL,REDLAKE,MN,56671,BELTRAMI,23.0,1-24,Government - Federal,Government,False,False,Midwest,1-24_non_teaching_government,Not Available
240207,M HEALTH FAIRVIEW RIDGES HOSPITAL,BURNSVILLE,MN,55337,DAKOTA,150.0,100-199,Voluntary non-profit - Church,Nonprofit,False,True,Midwest,100-199_non_teaching_nonprofit,4
240210,M HEALTH FAIRVIEW ST JOHN'S HOSPITAL,MAPLEWOOD,MN,55109,RAMSEY,184.0,100-199,Voluntary non-profit - Private,Nonprofit,True,True,Midwest,100-199_teaching_nonprofit,4
240213,M HEALTH FAIRVIEW WOODWINDS HOSPITAL,WOODBURY,MN,55125,WASHINGTON,86.0,25-99,Voluntary non-profit - Private,Nonprofit,False,True,Midwest,25-99_non_teaching_nonprofit,5
240214,MAPLE GROVE HOSPITAL,MAPLE GROVE,MN,55369,HENNEPIN,90.0,25-99,Voluntary non-profit - Private,Nonprofit,False,True,Midwest,25-99_non_teaching_nonprofit,4
250001,UNIVERSITY OF MISSISSIPPI MED CENTER,JACKSON,MS,39216,HINDS,710.0,600+,Government - State,Government,True,True,South,600+_teaching_government,2
250002,TISHOMINGO HEALTH SERVICES INC,IUKA,MS,38852,TISHOMINGO,48.0,25-99,Voluntary non-profit - Private,Nonprofit,False,False,South,25-99_non_teaching_nonprofit,5
250004,NORTH MISSISSIPPI MEDICAL CENTER,TUPELO,MS,38801,LEE,650.0,600+,Voluntary non-profit - Private,Nonprofit,True,False,South,600+_teaching_nonprofit,2
250006,BAPTIST MEMORIAL HOSPITAL UNION COUNTY,NEW ALBANY,MS,38652,UNION,153.0,100-199,Voluntary non-profit - Other,Nonprofit,False,False,South,100-199_non_teaching_nonprofit,3
250007,Memorial Hospital Biloxi,BILOXI,MS,39530,HARRISON,153.0,100-199,Proprietary,For-Profit,False,True,South,100-199_non_teaching_for_profit,1
250009,MAGNOLIA REGIONAL HEALTH CENTER,CORINTH,MS,38834,ALCORN,164.0,100-199,Voluntary non-profit - Other,Nonprofit,True,False,South,100-199_teaching_nonprofit,3
250017,PROGRESSIVE HEALTH GROUP OF HOUSTON,HOUSTON,MS,38851,CHICKASAW,39.0,25-99,Proprietary,For-Profit,False,False,South,25-99_non_teaching_for_profit,Not Available
250018,JASPER GENERAL HOSPITAL,BAY SPRINGS,MS,39422,JASPER,20.0,1-24,Government - Local,Government,False,False,South,1-24_non_teaching_government,Not Available
250019,MEMORIAL HOSPITAL AT GULFPORT,GULFPORT,MS,39502,HARRISON,445.0,400-599,Government - Local,Government,False,True,South,400-599_non_teaching_government,3
250020,WEBSTER GENERAL HOSPITAL/ SWING BED,EUPORA,MS,39744,WEBSTER,43.0,25-99,Voluntary non-profit - Other,Nonprofit,False,False,South,25-99_non_teaching_nonprofit,3
250025,NORTH MISSISSIPPI MEDICAL CENTER-GILMORE AMORY,AMORY,MS,38821,MONROE,95.0,25-99,Proprietary,For-Profit,False,False,South,25-99_non_teaching_for_profit,4
250027,WINSTON MEDICAL CENTER,LOUISVILLE,MS,39339,WINSTON,41.0,25-99,Voluntary non-profit - Private,Nonprofit,False,False,South,25-99_non_teaching_nonprofit,Not Available
250031,MERIT HEALTH RIVER REGION,VICKSBURG,MS,39183,WARREN,354.0,200-399,Proprietary,For-Profit,False,False,South,200-399_non_teaching_for_profit,2
250034,BAPTIST MEMORIAL HOSPITAL NORTH MS,OXFORD,MS,38655,LAFAYETTE,217.0,200-399,Voluntary non-profit - Private,Nonprofit,False,False,South,200-399_non_teaching_nonprofit,3
250036,GEORGE REGIONAL HEALTH SYSTEM,LUCEDALE,MS,39452,GEORGE,48.0,25-99,Government - Local,Government,False,False,South,25-99_non_teaching_government,Not Available
250038,MERIT HEALTH MADISON,CANTON,MS,39046,MADISON,67.0,25-99,Proprietary,For-Profit,True,True,South,25-99_teaching_for_profit,3
250040,SINGING RIVER HEALTH SYSTEM,PASCAGOULA,MS,39581,JACKSON,551.0,400-599,Government - Local,Government,False,True,South,400-599_non_teaching_government,2
250042,NORTHWEST MISSISSISSIPPI REGIONAL MEDICAL CENTER,CLARKSDALE,MS,38614,COAHOMA,195.0,100-199,Proprietary,For-Profit,False,False,South,100-199_non_teaching_for_profit,Not Available
250043,NESHOBA COUNTY GENERAL HOSPITAL,PHILADELPHIA,MS,39350,NESHOBA,82.0,25-99,Government - Local,Government,False,False,South,25-99_non_teaching_government,4
250044,BAPTIST MEMORIAL HOSPITAL BOONEVILLE,BOONEVILLE,MS,38829,PRENTISS,114.0,100-199,Voluntary non-profit - Church,Nonprofit,False,False,South,100-199_non_teaching_nonprofit,4
250048,ST DOMINIC-JACKSON MEMORIAL HOSPITAL,JACKSON,MS,39216,HINDS,571.0,400-599,Voluntary non-profit - Church,Nonprofit,False,True,South,400-599_non_teaching_nonprofit,1
250049,BEACHAM MEMORIAL HOSPITAL,MAGNOLIA,MS,39652,PIKE,31.0,25-99,Proprietary,For-Profit,False,False,South,25-99_non_teaching_for_profit,Not Available
250050,OCH REGIONAL MEDICAL CENTER,STARKVILLE,MS,39759,OKTIBBEHA,96.0,25-99,Government - Local,Government,False,False,South,25-99_non_teaching_government,2
250057,KING'S DAUGHTERS MEDICAL CENTER-BROOKHAVEN,BROOKHAVEN,MS,39601,LINCOLN,122.0,100-199,Voluntary non-profit - Other,Nonprofit,False,False,South,100-199_non_teaching_nonprofit,3
250058,SOUTH CENTRAL REG MED CTR,LAUREL,MS,39440,JONES,285.0,200-399,Government - Local,Government,False,False,South,200-399_non_teaching_government,1
250061,YALOBUSHA GENERAL HOSPITAL,WATER VALLEY,MS,38965,YALOBUSHA,32.0,25-99,Government - Local,Government,False,False,South,25-99_non_teaching_government,4
250067,CLAY COUNTY MEDICAL CORPORATION,WEST POINT,MS,39773,CLAY,60.0,25-99,Voluntary non-profit - Private,Nonprofit,True,False,South,25-99_teaching_nonprofit,Not Available
250069,OCHSNER RUSH HOSPITAL,MERIDIAN,MS,39301,LAUDERDALE,215.0,200-399,Voluntary non-profit - Private,Nonprofit,True,False,South,200-399_teaching_nonprofit,3
250072,MERIT HEALTH CENTRAL,JACKSON,MS,39204,HINDS,473.0,400-599,Proprietary,For-Profit,True,True,South,400-599_teaching_for_profit,1
250077,WAYNE GENERAL HOSPITAL,WAYNESBORO,MS,39367,WAYNE,80.0,25-99,Government - Local,Government,False,False,South,25-99_non_teaching_government,2
250078,FORREST GENERAL HOSPITAL,HATTIESBURG,MS,39401,FORREST,537.0,400-599,Government - Local,Government,False,True,South,400-599_non_teaching_government,2
250081,ANDERSON REGIONAL MEDICAL CENTER SOUTH CAMPUS,MERIDIAN,MS,39301,LAUDERDALE,140.0,100-199,Proprietary,For-Profit,False,False,South,100-199_non_teaching_for_profit,Not Available
250082,DELTA HEALTH SYSTEM - THE MEDICAL CENTER,GREENVILLE,MS,38701,WASHINGTON,268.0,200-399,Government - Local,Government,False,False,South,200-399_non_teaching_government,1
250084,MERIT HEALTH NATCHEZ,NATCHEZ,MS,39120,ADAMS,179.0,100-199,Proprietary,For-Profit,False,False,South,100-199_non_teaching_for_profit,2
250085,MARION GENERAL HOSPITAL,COLUMBIA,MS,39429,MARION,79.0,25-99,Government - Local,Government,False,False,South,25-99_non_teaching_government,Not Available
250093,BOLIVAR MEDICAL CENTER,CLEVELAND,MS,38732,BOLIVAR,165.0,100-199,Proprietary,For-Profit,True,False,South,100-199_teaching_for_profit,1
250094,MERIT HEALTH WESLEY,HATTIESBURG,MS,39402,LAMAR,211.0,200-399,Voluntary non-profit - Private,Nonprofit,False,True,South,200-399_non_teaching_nonprofit,2
250095,SOUTH SUNFLOWER COUNTY HOSPITAL,INDIANOLA,MS,38751,SUNFLOWER,69.0,25-99,Government - Local,Government,False,False,South,25-99_non_teaching_government,Not Available
250096,CROSSGATES RIVER OAKS HOSPITAL,BRANDON,MS,39042,RANKIN,134.0,100-199,Proprietary,For-Profit,False,True,South,100-199_non_teaching_for_profit,1
250097,SOUTHWEST MS REGIONAL MEDICAL CENTER,MCCOMB,MS,39649,PIKE,160.0,100-199,Government - Local,Government,False,False,South,100-199_non_teaching_government,1
250099,GREENWOOD LEFLORE HOSPITAL,GREENWOOD,MS,38930,LEFLORE,260.0,200-399,Government - Local,Government,False,False,South,200-399_non_teaching_government,1
250100,BMH-GOLDEN TRIANGLE,COLUMBUS,MS,39705,LOWNDES,328.0,200-399,Voluntary non-profit - Private,Nonprofit,False,False,South,200-399_non_teaching_nonprofit,3
250102,MISSISSIPPI BAPTIST MEDICAL CENTER,JACKSON,MS,39202,HINDS,639.0,600+,Voluntary non-profit - Private,Nonprofit,False,True,South,600+_non_teaching_nonprofit,2
250104,ANDERSON REGIONAL MEDICAL CENTER,MERIDIAN,MS,39301,LAUDERDALE,260.0,200-399,Voluntary non-profit - Private,Nonprofit,False,False,South,200-399_non_teaching_nonprofit,2
250117,HIGHLAND COMMUNITY  HOSPITAL,PICAYUNE,MS,39466,PEARL RIVER,60.0,25-99,Government - Local,Government,False,False,South,25-99_non_teaching_government,1
250123,SINGING RIVER GULFPORT,GULFPORT,MS,39503,HARRISON,130.0,100-199,Proprietary,For-Profit,False,True,South,100-199_non_teaching_for_profit,2
250124,MAGEE GENERAL HOSPITAL,MAGEE,MS,39111,SIMPSON,64.0,25-99,Voluntary non-profit - Private,Nonprofit,False,True,South,25-99_non_teaching_nonprofit,2
250127,CHOCTAW HEALTH CENTER,PHILADELPHIA,MS,39350,NESHOBA,40.0,25-99,Government - Federal,Government,True,False,South,25-99_teaching_government,Not Available
250134,WHITFIELD MEDICAL SURGICAL HOSPITAL,WHITFIELD,MS,39193,RANKIN,43.0,25-99,Government - State,Government,False,True,South,25-99_non_teaching_government,Not Available
250136,MERIT HEALTH WOMEN'S HOSPITAL,FLOWOOD,MS,39232,RANKIN,109.0,100-199,Proprietary,For-Profit,False,True,South,100-199_non_teaching_for_profit,Not Available
250138,MERIT HEALTH RIVER OAKS,FLOWOOD,MS,39232,RANKIN,106.0,100-199,Proprietary,For-Profit,False,True,South,100-199_non_teaching_for_profit,1
250141,BAPTIST MEMORIAL HOSPITAL DESOTO,SOUTHAVEN,MS,38671,DE SOTO,161.0,100-199,Proprietary,For-Profit,False,True,South,100-199_non_teaching_for_profit,2
250151,ALLIANCE HEALTH CENTER,MERIDIAN,MS,39301,LAUDERDALE,134.0,100-199,Proprietary,For-Profit,True,False,South,100-199_teaching_for_profit,Not Available
250152,MISSISSIPPI METHODIST REHAB CTR,JACKSON,MS,39216,HINDS,124.0,100-199,Voluntary non-profit - Private,Nonprofit,False,True,South,100-199_non_teaching_nonprofit,Not Available
250162,OCHSNER MEDICAL CENTER-HANCOCK,BAY SAINT LOUIS,MS,39520,HANCOCK,104.0,100-199,Government - Local,Government,False,True,South,100-199_non_teaching_government,Not Available
250167,METHODIST HEALTHCARE - OLIVE BRANCH HOSPITAL,OLIVE BRANCH,MS,38654,DE SOTO,60.0,25-99,Voluntary non-profit - Private,Nonprofit,False,True,South,25-99_non_teaching_nonprofit,5
250168,UNIVERSITY OF MISSISSIPPI MEDICAL CENTER- GRENADA,GRENADA,MS,38901,GRENADA,156.0,100-199,Government - State,Government,False,False,South,100-199_non_teaching_government,2
250172,HIGHLAND HILLS MEDICAL CENTER,SENATOBIA,MS,38668,TATE,49.0,25-99,Voluntary non-profit - Private,Nonprofit,False,True,South,25-99_non_teaching_nonprofit,Not Available
250174,"ALLIANCE HEALTHCARE SYSTEM, INC",HOLLY SPRINGS,MS,38635,MARSHALL,10.0,1-24,Proprietary,For-Profit,False,True,South,1-24_non_teaching_for_profit,Not Available
25039F,81st Medical Group (Keesler AFB),Biloxi,MS,39534,HARRISON,342.0,200-399,Department of Defense,Other,False,True,South,200-399_non_teaching_other,Not Available
25042F,VA GULF COAST HEALTHCARE SYSTEM,BILOXI,MS,39531,HARRISON,887.0,600+,Veterans Health Administration,Other,False,True,South,600+_non_teaching_other,5
25043F,G. V. (SONNY) MONTGOMERY VA MEDICAL CENTER (JACKSON),JACKSON,MS,39216,HINDS,498.0,400-599,Veterans Health Administration,Other,False,True,South,400-599_non_teaching_other,4
260001,MERCY HOSPITAL JOPLIN,JOPLIN,MO,64804,JASPER,367.0,200-399,Voluntary non-profit - Church,Nonprofit,False,True,Midwest,200-399_non_teaching_nonprofit,1
260005,SSM ST JOSEPH HEALTH CENTER,SAINT CHARLES,MO,63301,ST. CHARLES,362.0,200-399,Voluntary non-profit - Private,Nonprofit,False,True,Midwest,200-399_non_teaching_nonprofit,2
260006,MOSAIC LIFE CARE AT ST JOSEPH,SAINT JOSEPH,MO,64506,BUCHANAN,353.0,200-399,Voluntary non-profit - Private,Nonprofit,False,True,Midwest,200-399_non_teaching_nonprofit,4
260009,BOTHWELL REGIONAL HEALTH CENTER,SEDALIA,MO,65301,PETTIS,185.0,100-199,Government - Local,Government,False,False,Midwest,100-199_non_teaching_government,3
260011,SSM HEALTH ST. MARY'S HOSPITAL - JEFFERSON CITY,JEFFERSON CITY,MO,65109,COLE,154.0,100-199,Proprietary,For-Profit,False,True,Midwest,100-199_non_teaching_for_profit,3
260017,PHELPS COUNTY REGIONAL MEDICAL CENTER,ROLLA,MO,65401,PHELPS,240.0,200-399,Government - Local,Government,False,False,Midwest,200-399_non_teaching_government,2
260020,MERCY HOSPITAL ST LOUIS,SAINT LOUIS,MO,63141,ST. LOUIS,859.0,600+,Voluntary non-profit - Private,Nonprofit,True,True,Midwest,600+_teaching_nonprofit,3
260022,NORTHEAST REGIONAL MEDICAL CENTER,KIRKSVILLE,MO,63501,ADAIR,194.0,100-199,Proprietary,For-Profit,True,False,Midwest,100-199_teaching_for_profit,3
260023,MERCY HOSPITAL JEFFERSON,CRYSTAL CITY,MO,63019,JEFFERSON,240.0,200-399,Voluntary non-profit - Private,Nonprofit,False,True,Midwest,200-399_non_teaching_nonprofit,3
260024,TEXAS COUNTY MEMORIAL HOSPITAL,HOUSTON,MO,65483,TEXAS,66.0,25-99,Government - Local,Government,False,False,Midwest,25-99_non_teaching_government,2
260025,HANNIBAL REGIONAL HOSPITAL,HANNIBAL,MO,63401,MARION,99.0,25-99,Voluntary non-profit - Other,Nonprofit,False,False,Midwest,25-99_non_teaching_nonprofit,2
260027,RESEARCH MEDICAL CENTER,KANSAS CITY,MO,64132,JACKSON,545.0,400-599,Proprietary,For-Profit,True,True,Midwest,400-599_teaching_for_profit,2
26002F,General Leonard Wood ACH (FT Leonard Wood),Fort Leonard Wood,MO,65473,PULASKI,300.0,200-399,Department of Defense,Other,False,False,Midwest,200-399_non_teaching_other,Not Available
260032,BARNES JEWISH HOSPITAL,SAINT LOUIS,MO,63110,ST. LOUIS CITY,1737.0,600+,Voluntary non-profit - Other,Nonprofit,True,True,Midwest,600+_teaching_nonprofit,4
260034,BATES COUNTY MEMORIAL HOSPITAL,BUTLER,MO,64730,BATES,60.0,25-99,Government - Local,Government,False,True,Midwest,25-99_non_teaching_government,Not Available
260040,COX MEDICAL CENTERS,SPRINGFIELD,MO,65807,GREENE,867.0,600+,Voluntary non-profit - Private,Nonprofit,True,True,Midwest,600+_teaching_nonprofit,3
260048,TRUMAN MEDICAL CENTER HOSPITAL HILL,KANSAS CITY,MO,64108,JACKSON,283.0,200-399,Voluntary non-profit - Private,Nonprofit,True,True,Midwest,200-399_teaching_nonprofit,3
26004F,KANSAS CITY VA MEDICAL CENTER,KANSAS CITY,MO,64128,JACKSON,501.0,400-599,Veterans Health Administration,Other,False,True,Midwest,400-599_non_teaching_other,5
260052,MERCY HOSPITAL WASHINGTON,WASHINGTON,MO,63090,FRANKLIN,185.0,100-199,Voluntary non-profit - Private,Nonprofit,True,True,Midwest,100-199_teaching_nonprofit,3
260057,CAMERON REGIONAL MEDICAL CENTER,CAMERON,MO,64429,CLINTON,60.0,25-99,Voluntary non-profit - Private,Nonprofit,True,True,Midwest,25-99_teaching_nonprofit,3
260059,MERCY HOSPITAL LEBANON,LEBANON,MO,65536,LACLEDE,48.0,25-99,Voluntary non-profit - Church,Nonprofit,False,False,Midwest,25-99_non_teaching_nonprofit,Not Available
260061,NEVADA REGIONAL MEDICAL CENTER,NEVADA,MO,64772,VERNON,71.0,25-99,Government - Local,Government,False,False,Midwest,25-99_non_teaching_government,Not Available
260062,SAINT LUKES NORTH HOSPITAL,KANSAS CITY,MO,64154,PLATTE,147.0,100-199,Voluntary non-profit - Private,Nonprofit,True,True,Midwest,100-199_teaching_nonprofit,5
260065,MERCY HOSPITAL SPRINGFIELD,SPRINGFIELD,MO,65804,GREENE,866.0,600+,Voluntary non-profit - Private,Nonprofit,False,True,Midwest,600+_non_teaching_nonprofit,2
260068,BOONE HOSPITAL CENTER,COLUMBIA,MO,65201,BOONE,394.0,200-399,Voluntary non-profit - Other,Nonprofit,False,True,Midwest,200-399_non_teaching_nonprofit,4
260070,PEMISCOT COUNTY MEMORIAL HOSPITAL,HAYTI,MO,63851,PEMISCOT,167.0,100-199,Voluntary non-profit - Other,Nonprofit,False,False,Midwest,100-199_non_teaching_nonprofit,Not Available
260074,MOBERLY REGIONAL MEDICAL CENTER,MOBERLY,MO,65270,RANDOLPH,101.0,100-199,Proprietary,For-Profit,False,False,Midwest,100-199_non_teaching_for_profit,2
260077,MERCY HOSPITAL SOUTH,SAINT LOUIS,MO,63128,ST. LOUIS,767.0,600+,Voluntary non-profit - Private,Nonprofit,False,True,Midwest,600+_non_teaching_nonprofit,3
260078,OZARKS HEALTHCARE,WEST PLAINS,MO,65775,HOWELL,120.0,100-199,Voluntary non-profit - Private,Nonprofit,False,False,Midwest,100-199_non_teaching_nonprofit,2
26007F,POPLAR BLUFF VA MEDICAL CENTER,POPLAR BLUFF,MO,63901,BUTLER,179.0,100-199,Veterans Health Administration,Other,False,False,Midwest,100-199_non_teaching_other,Not Available
260081,SSM ST CLARE HEALTH CENTER,FENTON,MO,63026,JEFFERSON,180.0,100-199,Voluntary non-profit - Private,Nonprofit,False,True,Midwest,100-199_non_teaching_nonprofit,3
260085,ST JOSEPH MEDICAL CENTER,KANSAS CITY,MO,64114,JACKSON,300.0,200-399,Proprietary,For-Profit,False,True,Midwest,200-399_non_teaching_for_profit,3
260091,SSM HEALTH ST MARY'S HOSPITAL - ST LOUIS,SAINT LOUIS,MO,63117,ST. LOUIS,690.0,600+,Voluntary non-profit - Private,Nonprofit,True,True,Midwest,600+_teaching_nonprofit,2
260094,COX MEDICAL CENTER BRANSON,BRANSON,MO,65615,TANEY,157.0,100-199,Voluntary non-profit - Private,Nonprofit,False,False,Midwest,100-199_non_teaching_nonprofit,4
260095,CENTERPOINT MEDICAL CENTER,INDEPENDENCE,MO,64057,JACKSON,366.0,200-399,Proprietary,For-Profit,False,True,Midwest,200-399_non_teaching_for_profit,3
260096,NORTH KANSAS CITY HOSPITAL,NORTH KANSAS CITY,MO,64116,CLAY,451.0,400-599,Government - Local,Government,True,True,Midwest,400-599_teaching_government,4
260097,WESTERN MISSOURI MEDICAL CENTER,WARRENSBURG,MO,64093,JOHNSON,104.0,100-199,Government - Local,Government,False,False,Midwest,100-199_non_teaching_government,3
26009F,ST LOUIS-JOHN COCHRAN VA MEDICAL CENTER,ST. LOUIS,MO,63106,ST. LOUIS,509.0,400-599,Veterans Health Administration,Other,False,True,Midwest,400-599_non_teaching_other,5
260102,UNIVERSITY HEALTH LAKEWOOD MEDICAL CENTER,KANSAS CITY,MO,64139,JACKSON,304.0,200-399,Voluntary non-profit - Private,Nonprofit,True,True,Midwest,200-399_teaching_nonprofit,2
260104,SSM HEALTH DEPAUL HOSPITAL ST LOUIS,BRIDGETON,MO,63044,ST. LOUIS,538.0,400-599,Voluntary non-profit - Church,Nonprofit,True,True,Midwest,400-599_teaching_nonprofit,3
260105,SSM HEALTH SAINT LOUIS UNIVERSITY HOSPITAL,SAINT LOUIS,MO,63104,ST. LOUIS CITY,438.0,400-599,Voluntary non-profit - Church,Nonprofit,True,True,Midwest,400-599_teaching_nonprofit,1
260108,MISSOURI BAPTIST MEDICAL CENTER,SAINT LOUIS,MO,63131,ST. LOUIS,494.0,400-599,Voluntary non-profit - Private,Nonprofit,True,True,Midwest,400-599_teaching_nonprofit,4
260110,MERCY HOSPITAL SOUTHEAST,CAPE GIRARDEAU,MO,63701,CAPE GIRARDEAU,281.0,200-399,Voluntary non-profit - Private,Nonprofit,False,True,Midwest,200-399_non_teaching_nonprofit,2
260113,MISSOURI DELTA MEDICAL CENTER,SIKESTON,MO,63801,SCOTT,188.0,100-199,Voluntary non-profit - Private,Nonprofit,False,False,Midwest,100-199_non_teaching_nonprofit,2
260119,POPLAR BLUFF REGIONAL MEDICAL CENTER,POPLAR BLUFF,MO,63901,BUTLER,230.0,200-399,Proprietary,For-Profit,True,False,Midwest,200-399_teaching_for_profit,2
260137,FREEMAN HEALTH SYSTEM - FREEMAN WEST,JOPLIN,MO,64804,JASPER,410.0,400-599,Voluntary non-profit - Private,Nonprofit,True,True,Midwest,400-599_teaching_nonprofit,2
260138,ST LUKES HOSPITAL OF KANSAS CITY,KANSAS CITY,MO,64111,JACKSON,642.0,600+,Voluntary non-profit - Private,Nonprofit,True,True,Midwest,600+_teaching_nonprofit,4
260141,UNIVERSITY OF MISSOURI HEALTH CARE,COLUMBIA,MO,65212,BOONE,596.0,400-599,Government - State,Government,True,True,Midwest,400-599_teaching_government,3
260142,FITZGIBBON HOSPITAL,MARSHALL,MO,65340,SALINE,60.0,25-99,Voluntary non-profit - Private,Nonprofit,False,False,Midwest,25-99_non_teaching_nonprofit,3
260160,MERCY HOSPITAL STODDARD,DEXTER,MO,63841,STODDARD,50.0,25-99,Voluntary non-profit - Private,Nonprofit,False,False,Midwest,25-99_non_teaching_nonprofit,3
260162,BARNES-JEWISH WEST COUNTY HOSPITAL,CREVE COEUR,MO,63141,ST. LOUIS,113.0,100-199,Voluntary non-profit - Private,Nonprofit,True,True,Midwest,100-199_teaching_nonprofit,4
260163,PARKLAND HEALTH CENTER,FARMINGTON,MO,63640,ST. FRANCOIS,133.0,100-199,Voluntary non-profit - Private,Nonprofit,False,False,Midwest,100-199_non_teaching_nonprofit,4
260175,GOLDEN VALLEY MEMORIAL HOSPITAL,CLINTON,MO,64735,HENRY,65.0,25-99,Government - Hospital District or Authority,Government,True,False,Midwest,25-99_teaching_government,4
260176,ST LUKE'S DES PERES HOSPITAL,ST LOUIS,MO,63122,ST. LOUIS,143.0,100-199,Proprietary,For-Profit,True,True,Midwest,100-199_teaching_for_profit,3
260177,LIBERTY HOSPITAL,LIBERTY,MO,64068,CLAY,250.0,200-399,Voluntary non-profit - Private,Nonprofit,False,True,Midwest,200-399_non_teaching_nonprofit,4
260179,ST LUKES HOSPITAL,CHESTERFIELD,MO,63017,ST. LOUIS,493.0,400-599,Voluntary non-profit - Private,Nonprofit,True,True,Midwest,400-599_teaching_nonprofit,4
260180,CHRISTIAN HOSPITAL NORTHEAST,SAINT LOUIS,MO,63136,ST. LOUIS,475.0,400-599,Voluntary non-profit - Private,Nonprofit,False,True,Midwest,400-599_non_teaching_nonprofit,4
260183,SAINT FRANCIS MEDICAL CENTER,CAPE GIRARDEAU,MO,63703,CAPE GIRARDEAU,308.0,200-399,Voluntary non-profit - Private,Nonprofit,False,True,Midwest,200-399_non_teaching_nonprofit,2
260186,LAKE REGIONAL HEALTH SYSTEM,OSAGE BEACH,MO,65065,CAMDEN,99.0,25-99,Voluntary non-profit - Other,Nonprofit,False,False,Midwest,25-99_non_teaching_nonprofit,4
260190,LEE'S SUMMIT MEDICAL CENTER,LEES SUMMIT,MO,64063,JACKSON,88.0,25-99,Proprietary,For-Profit,False,True,Midwest,25-99_non_teaching_for_profit,3
260191,BARNES-JEWISH ST PETERS HOSPITAL,SAINT PETERS,MO,63376,ST. CHARLES,111.0,100-199,Voluntary non-profit - Other,Nonprofit,False,True,Midwest,100-199_non_teaching_nonprofit,4
260193,ST MARY'S MEDICAL CENTER,BLUE SPRINGS,MO,64014,JACKSON,146.0,100-199,Proprietary,For-Profit,False,True,Midwest,100-199_non_teaching_for_profit,3
260195,CITIZENS MEMORIAL HOSPITAL,BOLIVAR,MO,65613,POLK,74.0,25-99,Government - Hospital District or Authority,Government,False,True,Midwest,25-99_non_teaching_government,4
260200,SSM ST JOSEPH HOSPITAL WEST,LAKE SAINT LOUIS,MO,63367,ST. CHARLES,100.0,100-199,Voluntary non-profit - Church,Nonprofit,False,True,Midwest,100-199_non_teaching_nonprofit,3
260214,BELTON REGIONAL MEDICAL CENTER,BELTON,MO,64012,CASS,71.0,25-99,Voluntary non-profit - Private,Nonprofit,False,True,Midwest,25-99_non_teaching_nonprofit,2
260216,SAINT LUKE'S EAST  HOSPITAL,LEES SUMMIT,MO,64086,JACKSON,240.0,200-399,Voluntary non-profit - Private,Nonprofit,False,True,Midwest,200-399_non_teaching_nonprofit,4
260219,PROGRESS WEST HOSPITAL,OFALLON,MO,63368,ST. CHARLES,76.0,25-99,Voluntary non-profit - Private,Nonprofit,True,True,Midwest,25-99_teaching_nonprofit,3
26023F,COLUMBIA MO VA MEDICAL CENTER,COLUMBIA,MO,65201,BOONE,250.0,200-399,Veterans Health Administration,Other,False,True,Midwest,200-399_non_teaching_other,4
270003,ST PETERS HEALTH,HELENA,MT,59601,LEWIS AND CLARK,99.0,25-99,Voluntary non-profit - Private,Nonprofit,False,False,West,25-99_non_teaching_nonprofit,4
270004,BILLINGS CLINIC,BILLINGS,MT,59101,YELLOWSTONE,304.0,200-399,Voluntary non-profit - Private,Nonprofit,True,True,West,200-399_teaching_nonprofit,4
270012,BENEFIS HOSPITALS INC,GREAT FALLS,MT,59405,CASCADE,398.0,200-399,Voluntary non-profit - Private,Nonprofit,True,True,West,200-399_teaching_nonprofit,2
270014,ST. PATRICK HOSPITAL,MISSOULA,MT,59802,MISSOULA,253.0,200-399,Voluntary non-profit - Church,Nonprofit,True,True,West,200-399_teaching_nonprofit,5
270017,ST JAMES HOSPITAL,BUTTE,MT,59701,SILVER BOW,98.0,25-99,Voluntary non-profit - Private,Nonprofit,False,False,West,25-99_non_teaching_nonprofit,2
270023,COMMUNITY MEDICAL CENTER,MISSOULA,MT,59804,MISSOULA,151.0,100-199,Voluntary non-profit - Private,Nonprofit,True,True,West,100-199_teaching_nonprofit,4
27003F,VA MONTANA HEALTHCARE SYSTEM,FORT HARRISON,MT,59636,LEWIS AND CLARK,160.0,100-199,Veterans Health Administration,Other,False,False,West,100-199_non_teaching_other,5
270049,INTERMOUNTAIN HEALTH ST VINCENT REGIONAL HOSPITAL,BILLINGS,MT,59107,YELLOWSTONE,286.0,200-399,Voluntary non-profit - Church,Nonprofit,True,True,West,200-399_teaching_nonprofit,4
270051,LOGAN HEALTH MEDICAL CENTER,KALISPELL,MT,59901,FLATHEAD,160.0,100-199,Voluntary non-profit - Private,Nonprofit,True,False,West,100-199_teaching_nonprofit,4
270057,BOZEMAN HEALTH DEACONESS HOSPITAL,BOZEMAN,MT,59715,GALLATIN,140.0,100-199,Voluntary non-profit - Private,Nonprofit,False,False,West,100-199_non_teaching_nonprofit,4
270074,P H S INDIAN HOSPITAL AT BROWNING - BLACKFEET,BROWNING,MT,59417,GLACIER,28.0,25-99,Government - Federal,Government,False,False,West,25-99_non_teaching_government,Not Available
270086,GREAT FALLS CLINIC HOSPITAL,GREAT FALLS,MT,59405,CASCADE,20.0,1-24,Proprietary,For-Profit,False,True,West,1-24_non_teaching_for_profit,3
280003,BRYAN MEDICAL CENTER,LINCOLN,NE,68506,LANCASTER,630.0,600+,Voluntary non-profit - Private,Nonprofit,True,True,Midwest,600+_teaching_nonprofit,3
280009,CHI HEALTH GOOD SAMARITAN,KEARNEY,NE,68848,BUFFALO,165.0,100-199,Voluntary non-profit - Church,Nonprofit,True,False,Midwest,100-199_teaching_nonprofit,4
280013,THE NEBRASKA MEDICAL CENTER,OMAHA,NE,68198,DOUGLAS,689.0,600+,Voluntary non-profit - Private,Nonprofit,True,True,Midwest,600+_teaching_nonprofit,3
280020,CHI HEALTH ST. ELIZABETH,LINCOLN,NE,68510,LANCASTER,265.0,200-399,Voluntary non-profit - Private,Nonprofit,False,True,Midwest,200-399_non_teaching_nonprofit,3
280023,CHI HEALTH ST. FRANCIS,GRAND ISLAND,NE,68803,HALL,130.0,100-199,Voluntary non-profit - Church,Nonprofit,True,True,Midwest,100-199_teaching_nonprofit,4
280032,MARY LANNING HEALTHCARE,HASTINGS,NE,68901,ADAMS,163.0,100-199,Voluntary non-profit - Other,Nonprofit,False,False,Midwest,100-199_non_teaching_nonprofit,3
280040,THE NEBRASKA METHODIST HOSPITAL,OMAHA,NE,68114,DOUGLAS,430.0,400-599,Voluntary non-profit - Private,Nonprofit,True,True,Midwest,400-599_teaching_nonprofit,4
280059,TWELVE CLANS UNITY HOSPITAL,WINNEBAGO,NE,68071,THURSTON,13.0,1-24,Tribal,Government,False,False,Midwest,1-24_non_teaching_government,Not Available
280060,CHI HEALTH BERGAN MERCY,OMAHA,NE,68124,DOUGLAS,400.0,400-599,Voluntary non-profit - Private,Nonprofit,True,True,Midwest,400-599_teaching_nonprofit,3
280061,REGIONAL WEST MEDICAL CENTER,SCOTTSBLUFF,NE,69361,SCOTT BLUFF,166.0,100-199,Voluntary non-profit - Private,Nonprofit,True,False,Midwest,100-199_teaching_nonprofit,1
280065,GREAT PLAINS HEALTH,NORTH PLATTE,NE,69101,LINCOLN,116.0,100-199,Voluntary non-profit - Private,Nonprofit,True,False,Midwest,100-199_teaching_nonprofit,3
28006F,OMAHA VA MEDICAL CENTER (VA NEBRASKA WESTERN IOWA HEALTHCARE SYSTEM),OMAHA,NE,68105,DOUGLAS,486.0,400-599,Veterans Health Administration,Other,False,True,Midwest,400-599_non_teaching_other,5
280077,METHODIST FREMONT HEALTH,FREMONT,NE,68025,DODGE,90.0,25-99,Voluntary non-profit - Private,Nonprofit,False,False,Midwest,25-99_non_teaching_nonprofit,3
280081,CHI HEALTH IMMANUEL,OMAHA,NE,68122,DOUGLAS,356.0,200-399,Voluntary non-profit - Private,Nonprofit,False,True,Midwest,200-399_non_teaching_nonprofit,3
280105,CHI HEALTH MIDLANDS,PAPILLION,NE,68046,SARPY,131.0,100-199,Voluntary non-profit - Church,Nonprofit,False,True,Midwest,100-199_non_teaching_nonprofit,Not Available
280111,"COLUMBUS COMMUNITY HOSPITAL, INC",COLUMBUS,NE,68601,PLATTE,47.0,25-99,Voluntary non-profit - Other,Nonprofit,False,False,Midwest,25-99_non_teaching_nonprofit,3
280125,FAITH REGIONAL HEALTH SERVICES,NORFOLK,NE,68701,MADISON,133.0,100-199,Voluntary non-profit - Church,Nonprofit,True,False,Midwest,100-199_teaching_nonprofit,4
280127,LINCOLN SURGICAL HOSPITAL,LINCOLN,NE,68506,LANCASTER,20.0,1-24,Proprietary,For-Profit,False,True,Midwest,1-24_non_teaching_for_profit,Not Available
280128,CHI HEALTH NEBRASKA HEART,LINCOLN,NE,68526,LANCASTER,63.0,25-99,Voluntary non-profit - Private,Nonprofit,False,True,Midwest,25-99_non_teaching_nonprofit,3
280129,NEBRASKA ORTHOPAEDIC HOSPITAL,OMAHA,NE,68144,DOUGLAS,24.0,1-24,Physician,Other,True,True,Midwest,1-24_teaching_other,Not Available
280130,CHI HEALTH LAKESIDE,OMAHA,NE,68130,DOUGLAS,157.0,100-199,Voluntary non-profit - Church,Nonprofit,False,True,Midwest,100-199_non_teaching_nonprofit,5
280131,MIDWEST SURGICAL HOSPITAL LLC,OMAHA,NE,68114,DOUGLAS,19.0,1-24,Physician,Other,False,True,Midwest,1-24_non_teaching_other,Not Available
280132,BELLEVUE MEDICAL CENTER,BELLEVUE,NE,68123,SARPY,91.0,25-99,Proprietary,For-Profit,True,True,Midwest,25-99_teaching_for_profit,5
280133,"NEBRASKA SPINE HOSPITAL, LLC",OMAHA,NE,68122,DOUGLAS,34.0,25-99,Proprietary,For-Profit,False,True,Midwest,25-99_non_teaching_for_profit,Not Available
280134,KEARNEY REGIONAL MEDICAL CENTER,KEARNEY,NE,68845,BUFFALO,44.0,25-99,Proprietary,For-Profit,False,False,Midwest,25-99_non_teaching_for_profit,4
280139,GRAND ISLAND REGIONAL MEDICAL CENTER,GRAND ISLAND,NE,68803,HALL,67.0,25-99,Voluntary non-profit - Private,Nonprofit,False,True,Midwest,25-99_non_teaching_nonprofit,2
290001,RENOWN REGIONAL MEDICAL CENTER,RENO,NV,89502,WASHOE,808.0,600+,Voluntary non-profit - Private,Nonprofit,True,True,West,600+_teaching_nonprofit,3
290003,SUNRISE HOSPITAL AND MEDICAL CENTER,LAS VEGAS,NV,89109,CLARK,834.0,600+,Proprietary,For-Profit,True,True,West,600+_teaching_for_profit,2
290005,NORTH VISTA HOSPITAL,NORTH LAS VEGAS,NV,89030,CLARK,177.0,100-199,Voluntary non-profit - Private,Nonprofit,False,True,West,100-199_non_teaching_nonprofit,3
290007,UNIVERSITY MEDICAL CENTER,LAS VEGAS,NV,89102,CLARK,541.0,400-599,Voluntary non-profit - Other,Nonprofit,True,True,West,400-599_teaching_nonprofit,2
290008,NORTHEASTERN NEVADA REGIONAL HOSPITAL,ELKO,NV,89801,ELKO,75.0,25-99,Proprietary,For-Profit,False,False,West,25-99_non_teaching_for_profit,2
290009,SAINT MARY'S REGIONAL MEDICAL CENTER,RENO,NV,89503,WASHOE,380.0,200-399,Proprietary,For-Profit,True,True,West,200-399_teaching_for_profit,3
290012,SAINT ROSE DOMINICAN HOSPITALS - ROSE DE LIMA,HENDERSON,NV,89015,CLARK,130.0,100-199,Voluntary non-profit - Private,Nonprofit,True,True,West,100-199_teaching_nonprofit,Not Available
290019,CARSON TAHOE REGIONAL MEDICAL CENTER,CARSON CITY,NV,89703,CARSON CITY,211.0,200-399,Voluntary non-profit - Private,Nonprofit,False,True,West,200-399_non_teaching_nonprofit,3
29001F,99th Medical Group (Nellis AFB),Nellis AFB,NV,89191,CLARK,43.0,25-99,Department of Defense,Other,False,True,West,25-99_non_teaching_other,Not Available
290021,VALLEY HOSPITAL MEDICAL CENTER,LAS VEGAS,NV,89106,CLARK,320.0,200-399,Proprietary,For-Profit,True,True,West,200-399_teaching_for_profit,2
29002F,VA SIERRA NEVADA HEALTHCARE SYSTEM,RENO,NV,89502,WASHOE,204.0,200-399,Veterans Health Administration,Other,False,True,West,200-399_non_teaching_other,5
290032,NORTHERN NEVADA MEDICAL CENTER,SPARKS,NV,89434,WASHOE,108.0,100-199,Voluntary non-profit - Private,Nonprofit,True,True,West,100-199_teaching_nonprofit,4
290039,MOUNTAINVIEW HOSPITAL,LAS VEGAS,NV,89128,CLARK,407.0,400-599,Proprietary,For-Profit,True,True,West,400-599_teaching_for_profit,3
290041,SUMMERLIN HOSPITAL MEDICAL CENTER,LAS VEGAS,NV,89144,CLARK,485.0,400-599,Proprietary,For-Profit,True,True,West,400-599_teaching_for_profit,3
290042,HARMON HOSPITAL,LAS VEGAS,NV,89119,CLARK,116.0,100-199,Proprietary,For-Profit,False,True,West,100-199_non_teaching_for_profit,Not Available
290045,SAINT ROSE DOMINICAN HOSPITALS - SIENA CAMPUS,HENDERSON,NV,89052,CLARK,326.0,200-399,Voluntary non-profit - Private,Nonprofit,False,True,West,200-399_non_teaching_nonprofit,2
290046,SPRING VALLEY HOSPITAL MEDICAL CENTER,LAS VEGAS,NV,89118,CLARK,572.0,400-599,Proprietary,For-Profit,True,True,West,400-599_teaching_for_profit,2
290047,SOUTHERN HILLS HOSPITAL AND MEDICAL CENTER,LAS VEGAS,NV,89148,CLARK,246.0,200-399,Proprietary,For-Profit,True,True,West,200-399_teaching_for_profit,4
290049,RENOWN SOUTH MEADOWS MEDICAL CENTER,RENO,NV,89521,WASHOE,118.0,100-199,Voluntary non-profit - Private,Nonprofit,False,True,West,100-199_non_teaching_nonprofit,2
29004F,VA SOUTHERN NEVADA HEALTHCARE SYSTEM,N. LAS VEGAS,NV,89086,CLARK,100.0,100-199,Veterans Health Administration,Other,False,True,West,100-199_non_teaching_other,5
290053,SAINT ROSE DOMINICAN HOSPITALS - SAN MARTIN CAMPUS,LAS VEGAS,NV,89113,CLARK,147.0,100-199,Voluntary non-profit - Private,Nonprofit,False,True,West,100-199_non_teaching_nonprofit,3
290054,CENTENNIAL HILLS HOSPITAL MEDICAL CENTER,LAS VEGAS,NV,89149,CLARK,339.0,200-399,Proprietary,For-Profit,True,True,West,200-399_teaching_for_profit,1
290057,HENDERSON HOSPITAL,HENDERSON,NV,89011,CLARK,166.0,100-199,Proprietary,For-Profit,True,True,West,100-199_teaching_for_profit,2
290058,SAINT ROSE DOMINICAN HOSPITALS - NORTH LAS VEGAS,NORTH LAS VEGAS,NV,89031,CLARK,32.0,25-99,Proprietary,For-Profit,False,True,West,25-99_non_teaching_for_profit,Not Available
290062,WEST HENDERSON HOSPITAL,HENDERSON,NV,89052,CLARK,150.0,100-199,Proprietary,For-Profit,True,True,West,100-199_teaching_for_profit,Not Available
300001,CONCORD HOSPITAL,CONCORD,NH,03301,MERRIMACK,295.0,200-399,Voluntary non-profit - Private,Nonprofit,True,False,Northeast,200-399_teaching_nonprofit,3
300003,MARY HITCHCOCK MEMORIAL HOSPITAL,LEBANON,NH,03756,GRAFTON,396.0,200-399,Voluntary non-profit - Private,Nonprofit,True,False,Northeast,200-399_teaching_nonprofit,4
300005,CONCORD HOSPITAL- LACONIA,LACONIA,NH,03246,BELKNAP,143.0,100-199,Voluntary non-profit - Private,Nonprofit,True,False,Northeast,100-199_teaching_nonprofit,3
300011,ST JOSEPH HOSPITAL,NASHUA,NH,03060,HILLSBOROUGH,208.0,200-399,Voluntary non-profit - Other,Nonprofit,False,True,Northeast,200-399_non_teaching_nonprofit,4
300012,ELLIOT HOSPITAL,MANCHESTER,NH,03103,HILLSBOROUGH,296.0,200-399,Voluntary non-profit - Private,Nonprofit,False,True,Northeast,200-399_non_teaching_nonprofit,2
300014,FRISBIE MEMORIAL HOSPITAL,ROCHESTER,NH,03867,STRAFFORD,122.0,100-199,Proprietary,For-Profit,False,True,Northeast,100-199_non_teaching_for_profit,2
300017,PARKLAND MEDICAL CENTER,DERRY,NH,03038,ROCKINGHAM,86.0,25-99,Proprietary,For-Profit,True,True,Northeast,25-99_teaching_for_profit,4
300018,WENTWORTH-DOUGLASS HOSPITAL,DOVER,NH,03820,STRAFFORD,178.0,100-199,Voluntary non-profit - Private,Nonprofit,True,True,Northeast,100-199_teaching_nonprofit,4
300019,CHESHIRE MEDICAL CENTER,KEENE,NH,03431,CHESHIRE,169.0,100-199,Voluntary non-profit - Private,Nonprofit,True,False,Northeast,100-199_teaching_nonprofit,4
300020,SOUTHERN NH MEDICAL CENTER,NASHUA,NH,03060,HILLSBOROUGH,188.0,100-199,Voluntary non-profit - Private,Nonprofit,True,True,Northeast,100-199_teaching_nonprofit,3
300023,EXETER HOSPITAL INC,EXETER,NH,03833,ROCKINGHAM,100.0,100-199,Voluntary non-profit - Private,Nonprofit,True,True,Northeast,100-199_teaching_nonprofit,5
300029,PORTSMOUTH REGIONAL HOSPITAL,PORTSMOUTH,NH,03801,ROCKINGHAM,209.0,200-399,Proprietary,For-Profit,False,True,Northeast,200-399_non_teaching_for_profit,3
300034,CATHOLIC MEDICAL CENTER,MANCHESTER,NH,03102,HILLSBOROUGH,330.0,200-399,Voluntary non-profit - Private,Nonprofit,False,True,Northeast,200-399_non_teaching_nonprofit,3
310001,HACKENSACK UNIVERSITY MEDICAL CENTER,HACKENSACK,NJ,07601,BERGEN,781.0,600+,Voluntary non-profit - Private,Nonprofit,True,True,Northeast,600+_teaching_nonprofit,5
310002,NEWARK BETH ISRAEL MEDICAL CENTER,NEWARK,NJ,07112,ESSEX,665.0,600+,Voluntary non-profit - Private,Nonprofit,True,True,Northeast,600+_teaching_nonprofit,2
310003,PALISADES MEDICAL CENTER,NORTH BERGEN,NJ,07047,HUDSON,202.0,200-399,Voluntary non-profit - Private,Nonprofit,True,True,Northeast,200-399_teaching_nonprofit,3
310005,HUNTERDON MEDICAL CENTER,FLEMINGTON,NJ,08822,HUNTERDON,184.0,100-199,Voluntary non-profit - Private,Nonprofit,True,True,Northeast,100-199_teaching_nonprofit,4
310006,ST MARY'S GENERAL HOSPITAL,PASSAIC,NJ,07055,PASSAIC,286.0,200-399,Proprietary,For-Profit,True,True,Northeast,200-399_teaching_for_profit,3
310008,HOLY NAME MEDICAL CENTER,TEANECK,NJ,07666,BERGEN,372.0,200-399,Voluntary non-profit - Private,Nonprofit,False,True,Northeast,200-399_non_teaching_nonprofit,4
310009,CLARA MAASS MEDICAL CENTER,BELLEVILLE,NJ,07109,ESSEX,472.0,400-599,Voluntary non-profit - Private,Nonprofit,True,True,Northeast,400-599_teaching_nonprofit,2
310010,UNIVERSITY MEDICAL CENTER OF PRINCETON AT PLAINSBORO,PLAINSBORO,NJ,08536,MIDDLESEX,375.0,200-399,Voluntary non-profit - Private,Nonprofit,True,True,Northeast,200-399_teaching_nonprofit,3
310011,CAPE REGIONAL MEDICAL CENTER INC,CAPE MAY COURT HOUSE,NJ,08210,CAPE MAY,242.0,200-399,Voluntary non-profit - Private,Nonprofit,False,True,Northeast,200-399_non_teaching_nonprofit,3
310012,VALLEY HOSPITAL,PARAMUS,NJ,07652,BERGEN,431.0,400-599,Voluntary non-profit - Private,Nonprofit,True,True,Northeast,400-599_teaching_nonprofit,3
310014,COOPER UNIVERSITY HOSPITAL,CAMDEN,NJ,08103,CAMDEN,663.0,600+,Voluntary non-profit - Private,Nonprofit,True,True,Northeast,600+_teaching_nonprofit,2
310015,MORRISTOWN MEDICAL CENTER,MORRISTOWN,NJ,07962,MORRIS,735.0,600+,Voluntary non-profit - Private,Nonprofit,True,True,Northeast,600+_teaching_nonprofit,5
310016,CAREPOINT HEALTH-CHRIST HOSPITAL,JERSEY CITY,NJ,07306,HUDSON,401.0,400-599,Voluntary non-profit - Church,Nonprofit,False,True,Northeast,400-599_non_teaching_nonprofit,2
310017,CHILTON MEDICAL CENTER,POMPTON PLAINS,NJ,07444,MORRIS,260.0,200-399,Voluntary non-profit - Private,Nonprofit,False,True,Northeast,200-399_non_teaching_nonprofit,4
310019,ST JOSEPH'S UNIVERSITY MEDICAL CENTER INC,PATERSON,NJ,07503,PASSAIC,566.0,400-599,Voluntary non-profit - Church,Nonprofit,True,True,Northeast,400-599_teaching_nonprofit,3
31001F,VA NEW JERSEY HEALTH CARE SYSTEM,EAST ORANGE,NJ,07018,ESSEX,950.0,600+,Veterans Health Administration,Other,False,True,Northeast,600+_non_teaching_other,3
310022,WEST JERSEY HOSPITAL,VOORHEES,NJ,08043,CAMDEN,402.0,400-599,Voluntary non-profit - Private,Nonprofit,False,True,Northeast,400-599_non_teaching_nonprofit,3
310024,ROBERT WOOD JOHNSON UNIVERSITY HOSPITAL AT RAHWAY,RAHWAY,NJ,07065,UNION,281.0,200-399,Voluntary non-profit - Private,Nonprofit,False,True,Northeast,200-399_non_teaching_nonprofit,3
310025,CAREPOINT HEALTH - BAYONNE MEDICAL CENTER,BAYONNE,NJ,07002,HUDSON,254.0,200-399,Voluntary non-profit - Private,Nonprofit,False,True,Northeast,200-399_non_teaching_nonprofit,2
310027,TRINITAS REGIONAL MEDICAL CENTER,ELIZABETH,NJ,07207,UNION,384.0,200-399,Voluntary non-profit - Private,Nonprofit,True,True,Northeast,200-399_teaching_nonprofit,2
310028,NEWTON MEDICAL CENTER,NEWTON,NJ,07860,SUSSEX,148.0,100-199,Voluntary non-profit - Private,Nonprofit,False,True,Northeast,100-199_non_teaching_nonprofit,4
310029,VIRTUA OUR LADY OF LOURDES HOSPITAL,CAMDEN,NJ,08103,CAMDEN,340.0,200-399,Government - State,Government,True,True,Northeast,200-399_teaching_government,2
310031,DEBORAH HEART AND LUNG CENTER,BROWNS MILLS,NJ,08015,BURLINGTON,161.0,100-199,Voluntary non-profit - Private,Nonprofit,True,True,Northeast,100-199_teaching_nonprofit,4
310032,INSPIRA MEDICAL CENTER VINELAND,VINELAND,NJ,08360,CUMBERLAND,374.0,200-399,Voluntary non-profit - Private,Nonprofit,True,True,Northeast,200-399_teaching_nonprofit,2
310034,RIVERVIEW MEDICAL CENTER,RED BANK,NJ,07701,MONMOUTH,440.0,400-599,Voluntary non-profit - Private,Nonprofit,False,True,Northeast,400-599_non_teaching_nonprofit,4
310038,ROBERT WOOD JOHNSON UNIVERSITY HOSPITAL,NEW BRUNSWICK,NJ,08901,MIDDLESEX,610.0,600+,Voluntary non-profit - Private,Nonprofit,True,True,Northeast,600+_teaching_nonprofit,2
310039,RARITAN BAY MEDICAL CENTER,PERTH AMBOY,NJ,08861,MIDDLESEX,460.0,400-599,Voluntary non-profit - Private,Nonprofit,True,True,Northeast,400-599_teaching_nonprofit,3
310040,CAREPOINT HEALTH-HOBOKEN UNIVERSITY MEDICAL CENTER,HOBOKEN,NJ,07030,HUDSON,333.0,200-399,Voluntary non-profit - Church,Nonprofit,True,True,Northeast,200-399_teaching_nonprofit,1
310041,COMMUNITY MEDICAL CENTER,TOMS RIVER,NJ,08755,OCEAN,592.0,400-599,Voluntary non-profit - Private,Nonprofit,True,True,Northeast,400-599_teaching_nonprofit,1
310044,CAPITAL HEALTH MEDICAL CENTER - HOPEWELL,PENNINGTON,NJ,08534,MERCER,344.0,200-399,Voluntary non-profit - Private,Nonprofit,True,True,Northeast,200-399_teaching_nonprofit,3
310045,ENGLEWOOD HOSPITAL AND MEDICAL CENTER,ENGLEWOOD,NJ,07631,BERGEN,517.0,400-599,Voluntary non-profit - Private,Nonprofit,True,True,Northeast,400-599_teaching_nonprofit,4
310047,SHORE MEDICAL CENTER,SOMERS POINT,NJ,08244,ATLANTIC,302.0,200-399,Voluntary non-profit - Private,Nonprofit,True,True,Northeast,200-399_teaching_nonprofit,4
310048,ROBERT WOOD JOHNSON UNIVERSITY HOSPITAL - SOMERSET,SOMERVILLE,NJ,08876,SOMERSET,335.0,200-399,Voluntary non-profit - Private,Nonprofit,True,True,Northeast,200-399_teaching_nonprofit,3
310050,SAINT CLARE'S HOSPITAL/ DENVILLE CAMPUS,DENVILLE,NJ,07834,MORRIS,418.0,400-599,Proprietary,For-Profit,False,True,Northeast,400-599_non_teaching_for_profit,3
310051,OVERLOOK MEDICAL CENTER,SUMMIT,NJ,07901,UNION,513.0,400-599,Voluntary non-profit - Private,Nonprofit,True,True,Northeast,400-599_teaching_nonprofit,4
310052,OCEAN MEDICAL CENTER,BRICK,NJ,08724,OCEAN,436.0,400-599,Voluntary non-profit - Other,Nonprofit,False,True,Northeast,400-599_non_teaching_nonprofit,3
310054,HACKENSACK MERIDIAN MOUNTAINSIDE MEDICAL,MONTCLAIR,NJ,07042,ESSEX,328.0,200-399,Proprietary,For-Profit,True,True,Northeast,200-399_teaching_for_profit,3
310057,VIRTUA MOUNT HOLLY HOSPITAL,MOUNT HOLLY,NJ,08060,BURLINGTON,383.0,200-399,Voluntary non-profit - Private,Nonprofit,True,True,Northeast,200-399_teaching_nonprofit,3
310058,BERGEN NEW BRIDGE MEDICAL CENTER,PARAMUS,NJ,07652,BERGEN,496.0,400-599,Voluntary non-profit - Private,Nonprofit,True,True,Northeast,400-599_teaching_nonprofit,Not Available
310060,ST LUKE'S WARREN HOSPITAL,PHILLIPSBURG,NJ,08865,WARREN,214.0,200-399,Voluntary non-profit - Private,Nonprofit,True,True,Northeast,200-399_teaching_nonprofit,5
310061,VIRTUA WILLINGBORO HOSPITAL,WILLINGBORO,NJ,08046,BURLINGTON,221.0,200-399,Voluntary non-profit - Private,Nonprofit,True,True,Northeast,200-399_teaching_nonprofit,2
310064,ATLANTICARE REGIONAL MEDICAL CENTER - CITY CAMPUS,ATLANTIC CITY,NJ,08401,ATLANTIC,593.0,400-599,Voluntary non-profit - Private,Nonprofit,True,True,Northeast,400-599_teaching_nonprofit,3
310069,INSPIRA MEDICAL CENTER MULLICA HILL,ELMER,NJ,08318,SALEM,91.0,25-99,Voluntary non-profit - Private,Nonprofit,True,True,Northeast,25-99_teaching_nonprofit,3
310070,SAINT PETER'S UNIVERSITY HOSPITAL,NEW BRUNSWICK,NJ,08901,MIDDLESEX,478.0,400-599,Voluntary non-profit - Private,Nonprofit,True,True,Northeast,400-599_teaching_nonprofit,4
310073,JERSEY SHORE UNIVERSITY MEDICAL CENTER,NEPTUNE,NJ,07754,MONMOUTH,596.0,400-599,Voluntary non-profit - Private,Nonprofit,True,True,Northeast,400-599_teaching_nonprofit,3
310074,JERSEY CITY MEDICAL CENTER,JERSEY CITY,NJ,07302,HUDSON,255.0,200-399,Voluntary non-profit - Private,Nonprofit,True,True,Northeast,200-399_teaching_nonprofit,2
310075,MONMOUTH MEDICAL CENTER,LONG BRANCH,NJ,07740,MONMOUTH,483.0,400-599,Voluntary non-profit - Private,Nonprofit,True,True,Northeast,400-599_teaching_nonprofit,3
310076,COOPERMAN BARNABAS MEDICAL CENTER,LIVINGSTON,NJ,07039,ESSEX,597.0,400-599,Voluntary non-profit - Private,Nonprofit,True,True,Northeast,400-599_teaching_nonprofit,3
310083,CAREWELL HEALTH MEDICAL CENTER,EAST ORANGE,NJ,07018,ESSEX,211.0,200-399,Proprietary,For-Profit,False,True,Northeast,200-399_non_teaching_for_profit,1
310084,MONMOUTH MEDICAL CENTER-SOUTHERN CAMPUS,LAKEWOOD,NJ,08701,OCEAN,285.0,200-399,Voluntary non-profit - Private,Nonprofit,False,True,Northeast,200-399_non_teaching_nonprofit,2
310086,JEFFERSON STRATFORD HOSPITAL,STRATFORD,NJ,08084,CAMDEN,596.0,400-599,Voluntary non-profit - Private,Nonprofit,True,True,Northeast,400-599_teaching_nonprofit,2
310092,CAPITAL HEALTH REGIONAL MEDICAL CENTER,TRENTON,NJ,08638,MERCER,237.0,200-399,Voluntary non-profit - Private,Nonprofit,True,True,Northeast,200-399_teaching_nonprofit,2
310096,SAINT MICHAEL'S MEDICAL CENTER,NEWARK,NJ,07102,ESSEX,358.0,200-399,Voluntary non-profit - Private,Nonprofit,True,True,Northeast,200-399_teaching_nonprofit,4
310108,JFK UNIVERSITY MEDICAL CENTER,EDISON,NJ,08818,MIDDLESEX,459.0,400-599,Voluntary non-profit - Private,Nonprofit,True,True,Northeast,400-599_teaching_nonprofit,3
310110,ROBERT WOOD JOHNSON UNIVERSITY HOSPITAL AT HAMILTON,HAMILTON,NJ,08690,MERCER,248.0,200-399,Voluntary non-profit - Private,Nonprofit,True,True,Northeast,200-399_teaching_nonprofit,3
310111,CENTRASTATE MEDICAL CENTER,FREEHOLD,NJ,07728,MONMOUTH,273.0,200-399,Voluntary non-profit - Private,Nonprofit,True,True,Northeast,200-399_teaching_nonprofit,2
310112,BAYSHORE MEDICAL CENTER,HOLMDEL,NJ,07733,MONMOUTH,225.0,200-399,Voluntary non-profit - Private,Nonprofit,False,True,Northeast,200-399_non_teaching_nonprofit,3
310113,SOUTHERN OCEAN MEDICAL CENTER,MANAHAWKIN,NJ,08050,OCEAN,156.0,100-199,Voluntary non-profit - Private,Nonprofit,False,True,Northeast,100-199_non_teaching_nonprofit,4
310115,AHS HOSPITAL CORP,HACKETTSTOWN,NJ,07840,WARREN,148.0,100-199,Voluntary non-profit - Private,Nonprofit,False,True,Northeast,100-199_non_teaching_nonprofit,3
310118,HUDSON REGIONAL HOSPITAL,SECAUCUS,NJ,07094,HUDSON,200.0,200-399,Proprietary,For-Profit,False,True,Northeast,200-399_non_teaching_for_profit,1
310119,THE UNIVERSITY HOSPITAL,NEWARK,NJ,07103,ESSEX,519.0,400-599,Government - State,Government,True,True,Northeast,400-599_teaching_government,1
310130,HACKENSACK MERIDIAN HEALTH PASCACK VALLEY MEDICAL,WESTWOOD,NJ,07675,BERGEN,128.0,100-199,Proprietary,For-Profit,False,True,Northeast,100-199_non_teaching_for_profit,4
320001,UNM HOSPITAL,ALBUQUERQUE,NM,87106,BERNALILLO,527.0,400-599,Government - State,Government,True,True,West,400-599_teaching_government,2
320002,CHRISTUS ST VINCENT REGIONAL MEDICAL CENTER,SANTA FE,NM,87505,SANTA FE,248.0,200-399,Voluntary non-profit - Private,Nonprofit,True,True,West,200-399_teaching_nonprofit,5
320004,CHRISTUS SOUTHERN NEW MEXICO,ALAMOGORDO,NM,88310,OTERO,98.0,25-99,Voluntary non-profit - Private,Nonprofit,False,False,West,25-99_non_teaching_nonprofit,3
320005,SAN JUAN REGIONAL MEDICAL CENTER INC,FARMINGTON,NM,87401,SAN JUAN,240.0,200-399,Voluntary non-profit - Private,Nonprofit,True,True,West,200-399_teaching_nonprofit,2
320006,EASTERN NEW MEXICO MEDICAL CENTER,ROSWELL,NM,88201,CHAVES,149.0,100-199,Proprietary,For-Profit,False,False,West,100-199_non_teaching_for_profit,2
320009,LOVELACE MEDICAL CENTER,ALBUQUERQUE,NM,87102,BERNALILLO,254.0,200-399,Proprietary,For-Profit,False,True,West,200-399_non_teaching_for_profit,3
320011,PRESBYTERIAN ESPANOLA HOSPITAL,ESPANOLA,NM,87532,RIO ARRIBA,80.0,25-99,Voluntary non-profit - Private,Nonprofit,False,False,West,25-99_non_teaching_nonprofit,Not Available
320017,LOVELACE WOMEN'S HOSPITAL,ALBUQUERQUE,NM,87109,BERNALILLO,120.0,100-199,Proprietary,For-Profit,False,True,West,100-199_non_teaching_for_profit,2
320018,MEMORIAL MEDICAL CENTER,LAS CRUCES,NM,88011,DONA ANA,286.0,200-399,Proprietary,For-Profit,True,True,West,200-399_teaching_for_profit,1
320021,PRESBYTERIAN HOSPITAL,ALBUQUERQUE,NM,87106,BERNALILLO,623.0,600+,Voluntary non-profit - Private,Nonprofit,True,True,West,600+_teaching_nonprofit,3
320022,PLAINS REGIONAL MEDICAL CENTER,CLOVIS,NM,88101,CURRY,106.0,100-199,Voluntary non-profit - Private,Nonprofit,False,False,West,100-199_non_teaching_nonprofit,2
320030,ARTESIA GENERAL HOSPITAL,ARTESIA,NM,88210,EDDY,49.0,25-99,Voluntary non-profit - Other,Nonprofit,False,False,West,25-99_non_teaching_nonprofit,Not Available
320033,LOS ALAMOS MEDICAL CENTER,LOS ALAMOS,NM,87544,LOS ALAMOS,53.0,25-99,Proprietary,For-Profit,False,False,West,25-99_non_teaching_for_profit,Not Available
320057,SANTA FE PHS INDIAN HOSPITAL,SANTA FE,NM,87501,SANTA FE,20.0,1-24,Government - Federal,Government,True,True,West,1-24_teaching_government,Not Available
320059,NORTHERN NAVAJO MEDICAL CENTER,SHIPROCK,NM,87420,SAN JUAN,69.0,25-99,Government - Federal,Government,False,True,West,25-99_non_teaching_government,Not Available
32005F,VA NEW MEXICO HEALTHCARE SYSTEM,ALBUQUERQUE,NM,87108,BERNALILLO,483.0,400-599,Veterans Health Administration,Other,False,True,West,400-599_non_teaching_other,3
320060,ZUNI COMPREHENSIVE COMMUNITY HEALTH CENTER,ZUNI,NM,87327,MCKINLEY,35.0,25-99,Government - Federal,Government,False,False,West,25-99_non_teaching_government,Not Available
320061,GALLUP INDIAN MEDICAL CENTER,GALLUP,NM,87301,MCKINLEY,85.0,25-99,Government - Federal,Government,False,False,West,25-99_non_teaching_government,2
320062,CROWNPOINT HEALTHCARE FACILITY,CROWNPOINT,NM,87313,MCKINLEY,20.0,1-24,Government - Federal,Government,True,False,West,1-24_teaching_government,Not Available
320063,CARLSBAD MEDICAL CENTER,CARLSBAD,NM,88220,EDDY,116.0,100-199,Voluntary non-profit - Other,Nonprofit,False,False,West,100-199_non_teaching_nonprofit,2
320065,COVENANT HEALTH HOBBS HOSPITAL,HOBBS,NM,88240,LEA,84.0,25-99,Voluntary non-profit - Private,Nonprofit,False,False,West,25-99_non_teaching_nonprofit,3
320074,LOVELACE WESTSIDE HOSPITAL,ALBUQUERQUE,NM,87114,BERNALILLO,95.0,25-99,Proprietary,For-Profit,True,True,West,25-99_teaching_for_profit,Not Available
320084,ROOSEVELT GENERAL HOSPITAL,PORTALES,NM,88130,ROOSEVELT,24.0,1-24,Government - Hospital District or Authority,Government,False,False,West,1-24_non_teaching_government,Not Available
320085,MOUNTAIN VIEW REGIONAL MEDICAL CENTER,LAS CRUCES,NM,88011,DONA ANA,168.0,100-199,Proprietary,For-Profit,True,True,West,100-199_teaching_for_profit,1
320086,LOVELACE REGIONAL HOSPITAL - ROSWELL,ROSWELL,NM,88201,CHAVES,27.0,25-99,Proprietary,For-Profit,False,False,West,25-99_non_teaching_for_profit,Not Available
320090,PRESBYTERIAN SANTA FE MEDICAL CENTER,SANTA FE,NM,87507,SANTA FE,36.0,25-99,Voluntary non-profit - Private,Nonprofit,False,True,West,25-99_non_teaching_nonprofit,3
320091,THREE CROSSES REGIONAL HOSPITAL LLC,LAS CRUCES,NM,88001,DONA ANA,46.0,25-99,Proprietary,For-Profit,False,True,West,25-99_non_teaching_for_profit,3
330005,KALEIDA HEALTH,BUFFALO,NY,14210,ERIE,986.0,600+,Voluntary non-profit - Private,Nonprofit,True,True,Northeast,600+_teaching_nonprofit,3
330006,ST JOSEPH'S MEDICAL CENTER,YONKERS,NY,10701,WESTCHESTER,332.0,200-399,Voluntary non-profit - Private,Nonprofit,True,True,Northeast,200-399_teaching_nonprofit,1
330009,BRONXCARE HOSPITAL CENTER,BRONX,NY,10456,BRONX,579.0,400-599,Voluntary non-profit - Private,Nonprofit,True,True,Northeast,400-599_teaching_nonprofit,1
330011,"OUR LADY OF LOURDES MEMORIAL HOSPITAL, INC",BINGHAMTON,NY,13905,BROOME,267.0,200-399,Voluntary non-profit - Private,Nonprofit,True,True,Northeast,200-399_teaching_nonprofit,2
330013,ALBANY MEDICAL CENTER HOSPITAL,ALBANY,NY,12208,ALBANY,732.0,600+,Voluntary non-profit - Private,Nonprofit,True,True,Northeast,600+_teaching_nonprofit,2
330014,JAMAICA HOSPITAL MEDICAL CENTER,JAMAICA,NY,11418,QUEENS,424.0,400-599,Voluntary non-profit - Private,Nonprofit,True,True,Northeast,400-599_teaching_nonprofit,1
330019,"NEW YORK COMMUNITY HOSPITAL OF BROOKLYN, INC.",BROOKLYN,NY,11229,KINGS,134.0,100-199,Voluntary non-profit - Private,Nonprofit,True,True,Northeast,100-199_teaching_nonprofit,1
330023,VASSAR BROTHERS MEDICAL CENTER,POUGHKEEPSIE,NY,12601,DUTCHESS,365.0,200-399,Voluntary non-profit - Private,Nonprofit,True,True,Northeast,200-399_teaching_nonprofit,3
330024,MOUNT SINAI HOSPITAL,NEW YORK,NY,10029,NEW YORK,1171.0,600+,Voluntary non-profit - Private,Nonprofit,True,True,Northeast,600+_teaching_nonprofit,3
330027,NASSAU UNIVERSITY MEDICAL CENTER,EAST MEADOW,NY,11554,NASSAU,530.0,400-599,Government - State,Government,True,True,Northeast,400-599_teaching_government,1
330028,RICHMOND UNIVERSITY MEDICAL CENTER,STATEN ISLAND,NY,10310,RICHMOND,473.0,400-599,Voluntary non-profit - Private,Nonprofit,True,True,Northeast,400-599_teaching_nonprofit,1
330030,NEWARK-WAYNE COMMUNITY HOSPITAL,NEWARK,NY,14513,WAYNE,120.0,100-199,Voluntary non-profit - Private,Nonprofit,False,True,Northeast,100-199_non_teaching_nonprofit,2
330033,CHENANGO MEMORIAL HOSPITAL,NORWICH,NY,13815,CHENANGO,58.0,25-99,Voluntary non-profit - Private,Nonprofit,False,False,Northeast,25-99_non_teaching_nonprofit,Not Available
330043,NS/LIJ HS SOUTHSIDE HOSPITAL,BAY SHORE,NY,11706,SUFFOLK,341.0,200-399,Voluntary non-profit - Private,Nonprofit,True,True,Northeast,200-399_teaching_nonprofit,3
330044,WYNN HOSPITAL,UTICA,NY,13503,ONEIDA,372.0,200-399,Voluntary non-profit - Private,Nonprofit,True,True,Northeast,200-399_teaching_nonprofit,1
330045,NS/LIJ HS HUNTINGTON HOSPITAL,HUNTINGTON,NY,11743,SUFFOLK,408.0,400-599,Voluntary non-profit - Private,Nonprofit,True,True,Northeast,400-599_teaching_nonprofit,5
330046,MOUNT SINAI WEST,NEW YORK,NY,10019,NEW YORK,1028.0,600+,Voluntary non-profit - Church,Nonprofit,True,True,Northeast,600+_teaching_nonprofit,3
330047,ST MARY'S HEALTHCARE,AMSTERDAM,NY,12010,MONTGOMERY,149.0,100-199,Voluntary non-profit - Private,Nonprofit,False,False,Northeast,100-199_non_teaching_nonprofit,2
330049,NORTHERN DUTCHESS HOSPITAL,RHINEBECK,NY,12572,DUTCHESS,68.0,25-99,Voluntary non-profit - Private,Nonprofit,True,True,Northeast,25-99_teaching_nonprofit,4
330055,NEW YORK-PRESBYTERIAN/QUEENS,FLUSHING,NY,11355,QUEENS,535.0,400-599,Voluntary non-profit - Private,Nonprofit,True,True,Northeast,400-599_teaching_nonprofit,4
330056,BROOKLYN HOSPITAL CENTER - DOWNTOWN CAMPUS,BROOKLYN,NY,11201,KINGS,464.0,400-599,Voluntary non-profit - Other,Nonprofit,True,True,Northeast,400-599_teaching_nonprofit,2
330057,ST PETER'S HOSPITAL,ALBANY,NY,12208,ALBANY,482.0,400-599,Voluntary non-profit - Private,Nonprofit,False,True,Northeast,400-599_non_teaching_nonprofit,3
330058,GENEVA GENERAL HOSPITAL,GENEVA,NY,14456,ONTARIO,132.0,100-199,Voluntary non-profit - Other,Nonprofit,False,True,Northeast,100-199_non_teaching_nonprofit,1
330059,MONTEFIORE MEDICAL CENTER,BRONX,NY,10467,BRONX,1491.0,600+,Voluntary non-profit - Private,Nonprofit,True,True,Northeast,600+_teaching_nonprofit,3
330060,"CARTHAGE AREA HOSPITAL, INC",CARTHAGE,NY,13619,JEFFERSON,25.0,25-99,Voluntary non-profit - Private,Nonprofit,False,False,Northeast,25-99_non_teaching_nonprofit,Not Available
330065,NIAGARA FALLS MEMORIAL MEDICAL CENTER,NIAGARA FALLS,NY,14302,NIAGARA,171.0,100-199,Voluntary non-profit - Other,Nonprofit,True,True,Northeast,100-199_teaching_nonprofit,1
330073,UNITED MEMORIAL MEDICAL CENTER,BATAVIA,NY,14020,GENESEE,166.0,100-199,Voluntary non-profit - Private,Nonprofit,True,False,Northeast,100-199_teaching_nonprofit,3
330074,F F THOMPSON HOSPITAL,CANANDAIGUA,NY,14424,ONTARIO,113.0,100-199,Voluntary non-profit - Private,Nonprofit,False,True,Northeast,100-199_non_teaching_nonprofit,2
330078,SISTERS OF CHARITY HOSPITAL,BUFFALO,NY,14214,ERIE,413.0,400-599,Voluntary non-profit - Private,Nonprofit,True,True,Northeast,400-599_teaching_nonprofit,3
330079,ADIRONDACK MEDICAL CENTER - SARANAC LAKE,SARANAC LAKE,NY,12983,FRANKLIN,95.0,25-99,Voluntary non-profit - Other,Nonprofit,False,False,Northeast,25-99_non_teaching_nonprofit,4
330080,LINCOLN MEDICAL & MENTAL HEALTH CENTER,BRONX,NY,10451,BRONX,586.0,400-599,Government - Local,Government,True,True,Northeast,400-599_teaching_government,1
330085,AURELIA OSBORN FOX MEMORIAL HOSPITAL,ONEONTA,NY,13820,OTSEGO,60.0,25-99,Voluntary non-profit - Private,Nonprofit,False,False,Northeast,25-99_non_teaching_nonprofit,3
330086,MONTEFIORE MOUNT VERNON HOSPITAL,MOUNT VERNON,NY,10550,WESTCHESTER,245.0,200-399,Voluntary non-profit - Private,Nonprofit,True,True,Northeast,200-399_teaching_nonprofit,Not Available
330090,ARNOT OGDEN MEDICAL CENTER,ELMIRA,NY,14905,CHEMUNG,266.0,200-399,Voluntary non-profit - Private,Nonprofit,True,True,Northeast,200-399_teaching_nonprofit,1
330094,COLUMBIA MEMORIAL HOSPITAL,HUDSON,NY,12534,COLUMBIA,124.0,100-199,Voluntary non-profit - Private,Nonprofit,True,False,Northeast,100-199_teaching_nonprofit,2
330096,JONES MEMORIAL HOSPITAL,WELLSVILLE,NY,14895,ALLEGANY,49.0,25-99,Voluntary non-profit - Private,Nonprofit,False,False,Northeast,25-99_non_teaching_nonprofit,4
33009F,ALBANY VA MEDICAL CENTER,ALBANY,NY,12208,ALBANY,975.0,600+,Veterans Health Administration,Other,False,True,Northeast,600+_non_teaching_other,3
330100,NY EYE AND EAR INFIRMARY OF MOUNT SINAI,NEW YORK,NY,10003,NEW YORK,69.0,25-99,Voluntary non-profit - Private,Nonprofit,True,True,Northeast,25-99_teaching_nonprofit,Not Available
330101,NEW YORK-PRESBYTERIAN HOSPITAL,NEW YORK,NY,10065,NEW YORK,2262.0,600+,Voluntary non-profit - Private,Nonprofit,True,True,Northeast,600+_teaching_nonprofit,5
330102,KENMORE MERCY HOSPITAL,KENMORE,NY,14217,ERIE,184.0,100-199,Voluntary non-profit - Private,Nonprofit,False,True,Northeast,100-199_non_teaching_nonprofit,2
330103,OLEAN GENERAL HOSPITAL,OLEAN,NY,14760,CATTARAUGUS,186.0,100-199,Proprietary,For-Profit,False,False,Northeast,100-199_non_teaching_for_profit,1
330104,NYACK HOSPITAL,NYACK,NY,10960,ROCKLAND,375.0,200-399,Voluntary non-profit - Other,Nonprofit,False,True,Northeast,200-399_non_teaching_nonprofit,2
330106,NORTH SHORE UNIVERSITY HOSPITAL,MANHASSET,NY,11030,NASSAU,812.0,600+,Voluntary non-profit - Private,Nonprofit,True,True,Northeast,600+_teaching_nonprofit,4
330107,PECONIC BAY MEDICAL CENTER,RIVERHEAD,NY,11901,SUFFOLK,122.0,100-199,Voluntary non-profit - Other,Nonprofit,True,True,Northeast,100-199_teaching_nonprofit,3
330111,BERTRAND CHAFFEE HOSPITAL,SPRINGVILLE,NY,14141,ERIE,49.0,25-99,Voluntary non-profit - Private,Nonprofit,False,True,Northeast,25-99_non_teaching_nonprofit,2
330115,ONEIDA HEALTH HOSPITAL,ONEIDA,NY,13421,MADISON,101.0,100-199,Voluntary non-profit - Private,Nonprofit,False,True,Northeast,100-199_non_teaching_nonprofit,3
330119,LENOX HILL HOSPITAL,NEW YORK,NY,10075,NEW YORK,652.0,600+,Voluntary non-profit - Private,Nonprofit,True,True,Northeast,600+_teaching_nonprofit,4
33011F,BATH VA MEDICAL CENTER,BATH,NY,14810,STEUBEN,208.0,200-399,Veterans Health Administration,Other,False,False,Northeast,200-399_non_teaching_other,Not Available
330125,ROCHESTER GENERAL HOSPITAL,ROCHESTER,NY,14621,MONROE,528.0,400-599,Voluntary non-profit - Private,Nonprofit,True,True,Northeast,400-599_teaching_nonprofit,1
330126,GARNET HEALTH MEDICAL CENTER,MIDDLETOWN,NY,10940,ORANGE,450.0,400-599,Voluntary non-profit - Private,Nonprofit,False,True,Northeast,400-599_non_teaching_nonprofit,3
330127,JACOBI MEDICAL CENTER,BRONX,NY,10461,BRONX,561.0,400-599,Government - Local,Government,True,True,Northeast,400-599_teaching_government,1
330128,ELMHURST HOSPITAL CENTER,ELMHURST,NY,11373,QUEENS,545.0,400-599,Government - Local,Government,True,True,Northeast,400-599_teaching_government,2
33012F,UPSTATE NEW YORK VA HEALTHCARE SYSTEM (WESTERN NY VA HEALTHCARE SYSTEM),BUFFALO,NY,14215,ERIE,899.0,600+,Veterans Health Administration,Other,False,True,Northeast,600+_non_teaching_other,4
330135,BON SECOURS COMMUNITY HOSPITAL,PORT JERVIS,NY,12771,ORANGE,141.0,100-199,Voluntary non-profit - Church,Nonprofit,False,True,Northeast,100-199_non_teaching_nonprofit,2
330136,BASSETT HEALTHCARE,COOPERSTOWN,NY,13326,OTSEGO,180.0,100-199,Voluntary non-profit - Private,Nonprofit,True,False,Northeast,100-199_teaching_nonprofit,2
330140,ST JOSEPH'S HOSPITAL HEALTH CENTER,SYRACUSE,NY,13203,ONONDAGA,431.0,400-599,Voluntary non-profit - Private,Nonprofit,True,True,Northeast,400-599_teaching_nonprofit,2
330141,LONG ISLAND COMMUNITY HOSPITAL,PATCHOGUE,NY,11772,SUFFOLK,306.0,200-399,Voluntary non-profit - Private,Nonprofit,True,True,Northeast,200-399_teaching_nonprofit,2
330151,ST JAMES HOSPITAL,HORNELL,NY,14843,STEUBEN,157.0,100-199,Voluntary non-profit - Private,Nonprofit,False,False,Northeast,100-199_non_teaching_nonprofit,2
330153,ELLIS HOSPITAL,SCHENECTADY,NY,12308,SCHENECTADY,368.0,200-399,Voluntary non-profit - Private,Nonprofit,True,True,Northeast,200-399_teaching_nonprofit,3
330157,SAMARITAN MEDICAL CENTER,WATERTOWN,NY,13601,JEFFERSON,287.0,200-399,Voluntary non-profit - Private,Nonprofit,True,True,Northeast,200-399_teaching_nonprofit,3
330158,GOOD SAMARITAN HOSPITAL OF SUFFERN,SUFFERN,NY,10901,ROCKLAND,269.0,200-399,Voluntary non-profit - Private,Nonprofit,True,True,Northeast,200-399_teaching_nonprofit,2
33015F,VA HUDSON VALLEY HEALTHCARE SYSTEM,MONTROSE,NY,10548,WESTCHESTER,1773.0,600+,Veterans Health Administration,Other,False,True,Northeast,600+_non_teaching_other,5
330160,STATEN ISLAND UNIVERSITY HOSPITAL,STATEN ISLAND,NY,10305,RICHMOND,714.0,600+,Voluntary non-profit - Private,Nonprofit,True,True,Northeast,600+_teaching_nonprofit,2
330162,NORTHERN WESTCHESTER HOSPITAL,MOUNT KISCO,NY,10549,WESTCHESTER,259.0,200-399,Voluntary non-profit - Private,Nonprofit,True,True,Northeast,200-399_teaching_nonprofit,5
330164,HIGHLAND HOSPITAL,ROCHESTER,NY,14617,MONROE,262.0,200-399,Voluntary non-profit - Private,Nonprofit,True,True,Northeast,200-399_teaching_nonprofit,1
330166,"WESTFIELD MEMORIAL HOSPITAL, INC",WESTFIELD,NY,14787,CHAUTAUQUA,4.0,1-24,Voluntary non-profit - Private,Nonprofit,False,False,Northeast,1-24_non_teaching_nonprofit,Not Available
330169,MOUNT SINAI BETH ISRAEL,NEW YORK,NY,10003,NEW YORK,1111.0,600+,Voluntary non-profit - Private,Nonprofit,True,True,Northeast,600+_teaching_nonprofit,2
33016F,BRONX VA MEDICAL CENTER,BRONX,NY,10468,BRONX,1192.0,600+,Veterans Health Administration,Other,False,True,Northeast,600+_non_teaching_other,3
330175,GUTHRIE CORTLAND REGIONAL MEDICAL CENTER,CORTLAND,NY,13045,CORTLAND,181.0,100-199,Voluntary non-profit - Private,Nonprofit,False,False,Northeast,100-199_non_teaching_nonprofit,3
33017F,VA NEW YORK HARBOR HEALTHCARE SYSTEM - NY DIV.,NEW YORK,NY,10010,NEW YORK,1140.0,600+,Veterans Health Administration,Other,False,True,Northeast,600+_non_teaching_other,2
330180,"SAMARITAN HOSPITAL OF TROY, NEW YORK",TROY,NY,12180,RENSSELAER,238.0,200-399,Voluntary non-profit - Private,Nonprofit,False,True,Northeast,200-399_non_teaching_nonprofit,3
330181,NORTHWELL HOSPITAL GLEN COVE,GLEN COVE,NY,11542,NASSAU,247.0,200-399,Voluntary non-profit - Private,Nonprofit,True,True,Northeast,200-399_teaching_nonprofit,5
330182,ST FRANCIS HOSPITAL - THE HEART CENTER,ROSLYN,NY,11576,NASSAU,364.0,200-399,Voluntary non-profit - Church,Nonprofit,False,True,Northeast,200-399_non_teaching_nonprofit,5
330184,MONTEFIORE NEW ROCHELLE HOSPITAL,NEW ROCHELLE,NY,10802,WESTCHESTER,242.0,200-399,Voluntary non-profit - Private,Nonprofit,True,True,Northeast,200-399_teaching_nonprofit,1
330185,JOHN T MATHER MEMORIAL HOSPITAL  OF PORT JEFFERSON,PORT JEFFERSON,NY,11777,SUFFOLK,248.0,200-399,Voluntary non-profit - Private,Nonprofit,True,True,Northeast,200-399_teaching_nonprofit,5
330188,MOUNT ST. MARY'S HOSPITAL & HEALTH CENTER,LEWISTON,NY,14092,NIAGARA,179.0,100-199,Voluntary non-profit - Private,Nonprofit,False,True,Northeast,100-199_non_teaching_nonprofit,3
330191,GLENS FALLS HOSPITAL,GLENS FALLS,NY,12801,WARREN,442.0,400-599,Voluntary non-profit - Private,Nonprofit,False,True,Northeast,400-599_non_teaching_nonprofit,2
330193,FLUSHING HOSPITAL MEDICAL CENTER,FLUSHING,NY,11355,QUEENS,293.0,200-399,Voluntary non-profit - Private,Nonprofit,True,True,Northeast,200-399_teaching_nonprofit,2
330194,MAIMONIDES MEDICAL CENTER,BROOKLYN,NY,11219,KINGS,711.0,600+,Voluntary non-profit - Private,Nonprofit,True,True,Northeast,600+_teaching_nonprofit,2
330195,LONG ISLAND JEWISH MEDICAL CENTER,NEW HYDE PARK,NY,11040,NASSAU,1025.0,600+,Voluntary non-profit - Private,Nonprofit,True,True,Northeast,600+_teaching_nonprofit,3
330196,SOUTH BROOKLYN HEALTH,BROOKLYN,NY,11235,KINGS,371.0,200-399,Voluntary non-profit - Other,Nonprofit,True,True,Northeast,200-399_teaching_nonprofit,1
330197,CANTON-POTSDAM HOSPITAL,POTSDAM,NY,13676,ST. LAWRENCE,94.0,25-99,Voluntary non-profit - Private,Nonprofit,False,False,Northeast,25-99_non_teaching_nonprofit,2
330198,MOUNT SINAI SOUTH NASSAU,OCEANSIDE,NY,11572,NASSAU,435.0,400-599,Voluntary non-profit - Private,Nonprofit,True,True,Northeast,400-599_teaching_nonprofit,3
330199,METROPOLITAN HOSPITAL CENTER,NEW YORK,NY,10029,NEW YORK,363.0,200-399,Government - Local,Government,True,True,Northeast,200-399_teaching_government,3
33019F,NORTHPORT VA MEDICAL CENTER,NORTHPORT,NY,11768,SUFFOLK,2272.0,600+,Veterans Health Administration,Other,False,True,Northeast,600+_non_teaching_other,4
330202,KINGS COUNTY HOSPITAL CENTER,BROOKLYN,NY,11203,KINGS,639.0,600+,Government - Local,Government,True,True,Northeast,600+_teaching_government,1
330203,CROUSE HOSPITAL,SYRACUSE,NY,13210,ONONDAGA,466.0,400-599,Voluntary non-profit - Private,Nonprofit,True,True,Northeast,400-599_teaching_nonprofit,2
330204,BELLEVUE HOSPITAL CENTER,NEW YORK,NY,10016,NEW YORK,912.0,600+,Government - Local,Government,True,True,Northeast,600+_teaching_government,2
330205,ST ANTHONY COMMUNITY HOSPITAL,WARWICK,NY,10990,ORANGE,60.0,25-99,Voluntary non-profit - Church,Nonprofit,False,True,Northeast,25-99_non_teaching_nonprofit,5
330208,ST JOHN'S RIVERSIDE HOSPITAL,YONKERS,NY,10701,WESTCHESTER,385.0,200-399,Voluntary non-profit - Private,Nonprofit,True,True,Northeast,200-399_teaching_nonprofit,2
33020F,VA NEW YORK HARBOR HEALTHCARE SYSTEM - BROOKLYN,BROOKLYN,NY,11209,KINGS,1000.0,600+,Veterans Health Administration,Other,False,True,Northeast,600+_non_teaching_other,5
330214,NYU LANGONE HOSPITALS,NEW YORK,NY,10016,NEW YORK,1069.0,600+,Voluntary non-profit - Private,Nonprofit,True,True,Northeast,600+_teaching_nonprofit,5
330215,"ROME MEMORIAL HOSPITAL, INC",ROME,NY,13440,ONEIDA,144.0,100-199,Voluntary non-profit - Private,Nonprofit,True,True,Northeast,100-199_teaching_nonprofit,1
330218,OSWEGO HOSPITAL,OSWEGO,NY,13069,OSWEGO,132.0,100-199,Voluntary non-profit - Private,Nonprofit,False,True,Northeast,100-199_non_teaching_nonprofit,3
330219,ERIE COUNTY MEDICAL CENTER,BUFFALO,NY,14215,ERIE,526.0,400-599,Voluntary non-profit - Other,Nonprofit,True,True,Northeast,400-599_teaching_nonprofit,2
330221,WYCKOFF HEIGHTS MEDICAL CENTER,BROOKLYN,NY,11237,KINGS,324.0,200-399,Voluntary non-profit - Private,Nonprofit,True,True,Northeast,200-399_teaching_nonprofit,2
330222,SARATOGA HOSPITAL,SARATOGA SPRINGS,NY,12866,SARATOGA,171.0,100-199,Voluntary non-profit - Private,Nonprofit,True,True,Northeast,100-199_teaching_nonprofit,3
330224,HEALTHALLIANCE HOSPITAL MARYS AVENUE CAMPUS,KINGSTON,NY,12401,ULSTER,222.0,200-399,Voluntary non-profit - Private,Nonprofit,True,True,Northeast,200-399_teaching_nonprofit,2
330226,UNITY HOSPITAL,ROCHESTER,NY,14626,MONROE,311.0,200-399,Voluntary non-profit - Private,Nonprofit,True,True,Northeast,200-399_teaching_nonprofit,1
330229,"BROOKS-TLC HOSPITAL SYSTEM, INC",DUNKIRK,NY,14048,CHAUTAUQUA,65.0,25-99,Voluntary non-profit - Private,Nonprofit,False,False,Northeast,25-99_non_teaching_nonprofit,2
330231,QUEENS HOSPITAL CENTER,JAMAICA,NY,11432,QUEENS,581.0,400-599,Voluntary non-profit - Other,Nonprofit,True,True,Northeast,400-599_teaching_nonprofit,2
330233,BROOKDALE HOSPITAL MEDICAL CENTER,BROOKLYN,NY,11212,KINGS,1120.0,600+,Voluntary non-profit - Private,Nonprofit,True,True,Northeast,600+_teaching_nonprofit,1
330234,WESTCHESTER MEDICAL CENTER,VALHALLA,NY,10595,WESTCHESTER,895.0,600+,Voluntary non-profit - Other,Nonprofit,True,True,Northeast,600+_teaching_nonprofit,1
330235,AUBURN  COMMUNITY  HOSPITAL,AUBURN,NY,13021,CAYUGA,99.0,25-99,Voluntary non-profit - Private,Nonprofit,True,False,Northeast,25-99_teaching_nonprofit,2
330238,NICHOLAS H NOYES MEMORIAL HOSPITAL,DANSVILLE,NY,14437,LIVINGSTON,72.0,25-99,Voluntary non-profit - Private,Nonprofit,False,True,Northeast,25-99_non_teaching_nonprofit,3
330239,UPMC CHAUTAUQUA AT WCA,JAMESTOWN,NY,14701,CHAUTAUQUA,95.0,25-99,Voluntary non-profit - Private,Nonprofit,True,False,Northeast,25-99_teaching_nonprofit,3
330240,HARLEM HOSPITAL CENTER,NEW YORK,NY,10037,NEW YORK,268.0,200-399,Government - Local,Government,True,True,Northeast,200-399_teaching_government,1
330241,UNIVERSITY HOSPITAL S U N Y HEALTH SCIENCE CENTER,SYRACUSE,NY,13210,ONONDAGA,511.0,400-599,Government - State,Government,True,True,Northeast,400-599_teaching_government,2
330246,ST CHARLES HOSPITAL,PORT JEFFERSON,NY,11777,SUFFOLK,231.0,200-399,Voluntary non-profit - Church,Nonprofit,True,True,Northeast,200-399_teaching_nonprofit,4
33024F,SYRACUSE VA MEDICAL CENTER,SYRACUSE,NY,13210,ONONDAGA,398.0,200-399,Veterans Health Administration,Other,False,True,Northeast,200-399_non_teaching_other,2
330250,CHAMPLAIN VALLEY PHYSICIANS HOSPITAL MEDICAL CTR,PLATTSBURGH,NY,12901,CLINTON,300.0,200-399,Voluntary non-profit - Private,Nonprofit,True,False,Northeast,200-399_teaching_nonprofit,2
330259,MERCY MEDICAL CENTER,ROCKVILLE CENTRE,NY,11571,NASSAU,375.0,200-399,Voluntary non-profit - Church,Nonprofit,True,True,Northeast,200-399_teaching_nonprofit,3
33025F,Keller ACH (West Point),West Point,NY,10996,ORANGE,130.0,100-199,Department of Defense,Other,False,True,Northeast,100-199_non_teaching_other,Not Available
330261,PHELPS HOSPITAL,SLEEPY HOLLOW,NY,10591,WESTCHESTER,235.0,200-399,Voluntary non-profit - Private,Nonprofit,True,True,Northeast,200-399_teaching_nonprofit,3
330264,MONTEFIORE ST LUKE'S CORNWALL,NEWBURGH,NY,12550,ORANGE,244.0,200-399,Voluntary non-profit - Other,Nonprofit,True,True,Northeast,200-399_teaching_nonprofit,3
330265,CLIFTON SPRINGS HOSPITAL AND CLINIC,CLIFTON SPRINGS,NY,14432,ONTARIO,154.0,100-199,Voluntary non-profit - Private,Nonprofit,False,True,Northeast,100-199_non_teaching_nonprofit,Not Available
330267,HUDSON VALLEY HOSPITAL CENTER,CORTLANDT MANOR,NY,10567,WESTCHESTER,128.0,100-199,Voluntary non-profit - Private,Nonprofit,False,True,Northeast,100-199_non_teaching_nonprofit,4
330270,HOSPITAL FOR SPECIAL SURGERY,NEW YORK,NY,10021,NEW YORK,205.0,200-399,Voluntary non-profit - Private,Nonprofit,True,True,Northeast,200-399_teaching_nonprofit,5
330273,PUTNAM HOSPITAL CENTER,CARMEL,NY,10512,PUTNAM,164.0,100-199,Voluntary non-profit - Private,Nonprofit,True,True,Northeast,100-199_teaching_nonprofit,3
330276,NATHAN LITTAUER HOSPITAL,GLOVERSVILLE,NY,12078,FULTON,74.0,25-99,Voluntary non-profit - Private,Nonprofit,False,False,Northeast,25-99_non_teaching_nonprofit,2
330277,CORNING HOSPITAL,CORNING,NY,14830,STEUBEN,81.0,25-99,Voluntary non-profit - Private,Nonprofit,False,False,Northeast,25-99_non_teaching_nonprofit,3
330279,MERCY HOSPITAL OF BUFFALO,BUFFALO,NY,14220,ERIE,387.0,200-399,Voluntary non-profit - Private,Nonprofit,True,True,Northeast,200-399_teaching_nonprofit,2
330285,STRONG MEMORIAL HOSPITAL,ROCHESTER,NY,14642,MONROE,900.0,600+,Voluntary non-profit - Private,Nonprofit,True,True,Northeast,600+_teaching_nonprofit,2
330286,GOOD SAMARITAN HOSPITAL MEDICAL CENTER,WEST ISLIP,NY,11795,SUFFOLK,437.0,400-599,Voluntary non-profit - Private,Nonprofit,True,True,Northeast,400-599_teaching_nonprofit,2
330304,WHITE PLAINS HOSPITAL CENTER,WHITE PLAINS,NY,10601,WESTCHESTER,276.0,200-399,Voluntary non-profit - Private,Nonprofit,False,True,Northeast,200-399_non_teaching_nonprofit,5
330307,CAYUGA MEDICAL CENTER AT ITHACA,ITHACA,NY,14850,TOMPKINS,212.0,200-399,Voluntary non-profit - Private,Nonprofit,True,True,Northeast,200-399_teaching_nonprofit,3
330331,PLAINVIEW HOSPITAL,PLAINVIEW,NY,11803,NASSAU,204.0,200-399,Voluntary non-profit - Private,Nonprofit,True,True,Northeast,200-399_teaching_nonprofit,4
330332,CHSLI ST JOSEPH HOSPITAL,BETHPAGE,NY,11714,NASSAU,203.0,200-399,Voluntary non-profit - Private,Nonprofit,False,True,Northeast,200-399_non_teaching_nonprofit,3
330350,SUNY/DOWNSTATE UNIVERSITY HOSPITAL OF BROOKLYN,BROOKLYN,NY,11203,KINGS,376.0,200-399,Government - State,Government,True,True,Northeast,200-399_teaching_government,1
330386,GARNET HEALTH  MEDICAL CENTER CATSKILLS,HARRIS,NY,12742,SULLIVAN,164.0,100-199,Voluntary non-profit - Private,Nonprofit,True,False,Northeast,100-199_teaching_nonprofit,1
330393,SUNY/STONY BROOK UNIVERSITY HOSPITAL,STONY BROOK,NY,11794,SUFFOLK,728.0,600+,Government - State,Government,True,True,Northeast,600+_teaching_government,4
330394,"UNITED HEALTH SERVICES HOSPITALS, INC",BINGHAMTON,NY,13903,BROOME,500.0,400-599,Voluntary non-profit - Private,Nonprofit,True,True,Northeast,400-599_teaching_nonprofit,2
330395,ST JOHN'S EPISCOPAL HOSPITAL AT SOUTH SHORE,FAR ROCKAWAY,NY,11691,QUEENS,257.0,200-399,Voluntary non-profit - Private,Nonprofit,True,True,Northeast,200-399_teaching_nonprofit,1
330396,WOODHULL MEDICAL & MENTAL HEALTH CENTER,BROOKLYN,NY,11206,KINGS,411.0,400-599,Government - Local,Government,True,True,Northeast,400-599_teaching_government,1
330399,ST BARNABAS HOSPITAL,BRONX,NY,10457,BRONX,446.0,400-599,Voluntary non-profit - Private,Nonprofit,False,True,Northeast,400-599_non_teaching_nonprofit,1
330401,ST CATHERINE OF SIENA HOSPITAL,SMITHTOWN,NY,11787,SUFFOLK,318.0,200-399,Voluntary non-profit - Church,Nonprofit,False,True,Northeast,200-399_non_teaching_nonprofit,4
330405,HELEN HAYES HOSPITAL,WEST HAVERSTRAW,NY,10993,ROCKLAND,130.0,100-199,Government - State,Government,True,True,Northeast,100-199_teaching_government,Not Available
330406,SUNNYVIEW HOSPITAL AND REHABILITATION CENTER,SCHENECTADY,NY,12308,SCHENECTADY,115.0,100-199,Voluntary non-profit - Private,Nonprofit,True,True,Northeast,100-199_teaching_nonprofit,Not Available
330411,UNITY SPECIALTY HOSPITAL,ROCHESTER,NY,14611,MONROE,97.0,25-99,Voluntary non-profit - Private,Nonprofit,True,True,Northeast,25-99_teaching_nonprofit,Not Available
340001,CAROLINAS MEDICAL CENTER-NORTHEAST,CONCORD,NC,28025,CABARRUS,457.0,400-599,Government - Hospital District or Authority,Government,True,True,South,400-599_teaching_government,3
340002,MEMORIAL MISSION HOSPITAL AND ASHEVILLE SURGERY CE,ASHEVILLE,NC,28801,BUNCOMBE,735.0,600+,Voluntary non-profit - Private,Nonprofit,True,True,South,600+_teaching_nonprofit,4
340003,NORTHERN REGIONAL HOSPITAL,MOUNT AIRY,NC,27030,SURRY,112.0,100-199,Government - Hospital District or Authority,Government,False,False,South,100-199_non_teaching_government,4
340004,HIGH POINT REGIONAL HEALTH SYSTEM,HIGH POINT,NC,27261,GUILFORD,354.0,200-399,Voluntary non-profit - Private,Nonprofit,False,True,South,200-399_non_teaching_nonprofit,2
340008,SCOTLAND MEMORIAL HOSPITAL,LAURINBURG,NC,28352,SCOTLAND,104.0,100-199,Voluntary non-profit - Private,Nonprofit,False,False,South,100-199_non_teaching_nonprofit,3
340010,UNC HEALTH CARE WAYNE,GOLDSBORO,NC,27534,WAYNE,316.0,200-399,Voluntary non-profit - Private,Nonprofit,False,True,South,200-399_non_teaching_nonprofit,3
340013,RUTHERFORD REGIONAL MEDICAL CENTER,RUTHERFORDTON,NC,28139,RUTHERFORD,143.0,100-199,Proprietary,For-Profit,False,False,South,100-199_non_teaching_for_profit,3
340014,NOVANT HEALTH FORSYTH MEDICAL CENTER,WINSTON-SALEM,NC,27103,FORSYTH,912.0,600+,Voluntary non-profit - Private,Nonprofit,True,True,South,600+_teaching_nonprofit,4
340015,NOVANT HEALTH ROWAN MEDICAL CENTER,SALISBURY,NC,28144,ROWAN,308.0,200-399,Voluntary non-profit - Private,Nonprofit,False,True,South,200-399_non_teaching_nonprofit,2
340016,HARRIS REGIONAL HOSPITAL,SYLVA,NC,28779,JACKSON,86.0,25-99,Proprietary,For-Profit,False,False,South,25-99_non_teaching_for_profit,3
340017,PARDEE HOSPITAL HENDERSON COUNTY,HENDERSONVILLE,NC,28791,HENDERSON,222.0,200-399,Government - Local,Government,False,True,South,200-399_non_teaching_government,5
340020,CENTRAL CAROLINA HOSPITAL,SANFORD,NC,27330,LEE,137.0,100-199,Voluntary non-profit - Private,Nonprofit,False,False,South,100-199_non_teaching_nonprofit,1
340021,ATRIUM HEALTH CLEVELAND,SHELBY,NC,28150,CLEVELAND,241.0,200-399,Government - Hospital District or Authority,Government,False,False,South,200-399_non_teaching_government,2
340023,ADVENTHEALTH HENDERSONVILLE,HENDERSONVILLE,NC,28792,HENDERSON,103.0,100-199,Voluntary non-profit - Private,Nonprofit,False,True,South,100-199_non_teaching_nonprofit,4
340024,SAMPSON REGIONAL MEDICAL CENTER,CLINTON,NC,28328,SAMPSON,146.0,100-199,Government - Local,Government,True,False,South,100-199_teaching_government,3
340027,UNC LENOIR HEALTH CARE,KINSTON,NC,28501,LENOIR,235.0,200-399,Voluntary non-profit - Private,Nonprofit,False,False,South,200-399_non_teaching_nonprofit,3
340028,CAPE FEAR VALLEY MEDICAL CENTER,FAYETTEVILLE,NC,28302,CUMBERLAND,600.0,600+,Voluntary non-profit - Private,Nonprofit,True,True,South,600+_teaching_nonprofit,1
340030,DUKE UNIVERSITY HOSPITAL,DURHAM,NC,27705,DURHAM,1019.0,600+,Proprietary,For-Profit,True,True,South,600+_teaching_for_profit,5
340032,CAROMONT REGIONAL MEDICAL CENTER,GASTONIA,NC,28052,GASTON,442.0,400-599,Voluntary non-profit - Private,Nonprofit,False,True,South,400-599_non_teaching_nonprofit,4
340039,IREDELL MEMORIAL HOSPITAL INC,STATESVILLE,NC,28677,IREDELL,247.0,200-399,Voluntary non-profit - Private,Nonprofit,False,True,South,200-399_non_teaching_nonprofit,3
340040,ECU HEALTH MEDICAL CENTER,GREENVILLE,NC,27834,PITT,909.0,600+,Voluntary non-profit - Private,Nonprofit,True,True,South,600+_teaching_nonprofit,2
340041,CALDWELL MEMORIAL HOSPITAL,LENOIR,NC,28645,CALDWELL,110.0,100-199,Voluntary non-profit - Other,Nonprofit,False,True,South,100-199_non_teaching_nonprofit,1
340042,ONSLOW MEMORIAL HOSPITAL,JACKSONVILLE,NC,28546,ONSLOW,150.0,100-199,Government - Hospital District or Authority,Government,False,True,South,100-199_non_teaching_government,1
340047,NORTH CAROLINA BAPTIST HOSPITAL,WINSTON-SALEM,NC,27157,FORSYTH,885.0,600+,Voluntary non-profit - Private,Nonprofit,True,True,South,600+_teaching_nonprofit,3
340049,NORTH CAROLINA SPECIALTY HOSPITAL,DURHAM,NC,27704,DURHAM,24.0,1-24,Proprietary,For-Profit,True,True,South,1-24_teaching_for_profit,Not Available
340050,SOUTHEASTERN REGIONAL MEDICAL CENTER,LUMBERTON,NC,28359,ROBESON,314.0,200-399,Voluntary non-profit - Private,Nonprofit,True,False,South,200-399_teaching_nonprofit,2
340051,WATAUGA MEDICAL CENTER,BOONE,NC,28607,WATAUGA,117.0,100-199,Government - Local,Government,False,False,South,100-199_non_teaching_government,4
340053,NOVANT HEALTH PRESBYTERIAN MEDICAL CENTER,CHARLOTTE,NC,28233,MECKLENBURG,877.0,600+,Voluntary non-profit - Private,Nonprofit,False,True,South,600+_non_teaching_nonprofit,4
340060,UNC ROCKINGHAM,EDEN,NC,27288,ROCKINGHAM,108.0,100-199,Voluntary non-profit - Private,Nonprofit,False,True,South,100-199_non_teaching_nonprofit,2
340061,UNC HOSPITALS,CHAPEL HILL,NC,27514,ORANGE,724.0,600+,Government - State,Government,True,True,South,600+_teaching_government,5
340064,WILKES REGIONAL MEDICAL CENTER,NORTH WILKESBORO,NC,28659,WILKES,120.0,100-199,Government - Local,Government,False,False,South,100-199_non_teaching_government,3
340068,COLUMBUS REGIONAL HEALTHCARE SYSTEM,WHITEVILLE,NC,28472,COLUMBUS,166.0,100-199,Voluntary non-profit - Other,Nonprofit,False,False,South,100-199_non_teaching_nonprofit,1
340069,"WAKEMED, RALEIGH CAMPUS",RALEIGH,NC,27610,WAKE,678.0,600+,Voluntary non-profit - Private,Nonprofit,True,True,South,600+_teaching_nonprofit,4
340070,ALAMANCE REGIONAL MEDICAL CENTER,BURLINGTON,NC,27216,ALAMANCE,238.0,200-399,Voluntary non-profit - Private,Nonprofit,False,True,South,200-399_non_teaching_nonprofit,2
340071,BETSY JOHNSON REGIONAL HOSPITAL,DUNN,NC,28334,HARNETT,108.0,100-199,Voluntary non-profit - Private,Nonprofit,False,True,South,100-199_non_teaching_nonprofit,3
340075,"BLUE RIDGE HEALTHCARE HOSPITALS, INC",MORGANTON,NC,28655,BURKE,204.0,200-399,Proprietary,For-Profit,False,True,South,200-399_non_teaching_for_profit,2
340084,ATRIUM HEALTH ANSON,WADESBORO,NC,28170,ANSON,15.0,1-24,Government - Hospital District or Authority,Government,False,True,South,1-24_non_teaching_government,Not Available
340085,NOVANT HEALTH THOMASVILLE MEDICAL CENTER,THOMASVILLE,NC,27360,DAVIDSON,149.0,100-199,Voluntary non-profit - Private,Nonprofit,False,True,South,100-199_non_teaching_nonprofit,3
340087,THE MCDOWELL HOSPITAL,MARION,NC,28752,MC DOWELL,65.0,25-99,Voluntary non-profit - Private,Nonprofit,False,False,South,25-99_non_teaching_nonprofit,3
340090,JOHNSTON HEALTH,SMITHFIELD,NC,27577,JOHNSTON,175.0,100-199,Government - Hospital District or Authority,Government,False,True,South,100-199_non_teaching_government,3
340091,"MOSES H. CONE MEMORIAL HOSPITAL, THE",GREENSBORO,NC,27401,GUILFORD,1232.0,600+,Voluntary non-profit - Private,Nonprofit,True,True,South,600+_teaching_nonprofit,4
340096,LEXINGTON MEMORIAL HOSPITAL INC,LEXINGTON,NC,27293,DAVIDSON,94.0,25-99,Voluntary non-profit - Private,Nonprofit,False,True,South,25-99_non_teaching_nonprofit,3
340097,HUGH CHATHAM MEMORIAL HOSPITAL,ELKIN,NC,28621,SURRY,81.0,25-99,Voluntary non-profit - Private,Nonprofit,False,False,South,25-99_non_teaching_nonprofit,3
340098,ATRIUM HEALTH PINEVILLE,CHARLOTTE,NC,28210,MECKLENBURG,344.0,200-399,Government - Hospital District or Authority,Government,False,True,South,200-399_non_teaching_government,3
340099,VIDANT ROANOKE CHOWAN HOSPITAL,AHOSKIE,NC,27910,HERTFORD,124.0,100-199,Voluntary non-profit - Private,Nonprofit,True,False,South,100-199_teaching_nonprofit,2
340107,VIDANT EDGECOMBE HOSPITAL,TARBORO,NC,27886,EDGECOMBE,83.0,25-99,Government - Local,Government,False,True,South,25-99_non_teaching_government,2
340109,SENTARA ALBEMARLE MEDICAL CENTER,ELIZABETH CITY,NC,27909,PASQUOTANK,182.0,100-199,Government - Hospital District or Authority,Government,False,False,South,100-199_non_teaching_government,3
340113,CAROLINAS MEDICAL CENTER/BEHAV HEALTH,CHARLOTTE,NC,28203,MECKLENBURG,843.0,600+,Government - Hospital District or Authority,Government,True,True,South,600+_teaching_government,3
340114,REX HOSPITAL,RALEIGH,NC,27607,WAKE,425.0,400-599,Government - State,Government,False,True,South,400-599_non_teaching_government,5
340115,FIRSTHEALTH MOORE REGIONAL HOSPITAL,PINEHURST,NC,28374,MOORE,395.0,200-399,Voluntary non-profit - Private,Nonprofit,False,False,South,200-399_non_teaching_nonprofit,4
340116,FRYE REGIONAL MEDICAL CENTER,HICKORY,NC,28601,CATAWBA,338.0,200-399,Proprietary,For-Profit,False,True,South,200-399_non_teaching_for_profit,2
340119,STANLY REGIONAL MEDICAL CENTER,ALBEMARLE,NC,28001,STANLY,109.0,100-199,Voluntary non-profit - Private,Nonprofit,False,False,South,100-199_non_teaching_nonprofit,3
34011F,NMC Camp Lejeune,Camp Lejeune,NC,28547,ONSLOW,,,Department of Defense,Other,False,False,South,nan_non_teaching_other,Not Available
340120,VIDANT DUPLIN HOSPITAL,KENANSVILLE,NC,28349,DUPLIN,101.0,100-199,Government - Local,Government,False,False,South,100-199_non_teaching_government,4
340123,RANDOLPH HOSPITAL,ASHEBORO,NC,27203,RANDOLPH,145.0,100-199,Voluntary non-profit - Private,Nonprofit,False,True,South,100-199_non_teaching_nonprofit,3
340126,WILSON MEDICAL CENTER,WILSON,NC,27893,WILSON,317.0,200-399,Voluntary non-profit - Private,Nonprofit,False,False,South,200-399_non_teaching_nonprofit,2
340127,GRANVILLE HEALTH SYSTEMS,OXFORD,NC,27565,GRANVILLE,62.0,25-99,Government - Local,Government,False,True,South,25-99_non_teaching_government,2
340129,DUKE HEALTH LAKE NORMAN HOSPITAL,MOORESVILLE,NC,28117,IREDELL,105.0,100-199,Proprietary,For-Profit,False,True,South,100-199_non_teaching_for_profit,2
34012F,DURHAM VA MEDICAL CENTER,DURHAM,NC,27705,DURHAM,469.0,400-599,Veterans Health Administration,Other,False,True,South,400-599_non_teaching_other,4
340130,ATRIUM HEALTH UNION,MONROE,NC,28112,UNION,157.0,100-199,Government - Hospital District or Authority,Government,True,True,South,100-199_teaching_government,3
340131,CAROLINA EAST MEDICAL CENTER,NEW BERN,NC,28560,CRAVEN,314.0,200-399,Government - Hospital District or Authority,Government,False,True,South,200-399_non_teaching_government,3
340132,MARIA PARHAM MEDICAL CENTER,HENDERSON,NC,27536,VANCE,102.0,100-199,Proprietary,For-Profit,False,False,South,100-199_non_teaching_for_profit,2
34013F,FAYETTEVILLE NC VA MEDICAL CENTER,FAYETTEVILLE,NC,28301,CUMBERLAND,390.0,200-399,Veterans Health Administration,Other,False,True,South,200-399_non_teaching_other,3
340141,NOVANT HEALTH NEW HANOVER REGIONAL MEDICAL CENTER,WILMINGTON,NC,28402,NEW HANOVER,769.0,600+,Government - Local,Government,True,True,South,600+_teaching_government,2
340142,CARTERET GENERAL HOSPITAL,MOREHEAD CITY,NC,28557,CARTERET,117.0,100-199,Proprietary,For-Profit,False,False,South,100-199_non_teaching_for_profit,1
340143,CATAWBA VALLEY MEDICAL CENTER,HICKORY,NC,28602,CATAWBA,258.0,200-399,Voluntary non-profit - Other,Nonprofit,False,True,South,200-399_non_teaching_nonprofit,3
340145,ATRIUM HEALTH LINCOLN,LINCOLNTON,NC,28092,LINCOLN,110.0,100-199,Government - Hospital District or Authority,Government,False,True,South,100-199_non_teaching_government,4
340147,UNC HEALTH NASH,ROCKY MOUNT,NC,27804,NASH,332.0,200-399,Government - Hospital District or Authority,Government,False,True,South,200-399_non_teaching_government,3
340148,NOVANT HEALTH MEDICAL PARK HOSPITAL,WINSTON-SALEM,NC,27103,FORSYTH,136.0,100-199,Voluntary non-profit - Other,Nonprofit,False,True,South,100-199_non_teaching_nonprofit,4
34014F,Womack AMC (FT Bragg),Fort Bragg,NC,28310,CUMBERLAND,,,Department of Defense,Other,False,False,South,nan_non_teaching_other,Not Available
340151,ECU HEALTH NORTH HOSPITAL,ROANOKE RAPIDS,NC,27870,HALIFAX,206.0,200-399,Voluntary non-profit - Private,Nonprofit,False,False,South,200-399_non_teaching_nonprofit,2
340155,DUKE REGIONAL HOSPITAL,DURHAM,NC,27704,DURHAM,391.0,200-399,Government - Local,Government,True,True,South,200-399_teaching_government,4
340156,CHEROKEE INDIAN HOSPITAL AUTHORITY,CHEROKEE,NC,28719,SWAIN,26.0,25-99,Government - Federal,Government,False,False,South,25-99_non_teaching_government,Not Available
340158,NOVANT HEALTH BRUNSWICK MEDICAL CENTER,SUPPLY,NC,28462,BRUNSWICK,60.0,25-99,Voluntary non-profit - Other,Nonprofit,False,True,South,25-99_non_teaching_nonprofit,4
340159,PERSON MEMORIAL HOSPITAL,ROXBORO,NC,27573,PERSON,50.0,25-99,Proprietary,For-Profit,False,True,South,25-99_non_teaching_for_profit,Not Available
340166,ATRIUM HEALTH UNIVERSITY CITY,CHARLOTTE,NC,28262,MECKLENBURG,130.0,100-199,Government - Hospital District or Authority,Government,False,True,South,100-199_non_teaching_government,3
340168,WILMINGTON TREATMENT CENTER,WILMINGTON,NC,28401,NEW HANOVER,44.0,25-99,Voluntary non-profit - Private,Nonprofit,False,True,South,25-99_non_teaching_nonprofit,Not Available
340171,NOVANT HEALTH MATTHEWS MEDICAL CENTER,MATTHEWS,NC,28106,MECKLENBURG,102.0,100-199,Voluntary non-profit - Other,Nonprofit,False,True,South,100-199_non_teaching_nonprofit,4
340173,"WAKEMED, CARY HOSPITAL",CARY,NC,27518,WAKE,156.0,100-199,Voluntary non-profit - Private,Nonprofit,True,True,South,100-199_teaching_nonprofit,5
34017F,W.G. (BILL) HEFNER SALISBURY VA MEDICAL CENTER (SALSBURY),SALISBURY,NC,28144,ROWAN,904.0,600+,Veterans Health Administration,Other,False,True,South,600+_non_teaching_other,4
340183,NOVANT HEALTH HUNTERSVILLE MEDICAL CENTER,HUNTERSVILLE,NC,28078,MECKLENBURG,75.0,25-99,Voluntary non-profit - Private,Nonprofit,True,True,South,25-99_teaching_nonprofit,4
340184,HAYWOOD REGIONAL MEDICAL CENTER,CLYDE,NC,28721,HAYWOOD,178.0,100-199,Government - Hospital District or Authority,Government,False,True,South,100-199_non_teaching_government,3
340188,CAPE FEAR VALLEY HOKE HOSPITAL,RAEFORD,NC,28376,HOKE,41.0,25-99,Voluntary non-profit - Private,Nonprofit,False,True,South,25-99_non_teaching_nonprofit,4
340190,NOVANT HEALTH MINT HILL MEDICAL CENTER,CHARLOTTE,NC,28215,MECKLENBURG,36.0,25-99,Voluntary non-profit - Private,Nonprofit,False,True,South,25-99_non_teaching_nonprofit,4
340195,NOVANT HEALTH BALLANTYNE MEDICAL CENTER,CHARLOTTE,NC,28277,MECKLENBURG,36.0,25-99,Voluntary non-profit - Private,Nonprofit,False,True,South,25-99_non_teaching_nonprofit,Not Available
34036F,ASHEVILLE-OTEEN VA MEDICAL CENTER,ASHEVILLE,NC,28805,BUNCOMBE,389.0,200-399,Veterans Health Administration,Other,False,True,South,200-399_non_teaching_other,5
350002,CHI ST ALEXIUS HEALTH,BISMARCK,ND,58501,BURLEIGH,287.0,200-399,Voluntary non-profit - Church,Nonprofit,True,True,Midwest,200-399_teaching_nonprofit,2
350006,TRINITY HOSPITALS,MINOT,ND,58701,WARD,416.0,400-599,Voluntary non-profit - Private,Nonprofit,True,False,Midwest,400-599_teaching_nonprofit,3
350011,SANFORD MEDICAL CENTER FARGO,FARGO,ND,58122,CASS,639.0,600+,Voluntary non-profit - Private,Nonprofit,True,True,Midwest,600+_teaching_nonprofit,4
350015,SANFORD MEDICAL CENTER BISMARCK,BISMARCK,ND,58506,BURLEIGH,233.0,200-399,Voluntary non-profit - Private,Nonprofit,True,True,Midwest,200-399_teaching_nonprofit,4
350019,ALTRU HOSPITAL,GRAND FORKS,ND,58201,GRAND FORKS,267.0,200-399,Government - Local,Government,True,True,Midwest,200-399_teaching_government,3
35002F,FARGO VA MEDICAL CENTER,FARGO,ND,58102,CASS,228.0,200-399,Veterans Health Administration,Other,False,True,Midwest,200-399_non_teaching_other,5
350063,P H S INDIAN HOSP AT BELCOURT-QUENTIN N BURDICK,BELCOURT,ND,58316,ROLETTE,46.0,25-99,Government - Federal,Government,False,False,Midwest,25-99_non_teaching_government,Not Available
350070,ESSENTIA HEALTH,FARGO,ND,58104,CASS,142.0,100-199,Voluntary non-profit - Private,Nonprofit,False,True,Midwest,100-199_non_teaching_nonprofit,4
360001,MERCY HEALTH-ANDERSON HOSPITAL,CINCINNATI,OH,45255,HAMILTON,226.0,200-399,Voluntary non-profit - Private,Nonprofit,True,True,Midwest,200-399_teaching_nonprofit,2
360002,UNIVERSITY HOSPITALS SAMARITAN MEDICAL CENTER,ASHLAND,OH,44805,ASHLAND,123.0,100-199,Voluntary non-profit - Other,Nonprofit,False,False,Midwest,100-199_non_teaching_nonprofit,3
360003,"UNIVERSITY OF CINCINNATI MEDICAL CENTER, LLC",CINCINNATI,OH,45219,HAMILTON,771.0,600+,Voluntary non-profit - Private,Nonprofit,True,True,Midwest,600+_teaching_nonprofit,3
360006,RIVERSIDE METHODIST HOSPITAL,COLUMBUS,OH,43214,FRANKLIN,1000.0,600+,Voluntary non-profit - Private,Nonprofit,True,True,Midwest,600+_teaching_nonprofit,4
360008,SOUTHERN OHIO MEDICAL CENTER,PORTSMOUTH,OH,45662,SCIOTO,237.0,200-399,Voluntary non-profit - Other,Nonprofit,False,False,Midwest,200-399_non_teaching_nonprofit,4
360009,LIMA MEMORIAL HEALTH SYSTEM,LIMA,OH,45804,ALLEN,285.0,200-399,Voluntary non-profit - Other,Nonprofit,False,True,Midwest,200-399_non_teaching_nonprofit,4
360010,UNION HOSPITAL,DOVER,OH,44622,TUSCARAWAS,220.0,200-399,Voluntary non-profit - Other,Nonprofit,False,False,Midwest,200-399_non_teaching_nonprofit,3
360011,MARION GENERAL HOSPITAL,MARION,OH,43302,MARION,389.0,200-399,Voluntary non-profit - Private,Nonprofit,False,False,Midwest,200-399_non_teaching_nonprofit,4
360012,MOUNT CARMEL ST ANN'S,WESTERVILLE,OH,43081,FRANKLIN,392.0,200-399,Voluntary non-profit - Private,Nonprofit,True,True,Midwest,200-399_teaching_nonprofit,4
360013,WILSON MEMORIAL HOSPITAL,SIDNEY,OH,45365,SHELBY,71.0,25-99,Voluntary non-profit - Private,Nonprofit,False,False,Midwest,25-99_non_teaching_nonprofit,3
360014,OHIOHEALTH O'BLENESS HOSPITAL,ATHENS,OH,45701,ATHENS,114.0,100-199,Voluntary non-profit - Other,Nonprofit,False,False,Midwest,100-199_non_teaching_nonprofit,4
360016,THE JEWISH HOSPITAL-MERCY HEALTH,CINCINNATI,OH,45236,HAMILTON,209.0,200-399,Voluntary non-profit - Private,Nonprofit,True,True,Midwest,200-399_teaching_nonprofit,3
360017,GRANT MEDICAL CENTER,COLUMBUS,OH,43215,FRANKLIN,645.0,600+,Voluntary non-profit - Church,Nonprofit,False,True,Midwest,600+_non_teaching_nonprofit,3
36001F,LOUIS STOKES CLEVELAND VA MEDICAL CENTER,CLEVELAND,OH,44106,CUYAHOGA,949.0,600+,Veterans Health Administration,Other,False,True,Midwest,600+_non_teaching_other,5
360020,SUMMA HEALTH SYSTEM,AKRON,OH,44309,SUMMIT,1093.0,600+,Voluntary non-profit - Private,Nonprofit,True,True,Midwest,600+_teaching_nonprofit,2
360025,FIRELANDS REGIONAL MEDICAL CENTER,SANDUSKY,OH,44870,ERIE,400.0,400-599,Voluntary non-profit - Private,Nonprofit,True,False,Midwest,400-599_teaching_nonprofit,3
360026,KETTERING HEALTH GREENE MEMORIAL,XENIA,OH,45385,GREENE,41.0,25-99,Voluntary non-profit - Private,Nonprofit,True,True,Midwest,25-99_teaching_nonprofit,Not Available
360027,AKRON GENERAL MEDICAL CENTER,AKRON,OH,44307,SUMMIT,511.0,400-599,Voluntary non-profit - Private,Nonprofit,True,True,Midwest,400-599_teaching_nonprofit,3
360029,WOOD COUNTY HOSPITAL,BOWLING GREEN,OH,43402,WOOD,168.0,100-199,Voluntary non-profit - Private,Nonprofit,False,True,Midwest,100-199_non_teaching_nonprofit,4
360032,GRAND LAKE HEALTH SYSTEM,SAINT MARYS,OH,45885,AUGLAIZE,113.0,100-199,Voluntary non-profit - Private,Nonprofit,False,False,Midwest,100-199_non_teaching_nonprofit,3
360035,MOUNT CARMEL EAST & WEST,COLUMBUS,OH,43213,FRANKLIN,937.0,600+,Voluntary non-profit - Private,Nonprofit,True,True,Midwest,600+_teaching_nonprofit,3
360036,WOOSTER COMMUNITY HOSPITAL,WOOSTER,OH,44691,WAYNE,207.0,200-399,Government - Local,Government,False,False,Midwest,200-399_non_teaching_government,4
360039,GENESIS HOSPITAL,ZANESVILLE,OH,43701,MUSKINGUM,298.0,200-399,Voluntary non-profit - Private,Nonprofit,False,False,Midwest,200-399_non_teaching_nonprofit,4
36003F,CINCINNATI VA MEDICAL CENTER,CINCINNATI,OH,45220,HAMILTON,463.0,400-599,Veterans Health Administration,Other,False,True,Midwest,400-599_non_teaching_other,5
360040,KNOX COMMUNITY HOSPITAL,MOUNT VERNON,OH,43050,KNOX,111.0,100-199,Voluntary non-profit - Other,Nonprofit,False,False,Midwest,100-199_non_teaching_nonprofit,3
360041,PARMA COMMUNITY GENERAL HOSPITAL,PARMA,OH,44129,CUYAHOGA,309.0,200-399,Voluntary non-profit - Private,Nonprofit,False,True,Midwest,200-399_non_teaching_nonprofit,4
360046,MCCULLOUGH-HYDE MEMORIAL HOSPITAL,OXFORD,OH,45056,BUTLER,94.0,25-99,Voluntary non-profit - Private,Nonprofit,False,True,Midwest,25-99_non_teaching_nonprofit,5
360048,UNIVERSITY OF TOLEDO MEDICAL CENTER,TOLEDO,OH,43614,LUCAS,319.0,200-399,Government - State,Government,True,True,Midwest,200-399_teaching_government,3
360051,MIAMI VALLEY HOSPITAL,DAYTON,OH,45409,MONTGOMERY,970.0,600+,Voluntary non-profit - Private,Nonprofit,True,True,Midwest,600+_teaching_nonprofit,3
360054,HOLZER MEDICAL CENTER,GALLIPOLIS,OH,45631,GALLIA,287.0,200-399,Voluntary non-profit - Private,Nonprofit,False,False,Midwest,200-399_non_teaching_nonprofit,4
360055,INSIGHT HOSPITAL AND MEDICAL CENTER TRUMBULL,WARREN,OH,44482,TRUMBULL,346.0,200-399,Proprietary,For-Profit,False,True,Midwest,200-399_non_teaching_for_profit,2
360056,MERCY HEALTH - FAIRFIELD HOSPITAL,FAIRFIELD,OH,45014,BUTLER,271.0,200-399,Voluntary non-profit - Private,Nonprofit,True,True,Midwest,200-399_teaching_nonprofit,3
360058,MERCER COUNTY JOINT TOWNSHIP COMMUNITY HOSPITAL,COLDWATER,OH,45828,MERCER,88.0,25-99,Government - Hospital District or Authority,Government,False,False,Midwest,25-99_non_teaching_government,3
360059,METROHEALTH SYSTEM,CLEVELAND,OH,44109,CUYAHOGA,702.0,600+,Voluntary non-profit - Other,Nonprofit,True,True,Midwest,600+_teaching_nonprofit,3
360064,ST ELIZABETH YOUNGSTOWN HOSPITAL,YOUNGSTOWN,OH,44501,MAHONING,628.0,600+,Voluntary non-profit - Church,Nonprofit,True,True,Midwest,600+_teaching_nonprofit,2
360065,FISHER-TITUS HOSPITAL,NORWALK,OH,44857,HURON,112.0,100-199,Voluntary non-profit - Private,Nonprofit,False,False,Midwest,100-199_non_teaching_nonprofit,4
360066,MERCY HEALTH-ST RITA'S MEDICAL CENTER,LIMA,OH,45801,ALLEN,424.0,400-599,Voluntary non-profit - Private,Nonprofit,True,True,Midwest,400-599_teaching_nonprofit,4
360068,PROMEDICA TOLEDO HOSPITAL,TOLEDO,OH,43606,LUCAS,794.0,600+,Voluntary non-profit - Private,Nonprofit,True,True,Midwest,600+_teaching_nonprofit,4
36006F,88th Medical Group (Wright-Patterson AFB),Wright-Patterson AFB,OH,45433,GREENE,350.0,200-399,Department of Defense,Other,False,True,Midwest,200-399_non_teaching_other,Not Available
360070,MERCY MEDICAL CENTER,CANTON,OH,44708,STARK,520.0,400-599,Voluntary non-profit - Private,Nonprofit,True,True,Midwest,400-599_teaching_nonprofit,2
360071,VAN WERT COUNTY HOSPITAL,VAN WERT,OH,45891,VAN WERT,120.0,100-199,Voluntary non-profit - Private,Nonprofit,True,False,Midwest,100-199_teaching_nonprofit,4
360072,FAIRFIELD MEDICAL CENTER,LANCASTER,OH,43130,FAIRFIELD,250.0,200-399,Voluntary non-profit - Other,Nonprofit,False,True,Midwest,200-399_non_teaching_nonprofit,2
360075,UH REGIONAL HOSPITALS,CHARDON,OH,44024,GEAUGA,213.0,200-399,Proprietary,For-Profit,True,True,Midwest,200-399_teaching_for_profit,4
360076,ATRIUM MEDICAL CENTER,FRANKLIN,OH,45005,WARREN,328.0,200-399,Voluntary non-profit - Private,Nonprofit,False,True,Midwest,200-399_non_teaching_nonprofit,4
360077,FAIRVIEW HOSPITAL,CLEVELAND,OH,44111,CUYAHOGA,468.0,400-599,Voluntary non-profit - Private,Nonprofit,True,True,Midwest,400-599_teaching_nonprofit,5
360078,UNIVERSITY HOSPITALS PORTAGE MEDICAL CENTER,RAVENNA,OH,44266,PORTAGE,302.0,200-399,Voluntary non-profit - Private,Nonprofit,True,True,Midwest,200-399_teaching_nonprofit,3
360079,KETTERING HEALTH MAIN CAMPUS,KETTERING,OH,45429,MONTGOMERY,494.0,400-599,Voluntary non-profit - Church,Nonprofit,True,True,Midwest,400-599_teaching_nonprofit,3
36007F,DAYTON VA MEDICAL CENTER,DAYTON,OH,45428,MONTGOMERY,762.0,600+,Veterans Health Administration,Other,False,True,Midwest,600+_non_teaching_other,4
360080,EAST OHIO REGIONAL HOSPITAL,MARTINS FERRY,OH,43935,BELMONT,161.0,100-199,Voluntary non-profit - Other,Nonprofit,False,True,Midwest,100-199_non_teaching_nonprofit,2
360082,EUCLID HOSPITAL,EUCLID,OH,44119,CUYAHOGA,148.0,100-199,Voluntary non-profit - Other,Nonprofit,False,True,Midwest,100-199_non_teaching_nonprofit,3
360084,AULTMAN HOSPITAL,CANTON,OH,44710,STARK,808.0,600+,Voluntary non-profit - Other,Nonprofit,True,True,Midwest,600+_teaching_nonprofit,3
360085,OHIO STATE UNIVERSITY STATE HEALTH SYSTEM,COLUMBUS,OH,43210,FRANKLIN,971.0,600+,Government - State,Government,True,True,Midwest,600+_teaching_government,3
360086,SPRINGFIELD REGIONAL MEDICAL CENTER,SPRINGFIELD,OH,45504,CLARK,254.0,200-399,Voluntary non-profit - Private,Nonprofit,False,True,Midwest,200-399_non_teaching_nonprofit,3
360087,LUTHERAN HOSPITAL,CLEVELAND,OH,44113,CUYAHOGA,203.0,200-399,Voluntary non-profit - Private,Nonprofit,False,True,Midwest,200-399_non_teaching_nonprofit,3
360089,MERCY HEALTH - TIFFIN HOSPITAL,TIFFIN,OH,44883,SENECA,120.0,100-199,Voluntary non-profit - Church,Nonprofit,False,False,Midwest,100-199_non_teaching_nonprofit,4
36008F,CHILLICOTHE VA MEDICAL CENTER,CHILLICOTHE,OH,45601,ROSS,96.0,25-99,Veterans Health Administration,Other,False,False,Midwest,25-99_non_teaching_other,Not Available
360091,MEDINA HOSPITAL,MEDINA,OH,44256,MEDINA,157.0,100-199,Voluntary non-profit - Private,Nonprofit,False,True,Midwest,100-199_non_teaching_nonprofit,5
360092,MEMORIAL HOSPITAL,MARYSVILLE,OH,43040,UNION,97.0,25-99,Government - Local,Government,False,True,Midwest,25-99_non_teaching_government,5
360095,BLANCHARD VALLEY HOSPITAL,FINDLAY,OH,45840,HANCOCK,239.0,200-399,Voluntary non-profit - Other,Nonprofit,False,False,Midwest,200-399_non_teaching_nonprofit,3
360096,EAST LIVERPOOL CITY HOSPITAL,EAST LIVERPOOL,OH,43920,COLUMBIANA,144.0,100-199,Voluntary non-profit - Private,Nonprofit,False,False,Midwest,100-199_non_teaching_nonprofit,4
360098,LAKE HEALTH,CONCORD,OH,44077,LAKE,399.0,200-399,Voluntary non-profit - Private,Nonprofit,False,True,Midwest,200-399_non_teaching_nonprofit,3
360107,BELLEVUE HOSPITAL,BELLEVUE,OH,44811,SANDUSKY,70.0,25-99,Voluntary non-profit - Other,Nonprofit,False,False,Midwest,25-99_non_teaching_nonprofit,3
360109,COSHOCTON REGIONAL MEDICAL CENTER,COSHOCTON,OH,43812,COSHOCTON,165.0,100-199,Voluntary non-profit - Private,Nonprofit,False,False,Midwest,100-199_non_teaching_nonprofit,Not Available
360112,MERCY ST VINCENT MEDICAL CENTER,TOLEDO,OH,43608,LUCAS,568.0,400-599,Voluntary non-profit - Church,Nonprofit,True,True,Midwest,400-599_teaching_nonprofit,3
360118,OHIOHEALTH MANSFIELD HOSPITAL,MANSFIELD,OH,44903,RICHLAND,358.0,200-399,Voluntary non-profit - Private,Nonprofit,False,True,Midwest,200-399_non_teaching_nonprofit,2
360121,COMMUNITY HOSPITALS AND WELLNESS CENTERS,BRYAN,OH,43506,WILLIAMS,70.0,25-99,Voluntary non-profit - Other,Nonprofit,False,False,Midwest,25-99_non_teaching_nonprofit,4
360123,UH ST JOHN MEDICAL CENTER,WESTLAKE,OH,44145,CUYAHOGA,240.0,200-399,Voluntary non-profit - Private,Nonprofit,True,True,Midwest,200-399_teaching_nonprofit,4
360125,ASHTABULA COUNTY MEDICAL CENTER,ASHTABULA,OH,44004,ASHTABULA,249.0,200-399,Voluntary non-profit - Private,Nonprofit,False,False,Midwest,200-399_non_teaching_nonprofit,3
360131,ALLIANCE COMMUNITY HOSPITAL,ALLIANCE,OH,44601,STARK,207.0,200-399,Voluntary non-profit - Private,Nonprofit,False,True,Midwest,200-399_non_teaching_nonprofit,4
360132,FORT HAMILTON HUGHES MEMORIAL HOSPITAL,HAMILTON,OH,45013,BUTLER,220.0,200-399,Voluntary non-profit - Private,Nonprofit,False,True,Midwest,200-399_non_teaching_nonprofit,3
360133,KETTERING HEALTH DAYTON,DAYTON,OH,45405,MONTGOMERY,417.0,400-599,Voluntary non-profit - Other,Nonprofit,True,True,Midwest,400-599_teaching_nonprofit,2
360134,GOOD SAMARITAN HOSPITAL,CINCINNATI,OH,45220,HAMILTON,672.0,600+,Voluntary non-profit - Private,Nonprofit,True,True,Midwest,600+_teaching_nonprofit,3
360137,UH CLEVELAND MEDICAL CENTER,CLEVELAND,OH,44106,CUYAHOGA,1037.0,600+,Voluntary non-profit - Private,Nonprofit,True,True,Midwest,600+_teaching_nonprofit,3
360143,MARYMOUNT HOSPITAL,GARFIELD HEIGHTS,OH,44125,CUYAHOGA,349.0,200-399,Voluntary non-profit - Private,Nonprofit,False,True,Midwest,200-399_non_teaching_nonprofit,5
360144,SOUTH POINTE HOSPITAL,WARRENSVILLE HEIGHTS,OH,44122,CUYAHOGA,180.0,100-199,Voluntary non-profit - Other,Nonprofit,False,True,Midwest,100-199_non_teaching_nonprofit,4
360145,UNIVERSITY HOSPITALS - ELYRIA MEDICAL CENTER,ELYRIA,OH,44035,LORAIN,400.0,400-599,Voluntary non-profit - Private,Nonprofit,False,True,Midwest,400-599_non_teaching_nonprofit,4
360147,MARIETTA MEMORIAL HOSPITAL,MARIETTA,OH,45750,WASHINGTON,204.0,200-399,Voluntary non-profit - Other,Nonprofit,False,False,Midwest,200-399_non_teaching_nonprofit,3
360148,POMERENE HOSPITAL,MILLERSBURG,OH,44654,HOLMES,55.0,25-99,Voluntary non-profit - Private,Nonprofit,False,False,Midwest,25-99_non_teaching_nonprofit,Not Available
360150,SUMMA WESTERN RESERVE HOSPITAL,CUYAHOGA FALLS,OH,44223,SUMMIT,258.0,200-399,Voluntary non-profit - Other,Nonprofit,True,True,Midwest,200-399_teaching_nonprofit,4
360152,DOCTORS HOSPITAL,COLUMBUS,OH,43228,FRANKLIN,262.0,200-399,Voluntary non-profit - Church,Nonprofit,True,True,Midwest,200-399_teaching_nonprofit,4
360155,SOUTHWEST GENERAL HEALTH CENTER,MIDDLEBURG HEIGHTS,OH,44130,CUYAHOGA,346.0,200-399,Voluntary non-profit - Private,Nonprofit,False,True,Midwest,200-399_non_teaching_nonprofit,4
360156,MEMORIAL HOSPITAL,FREMONT,OH,43420,SANDUSKY,179.0,100-199,Voluntary non-profit - Other,Nonprofit,False,False,Midwest,100-199_non_teaching_nonprofit,3
360159,ADENA REGIONAL MEDICAL CENTER,CHILLICOTHE,OH,45601,ROSS,261.0,200-399,Voluntary non-profit - Private,Nonprofit,False,False,Midwest,200-399_non_teaching_nonprofit,3
360161,MH ST JOSEPH WARREN HOSPITAL,WARREN,OH,44484,TRUMBULL,219.0,200-399,Voluntary non-profit - Private,Nonprofit,True,True,Midwest,200-399_teaching_nonprofit,2
360163,CHRIST HOSPITAL,CINCINNATI,OH,45219,HAMILTON,621.0,600+,Voluntary non-profit - Private,Nonprofit,True,True,Midwest,600+_teaching_nonprofit,5
360170,BERGER HOSPITAL,CIRCLEVILLE,OH,43113,PICKAWAY,94.0,25-99,Government - Local,Government,False,True,Midwest,25-99_non_teaching_government,2
360172,MERCY REGIONAL MEDICAL CENTER,LORAIN,OH,44053,LORAIN,317.0,200-399,Voluntary non-profit - Private,Nonprofit,True,True,Midwest,200-399_teaching_nonprofit,2
360174,UPPER VALLEY MEDICAL CENTER,TROY,OH,45373,MIAMI,178.0,100-199,Voluntary non-profit - Private,Nonprofit,False,True,Midwest,100-199_non_teaching_nonprofit,4
360175,CLINTON MEMORIAL HOSPITAL,WILMINGTON,OH,45177,CLINTON,143.0,100-199,Government - Local,Government,True,False,Midwest,100-199_teaching_government,2
360179,BETHESDA NORTH,CINCINNATI,OH,45242,HAMILTON,465.0,400-599,Voluntary non-profit - Church,Nonprofit,True,True,Midwest,400-599_teaching_nonprofit,3
360180,CLEVELAND CLINIC,CLEVELAND,OH,44195,CUYAHOGA,1267.0,600+,Voluntary non-profit - Private,Nonprofit,True,True,Midwest,600+_teaching_nonprofit,5
360185,SALEM REGIONAL MEDICAL CENTER,SALEM,OH,44460,COLUMBIANA,252.0,200-399,Voluntary non-profit - Private,Nonprofit,False,False,Midwest,200-399_non_teaching_nonprofit,2
360189,MADISON HEALTH,LONDON,OH,43140,MADISON,107.0,100-199,Voluntary non-profit - Private,Nonprofit,False,True,Midwest,100-199_non_teaching_nonprofit,Not Available
360197,MARY RUTAN HOSPITAL,BELLEFONTAINE,OH,43311,LOGAN,115.0,100-199,Voluntary non-profit - Private,Nonprofit,False,False,Midwest,100-199_non_teaching_nonprofit,3
360203,SOUTHEASTERN OHIO REGIONAL MEDICAL CENTER,CAMBRIDGE,OH,43725,GUERNSEY,221.0,200-399,Voluntary non-profit - Private,Nonprofit,False,False,Midwest,200-399_non_teaching_nonprofit,3
360210,GRADY MEMORIAL HOSPITAL,DELAWARE,OH,43015,DELAWARE,130.0,100-199,Voluntary non-profit - Private,Nonprofit,False,True,Midwest,100-199_non_teaching_nonprofit,4
360211,TRINITY MEDICAL CTR EAST &TRINITY MEDICAL CTR WEST,STEUBENVILLE,OH,43952,JEFFERSON,519.0,400-599,Voluntary non-profit - Other,Nonprofit,True,True,Midwest,400-599_teaching_nonprofit,2
360218,LICKING MEMORIAL HOSPITAL,NEWARK,OH,43055,LICKING,227.0,200-399,Voluntary non-profit - Private,Nonprofit,False,True,Midwest,200-399_non_teaching_nonprofit,2
360230,HILLCREST HOSPITAL,MAYFIELD HEIGHTS,OH,44124,CUYAHOGA,532.0,400-599,Voluntary non-profit - Private,Nonprofit,False,True,Midwest,400-599_non_teaching_nonprofit,5
360234,MERCY HEALTH - WEST HOSPITAL,CINCINNATI,OH,45211,HAMILTON,297.0,200-399,Voluntary non-profit - Private,Nonprofit,False,True,Midwest,200-399_non_teaching_nonprofit,4
360236,MERCY HEALTH - CLERMONT HOSPITAL,BATAVIA,OH,45103,CLERMONT,157.0,100-199,Voluntary non-profit - Church,Nonprofit,False,True,Midwest,100-199_non_teaching_nonprofit,4
360239,KETTERING HEALTH MIAMISBURG,MIAMISBURG,OH,45342,MONTGOMERY,190.0,100-199,Voluntary non-profit - Church,Nonprofit,True,True,Midwest,100-199_teaching_nonprofit,3
360245,GLENBEIGH HEALTH SOURCES,ROCK CREEK,OH,44084,ASHTABULA,114.0,100-199,Proprietary,For-Profit,False,False,Midwest,100-199_non_teaching_for_profit,Not Available
360259,BAY PARK COMMUNITY HOSPITAL,OREGON,OH,43616,LUCAS,92.0,25-99,Voluntary non-profit - Other,Nonprofit,False,True,Midwest,25-99_non_teaching_nonprofit,3
360263,INSTITUTE FOR ORTHOPAEDIC SURGERY,LIMA,OH,45804,ALLEN,3.0,1-24,Proprietary,For-Profit,False,True,Midwest,1-24_non_teaching_for_profit,Not Available
360266,MOUNT CARMEL NEW ALBANY SURGICAL HOSPITAL,NEW ALBANY,OH,43054,FRANKLIN,42.0,25-99,Proprietary,For-Profit,False,True,Midwest,25-99_non_teaching_for_profit,Not Available
360270,MERCY HEALTH - DEFIANCE HOSPITAL,DEFIANCE,OH,43512,DEFIANCE,23.0,1-24,Proprietary,For-Profit,False,False,Midwest,1-24_non_teaching_for_profit,3
360276,HMHP ST ELIZABETH BOARDMAN HEALTH CENTER,BOARDMAN,OH,44512,MAHONING,306.0,200-399,Voluntary non-profit - Church,Nonprofit,False,True,Midwest,200-399_non_teaching_nonprofit,3
360348,DUBLIN METHODIST HOSPITAL,DUBLIN,OH,43016,FRANKLIN,107.0,100-199,Voluntary non-profit - Private,Nonprofit,False,True,Midwest,100-199_non_teaching_nonprofit,3
360351,CRYSTAL CLINIC ORTHOPAEDIC CENTER,AKRON,OH,44310,SUMMIT,94.0,25-99,Proprietary,For-Profit,False,True,Midwest,25-99_non_teaching_for_profit,5
360352,SURGICAL HOSPITAL AT SOUTHWOODS,YOUNGSTOWN,OH,44512,MAHONING,36.0,25-99,Proprietary,For-Profit,False,True,Midwest,25-99_non_teaching_for_profit,4
360354,WEST CHESTER HOSPITAL,WEST CHESTER,OH,45069,BUTLER,162.0,100-199,Voluntary non-profit - Private,Nonprofit,False,True,Midwest,100-199_non_teaching_nonprofit,3
360355,OHIO VALLEY SURGICAL HOSPITAL,SPRINGFIELD,OH,45502,CLARK,24.0,1-24,Voluntary non-profit - Private,Nonprofit,False,True,Midwest,1-24_non_teaching_nonprofit,Not Available
360358,DILEY RIDGE MEDICAL CENTER,CANAL WINCHESTER,OH,43110,FRANKLIN,10.0,1-24,Voluntary non-profit - Private,Nonprofit,True,True,Midwest,1-24_teaching_nonprofit,Not Available
360359,UNIVERSITY HOSPITALS AHUJA MEDICAL CENTER,BEACHWOOD,OH,44122,CUYAHOGA,144.0,100-199,Voluntary non-profit - Private,Nonprofit,False,True,Midwest,100-199_non_teaching_nonprofit,3
360360,SOIN MEDICAL CENTER,BEAVER CREEK,OH,45431,GREENE,206.0,200-399,Voluntary non-profit - Private,Nonprofit,False,True,Midwest,200-399_non_teaching_nonprofit,4
360361,KINGS DAUGHTERS MEDICAL CENTER OHIO,PORTSMOUTH,OH,45662,SCIOTO,10.0,1-24,Voluntary non-profit - Private,Nonprofit,False,False,Midwest,1-24_non_teaching_nonprofit,Not Available
360364,CLEVELAND CLINIC AVON HOSPITAL,AVON,OH,44011,LORAIN,126.0,100-199,Voluntary non-profit - Private,Nonprofit,True,True,Midwest,100-199_teaching_nonprofit,5
360365,AVITA ONTARIO,ONTARIO,OH,44906,RICHLAND,26.0,25-99,Voluntary non-profit - Private,Nonprofit,False,True,Midwest,25-99_non_teaching_nonprofit,3
360367,LAKE HEALTH BEACHWOOD MEDICAL CENTER,BEACHWOOD,OH,44122,CUYAHOGA,24.0,1-24,Proprietary,For-Profit,False,True,Midwest,1-24_non_teaching_for_profit,Not Available
360368,KETTERING HEALTH TROY,TROY,OH,45373,MIAMI,28.0,25-99,Voluntary non-profit - Private,Nonprofit,False,True,Midwest,25-99_non_teaching_nonprofit,4
360374,MERCY HEALTH KINGS MILLS HOSPITAL LLC,MASON,OH,45040,WARREN,60.0,25-99,Voluntary non-profit - Private,Nonprofit,False,True,Midwest,25-99_non_teaching_nonprofit,Not Available
360375,MOUNT CARMEL DUBLIN,DUBLIN,OH,43016,FRANKLIN,30.0,25-99,Voluntary non-profit - Church,Nonprofit,False,True,Midwest,25-99_non_teaching_nonprofit,Not Available
370001,HILLCREST MEDICAL CENTER,TULSA,OK,74104,TULSA,620.0,600+,Proprietary,For-Profit,True,True,South,600+_teaching_for_profit,3
370002,ALLIANCEHEALTH WOODWARD,WOODWARD,OK,73801,WOODWARD,87.0,25-99,Proprietary,For-Profit,False,False,South,25-99_non_teaching_for_profit,2
370004,INTEGRIS MIAMI HOSPITAL,MIAMI,OK,74355,OTTAWA,117.0,100-199,Voluntary non-profit - Other,Nonprofit,False,False,South,100-199_non_teaching_nonprofit,Not Available
370006,INTEGRIS HEALTH PONCA CITY,PONCA CITY,OK,74601,KAY,140.0,100-199,Voluntary non-profit - Other,Nonprofit,False,False,South,100-199_non_teaching_nonprofit,3
370008,NORMAN REGIONAL,NORMAN,OK,73072,CLEVELAND,387.0,200-399,Government - Hospital District or Authority,Government,True,True,South,200-399_teaching_government,3
370013,"MERCY HOSPITAL OKLAHOMA CITY, INC",OKLAHOMA CITY,OK,73120,OKLAHOMA,385.0,200-399,Voluntary non-profit - Church,Nonprofit,False,True,South,200-399_non_teaching_nonprofit,4
370014,ALLIANCEHEALTH DURANT,DURANT,OK,74702,BRYAN,148.0,100-199,Proprietary,For-Profit,False,False,South,100-199_non_teaching_for_profit,1
370015,HILLCREST HOSPITAL PRYOR,PRYOR,OK,74361,MAYES,48.0,25-99,Proprietary,For-Profit,False,False,South,25-99_non_teaching_for_profit,Not Available
370016,INTEGRIS HEALTH ENID HOSPITAL,ENID,OK,73701,GARFIELD,183.0,100-199,Voluntary non-profit - Private,Nonprofit,False,True,South,100-199_non_teaching_nonprofit,4
370018,ASCENSION ST JOHN JANE PHILLIPS,BARTLESVILLE,OK,74006,WASHINGTON,133.0,100-199,Voluntary non-profit - Private,Nonprofit,False,False,South,100-199_non_teaching_nonprofit,3
370019,GREAT PLAINS REGIONAL MEDICAL CENTER,ELK CITY,OK,73644,BECKHAM,62.0,25-99,Voluntary non-profit - Private,Nonprofit,False,False,South,25-99_non_teaching_nonprofit,2
370020,MERCY HOSPITAL ADA,ADA,OK,74820,PONTOTOC,159.0,100-199,Voluntary non-profit - Private,Nonprofit,False,False,South,100-199_non_teaching_nonprofit,4
370022,JACKSON COUNTY MEMORIAL HOSPITAL AUTHORITY,ALTUS,OK,73521,JACKSON,49.0,25-99,Government - Hospital District or Authority,Government,False,False,South,25-99_non_teaching_government,4
370023,"DUNCAN REGIONAL HOSPITAL, INC",DUNCAN,OK,73533,STEPHENS,110.0,100-199,Voluntary non-profit - Private,Nonprofit,False,False,South,100-199_non_teaching_nonprofit,4
370025,SAINT FRANCIS HOSPITAL MUSKOGEE,MUSKOGEE,OK,74401,MUSKOGEE,325.0,200-399,Voluntary non-profit - Private,Nonprofit,False,False,South,200-399_non_teaching_nonprofit,4
370026,ST MARY'S REGIONAL MEDICAL CENTER,ENID,OK,73701,GARFIELD,229.0,200-399,Proprietary,For-Profit,False,True,South,200-399_non_teaching_for_profit,4
370028,"INTEGRIS BAPTIST MEDICAL CENTER, INC",OKLAHOMA CITY,OK,73112,OKLAHOMA,876.0,600+,Voluntary non-profit - Private,Nonprofit,True,True,South,600+_teaching_nonprofit,3
370034,MCALESTER REGIONAL HEALTH CENTER,MCALESTER,OK,74501,PITTSBURG,149.0,100-199,Government - Hospital District or Authority,Government,True,False,South,100-199_teaching_government,3
370037,SSM HEALTH ST ANTHONY HOSPITAL - OKLAHOMA CITY,OKLAHOMA CITY,OK,73101,OKLAHOMA,686.0,600+,Voluntary non-profit - Church,Nonprofit,True,True,South,600+_teaching_nonprofit,3
370039,HILLCREST HOSPITAL CLAREMORE,CLAREMORE,OK,74017,ROGERS,49.0,25-99,Proprietary,For-Profit,False,True,South,25-99_non_teaching_for_profit,3
370047,"MERCY HOSPITAL ARDMORE, INC",ARDMORE,OK,73401,CARTER,190.0,100-199,Voluntary non-profit - Church,Nonprofit,False,False,South,100-199_non_teaching_nonprofit,4
370049,STILLWATER MEDICAL CENTER,STILLWATER,OK,74076,PAYNE,130.0,100-199,Government - Hospital District or Authority,Government,True,False,South,100-199_teaching_government,4
370054,GRADY MEMORIAL HOSPITAL,CHICKASHA,OK,73018,GRADY,57.0,25-99,Government - Hospital District or Authority,Government,False,True,South,25-99_non_teaching_government,3
370056,COMANCHE COUNTY MEMORIAL HOSPITAL,LAWTON,OK,73505,COMANCHE,265.0,200-399,Government - Hospital District or Authority,Government,True,True,South,200-399_teaching_government,1
370057,MUSCOGEE (CREEK) NATION MEDICAL CENTER,OKMULGEE,OK,74447,OKMULGEE,66.0,25-99,Tribal,Government,False,True,South,25-99_non_teaching_government,Not Available
370078,OKLAHOMA STATE UNIVERSITY MEDICAL CENTER,TULSA,OK,74127,TULSA,195.0,100-199,Voluntary non-profit - Other,Nonprofit,True,True,South,100-199_teaching_nonprofit,2
370083,PUSHMATAHA HOSPITAL,ANTLERS,OK,74523,PUSHMATAHA,23.0,1-24,Government - Hospital District or Authority,Government,False,False,South,1-24_non_teaching_government,Not Available
370089,NORTHEASTERN HEALTH SYSTEM,TAHLEQUAH,OK,74465,CHEROKEE,98.0,25-99,Government - Hospital District or Authority,Government,True,False,South,25-99_teaching_government,2
370091,"SAINT FRANCIS HOSPITAL, INC",TULSA,OK,74136,TULSA,1088.0,600+,Voluntary non-profit - Private,Nonprofit,True,True,South,600+_teaching_nonprofit,4
370093,O U MEDICAL CENTER,OKLAHOMA CITY,OK,73104,OKLAHOMA,910.0,600+,Voluntary non-profit - Private,Nonprofit,True,True,South,600+_teaching_nonprofit,2
370094,SSM HEALTH ST ANTHONY HOSPITAL - MIDWEST,MIDWEST CITY,OK,73110,OKLAHOMA,255.0,200-399,Voluntary non-profit - Private,Nonprofit,False,True,South,200-399_non_teaching_nonprofit,2
370097,SOUTHWESTERN MEDICAL CENTER,LAWTON,OK,73505,COMANCHE,199.0,100-199,Proprietary,For-Profit,False,True,South,100-199_non_teaching_for_profit,3
370099,HILLCREST HOSPITAL CUSHING,CUSHING,OK,74023,PAYNE,99.0,25-99,Proprietary,For-Profit,False,False,South,25-99_non_teaching_for_profit,Not Available
370100,CHOCTAW MEMORIAL HOSPITAL,HUGO,OK,74743,CHOCTAW,34.0,25-99,Government - Hospital District or Authority,Government,False,False,South,25-99_non_teaching_government,2
370106,INTEGRIS SOUTHWEST MEDICAL CENTER,OKLAHOMA CITY,OK,73109,OKLAHOMA,334.0,200-399,Voluntary non-profit - Private,Nonprofit,True,True,South,200-399_teaching_nonprofit,3
370112,SEQUOYAH COUNTY-CITY OF SALLISAW HOSPITAL AUTHORIT,SALLISAW,OK,74955,SEQUOYAH,41.0,25-99,Government - Local,Government,True,True,South,25-99_teaching_government,Not Available
370113,INTEGRIS GROVE HOSPITAL,GROVE,OK,74344,DELAWARE,58.0,25-99,Voluntary non-profit - Private,Nonprofit,False,False,South,25-99_non_teaching_nonprofit,3
370114,ASCENSION ST JOHN MEDICAL CENTER,TULSA,OK,74104,TULSA,703.0,600+,Voluntary non-profit - Private,Nonprofit,True,True,South,600+_teaching_nonprofit,2
37012F,MUSKOGEE VA MEDICAL CENTER,MUSKOGEE,OK,74401,MUSKOGEE,315.0,200-399,Veterans Health Administration,Other,False,False,South,200-399_non_teaching_other,5
370149,SSM HEALTH ST ANTHONY HOSPITAL - SHAWNEE,SHAWNEE,OK,74801,POTTAWATOMIE,96.0,25-99,Voluntary non-profit - Private,Nonprofit,False,False,South,25-99_non_teaching_nonprofit,3
37014F,OKLAHOMA CITY VA MEDICAL CENTER,OKLAHOMA CITY,OK,73104,OKLAHOMA,466.0,400-599,Veterans Health Administration,Other,False,True,South,400-599_non_teaching_other,2
370158,PURCELL MUNICIPAL HOSPITAL,PURCELL,OK,73080,MCCLAIN,39.0,25-99,Government - Local,Government,True,True,South,25-99_teaching_government,Not Available
370166,WAGONER COMMUNITY HOSPITAL,WAGONER,OK,74467,WAGONER,100.0,100-199,Government - Hospital District or Authority,Government,False,True,South,100-199_non_teaching_government,Not Available
370170,LAWTON INDIAN HOSPITAL,LAWTON,OK,73507,COMANCHE,26.0,25-99,Government - Federal,Government,False,True,South,25-99_non_teaching_government,Not Available
370171,CHEROKEE NATION W W HASTINGS INDIAN HOSPITAL,TAHLEQUAH,OK,74464,CHEROKEE,60.0,25-99,Voluntary non-profit - Other,Nonprofit,True,False,South,25-99_teaching_nonprofit,3
370172,CHOCTAW NATION HEALTH SERVICES AUTHORITY,TALIHINA,OK,74571,LATIMER,44.0,25-99,Tribal,Government,True,False,South,25-99_teaching_government,Not Available
370173,CLAREMORE INDIAN HOSPITAL,CLAREMORE,OK,74017,ROGERS,60.0,25-99,Government - Federal,Government,True,True,South,25-99_teaching_government,Not Available
370178,MEMORIAL HOSPITAL,STILWELL,OK,74960,ADAIR,67.0,25-99,Voluntary non-profit - Private,Nonprofit,False,False,South,25-99_non_teaching_nonprofit,4
370180,CHICKASAW NATION MEDICAL CENTER,ADA,OK,74820,PONTOTOC,48.0,25-99,Voluntary non-profit - Other,Nonprofit,False,False,South,25-99_non_teaching_nonprofit,5
370183,HILLCREST HOSPITAL HENRYETTA,HENRYETTA,OK,74437,OKMULGEE,41.0,25-99,Proprietary,For-Profit,False,True,South,25-99_non_teaching_for_profit,Not Available
370192,NORTHWEST SURGICAL HOSPITAL,OKLAHOMA CITY,OK,73120,OKLAHOMA,9.0,1-24,Physician,Other,True,True,South,1-24_teaching_other,Not Available
370199,"LAKESIDE WOMEN'S HOSPITAL, A MEMBER OF INTEGRIS HE",OKLAHOMA CITY,OK,73120,OKLAHOMA,23.0,1-24,Voluntary non-profit - Private,Nonprofit,False,True,South,1-24_non_teaching_nonprofit,Not Available
370201,SURGICAL HOSPITAL OF OKLAHOMA,OKLAHOMA CITY,OK,73129,OKLAHOMA,12.0,1-24,Physician,Other,True,True,South,1-24_teaching_other,Not Available
370202,HILLCREST HOSPITAL SOUTH,TULSA,OK,74133,TULSA,180.0,100-199,Proprietary,For-Profit,False,True,South,100-199_non_teaching_for_profit,4
370203,"COMMUNITY HOSPITAL, LLC",OKLAHOMA CITY,OK,73159,OKLAHOMA,45.0,25-99,Physician,Other,False,True,South,25-99_non_teaching_other,4
370206,OKLAHOMA SPINE HOSPITAL,OKLAHOMA CITY,OK,73134,OKLAHOMA,25.0,25-99,Physician,Other,False,True,South,25-99_non_teaching_other,Not Available
370210,"OKLAHOMA SURGICAL HOSPITAL, LLC",TULSA,OK,74137,TULSA,75.0,25-99,Physician,Other,False,True,South,25-99_non_teaching_other,4
370211,INTEGRIS CANADIAN VALLEY HOSPITAL,YUKON,OK,73099,CANADIAN,75.0,25-99,Voluntary non-profit - Private,Nonprofit,False,True,South,25-99_non_teaching_nonprofit,3
370212,OKLAHOMA CENTER FOR ORTHOPAEDIC & MULTI-SP,OKLAHOMA CITY,OK,73139,OKLAHOMA,6.0,1-24,Physician,Other,False,True,South,1-24_non_teaching_other,Not Available
370214,LINDSAY MUNICIPAL HOSPITAL,LINDSAY,OK,73052,GARVIN,26.0,25-99,Government - Hospital District or Authority,Government,False,False,South,25-99_non_teaching_government,Not Available
370215,"OKLAHOMA HEART HOSPITAL, LLC",OKLAHOMA CITY,OK,73120,OKLAHOMA,97.0,25-99,Physician,Other,False,True,South,25-99_non_teaching_other,5
370216,TULSA SPINE & SPECIALTY HOSPITAL,TULSA,OK,74132,TULSA,38.0,25-99,Proprietary,For-Profit,False,True,South,25-99_non_teaching_for_profit,Not Available
370218,"SAINT FRANCIS HOSPITAL SOUTH, LLC",TULSA,OK,74133,TULSA,104.0,100-199,Voluntary non-profit - Private,Nonprofit,True,True,South,100-199_teaching_nonprofit,5
370220,ONECORE HEALTH,OKLAHOMA CITY,OK,73114,OKLAHOMA,8.0,1-24,Voluntary non-profit - Other,Nonprofit,False,True,South,1-24_non_teaching_nonprofit,Not Available
370222,MCBRIDE ORTHOPEDIC HOSPITAL,OKLAHOMA CITY,OK,73114,OKLAHOMA,68.0,25-99,Physician,Other,False,True,South,25-99_non_teaching_other,Not Available
370225,"SUMMIT MEDICAL CENTER, LLC",EDMOND,OK,73034,OKLAHOMA,15.0,1-24,Physician,Other,False,True,South,1-24_non_teaching_other,Not Available
370227,ST JOHN OWASSO,OWASSO,OK,74055,TULSA,54.0,25-99,Voluntary non-profit - Private,Nonprofit,True,True,South,25-99_teaching_nonprofit,Not Available
370228,"BAILEY MEDICAL CENTER, LLC",OWASSO,OK,74055,TULSA,73.0,25-99,Proprietary,For-Profit,False,True,South,25-99_non_teaching_for_profit,4
370234,"OKLAHOMA HEART HOSPITAL SOUTH, LLC",OKLAHOMA CITY,OK,73135,OKLAHOMA,44.0,25-99,Physician,Other,False,True,South,25-99_non_teaching_other,5
370235,ASCENSION ST JOHN BROKEN ARROW,BROKEN ARROW,OK,74012,TULSA,62.0,25-99,Voluntary non-profit - Private,Nonprofit,True,True,South,25-99_teaching_nonprofit,5
370236,INTEGRIS HEALTH EDMOND HOSPITAL,EDMOND,OK,73034,OKLAHOMA,95.0,25-99,Voluntary non-profit - Private,Nonprofit,False,True,South,25-99_non_teaching_nonprofit,4
370237,"SAINT FRANCIS HOSPITAL VINITA, INC",VINITA,OK,74301,CRAIG,50.0,25-99,Voluntary non-profit - Private,Nonprofit,False,False,South,25-99_non_teaching_nonprofit,4
370240,INTEGRIS COMMUNITY HOSPITAL - COUNCIL CROSSING,OKLAHOMA CITY,OK,73162,OKLAHOMA,32.0,25-99,Proprietary,For-Profit,False,True,South,25-99_non_teaching_for_profit,Not Available
370243,VALLEY COMMUNITY HOSPITAL,PAULS VALLEY,OK,73075,GARVIN,43.0,25-99,Proprietary,For-Profit,False,False,South,25-99_non_teaching_for_profit,Not Available
370244,COUNCIL OAK COMPREHENSIVE HEALTHCARE,TULSA,OK,74133,TULSA,40.0,25-99,Tribal,Government,False,True,South,25-99_non_teaching_government,Not Available
370245,CLINTON REGIONAL HOSPITAL,CLINTON,OK,73601,CUSTER,22.0,1-24,Government - Local,Government,False,False,South,1-24_non_teaching_government,Not Available
370246,CARRUS LAKESIDE HOSPITAL,BRISTOW,OK,74010,CREEK,4.0,1-24,Proprietary,For-Profit,False,True,South,1-24_non_teaching_for_profit,Not Available
370247,EXCEPTIONAL COMMUNITY HOSPITAL ARDMORE,ARDMORE,OK,73401,CARTER,7.0,1-24,Proprietary,For-Profit,False,False,South,1-24_non_teaching_for_profit,Not Available
380001,MID-COLUMBIA MEDICAL CENTER,THE DALLES,OR,97058,WASCO,49.0,25-99,Voluntary non-profit - Other,Nonprofit,False,False,West,25-99_non_teaching_nonprofit,3
380002,ASANTE THREE RIVERS MEDICAL CENTER,GRANTS PASS,OR,97527,JOSEPHINE,150.0,100-199,Voluntary non-profit - Other,Nonprofit,False,True,West,100-199_non_teaching_nonprofit,5
380004,PROVIDENCE ST VINCENT MEDICAL CENTER,PORTLAND,OR,97225,WASHINGTON,523.0,400-599,Voluntary non-profit - Private,Nonprofit,True,True,West,400-599_teaching_nonprofit,4
380005,ASANTE ASHLAND COMMUNITY HOSPITAL,ASHLAND,OR,97520,JACKSON,49.0,25-99,Government - Local,Government,False,True,West,25-99_non_teaching_government,Not Available
380007,LEGACY EMANUEL MEDICAL CENTER,PORTLAND,OR,97227,MULTNOMAH,554.0,400-599,Voluntary non-profit - Private,Nonprofit,True,True,West,400-599_teaching_nonprofit,3
380009,OHSU HOSPITAL AND CLINICS,PORTLAND,OR,97239,MULTNOMAH,560.0,400-599,Voluntary non-profit - Other,Nonprofit,True,True,West,400-599_teaching_nonprofit,3
380014,GOOD SAMARITAN REGIONAL MEDICAL CENTER,CORVALLIS,OR,97339,BENTON,188.0,100-199,Voluntary non-profit - Private,Nonprofit,True,True,West,100-199_teaching_nonprofit,3
380017,LEGACY GOOD SAMARITAN MEDICAL CENTER,PORTLAND,OR,97210,MULTNOMAH,539.0,400-599,Voluntary non-profit - Private,Nonprofit,True,True,West,400-599_teaching_nonprofit,4
380018,ASANTE ROGUE REGIONAL MEDICAL CENTER,MEDFORD,OR,97504,JACKSON,378.0,200-399,Voluntary non-profit - Private,Nonprofit,True,True,West,200-399_teaching_nonprofit,4
380020,MCKENZIE-WILLAMETTE MEDICAL CENTER,SPRINGFIELD,OR,97477,LANE,113.0,100-199,Voluntary non-profit - Private,Nonprofit,False,True,West,100-199_non_teaching_nonprofit,4
380021,HILLSBORO MEDICAL CENTER,HILLSBORO,OR,97123,WASHINGTON,215.0,200-399,Voluntary non-profit - Private,Nonprofit,False,True,West,200-399_non_teaching_nonprofit,2
380022,SAMARITAN ALBANY GENERAL HOSPITAL,ALBANY,OR,97321,LINN,79.0,25-99,Voluntary non-profit - Church,Nonprofit,False,True,West,25-99_non_teaching_nonprofit,3
380025,LEGACY MOUNT HOOD MEDICAL CENTER,GRESHAM,OR,97030,MULTNOMAH,115.0,100-199,Voluntary non-profit - Private,Nonprofit,False,True,West,100-199_non_teaching_nonprofit,3
380027,MERCY MEDICAL CENTER,ROSEBURG,OR,97471,DOUGLAS,174.0,100-199,Government - Hospital District or Authority,Government,False,False,West,100-199_non_teaching_government,4
380029,LEGACY SILVERTON MEDICAL CENTER,SILVERTON,OR,97381,MARION,48.0,25-99,Voluntary non-profit - Private,Nonprofit,False,True,West,25-99_non_teaching_nonprofit,Not Available
380037,PROVIDENCE NEWBERG MEDICAL CENTER,NEWBERG,OR,97132,YAMHILL,40.0,25-99,Voluntary non-profit - Church,Nonprofit,False,True,West,25-99_non_teaching_nonprofit,3
380038,PROVIDENCE WILLAMETTE FALLS MEDICAL CENTER,OREGON CITY,OR,97045,CLACKAMAS,143.0,100-199,Voluntary non-profit - Private,Nonprofit,False,True,West,100-199_non_teaching_nonprofit,4
38003F,PORTLAND VA MEDICAL CENTER,PORTLAND,OR,97239,MULTNOMAH,540.0,400-599,Veterans Health Administration,Other,False,True,West,400-599_non_teaching_other,5
380047,ST CHARLES MEDICAL CENTER - BEND,BEND,OR,97701,DESCHUTES,231.0,200-399,Voluntary non-profit - Private,Nonprofit,False,True,West,200-399_non_teaching_nonprofit,4
38004F,VA ROSEBURG HEALTHCARE SYSTEM,ROSEBURG,OR,97471,DOUGLAS,518.0,400-599,Veterans Health Administration,Other,False,False,West,400-599_non_teaching_other,Not Available
380050,SKY LAKES MEDICAL CENTER,KLAMATH FALLS,OR,97601,KLAMATH,176.0,100-199,Voluntary non-profit - Private,Nonprofit,True,False,West,100-199_teaching_nonprofit,3
380051,SALEM HOSPITAL,SALEM,OR,97301,MARION,434.0,400-599,Voluntary non-profit - Other,Nonprofit,False,True,West,400-599_non_teaching_nonprofit,3
380052,SAINT ALPHONSUS MEDICAL CENTER ONTARIO,ONTARIO,OR,97914,MALHEUR,49.0,25-99,Voluntary non-profit - Church,Nonprofit,True,False,West,25-99_teaching_nonprofit,3
380056,SANTIAM HOSPITAL & CLINICS,STAYTON,OR,97383,MARION,40.0,25-99,Voluntary non-profit - Private,Nonprofit,False,True,West,25-99_non_teaching_nonprofit,2
380060,ADVENTIST HEALTH PORTLAND,PORTLAND,OR,97216,MULTNOMAH,302.0,200-399,Voluntary non-profit - Church,Nonprofit,False,True,West,200-399_non_teaching_nonprofit,4
380061,PROVIDENCE PORTLAND MEDICAL CENTER,PORTLAND,OR,97213,MULTNOMAH,483.0,400-599,Voluntary non-profit - Private,Nonprofit,True,True,West,400-599_teaching_nonprofit,4
380071,WILLAMETTE VALLEY MEDICAL CENTER,MCMINNVILLE,OR,97128,YAMHILL,88.0,25-99,Voluntary non-profit - Private,Nonprofit,False,True,West,25-99_non_teaching_nonprofit,2
380075,PROVIDENCE MEDFORD MEDICAL CENTER,MEDFORD,OR,97504,JACKSON,168.0,100-199,Voluntary non-profit - Church,Nonprofit,False,True,West,100-199_non_teaching_nonprofit,3
380082,PROVIDENCE MILWAUKIE HOSPITAL,MILWAUKIE,OR,97222,CLACKAMAS,77.0,25-99,Voluntary non-profit - Church,Nonprofit,True,True,West,25-99_teaching_nonprofit,3
380089,LEGACY MERIDIAN PARK MEDICAL CENTER,TUALATIN,OR,97062,WASHINGTON,150.0,100-199,Voluntary non-profit - Private,Nonprofit,False,True,West,100-199_non_teaching_nonprofit,2
380090,BAY AREA HOSPITAL,COOS BAY,OR,97420,COOS,172.0,100-199,Government - Hospital District or Authority,Government,False,False,West,100-199_non_teaching_government,2
380091,KAISER SUNNYSIDE MEDICAL CENTER,CLACKAMAS,OR,97015,CLACKAMAS,329.0,200-399,Voluntary non-profit - Other,Nonprofit,True,True,West,200-399_teaching_nonprofit,4
380102,SACRED HEART MEDICAL CENTER - RIVERBEND,SPRINGFIELD,OR,97477,LANE,347.0,200-399,Voluntary non-profit - Private,Nonprofit,False,True,West,200-399_non_teaching_nonprofit,4
380103,KAISER FOUNDATION HOSPITAL WESTSIDE,HILLSBORO,OR,97124,WASHINGTON,122.0,100-199,Voluntary non-profit - Private,Nonprofit,True,True,West,100-199_teaching_nonprofit,3
390001,GEISINGER-COMMUNITY MEDICAL CENTER,SCRANTON,PA,18510,LACKAWANNA,294.0,200-399,Voluntary non-profit - Private,Nonprofit,True,True,Northeast,200-399_teaching_nonprofit,3
390002,UPMC MCKEESPORT HOSPITAL,MC KEESPORT,PA,15132,ALLEGHENY,198.0,100-199,Voluntary non-profit - Private,Nonprofit,True,True,Northeast,100-199_teaching_nonprofit,3
390003,GEISINGER-BLOOMSBURG HOSPITAL,BLOOMSBURG,PA,17815,COLUMBIA,62.0,25-99,Voluntary non-profit - Private,Nonprofit,True,True,Northeast,25-99_teaching_nonprofit,4
390004,PENN STATE HEALTH HOLY SPIRIT MEDICAL CENTER,CAMP HILL,PA,17011,CUMBERLAND,307.0,200-399,Voluntary non-profit - Private,Nonprofit,False,True,Northeast,200-399_non_teaching_nonprofit,2
390006,GEISINGER MEDICAL CENTER,DANVILLE,PA,17822,MONTOUR,553.0,400-599,Voluntary non-profit - Private,Nonprofit,True,True,Northeast,400-599_teaching_nonprofit,4
390009,SAINT VINCENT HOSPITAL,ERIE,PA,16544,ERIE,348.0,200-399,Voluntary non-profit - Private,Nonprofit,True,True,Northeast,200-399_teaching_nonprofit,3
390012,JEFFERSON LANSDALE HOSPITAL,LANSDALE,PA,19446,MONTGOMERY,140.0,100-199,Voluntary non-profit - Private,Nonprofit,False,True,Northeast,100-199_non_teaching_nonprofit,2
390013,WELLSPAN EVANGELICAL COMMUNITY HOSPITAL,LEWISBURG,PA,17837,UNION,131.0,100-199,Voluntary non-profit - Private,Nonprofit,False,False,Northeast,100-199_non_teaching_nonprofit,5
390016,UPMC JAMESON,NEW CASTLE,PA,16105,LAWRENCE,175.0,100-199,Voluntary non-profit - Other,Nonprofit,False,False,Northeast,100-199_non_teaching_nonprofit,3
39001F,JAMES E. VAN ZANDT VA MEDICAL CENTER (ALTOONA),ALTOONA,PA,16602,BLAIR,68.0,25-99,Veterans Health Administration,Other,False,True,Northeast,25-99_non_teaching_other,4
390025,KENSINGTON HOSPITAL,PHILADELPHIA,PA,19122,PHILADELPHIA,31.0,25-99,Voluntary non-profit - Other,Nonprofit,False,True,Northeast,25-99_non_teaching_nonprofit,Not Available
390026,TEMPLE HEALTH - CHESTNUT HILL HOSPITAL,PHILADELPHIA,PA,19118,PHILADELPHIA,148.0,100-199,Voluntary non-profit - Private,Nonprofit,True,True,Northeast,100-199_teaching_nonprofit,2
390027,TEMPLE UNIVERSITY HOSPITAL,PHILADELPHIA,PA,19140,PHILADELPHIA,891.0,600+,Voluntary non-profit - Private,Nonprofit,True,True,Northeast,600+_teaching_nonprofit,3
390028,UPMC MERCY,PITTSBURGH,PA,15219,ALLEGHENY,435.0,400-599,Voluntary non-profit - Private,Nonprofit,True,True,Northeast,400-599_teaching_nonprofit,3
390030,SCHUYLKILL MEDICAL CENTER - SOUTH JACKSON STREET,POTTSVILLE,PA,17901,SCHUYLKILL,187.0,100-199,Voluntary non-profit - Private,Nonprofit,False,False,Northeast,100-199_non_teaching_nonprofit,3
390032,ALLEGHENY VALLEY HOSPITAL,NATRONA,PA,15065,ALLEGHENY,228.0,200-399,Voluntary non-profit - Private,Nonprofit,False,True,Northeast,200-399_non_teaching_nonprofit,4
390035,ST LUKE'S HOSPITAL - UPPER BUCKS CAMPUS,QUAKERTOWN,PA,18951,BUCKS,127.0,100-199,Proprietary,For-Profit,True,True,Northeast,100-199_teaching_for_profit,4
390036,HERITAGE VALLEY BEAVER,BEAVER,PA,15009,BEAVER,361.0,200-399,Voluntary non-profit - Private,Nonprofit,True,True,Northeast,200-399_teaching_nonprofit,3
390037,HERITAGE VALLEY SEWICKLEY,SEWICKLEY,PA,15143,ALLEGHENY,186.0,100-199,Voluntary non-profit - Private,Nonprofit,False,True,Northeast,100-199_non_teaching_nonprofit,4
390039,UPMC SOMERSET,SOMERSET,PA,15501,SOMERSET,111.0,100-199,Voluntary non-profit - Private,Nonprofit,False,False,Northeast,100-199_non_teaching_nonprofit,4
390041,UNIONTOWN HOSPITAL,UNIONTOWN,PA,15401,FAYETTE,190.0,100-199,Voluntary non-profit - Private,Nonprofit,False,True,Northeast,100-199_non_teaching_nonprofit,2
390042,"WASHINGTON HOSPITAL, THE",WASHINGTON,PA,15301,WASHINGTON,260.0,200-399,Voluntary non-profit - Private,Nonprofit,False,True,Northeast,200-399_non_teaching_nonprofit,3
390044,READING HOSPITAL,WEST READING,PA,19611,BERKS,744.0,600+,Voluntary non-profit - Private,Nonprofit,True,True,Northeast,600+_teaching_nonprofit,3
390045,UPMC WILLIAMSPORT,WILLIAMSPORT,PA,17701,LYCOMING,255.0,200-399,Voluntary non-profit - Private,Nonprofit,True,True,Northeast,200-399_teaching_nonprofit,3
390046,WELLSPAN YORK HOSPITAL,YORK,PA,17403,YORK,572.0,400-599,Voluntary non-profit - Private,Nonprofit,True,True,Northeast,400-599_teaching_nonprofit,4
390048,GEISINGER-LEWISTOWN HOSPITAL,LEWISTOWN,PA,17044,MIFFLIN,123.0,100-199,Voluntary non-profit - Private,Nonprofit,True,False,Northeast,100-199_teaching_nonprofit,5
390049,ST LUKES HOSPITAL BETHLEHEM,BETHLEHEM,PA,18015,NORTHAMPTON,817.0,600+,Voluntary non-profit - Private,Nonprofit,True,True,Northeast,600+_teaching_nonprofit,5
39004F,COATESVILLE VA MEDICAL CENTER,COATESVILLE,PA,19320,CHESTER,1010.0,600+,Veterans Health Administration,Other,False,True,Northeast,600+_non_teaching_other,Not Available
390050,ALLEGHENY GENERAL HOSPITAL,PITTSBURGH,PA,15212,ALLEGHENY,524.0,400-599,Voluntary non-profit - Private,Nonprofit,True,True,Northeast,400-599_teaching_nonprofit,2
390056,PENN HIGHLANDS HUNTINGDON,HUNTINGDON,PA,16652,HUNTINGDON,77.0,25-99,Voluntary non-profit - Private,Nonprofit,False,False,Northeast,25-99_non_teaching_nonprofit,2
390057,ST LUKE'S HOSPITAL - GRAND VIEW CAMPUS,SELLERSVILLE,PA,18960,BUCKS,250.0,200-399,Voluntary non-profit - Other,Nonprofit,False,True,Northeast,200-399_non_teaching_nonprofit,5
390058,UPMC CARLISLE,CARLISLE,PA,17015,CUMBERLAND,165.0,100-199,Voluntary non-profit - Private,Nonprofit,False,True,Northeast,100-199_non_teaching_nonprofit,3
39005F,ERIE VA MEDICAL CENTER,ERIE,PA,16504,ERIE,87.0,25-99,Veterans Health Administration,Other,False,True,Northeast,25-99_non_teaching_other,Not Available
390062,CONEMAUGH NASON MEDICAL CENTER,ROARING SPRING,PA,16673,BLAIR,45.0,25-99,Voluntary non-profit - Other,Nonprofit,False,True,Northeast,25-99_non_teaching_nonprofit,3
390063,UPMC HAMOT,ERIE,PA,16550,ERIE,343.0,200-399,Voluntary non-profit - Private,Nonprofit,True,True,Northeast,200-399_teaching_nonprofit,4
390065,GETTYSBURG HOSPITAL,GETTYSBURG,PA,17325,ADAMS,76.0,25-99,Voluntary non-profit - Private,Nonprofit,False,True,Northeast,25-99_non_teaching_nonprofit,4
390066,WELLSPAN GOOD SAMARITAN HOSPITAL,LEBANON,PA,17042,LEBANON,163.0,100-199,Voluntary non-profit - Private,Nonprofit,True,True,Northeast,100-199_teaching_nonprofit,5
390067,UPMC PINNACLE HOSPITALS,HARRISBURG,PA,17104,DAUPHIN,737.0,600+,Voluntary non-profit - Private,Nonprofit,True,True,Northeast,600+_teaching_nonprofit,4
390068,UPMC LITITZ,LITITZ,PA,17543,LANCASTER,148.0,100-199,Voluntary non-profit - Other,Nonprofit,True,True,Northeast,100-199_teaching_nonprofit,3
39006F,LEBANON VA MEDICAL CENTER,LEBANON,PA,17042,LEBANON,1069.0,600+,Veterans Health Administration,Other,False,True,Northeast,600+_non_teaching_other,5
390070,LOWER BUCKS HOSPITAL,BRISTOL,PA,19007,BUCKS,150.0,100-199,Proprietary,For-Profit,True,True,Northeast,100-199_teaching_for_profit,3
390073,UPMC ALTOONA,ALTOONA,PA,16601,BLAIR,398.0,200-399,Voluntary non-profit - Private,Nonprofit,True,True,Northeast,200-399_teaching_nonprofit,2
390079,ROBERT PACKER HOSPITAL,SAYRE,PA,18840,BRADFORD,307.0,200-399,Voluntary non-profit - Private,Nonprofit,True,False,Northeast,200-399_teaching_nonprofit,2
390086,PENN HIGHLANDS DUBOIS,DUBOIS,PA,15801,CLEARFIELD,244.0,200-399,Voluntary non-profit - Private,Nonprofit,True,False,Northeast,200-399_teaching_nonprofit,1
390090,WEST PENN HOSPITAL,PITTSBURGH,PA,15224,ALLEGHENY,500.0,400-599,Voluntary non-profit - Private,Nonprofit,True,True,Northeast,400-599_teaching_nonprofit,3
390091,UPMC NORTHWEST,SENECA,PA,16346,VENANGO,173.0,100-199,Voluntary non-profit - Other,Nonprofit,False,False,Northeast,100-199_non_teaching_nonprofit,4
390093,CLARION HOSPITAL,CLARION,PA,16214,CLARION,46.0,25-99,Voluntary non-profit - Private,Nonprofit,True,False,Northeast,25-99_teaching_nonprofit,2
390096,PENN STATE HEALTH ST. JOSEPH,READING,PA,19605,BERKS,240.0,200-399,Voluntary non-profit - Private,Nonprofit,True,True,Northeast,200-399_teaching_nonprofit,4
390097,HOLY REDEEMER HOSPITAL AND MEDICAL CENTER,MEADOWBROOK,PA,19046,MONTGOMERY,268.0,200-399,Voluntary non-profit - Church,Nonprofit,False,True,Northeast,200-399_non_teaching_nonprofit,2
39009F,PHILADELPHIA VA MEDICAL CENTER,PHILADELPHIA,PA,19104,PHILADELPHIA,390.0,200-399,Veterans Health Administration,Other,False,True,Northeast,200-399_non_teaching_other,5
390100,LANCASTER GENERAL HOSPITAL,LANCASTER,PA,17602,LANCASTER,632.0,600+,Voluntary non-profit - Private,Nonprofit,True,True,Northeast,600+_teaching_nonprofit,5
390101,UPMC MEMORIAL,YORK,PA,17408,YORK,128.0,100-199,Voluntary non-profit - Private,Nonprofit,False,True,Northeast,100-199_non_teaching_nonprofit,3
390102,UPMC ST MARGARET,PITTSBURGH,PA,15215,ALLEGHENY,250.0,200-399,Voluntary non-profit - Private,Nonprofit,True,True,Northeast,200-399_teaching_nonprofit,3
390107,UPMC PASSAVANT,PITTSBURGH,PA,15237,ALLEGHENY,346.0,200-399,Voluntary non-profit - Private,Nonprofit,False,True,Northeast,200-399_non_teaching_nonprofit,4
390110,CONEMAUGH MEMORIAL MEDICAL CENTER,JOHNSTOWN,PA,15905,CAMBRIA,486.0,400-599,Proprietary,For-Profit,True,True,Northeast,400-599_teaching_for_profit,2
390111,HOSPITAL OF UNIV OF PENNSYLVANIA,PHILADELPHIA,PA,19104,PHILADELPHIA,782.0,600+,Voluntary non-profit - Private,Nonprofit,True,True,Northeast,600+_teaching_nonprofit,5
390112,CHAN SOON- SHIONG MEDICAL CENTER AT WINDBER,WINDBER,PA,15963,SOMERSET,54.0,25-99,Voluntary non-profit - Private,Nonprofit,False,False,Northeast,25-99_non_teaching_nonprofit,3
390113,MEADVILLE MEDICAL CENTER,MEADVILLE,PA,16335,CRAWFORD,203.0,200-399,Voluntary non-profit - Private,Nonprofit,True,False,Northeast,200-399_teaching_nonprofit,3
390114,MAGEE WOMENS HOSPITAL OF UPMC HEALTH SYSTEM,PITTSBURGH,PA,15213,ALLEGHENY,363.0,200-399,Voluntary non-profit - Other,Nonprofit,True,True,Northeast,200-399_teaching_nonprofit,3
390115,JEFFERSON HEALTH- NORTHEAST,PHILADELPHIA,PA,19114,PHILADELPHIA,464.0,400-599,Voluntary non-profit - Private,Nonprofit,True,True,Northeast,400-599_teaching_nonprofit,1
390116,SUBURBAN COMMUNITY HOSPITAL,NORRISTOWN,PA,19401,MONTGOMERY,130.0,100-199,Voluntary non-profit - Private,Nonprofit,True,True,Northeast,100-199_teaching_nonprofit,3
390117,UPMC BEDFORD MEMORIAL,EVERETT,PA,15537,BEDFORD,49.0,25-99,Voluntary non-profit - Private,Nonprofit,False,False,Northeast,25-99_non_teaching_nonprofit,Not Available
390123,POTTSTOWN HOSPITAL,POTTSTOWN,PA,19464,MONTGOMERY,219.0,200-399,Voluntary non-profit - Private,Nonprofit,False,True,Northeast,200-399_non_teaching_nonprofit,2
390125,WAYNE MEMORIAL HOSPITAL,HONESDALE,PA,18431,WAYNE,83.0,25-99,Voluntary non-profit - Private,Nonprofit,False,False,Northeast,25-99_non_teaching_nonprofit,2
390127,PHOENIXVILLE HOSPITAL,PHOENIXVILLE,PA,19460,CHESTER,144.0,100-199,Voluntary non-profit - Private,Nonprofit,True,True,Northeast,100-199_teaching_nonprofit,3
39012F,VA PITTSBURGH HEALTHCARE SYSTEM - UNIV DR,PITTSBURGH,PA,15240,ALLEGHENY,686.0,600+,Veterans Health Administration,Other,False,True,Northeast,600+_non_teaching_other,3
390133,LEHIGH VALLEY HOSPITAL,ALLENTOWN,PA,18103,LEHIGH,1190.0,600+,Voluntary non-profit - Private,Nonprofit,True,True,Northeast,600+_teaching_nonprofit,4
390137,WILKES-BARRE GENERAL HOSPITAL,WILKES-BARRE,PA,18764,LUZERNE,369.0,200-399,Proprietary,For-Profit,False,True,Northeast,200-399_non_teaching_for_profit,1
390138,WELLSPAN WAYNESBORO HOSPITAL,WAYNESBORO,PA,17268,FRANKLIN,57.0,25-99,Voluntary non-profit - Private,Nonprofit,False,True,Northeast,25-99_non_teaching_nonprofit,4
390139,BRYN MAWR HOSPITAL,BRYN MAWR,PA,19010,MONTGOMERY,284.0,200-399,Voluntary non-profit - Private,Nonprofit,True,True,Northeast,200-399_teaching_nonprofit,4
39013F,WILKES BARRE VA MEDICAL CENTER,WILKES-BARRE,PA,18711,LUZERNE,291.0,200-399,Veterans Health Administration,Other,False,True,Northeast,200-399_non_teaching_other,5
390142,JEFFERSON EINSTEIN PHILADELPHIA HOSPITAL,PHILADELPHIA,PA,19141,PHILADELPHIA,783.0,600+,Voluntary non-profit - Other,Nonprofit,True,True,Northeast,600+_teaching_nonprofit,2
390145,EXCELA HEALTH WESTMORELAND REGIONAL HOSPITAL,GREENSBURG,PA,15601,WESTMORELAND,375.0,200-399,Voluntary non-profit - Other,Nonprofit,True,True,Northeast,200-399_teaching_nonprofit,4
390146,WARREN GENERAL HOSPITAL,WARREN,PA,16365,WARREN,85.0,25-99,Voluntary non-profit - Private,Nonprofit,False,False,Northeast,25-99_non_teaching_nonprofit,2
390147,PENN HIGHLANDS MON VALLEY,MONONGAHELA,PA,15063,WASHINGTON,210.0,200-399,Voluntary non-profit - Private,Nonprofit,True,True,Northeast,200-399_teaching_nonprofit,2
390150,UPMC GREENE,WAYNESBURG,PA,15370,GREENE,18.0,1-24,Voluntary non-profit - Private,Nonprofit,False,False,Northeast,1-24_non_teaching_nonprofit,Not Available
390151,WELLSPAN CHAMBERSBURG HOSPITAL,CHAMBERSBURG,PA,17201,FRANKLIN,274.0,200-399,Voluntary non-profit - Private,Nonprofit,False,True,Northeast,200-399_non_teaching_nonprofit,3
390153,PAOLI HOSPITAL,PAOLI,PA,19301,CHESTER,231.0,200-399,Voluntary non-profit - Private,Nonprofit,True,True,Northeast,200-399_teaching_nonprofit,5
390156,MERCY CATHOLIC MEDICAL CENTER- MERCY FITZGERALD,DARBY,PA,19023,DELAWARE,183.0,100-199,Voluntary non-profit - Private,Nonprofit,True,True,Northeast,100-199_teaching_nonprofit,2
390160,CANONSBURG GENERAL HOSPITAL,CANONSBURG,PA,15317,WASHINGTON,104.0,100-199,Voluntary non-profit - Private,Nonprofit,False,True,Northeast,100-199_non_teaching_nonprofit,Not Available
390162,ST LUKE'S HOSPITAL - EASTON CAMPUS,EASTON,PA,18042,NORTHAMPTON,164.0,100-199,Voluntary non-profit - Private,Nonprofit,True,True,Northeast,100-199_teaching_nonprofit,3
390163,ACMH HOSPITAL,KITTANNING,PA,16201,ARMSTRONG,154.0,100-199,Voluntary non-profit - Private,Nonprofit,False,True,Northeast,100-199_non_teaching_nonprofit,2
390164,UPMC PRESBYTERIAN SHADYSIDE,PITTSBURGH,PA,15213,ALLEGHENY,1577.0,600+,Voluntary non-profit - Private,Nonprofit,True,True,Northeast,600+_teaching_nonprofit,4
390168,INDEPENDENCE HEALTH SYSTEM BUTLER MEMORIAL HOSPITA,BUTLER,PA,16001,BUTLER,294.0,200-399,Voluntary non-profit - Private,Nonprofit,False,True,Northeast,200-399_non_teaching_nonprofit,2
390173,INDIANA REGIONAL MEDICAL CENTER,INDIANA,PA,15701,INDIANA,166.0,100-199,Voluntary non-profit - Private,Nonprofit,False,False,Northeast,100-199_non_teaching_nonprofit,3
390174,THOMAS JEFFERSON UNIVERSITY HOSPITAL,PHILADELPHIA,PA,19107,PHILADELPHIA,925.0,600+,Voluntary non-profit - Private,Nonprofit,True,True,Northeast,600+_teaching_nonprofit,3
390178,UPMC HORIZON,GREENVILLE,PA,16125,MERCER,201.0,200-399,Voluntary non-profit - Private,Nonprofit,True,True,Northeast,200-399_teaching_nonprofit,3
390179,CHESTER COUNTY HOSPITAL,WEST CHESTER,PA,19380,CHESTER,319.0,200-399,Voluntary non-profit - Private,Nonprofit,False,True,Northeast,200-399_non_teaching_nonprofit,4
390180,CROZER CHESTER MEDICAL CENTER,UPLAND,PA,19013,DELAWARE,672.0,600+,Voluntary non-profit - Other,Nonprofit,True,True,Northeast,600+_teaching_nonprofit,2
390183,ST LUKE'S MINERS MEMORIAL HOSPITAL,COALDALE,PA,18218,SCHUYLKILL,49.0,25-99,Voluntary non-profit - Private,Nonprofit,True,False,Northeast,25-99_teaching_nonprofit,4
390184,PENN HIGHLANDS CONNELLSVILLE,CONNELLSVILLE,PA,15425,FAYETTE,61.0,25-99,Voluntary non-profit - Private,Nonprofit,False,True,Northeast,25-99_non_teaching_nonprofit,Not Available
390185,LEHIGH VALLEY HOSPITAL - HAZLETON,HAZLETON,PA,18201,LUZERNE,150.0,100-199,Voluntary non-profit - Other,Nonprofit,False,True,Northeast,100-199_non_teaching_nonprofit,1
390195,MAIN LINE HOSPITAL LANKENAU,WYNNEWOOD,PA,19096,MONTGOMERY,370.0,200-399,Voluntary non-profit - Private,Nonprofit,True,True,Northeast,200-399_teaching_nonprofit,4
390198,LECOM MEDICAL CENTER AND BEHAVIORAL HEALTH PAV,ERIE,PA,16509,ERIE,144.0,100-199,Voluntary non-profit - Private,Nonprofit,True,True,Northeast,100-199_teaching_nonprofit,2
390199,PUNXSUTAWNEY AREA HOSPITAL,PUNXSUTAWNEY,PA,15767,JEFFERSON,49.0,25-99,Voluntary non-profit - Private,Nonprofit,False,False,Northeast,25-99_non_teaching_nonprofit,Not Available
390201,LEHIGH VALLEY HOSPITAL - POCONO,EAST STROUDSBURG,PA,18301,MONROE,264.0,200-399,Voluntary non-profit - Private,Nonprofit,False,True,Northeast,200-399_non_teaching_nonprofit,3
390203,DOYLESTOWN HOSPITAL,DOYLESTOWN,PA,18901,BUCKS,245.0,200-399,Voluntary non-profit - Private,Nonprofit,True,True,Northeast,200-399_teaching_nonprofit,4
390204,NAZARETH HOSPITAL,PHILADELPHIA,PA,19152,PHILADELPHIA,203.0,200-399,Voluntary non-profit - Private,Nonprofit,True,True,Northeast,200-399_teaching_nonprofit,2
390211,SHARON REGIONAL MEDICAL CENTER,SHARON,PA,16146,MERCER,220.0,200-399,Proprietary,For-Profit,False,True,Northeast,200-399_non_teaching_for_profit,2
390217,EXCELA HEALTH - FRICK HOSPITAL,MOUNT PLEASANT,PA,15666,WESTMORELAND,210.0,200-399,Voluntary non-profit - Other,Nonprofit,False,True,Northeast,200-399_non_teaching_nonprofit,Not Available
390219,EXCELA HEALTH LATROBE HOSPITAL,LATROBE,PA,15650,WESTMORELAND,170.0,100-199,Voluntary non-profit - Private,Nonprofit,True,True,Northeast,100-199_teaching_nonprofit,4
390222,RIDDLE MEMORIAL HOSPITAL,MEDIA,PA,19063,DELAWARE,212.0,200-399,Voluntary non-profit - Private,Nonprofit,False,True,Northeast,200-399_non_teaching_nonprofit,3
390223,PENN PRESBYTERIAN MEDICAL CENTER,PHILADELPHIA,PA,19104,PHILADELPHIA,305.0,200-399,Voluntary non-profit - Other,Nonprofit,True,True,Northeast,200-399_teaching_nonprofit,5
390225,WELLSPAN EPHRATA COMMUNITY HOSPITAL,EPHRATA,PA,17522,LANCASTER,130.0,100-199,Voluntary non-profit - Other,Nonprofit,False,True,Northeast,100-199_non_teaching_nonprofit,4
390226,PENNSYLVANIA HOSPITAL,PHILADELPHIA,PA,19107,PHILADELPHIA,475.0,400-599,Voluntary non-profit - Private,Nonprofit,True,True,Northeast,400-599_teaching_nonprofit,4
390228,ST CLAIR HOSPITAL,PITTSBURGH,PA,15243,ALLEGHENY,328.0,200-399,Voluntary non-profit - Private,Nonprofit,False,True,Northeast,200-399_non_teaching_nonprofit,4
390231,JEFFERSON ABINGTON HOSPITAL,ABINGTON,PA,19001,MONTGOMERY,667.0,600+,Voluntary non-profit - Private,Nonprofit,True,True,Northeast,600+_teaching_nonprofit,2
390233,UPMC HANOVER,HANOVER,PA,17331,YORK,100.0,100-199,Voluntary non-profit - Private,Nonprofit,False,True,Northeast,100-199_non_teaching_nonprofit,3
390237,REGIONAL HOSPITAL OF SCRANTON,SCRANTON,PA,18501,LACKAWANNA,308.0,200-399,Proprietary,For-Profit,True,True,Northeast,200-399_teaching_for_profit,3
390256,MILTON S HERSHEY MEDICAL CENTER,HERSHEY,PA,17033,DAUPHIN,564.0,400-599,Voluntary non-profit - Private,Nonprofit,True,True,Northeast,400-599_teaching_nonprofit,4
390258,ST MARY MEDICAL CENTER,LANGHORNE,PA,19047,BUCKS,373.0,200-399,Voluntary non-profit - Private,Nonprofit,True,True,Northeast,200-399_teaching_nonprofit,2
390265,JEFFERSON HOSPITAL,JEFFERSON HILLS,PA,15025,ALLEGHENY,390.0,200-399,Voluntary non-profit - Private,Nonprofit,False,True,Northeast,200-399_non_teaching_nonprofit,3
390266,GROVE CITY MEDICAL CENTER,GROVE CITY,PA,16127,MERCER,67.0,25-99,Voluntary non-profit - Private,Nonprofit,False,True,Northeast,25-99_non_teaching_nonprofit,Not Available
390267,FORBES HOSPITAL,MONROEVILLE,PA,15146,ALLEGHENY,349.0,200-399,Voluntary non-profit - Private,Nonprofit,True,True,Northeast,200-399_teaching_nonprofit,3
390268,MOUNT NITTANY MEDICAL CENTER,STATE COLLEGE,PA,16803,CENTRE,260.0,200-399,Voluntary non-profit - Private,Nonprofit,False,True,Northeast,200-399_non_teaching_nonprofit,5
390270,GEISINGER WYOMING VALLEY MEDICAL CENTER,WILKES BARRE,PA,18711,LUZERNE,356.0,200-399,Voluntary non-profit - Private,Nonprofit,True,True,Northeast,200-399_teaching_nonprofit,4
390272,VALLEY FORGE MEDICAL CENTER,NORRISTOWN,PA,19403,MONTGOMERY,86.0,25-99,Proprietary,For-Profit,True,True,Northeast,25-99_teaching_for_profit,Not Available
390278,EAGLEVILLE HOSPITAL,EAGLEVILLE,PA,19403,MONTGOMERY,83.0,25-99,Voluntary non-profit - Private,Nonprofit,False,True,Northeast,25-99_non_teaching_nonprofit,Not Available
390304,ROXBOROUGH MEMORIAL HOSPITAL,PHILADELPHIA,PA,19128,PHILADELPHIA,137.0,100-199,Proprietary,For-Profit,True,True,Northeast,100-199_teaching_for_profit,Not Available
390307,EDGEWOOD SURGICAL HOSPITAL,TRANSFER,PA,16154,MERCER,10.0,1-24,Physician,Other,False,True,Northeast,1-24_non_teaching_other,Not Available
390316,SURGICAL INSTITUTE OF READING,WYOMISSING,PA,19610,BERKS,15.0,1-24,Physician,Other,False,True,Northeast,1-24_non_teaching_other,Not Available
390322,ROTHMAN ORTHOPAEDIC SPECIALTY HOSPITAL,BENSALEM,PA,19020,BUCKS,24.0,1-24,Proprietary,For-Profit,False,True,Northeast,1-24_non_teaching_for_profit,Not Available
390323,ADVANCED SURGICAL HOSPITAL,WASHINGTON,PA,15301,WASHINGTON,14.0,1-24,Physician,Other,False,True,Northeast,1-24_non_teaching_other,Not Available
390324,PHYSICIANS CARE SURGICAL HOSPITAL,ROYERSFORD,PA,19468,MONTGOMERY,12.0,1-24,Physician,Other,False,True,Northeast,1-24_non_teaching_other,Not Available
390325,OSS ORTHOPAEDIC HOSPITAL,YORK,PA,17402,YORK,30.0,25-99,Proprietary,For-Profit,False,True,Northeast,25-99_non_teaching_for_profit,Not Available
390326,ST LUKE'S HOSPITAL - ANDERSON CAMPUS,EASTON,PA,18045,NORTHAMPTON,215.0,200-399,Voluntary non-profit - Private,Nonprofit,True,True,Northeast,200-399_teaching_nonprofit,5
390327,WELLSPAN SURGERY AND REHABILITATION HOSPITAL,YORK,PA,17403,YORK,73.0,25-99,Voluntary non-profit - Private,Nonprofit,False,True,Northeast,25-99_non_teaching_nonprofit,Not Available
390328,UPMC EAST,MONROEVILLE,PA,15146,ALLEGHENY,155.0,100-199,Voluntary non-profit - Private,Nonprofit,False,True,Northeast,100-199_non_teaching_nonprofit,4
390329,JEFFERSON EINSTEIN MONTGOMERY HOSPITAL,EAST NORRITON,PA,19403,MONTGOMERY,195.0,100-199,Voluntary non-profit - Private,Nonprofit,True,True,Northeast,100-199_teaching_nonprofit,4
390330,ST LUKE'S HOSPITAL - MONROE CAMPUS,STROUDSBURG,PA,18360,MONROE,98.0,25-99,Voluntary non-profit - Private,Nonprofit,True,True,Northeast,25-99_teaching_nonprofit,4
390331,WILLS EYE HOSPITAL,PHILADELPHIA,PA,19107,PHILADELPHIA,4.0,1-24,Voluntary non-profit - Private,Nonprofit,False,True,Northeast,1-24_non_teaching_nonprofit,Not Available
390332,GEISINGER ST. LUKE'S  HOSPITAL,ORWIGSBURG,PA,17961,SCHUYLKILL,60.0,25-99,Voluntary non-profit - Private,Nonprofit,False,False,Northeast,25-99_non_teaching_nonprofit,4
390333,"AHN EMERUS WESTMORELAND, LLC",GREENSBURG,PA,15601,WESTMORELAND,10.0,1-24,Proprietary,For-Profit,False,True,Northeast,1-24_non_teaching_for_profit,Not Available
390334,AHN WEXFORD HOSPITAL,WEXFORD,PA,15090,ALLEGHENY,100.0,100-199,Voluntary non-profit - Private,Nonprofit,False,True,Northeast,100-199_non_teaching_nonprofit,5
390335,ST LUKE'S HOSPITAL - CARBON CAMPUS,LEHIGHTON,PA,18235,CARBON,56.0,25-99,Voluntary non-profit - Private,Nonprofit,False,True,Northeast,25-99_non_teaching_nonprofit,4
390336,PENN STATE HEALTH HAMPDEN MEDICAL CENTER,ENOLA,PA,17025,CUMBERLAND,120.0,100-199,Voluntary non-profit - Private,Nonprofit,False,True,Northeast,100-199_non_teaching_nonprofit,Not Available
390337,GEISINGER MEDICAL CENTER MUNCY,MUNCY,PA,17756,LYCOMING,20.0,1-24,Voluntary non-profit - Private,Nonprofit,False,True,Northeast,1-24_non_teaching_nonprofit,Not Available
390338,LEHIGH VALLEY HOSPITAL - DICKSON CITY,DICKSON CITY,PA,18519,LACKAWANNA,24.0,1-24,Voluntary non-profit - Private,Nonprofit,False,True,Northeast,1-24_non_teaching_nonprofit,4
390339,PENN STATE HEALTH LANCASTER MEDICAL CENTER,LANCASTER,PA,17601,LANCASTER,142.0,100-199,Voluntary non-profit - Private,Nonprofit,False,True,Northeast,100-199_non_teaching_nonprofit,3
390430,LEHIGH VALLEY HOSPITAL - MACUNGIE,MACUNGIE,PA,18062,LEHIGH,20.0,1-24,Proprietary,For-Profit,False,True,Northeast,1-24_non_teaching_for_profit,Not Available
400001,PRESBYTERIAN COMMUNITY HOSPITAL,SAN JUAN,PR,00907,SAN JUAN,207.0,200-399,Voluntary non-profit - Private,Nonprofit,False,True,,200-399_non_teaching_nonprofit,Not Available
400003,HOSPITAL METROPOLITANO DR PILA,PONCE,PR,00717,PONCE,183.0,100-199,Proprietary,For-Profit,False,True,,100-199_non_teaching_for_profit,Not Available
400004,"ASOCIACION HOSPITAL DEL MAESTRO, INC",SAN JUAN,PR,00918,SAN JUAN,255.0,200-399,Voluntary non-profit - Private,Nonprofit,True,True,,200-399_teaching_nonprofit,Not Available
400005,HOPE MEDICAL CENTER,HUMACAO,PR,00791,HUMACAO,106.0,100-199,Voluntary non-profit - Other,Nonprofit,False,True,,100-199_non_teaching_nonprofit,Not Available
400006,DOCTOR'S CENTER DE SAN JUAN,SANTURCE,PR,00909,SAN JUAN,160.0,100-199,Proprietary,For-Profit,False,True,,100-199_non_teaching_for_profit,Not Available
400007,RYDER MEMORIAL HOSPITAL INC,HUMACAO,PR,00791,HUMACAO,167.0,100-199,Voluntary non-profit - Private,Nonprofit,False,True,,100-199_non_teaching_nonprofit,Not Available
400010,HOSPITAL GENERAL DE CASTANER,CASTANER,PR,00631,LARES,33.0,25-99,Voluntary non-profit - Private,Nonprofit,False,True,,25-99_non_teaching_nonprofit,Not Available
400011,"HOSPITAL MENONITA HUMACAO, INC",HUMACAO,PR,00792,HUMACAO,71.0,25-99,Proprietary,For-Profit,False,True,,25-99_non_teaching_for_profit,Not Available
400012,HOSPITAL ONCOLOGICO DR ISAAC GONZALEZ MARTINEZ,SAN JUAN,PR,00936,SAN JUAN,140.0,100-199,Voluntary non-profit - Private,Nonprofit,True,True,,100-199_teaching_nonprofit,Not Available
400013,HOSPITAL MENONITA DE CAYEY,CAYEY,PR,00737,CAYEY,262.0,200-399,Voluntary non-profit - Private,Nonprofit,True,True,,200-399_teaching_nonprofit,Not Available
400014,BELLA VISTA HOSPITAL,MAYAGUEZ,PR,00681,MAYAGUEZ,199.0,100-199,Voluntary non-profit - Church,Nonprofit,True,True,,100-199_teaching_nonprofit,Not Available
400015,SAN JUAN MUNICIPALITY HOSPITAL,RIO PIEDRAS,PR,00926,SAN JUAN,450.0,400-599,Government - Local,Government,False,True,,400-599_non_teaching_government,Not Available
400016,AUXILIO MUTUO HOSPITAL,SAN JUAN,PR,00918,SAN JUAN,653.0,600+,Voluntary non-profit - Private,Nonprofit,True,True,,600+_teaching_nonprofit,3
400018,HOSPITAL MENONITA DE AIBONITO,AIBONITO,PR,00705,AIBONITO,150.0,100-199,Voluntary non-profit - Private,Nonprofit,False,True,,100-199_non_teaching_nonprofit,Not Available
400019,HOSPITAL PAVIA SANTURCE,SAN JUAN,PR,00910,SAN JUAN,197.0,100-199,Proprietary,For-Profit,False,True,,100-199_non_teaching_for_profit,1
400021,HOSPITAL DE LA CONCEPCION,SAN GERMAN,PR,00683,SAN GERMAN,187.0,100-199,Voluntary non-profit - Private,Nonprofit,True,True,,100-199_teaching_nonprofit,3
400022,HOSPITAL DAMAS INC,PONCE,PR,00717,PONCE,331.0,200-399,Voluntary non-profit - Private,Nonprofit,True,True,,200-399_teaching_nonprofit,2
400032,BAYAMON MEDICAL CENTER,BAYAMON,PR,00960,BAYAMON,274.0,200-399,Proprietary,For-Profit,False,True,,200-399_non_teaching_for_profit,Not Available
40003F,SAN JUAN VA MEDICAL CENTER,SAN JUAN,PR,00921,SAN JUAN,200.0,200-399,Veterans Health Administration,Other,False,True,,200-399_non_teaching_other,2
400044,HOSPITAL EPISCOPAL SAN LUCAS II,PONCE,PR,00716,PONCE,427.0,400-599,Voluntary non-profit - Private,Nonprofit,True,True,,400-599_teaching_nonprofit,Not Available
400048,HOSPITAL MENONITA GUAYAMA,GUAYAMA,PR,00785,GUAYANILLA,230.0,200-399,Voluntary non-profit - Private,Nonprofit,False,True,,200-399_non_teaching_nonprofit,Not Available
400061,HOSPITAL UNIVERSITARIO DE ADULTO,RIO PIEDRAS,PR,00927,SAN JUAN,390.0,200-399,Government - State,Government,True,True,,200-399_teaching_government,Not Available
400079,HOSPITAL  COMUNITARIO BUEN SAMARITANO INC,AGUADILLA,PR,00603,AGUADILLA,230.0,200-399,Voluntary non-profit - Private,Nonprofit,True,True,,200-399_teaching_nonprofit,Not Available
400087,HOSPITAL PAVIA ARECIBO,ARECIBO,PR,00612,ARECIBO,230.0,200-399,Proprietary,For-Profit,False,True,,200-399_non_teaching_for_profit,Not Available
400098,HOSPITAL SAN FRANCISCO,SAN JUAN,PR,00923,SAN JUAN,160.0,100-199,Proprietary,For-Profit,False,True,,100-199_non_teaching_for_profit,Not Available
400102,DOCTORS' CENTER BAYAMON,BAYAMON,PR,00960,BAYAMON,146.0,100-199,Proprietary,For-Profit,False,True,,100-199_non_teaching_for_profit,Not Available
400103,MAYAGUEZ MEDICAL CENTER DR RAMON EMETERIO BETANCES,MAYAGUEZ,PR,00682,MAYAGUEZ,391.0,200-399,Proprietary,For-Profit,True,True,,200-399_teaching_for_profit,Not Available
400104,HOSPITAL MENONITA CAGUAS INC,CAGUAS,PR,00725,CAGUAS,373.0,200-399,Voluntary non-profit - Private,Nonprofit,False,True,,200-399_non_teaching_nonprofit,Not Available
400105,HOSPITAL UNIVERSITARIO DR RUIZ ARNAU,BAYAMON,PR,00956,BAYAMON,415.0,400-599,Government - State,Government,True,True,,400-599_teaching_government,Not Available
400106,METROPOLITAN HOSPITAL,SAN JUAN,PR,00915,SAN JUAN,180.0,100-199,Proprietary,For-Profit,True,True,,100-199_teaching_for_profit,Not Available
400109,HOSPITAL ESPANOL AUXILIO MUTUO SAN PABLO,BAYAMON,PR,00961,BAYAMON,436.0,400-599,Voluntary non-profit - Private,Nonprofit,False,True,,400-599_non_teaching_nonprofit,1
400110,HOSPITAL PAVIA YAUCO,YAUCO,PR,00698,YAUCO,186.0,100-199,Proprietary,For-Profit,False,True,,100-199_non_teaching_for_profit,Not Available
400111,HOSPITAL SAN CARLOS BORROMEO,MOCA,PR,00676,MOCA,108.0,100-199,Voluntary non-profit - Private,Nonprofit,False,True,,100-199_non_teaching_nonprofit,Not Available
400112,"HOSPITAL UPR, DR  FEDERICO TRILLA",CAROLINA,PR,00984,CAROLINA,250.0,200-399,Voluntary non-profit - Private,Nonprofit,True,True,,200-399_teaching_nonprofit,Not Available
400113,HOSPITAL MENONITA PONCE,PONCE,PR,00780,PONCE,138.0,100-199,Voluntary non-profit - Private,Nonprofit,False,True,,100-199_non_teaching_nonprofit,Not Available
400114,MANATI MEDICAL CENTER DR OTERO LOPEZ,MANATI,PR,00674,MANATI,285.0,200-399,Voluntary non-profit - Private,Nonprofit,True,True,,200-399_teaching_nonprofit,3
400115,CENTRO MEDICO WILMA N VAZQUEZ,VEGA BAJA,PR,00693,VEGA BAJA,130.0,100-199,Proprietary,For-Profit,False,True,,100-199_non_teaching_for_profit,Not Available
400117,HOSPITAL METROPOLITANO  DR SUSONI,ARECIBO,PR,00612,ARECIBO,138.0,100-199,Voluntary non-profit - Private,Nonprofit,False,True,,100-199_non_teaching_nonprofit,Not Available
400118,"DOCTORS' CENTER HOSPITAL, INC",MANATI,PR,00674,MANATI,268.0,200-399,Proprietary,For-Profit,False,True,,200-399_non_teaching_for_profit,2
400120,HOSPITAL PAVIA CAGUAS,CAGUAS,PR,00725,CAGUAS,440.0,400-599,Proprietary,For-Profit,False,True,,400-599_non_teaching_for_profit,Not Available
400122,PROFESSIONAL HOSPITAL GUAYNABO INC,GUAYNABO,PR,00970,GUAYNABO,94.0,25-99,Proprietary,For-Profit,False,True,,25-99_non_teaching_for_profit,Not Available
400123,HOSPITAL PEREA,MAYAGUEZ,PR,00681,MAYAGUEZ,123.0,100-199,Proprietary,For-Profit,False,True,,100-199_non_teaching_for_profit,Not Available
400124,CENTRO CARDIOVASCULAR DE PUERTO RICO Y EL CARIBE,SAN JUAN,PR,00936,SAN JUAN,202.0,200-399,Government - State,Government,True,True,,200-399_teaching_government,Not Available
400126,HOSPITAL METROPOLITANO DE SAN GERMAN,SAN GERMAN,PR,00683,SAN GERMAN,76.0,25-99,Proprietary,For-Profit,False,True,,25-99_non_teaching_for_profit,Not Available
400127,ASEM,SAN JUAN,PR,00935,SAN JUAN,92.0,25-99,Government - State,Government,True,True,,25-99_teaching_government,Not Available
400128,"HOSPITAL PAVIA HATO REY, INC",HATO REY,PR,00919,SAN JUAN,242.0,200-399,Proprietary,For-Profit,False,True,,200-399_non_teaching_for_profit,Not Available
400130,HOSPITAL METROPOLITANO DE LA MONTANA,BDA NUEVA,PR,00641,UTUADO,26.0,25-99,Proprietary,For-Profit,False,True,,25-99_non_teaching_for_profit,Not Available
400131,CARIBBEAN MEDICAL CENTER,FAJARDO,PR,00738,FAJARDO,25.0,25-99,Proprietary,For-Profit,False,True,,25-99_non_teaching_for_profit,Not Available
400132,DOCTORS CENTER HOSPITAL  CAROLINA LLC,CAROLINA,PR,00979,SAN JUAN,109.0,100-199,Proprietary,For-Profit,False,True,,100-199_non_teaching_for_profit,Not Available
400134,THE SAN JORGE HOSPITAL INC,SAN JUAN,PR,00912,SAN JUAN,262.0,200-399,Proprietary,For-Profit,False,True,,200-399_non_teaching_for_profit,Not Available
400135,HOSPITAL  CENTRO COMPRENSIVO DEL CANCER,SAN JUAN,PR,00927,SAN JUAN,96.0,25-99,Government - State,Government,True,True,,25-99_teaching_government,Not Available
400136,HOSPITAL SAN ANTONIO INC,MAYAGUEZ,PR,00680,MAYAGUEZ,75.0,25-99,Proprietary,For-Profit,False,True,,25-99_non_teaching_for_profit,Not Available
400137,DOCTORS CENTER HOSPITAL ORLANDO HEALTH DORADO,DORADO,PR,00646,DORADO,160.0,100-199,Proprietary,For-Profit,False,True,,100-199_non_teaching_for_profit,Not Available
400138,PUERTO RICO WOMEN AND CHILDREN HOSPITAL LLC,BAYAMON,PR,00959,BAYAMON,127.0,100-199,Proprietary,For-Profit,True,True,,100-199_teaching_for_profit,Not Available
400139,HOSPITAL EPISCOPAL  SAN LUCAS METRO,SAN JUAN,PR,00928,SAN JUAN,60.0,25-99,Voluntary non-profit - Private,Nonprofit,False,True,,25-99_non_teaching_nonprofit,Not Available
400140,CENTRO MEDICO DEL NORESTE,FAJARDO,PR,00738,FAJARDO,61.0,25-99,Proprietary,For-Profit,False,True,,25-99_non_teaching_for_profit,Not Available
410004,ROGER WILLIAMS MEDICAL CENTER,PROVIDENCE,RI,02908,PROVIDENCE,220.0,200-399,Proprietary,For-Profit,True,True,Northeast,200-399_teaching_for_profit,3
410005,OUR LADY OF FATIMA HOSPITAL,NORTH PROVIDENCE,RI,02904,PROVIDENCE,312.0,200-399,Proprietary,For-Profit,False,True,Northeast,200-399_non_teaching_for_profit,4
410006,NEWPORT HOSPITAL,NEWPORT,RI,02840,NEWPORT,129.0,100-199,Voluntary non-profit - Private,Nonprofit,True,True,Northeast,100-199_teaching_nonprofit,4
410007,RHODE ISLAND HOSPITAL,PROVIDENCE,RI,02902,PROVIDENCE,719.0,600+,Voluntary non-profit - Private,Nonprofit,True,True,Northeast,600+_teaching_nonprofit,3
410008,SOUTH COUNTY HOSPITAL INC,WAKEFIELD,RI,02879,WASHINGTON,100.0,100-199,Voluntary non-profit - Private,Nonprofit,False,True,Northeast,100-199_non_teaching_nonprofit,4
410009,KENT COUNTY MEMORIAL HOSPITAL,WARWICK,RI,02886,KENT,359.0,200-399,Proprietary,For-Profit,True,True,Northeast,200-399_teaching_for_profit,2
410010,WOMEN & INFANTS HOSPITAL OF RHODE ISLAND,PROVIDENCE,RI,02905,PROVIDENCE,167.0,100-199,Voluntary non-profit - Private,Nonprofit,True,True,Northeast,100-199_teaching_nonprofit,3
410011,LANDMARK MEDICAL CENTER,WOONSOCKET,RI,02895,PROVIDENCE,214.0,200-399,Voluntary non-profit - Private,Nonprofit,False,True,Northeast,200-399_non_teaching_nonprofit,2
410012,THE MIRIAM HOSPITAL,PROVIDENCE,RI,02906,PROVIDENCE,247.0,200-399,Voluntary non-profit - Private,Nonprofit,True,True,Northeast,200-399_teaching_nonprofit,4
410013,WESTERLY HOSPITAL,WESTERLY,RI,02891,WASHINGTON,116.0,100-199,Voluntary non-profit - Private,Nonprofit,False,True,Northeast,100-199_non_teaching_nonprofit,5
41005F,PROVIDENCE VA MEDICAL CENTER,PROVIDENCE,RI,02908,PROVIDENCE,78.0,25-99,Veterans Health Administration,Other,False,True,Northeast,25-99_non_teaching_other,3
420002,PIEDMONT MEDICAL CENTER,ROCK HILL,SC,29732,YORK,288.0,200-399,Proprietary,For-Profit,False,True,South,200-399_non_teaching_for_profit,2
420004,MUSC MEDICAL CENTER,CHARLESTON,SC,29425,CHARLESTON,713.0,600+,Government - Hospital District or Authority,Government,True,True,South,600+_teaching_government,3
420005,MCLEOD MEDICAL CENTER - DILLON,DILLON,SC,29536,DILLON,92.0,25-99,Voluntary non-profit - Private,Nonprofit,False,False,South,25-99_non_teaching_nonprofit,3
420007,SPARTANBURG MEDICAL CENTER,SPARTANBURG,SC,29303,SPARTANBURG,747.0,600+,Government - Hospital District or Authority,Government,True,True,South,600+_teaching_government,2
420009,PRISMA HEALTH OCONEE MEMORIAL HOSPITAL,SENECA,SC,29672,OCONEE,169.0,100-199,Voluntary non-profit - Private,Nonprofit,True,False,South,100-199_teaching_nonprofit,3
420010,CAROLINA PINES REGIONAL MEDICAL CENTER,HARTSVILLE,SC,29550,DARLINGTON,116.0,100-199,Proprietary,For-Profit,False,True,South,100-199_non_teaching_for_profit,3
420011,CANNON MEMORIAL HOSPITAL,PICKENS,SC,29671,PICKENS,55.0,25-99,Voluntary non-profit - Private,Nonprofit,False,True,South,25-99_non_teaching_nonprofit,Not Available
420015,PRISMA HEALTH BAPTIST EASLEY HOSPITAL,EASLEY,SC,29640,PICKENS,109.0,100-199,Voluntary non-profit - Private,Nonprofit,False,True,South,100-199_non_teaching_nonprofit,2
420018,PRISMA HEALTH RICHLAND HOSPITAL,COLUMBIA,SC,29203,RICHLAND,649.0,600+,Voluntary non-profit - Private,Nonprofit,True,True,South,600+_teaching_nonprofit,3
420019,MUSC HEALTH CHESTER MEDICAL CENTER,CHESTER,SC,29706,CHESTER,82.0,25-99,Proprietary,For-Profit,False,True,South,25-99_non_teaching_for_profit,Not Available
420020,TIDELANDS GEORGETOWN MEMORIAL HOSPITAL,GEORGETOWN,SC,29440,GEORGETOWN,131.0,100-199,Voluntary non-profit - Private,Nonprofit,True,False,South,100-199_teaching_nonprofit,2
420023,ST FRANCIS-DOWNTOWN,GREENVILLE,SC,29601,GREENVILLE,245.0,200-399,Voluntary non-profit - Private,Nonprofit,True,True,South,200-399_teaching_nonprofit,3
420026,MUSC HEALTH COLUMBIA MEDICAL CENTER DOWNTOWN,COLUMBIA,SC,29204,RICHLAND,258.0,200-399,Voluntary non-profit - Private,Nonprofit,True,True,South,200-399_teaching_nonprofit,3
420027,ANMED HEALTH,ANDERSON,SC,29621,ANDERSON,533.0,400-599,Voluntary non-profit - Private,Nonprofit,True,True,South,400-599_teaching_nonprofit,4
420030,COLLETON MEDICAL CENTER,WALTERBORO,SC,29488,COLLETON,135.0,100-199,Proprietary,For-Profit,False,False,South,100-199_non_teaching_for_profit,2
420033,PRISMA HEALTH GREER MEMORIAL HOSPITAL,SPARTANBURG,SC,29306,SPARTANBURG,82.0,25-99,Voluntary non-profit - Private,Nonprofit,True,True,South,25-99_teaching_nonprofit,5
420036,MUSC HEALTH LANCASTER MEDICAL CENTER,LANCASTER,SC,29720,LANCASTER,217.0,200-399,Proprietary,For-Profit,False,True,South,200-399_non_teaching_for_profit,2
420037,PRISMA HEALTH HILLCREST HOSPITAL,SIMPSONVILLE,SC,29681,GREENVILLE,43.0,25-99,Voluntary non-profit - Private,Nonprofit,True,True,South,25-99_teaching_nonprofit,4
420038,PRISMA HEALTH LAURENS COUNTY HOSPITAL,CLINTON,SC,29325,LAURENS,76.0,25-99,Voluntary non-profit - Private,Nonprofit,True,True,South,25-99_teaching_nonprofit,2
420043,CHEROKEE MEDICAL CENTER,GAFFNEY,SC,29340,CHEROKEE,125.0,100-199,Government - Hospital District or Authority,Government,False,False,South,100-199_non_teaching_government,2
420048,KERSHAWHEALTH,CAMDEN,SC,29020,KERSHAW,119.0,100-199,Proprietary,For-Profit,False,True,South,100-199_non_teaching_for_profit,3
420049,CONWAY MEDICAL CENTER,CONWAY,SC,29526,HORRY,210.0,200-399,Voluntary non-profit - Private,Nonprofit,True,True,South,200-399_teaching_nonprofit,2
420051,MCLEOD REGIONAL MEDICAL CENTER-PEE DEE,FLORENCE,SC,29506,FLORENCE,461.0,400-599,Voluntary non-profit - Private,Nonprofit,True,True,South,400-599_teaching_nonprofit,3
420053,NEWBERRY COUNTY MEMORIAL HOSPITAL,NEWBERRY,SC,29108,NEWBERRY,90.0,25-99,Voluntary non-profit - Other,Nonprofit,False,False,South,25-99_non_teaching_nonprofit,3
420055,MUSC HEALTH MARION MEDICAL CENTER,MULLINS,SC,29574,MARION,124.0,100-199,Government - State,Government,False,False,South,100-199_non_teaching_government,3
420065,BON SECOURS-ST FRANCIS XAVIER HOSPITAL,CHARLESTON,SC,29414,CHARLESTON,204.0,200-399,Voluntary non-profit - Private,Nonprofit,False,True,South,200-399_non_teaching_nonprofit,4
420067,BEAUFORT COUNTY MEMORIAL HOSPITAL,BEAUFORT,SC,29902,BEAUFORT,197.0,100-199,Government - Local,Government,False,True,South,100-199_non_teaching_government,3
420070,PRISMA HEALTH TUOMEY HOSPITAL,SUMTER,SC,29150,SUMTER,283.0,200-399,Voluntary non-profit - Private,Nonprofit,False,True,South,200-399_non_teaching_nonprofit,2
420071,SELF REGIONAL HEALTHCARE,GREENWOOD,SC,29646,GREENWOOD,358.0,200-399,Voluntary non-profit - Private,Nonprofit,False,False,South,200-399_non_teaching_nonprofit,3
420072,HAMPTON REGIONAL MEDICAL CENTER,VARNVILLE,SC,29944,HAMPTON,32.0,25-99,Voluntary non-profit - Private,Nonprofit,False,False,South,25-99_non_teaching_nonprofit,Not Available
420073,LEXINGTON MEDICAL CENTER,WEST COLUMBIA,SC,29169,LEXINGTON,460.0,400-599,Voluntary non-profit - Private,Nonprofit,True,True,South,400-599_teaching_nonprofit,4
420078,PRISMA HEALTH GREENVILLE MEMORIAL HOSPITAL,GREENVILLE,SC,29605,GREENVILLE,845.0,600+,Voluntary non-profit - Private,Nonprofit,True,True,South,600+_teaching_nonprofit,4
420079,TRIDENT MEDICAL CENTER,CHARLESTON,SC,29406,CHARLESTON,497.0,400-599,Proprietary,For-Profit,False,True,South,400-599_non_teaching_for_profit,3
420080,HILTON HEAD REGIONAL MEDICAL CENTER,HILTON HEAD ISLAND,SC,29926,BEAUFORT,93.0,25-99,Voluntary non-profit - Other,Nonprofit,True,True,South,25-99_teaching_nonprofit,3
420082,AIKEN REGIONAL MEDICAL CENTER,AIKEN,SC,29801,AIKEN,273.0,200-399,Proprietary,For-Profit,True,True,South,200-399_teaching_for_profit,1
420085,GRAND STRAND REGIONAL MEDICAL CENTER,MYRTLE BEACH,SC,29572,HORRY,369.0,200-399,Proprietary,For-Profit,True,True,South,200-399_teaching_for_profit,2
420086,PRISMA HEALTH BAPTIST,COLUMBIA,SC,29220,RICHLAND,352.0,200-399,Voluntary non-profit - Private,Nonprofit,True,True,South,200-399_teaching_nonprofit,5
420087,ROPER HOSPITAL,CHARLESTON,SC,29401,CHARLESTON,368.0,200-399,Voluntary non-profit - Private,Nonprofit,False,True,South,200-399_non_teaching_nonprofit,4
420089,EAST COOPER MEDICAL CENTER,MOUNT PLEASANT,SC,29464,CHARLESTON,140.0,100-199,Proprietary,For-Profit,True,True,South,100-199_teaching_for_profit,5
420091,MUSC HEALTH FLORENCE MEDICAL CENTER,FLORENCE,SC,29505,FLORENCE,420.0,400-599,Government - State,Government,False,True,South,400-599_non_teaching_government,2
420098,TIDELANDS WACCAMAW COMMUNITY HOSPITAL,MURRELLS INLET,SC,29576,HORRY,124.0,100-199,Voluntary non-profit - Private,Nonprofit,True,False,South,100-199_teaching_nonprofit,4
42009F,NH Beaufort,Beaufort,SC,29902,BEAUFORT,421.0,400-599,Department of Defense,Other,False,True,South,400-599_non_teaching_other,Not Available
420101,COASTAL CAROLINA HOSPITAL,HARDEEVILLE,SC,29927,JASPER,41.0,25-99,Proprietary,For-Profit,False,True,South,25-99_non_teaching_for_profit,4
420102,PRISMA HEALTH  PATEWOOD HOSPITAL,GREENVILLE,SC,29615,GREENVILLE,72.0,25-99,Voluntary non-profit - Private,Nonprofit,True,True,South,25-99_teaching_nonprofit,4
420103,PELHAM MEDICAL CENTER,GREER,SC,29651,GREENVILLE,48.0,25-99,Government - Hospital District or Authority,Government,False,True,South,25-99_non_teaching_government,5
420104,MOUNT PLEASANT HOSPITAL,MOUNT PLEASANT,SC,29466,CHARLESTON,85.0,25-99,Voluntary non-profit - Private,Nonprofit,False,True,South,25-99_non_teaching_nonprofit,5
420105,MCLEOD LORIS  HOSPITAL,LORIS,SC,29569,HORRY,105.0,100-199,Voluntary non-profit - Private,Nonprofit,False,True,South,100-199_non_teaching_nonprofit,4
420106,PRISMA HEALTH BAPTIST PARKRIDGE,COLUMBIA,SC,29212,LEXINGTON,76.0,25-99,Voluntary non-profit - Private,Nonprofit,True,True,South,25-99_teaching_nonprofit,4
420107,MCLEOD HEALTH CHERAW,CHERAW,SC,29520,CHESTERFIELD,59.0,25-99,Voluntary non-profit - Private,Nonprofit,False,False,South,25-99_non_teaching_nonprofit,3
420108,UNION MEDICAL CENTER,UNION,SC,29379,UNION,143.0,100-199,Voluntary non-profit - Other,Nonprofit,False,False,South,100-199_non_teaching_nonprofit,Not Available
420109,MCLEOD HEALTH CLARENDON,MANNING,SC,29102,CLARENDON,81.0,25-99,Voluntary non-profit - Private,Nonprofit,True,True,South,25-99_teaching_nonprofit,3
420110,ROPER ST FRANCIS HOSPITAL-BERKELEY INC,SUMMERVILLE,SC,29486,DORCHESTER,50.0,25-99,Voluntary non-profit - Private,Nonprofit,False,True,South,25-99_non_teaching_nonprofit,5
42011F,COLUMBIA SC VA MEDICAL CENTER,COLUMBIA,SC,29209,RICHLAND,410.0,400-599,Veterans Health Administration,Other,False,True,South,400-599_non_teaching_other,5
42029F,CHARLESTON VA MEDICAL CENTER,CHARLESTON,SC,29401,CHARLESTON,500.0,400-599,Veterans Health Administration,Other,False,True,South,400-599_non_teaching_other,5
430005,"PRAIRIE LAKES HEALTHCARE SYSTEM, INC",WATERTOWN,SD,57201,CODINGTON,81.0,25-99,Voluntary non-profit - Private,Nonprofit,False,False,Midwest,25-99_non_teaching_nonprofit,4
430008,BROOKINGS HEALTH SYSTEM,BROOKINGS,SD,57006,BROOKINGS,49.0,25-99,Government - Local,Government,False,False,Midwest,25-99_non_teaching_government,4
430012,AVERA SACRED HEART HOSPITAL,YANKTON,SD,57078,YANKTON,144.0,100-199,Voluntary non-profit - Private,Nonprofit,False,False,Midwest,100-199_non_teaching_nonprofit,4
430014,AVERA ST LUKES,ABERDEEN,SD,57401,BROWN,109.0,100-199,Voluntary non-profit - Church,Nonprofit,False,False,Midwest,100-199_non_teaching_nonprofit,5
430015,AVERA ST MARY'S HOSPITAL,PIERRE,SD,57501,HUGHES,60.0,25-99,Voluntary non-profit - Private,Nonprofit,False,False,Midwest,25-99_non_teaching_nonprofit,3
430016,AVERA MCKENNAN HOSPITAL & UNIVERSITY HEALTH CENTER,SIOUX FALLS,SD,57117,MINNEHAHA,505.0,400-599,Voluntary non-profit - Private,Nonprofit,True,True,Midwest,400-599_teaching_nonprofit,3
430027,SANFORD USD MEDICAL CENTER,SIOUX FALLS,SD,57117,MINNEHAHA,545.0,400-599,Voluntary non-profit - Private,Nonprofit,True,True,Midwest,400-599_teaching_nonprofit,4
43002F,VA BLACK HILLS HEALTHCARE SYSTEM,FORT MEADE,SD,57741,MEADE,420.0,400-599,Veterans Health Administration,Other,False,True,Midwest,400-599_non_teaching_other,4
430048,MONUMENT HEALTH SPEARFISH HOSPITAL,SPEARFISH,SD,57783,LAWRENCE,44.0,25-99,Voluntary non-profit - Private,Nonprofit,False,False,Midwest,25-99_non_teaching_nonprofit,Not Available
43005F,SIOUX FALLS VA MEDICAL CENTER,SIOUX FALLS,SD,57117,MINNEHAHA,270.0,200-399,Veterans Health Administration,Other,False,True,Midwest,200-399_non_teaching_other,5
430077,MONUMENT HEALTH RAPID CITY HOSPITAL,RAPID CITY,SD,57701,PENNINGTON,417.0,400-599,Voluntary non-profit - Private,Nonprofit,True,True,Midwest,400-599_teaching_nonprofit,4
430084,PHS INDIAN HOSPITAL AT ROSEBUD,ROSEBUD,SD,57570,TODD,29.0,25-99,Government - Federal,Government,False,False,Midwest,25-99_non_teaching_government,Not Available
430089,DUNES SURGICAL HOSPITAL,DAKOTA DUNES,SD,57049,UNION,38.0,25-99,Proprietary,For-Profit,False,True,Midwest,25-99_non_teaching_for_profit,Not Available
430090,SIOUX FALLS SPECIALTY HOSPITAL,SIOUX FALLS,SD,57105,MINNEHAHA,33.0,25-99,Proprietary,For-Profit,False,True,Midwest,25-99_non_teaching_for_profit,Not Available
430091,BLACK HILLS SURGICAL HOSPITAL LLC,RAPID CITY,SD,57703,PENNINGTON,26.0,25-99,Proprietary,For-Profit,False,True,Midwest,25-99_non_teaching_for_profit,Not Available
430093,SAME DAY SURGERY CENTER LLC,RAPID CITY,SD,57701,PENNINGTON,6.0,1-24,Proprietary,For-Profit,False,True,Midwest,1-24_non_teaching_for_profit,Not Available
430095,AVERA HEART HOSPITAL OF SOUTH DAKOTA,SIOUX FALLS,SD,57108,LINCOLN,53.0,25-99,Proprietary,For-Profit,True,True,Midwest,25-99_teaching_for_profit,5
430097,SANFORD MEDICAL CENTER ABERDEEN,ABERDEEN,SD,57402,BROWN,48.0,25-99,Voluntary non-profit - Private,Nonprofit,False,False,Midwest,25-99_non_teaching_nonprofit,4
430098,PINE RIDGE IHS HOSPITAL,PINE RIDGE,SD,57770,OGLALA LAKOTA COUNTY,45.0,25-99,Government - Federal,Government,False,False,Midwest,25-99_non_teaching_government,Not Available
440002,JACKSON-MADISON COUNTY GENERAL HOSPITAL,JACKSON,TN,38301,MADISON,771.0,600+,Government - Hospital District or Authority,Government,True,True,South,600+_teaching_government,3
440003,HIGHPOINT HEALTH-SUMNER WITH ASCENSION SAINT THOMA,GALLATIN,TN,37066,SUMNER,155.0,100-199,Proprietary,For-Profit,False,True,South,100-199_non_teaching_for_profit,2
440006,TRISTAR SKYLINE MEDICAL CENTER,NASHVILLE,TN,37207,DAVIDSON,395.0,200-399,Voluntary non-profit - Private,Nonprofit,False,True,South,200-399_non_teaching_nonprofit,2
440007,UNITY MEDICAL CENTER,MANCHESTER,TN,37355,COFFEE,49.0,25-99,Voluntary non-profit - Private,Nonprofit,False,False,South,25-99_non_teaching_nonprofit,Not Available
440008,HENDERSON COUNTY COMMUNITY HOSPITAL,LEXINGTON,TN,38351,HENDERSON,45.0,25-99,Proprietary,For-Profit,False,False,South,25-99_non_teaching_for_profit,Not Available
440009,CUMBERLAND MEDICAL CENTER,CROSSVILLE,TN,38555,CUMBERLAND,189.0,100-199,Voluntary non-profit - Private,Nonprofit,False,False,South,100-199_non_teaching_nonprofit,4
440011,BLOUNT MEMORIAL HOSPITAL,MARYVILLE,TN,37804,BLOUNT,304.0,200-399,Government - Local,Government,False,True,South,200-399_non_teaching_government,4
440012,WELLMONT BRISTOL REGIONAL MEDICAL CENTER,BRISTOL,TN,37620,SULLIVAN,282.0,200-399,Government - Hospital District or Authority,Government,True,True,South,200-399_teaching_government,1
440015,"UNIVERSITY HEALTH SYSTEM, INC",KNOXVILLE,TN,37920,KNOX,655.0,600+,Voluntary non-profit - Private,Nonprofit,True,True,South,600+_teaching_nonprofit,4
440016,BAPTIST MEMORIAL HOSPITAL - CARROLL COUNTY,HUNTINGDON,TN,38344,CARROLL,70.0,25-99,Voluntary non-profit - Private,Nonprofit,False,False,South,25-99_non_teaching_nonprofit,Not Available
440017,WELLMONT HOLSTON VALLEY MEDICAL CENTER,KINGSPORT,TN,37662,SULLIVAN,505.0,400-599,Voluntary non-profit - Private,Nonprofit,True,True,South,400-599_teaching_nonprofit,3
440018,SYCAMORE SHOALS HOSPITAL,ELIZABETHTON,TN,37643,CARTER,121.0,100-199,Voluntary non-profit - Private,Nonprofit,False,True,South,100-199_non_teaching_nonprofit,2
440020,SOUTHERN TENNESSEE REGIONAL HEALTH SYSTEM PULASKI,PULASKI,TN,38478,GILES,95.0,25-99,Proprietary,For-Profit,False,False,South,25-99_non_teaching_for_profit,3
440029,WILLIAMSON MEDICAL CENTER,FRANKLIN,TN,37067,WILLIAMSON,185.0,100-199,Government - Hospital District or Authority,Government,False,True,South,100-199_non_teaching_government,4
440030,MORRISTOWN HAMBLEN HOSPITAL ASSOCIATION,MORRISTOWN,TN,37814,HAMBLEN,167.0,100-199,Government - Local,Government,False,True,South,100-199_non_teaching_government,2
440031,ROANE MEDICAL CENTER,HARRIMAN,TN,37748,ROANE,105.0,100-199,Government - Hospital District or Authority,Government,True,True,South,100-199_teaching_government,4
440032,HAWKINS COUNTY MEMORIAL HOSPITAL,ROGERSVILLE,TN,37857,HAWKINS,50.0,25-99,Voluntary non-profit - Private,Nonprofit,True,True,South,25-99_teaching_nonprofit,Not Available
440033,LAFOLLETTE MEDICAL CENTER,LA FOLLETTE,TN,37766,CAMPBELL,66.0,25-99,Voluntary non-profit - Church,Nonprofit,False,True,South,25-99_non_teaching_nonprofit,Not Available
440034,METHODIST MEDICAL CENTER OF OAK RIDGE,OAK RIDGE,TN,37830,ANDERSON,301.0,200-399,Voluntary non-profit - Private,Nonprofit,False,True,South,200-399_non_teaching_nonprofit,3
440035,TENNOVA HEALTHCARE-CLARKSVILLE,CLARKSVILLE,TN,37040,MONTGOMERY,270.0,200-399,Proprietary,For-Profit,False,True,South,200-399_non_teaching_for_profit,1
440039,VANDERBILT UNIVERSITY MEDICAL CENTER,NASHVILLE,TN,37232,DAVIDSON,1091.0,600+,Voluntary non-profit - Private,Nonprofit,True,True,South,600+_teaching_nonprofit,4
440046,TRISTAR HORIZON MEDICAL CENTER,DICKSON,TN,37055,DICKSON,157.0,100-199,Proprietary,For-Profit,False,True,South,100-199_non_teaching_for_profit,4
440048,BAPTIST MEMORIAL HOSPITAL,MEMPHIS,TN,38120,SHELBY,927.0,600+,Voluntary non-profit - Private,Nonprofit,True,True,South,600+_teaching_nonprofit,2
440049,METHODIST HOSPITALS OF MEMPHIS,MEMPHIS,TN,38104,SHELBY,1593.0,600+,Voluntary non-profit - Church,Nonprofit,True,True,South,600+_teaching_nonprofit,4
440050,GREENEVILLE COMMUNITY HOSPITAL,GREENEVILLE,TN,37745,GREENE,140.0,100-199,Voluntary non-profit - Private,Nonprofit,False,False,South,100-199_non_teaching_nonprofit,3
440053,SAINT THOMAS RUTHERFORD HOSPITAL,MURFREESBORO,TN,37129,RUTHERFORD,358.0,200-399,Voluntary non-profit - Church,Nonprofit,False,True,South,200-399_non_teaching_nonprofit,2
440056,TENNOVA HEALTHCARE-JEFFERSON MEMORIAL HOSPITAL,JEFFERSON CITY,TN,37760,JEFFERSON,58.0,25-99,Proprietary,For-Profit,False,True,South,25-99_non_teaching_for_profit,2
440057,CLAIBORNE MEDICAL CENTER,TAZEWELL,TN,37879,CLAIBORNE,85.0,25-99,Government - Local,Government,False,False,South,25-99_non_teaching_government,Not Available
440058,SOUTHERN TENNESSEE REGIONAL HEALTH SYSTEM WINCHEST,WINCHESTER,TN,37398,FRANKLIN,152.0,100-199,Proprietary,For-Profit,False,False,South,100-199_non_teaching_for_profit,2
440059,COOKEVILLE REGIONAL MEDICAL CENTER,COOKEVILLE,TN,38501,PUTNAM,269.0,200-399,Government - Local,Government,False,False,South,200-399_non_teaching_government,2
440060,WEST TENNESSEE HEALTHCARE MILAN HOSPITAL,MILAN,TN,38358,GIBSON,70.0,25-99,Government - Local,Government,False,True,South,25-99_non_teaching_government,Not Available
440061,VOLUNTEER COMMUNITY HOSPITAL,MARTIN,TN,38237,WEAKLEY,100.0,100-199,Proprietary,For-Profit,False,False,South,100-199_non_teaching_for_profit,2
440063,JOHNSON CITY MEDICAL CENTER,JOHNSON CITY,TN,37604,WASHINGTON,585.0,400-599,Voluntary non-profit - Private,Nonprofit,True,True,South,400-599_teaching_nonprofit,Not Available
440065,TRISTAR NORTHCREST MEDICAL CENTER,SPRINGFIELD,TN,37172,ROBERTSON,109.0,100-199,Voluntary non-profit - Other,Nonprofit,False,True,South,100-199_non_teaching_nonprofit,3
440068,STARR REGIONAL MEDICAL CENTER ATHENS,ATHENS,TN,37371,MC MINN,190.0,100-199,Proprietary,For-Profit,False,False,South,100-199_non_teaching_for_profit,3
440072,DYERSBURG REGIONAL MEDICAL CENTER,DYERSBURG,TN,38024,DYER,225.0,200-399,Proprietary,For-Profit,False,False,South,200-399_non_teaching_for_profit,4
440073,MAURY REGIONAL HOSPITAL,COLUMBIA,TN,38401,MAURY,258.0,200-399,Government - Local,Government,True,True,South,200-399_teaching_government,3
440081,LECONTE MEDICAL CENTER,SEVIERVILLE,TN,37862,SEVIER,79.0,25-99,Voluntary non-profit - Other,Nonprofit,True,False,South,25-99_teaching_nonprofit,4
440082,ASCENSION SAINT THOMAS HOSPITAL,NASHVILLE,TN,37205,DAVIDSON,571.0,400-599,Voluntary non-profit - Private,Nonprofit,True,True,South,400-599_teaching_nonprofit,3
440084,SWEETWATER HOSPITAL ASSOCIATION,SWEETWATER,TN,37874,MONROE,59.0,25-99,Voluntary non-profit - Private,Nonprofit,True,False,South,25-99_teaching_nonprofit,2
440091,"MEMORIAL HEALTHCARE SYSTEM, INC",CHATTANOOGA,TN,37404,HAMILTON,431.0,400-599,Voluntary non-profit - Church,Nonprofit,False,True,South,400-599_non_teaching_nonprofit,4
440102,LINCOLN MEDICAL CENTER,FAYETTEVILLE,TN,37334,LINCOLN,91.0,25-99,Government - Local,Government,False,False,South,25-99_non_teaching_government,2
440104,ERLANGER MEDICAL CENTER,CHATTANOOGA,TN,37403,HAMILTON,848.0,600+,Government - Hospital District or Authority,Government,True,True,South,600+_teaching_government,3
440109,HARDIN MEDICAL CENTER,SAVANNAH,TN,38372,HARDIN,58.0,25-99,Government - Local,Government,False,False,South,25-99_non_teaching_government,Not Available
440110,FORT LOUDOUN MEDICAL CENTER,LENOIR CITY,TN,37772,LOUDON,50.0,25-99,Voluntary non-profit - Other,Nonprofit,False,True,South,25-99_non_teaching_nonprofit,5
440111,METRO NASHVILLE GENERAL HOSPITAL,NASHVILLE,TN,37208,DAVIDSON,150.0,100-199,Government - Hospital District or Authority,Government,True,True,South,100-199_teaching_government,Not Available
440120,PHYSICIANS REGIONAL MEDICAL CENTER,POWELL,TN,37849,KNOX,628.0,600+,Proprietary,For-Profit,False,True,South,600+_non_teaching_for_profit,3
440125,FORT SANDERS REGIONAL MEDICAL CENTER,KNOXVILLE,TN,37916,KNOX,517.0,400-599,Voluntary non-profit - Private,Nonprofit,False,True,South,400-599_non_teaching_nonprofit,3
440130,BAPTIST MEMORIAL HOSPITAL UNION CITY,UNION CITY,TN,38261,OBION,137.0,100-199,Voluntary non-profit - Private,Nonprofit,False,False,South,100-199_non_teaching_nonprofit,5
440131,BAPTIST MEMORIAL HOSPITAL TIPTON,COVINGTON,TN,38019,TIPTON,100.0,100-199,Voluntary non-profit - Church,Nonprofit,True,True,South,100-199_teaching_nonprofit,3
440132,WEST TENNESSEE HEALTHCARE HENRY COUNTY HOSPITAL,PARIS,TN,38242,HENRY,142.0,100-199,Government - Hospital District or Authority,Government,False,False,South,100-199_non_teaching_government,3
440137,VANDERBILT BEDFORD HOSPITAL,SHELBYVILLE,TN,37160,BEDFORD,104.0,100-199,Proprietary,For-Profit,False,False,South,100-199_non_teaching_for_profit,Not Available
44013F,MEMPHIS VA MEDICAL CENTER,MEMPHIS,TN,38105,SHELBY,924.0,600+,Veterans Health Administration,Other,False,True,South,600+_non_teaching_other,3
440144,VANDERBILT TULLAHOMA-HARTON HOSPITAL,TULLAHOMA,TN,37388,COFFEE,135.0,100-199,Voluntary non-profit - Other,Nonprofit,False,False,South,100-199_non_teaching_nonprofit,2
440148,DEKALB COMMUNITY HOSPITAL,SMITHVILLE,TN,37166,DE KALB,71.0,25-99,Voluntary non-profit - Church,Nonprofit,False,False,South,25-99_non_teaching_nonprofit,Not Available
440150,TRISTAR SUMMIT MEDICAL CENTER,HERMITAGE,TN,37076,DAVIDSON,200.0,200-399,Proprietary,For-Profit,False,True,South,200-399_non_teaching_for_profit,2
440151,SAINT THOMAS RIVER PARK HOSPITAL,MCMINNVILLE,TN,37110,WARREN,125.0,100-199,Voluntary non-profit - Private,Nonprofit,False,False,South,100-199_non_teaching_nonprofit,4
440152,REGIONAL ONE HEALTH,MEMPHIS,TN,38103,SHELBY,631.0,600+,Government - Hospital District or Authority,Government,True,True,South,600+_teaching_government,2
440153,TENNOVA HEALTHCARE - NEWPORT MEDICAL CENTER,NEWPORT,TN,37821,COCKE,74.0,25-99,Proprietary,For-Profit,False,False,South,25-99_non_teaching_for_profit,2
440156,PARKRIDGE MEDICAL CENTER,CHATTANOOGA,TN,37404,HAMILTON,621.0,600+,Proprietary,For-Profit,False,True,South,600+_non_teaching_for_profit,3
440159,DELTA SPECIALTY HOSPITAL,MEMPHIS,TN,38118,SHELBY,223.0,200-399,Proprietary,For-Profit,False,True,South,200-399_non_teaching_for_profit,Not Available
440161,TRISTAR CENTENNIAL MEDICAL CENTER,NASHVILLE,TN,37203,DAVIDSON,733.0,600+,Proprietary,For-Profit,False,True,South,600+_non_teaching_for_profit,4
44016F,MOUNTAIN HOME VA MEDICAL CENTER,MOUNTAIN HOME,TN,37684,WASHINGTON,515.0,400-599,Veterans Health Administration,Other,False,True,South,400-599_non_teaching_other,5
440173,PARKWEST MEDICAL CENTER,KNOXVILLE,TN,37923,KNOX,462.0,400-599,Voluntary non-profit - Private,Nonprofit,False,True,South,400-599_non_teaching_nonprofit,3
440175,SOUTHERN TENNESSEE REGIONAL HEALTH SYSTEM LAWRENCE,LAWRENCEBURG,TN,38464,LAWRENCE,96.0,25-99,Voluntary non-profit - Other,Nonprofit,False,False,South,25-99_non_teaching_nonprofit,3
440176,INDIAN PATH COMMUNITY HOSPITAL,KINGSPORT,TN,37660,SULLIVAN,239.0,200-399,Voluntary non-profit - Private,Nonprofit,True,True,South,200-399_teaching_nonprofit,3
44017F,VA MIDDLE TENNESSEE HEALTHCARE SYSTEM - MURFREESBORO,MURFREESBORO,TN,37129,RUTHERFORD,147.0,100-199,Veterans Health Administration,Other,False,True,South,100-199_non_teaching_other,Not Available
440183,ST FRANCIS HOSPITAL,MEMPHIS,TN,38119,SHELBY,519.0,400-599,Proprietary,For-Profit,True,True,South,400-599_teaching_for_profit,2
440184,FRANKLIN WOODS COMMUNITY HOSPITAL,JOHNSON CITY,TN,37604,WASHINGTON,80.0,25-99,Voluntary non-profit - Private,Nonprofit,False,True,South,25-99_non_teaching_nonprofit,4
440185,AFFILIATE OF VITRUVIAN HEALTH,CLEVELAND,TN,37311,BRADLEY,351.0,200-399,Proprietary,For-Profit,False,True,South,200-399_non_teaching_for_profit,2
440187,LIVINGSTON REGIONAL HOSPITAL,LIVINGSTON,TN,38570,OVERTON,110.0,100-199,Proprietary,For-Profit,False,False,South,100-199_non_teaching_for_profit,2
44018F,VA MIDDLE TENNESSEE HEALTHCARE SYSTEM,NASHVILLE,TN,37212,DAVIDSON,508.0,400-599,Veterans Health Administration,Other,False,True,South,400-599_non_teaching_other,5
440192,SAINT THOMAS HIGHLANDS HOSPITAL,SPARTA,TN,38583,WHITE,60.0,25-99,Proprietary,For-Profit,False,False,South,25-99_non_teaching_for_profit,Not Available
440193,VANDERBILT WILSON COUNTY HOSPITAL,LEBANON,TN,37087,WILSON,250.0,200-399,Voluntary non-profit - Private,Nonprofit,False,True,South,200-399_non_teaching_nonprofit,4
440194,TRISTAR HENDERSONVILLE MEDICAL CENTER,HENDERSONVILLE,TN,37075,SUMNER,148.0,100-199,Proprietary,For-Profit,False,True,South,100-199_non_teaching_for_profit,4
440197,TRISTAR SOUTHERN HILLS MEDICAL CENTER,NASHVILLE,TN,37211,DAVIDSON,136.0,100-199,Proprietary,For-Profit,False,True,South,100-199_non_teaching_for_profit,4
440200,STONES RIVER HOSPITAL,WOODBURY,TN,37190,CANNON,55.0,25-99,Proprietary,For-Profit,False,True,South,25-99_non_teaching_for_profit,Not Available
440218,SAINT THOMAS HOSPITAL FOR SPINAL SURGERY,NASHVILLE,TN,37203,DAVIDSON,23.0,1-24,Voluntary non-profit - Other,Nonprofit,False,True,South,1-24_non_teaching_nonprofit,Not Available
440227,TRISTAR STONECREST MEDICAL CENTER,SMYRNA,TN,37167,RUTHERFORD,75.0,25-99,Proprietary,For-Profit,False,True,South,25-99_non_teaching_for_profit,3
440228,SAINT FRANCIS BARTLETT MEDICAL CENTER,BARTLETT,TN,38133,SHELBY,196.0,100-199,Proprietary,For-Profit,False,True,South,100-199_non_teaching_for_profit,2
440231,TRUSTPOINT HOSPITAL,MURFREESBORO,TN,37129,RUTHERFORD,86.0,25-99,Proprietary,For-Profit,False,True,South,25-99_non_teaching_for_profit,Not Available
440238,HAYWOOD COUNTY COMMUNITY HOSPITAL,BROWNSVILLE,TN,38012,HAYWOOD,9.0,1-24,Proprietary,For-Profit,False,False,South,1-24_non_teaching_for_profit,Not Available
450002,THE HOSPITALS OF PROVIDENCE - MEMORIAL CAMPUS,EL PASO,TX,79902,EL PASO,486.0,400-599,Proprietary,For-Profit,True,True,South,400-599_teaching_for_profit,2
450007,PETERSON REGIONAL MEDICAL CENTER,KERRVILLE,TX,78028,KERR,124.0,100-199,Voluntary non-profit - Private,Nonprofit,False,False,South,100-199_non_teaching_nonprofit,4
450010,UNITED REGIONAL HEALTH CARE SYSTEM,WICHITA FALLS,TX,76301,WICHITA,565.0,400-599,Voluntary non-profit - Private,Nonprofit,True,True,South,400-599_teaching_nonprofit,3
450011,CHI ST JOSEPH HEALTH REGIONAL HOSPITAL,BRYAN,TX,77802,BRAZOS,316.0,200-399,Voluntary non-profit - Private,Nonprofit,True,True,South,200-399_teaching_nonprofit,3
450015,PARKLAND HEALTH & HOSPITAL SYSTEM,DALLAS,TX,75235,DALLAS,968.0,600+,Government - Hospital District or Authority,Government,True,True,South,600+_teaching_government,2
450018,UNIVERSITY OF TEXAS MEDICAL BRANCH GALVESTON,GALVESTON,TX,77555,GALVESTON,1236.0,600+,Government - State,Government,True,True,South,600+_teaching_government,3
450021,BAYLOR UNIVERSITY MEDICAL CENTER,DALLAS,TX,75246,DALLAS,914.0,600+,Voluntary non-profit - Church,Nonprofit,True,True,South,600+_teaching_nonprofit,3
450023,CITIZENS MEDICAL CENTER,VICTORIA,TX,77901,VICTORIA,265.0,200-399,Voluntary non-profit - Other,Nonprofit,False,True,South,200-399_non_teaching_nonprofit,3
450024,UNIVERSITY MEDICAL CENTER OF EL PASO,EL PASO,TX,79905,EL PASO,354.0,200-399,Physician,Other,True,True,South,200-399_teaching_other,1
450028,VALLEY BAPTIST MEDICAL CENTER- BROWNSVILLE,BROWNSVILLE,TX,78520,CAMERON,240.0,200-399,Proprietary,For-Profit,False,True,South,200-399_non_teaching_for_profit,3
450029,LAREDO MEDICAL CENTER,LAREDO,TX,78044,WEBB,326.0,200-399,Proprietary,For-Profit,True,True,South,200-399_teaching_for_profit,2
450032,CHRISTUS GOOD SHEPHERD MEDICAL CENTER,LONGVIEW,TX,75601,GREGG,574.0,400-599,Voluntary non-profit - Private,Nonprofit,True,True,South,400-599_teaching_nonprofit,3
450033,VHS HARLINGEN HOSPITAL COMPANY LLC,HARLINGEN,TX,78550,CAMERON,578.0,400-599,Proprietary,For-Profit,True,True,South,400-599_teaching_for_profit,2
450034,CHRISTUS SOUTHEAST TEXAS- ST ELIZABETH,BEAUMONT,TX,77702,JEFFERSON,487.0,400-599,Voluntary non-profit - Private,Nonprofit,False,True,South,400-599_non_teaching_nonprofit,3
450035,ST JOSEPH MEDICAL CENTER,HOUSTON,TX,77002,HARRIS,792.0,600+,Physician,Other,True,True,South,600+_teaching_other,2
450039,JPS HEALTH NETWORK,FORT WORTH,TX,76104,TARRANT,429.0,400-599,Government - Hospital District or Authority,Government,True,True,South,400-599_teaching_government,4
450040,COVENANT MEDICAL CENTER,LUBBOCK,TX,79410,LUBBOCK,470.0,400-599,Voluntary non-profit - Private,Nonprofit,True,True,South,400-599_teaching_nonprofit,2
450042,ASCENSION PROVIDENCE,WACO,TX,76712,MC LENNAN,278.0,200-399,Voluntary non-profit - Private,Nonprofit,True,True,South,200-399_teaching_nonprofit,2
450044,UT OF TEXAS  SOUTHWESTERN UNIVERSITY HOSPITAL - WILLIAM P. CLEMENTS JR.,DALLAS,TX,75390,DALLAS,826.0,600+,Government - State,Government,True,True,South,600+_teaching_government,4
450046,CHRISTUS SPOHN HOSPITAL CORPUS CHRISTI,CORPUS CHRISTI,TX,78404,NUECES,1040.0,600+,Voluntary non-profit - Private,Nonprofit,True,True,South,600+_teaching_nonprofit,3
450051,METHODIST DALLAS MEDICAL CENTER,DALLAS,TX,75203,DALLAS,478.0,400-599,Voluntary non-profit - Other,Nonprofit,True,True,South,400-599_teaching_nonprofit,3
450054,BAYLOR SCOTT & WHITE MEDICAL CENTER - TEMPLE,TEMPLE,TX,76508,BELL,645.0,600+,Voluntary non-profit - Private,Nonprofit,True,True,South,600+_teaching_nonprofit,4
450055,ROLLING PLAINS MEMORIAL HOSPITAL,SWEETWATER,TX,79556,NOLAN,85.0,25-99,Government - Hospital District or Authority,Government,False,False,South,25-99_non_teaching_government,Not Available
450056,ASCENSION SETON MEDICAL CENTER AUSTIN,AUSTIN,TX,78705,TRAVIS,521.0,400-599,Voluntary non-profit - Private,Nonprofit,True,True,South,400-599_teaching_nonprofit,4
450058,BAPTIST MEDICAL CENTER,SAN ANTONIO,TX,78205,BEXAR,1285.0,600+,Proprietary,For-Profit,True,True,South,600+_teaching_for_profit,3
450064,TEXAS HEALTH ARLINGTON MEMORIAL HOSPITAL,ARLINGTON,TX,76012,TARRANT,369.0,200-399,Voluntary non-profit - Private,Nonprofit,True,True,South,200-399_teaching_nonprofit,2
450068,MEMORIAL HERMANN - TEXAS MEDICAL CENTER,HOUSTON,TX,77030,HARRIS,1220.0,600+,Voluntary non-profit - Private,Nonprofit,True,True,South,600+_teaching_nonprofit,3
450072,CHI ST LUKE'S HEALTH BRAZOSPORT,LAKE JACKSON,TX,77566,BRAZORIA,165.0,100-199,Voluntary non-profit - Private,Nonprofit,False,True,South,100-199_non_teaching_nonprofit,4
450079,BAYLOR SCOTT & WHITE MEDICAL CENTER AT IRVING,IRVING,TX,75061,DALLAS,288.0,200-399,Voluntary non-profit - Private,Nonprofit,False,True,South,200-399_non_teaching_nonprofit,5
450080,TITUS REGIONAL MEDICAL CENTER,MOUNT PLEASANT,TX,75455,TITUS,165.0,100-199,Government - Hospital District or Authority,Government,False,False,South,100-199_non_teaching_government,3
450082,CHRISTUS SPOHN HOSPITAL BEEVILLE,BEEVILLE,TX,78102,BEE,69.0,25-99,Voluntary non-profit - Private,Nonprofit,False,False,South,25-99_non_teaching_nonprofit,Not Available
450083,UT HEALTH EAST TEXAS TYLER REGIONAL HOSPITAL,TYLER,TX,75701,SMITH,432.0,400-599,Proprietary,For-Profit,True,True,South,400-599_teaching_for_profit,1
450087,MEDICAL CITY NORTH HILLS,NORTH RICHLAND HILLS,TX,76180,TARRANT,140.0,100-199,Proprietary,For-Profit,False,True,South,100-199_non_teaching_for_profit,2
450090,NORTH TEXAS MEDICAL CENTER,GAINESVILLE,TX,76240,COOKE,60.0,25-99,Voluntary non-profit - Private,Nonprofit,False,False,South,25-99_non_teaching_nonprofit,4
450092,FORT DUNCAN MEDICAL CENTER,EAGLE PASS,TX,78852,MAVERICK,101.0,100-199,Proprietary,For-Profit,False,False,South,100-199_non_teaching_for_profit,3
450097,HCA HOUSTON HEALTHCARE SOUTHEAST,PASADENA,TX,77504,HARRIS,481.0,400-599,Proprietary,For-Profit,False,True,South,400-599_non_teaching_for_profit,3
450101,BAYLOR SCOTT & WHITE MEDICAL CENTER HILLCREST,WACO,TX,76712,MC LENNAN,260.0,200-399,Voluntary non-profit - Private,Nonprofit,False,True,South,200-399_non_teaching_nonprofit,4
450102,CHRISTUS MOTHER FRANCES HOSPITAL,TYLER,TX,75701,SMITH,537.0,400-599,Voluntary non-profit - Private,Nonprofit,True,True,South,400-599_teaching_nonprofit,4
450104,GUADALUPE REGIONAL MEDICAL CENTER,SEGUIN,TX,78155,GUADALUPE,153.0,100-199,Government - Local,Government,False,True,South,100-199_non_teaching_government,2
450107,LAS PALMAS MEDICAL CENTER A CAMPUS OF LPDS HEALTHC,EL PASO,TX,79902,EL PASO,642.0,600+,Proprietary,For-Profit,True,True,South,600+_teaching_for_profit,1
450108,CONNALLY MEMORIAL MEDICAL CENTER,FLORESVILLE,TX,78114,WILSON,44.0,25-99,Government - Hospital District or Authority,Government,False,True,South,25-99_non_teaching_government,Not Available
450119,SOUTH TEXAS HEALTH SYSTEM,EDINBURG,TX,78539,HIDALGO,870.0,600+,Proprietary,For-Profit,True,True,South,600+_teaching_for_profit,4
450124,DELL SETON  MED CENTER AT THE UNIVERSITY OF TX,AUSTIN,TX,78701,TRAVIS,240.0,200-399,Voluntary non-profit - Private,Nonprofit,False,True,South,200-399_non_teaching_nonprofit,2
450128,KNAPP MEDICAL CENTER,WESLACO,TX,78596,HIDALGO,233.0,200-399,Voluntary non-profit - Private,Nonprofit,True,True,South,200-399_teaching_nonprofit,4
450132,MEDICAL CENTER HOSPITAL,ODESSA,TX,79761,ECTOR,402.0,400-599,Government - Hospital District or Authority,Government,False,True,South,400-599_non_teaching_government,2
450133,MIDLAND MEMORIAL HOSPITAL,MIDLAND,TX,79701,MIDLAND,540.0,400-599,Government - Hospital District or Authority,Government,True,True,South,400-599_teaching_government,1
450135,TEXAS HEALTH HARRIS METHODIST FORT WORTH,FORT WORTH,TX,76104,TARRANT,610.0,600+,Voluntary non-profit - Private,Nonprofit,True,True,South,600+_teaching_nonprofit,4
450137,BAYLOR SCOTT AND WHITE ALL SAINTS MEDICAL CENTER,FORT WORTH,TX,76104,TARRANT,538.0,400-599,Voluntary non-profit - Private,Nonprofit,False,True,South,400-599_non_teaching_nonprofit,4
450143,ASCENSION SETON SMITHVILLE,SMITHVILLE,TX,78957,BASTROP,8.0,1-24,Voluntary non-profit - Private,Nonprofit,True,True,South,1-24_teaching_nonprofit,Not Available
450144,PERMIAN REGIONAL MEDICAL CENTER ANDREWS COUNTY HO,ANDREWS,TX,79714,ANDREWS,36.0,25-99,Government - Hospital District or Authority,Government,False,False,South,25-99_non_teaching_government,Not Available
450147,DE TAR HOSPITAL NAVARRO,VICTORIA,TX,77901,VICTORIA,278.0,200-399,Proprietary,For-Profit,False,True,South,200-399_non_teaching_for_profit,4
450148,TEXAS HEALTH HARRIS METHODIST HOSPITAL CLEBURNE,CLEBURNE,TX,76031,JOHNSON,137.0,100-199,Voluntary non-profit - Church,Nonprofit,False,True,South,100-199_non_teaching_nonprofit,3
450152,ADVENTHEALTH CENTRAL TEXAS,KILLEEN,TX,76542,BELL,232.0,200-399,Voluntary non-profit - Church,Nonprofit,False,True,South,200-399_non_teaching_nonprofit,3
450154,VAL VERDE REGIONAL MEDICAL CENTER,DEL RIO,TX,78840,VAL VERDE,93.0,25-99,Government - Hospital District or Authority,Government,False,False,South,25-99_non_teaching_government,Not Available
450155,HEREFORD REGIONAL MEDICAL CENTER,HEREFORD,TX,79045,DEAF SMITH,42.0,25-99,Government - Hospital District or Authority,Government,True,False,South,25-99_teaching_government,Not Available
450162,GRACE SURGICAL HOSPITAL,LUBBOCK,TX,79412,LUBBOCK,123.0,100-199,Voluntary non-profit - Private,Nonprofit,True,True,South,100-199_teaching_nonprofit,3
450163,CHRISTUS SPOHN HOSPITAL KLEBERG,KINGSVILLE,TX,78363,KLEBERG,96.0,25-99,Voluntary non-profit - Private,Nonprofit,False,False,South,25-99_non_teaching_nonprofit,2
450165,METHODIST HOSPITAL ATASCOSA,JOURDANTON,TX,78026,ATASCOSA,67.0,25-99,Proprietary,For-Profit,False,True,South,25-99_non_teaching_for_profit,Not Available
450176,MISSION REGIONAL MEDICAL CENTER,MISSION,TX,78572,HIDALGO,297.0,200-399,Voluntary non-profit - Private,Nonprofit,False,True,South,200-399_non_teaching_nonprofit,3
450184,MEMORIAL HERMANN HOSPITAL SYSTEM,HOUSTON,TX,77008,HARRIS,1515.0,600+,Voluntary non-profit - Private,Nonprofit,True,True,South,600+_teaching_nonprofit,3
450193,Baylor St Lukes Medical Center,HOUSTON,TX,77030,HARRIS,881.0,600+,Voluntary non-profit - Church,Nonprofit,True,True,South,600+_teaching_nonprofit,3
450194,UT HEALTH EAST TEXAS JACKSONVILLE HOSPITAL,JACKSONVILLE,TX,75766,CHEROKEE,74.0,25-99,Proprietary,For-Profit,False,False,South,25-99_non_teaching_for_profit,Not Available
450196,PARIS REGIONAL MEDICAL CENTER,PARIS,TX,75460,LAMAR,368.0,200-399,Proprietary,For-Profit,False,False,South,200-399_non_teaching_for_profit,1
450200,WADLEY REGIONAL MEDICAL CENTER,TEXARKANA,TX,75501,BOWIE,370.0,200-399,Physician,Other,True,True,South,200-399_teaching_other,3
450203,MEDICAL CITY WEATHERFORD,WEATHERFORD,TX,76086,PARKER,99.0,25-99,Proprietary,For-Profit,False,True,South,25-99_non_teaching_for_profit,2
450209,NORTHWEST TEXAS HOSPITAL,AMARILLO,TX,79106,POTTER,495.0,400-599,Voluntary non-profit - Private,Nonprofit,True,True,South,400-599_teaching_nonprofit,3
450210,UT HEALTH EAST TEXAS CARTHAGE HOSPITAL,CARTHAGE,TX,75633,PANOLA,42.0,25-99,Proprietary,For-Profit,False,False,South,25-99_non_teaching_for_profit,Not Available
450211,CHI ST LUKES HEALTH MEMORIAL LUFKIN,LUFKIN,TX,75901,ANGELINA,279.0,200-399,Voluntary non-profit - Private,Nonprofit,True,False,South,200-399_teaching_nonprofit,3
450213,UNIVERSITY HEALTH SYSTEM,SAN ANTONIO,TX,78229,BEXAR,1034.0,600+,Government - Hospital District or Authority,Government,True,True,South,600+_teaching_government,3
450222,HCA HOUSTON HEALTHCARE CONROE,CONROE,TX,77304,MONTGOMERY,328.0,200-399,Proprietary,For-Profit,False,True,South,200-399_non_teaching_for_profit,2
450229,HENDRICK MEDICAL CENTER,ABILENE,TX,79601,TAYLOR,540.0,400-599,Voluntary non-profit - Private,Nonprofit,False,True,South,400-599_non_teaching_nonprofit,2
450231,BSA HOSPITAL,AMARILLO,TX,79106,POTTER,445.0,400-599,Proprietary,For-Profit,True,True,South,400-599_teaching_for_profit,2
450235,MEMORIAL HOSPITAL,GONZALES,TX,78629,GONZALES,35.0,25-99,Government - Hospital District or Authority,Government,True,False,South,25-99_teaching_government,Not Available
450236,CHRISTUS MOTHER FRANCES HOSPITAL SULPHUR SPRINGS,SULPHUR SPRINGS,TX,75482,HOPKINS,96.0,25-99,Voluntary non-profit - Private,Nonprofit,False,False,South,25-99_non_teaching_nonprofit,4
450237,CHRISTUS SANTA ROSA MEDICAL CENTER,SAN ANTONIO,TX,78229,BEXAR,601.0,600+,Voluntary non-profit - Private,Nonprofit,True,True,South,600+_teaching_nonprofit,3
450241,FAITH COMMUNITY HOSPITAL,JACKSBORO,TX,76458,JACK,41.0,25-99,Government - Hospital District or Authority,Government,False,False,South,25-99_non_teaching_government,Not Available
450253,BELLVILLE MEDICAL CENTER,BELLVILLE,TX,77418,AUSTIN,32.0,25-99,Government - Hospital District or Authority,Government,False,True,South,25-99_non_teaching_government,Not Available
450271,MEDICAL CITY DECATUR,DECATUR,TX,76234,WISE,85.0,25-99,Government - Hospital District or Authority,Government,False,True,South,25-99_non_teaching_government,Not Available
450272,CHRISTUS SANTA ROSA HOSPITAL-SAN MARCOS,SAN MARCOS,TX,78666,HAYS,170.0,100-199,Voluntary non-profit - Church,Nonprofit,True,True,South,100-199_teaching_nonprofit,4
450289,HARRIS HEALTH,HOUSTON,TX,77030,HARRIS,975.0,600+,Government - Hospital District or Authority,Government,True,True,South,600+_teaching_government,3
450292,TEXAS HEALTH PRESBYTERIAN HOSPITAL KAUFMAN,KAUFMAN,TX,75142,KAUFMAN,91.0,25-99,Voluntary non-profit - Private,Nonprofit,False,True,South,25-99_non_teaching_nonprofit,Not Available
450324,TEXOMA MEDICAL CENTER,DENISON,TX,75020,GRAYSON,414.0,400-599,Proprietary,For-Profit,True,True,South,400-599_teaching_for_profit,3
450330,OAKBEND MEDICAL CENTER,RICHMOND,TX,77469,FORT BEND,168.0,100-199,Government - Hospital District or Authority,Government,False,True,South,100-199_non_teaching_government,2
450346,BAPTIST BEAUMONT HOSPITAL,BEAUMONT,TX,77701,JEFFERSON,483.0,400-599,Voluntary non-profit - Private,Nonprofit,True,True,South,400-599_teaching_nonprofit,2
450347,HUNTSVILLE MEMORIAL HOSPITAL,HUNTSVILLE,TX,77340,WALKER,144.0,100-199,Voluntary non-profit - Private,Nonprofit,False,False,South,100-199_non_teaching_nonprofit,3
450351,TEXAS HEALTH HARRIS METHODIST HOSPITAL STEPHENVILL,STEPHENVILLE,TX,76401,ERATH,98.0,25-99,Voluntary non-profit - Private,Nonprofit,False,False,South,25-99_non_teaching_nonprofit,Not Available
450352,HUNT REGIONAL MEDICAL CENTER,GREENVILLE,TX,75401,HUNT,192.0,100-199,Government - Hospital District or Authority,Government,True,True,South,100-199_teaching_government,3
450358,HOUSTON METHODIST HOSPITAL,HOUSTON,TX,77030,HARRIS,1299.0,600+,Voluntary non-profit - Private,Nonprofit,True,True,South,600+_teaching_nonprofit,5
450369,CHILDRESS REGIONAL MEDICAL CENTER,CHILDRESS,TX,79201,CHILDRESS,39.0,25-99,Government - Hospital District or Authority,Government,False,False,South,25-99_non_teaching_government,Not Available
450370,COLUMBUS COMMUNITY HOSPITAL,COLUMBUS,TX,78934,COLORADO,40.0,25-99,Voluntary non-profit - Private,Nonprofit,False,False,South,25-99_non_teaching_nonprofit,Not Available
450372,BAYLOR SCOTT & WHITE MEDICAL CENTER- WAXAHACHIE,WAXAHACHIE,TX,75165,ELLIS,129.0,100-199,Voluntary non-profit - Private,Nonprofit,False,True,South,100-199_non_teaching_nonprofit,5
450379,DALLAS MEDICAL CENTER,DALLAS,TX,75234,DALLAS,155.0,100-199,Proprietary,For-Profit,False,True,South,100-199_non_teaching_for_profit,Not Available
450388,METHODIST HOSPITAL,SAN ANTONIO,TX,78229,BEXAR,2465.0,600+,Proprietary,For-Profit,True,True,South,600+_teaching_for_profit,3
450389,UT HEALTH EAST TEXAS ATHENS HOSPITAL,ATHENS,TX,75751,HENDERSON,127.0,100-199,Proprietary,For-Profit,False,False,South,100-199_non_teaching_for_profit,3
450395,CHI ST LUKES HEALTH MEMORIAL LIVINGSTON,LIVINGSTON,TX,77351,POLK,66.0,25-99,Voluntary non-profit - Private,Nonprofit,False,False,South,25-99_non_teaching_nonprofit,4
450399,BROWNFIELD REGIONAL MEDICAL CENTER,BROWNFIELD,TX,79316,TERRY,48.0,25-99,Government - Hospital District or Authority,Government,False,False,South,25-99_non_teaching_government,Not Available
450400,PARKVIEW REGIONAL HOSPITAL,MEXIA,TX,76667,LIMESTONE,59.0,25-99,Proprietary,For-Profit,False,False,South,25-99_non_teaching_for_profit,Not Available
450403,MEDICAL CENTER OF MCKINNEY,MCKINNEY,TX,75069,COLLIN,225.0,200-399,Proprietary,For-Profit,False,True,South,200-399_non_teaching_for_profit,3
450411,EASTLAND MEMORIAL HOSPITAL,EASTLAND,TX,76448,EASTLAND,52.0,25-99,Government - Hospital District or Authority,Government,False,False,South,25-99_non_teaching_government,Not Available
450419,TEXAS HEALTH HARRIS METHODIST HOSPITAL AZLE,AZLE,TX,76020,TARRANT,36.0,25-99,Voluntary non-profit - Private,Nonprofit,False,True,South,25-99_non_teaching_nonprofit,Not Available
450422,BAYLOR SCOTT AND WHITE MEDICAL CENTER UPTOWN,DALLAS,TX,75204,DALLAS,28.0,25-99,Proprietary,For-Profit,False,True,South,25-99_non_teaching_for_profit,Not Available
450424,HOUSTON METHODIST BAYTOWN HOSPITAL,BAYTOWN,TX,77521,HARRIS,230.0,200-399,Voluntary non-profit - Private,Nonprofit,False,True,South,200-399_non_teaching_nonprofit,5
450431,ST DAVID'S MEDICAL CENTER,AUSTIN,TX,78705,TRAVIS,625.0,600+,Voluntary non-profit - Private,Nonprofit,False,True,South,600+_non_teaching_nonprofit,5
450447,NAVARRO REGIONAL HOSPITAL,CORSICANA,TX,75110,NAVARRO,162.0,100-199,Government - Hospital District or Authority,Government,False,False,South,100-199_non_teaching_government,2
450451,GLEN ROSE MEDICAL CENTER,GLEN ROSE,TX,76043,SOMERVELL,16.0,1-24,Government - Hospital District or Authority,Government,False,False,South,1-24_non_teaching_government,Not Available
450460,TYLER COUNTY HOSPITAL,WOODVILLE,TX,75979,TYLER,25.0,25-99,Government - Hospital District or Authority,Government,False,False,South,25-99_non_teaching_government,Not Available
450462,TEXAS HEALTH PRESBYTERIAN HOSPITAL DALLAS,DALLAS,TX,75231,DALLAS,866.0,600+,Voluntary non-profit - Private,Nonprofit,True,True,South,600+_teaching_nonprofit,4
450465,MATAGORDA REGIONAL MEDICAL CENTER,BAY CITY,TX,77414,MATAGORDA,58.0,25-99,Government - Hospital District or Authority,Government,False,False,South,25-99_non_teaching_government,4
450469,WILSON N JONES REGIONAL MEDICAL CENTER,SHERMAN,TX,75092,GRAYSON,241.0,200-399,Proprietary,For-Profit,False,True,South,200-399_non_teaching_for_profit,4
450475,UT HEALTH EAST TEXAS HENDERSON HOSPITAL,HENDERSON,TX,75652,RUSK,158.0,100-199,Proprietary,For-Profit,True,True,South,100-199_teaching_for_profit,Not Available
450484,WOODLAND HEIGHTS MEDICAL CENTER,LUFKIN,TX,75904,ANGELINA,117.0,100-199,Proprietary,For-Profit,False,False,South,100-199_non_teaching_for_profit,3
450489,MEDICAL ARTS HOSPITAL,LAMESA,TX,79331,DAWSON,21.0,1-24,Government - Hospital District or Authority,Government,False,False,South,1-24_non_teaching_government,Not Available
450508,NACOGDOCHES MEMORIAL HOSPITAL,NACOGDOCHES,TX,75961,NACOGDOCHES,231.0,200-399,Proprietary,For-Profit,False,False,South,200-399_non_teaching_for_profit,1
450518,THE MEDICAL CENTER OF SOUTHEAST TEXAS,PORT ARTHUR,TX,77640,JEFFERSON,216.0,200-399,Physician,Other,False,True,South,200-399_non_teaching_other,3
450537,METHODIST RICHARDSON MEDICAL CENTER,RICHARDSON,TX,75082,COLLIN,205.0,200-399,Government - Hospital District or Authority,Government,False,True,South,200-399_non_teaching_government,4
450539,COVENANT HOSPITAL PLAINVIEW,PLAINVIEW,TX,79072,HALE,100.0,100-199,Voluntary non-profit - Private,Nonprofit,True,False,South,100-199_teaching_nonprofit,Not Available
450563,BAYLOR SCOTT & WHITE MEDICAL CENTER  GRAPEVINE,GRAPEVINE,TX,76051,TARRANT,273.0,200-399,Voluntary non-profit - Private,Nonprofit,False,True,South,200-399_non_teaching_nonprofit,5
450565,PALO PINTO GENERAL HOSPITAL,MINERAL WELLS,TX,76067,PALO PINTO,99.0,25-99,Government - Hospital District or Authority,Government,False,False,South,25-99_non_teaching_government,3
450571,SHANNON MEDICAL CENTER,SAN ANGELO,TX,76903,TOM GREEN,616.0,600+,Voluntary non-profit - Private,Nonprofit,True,True,South,600+_teaching_nonprofit,3
450573,CHRISTUS JASPER MEMORIAL HOSPITAL,JASPER,TX,75951,JASPER,59.0,25-99,Voluntary non-profit - Private,Nonprofit,False,False,South,25-99_non_teaching_nonprofit,5
450584,WILBARGER GENERAL HOSPITAL,VERNON,TX,76384,WILBARGER,28.0,25-99,Government - Hospital District or Authority,Government,False,False,South,25-99_non_teaching_government,Not Available
450587,HENDRICK MEDICAL CENTER BROWNWOOD,BROWNWOOD,TX,76801,BROWN,216.0,200-399,Proprietary,For-Profit,True,False,South,200-399_teaching_for_profit,1
450596,LAKE GRANBURY MEDICAL CENTER,GRANBURY,TX,76048,HOOD,59.0,25-99,Proprietary,For-Profit,False,False,South,25-99_non_teaching_for_profit,4
450597,CUERO REGIONAL HOSPITAL,CUERO,TX,77954,DE WITT,49.0,25-99,Government - Hospital District or Authority,Government,True,False,South,25-99_teaching_government,Not Available
450604,HILL COUNTRY MEMORIAL HOSPITAL,FREDERICKSBURG,TX,78624,GILLESPIE,84.0,25-99,Proprietary,For-Profit,False,False,South,25-99_non_teaching_for_profit,4
45060F,VA AMARILLO HEALTHCARE SYSTEM,AMARILLO,TX,79106,POTTER,149.0,100-199,Veterans Health Administration,Other,False,True,South,100-199_non_teaching_other,4
450610,MEMORIAL HERMANN MEMORIAL CITY HOSPITAL,HOUSTON,TX,77024,HARRIS,821.0,600+,Voluntary non-profit - Private,Nonprofit,False,True,South,600+_non_teaching_nonprofit,3
450617,HCA HOUSTON HEALTHCARE CLEAR LAKE,WEBSTER,TX,77598,HARRIS,528.0,400-599,Proprietary,For-Profit,False,True,South,400-599_non_teaching_for_profit,3
450634,MEDICAL CITY DENTON,DENTON,TX,76210,DENTON,208.0,200-399,Proprietary,For-Profit,False,True,South,200-399_non_teaching_for_profit,4
450638,HCA HOUSTON HEALTHCARE NORTHWEST,HOUSTON,TX,77090,HARRIS,423.0,400-599,Proprietary,For-Profit,False,True,South,400-599_non_teaching_for_profit,3
450639,TEXAS HEALTH HARRIS METHODIST HURST-EULESS-BEDFORD,BEDFORD,TX,76022,TARRANT,286.0,200-399,Voluntary non-profit - Private,Nonprofit,False,True,South,200-399_non_teaching_nonprofit,3
450641,NOCONA GENERAL HOSPITAL,NOCONA,TX,76255,MONTAGUE,38.0,25-99,Government - Hospital District or Authority,Government,False,False,South,25-99_non_teaching_government,Not Available
450643,DOCTORS HOSPITAL OF LAREDO,LAREDO,TX,78041,WEBB,183.0,100-199,Proprietary,For-Profit,False,True,South,100-199_non_teaching_for_profit,3
450644,HCA HOUSTON HEALTHCARE WEST,HOUSTON,TX,77082,HARRIS,302.0,200-399,Proprietary,For-Profit,True,True,South,200-399_teaching_for_profit,2
450647,MEDICAL CITY DALLAS HOSPITAL,DALLAS,TX,75230,DALLAS,963.0,600+,Proprietary,For-Profit,True,True,South,600+_teaching_for_profit,3
450651,MEDICAL CITY PLANO,PLANO,TX,75075,COLLIN,611.0,600+,Proprietary,For-Profit,False,True,South,600+_non_teaching_for_profit,2
450653,SCENIC MOUNTAIN MEDICAL CENTER,BIG SPRING,TX,79720,HOWARD,146.0,100-199,Proprietary,For-Profit,False,False,South,100-199_non_teaching_for_profit,Not Available
450654,STARR COUNTY MEMORIAL HOSPITAL,RIO GRANDE CITY,TX,78582,STARR,48.0,25-99,Government - Hospital District or Authority,Government,False,False,South,25-99_non_teaching_government,Not Available
450656,NACOGDOCHES MEDICAL CENTER,NACOGDOCHES,TX,75965,NACOGDOCHES,150.0,100-199,Voluntary non-profit - Other,Nonprofit,False,False,South,100-199_non_teaching_nonprofit,3
450658,FREESTONE MEDICAL CENTER,FAIRFIELD,TX,75840,FREESTONE,37.0,25-99,Government - Hospital District or Authority,Government,False,False,South,25-99_non_teaching_government,Not Available
450659,HCA HOUSTON HEALTHCARE MEDICAL CENTER,HOUSTON,TX,77004,HARRIS,508.0,400-599,Proprietary,For-Profit,False,True,South,400-599_non_teaching_for_profit,4
450661,ODESSA REGIONAL MEDICAL CENTER,ODESSA,TX,79761,ECTOR,230.0,200-399,Proprietary,For-Profit,False,True,South,200-399_non_teaching_for_profit,3
450662,VALLEY REGIONAL MEDICAL CENTER,BROWNSVILLE,TX,78526,CAMERON,214.0,200-399,Proprietary,For-Profit,False,True,South,200-399_non_teaching_for_profit,2
450668,SIERRA MEDICAL CENTER,EL PASO,TX,79902,EL PASO,283.0,200-399,Proprietary,For-Profit,False,True,South,200-399_non_teaching_for_profit,2
450669,MEDICAL CITY LEWISVILLE,LEWISVILLE,TX,75057,DENTON,202.0,200-399,Voluntary non-profit - Private,Nonprofit,False,True,South,200-399_non_teaching_nonprofit,4
45066F,DALLAS VA MEDICAL CENTER (VA NORTH TEXAS HEALTHCARE SYSTEM),DALLAS,TX,75216,DALLAS,771.0,600+,Veterans Health Administration,Other,False,True,South,600+_non_teaching_other,4
450670,HCA HOUSTON HEALTHCARE TOMBALL,TOMBALL,TX,77375,HARRIS,289.0,200-399,Proprietary,For-Profit,False,True,South,200-399_non_teaching_for_profit,2
450672,MEDICAL CITY FORT WORTH,FORT WORTH,TX,76104,TARRANT,320.0,200-399,Proprietary,For-Profit,True,True,South,200-399_teaching_for_profit,2
450674,"WOMANS HOSPITAL OF TEXAS,THE",HOUSTON,TX,77054,HARRIS,407.0,400-599,Proprietary,For-Profit,False,True,South,400-599_non_teaching_for_profit,3
450675,MEDICAL CITY ARLINGTON,ARLINGTON,TX,76015,TARRANT,420.0,400-599,Proprietary,For-Profit,False,True,South,400-599_non_teaching_for_profit,2
450677,TEXAS HEALTH HUGULEY HOSPITAL FORT WORTH SOUTH,FORT WORTH,TX,76115,TARRANT,213.0,200-399,Voluntary non-profit - Church,Nonprofit,False,True,South,200-399_non_teaching_nonprofit,3
450678,WHITE ROCK MEDICAL CENTER,DALLAS,TX,75218,DALLAS,232.0,200-399,Proprietary,For-Profit,False,True,South,200-399_non_teaching_for_profit,2
450684,MEMORIAL HERMANN NORTHEAST HOSPITAL,HUMBLE,TX,77338,HARRIS,257.0,200-399,Voluntary non-profit - Private,Nonprofit,False,True,South,200-399_non_teaching_nonprofit,3
450686,UNIVERSITY MEDICAL CENTER,LUBBOCK,TX,79415,LUBBOCK,503.0,400-599,Government - Hospital District or Authority,Government,True,True,South,400-599_teaching_government,3
450688,DALLAS REGIONAL MEDICAL CENTER,MESQUITE,TX,75149,DALLAS,172.0,100-199,Proprietary,For-Profit,False,True,South,100-199_non_teaching_for_profit,2
45068F,William Beaumont AMG (FT Bliss),El Paso,TX,79920,EL PASO,750.0,600+,Department of Defense,Other,False,True,South,600+_non_teaching_other,Not Available
450690,THE UNIVERSITY OF TEXAS HEALTH SCIENCE CENTER AT TYLER,TYLER,TX,75708,SMITH,182.0,100-199,Government - State,Government,False,True,South,100-199_non_teaching_government,3
450694,EL CAMPO MEMORIAL HOSPITAL,EL CAMPO,TX,77437,WHARTON,49.0,25-99,Voluntary non-profit - Other,Nonprofit,False,False,South,25-99_non_teaching_nonprofit,Not Available
450698,LAMB HEALTHCARE CENTER,LITTLEFIELD,TX,79339,LAMB,75.0,25-99,Government - Local,Government,False,False,South,25-99_non_teaching_government,Not Available
45069F,Brooke Army Medical Center (FT Sam Houston),Fort Sam Houston,TX,78234,BEXAR,950.0,600+,Department of Defense,Other,False,True,South,600+_non_teaching_other,Not Available
450702,LONGVIEW REGIONAL MEDICAL CENTER,LONGVIEW,TX,75605,GREGG,230.0,200-399,Proprietary,For-Profit,False,True,South,200-399_non_teaching_for_profit,3
450709,HOUSTON METHODIST CLEAR LAKE HOSPITAL,NASSAU BAY,TX,77058,HARRIS,178.0,100-199,Voluntary non-profit - Private,Nonprofit,False,True,South,100-199_non_teaching_nonprofit,5
45070F,Darnall AMC (FT Cavazos),Fort Cavazos,TX,76544,BELL,285.0,200-399,Department of Defense,Other,False,True,South,200-399_non_teaching_other,Not Available
450711,RIO GRANDE REGIONAL HOSPITAL,MCALLEN,TX,78503,HIDALGO,320.0,200-399,Proprietary,For-Profit,False,True,South,200-399_non_teaching_for_profit,4
450713,ST DAVID'S SOUTH AUSTIN MEDICAL CENTER,AUSTIN,TX,78704,TRAVIS,363.0,200-399,Proprietary,For-Profit,False,True,South,200-399_non_teaching_for_profit,4
450718,ROUND ROCK MEDICAL CENTER,ROUND ROCK,TX,78681,WILLIAMSON,209.0,200-399,Proprietary,For-Profit,False,True,South,200-399_non_teaching_for_profit,3
450723,METHODIST CHARLTON MEDICAL CENTER,DALLAS,TX,75237,DALLAS,285.0,200-399,Voluntary non-profit - Private,Nonprofit,True,True,South,200-399_teaching_nonprofit,3
450730,CARROLLTON REGIONAL MEDICAL CENTER,CARROLLTON,TX,75010,DENTON,216.0,200-399,Proprietary,For-Profit,False,True,South,200-399_non_teaching_for_profit,2
450742,BAYLOR SCOTT AND WHITE MEDICAL CENTER LAKE POINTE,ROWLETT,TX,75088,DALLAS,148.0,100-199,Voluntary non-profit - Private,Nonprofit,False,True,South,100-199_non_teaching_nonprofit,3
450743,TEXAS HEALTH PRESBYTERIAN HOSPITAL DENTON,DENTON,TX,76201,DENTON,255.0,200-399,Voluntary non-profit - Private,Nonprofit,False,True,South,200-399_non_teaching_nonprofit,5
450747,PALESTINE REGIONAL MEDICAL CENTER,PALESTINE,TX,75801,ANDERSON,161.0,100-199,Proprietary,For-Profit,False,False,South,100-199_non_teaching_for_profit,2
45074F,HOUSTON VA MEDICAL CENTER,HOUSTON,TX,77030,HARRIS,1253.0,600+,Veterans Health Administration,Other,False,True,South,600+_non_teaching_other,4
450755,COVENANT HOSPITAL LEVELLAND,LEVELLAND,TX,79336,HOCKLEY,48.0,25-99,Voluntary non-profit - Private,Nonprofit,False,False,South,25-99_non_teaching_nonprofit,Not Available
450771,TEXAS HEALTH PRESBYTERIAN HOSPITAL PLANO,PLANO,TX,75093,COLLIN,203.0,200-399,Voluntary non-profit - Private,Nonprofit,False,True,South,200-399_non_teaching_nonprofit,3
450774,TOPS SURGICAL SPECIALTY HOSPITAL,HOUSTON,TX,77090,HARRIS,15.0,1-24,Physician,Other,False,True,South,1-24_non_teaching_other,Not Available
450775,HCA HOUSTON HEALTHCARE KINGWOOD,KINGWOOD,TX,77325,HARRIS,620.0,600+,Proprietary,For-Profit,True,True,South,600+_teaching_for_profit,2
450779,TEXAS HEALTH HARRIS METHODIST HOSPITAL SOUTHWEST F,FORT WORTH,TX,76132,TARRANT,630.0,600+,Voluntary non-profit - Private,Nonprofit,False,True,South,600+_non_teaching_nonprofit,4
450788,"CORPUS CHRISTI MEDICAL CENTER,THE",CORPUS CHRISTI,TX,78411,NUECES,631.0,600+,Voluntary non-profit - Other,Nonprofit,True,True,South,600+_teaching_nonprofit,4
450801,CHRISTUS ST MICHAEL HEALTH SYSTEM,TEXARKANA,TX,75503,BOWIE,724.0,600+,Voluntary non-profit - Church,Nonprofit,True,True,South,600+_teaching_nonprofit,4
450804,TEXAS ORTHOPEDIC HOSPITAL,HOUSTON,TX,77030,HARRIS,42.0,25-99,Voluntary non-profit - Other,Nonprofit,False,True,South,25-99_non_teaching_nonprofit,Not Available
450808,NORTHWEST HILLS SURGICAL HOSPITAL,AUSTIN,TX,78731,TRAVIS,8.0,1-24,Voluntary non-profit - Private,Nonprofit,False,True,South,1-24_non_teaching_nonprofit,Not Available
450809,NORTH AUSTIN MEDICAL CENTER,AUSTIN,TX,78758,TRAVIS,511.0,400-599,Proprietary,For-Profit,True,True,South,400-599_teaching_for_profit,3
450820,HOUSTON METHODIST SUGARLAND HOSPITAL,SUGAR LAND,TX,77479,FORT BEND,340.0,200-399,Voluntary non-profit - Private,Nonprofit,True,True,South,200-399_teaching_nonprofit,4
450822,MEDICAL CITY LAS COLINAS,IRVING,TX,75039,DALLAS,100.0,100-199,Proprietary,For-Profit,True,True,South,100-199_teaching_for_profit,2
450825,CORNERSTONE REGIONAL HOSPITAL,EDINBURG,TX,78539,HIDALGO,14.0,1-24,Proprietary,For-Profit,False,True,South,1-24_non_teaching_for_profit,Not Available
450827,KELL WEST REGIONAL HOSPITAL,WICHITA FALLS,TX,76310,WICHITA,41.0,25-99,Proprietary,For-Profit,False,True,South,25-99_non_teaching_for_profit,Not Available
450828,CHRISTUS SPOHN HOSPITAL ALICE,ALICE,TX,78332,JIM WELLS,135.0,100-199,Voluntary non-profit - Private,Nonprofit,False,False,South,100-199_non_teaching_nonprofit,5
450831,SURGERY SPECIALTY HOSPITALS OF AMERICA SE HOUSTON,PASADENA,TX,77504,HARRIS,37.0,25-99,Proprietary,For-Profit,False,True,South,25-99_non_teaching_for_profit,Not Available
450833,ENNIS REGIONAL MEDICAL CENTER,ENNIS,TX,75119,ELLIS,60.0,25-99,Proprietary,For-Profit,False,True,South,25-99_non_teaching_for_profit,Not Available
450834,"PHYSICIANS CENTRE,THE",BRYAN,TX,77802,BRAZOS,16.0,1-24,Proprietary,For-Profit,False,True,South,1-24_non_teaching_for_profit,Not Available
450840,TEXAS HEALTH PRESBYTERIAN HOSPITAL ALLEN,ALLEN,TX,75013,COLLIN,29.0,25-99,Voluntary non-profit - Private,Nonprofit,True,True,South,25-99_teaching_nonprofit,5
450844,HOUSTON METHODIST WILLOWBROOK HOSPITAL,HOUSTON,TX,77070,HARRIS,313.0,200-399,Voluntary non-profit - Private,Nonprofit,False,True,South,200-399_non_teaching_nonprofit,5
450847,MEMORIAL HERMANN KATY HOSPITAL,KATY,TX,77494,FORT BEND,294.0,200-399,Voluntary non-profit - Private,Nonprofit,False,True,South,200-399_non_teaching_nonprofit,3
450848,MEMORIAL HERMANN SUGAR LAND HOSPITAL,SUGAR LAND,TX,77479,FORT BEND,179.0,100-199,Voluntary non-profit - Private,Nonprofit,False,True,South,100-199_non_teaching_nonprofit,3
450851,BAYLOR SCOTT & WHITE HEART & VASCULAR HOSPITAL - DALLAS,DALLAS,TX,75226,DALLAS,61.0,25-99,Proprietary,For-Profit,False,True,South,25-99_non_teaching_for_profit,4
450853,BAYLOR SCOTT & WHITE MEDICAL CENTER - FRISCO,FRISCO,TX,75034,DENTON,25.0,25-99,Proprietary,For-Profit,False,True,South,25-99_non_teaching_for_profit,2
450855,HARLINGEN MEDICAL CENTER,HARLINGEN,TX,78550,CAMERON,112.0,100-199,Proprietary,For-Profit,True,True,South,100-199_teaching_for_profit,4
450856,SOUTH TEXAS SPINE AND SURGICAL HOSPITAL,SAN ANTONIO,TX,78258,BEXAR,30.0,25-99,Physician,Other,False,True,South,25-99_non_teaching_other,Not Available
450860,SUGAR LAND SURGICAL HOSPITAL LLP,SUGAR LAND,TX,77479,FORT BEND,6.0,1-24,Physician,Other,False,True,South,1-24_non_teaching_other,Not Available
450862,ST LUKE'S THE WOODLANDS HOSPITAL,THE WOODLANDS,TX,77384,MONTGOMERY,241.0,200-399,Voluntary non-profit - Private,Nonprofit,False,True,South,200-399_non_teaching_nonprofit,4
450864,BAYLOR SCOTT & WHITE TEXAS SPINE & JOINT HOSPITAL,TYLER,TX,75701,SMITH,18.0,1-24,Physician,Other,False,True,South,1-24_non_teaching_other,5
450865,ASCENSION SETON  SOUTHWEST,AUSTIN,TX,78737,HAYS,28.0,25-99,Voluntary non-profit - Private,Nonprofit,False,True,South,25-99_non_teaching_nonprofit,Not Available
450867,ASCENSION SETON NORTHWEST,AUSTIN,TX,78759,TRAVIS,124.0,100-199,Voluntary non-profit - Private,Nonprofit,True,True,South,100-199_teaching_nonprofit,4
450869,DOCTORS HOSPTAL AT RENAISSANCE,EDINBURG,TX,78539,HIDALGO,583.0,400-599,Physician,Other,True,True,South,400-599_teaching_other,3
45086F,TEMPLE VA MEDICAL CENTER (VA CENTRAL TEXAS HEALTHCARE SYSTEM),TEMPLE,TX,76504,BELL,758.0,600+,Veterans Health Administration,Other,False,True,South,600+_non_teaching_other,4
450872,USMD HOSPITAL AT ARLINGTON L P,ARLINGTON,TX,76017,TARRANT,34.0,25-99,Physician,Other,False,True,South,25-99_non_teaching_other,Not Available
450874,BAYLOR SURGICAL HOSPITAL AT LAS COLINAS,IRVING,TX,75063,DALLAS,20.0,1-24,Proprietary,For-Profit,False,True,South,1-24_non_teaching_for_profit,Not Available
450875,QUAIL CREEK SURGICAL HOSPITAL,AMARILLO,TX,79124,POTTER,39.0,25-99,Proprietary,For-Profit,False,True,South,25-99_non_teaching_for_profit,Not Available
450876,LUBBOCK HEART HOSPITAL LP,LUBBOCK,TX,79416,LUBBOCK,74.0,25-99,Government - Hospital District or Authority,Government,False,True,South,25-99_non_teaching_government,2
450880,BAYLOR SCOTT AND WHITE SURGICAL HOSPITAL FORTWORTH,FORT WORTH,TX,76110,TARRANT,34.0,25-99,Physician,Other,False,True,South,25-99_non_teaching_other,Not Available
450883,BAYLOR MEDICAL CENTER AT TROPHY CLUB,TROPHY CLUB,TX,76262,DENTON,20.0,1-24,Proprietary,For-Profit,False,True,South,1-24_non_teaching_for_profit,Not Available
450885,BAYLOR SCOTT &  WHITE MEDICAL CENTER - CENTENNIAL,FRISCO,TX,75035,COLLIN,118.0,100-199,Voluntary non-profit - Other,Nonprofit,False,True,South,100-199_non_teaching_nonprofit,5
450888,TEXAS HEALTH HARRIS METHODIST HOSPITAL SOUTHLAKE,SOUTHLAKE,TX,76092,TARRANT,17.0,1-24,Proprietary,For-Profit,False,True,South,1-24_non_teaching_for_profit,Not Available
450889,TEXAS INSTITUTE FOR SURGERY AT PRESBYTERIAN HOSPIT,DALLAS,TX,75231,DALLAS,9.0,1-24,Physician,Other,False,True,South,1-24_non_teaching_other,Not Available
450890,BAYLOR SCOTT & WHITE MEDICAL CENTER PLANO,PLANO,TX,75093,COLLIN,160.0,100-199,Voluntary non-profit - Other,Nonprofit,True,True,South,100-199_teaching_nonprofit,4
450891,TEXAS HEALTH CENTER FOR DIAGNOSTICS & SURGERY,PLANO,TX,75093,COLLIN,18.0,1-24,Proprietary,For-Profit,True,True,South,1-24_teaching_for_profit,Not Available
450893,THE HEART HOSPITAL BAYLOR DENTON,DENTON,TX,76208,DENTON,16.0,1-24,Physician,Other,False,True,South,1-24_non_teaching_other,5
45090F,SAN ANTONIO VA MEDICAL CENTER (VA SOUTH TEXAS HEALTHCARE SYSTEM),SAN ANTONIO,TX,78229,BEXAR,1114.0,600+,Veterans Health Administration,Other,False,True,South,600+_non_teaching_other,5
460001,INTERMOUNTAIN HEALTH UTAH VALLEY HOSPITAL,PROVO,UT,84604,UTAH,395.0,200-399,Voluntary non-profit - Private,Nonprofit,True,True,West,200-399_teaching_nonprofit,5
460003,HOLY CROSS HOSPITAL - SALT LAKE,SALT LAKE CITY,UT,84102,SALT LAKE,158.0,100-199,Proprietary,For-Profit,True,True,West,100-199_teaching_for_profit,2
460004,MCKAY-DEE HOSPITAL,OGDEN,UT,84403,WEBER,321.0,200-399,Voluntary non-profit - Private,Nonprofit,True,True,West,200-399_teaching_nonprofit,5
460005,OGDEN REGIONAL MEDICAL CENTER,OGDEN,UT,84405,WEBER,227.0,200-399,Proprietary,For-Profit,False,True,West,200-399_non_teaching_for_profit,3
460006,LDS HOSPITAL,SALT LAKE CITY,UT,84143,SALT LAKE,250.0,200-399,Voluntary non-profit - Private,Nonprofit,False,True,West,200-399_non_teaching_nonprofit,4
460007,CEDAR CITY HOSPITAL,CEDAR CITY,UT,84721,IRON,48.0,25-99,Voluntary non-profit - Private,Nonprofit,False,False,West,25-99_non_teaching_nonprofit,Not Available
460009,UNIVERSITY OF UTAH HOSPITAL AND CLINICS,SALT LAKE CITY,UT,84132,SALT LAKE,1013.0,600+,Government - State,Government,True,True,West,600+_teaching_government,5
460010,INTERMOUNTAIN MEDICAL CENTER,MURRAY,UT,84107,SALT LAKE,520.0,400-599,Voluntary non-profit - Private,Nonprofit,True,True,West,400-599_teaching_nonprofit,5
460011,CASTLEVIEW HOSPITAL,PRICE,UT,84501,CARBON,84.0,25-99,Proprietary,For-Profit,False,False,West,25-99_non_teaching_for_profit,3
460013,MOUNTAIN VIEW HOSPITAL,PAYSON,UT,84651,UTAH,126.0,100-199,Proprietary,For-Profit,False,True,West,100-199_non_teaching_for_profit,5
460014,MOUNTAIN WEST MEDICAL CENTER,TOOELE,UT,84074,TOOELE,44.0,25-99,Proprietary,For-Profit,False,True,West,25-99_non_teaching_for_profit,Not Available
460015,LOGAN REGIONAL HOSPITAL,LOGAN,UT,84341,CACHE,148.0,100-199,Voluntary non-profit - Private,Nonprofit,False,True,West,100-199_non_teaching_nonprofit,5
460017,BRIGHAM CITY COMMUNITY HOSPITAL,BRIGHAM CITY,UT,84302,BOX ELDER,52.0,25-99,Proprietary,For-Profit,False,True,West,25-99_non_teaching_for_profit,Not Available
460019,UINTAH BASIN MEDICAL CENTER,ROOSEVELT,UT,84066,DUCHESNE,49.0,25-99,Voluntary non-profit - Other,Nonprofit,False,False,West,25-99_non_teaching_nonprofit,2
460021,ST. GEORGE REGIONAL HOSPITAL,ST GEORGE,UT,84790,WASHINGTON,300.0,200-399,Voluntary non-profit - Private,Nonprofit,False,True,West,200-399_non_teaching_nonprofit,4
460023,AMERICAN FORK HOSPITAL,AMERICAN FORK,UT,84003,UTAH,89.0,25-99,Voluntary non-profit - Private,Nonprofit,False,True,West,25-99_non_teaching_nonprofit,4
460026,SEVIER VALLEY HOSPITAL,RICHFIELD,UT,84701,SEVIER,42.0,25-99,Voluntary non-profit - Private,Nonprofit,False,False,West,25-99_non_teaching_nonprofit,Not Available
46002F,VA SALT LAKE CITY HEALTHCARE - GEORGE E. WAHLEN VA MEDICAL CENTER,SALT LAKE CITY,UT,84148,SALT LAKE,578.0,400-599,Veterans Health Administration,Other,False,True,West,400-599_non_teaching_other,5
460030,ASHLEY REGIONAL MEDICAL CENTER,VERNAL,UT,84078,UINTAH,39.0,25-99,Proprietary,For-Profit,False,False,West,25-99_non_teaching_for_profit,Not Available
460039,BEAR RIVER VALLEY HOSPITAL,TREMONTON,UT,84337,BOX ELDER,16.0,1-24,Voluntary non-profit - Private,Nonprofit,False,True,West,1-24_non_teaching_nonprofit,Not Available
460041,HOLY CROSS HOSPITAL-DAVIS,LAYTON,UT,84041,DAVIS,220.0,200-399,Voluntary non-profit - Private,Nonprofit,True,True,West,200-399_teaching_nonprofit,4
460042,LAKEVIEW HOSPITAL,BOUNTIFUL,UT,84010,DAVIS,117.0,100-199,Voluntary non-profit - Other,Nonprofit,False,True,West,100-199_non_teaching_nonprofit,5
460043,OREM COMMUNITY HOSPITAL,OREM,UT,84057,UTAH,20.0,1-24,Voluntary non-profit - Private,Nonprofit,False,True,West,1-24_non_teaching_nonprofit,Not Available
460044,INTERMOUNTAIN HEALTH ALTA VIEW HOSPITAL,SANDY,UT,84094,SALT LAKE,70.0,25-99,Voluntary non-profit - Private,Nonprofit,False,True,West,25-99_non_teaching_nonprofit,4
460047,ST MARK'S HOSPITAL,SALT LAKE CITY,UT,84124,SALT LAKE,294.0,200-399,Proprietary,For-Profit,True,True,West,200-399_teaching_for_profit,4
460051,HOLY CROSS HOSPITAL-JORDAN VALLEY,WEST JORDAN,UT,84088,SALT LAKE,172.0,100-199,Voluntary non-profit - Private,Nonprofit,False,True,West,100-199_non_teaching_nonprofit,3
460052,TIMPANOGOS REGIONAL HOSPITAL,OREM,UT,84057,UTAH,122.0,100-199,Proprietary,For-Profit,False,True,West,100-199_non_teaching_for_profit,4
460054,CACHE VALLEY HOSPITAL,NORTH LOGAN,UT,84341,CACHE,28.0,25-99,Proprietary,For-Profit,False,True,West,25-99_non_teaching_for_profit,Not Available
460057,PARK CITY HOSPITAL,PARK CITY,UT,84060,SUMMIT,30.0,25-99,Proprietary,For-Profit,False,False,West,25-99_non_teaching_for_profit,4
460058,RIVERTON HOSPITAL,RIVERTON,UT,84065,SALT LAKE,97.0,25-99,Voluntary non-profit - Private,Nonprofit,False,True,West,25-99_non_teaching_nonprofit,4
460060,LONE PEAK HOSPITAL,DRAPER,UT,84020,SALT LAKE,61.0,25-99,Proprietary,For-Profit,False,True,West,25-99_non_teaching_for_profit,5
460061,INTERMOUNTAIN HEALTH LAYTON HOSPITAL,LAYTON,UT,84041,DAVIS,43.0,25-99,Voluntary non-profit - Private,Nonprofit,False,True,West,25-99_non_teaching_nonprofit,Not Available
460062,INTERMOUNTAIN HEALTH SPANISH FORK HOSPITAL,SPANISH FORK,UT,84660,UTAH,33.0,25-99,Voluntary non-profit - Private,Nonprofit,False,True,West,25-99_non_teaching_nonprofit,Not Available
470001,CENTRAL VERMONT MEDICAL CENTER,BARRE,VT,05641,WASHINGTON,175.0,100-199,Voluntary non-profit - Private,Nonprofit,False,False,Northeast,100-199_non_teaching_nonprofit,2
470003,UNIV. OF VERMONT - FLETCHER ALLEN HEALTH CARE,BURLINGTON,VT,05401,CHITTENDEN,615.0,600+,Voluntary non-profit - Other,Nonprofit,False,True,Northeast,600+_non_teaching_nonprofit,3
470005,RUTLAND REGIONAL MEDICAL CENTER,RUTLAND,VT,05701,RUTLAND,301.0,200-399,Voluntary non-profit - Private,Nonprofit,False,False,Northeast,200-399_non_teaching_nonprofit,1
470011,BRATTLEBORO MEMORIAL HOSPITAL,BRATTLEBORO,VT,05301,WINDHAM,104.0,100-199,Voluntary non-profit - Private,Nonprofit,False,False,Northeast,100-199_non_teaching_nonprofit,3
470012,SOUTHWESTERN VERMONT MEDICAL CENTER,BENNINGTON,VT,05201,BENNINGTON,180.0,100-199,Voluntary non-profit - Private,Nonprofit,True,False,Northeast,100-199_teaching_nonprofit,4
47001F,WHITE RIVER JCT VA MEDICAL CENTER,WHITE RIVER JUNCTION,VT,05009,WINDSOR,174.0,100-199,Veterans Health Administration,Other,False,False,Northeast,100-199_non_teaching_other,4
470024,NORTHWESTERN MEDICAL CENTER INC,SAINT ALBANS,VT,05478,FRANKLIN,70.0,25-99,Voluntary non-profit - Other,Nonprofit,False,True,Northeast,25-99_non_teaching_nonprofit,3
480001,"ROY LESTER SCHNEIDER HOSPITAL,THE",ST THOMAS,VI,00801,SAINT THOMAS ISLAND,160.0,100-199,Government - Local,Government,False,False,,100-199_non_teaching_government,1
480002,GOV JUAN F LUIS HOSPITAL & MEDICAL CTR,ST CROIX,VI,00820,SAINT CROIX ISLAND,160.0,100-199,Government - State,Government,True,False,,100-199_teaching_government,1
490002,RUSSELL COUNTY HOSPITAL,LEBANON,VA,24266,RUSSELL,78.0,25-99,Voluntary non-profit - Private,Nonprofit,False,False,South,25-99_non_teaching_nonprofit,3
490004,SENTARA RMH MEDICAL CENTER,HARRISONBURG,VA,22801,HARRISONBURG CITY,238.0,200-399,Voluntary non-profit - Private,Nonprofit,False,True,South,200-399_non_teaching_nonprofit,4
490005,WINCHESTER MEDICAL CENTER,WINCHESTER,VA,22601,WINCHESTER CITY,399.0,200-399,Voluntary non-profit - Private,Nonprofit,False,True,South,200-399_non_teaching_nonprofit,4
490007,SENTARA NORFOLK GENERAL HOSPITAL,NORFOLK,VA,23507,NORFOLK CITY,525.0,400-599,Voluntary non-profit - Other,Nonprofit,True,True,South,400-599_teaching_nonprofit,3
490009,UNIVERSITY OF VIRGINIA MEDICAL CENTER,CHARLOTTESVILLE,VA,22908,CHARLOTTESVILLE CITY,622.0,600+,Government - State,Government,True,True,South,600+_teaching_government,4
490013,SENTARA HALIFAX REGIONAL HOSPITAL,SOUTH BOSTON,VA,24592,HALIFAX,192.0,100-199,Voluntary non-profit - Private,Nonprofit,False,False,South,100-199_non_teaching_nonprofit,3
490017,BON SECOURS MARYVIEW MEDICAL CENTER,PORTSMOUTH,VA,23707,PORTSMOUTH CITY,346.0,200-399,Voluntary non-profit - Private,Nonprofit,True,True,South,200-399_teaching_nonprofit,3
490018,AUGUSTA HEALTH,FISHERSVILLE,VA,22939,AUGUSTA,255.0,200-399,Voluntary non-profit - Private,Nonprofit,False,True,South,200-399_non_teaching_nonprofit,4
490019,UVA HEALTH CULPEPER MEDICAL CENTER,CULPEPER,VA,22701,CULPEPER,70.0,25-99,Voluntary non-profit - Private,Nonprofit,False,True,South,25-99_non_teaching_nonprofit,3
49001F,Fort Belvoir Community Hospital,Fort Belvoir,VA,22060,FAIRFAX,240.0,200-399,Department of Defense,Other,False,True,South,200-399_non_teaching_other,Not Available
490020,JOHN RANDOLPH MEDICAL CENTER,HOPEWELL,VA,23860,HOPEWELL CITY,147.0,100-199,Proprietary,For-Profit,False,True,South,100-199_non_teaching_for_profit,3
490021,CENTRA HEALTH -  LYNCHBURG GEN HOSPITAL,LYNCHBURG,VA,24501,LYNCHBURG CITY,519.0,400-599,Voluntary non-profit - Private,Nonprofit,True,True,South,400-599_teaching_nonprofit,3
490022,MARY WASHINGTON HOSPITAL,FREDERICKSBURG,VA,22401,FREDERICKSBURG CITY,451.0,400-599,Voluntary non-profit - Private,Nonprofit,True,True,South,400-599_teaching_nonprofit,2
490023,FAUQUIER HOSPITAL,WARRENTON,VA,20186,FAUQUIER,97.0,25-99,Proprietary,For-Profit,True,True,South,25-99_teaching_for_profit,3
490024,CARILION MEDICAL CENTER,ROANOKE,VA,24014,ROANOKE CITY,752.0,600+,Voluntary non-profit - Private,Nonprofit,True,True,South,600+_teaching_nonprofit,4
490032,MEDICAL COLLEGE OF VIRGINIA HOSPITALS,RICHMOND,VA,23298,RICHMOND CITY,779.0,600+,Government - Hospital District or Authority,Government,True,True,South,600+_teaching_government,4
490033,WARREN MEMORIAL HOSPITAL,FRONT ROYAL,VA,22630,WARREN,196.0,100-199,Voluntary non-profit - Private,Nonprofit,True,True,South,100-199_teaching_nonprofit,3
490037,RIVERSIDE SHORE MEMORIAL HOSPITAL,ONANCOCK,VA,23417,ACCOMACK,52.0,25-99,Voluntary non-profit - Private,Nonprofit,False,False,South,25-99_non_teaching_nonprofit,3
490038,SMYTH COUNTY COMMUNITY HOSPITAL,MARION,VA,24354,SMYTH,170.0,100-199,Voluntary non-profit - Private,Nonprofit,False,False,South,100-199_non_teaching_nonprofit,3
490040,INOVA ALEXANDRIA HOSPITAL,ALEXANDRIA,VA,22304,ALEXANDRIA CITY,318.0,200-399,Voluntary non-profit - Private,Nonprofit,False,True,South,200-399_non_teaching_nonprofit,4
490041,MARY IMMACULATE HOSPITAL,NEWPORT NEWS,VA,23602,NEWPORT NEWS CITY,110.0,100-199,Voluntary non-profit - Private,Nonprofit,False,True,South,100-199_non_teaching_nonprofit,3
490042,CARILION NEW RIVER VALLEY MEDICAL CENTER,CHRISTIANSBURG,VA,24073,MONTGOMERY,146.0,100-199,Voluntary non-profit - Private,Nonprofit,True,True,South,100-199_teaching_nonprofit,4
490043,INOVA LOUDOUN HOSPITAL,LEESBURG,VA,20176,LOUDOUN,167.0,100-199,Voluntary non-profit - Private,Nonprofit,True,True,South,100-199_teaching_nonprofit,5
490044,SENTARA OBICI HOSPITAL,SUFFOLK,VA,23434,SUFFOLK CITY,168.0,100-199,Voluntary non-profit - Other,Nonprofit,True,True,South,100-199_teaching_nonprofit,4
490045,NOVANT PRINCE WILLIAM MEDICAL CENTER,MANASSAS,VA,20110,MANASSAS CITY,170.0,100-199,Voluntary non-profit - Private,Nonprofit,False,True,South,100-199_non_teaching_nonprofit,4
490046,SENTARA LEIGH HOSPITAL,NORFOLK,VA,23502,NORFOLK CITY,247.0,200-399,Voluntary non-profit - Other,Nonprofit,True,True,South,200-399_teaching_nonprofit,4
490048,LEWISGALE MEDICAL CENTER,SALEM,VA,24153,SALEM CITY,506.0,400-599,Proprietary,For-Profit,True,True,South,400-599_teaching_for_profit,2
490050,VIRGINIA HOSPITAL CENTER,ARLINGTON,VA,22205,ARLINGTON,342.0,200-399,Voluntary non-profit - Private,Nonprofit,True,True,South,200-399_teaching_nonprofit,5
490052,RIVERSIDE REGIONAL MEDICAL CENTER,NEWPORT NEWS,VA,23601,NEWPORT NEWS CITY,566.0,400-599,Voluntary non-profit - Private,Nonprofit,True,True,South,400-599_teaching_nonprofit,3
490053,JOHNSTON MEMORIAL HOSPITAL,ABINGDON,VA,24211,WASHINGTON,116.0,100-199,Voluntary non-profit - Private,Nonprofit,True,True,South,100-199_teaching_nonprofit,3
490057,SENTARA VIRGINIA BEACH GENERAL HOSPITAL,VIRGINIA BEACH,VA,23454,VIRGINIA BEACH CITY,276.0,200-399,Voluntary non-profit - Other,Nonprofit,True,True,South,200-399_teaching_nonprofit,4
490059,BON SECOURS ST MARYS HOSPITAL,RICHMOND,VA,23226,RICHMOND CITY,391.0,200-399,Voluntary non-profit - Private,Nonprofit,True,True,South,200-399_teaching_nonprofit,3
490060,CLINCH VALLEY MEDICAL CENTER,RICHLANDS,VA,24641,TAZEWELL,175.0,100-199,Proprietary,For-Profit,False,False,South,100-199_non_teaching_for_profit,3
490063,INOVA FAIRFAX HOSPITAL,FALLS CHURCH,VA,22042,FAIRFAX,923.0,600+,Voluntary non-profit - Private,Nonprofit,True,True,South,600+_teaching_nonprofit,5
490066,SENTARA WILLIAMSBURG REGIONAL MEDICAL CENTER,WILLIAMSBURG,VA,23185,JAMES CITY,145.0,100-199,Voluntary non-profit - Private,Nonprofit,False,True,South,100-199_non_teaching_nonprofit,4
490067,BON SECOURS SOUTHSIDE MEDICAL CENTER,PETERSBURG,VA,23805,PETERSBURG CITY,300.0,200-399,Proprietary,For-Profit,False,True,South,200-399_non_teaching_for_profit,1
490069,BON SECOURS MEMORIAL REGIONAL MEDICAL CENTER,MECHANICSVILLE,VA,23116,HANOVER,225.0,200-399,Voluntary non-profit - Church,Nonprofit,False,True,South,200-399_non_teaching_nonprofit,4
49006F,HAMPTON VA MEDICAL CENTER,HAMPTON,VA,23667,HAMPTON CITY,604.0,600+,Veterans Health Administration,Other,False,True,South,600+_non_teaching_other,4
490075,SOVAH HEALTH DANVILLE,DANVILLE,VA,24541,DANVILLE CITY,250.0,200-399,Proprietary,For-Profit,True,False,South,200-399_teaching_for_profit,2
490077,SENTARA MARTHA JEFFERSON HOSPITAL,CHARLOTTESVILLE,VA,22911,ALBEMARLE,176.0,100-199,Voluntary non-profit - Private,Nonprofit,True,True,South,100-199_teaching_nonprofit,5
490084,VCU HEALTH TAPPAHANNOCK HOSPITAL,TAPPAHANNOCK,VA,22560,ESSEX,67.0,25-99,Voluntary non-profit - Private,Nonprofit,False,False,South,25-99_non_teaching_nonprofit,4
490088,CENTRA BEDFORD MEMORIAL HOSPITAL,BEDFORD,VA,24523,BEDFORD,161.0,100-199,Voluntary non-profit - Private,Nonprofit,False,True,South,100-199_non_teaching_nonprofit,4
490089,CARILION FRANKLIN MEMORIAL HOSPITAL,ROCKY MOUNT,VA,24151,FRANKLIN,37.0,25-99,Voluntary non-profit - Private,Nonprofit,True,True,South,25-99_teaching_nonprofit,4
49008F,NMC Portsmouth,Portsmouth,VA,23708,PORTSMOUTH CITY,1200.0,600+,Department of Defense,Other,False,True,South,600+_non_teaching_other,Not Available
490090,"SOUTHSIDE COMMUNITY HOSPITAL, INC",FARMVILLE,VA,23901,PRINCE EDWARD,116.0,100-199,Voluntary non-profit - Private,Nonprofit,True,False,South,100-199_teaching_nonprofit,4
490092,BON SECOURS SOUTHAMPTON MEMORIAL HOSPITAL,FRANKLIN,VA,23851,FRANKLIN CITY,221.0,200-399,Voluntary non-profit - Private,Nonprofit,True,True,South,200-399_teaching_nonprofit,3
490093,SENTARA CAREPLEX HOSPITAL,HAMPTON,VA,23666,HAMPTON CITY,224.0,200-399,Voluntary non-profit - Private,Nonprofit,False,True,South,200-399_non_teaching_nonprofit,4
490094,BON SECOURS RICHMOND COMMUNITY HOSPITAL,RICHMOND,VA,23223,RICHMOND CITY,104.0,100-199,Voluntary non-profit - Private,Nonprofit,False,True,South,100-199_non_teaching_nonprofit,Not Available
490097,BON SECOURS SOUTHERN VIRGINIA MEDICAL CENTER,EMPORIA,VA,23847,EMPORIA CITY,80.0,25-99,Proprietary,For-Profit,False,False,South,25-99_non_teaching_for_profit,Not Available
490098,COMMUNITY MEMORIAL HOSPITAL,SOUTH HILL,VA,23970,MECKLENBURG,70.0,25-99,Government - Hospital District or Authority,Government,True,False,South,25-99_teaching_government,3
490101,INOVA FAIR OAKS HOSPITAL,FAIRFAX,VA,22033,FAIRFAX,182.0,100-199,Voluntary non-profit - Other,Nonprofit,False,True,South,100-199_non_teaching_nonprofit,5
490104,HIRAM W DAVIS MEDICAL CENTER,PETERSBURG,VA,23803,PETERSBURG CITY,10.0,1-24,Government - State,Government,False,True,South,1-24_non_teaching_government,Not Available
490107,RESTON HOSPITAL CENTER,RESTON,VA,20190,FAIRFAX,187.0,100-199,Voluntary non-profit - Private,Nonprofit,False,True,South,100-199_non_teaching_nonprofit,3
49010F,RICHMOND VA MEDICAL CENTER,RICHMOND,VA,23249,RICHMOND CITY,427.0,400-599,Veterans Health Administration,Other,False,True,South,400-599_non_teaching_other,5
490110,LEWISGALE HOSPITAL MONTGOMERY,BLACKSBURG,VA,24060,MONTGOMERY,146.0,100-199,Proprietary,For-Profit,True,True,South,100-199_teaching_for_profit,3
490111,WYTHE COUNTY COMMUNITY HOSPITAL,WYTHEVILLE,VA,24382,WYTHE,100.0,100-199,Proprietary,For-Profit,False,False,South,100-199_non_teaching_for_profit,4
490112,CJW MEDICAL CENTER,RICHMOND,VA,23225,RICHMOND CITY,758.0,600+,Proprietary,For-Profit,False,True,South,600+_non_teaching_for_profit,4
490113,SENTARA NORTHERN VIRGINIA MEDICAL CENTER,WOODBRIDGE,VA,22191,PRINCE WILLIAM,183.0,100-199,Voluntary non-profit - Private,Nonprofit,False,True,South,100-199_non_teaching_nonprofit,3
490114,LONESOME PINE HOSPITAL,BIG STONE GAP,VA,24219,WISE,178.0,100-199,Voluntary non-profit - Private,Nonprofit,True,False,South,100-199_teaching_nonprofit,2
490115,TWIN COUNTY REGIONAL HOSPITAL,GALAX,VA,24333,GALAX CITY,141.0,100-199,Proprietary,For-Profit,False,False,South,100-199_non_teaching_for_profit,2
490116,LEWISGALE HOSPITAL PULASKI,PULASKI,VA,24301,PULASKI,147.0,100-199,Proprietary,For-Profit,False,True,South,100-199_non_teaching_for_profit,3
490117,CARILION TAZEWELL COMMUNITY HOSPITAL,TAZEWELL,VA,24651,TAZEWELL,238.0,200-399,Voluntary non-profit - Other,Nonprofit,False,False,South,200-399_non_teaching_nonprofit,Not Available
490118,HENRICO DOCTORS' HOSPITAL,RICHMOND,VA,23229,HENRICO,340.0,200-399,Voluntary non-profit - Other,Nonprofit,False,True,South,200-399_non_teaching_nonprofit,3
490119,SENTARA PRINCESS ANNE HOSPITAL,VIRGINIA BEACH,VA,23456,VIRGINIA BEACH CITY,160.0,100-199,Voluntary non-profit - Other,Nonprofit,False,True,South,100-199_non_teaching_nonprofit,4
49011F,SALEM VA MEDICAL CENTER,SALEM,VA,24153,SALEM CITY,282.0,200-399,Veterans Health Administration,Other,False,True,South,200-399_non_teaching_other,5
490120,CHESAPEAKE GENERAL HOSPITAL,CHESAPEAKE,VA,23320,CHESAPEAKE CITY,310.0,200-399,Government - Hospital District or Authority,Government,True,True,South,200-399_teaching_government,3
490122,INOVA MOUNT VERNON HOSPITAL,ALEXANDRIA,VA,22306,FAIRFAX,237.0,200-399,Voluntary non-profit - Private,Nonprofit,True,True,South,200-399_teaching_nonprofit,3
490126,LEWISGALE HOSPITAL ALLEGHANY,LOW MOOR,VA,24457,ALLEGHANY,205.0,200-399,Proprietary,For-Profit,False,False,South,200-399_non_teaching_for_profit,3
490127,BUCHANAN GENERAL HOSPITAL,GRUNDY,VA,24614,BUCHANAN,134.0,100-199,Voluntary non-profit - Private,Nonprofit,False,False,South,100-199_non_teaching_nonprofit,2
490130,RIVERSIDE WALTER REED HOSPITAL,GLOUCESTER,VA,23061,GLOUCESTER,67.0,25-99,Voluntary non-profit - Private,Nonprofit,False,True,South,25-99_non_teaching_nonprofit,4
490136,BON SECOURS ST FRANCIS MEDICAL CENTER,MIDLOTHIAN,VA,23114,CHESTERFIELD,130.0,100-199,Voluntary non-profit - Church,Nonprofit,True,True,South,100-199_teaching_nonprofit,3
490140,"STAFFORD HOSPITAL, LLC",STAFFORD,VA,22554,STAFFORD,100.0,100-199,Voluntary non-profit - Private,Nonprofit,True,True,South,100-199_teaching_nonprofit,3
490141,SPOTSYLVANIA REGIONAL MEDICAL CENTER,FREDERICKSBURG,VA,22408,SPOTSYLVANIA,126.0,100-199,Proprietary,For-Profit,False,True,South,100-199_non_teaching_for_profit,3
490143,RIVERSIDE DOCTORS' HOSPITAL OF WILLIAMSBURG,WILLIAMSBURG,VA,23185,JAMES CITY,40.0,25-99,Voluntary non-profit - Private,Nonprofit,False,True,South,25-99_non_teaching_nonprofit,4
490144,UVA HEALTH HAYMARKET MEDICAL CENTER,HAYMARKET,VA,20169,PRINCE WILLIAM,60.0,25-99,Voluntary non-profit - Private,Nonprofit,False,True,South,25-99_non_teaching_nonprofit,4
490145,STONESPRINGS HOSPITAL CENTER,DULLES,VA,20166,LOUDOUN,124.0,100-199,Proprietary,For-Profit,False,True,South,100-199_non_teaching_for_profit,3
500002,PROVIDENCE ST MARY MEDICAL CENTER,WALLA WALLA,WA,99362,WALLA WALLA,146.0,100-199,Voluntary non-profit - Private,Nonprofit,False,True,West,100-199_non_teaching_nonprofit,3
500003,SKAGIT VALLEY HOSPITAL,MOUNT VERNON,WA,98274,SKAGIT,234.0,200-399,Government - Hospital District or Authority,Government,False,True,West,200-399_non_teaching_government,3
500005,VIRGINIA MASON MEDICAL CENTER,SEATTLE,WA,98101,KING,336.0,200-399,Voluntary non-profit - Private,Nonprofit,True,True,West,200-399_teaching_nonprofit,5
500007,ISLAND HOSPITAL,ANACORTES,WA,98221,SKAGIT,43.0,25-99,Government - Hospital District or Authority,Government,False,True,West,25-99_non_teaching_government,5
500008,UNIVERSITY OF WASHINGTON MEDICAL CTR,SEATTLE,WA,98195,KING,450.0,400-599,Government - State,Government,True,True,West,400-599_teaching_government,3
500011,HIGHLINE MEDICAL CENTER,BURIEN,WA,98166,KING,279.0,200-399,Voluntary non-profit - Private,Nonprofit,False,True,West,200-399_non_teaching_nonprofit,2
500014,PROVIDENCE REGIONAL MEDICAL CENTER EVERETT,EVERETT,WA,98201,SNOHOMISH,268.0,200-399,Voluntary non-profit - Church,Nonprofit,False,True,West,200-399_non_teaching_nonprofit,2
500015,MULTICARE AUBURN MEDICAL CENTER,AUBURN,WA,98001,KING,195.0,100-199,Voluntary non-profit - Private,Nonprofit,True,True,West,100-199_teaching_nonprofit,2
500016,CONFLUENCE HEALTH HOSPITAL,WENATCHEE,WA,98807,CHELAN,198.0,100-199,Voluntary non-profit - Private,Nonprofit,False,True,West,100-199_non_teaching_nonprofit,4
500019,PROVIDENCE CENTRALIA HOSPITAL,CENTRALIA,WA,98531,LEWIS,191.0,100-199,Voluntary non-profit - Other,Nonprofit,False,False,West,100-199_non_teaching_nonprofit,4
500021,ST CLARE HOSPITAL,LAKEWOOD,WA,98499,PIERCE,105.0,100-199,Voluntary non-profit - Church,Nonprofit,False,True,West,100-199_non_teaching_nonprofit,5
500024,PROVIDENCE ST PETER HOSPITAL,OLYMPIA,WA,98506,THURSTON,340.0,200-399,Voluntary non-profit - Private,Nonprofit,True,True,West,200-399_teaching_nonprofit,3
500025,SWEDISH MEDICAL CENTER / CHERRY HILL,SEATTLE,WA,98122,KING,376.0,200-399,Voluntary non-profit - Church,Nonprofit,True,True,West,200-399_teaching_nonprofit,4
500026,SWEDISH EDMONDS HOSPITAL,EDMONDS,WA,98026,SNOHOMISH,217.0,200-399,Voluntary non-profit - Private,Nonprofit,False,True,West,200-399_non_teaching_nonprofit,2
500027,SWEDISH MEDICAL CENTER,SEATTLE,WA,98122,KING,697.0,600+,Voluntary non-profit - Private,Nonprofit,True,True,West,600+_teaching_nonprofit,4
500030,ST JOSEPH HOSPITAL,BELLINGHAM,WA,98225,WHATCOM,253.0,200-399,Voluntary non-profit - Other,Nonprofit,False,True,West,200-399_non_teaching_nonprofit,4
500031,GRAYS HARBOR COMMUNITY HOSPITAL,ABERDEEN,WA,98520,GRAYS HARBOR,70.0,25-99,Voluntary non-profit - Private,Nonprofit,False,False,West,25-99_non_teaching_nonprofit,2
500033,SAMARITAN HOSPITAL,MOSES LAKE,WA,98837,GRANT,50.0,25-99,Proprietary,For-Profit,False,False,West,25-99_non_teaching_for_profit,3
500036,YAKIMA VALLEY MEMORIAL,YAKIMA,WA,98902,YAKIMA,218.0,200-399,Voluntary non-profit - Private,Nonprofit,True,True,West,200-399_teaching_nonprofit,1
500037,ASTRIA TOPPENISH HOSPITAL,TOPPENISH,WA,98948,YAKIMA,63.0,25-99,Voluntary non-profit - Private,Nonprofit,True,True,West,25-99_teaching_nonprofit,Not Available
500039,HARRISON MEDICAL CENTER,SILVERDALE,WA,98383,KITSAP,297.0,200-399,Voluntary non-profit - Private,Nonprofit,False,True,West,200-399_non_teaching_nonprofit,4
500041,PEACEHEALTH ST JOHN MEDICAL CENTER,LONGVIEW,WA,98632,COWLITZ,368.0,200-399,Voluntary non-profit - Church,Nonprofit,False,True,West,200-399_non_teaching_nonprofit,3
500044,DEACONESS MEDICAL CENTER,SPOKANE,WA,99210,SPOKANE,388.0,200-399,Voluntary non-profit - Private,Nonprofit,True,True,West,200-399_teaching_nonprofit,3
500050,PEACEHEALTH SOUTHWEST MEDICAL CENTER,VANCOUVER,WA,98664,CLARK,275.0,200-399,Voluntary non-profit - Private,Nonprofit,True,True,West,200-399_teaching_nonprofit,4
500051,OVERLAKE HOSPITAL MEDICAL CENTER,BELLEVUE,WA,98004,KING,218.0,200-399,Voluntary non-profit - Other,Nonprofit,True,True,West,200-399_teaching_nonprofit,3
500052,KAISER PERMANENTE CENTRAL HOSPITAL,SEATTLE,WA,98112,KING,346.0,200-399,Voluntary non-profit - Other,Nonprofit,True,True,West,200-399_teaching_nonprofit,Not Available
500053,TRIOS HEALTH,KENNEWICK,WA,99338,BENTON,71.0,25-99,Government - Hospital District or Authority,Government,False,True,West,25-99_non_teaching_government,1
500054,PROV SACRED HRT MED CTR & CHILDS HOSP.,SPOKANE,WA,99220,SPOKANE,615.0,600+,Voluntary non-profit - Church,Nonprofit,False,True,West,600+_non_teaching_nonprofit,2
500058,KADLEC REGIONAL MEDICAL CENTER,RICHLAND,WA,99352,BENTON,141.0,100-199,Voluntary non-profit - Private,Nonprofit,False,True,West,100-199_non_teaching_nonprofit,4
50005F,Madigan AMC (FT Lewis),Joint Base Lewis-McChord,WA,98431,PIERCE,560.0,400-599,Department of Defense,Other,False,True,West,400-599_non_teaching_other,Not Available
500060,CASCADE VALLEY HOSPITAL,ARLINGTON,WA,98223,SNOHOMISH,48.0,25-99,Government - Hospital District or Authority,Government,False,True,West,25-99_non_teaching_government,1
500064,HARBORVIEW MEDICAL CENTER,SEATTLE,WA,98104,KING,413.0,400-599,Government - Local,Government,True,True,West,400-599_teaching_government,1
500072,OLYMPIC MEDICAL CENTER,PORT ANGELES,WA,98362,CLALLAM,126.0,100-199,Government - Local,Government,False,False,West,100-199_non_teaching_government,3
500077,PROVIDENCE HOLY FAMILY HOSPITAL,SPOKANE,WA,99208,SPOKANE,272.0,200-399,Voluntary non-profit - Private,Nonprofit,True,True,West,200-399_teaching_nonprofit,2
500079,MULTICARE GOOD SAMARITAN HOSPITAL,PUYALLUP,WA,98372,PIERCE,365.0,200-399,Voluntary non-profit - Private,Nonprofit,True,True,West,200-399_teaching_nonprofit,2
500084,EVERGREENHEALTH MONROE,MONROE,WA,98272,SNOHOMISH,72.0,25-99,Government - Hospital District or Authority,Government,False,True,West,25-99_non_teaching_government,Not Available
500088,VALLEY MEDICAL CENTER,RENTON,WA,98055,KING,303.0,200-399,Government - Hospital District or Authority,Government,False,True,West,200-399_non_teaching_government,2
500108,ST JOSEPH MEDICAL CENTER,TACOMA,WA,98405,PIERCE,340.0,200-399,Voluntary non-profit - Church,Nonprofit,False,True,West,200-399_non_teaching_nonprofit,4
500119,MULTICARE VALLEY HOSPITAL,SPOKANE VALLEY,WA,99216,SPOKANE,123.0,100-199,Voluntary non-profit - Private,Nonprofit,False,True,West,100-199_non_teaching_nonprofit,5
50011F,SPOKANE VA MEDICAL CENTER,SPOKANE,WA,99205,SPOKANE,206.0,200-399,Veterans Health Administration,Other,False,True,West,200-399_non_teaching_other,5
500124,EVERGREENHEALTH MEDICAL CENTER,KIRKLAND,WA,98034,KING,318.0,200-399,Government - Hospital District or Authority,Government,False,True,West,200-399_non_teaching_government,5
500129,TACOMA GENERAL ALLENMORE HOSPITAL,TACOMA,WA,98405,PIERCE,521.0,400-599,Voluntary non-profit - Private,Nonprofit,True,True,West,400-599_teaching_nonprofit,2
500139,CAPITAL MEDICAL CENTER,OLYMPIA,WA,98502,THURSTON,110.0,100-199,Voluntary non-profit - Private,Nonprofit,False,True,West,100-199_non_teaching_nonprofit,4
500141,ST FRANCIS COMMUNITY HOSPITAL,FEDERAL WAY,WA,98003,KING,110.0,100-199,Voluntary non-profit - Church,Nonprofit,False,True,West,100-199_non_teaching_nonprofit,3
500150,LEGACY SALMON CREEK MEDICAL CENTER,VANCOUVER,WA,98686,CLARK,220.0,200-399,Voluntary non-profit - Private,Nonprofit,False,True,West,200-399_non_teaching_nonprofit,4
500151,ST ANTHONY HOSPITAL,GIG HARBOR,WA,98332,PIERCE,80.0,25-99,Voluntary non-profit - Church,Nonprofit,True,True,West,25-99_teaching_nonprofit,4
500152,SWEDISH ISSAQUAH,ISSAQUAH,WA,98029,KING,120.0,100-199,Voluntary non-profit - Private,Nonprofit,False,True,West,100-199_non_teaching_nonprofit,5
500154,MULTICARE COVINGTON MEDICAL CENTER,COVINGTON,WA,98042,KING,58.0,25-99,Voluntary non-profit - Private,Nonprofit,True,True,West,25-99_teaching_nonprofit,4
50030F,SEATTLE VA MEDICAL CENTER (VA PUGET SOUND HEALTHCARE SYSTEM),SEATTLE,WA,98108,KING,557.0,400-599,Veterans Health Administration,Other,False,True,West,400-599_non_teaching_other,5
510001,"WEST VIRGINIA UNIVERSITY HOSPITALS, INC",MORGANTOWN,WV,26506,MONONGALIA,531.0,400-599,Voluntary non-profit - Private,Nonprofit,True,True,South,400-599_teaching_nonprofit,2
510002,"CAMC GREENBRIER VALLEY MEDICAL CENTER, INC",RONCEVERTE,WV,24970,GREENBRIER,122.0,100-199,Proprietary,For-Profit,True,False,South,100-199_teaching_for_profit,2
510006,"UNITED HOSPITAL CENTER, INC",BRIDGEPORT,WV,26330,HARRISON,375.0,200-399,Voluntary non-profit - Private,Nonprofit,True,False,South,200-399_teaching_nonprofit,4
510007,ST MARYS MEDICAL CENTER,HUNTINGTON,WV,25702,CABELL,440.0,400-599,Voluntary non-profit - Church,Nonprofit,True,True,South,400-599_teaching_nonprofit,2
510008,BERKELEY MEDICAL CENTER,MARTINSBURG,WV,25401,BERKELEY,241.0,200-399,Voluntary non-profit - Private,Nonprofit,True,True,South,200-399_teaching_nonprofit,1
510012,RIVERS HEALTH,POINT PLEASANT,WV,25550,MASON,201.0,200-399,Voluntary non-profit - Private,Nonprofit,False,False,South,200-399_non_teaching_nonprofit,1
510013,REYNOLDS MEMORIAL HOSPITAL,GLEN DALE,WV,26038,MARSHALL,127.0,100-199,Voluntary non-profit - Private,Nonprofit,False,True,South,100-199_non_teaching_nonprofit,3
510022,CHARLESTON AREA MEDICAL CENTER,CHARLESTON,WV,25301,KANAWHA,908.0,600+,Voluntary non-profit - Private,Nonprofit,True,True,South,600+_teaching_nonprofit,1
510023,"WEIRTON MEDICAL CENTER, INC",WEIRTON,WV,26062,HANCOCK,238.0,200-399,Government - Local,Government,False,True,South,200-399_non_teaching_government,2
510024,MON HEALTH MEDICAL CENTER,MORGANTOWN,WV,26505,MONONGALIA,189.0,100-199,Voluntary non-profit - Private,Nonprofit,False,True,South,100-199_non_teaching_nonprofit,4
510029,THOMAS MEMORIAL HOSPITAL,SOUTH CHARLESTON,WV,25309,KANAWHA,266.0,200-399,Voluntary non-profit - Private,Nonprofit,True,True,South,200-399_teaching_nonprofit,Not Available
51002F,BECKLEY VA MEDICAL CENTER,BECKLEY,WV,25801,RALEIGH,172.0,100-199,Veterans Health Administration,Other,False,True,South,100-199_non_teaching_other,5
510030,DAVIS MEDICAL CENTER,ELKINS,WV,26241,RANDOLPH,90.0,25-99,Voluntary non-profit - Private,Nonprofit,True,False,South,25-99_teaching_nonprofit,3
510038,STONEWALL JACKSON MEMORIAL HOSPITAL,WESTON,WV,26452,LEWIS,70.0,25-99,Voluntary non-profit - Private,Nonprofit,False,False,South,25-99_non_teaching_nonprofit,2
51003F,CLARKSBURG VA MEDICAL CENTER,CLARKSBURG,WV,26301,HARRISON,143.0,100-199,Veterans Health Administration,Other,False,False,South,100-199_non_teaching_other,4
510046,PRINCETON COMMUNITY HOSPITAL ASSN INC,PRINCETON,WV,24740,MERCER,267.0,200-399,Government - Local,Government,False,False,South,200-399_non_teaching_government,1
510048,LOGAN REGIONAL MEDICAL CENTER,LOGAN,WV,25601,LOGAN,140.0,100-199,Proprietary,For-Profit,False,False,South,100-199_non_teaching_for_profit,4
51004F,HUNTINGTON VA MEDICAL CENTER,HUNTINGTON,WV,25704,WAYNE,80.0,25-99,Veterans Health Administration,Other,False,True,South,25-99_non_teaching_other,5
510050,"WHEELING HOSPITAL, INC",WHEELING,WV,26003,OHIO,277.0,200-399,Voluntary non-profit - Church,Nonprofit,True,True,South,200-399_teaching_nonprofit,1
510055,"CABELL HUNTINGTON HOSPITAL, INC",HUNTINGTON,WV,25701,CABELL,322.0,200-399,Voluntary non-profit - Private,Nonprofit,True,True,South,200-399_teaching_nonprofit,2
510058,CAMDEN CLARK MEDICAL CENTER,PARKERSBURG,WV,26101,WOOD,343.0,200-399,Voluntary non-profit - Private,Nonprofit,True,True,South,200-399_teaching_nonprofit,3
51005F,MARTINSBURG VA MEDICAL CENTER,MARTINSBURG,WV,25405,BERKELEY,559.0,400-599,Veterans Health Administration,Other,False,True,South,400-599_non_teaching_other,4
510062,BECKLEY ARH HOSPITAL,BECKLEY,WV,25801,RALEIGH,173.0,100-199,Voluntary non-profit - Private,Nonprofit,False,True,South,100-199_non_teaching_nonprofit,1
510070,RALEIGH GENERAL HOSPITAL,BECKLEY,WV,25801,RALEIGH,300.0,200-399,Proprietary,For-Profit,False,True,South,200-399_non_teaching_for_profit,1
510072,WETZEL COUNTY HOSPITAL,NEW MARTINSVILLE,WV,26155,WETZEL,58.0,25-99,Government - Local,Government,False,False,South,25-99_non_teaching_government,Not Available
510086,WELCH COMMUNITY HOSPITAL,WELCH,WV,24801,MC DOWELL,55.0,25-99,Government - State,Government,False,False,South,25-99_non_teaching_government,Not Available
510091,CAMC CHARLESTON SURGICAL HOSPITAL,CHARLESTON,WV,25301,KANAWHA,35.0,25-99,Physician,Other,False,True,South,25-99_non_teaching_other,Not Available
510093,MON HEALTH MARION,WHITEHALL,WV,26554,MARION,10.0,1-24,Voluntary non-profit - Private,Nonprofit,False,False,South,1-24_non_teaching_nonprofit,Not Available
510094,WILLIAMSON MEMORIAL INC,WILLIAMSON,WV,25661,MINGO,76.0,25-99,Voluntary non-profit - Private,Nonprofit,False,False,South,25-99_non_teaching_nonprofit,Not Available
520002,"ASPIRUS STEVENS POINT HOSPITAL & CLINICS, INC.",STEVENS POINT,WI,54481,PORTAGE,181.0,100-199,Voluntary non-profit - Church,Nonprofit,False,False,Midwest,100-199_non_teaching_nonprofit,3
520004,MAYO CLINIC HEALTH SYSTEM-FRANCISCAN MEDICAL CENTER INC,LA CROSSE,WI,54601,LA CROSSE,345.0,200-399,Voluntary non-profit - Private,Nonprofit,True,True,Midwest,200-399_teaching_nonprofit,5
520008,WAUKESHA MEMORIAL HOSPITAL,WAUKESHA,WI,53188,WAUKESHA,400.0,400-599,Voluntary non-profit - Private,Nonprofit,True,True,Midwest,400-599_teaching_nonprofit,5
520009,ASCENSION NE WISCONSIN - ST ELIZABETH CAMPUS,APPLETON,WI,54915,OUTAGAMIE,332.0,200-399,Voluntary non-profit - Private,Nonprofit,False,True,Midwest,200-399_non_teaching_nonprofit,4
520011,MARSHFIELD MEDICAL CENTER - RICE LAKE,RICE LAKE,WI,54868,BARRON,75.0,25-99,Voluntary non-profit - Private,Nonprofit,False,False,Midwest,25-99_non_teaching_nonprofit,2
520019,ASPIRUS RHINELANDER HOSPITAL,RHINELANDER,WI,54501,ONEIDA,99.0,25-99,Voluntary non-profit - Private,Nonprofit,False,False,Midwest,25-99_non_teaching_nonprofit,3
520021,FROEDTERT SOUTH INC.,KENOSHA,WI,53143,KENOSHA,380.0,200-399,Government - Local,Government,False,True,Midwest,200-399_non_teaching_government,1
520028,THE MONROE CLINIC,MONROE,WI,53566,GREEN,100.0,100-199,Voluntary non-profit - Private,Nonprofit,True,True,Midwest,100-199_teaching_nonprofit,4
52002F,TOMAH VA MEDICAL CENTER,TOMAH,WI,54660,MONROE,1039.0,600+,Veterans Health Administration,Other,False,False,Midwest,600+_non_teaching_other,Not Available
520030,ASPIRUS WAUSAU HOSPITAL,WAUSAU,WI,54401,MARATHON,321.0,200-399,Proprietary,For-Profit,True,True,Midwest,200-399_teaching_for_profit,4
520033,ASPIRUS RIVERVIEW HOSPITAL & CLINICS INC,WISCONSIN RAPIDS,WI,54494,WOOD,99.0,25-99,Voluntary non-profit - Private,Nonprofit,False,False,Midwest,25-99_non_teaching_nonprofit,3
520034,AURORA MEDICAL CTR MANITOWOC COUNTY,TWO RIVERS,WI,54241,MANITOWOC,69.0,25-99,Voluntary non-profit - Private,Nonprofit,False,False,Midwest,25-99_non_teaching_nonprofit,Not Available
520035,AURORA MEDICAL CENTER SHEBOYGAN COUNTY,SHEBOYGAN,WI,53083,SHEBOYGAN,185.0,100-199,Voluntary non-profit - Private,Nonprofit,False,True,Midwest,100-199_non_teaching_nonprofit,5
520037,MARSHFIELD MEDICAL CENTER,MARSHFIELD,WI,54449,WOOD,504.0,400-599,Voluntary non-profit - Church,Nonprofit,True,False,Midwest,400-599_teaching_nonprofit,2
520038,AURORA MEDICAL CTR WASHINGTON COUNTY,HARTFORD,WI,53027,WASHINGTON,71.0,25-99,Voluntary non-profit - Private,Nonprofit,False,True,Midwest,25-99_non_teaching_nonprofit,4
52003F,MILWAUKEE VA MEDICAL CENTER,MILWAUKEE,WI,53295,MILWAUKEE,902.0,600+,Veterans Health Administration,Other,False,True,Midwest,600+_non_teaching_other,4
520041,ASPIRUS DIVINE SAVIOR HOSPITAL,PORTAGE,WI,53901,COLUMBIA,73.0,25-99,Voluntary non-profit - Private,Nonprofit,False,True,Midwest,25-99_non_teaching_nonprofit,3
520044,ST NICHOLAS HOSPITAL,SHEBOYGAN,WI,53081,SHEBOYGAN,185.0,100-199,Voluntary non-profit - Private,Nonprofit,False,True,Midwest,100-199_non_teaching_nonprofit,3
520045,THEDACARE REGIONAL MED CTR - NEENAH,NEENAH,WI,54956,WINNEBAGO,182.0,100-199,Voluntary non-profit - Private,Nonprofit,False,True,Midwest,100-199_non_teaching_nonprofit,5
520049,BELLIN MEMORIAL HOSPITAL,GREEN BAY,WI,54301,BROWN,242.0,200-399,Voluntary non-profit - Private,Nonprofit,False,True,Midwest,200-399_non_teaching_nonprofit,5
52004F,MADISON VA MEDICAL CENTER,MADISON,WI,53705,DANE,475.0,400-599,Veterans Health Administration,Other,False,True,Midwest,400-599_non_teaching_other,5
520051,ASCENSION COLUMBIA ST MARYS HOSPITAL MILWAUKEE,MILWAUKEE,WI,53211,MILWAUKEE,422.0,400-599,Voluntary non-profit - Church,Nonprofit,False,True,Midwest,400-599_non_teaching_nonprofit,2
520057,SSM HEALTH ST CLARE HOSPITAL - BARABOO,BARABOO,WI,53913,SAUK,100.0,100-199,Voluntary non-profit - Private,Nonprofit,True,False,Midwest,100-199_teaching_nonprofit,4
520059,AURORA MEMORIAL HOSPITAL BURLINGTON,BURLINGTON,WI,53105,RACINE,123.0,100-199,Voluntary non-profit - Private,Nonprofit,False,True,Midwest,100-199_non_teaching_nonprofit,5
520062,OCONOMOWOC MEMORIAL HOSPITAL,OCONOMOWOC,WI,53066,WAUKESHA,156.0,100-199,Voluntary non-profit - Private,Nonprofit,False,True,Midwest,100-199_non_teaching_nonprofit,5
520063,ST JOSEPHS COMMUNITY HOSPITAL WEST BEND,WEST BEND,WI,53095,WASHINGTON,121.0,100-199,Voluntary non-profit - Private,Nonprofit,False,True,Midwest,100-199_non_teaching_nonprofit,3
520066,MERCY HEALTH SYSTEM CORP,JANESVILLE,WI,53547,ROCK,240.0,200-399,Voluntary non-profit - Private,Nonprofit,True,True,Midwest,200-399_teaching_nonprofit,3
520070,MAYO CLINIC HEALTH SYSTEM EAU CLAIRE HOSPITAL,EAU CLAIRE,WI,54703,EAU CLAIRE,304.0,200-399,Voluntary non-profit - Private,Nonprofit,False,True,Midwest,200-399_non_teaching_nonprofit,5
520071,FORT MEMORIAL HOSPITAL,FORT ATKINSON,WI,53538,JEFFERSON,82.0,25-99,Voluntary non-profit - Private,Nonprofit,False,False,Midwest,25-99_non_teaching_nonprofit,Not Available
520075,ST VINCENT HOSPITAL,GREEN BAY,WI,54301,BROWN,523.0,400-599,Voluntary non-profit - Church,Nonprofit,False,True,Midwest,400-599_non_teaching_nonprofit,4
520076,MARSHFIELD MEDICAL CENTER - BEAVER DAM (MMC-BD),BEAVER DAM,WI,53916,DODGE,125.0,100-199,Voluntary non-profit - Private,Nonprofit,False,False,Midwest,100-199_non_teaching_nonprofit,3
520078,ASCENSION ST FRANCIS HOSPITAL,MILWAUKEE,WI,53215,MILWAUKEE,270.0,200-399,Voluntary non-profit - Private,Nonprofit,False,True,Midwest,200-399_non_teaching_nonprofit,4
520083,SSM HEALTH ST MARY'S HOSPITAL - MADISON,MADISON,WI,53715,DANE,440.0,400-599,Voluntary non-profit - Private,Nonprofit,True,True,Midwest,400-599_teaching_nonprofit,4
520087,GUNDERSEN LUTHERAN MEDICAL CENTER,LA CROSSE,WI,54601,LA CROSSE,325.0,200-399,Voluntary non-profit - Private,Nonprofit,True,True,Midwest,200-399_teaching_nonprofit,4
520088,SSM HEALTH ST AGNES HOSPITAL-FOND DU LAC,FOND DU LAC,WI,54935,FOND DU LAC,151.0,100-199,Voluntary non-profit - Private,Nonprofit,False,True,Midwest,100-199_non_teaching_nonprofit,4
520089,UNITYPOINT HEALTH - MERITER,MADISON,WI,53715,DANE,448.0,400-599,Voluntary non-profit - Private,Nonprofit,True,True,Midwest,400-599_teaching_nonprofit,4
520091,HOWARD YOUNG MEDICAL CENTER,WOODRUFF,WI,54568,VILAS,109.0,100-199,Voluntary non-profit - Church,Nonprofit,False,False,Midwest,100-199_non_teaching_nonprofit,4
520095,SAUK PRAIRIE HOSPITAL,PRAIRIE DU SAC,WI,53578,SAUK,36.0,25-99,Voluntary non-profit - Private,Nonprofit,False,False,Midwest,25-99_non_teaching_nonprofit,5
520096,ASCENSION ALL SAINTS HOSPITAL,RACINE,WI,53405,RACINE,553.0,400-599,Voluntary non-profit - Church,Nonprofit,False,True,Midwest,400-599_non_teaching_nonprofit,3
520097,ST MARYS HOSPITAL MEDICAL CTR,GREEN BAY,WI,54303,BROWN,158.0,100-199,Voluntary non-profit - Other,Nonprofit,False,True,Midwest,100-199_non_teaching_nonprofit,4
520098,UNIVERSITY OF WI  HOSPITALS & CLINICS AUTHORITY,MADISON,WI,53792,DANE,536.0,400-599,Government - Hospital District or Authority,Government,True,True,Midwest,400-599_teaching_government,4
520100,BELOIT HEALTH SYSTEM,BELOIT,WI,53511,ROCK,256.0,200-399,Voluntary non-profit - Private,Nonprofit,True,True,Midwest,200-399_teaching_nonprofit,4
520102,AURORA LAKELAND MEDICAL CENTER,ELKHORN,WI,53121,WALWORTH,99.0,25-99,Voluntary non-profit - Private,Nonprofit,False,False,Midwest,25-99_non_teaching_nonprofit,4
520103,COMMUNITY MEMORIAL HOSPITAL,MENOMONEE FALLS,WI,53051,WAUKESHA,237.0,200-399,Voluntary non-profit - Private,Nonprofit,False,True,Midwest,200-399_non_teaching_nonprofit,3
520107,HOLY FAMILY MEMORIAL,MANITOWOC,WI,54221,MANITOWOC,167.0,100-199,Voluntary non-profit - Other,Nonprofit,False,False,Midwest,100-199_non_teaching_nonprofit,3
520109,MILE BLUFF MEDICAL CENTER,MAUSTON,WI,53948,JUNEAU,40.0,25-99,Proprietary,For-Profit,False,False,Midwest,25-99_non_teaching_for_profit,Not Available
520113,AURORA MEDICAL CENTER BAY AREA,MARINETTE,WI,54143,MARINETTE,99.0,25-99,Voluntary non-profit - Private,Nonprofit,False,False,Midwest,25-99_non_teaching_nonprofit,3
520116,WATERTOWN MEMORIAL HOSPITAL,WATERTOWN,WI,53098,DODGE,95.0,25-99,Voluntary non-profit - Private,Nonprofit,False,False,Midwest,25-99_non_teaching_nonprofit,3
520136,ASCENSION SE WISCONSIN HOSPITAL,MILWAUKEE,WI,53210,MILWAUKEE,538.0,400-599,Voluntary non-profit - Church,Nonprofit,True,True,Midwest,400-599_teaching_nonprofit,4
520138,AURORA ST LUKES MEDICAL CENTER,MILWAUKEE,WI,53215,MILWAUKEE,1213.0,600+,Voluntary non-profit - Private,Nonprofit,True,True,Midwest,600+_teaching_nonprofit,4
520139,WEST ALLIS MEMORIAL HOSPITAL,WEST ALLIS,WI,53227,MILWAUKEE,149.0,100-199,Voluntary non-profit - Private,Nonprofit,False,True,Midwest,100-199_non_teaching_nonprofit,4
520160,THEDACARE REGIONAL MEDICAL CENTER - APPLETON INC,APPLETON,WI,54911,OUTAGAMIE,160.0,100-199,Voluntary non-profit - Private,Nonprofit,True,True,Midwest,100-199_teaching_nonprofit,4
520177,FROEDTERT MEMORIAL LUTHERAN HOSPITAL,MILWAUKEE,WI,53226,MILWAUKEE,596.0,400-599,Voluntary non-profit - Private,Nonprofit,True,True,Midwest,400-599_teaching_nonprofit,4
520189,AURORA MEDICAL CENTER KENOSHA,KENOSHA,WI,53142,KENOSHA,74.0,25-99,Voluntary non-profit - Private,Nonprofit,False,True,Midwest,25-99_non_teaching_nonprofit,4
520193,AURORA BAYCARE MEDICAL CTR,GREEN BAY,WI,54313,BROWN,132.0,100-199,Proprietary,For-Profit,True,True,Midwest,100-199_teaching_for_profit,4
520194,ORTHOPAEDIC HOSPITAL OF WISCONSIN,GLENDALE,WI,53212,MILWAUKEE,25.0,25-99,Physician,Other,False,True,Midwest,25-99_non_teaching_other,Not Available
520196,OAKLEAF SURGICAL HOSPITAL,ALTOONA,WI,54720,EAU CLAIRE,13.0,1-24,Physician,Other,True,True,Midwest,1-24_teaching_other,Not Available
520198,AURORA MEDICAL CTR OSHKOSH,OSHKOSH,WI,54904,WINNEBAGO,84.0,25-99,Voluntary non-profit - Private,Nonprofit,False,True,Midwest,25-99_non_teaching_nonprofit,4
520202,MARSHFIELD MEDICAL CENTER - WESTON,WESTON,WI,54476,MARATHON,86.0,25-99,Voluntary non-profit - Private,Nonprofit,False,True,Midwest,25-99_non_teaching_nonprofit,4
520205,MIDWEST ORTHOPEDIC SPECIALTY HOSPITAL,FRANKLIN,WI,53132,MILWAUKEE,16.0,1-24,Physician,Other,True,True,Midwest,1-24_teaching_other,Not Available
520206,AURORA MEDICAL CENTER - SUMMIT,SUMMIT,WI,53066,WAUKESHA,66.0,25-99,Voluntary non-profit - Private,Nonprofit,False,True,Midwest,25-99_non_teaching_nonprofit,5
520207,AURORA MEDICAL CENTER,GRAFTON,WI,53024,OZAUKEE,62.0,25-99,Voluntary non-profit - Private,Nonprofit,False,True,Midwest,25-99_non_teaching_nonprofit,5
520208,SSM HEALTH ST MARY'S HOSPITAL - JANESVILLE,JANESVILLE,WI,53546,ROCK,50.0,25-99,Voluntary non-profit - Other,Nonprofit,False,True,Midwest,25-99_non_teaching_nonprofit,4
520210,MARSHFIELD MEDICAL CENTER - EAU CLAIRE,EAU CLAIRE,WI,54701,EAU CLAIRE,44.0,25-99,Voluntary non-profit - Private,Nonprofit,False,True,Midwest,25-99_non_teaching_nonprofit,3
520212,MARSHFIELD MEDICAL CENTER - MINOCQUA,MINOCQUA,WI,54548,ONEIDA,19.0,1-24,Voluntary non-profit - Private,Nonprofit,False,False,Midwest,1-24_non_teaching_nonprofit,Not Available
520213,FROEDTERT COMMUNITY HOSPITAL,NEW BERLIN,WI,53151,WAUKESHA,16.0,1-24,Voluntary non-profit - Private,Nonprofit,False,True,Midwest,1-24_non_teaching_nonprofit,Not Available
520214,ASCENSION WISCONSIN HOSP MENOMONEE FALLS CAMPUS,MENOMONEE FALLS,WI,53051,WAUKESHA,24.0,1-24,Proprietary,For-Profit,False,True,Midwest,1-24_non_teaching_for_profit,Not Available
520215,MARSHFIELD MEDICAL CENTER - RIVER REGION,STEVENS POINT,WI,54482,PORTAGE,12.0,1-24,Voluntary non-profit - Private,Nonprofit,False,False,Midwest,1-24_non_teaching_nonprofit,Not Available
530002,CAMPBELL COUNTY HEALTH,GILLETTE,WY,82716,CAMPBELL,119.0,100-199,Government - Hospital District or Authority,Government,False,False,West,100-199_non_teaching_government,2
530006,SHERIDAN MEMORIAL HOSPITAL,SHERIDAN,WY,82801,SHERIDAN,88.0,25-99,Government - Local,Government,True,False,West,25-99_teaching_government,3
530008,SAGEWEST HEALTH CARE,RIVERTON,WY,82501,FREMONT,146.0,100-199,Proprietary,For-Profit,False,False,West,100-199_non_teaching_for_profit,1
530012,BANNER WYOMING MEDICAL CENTER,CASPER,WY,82601,NATRONA,217.0,200-399,Government - Local,Government,True,True,West,200-399_teaching_government,3
530014,CHEYENNE REGIONAL MEDICAL CENTER,CHEYENNE,WY,82001,LARAMIE,201.0,200-399,Voluntary non-profit - Other,Nonprofit,True,True,West,200-399_teaching_nonprofit,3
530015,ST JOHNS MEDICAL CENTER,JACKSON,WY,83001,TETON,53.0,25-99,Government - Hospital District or Authority,Government,True,False,West,25-99_teaching_government,4
530025,IVINSON MEMORIAL HOSPITAL,LARAMIE,WY,82072,ALBANY,99.0,25-99,Government - Hospital District or Authority,Government,False,False,West,25-99_non_teaching_government,2
530034,SUMMIT MEDICAL CENTER,CASPER,WY,82609,NATRONA,16.0,1-24,Physician,Other,False,True,West,1-24_non_teaching_other,Not Available
53004F,CHEYENNE VA MEDICAL CENTER,CHEYENNE,WY,82001,LARAMIE,106.0,100-199,Veterans Health Administration,Other,False,True,West,100-199_non_teaching_other,5
53005F,SHERIDAN VA MEDICAL CENTER,SHERIDAN,WY,82801,SHERIDAN,519.0,400-599,Veterans Health Administration,Other,False,False,West,400-599_non_teaching_other,Not Available
640001,LBJ TROPICAL MEDICAL CENTER,PAGO PAGO,AS,96799,EASTERN DISTRICT,120.0,100-199,Government - Hospital District or Authority,Government,True,False,,100-199_teaching_government,Not Available
650001,GUAM MEMORIAL  HOSPITAL AUTHORITY,TAMUNING,GU,96913,GUAM,159.0,100-199,Government - Local,Government,False,False,,100-199_non_teaching_government,2
650003,GUAM REGIONAL MEDICAL CITY,DEDEDO,GU,96929,GUAM,130.0,100-199,Voluntary non-profit - Private,Nonprofit,False,False,,100-199_non_teaching_nonprofit,Not Available
660001,COMMONWEALTH HEALTH CENTER,GARAPAN,MP,96950,SAIPAN,86.0,25-99,Government - State,Government,False,False,,25-99_non_teaching_government,Not Available
670005,MEMORIAL HERMANN SURGICAL HOSPITAL KINGWOOD,KINGWOOD,TX,77339,HARRIS,10.0,1-24,Proprietary,For-Profit,True,True,South,1-24_teaching_for_profit,Not Available
670006,THE HOSPITAL AT WESTLAKE MEDICAL CENTER,AUSTIN,TX,78746,TRAVIS,23.0,1-24,Physician,Other,False,True,South,1-24_non_teaching_other,Not Available
670008,MEMORIAL HERMANN HOUSTON PHYSICIANS HOSPITAL,WEBSTER,TX,77598,HARRIS,21.0,1-24,Physician,Other,False,True,South,1-24_non_teaching_other,Not Available
670010,MAYHILL HOSPITAL,DENTON,TX,76208,DENTON,59.0,25-99,Proprietary,For-Profit,False,True,South,25-99_non_teaching_for_profit,Not Available
670023,METHODIST MANSFIELD MEDICAL CENTER,MANSFIELD,TX,76063,TARRANT,88.0,25-99,Voluntary non-profit - Private,Nonprofit,False,True,South,25-99_non_teaching_nonprofit,2
670025,BAYLOR SCOTT & WHITE THE HEART HOSPITAL PLANO,PLANO,TX,75093,COLLIN,104.0,100-199,Physician,Other,True,True,South,100-199_teaching_other,5
670031,ST LUKE'S PATIENTS MEDICAL CENTER,PASADENA,TX,77505,HARRIS,61.0,25-99,Proprietary,For-Profit,False,True,South,25-99_non_teaching_for_profit,4
670034,BAYLOR SCOTT & WHITE MEDICAL CENTER - ROUND ROCK,ROUND ROCK,TX,78664,WILLIAMSON,278.0,200-399,Voluntary non-profit - Private,Nonprofit,True,True,South,200-399_teaching_nonprofit,4
670041,ASCENSION SETON WILLIAMSON,ROUND ROCK,TX,78664,WILLIAMSON,181.0,100-199,Voluntary non-profit - Private,Nonprofit,True,True,South,100-199_teaching_nonprofit,4
670043,CEDAR PARK REGIONAL MEDICAL CENTER,CEDAR PARK,TX,78613,WILLIAMSON,126.0,100-199,Voluntary non-profit - Other,Nonprofit,False,True,South,100-199_non_teaching_nonprofit,4
670044,TEXAS HEALTH PRESBYTERIAN HOSPITAL ROCKWALL,ROCKWALL,TX,75032,ROCKWALL,61.0,25-99,Proprietary,For-Profit,False,True,South,25-99_non_teaching_for_profit,5
670047,THE HOSPITALS OF PROVIDENCE - EAST CAMPUS,EL PASO,TX,79938,EL PASO,218.0,200-399,Proprietary,For-Profit,False,True,South,200-399_non_teaching_for_profit,2
670049,NORTH CENTRAL SURGICAL CENTER LLP,DALLAS,TX,75231,DALLAS,17.0,1-24,Voluntary non-profit - Other,Nonprofit,False,True,South,1-24_non_teaching_nonprofit,Not Available
670053,ST LUKE'S SUGAR LAND HOSPITAL,SUGAR LAND,TX,77478,FORT BEND,100.0,100-199,Voluntary non-profit - Private,Nonprofit,False,True,South,100-199_non_teaching_nonprofit,3
670054,FOUNDATION SURGICAL HOSPITAL OF SAN ANTONIO,SAN ANTONIO,TX,78240,BEXAR,20.0,1-24,Proprietary,For-Profit,False,True,South,1-24_non_teaching_for_profit,3
670055,METHODIST HOSPITAL  STONE OAK,SAN ANTONIO,TX,78258,BEXAR,287.0,200-399,Proprietary,For-Profit,False,True,South,200-399_non_teaching_for_profit,3
670056,ASCENSION  SETON HAYS,KYLE,TX,78640,HAYS,154.0,100-199,Voluntary non-profit - Private,Nonprofit,False,True,South,100-199_non_teaching_nonprofit,5
670059,CHI ST LUKES LAKESIDE HOSPITAL,THE WOODLANDS,TX,77384,MONTGOMERY,30.0,25-99,Voluntary non-profit - Other,Nonprofit,False,True,South,25-99_non_teaching_nonprofit,Not Available
670060,BAYLOR SCOTT AND WHITE MEDICAL CENTER SUNNYVALE,SUNNYVALE,TX,75182,DALLAS,70.0,25-99,Proprietary,For-Profit,False,True,South,25-99_non_teaching_for_profit,2
670062,BAYLOR EMERGENCY MEDICAL CENTER AT AUBREY,AUBREY,TX,76227,DENTON,2.0,1-24,Proprietary,For-Profit,False,True,South,1-24_non_teaching_for_profit,Not Available
670067,BAYLOR SCOTT AND WHITE ORTHOPEDIC AND SPINE HOSPI,ARLINGTON,TX,76015,TARRANT,24.0,1-24,Proprietary,For-Profit,False,True,South,1-24_non_teaching_for_profit,Not Available
670068,TEXAS HEALTH PRESBYTERIAN HOSPITAL FLOWER MOUND,FLOWER MOUND,TX,75028,DENTON,99.0,25-99,Proprietary,For-Profit,False,True,South,25-99_non_teaching_for_profit,4
670069,METHODIST MCKINNEY HOSPITAL,MCKINNEY,TX,75070,COLLIN,23.0,1-24,Proprietary,For-Profit,False,True,South,1-24_non_teaching_for_profit,Not Available
670071,TEXAS HEALTH HEART & VASCULAR HOSPITAL ARLINGTON,ARLINGTON,TX,76012,TARRANT,48.0,25-99,Proprietary,For-Profit,False,True,South,25-99_non_teaching_for_profit,4
670073,METHODIST HOSPITAL FOR SURGERY,ADDISON,TX,75001,DALLAS,32.0,25-99,Proprietary,For-Profit,True,True,South,25-99_teaching_for_profit,4
670075,ST LUKE'S HOSPITAL AT THE VINTAGE,HOUSTON,TX,77070,HARRIS,102.0,100-199,Voluntary non-profit - Private,Nonprofit,False,True,South,100-199_non_teaching_nonprofit,4
670076,BAYLOR SCOTT AND WHITE SURGICAL HOSPITAL AT SHERMA,SHERMAN,TX,75090,GRAYSON,14.0,1-24,Physician,Other,False,True,South,1-24_non_teaching_other,2
670077,HOUSTON METHODIST WEST HOSPITAL,HOUSTON,TX,77094,HARRIS,302.0,200-399,Voluntary non-profit - Private,Nonprofit,False,True,South,200-399_non_teaching_nonprofit,4
670078,BAPTIST NEIGHBORHOOD HOSPITAL THOUSAND OAKS,SAN ANTONIO,TX,78232,BEXAR,58.0,25-99,Proprietary,For-Profit,False,True,South,25-99_non_teaching_for_profit,Not Available
670080,SETON MEDICAL CENTER HARKER HEIGHTS,HARKER HEIGHTS,TX,76548,BELL,83.0,25-99,Proprietary,For-Profit,True,True,South,25-99_teaching_for_profit,4
670082,BAYLOR SCOTT AND WHITE  MEDICAL CENTER  MCKINNEY,MC KINNEY,TX,75071,COLLIN,95.0,25-99,Voluntary non-profit - Private,Nonprofit,False,True,South,25-99_non_teaching_nonprofit,4
670085,TEXAS HEALTH HARRIS METHODIST HOSPITAL ALLIANCE,FORT WORTH,TX,76244,TARRANT,151.0,100-199,Voluntary non-profit - Private,Nonprofit,False,True,South,100-199_non_teaching_nonprofit,4
670088,BAYLOR SCOTT & WHITE MEDICAL CENTER- COLLEGE STATI,COLLEGE STATION,TX,77845,BRAZOS,135.0,100-199,Voluntary non-profit - Private,Nonprofit,False,True,South,100-199_non_teaching_nonprofit,4
670090,CRESCENT MEDICAL CENTER LANCASTER,LANCASTER,TX,75146,DALLAS,84.0,25-99,Physician,Other,False,True,South,25-99_non_teaching_other,4
670093,ASPIRE HOSPITAL,CONROE,TX,77304,MONTGOMERY,30.0,25-99,Physician,Other,False,True,South,25-99_non_teaching_other,Not Available
670098,RESOLUTE HEALTH HOSPITAL,NEW BRAUNFELS,TX,78130,COMAL,128.0,100-199,Proprietary,For-Profit,True,True,South,100-199_teaching_for_profit,3
670102,"AD HOSPITAL EAST, LLC",HOUSTON,TX,77015,HARRIS,4.0,1-24,Proprietary,For-Profit,False,True,South,1-24_non_teaching_for_profit,Not Available
670103,MEDICAL CITY ALLIANCE,FORT WORTH,TX,76177,TARRANT,55.0,25-99,Voluntary non-profit - Private,Nonprofit,False,True,South,25-99_non_teaching_nonprofit,5
670106,HCA HOUSTON HEALTHCARE PEARLAND,PEARLAND,TX,77584,BRAZORIA,53.0,25-99,Proprietary,For-Profit,False,True,South,25-99_non_teaching_for_profit,3
670107,BAYLOR SCOTT AND WHITE EMERGENCY HOSPITAL,BURLESON,TX,76028,JOHNSON,16.0,1-24,Proprietary,For-Profit,False,True,South,1-24_non_teaching_for_profit,Not Available
670108,BAYLOR SCOTT & WHITE MEDICAL CENTER - MARBLE FALLS,MARBLE FALLS,TX,78654,BURNET,46.0,25-99,Voluntary non-profit - Private,Nonprofit,False,False,South,25-99_non_teaching_nonprofit,5
670109,ALTUS BAYTOWN HOSPITAL,BAYTOWN,TX,77521,HARRIS,147.0,100-199,Proprietary,For-Profit,False,True,South,100-199_non_teaching_for_profit,Not Available
670112,LEGENT ORTHOPEDIC + SPINE,SAN ANTONIO,TX,78249,BEXAR,25.0,25-99,Proprietary,For-Profit,False,True,South,25-99_non_teaching_for_profit,Not Available
670115,CLEVELAND EMERGENCY HOSPITAL,HUMBLE,TX,77338,HARRIS,16.0,1-24,Proprietary,For-Profit,False,True,South,1-24_non_teaching_for_profit,Not Available
670120,THE HOSPITALS OF PROVIDENCE TRANSMOUNTAIN CAMPUS,EL PASO,TX,79911,EL PASO,114.0,100-199,Proprietary,For-Profit,True,True,South,100-199_teaching_for_profit,1
670121,SAINT CAMILLUS MEDICAL CENTER,HURST,TX,76054,TARRANT,23.0,1-24,Proprietary,For-Profit,False,True,South,1-24_non_teaching_for_profit,Not Available
670122,HOUSTON METHODIST THE WOODLANDS HOSPITAL,THE WOODLANDS,TX,77385,MONTGOMERY,293.0,200-399,Voluntary non-profit - Private,Nonprofit,False,True,South,200-399_non_teaching_nonprofit,5
670124,THE HOSPITALS OF PROVIDENCE HORIZON CITY CAMPUS,HORIZON CITY,TX,79928,EL PASO,16.0,1-24,Proprietary,For-Profit,False,True,South,1-24_non_teaching_for_profit,Not Available
670125,TEXAS CENTER FOR INFECTIOUS DISEASE,SAN ANTONIO,TX,78223,BEXAR,75.0,25-99,Government - State,Government,True,True,South,25-99_teaching_government,Not Available
670128,BAYLOR SCOTT & WHITE MEDICAL CENTER PFLUGERVILLE,PFLUGERVILLE,TX,78660,TRAVIS,46.0,25-99,Voluntary non-profit - Private,Nonprofit,False,True,South,25-99_non_teaching_nonprofit,4
670131,BAYLOR SCOTT & WHITE MEDICAL CENTER - BUDA,BUDA,TX,78610,HAYS,15.0,1-24,Voluntary non-profit - Private,Nonprofit,False,True,South,1-24_non_teaching_nonprofit,Not Available
670132,METHODIST SOUTHLAKE MEDICAL CENTER,SOUTHLAKE,TX,76092,TARRANT,54.0,25-99,Proprietary,For-Profit,False,True,South,25-99_non_teaching_for_profit,4
670134,ALTUS LUMBERTON HOSPITAL,LUMBERTON,TX,77657,HARDIN,4.0,1-24,Proprietary,For-Profit,True,True,South,1-24_teaching_for_profit,Not Available
670135,"ALTUS HOUSTON HOSPITAL, LP",HOUSTON,TX,77072,HARRIS,10.0,1-24,Proprietary,For-Profit,False,True,South,1-24_non_teaching_for_profit,Not Available
670136,BAYLOR SCOTT & WHITE MEDICAL CENTER- AUSTIN,AUSTIN,TX,78735,TRAVIS,16.0,1-24,Voluntary non-profit - Private,Nonprofit,True,True,South,1-24_teaching_nonprofit,Not Available
670260,TEXAS HEALTH HOSPITAL FRISCO,FRISCO,TX,75033,DENTON,63.0,25-99,Voluntary non-profit - Private,Nonprofit,False,True,South,25-99_non_teaching_nonprofit,4
670265,LEGENT ORTHOPEDIC HOSPITAL,GRAPEVINE,TX,76051,TARRANT,60.0,25-99,Proprietary,For-Profit,False,True,South,25-99_non_teaching_for_profit,Not Available
670266,TOWNSEN MEMORIAL HOSPITAL,HUMBLE,TX,77338,HARRIS,5.0,1-24,Proprietary,For-Profit,False,True,South,1-24_non_teaching_for_profit,Not Available
670267,THE WOODLANDS SPECIALTY HOSPITAL,SPRING,TX,77386,MONTGOMERY,6.0,1-24,Proprietary,For-Profit,False,True,South,1-24_non_teaching_for_profit,Not Available
670285,ELITE HOSPITAL KINGWOOD,KINGWOOD,TX,77339,HARRIS,6.0,1-24,Proprietary,For-Profit,False,True,South,1-24_non_teaching_for_profit,Not Available
670300,METHODIST MIDLOTHIAN MEDICAL CENTER,MIDLOTHIAN,TX,76065,ELLIS,46.0,25-99,Voluntary non-profit - Private,Nonprofit,False,True,South,25-99_non_teaching_nonprofit,4
670309,TEXAS HEALTH HOSPITAL MANSFIELD,MANSFIELD,TX,76063,TARRANT,59.0,25-99,Proprietary,For-Profit,False,True,South,25-99_non_teaching_for_profit,Not Available
670314,ST MICHAELS MEDICAL HOSPITAL LLC,SUGAR LAND,TX,77479,FORT BEND,7.0,1-24,Proprietary,For-Profit,False,True,South,1-24_non_teaching_for_profit,Not Available
670320,EAST HOUSTON MEDICAL CENTER,HOUSTON,TX,77049,HARRIS,4.0,1-24,Proprietary,For-Profit,False,True,South,1-24_non_teaching_for_profit,Not Available
670321,ADVANCED DALLAS HOSPITALS AND CLINICS,DALLAS,TX,75231,DALLAS,100.0,100-199,Proprietary,For-Profit,False,False,South,100-199_non_teaching_for_profit,Not Available
670322,LEGENT SURGICAL HOSPITAL PLANO,PLANO,TX,75075,COLLIN,7.0,1-24,Proprietary,For-Profit,False,True,South,1-24_non_teaching_for_profit,Not Available
670326,BRUSHY CREEK FAMILY HOSPITAL LLC,ROUND ROCK,TX,78681,WILLIAMSON,7.0,1-24,Proprietary,For-Profit,False,True,South,1-24_non_teaching_for_profit,Not Available
670327,EXCEPTIONAL COMMUNITY HOSPITAL LUBBOCK,LUBBOCK,TX,79424,LUBBOCK,7.0,1-24,Proprietary,For-Profit,False,True,South,1-24_non_teaching_for_profit,Not Available
670331,MID COAST MEDICAL CENTER-TRINITY,TRINITY,TX,75862,TRINITY,21.0,1-24,Voluntary non-profit - Other,Nonprofit,False,False,South,1-24_non_teaching_nonprofit,Not Available
670333,WESTOVER HILLS BAPTIST HOSPITAL,SAN ANTONIO,TX,78251,BEXAR,92.0,25-99,Proprietary,For-Profit,False,True,South,25-99_non_teaching_for_profit,Not Available
670335,UT HEALTH SAN ANTONIO MULTISPECIALTY & RESEARCH HO,SAN ANTONIO,TX,78229,BEXAR,144.0,100-199,Government - State,Government,True,True,South,100-199_teaching_government,Not Available
670336,BANDERA FAMILY HOSPITAL,SAN ANTONIO,TX,78250,BEXAR,2.0,1-24,Proprietary,For-Profit,False,True,South,1-24_non_teaching_for_profit,Not Available
670340,METHODIST CELINA MEDICAL CENTER,CELINA,TX,75009,COLLIN,51.0,25-99,Voluntary non-profit - Private,Nonprofit,False,True,South,25-99_non_teaching_nonprofit,Not Available
670342,HOUSTON METHODIST CYPRESS HOSPITAL,CYPRESS,TX,77429,HARRIS,100.0,100-199,Voluntary non-profit - Private,Nonprofit,False,True,South,100-199_non_teaching_nonprofit,Not Available
