user_id,plan_type,signup_cohort,interaction_date,model_fired,suggestion_surfaced,user_accepted,ground_truth_correct,confidence_score,suggestion_category,time_to_decision_sec,outcome_value
C00001,free,W05,2025-04-18,False,False,False,,,,,0.0
C00001,free,W05,2025-03-20,True,True,False,True,0.8184,diagnosis_suggestion,12.6,0.0
C00001,free,W05,2025-02-23,False,False,False,,,,,0.0
C00001,free,W05,2025-03-06,True,True,False,True,0.8939,diagnosis_suggestion,6.5,0.0
C00001,free,W05,2025-03-13,False,False,False,,,,,0.0
C00001,free,W05,2025-02-01,False,False,False,,,,,0.0
C00002,free,W03,2025-01-20,False,False,False,,,,,0.0
C00002,free,W03,2025-04-06,False,False,False,,,,,0.0
C00002,free,W03,2025-02-09,True,True,False,True,0.7791,diagnosis_suggestion,38.8,0.0
C00003,basic,W07,2025-03-29,True,False,False,False,0.3,diagnosis_suggestion,,0.0
C00003,basic,W07,2025-02-15,True,True,True,True,0.8773,diagnosis_suggestion,46.8,66.32
C00003,basic,W07,2025-05-05,False,False,False,,,,,0.0
C00004,pro,W10,2025-03-05,True,True,True,True,0.8925,diagnosis_suggestion,15.7,40.96
C00004,pro,W10,2025-04-01,True,True,True,True,0.9164,documentation_gap,18.9,133.92
C00004,pro,W10,2025-04-17,True,True,True,True,0.8291,documentation_gap,15.8,47.86
C00005,free,W07,2025-03-03,True,True,True,True,0.7342,coding_recommendation,26.1,57.87
C00005,free,W07,2025-04-28,True,True,True,True,0.7318,diagnosis_suggestion,15.9,11.1
C00005,free,W07,2025-02-22,True,False,False,False,0.337,quality_flag,,0.0
C00006,free,W12,2025-04-09,True,True,True,True,0.8191,diagnosis_suggestion,14.2,72.72
C00006,free,W12,2025-03-31,True,False,False,False,0.3357,coding_recommendation,,0.0
C00006,free,W12,2025-04-18,False,False,False,,,,,0.0
C00006,free,W12,2025-05-11,False,False,False,,,,,0.0
C00007,basic,W05,2025-04-09,True,True,True,True,0.6661,diagnosis_suggestion,40.4,80.6
C00007,basic,W05,2025-03-28,True,False,False,False,0.4309,quality_flag,,0.0
C00007,basic,W05,2025-02-19,True,True,False,False,0.6925,quality_flag,23.3,0.0
C00008,basic,W02,2025-02-05,True,False,False,False,0.4329,quality_flag,,0.0
C00008,basic,W02,2025-02-27,True,True,True,True,0.9382,diagnosis_suggestion,9.2,87.55
C00008,basic,W02,2025-03-11,True,False,False,False,0.3882,diagnosis_suggestion,,0.0
C00009,basic,W10,2025-05-25,True,True,True,False,0.5756,diagnosis_suggestion,33.1,-13.08
C00009,basic,W10,2025-03-07,True,True,True,True,0.7184,documentation_gap,14.0,87.03
C00009,basic,W10,2025-05-15,True,True,True,True,0.8457,quality_flag,21.0,27.5
C00010,free,W08,2025-04-18,False,False,False,,,,,0.0
C00010,free,W08,2025-03-21,True,True,True,False,0.5059,coding_recommendation,31.7,-35.44
C00010,free,W08,2025-04-26,False,False,False,,,,,0.0
C00010,free,W08,2025-03-19,True,True,True,True,0.7829,diagnosis_suggestion,14.4,57.29
C00010,free,W08,2025-04-29,True,True,True,True,0.8748,documentation_gap,20.8,36.93
C00010,free,W08,2025-04-13,False,False,False,,,,,0.0
C00010,free,W08,2025-05-11,False,False,False,,,,,0.0
C00010,free,W08,2025-03-18,False,False,False,,,,,0.0
C00010,free,W08,2025-03-13,True,True,True,True,0.7499,coding_recommendation,25.9,20.75
C00011,pro,W07,2025-03-07,False,False,False,,,,,0.0
C00011,pro,W07,2025-04-14,True,True,True,True,0.7893,diagnosis_suggestion,16.6,167.87
C00011,pro,W07,2025-03-25,True,True,True,True,0.8732,documentation_gap,63.6,23.07
C00012,free,W07,2025-04-08,True,True,True,True,0.803,documentation_gap,71.4,25.98
C00012,free,W07,2025-03-29,False,False,False,,,,,0.0
C00012,free,W07,2025-03-16,False,False,False,,,,,0.0
C00013,free,W08,2025-03-07,True,True,True,True,0.7665,diagnosis_suggestion,12.5,90.9
C00013,free,W08,2025-04-18,False,False,False,,,,,0.0
C00013,free,W08,2025-05-03,False,False,False,,,,,0.0
C00014,free,W08,2025-03-14,True,True,False,True,0.8738,coding_recommendation,16.9,0.0
C00014,free,W08,2025-04-23,True,True,True,False,0.6924,quality_flag,42.9,-17.54
C00014,free,W08,2025-05-09,False,False,False,,,,,0.0
C00014,free,W08,2025-04-13,True,True,False,True,0.6251,diagnosis_suggestion,37.8,0.0
C00015,pro,W04,2025-01-26,True,True,False,True,0.6998,diagnosis_suggestion,10.4,0.0
C00015,pro,W04,2025-03-21,True,False,False,False,0.3954,quality_flag,,0.0
C00015,pro,W04,2025-03-26,True,True,True,True,0.5812,diagnosis_suggestion,19.8,45.92
C00016,free,W01,2025-01-10,False,False,False,,,,,0.0
C00016,free,W01,2025-03-04,False,False,False,,,,,0.0
C00016,free,W01,2025-03-22,True,True,False,True,0.7435,diagnosis_suggestion,24.0,0.0
C00017,basic,W10,2025-05-25,True,True,False,True,0.5509,diagnosis_suggestion,10.9,0.0
C00017,basic,W10,2025-03-28,False,False,False,,,,,0.0
C00017,basic,W10,2025-05-18,True,True,True,True,0.8469,coding_recommendation,4.3,67.86
C00018,free,W12,2025-04-01,False,False,False,,,,,0.0
C00018,free,W12,2025-05-27,False,False,False,,,,,0.0
C00018,free,W12,2025-05-18,False,False,False,,,,,0.0
C00018,free,W12,2025-04-23,False,False,False,,,,,0.0
C00019,free,W04,2025-01-25,True,True,False,True,0.9328,documentation_gap,18.3,0.0
C00019,free,W04,2025-02-13,True,False,False,False,0.4707,coding_recommendation,,0.0
C00019,free,W04,2025-02-11,True,True,True,True,0.95,coding_recommendation,30.8,33.22
C00020,free,W11,2025-05-15,False,False,False,,,,,0.0
C00020,free,W11,2025-05-22,False,False,False,,,,,0.0
C00020,free,W11,2025-04-28,False,False,False,,,,,0.0
C00021,free,W02,2025-01-19,True,True,True,False,0.596,documentation_gap,34.8,-34.1
C00021,free,W02,2025-02-13,False,False,False,,,,,0.0
C00021,free,W02,2025-02-06,False,False,False,,,,,0.0
C00022,free,W06,2025-03-10,False,False,False,,,,,0.0
C00022,free,W06,2025-04-18,False,False,False,,,,,0.0
C00022,free,W06,2025-02-17,False,False,False,,,,,0.0
C00023,pro,W08,2025-03-12,True,False,False,False,0.3,diagnosis_suggestion,,0.0
C00023,pro,W08,2025-03-01,True,True,False,True,0.8763,documentation_gap,29.7,0.0
C00023,pro,W08,2025-04-16,True,True,True,True,0.8434,documentation_gap,12.9,26.61
C00024,free,W10,2025-03-08,False,False,False,,,,,0.0
C00024,free,W10,2025-04-26,True,True,True,False,0.6808,coding_recommendation,16.1,-6.35
C00024,free,W10,2025-04-04,True,True,True,True,0.8169,diagnosis_suggestion,68.0,12.5
C00024,free,W10,2025-03-27,True,True,False,True,0.8417,coding_recommendation,77.5,0.0
C00025,pro,W10,2025-03-12,True,True,True,True,0.9407,documentation_gap,17.2,95.17
C00025,pro,W10,2025-05-26,True,True,True,True,0.9258,quality_flag,12.2,33.21
C00025,pro,W10,2025-03-11,True,True,False,True,0.8196,coding_recommendation,9.7,0.0
C00026,pro,W03,2025-01-29,True,True,True,False,0.5419,documentation_gap,10.9,-8.15
C00026,pro,W03,2025-02-04,True,True,True,True,0.9686,diagnosis_suggestion,17.8,42.76
C00026,pro,W03,2025-01-20,False,False,False,,,,,0.0
C00027,free,W06,2025-04-14,True,True,True,True,0.6818,diagnosis_suggestion,23.0,57.61
C00027,free,W06,2025-02-10,False,False,False,,,,,0.0
C00027,free,W06,2025-03-25,False,False,False,,,,,0.0
C00028,free,W12,2025-05-24,True,True,True,True,0.8819,coding_recommendation,16.2,96.41
C00028,free,W12,2025-04-24,True,True,False,True,0.9322,quality_flag,39.0,0.0
C00028,free,W12,2025-05-10,True,False,False,False,0.3,coding_recommendation,,0.0
C00029,basic,W12,2025-06-02,False,False,False,,,,,0.0
C00029,basic,W12,2025-03-31,True,True,False,True,0.7897,diagnosis_suggestion,13.7,0.0
C00029,basic,W12,2025-05-26,True,True,True,True,0.909,coding_recommendation,43.4,97.92
C00030,free,W09,2025-04-12,True,True,True,True,0.5,coding_recommendation,23.2,266.7
C00030,free,W09,2025-02-27,False,False,False,,,,,0.0
C00030,free,W09,2025-05-15,False,False,False,,,,,0.0
C00030,free,W09,2025-04-25,False,False,False,,,,,0.0
C00031,pro,W04,2025-02-03,True,True,True,True,0.9225,documentation_gap,153.1,74.77
C00031,pro,W04,2025-01-26,True,True,True,False,0.8773,diagnosis_suggestion,15.4,-46.27
C00031,pro,W04,2025-03-01,True,True,True,True,0.5965,quality_flag,8.9,74.44
C00032,free,W06,2025-03-11,True,True,True,False,0.7464,diagnosis_suggestion,18.3,-21.7
C00032,free,W06,2025-02-08,True,True,True,True,0.99,quality_flag,15.3,43.69
C00032,free,W06,2025-04-25,True,True,False,True,0.5,diagnosis_suggestion,18.7,0.0
C00033,basic,W02,2025-03-05,True,True,True,True,0.7636,quality_flag,8.6,88.97
C00033,basic,W02,2025-03-18,True,True,True,True,0.6766,documentation_gap,15.7,66.4
C00033,basic,W02,2025-03-23,False,False,False,,,,,0.0
C00034,free,W11,2025-04-02,True,True,True,True,0.9038,coding_recommendation,81.8,61.97
C00034,free,W11,2025-03-23,False,False,False,,,,,0.0
C00034,free,W11,2025-04-21,False,False,False,,,,,0.0
C00035,free,W06,2025-03-12,True,True,False,True,0.9413,quality_flag,36.4,0.0
C00035,free,W06,2025-03-21,True,True,True,True,0.922,diagnosis_suggestion,13.8,74.9
C00035,free,W06,2025-02-16,False,False,False,,,,,0.0
C00036,pro,W01,2025-02-20,True,True,True,True,0.8784,coding_recommendation,15.2,61.51
C00036,pro,W01,2025-01-21,True,True,True,True,0.94,coding_recommendation,29.8,61.0
C00036,pro,W01,2025-01-19,True,True,True,True,0.7716,diagnosis_suggestion,15.2,63.15
C00037,free,W12,2025-04-29,False,False,False,,,,,0.0
C00037,free,W12,2025-04-24,True,True,True,True,0.7454,documentation_gap,7.0,47.67
C00037,free,W12,2025-05-31,False,False,False,,,,,0.0
C00037,free,W12,2025-05-25,False,False,False,,,,,0.0
C00038,pro,W07,2025-04-24,True,True,False,True,0.8206,quality_flag,28.7,0.0
C00038,pro,W07,2025-05-02,True,False,False,False,0.3618,documentation_gap,,0.0
C00038,pro,W07,2025-03-03,True,True,True,True,0.6204,diagnosis_suggestion,9.8,130.08
C00039,free,W03,2025-03-30,False,False,False,,,,,0.0
C00039,free,W03,2025-02-03,True,True,False,False,0.5146,quality_flag,47.1,0.0
C00039,free,W03,2025-02-13,False,False,False,,,,,0.0
C00040,free,W12,2025-04-28,False,False,False,,,,,0.0
C00040,free,W12,2025-05-31,False,False,False,,,,,0.0
C00040,free,W12,2025-05-22,True,True,True,True,0.6534,diagnosis_suggestion,9.0,34.44
C00041,basic,W03,2025-04-07,True,True,True,True,0.6514,quality_flag,44.1,48.02
C00041,basic,W03,2025-02-23,True,True,True,True,0.7732,diagnosis_suggestion,13.3,38.12
C00041,basic,W03,2025-03-21,True,True,True,True,0.9221,diagnosis_suggestion,12.9,79.82
C00042,free,W10,2025-04-23,False,False,False,,,,,0.0
C00042,free,W10,2025-03-12,False,False,False,,,,,0.0
C00042,free,W10,2025-03-27,True,False,False,False,0.4385,documentation_gap,,0.0
C00042,free,W10,2025-04-05,True,True,True,True,0.7707,documentation_gap,19.8,111.39
C00042,free,W10,2025-04-23,False,False,False,,,,,0.0
C00042,free,W10,2025-04-03,False,False,False,,,,,0.0
C00043,basic,W06,2025-02-27,False,False,False,,,,,0.0
C00043,basic,W06,2025-04-12,True,False,False,False,0.4633,coding_recommendation,,0.0
C00043,basic,W06,2025-03-28,False,False,False,,,,,0.0
C00044,free,W05,2025-04-12,False,False,False,,,,,0.0
C00044,free,W05,2025-01-31,False,False,False,,,,,0.0
C00044,free,W05,2025-02-08,True,True,True,True,0.8784,quality_flag,38.6,22.34
C00045,pro,W01,2025-01-22,True,True,False,True,0.7769,quality_flag,52.8,0.0
C00045,pro,W01,2025-01-09,False,False,False,,,,,0.0
C00045,pro,W01,2025-02-27,True,True,True,True,0.7012,coding_recommendation,11.5,39.04
C00046,pro,W01,2025-01-02,True,True,False,True,0.8932,documentation_gap,90.5,0.0
C00046,pro,W01,2025-02-07,True,False,False,False,0.3,coding_recommendation,,0.0
C00046,pro,W01,2025-01-23,False,False,False,,,,,0.0
C00047,free,W02,2025-02-13,False,False,False,,,,,0.0
C00047,free,W02,2025-02-12,False,False,False,,,,,0.0
C00047,free,W02,2025-02-10,True,True,True,False,0.6331,quality_flag,7.4,-41.34
C00048,free,W03,2025-04-06,True,False,False,False,0.4983,coding_recommendation,,0.0
C00048,free,W03,2025-01-26,True,True,True,False,0.5852,diagnosis_suggestion,11.7,-49.43
C00048,free,W03,2025-02-25,True,True,True,True,0.9144,documentation_gap,17.5,36.13
C00049,free,W04,2025-02-15,False,False,False,,,,,0.0
C00049,free,W04,2025-04-04,False,False,False,,,,,0.0
C00049,free,W04,2025-01-25,True,True,True,True,0.9303,documentation_gap,10.0,55.85
C00050,pro,W10,2025-03-11,True,True,True,True,0.8395,coding_recommendation,25.0,33.81
C00050,pro,W10,2025-03-07,False,False,False,,,,,0.0
C00050,pro,W10,2025-03-09,True,True,False,True,0.7647,documentation_gap,57.6,0.0
C00051,free,W06,2025-03-21,False,False,False,,,,,0.0
C00051,free,W06,2025-02-11,True,True,True,True,0.8648,coding_recommendation,28.2,74.72
C00051,free,W06,2025-03-18,False,False,False,,,,,0.0
C00052,pro,W10,2025-03-24,False,False,False,,,,,0.0
C00052,pro,W10,2025-05-25,True,True,True,True,0.8202,diagnosis_suggestion,5.3,40.86
C00052,pro,W10,2025-04-05,False,False,False,,,,,0.0
C00053,free,W10,2025-05-16,False,False,False,,,,,0.0
C00053,free,W10,2025-04-10,False,False,False,,,,,0.0
C00053,free,W10,2025-04-14,False,False,False,,,,,0.0
C00054,free,W02,2025-02-12,True,True,False,True,0.8402,diagnosis_suggestion,7.4,0.0
C00054,free,W02,2025-03-09,False,False,False,,,,,0.0
C00054,free,W02,2025-01-23,True,True,False,False,0.5795,documentation_gap,37.2,0.0
C00055,free,W07,2025-02-25,True,False,False,False,0.3,diagnosis_suggestion,,0.0
C00055,free,W07,2025-05-04,True,True,False,True,0.8652,documentation_gap,7.2,0.0
C00055,free,W07,2025-03-04,False,False,False,,,,,0.0
C00056,basic,W08,2025-03-05,True,True,False,True,0.73,diagnosis_suggestion,45.8,0.0
C00056,basic,W08,2025-02-28,True,True,True,True,0.8474,diagnosis_suggestion,8.8,38.35
C00056,basic,W08,2025-05-12,False,False,False,,,,,0.0
C00057,basic,W04,2025-04-11,True,True,True,False,0.7975,coding_recommendation,210.7,-12.56
C00057,basic,W04,2025-04-13,True,True,False,True,0.8701,quality_flag,23.9,0.0
C00057,basic,W04,2025-03-20,True,True,False,True,0.7064,coding_recommendation,8.5,0.0
C00058,basic,W07,2025-04-07,True,True,True,True,0.7438,documentation_gap,16.4,76.6
C00058,basic,W07,2025-03-11,True,True,True,False,0.5841,diagnosis_suggestion,60.4,-18.42
C00058,basic,W07,2025-03-14,True,True,True,True,0.9556,coding_recommendation,15.8,60.45
C00059,pro,W10,2025-04-12,True,False,False,False,0.4644,documentation_gap,,0.0
C00059,pro,W10,2025-04-07,True,True,False,True,0.7376,diagnosis_suggestion,31.8,0.0
C00059,pro,W10,2025-03-21,True,True,False,True,0.7584,documentation_gap,11.0,0.0
C00060,free,W09,2025-03-21,True,True,True,True,0.6867,diagnosis_suggestion,5.7,30.28
C00060,free,W09,2025-04-24,True,True,False,True,0.7895,documentation_gap,9.5,0.0
C00060,free,W09,2025-05-04,False,False,False,,,,,0.0
C00061,basic,W01,2025-02-23,False,False,False,,,,,0.0
C00061,basic,W01,2025-02-20,False,False,False,,,,,0.0
C00061,basic,W01,2025-03-16,True,True,True,True,0.5,diagnosis_suggestion,36.5,35.86
C00062,basic,W06,2025-03-12,True,True,False,True,0.5,diagnosis_suggestion,15.1,0.0
C00062,basic,W06,2025-02-06,True,True,True,True,0.8958,documentation_gap,6.7,33.71
C00062,basic,W06,2025-04-06,True,True,True,False,0.6454,documentation_gap,13.1,-11.58
C00063,pro,W10,2025-04-17,True,True,True,True,0.634,coding_recommendation,21.9,27.02
C00063,pro,W10,2025-05-27,True,True,False,True,0.8384,diagnosis_suggestion,19.2,0.0
C00063,pro,W10,2025-05-01,True,True,True,True,0.9075,diagnosis_suggestion,13.1,23.47
C00064,pro,W06,2025-04-23,True,True,True,False,0.694,coding_recommendation,30.1,-26.88
C00064,pro,W06,2025-02-08,True,True,True,True,0.8102,coding_recommendation,8.3,15.0
C00064,pro,W06,2025-03-20,False,False,False,,,,,0.0
C00064,pro,W06,2025-03-18,False,False,False,,,,,0.0
C00064,pro,W06,2025-04-17,True,True,False,False,0.5236,diagnosis_suggestion,31.7,0.0
C00064,pro,W06,2025-02-11,True,True,False,True,0.8473,diagnosis_suggestion,19.9,0.0
C00064,pro,W06,2025-04-18,False,False,False,,,,,0.0
C00064,pro,W06,2025-03-17,True,True,True,True,0.9411,documentation_gap,30.2,56.4
C00064,pro,W06,2025-03-03,True,True,True,True,0.91,diagnosis_suggestion,16.9,133.54
C00065,pro,W03,2025-01-19,True,False,False,False,0.4782,diagnosis_suggestion,,0.0
C00065,pro,W03,2025-03-14,True,True,True,True,0.5692,documentation_gap,6.7,47.71
C00065,pro,W03,2025-02-18,True,True,True,True,0.99,diagnosis_suggestion,21.9,27.91
C00065,pro,W03,2025-01-16,True,False,False,False,0.365,coding_recommendation,,0.0
C00065,pro,W03,2025-01-23,True,True,True,True,0.9357,quality_flag,65.2,48.15
C00065,pro,W03,2025-04-05,True,True,True,True,0.535,coding_recommendation,18.7,94.9
C00065,pro,W03,2025-03-11,False,False,False,,,,,0.0
C00065,pro,W03,2025-03-09,True,True,True,True,0.7337,diagnosis_suggestion,15.0,61.0
C00065,pro,W03,2025-01-16,False,False,False,,,,,0.0
C00066,free,W07,2025-03-13,True,True,True,True,0.7266,diagnosis_suggestion,51.9,84.05
C00066,free,W07,2025-02-13,True,True,True,False,0.7117,coding_recommendation,25.2,-12.64
C00066,free,W07,2025-04-07,False,False,False,,,,,0.0
C00066,free,W07,2025-02-15,False,False,False,,,,,0.0
C00067,basic,W09,2025-03-22,False,False,False,,,,,0.0
C00067,basic,W09,2025-04-17,True,True,False,True,0.7273,documentation_gap,12.5,0.0
C00067,basic,W09,2025-04-03,True,False,False,False,0.3454,coding_recommendation,,0.0
C00068,free,W06,2025-04-14,False,False,False,,,,,0.0
C00068,free,W06,2025-04-17,False,False,False,,,,,0.0
C00068,free,W06,2025-02-26,False,False,False,,,,,0.0
C00069,pro,W03,2025-03-26,True,False,False,False,0.44,quality_flag,,0.0
C00069,pro,W03,2025-01-18,True,True,False,True,0.8111,coding_recommendation,32.1,0.0
C00069,pro,W03,2025-03-01,True,True,True,True,0.9719,documentation_gap,12.2,72.74
C00070,free,W02,2025-01-28,False,False,False,,,,,0.0
C00070,free,W02,2025-04-01,True,True,False,True,0.7077,coding_recommendation,13.3,0.0
C00070,free,W02,2025-02-23,True,False,False,False,0.4493,documentation_gap,,0.0
C00071,free,W12,2025-03-31,True,True,False,False,0.6859,documentation_gap,3.8,0.0
C00071,free,W12,2025-04-20,True,True,True,True,0.9169,documentation_gap,12.8,60.99
C00071,free,W12,2025-05-05,False,False,False,,,,,0.0
C00072,free,W11,2025-05-07,False,False,False,,,,,0.0
C00072,free,W11,2025-04-03,False,False,False,,,,,0.0
C00072,free,W11,2025-04-22,True,True,True,True,0.9209,diagnosis_suggestion,8.1,48.61
C00072,free,W11,2025-04-17,True,True,False,True,0.9351,diagnosis_suggestion,88.5,0.0
C00072,free,W11,2025-04-15,False,False,False,,,,,0.0
C00073,free,W06,2025-03-25,False,False,False,,,,,0.0
C00073,free,W06,2025-02-20,True,True,False,True,0.6866,quality_flag,13.8,0.0
C00073,free,W06,2025-04-16,True,False,False,False,0.4181,coding_recommendation,,0.0
C00074,free,W03,2025-02-20,False,False,False,,,,,0.0
C00074,free,W03,2025-03-20,True,True,True,True,0.7243,diagnosis_suggestion,53.6,51.41
C00074,free,W03,2025-02-04,False,False,False,,,,,0.0
C00074,free,W03,2025-02-04,True,True,False,False,0.5448,diagnosis_suggestion,19.9,0.0
C00075,free,W01,2025-02-04,True,False,False,False,0.4444,documentation_gap,,0.0
C00075,free,W01,2025-01-22,False,False,False,,,,,0.0
C00075,free,W01,2025-03-24,True,True,True,True,0.949,diagnosis_suggestion,10.5,45.19
C00076,free,W09,2025-03-19,False,False,False,,,,,0.0
C00076,free,W09,2025-04-14,False,False,False,,,,,0.0
C00076,free,W09,2025-03-07,False,False,False,,,,,0.0
C00077,basic,W07,2025-02-17,True,True,False,True,0.9019,documentation_gap,28.5,0.0
C00077,basic,W07,2025-03-18,True,True,True,True,0.7134,diagnosis_suggestion,21.0,37.45
C00077,basic,W07,2025-02-25,True,True,False,True,0.8169,diagnosis_suggestion,16.4,0.0
C00078,free,W04,2025-04-14,False,False,False,,,,,0.0
C00078,free,W04,2025-01-24,True,True,False,True,0.7193,coding_recommendation,14.3,0.0
C00078,free,W04,2025-04-13,True,True,False,True,0.8384,documentation_gap,60.0,0.0
C00079,free,W11,2025-04-25,True,True,True,True,0.6403,quality_flag,13.0,40.07
C00079,free,W11,2025-05-05,True,True,True,True,0.7491,quality_flag,18.8,71.62
C00079,free,W11,2025-05-07,False,False,False,,,,,0.0
C00080,free,W12,2025-06-01,True,True,False,True,0.8522,diagnosis_suggestion,23.5,0.0
C00080,free,W12,2025-05-30,False,False,False,,,,,0.0
C00080,free,W12,2025-05-03,False,False,False,,,,,0.0
C00081,basic,W11,2025-04-20,False,False,False,,,,,0.0
C00081,basic,W11,2025-04-19,True,True,False,True,0.9081,diagnosis_suggestion,13.4,0.0
C00081,basic,W11,2025-04-01,True,True,True,True,0.9105,quality_flag,18.5,113.87
C00082,pro,W02,2025-01-18,True,True,True,True,0.7688,coding_recommendation,13.4,87.05
C00082,pro,W02,2025-03-07,True,True,True,True,0.9578,diagnosis_suggestion,33.4,106.25
C00082,pro,W02,2025-03-25,True,True,True,True,0.9127,diagnosis_suggestion,24.6,52.56
C00083,basic,W03,2025-01-18,False,False,False,,,,,0.0
C00083,basic,W03,2025-04-02,True,True,True,False,0.5976,diagnosis_suggestion,40.9,-15.43
C00083,basic,W03,2025-03-29,True,True,True,True,0.7516,diagnosis_suggestion,38.1,20.7
C00084,free,W06,2025-04-08,True,False,False,False,0.4451,diagnosis_suggestion,,0.0
C00084,free,W06,2025-02-11,True,True,True,False,0.5738,diagnosis_suggestion,9.6,-22.63
C00084,free,W06,2025-04-22,False,False,False,,,,,0.0
C00085,free,W08,2025-05-03,False,False,False,,,,,0.0
C00085,free,W08,2025-04-03,True,True,True,True,0.909,documentation_gap,73.0,120.17
C00085,free,W08,2025-04-19,True,True,False,True,0.8978,documentation_gap,65.6,0.0
C00085,free,W08,2025-04-13,True,True,True,True,0.9051,coding_recommendation,19.5,23.48
C00085,free,W08,2025-03-14,True,True,True,True,0.6803,documentation_gap,12.7,68.47
C00086,pro,W03,2025-03-07,True,True,False,True,0.8137,diagnosis_suggestion,47.5,0.0
C00086,pro,W03,2025-02-07,True,True,True,True,0.8761,diagnosis_suggestion,13.6,59.63
C00086,pro,W03,2025-01-20,True,True,True,True,0.9013,diagnosis_suggestion,67.8,40.67
C00087,free,W02,2025-02-06,False,False,False,,,,,0.0
C00087,free,W02,2025-03-05,False,False,False,,,,,0.0
C00087,free,W02,2025-02-07,False,False,False,,,,,0.0
C00088,basic,W05,2025-03-23,False,False,False,,,,,0.0
C00088,basic,W05,2025-03-21,False,False,False,,,,,0.0
C00088,basic,W05,2025-03-30,True,True,True,False,0.6099,documentation_gap,18.1,-7.84
C00089,free,W08,2025-03-01,False,False,False,,,,,0.0
C00089,free,W08,2025-03-19,False,False,False,,,,,0.0
C00089,free,W08,2025-04-14,False,False,False,,,,,0.0
C00090,free,W09,2025-04-03,False,False,False,,,,,0.0
C00090,free,W09,2025-03-21,True,True,False,True,0.8995,documentation_gap,4.7,0.0
C00090,free,W09,2025-03-29,False,False,False,,,,,0.0
C00091,basic,W11,2025-05-08,True,True,True,True,0.8932,diagnosis_suggestion,14.2,23.39
C00091,basic,W11,2025-04-15,True,True,False,True,0.9193,diagnosis_suggestion,19.4,0.0
C00091,basic,W11,2025-04-23,False,False,False,,,,,0.0
C00091,basic,W11,2025-04-13,True,True,False,True,0.7838,diagnosis_suggestion,72.2,0.0
C00091,basic,W11,2025-05-31,True,True,False,False,0.5916,diagnosis_suggestion,5.9,0.0
C00091,basic,W11,2025-04-26,True,True,True,True,0.6171,diagnosis_suggestion,30.0,34.03
C00091,basic,W11,2025-04-09,True,False,False,False,0.3085,documentation_gap,,0.0
C00091,basic,W11,2025-05-03,True,True,True,True,0.7317,documentation_gap,13.8,51.24
C00092,basic,W04,2025-02-10,False,False,False,,,,,0.0
C00092,basic,W04,2025-04-08,True,True,False,True,0.7655,documentation_gap,27.2,0.0
C00092,basic,W04,2025-04-04,True,True,True,True,0.7421,quality_flag,11.2,278.54
C00093,free,W02,2025-02-11,False,False,False,,,,,0.0
C00093,free,W02,2025-03-13,False,False,False,,,,,0.0
C00093,free,W02,2025-03-29,True,True,True,True,0.6542,documentation_gap,17.1,50.34
C00093,free,W02,2025-03-01,False,False,False,,,,,0.0
C00093,free,W02,2025-01-09,True,True,True,True,0.9266,diagnosis_suggestion,27.8,37.49
C00094,free,W07,2025-02-12,False,False,False,,,,,0.0
C00094,free,W07,2025-04-09,False,False,False,,,,,0.0
C00094,free,W07,2025-03-08,True,True,False,True,0.9142,coding_recommendation,28.4,0.0
C00095,free,W05,2025-04-10,False,False,False,,,,,0.0
C00095,free,W05,2025-02-05,True,True,True,True,0.9247,diagnosis_suggestion,4.4,62.05
C00095,free,W05,2025-03-12,False,False,False,,,,,0.0
C00096,free,W09,2025-03-02,True,True,False,True,0.8582,diagnosis_suggestion,39.0,0.0
C00096,free,W09,2025-04-07,True,True,True,True,0.9579,documentation_gap,52.6,54.86
C00096,free,W09,2025-04-16,False,False,False,,,,,0.0
C00097,basic,W01,2025-02-27,True,True,True,False,0.5895,documentation_gap,60.1,-13.88
C00097,basic,W01,2025-01-24,True,True,True,True,0.9274,coding_recommendation,49.2,44.85
C00097,basic,W01,2025-01-01,True,True,False,False,0.5563,diagnosis_suggestion,10.8,0.0
C00098,basic,W12,2025-06-01,True,True,True,False,0.5626,coding_recommendation,70.5,-10.34
C00098,basic,W12,2025-03-19,True,True,False,True,0.8237,coding_recommendation,12.3,0.0
C00098,basic,W12,2025-05-12,True,True,True,True,0.8016,coding_recommendation,13.4,49.97
C00098,basic,W12,2025-04-22,False,False,False,,,,,0.0
C00099,free,W05,2025-02-15,False,False,False,,,,,0.0
C00099,free,W05,2025-03-09,False,False,False,,,,,0.0
C00099,free,W05,2025-02-16,False,False,False,,,,,0.0
C00100,free,W04,2025-02-15,True,True,False,True,0.6056,diagnosis_suggestion,23.4,0.0
C00100,free,W04,2025-02-21,True,True,True,True,0.7205,documentation_gap,13.3,47.6
C00100,free,W04,2025-02-24,False,False,False,,,,,0.0
C00101,basic,W09,2025-02-26,True,True,False,False,0.53,documentation_gap,49.0,0.0
C00101,basic,W09,2025-05-18,True,True,True,True,0.7914,documentation_gap,44.0,34.98
C00101,basic,W09,2025-03-27,True,True,True,True,0.9589,coding_recommendation,23.1,63.2
C00102,basic,W11,2025-04-14,True,True,True,True,0.8739,quality_flag,20.4,62.7
C00102,basic,W11,2025-03-18,True,True,True,True,0.8381,coding_recommendation,26.1,43.74
C00102,basic,W11,2025-04-13,True,True,False,True,0.8741,diagnosis_suggestion,15.6,0.0
C00103,basic,W02,2025-03-01,True,True,True,True,0.9604,coding_recommendation,23.3,48.71
C00103,basic,W02,2025-02-15,True,True,True,True,0.8255,diagnosis_suggestion,7.5,71.43
C00103,basic,W02,2025-03-29,True,True,True,False,0.7624,quality_flag,29.1,-22.08
C00104,pro,W10,2025-05-10,False,False,False,,,,,0.0
C00104,pro,W10,2025-05-23,False,False,False,,,,,0.0
C00104,pro,W10,2025-04-17,False,False,False,,,,,0.0
C00105,pro,W12,2025-04-01,True,True,True,True,0.5879,diagnosis_suggestion,51.4,54.39
C00105,pro,W12,2025-03-19,True,True,False,False,0.8112,coding_recommendation,32.6,0.0
C00105,pro,W12,2025-03-27,True,True,True,True,0.9168,coding_recommendation,6.9,20.86
C00106,basic,W11,2025-05-30,True,True,False,True,0.6706,quality_flag,11.4,0.0
C00106,basic,W11,2025-03-20,True,True,True,True,0.8369,documentation_gap,34.8,178.73
C00106,basic,W11,2025-05-14,True,True,True,True,0.5,diagnosis_suggestion,14.5,69.78
C00106,basic,W11,2025-04-08,False,False,False,,,,,0.0
C00107,free,W01,2025-01-06,True,False,False,False,0.3,diagnosis_suggestion,,0.0
C00107,free,W01,2025-02-28,False,False,False,,,,,0.0
C00107,free,W01,2025-02-24,True,True,True,False,0.529,diagnosis_suggestion,5.3,-28.36
C00108,free,W10,2025-03-23,True,True,True,True,0.5,coding_recommendation,38.7,28.86
C00108,free,W10,2025-05-12,True,True,False,True,0.8266,diagnosis_suggestion,62.7,0.0
C00108,free,W10,2025-04-19,False,False,False,,,,,0.0
C00108,free,W10,2025-03-19,False,False,False,,,,,0.0
C00108,free,W10,2025-04-23,False,False,False,,,,,0.0
C00108,free,W10,2025-03-08,True,True,True,True,0.9415,quality_flag,3.2,59.99
C00108,free,W10,2025-05-13,False,False,False,,,,,0.0
C00108,free,W10,2025-05-04,True,True,False,False,0.5181,diagnosis_suggestion,12.9,0.0
C00109,basic,W02,2025-03-20,True,False,False,False,0.3464,diagnosis_suggestion,,0.0
C00109,basic,W02,2025-03-15,False,False,False,,,,,0.0
C00109,basic,W02,2025-02-09,True,True,False,False,0.7774,documentation_gap,15.1,0.0
C00110,free,W12,2025-03-23,True,True,True,True,0.7751,diagnosis_suggestion,13.7,32.54
C00110,free,W12,2025-05-31,False,False,False,,,,,0.0
C00110,free,W12,2025-05-24,True,True,False,True,0.8505,diagnosis_suggestion,21.2,0.0
C00111,basic,W07,2025-03-13,True,True,True,True,0.8664,diagnosis_suggestion,17.8,162.07
C00111,basic,W07,2025-02-16,True,False,False,False,0.3,documentation_gap,,0.0
C00111,basic,W07,2025-04-16,True,True,True,True,0.8523,coding_recommendation,19.3,47.55
C00112,free,W02,2025-02-12,True,True,True,True,0.7751,coding_recommendation,6.3,61.83
C00112,free,W02,2025-01-14,True,False,False,False,0.4837,coding_recommendation,,0.0
C00112,free,W02,2025-01-30,True,False,False,False,0.3,diagnosis_suggestion,,0.0
C00113,free,W06,2025-03-27,False,False,False,,,,,0.0
C00113,free,W06,2025-04-25,True,True,True,True,0.8134,documentation_gap,26.4,102.35
C00113,free,W06,2025-02-06,False,False,False,,,,,0.0
C00113,free,W06,2025-02-26,True,True,False,False,0.6823,diagnosis_suggestion,28.1,0.0
C00114,basic,W12,2025-04-24,True,True,False,True,0.7106,coding_recommendation,20.3,0.0
C00114,basic,W12,2025-05-11,True,True,True,True,0.7816,diagnosis_suggestion,16.7,34.12
C00114,basic,W12,2025-04-08,True,True,False,True,0.5548,coding_recommendation,44.6,0.0
C00115,basic,W01,2025-03-11,False,False,False,,,,,0.0
C00115,basic,W01,2025-02-15,True,True,True,True,0.7695,documentation_gap,22.7,86.48
C00115,basic,W01,2025-01-23,True,True,True,False,0.5526,documentation_gap,12.4,-47.45
C00116,basic,W10,2025-05-22,True,True,True,True,0.9603,quality_flag,19.9,36.1
C00116,basic,W10,2025-03-13,False,False,False,,,,,0.0
C00116,basic,W10,2025-04-08,True,True,False,True,0.8387,coding_recommendation,22.4,0.0
C00117,free,W04,2025-02-15,True,True,False,True,0.9821,coding_recommendation,30.8,0.0
C00117,free,W04,2025-02-16,False,False,False,,,,,0.0
C00117,free,W04,2025-04-12,True,True,True,True,0.8538,diagnosis_suggestion,23.1,327.39
C00118,free,W07,2025-04-09,False,False,False,,,,,0.0
C00118,free,W07,2025-04-25,False,False,False,,,,,0.0
C00118,free,W07,2025-03-20,False,False,False,,,,,0.0
C00119,basic,W08,2025-04-16,True,True,False,True,0.8333,diagnosis_suggestion,22.0,0.0
C00119,basic,W08,2025-02-26,True,True,True,True,0.9373,diagnosis_suggestion,7.3,234.17
C00119,basic,W08,2025-02-23,True,True,True,True,0.831,coding_recommendation,28.7,122.12
C00120,pro,W08,2025-03-05,True,True,True,True,0.5351,diagnosis_suggestion,118.6,44.64
C00120,pro,W08,2025-04-18,True,True,True,True,0.768,coding_recommendation,6.3,263.08
C00120,pro,W08,2025-04-17,True,True,False,True,0.5644,documentation_gap,22.3,0.0
C00120,pro,W08,2025-03-19,True,True,True,True,0.8681,quality_flag,54.1,41.5
C00121,free,W05,2025-02-03,False,False,False,,,,,0.0
C00121,free,W05,2025-03-02,False,False,False,,,,,0.0
C00121,free,W05,2025-04-20,True,True,False,True,0.8828,diagnosis_suggestion,4.5,0.0
C00122,free,W11,2025-04-12,True,True,True,True,0.7534,documentation_gap,55.7,80.71
C00122,free,W11,2025-03-12,False,False,False,,,,,0.0
C00122,free,W11,2025-05-15,False,False,False,,,,,0.0
C00123,free,W02,2025-03-13,False,False,False,,,,,0.0
C00123,free,W02,2025-03-14,False,False,False,,,,,0.0
C00123,free,W02,2025-03-16,False,False,False,,,,,0.0
C00124,free,W04,2025-03-19,False,False,False,,,,,0.0
C00124,free,W04,2025-03-25,True,True,False,True,0.6943,coding_recommendation,23.9,0.0
C00124,free,W04,2025-04-06,False,False,False,,,,,0.0
C00125,basic,W03,2025-01-28,True,True,True,True,0.8527,documentation_gap,39.7,49.7
C00125,basic,W03,2025-01-30,True,True,True,True,0.9057,quality_flag,8.4,93.14
C00125,basic,W03,2025-03-09,True,True,True,True,0.9294,coding_recommendation,46.3,75.36
C00126,free,W07,2025-02-27,True,True,True,True,0.963,documentation_gap,15.4,73.33
C00126,free,W07,2025-02-15,False,False,False,,,,,0.0
C00126,free,W07,2025-03-11,False,False,False,,,,,0.0
C00127,free,W06,2025-03-04,False,False,False,,,,,0.0
C00127,free,W06,2025-04-29,False,False,False,,,,,0.0
C00127,free,W06,2025-04-16,True,True,True,True,0.7937,diagnosis_suggestion,18.6,40.36
C00128,basic,W02,2025-02-07,False,False,False,,,,,0.0
C00128,basic,W02,2025-02-24,True,True,False,True,0.7022,coding_recommendation,47.3,0.0
C00128,basic,W02,2025-03-21,True,True,True,True,0.5937,quality_flag,35.3,60.07
C00129,basic,W04,2025-03-07,True,False,False,False,0.4701,documentation_gap,,0.0
C00129,basic,W04,2025-03-19,True,True,True,True,0.8966,documentation_gap,27.8,29.57
C00129,basic,W04,2025-02-06,True,True,False,True,0.8184,coding_recommendation,69.6,0.0
C00130,free,W03,2025-04-05,False,False,False,,,,,0.0
C00130,free,W03,2025-02-25,True,True,True,True,0.8226,diagnosis_suggestion,17.1,41.29
C00130,free,W03,2025-02-19,True,True,False,True,0.7728,quality_flag,38.1,0.0
C00131,free,W01,2025-03-03,True,False,False,False,0.4326,coding_recommendation,,0.0
C00131,free,W01,2025-01-06,True,True,True,True,0.8902,diagnosis_suggestion,5.0,47.53
C00131,free,W01,2025-01-15,True,False,False,False,0.3095,diagnosis_suggestion,,0.0
C00132,free,W01,2025-01-11,True,True,True,True,0.7719,diagnosis_suggestion,40.6,43.46
C00132,free,W01,2025-01-07,True,True,True,True,0.8541,diagnosis_suggestion,26.6,29.89
C00132,free,W01,2025-02-10,True,True,True,True,0.9088,coding_recommendation,31.0,146.16
C00133,pro,W12,2025-05-30,True,True,False,True,0.6967,coding_recommendation,2.0,0.0
C00133,pro,W12,2025-04-18,False,False,False,,,,,0.0
C00133,pro,W12,2025-04-22,True,True,True,True,0.7571,documentation_gap,15.8,171.14
C00134,free,W03,2025-02-03,False,False,False,,,,,0.0
C00134,free,W03,2025-02-15,False,False,False,,,,,0.0
C00134,free,W03,2025-01-26,False,False,False,,,,,0.0
C00135,basic,W09,2025-03-21,True,True,True,True,0.8559,coding_recommendation,17.2,44.26
C00135,basic,W09,2025-03-28,True,True,True,True,0.83,diagnosis_suggestion,29.6,69.77
C00135,basic,W09,2025-03-20,True,False,False,False,0.31,documentation_gap,,0.0
C00136,free,W10,2025-03-12,True,True,False,False,0.7055,documentation_gap,11.8,0.0
C00136,free,W10,2025-04-13,False,False,False,,,,,0.0
C00136,free,W10,2025-03-17,True,True,True,True,0.6012,documentation_gap,12.4,28.05
C00137,pro,W04,2025-04-08,True,True,True,True,0.5,diagnosis_suggestion,5.8,45.56
C00137,pro,W04,2025-03-23,True,True,True,True,0.8419,coding_recommendation,13.1,67.7
C00137,pro,W04,2025-02-10,True,True,False,True,0.7279,diagnosis_suggestion,68.5,0.0
C00138,free,W10,2025-03-07,False,False,False,,,,,0.0
C00138,free,W10,2025-04-30,False,False,False,,,,,0.0
C00138,free,W10,2025-03-27,False,False,False,,,,,0.0
C00138,free,W10,2025-04-30,True,False,False,False,0.4757,diagnosis_suggestion,,0.0
C00138,free,W10,2025-05-24,True,True,True,True,0.9372,coding_recommendation,7.2,33.38
C00139,free,W08,2025-03-06,True,False,False,False,0.4744,documentation_gap,,0.0
C00139,free,W08,2025-04-02,True,True,False,True,0.7413,coding_recommendation,38.6,0.0
C00139,free,W08,2025-04-23,True,True,False,True,0.9409,diagnosis_suggestion,49.8,0.0
C00139,free,W08,2025-03-07,True,True,True,True,0.716,documentation_gap,79.1,87.2
C00139,free,W08,2025-03-04,True,True,False,True,0.5065,coding_recommendation,10.2,0.0
C00139,free,W08,2025-04-07,False,False,False,,,,,0.0
C00139,free,W08,2025-05-05,True,True,True,True,0.8038,coding_recommendation,22.6,36.32
C00139,free,W08,2025-02-21,False,False,False,,,,,0.0
C00139,free,W08,2025-04-04,True,True,False,True,0.5984,diagnosis_suggestion,4.4,0.0
C00139,free,W08,2025-02-23,False,False,False,,,,,0.0
C00139,free,W08,2025-03-29,True,True,False,True,0.9597,documentation_gap,45.7,0.0
C00140,free,W12,2025-04-18,False,False,False,,,,,0.0
C00140,free,W12,2025-04-15,True,True,True,True,0.99,documentation_gap,29.6,72.02
C00140,free,W12,2025-04-26,True,False,False,False,0.3298,documentation_gap,,0.0
C00141,basic,W01,2025-02-25,False,False,False,,,,,0.0
C00141,basic,W01,2025-02-17,True,True,False,True,0.7893,documentation_gap,16.9,0.0
C00141,basic,W01,2025-02-03,False,False,False,,,,,0.0
C00142,basic,W08,2025-04-11,True,True,True,True,0.9054,diagnosis_suggestion,4.8,49.44
C00142,basic,W08,2025-03-04,False,False,False,,,,,0.0
C00142,basic,W08,2025-02-22,True,True,False,True,0.9404,quality_flag,26.0,0.0
C00143,basic,W02,2025-03-23,False,False,False,,,,,0.0
C00143,basic,W02,2025-03-25,True,True,True,True,0.923,diagnosis_suggestion,37.3,76.08
C00143,basic,W02,2025-03-18,True,False,False,False,0.3523,coding_recommendation,,0.0
C00144,free,W03,2025-02-27,True,True,False,True,0.8191,coding_recommendation,18.6,0.0
C00144,free,W03,2025-02-13,False,False,False,,,,,0.0
C00144,free,W03,2025-03-23,False,False,False,,,,,0.0
C00145,basic,W01,2025-03-07,True,False,False,False,0.3668,diagnosis_suggestion,,0.0
C00145,basic,W01,2025-03-20,True,True,True,True,0.8263,coding_recommendation,4.5,45.58
C00145,basic,W01,2025-03-17,True,True,True,True,0.8901,quality_flag,26.5,43.63
C00146,free,W08,2025-03-26,True,True,True,True,0.836,diagnosis_suggestion,18.8,36.38
C00146,free,W08,2025-04-09,True,True,False,False,0.5059,documentation_gap,8.9,0.0
C00146,free,W08,2025-04-06,True,True,False,True,0.7916,quality_flag,4.1,0.0
C00147,free,W05,2025-02-15,False,False,False,,,,,0.0
C00147,free,W05,2025-02-02,True,True,True,True,0.6935,diagnosis_suggestion,3.0,78.65
C00147,free,W05,2025-02-10,True,True,True,True,0.8901,coding_recommendation,22.8,30.96
C00148,free,W09,2025-05-11,False,False,False,,,,,0.0
C00148,free,W09,2025-03-22,True,True,False,True,0.7435,documentation_gap,30.3,0.0
C00148,free,W09,2025-03-11,False,False,False,,,,,0.0
C00149,free,W08,2025-04-16,True,True,True,True,0.7267,documentation_gap,124.6,37.69
C00149,free,W08,2025-03-26,True,True,False,True,0.7441,diagnosis_suggestion,65.1,0.0
C00149,free,W08,2025-04-28,True,True,True,False,0.6669,diagnosis_suggestion,11.7,-31.51
C00150,free,W12,2025-05-07,False,False,False,,,,,0.0
C00150,free,W12,2025-05-15,False,False,False,,,,,0.0
C00150,free,W12,2025-04-24,True,True,False,True,0.933,diagnosis_suggestion,36.8,0.0
C00151,pro,W02,2025-01-19,True,True,True,False,0.7728,documentation_gap,8.5,-52.23
C00151,pro,W02,2025-01-22,True,True,True,True,0.7194,diagnosis_suggestion,23.5,33.83
C00151,pro,W02,2025-03-26,True,True,False,True,0.606,coding_recommendation,33.5,0.0
C00152,free,W06,2025-03-01,True,True,True,True,0.7472,coding_recommendation,63.4,31.73
C00152,free,W06,2025-03-23,True,True,False,True,0.9294,coding_recommendation,25.3,0.0
C00152,free,W06,2025-02-14,True,True,False,True,0.8415,documentation_gap,21.4,0.0
C00152,free,W06,2025-02-12,False,False,False,,,,,0.0
C00152,free,W06,2025-03-08,False,False,False,,,,,0.0
C00152,free,W06,2025-03-09,True,True,False,True,0.8512,quality_flag,25.0,0.0
C00152,free,W06,2025-03-25,False,False,False,,,,,0.0
C00153,free,W12,2025-04-13,True,True,True,True,0.5757,coding_recommendation,80.3,83.24
C00153,free,W12,2025-05-21,False,False,False,,,,,0.0
C00153,free,W12,2025-04-29,False,False,False,,,,,0.0
C00154,free,W04,2025-02-06,True,True,True,True,0.9573,documentation_gap,155.1,37.14
C00154,free,W04,2025-01-29,True,True,False,True,0.6311,coding_recommendation,20.0,0.0
C00154,free,W04,2025-02-12,True,True,True,True,0.7406,diagnosis_suggestion,56.2,39.99
C00155,basic,W10,2025-04-20,True,True,False,False,0.7615,diagnosis_suggestion,17.7,0.0
C00155,basic,W10,2025-04-30,True,True,True,True,0.8407,documentation_gap,28.3,57.19
C00155,basic,W10,2025-03-10,True,True,True,True,0.9284,quality_flag,9.6,47.29
C00156,free,W04,2025-02-23,False,False,False,,,,,0.0
C00156,free,W04,2025-02-28,False,False,False,,,,,0.0
C00156,free,W04,2025-01-27,False,False,False,,,,,0.0
C00156,free,W04,2025-04-11,False,False,False,,,,,0.0
C00157,free,W12,2025-03-31,True,True,True,True,0.5,diagnosis_suggestion,30.1,35.27
C00157,free,W12,2025-03-23,False,False,False,,,,,0.0
C00157,free,W12,2025-05-07,False,False,False,,,,,0.0
C00158,basic,W04,2025-02-20,False,False,False,,,,,0.0
C00158,basic,W04,2025-03-08,True,True,True,True,0.708,diagnosis_suggestion,97.3,23.77
C00158,basic,W04,2025-04-10,False,False,False,,,,,0.0
C00159,pro,W08,2025-04-29,True,True,False,True,0.8291,documentation_gap,28.5,0.0
C00159,pro,W08,2025-05-08,True,True,True,True,0.7173,diagnosis_suggestion,39.5,25.56
C00159,pro,W08,2025-04-10,False,False,False,,,,,0.0
C00160,free,W08,2025-03-09,True,True,False,True,0.857,documentation_gap,52.8,0.0
C00160,free,W08,2025-04-29,False,False,False,,,,,0.0
C00160,free,W08,2025-04-25,False,False,False,,,,,0.0
C00161,free,W03,2025-04-05,False,False,False,,,,,0.0
C00161,free,W03,2025-03-06,True,True,False,True,0.6904,coding_recommendation,5.8,0.0
C00161,free,W03,2025-01-21,True,True,True,True,0.8774,documentation_gap,7.4,9.42
C00162,free,W08,2025-03-03,True,True,True,True,0.7501,coding_recommendation,91.6,60.65
C00162,free,W08,2025-02-22,False,False,False,,,,,0.0
C00162,free,W08,2025-04-30,True,True,False,True,0.9339,coding_recommendation,22.1,0.0
C00163,free,W08,2025-03-02,True,True,True,True,0.7307,coding_recommendation,21.9,74.03
C00163,free,W08,2025-03-17,True,True,False,True,0.7366,diagnosis_suggestion,17.3,0.0
C00163,free,W08,2025-04-25,False,False,False,,,,,0.0
C00164,pro,W07,2025-04-26,True,True,False,True,0.7603,diagnosis_suggestion,19.1,0.0
C00164,pro,W07,2025-04-14,True,True,True,True,0.7911,documentation_gap,16.4,28.73
C00164,pro,W07,2025-03-17,True,True,True,False,0.6611,coding_recommendation,12.6,-11.17
C00165,free,W02,2025-02-12,True,True,True,True,0.7045,diagnosis_suggestion,34.6,33.53
C00165,free,W02,2025-02-06,False,False,False,,,,,0.0
C00165,free,W02,2025-02-24,True,True,True,True,0.8523,documentation_gap,14.6,37.82
C00166,free,W05,2025-03-13,True,True,False,True,0.69,coding_recommendation,9.8,0.0
C00166,free,W05,2025-03-16,True,True,True,True,0.791,coding_recommendation,47.4,45.67
C00166,free,W05,2025-04-15,False,False,False,,,,,0.0
C00167,free,W05,2025-02-20,True,True,False,True,0.6579,diagnosis_suggestion,58.3,0.0
C00167,free,W05,2025-02-05,True,True,True,True,0.8885,coding_recommendation,58.5,111.0
C00167,free,W05,2025-04-17,True,True,False,True,0.6896,quality_flag,9.2,0.0
C00168,free,W04,2025-02-10,False,False,False,,,,,0.0
C00168,free,W04,2025-02-12,True,True,False,True,0.6445,coding_recommendation,20.1,0.0
C00168,free,W04,2025-02-17,True,True,False,True,0.8105,quality_flag,36.9,0.0
C00169,pro,W01,2025-01-11,True,True,True,False,0.621,diagnosis_suggestion,6.2,-38.29
C00169,pro,W01,2025-02-04,True,True,False,True,0.8785,coding_recommendation,36.4,0.0
C00169,pro,W01,2025-01-16,False,False,False,,,,,0.0
C00170,free,W04,2025-02-19,True,True,False,True,0.8573,quality_flag,37.6,0.0
C00170,free,W04,2025-03-27,True,True,True,True,0.9173,diagnosis_suggestion,53.7,29.14
C00170,free,W04,2025-03-30,False,False,False,,,,,0.0
C00171,free,W01,2025-03-22,True,True,False,True,0.7236,coding_recommendation,14.3,0.0
C00171,free,W01,2025-02-26,True,False,False,False,0.3,diagnosis_suggestion,,0.0
C00171,free,W01,2025-03-12,False,False,False,,,,,0.0
C00172,basic,W11,2025-05-11,True,True,True,True,0.8884,coding_recommendation,29.3,95.81
C00172,basic,W11,2025-04-11,False,False,False,,,,,0.0
C00172,basic,W11,2025-05-11,True,True,True,True,0.8038,coding_recommendation,18.0,65.67
C00173,free,W07,2025-02-23,True,True,True,True,0.792,documentation_gap,45.2,49.66
C00173,free,W07,2025-03-26,True,False,False,False,0.4899,documentation_gap,,0.0
C00173,free,W07,2025-03-19,False,False,False,,,,,0.0
C00174,free,W11,2025-05-19,False,False,False,,,,,0.0
C00174,free,W11,2025-04-16,True,True,False,True,0.6203,diagnosis_suggestion,37.9,0.0
C00174,free,W11,2025-03-16,True,True,True,True,0.7562,quality_flag,34.6,59.72
C00175,basic,W01,2025-01-11,True,True,True,True,0.6137,coding_recommendation,38.3,51.22
C00175,basic,W01,2025-01-29,True,True,False,True,0.7595,coding_recommendation,19.7,0.0
C00175,basic,W01,2025-01-21,True,False,False,False,0.3,diagnosis_suggestion,,0.0
C00176,pro,W04,2025-02-19,True,True,True,True,0.858,documentation_gap,4.9,72.45
C00176,pro,W04,2025-02-22,False,False,False,,,,,0.0
C00176,pro,W04,2025-04-08,True,True,True,True,0.8501,coding_recommendation,14.8,64.92
C00177,free,W12,2025-03-24,False,False,False,,,,,0.0
C00177,free,W12,2025-04-03,False,False,False,,,,,0.0
C00177,free,W12,2025-05-03,True,True,True,False,0.626,quality_flag,70.5,-20.79
C00178,basic,W07,2025-04-21,False,False,False,,,,,0.0
C00178,basic,W07,2025-02-28,True,True,False,True,0.9293,documentation_gap,13.3,0.0
C00178,basic,W07,2025-04-19,False,False,False,,,,,0.0
C00179,pro,W05,2025-02-11,True,True,False,True,0.8321,quality_flag,18.6,0.0
C00179,pro,W05,2025-02-27,True,True,True,True,0.8614,coding_recommendation,19.4,60.92
C00179,pro,W05,2025-02-26,True,True,True,True,0.8284,diagnosis_suggestion,6.5,120.56
C00179,pro,W05,2025-03-20,True,True,True,True,0.8452,documentation_gap,72.7,89.74
C00180,basic,W11,2025-03-29,True,True,False,True,0.6987,coding_recommendation,15.0,0.0
C00180,basic,W11,2025-04-01,True,True,True,True,0.8719,diagnosis_suggestion,16.3,28.88
C00180,basic,W11,2025-05-28,True,False,False,False,0.4536,documentation_gap,,0.0
C00181,free,W03,2025-01-31,True,True,False,False,0.5339,coding_recommendation,11.9,0.0
C00181,free,W03,2025-03-06,False,False,False,,,,,0.0
C00181,free,W03,2025-01-19,True,True,True,True,0.9248,documentation_gap,19.1,75.32
C00182,basic,W09,2025-05-13,True,True,True,True,0.6443,coding_recommendation,61.2,83.62
C00182,basic,W09,2025-05-07,True,True,True,True,0.9484,coding_recommendation,8.1,73.17
C00182,basic,W09,2025-04-12,True,True,False,True,0.6013,documentation_gap,18.7,0.0
C00182,basic,W09,2025-05-12,True,True,True,True,0.9341,coding_recommendation,17.9,85.76
C00183,basic,W02,2025-01-20,False,False,False,,,,,0.0
C00183,basic,W02,2025-02-27,False,False,False,,,,,0.0
C00183,basic,W02,2025-03-13,False,False,False,,,,,0.0
C00184,basic,W02,2025-02-05,True,True,True,True,0.7936,quality_flag,10.8,38.16
C00184,basic,W02,2025-02-05,False,False,False,,,,,0.0
C00184,basic,W02,2025-01-15,False,False,False,,,,,0.0
C00185,free,W08,2025-03-06,True,True,True,True,0.5,documentation_gap,31.7,51.64
C00185,free,W08,2025-05-02,False,False,False,,,,,0.0
C00185,free,W08,2025-03-27,False,False,False,,,,,0.0
C00186,basic,W05,2025-04-17,True,True,True,True,0.8755,diagnosis_suggestion,26.9,182.94
C00186,basic,W05,2025-03-01,True,True,True,False,0.6383,coding_recommendation,22.2,-35.1
C00186,basic,W05,2025-03-11,True,True,True,True,0.8356,documentation_gap,13.0,173.13
C00186,basic,W05,2025-02-21,True,True,False,True,0.7736,diagnosis_suggestion,38.7,0.0
C00186,basic,W05,2025-03-09,True,True,True,False,0.5399,coding_recommendation,20.4,-25.44
C00186,basic,W05,2025-02-17,True,True,False,True,0.7089,diagnosis_suggestion,22.1,0.0
C00186,basic,W05,2025-02-01,True,False,False,False,0.4175,diagnosis_suggestion,,0.0
C00186,basic,W05,2025-03-05,True,True,True,True,0.963,coding_recommendation,37.6,34.17
C00186,basic,W05,2025-04-20,False,False,False,,,,,0.0
C00186,basic,W05,2025-04-11,True,True,False,True,0.8866,diagnosis_suggestion,112.0,0.0
C00186,basic,W05,2025-02-24,False,False,False,,,,,0.0
C00187,pro,W07,2025-03-24,False,False,False,,,,,0.0
C00187,pro,W07,2025-04-04,True,True,True,True,0.8989,diagnosis_suggestion,60.1,20.5
C00187,pro,W07,2025-04-10,False,False,False,,,,,0.0
C00188,basic,W09,2025-03-08,True,True,True,True,0.8854,diagnosis_suggestion,14.6,34.45
C00188,basic,W09,2025-05-13,False,False,False,,,,,0.0
C00188,basic,W09,2025-04-23,True,True,True,True,0.6031,diagnosis_suggestion,15.0,16.37
C00188,basic,W09,2025-05-19,True,True,True,True,0.9124,coding_recommendation,19.2,40.33
C00189,free,W11,2025-03-19,False,False,False,,,,,0.0
C00189,free,W11,2025-05-27,True,True,True,True,0.5407,quality_flag,45.3,86.67
C00189,free,W11,2025-03-29,False,False,False,,,,,0.0
C00189,free,W11,2025-05-13,True,True,False,True,0.8947,coding_recommendation,19.1,0.0
C00189,free,W11,2025-04-17,False,False,False,,,,,0.0
C00190,basic,W02,2025-03-28,True,True,False,True,0.6452,diagnosis_suggestion,5.9,0.0
C00190,basic,W02,2025-01-12,True,True,True,True,0.9085,documentation_gap,77.3,99.49
C00190,basic,W02,2025-03-07,True,True,True,True,0.7937,coding_recommendation,41.0,54.74
C00191,basic,W07,2025-04-20,False,False,False,,,,,0.0
C00191,basic,W07,2025-03-22,True,True,False,True,0.7795,documentation_gap,30.6,0.0
C00191,basic,W07,2025-02-16,False,False,False,,,,,0.0
C00192,pro,W07,2025-03-08,True,False,False,False,0.4748,coding_recommendation,,0.0
C00192,pro,W07,2025-03-23,True,True,True,True,0.8285,quality_flag,29.8,162.07
C00192,pro,W07,2025-02-16,True,True,True,True,0.814,documentation_gap,8.3,49.6
C00193,pro,W04,2025-02-23,False,False,False,,,,,0.0
C00193,pro,W04,2025-04-07,True,True,True,True,0.8627,diagnosis_suggestion,31.5,20.33
C00193,pro,W04,2025-02-25,False,False,False,,,,,0.0
C00194,free,W07,2025-04-01,True,True,True,True,0.97,documentation_gap,21.3,49.61
C00194,free,W07,2025-04-29,True,True,True,False,0.5481,coding_recommendation,31.4,-50.82
C00194,free,W07,2025-05-06,True,True,False,True,0.9193,documentation_gap,15.4,0.0
C00195,pro,W04,2025-02-10,True,True,False,True,0.8345,diagnosis_suggestion,14.6,0.0
C00195,pro,W04,2025-02-27,True,True,True,True,0.9536,diagnosis_suggestion,41.0,55.43
C00195,pro,W04,2025-01-22,True,True,True,True,0.7015,documentation_gap,29.3,102.95
C00195,pro,W04,2025-03-23,True,True,False,True,0.7129,quality_flag,16.0,0.0
C00195,pro,W04,2025-02-11,True,False,False,False,0.4308,coding_recommendation,,0.0
C00196,free,W09,2025-04-28,True,True,True,True,0.8841,quality_flag,12.4,30.57
C00196,free,W09,2025-04-01,True,True,False,True,0.7765,coding_recommendation,22.6,0.0
C00196,free,W09,2025-03-15,False,False,False,,,,,0.0
C00197,pro,W11,2025-05-21,True,True,True,True,0.8523,diagnosis_suggestion,8.2,43.41
C00197,pro,W11,2025-03-29,True,True,False,True,0.9245,coding_recommendation,5.6,0.0
C00197,pro,W11,2025-04-01,True,True,False,True,0.9658,diagnosis_suggestion,61.3,0.0
C00198,basic,W04,2025-03-21,True,True,False,True,0.5999,diagnosis_suggestion,36.9,0.0
C00198,basic,W04,2025-02-28,False,False,False,,,,,0.0
C00198,basic,W04,2025-03-21,False,False,False,,,,,0.0
C00199,free,W01,2025-02-25,False,False,False,,,,,0.0
C00199,free,W01,2025-03-18,True,False,False,False,0.3,documentation_gap,,0.0
C00199,free,W01,2025-03-16,False,False,False,,,,,0.0
C00200,free,W06,2025-03-20,True,True,True,True,0.6858,diagnosis_suggestion,16.5,20.01
C00200,free,W06,2025-04-23,False,False,False,,,,,0.0
C00200,free,W06,2025-04-05,True,False,False,False,0.4896,coding_recommendation,,0.0
C00201,free,W05,2025-03-24,True,True,True,True,0.8609,coding_recommendation,8.4,59.22
C00201,free,W05,2025-04-05,True,True,False,True,0.5,diagnosis_suggestion,28.2,0.0
C00201,free,W05,2025-02-07,True,True,True,True,0.9232,diagnosis_suggestion,6.4,74.36
C00202,free,W04,2025-02-14,False,False,False,,,,,0.0
C00202,free,W04,2025-02-19,False,False,False,,,,,0.0
C00202,free,W04,2025-02-13,True,False,False,False,0.4709,quality_flag,,0.0
C00203,free,W11,2025-03-17,False,False,False,,,,,0.0
C00203,free,W11,2025-05-05,False,False,False,,,,,0.0
C00203,free,W11,2025-03-22,False,False,False,,,,,0.0
C00204,free,W12,2025-06-03,True,True,True,True,0.811,quality_flag,40.5,28.93
C00204,free,W12,2025-05-11,True,True,True,True,0.6239,coding_recommendation,24.1,107.22
C00204,free,W12,2025-04-10,True,True,False,True,0.8668,documentation_gap,13.6,0.0
C00204,free,W12,2025-04-26,True,True,False,True,0.695,diagnosis_suggestion,25.8,0.0
C00205,basic,W03,2025-04-01,False,False,False,,,,,0.0
C00205,basic,W03,2025-03-19,True,False,False,False,0.3,coding_recommendation,,0.0
C00205,basic,W03,2025-03-04,True,True,True,True,0.6442,coding_recommendation,12.2,57.83
C00206,basic,W04,2025-02-20,True,True,False,True,0.6845,coding_recommendation,61.5,0.0
C00206,basic,W04,2025-02-08,True,True,True,True,0.9137,coding_recommendation,26.0,117.95
C00206,basic,W04,2025-03-28,True,False,False,False,0.3493,quality_flag,,0.0
C00207,basic,W01,2025-02-18,True,True,True,True,0.8678,documentation_gap,28.1,38.6
C00207,basic,W01,2025-03-18,True,True,False,True,0.8434,documentation_gap,13.4,0.0
C00207,basic,W01,2025-03-24,True,True,True,True,0.9124,diagnosis_suggestion,27.9,82.62
C00208,basic,W05,2025-03-08,False,False,False,,,,,0.0
C00208,basic,W05,2025-03-26,True,True,True,True,0.8534,diagnosis_suggestion,9.7,67.29
C00208,basic,W05,2025-02-06,True,False,False,False,0.3,coding_recommendation,,0.0
C00209,pro,W02,2025-03-01,True,True,False,True,0.7119,diagnosis_suggestion,42.8,0.0
C00209,pro,W02,2025-03-07,True,True,False,False,0.6721,documentation_gap,68.0,0.0
C00209,pro,W02,2025-02-13,True,False,False,False,0.3,diagnosis_suggestion,,0.0
C00210,free,W07,2025-04-29,False,False,False,,,,,0.0
C00210,free,W07,2025-04-13,True,True,False,True,0.6848,diagnosis_suggestion,6.4,0.0
C00210,free,W07,2025-04-07,True,True,True,True,0.7536,quality_flag,39.7,26.11
C00210,free,W07,2025-04-29,True,False,False,False,0.458,documentation_gap,,0.0
C00210,free,W07,2025-02-19,True,False,False,False,0.407,diagnosis_suggestion,,0.0
C00210,free,W07,2025-02-22,False,False,False,,,,,0.0
C00211,pro,W09,2025-04-08,True,True,True,True,0.9225,documentation_gap,31.1,48.51
C00211,pro,W09,2025-05-20,True,False,False,False,0.3659,documentation_gap,,0.0
C00211,pro,W09,2025-04-17,True,True,True,True,0.9043,diagnosis_suggestion,29.7,56.87
C00211,pro,W09,2025-05-17,False,False,False,,,,,0.0
C00211,pro,W09,2025-05-09,True,True,True,True,0.8545,documentation_gap,123.9,147.36
C00211,pro,W09,2025-04-28,True,True,False,False,0.5118,documentation_gap,11.2,0.0
C00212,pro,W06,2025-04-18,True,True,False,True,0.7307,documentation_gap,4.0,0.0
C00212,pro,W06,2025-04-23,True,True,True,True,0.6134,diagnosis_suggestion,165.8,64.66
C00212,pro,W06,2025-04-25,True,True,True,True,0.8478,diagnosis_suggestion,9.5,132.84
C00213,pro,W06,2025-03-11,False,False,False,,,,,0.0
C00213,pro,W06,2025-04-05,True,True,False,True,0.7221,diagnosis_suggestion,5.4,0.0
C00213,pro,W06,2025-03-31,True,True,True,True,0.7336,quality_flag,7.9,34.01
C00213,pro,W06,2025-03-09,True,True,True,True,0.8712,diagnosis_suggestion,18.8,63.17
C00213,pro,W06,2025-02-05,True,True,True,False,0.501,documentation_gap,6.1,-32.45
C00213,pro,W06,2025-04-10,True,True,False,True,0.7421,coding_recommendation,12.3,0.0
C00213,pro,W06,2025-04-17,True,True,False,False,0.557,diagnosis_suggestion,7.8,0.0
C00213,pro,W06,2025-04-26,True,True,False,True,0.8531,documentation_gap,20.5,0.0
C00213,pro,W06,2025-03-18,True,True,True,True,0.8151,coding_recommendation,71.6,59.19
C00214,free,W10,2025-05-24,False,False,False,,,,,0.0
C00214,free,W10,2025-03-11,False,False,False,,,,,0.0
C00214,free,W10,2025-03-26,False,False,False,,,,,0.0
C00215,free,W12,2025-06-09,True,True,True,True,0.7986,quality_flag,8.4,105.89
C00215,free,W12,2025-03-27,True,True,False,True,0.7582,documentation_gap,11.8,0.0
C00215,free,W12,2025-05-24,True,True,False,True,0.9344,documentation_gap,9.1,0.0
C00216,free,W10,2025-05-02,False,False,False,,,,,0.0
C00216,free,W10,2025-03-13,True,True,True,True,0.7599,documentation_gap,20.4,53.81
C00216,free,W10,2025-04-15,False,False,False,,,,,0.0
C00217,basic,W03,2025-02-17,True,True,True,True,0.8042,quality_flag,11.9,46.56
C00217,basic,W03,2025-02-09,True,True,True,True,0.8051,quality_flag,18.0,34.79
C00217,basic,W03,2025-02-15,True,True,True,True,0.7882,diagnosis_suggestion,33.8,128.56
C00218,free,W08,2025-03-08,False,False,False,,,,,0.0
C00218,free,W08,2025-02-23,False,False,False,,,,,0.0
C00218,free,W08,2025-03-07,False,False,False,,,,,0.0
C00219,free,W03,2025-03-16,True,False,False,False,0.4471,diagnosis_suggestion,,0.0
C00219,free,W03,2025-04-04,False,False,False,,,,,0.0
C00219,free,W03,2025-02-15,False,False,False,,,,,0.0
C00220,basic,W11,2025-04-03,True,True,True,True,0.5977,documentation_gap,7.8,77.69
C00220,basic,W11,2025-04-06,True,True,True,True,0.8258,quality_flag,72.3,48.47
C00220,basic,W11,2025-05-04,False,False,False,,,,,0.0
C00221,free,W04,2025-02-21,True,False,False,False,0.3718,coding_recommendation,,0.0
C00221,free,W04,2025-04-11,False,False,False,,,,,0.0
C00221,free,W04,2025-03-08,True,True,True,True,0.8322,documentation_gap,28.0,29.14
C00222,basic,W03,2025-02-25,True,False,False,False,0.4564,documentation_gap,,0.0
C00222,basic,W03,2025-02-28,True,True,True,True,0.7257,diagnosis_suggestion,5.2,77.52
C00222,basic,W03,2025-01-26,True,True,False,True,0.9231,diagnosis_suggestion,29.4,0.0
C00223,basic,W02,2025-03-08,True,False,False,False,0.3738,diagnosis_suggestion,,0.0
C00223,basic,W02,2025-02-10,True,True,False,True,0.9084,documentation_gap,14.7,0.0
C00223,basic,W02,2025-01-20,False,False,False,,,,,0.0
C00224,basic,W01,2025-01-16,True,True,False,True,0.8271,documentation_gap,58.0,0.0
C00224,basic,W01,2025-01-15,True,True,False,False,0.5062,coding_recommendation,21.7,0.0
C00224,basic,W01,2025-03-05,True,True,True,True,0.8252,coding_recommendation,24.3,105.42
C00225,free,W01,2025-03-12,True,True,True,True,0.6468,documentation_gap,53.7,98.46
C00225,free,W01,2025-03-19,True,True,False,True,0.8958,diagnosis_suggestion,37.7,0.0
C00225,free,W01,2025-03-11,False,False,False,,,,,0.0
C00225,free,W01,2025-03-06,False,False,False,,,,,0.0
C00225,free,W01,2025-01-18,False,False,False,,,,,0.0
C00226,pro,W01,2025-02-06,False,False,False,,,,,0.0
C00226,pro,W01,2025-02-07,True,True,True,True,0.7774,diagnosis_suggestion,24.0,42.65
C00226,pro,W01,2025-03-07,True,True,True,True,0.6096,documentation_gap,60.5,58.53
C00227,free,W10,2025-04-30,True,True,True,True,0.797,documentation_gap,23.4,229.35
C00227,free,W10,2025-04-04,True,True,True,True,0.7455,documentation_gap,25.8,159.09
C00227,free,W10,2025-03-25,False,False,False,,,,,0.0
C00228,free,W05,2025-02-13,True,True,True,True,0.9515,quality_flag,17.5,44.88
C00228,free,W05,2025-03-20,False,False,False,,,,,0.0
C00228,free,W05,2025-01-29,False,False,False,,,,,0.0
C00229,basic,W10,2025-04-21,False,False,False,,,,,0.0
C00229,basic,W10,2025-05-25,True,True,True,True,0.7838,documentation_gap,2.8,19.98
C00229,basic,W10,2025-04-03,True,True,False,True,0.7343,quality_flag,36.0,0.0
C00230,basic,W01,2025-02-20,True,True,False,True,0.592,diagnosis_suggestion,11.6,0.0
C00230,basic,W01,2025-02-17,True,True,True,True,0.7462,quality_flag,11.8,17.4
C00230,basic,W01,2025-02-27,False,False,False,,,,,0.0
C00230,basic,W01,2025-01-18,False,False,False,,,,,0.0
C00230,basic,W01,2025-01-06,False,False,False,,,,,0.0
C00231,free,W05,2025-02-24,False,False,False,,,,,0.0
C00231,free,W05,2025-04-18,True,True,True,True,0.6673,documentation_gap,22.5,62.55
C00231,free,W05,2025-04-22,True,True,False,True,0.884,quality_flag,40.9,0.0
C00232,free,W04,2025-03-06,False,False,False,,,,,0.0
C00232,free,W04,2025-03-10,False,False,False,,,,,0.0
C00232,free,W04,2025-01-31,True,True,True,True,0.6089,quality_flag,52.7,60.92
C00233,basic,W02,2025-02-03,False,False,False,,,,,0.0
C00233,basic,W02,2025-01-24,True,True,False,True,0.8538,diagnosis_suggestion,38.3,0.0
C00233,basic,W02,2025-02-22,True,False,False,False,0.3046,quality_flag,,0.0
C00234,free,W03,2025-04-02,False,False,False,,,,,0.0
C00234,free,W03,2025-01-24,False,False,False,,,,,0.0
C00234,free,W03,2025-01-25,False,False,False,,,,,0.0
C00235,basic,W08,2025-04-12,True,True,False,True,0.8591,coding_recommendation,30.4,0.0
C00235,basic,W08,2025-03-16,True,True,True,True,0.8155,diagnosis_suggestion,19.3,33.19
C00235,basic,W08,2025-02-26,False,False,False,,,,,0.0
C00236,free,W03,2025-04-01,False,False,False,,,,,0.0
C00236,free,W03,2025-03-13,True,False,False,False,0.4926,coding_recommendation,,0.0
C00236,free,W03,2025-03-17,False,False,False,,,,,0.0
C00237,basic,W03,2025-02-02,True,False,False,False,0.3235,quality_flag,,0.0
C00237,basic,W03,2025-04-02,True,True,True,True,0.9472,quality_flag,30.4,39.74
C00237,basic,W03,2025-02-06,True,True,True,True,0.5,diagnosis_suggestion,154.6,80.65
C00238,basic,W02,2025-03-08,True,True,True,True,0.9062,documentation_gap,60.0,29.98
C00238,basic,W02,2025-02-09,True,True,True,True,0.8201,coding_recommendation,15.0,62.07
C00238,basic,W02,2025-02-11,True,True,True,True,0.9018,diagnosis_suggestion,28.5,79.21
C00239,pro,W12,2025-04-09,False,False,False,,,,,0.0
C00239,pro,W12,2025-05-06,True,True,True,True,0.912,diagnosis_suggestion,35.9,56.64
C00239,pro,W12,2025-05-31,True,True,False,True,0.6779,documentation_gap,16.8,0.0
C00240,basic,W05,2025-04-07,True,False,False,False,0.3,diagnosis_suggestion,,0.0
C00240,basic,W05,2025-03-25,True,True,True,True,0.8274,documentation_gap,39.3,85.67
C00240,basic,W05,2025-04-14,True,True,True,True,0.8209,diagnosis_suggestion,34.1,42.92
C00240,basic,W05,2025-02-18,True,True,True,True,0.8952,quality_flag,11.1,115.76
C00241,pro,W02,2025-02-04,True,True,True,True,0.619,documentation_gap,13.0,24.5
C00241,pro,W02,2025-02-21,True,True,True,True,0.7348,diagnosis_suggestion,8.4,78.72
C00241,pro,W02,2025-03-15,True,True,True,True,0.5,documentation_gap,28.0,37.97
C00242,free,W10,2025-04-05,True,True,False,True,0.8553,diagnosis_suggestion,36.9,0.0
C00242,free,W10,2025-03-24,False,False,False,,,,,0.0
C00242,free,W10,2025-05-13,False,False,False,,,,,0.0
C00243,basic,W10,2025-03-12,True,True,True,True,0.9242,diagnosis_suggestion,10.5,61.14
C00243,basic,W10,2025-03-12,False,False,False,,,,,0.0
C00243,basic,W10,2025-05-11,True,True,False,True,0.7434,quality_flag,23.1,0.0
C00243,basic,W10,2025-04-14,False,False,False,,,,,0.0
C00244,free,W12,2025-03-25,False,False,False,,,,,0.0
C00244,free,W12,2025-04-22,True,True,False,True,0.5819,diagnosis_suggestion,17.3,0.0
C00244,free,W12,2025-04-11,True,True,True,True,0.9174,diagnosis_suggestion,15.2,86.7
C00245,pro,W07,2025-04-06,True,True,True,True,0.9345,documentation_gap,16.1,14.57
C00245,pro,W07,2025-03-10,True,False,False,False,0.3854,documentation_gap,,0.0
C00245,pro,W07,2025-03-10,True,True,True,True,0.8057,documentation_gap,16.6,44.85
C00246,free,W10,2025-05-11,False,False,False,,,,,0.0
C00246,free,W10,2025-04-09,True,True,False,True,0.7603,documentation_gap,17.7,0.0
C00246,free,W10,2025-05-25,False,False,False,,,,,0.0
C00247,basic,W08,2025-04-28,True,True,True,True,0.8376,coding_recommendation,17.8,42.95
C00247,basic,W08,2025-03-04,False,False,False,,,,,0.0
C00247,basic,W08,2025-05-06,True,True,True,True,0.9162,diagnosis_suggestion,3.5,58.07
C00248,free,W06,2025-03-29,True,True,True,False,0.7818,documentation_gap,25.8,-26.24
C00248,free,W06,2025-02-11,False,False,False,,,,,0.0
C00248,free,W06,2025-03-05,False,False,False,,,,,0.0
C00249,basic,W09,2025-03-14,True,True,True,True,0.8971,diagnosis_suggestion,33.6,38.78
C00249,basic,W09,2025-04-09,True,False,False,False,0.3546,coding_recommendation,,0.0
C00249,basic,W09,2025-02-26,True,True,True,True,0.8511,documentation_gap,37.9,70.19
C00249,basic,W09,2025-04-01,False,False,False,,,,,0.0
C00250,free,W05,2025-02-16,True,True,False,True,0.8162,diagnosis_suggestion,37.1,0.0
C00250,free,W05,2025-02-15,False,False,False,,,,,0.0
C00250,free,W05,2025-03-21,True,True,True,True,0.7825,quality_flag,8.8,48.32
C00251,free,W06,2025-03-03,False,False,False,,,,,0.0
C00251,free,W06,2025-03-18,True,False,False,False,0.4486,coding_recommendation,,0.0
C00251,free,W06,2025-02-16,True,False,False,False,0.3,documentation_gap,,0.0
C00252,free,W04,2025-03-19,False,False,False,,,,,0.0
C00252,free,W04,2025-04-12,False,False,False,,,,,0.0
C00252,free,W04,2025-02-24,False,False,False,,,,,0.0
C00253,pro,W09,2025-03-23,True,True,True,False,0.7967,documentation_gap,18.1,-14.5
C00253,pro,W09,2025-04-03,True,True,False,False,0.7132,documentation_gap,12.1,0.0
C00253,pro,W09,2025-03-11,True,False,False,False,0.3,documentation_gap,,0.0
C00254,basic,W02,2025-03-25,True,True,True,True,0.7596,diagnosis_suggestion,14.4,78.92
C00254,basic,W02,2025-01-28,True,True,False,True,0.7901,diagnosis_suggestion,12.3,0.0
C00254,basic,W02,2025-01-14,True,True,False,False,0.625,quality_flag,12.7,0.0
C00255,free,W01,2025-01-13,False,False,False,,,,,0.0
C00255,free,W01,2025-01-24,False,False,False,,,,,0.0
C00255,free,W01,2025-02-19,True,False,False,False,0.314,coding_recommendation,,0.0
C00256,pro,W11,2025-05-05,True,False,False,False,0.3,documentation_gap,,0.0
C00256,pro,W11,2025-05-29,True,True,False,True,0.8142,quality_flag,36.5,0.0
C00256,pro,W11,2025-04-24,True,True,True,True,0.9253,documentation_gap,13.7,27.84
C00257,free,W06,2025-02-11,True,True,True,True,0.8086,documentation_gap,14.8,134.76
C00257,free,W06,2025-03-31,True,True,False,True,0.5653,documentation_gap,11.0,0.0
C00257,free,W06,2025-03-26,False,False,False,,,,,0.0
C00258,free,W12,2025-04-07,False,False,False,,,,,0.0
C00258,free,W12,2025-03-19,True,True,True,False,0.5728,coding_recommendation,18.5,-18.05
C00258,free,W12,2025-06-04,True,True,False,True,0.8479,diagnosis_suggestion,14.4,0.0
C00259,free,W06,2025-04-19,True,True,True,True,0.8492,diagnosis_suggestion,99.0,41.54
C00259,free,W06,2025-03-17,False,False,False,,,,,0.0
C00259,free,W06,2025-04-18,False,False,False,,,,,0.0
C00259,free,W06,2025-04-02,True,True,False,False,0.6069,documentation_gap,10.7,0.0
C00260,basic,W06,2025-04-10,True,False,False,False,0.4908,documentation_gap,,0.0
C00260,basic,W06,2025-03-03,True,True,True,True,0.59,diagnosis_suggestion,42.6,50.47
C00260,basic,W06,2025-02-25,True,True,False,False,0.679,coding_recommendation,24.4,0.0
C00261,basic,W06,2025-03-19,True,True,True,True,0.7786,coding_recommendation,20.7,13.03
C00261,basic,W06,2025-03-24,True,True,False,True,0.8879,documentation_gap,9.4,0.0
C00261,basic,W06,2025-02-14,False,False,False,,,,,0.0
C00262,free,W04,2025-02-12,True,True,True,True,0.9302,documentation_gap,17.6,66.62
C00262,free,W04,2025-03-23,False,False,False,,,,,0.0
C00262,free,W04,2025-04-08,False,False,False,,,,,0.0
C00263,free,W11,2025-03-23,True,False,False,False,0.3662,documentation_gap,,0.0
C00263,free,W11,2025-03-15,False,False,False,,,,,0.0
C00263,free,W11,2025-04-09,True,True,False,True,0.9174,diagnosis_suggestion,91.7,0.0
C00264,free,W09,2025-03-21,True,True,False,True,0.7971,diagnosis_suggestion,28.8,0.0
C00264,free,W09,2025-04-13,True,True,True,True,0.9552,documentation_gap,14.9,45.06
C00264,free,W09,2025-03-24,False,False,False,,,,,0.0
C00265,basic,W07,2025-02-13,True,False,False,False,0.3,documentation_gap,,0.0
C00265,basic,W07,2025-02-16,True,True,False,True,0.5,coding_recommendation,25.1,0.0
C00265,basic,W07,2025-04-13,True,True,True,True,0.7426,diagnosis_suggestion,61.1,24.2
C00266,basic,W08,2025-03-14,False,False,False,,,,,0.0
C00266,basic,W08,2025-02-22,False,False,False,,,,,0.0
C00266,basic,W08,2025-04-29,True,True,False,True,0.6345,documentation_gap,21.9,0.0
C00267,free,W08,2025-03-11,False,False,False,,,,,0.0
C00267,free,W08,2025-03-31,False,False,False,,,,,0.0
C00267,free,W08,2025-02-24,True,True,False,True,0.7648,quality_flag,7.1,0.0
C00268,pro,W12,2025-04-17,True,True,True,True,0.9533,documentation_gap,18.4,175.1
C00268,pro,W12,2025-04-10,True,True,True,True,0.8213,coding_recommendation,7.3,60.41
C00268,pro,W12,2025-06-09,False,False,False,,,,,0.0
C00269,basic,W10,2025-05-17,True,True,True,True,0.8605,quality_flag,7.2,66.5
C00269,basic,W10,2025-04-30,True,True,True,True,0.7248,documentation_gap,10.5,60.68
C00269,basic,W10,2025-03-19,False,False,False,,,,,0.0
C00270,free,W11,2025-05-08,True,True,True,True,0.9513,diagnosis_suggestion,16.6,50.82
C00270,free,W11,2025-05-26,False,False,False,,,,,0.0
C00270,free,W11,2025-04-01,True,True,False,True,0.5,documentation_gap,6.3,0.0
C00271,pro,W04,2025-04-01,True,True,True,True,0.9487,documentation_gap,33.2,31.8
C00271,pro,W04,2025-01-30,True,True,True,True,0.6776,diagnosis_suggestion,4.8,36.81
C00271,pro,W04,2025-02-01,True,True,True,True,0.9283,diagnosis_suggestion,53.6,87.39
C00272,pro,W06,2025-03-13,True,True,True,True,0.914,documentation_gap,13.7,83.76
C00272,pro,W06,2025-03-08,True,True,True,False,0.6978,documentation_gap,47.7,-20.47
C00272,pro,W06,2025-03-18,True,True,True,True,0.983,coding_recommendation,11.7,11.72
C00273,pro,W12,2025-06-07,True,True,False,True,0.9593,diagnosis_suggestion,8.7,0.0
C00273,pro,W12,2025-03-25,False,False,False,,,,,0.0
C00273,pro,W12,2025-04-05,True,True,True,True,0.9273,coding_recommendation,34.4,60.34
C00274,free,W07,2025-02-13,True,True,True,True,0.6729,documentation_gap,21.8,13.62
C00274,free,W07,2025-04-14,True,True,True,True,0.641,documentation_gap,15.9,42.85
C00274,free,W07,2025-04-23,False,False,False,,,,,0.0
C00275,pro,W06,2025-03-06,True,True,False,True,0.8257,coding_recommendation,35.2,0.0
C00275,pro,W06,2025-04-25,True,True,True,True,0.8845,coding_recommendation,108.2,124.07
C00275,pro,W06,2025-04-01,True,True,True,True,0.8398,coding_recommendation,14.8,65.09
C00275,pro,W06,2025-04-22,True,True,False,True,0.5,documentation_gap,27.5,0.0
C00275,pro,W06,2025-02-11,True,True,True,False,0.5281,diagnosis_suggestion,42.6,-10.9
C00275,pro,W06,2025-03-25,False,False,False,,,,,0.0
C00276,free,W06,2025-04-02,True,True,False,True,0.8358,documentation_gap,6.4,0.0
C00276,free,W06,2025-03-03,False,False,False,,,,,0.0
C00276,free,W06,2025-04-27,True,False,False,False,0.3637,coding_recommendation,,0.0
C00277,pro,W07,2025-03-20,False,False,False,,,,,0.0
C00277,pro,W07,2025-04-16,True,True,True,True,0.7833,diagnosis_suggestion,15.9,53.19
C00277,pro,W07,2025-03-20,True,True,True,True,0.94,coding_recommendation,21.2,89.31
C00278,free,W09,2025-04-07,False,False,False,,,,,0.0
C00278,free,W09,2025-03-01,False,False,False,,,,,0.0
C00278,free,W09,2025-05-02,True,True,True,True,0.7099,quality_flag,45.4,67.0
C00278,free,W09,2025-04-11,False,False,False,,,,,0.0
C00279,pro,W08,2025-04-22,False,False,False,,,,,0.0
C00279,pro,W08,2025-02-25,True,True,False,False,0.7096,coding_recommendation,135.7,0.0
C00279,pro,W08,2025-03-17,True,True,True,False,0.7687,diagnosis_suggestion,8.5,-38.52
C00280,free,W03,2025-03-19,False,False,False,,,,,0.0
C00280,free,W03,2025-02-13,True,True,True,True,0.8582,documentation_gap,7.1,36.81
C00280,free,W03,2025-01-21,False,False,False,,,,,0.0
C00281,pro,W12,2025-06-04,True,True,False,False,0.5787,documentation_gap,35.3,0.0
C00281,pro,W12,2025-05-02,True,True,True,True,0.7869,coding_recommendation,11.3,38.37
C00281,pro,W12,2025-04-01,True,True,True,True,0.9365,coding_recommendation,26.7,30.8
C00282,basic,W03,2025-02-19,True,False,False,False,0.4989,documentation_gap,,0.0
C00282,basic,W03,2025-03-15,True,True,True,True,0.8534,diagnosis_suggestion,16.4,29.89
C00282,basic,W03,2025-02-12,True,True,True,True,0.8556,diagnosis_suggestion,43.1,54.06
C00283,free,W02,2025-01-10,False,False,False,,,,,0.0
C00283,free,W02,2025-02-23,True,True,True,True,0.9192,diagnosis_suggestion,10.0,84.33
C00283,free,W02,2025-01-09,True,True,True,True,0.9582,documentation_gap,14.9,17.05
C00284,basic,W06,2025-04-07,True,True,True,False,0.5205,quality_flag,4.3,-10.26
C00284,basic,W06,2025-02-18,True,True,True,True,0.671,coding_recommendation,15.7,52.63
C00284,basic,W06,2025-03-28,False,False,False,,,,,0.0
C00284,basic,W06,2025-03-18,True,True,True,True,0.6376,diagnosis_suggestion,34.3,18.59
C00284,basic,W06,2025-02-16,True,True,True,True,0.7946,coding_recommendation,8.4,215.97
C00284,basic,W06,2025-03-09,True,True,True,True,0.691,documentation_gap,4.5,40.35
C00284,basic,W06,2025-03-03,True,True,False,True,0.8738,coding_recommendation,60.1,0.0
C00285,pro,W07,2025-03-05,False,False,False,,,,,0.0
C00285,pro,W07,2025-04-01,True,True,True,True,0.6218,diagnosis_suggestion,12.1,56.35
C00285,pro,W07,2025-03-04,True,True,True,True,0.9072,quality_flag,34.0,41.77
C00286,free,W09,2025-03-12,False,False,False,,,,,0.0
C00286,free,W09,2025-05-01,False,False,False,,,,,0.0
C00286,free,W09,2025-03-26,True,True,True,True,0.8936,diagnosis_suggestion,36.9,64.07
C00286,free,W09,2025-03-30,True,True,True,True,0.8196,quality_flag,12.4,59.37
C00287,basic,W06,2025-04-02,False,False,False,,,,,0.0
C00287,basic,W06,2025-02-17,True,False,False,False,0.4438,diagnosis_suggestion,,0.0
C00287,basic,W06,2025-02-28,True,True,True,True,0.6932,coding_recommendation,22.0,61.04
C00288,pro,W09,2025-03-14,True,True,True,True,0.9439,coding_recommendation,30.1,70.93
C00288,pro,W09,2025-03-17,True,True,False,True,0.8688,coding_recommendation,25.7,0.0
C00288,pro,W09,2025-03-06,False,False,False,,,,,0.0
C00289,basic,W02,2025-02-07,False,False,False,,,,,0.0
C00289,basic,W02,2025-01-29,True,True,False,True,0.5084,coding_recommendation,10.7,0.0
C00289,basic,W02,2025-02-16,True,True,True,True,0.7006,coding_recommendation,13.6,23.39
C00289,basic,W02,2025-01-27,True,True,False,False,0.8067,quality_flag,16.1,0.0
C00289,basic,W02,2025-02-06,False,False,False,,,,,0.0
C00289,basic,W02,2025-03-31,True,True,True,True,0.8969,quality_flag,18.3,50.09
C00290,free,W04,2025-03-30,True,True,True,True,0.5,documentation_gap,8.8,15.7
C00290,free,W04,2025-03-10,True,True,False,True,0.6917,documentation_gap,30.1,0.0
C00290,free,W04,2025-02-22,True,True,False,True,0.8544,documentation_gap,17.5,0.0
C00291,basic,W01,2025-02-14,False,False,False,,,,,0.0
C00291,basic,W01,2025-01-07,True,True,True,True,0.9111,coding_recommendation,18.2,53.8
C00291,basic,W01,2025-03-06,True,True,False,True,0.8615,diagnosis_suggestion,80.0,0.0
C00292,pro,W06,2025-03-21,True,True,True,True,0.913,coding_recommendation,36.2,35.75
C00292,pro,W06,2025-04-27,True,True,True,True,0.8822,coding_recommendation,26.9,36.3
C00292,pro,W06,2025-03-08,False,False,False,,,,,0.0
C00293,pro,W03,2025-02-09,False,False,False,,,,,0.0
C00293,pro,W03,2025-02-10,True,True,False,True,0.9227,documentation_gap,12.1,0.0
C00293,pro,W03,2025-02-14,True,True,True,True,0.5035,diagnosis_suggestion,13.5,96.93
C00294,basic,W10,2025-05-05,True,True,True,True,0.7918,documentation_gap,12.5,93.84
C00294,basic,W10,2025-04-02,True,True,True,True,0.924,quality_flag,44.6,43.45
C00294,basic,W10,2025-04-05,True,True,True,True,0.7593,documentation_gap,15.2,15.76
C00295,free,W06,2025-03-03,True,True,True,True,0.8903,documentation_gap,36.7,62.97
C00295,free,W06,2025-02-22,True,False,False,False,0.3482,coding_recommendation,,0.0
C00295,free,W06,2025-03-29,True,True,False,True,0.774,diagnosis_suggestion,15.1,0.0
C00296,basic,W01,2025-03-18,False,False,False,,,,,0.0
C00296,basic,W01,2025-03-19,False,False,False,,,,,0.0
C00296,basic,W01,2025-01-01,True,True,False,True,0.7186,coding_recommendation,7.5,0.0
C00297,basic,W08,2025-03-19,True,True,True,True,0.7137,diagnosis_suggestion,22.5,44.31
C00297,basic,W08,2025-05-11,False,False,False,,,,,0.0
C00297,basic,W08,2025-03-18,True,False,False,False,0.4279,diagnosis_suggestion,,0.0
C00298,free,W06,2025-04-10,False,False,False,,,,,0.0
C00298,free,W06,2025-03-28,False,False,False,,,,,0.0
C00298,free,W06,2025-02-07,False,False,False,,,,,0.0
C00299,basic,W12,2025-04-09,True,True,True,True,0.8777,diagnosis_suggestion,13.6,7.75
C00299,basic,W12,2025-03-21,True,True,True,True,0.8376,diagnosis_suggestion,32.0,69.3
C00299,basic,W12,2025-04-25,True,True,False,True,0.5428,documentation_gap,16.6,0.0
C00300,pro,W07,2025-03-22,False,False,False,,,,,0.0
C00300,pro,W07,2025-03-24,True,True,False,True,0.6775,diagnosis_suggestion,36.0,0.0
C00300,pro,W07,2025-03-23,True,True,True,False,0.553,diagnosis_suggestion,50.6,-22.8
C00301,free,W09,2025-05-05,True,True,False,True,0.5,coding_recommendation,21.8,0.0
C00301,free,W09,2025-03-07,True,True,True,True,0.9269,documentation_gap,27.7,22.84
C00301,free,W09,2025-04-10,True,True,True,True,0.7095,coding_recommendation,10.5,61.11
C00302,free,W04,2025-04-12,False,False,False,,,,,0.0
C00302,free,W04,2025-03-29,False,False,False,,,,,0.0
C00302,free,W04,2025-03-12,True,False,False,False,0.4258,documentation_gap,,0.0
C00303,free,W04,2025-02-08,True,True,True,True,0.5911,diagnosis_suggestion,8.4,50.13
C00303,free,W04,2025-03-28,False,False,False,,,,,0.0
C00303,free,W04,2025-03-26,True,True,True,True,0.8647,diagnosis_suggestion,10.9,43.11
C00304,basic,W10,2025-03-10,False,False,False,,,,,0.0
C00304,basic,W10,2025-05-24,True,True,True,True,0.8362,diagnosis_suggestion,9.2,160.63
C00304,basic,W10,2025-05-01,True,True,False,False,0.5786,diagnosis_suggestion,33.8,0.0
C00305,basic,W04,2025-02-23,False,False,False,,,,,0.0
C00305,basic,W04,2025-02-18,False,False,False,,,,,0.0
C00305,basic,W04,2025-04-07,True,True,True,False,0.5436,diagnosis_suggestion,5.6,-16.06
C00306,free,W02,2025-03-08,True,True,False,True,0.6718,coding_recommendation,18.8,0.0
C00306,free,W02,2025-01-15,False,False,False,,,,,0.0
C00306,free,W02,2025-01-27,True,True,False,False,0.6445,diagnosis_suggestion,20.3,0.0
C00307,free,W03,2025-02-19,True,True,True,True,0.7741,diagnosis_suggestion,11.4,47.34
C00307,free,W03,2025-03-10,False,False,False,,,,,0.0
C00307,free,W03,2025-03-13,True,True,True,True,0.8523,documentation_gap,38.1,27.23
C00308,pro,W06,2025-02-06,True,False,False,False,0.3786,documentation_gap,,0.0
C00308,pro,W06,2025-04-12,True,True,True,True,0.8417,coding_recommendation,44.7,101.54
C00308,pro,W06,2025-03-10,True,True,True,False,0.6789,documentation_gap,16.8,-11.91
C00309,free,W02,2025-01-13,False,False,False,,,,,0.0
C00309,free,W02,2025-03-13,False,False,False,,,,,0.0
C00309,free,W02,2025-01-22,False,False,False,,,,,0.0
C00310,pro,W09,2025-05-11,True,True,True,True,0.9006,diagnosis_suggestion,41.9,22.03
C00310,pro,W09,2025-05-09,True,True,False,True,0.8381,quality_flag,17.4,0.0
C00310,pro,W09,2025-03-16,True,True,False,True,0.7841,quality_flag,20.0,0.0
C00310,pro,W09,2025-04-29,True,True,False,True,0.5509,quality_flag,25.2,0.0
C00310,pro,W09,2025-03-10,True,True,True,True,0.628,quality_flag,16.4,43.77
C00310,pro,W09,2025-05-17,True,True,True,True,0.9426,diagnosis_suggestion,34.7,42.41
C00311,basic,W10,2025-04-30,True,True,True,True,0.8132,coding_recommendation,68.8,140.25
C00311,basic,W10,2025-04-09,True,True,False,True,0.5,documentation_gap,12.2,0.0
C00311,basic,W10,2025-03-24,True,True,False,True,0.9359,documentation_gap,23.2,0.0
C00312,pro,W03,2025-01-17,True,True,False,True,0.8505,diagnosis_suggestion,6.1,0.0
C00312,pro,W03,2025-02-11,True,True,True,True,0.8725,diagnosis_suggestion,29.1,19.43
C00312,pro,W03,2025-02-02,True,True,True,True,0.8147,coding_recommendation,36.3,58.92
C00313,free,W10,2025-03-24,True,True,False,True,0.6097,documentation_gap,43.8,0.0
C00313,free,W10,2025-05-18,False,False,False,,,,,0.0
C00313,free,W10,2025-04-18,False,False,False,,,,,0.0
C00313,free,W10,2025-05-18,True,True,False,True,0.8139,documentation_gap,7.0,0.0
C00313,free,W10,2025-03-23,True,True,True,True,0.9128,diagnosis_suggestion,19.3,61.94
C00313,free,W10,2025-03-12,False,False,False,,,,,0.0
C00314,pro,W03,2025-02-19,True,True,True,True,0.5,diagnosis_suggestion,24.2,33.0
C00314,pro,W03,2025-02-05,True,False,False,False,0.3791,documentation_gap,,0.0
C00314,pro,W03,2025-01-16,True,True,True,True,0.7852,documentation_gap,10.1,32.0
C00315,free,W06,2025-04-25,True,True,False,False,0.6823,documentation_gap,47.2,0.0
C00315,free,W06,2025-03-16,True,True,True,True,0.6256,documentation_gap,25.6,40.54
C00315,free,W06,2025-02-16,True,True,False,True,0.9408,coding_recommendation,39.7,0.0
C00316,pro,W02,2025-02-11,True,True,True,True,0.8444,documentation_gap,56.8,97.14
C00316,pro,W02,2025-02-07,True,True,True,True,0.7089,documentation_gap,10.4,25.77
C00316,pro,W02,2025-03-09,True,True,True,False,0.5813,diagnosis_suggestion,49.1,-22.56
C00316,pro,W02,2025-03-22,True,False,False,False,0.4581,quality_flag,,0.0
C00317,free,W12,2025-03-21,False,False,False,,,,,0.0
C00317,free,W12,2025-04-28,True,True,False,True,0.8966,diagnosis_suggestion,26.0,0.0
C00317,free,W12,2025-05-16,True,True,False,True,0.8022,diagnosis_suggestion,16.6,0.0
C00318,pro,W04,2025-01-31,True,True,True,True,0.8174,coding_recommendation,44.5,38.59
C00318,pro,W04,2025-03-23,True,True,True,True,0.8624,diagnosis_suggestion,37.6,18.79
C00318,pro,W04,2025-04-11,True,False,False,False,0.492,coding_recommendation,,0.0
C00319,pro,W01,2025-02-16,False,False,False,,,,,0.0
C00319,pro,W01,2025-03-03,True,True,True,False,0.9488,coding_recommendation,12.9,-20.42
C00319,pro,W01,2025-03-11,True,True,True,True,0.6977,coding_recommendation,12.3,40.27
C00320,free,W04,2025-03-17,True,False,False,False,0.3947,quality_flag,,0.0
C00320,free,W04,2025-04-10,True,True,True,False,0.7605,diagnosis_suggestion,4.4,-29.51
C00320,free,W04,2025-03-17,False,False,False,,,,,0.0
C00321,pro,W05,2025-04-10,True,True,True,True,0.8097,diagnosis_suggestion,29.6,143.34
C00321,pro,W05,2025-02-07,True,True,True,True,0.8967,coding_recommendation,6.7,110.83
C00321,pro,W05,2025-03-24,True,True,True,True,0.8635,documentation_gap,12.5,28.09
C00322,pro,W12,2025-05-01,True,False,False,False,0.4029,coding_recommendation,,0.0
C00322,pro,W12,2025-04-16,True,True,True,True,0.9186,quality_flag,7.3,92.53
C00322,pro,W12,2025-04-28,True,True,True,True,0.9797,coding_recommendation,9.6,49.27
C00323,basic,W05,2025-04-10,False,False,False,,,,,0.0
C00323,basic,W05,2025-02-15,True,True,True,True,0.899,documentation_gap,5.4,77.33
C00323,basic,W05,2025-04-07,True,True,True,True,0.7562,quality_flag,21.7,36.91
C00324,basic,W10,2025-05-09,True,True,True,True,0.7808,documentation_gap,5.2,65.75
C00324,basic,W10,2025-04-17,True,True,True,True,0.7573,coding_recommendation,42.3,16.11
C00324,basic,W10,2025-04-01,True,True,True,True,0.7301,documentation_gap,6.9,170.5
C00324,basic,W10,2025-05-17,True,True,True,True,0.6644,diagnosis_suggestion,4.4,35.89
C00324,basic,W10,2025-03-17,False,False,False,,,,,0.0
C00324,basic,W10,2025-03-23,True,True,True,False,0.8243,quality_flag,109.7,-21.74
C00324,basic,W10,2025-05-16,False,False,False,,,,,0.0
C00324,basic,W10,2025-04-13,True,True,False,False,0.5162,quality_flag,29.8,0.0
C00325,pro,W02,2025-03-11,True,True,True,True,0.6569,diagnosis_suggestion,6.7,151.42
C00325,pro,W02,2025-03-29,True,False,False,False,0.3832,documentation_gap,,0.0
C00325,pro,W02,2025-02-22,True,True,True,True,0.7377,quality_flag,8.7,150.28
C00326,free,W09,2025-05-01,True,True,True,False,0.5037,diagnosis_suggestion,34.8,-16.09
C00326,free,W09,2025-03-04,True,True,True,True,0.9089,coding_recommendation,9.5,47.76
C00326,free,W09,2025-04-25,False,False,False,,,,,0.0
C00327,free,W07,2025-02-12,False,False,False,,,,,0.0
C00327,free,W07,2025-04-21,False,False,False,,,,,0.0
C00327,free,W07,2025-02-13,False,False,False,,,,,0.0
C00328,free,W04,2025-04-02,True,True,True,True,0.8012,quality_flag,12.6,237.8
C00328,free,W04,2025-01-28,True,True,True,True,0.6814,diagnosis_suggestion,15.5,52.46
C00328,free,W04,2025-03-08,False,False,False,,,,,0.0
C00328,free,W04,2025-04-03,True,True,True,True,0.8758,diagnosis_suggestion,35.4,49.18
C00328,free,W04,2025-04-09,True,True,False,True,0.702,coding_recommendation,19.5,0.0
C00329,free,W05,2025-03-11,False,False,False,,,,,0.0
C00329,free,W05,2025-03-11,True,True,True,True,0.8206,diagnosis_suggestion,11.3,107.01
C00329,free,W05,2025-02-12,False,False,False,,,,,0.0
C00329,free,W05,2025-02-08,True,True,True,True,0.7166,diagnosis_suggestion,11.2,41.67
C00330,free,W12,2025-05-01,False,False,False,,,,,0.0
C00330,free,W12,2025-04-20,False,False,False,,,,,0.0
C00330,free,W12,2025-04-16,True,True,False,True,0.8629,coding_recommendation,35.2,0.0
C00331,pro,W11,2025-03-30,True,True,False,True,0.8278,coding_recommendation,21.6,0.0
C00331,pro,W11,2025-05-30,True,True,True,True,0.8752,diagnosis_suggestion,39.7,31.63
C00331,pro,W11,2025-04-10,True,True,False,True,0.561,coding_recommendation,64.1,0.0
C00332,basic,W01,2025-03-16,True,True,False,True,0.8247,coding_recommendation,8.3,0.0
C00332,basic,W01,2025-02-07,True,True,True,True,0.9459,coding_recommendation,29.3,178.29
C00332,basic,W01,2025-03-05,True,True,True,False,0.5211,diagnosis_suggestion,39.5,-16.93
C00333,basic,W10,2025-05-10,False,False,False,,,,,0.0
C00333,basic,W10,2025-03-18,False,False,False,,,,,0.0
C00333,basic,W10,2025-05-01,True,False,False,False,0.3568,documentation_gap,,0.0
C00334,basic,W05,2025-04-05,True,True,True,False,0.7329,documentation_gap,4.5,-36.23
C00334,basic,W05,2025-04-12,False,False,False,,,,,0.0
C00334,basic,W05,2025-02-20,True,True,True,True,0.9309,diagnosis_suggestion,9.8,8.86
C00335,basic,W11,2025-04-05,True,True,True,True,0.9231,coding_recommendation,7.5,55.59
C00335,basic,W11,2025-05-14,True,True,True,True,0.8982,documentation_gap,21.6,87.61
C00335,basic,W11,2025-04-14,False,False,False,,,,,0.0
C00336,free,W06,2025-02-28,False,False,False,,,,,0.0
C00336,free,W06,2025-03-13,False,False,False,,,,,0.0
C00336,free,W06,2025-04-15,True,True,True,True,0.8897,documentation_gap,12.3,24.32
C00336,free,W06,2025-02-08,False,False,False,,,,,0.0
C00336,free,W06,2025-04-06,True,True,False,True,0.9507,quality_flag,11.6,0.0
C00337,basic,W05,2025-02-26,True,True,False,True,0.5163,quality_flag,19.2,0.0
C00337,basic,W05,2025-03-13,True,True,False,True,0.8193,diagnosis_suggestion,12.8,0.0
C00337,basic,W05,2025-02-22,True,False,False,False,0.4553,diagnosis_suggestion,,0.0
C00338,free,W06,2025-03-31,True,True,False,True,0.5,documentation_gap,22.1,0.0
C00338,free,W06,2025-03-15,True,True,True,True,0.837,diagnosis_suggestion,42.1,132.65
C00338,free,W06,2025-03-16,False,False,False,,,,,0.0
C00339,free,W07,2025-03-17,True,True,False,True,0.7788,coding_recommendation,17.3,0.0
C00339,free,W07,2025-03-19,True,True,True,True,0.8408,diagnosis_suggestion,14.1,42.15
C00339,free,W07,2025-02-21,True,True,True,True,0.5,documentation_gap,57.6,173.7
C00340,free,W06,2025-02-11,False,False,False,,,,,0.0
C00340,free,W06,2025-03-21,True,True,True,True,0.825,diagnosis_suggestion,44.4,50.19
C00340,free,W06,2025-04-06,False,False,False,,,,,0.0
C00341,free,W10,2025-03-23,True,True,True,True,0.8528,diagnosis_suggestion,29.7,56.31
C00341,free,W10,2025-05-06,True,True,True,True,0.9885,coding_recommendation,19.6,111.45
C00341,free,W10,2025-04-15,True,True,False,True,0.8151,quality_flag,16.7,0.0
C00342,basic,W02,2025-03-27,True,True,True,True,0.7892,quality_flag,43.0,19.76
C00342,basic,W02,2025-01-11,True,True,True,True,0.7406,documentation_gap,14.9,53.02
C00342,basic,W02,2025-02-19,True,True,True,True,0.9529,diagnosis_suggestion,12.0,31.71
C00343,free,W02,2025-01-26,False,False,False,,,,,0.0
C00343,free,W02,2025-02-24,False,False,False,,,,,0.0
C00343,free,W02,2025-01-24,False,False,False,,,,,0.0
C00344,basic,W09,2025-04-14,True,True,False,True,0.9332,documentation_gap,8.3,0.0
C00344,basic,W09,2025-04-15,False,False,False,,,,,0.0
C00344,basic,W09,2025-03-03,True,True,True,True,0.7734,coding_recommendation,56.7,32.3
C00345,pro,W06,2025-03-13,True,True,True,False,0.5021,diagnosis_suggestion,25.4,-26.72
C00345,pro,W06,2025-04-06,True,True,True,True,0.8517,diagnosis_suggestion,19.4,66.73
C00345,pro,W06,2025-02-24,True,True,False,True,0.8895,documentation_gap,13.1,0.0
C00346,basic,W10,2025-05-05,True,False,False,False,0.3672,diagnosis_suggestion,,0.0
C00346,basic,W10,2025-05-06,True,True,True,True,0.6866,coding_recommendation,8.1,92.98
C00346,basic,W10,2025-05-10,True,True,False,True,0.7425,diagnosis_suggestion,11.2,0.0
C00347,free,W04,2025-02-07,False,False,False,,,,,0.0
C00347,free,W04,2025-04-09,True,False,False,False,0.4097,coding_recommendation,,0.0
C00347,free,W04,2025-04-14,True,True,True,False,0.5817,documentation_gap,7.5,-21.82
C00348,basic,W10,2025-04-04,True,True,True,True,0.6283,diagnosis_suggestion,24.4,42.84
C00348,basic,W10,2025-04-17,True,True,True,True,0.7297,coding_recommendation,22.3,44.35
C00348,basic,W10,2025-04-21,False,False,False,,,,,0.0
C00349,free,W05,2025-03-22,False,False,False,,,,,0.0
C00349,free,W05,2025-03-14,True,False,False,False,0.3681,documentation_gap,,0.0
C00349,free,W05,2025-02-27,False,False,False,,,,,0.0
C00350,free,W12,2025-05-14,True,True,False,True,0.6281,documentation_gap,5.1,0.0
C00350,free,W12,2025-06-02,True,False,False,False,0.4064,quality_flag,,0.0
C00350,free,W12,2025-06-10,True,True,True,True,0.9069,quality_flag,118.5,56.51
C00350,free,W12,2025-03-23,False,False,False,,,,,0.0
C00350,free,W12,2025-05-30,True,True,True,True,0.5626,quality_flag,6.9,45.06
C00350,free,W12,2025-04-02,True,True,True,True,0.8567,documentation_gap,62.6,33.33
C00351,free,W11,2025-04-28,True,True,True,False,0.5733,diagnosis_suggestion,46.5,-12.27
C00351,free,W11,2025-05-19,False,False,False,,,,,0.0
C00351,free,W11,2025-05-12,True,True,True,True,0.814,quality_flag,23.4,27.39
C00351,free,W11,2025-04-13,False,False,False,,,,,0.0
C00351,free,W11,2025-03-12,True,True,True,True,0.8772,quality_flag,5.2,40.45
C00352,basic,W05,2025-03-21,True,True,False,True,0.8243,diagnosis_suggestion,7.3,0.0
C00352,basic,W05,2025-02-25,True,True,True,True,0.6411,coding_recommendation,22.6,41.46
C00352,basic,W05,2025-04-02,True,True,True,True,0.8379,diagnosis_suggestion,176.1,152.23
C00353,pro,W08,2025-03-02,True,True,True,False,0.576,coding_recommendation,11.6,-9.9
C00353,pro,W08,2025-03-17,False,False,False,,,,,0.0
C00353,pro,W08,2025-05-03,True,True,False,True,0.9827,diagnosis_suggestion,12.9,0.0
C00354,pro,W05,2025-04-14,False,False,False,,,,,0.0
C00354,pro,W05,2025-03-03,True,True,False,True,0.8278,coding_recommendation,21.5,0.0
C00354,pro,W05,2025-04-02,False,False,False,,,,,0.0
C00354,pro,W05,2025-03-31,False,False,False,,,,,0.0
C00355,basic,W02,2025-02-19,True,True,True,True,0.8381,quality_flag,13.9,36.11
C00355,basic,W02,2025-03-23,True,True,False,True,0.8126,diagnosis_suggestion,36.4,0.0
C00355,basic,W02,2025-02-24,True,True,False,False,0.5166,quality_flag,17.5,0.0
C00356,free,W02,2025-02-21,True,True,True,True,0.984,diagnosis_suggestion,25.3,22.96
C00356,free,W02,2025-03-03,False,False,False,,,,,0.0
C00356,free,W02,2025-03-12,True,False,False,False,0.4923,quality_flag,,0.0
C00357,basic,W05,2025-02-15,True,True,True,True,0.7346,coding_recommendation,107.7,57.67
C00357,basic,W05,2025-03-05,False,False,False,,,,,0.0
C00357,basic,W05,2025-02-17,True,True,True,True,0.7622,diagnosis_suggestion,25.8,30.99
C00358,basic,W04,2025-03-14,False,False,False,,,,,0.0
C00358,basic,W04,2025-02-19,True,True,True,True,0.9821,diagnosis_suggestion,22.3,31.56
C00358,basic,W04,2025-01-30,True,True,False,True,0.7821,documentation_gap,32.0,0.0
C00358,basic,W04,2025-04-03,True,True,True,True,0.5,documentation_gap,40.2,173.59
C00358,basic,W04,2025-01-24,True,True,True,False,0.826,quality_flag,15.6,-33.63
C00358,basic,W04,2025-02-11,True,True,False,True,0.6207,coding_recommendation,23.5,0.0
C00358,basic,W04,2025-03-02,True,True,True,False,0.8483,documentation_gap,9.4,-11.35
C00358,basic,W04,2025-02-11,True,True,False,True,0.5834,documentation_gap,8.3,0.0
C00358,basic,W04,2025-02-23,True,True,True,True,0.8748,diagnosis_suggestion,6.3,96.31
C00359,basic,W02,2025-01-27,False,False,False,,,,,0.0
C00359,basic,W02,2025-03-09,False,False,False,,,,,0.0
C00359,basic,W02,2025-01-24,True,True,True,True,0.8925,diagnosis_suggestion,13.1,72.23
C00360,pro,W06,2025-04-27,True,True,True,True,0.8468,coding_recommendation,9.9,57.64
C00360,pro,W06,2025-04-06,False,False,False,,,,,0.0
C00360,pro,W06,2025-02-26,True,True,True,True,0.7971,documentation_gap,40.1,42.81
C00361,free,W08,2025-04-08,False,False,False,,,,,0.0
C00361,free,W08,2025-03-18,False,False,False,,,,,0.0
C00361,free,W08,2025-03-14,False,False,False,,,,,0.0
C00362,basic,W02,2025-02-16,True,True,True,True,0.8667,coding_recommendation,50.5,109.68
C00362,basic,W02,2025-03-28,False,False,False,,,,,0.0
C00362,basic,W02,2025-01-11,True,True,False,True,0.9655,coding_recommendation,128.8,0.0
C00363,basic,W10,2025-04-10,True,True,True,True,0.8214,diagnosis_suggestion,9.5,57.03
C00363,basic,W10,2025-03-31,True,True,False,True,0.7934,quality_flag,40.8,0.0
C00363,basic,W10,2025-05-12,True,True,False,False,0.7246,documentation_gap,21.8,0.0
C00364,free,W07,2025-03-02,False,False,False,,,,,0.0
C00364,free,W07,2025-02-28,False,False,False,,,,,0.0
C00364,free,W07,2025-03-05,False,False,False,,,,,0.0
C00365,free,W04,2025-02-07,True,True,False,True,0.6698,diagnosis_suggestion,19.7,0.0
C00365,free,W04,2025-03-21,True,True,True,False,0.6562,coding_recommendation,8.3,-22.24
C00365,free,W04,2025-04-08,True,True,False,True,0.728,coding_recommendation,11.0,0.0
C00366,free,W05,2025-02-06,False,False,False,,,,,0.0
C00366,free,W05,2025-04-12,False,False,False,,,,,0.0
C00366,free,W05,2025-04-19,False,False,False,,,,,0.0
C00367,basic,W02,2025-02-08,False,False,False,,,,,0.0
C00367,basic,W02,2025-02-07,True,True,False,True,0.8144,documentation_gap,42.0,0.0
C00367,basic,W02,2025-01-22,True,True,False,False,0.5032,diagnosis_suggestion,19.0,0.0
C00368,free,W11,2025-05-23,False,False,False,,,,,0.0
C00368,free,W11,2025-05-25,False,False,False,,,,,0.0
C00368,free,W11,2025-05-05,False,False,False,,,,,0.0
C00369,basic,W10,2025-05-06,True,True,True,True,0.9417,documentation_gap,19.6,41.1
C00369,basic,W10,2025-04-25,True,True,False,True,0.8742,coding_recommendation,9.2,0.0
C00369,basic,W10,2025-03-11,True,True,False,True,0.9376,coding_recommendation,13.7,0.0
C00370,free,W09,2025-05-07,True,True,True,True,0.7713,diagnosis_suggestion,19.1,8.41
C00370,free,W09,2025-04-25,False,False,False,,,,,0.0
C00370,free,W09,2025-05-08,False,False,False,,,,,0.0
C00371,free,W03,2025-03-16,True,True,True,True,0.9605,documentation_gap,16.2,83.91
C00371,free,W03,2025-04-06,False,False,False,,,,,0.0
C00371,free,W03,2025-01-28,True,True,False,True,0.9218,coding_recommendation,62.9,0.0
C00372,free,W10,2025-05-03,True,True,False,True,0.8878,diagnosis_suggestion,11.0,0.0
C00372,free,W10,2025-05-15,True,True,True,False,0.74,diagnosis_suggestion,10.6,-23.46
C00372,free,W10,2025-04-18,False,False,False,,,,,0.0
C00373,free,W01,2025-01-03,True,True,True,True,0.6068,diagnosis_suggestion,12.1,164.88
C00373,free,W01,2025-01-11,False,False,False,,,,,0.0
C00373,free,W01,2025-01-28,True,True,False,True,0.731,documentation_gap,115.9,0.0
C00374,pro,W04,2025-04-05,True,True,True,True,0.6733,quality_flag,39.1,88.13
C00374,pro,W04,2025-01-26,True,True,True,True,0.8172,coding_recommendation,64.0,82.34
C00374,pro,W04,2025-04-08,True,False,False,False,0.3577,documentation_gap,,0.0
C00375,pro,W01,2025-02-19,True,True,False,True,0.8406,documentation_gap,36.5,0.0
C00375,pro,W01,2025-02-22,True,True,False,True,0.7976,documentation_gap,17.5,0.0
C00375,pro,W01,2025-02-16,True,True,True,True,0.7598,coding_recommendation,32.8,42.47
C00376,free,W06,2025-03-28,True,True,True,True,0.8598,quality_flag,32.2,27.26
C00376,free,W06,2025-04-08,False,False,False,,,,,0.0
C00376,free,W06,2025-03-22,False,False,False,,,,,0.0
C00376,free,W06,2025-02-16,True,True,True,True,0.8557,coding_recommendation,6.7,31.28
C00376,free,W06,2025-04-21,False,False,False,,,,,0.0
C00377,basic,W04,2025-04-02,True,True,True,True,0.8255,documentation_gap,27.6,50.89
C00377,basic,W04,2025-03-26,False,False,False,,,,,0.0
C00377,basic,W04,2025-02-13,True,True,False,False,0.5875,coding_recommendation,28.6,0.0
C00378,free,W12,2025-05-05,True,True,True,False,0.8366,diagnosis_suggestion,75.9,-57.95
C00378,free,W12,2025-03-19,True,True,True,True,0.7418,diagnosis_suggestion,21.6,64.87
C00378,free,W12,2025-04-11,True,True,True,False,0.6664,diagnosis_suggestion,75.8,-30.18
C00378,free,W12,2025-06-07,True,False,False,False,0.3739,documentation_gap,,0.0
C00378,free,W12,2025-04-03,True,True,True,True,0.8267,documentation_gap,10.2,34.06
C00379,basic,W04,2025-04-10,False,False,False,,,,,0.0
C00379,basic,W04,2025-04-13,True,True,False,True,0.9339,coding_recommendation,36.1,0.0
C00379,basic,W04,2025-02-24,True,True,False,True,0.9367,diagnosis_suggestion,5.6,0.0
C00380,pro,W09,2025-04-07,True,True,True,True,0.9285,quality_flag,35.8,99.37
C00380,pro,W09,2025-04-04,True,True,False,True,0.5892,diagnosis_suggestion,36.8,0.0
C00380,pro,W09,2025-04-30,True,True,False,True,0.8754,documentation_gap,52.3,0.0
C00381,free,W09,2025-04-17,True,True,True,True,0.9322,diagnosis_suggestion,12.1,87.14
C00381,free,W09,2025-05-17,True,True,True,False,0.6366,coding_recommendation,24.2,-12.63
C00381,free,W09,2025-03-26,False,False,False,,,,,0.0
C00381,free,W09,2025-03-08,True,True,True,True,0.7567,documentation_gap,11.5,46.81
C00382,basic,W07,2025-04-03,True,True,False,True,0.7231,coding_recommendation,39.4,0.0
C00382,basic,W07,2025-02-28,True,True,False,True,0.9084,diagnosis_suggestion,21.4,0.0
C00382,basic,W07,2025-02-22,True,True,False,True,0.866,documentation_gap,29.3,0.0
C00382,basic,W07,2025-04-24,True,False,False,False,0.4559,quality_flag,,0.0
C00383,free,W04,2025-01-26,True,True,False,True,0.826,coding_recommendation,24.5,0.0
C00383,free,W04,2025-04-11,True,True,True,True,0.9827,quality_flag,28.4,20.67
C00383,free,W04,2025-02-16,True,True,True,True,0.8686,coding_recommendation,33.1,67.01
C00384,pro,W09,2025-03-21,True,True,True,True,0.8122,diagnosis_suggestion,5.7,42.75
C00384,pro,W09,2025-04-10,True,True,True,True,0.9418,diagnosis_suggestion,81.6,41.45
C00384,pro,W09,2025-04-21,True,False,False,False,0.3141,coding_recommendation,,0.0
C00385,free,W05,2025-02-25,True,True,False,True,0.8474,quality_flag,52.1,0.0
C00385,free,W05,2025-03-01,True,False,False,False,0.3466,diagnosis_suggestion,,0.0
C00385,free,W05,2025-01-30,False,False,False,,,,,0.0
C00386,free,W10,2025-03-31,True,True,False,True,0.778,diagnosis_suggestion,30.2,0.0
C00386,free,W10,2025-03-11,False,False,False,,,,,0.0
C00386,free,W10,2025-05-16,True,True,True,True,0.8401,diagnosis_suggestion,39.5,87.91
C00387,basic,W11,2025-04-29,True,True,False,True,0.6479,coding_recommendation,39.3,0.0
C00387,basic,W11,2025-04-19,True,True,True,True,0.8429,coding_recommendation,27.3,88.16
C00387,basic,W11,2025-05-02,False,False,False,,,,,0.0
C00388,free,W04,2025-04-05,True,False,False,False,0.3,diagnosis_suggestion,,0.0
C00388,free,W04,2025-03-12,True,True,True,True,0.7747,quality_flag,102.5,59.64
C00388,free,W04,2025-02-12,False,False,False,,,,,0.0
C00388,free,W04,2025-04-09,False,False,False,,,,,0.0
C00389,free,W05,2025-03-03,False,False,False,,,,,0.0
C00389,free,W05,2025-03-29,True,False,False,False,0.3,documentation_gap,,0.0
C00389,free,W05,2025-04-08,True,True,True,True,0.7947,quality_flag,81.1,81.3
C00390,free,W09,2025-03-28,False,False,False,,,,,0.0
C00390,free,W09,2025-03-01,True,True,True,True,0.9192,diagnosis_suggestion,33.6,59.61
C00390,free,W09,2025-04-27,False,False,False,,,,,0.0
C00391,free,W11,2025-05-23,False,False,False,,,,,0.0
C00391,free,W11,2025-03-14,True,True,False,True,0.9804,diagnosis_suggestion,14.0,0.0
C00391,free,W11,2025-04-25,True,True,False,True,0.9204,documentation_gap,5.9,0.0
C00392,pro,W12,2025-05-05,True,True,True,True,0.8467,quality_flag,31.1,86.7
C00392,pro,W12,2025-04-10,False,False,False,,,,,0.0
C00392,pro,W12,2025-05-22,True,True,True,True,0.8538,diagnosis_suggestion,7.8,77.27
C00392,pro,W12,2025-04-24,True,False,False,False,0.4123,coding_recommendation,,0.0
C00393,free,W01,2025-02-01,False,False,False,,,,,0.0
C00393,free,W01,2025-01-02,False,False,False,,,,,0.0
C00393,free,W01,2025-03-12,True,True,False,True,0.7838,diagnosis_suggestion,7.7,0.0
C00394,free,W07,2025-04-10,False,False,False,,,,,0.0
C00394,free,W07,2025-04-17,False,False,False,,,,,0.0
C00394,free,W07,2025-03-02,False,False,False,,,,,0.0
C00394,free,W07,2025-02-13,False,False,False,,,,,0.0
C00394,free,W07,2025-03-23,True,True,True,False,0.5206,quality_flag,16.1,-15.53
C00395,basic,W09,2025-04-22,True,True,True,True,0.8134,coding_recommendation,33.4,32.46
C00395,basic,W09,2025-04-27,False,False,False,,,,,0.0
C00395,basic,W09,2025-04-25,False,False,False,,,,,0.0
C00396,basic,W11,2025-05-01,False,False,False,,,,,0.0
C00396,basic,W11,2025-05-04,True,True,False,True,0.7745,diagnosis_suggestion,58.8,0.0
C00396,basic,W11,2025-05-07,True,True,True,True,0.7023,diagnosis_suggestion,36.1,40.13
C00397,free,W01,2025-03-21,True,True,False,True,0.8282,coding_recommendation,8.9,0.0
C00397,free,W01,2025-02-25,True,False,False,False,0.3,documentation_gap,,0.0
C00397,free,W01,2025-01-06,True,True,False,False,0.6363,diagnosis_suggestion,4.7,0.0
C00398,free,W03,2025-03-22,False,False,False,,,,,0.0
C00398,free,W03,2025-01-24,False,False,False,,,,,0.0
C00398,free,W03,2025-01-30,False,False,False,,,,,0.0
C00398,free,W03,2025-02-28,False,False,False,,,,,0.0
C00398,free,W03,2025-02-22,True,True,False,True,0.807,documentation_gap,3.6,0.0
C00398,free,W03,2025-03-27,False,False,False,,,,,0.0
C00398,free,W03,2025-03-16,False,False,False,,,,,0.0
C00398,free,W03,2025-03-31,True,False,False,False,0.3535,diagnosis_suggestion,,0.0
C00399,basic,W07,2025-04-04,True,True,True,True,0.9159,diagnosis_suggestion,33.1,30.39
C00399,basic,W07,2025-03-09,True,True,False,True,0.9064,diagnosis_suggestion,40.4,0.0
C00399,basic,W07,2025-04-26,True,True,True,False,0.6968,diagnosis_suggestion,77.2,-24.44
C00400,basic,W04,2025-03-01,True,True,True,True,0.9412,diagnosis_suggestion,15.0,60.71
C00400,basic,W04,2025-03-05,True,False,False,False,0.3,coding_recommendation,,0.0
C00400,basic,W04,2025-03-11,True,True,False,True,0.7713,documentation_gap,11.0,0.0
C00401,basic,W09,2025-03-12,False,False,False,,,,,0.0
C00401,basic,W09,2025-03-31,True,True,False,True,0.8783,diagnosis_suggestion,41.5,0.0
C00401,basic,W09,2025-03-12,False,False,False,,,,,0.0
C00402,free,W10,2025-03-05,True,True,False,True,0.7632,documentation_gap,63.0,0.0
C00402,free,W10,2025-05-07,True,True,False,True,0.8122,quality_flag,19.3,0.0
C00402,free,W10,2025-03-25,False,False,False,,,,,0.0
C00403,pro,W11,2025-05-28,True,True,False,True,0.7426,diagnosis_suggestion,72.3,0.0
C00403,pro,W11,2025-04-21,True,True,True,True,0.8737,diagnosis_suggestion,19.7,118.63
C00403,pro,W11,2025-05-15,True,True,True,True,0.8612,diagnosis_suggestion,8.0,65.57
C00404,free,W08,2025-04-02,True,True,True,True,0.9746,coding_recommendation,11.2,61.14
C00404,free,W08,2025-03-12,False,False,False,,,,,0.0
C00404,free,W08,2025-04-04,False,False,False,,,,,0.0
C00405,free,W10,2025-03-13,False,False,False,,,,,0.0
C00405,free,W10,2025-03-05,True,True,True,True,0.8889,quality_flag,27.6,86.87
C00405,free,W10,2025-05-10,True,True,False,True,0.9013,documentation_gap,2.1,0.0
C00405,free,W10,2025-03-06,False,False,False,,,,,0.0
C00406,free,W04,2025-03-15,True,True,True,True,0.8034,diagnosis_suggestion,23.8,35.91
C00406,free,W04,2025-03-19,True,True,True,True,0.6572,coding_recommendation,9.8,77.02
C00406,free,W04,2025-03-23,True,False,False,False,0.3,diagnosis_suggestion,,0.0
C00407,pro,W03,2025-02-12,True,True,False,False,0.5901,diagnosis_suggestion,102.4,0.0
C00407,pro,W03,2025-02-17,True,True,True,False,0.6727,diagnosis_suggestion,36.4,-15.98
C00407,pro,W03,2025-01-18,True,False,False,False,0.3,diagnosis_suggestion,,0.0
C00407,pro,W03,2025-03-15,False,False,False,,,,,0.0
C00407,pro,W03,2025-03-13,True,True,False,True,0.7284,documentation_gap,28.1,0.0
C00407,pro,W03,2025-03-13,False,False,False,,,,,0.0
C00408,basic,W05,2025-04-14,True,True,True,True,0.9007,documentation_gap,18.8,124.76
C00408,basic,W05,2025-03-05,True,True,False,False,0.5664,documentation_gap,43.2,0.0
C00408,basic,W05,2025-04-11,False,False,False,,,,,0.0
C00409,pro,W07,2025-04-24,True,True,True,True,0.7639,coding_recommendation,15.9,30.96
C00409,pro,W07,2025-03-07,True,True,False,True,0.8756,coding_recommendation,28.0,0.0
C00409,pro,W07,2025-04-21,True,True,True,True,0.7725,quality_flag,15.8,180.66
C00410,free,W06,2025-03-01,False,False,False,,,,,0.0
C00410,free,W06,2025-04-12,False,False,False,,,,,0.0
C00410,free,W06,2025-02-15,True,True,True,True,0.901,diagnosis_suggestion,12.4,110.07
C00411,pro,W07,2025-03-16,False,False,False,,,,,0.0
C00411,pro,W07,2025-03-04,True,False,False,False,0.486,documentation_gap,,0.0
C00411,pro,W07,2025-03-07,True,True,False,True,0.6108,quality_flag,24.6,0.0
C00412,free,W05,2025-03-02,False,False,False,,,,,0.0
C00412,free,W05,2025-03-22,True,True,True,True,0.8702,documentation_gap,55.7,46.24
C00412,free,W05,2025-01-30,False,False,False,,,,,0.0
C00413,pro,W12,2025-05-06,True,True,True,True,0.7011,quality_flag,22.3,86.78
C00413,pro,W12,2025-05-10,True,True,True,True,0.6345,diagnosis_suggestion,24.9,31.81
C00413,pro,W12,2025-06-03,True,True,True,True,0.7103,diagnosis_suggestion,124.7,55.1
C00414,pro,W02,2025-02-15,True,False,False,False,0.4464,coding_recommendation,,0.0
C00414,pro,W02,2025-03-26,True,True,True,True,0.9376,quality_flag,19.9,72.78
C00414,pro,W02,2025-02-08,True,True,True,False,0.6292,diagnosis_suggestion,76.8,-22.41
C00414,pro,W02,2025-02-03,True,False,False,False,0.3,diagnosis_suggestion,,0.0
C00414,pro,W02,2025-03-11,True,True,True,True,0.9361,coding_recommendation,9.0,91.84
C00414,pro,W02,2025-03-08,True,True,True,True,0.9139,documentation_gap,27.6,41.36
C00414,pro,W02,2025-03-21,True,True,False,True,0.622,documentation_gap,20.7,0.0
C00414,pro,W02,2025-03-07,True,True,True,True,0.9485,quality_flag,10.9,35.66
C00414,pro,W02,2025-02-02,True,True,False,True,0.7467,quality_flag,41.0,0.0
C00414,pro,W02,2025-03-22,True,True,True,True,0.7686,diagnosis_suggestion,18.7,46.02
C00415,free,W05,2025-03-01,False,False,False,,,,,0.0
C00415,free,W05,2025-04-22,True,True,True,True,0.8193,coding_recommendation,14.5,22.94
C00415,free,W05,2025-02-24,False,False,False,,,,,0.0
C00416,free,W07,2025-03-20,False,False,False,,,,,0.0
C00416,free,W07,2025-04-21,True,True,False,True,0.6755,documentation_gap,16.9,0.0
C00416,free,W07,2025-02-20,False,False,False,,,,,0.0
C00417,basic,W01,2025-01-08,True,True,True,True,0.8422,quality_flag,32.7,44.74
C00417,basic,W01,2025-03-05,True,True,False,True,0.567,coding_recommendation,20.8,0.0
C00417,basic,W01,2025-03-24,True,True,False,True,0.8488,documentation_gap,58.5,0.0
C00417,basic,W01,2025-01-19,True,True,True,True,0.7425,diagnosis_suggestion,74.8,30.7
C00417,basic,W01,2025-01-11,True,True,True,True,0.8217,coding_recommendation,10.6,155.69
C00417,basic,W01,2025-03-05,False,False,False,,,,,0.0
C00418,free,W05,2025-03-06,True,False,False,False,0.3,quality_flag,,0.0
C00418,free,W05,2025-04-12,False,False,False,,,,,0.0
C00418,free,W05,2025-02-18,False,False,False,,,,,0.0
C00419,basic,W04,2025-02-10,True,True,True,False,0.6376,documentation_gap,37.4,-11.77
C00419,basic,W04,2025-01-28,True,True,True,True,0.8995,quality_flag,31.4,42.83
C00419,basic,W04,2025-04-01,True,True,False,True,0.8291,coding_recommendation,16.4,0.0
C00420,basic,W12,2025-04-30,False,False,False,,,,,0.0
C00420,basic,W12,2025-06-08,False,False,False,,,,,0.0
C00420,basic,W12,2025-04-14,True,True,False,True,0.8787,documentation_gap,16.0,0.0
C00421,free,W12,2025-04-01,False,False,False,,,,,0.0
C00421,free,W12,2025-04-25,False,False,False,,,,,0.0
C00421,free,W12,2025-04-27,True,True,True,True,0.896,coding_recommendation,21.4,33.78
C00422,basic,W07,2025-02-20,True,False,False,False,0.4757,diagnosis_suggestion,,0.0
C00422,basic,W07,2025-04-07,True,True,False,True,0.774,documentation_gap,20.9,0.0
C00422,basic,W07,2025-05-05,False,False,False,,,,,0.0
C00423,pro,W06,2025-04-20,True,True,True,True,0.7568,quality_flag,63.2,17.89
C00423,pro,W06,2025-04-27,True,True,True,True,0.6564,documentation_gap,52.3,34.78
C00423,pro,W06,2025-04-19,True,True,True,True,0.6925,coding_recommendation,17.6,111.84
C00424,basic,W07,2025-03-17,False,False,False,,,,,0.0
C00424,basic,W07,2025-04-20,True,True,True,True,0.9604,diagnosis_suggestion,16.2,120.74
C00424,basic,W07,2025-03-31,False,False,False,,,,,0.0
C00425,free,W04,2025-03-11,False,False,False,,,,,0.0
C00425,free,W04,2025-04-10,True,True,False,True,0.9712,diagnosis_suggestion,44.0,0.0
C00425,free,W04,2025-03-09,True,True,True,False,0.537,documentation_gap,22.5,-31.02
C00426,basic,W05,2025-03-16,True,True,True,True,0.6671,coding_recommendation,46.5,68.26
C00426,basic,W05,2025-03-04,True,False,False,False,0.4711,diagnosis_suggestion,,0.0
C00426,basic,W05,2025-03-05,True,True,True,True,0.6899,coding_recommendation,12.7,127.13
C00427,basic,W08,2025-03-20,True,True,False,True,0.7461,coding_recommendation,16.8,0.0
C00427,basic,W08,2025-03-29,True,True,False,True,0.8296,quality_flag,10.2,0.0
C00427,basic,W08,2025-04-10,False,False,False,,,,,0.0
C00428,free,W03,2025-01-29,True,True,True,True,0.878,diagnosis_suggestion,5.7,95.55
C00428,free,W03,2025-01-16,True,True,True,True,0.7533,quality_flag,6.5,108.82
C00428,free,W03,2025-03-19,False,False,False,,,,,0.0
C00429,pro,W04,2025-02-21,False,False,False,,,,,0.0
C00429,pro,W04,2025-01-25,False,False,False,,,,,0.0
C00429,pro,W04,2025-03-18,True,True,False,True,0.8536,documentation_gap,19.5,0.0
C00430,free,W11,2025-03-18,False,False,False,,,,,0.0
C00430,free,W11,2025-05-10,False,False,False,,,,,0.0
C00430,free,W11,2025-04-23,True,True,True,True,0.5701,diagnosis_suggestion,45.3,27.03
C00430,free,W11,2025-05-17,True,True,False,True,0.725,quality_flag,24.7,0.0
C00431,basic,W10,2025-04-11,True,True,True,True,0.8793,documentation_gap,16.8,134.03
C00431,basic,W10,2025-04-02,True,True,True,True,0.7858,coding_recommendation,21.1,73.78
C00431,basic,W10,2025-05-19,True,True,False,False,0.5176,coding_recommendation,16.8,0.0
C00432,free,W12,2025-05-02,False,False,False,,,,,0.0
C00432,free,W12,2025-05-08,True,True,False,True,0.8654,documentation_gap,23.3,0.0
C00432,free,W12,2025-03-22,True,True,True,True,0.7833,coding_recommendation,27.4,79.47
C00433,free,W06,2025-03-17,False,False,False,,,,,0.0
C00433,free,W06,2025-02-22,True,True,True,True,0.9367,quality_flag,44.4,17.64
C00433,free,W06,2025-03-16,True,False,False,False,0.388,quality_flag,,0.0
C00434,free,W07,2025-03-12,False,False,False,,,,,0.0
C00434,free,W07,2025-04-29,True,True,False,True,0.7695,documentation_gap,10.5,0.0
C00434,free,W07,2025-03-10,False,False,False,,,,,0.0
C00435,basic,W10,2025-04-09,True,True,True,True,0.7638,coding_recommendation,32.3,37.79
C00435,basic,W10,2025-03-14,False,False,False,,,,,0.0
C00435,basic,W10,2025-03-21,True,False,False,False,0.4355,coding_recommendation,,0.0
C00436,free,W09,2025-04-22,True,True,False,True,0.5224,diagnosis_suggestion,42.0,0.0
C00436,free,W09,2025-03-25,False,False,False,,,,,0.0
C00436,free,W09,2025-03-15,False,False,False,,,,,0.0
C00437,basic,W05,2025-02-10,True,True,True,False,0.6152,diagnosis_suggestion,22.5,-15.98
C00437,basic,W05,2025-04-09,True,True,True,True,0.8222,quality_flag,16.4,62.71
C00437,basic,W05,2025-02-24,True,True,True,True,0.9705,coding_recommendation,16.9,69.41
C00437,basic,W05,2025-04-12,False,False,False,,,,,0.0
C00438,free,W03,2025-03-06,True,True,True,True,0.8084,diagnosis_suggestion,76.8,89.44
C00438,free,W03,2025-04-06,True,True,False,True,0.669,documentation_gap,27.0,0.0
C00438,free,W03,2025-01-27,True,True,False,True,0.6516,diagnosis_suggestion,22.8,0.0
C00439,free,W05,2025-03-10,True,True,True,True,0.8285,coding_recommendation,49.2,58.47
C00439,free,W05,2025-02-23,False,False,False,,,,,0.0
C00439,free,W05,2025-04-04,True,True,True,False,0.5572,coding_recommendation,13.0,-13.21
C00440,basic,W02,2025-03-14,True,True,False,True,0.7696,coding_recommendation,8.3,0.0
C00440,basic,W02,2025-02-01,True,True,True,True,0.8302,diagnosis_suggestion,24.9,63.47
C00440,basic,W02,2025-01-13,False,False,False,,,,,0.0
C00441,free,W08,2025-03-24,True,True,True,True,0.7893,coding_recommendation,31.3,187.25
C00441,free,W08,2025-04-30,False,False,False,,,,,0.0
C00441,free,W08,2025-02-20,True,True,True,True,0.8307,quality_flag,14.5,89.41
C00442,pro,W04,2025-03-06,True,True,True,True,0.8396,documentation_gap,28.3,99.12
C00442,pro,W04,2025-01-23,True,True,True,True,0.8539,coding_recommendation,24.7,27.9
C00442,pro,W04,2025-03-23,True,True,True,True,0.8956,coding_recommendation,24.0,32.86
C00443,free,W09,2025-05-09,True,True,False,True,0.9542,documentation_gap,40.0,0.0
C00443,free,W09,2025-05-02,True,True,True,True,0.6811,quality_flag,13.1,29.44
C00443,free,W09,2025-05-05,True,True,True,True,0.8606,coding_recommendation,18.7,60.24
C00444,pro,W03,2025-02-06,True,False,False,False,0.4561,documentation_gap,,0.0
C00444,pro,W03,2025-02-19,True,True,True,True,0.6308,documentation_gap,3.9,12.34
C00444,pro,W03,2025-03-24,True,True,True,True,0.8119,coding_recommendation,9.3,69.07
C00445,basic,W07,2025-05-02,True,True,False,True,0.6539,documentation_gap,16.6,0.0
C00445,basic,W07,2025-02-14,True,True,True,True,0.6632,coding_recommendation,12.6,133.28
C00445,basic,W07,2025-04-17,False,False,False,,,,,0.0
C00446,basic,W03,2025-02-18,True,True,True,True,0.8216,diagnosis_suggestion,4.8,43.29
C00446,basic,W03,2025-03-17,True,True,False,True,0.6654,coding_recommendation,4.1,0.0
C00446,basic,W03,2025-03-19,True,True,True,True,0.7555,coding_recommendation,10.2,33.3
C00447,pro,W11,2025-04-01,True,True,True,True,0.8568,documentation_gap,6.2,74.77
C00447,pro,W11,2025-04-30,True,True,False,True,0.6515,quality_flag,65.5,0.0
C00447,pro,W11,2025-03-23,True,True,True,True,0.7603,diagnosis_suggestion,17.1,127.46
C00448,free,W12,2025-04-02,False,False,False,,,,,0.0
C00448,free,W12,2025-05-04,True,True,True,True,0.8511,quality_flag,25.0,76.68
C00448,free,W12,2025-05-26,False,False,False,,,,,0.0
C00449,free,W04,2025-02-16,True,True,True,True,0.6856,coding_recommendation,36.5,59.97
C00449,free,W04,2025-03-18,False,False,False,,,,,0.0
C00449,free,W04,2025-03-03,True,False,False,False,0.4818,documentation_gap,,0.0
C00450,pro,W02,2025-01-19,True,True,True,True,0.8216,coding_recommendation,9.9,41.81
C00450,pro,W02,2025-02-12,True,True,True,False,0.6403,diagnosis_suggestion,37.2,-42.65
C00450,pro,W02,2025-02-08,True,True,True,True,0.6101,coding_recommendation,25.1,20.58
C00451,free,W06,2025-04-28,True,True,True,True,0.8396,documentation_gap,102.5,47.8
C00451,free,W06,2025-03-23,True,True,False,True,0.7019,diagnosis_suggestion,35.1,0.0
C00451,free,W06,2025-02-09,True,True,True,True,0.72,coding_recommendation,30.3,27.56
C00452,free,W05,2025-02-14,False,False,False,,,,,0.0
C00452,free,W05,2025-01-30,True,True,True,True,0.8743,documentation_gap,8.2,79.49
C00452,free,W05,2025-02-14,True,True,True,False,0.6905,diagnosis_suggestion,17.8,-20.43
C00452,free,W05,2025-03-04,False,False,False,,,,,0.0
C00452,free,W05,2025-03-14,True,True,True,True,0.8437,documentation_gap,122.3,55.43
C00452,free,W05,2025-03-13,False,False,False,,,,,0.0
C00452,free,W05,2025-02-26,True,True,True,True,0.7804,coding_recommendation,26.7,52.1
C00453,free,W12,2025-05-03,True,True,True,True,0.9047,quality_flag,206.7,25.37
C00453,free,W12,2025-05-23,False,False,False,,,,,0.0
C00453,free,W12,2025-05-01,True,False,False,False,0.3501,quality_flag,,0.0
C00454,free,W10,2025-05-18,True,True,False,True,0.7201,coding_recommendation,45.8,0.0
C00454,free,W10,2025-05-18,False,False,False,,,,,0.0
C00454,free,W10,2025-05-25,False,False,False,,,,,0.0
C00455,basic,W10,2025-05-15,True,True,True,True,0.7687,documentation_gap,34.3,51.05
C00455,basic,W10,2025-04-04,True,True,True,True,0.8246,coding_recommendation,54.4,25.41
C00455,basic,W10,2025-04-20,True,True,False,True,0.8833,documentation_gap,9.8,0.0
C00456,basic,W04,2025-04-06,True,True,False,True,0.9292,quality_flag,39.3,0.0
C00456,basic,W04,2025-04-07,True,False,False,False,0.3731,documentation_gap,,0.0
C00456,basic,W04,2025-03-24,True,True,False,True,0.8578,diagnosis_suggestion,15.6,0.0
C00457,free,W04,2025-03-24,True,True,False,True,0.8535,diagnosis_suggestion,32.9,0.0
C00457,free,W04,2025-03-01,True,False,False,False,0.3847,quality_flag,,0.0
C00457,free,W04,2025-03-21,False,False,False,,,,,0.0
C00458,free,W01,2025-01-04,False,False,False,,,,,0.0
C00458,free,W01,2025-01-02,False,False,False,,,,,0.0
C00458,free,W01,2025-01-31,True,True,False,True,0.8467,documentation_gap,44.8,0.0
C00459,basic,W12,2025-06-09,True,False,False,False,0.4831,diagnosis_suggestion,,0.0
C00459,basic,W12,2025-04-04,True,True,True,True,0.9571,documentation_gap,4.6,70.53
C00459,basic,W12,2025-05-11,False,False,False,,,,,0.0
C00460,free,W03,2025-03-09,False,False,False,,,,,0.0
C00460,free,W03,2025-03-26,True,True,False,True,0.8714,documentation_gap,20.8,0.0
C00460,free,W03,2025-04-08,False,False,False,,,,,0.0
C00461,free,W05,2025-03-19,True,True,True,True,0.6778,coding_recommendation,19.1,62.15
C00461,free,W05,2025-03-21,False,False,False,,,,,0.0
C00461,free,W05,2025-04-15,False,False,False,,,,,0.0
C00462,free,W02,2025-03-21,True,True,False,True,0.7708,diagnosis_suggestion,19.5,0.0
C00462,free,W02,2025-02-17,False,False,False,,,,,0.0
C00462,free,W02,2025-01-27,True,True,True,True,0.9062,diagnosis_suggestion,73.6,41.66
C00463,pro,W07,2025-02-28,True,True,True,True,0.5369,diagnosis_suggestion,16.9,59.42
C00463,pro,W07,2025-03-20,True,True,False,True,0.6239,diagnosis_suggestion,20.9,0.0
C00463,pro,W07,2025-02-17,True,True,True,True,0.8451,coding_recommendation,6.7,157.42
C00464,free,W03,2025-04-03,True,True,False,False,0.6085,coding_recommendation,22.5,0.0
C00464,free,W03,2025-03-20,True,True,True,True,0.9473,documentation_gap,11.3,58.62
C00464,free,W03,2025-03-01,True,True,False,True,0.9031,documentation_gap,14.4,0.0
C00465,free,W11,2025-04-13,False,False,False,,,,,0.0
C00465,free,W11,2025-03-30,False,False,False,,,,,0.0
C00465,free,W11,2025-05-14,True,True,True,True,0.7743,diagnosis_suggestion,52.4,55.07
C00466,basic,W08,2025-05-10,False,False,False,,,,,0.0
C00466,basic,W08,2025-04-30,True,True,True,True,0.9894,coding_recommendation,22.0,314.26
C00466,basic,W08,2025-04-02,False,False,False,,,,,0.0
C00467,free,W02,2025-03-19,True,True,True,False,0.6165,coding_recommendation,13.9,-7.66
C00467,free,W02,2025-03-19,True,True,True,True,0.7675,diagnosis_suggestion,23.2,144.01
C00467,free,W02,2025-01-30,True,True,True,True,0.6354,documentation_gap,42.7,65.17
C00468,basic,W08,2025-03-28,True,True,True,True,0.8056,diagnosis_suggestion,16.3,77.67
C00468,basic,W08,2025-04-16,True,True,True,True,0.8397,documentation_gap,9.4,30.07
C00468,basic,W08,2025-04-18,True,True,False,False,0.6132,quality_flag,12.3,0.0
C00468,basic,W08,2025-05-03,True,True,True,True,0.9591,quality_flag,8.4,36.21
C00468,basic,W08,2025-04-21,True,True,False,True,0.7042,quality_flag,34.1,0.0
C00468,basic,W08,2025-05-08,True,True,True,True,0.8653,quality_flag,8.1,51.57
C00468,basic,W08,2025-04-07,True,True,True,True,0.5,quality_flag,11.9,29.53
C00468,basic,W08,2025-03-06,True,True,True,True,0.5131,coding_recommendation,13.2,20.62
C00469,free,W05,2025-02-23,False,False,False,,,,,0.0
C00469,free,W05,2025-03-17,True,True,True,True,0.7309,diagnosis_suggestion,2.1,67.53
C00469,free,W05,2025-03-30,True,True,True,False,0.7383,coding_recommendation,10.0,-9.61
C00470,basic,W09,2025-05-08,False,False,False,,,,,0.0
C00470,basic,W09,2025-04-07,False,False,False,,,,,0.0
C00470,basic,W09,2025-03-18,True,True,False,True,0.6216,coding_recommendation,22.7,0.0
C00471,free,W09,2025-03-11,False,False,False,,,,,0.0
C00471,free,W09,2025-04-03,True,True,True,True,0.6794,quality_flag,8.1,35.48
C00471,free,W09,2025-03-02,True,True,False,True,0.7883,diagnosis_suggestion,13.6,0.0
C00472,basic,W06,2025-03-31,False,False,False,,,,,0.0
C00472,basic,W06,2025-02-20,False,False,False,,,,,0.0
C00472,basic,W06,2025-02-15,True,True,False,True,0.6588,quality_flag,39.2,0.0
C00473,pro,W11,2025-05-29,True,True,False,True,0.8176,diagnosis_suggestion,10.1,0.0
C00473,pro,W11,2025-05-29,True,True,False,True,0.7585,documentation_gap,25.2,0.0
C00473,pro,W11,2025-04-12,True,False,False,False,0.3087,documentation_gap,,0.0
C00474,basic,W03,2025-01-30,False,False,False,,,,,0.0
C00474,basic,W03,2025-03-06,False,False,False,,,,,0.0
C00474,basic,W03,2025-01-29,True,True,True,False,0.733,documentation_gap,13.9,-27.07
C00475,free,W12,2025-05-08,True,True,True,True,0.7985,diagnosis_suggestion,27.9,86.61
C00475,free,W12,2025-05-09,True,True,True,True,0.7937,diagnosis_suggestion,16.9,62.86
C00475,free,W12,2025-04-25,False,False,False,,,,,0.0
C00476,free,W01,2025-03-19,True,True,True,True,0.6522,diagnosis_suggestion,61.8,63.25
C00476,free,W01,2025-02-19,True,False,False,False,0.4929,documentation_gap,,0.0
C00476,free,W01,2025-03-19,True,True,True,True,0.7962,diagnosis_suggestion,23.4,61.86
C00477,pro,W01,2025-01-07,False,False,False,,,,,0.0
C00477,pro,W01,2025-02-03,True,True,False,True,0.7456,quality_flag,15.8,0.0
C00477,pro,W01,2025-01-05,False,False,False,,,,,0.0
C00478,basic,W05,2025-03-26,True,True,False,True,0.7264,diagnosis_suggestion,11.1,0.0
C00478,basic,W05,2025-04-06,True,True,True,True,0.7807,documentation_gap,51.4,194.34
C00478,basic,W05,2025-03-06,True,True,True,True,0.7335,coding_recommendation,30.1,53.96
C00478,basic,W05,2025-02-10,True,True,True,True,0.6333,quality_flag,14.2,22.49
C00478,basic,W05,2025-04-12,True,True,True,True,0.6564,documentation_gap,18.1,23.43
C00479,basic,W12,2025-03-31,True,True,True,True,0.9419,coding_recommendation,19.6,27.99
C00479,basic,W12,2025-03-28,True,True,True,True,0.876,documentation_gap,3.3,27.8
C00479,basic,W12,2025-03-22,False,False,False,,,,,0.0
C00480,free,W10,2025-03-20,True,True,True,True,0.7518,documentation_gap,69.8,95.56
C00480,free,W10,2025-04-13,False,False,False,,,,,0.0
C00480,free,W10,2025-04-20,False,False,False,,,,,0.0
C00480,free,W10,2025-04-25,False,False,False,,,,,0.0
C00480,free,W10,2025-04-27,False,False,False,,,,,0.0
C00480,free,W10,2025-05-01,True,True,True,True,0.8329,coding_recommendation,33.0,23.2
C00481,free,W02,2025-03-22,True,True,True,True,0.8633,diagnosis_suggestion,18.3,98.41
C00481,free,W02,2025-03-28,False,False,False,,,,,0.0
C00481,free,W02,2025-03-19,False,False,False,,,,,0.0
C00481,free,W02,2025-03-15,True,True,True,True,0.6347,quality_flag,11.4,62.54
C00481,free,W02,2025-02-01,True,True,True,True,0.8034,diagnosis_suggestion,22.6,30.65
C00482,free,W10,2025-05-10,True,True,True,True,0.7647,diagnosis_suggestion,11.8,101.62
C00482,free,W10,2025-04-13,False,False,False,,,,,0.0
C00482,free,W10,2025-03-23,True,False,False,False,0.3684,diagnosis_suggestion,,0.0
C00483,free,W09,2025-05-03,False,False,False,,,,,0.0
C00483,free,W09,2025-03-13,False,False,False,,,,,0.0
C00483,free,W09,2025-05-06,True,False,False,False,0.4761,diagnosis_suggestion,,0.0
C00484,pro,W03,2025-04-08,True,True,True,True,0.8694,diagnosis_suggestion,44.5,39.63
C00484,pro,W03,2025-02-23,True,True,False,True,0.6322,coding_recommendation,25.4,0.0
C00484,pro,W03,2025-03-20,True,False,False,False,0.3,coding_recommendation,,0.0
C00485,free,W04,2025-01-23,True,True,False,True,0.5518,coding_recommendation,9.3,0.0
C00485,free,W04,2025-02-12,True,True,True,True,0.8094,coding_recommendation,19.6,74.79
C00485,free,W04,2025-02-01,True,True,True,True,0.8286,diagnosis_suggestion,26.2,26.43
C00486,free,W10,2025-04-15,False,False,False,,,,,0.0
C00486,free,W10,2025-03-15,True,True,True,True,0.7763,diagnosis_suggestion,3.0,35.14
C00486,free,W10,2025-05-01,False,False,False,,,,,0.0
C00486,free,W10,2025-04-07,False,False,False,,,,,0.0
C00487,basic,W10,2025-05-13,True,True,True,True,0.926,documentation_gap,27.6,35.04
C00487,basic,W10,2025-04-18,True,True,False,True,0.8294,diagnosis_suggestion,2.7,0.0
C00487,basic,W10,2025-03-29,True,False,False,False,0.4541,coding_recommendation,,0.0
C00488,basic,W02,2025-03-14,True,True,True,True,0.9095,documentation_gap,17.8,67.34
C00488,basic,W02,2025-02-16,True,True,True,True,0.8013,coding_recommendation,32.1,105.21
C00488,basic,W02,2025-02-01,False,False,False,,,,,0.0
C00489,free,W02,2025-03-07,False,False,False,,,,,0.0
C00489,free,W02,2025-01-18,False,False,False,,,,,0.0
C00489,free,W02,2025-01-18,True,True,False,False,0.5844,diagnosis_suggestion,54.5,0.0
C00490,free,W03,2025-02-03,False,False,False,,,,,0.0
C00490,free,W03,2025-01-26,False,False,False,,,,,0.0
C00490,free,W03,2025-03-30,True,False,False,False,0.4791,diagnosis_suggestion,,0.0
C00490,free,W03,2025-01-19,True,True,False,True,0.6961,quality_flag,4.9,0.0
C00490,free,W03,2025-01-20,False,False,False,,,,,0.0
C00491,pro,W11,2025-03-27,True,True,True,True,0.9099,quality_flag,16.2,105.98
C00491,pro,W11,2025-06-03,True,False,False,False,0.3,documentation_gap,,0.0
C00491,pro,W11,2025-04-03,True,False,False,False,0.3117,quality_flag,,0.0
C00492,basic,W06,2025-03-20,True,True,True,True,0.8478,coding_recommendation,24.0,47.51
C00492,basic,W06,2025-02-26,True,False,False,False,0.4552,documentation_gap,,0.0
C00492,basic,W06,2025-04-18,True,False,False,False,0.3,diagnosis_suggestion,,0.0
C00493,basic,W07,2025-03-24,False,False,False,,,,,0.0
C00493,basic,W07,2025-04-29,True,True,True,True,0.8135,diagnosis_suggestion,26.6,65.71
C00493,basic,W07,2025-03-13,True,True,True,True,0.6341,diagnosis_suggestion,15.5,132.25
C00494,free,W05,2025-03-14,True,True,True,True,0.9026,coding_recommendation,23.5,26.94
C00494,free,W05,2025-03-19,True,True,False,False,0.7134,quality_flag,52.9,0.0
C00494,free,W05,2025-03-13,True,True,True,True,0.9167,diagnosis_suggestion,31.5,48.46
C00495,free,W08,2025-04-09,True,True,True,True,0.6924,coding_recommendation,17.2,24.44
C00495,free,W08,2025-03-14,True,True,False,True,0.7553,quality_flag,29.7,0.0
C00495,free,W08,2025-04-17,False,False,False,,,,,0.0
C00496,free,W01,2025-03-03,True,True,False,True,0.8443,diagnosis_suggestion,4.9,0.0
C00496,free,W01,2025-03-11,False,False,False,,,,,0.0
C00496,free,W01,2025-01-16,False,False,False,,,,,0.0
C00497,free,W02,2025-02-04,True,True,False,True,0.5267,diagnosis_suggestion,41.9,0.0
C00497,free,W02,2025-03-04,True,True,True,True,0.9544,coding_recommendation,2.8,42.88
C00497,free,W02,2025-02-24,True,True,False,True,0.6659,diagnosis_suggestion,2.0,0.0
C00498,basic,W05,2025-02-11,True,False,False,False,0.3731,quality_flag,,0.0
C00498,basic,W05,2025-03-20,False,False,False,,,,,0.0
C00498,basic,W05,2025-01-30,True,True,True,True,0.7785,documentation_gap,18.2,59.29
C00499,free,W01,2025-01-03,False,False,False,,,,,0.0
C00499,free,W01,2025-03-10,False,False,False,,,,,0.0
C00499,free,W01,2025-03-15,True,True,False,True,0.8446,documentation_gap,37.8,0.0
C00500,pro,W11,2025-06-01,True,True,True,True,0.6761,documentation_gap,11.3,87.33
C00500,pro,W11,2025-04-20,False,False,False,,,,,0.0
C00500,pro,W11,2025-05-15,True,True,True,True,0.7483,documentation_gap,18.1,80.25
C00501,pro,W10,2025-03-11,True,True,True,True,0.6862,diagnosis_suggestion,2.2,46.68
C00501,pro,W10,2025-03-13,True,True,False,True,0.8133,quality_flag,4.9,0.0
C00501,pro,W10,2025-05-15,True,True,False,True,0.5885,coding_recommendation,56.7,0.0
C00502,free,W07,2025-03-09,False,False,False,,,,,0.0
C00502,free,W07,2025-02-24,True,True,True,True,0.6544,documentation_gap,18.5,45.48
C00502,free,W07,2025-03-19,True,True,False,True,0.9013,documentation_gap,13.1,0.0
C00503,basic,W03,2025-03-09,True,True,False,True,0.9275,diagnosis_suggestion,38.0,0.0
C00503,basic,W03,2025-02-02,True,False,False,False,0.3,coding_recommendation,,0.0
C00503,basic,W03,2025-01-22,True,True,True,True,0.8556,coding_recommendation,15.2,39.88
C00503,basic,W03,2025-02-20,False,False,False,,,,,0.0
C00503,basic,W03,2025-03-16,True,True,False,True,0.7204,quality_flag,17.2,0.0
C00503,basic,W03,2025-02-18,True,True,False,True,0.8988,diagnosis_suggestion,11.3,0.0
C00503,basic,W03,2025-01-30,True,False,False,False,0.3563,documentation_gap,,0.0
C00503,basic,W03,2025-02-06,True,True,False,True,0.8413,diagnosis_suggestion,41.5,0.0
C00504,free,W06,2025-04-29,False,False,False,,,,,0.0
C00504,free,W06,2025-04-26,False,False,False,,,,,0.0
C00504,free,W06,2025-04-19,False,False,False,,,,,0.0
C00505,free,W10,2025-04-17,False,False,False,,,,,0.0
C00505,free,W10,2025-05-13,False,False,False,,,,,0.0
C00505,free,W10,2025-04-30,True,True,False,True,0.9665,coding_recommendation,35.5,0.0
C00506,basic,W11,2025-05-05,True,True,False,True,0.9028,coding_recommendation,11.6,0.0
C00506,basic,W11,2025-04-25,True,True,False,True,0.8462,coding_recommendation,58.9,0.0
C00506,basic,W11,2025-03-30,True,True,False,True,0.6988,diagnosis_suggestion,99.0,0.0
C00507,basic,W07,2025-04-17,True,True,False,True,0.6893,diagnosis_suggestion,9.9,0.0
C00507,basic,W07,2025-03-11,True,True,True,True,0.6565,quality_flag,32.1,56.49
C00507,basic,W07,2025-02-26,True,False,False,False,0.4985,coding_recommendation,,0.0
C00508,pro,W05,2025-04-20,True,True,True,True,0.8821,quality_flag,30.6,13.03
C00508,pro,W05,2025-04-20,True,True,True,True,0.906,coding_recommendation,13.6,51.39
C00508,pro,W05,2025-02-15,True,False,False,False,0.3084,documentation_gap,,0.0
C00509,pro,W07,2025-03-21,True,True,True,True,0.8148,documentation_gap,45.1,51.95
C00509,pro,W07,2025-05-01,True,False,False,False,0.4141,diagnosis_suggestion,,0.0
C00509,pro,W07,2025-03-25,True,True,True,False,0.6988,documentation_gap,3.5,-19.52
C00510,basic,W11,2025-05-20,True,True,True,True,0.8901,diagnosis_suggestion,14.7,89.6
C00510,basic,W11,2025-05-01,True,True,True,True,0.8478,diagnosis_suggestion,7.0,102.66
C00510,basic,W11,2025-05-14,False,False,False,,,,,0.0
C00511,free,W03,2025-02-18,True,True,True,True,0.7891,diagnosis_suggestion,17.3,116.92
C00511,free,W03,2025-04-07,False,False,False,,,,,0.0
C00511,free,W03,2025-03-20,True,True,True,True,0.7404,diagnosis_suggestion,20.3,66.81
C00511,free,W03,2025-02-02,True,True,False,True,0.8199,diagnosis_suggestion,26.6,0.0
C00512,basic,W08,2025-05-13,False,False,False,,,,,0.0
C00512,basic,W08,2025-04-06,True,False,False,False,0.3698,coding_recommendation,,0.0
C00512,basic,W08,2025-05-01,False,False,False,,,,,0.0
C00513,free,W07,2025-03-27,False,False,False,,,,,0.0
C00513,free,W07,2025-03-16,False,False,False,,,,,0.0
C00513,free,W07,2025-04-09,False,False,False,,,,,0.0
C00514,free,W04,2025-04-06,True,True,True,True,0.6812,documentation_gap,19.8,51.7
C00514,free,W04,2025-02-18,True,True,False,True,0.8386,coding_recommendation,27.5,0.0
C00514,free,W04,2025-02-06,True,True,False,True,0.7181,diagnosis_suggestion,55.8,0.0
C00515,free,W07,2025-04-04,False,False,False,,,,,0.0
C00515,free,W07,2025-03-29,True,True,False,True,0.8695,coding_recommendation,92.2,0.0
C00515,free,W07,2025-03-02,False,False,False,,,,,0.0
C00516,basic,W10,2025-05-10,True,True,True,True,0.9301,quality_flag,19.6,12.46
C00516,basic,W10,2025-03-14,False,False,False,,,,,0.0
C00516,basic,W10,2025-03-19,True,True,True,True,0.5974,coding_recommendation,12.5,66.5
C00517,basic,W12,2025-04-17,False,False,False,,,,,0.0
C00517,basic,W12,2025-06-07,True,True,True,True,0.8954,diagnosis_suggestion,15.7,30.55
C00517,basic,W12,2025-05-12,False,False,False,,,,,0.0
C00518,free,W11,2025-04-26,False,False,False,,,,,0.0
C00518,free,W11,2025-05-27,True,True,True,True,0.7296,documentation_gap,4.6,73.1
C00518,free,W11,2025-03-23,False,False,False,,,,,0.0
C00519,free,W05,2025-02-13,True,True,False,True,0.8868,quality_flag,34.1,0.0
C00519,free,W05,2025-04-17,False,False,False,,,,,0.0
C00519,free,W05,2025-02-08,True,True,False,True,0.8554,documentation_gap,15.9,0.0
C00520,basic,W10,2025-04-10,True,True,True,True,0.8553,coding_recommendation,21.7,138.85
C00520,basic,W10,2025-05-04,True,True,False,True,0.8701,coding_recommendation,67.2,0.0
C00520,basic,W10,2025-05-06,True,True,False,True,0.8341,documentation_gap,108.1,0.0
C00521,free,W05,2025-04-16,True,True,True,True,0.7804,coding_recommendation,14.9,25.81
C00521,free,W05,2025-04-20,False,False,False,,,,,0.0
C00521,free,W05,2025-04-17,True,True,False,True,0.6127,documentation_gap,18.6,0.0
C00522,pro,W03,2025-03-05,True,True,True,True,0.6971,documentation_gap,15.0,28.15
C00522,pro,W03,2025-01-26,True,True,False,True,0.7912,documentation_gap,60.5,0.0
C00522,pro,W03,2025-03-14,True,True,True,True,0.7083,coding_recommendation,28.3,22.79
C00523,basic,W07,2025-03-14,False,False,False,,,,,0.0
C00523,basic,W07,2025-04-02,True,True,False,False,0.5081,documentation_gap,99.6,0.0
C00523,basic,W07,2025-04-23,True,True,False,True,0.6875,documentation_gap,41.5,0.0
C00523,basic,W07,2025-02-22,True,True,True,True,0.8849,documentation_gap,13.5,75.13
C00524,basic,W04,2025-02-26,False,False,False,,,,,0.0
C00524,basic,W04,2025-02-27,True,False,False,False,0.4633,coding_recommendation,,0.0
C00524,basic,W04,2025-01-28,True,True,True,True,0.7847,documentation_gap,40.4,78.68
C00525,pro,W07,2025-02-14,True,True,True,True,0.8638,coding_recommendation,12.4,114.58
C00525,pro,W07,2025-03-27,True,False,False,False,0.41,quality_flag,,0.0
C00525,pro,W07,2025-03-22,True,True,True,True,0.925,coding_recommendation,14.4,102.42
C00526,pro,W07,2025-02-28,True,True,True,True,0.8821,diagnosis_suggestion,27.8,40.44
C00526,pro,W07,2025-04-02,True,False,False,False,0.4128,coding_recommendation,,0.0
C00526,pro,W07,2025-04-26,True,True,True,True,0.6069,diagnosis_suggestion,20.1,55.73
C00527,free,W10,2025-03-08,False,False,False,,,,,0.0
C00527,free,W10,2025-04-19,True,True,True,True,0.6412,coding_recommendation,16.0,139.86
C00527,free,W10,2025-05-08,False,False,False,,,,,0.0
C00528,free,W04,2025-04-10,False,False,False,,,,,0.0
C00528,free,W04,2025-02-10,True,False,False,False,0.3,diagnosis_suggestion,,0.0
C00528,free,W04,2025-03-04,False,False,False,,,,,0.0
C00529,free,W02,2025-01-14,True,True,True,True,0.9638,coding_recommendation,48.4,51.6
C00529,free,W02,2025-02-19,False,False,False,,,,,0.0
C00529,free,W02,2025-01-24,False,False,False,,,,,0.0
C00530,basic,W06,2025-04-15,True,True,True,True,0.9576,coding_recommendation,23.4,84.87
C00530,basic,W06,2025-03-09,True,True,True,False,0.8914,diagnosis_suggestion,33.1,-45.54
C00530,basic,W06,2025-03-14,True,True,True,True,0.7882,coding_recommendation,12.2,70.22
C00531,pro,W06,2025-03-13,True,True,True,True,0.8457,quality_flag,9.0,66.52
C00531,pro,W06,2025-04-24,True,True,True,True,0.7823,documentation_gap,15.1,184.69
C00531,pro,W06,2025-02-15,True,True,True,True,0.7677,documentation_gap,11.9,194.9
C00532,pro,W05,2025-03-11,True,True,False,True,0.7871,diagnosis_suggestion,80.3,0.0
C00532,pro,W05,2025-04-03,True,False,False,False,0.3,quality_flag,,0.0
C00532,pro,W05,2025-02-02,True,True,True,True,0.5,quality_flag,25.6,40.65
C00533,basic,W01,2025-01-23,False,False,False,,,,,0.0
C00533,basic,W01,2025-03-18,True,True,False,False,0.6403,coding_recommendation,12.7,0.0
C00533,basic,W01,2025-02-05,True,True,False,False,0.5219,coding_recommendation,20.4,0.0
C00534,pro,W02,2025-02-27,True,True,True,True,0.9842,coding_recommendation,64.8,67.52
C00534,pro,W02,2025-01-22,True,False,False,False,0.3126,diagnosis_suggestion,,0.0
C00534,pro,W02,2025-02-20,True,True,True,True,0.8146,diagnosis_suggestion,69.1,68.79
C00535,basic,W07,2025-05-05,True,True,False,True,0.7122,diagnosis_suggestion,6.7,0.0
C00535,basic,W07,2025-03-29,True,True,False,True,0.7741,diagnosis_suggestion,13.2,0.0
C00535,basic,W07,2025-04-29,True,False,False,False,0.3,diagnosis_suggestion,,0.0
C00535,basic,W07,2025-03-04,True,True,False,False,0.7316,diagnosis_suggestion,9.4,0.0
C00535,basic,W07,2025-04-05,False,False,False,,,,,0.0
C00535,basic,W07,2025-03-22,True,True,False,True,0.9804,quality_flag,5.7,0.0
C00535,basic,W07,2025-02-25,True,True,True,False,0.8135,coding_recommendation,39.5,-27.36
C00536,basic,W03,2025-03-21,True,False,False,False,0.3,documentation_gap,,0.0
C00536,basic,W03,2025-03-09,True,True,True,True,0.8577,documentation_gap,18.9,119.5
C00536,basic,W03,2025-02-24,True,True,False,True,0.544,quality_flag,3.1,0.0
C00536,basic,W03,2025-03-16,False,False,False,,,,,0.0
C00536,basic,W03,2025-02-13,False,False,False,,,,,0.0
C00537,basic,W07,2025-04-11,True,True,False,True,0.7832,documentation_gap,5.8,0.0
C00537,basic,W07,2025-04-07,True,True,True,True,0.7729,coding_recommendation,15.3,73.53
C00537,basic,W07,2025-04-15,True,False,False,False,0.4449,quality_flag,,0.0
C00538,pro,W02,2025-01-12,False,False,False,,,,,0.0
C00538,pro,W02,2025-02-26,True,True,True,True,0.9233,documentation_gap,19.2,87.73
C00538,pro,W02,2025-02-24,True,True,False,True,0.8638,documentation_gap,35.4,0.0
C00539,basic,W11,2025-05-25,True,True,True,True,0.8459,coding_recommendation,48.9,72.11
C00539,basic,W11,2025-04-21,True,True,False,True,0.6244,diagnosis_suggestion,30.8,0.0
C00539,basic,W11,2025-03-13,False,False,False,,,,,0.0
C00540,pro,W09,2025-04-22,True,True,True,True,0.8712,coding_recommendation,4.3,29.44
C00540,pro,W09,2025-04-11,True,True,True,True,0.8541,diagnosis_suggestion,9.7,98.89
C00540,pro,W09,2025-03-24,True,True,True,True,0.7103,documentation_gap,14.2,12.23
C00540,pro,W09,2025-03-25,True,True,True,True,0.8209,coding_recommendation,14.4,83.35
C00541,basic,W09,2025-04-17,False,False,False,,,,,0.0
C00541,basic,W09,2025-04-04,True,True,True,True,0.9364,documentation_gap,4.3,44.8
C00541,basic,W09,2025-03-28,True,True,False,True,0.7859,coding_recommendation,7.3,0.0
C00542,free,W05,2025-02-22,False,False,False,,,,,0.0
C00542,free,W05,2025-03-23,False,False,False,,,,,0.0
C00542,free,W05,2025-03-22,False,False,False,,,,,0.0
C00543,basic,W05,2025-02-02,False,False,False,,,,,0.0
C00543,basic,W05,2025-03-21,True,True,True,True,0.7934,coding_recommendation,76.9,24.88
C00543,basic,W05,2025-03-30,True,True,True,False,0.5892,documentation_gap,12.4,-22.53
C00544,free,W08,2025-04-28,True,True,False,True,0.8717,coding_recommendation,62.6,0.0
C00544,free,W08,2025-04-24,True,True,False,True,0.8896,diagnosis_suggestion,10.1,0.0
C00544,free,W08,2025-03-22,True,True,False,True,0.8036,coding_recommendation,52.0,0.0
C00545,basic,W09,2025-04-10,True,True,True,True,0.8698,diagnosis_suggestion,5.9,156.76
C00545,basic,W09,2025-03-02,False,False,False,,,,,0.0
C00545,basic,W09,2025-04-29,True,True,True,True,0.644,quality_flag,48.9,39.22
C00546,pro,W08,2025-05-07,False,False,False,,,,,0.0
C00546,pro,W08,2025-04-04,True,True,True,True,0.8821,quality_flag,17.7,26.76
C00546,pro,W08,2025-04-07,False,False,False,,,,,0.0
C00547,free,W10,2025-03-19,False,False,False,,,,,0.0
C00547,free,W10,2025-04-12,False,False,False,,,,,0.0
C00547,free,W10,2025-05-10,False,False,False,,,,,0.0
C00548,free,W06,2025-03-10,True,True,True,True,0.8721,coding_recommendation,21.3,48.04
C00548,free,W06,2025-04-05,False,False,False,,,,,0.0
C00548,free,W06,2025-02-14,True,True,False,True,0.7718,diagnosis_suggestion,56.6,0.0
C00549,free,W02,2025-03-14,False,False,False,,,,,0.0
C00549,free,W02,2025-03-06,False,False,False,,,,,0.0
C00549,free,W02,2025-02-24,False,False,False,,,,,0.0
C00550,pro,W10,2025-04-03,False,False,False,,,,,0.0
C00550,pro,W10,2025-03-30,True,True,False,True,0.9759,coding_recommendation,5.1,0.0
C00550,pro,W10,2025-04-12,True,True,True,True,0.9086,documentation_gap,15.0,52.3
C00551,free,W10,2025-05-14,False,False,False,,,,,0.0
C00551,free,W10,2025-04-12,True,False,False,False,0.4758,coding_recommendation,,0.0
C00551,free,W10,2025-03-21,True,True,True,True,0.9176,diagnosis_suggestion,23.7,53.14
C00552,pro,W02,2025-02-02,True,True,True,True,0.9453,coding_recommendation,12.9,59.7
C00552,pro,W02,2025-03-06,True,True,False,False,0.8039,coding_recommendation,37.6,0.0
C00552,pro,W02,2025-03-27,True,True,True,True,0.8029,quality_flag,9.4,60.58
C00553,basic,W02,2025-03-01,True,True,True,True,0.7511,documentation_gap,18.9,39.33
C00553,basic,W02,2025-02-23,True,True,True,False,0.5827,coding_recommendation,56.4,-19.79
C00553,basic,W02,2025-02-10,True,False,False,False,0.4366,documentation_gap,,0.0
C00554,free,W03,2025-03-19,True,True,True,True,0.8072,diagnosis_suggestion,24.1,79.08
C00554,free,W03,2025-01-23,True,True,False,True,0.942,coding_recommendation,5.9,0.0
C00554,free,W03,2025-02-06,True,True,True,True,0.8721,coding_recommendation,29.2,27.8
C00555,free,W05,2025-02-19,True,True,False,True,0.8588,quality_flag,15.8,0.0
C00555,free,W05,2025-02-06,False,False,False,,,,,0.0
C00555,free,W05,2025-02-19,True,True,False,True,0.9042,coding_recommendation,7.7,0.0
C00556,free,W01,2025-01-17,False,False,False,,,,,0.0
C00556,free,W01,2025-01-14,True,True,True,True,0.9226,diagnosis_suggestion,9.3,49.54
C00556,free,W01,2025-03-10,False,False,False,,,,,0.0
C00557,free,W09,2025-03-07,True,True,False,True,0.5644,diagnosis_suggestion,26.6,0.0
C00557,free,W09,2025-03-20,True,True,True,True,0.8655,documentation_gap,15.8,63.68
C00557,free,W09,2025-05-12,True,False,False,False,0.3741,documentation_gap,,0.0
C00558,pro,W11,2025-04-30,True,True,True,True,0.9413,diagnosis_suggestion,16.8,48.75
C00558,pro,W11,2025-05-22,True,True,True,True,0.9581,diagnosis_suggestion,31.2,44.14
C00558,pro,W11,2025-03-14,True,True,True,True,0.9816,diagnosis_suggestion,20.6,80.16
C00559,free,W05,2025-04-17,True,True,False,True,0.9388,quality_flag,33.2,0.0
C00559,free,W05,2025-02-01,True,True,True,True,0.8811,quality_flag,11.9,34.64
C00559,free,W05,2025-04-02,False,False,False,,,,,0.0
C00560,free,W07,2025-04-23,True,True,False,True,0.8491,diagnosis_suggestion,14.2,0.0
C00560,free,W07,2025-04-26,True,False,False,False,0.3338,quality_flag,,0.0
C00560,free,W07,2025-02-14,True,True,True,True,0.8734,diagnosis_suggestion,11.4,79.38
C00561,pro,W11,2025-04-26,True,True,True,True,0.7621,documentation_gap,10.8,77.8
C00561,pro,W11,2025-04-26,True,True,True,True,0.967,documentation_gap,30.1,33.32
C00561,pro,W11,2025-05-11,False,False,False,,,,,0.0
C00561,pro,W11,2025-03-12,False,False,False,,,,,0.0
C00562,basic,W05,2025-03-28,False,False,False,,,,,0.0
C00562,basic,W05,2025-03-09,False,False,False,,,,,0.0
C00562,basic,W05,2025-02-12,True,True,True,True,0.9025,coding_recommendation,37.9,62.25
C00563,free,W11,2025-06-01,False,False,False,,,,,0.0
C00563,free,W11,2025-05-29,True,True,True,True,0.8557,quality_flag,24.4,40.85
C00563,free,W11,2025-03-30,True,True,True,True,0.8707,coding_recommendation,18.2,65.05
C00564,pro,W10,2025-05-25,True,True,False,True,0.6561,coding_recommendation,16.4,0.0
C00564,pro,W10,2025-03-26,False,False,False,,,,,0.0
C00564,pro,W10,2025-04-12,True,True,False,False,0.7266,diagnosis_suggestion,4.8,0.0
C00565,free,W03,2025-01-17,False,False,False,,,,,0.0
C00565,free,W03,2025-02-14,False,False,False,,,,,0.0
C00565,free,W03,2025-04-02,True,True,False,True,0.8661,coding_recommendation,73.1,0.0
C00566,free,W03,2025-02-13,False,False,False,,,,,0.0
C00566,free,W03,2025-02-20,True,True,True,True,0.8218,quality_flag,30.0,20.63
C00566,free,W03,2025-03-29,False,False,False,,,,,0.0
C00567,free,W04,2025-02-13,True,True,False,False,0.6151,documentation_gap,33.7,0.0
C00567,free,W04,2025-04-05,False,False,False,,,,,0.0
C00567,free,W04,2025-04-11,True,True,True,True,0.7406,quality_flag,16.3,37.95
C00568,pro,W10,2025-03-08,True,True,True,True,0.6877,diagnosis_suggestion,4.0,44.7
C00568,pro,W10,2025-04-02,False,False,False,,,,,0.0
C00568,pro,W10,2025-05-13,False,False,False,,,,,0.0
C00568,pro,W10,2025-05-22,True,True,True,True,0.6731,quality_flag,42.6,391.69
C00569,free,W03,2025-04-01,True,True,False,False,0.6091,quality_flag,6.3,0.0
C00569,free,W03,2025-01-24,True,True,True,True,0.7681,diagnosis_suggestion,98.0,155.48
C00569,free,W03,2025-03-05,True,True,True,True,0.8294,documentation_gap,5.8,134.63
C00570,basic,W10,2025-04-14,False,False,False,,,,,0.0
C00570,basic,W10,2025-04-10,True,True,True,True,0.8243,documentation_gap,6.4,203.36
C00570,basic,W10,2025-03-18,False,False,False,,,,,0.0
C00571,free,W06,2025-03-14,True,True,False,True,0.5786,quality_flag,12.6,0.0
C00571,free,W06,2025-03-29,False,False,False,,,,,0.0
C00571,free,W06,2025-03-22,False,False,False,,,,,0.0
C00572,basic,W05,2025-03-23,False,False,False,,,,,0.0
C00572,basic,W05,2025-04-04,False,False,False,,,,,0.0
C00572,basic,W05,2025-02-17,False,False,False,,,,,0.0
C00573,free,W01,2025-01-07,False,False,False,,,,,0.0
C00573,free,W01,2025-01-25,False,False,False,,,,,0.0
C00573,free,W01,2025-01-29,False,False,False,,,,,0.0
C00574,basic,W04,2025-03-04,True,True,False,True,0.7788,quality_flag,11.7,0.0
C00574,basic,W04,2025-02-21,True,True,True,True,0.6171,coding_recommendation,18.8,85.29
C00574,basic,W04,2025-03-05,True,True,True,True,0.9501,diagnosis_suggestion,16.7,57.82
C00575,free,W08,2025-02-27,True,True,False,True,0.5628,quality_flag,31.3,0.0
C00575,free,W08,2025-04-08,False,False,False,,,,,0.0
C00575,free,W08,2025-03-19,True,True,True,True,0.6146,coding_recommendation,31.1,24.94
C00576,free,W12,2025-05-24,False,False,False,,,,,0.0
C00576,free,W12,2025-04-26,True,True,True,True,0.8688,coding_recommendation,21.8,74.97
C00576,free,W12,2025-04-09,True,True,False,True,0.5016,documentation_gap,20.7,0.0
C00577,basic,W12,2025-05-11,True,True,False,True,0.908,documentation_gap,20.3,0.0
C00577,basic,W12,2025-05-19,True,True,True,True,0.6878,quality_flag,22.9,120.78
C00577,basic,W12,2025-05-12,False,False,False,,,,,0.0
C00578,basic,W09,2025-03-27,True,True,True,True,0.7595,diagnosis_suggestion,39.2,14.43
C00578,basic,W09,2025-04-14,True,True,True,True,0.7987,documentation_gap,20.3,98.42
C00578,basic,W09,2025-03-19,False,False,False,,,,,0.0
C00579,free,W10,2025-03-06,True,True,False,True,0.8721,documentation_gap,18.5,0.0
C00579,free,W10,2025-04-09,True,True,True,True,0.9327,documentation_gap,33.6,234.26
C00579,free,W10,2025-05-17,True,True,True,True,0.5494,documentation_gap,8.1,69.63
C00580,pro,W11,2025-04-19,False,False,False,,,,,0.0
C00580,pro,W11,2025-03-15,False,False,False,,,,,0.0
C00580,pro,W11,2025-04-29,True,True,True,True,0.8782,diagnosis_suggestion,42.7,54.31
C00581,basic,W06,2025-04-05,False,False,False,,,,,0.0
C00581,basic,W06,2025-03-24,True,True,True,False,0.5824,documentation_gap,38.7,-12.34
C00581,basic,W06,2025-04-03,True,True,False,True,0.966,coding_recommendation,10.0,0.0
C00582,free,W12,2025-05-17,False,False,False,,,,,0.0
C00582,free,W12,2025-04-20,True,True,False,True,0.8335,quality_flag,25.1,0.0
C00582,free,W12,2025-06-03,True,True,False,True,0.6558,diagnosis_suggestion,30.6,0.0
C00582,free,W12,2025-03-24,True,True,True,True,0.8592,diagnosis_suggestion,7.7,109.88
C00582,free,W12,2025-03-25,True,True,True,True,0.6289,quality_flag,13.0,137.79
C00583,basic,W11,2025-06-02,True,True,True,True,0.9345,diagnosis_suggestion,9.6,33.47
C00583,basic,W11,2025-05-25,True,True,True,True,0.9467,diagnosis_suggestion,14.3,26.96
C00583,basic,W11,2025-05-24,True,True,False,True,0.7673,coding_recommendation,47.0,0.0
C00583,basic,W11,2025-03-21,True,True,True,True,0.6802,quality_flag,11.5,66.24
C00583,basic,W11,2025-05-14,True,True,True,True,0.922,diagnosis_suggestion,52.3,70.76
C00583,basic,W11,2025-04-18,False,False,False,,,,,0.0
C00583,basic,W11,2025-04-26,True,True,True,True,0.7682,documentation_gap,52.1,23.62
C00583,basic,W11,2025-05-19,True,True,False,True,0.7705,quality_flag,136.8,0.0
C00583,basic,W11,2025-04-06,True,True,False,True,0.8905,quality_flag,25.3,0.0
C00584,basic,W04,2025-03-05,True,True,True,True,0.8154,coding_recommendation,6.9,22.08
C00584,basic,W04,2025-03-17,True,True,False,True,0.757,diagnosis_suggestion,21.7,0.0
C00584,basic,W04,2025-03-09,True,True,True,False,0.8047,diagnosis_suggestion,26.0,-21.05
C00584,basic,W04,2025-02-06,True,True,False,True,0.6121,documentation_gap,26.1,0.0
C00585,free,W12,2025-04-29,False,False,False,,,,,0.0
C00585,free,W12,2025-05-05,True,True,False,True,0.5,coding_recommendation,46.6,0.0
C00585,free,W12,2025-04-12,False,False,False,,,,,0.0
C00586,basic,W10,2025-04-15,False,False,False,,,,,0.0
C00586,basic,W10,2025-05-23,True,True,True,True,0.7116,diagnosis_suggestion,17.9,50.99
C00586,basic,W10,2025-03-07,False,False,False,,,,,0.0
C00587,free,W02,2025-03-21,False,False,False,,,,,0.0
C00587,free,W02,2025-01-27,True,True,True,True,0.9114,coding_recommendation,57.1,25.56
C00587,free,W02,2025-02-05,True,True,True,True,0.9401,documentation_gap,23.9,33.59
C00588,basic,W12,2025-04-29,True,True,False,True,0.6818,documentation_gap,12.6,0.0
C00588,basic,W12,2025-05-14,True,True,False,False,0.6166,coding_recommendation,14.2,0.0
C00588,basic,W12,2025-04-15,True,False,False,False,0.447,documentation_gap,,0.0
C00588,basic,W12,2025-04-14,True,True,True,True,0.7657,documentation_gap,23.0,131.16
C00589,pro,W09,2025-03-19,True,False,False,False,0.3978,documentation_gap,,0.0
C00589,pro,W09,2025-04-10,False,False,False,,,,,0.0
C00589,pro,W09,2025-05-03,False,False,False,,,,,0.0
C00590,pro,W08,2025-04-04,True,True,True,True,0.7195,coding_recommendation,97.9,45.88
C00590,pro,W08,2025-03-26,False,False,False,,,,,0.0
C00590,pro,W08,2025-04-03,True,True,True,True,0.8692,quality_flag,27.2,137.15
C00591,pro,W05,2025-03-24,True,True,True,True,0.9599,diagnosis_suggestion,7.9,16.3
C00591,pro,W05,2025-03-11,True,True,True,True,0.917,diagnosis_suggestion,21.7,31.66
C00591,pro,W05,2025-02-12,True,False,False,False,0.3419,quality_flag,,0.0
C00591,pro,W05,2025-04-20,True,True,False,False,0.5401,documentation_gap,13.6,0.0
C00591,pro,W05,2025-03-19,True,True,True,True,0.8967,documentation_gap,15.7,47.24
C00591,pro,W05,2025-02-04,True,True,True,True,0.9183,diagnosis_suggestion,30.1,86.53
C00591,pro,W05,2025-03-19,True,True,True,True,0.8015,diagnosis_suggestion,31.6,103.67
C00592,pro,W08,2025-05-05,True,True,True,True,0.8155,documentation_gap,13.0,89.61
C00592,pro,W08,2025-03-17,True,True,True,True,0.9651,quality_flag,53.7,112.47
C00592,pro,W08,2025-02-20,False,False,False,,,,,0.0
C00593,pro,W06,2025-03-29,True,True,True,True,0.8769,documentation_gap,45.1,221.53
C00593,pro,W06,2025-04-27,True,True,False,True,0.9532,diagnosis_suggestion,44.8,0.0
C00593,pro,W06,2025-03-07,False,False,False,,,,,0.0
C00594,free,W01,2025-01-24,True,True,True,True,0.9184,quality_flag,17.5,59.09
C00594,free,W01,2025-01-17,True,True,False,True,0.8074,diagnosis_suggestion,18.4,0.0
C00594,free,W01,2025-03-03,False,False,False,,,,,0.0
C00595,basic,W08,2025-05-07,True,True,True,True,0.56,diagnosis_suggestion,5.6,45.7
C00595,basic,W08,2025-05-03,True,True,True,True,0.8551,quality_flag,16.8,37.47
C00595,basic,W08,2025-02-25,True,False,False,False,0.4449,quality_flag,,0.0
C00595,basic,W08,2025-05-06,True,True,True,True,0.7282,documentation_gap,37.6,32.88
C00596,free,W05,2025-04-06,False,False,False,,,,,0.0
C00596,free,W05,2025-04-17,True,True,False,True,0.8624,quality_flag,28.0,0.0
C00596,free,W05,2025-02-22,True,True,True,True,0.8202,documentation_gap,10.8,22.13
C00597,free,W03,2025-03-15,True,False,False,False,0.3748,quality_flag,,0.0
C00597,free,W03,2025-02-20,True,True,False,False,0.729,diagnosis_suggestion,24.7,0.0
C00597,free,W03,2025-01-22,False,False,False,,,,,0.0
C00598,free,W11,2025-04-04,True,True,True,True,0.8982,diagnosis_suggestion,2.1,90.06
C00598,free,W11,2025-05-22,True,True,True,True,0.7852,documentation_gap,14.1,62.85
C00598,free,W11,2025-04-28,False,False,False,,,,,0.0
C00599,pro,W01,2025-01-12,True,True,False,True,0.7645,diagnosis_suggestion,35.3,0.0
C00599,pro,W01,2025-03-10,True,True,True,True,0.7645,documentation_gap,28.8,21.5
C00599,pro,W01,2025-01-20,True,True,True,True,0.8739,coding_recommendation,39.3,59.7
C00600,free,W12,2025-04-09,False,False,False,,,,,0.0
C00600,free,W12,2025-06-07,True,True,False,True,0.7834,diagnosis_suggestion,14.3,0.0
C00600,free,W12,2025-04-16,True,True,False,True,0.7246,coding_recommendation,28.4,0.0
C00601,pro,W08,2025-04-22,True,True,True,True,0.9332,diagnosis_suggestion,76.3,19.26
C00601,pro,W08,2025-04-04,True,True,True,False,0.6948,diagnosis_suggestion,24.2,-26.95
C00601,pro,W08,2025-04-11,True,False,False,False,0.3825,coding_recommendation,,0.0
C00601,pro,W08,2025-04-18,False,False,False,,,,,0.0
C00601,pro,W08,2025-04-10,True,True,True,False,0.6867,quality_flag,37.4,-4.3
C00601,pro,W08,2025-04-11,True,True,True,True,0.6613,quality_flag,41.1,110.75
C00602,basic,W06,2025-04-27,True,True,True,False,0.7484,diagnosis_suggestion,5.4,-15.16
C00602,basic,W06,2025-04-09,False,False,False,,,,,0.0
C00602,basic,W06,2025-04-27,True,True,False,True,0.9342,diagnosis_suggestion,11.9,0.0
C00603,free,W12,2025-04-03,False,False,False,,,,,0.0
C00603,free,W12,2025-04-17,True,True,False,True,0.7955,documentation_gap,76.5,0.0
C00603,free,W12,2025-04-20,True,True,False,True,0.6494,diagnosis_suggestion,16.8,0.0
C00604,pro,W07,2025-02-18,True,True,False,True,0.5172,diagnosis_suggestion,27.3,0.0
C00604,pro,W07,2025-03-31,True,True,False,True,0.5987,coding_recommendation,59.0,0.0
C00604,pro,W07,2025-04-08,True,True,True,True,0.9057,quality_flag,32.6,75.05
C00605,basic,W03,2025-03-05,True,True,False,True,0.8528,documentation_gap,38.7,0.0
C00605,basic,W03,2025-03-19,True,True,True,False,0.5409,documentation_gap,4.8,-35.93
C00605,basic,W03,2025-02-14,True,True,True,True,0.8767,coding_recommendation,26.5,25.79
C00606,free,W12,2025-04-30,False,False,False,,,,,0.0
C00606,free,W12,2025-04-07,False,False,False,,,,,0.0
C00606,free,W12,2025-05-03,True,True,False,True,0.681,coding_recommendation,44.5,0.0
C00607,basic,W10,2025-05-07,True,True,True,True,0.8925,documentation_gap,60.7,72.64
C00607,basic,W10,2025-04-16,False,False,False,,,,,0.0
C00607,basic,W10,2025-04-15,True,False,False,False,0.458,diagnosis_suggestion,,0.0
C00607,basic,W10,2025-04-16,False,False,False,,,,,0.0
C00607,basic,W10,2025-04-20,True,True,False,True,0.934,coding_recommendation,41.5,0.0
C00608,free,W08,2025-03-28,False,False,False,,,,,0.0
C00608,free,W08,2025-03-27,False,False,False,,,,,0.0
C00608,free,W08,2025-04-13,True,True,True,True,0.94,coding_recommendation,28.4,31.27
C00609,basic,W03,2025-03-03,True,True,True,False,0.5664,documentation_gap,33.2,-29.96
C00609,basic,W03,2025-02-24,False,False,False,,,,,0.0
C00609,basic,W03,2025-02-04,True,True,False,False,0.7543,documentation_gap,20.3,0.0
C00610,pro,W05,2025-02-17,True,False,False,False,0.4883,documentation_gap,,0.0
C00610,pro,W05,2025-03-23,True,True,False,False,0.5224,documentation_gap,7.6,0.0
C00610,pro,W05,2025-02-07,True,True,False,True,0.9057,documentation_gap,12.5,0.0
C00611,pro,W06,2025-03-21,True,True,True,False,0.5477,diagnosis_suggestion,14.3,-21.01
C00611,pro,W06,2025-03-17,True,True,False,True,0.8646,diagnosis_suggestion,14.4,0.0
C00611,pro,W06,2025-02-16,True,True,True,True,0.8947,diagnosis_suggestion,21.7,50.28
C00612,free,W08,2025-03-03,True,True,True,True,0.5795,documentation_gap,11.1,36.15
C00612,free,W08,2025-03-23,True,True,True,True,0.8392,diagnosis_suggestion,34.6,66.31
C00612,free,W08,2025-05-02,True,True,True,True,0.8406,diagnosis_suggestion,5.0,85.44
C00613,basic,W12,2025-06-04,True,True,False,True,0.5728,diagnosis_suggestion,21.0,0.0
C00613,basic,W12,2025-04-21,True,True,False,True,0.8253,documentation_gap,173.5,0.0
C00613,basic,W12,2025-04-22,False,False,False,,,,,0.0
C00614,basic,W05,2025-03-16,True,False,False,False,0.3,documentation_gap,,0.0
C00614,basic,W05,2025-04-15,False,False,False,,,,,0.0
C00614,basic,W05,2025-04-14,True,False,False,False,0.4793,documentation_gap,,0.0
C00615,pro,W01,2025-02-08,True,False,False,False,0.3,diagnosis_suggestion,,0.0
C00615,pro,W01,2025-02-03,True,True,False,False,0.7519,coding_recommendation,14.4,0.0
C00615,pro,W01,2025-02-21,True,True,False,True,0.6833,diagnosis_suggestion,20.5,0.0
C00615,pro,W01,2025-02-08,True,True,True,True,0.8154,diagnosis_suggestion,16.5,65.44
C00615,pro,W01,2025-01-23,True,True,True,True,0.9314,coding_recommendation,39.0,71.27
C00615,pro,W01,2025-01-16,True,False,False,False,0.3,documentation_gap,,0.0
C00615,pro,W01,2025-01-02,True,True,True,True,0.9224,coding_recommendation,3.8,36.4
C00616,pro,W01,2025-02-05,True,True,False,False,0.6396,documentation_gap,14.6,0.0
C00616,pro,W01,2025-02-09,True,True,True,True,0.8313,documentation_gap,11.7,193.92
C00616,pro,W01,2025-01-02,True,True,True,True,0.6775,diagnosis_suggestion,23.7,42.98
C00617,free,W11,2025-04-06,True,True,False,True,0.7388,quality_flag,2.0,0.0
C00617,free,W11,2025-06-03,False,False,False,,,,,0.0
C00617,free,W11,2025-03-22,True,True,False,True,0.8318,diagnosis_suggestion,20.9,0.0
C00618,pro,W06,2025-03-24,True,True,False,True,0.594,quality_flag,24.1,0.0
C00618,pro,W06,2025-02-18,False,False,False,,,,,0.0
C00618,pro,W06,2025-04-05,True,True,True,True,0.796,coding_recommendation,36.2,63.87
C00619,pro,W10,2025-05-09,True,True,True,True,0.7516,quality_flag,19.0,70.54
C00619,pro,W10,2025-04-19,True,True,False,True,0.9115,diagnosis_suggestion,10.8,0.0
C00619,pro,W10,2025-03-20,True,True,True,True,0.9326,coding_recommendation,18.8,24.55
C00620,free,W11,2025-05-08,True,True,False,True,0.9494,quality_flag,14.4,0.0
C00620,free,W11,2025-04-03,True,True,True,True,0.7375,coding_recommendation,5.1,112.78
C00620,free,W11,2025-03-22,True,True,True,True,0.607,coding_recommendation,5.1,113.84
C00621,free,W06,2025-02-28,True,False,False,False,0.3065,documentation_gap,,0.0
C00621,free,W06,2025-03-13,True,True,True,True,0.7346,documentation_gap,10.2,52.1
C00621,free,W06,2025-04-06,False,False,False,,,,,0.0
C00622,basic,W10,2025-04-11,True,True,True,True,0.9317,diagnosis_suggestion,11.1,81.61
C00622,basic,W10,2025-03-27,False,False,False,,,,,0.0
C00622,basic,W10,2025-03-18,True,True,False,True,0.7732,diagnosis_suggestion,8.6,0.0
C00623,free,W10,2025-03-24,False,False,False,,,,,0.0
C00623,free,W10,2025-04-10,True,True,True,True,0.8497,diagnosis_suggestion,2.6,29.77
C00623,free,W10,2025-03-09,True,True,True,True,0.8116,documentation_gap,3.6,42.41
C00624,free,W07,2025-04-15,False,False,False,,,,,0.0
C00624,free,W07,2025-04-04,True,True,True,True,0.8129,coding_recommendation,10.7,41.18
C00624,free,W07,2025-02-17,True,True,False,True,0.5352,documentation_gap,43.6,0.0
C00624,free,W07,2025-03-03,True,True,False,True,0.6331,diagnosis_suggestion,12.3,0.0
C00625,pro,W07,2025-03-10,True,True,True,True,0.6096,diagnosis_suggestion,28.6,32.49
C00625,pro,W07,2025-04-26,True,True,True,True,0.8749,documentation_gap,17.6,81.66
C00625,pro,W07,2025-04-01,True,True,True,True,0.8478,diagnosis_suggestion,51.1,40.68
C00626,free,W12,2025-03-23,False,False,False,,,,,0.0
C00626,free,W12,2025-05-05,False,False,False,,,,,0.0
C00626,free,W12,2025-04-18,False,False,False,,,,,0.0
C00627,free,W09,2025-03-02,True,False,False,False,0.333,coding_recommendation,,0.0
C00627,free,W09,2025-05-03,False,False,False,,,,,0.0
C00627,free,W09,2025-04-06,False,False,False,,,,,0.0
C00628,free,W12,2025-05-12,True,True,False,True,0.5,coding_recommendation,5.6,0.0
C00628,free,W12,2025-05-02,True,True,True,True,0.8834,documentation_gap,49.8,53.76
C00628,free,W12,2025-05-03,False,False,False,,,,,0.0
C00628,free,W12,2025-05-28,True,True,False,True,0.7943,documentation_gap,14.1,0.0
C00628,free,W12,2025-04-04,False,False,False,,,,,0.0
C00629,free,W06,2025-03-13,False,False,False,,,,,0.0
C00629,free,W06,2025-03-15,True,True,False,True,0.9172,diagnosis_suggestion,35.6,0.0
C00629,free,W06,2025-03-22,False,False,False,,,,,0.0
C00630,pro,W10,2025-05-07,True,True,True,True,0.9188,diagnosis_suggestion,78.3,43.71
C00630,pro,W10,2025-05-22,True,True,True,True,0.919,diagnosis_suggestion,34.3,44.97
C00630,pro,W10,2025-04-13,True,True,False,True,0.7843,coding_recommendation,26.4,0.0
C00631,basic,W12,2025-04-30,True,True,False,True,0.9084,documentation_gap,39.4,0.0
C00631,basic,W12,2025-06-01,True,True,True,True,0.7889,coding_recommendation,28.7,72.84
C00631,basic,W12,2025-03-30,True,True,False,False,0.7422,quality_flag,3.8,0.0
C00632,free,W12,2025-05-07,False,False,False,,,,,0.0
C00632,free,W12,2025-04-05,False,False,False,,,,,0.0
C00632,free,W12,2025-05-12,False,False,False,,,,,0.0
C00633,free,W03,2025-04-03,False,False,False,,,,,0.0
C00633,free,W03,2025-03-28,True,False,False,False,0.3,diagnosis_suggestion,,0.0
C00633,free,W03,2025-02-23,False,False,False,,,,,0.0
C00634,free,W12,2025-05-27,True,True,True,True,0.9268,documentation_gap,15.2,32.25
C00634,free,W12,2025-05-02,True,True,True,False,0.6219,diagnosis_suggestion,10.1,-23.03
C00634,free,W12,2025-04-23,True,True,False,True,0.6824,quality_flag,38.9,0.0
C00635,free,W03,2025-03-20,False,False,False,,,,,0.0
C00635,free,W03,2025-02-14,True,True,True,True,0.6468,documentation_gap,16.3,59.2
C00635,free,W03,2025-03-18,False,False,False,,,,,0.0
C00635,free,W03,2025-03-30,True,False,False,False,0.3,diagnosis_suggestion,,0.0
C00635,free,W03,2025-02-15,False,False,False,,,,,0.0
C00635,free,W03,2025-02-11,False,False,False,,,,,0.0
C00636,pro,W04,2025-03-24,False,False,False,,,,,0.0
C00636,pro,W04,2025-02-27,True,True,False,True,0.6095,coding_recommendation,11.5,0.0
C00636,pro,W04,2025-03-28,True,True,True,True,0.7886,documentation_gap,16.7,70.47
C00637,free,W06,2025-03-04,False,False,False,,,,,0.0
C00637,free,W06,2025-02-14,True,True,True,True,0.8279,coding_recommendation,16.7,83.81
C00637,free,W06,2025-02-23,True,True,True,True,0.8549,quality_flag,24.9,91.09
C00637,free,W06,2025-04-14,True,True,True,True,0.8432,diagnosis_suggestion,83.0,82.56
C00637,free,W06,2025-03-28,True,True,False,True,0.5561,coding_recommendation,19.2,0.0
C00637,free,W06,2025-04-11,False,False,False,,,,,0.0
C00638,free,W04,2025-02-07,False,False,False,,,,,0.0
C00638,free,W04,2025-03-25,True,True,True,True,0.8543,diagnosis_suggestion,13.3,19.2
C00638,free,W04,2025-01-30,True,True,True,True,0.9437,documentation_gap,22.8,61.45
C00639,pro,W02,2025-01-16,True,True,True,True,0.8828,coding_recommendation,5.3,57.18
C00639,pro,W02,2025-03-04,True,True,False,True,0.8802,coding_recommendation,8.1,0.0
C00639,pro,W02,2025-03-05,True,True,True,True,0.9066,documentation_gap,3.7,33.44
C00639,pro,W02,2025-03-19,True,True,False,True,0.7101,documentation_gap,86.3,0.0
C00639,pro,W02,2025-03-10,True,True,False,True,0.776,coding_recommendation,50.0,0.0
C00640,free,W07,2025-05-06,False,False,False,,,,,0.0
C00640,free,W07,2025-02-25,True,True,False,True,0.6736,documentation_gap,47.6,0.0
C00640,free,W07,2025-03-14,True,True,True,True,0.9148,coding_recommendation,33.8,36.91
C00640,free,W07,2025-04-17,True,True,False,False,0.8227,quality_flag,9.7,0.0
C00640,free,W07,2025-02-17,False,False,False,,,,,0.0
C00641,pro,W02,2025-02-19,True,True,False,True,0.8105,coding_recommendation,8.0,0.0
C00641,pro,W02,2025-03-03,True,True,True,True,0.6905,documentation_gap,51.9,55.97
C00641,pro,W02,2025-03-13,True,True,True,True,0.9137,coding_recommendation,30.3,29.9
C00642,free,W05,2025-02-27,False,False,False,,,,,0.0
C00642,free,W05,2025-01-29,False,False,False,,,,,0.0
C00642,free,W05,2025-03-18,False,False,False,,,,,0.0
C00643,free,W05,2025-02-02,True,False,False,False,0.3498,quality_flag,,0.0
C00643,free,W05,2025-04-18,False,False,False,,,,,0.0
C00643,free,W05,2025-04-11,False,False,False,,,,,0.0
C00644,free,W08,2025-04-29,False,False,False,,,,,0.0
C00644,free,W08,2025-05-10,False,False,False,,,,,0.0
C00644,free,W08,2025-02-26,False,False,False,,,,,0.0
C00645,free,W11,2025-03-30,True,True,False,True,0.853,diagnosis_suggestion,15.5,0.0
C00645,free,W11,2025-05-15,False,False,False,,,,,0.0
C00645,free,W11,2025-03-12,True,True,False,True,0.9025,diagnosis_suggestion,38.4,0.0
C00646,basic,W10,2025-04-11,True,True,False,True,0.5,diagnosis_suggestion,35.1,0.0
C00646,basic,W10,2025-03-23,True,True,True,True,0.7514,documentation_gap,51.3,41.03
C00646,basic,W10,2025-03-14,True,True,False,True,0.8688,diagnosis_suggestion,75.8,0.0
C00647,free,W05,2025-03-18,True,True,True,False,0.6761,documentation_gap,74.3,-33.6
C00647,free,W05,2025-04-13,True,True,True,True,0.637,coding_recommendation,20.8,29.29
C00647,free,W05,2025-03-04,False,False,False,,,,,0.0
C00648,basic,W12,2025-05-04,True,True,False,True,0.656,documentation_gap,63.7,0.0
C00648,basic,W12,2025-04-07,True,True,False,True,0.686,diagnosis_suggestion,19.3,0.0
C00648,basic,W12,2025-04-04,True,True,True,True,0.7577,coding_recommendation,15.6,78.32
C00648,basic,W12,2025-05-23,False,False,False,,,,,0.0
C00649,free,W10,2025-04-25,True,True,False,True,0.8653,documentation_gap,20.4,0.0
C00649,free,W10,2025-04-04,False,False,False,,,,,0.0
C00649,free,W10,2025-03-14,False,False,False,,,,,0.0
C00649,free,W10,2025-05-01,False,False,False,,,,,0.0
C00649,free,W10,2025-05-09,False,False,False,,,,,0.0
C00649,free,W10,2025-03-14,True,True,True,True,0.7933,diagnosis_suggestion,38.2,41.98
C00649,free,W10,2025-05-04,True,True,True,True,0.8993,coding_recommendation,18.2,36.71
C00649,free,W10,2025-05-07,True,True,True,True,0.9081,coding_recommendation,32.4,112.38
C00649,free,W10,2025-05-21,True,True,True,True,0.8948,coding_recommendation,7.5,23.83
C00650,pro,W06,2025-02-19,False,False,False,,,,,0.0
C00650,pro,W06,2025-03-21,False,False,False,,,,,0.0
C00650,pro,W06,2025-02-22,True,True,True,True,0.8818,coding_recommendation,146.9,74.35
C00650,pro,W06,2025-03-13,True,False,False,False,0.3365,coding_recommendation,,0.0
C00651,free,W04,2025-02-16,False,False,False,,,,,0.0
C00651,free,W04,2025-03-22,True,True,False,True,0.6349,coding_recommendation,18.9,0.0
C00651,free,W04,2025-03-03,True,False,False,False,0.3,coding_recommendation,,0.0
C00651,free,W04,2025-02-19,True,True,False,False,0.5028,diagnosis_suggestion,29.3,0.0
C00652,free,W04,2025-02-24,False,False,False,,,,,0.0
C00652,free,W04,2025-02-01,False,False,False,,,,,0.0
C00652,free,W04,2025-03-14,False,False,False,,,,,0.0
C00653,basic,W03,2025-04-06,True,True,False,False,0.5667,quality_flag,29.8,0.0
C00653,basic,W03,2025-03-13,False,False,False,,,,,0.0
C00653,basic,W03,2025-01-29,True,True,True,True,0.8912,coding_recommendation,84.6,71.07
C00653,basic,W03,2025-02-27,True,True,True,True,0.685,coding_recommendation,14.0,93.99
C00654,free,W02,2025-02-09,True,False,False,False,0.4315,quality_flag,,0.0
C00654,free,W02,2025-03-17,True,True,False,True,0.7985,documentation_gap,18.1,0.0
C00654,free,W02,2025-03-20,False,False,False,,,,,0.0
C00655,pro,W04,2025-04-09,True,False,False,False,0.4231,documentation_gap,,0.0
C00655,pro,W04,2025-02-18,True,True,True,False,0.6219,diagnosis_suggestion,14.1,-8.2
C00655,pro,W04,2025-03-27,True,True,True,True,0.637,quality_flag,43.3,17.87
C00655,pro,W04,2025-03-29,True,True,False,True,0.7322,documentation_gap,49.3,0.0
C00655,pro,W04,2025-02-17,True,True,True,True,0.7899,quality_flag,24.8,42.02
C00656,basic,W11,2025-03-24,False,False,False,,,,,0.0
C00656,basic,W11,2025-06-03,True,True,True,True,0.7649,quality_flag,34.4,66.56
C00656,basic,W11,2025-06-02,True,True,False,True,0.9255,quality_flag,28.7,0.0
C00657,pro,W09,2025-03-03,True,True,False,True,0.8985,diagnosis_suggestion,14.2,0.0
C00657,pro,W09,2025-04-04,False,False,False,,,,,0.0
C00657,pro,W09,2025-04-23,True,True,False,True,0.8298,diagnosis_suggestion,41.1,0.0
C00658,pro,W09,2025-05-16,True,False,False,False,0.4905,quality_flag,,0.0
C00658,pro,W09,2025-05-02,True,True,False,False,0.6363,diagnosis_suggestion,8.2,0.0
C00658,pro,W09,2025-05-18,True,True,True,True,0.9662,coding_recommendation,12.7,36.3
C00659,basic,W12,2025-04-24,True,True,True,True,0.7543,diagnosis_suggestion,81.5,26.04
C00659,basic,W12,2025-05-28,True,True,True,True,0.8208,diagnosis_suggestion,247.7,49.91
C00659,basic,W12,2025-05-14,True,True,False,True,0.9177,documentation_gap,15.4,0.0
C00660,pro,W04,2025-03-28,True,True,True,True,0.6488,quality_flag,45.3,53.88
C00660,pro,W04,2025-03-01,True,True,True,True,0.9326,documentation_gap,7.2,57.36
C00660,pro,W04,2025-04-09,True,True,True,True,0.699,diagnosis_suggestion,42.6,171.23
C00661,free,W09,2025-05-16,True,False,False,False,0.3522,quality_flag,,0.0
C00661,free,W09,2025-03-08,False,False,False,,,,,0.0
C00661,free,W09,2025-04-25,True,True,False,False,0.7279,diagnosis_suggestion,52.5,0.0
C00662,free,W05,2025-02-14,True,True,False,True,0.5,quality_flag,9.4,0.0
C00662,free,W05,2025-03-24,False,False,False,,,,,0.0
C00662,free,W05,2025-02-21,True,True,False,False,0.6912,quality_flag,9.7,0.0
C00663,basic,W11,2025-04-17,True,True,True,True,0.8649,documentation_gap,54.0,41.36
C00663,basic,W11,2025-03-29,True,True,True,True,0.5967,coding_recommendation,28.1,38.39
C00663,basic,W11,2025-04-12,True,True,False,True,0.9413,diagnosis_suggestion,34.7,0.0
C00664,free,W12,2025-04-05,False,False,False,,,,,0.0
C00664,free,W12,2025-03-29,True,True,True,False,0.5458,quality_flag,31.2,-26.54
C00664,free,W12,2025-03-21,False,False,False,,,,,0.0
C00665,pro,W09,2025-03-13,True,True,True,True,0.919,coding_recommendation,7.0,61.33
C00665,pro,W09,2025-03-03,True,True,True,False,0.5832,diagnosis_suggestion,19.0,-16.74
C00665,pro,W09,2025-03-12,True,True,True,True,0.5,diagnosis_suggestion,9.5,141.41
C00666,free,W09,2025-05-14,False,False,False,,,,,0.0
C00666,free,W09,2025-03-06,False,False,False,,,,,0.0
C00666,free,W09,2025-05-03,False,False,False,,,,,0.0
C00667,free,W09,2025-05-04,True,True,True,True,0.7202,diagnosis_suggestion,7.5,78.16
C00667,free,W09,2025-04-17,True,True,True,True,0.8561,documentation_gap,19.0,12.82
C00667,free,W09,2025-03-29,True,True,True,True,0.7956,documentation_gap,7.1,83.05
C00668,free,W09,2025-03-22,True,True,True,True,0.9532,documentation_gap,43.0,97.83
C00668,free,W09,2025-03-08,True,True,True,True,0.6816,diagnosis_suggestion,23.4,31.19
C00668,free,W09,2025-03-17,False,False,False,,,,,0.0
C00669,free,W07,2025-03-30,True,False,False,False,0.4216,coding_recommendation,,0.0
C00669,free,W07,2025-04-14,False,False,False,,,,,0.0
C00669,free,W07,2025-03-03,True,True,True,True,0.8813,quality_flag,20.6,39.55
C00670,free,W09,2025-05-14,False,False,False,,,,,0.0
C00670,free,W09,2025-05-05,False,False,False,,,,,0.0
C00670,free,W09,2025-03-13,False,False,False,,,,,0.0
C00671,pro,W01,2025-03-24,True,True,True,True,0.8095,diagnosis_suggestion,4.2,91.6
C00671,pro,W01,2025-02-06,True,False,False,False,0.3772,coding_recommendation,,0.0
C00671,pro,W01,2025-02-23,True,True,True,True,0.8539,documentation_gap,41.0,32.99
C00671,pro,W01,2025-02-11,True,True,False,False,0.5057,documentation_gap,8.8,0.0
C00672,pro,W04,2025-02-02,False,False,False,,,,,0.0
C00672,pro,W04,2025-04-10,True,True,True,True,0.8389,diagnosis_suggestion,30.1,42.97
C00672,pro,W04,2025-02-20,False,False,False,,,,,0.0
C00672,pro,W04,2025-01-25,True,True,True,True,0.545,documentation_gap,53.8,39.39
C00672,pro,W04,2025-04-09,True,True,True,True,0.6534,coding_recommendation,18.8,97.1
C00673,pro,W06,2025-04-19,True,True,True,True,0.8067,diagnosis_suggestion,28.9,276.03
C00673,pro,W06,2025-04-16,True,True,True,True,0.7077,documentation_gap,9.8,112.02
C00673,pro,W06,2025-02-23,True,True,True,True,0.7785,diagnosis_suggestion,19.7,55.55
C00674,basic,W06,2025-02-12,False,False,False,,,,,0.0
C00674,basic,W06,2025-03-26,False,False,False,,,,,0.0
C00674,basic,W06,2025-04-03,False,False,False,,,,,0.0
C00675,free,W11,2025-05-04,False,False,False,,,,,0.0
C00675,free,W11,2025-04-21,False,False,False,,,,,0.0
C00675,free,W11,2025-05-05,False,False,False,,,,,0.0
C00676,basic,W01,2025-01-17,True,True,False,True,0.8252,coding_recommendation,11.2,0.0
C00676,basic,W01,2025-03-17,True,True,False,True,0.7523,coding_recommendation,18.6,0.0
C00676,basic,W01,2025-01-28,True,True,False,True,0.7697,documentation_gap,62.6,0.0
C00677,basic,W01,2025-03-17,True,False,False,False,0.3637,documentation_gap,,0.0
C00677,basic,W01,2025-03-17,False,False,False,,,,,0.0
C00677,basic,W01,2025-01-11,True,True,True,False,0.6002,documentation_gap,20.1,-49.2
C00678,free,W01,2025-03-07,True,True,True,True,0.9715,documentation_gap,3.2,60.45
C00678,free,W01,2025-02-05,True,True,False,False,0.6985,documentation_gap,19.8,0.0
C00678,free,W01,2025-01-01,True,True,False,True,0.837,documentation_gap,4.3,0.0
C00678,free,W01,2025-01-03,False,False,False,,,,,0.0
C00679,free,W08,2025-04-03,False,False,False,,,,,0.0
C00679,free,W08,2025-03-04,True,True,True,True,0.8674,documentation_gap,67.5,23.2
C00679,free,W08,2025-03-23,False,False,False,,,,,0.0
C00679,free,W08,2025-03-11,True,True,False,True,0.8275,diagnosis_suggestion,46.5,0.0
C00680,basic,W01,2025-02-03,True,True,True,True,0.9453,diagnosis_suggestion,8.1,43.51
C00680,basic,W01,2025-02-24,False,False,False,,,,,0.0
C00680,basic,W01,2025-01-20,True,True,False,False,0.8036,coding_recommendation,21.2,0.0
C00681,pro,W09,2025-03-31,True,False,False,False,0.3829,documentation_gap,,0.0
C00681,pro,W09,2025-04-20,True,True,False,True,0.6384,diagnosis_suggestion,39.5,0.0
C00681,pro,W09,2025-03-16,True,False,False,False,0.3,coding_recommendation,,0.0
C00682,free,W10,2025-03-29,False,False,False,,,,,0.0
C00682,free,W10,2025-04-20,False,False,False,,,,,0.0
C00682,free,W10,2025-03-23,True,True,True,False,0.5911,diagnosis_suggestion,9.6,-21.83
C00683,free,W02,2025-01-24,False,False,False,,,,,0.0
C00683,free,W02,2025-02-12,False,False,False,,,,,0.0
C00683,free,W02,2025-03-12,False,False,False,,,,,0.0
C00684,free,W09,2025-05-10,True,True,True,False,0.7105,diagnosis_suggestion,10.3,-17.07
C00684,free,W09,2025-03-13,True,True,True,False,0.7527,diagnosis_suggestion,67.1,-17.75
C00684,free,W09,2025-04-14,True,True,True,True,0.9313,coding_recommendation,24.0,43.28
C00685,free,W09,2025-04-15,False,False,False,,,,,0.0
C00685,free,W09,2025-04-30,True,True,True,True,0.8653,diagnosis_suggestion,42.5,105.32
C00685,free,W09,2025-03-02,False,False,False,,,,,0.0
C00686,free,W11,2025-06-03,True,True,True,False,0.777,coding_recommendation,19.4,-18.49
C00686,free,W11,2025-03-26,False,False,False,,,,,0.0
C00686,free,W11,2025-04-05,False,False,False,,,,,0.0
C00687,basic,W02,2025-03-14,True,True,False,True,0.726,documentation_gap,47.8,0.0
C00687,basic,W02,2025-01-16,False,False,False,,,,,0.0
C00687,basic,W02,2025-02-19,True,True,True,True,0.8984,documentation_gap,8.9,57.16
C00688,pro,W04,2025-04-11,True,True,False,False,0.6714,diagnosis_suggestion,10.7,0.0
C00688,pro,W04,2025-03-07,True,True,True,True,0.847,documentation_gap,76.0,119.18
C00688,pro,W04,2025-02-01,True,False,False,False,0.449,diagnosis_suggestion,,0.0
C00689,basic,W11,2025-05-09,True,True,True,True,0.9588,coding_recommendation,3.2,28.02
C00689,basic,W11,2025-04-12,True,True,True,True,0.8722,coding_recommendation,8.3,90.65
C00689,basic,W11,2025-05-08,True,True,True,True,0.8271,diagnosis_suggestion,21.7,34.03
C00690,free,W11,2025-04-20,True,True,True,True,0.9521,diagnosis_suggestion,41.9,28.92
C00690,free,W11,2025-03-16,False,False,False,,,,,0.0
C00690,free,W11,2025-05-06,True,True,True,True,0.5852,documentation_gap,48.8,99.92
C00691,free,W09,2025-03-29,False,False,False,,,,,0.0
C00691,free,W09,2025-04-05,False,False,False,,,,,0.0
C00691,free,W09,2025-04-25,False,False,False,,,,,0.0
C00692,basic,W09,2025-05-18,True,True,False,False,0.5299,coding_recommendation,6.8,0.0
C00692,basic,W09,2025-05-18,False,False,False,,,,,0.0
C00692,basic,W09,2025-03-22,True,True,False,True,0.8479,quality_flag,15.1,0.0
C00693,free,W08,2025-05-13,False,False,False,,,,,0.0
C00693,free,W08,2025-04-03,True,True,True,True,0.9667,documentation_gap,20.7,44.41
C00693,free,W08,2025-03-26,True,False,False,False,0.3431,diagnosis_suggestion,,0.0
C00694,free,W12,2025-05-25,False,False,False,,,,,0.0
C00694,free,W12,2025-04-05,False,False,False,,,,,0.0
C00694,free,W12,2025-04-16,False,False,False,,,,,0.0
C00694,free,W12,2025-03-25,True,True,True,True,0.9201,quality_flag,6.5,53.32
C00694,free,W12,2025-06-02,True,True,False,True,0.9241,quality_flag,2.7,0.0
C00694,free,W12,2025-04-30,True,True,False,True,0.7603,diagnosis_suggestion,17.1,0.0
C00694,free,W12,2025-05-03,False,False,False,,,,,0.0
C00694,free,W12,2025-04-14,True,True,True,True,0.8014,coding_recommendation,30.1,68.82
C00694,free,W12,2025-03-22,True,True,True,True,0.8116,quality_flag,44.2,94.41
C00695,basic,W05,2025-04-22,False,False,False,,,,,0.0
C00695,basic,W05,2025-03-31,True,True,True,True,0.7174,diagnosis_suggestion,5.5,41.81
C00695,basic,W05,2025-02-09,True,True,True,True,0.7634,diagnosis_suggestion,49.4,63.17
C00696,free,W01,2025-02-27,True,True,True,True,0.6355,diagnosis_suggestion,16.0,48.23
C00696,free,W01,2025-01-06,True,True,True,True,0.9447,documentation_gap,25.6,38.62
C00696,free,W01,2025-01-08,False,False,False,,,,,0.0
C00697,free,W02,2025-01-26,False,False,False,,,,,0.0
C00697,free,W02,2025-03-24,True,True,False,True,0.84,quality_flag,27.8,0.0
C00697,free,W02,2025-01-30,False,False,False,,,,,0.0
C00697,free,W02,2025-01-28,False,False,False,,,,,0.0
C00698,free,W12,2025-04-08,False,False,False,,,,,0.0
C00698,free,W12,2025-05-26,True,True,True,True,0.7641,diagnosis_suggestion,21.0,18.87
C00698,free,W12,2025-04-28,True,True,False,True,0.6474,coding_recommendation,69.1,0.0
C00699,pro,W04,2025-02-25,True,True,True,True,0.9313,coding_recommendation,9.8,95.82
C00699,pro,W04,2025-03-21,True,True,True,False,0.6082,documentation_gap,15.7,-18.23
C00699,pro,W04,2025-04-06,True,True,False,False,0.5151,diagnosis_suggestion,67.2,0.0
C00700,free,W09,2025-05-12,False,False,False,,,,,0.0
C00700,free,W09,2025-03-01,True,True,True,True,0.915,quality_flag,32.1,152.53
C00700,free,W09,2025-03-07,False,False,False,,,,,0.0
C00701,free,W04,2025-02-25,True,True,False,True,0.7242,documentation_gap,16.0,0.0
C00701,free,W04,2025-02-11,True,True,True,True,0.9542,diagnosis_suggestion,23.6,46.18
C00701,free,W04,2025-03-23,True,True,True,True,0.6865,coding_recommendation,33.6,34.61
C00702,free,W05,2025-02-03,False,False,False,,,,,0.0
C00702,free,W05,2025-02-24,True,True,False,True,0.6666,quality_flag,13.1,0.0
C00702,free,W05,2025-03-26,True,True,True,True,0.958,diagnosis_suggestion,12.4,21.86
C00703,free,W01,2025-02-28,False,False,False,,,,,0.0
C00703,free,W01,2025-02-11,True,True,True,True,0.7378,diagnosis_suggestion,11.1,22.73
C00703,free,W01,2025-02-12,True,True,True,True,0.8906,quality_flag,70.5,164.0
C00704,pro,W05,2025-04-15,True,True,False,True,0.8552,coding_recommendation,26.0,0.0
C00704,pro,W05,2025-03-08,False,False,False,,,,,0.0
C00704,pro,W05,2025-04-08,True,True,True,True,0.7658,quality_flag,60.4,29.92
C00705,free,W02,2025-02-23,False,False,False,,,,,0.0
C00705,free,W02,2025-01-23,False,False,False,,,,,0.0
C00705,free,W02,2025-01-13,True,True,True,True,0.8199,diagnosis_suggestion,18.2,48.01
C00705,free,W02,2025-03-14,True,True,False,False,0.6812,diagnosis_suggestion,45.7,0.0
C00706,free,W09,2025-03-17,False,False,False,,,,,0.0
C00706,free,W09,2025-03-19,True,True,False,True,0.9039,coding_recommendation,8.7,0.0
C00706,free,W09,2025-05-02,True,True,False,True,0.8951,diagnosis_suggestion,15.2,0.0
C00707,basic,W10,2025-03-06,True,True,True,True,0.6617,diagnosis_suggestion,24.7,36.05
C00707,basic,W10,2025-05-03,True,True,False,True,0.5952,documentation_gap,52.0,0.0
C00707,basic,W10,2025-03-13,False,False,False,,,,,0.0
C00708,basic,W10,2025-03-10,True,True,True,True,0.9204,coding_recommendation,11.2,26.25
C00708,basic,W10,2025-04-04,False,False,False,,,,,0.0
C00708,basic,W10,2025-04-10,False,False,False,,,,,0.0
C00709,free,W12,2025-04-08,False,False,False,,,,,0.0
C00709,free,W12,2025-05-10,False,False,False,,,,,0.0
C00709,free,W12,2025-05-12,True,True,True,True,0.9011,diagnosis_suggestion,30.4,79.64
C00709,free,W12,2025-03-20,True,False,False,False,0.3353,quality_flag,,0.0
C00709,free,W12,2025-05-23,False,False,False,,,,,0.0
C00710,free,W11,2025-04-25,True,True,True,True,0.9016,diagnosis_suggestion,104.4,28.77
C00710,free,W11,2025-05-30,False,False,False,,,,,0.0
C00710,free,W11,2025-04-23,False,False,False,,,,,0.0
C00711,basic,W09,2025-04-10,False,False,False,,,,,0.0
C00711,basic,W09,2025-03-03,True,True,False,True,0.9765,diagnosis_suggestion,11.5,0.0
C00711,basic,W09,2025-03-26,False,False,False,,,,,0.0
C00711,basic,W09,2025-02-28,True,True,False,False,0.6946,diagnosis_suggestion,11.6,0.0
C00711,basic,W09,2025-04-02,False,False,False,,,,,0.0
C00712,basic,W05,2025-04-07,True,False,False,False,0.4336,quality_flag,,0.0
C00712,basic,W05,2025-02-04,False,False,False,,,,,0.0
C00712,basic,W05,2025-02-22,True,True,True,True,0.8158,diagnosis_suggestion,13.5,95.91
C00713,free,W08,2025-05-09,True,True,False,True,0.7473,quality_flag,2.9,0.0
C00713,free,W08,2025-03-11,True,True,False,True,0.6116,coding_recommendation,64.9,0.0
C00713,free,W08,2025-03-21,False,False,False,,,,,0.0
C00714,free,W12,2025-05-21,True,True,True,True,0.9576,quality_flag,9.9,46.63
C00714,free,W12,2025-05-02,True,True,True,True,0.9628,diagnosis_suggestion,15.9,114.2
C00714,free,W12,2025-06-09,True,True,True,True,0.8135,documentation_gap,15.8,127.6
C00715,basic,W10,2025-04-22,False,False,False,,,,,0.0
C00715,basic,W10,2025-03-30,False,False,False,,,,,0.0
C00715,basic,W10,2025-04-21,True,True,True,True,0.9686,diagnosis_suggestion,34.3,42.41
C00716,free,W06,2025-02-14,True,True,False,False,0.5738,quality_flag,5.2,0.0
C00716,free,W06,2025-03-25,False,False,False,,,,,0.0
C00716,free,W06,2025-03-12,True,True,False,True,0.5,quality_flag,20.5,0.0
C00717,free,W10,2025-04-01,True,True,True,True,0.633,coding_recommendation,10.3,12.75
C00717,free,W10,2025-04-25,False,False,False,,,,,0.0
C00717,free,W10,2025-03-29,False,False,False,,,,,0.0
C00718,free,W08,2025-02-23,True,True,True,True,0.9515,quality_flag,20.6,26.89
C00718,free,W08,2025-05-02,False,False,False,,,,,0.0
C00718,free,W08,2025-04-14,False,False,False,,,,,0.0
C00718,free,W08,2025-04-12,False,False,False,,,,,0.0
C00719,basic,W09,2025-04-12,True,True,False,True,0.7415,quality_flag,15.3,0.0
C00719,basic,W09,2025-04-07,True,True,False,True,0.6062,diagnosis_suggestion,16.2,0.0
C00719,basic,W09,2025-03-26,False,False,False,,,,,0.0
C00720,free,W04,2025-04-04,True,True,True,False,0.524,coding_recommendation,22.7,-14.25
C00720,free,W04,2025-04-12,True,True,True,True,0.5887,coding_recommendation,2.3,40.09
C00720,free,W04,2025-03-17,True,True,False,True,0.8483,diagnosis_suggestion,6.3,0.0
C00721,free,W10,2025-05-25,True,True,True,True,0.8607,diagnosis_suggestion,13.4,54.38
C00721,free,W10,2025-04-22,True,True,True,True,0.9033,diagnosis_suggestion,23.7,84.77
C00721,free,W10,2025-05-25,True,True,True,True,0.9346,documentation_gap,181.7,127.39
C00722,pro,W04,2025-01-30,True,True,True,True,0.6008,documentation_gap,23.6,27.67
C00722,pro,W04,2025-02-17,True,True,False,True,0.8193,coding_recommendation,22.4,0.0
C00722,pro,W04,2025-03-04,True,True,False,False,0.5716,quality_flag,7.6,0.0
C00723,pro,W07,2025-03-28,False,False,False,,,,,0.0
C00723,pro,W07,2025-03-25,True,True,False,True,0.7393,quality_flag,2.6,0.0
C00723,pro,W07,2025-03-10,False,False,False,,,,,0.0
C00724,basic,W05,2025-03-03,True,True,True,True,0.8616,documentation_gap,24.5,86.22
C00724,basic,W05,2025-02-08,True,False,False,False,0.3,diagnosis_suggestion,,0.0
C00724,basic,W05,2025-04-17,False,False,False,,,,,0.0
C00725,free,W04,2025-04-11,False,False,False,,,,,0.0
C00725,free,W04,2025-03-20,False,False,False,,,,,0.0
C00725,free,W04,2025-03-13,True,True,True,True,0.7684,diagnosis_suggestion,15.1,41.65
C00725,free,W04,2025-02-07,False,False,False,,,,,0.0
C00725,free,W04,2025-01-27,True,True,True,True,0.6172,diagnosis_suggestion,55.1,90.92
C00725,free,W04,2025-03-03,True,True,False,True,0.9601,coding_recommendation,23.5,0.0
C00725,free,W04,2025-04-05,True,True,True,True,0.8064,documentation_gap,17.5,60.49
C00725,free,W04,2025-02-01,True,True,True,True,0.942,diagnosis_suggestion,55.1,379.14
C00726,pro,W02,2025-02-22,True,False,False,False,0.3,quality_flag,,0.0
C00726,pro,W02,2025-03-01,False,False,False,,,,,0.0
C00726,pro,W02,2025-02-04,True,False,False,False,0.3003,documentation_gap,,0.0
C00727,free,W02,2025-02-13,False,False,False,,,,,0.0
C00727,free,W02,2025-01-16,False,False,False,,,,,0.0
C00727,free,W02,2025-01-17,True,True,True,False,0.6544,quality_flag,10.5,-29.35
C00728,free,W04,2025-04-11,True,True,True,True,0.773,quality_flag,10.4,36.06
C00728,free,W04,2025-03-13,False,False,False,,,,,0.0
C00728,free,W04,2025-04-12,False,False,False,,,,,0.0
C00729,free,W10,2025-03-31,True,True,False,True,0.871,documentation_gap,7.4,0.0
C00729,free,W10,2025-05-20,False,False,False,,,,,0.0
C00729,free,W10,2025-04-23,True,True,False,True,0.8957,coding_recommendation,56.8,0.0
C00730,free,W08,2025-03-02,True,True,True,True,0.7273,quality_flag,83.9,43.18
C00730,free,W08,2025-05-05,True,True,False,True,0.7432,diagnosis_suggestion,28.2,0.0
C00730,free,W08,2025-04-25,False,False,False,,,,,0.0
C00731,free,W08,2025-04-20,False,False,False,,,,,0.0
C00731,free,W08,2025-05-08,True,True,True,True,0.6738,quality_flag,21.1,24.9
C00731,free,W08,2025-04-14,True,True,True,False,0.6517,diagnosis_suggestion,15.1,-17.24
C00732,basic,W07,2025-02-16,False,False,False,,,,,0.0
C00732,basic,W07,2025-03-26,True,True,False,True,0.5708,documentation_gap,5.6,0.0
C00732,basic,W07,2025-05-06,True,True,True,True,0.8461,documentation_gap,12.8,79.64
C00733,pro,W04,2025-02-12,True,True,True,True,0.9346,documentation_gap,43.0,195.88
C00733,pro,W04,2025-01-27,True,True,True,True,0.8492,coding_recommendation,28.0,100.44
C00733,pro,W04,2025-03-05,False,False,False,,,,,0.0
C00734,free,W07,2025-04-30,True,False,False,False,0.3,quality_flag,,0.0
C00734,free,W07,2025-03-04,True,True,True,False,0.6109,quality_flag,5.9,-49.02
C00734,free,W07,2025-05-01,False,False,False,,,,,0.0
C00735,pro,W09,2025-04-03,True,True,False,True,0.5521,documentation_gap,18.9,0.0
C00735,pro,W09,2025-03-16,False,False,False,,,,,0.0
C00735,pro,W09,2025-04-25,True,True,True,True,0.8062,coding_recommendation,85.9,108.38
C00736,basic,W08,2025-02-27,True,True,False,True,0.8943,diagnosis_suggestion,53.1,0.0
C00736,basic,W08,2025-05-13,True,True,False,True,0.8075,coding_recommendation,53.1,0.0
C00736,basic,W08,2025-05-09,True,True,False,True,0.8079,documentation_gap,54.6,0.0
C00737,basic,W05,2025-03-12,False,False,False,,,,,0.0
C00737,basic,W05,2025-03-28,True,False,False,False,0.4785,diagnosis_suggestion,,0.0
C00737,basic,W05,2025-02-19,False,False,False,,,,,0.0
C00738,free,W03,2025-01-26,False,False,False,,,,,0.0
C00738,free,W03,2025-04-01,True,False,False,False,0.4769,diagnosis_suggestion,,0.0
C00738,free,W03,2025-03-20,True,True,True,True,0.9338,coding_recommendation,42.5,51.19
C00739,pro,W02,2025-01-24,True,True,True,False,0.8051,coding_recommendation,76.6,-14.72
C00739,pro,W02,2025-03-06,True,False,False,False,0.3443,coding_recommendation,,0.0
C00739,pro,W02,2025-03-17,True,True,True,True,0.9586,diagnosis_suggestion,48.8,55.83
C00740,free,W04,2025-02-11,False,False,False,,,,,0.0
C00740,free,W04,2025-03-11,False,False,False,,,,,0.0
C00740,free,W04,2025-04-15,False,False,False,,,,,0.0
C00741,pro,W11,2025-04-13,True,True,True,False,0.5177,quality_flag,23.6,-41.59
C00741,pro,W11,2025-04-27,True,True,True,True,0.9832,documentation_gap,16.6,165.61
C00741,pro,W11,2025-04-07,True,True,True,True,0.7966,diagnosis_suggestion,7.5,72.53
C00742,free,W09,2025-05-20,False,False,False,,,,,0.0
C00742,free,W09,2025-04-06,False,False,False,,,,,0.0
C00742,free,W09,2025-04-23,True,True,True,True,0.5204,diagnosis_suggestion,15.2,154.17
C00743,basic,W10,2025-04-29,True,True,True,True,0.7974,diagnosis_suggestion,23.7,121.33
C00743,basic,W10,2025-04-26,True,True,True,True,0.7378,coding_recommendation,28.8,37.64
C00743,basic,W10,2025-05-23,True,True,True,True,0.9256,coding_recommendation,31.2,62.58
C00744,free,W04,2025-02-24,False,False,False,,,,,0.0
C00744,free,W04,2025-04-13,True,True,False,True,0.5835,documentation_gap,50.8,0.0
C00744,free,W04,2025-03-21,False,False,False,,,,,0.0
C00745,free,W09,2025-03-03,True,True,True,True,0.925,quality_flag,24.4,101.83
C00745,free,W09,2025-04-15,True,True,True,True,0.8464,diagnosis_suggestion,8.9,28.22
C00745,free,W09,2025-04-09,True,True,True,True,0.758,quality_flag,13.3,74.46
C00746,free,W10,2025-05-04,True,True,True,True,0.8426,diagnosis_suggestion,47.2,97.2
C00746,free,W10,2025-03-07,True,True,False,True,0.8027,coding_recommendation,14.7,0.0
C00746,free,W10,2025-05-15,False,False,False,,,,,0.0
C00747,free,W05,2025-04-19,True,True,False,True,0.9244,coding_recommendation,96.8,0.0
C00747,free,W05,2025-03-30,True,True,True,True,0.8996,quality_flag,33.9,54.55
C00747,free,W05,2025-02-13,True,True,True,True,0.9265,quality_flag,21.5,18.77
C00748,basic,W03,2025-02-15,False,False,False,,,,,0.0
C00748,basic,W03,2025-03-29,True,True,True,True,0.8828,documentation_gap,29.7,27.53
C00748,basic,W03,2025-03-10,True,True,False,True,0.6655,diagnosis_suggestion,48.0,0.0
C00749,free,W06,2025-04-08,True,True,True,True,0.8465,diagnosis_suggestion,23.4,37.68
C00749,free,W06,2025-03-11,True,True,True,True,0.8134,diagnosis_suggestion,29.1,46.01
C00749,free,W06,2025-04-25,False,False,False,,,,,0.0
C00749,free,W06,2025-03-23,False,False,False,,,,,0.0
C00749,free,W06,2025-04-29,False,False,False,,,,,0.0
C00750,basic,W09,2025-04-30,True,True,True,True,0.9157,quality_flag,14.9,73.58
C00750,basic,W09,2025-04-10,False,False,False,,,,,0.0
C00750,basic,W09,2025-03-31,True,True,True,True,0.5542,diagnosis_suggestion,20.3,56.22
C00751,free,W08,2025-04-06,False,False,False,,,,,0.0
C00751,free,W08,2025-03-16,False,False,False,,,,,0.0
C00751,free,W08,2025-04-29,False,False,False,,,,,0.0
C00752,pro,W03,2025-03-02,True,True,True,True,0.8652,quality_flag,10.5,36.89
C00752,pro,W03,2025-03-02,True,True,True,True,0.9752,documentation_gap,12.9,26.6
C00752,pro,W03,2025-03-26,True,True,True,True,0.952,documentation_gap,31.9,46.02
C00753,basic,W04,2025-02-23,False,False,False,,,,,0.0
C00753,basic,W04,2025-01-22,True,True,False,True,0.7939,diagnosis_suggestion,26.1,0.0
C00753,basic,W04,2025-04-03,False,False,False,,,,,0.0
C00754,pro,W04,2025-03-24,True,True,False,True,0.769,coding_recommendation,51.5,0.0
C00754,pro,W04,2025-01-23,True,True,True,True,0.7501,diagnosis_suggestion,8.7,237.29
C00754,pro,W04,2025-03-28,True,True,True,True,0.7031,diagnosis_suggestion,17.6,23.65
C00755,free,W01,2025-03-09,True,True,True,True,0.7204,diagnosis_suggestion,14.5,77.08
C00755,free,W01,2025-03-15,True,False,False,False,0.419,coding_recommendation,,0.0
C00755,free,W01,2025-03-02,False,False,False,,,,,0.0
C00756,free,W12,2025-05-06,True,False,False,False,0.3,diagnosis_suggestion,,0.0
C00756,free,W12,2025-03-24,False,False,False,,,,,0.0
C00756,free,W12,2025-06-08,False,False,False,,,,,0.0
C00757,pro,W05,2025-02-24,True,True,True,True,0.9271,coding_recommendation,16.7,39.49
C00757,pro,W05,2025-02-07,True,True,True,False,0.6686,diagnosis_suggestion,40.6,-17.43
C00757,pro,W05,2025-04-08,True,True,True,False,0.532,coding_recommendation,35.1,-16.22
C00758,basic,W12,2025-04-04,True,True,True,True,0.7777,diagnosis_suggestion,17.8,104.1
C00758,basic,W12,2025-05-25,True,True,True,True,0.823,documentation_gap,48.1,77.28
C00758,basic,W12,2025-05-30,True,False,False,False,0.4928,coding_recommendation,,0.0
C00759,basic,W03,2025-02-13,True,True,False,True,0.9061,documentation_gap,14.9,0.0
C00759,basic,W03,2025-03-18,True,True,False,True,0.7274,quality_flag,13.9,0.0
C00759,basic,W03,2025-03-07,True,True,True,True,0.9336,coding_recommendation,29.0,54.95
C00760,free,W07,2025-02-27,False,False,False,,,,,0.0
C00760,free,W07,2025-02-16,False,False,False,,,,,0.0
C00760,free,W07,2025-03-30,False,False,False,,,,,0.0
C00761,basic,W07,2025-04-24,False,False,False,,,,,0.0
C00761,basic,W07,2025-05-05,False,False,False,,,,,0.0
C00761,basic,W07,2025-05-03,False,False,False,,,,,0.0
C00761,basic,W07,2025-04-14,True,True,True,True,0.6477,diagnosis_suggestion,19.4,74.28
C00762,free,W05,2025-04-05,True,True,True,True,0.8358,coding_recommendation,15.2,62.9
C00762,free,W05,2025-02-13,False,False,False,,,,,0.0
C00762,free,W05,2025-04-11,False,False,False,,,,,0.0
C00763,free,W05,2025-04-09,False,False,False,,,,,0.0
C00763,free,W05,2025-03-31,True,True,True,True,0.8981,diagnosis_suggestion,29.3,54.03
C00763,free,W05,2025-04-21,False,False,False,,,,,0.0
C00764,free,W01,2025-03-21,False,False,False,,,,,0.0
C00764,free,W01,2025-01-07,False,False,False,,,,,0.0
C00764,free,W01,2025-02-24,True,False,False,False,0.3033,coding_recommendation,,0.0
C00764,free,W01,2025-01-14,True,True,True,True,0.8021,coding_recommendation,27.9,234.08
C00765,basic,W04,2025-02-20,False,False,False,,,,,0.0
C00765,basic,W04,2025-01-28,True,False,False,False,0.3279,diagnosis_suggestion,,0.0
C00765,basic,W04,2025-02-06,True,True,False,True,0.9515,diagnosis_suggestion,44.2,0.0
C00765,basic,W04,2025-02-22,True,True,True,False,0.6089,coding_recommendation,54.6,-14.71
C00765,basic,W04,2025-04-07,True,True,True,True,0.7878,diagnosis_suggestion,11.9,79.65
C00765,basic,W04,2025-03-04,True,True,True,True,0.5804,quality_flag,119.1,57.62
C00766,free,W01,2025-01-04,False,False,False,,,,,0.0
C00766,free,W01,2025-03-25,True,False,False,False,0.3,diagnosis_suggestion,,0.0
C00766,free,W01,2025-01-09,True,True,True,True,0.9094,coding_recommendation,4.9,57.27
C00767,free,W01,2025-01-31,True,False,False,False,0.4403,documentation_gap,,0.0
C00767,free,W01,2025-02-14,True,True,False,True,0.8069,coding_recommendation,2.6,0.0
C00767,free,W01,2025-02-07,True,True,True,True,0.7806,documentation_gap,106.6,121.81
C00768,pro,W08,2025-03-26,True,True,True,True,0.9006,documentation_gap,23.6,70.71
C00768,pro,W08,2025-04-10,True,True,True,True,0.8279,coding_recommendation,18.0,53.03
C00768,pro,W08,2025-04-07,True,True,True,True,0.8127,diagnosis_suggestion,53.0,87.44
C00769,free,W09,2025-03-23,True,False,False,False,0.3,documentation_gap,,0.0
C00769,free,W09,2025-05-06,True,True,True,True,0.8039,diagnosis_suggestion,12.4,55.9
C00769,free,W09,2025-04-18,True,True,False,True,0.6061,documentation_gap,38.0,0.0
C00770,free,W02,2025-02-19,True,True,True,True,0.6176,coding_recommendation,38.8,33.09
C00770,free,W02,2025-03-15,False,False,False,,,,,0.0
C00770,free,W02,2025-01-20,False,False,False,,,,,0.0
C00771,free,W09,2025-05-14,False,False,False,,,,,0.0
C00771,free,W09,2025-03-10,True,True,True,True,0.845,diagnosis_suggestion,25.0,114.96
C00771,free,W09,2025-03-01,True,True,False,True,0.8148,coding_recommendation,15.0,0.0
C00772,pro,W01,2025-01-21,True,False,False,False,0.3,coding_recommendation,,0.0
C00772,pro,W01,2025-02-06,True,False,False,False,0.3,documentation_gap,,0.0
C00772,pro,W01,2025-01-07,True,True,True,True,0.7109,diagnosis_suggestion,47.2,85.7
C00773,free,W09,2025-03-05,False,False,False,,,,,0.0
C00773,free,W09,2025-05-08,True,False,False,False,0.3,quality_flag,,0.0
C00773,free,W09,2025-04-13,False,False,False,,,,,0.0
C00773,free,W09,2025-04-22,False,False,False,,,,,0.0
C00773,free,W09,2025-05-08,False,False,False,,,,,0.0
C00773,free,W09,2025-05-13,False,False,False,,,,,0.0
C00773,free,W09,2025-03-12,False,False,False,,,,,0.0
C00774,basic,W01,2025-02-28,False,False,False,,,,,0.0
C00774,basic,W01,2025-01-07,True,True,False,True,0.8262,diagnosis_suggestion,24.4,0.0
C00774,basic,W01,2025-02-21,False,False,False,,,,,0.0
C00775,pro,W10,2025-04-27,False,False,False,,,,,0.0
C00775,pro,W10,2025-03-21,True,True,True,False,0.6126,quality_flag,7.1,-25.17
C00775,pro,W10,2025-04-06,True,True,True,True,0.9359,coding_recommendation,4.8,172.15
C00775,pro,W10,2025-05-09,True,True,True,True,0.6018,documentation_gap,18.3,84.16
C00775,pro,W10,2025-05-11,False,False,False,,,,,0.0
C00776,free,W10,2025-04-22,True,True,True,True,0.864,documentation_gap,60.7,40.16
C00776,free,W10,2025-05-11,True,True,True,True,0.7495,quality_flag,22.4,150.84
C00776,free,W10,2025-05-23,False,False,False,,,,,0.0
C00777,free,W08,2025-03-04,True,True,False,True,0.7106,diagnosis_suggestion,40.7,0.0
C00777,free,W08,2025-03-04,True,True,True,False,0.702,documentation_gap,28.2,-18.02
C00777,free,W08,2025-04-09,True,True,False,True,0.9386,quality_flag,13.5,0.0
C00778,basic,W01,2025-01-01,False,False,False,,,,,0.0
C00778,basic,W01,2025-01-28,True,True,True,True,0.6615,coding_recommendation,15.7,27.5
C00778,basic,W01,2025-02-07,False,False,False,,,,,0.0
C00779,free,W08,2025-04-02,True,True,False,True,0.6813,coding_recommendation,14.4,0.0
C00779,free,W08,2025-04-20,True,True,True,True,0.7772,coding_recommendation,20.7,35.24
C00779,free,W08,2025-03-05,True,True,False,False,0.6857,coding_recommendation,22.4,0.0
C00780,basic,W01,2025-01-02,False,False,False,,,,,0.0
C00780,basic,W01,2025-03-07,False,False,False,,,,,0.0
C00780,basic,W01,2025-01-07,True,False,False,False,0.3628,documentation_gap,,0.0
C00781,free,W08,2025-03-20,True,True,True,True,0.7165,quality_flag,24.0,66.09
C00781,free,W08,2025-03-20,True,True,False,True,0.5201,diagnosis_suggestion,11.1,0.0
C00781,free,W08,2025-05-13,True,True,True,True,0.5,diagnosis_suggestion,239.2,21.29
C00782,free,W02,2025-01-27,True,True,True,True,0.6182,diagnosis_suggestion,32.9,113.68
C00782,free,W02,2025-01-11,False,False,False,,,,,0.0
C00782,free,W02,2025-01-22,False,False,False,,,,,0.0
C00783,free,W05,2025-02-26,False,False,False,,,,,0.0
C00783,free,W05,2025-04-12,True,True,True,True,0.8691,diagnosis_suggestion,10.9,32.45
C00783,free,W05,2025-03-25,True,True,True,True,0.5842,diagnosis_suggestion,29.1,98.79
C00784,free,W07,2025-03-07,False,False,False,,,,,0.0
C00784,free,W07,2025-03-27,True,True,True,True,0.8995,quality_flag,40.8,95.83
C00784,free,W07,2025-03-05,False,False,False,,,,,0.0
C00785,pro,W08,2025-04-13,True,True,True,True,0.6772,quality_flag,8.3,40.74
C00785,pro,W08,2025-03-03,True,True,False,False,0.6137,quality_flag,54.2,0.0
C00785,pro,W08,2025-02-21,False,False,False,,,,,0.0
C00786,basic,W12,2025-05-09,True,True,False,True,0.8885,coding_recommendation,56.5,0.0
C00786,basic,W12,2025-05-07,True,True,True,True,0.6293,quality_flag,116.7,91.65
C00786,basic,W12,2025-06-05,True,True,False,True,0.7503,coding_recommendation,19.0,0.0
C00787,basic,W06,2025-03-09,True,False,False,False,0.3487,coding_recommendation,,0.0
C00787,basic,W06,2025-04-05,True,True,True,False,0.6914,diagnosis_suggestion,44.1,-16.12
C00787,basic,W06,2025-04-27,True,True,True,True,0.7216,coding_recommendation,13.5,149.96
C00788,free,W08,2025-03-30,False,False,False,,,,,0.0
C00788,free,W08,2025-03-07,False,False,False,,,,,0.0
C00788,free,W08,2025-04-08,False,False,False,,,,,0.0
C00788,free,W08,2025-04-11,True,True,False,True,0.9265,documentation_gap,6.7,0.0
C00789,basic,W03,2025-02-05,True,True,False,True,0.5552,quality_flag,10.7,0.0
C00789,basic,W03,2025-04-01,False,False,False,,,,,0.0
C00789,basic,W03,2025-01-23,True,True,False,True,0.8428,diagnosis_suggestion,130.2,0.0
C00790,free,W07,2025-03-29,True,False,False,False,0.3355,documentation_gap,,0.0
C00790,free,W07,2025-03-20,True,False,False,False,0.3855,quality_flag,,0.0
C00790,free,W07,2025-02-12,True,True,False,True,0.7558,diagnosis_suggestion,7.3,0.0
C00790,free,W07,2025-05-05,False,False,False,,,,,0.0
C00790,free,W07,2025-02-24,True,True,True,True,0.8964,coding_recommendation,20.9,33.44
C00790,free,W07,2025-02-18,False,False,False,,,,,0.0
C00790,free,W07,2025-04-01,False,False,False,,,,,0.0
C00790,free,W07,2025-02-24,False,False,False,,,,,0.0
C00790,free,W07,2025-04-07,False,False,False,,,,,0.0
C00790,free,W07,2025-03-27,True,False,False,False,0.371,coding_recommendation,,0.0
C00791,free,W07,2025-03-25,True,True,False,True,0.7973,coding_recommendation,35.3,0.0
C00791,free,W07,2025-03-22,True,True,False,True,0.8747,coding_recommendation,13.1,0.0
C00791,free,W07,2025-03-07,True,True,False,True,0.7824,documentation_gap,23.5,0.0
C00792,free,W02,2025-03-17,True,False,False,False,0.366,coding_recommendation,,0.0
C00792,free,W02,2025-03-21,False,False,False,,,,,0.0
C00792,free,W02,2025-03-17,True,True,True,True,0.8691,quality_flag,31.6,111.45
C00793,pro,W10,2025-05-10,False,False,False,,,,,0.0
C00793,pro,W10,2025-04-30,True,False,False,False,0.4634,quality_flag,,0.0
C00793,pro,W10,2025-05-23,True,True,True,True,0.719,diagnosis_suggestion,15.5,107.09
C00794,free,W03,2025-02-21,True,False,False,False,0.4562,coding_recommendation,,0.0
C00794,free,W03,2025-02-02,False,False,False,,,,,0.0
C00794,free,W03,2025-02-22,True,True,False,True,0.8389,coding_recommendation,21.9,0.0
C00795,free,W08,2025-03-05,False,False,False,,,,,0.0
C00795,free,W08,2025-05-09,False,False,False,,,,,0.0
C00795,free,W08,2025-04-11,False,False,False,,,,,0.0
C00796,free,W11,2025-05-09,False,False,False,,,,,0.0
C00796,free,W11,2025-03-12,False,False,False,,,,,0.0
C00796,free,W11,2025-03-30,True,False,False,False,0.4056,documentation_gap,,0.0
C00797,free,W09,2025-04-29,True,False,False,False,0.3,documentation_gap,,0.0
C00797,free,W09,2025-05-11,False,False,False,,,,,0.0
C00797,free,W09,2025-04-13,False,False,False,,,,,0.0
C00798,basic,W02,2025-01-10,True,True,True,True,0.8578,documentation_gap,16.4,170.26
C00798,basic,W02,2025-02-26,False,False,False,,,,,0.0
C00798,basic,W02,2025-01-15,False,False,False,,,,,0.0
C00799,free,W09,2025-04-23,True,True,True,True,0.8307,coding_recommendation,31.8,88.84
C00799,free,W09,2025-04-15,False,False,False,,,,,0.0
C00799,free,W09,2025-03-21,False,False,False,,,,,0.0
C00799,free,W09,2025-04-15,False,False,False,,,,,0.0
C00799,free,W09,2025-05-06,False,False,False,,,,,0.0
C00800,free,W03,2025-02-01,True,True,False,True,0.7034,quality_flag,10.5,0.0
C00800,free,W03,2025-02-04,True,True,True,True,0.9119,quality_flag,49.9,64.79
C00800,free,W03,2025-04-03,True,True,True,True,0.8775,diagnosis_suggestion,10.7,23.06
C00801,basic,W01,2025-01-02,False,False,False,,,,,0.0
C00801,basic,W01,2025-01-19,True,True,False,True,0.6278,diagnosis_suggestion,2.1,0.0
C00801,basic,W01,2025-01-18,True,True,False,True,0.8412,coding_recommendation,14.5,0.0
C00801,basic,W01,2025-03-16,True,True,True,True,0.9101,diagnosis_suggestion,42.1,14.42
C00801,basic,W01,2025-02-26,False,False,False,,,,,0.0
C00802,pro,W11,2025-03-25,True,True,True,True,0.8252,quality_flag,41.8,141.71
C00802,pro,W11,2025-05-17,False,False,False,,,,,0.0
C00802,pro,W11,2025-05-13,False,False,False,,,,,0.0
C00802,pro,W11,2025-03-18,False,False,False,,,,,0.0
C00802,pro,W11,2025-04-14,False,False,False,,,,,0.0
C00803,free,W01,2025-03-02,False,False,False,,,,,0.0
C00803,free,W01,2025-03-25,False,False,False,,,,,0.0
C00803,free,W01,2025-02-02,False,False,False,,,,,0.0
C00804,free,W07,2025-02-28,True,True,True,True,0.8981,documentation_gap,10.2,142.69
C00804,free,W07,2025-03-12,False,False,False,,,,,0.0
C00804,free,W07,2025-04-22,True,True,True,True,0.8996,diagnosis_suggestion,8.2,84.22
C00805,pro,W08,2025-03-05,True,False,False,False,0.3491,documentation_gap,,0.0
C00805,pro,W08,2025-03-26,False,False,False,,,,,0.0
C00805,pro,W08,2025-03-11,True,True,True,True,0.6318,quality_flag,38.9,122.94
C00806,pro,W01,2025-03-12,False,False,False,,,,,0.0
C00806,pro,W01,2025-02-15,True,True,False,True,0.9683,documentation_gap,3.6,0.0
C00806,pro,W01,2025-03-13,False,False,False,,,,,0.0
C00806,pro,W01,2025-02-11,True,False,False,False,0.3,diagnosis_suggestion,,0.0
C00806,pro,W01,2025-01-25,True,True,False,True,0.7982,coding_recommendation,5.0,0.0
C00806,pro,W01,2025-03-18,True,True,False,True,0.7575,documentation_gap,61.6,0.0
C00807,free,W11,2025-04-05,True,True,True,True,0.7675,diagnosis_suggestion,14.6,194.82
C00807,free,W11,2025-04-23,False,False,False,,,,,0.0
C00807,free,W11,2025-03-25,False,False,False,,,,,0.0
C00808,free,W07,2025-04-15,True,True,False,False,0.5788,coding_recommendation,5.5,0.0
C00808,free,W07,2025-02-19,False,False,False,,,,,0.0
C00808,free,W07,2025-02-15,True,True,True,True,0.5456,documentation_gap,28.8,43.99
C00809,basic,W07,2025-04-12,True,True,True,True,0.6995,documentation_gap,12.1,67.93
C00809,basic,W07,2025-02-26,True,True,False,True,0.5321,diagnosis_suggestion,25.1,0.0
C00809,basic,W07,2025-03-20,True,True,False,True,0.7774,documentation_gap,48.2,0.0
C00810,pro,W07,2025-05-06,True,True,True,True,0.7784,coding_recommendation,45.6,24.9
C00810,pro,W07,2025-03-04,True,True,False,True,0.931,quality_flag,25.4,0.0
C00810,pro,W07,2025-03-03,True,True,True,True,0.8068,coding_recommendation,14.2,124.08
C00811,free,W06,2025-04-27,False,False,False,,,,,0.0
C00811,free,W06,2025-03-12,False,False,False,,,,,0.0
C00811,free,W06,2025-04-15,False,False,False,,,,,0.0
C00812,basic,W04,2025-02-16,True,True,True,True,0.9388,quality_flag,22.8,78.06
C00812,basic,W04,2025-02-02,False,False,False,,,,,0.0
C00812,basic,W04,2025-02-01,True,True,False,True,0.5823,diagnosis_suggestion,7.5,0.0
C00813,pro,W04,2025-02-23,True,True,True,True,0.8707,diagnosis_suggestion,4.5,49.42
C00813,pro,W04,2025-04-12,True,True,True,False,0.6208,quality_flag,29.3,-44.16
C00813,pro,W04,2025-03-30,True,True,True,True,0.7704,diagnosis_suggestion,31.7,59.08
C00814,pro,W10,2025-04-07,True,True,False,True,0.8831,coding_recommendation,16.6,0.0
C00814,pro,W10,2025-03-25,True,True,True,True,0.9697,quality_flag,18.2,85.71
C00814,pro,W10,2025-05-27,True,True,True,True,0.7353,coding_recommendation,31.8,27.7
C00814,pro,W10,2025-03-15,True,True,True,True,0.9237,diagnosis_suggestion,14.7,40.43
C00815,basic,W06,2025-03-11,True,True,False,True,0.6747,coding_recommendation,33.7,0.0
C00815,basic,W06,2025-03-22,True,True,True,True,0.6625,diagnosis_suggestion,17.7,152.3
C00815,basic,W06,2025-03-07,False,False,False,,,,,0.0
C00816,free,W12,2025-04-06,True,True,True,True,0.7337,quality_flag,6.2,35.72
C00816,free,W12,2025-03-30,False,False,False,,,,,0.0
C00816,free,W12,2025-04-20,True,True,False,True,0.8207,coding_recommendation,83.6,0.0
C00817,free,W08,2025-04-26,False,False,False,,,,,0.0
C00817,free,W08,2025-03-22,False,False,False,,,,,0.0
C00817,free,W08,2025-02-26,True,True,True,True,0.6677,diagnosis_suggestion,17.3,64.15
C00818,free,W08,2025-04-19,True,True,True,True,0.6206,coding_recommendation,45.4,73.02
C00818,free,W08,2025-04-20,True,True,True,True,0.8769,coding_recommendation,108.8,74.71
C00818,free,W08,2025-04-14,False,False,False,,,,,0.0
C00819,basic,W03,2025-01-30,True,True,False,True,0.8127,diagnosis_suggestion,13.6,0.0
C00819,basic,W03,2025-01-31,False,False,False,,,,,0.0
C00819,basic,W03,2025-03-02,True,True,True,False,0.6178,documentation_gap,29.0,-9.8
C00820,free,W10,2025-04-25,False,False,False,,,,,0.0
C00820,free,W10,2025-04-11,False,False,False,,,,,0.0
C00820,free,W10,2025-04-10,False,False,False,,,,,0.0
C00821,free,W12,2025-04-30,True,True,False,True,0.8577,coding_recommendation,27.8,0.0
C00821,free,W12,2025-06-05,False,False,False,,,,,0.0
C00821,free,W12,2025-06-02,True,True,False,True,0.6497,diagnosis_suggestion,49.4,0.0
C00821,free,W12,2025-05-20,True,True,True,True,0.7973,coding_recommendation,14.8,52.28
C00821,free,W12,2025-04-01,True,True,True,True,0.8578,documentation_gap,7.6,62.36
C00821,free,W12,2025-06-05,True,True,False,True,0.7497,diagnosis_suggestion,17.7,0.0
C00822,free,W06,2025-03-26,True,True,True,True,0.9631,diagnosis_suggestion,4.6,31.8
C00822,free,W06,2025-02-23,True,False,False,False,0.4356,documentation_gap,,0.0
C00822,free,W06,2025-02-20,True,True,True,True,0.6461,documentation_gap,32.8,106.21
C00822,free,W06,2025-03-19,False,False,False,,,,,0.0
C00822,free,W06,2025-04-01,False,False,False,,,,,0.0
C00822,free,W06,2025-02-20,True,False,False,False,0.406,diagnosis_suggestion,,0.0
C00823,free,W04,2025-03-18,False,False,False,,,,,0.0
C00823,free,W04,2025-01-31,True,True,True,True,0.7466,diagnosis_suggestion,20.6,104.4
C00823,free,W04,2025-03-10,False,False,False,,,,,0.0
C00824,free,W09,2025-03-04,True,True,False,True,0.615,documentation_gap,26.7,0.0
C00824,free,W09,2025-03-08,True,True,False,False,0.5245,quality_flag,32.6,0.0
C00824,free,W09,2025-04-07,False,False,False,,,,,0.0
C00825,pro,W07,2025-03-05,True,True,True,True,0.9037,diagnosis_suggestion,114.2,44.16
C00825,pro,W07,2025-04-13,True,True,True,True,0.7369,coding_recommendation,8.4,46.3
C00825,pro,W07,2025-02-22,True,False,False,False,0.472,coding_recommendation,,0.0
C00826,pro,W08,2025-04-02,False,False,False,,,,,0.0
C00826,pro,W08,2025-05-10,True,False,False,False,0.3,quality_flag,,0.0
C00826,pro,W08,2025-04-25,True,True,True,True,0.8321,diagnosis_suggestion,4.4,166.81
C00827,pro,W01,2025-03-16,True,True,True,True,0.6781,quality_flag,16.3,56.64
C00827,pro,W01,2025-01-16,True,True,True,True,0.7599,quality_flag,22.8,110.53
C00827,pro,W01,2025-03-18,False,False,False,,,,,0.0
C00828,free,W04,2025-02-01,False,False,False,,,,,0.0
C00828,free,W04,2025-03-03,True,True,True,False,0.7256,documentation_gap,5.9,-8.43
C00828,free,W04,2025-02-05,True,True,False,True,0.8664,coding_recommendation,12.2,0.0
C00829,free,W06,2025-03-05,False,False,False,,,,,0.0
C00829,free,W06,2025-04-22,False,False,False,,,,,0.0
C00829,free,W06,2025-04-04,False,False,False,,,,,0.0
C00830,pro,W06,2025-03-18,True,True,False,True,0.7238,diagnosis_suggestion,15.0,0.0
C00830,pro,W06,2025-03-21,True,True,True,True,0.7046,diagnosis_suggestion,10.4,69.08
C00830,pro,W06,2025-02-10,True,True,True,False,0.5005,diagnosis_suggestion,13.9,-25.28
C00831,free,W02,2025-01-08,False,False,False,,,,,0.0
C00831,free,W02,2025-03-10,True,True,True,True,0.6924,quality_flag,10.9,129.98
C00831,free,W02,2025-01-29,True,True,True,True,0.6961,coding_recommendation,18.5,33.7
C00831,free,W02,2025-01-10,False,False,False,,,,,0.0
C00832,free,W07,2025-04-30,True,True,False,True,0.8062,diagnosis_suggestion,25.3,0.0
C00832,free,W07,2025-04-13,False,False,False,,,,,0.0
C00832,free,W07,2025-04-21,True,True,True,True,0.7111,diagnosis_suggestion,36.2,16.33
C00833,free,W03,2025-02-25,True,True,False,True,0.9637,documentation_gap,29.6,0.0
C00833,free,W03,2025-03-28,False,False,False,,,,,0.0
C00833,free,W03,2025-01-22,True,True,True,True,0.5,quality_flag,10.8,34.56
C00834,free,W06,2025-03-30,False,False,False,,,,,0.0
C00834,free,W06,2025-04-02,True,False,False,False,0.369,quality_flag,,0.0
C00834,free,W06,2025-03-14,False,False,False,,,,,0.0
C00835,free,W12,2025-04-19,True,True,True,True,0.5637,diagnosis_suggestion,36.8,48.29
C00835,free,W12,2025-05-14,False,False,False,,,,,0.0
C00835,free,W12,2025-04-20,False,False,False,,,,,0.0
C00836,pro,W03,2025-02-06,True,True,True,False,0.5962,diagnosis_suggestion,25.1,-60.68
C00836,pro,W03,2025-04-08,True,True,False,True,0.7463,coding_recommendation,27.6,0.0
C00836,pro,W03,2025-02-12,True,True,True,True,0.7629,diagnosis_suggestion,8.0,80.87
C00837,basic,W06,2025-04-26,True,True,False,True,0.8919,diagnosis_suggestion,25.2,0.0
C00837,basic,W06,2025-03-15,True,False,False,False,0.484,diagnosis_suggestion,,0.0
C00837,basic,W06,2025-04-03,True,True,True,False,0.7961,documentation_gap,33.1,-20.72
C00838,free,W10,2025-04-19,True,True,False,True,0.9246,diagnosis_suggestion,50.6,0.0
C00838,free,W10,2025-04-13,True,False,False,False,0.344,coding_recommendation,,0.0
C00838,free,W10,2025-03-24,True,True,False,True,0.8059,coding_recommendation,18.8,0.0
C00839,pro,W10,2025-04-17,True,True,False,True,0.5388,diagnosis_suggestion,2.2,0.0
C00839,pro,W10,2025-04-14,False,False,False,,,,,0.0
C00839,pro,W10,2025-03-08,False,False,False,,,,,0.0
C00839,pro,W10,2025-05-27,True,True,True,True,0.905,quality_flag,19.5,61.86
C00839,pro,W10,2025-05-02,True,True,True,True,0.7513,quality_flag,24.0,51.1
C00840,free,W08,2025-03-03,False,False,False,,,,,0.0
C00840,free,W08,2025-02-26,True,True,False,True,0.5,coding_recommendation,11.8,0.0
C00840,free,W08,2025-03-09,True,True,True,True,0.6785,diagnosis_suggestion,4.1,118.72
C00840,free,W08,2025-03-21,True,True,False,False,0.5793,documentation_gap,53.2,0.0
C00841,basic,W05,2025-02-23,True,True,True,True,0.784,diagnosis_suggestion,35.3,55.09
C00841,basic,W05,2025-02-09,True,True,False,True,0.9246,documentation_gap,10.8,0.0
C00841,basic,W05,2025-04-12,True,True,True,True,0.97,documentation_gap,9.0,120.35
C00842,basic,W01,2025-02-27,True,False,False,False,0.3,documentation_gap,,0.0
C00842,basic,W01,2025-01-14,True,True,False,True,0.8988,coding_recommendation,12.3,0.0
C00842,basic,W01,2025-02-22,True,True,True,True,0.9225,diagnosis_suggestion,43.4,41.9
C00842,basic,W01,2025-02-02,True,True,False,True,0.9192,documentation_gap,8.9,0.0
C00842,basic,W01,2025-03-04,False,False,False,,,,,0.0
C00842,basic,W01,2025-03-06,True,False,False,False,0.4515,documentation_gap,,0.0
C00843,pro,W03,2025-02-22,True,True,True,True,0.5727,diagnosis_suggestion,26.1,66.93
C00843,pro,W03,2025-02-09,True,False,False,False,0.324,documentation_gap,,0.0
C00843,pro,W03,2025-04-08,True,True,False,False,0.5089,diagnosis_suggestion,30.1,0.0
C00844,free,W01,2025-02-05,True,True,False,True,0.7381,documentation_gap,29.0,0.0
C00844,free,W01,2025-01-29,False,False,False,,,,,0.0
C00844,free,W01,2025-02-27,False,False,False,,,,,0.0
C00845,free,W08,2025-04-17,True,False,False,False,0.4298,coding_recommendation,,0.0
C00845,free,W08,2025-03-27,False,False,False,,,,,0.0
C00845,free,W08,2025-03-16,True,True,False,True,0.7872,diagnosis_suggestion,17.5,0.0
C00846,free,W07,2025-03-27,False,False,False,,,,,0.0
C00846,free,W07,2025-04-15,False,False,False,,,,,0.0
C00846,free,W07,2025-04-26,True,True,True,True,0.7764,diagnosis_suggestion,7.1,99.84
C00847,free,W11,2025-05-25,False,False,False,,,,,0.0
C00847,free,W11,2025-04-10,True,True,True,True,0.8679,documentation_gap,19.7,81.81
C00847,free,W11,2025-04-04,True,True,False,True,0.7458,documentation_gap,18.4,0.0
C00848,pro,W10,2025-05-02,False,False,False,,,,,0.0
C00848,pro,W10,2025-05-18,True,True,True,True,0.9749,coding_recommendation,12.7,186.53
C00848,pro,W10,2025-03-25,True,True,False,True,0.6861,coding_recommendation,4.7,0.0
C00848,pro,W10,2025-03-28,True,True,True,True,0.7072,diagnosis_suggestion,26.2,89.48
C00848,pro,W10,2025-04-03,True,True,True,True,0.9453,documentation_gap,11.9,50.11
C00849,basic,W12,2025-05-11,True,True,True,True,0.6406,coding_recommendation,7.7,51.93
C00849,basic,W12,2025-03-20,True,False,False,False,0.3259,diagnosis_suggestion,,0.0
C00849,basic,W12,2025-04-19,True,False,False,False,0.3144,diagnosis_suggestion,,0.0
C00850,basic,W12,2025-06-07,False,False,False,,,,,0.0
C00850,basic,W12,2025-04-02,True,True,True,True,0.7361,documentation_gap,24.0,51.83
C00850,basic,W12,2025-06-10,True,True,True,True,0.8419,documentation_gap,6.5,40.73
C00851,basic,W04,2025-02-03,False,False,False,,,,,0.0
C00851,basic,W04,2025-03-08,True,True,False,True,0.6405,diagnosis_suggestion,39.3,0.0
C00851,basic,W04,2025-03-24,True,True,True,True,0.7371,diagnosis_suggestion,23.0,38.6
C00852,free,W11,2025-04-02,False,False,False,,,,,0.0
C00852,free,W11,2025-03-25,False,False,False,,,,,0.0
C00852,free,W11,2025-03-23,True,True,True,True,0.8764,documentation_gap,5.2,45.91
C00853,free,W04,2025-03-27,False,False,False,,,,,0.0
C00853,free,W04,2025-04-09,True,True,True,True,0.7479,documentation_gap,36.8,78.61
C00853,free,W04,2025-01-22,False,False,False,,,,,0.0
C00854,free,W01,2025-01-21,True,False,False,False,0.4588,quality_flag,,0.0
C00854,free,W01,2025-02-21,True,True,True,True,0.7064,quality_flag,20.6,43.72
C00854,free,W01,2025-01-30,False,False,False,,,,,0.0
C00855,pro,W04,2025-03-24,True,True,True,True,0.7662,diagnosis_suggestion,18.5,91.3
C00855,pro,W04,2025-02-04,True,True,True,True,0.9166,documentation_gap,11.1,109.59
C00855,pro,W04,2025-01-30,False,False,False,,,,,0.0
C00856,free,W01,2025-03-25,False,False,False,,,,,0.0
C00856,free,W01,2025-03-07,True,True,True,True,0.5619,documentation_gap,32.3,61.05
C00856,free,W01,2025-03-13,False,False,False,,,,,0.0
C00856,free,W01,2025-02-13,True,True,True,True,0.7856,coding_recommendation,39.5,73.17
C00856,free,W01,2025-02-17,False,False,False,,,,,0.0
C00856,free,W01,2025-02-06,True,True,False,False,0.7823,quality_flag,13.9,0.0
C00856,free,W01,2025-03-03,True,True,True,True,0.9107,diagnosis_suggestion,21.9,68.52
C00857,basic,W05,2025-03-18,True,True,True,True,0.8659,coding_recommendation,26.3,72.78
C00857,basic,W05,2025-02-22,True,True,False,True,0.8197,coding_recommendation,13.8,0.0
C00857,basic,W05,2025-02-24,False,False,False,,,,,0.0
C00858,pro,W05,2025-03-08,True,True,True,True,0.9312,documentation_gap,59.6,32.09
C00858,pro,W05,2025-04-19,True,False,False,False,0.4282,quality_flag,,0.0
C00858,pro,W05,2025-02-06,True,True,False,True,0.9652,diagnosis_suggestion,8.0,0.0
C00859,free,W02,2025-01-12,True,True,True,True,0.8644,documentation_gap,73.8,37.68
C00859,free,W02,2025-02-28,True,True,True,True,0.7266,coding_recommendation,4.3,40.79
C00859,free,W02,2025-02-19,True,False,False,False,0.3307,quality_flag,,0.0
C00860,pro,W10,2025-05-17,True,True,True,True,0.7972,documentation_gap,9.7,50.65
C00860,pro,W10,2025-03-29,True,True,True,True,0.8549,quality_flag,100.6,122.93
C00860,pro,W10,2025-05-03,True,True,True,True,0.9059,diagnosis_suggestion,12.4,141.38
C00861,free,W02,2025-03-02,False,False,False,,,,,0.0
C00861,free,W02,2025-03-15,True,True,True,False,0.6874,diagnosis_suggestion,97.8,-29.76
C00861,free,W02,2025-01-13,False,False,False,,,,,0.0
C00862,pro,W09,2025-03-13,False,False,False,,,,,0.0
C00862,pro,W09,2025-04-27,True,True,True,True,0.8534,diagnosis_suggestion,35.8,43.47
C00862,pro,W09,2025-04-26,True,True,False,True,0.8765,coding_recommendation,18.2,0.0
C00863,free,W02,2025-01-27,True,True,False,True,0.8847,quality_flag,33.0,0.0
C00863,free,W02,2025-03-31,False,False,False,,,,,0.0
C00863,free,W02,2025-03-18,False,False,False,,,,,0.0
C00864,basic,W05,2025-02-06,True,True,False,True,0.9516,diagnosis_suggestion,17.2,0.0
C00864,basic,W05,2025-02-18,False,False,False,,,,,0.0
C00864,basic,W05,2025-04-06,False,False,False,,,,,0.0
C00865,basic,W12,2025-06-09,True,True,False,True,0.6263,documentation_gap,21.1,0.0
C00865,basic,W12,2025-06-06,True,False,False,False,0.3,diagnosis_suggestion,,0.0
C00865,basic,W12,2025-04-03,False,False,False,,,,,0.0
C00866,free,W09,2025-03-15,False,False,False,,,,,0.0
C00866,free,W09,2025-04-04,True,True,True,True,0.8612,diagnosis_suggestion,9.7,22.28
C00866,free,W09,2025-03-08,True,True,True,True,0.9125,diagnosis_suggestion,17.2,39.52
C00867,pro,W08,2025-04-06,True,True,True,True,0.7891,documentation_gap,63.1,137.17
C00867,pro,W08,2025-02-25,True,True,True,True,0.5266,diagnosis_suggestion,14.0,86.61
C00867,pro,W08,2025-03-12,True,False,False,False,0.4178,quality_flag,,0.0
C00868,basic,W02,2025-01-08,True,True,True,True,0.8834,quality_flag,35.4,29.61
C00868,basic,W02,2025-03-05,False,False,False,,,,,0.0
C00868,basic,W02,2025-03-29,True,True,False,True,0.8303,diagnosis_suggestion,46.3,0.0
C00869,free,W02,2025-02-18,True,True,False,True,0.9114,documentation_gap,50.6,0.0
C00869,free,W02,2025-03-04,True,True,True,True,0.9225,coding_recommendation,28.5,27.05
C00869,free,W02,2025-02-10,False,False,False,,,,,0.0
C00870,free,W05,2025-01-30,True,True,True,False,0.6263,documentation_gap,4.5,-36.6
C00870,free,W05,2025-03-19,False,False,False,,,,,0.0
C00870,free,W05,2025-02-23,False,False,False,,,,,0.0
C00871,basic,W04,2025-02-08,True,True,False,False,0.5575,quality_flag,6.0,0.0
C00871,basic,W04,2025-02-18,False,False,False,,,,,0.0
C00871,basic,W04,2025-01-29,True,True,False,True,0.8792,documentation_gap,17.7,0.0
C00871,basic,W04,2025-04-02,True,True,True,True,0.8814,diagnosis_suggestion,31.6,53.38
C00872,free,W03,2025-02-25,False,False,False,,,,,0.0
C00872,free,W03,2025-03-29,False,False,False,,,,,0.0
C00872,free,W03,2025-02-22,True,True,True,True,0.8776,documentation_gap,28.4,131.01
C00873,free,W04,2025-01-24,True,True,True,True,0.9176,diagnosis_suggestion,47.1,53.7
C00873,free,W04,2025-04-10,True,True,True,True,0.875,coding_recommendation,16.8,50.12
C00873,free,W04,2025-04-05,True,True,False,True,0.9407,diagnosis_suggestion,51.5,0.0
C00874,free,W02,2025-01-17,True,True,False,True,0.9378,diagnosis_suggestion,10.0,0.0
C00874,free,W02,2025-02-26,False,False,False,,,,,0.0
C00874,free,W02,2025-02-25,False,False,False,,,,,0.0
C00875,pro,W02,2025-02-13,True,True,True,True,0.7477,coding_recommendation,2.1,38.64
C00875,pro,W02,2025-03-13,True,True,True,True,0.7055,quality_flag,27.9,74.59
C00875,pro,W02,2025-01-30,True,True,True,True,0.903,coding_recommendation,15.3,65.05
C00876,pro,W04,2025-04-03,True,True,False,True,0.925,documentation_gap,8.8,0.0
C00876,pro,W04,2025-02-13,True,True,True,True,0.7913,documentation_gap,59.7,48.44
C00876,pro,W04,2025-04-10,True,True,True,True,0.7806,quality_flag,20.8,316.78
C00876,pro,W04,2025-03-18,True,True,True,True,0.8272,quality_flag,47.4,82.2
C00876,pro,W04,2025-03-12,True,True,True,True,0.7836,diagnosis_suggestion,45.8,35.89
C00876,pro,W04,2025-02-25,True,False,False,False,0.4792,diagnosis_suggestion,,0.0
C00877,free,W12,2025-05-01,True,True,True,True,0.9013,coding_recommendation,78.9,116.91
C00877,free,W12,2025-04-04,True,True,True,True,0.931,documentation_gap,55.3,83.08
C00877,free,W12,2025-05-17,True,False,False,False,0.3,quality_flag,,0.0
C00878,free,W03,2025-04-08,False,False,False,,,,,0.0
C00878,free,W03,2025-03-21,False,False,False,,,,,0.0
C00878,free,W03,2025-02-05,True,True,False,False,0.7841,quality_flag,54.8,0.0
C00878,free,W03,2025-03-06,True,True,True,True,0.8599,documentation_gap,7.3,107.71
C00878,free,W03,2025-01-19,False,False,False,,,,,0.0
C00878,free,W03,2025-02-26,True,True,False,True,0.7869,quality_flag,27.8,0.0
C00878,free,W03,2025-02-07,True,False,False,False,0.3787,diagnosis_suggestion,,0.0
C00878,free,W03,2025-03-24,True,True,False,True,0.8611,diagnosis_suggestion,9.3,0.0
C00879,basic,W07,2025-03-31,False,False,False,,,,,0.0
C00879,basic,W07,2025-03-02,False,False,False,,,,,0.0
C00879,basic,W07,2025-04-13,False,False,False,,,,,0.0
C00880,pro,W09,2025-03-23,True,True,True,True,0.8124,diagnosis_suggestion,50.8,35.93
C00880,pro,W09,2025-03-17,True,True,True,False,0.5995,documentation_gap,16.2,-12.16
C00880,pro,W09,2025-04-13,True,True,False,True,0.7598,diagnosis_suggestion,18.8,0.0
C00881,free,W01,2025-01-10,True,True,False,True,0.5,documentation_gap,18.2,0.0
C00881,free,W01,2025-03-24,True,True,True,True,0.6004,diagnosis_suggestion,70.4,67.28
C00881,free,W01,2025-02-02,True,True,True,False,0.5303,quality_flag,22.1,-10.84
C00882,free,W07,2025-05-03,True,True,False,False,0.5496,coding_recommendation,21.3,0.0
C00882,free,W07,2025-02-19,False,False,False,,,,,0.0
C00882,free,W07,2025-03-22,False,False,False,,,,,0.0
C00883,free,W03,2025-03-13,True,True,False,True,0.9312,diagnosis_suggestion,10.2,0.0
C00883,free,W03,2025-03-30,True,True,True,True,0.5,diagnosis_suggestion,20.6,194.5
C00883,free,W03,2025-03-25,False,False,False,,,,,0.0
C00884,basic,W04,2025-04-03,False,False,False,,,,,0.0
C00884,basic,W04,2025-03-08,True,True,False,False,0.7469,documentation_gap,28.1,0.0
C00884,basic,W04,2025-01-26,True,True,True,True,0.5696,documentation_gap,23.3,95.87
C00885,basic,W02,2025-03-17,True,True,True,True,0.9685,coding_recommendation,13.7,65.43
C00885,basic,W02,2025-03-01,False,False,False,,,,,0.0
C00885,basic,W02,2025-03-15,True,True,False,True,0.55,documentation_gap,29.9,0.0
C00886,free,W11,2025-03-18,True,True,True,True,0.8539,quality_flag,4.8,47.73
C00886,free,W11,2025-03-19,False,False,False,,,,,0.0
C00886,free,W11,2025-04-07,False,False,False,,,,,0.0
C00887,basic,W05,2025-02-03,True,True,False,True,0.9665,diagnosis_suggestion,20.9,0.0
C00887,basic,W05,2025-02-14,False,False,False,,,,,0.0
C00887,basic,W05,2025-02-15,False,False,False,,,,,0.0
C00888,basic,W08,2025-05-12,True,True,False,True,0.7732,quality_flag,38.7,0.0
C00888,basic,W08,2025-03-31,True,True,True,True,0.8503,quality_flag,20.0,22.64
C00888,basic,W08,2025-04-11,False,False,False,,,,,0.0
C00889,free,W11,2025-05-26,False,False,False,,,,,0.0
C00889,free,W11,2025-03-14,False,False,False,,,,,0.0
C00889,free,W11,2025-05-30,True,True,True,True,0.5,documentation_gap,20.7,16.94
C00890,pro,W02,2025-03-18,False,False,False,,,,,0.0
C00890,pro,W02,2025-03-22,True,False,False,False,0.3876,documentation_gap,,0.0
C00890,pro,W02,2025-03-28,True,True,True,True,0.8561,quality_flag,62.2,146.43
C00891,basic,W08,2025-03-06,True,True,True,False,0.626,documentation_gap,21.2,-22.31
C00891,basic,W08,2025-04-17,True,True,False,True,0.788,diagnosis_suggestion,37.7,0.0
C00891,basic,W08,2025-03-18,True,True,False,True,0.9003,documentation_gap,60.4,0.0
C00892,basic,W09,2025-04-07,True,True,False,True,0.784,documentation_gap,32.1,0.0
C00892,basic,W09,2025-02-28,True,True,True,True,0.8432,diagnosis_suggestion,19.9,45.88
C00892,basic,W09,2025-04-23,True,True,False,True,0.7575,quality_flag,18.3,0.0
C00893,free,W12,2025-04-13,False,False,False,,,,,0.0
C00893,free,W12,2025-05-07,False,False,False,,,,,0.0
C00893,free,W12,2025-04-28,False,False,False,,,,,0.0
C00894,free,W05,2025-03-11,False,False,False,,,,,0.0
C00894,free,W05,2025-02-19,True,True,True,True,0.5,quality_flag,20.3,137.45
C00894,free,W05,2025-02-12,True,True,True,True,0.6681,diagnosis_suggestion,3.4,111.31
C00895,pro,W09,2025-04-23,True,True,True,True,0.9546,diagnosis_suggestion,24.5,26.04
C00895,pro,W09,2025-04-19,True,True,True,True,0.8777,documentation_gap,111.6,32.25
C00895,pro,W09,2025-04-13,True,True,True,True,0.7556,diagnosis_suggestion,36.5,74.12
C00896,free,W08,2025-04-28,True,True,True,True,0.969,coding_recommendation,130.6,36.05
C00896,free,W08,2025-05-03,True,True,True,True,0.8009,diagnosis_suggestion,11.1,47.19
C00896,free,W08,2025-02-27,False,False,False,,,,,0.0
C00897,basic,W02,2025-01-26,True,True,True,True,0.826,coding_recommendation,21.1,39.61
C00897,basic,W02,2025-01-26,False,False,False,,,,,0.0
C00897,basic,W02,2025-02-17,True,False,False,False,0.4097,coding_recommendation,,0.0
C00898,free,W11,2025-05-21,True,True,False,True,0.8956,quality_flag,11.4,0.0
C00898,free,W11,2025-05-07,False,False,False,,,,,0.0
C00898,free,W11,2025-04-26,True,True,False,True,0.5739,coding_recommendation,53.9,0.0
C00899,free,W05,2025-04-21,True,True,False,True,0.608,diagnosis_suggestion,27.2,0.0
C00899,free,W05,2025-04-21,False,False,False,,,,,0.0
C00899,free,W05,2025-04-11,False,False,False,,,,,0.0
C00900,pro,W09,2025-02-28,False,False,False,,,,,0.0
C00900,pro,W09,2025-03-31,True,True,False,True,0.9516,documentation_gap,12.6,0.0
C00900,pro,W09,2025-05-17,True,True,True,True,0.6689,coding_recommendation,18.5,40.17
C00901,basic,W09,2025-03-28,True,True,False,False,0.5549,documentation_gap,21.5,0.0
C00901,basic,W09,2025-04-17,True,True,False,True,0.7381,documentation_gap,53.2,0.0
C00901,basic,W09,2025-02-28,True,True,True,True,0.8485,diagnosis_suggestion,11.4,36.02
C00902,basic,W08,2025-03-22,False,False,False,,,,,0.0
C00902,basic,W08,2025-03-10,False,False,False,,,,,0.0
C00902,basic,W08,2025-04-19,True,True,True,False,0.8241,diagnosis_suggestion,76.6,-28.36
C00903,free,W02,2025-02-12,False,False,False,,,,,0.0
C00903,free,W02,2025-03-19,True,True,False,True,0.9011,diagnosis_suggestion,27.5,0.0
C00903,free,W02,2025-02-12,False,False,False,,,,,0.0
C00904,free,W06,2025-04-18,True,True,True,True,0.8267,documentation_gap,20.5,85.4
C00904,free,W06,2025-03-13,False,False,False,,,,,0.0
C00904,free,W06,2025-03-14,True,False,False,False,0.4121,diagnosis_suggestion,,0.0
C00905,pro,W01,2025-02-26,True,True,True,True,0.578,diagnosis_suggestion,16.1,120.37
C00905,pro,W01,2025-02-21,True,True,True,True,0.5,quality_flag,13.9,25.02
C00905,pro,W01,2025-01-06,True,True,True,False,0.6601,coding_recommendation,23.3,-12.87
C00906,pro,W07,2025-04-06,True,True,True,True,0.7863,quality_flag,11.6,33.32
C00906,pro,W07,2025-04-16,True,True,True,True,0.6247,diagnosis_suggestion,8.0,27.23
C00906,pro,W07,2025-03-26,True,True,True,True,0.9339,diagnosis_suggestion,15.7,40.06
C00906,pro,W07,2025-04-03,False,False,False,,,,,0.0
C00906,pro,W07,2025-02-20,True,True,True,True,0.7321,quality_flag,17.3,33.44
C00907,free,W06,2025-04-06,False,False,False,,,,,0.0
C00907,free,W06,2025-04-20,True,True,False,True,0.6875,coding_recommendation,6.2,0.0
C00907,free,W06,2025-04-10,False,False,False,,,,,0.0
C00908,pro,W08,2025-04-25,True,True,True,True,0.888,coding_recommendation,19.8,153.39
C00908,pro,W08,2025-04-05,True,True,False,True,0.7591,coding_recommendation,14.0,0.0
C00908,pro,W08,2025-03-07,True,True,True,True,0.908,documentation_gap,5.4,62.65
C00909,basic,W12,2025-05-23,True,True,True,False,0.5983,documentation_gap,20.7,-12.99
C00909,basic,W12,2025-04-27,True,True,False,True,0.8609,diagnosis_suggestion,97.9,0.0
C00909,basic,W12,2025-03-23,True,False,False,False,0.307,diagnosis_suggestion,,0.0
C00910,free,W07,2025-04-08,True,True,True,True,0.8962,coding_recommendation,10.2,37.67
C00910,free,W07,2025-03-29,False,False,False,,,,,0.0
C00910,free,W07,2025-04-16,False,False,False,,,,,0.0
C00911,free,W02,2025-03-16,False,False,False,,,,,0.0
C00911,free,W02,2025-02-09,False,False,False,,,,,0.0
C00911,free,W02,2025-02-28,True,True,True,True,0.9103,diagnosis_suggestion,38.9,46.57
C00912,free,W02,2025-02-03,False,False,False,,,,,0.0
C00912,free,W02,2025-01-12,True,True,True,True,0.808,documentation_gap,24.7,44.89
C00912,free,W02,2025-03-02,True,True,True,True,0.899,documentation_gap,51.2,20.9
C00913,pro,W12,2025-05-25,False,False,False,,,,,0.0
C00913,pro,W12,2025-04-03,False,False,False,,,,,0.0
C00913,pro,W12,2025-05-04,False,False,False,,,,,0.0
C00914,basic,W02,2025-03-15,True,False,False,False,0.3,coding_recommendation,,0.0
C00914,basic,W02,2025-02-07,True,False,False,False,0.4433,diagnosis_suggestion,,0.0
C00914,basic,W02,2025-01-25,False,False,False,,,,,0.0
C00915,pro,W06,2025-03-30,False,False,False,,,,,0.0
C00915,pro,W06,2025-02-07,True,True,True,True,0.5229,documentation_gap,14.6,68.88
C00915,pro,W06,2025-04-15,True,False,False,False,0.3,diagnosis_suggestion,,0.0
C00916,free,W10,2025-03-31,True,True,True,True,0.6443,quality_flag,25.3,28.42
C00916,free,W10,2025-05-01,False,False,False,,,,,0.0
C00916,free,W10,2025-04-02,True,True,True,False,0.7608,coding_recommendation,19.4,-8.35
C00917,free,W08,2025-04-13,False,False,False,,,,,0.0
C00917,free,W08,2025-03-09,False,False,False,,,,,0.0
C00917,free,W08,2025-03-16,True,True,True,True,0.8244,coding_recommendation,15.6,139.85
C00918,free,W01,2025-03-12,False,False,False,,,,,0.0
C00918,free,W01,2025-03-21,True,True,True,True,0.6862,documentation_gap,18.6,20.2
C00918,free,W01,2025-03-06,True,True,True,True,0.5,diagnosis_suggestion,15.2,40.16
C00919,basic,W02,2025-03-16,True,True,False,False,0.7141,diagnosis_suggestion,31.9,0.0
C00919,basic,W02,2025-02-21,True,True,False,True,0.8481,diagnosis_suggestion,23.6,0.0
C00919,basic,W02,2025-02-03,True,True,True,True,0.8714,diagnosis_suggestion,14.2,32.55
C00920,basic,W05,2025-01-29,True,True,False,True,0.7814,coding_recommendation,14.9,0.0
C00920,basic,W05,2025-04-22,False,False,False,,,,,0.0
C00920,basic,W05,2025-03-19,True,False,False,False,0.3474,diagnosis_suggestion,,0.0
C00921,free,W09,2025-03-06,True,True,False,True,0.9101,documentation_gap,15.5,0.0
C00921,free,W09,2025-03-18,False,False,False,,,,,0.0
C00921,free,W09,2025-04-12,True,True,False,True,0.8421,diagnosis_suggestion,28.8,0.0
C00922,pro,W11,2025-05-13,True,True,True,True,0.9346,coding_recommendation,10.0,71.06
C00922,pro,W11,2025-05-25,True,True,True,True,0.9134,diagnosis_suggestion,61.6,38.52
C00922,pro,W11,2025-05-01,False,False,False,,,,,0.0
C00922,pro,W11,2025-04-24,False,False,False,,,,,0.0
C00922,pro,W11,2025-05-17,True,True,True,True,0.9391,documentation_gap,10.5,42.43
C00922,pro,W11,2025-05-20,True,True,True,True,0.7601,documentation_gap,38.5,53.22
C00922,pro,W11,2025-04-15,True,True,True,True,0.5449,documentation_gap,15.7,28.23
C00922,pro,W11,2025-05-27,True,True,True,True,0.8893,documentation_gap,21.3,42.74
C00923,free,W11,2025-05-25,False,False,False,,,,,0.0
C00923,free,W11,2025-05-24,False,False,False,,,,,0.0
C00923,free,W11,2025-03-19,True,True,True,True,0.819,coding_recommendation,12.0,43.02
C00924,free,W08,2025-04-13,False,False,False,,,,,0.0
C00924,free,W08,2025-04-06,True,True,True,True,0.5341,coding_recommendation,5.0,38.78
C00924,free,W08,2025-04-14,False,False,False,,,,,0.0
C00925,basic,W01,2025-03-08,False,False,False,,,,,0.0
C00925,basic,W01,2025-01-20,True,False,False,False,0.3,coding_recommendation,,0.0
C00925,basic,W01,2025-01-03,True,False,False,False,0.4533,diagnosis_suggestion,,0.0
C00926,pro,W08,2025-04-28,True,True,True,True,0.7845,documentation_gap,20.6,82.86
C00926,pro,W08,2025-03-10,True,False,False,False,0.4241,diagnosis_suggestion,,0.0
C00926,pro,W08,2025-03-14,True,True,True,True,0.685,diagnosis_suggestion,35.9,23.04
C00926,pro,W08,2025-04-14,True,True,True,True,0.6446,diagnosis_suggestion,30.0,39.29
C00927,pro,W07,2025-04-07,True,True,False,True,0.9617,diagnosis_suggestion,14.4,0.0
C00927,pro,W07,2025-02-19,True,True,True,True,0.9782,diagnosis_suggestion,15.0,43.62
C00927,pro,W07,2025-04-17,True,True,True,False,0.6246,quality_flag,7.7,-13.02
C00928,pro,W09,2025-04-03,True,True,False,True,0.8529,documentation_gap,9.8,0.0
C00928,pro,W09,2025-04-29,True,True,True,True,0.8504,documentation_gap,20.1,80.09
C00928,pro,W09,2025-04-21,True,False,False,False,0.4263,coding_recommendation,,0.0
C00929,pro,W11,2025-04-01,True,True,True,True,0.5538,coding_recommendation,10.4,41.97
C00929,pro,W11,2025-05-17,True,True,True,True,0.9002,coding_recommendation,46.9,170.86
C00929,pro,W11,2025-04-13,True,True,False,True,0.6803,documentation_gap,59.1,0.0
C00930,basic,W04,2025-04-13,False,False,False,,,,,0.0
C00930,basic,W04,2025-04-03,True,True,True,False,0.7829,coding_recommendation,54.3,-16.87
C00930,basic,W04,2025-01-22,True,True,True,True,0.6438,coding_recommendation,3.9,116.78
C00931,free,W10,2025-04-02,False,False,False,,,,,0.0
C00931,free,W10,2025-04-20,True,True,True,True,0.7227,documentation_gap,10.5,44.7
C00931,free,W10,2025-04-07,False,False,False,,,,,0.0
C00932,free,W06,2025-04-09,True,True,False,False,0.7853,diagnosis_suggestion,39.5,0.0
C00932,free,W06,2025-04-12,False,False,False,,,,,0.0
C00932,free,W06,2025-03-01,False,False,False,,,,,0.0
C00933,basic,W04,2025-03-10,True,True,False,True,0.7473,diagnosis_suggestion,101.8,0.0
C00933,basic,W04,2025-02-12,True,True,False,True,0.9515,quality_flag,37.6,0.0
C00933,basic,W04,2025-03-12,True,True,True,True,0.8171,diagnosis_suggestion,7.3,47.46
C00934,free,W04,2025-02-09,True,True,False,True,0.8898,quality_flag,18.3,0.0
C00934,free,W04,2025-02-10,False,False,False,,,,,0.0
C00934,free,W04,2025-04-03,True,False,False,False,0.4746,diagnosis_suggestion,,0.0
C00935,basic,W09,2025-05-15,True,True,True,True,0.5,documentation_gap,6.5,26.72
C00935,basic,W09,2025-04-09,False,False,False,,,,,0.0
C00935,basic,W09,2025-03-30,True,False,False,False,0.3734,diagnosis_suggestion,,0.0
C00936,free,W01,2025-02-07,True,True,True,True,0.9171,documentation_gap,35.0,34.44
C00936,free,W01,2025-01-28,True,True,False,True,0.7782,coding_recommendation,16.3,0.0
C00936,free,W01,2025-02-26,True,True,True,True,0.8093,documentation_gap,110.3,9.88
C00937,free,W10,2025-04-27,False,False,False,,,,,0.0
C00937,free,W10,2025-04-24,False,False,False,,,,,0.0
C00937,free,W10,2025-04-22,True,True,False,False,0.6112,documentation_gap,16.7,0.0
C00937,free,W10,2025-05-11,True,True,True,True,0.957,diagnosis_suggestion,2.6,43.58
C00937,free,W10,2025-03-27,True,True,False,False,0.5899,quality_flag,53.5,0.0
C00937,free,W10,2025-05-26,False,False,False,,,,,0.0
C00937,free,W10,2025-03-21,True,False,False,False,0.3272,diagnosis_suggestion,,0.0
C00938,free,W07,2025-02-24,False,False,False,,,,,0.0
C00938,free,W07,2025-03-24,True,True,False,False,0.5469,diagnosis_suggestion,11.2,0.0
C00938,free,W07,2025-03-18,False,False,False,,,,,0.0
C00939,free,W12,2025-04-18,False,False,False,,,,,0.0
C00939,free,W12,2025-05-20,True,True,False,True,0.7204,documentation_gap,16.4,0.0
C00939,free,W12,2025-04-11,False,False,False,,,,,0.0
C00940,free,W08,2025-03-29,False,False,False,,,,,0.0
C00940,free,W08,2025-04-04,True,True,True,True,0.7475,documentation_gap,37.7,132.43
C00940,free,W08,2025-04-02,False,False,False,,,,,0.0
C00941,free,W06,2025-03-21,True,True,False,True,0.7678,diagnosis_suggestion,14.9,0.0
C00941,free,W06,2025-04-07,False,False,False,,,,,0.0
C00941,free,W06,2025-04-27,False,False,False,,,,,0.0
C00942,basic,W01,2025-01-03,True,True,True,True,0.8429,coding_recommendation,19.5,38.27
C00942,basic,W01,2025-03-08,True,True,False,True,0.8684,documentation_gap,27.7,0.0
C00942,basic,W01,2025-02-13,True,True,True,False,0.5499,quality_flag,22.5,-11.82
C00943,free,W06,2025-02-06,False,False,False,,,,,0.0
C00943,free,W06,2025-02-21,True,True,True,True,0.7526,diagnosis_suggestion,17.2,171.94
C00943,free,W06,2025-04-20,False,False,False,,,,,0.0
C00944,free,W04,2025-04-14,True,True,True,False,0.5358,quality_flag,70.2,-15.73
C00944,free,W04,2025-02-15,False,False,False,,,,,0.0
C00944,free,W04,2025-03-31,False,False,False,,,,,0.0
C00945,pro,W11,2025-05-26,True,True,False,True,0.8377,coding_recommendation,30.6,0.0
C00945,pro,W11,2025-05-20,True,True,True,True,0.7073,diagnosis_suggestion,6.2,246.7
C00945,pro,W11,2025-04-23,True,True,False,True,0.7535,diagnosis_suggestion,25.0,0.0
C00946,free,W08,2025-03-07,False,False,False,,,,,0.0
C00946,free,W08,2025-04-19,True,True,False,True,0.8325,diagnosis_suggestion,22.4,0.0
C00946,free,W08,2025-03-21,False,False,False,,,,,0.0
C00947,free,W07,2025-04-03,False,False,False,,,,,0.0
C00947,free,W07,2025-04-27,True,True,False,True,0.8935,documentation_gap,38.1,0.0
C00947,free,W07,2025-02-28,False,False,False,,,,,0.0
C00948,free,W08,2025-03-05,False,False,False,,,,,0.0
C00948,free,W08,2025-04-22,False,False,False,,,,,0.0
C00948,free,W08,2025-03-09,False,False,False,,,,,0.0
C00949,free,W01,2025-02-20,False,False,False,,,,,0.0
C00949,free,W01,2025-02-05,True,False,False,False,0.3,diagnosis_suggestion,,0.0
C00949,free,W01,2025-03-22,False,False,False,,,,,0.0
C00950,basic,W10,2025-03-07,True,True,True,True,0.613,coding_recommendation,55.0,117.01
C00950,basic,W10,2025-05-27,True,True,True,True,0.6829,diagnosis_suggestion,18.8,36.91
C00950,basic,W10,2025-03-15,True,True,True,True,0.8527,quality_flag,47.3,138.7
C00951,free,W12,2025-04-27,True,True,False,True,0.929,documentation_gap,37.6,0.0
C00951,free,W12,2025-04-26,False,False,False,,,,,0.0
C00951,free,W12,2025-05-08,False,False,False,,,,,0.0
C00952,pro,W09,2025-04-06,True,True,True,True,0.7579,diagnosis_suggestion,21.2,103.69
C00952,pro,W09,2025-04-06,True,True,True,True,0.8463,diagnosis_suggestion,19.5,124.89
C00952,pro,W09,2025-03-18,True,True,True,True,0.5106,quality_flag,36.8,103.56
C00953,basic,W10,2025-03-12,True,True,False,True,0.9363,coding_recommendation,52.4,0.0
C00953,basic,W10,2025-03-18,True,True,True,True,0.6863,diagnosis_suggestion,8.9,60.48
C00953,basic,W10,2025-04-29,True,True,True,True,0.7269,diagnosis_suggestion,16.2,20.43
C00954,free,W10,2025-03-18,False,False,False,,,,,0.0
C00954,free,W10,2025-05-13,False,False,False,,,,,0.0
C00954,free,W10,2025-04-10,False,False,False,,,,,0.0
C00955,basic,W03,2025-01-29,True,True,True,True,0.685,diagnosis_suggestion,12.3,62.59
C00955,basic,W03,2025-03-16,True,True,True,True,0.9655,coding_recommendation,65.6,43.97
C00955,basic,W03,2025-02-03,True,False,False,False,0.3943,diagnosis_suggestion,,0.0
C00956,free,W02,2025-03-04,True,True,False,True,0.7166,diagnosis_suggestion,6.3,0.0
C00956,free,W02,2025-03-16,False,False,False,,,,,0.0
C00956,free,W02,2025-03-07,True,True,False,True,0.9465,diagnosis_suggestion,13.9,0.0
C00957,basic,W09,2025-04-21,True,True,True,True,0.7161,diagnosis_suggestion,63.1,109.9
C00957,basic,W09,2025-04-17,True,True,True,True,0.8688,diagnosis_suggestion,12.0,111.7
C00957,basic,W09,2025-04-29,True,True,True,True,0.8058,documentation_gap,23.7,61.05
C00958,basic,W01,2025-02-16,False,False,False,,,,,0.0
C00958,basic,W01,2025-02-16,True,True,True,False,0.5149,documentation_gap,8.2,-20.33
C00958,basic,W01,2025-01-16,True,True,False,True,0.783,quality_flag,18.4,0.0
C00959,basic,W06,2025-02-25,True,True,True,False,0.6094,diagnosis_suggestion,8.7,-26.66
C00959,basic,W06,2025-02-24,False,False,False,,,,,0.0
C00959,basic,W06,2025-03-19,True,True,True,True,0.8874,quality_flag,28.8,28.3
C00960,free,W05,2025-02-14,True,True,False,True,0.5539,coding_recommendation,36.8,0.0
C00960,free,W05,2025-04-20,True,True,False,False,0.5746,diagnosis_suggestion,27.5,0.0
C00960,free,W05,2025-04-11,False,False,False,,,,,0.0
C00961,pro,W12,2025-04-15,True,True,False,False,0.5952,coding_recommendation,4.2,0.0
C00961,pro,W12,2025-06-04,True,True,True,True,0.6196,coding_recommendation,10.1,47.47
C00961,pro,W12,2025-04-12,True,True,True,True,0.7015,diagnosis_suggestion,8.8,22.9
C00962,pro,W12,2025-04-12,True,True,True,True,0.684,coding_recommendation,38.9,63.39
C00962,pro,W12,2025-03-23,True,True,True,True,0.928,documentation_gap,3.0,32.4
C00962,pro,W12,2025-04-13,True,True,True,True,0.8406,diagnosis_suggestion,78.0,189.42
C00963,free,W11,2025-05-03,True,True,True,True,0.8085,diagnosis_suggestion,4.7,42.26
C00963,free,W11,2025-05-30,False,False,False,,,,,0.0
C00963,free,W11,2025-05-16,False,False,False,,,,,0.0
C00964,free,W04,2025-02-01,False,False,False,,,,,0.0
C00964,free,W04,2025-02-28,True,True,False,False,0.5526,coding_recommendation,17.2,0.0
C00964,free,W04,2025-03-10,True,True,False,True,0.8537,quality_flag,34.6,0.0
C00965,free,W10,2025-04-08,True,True,False,True,0.671,coding_recommendation,23.3,0.0
C00965,free,W10,2025-04-22,False,False,False,,,,,0.0
C00965,free,W10,2025-03-27,True,True,False,False,0.6134,diagnosis_suggestion,100.7,0.0
C00966,basic,W01,2025-02-08,True,True,False,True,0.7859,coding_recommendation,4.6,0.0
C00966,basic,W01,2025-02-15,False,False,False,,,,,0.0
C00966,basic,W01,2025-03-23,True,True,False,True,0.9517,coding_recommendation,9.7,0.0
C00967,free,W02,2025-02-14,False,False,False,,,,,0.0
C00967,free,W02,2025-02-15,True,True,True,True,0.7921,diagnosis_suggestion,21.3,34.1
C00967,free,W02,2025-03-25,True,True,False,False,0.6097,diagnosis_suggestion,58.7,0.0
C00967,free,W02,2025-02-13,False,False,False,,,,,0.0
C00968,basic,W04,2025-01-26,True,True,False,True,0.6919,coding_recommendation,23.5,0.0
C00968,basic,W04,2025-01-27,True,True,True,True,0.7344,diagnosis_suggestion,30.7,55.19
C00968,basic,W04,2025-03-04,True,True,True,True,0.8179,diagnosis_suggestion,14.5,52.73
C00969,basic,W06,2025-03-10,False,False,False,,,,,0.0
C00969,basic,W06,2025-03-10,True,True,True,True,0.9249,diagnosis_suggestion,13.2,62.91
C00969,basic,W06,2025-02-18,False,False,False,,,,,0.0
C00970,free,W06,2025-02-08,False,False,False,,,,,0.0
C00970,free,W06,2025-03-06,True,True,False,True,0.6845,diagnosis_suggestion,11.4,0.0
C00970,free,W06,2025-02-23,False,False,False,,,,,0.0
C00971,basic,W05,2025-01-30,True,True,False,True,0.7942,documentation_gap,17.6,0.0
C00971,basic,W05,2025-04-07,True,True,False,True,0.8414,coding_recommendation,43.4,0.0
C00971,basic,W05,2025-03-28,False,False,False,,,,,0.0
C00972,free,W08,2025-02-28,False,False,False,,,,,0.0
C00972,free,W08,2025-05-10,True,False,False,False,0.3236,coding_recommendation,,0.0
C00972,free,W08,2025-04-01,True,True,False,False,0.715,diagnosis_suggestion,45.4,0.0
C00973,basic,W12,2025-03-24,True,True,False,False,0.6489,documentation_gap,7.0,0.0
C00973,basic,W12,2025-06-04,True,True,True,True,0.8927,coding_recommendation,10.9,162.32
C00973,basic,W12,2025-04-01,False,False,False,,,,,0.0
C00974,basic,W03,2025-01-16,True,True,True,True,0.8168,documentation_gap,81.7,30.9
C00974,basic,W03,2025-01-27,True,True,True,True,0.8816,documentation_gap,11.5,72.61
C00974,basic,W03,2025-02-03,False,False,False,,,,,0.0
C00975,basic,W09,2025-04-24,True,True,False,True,0.7612,diagnosis_suggestion,17.2,0.0
C00975,basic,W09,2025-03-30,True,True,False,False,0.6231,quality_flag,20.0,0.0
C00975,basic,W09,2025-04-13,True,True,True,True,0.8122,documentation_gap,21.5,58.4
C00976,basic,W10,2025-03-18,True,True,True,True,0.9418,diagnosis_suggestion,21.9,47.37
C00976,basic,W10,2025-04-28,True,True,False,True,0.7186,quality_flag,14.1,0.0
C00976,basic,W10,2025-05-03,True,False,False,False,0.4176,diagnosis_suggestion,,0.0
C00977,free,W04,2025-02-07,True,True,True,True,0.7274,quality_flag,3.3,61.86
C00977,free,W04,2025-02-17,True,True,False,True,0.7291,coding_recommendation,8.4,0.0
C00977,free,W04,2025-04-14,True,True,False,True,0.9285,coding_recommendation,74.4,0.0
C00978,free,W01,2025-01-04,True,True,True,True,0.6605,quality_flag,26.6,232.99
C00978,free,W01,2025-01-20,True,True,False,True,0.6386,diagnosis_suggestion,15.6,0.0
C00978,free,W01,2025-02-02,True,True,True,True,0.8948,quality_flag,50.4,20.16
C00979,free,W06,2025-03-11,True,True,False,False,0.5765,coding_recommendation,26.8,0.0
C00979,free,W06,2025-03-13,True,True,True,True,0.8343,documentation_gap,17.3,75.44
C00979,free,W06,2025-03-15,False,False,False,,,,,0.0
C00980,free,W02,2025-02-17,False,False,False,,,,,0.0
C00980,free,W02,2025-01-10,True,True,True,True,0.7194,coding_recommendation,12.9,65.38
C00980,free,W02,2025-02-21,True,True,True,True,0.8352,quality_flag,7.6,166.4
C00981,free,W04,2025-01-25,True,True,True,True,0.6539,quality_flag,12.4,77.13
C00981,free,W04,2025-02-17,False,False,False,,,,,0.0
C00981,free,W04,2025-03-31,False,False,False,,,,,0.0
C00982,pro,W12,2025-05-30,False,False,False,,,,,0.0
C00982,pro,W12,2025-04-03,True,True,False,True,0.6263,diagnosis_suggestion,6.6,0.0
C00982,pro,W12,2025-04-07,True,False,False,False,0.3,documentation_gap,,0.0
C00983,pro,W12,2025-05-28,True,True,True,True,0.9005,coding_recommendation,13.0,94.53
C00983,pro,W12,2025-03-25,True,True,True,True,0.5,documentation_gap,12.1,50.9
C00983,pro,W12,2025-05-19,True,True,False,True,0.876,diagnosis_suggestion,43.7,0.0
C00984,free,W03,2025-02-05,True,True,True,True,0.9007,diagnosis_suggestion,16.2,58.98
C00984,free,W03,2025-02-15,True,False,False,False,0.3,diagnosis_suggestion,,0.0
C00984,free,W03,2025-02-03,False,False,False,,,,,0.0
C00985,basic,W03,2025-02-06,True,True,False,True,0.8122,documentation_gap,4.7,0.0
C00985,basic,W03,2025-02-01,True,True,True,True,0.8115,coding_recommendation,18.3,34.07
C00985,basic,W03,2025-03-24,True,True,True,True,0.7804,documentation_gap,21.2,75.43
C00986,free,W02,2025-03-07,False,False,False,,,,,0.0
C00986,free,W02,2025-01-10,False,False,False,,,,,0.0
C00986,free,W02,2025-03-02,True,True,True,True,0.7619,diagnosis_suggestion,8.9,92.98
C00987,basic,W08,2025-02-22,True,True,False,True,0.6782,coding_recommendation,12.8,0.0
C00987,basic,W08,2025-03-18,True,True,True,True,0.8492,quality_flag,24.3,46.85
C00987,basic,W08,2025-04-04,True,True,False,True,0.8204,diagnosis_suggestion,4.9,0.0
C00987,basic,W08,2025-04-24,True,True,False,True,0.7169,documentation_gap,131.0,0.0
C00987,basic,W08,2025-03-23,True,False,False,False,0.3629,coding_recommendation,,0.0
C00987,basic,W08,2025-05-07,True,True,True,True,0.8927,coding_recommendation,25.4,37.67
C00988,free,W02,2025-03-02,False,False,False,,,,,0.0
C00988,free,W02,2025-03-07,True,True,True,False,0.5174,diagnosis_suggestion,13.2,-13.15
C00988,free,W02,2025-02-16,False,False,False,,,,,0.0
C00989,pro,W01,2025-03-10,True,False,False,False,0.4844,coding_recommendation,,0.0
C00989,pro,W01,2025-02-21,True,True,True,False,0.5782,quality_flag,16.4,-9.03
C00989,pro,W01,2025-03-15,True,True,False,True,0.9517,diagnosis_suggestion,59.1,0.0
C00990,pro,W05,2025-01-30,True,True,False,True,0.8095,quality_flag,117.6,0.0
C00990,pro,W05,2025-04-13,True,True,False,True,0.7303,diagnosis_suggestion,8.4,0.0
C00990,pro,W05,2025-02-25,True,True,False,True,0.8957,quality_flag,9.1,0.0
C00991,pro,W01,2025-03-25,True,True,False,True,0.669,diagnosis_suggestion,9.5,0.0
C00991,pro,W01,2025-01-25,True,True,True,True,0.9099,quality_flag,9.3,96.52
C00991,pro,W01,2025-02-08,True,True,True,True,0.7788,coding_recommendation,14.5,64.24
C00992,basic,W06,2025-03-25,True,False,False,False,0.3047,diagnosis_suggestion,,0.0
C00992,basic,W06,2025-02-21,True,True,True,False,0.8203,documentation_gap,7.4,-10.19
C00992,basic,W06,2025-04-18,True,False,False,False,0.4751,diagnosis_suggestion,,0.0
C00993,free,W05,2025-03-29,True,True,True,True,0.9094,documentation_gap,42.4,65.15
C00993,free,W05,2025-02-15,False,False,False,,,,,0.0
C00993,free,W05,2025-02-23,False,False,False,,,,,0.0
C00994,pro,W12,2025-04-23,True,True,True,True,0.8726,documentation_gap,18.2,69.46
C00994,pro,W12,2025-05-24,True,True,True,False,0.7398,diagnosis_suggestion,9.6,-37.66
C00994,pro,W12,2025-04-02,True,True,True,True,0.6096,quality_flag,17.4,40.44
C00995,pro,W12,2025-05-26,True,True,True,True,0.8553,documentation_gap,40.8,44.41
C00995,pro,W12,2025-06-06,True,True,False,True,0.5,diagnosis_suggestion,46.6,0.0
C00995,pro,W12,2025-04-26,True,True,True,False,0.7064,documentation_gap,10.8,-11.36
C00996,free,W01,2025-03-25,False,False,False,,,,,0.0
C00996,free,W01,2025-02-10,True,True,False,True,0.9643,coding_recommendation,73.1,0.0
C00996,free,W01,2025-01-01,True,True,True,True,0.8883,diagnosis_suggestion,38.1,145.57
C00997,pro,W07,2025-04-22,True,True,False,True,0.8372,diagnosis_suggestion,8.7,0.0
C00997,pro,W07,2025-02-20,True,True,True,True,0.636,diagnosis_suggestion,22.7,142.76
C00997,pro,W07,2025-03-11,True,True,True,False,0.7427,quality_flag,15.7,-22.45
C00998,basic,W11,2025-05-08,True,True,True,True,0.9366,documentation_gap,9.2,44.31
C00998,basic,W11,2025-04-13,False,False,False,,,,,0.0
C00998,basic,W11,2025-03-20,True,True,True,True,0.7985,documentation_gap,26.5,59.39
C00998,basic,W11,2025-04-14,True,False,False,False,0.4876,coding_recommendation,,0.0
C00998,basic,W11,2025-04-04,True,True,True,True,0.9239,diagnosis_suggestion,28.2,26.88
C00998,basic,W11,2025-03-20,True,True,True,True,0.9278,diagnosis_suggestion,23.0,87.82
C00999,free,W03,2025-02-09,True,True,False,True,0.5889,documentation_gap,13.1,0.0
C00999,free,W03,2025-03-23,True,True,False,True,0.7552,diagnosis_suggestion,8.8,0.0
C00999,free,W03,2025-02-10,True,True,True,False,0.5544,quality_flag,40.5,-18.24
C00999,free,W03,2025-01-25,True,True,True,True,0.6966,diagnosis_suggestion,24.4,54.24
C01000,pro,W02,2025-02-01,True,True,True,True,0.8481,coding_recommendation,11.6,89.29
C01000,pro,W02,2025-01-30,True,True,True,True,0.8212,documentation_gap,16.9,28.28
C01000,pro,W02,2025-01-13,True,True,True,True,0.9563,documentation_gap,9.6,36.34
C01001,free,W10,2025-04-01,False,False,False,,,,,0.0
C01001,free,W10,2025-03-12,False,False,False,,,,,0.0
C01001,free,W10,2025-03-14,False,False,False,,,,,0.0
C01002,free,W09,2025-05-09,True,True,False,True,0.5945,diagnosis_suggestion,8.6,0.0
C01002,free,W09,2025-03-20,False,False,False,,,,,0.0
C01002,free,W09,2025-03-26,True,True,True,True,0.7364,coding_recommendation,11.2,100.83
C01003,pro,W03,2025-02-04,True,True,True,True,0.7172,diagnosis_suggestion,10.7,35.37
C01003,pro,W03,2025-02-13,True,True,True,True,0.9421,coding_recommendation,25.5,21.43
C01003,pro,W03,2025-03-16,True,True,True,True,0.936,diagnosis_suggestion,15.3,40.6
C01004,basic,W08,2025-05-04,True,True,False,True,0.6967,documentation_gap,78.3,0.0
C01004,basic,W08,2025-04-16,True,True,True,True,0.8238,coding_recommendation,10.0,43.54
C01004,basic,W08,2025-05-03,True,True,True,True,0.9249,coding_recommendation,15.8,52.64
C01005,basic,W04,2025-04-09,True,True,False,True,0.868,diagnosis_suggestion,28.7,0.0
C01005,basic,W04,2025-04-02,True,True,True,True,0.7561,diagnosis_suggestion,53.8,7.56
C01005,basic,W04,2025-03-01,True,True,False,True,0.9532,quality_flag,6.8,0.0
C01006,free,W06,2025-04-28,False,False,False,,,,,0.0
C01006,free,W06,2025-03-06,True,False,False,False,0.3,diagnosis_suggestion,,0.0
C01006,free,W06,2025-02-24,True,True,True,True,0.7132,documentation_gap,18.0,31.69
C01007,free,W08,2025-03-16,True,True,False,True,0.9057,documentation_gap,8.4,0.0
C01007,free,W08,2025-03-15,True,True,True,True,0.902,diagnosis_suggestion,47.9,117.63
C01007,free,W08,2025-04-09,True,True,True,True,0.8981,coding_recommendation,5.7,13.34
C01008,pro,W04,2025-04-02,True,True,True,True,0.5786,diagnosis_suggestion,14.7,34.5
C01008,pro,W04,2025-03-12,True,True,True,True,0.9741,documentation_gap,45.5,49.06
C01008,pro,W04,2025-04-13,True,True,True,True,0.7261,coding_recommendation,47.2,50.17
C01009,pro,W03,2025-01-20,True,False,False,False,0.3,diagnosis_suggestion,,0.0
C01009,pro,W03,2025-02-23,True,True,True,True,0.6416,documentation_gap,7.3,32.96
C01009,pro,W03,2025-01-27,True,True,True,True,0.8927,quality_flag,15.8,12.57
C01010,basic,W09,2025-03-12,True,True,False,True,0.7992,coding_recommendation,4.5,0.0
C01010,basic,W09,2025-03-15,True,True,False,True,0.6114,coding_recommendation,196.0,0.0
C01010,basic,W09,2025-04-08,True,True,True,True,0.856,coding_recommendation,26.7,63.87
C01011,free,W10,2025-05-13,False,False,False,,,,,0.0
C01011,free,W10,2025-03-19,True,True,True,True,0.8757,documentation_gap,210.0,75.79
C01011,free,W10,2025-05-26,False,False,False,,,,,0.0
C01012,free,W07,2025-04-04,True,True,False,True,0.7922,diagnosis_suggestion,131.1,0.0
C01012,free,W07,2025-04-21,False,False,False,,,,,0.0
C01012,free,W07,2025-03-15,True,True,False,True,0.5,coding_recommendation,40.3,0.0
C01013,basic,W09,2025-05-06,True,True,False,True,0.692,diagnosis_suggestion,27.9,0.0
C01013,basic,W09,2025-03-05,True,False,False,False,0.3815,coding_recommendation,,0.0
C01013,basic,W09,2025-03-21,False,False,False,,,,,0.0
C01014,basic,W03,2025-01-21,True,True,False,False,0.6965,diagnosis_suggestion,58.4,0.0
C01014,basic,W03,2025-03-09,True,True,True,False,0.6389,coding_recommendation,98.7,-21.1
C01014,basic,W03,2025-02-16,False,False,False,,,,,0.0
C01015,free,W01,2025-02-22,False,False,False,,,,,0.0
C01015,free,W01,2025-03-12,True,False,False,False,0.4715,diagnosis_suggestion,,0.0
C01015,free,W01,2025-02-19,False,False,False,,,,,0.0
C01016,basic,W03,2025-03-14,False,False,False,,,,,0.0
C01016,basic,W03,2025-03-21,True,True,False,False,0.5373,coding_recommendation,25.2,0.0
C01016,basic,W03,2025-02-26,True,True,True,True,0.7518,documentation_gap,20.1,66.95
C01017,free,W07,2025-05-03,True,True,True,True,0.9429,documentation_gap,65.3,54.53
C01017,free,W07,2025-02-25,True,True,True,True,0.9035,diagnosis_suggestion,13.1,85.86
C01017,free,W07,2025-04-23,True,True,False,True,0.7065,coding_recommendation,13.0,0.0
C01018,free,W01,2025-02-26,True,True,False,True,0.8686,documentation_gap,8.9,0.0
C01018,free,W01,2025-02-10,False,False,False,,,,,0.0
C01018,free,W01,2025-01-31,True,True,False,False,0.5127,documentation_gap,14.1,0.0
C01019,pro,W05,2025-03-12,True,True,True,False,0.5306,diagnosis_suggestion,11.2,-21.69
C01019,pro,W05,2025-04-22,True,True,True,True,0.7634,quality_flag,5.4,37.71
C01019,pro,W05,2025-04-05,True,True,False,True,0.7825,diagnosis_suggestion,4.3,0.0
C01020,free,W12,2025-03-28,True,True,False,True,0.6441,documentation_gap,26.8,0.0
C01020,free,W12,2025-04-19,True,True,False,True,0.7936,coding_recommendation,23.0,0.0
C01020,free,W12,2025-05-14,False,False,False,,,,,0.0
C01021,free,W05,2025-02-10,False,False,False,,,,,0.0
C01021,free,W05,2025-02-01,True,True,True,True,0.9203,quality_flag,42.8,59.91
C01021,free,W05,2025-04-20,False,False,False,,,,,0.0
C01022,free,W03,2025-01-16,False,False,False,,,,,0.0
C01022,free,W03,2025-03-26,False,False,False,,,,,0.0
C01022,free,W03,2025-02-07,False,False,False,,,,,0.0
C01023,free,W12,2025-04-25,True,True,True,False,0.7517,documentation_gap,35.2,-13.9
C01023,free,W12,2025-04-01,True,True,False,True,0.6558,coding_recommendation,30.1,0.0
C01023,free,W12,2025-04-27,False,False,False,,,,,0.0
C01024,free,W08,2025-03-10,False,False,False,,,,,0.0
C01024,free,W08,2025-04-08,True,True,True,True,0.6567,diagnosis_suggestion,8.9,20.17
C01024,free,W08,2025-02-26,True,True,False,True,0.8126,quality_flag,59.9,0.0
C01025,free,W01,2025-02-21,False,False,False,,,,,0.0
C01025,free,W01,2025-01-11,False,False,False,,,,,0.0
C01025,free,W01,2025-02-20,True,True,True,True,0.8913,coding_recommendation,28.6,141.54
C01026,basic,W09,2025-04-24,True,True,True,True,0.7154,documentation_gap,9.1,20.68
C01026,basic,W09,2025-04-21,False,False,False,,,,,0.0
C01026,basic,W09,2025-05-06,True,True,True,True,0.7836,diagnosis_suggestion,15.9,19.32
C01027,pro,W12,2025-05-09,True,True,True,True,0.7231,diagnosis_suggestion,37.0,76.66
C01027,pro,W12,2025-03-31,True,True,True,True,0.754,diagnosis_suggestion,79.3,25.86
C01027,pro,W12,2025-04-12,True,True,True,True,0.6187,coding_recommendation,99.3,62.25
C01028,free,W11,2025-05-14,False,False,False,,,,,0.0
C01028,free,W11,2025-03-16,False,False,False,,,,,0.0
C01028,free,W11,2025-04-06,True,True,True,True,0.7514,quality_flag,47.2,185.88
C01029,pro,W11,2025-05-31,True,True,True,True,0.69,diagnosis_suggestion,67.6,45.66
C01029,pro,W11,2025-04-30,False,False,False,,,,,0.0
C01029,pro,W11,2025-03-20,True,True,False,True,0.7278,diagnosis_suggestion,12.6,0.0
C01030,pro,W07,2025-03-12,True,True,True,True,0.5627,coding_recommendation,18.7,34.32
C01030,pro,W07,2025-02-28,True,True,True,True,0.8391,diagnosis_suggestion,41.0,93.57
C01030,pro,W07,2025-04-26,True,True,True,True,0.9244,documentation_gap,124.0,89.83
C01031,free,W01,2025-02-04,False,False,False,,,,,0.0
C01031,free,W01,2025-03-07,False,False,False,,,,,0.0
C01031,free,W01,2025-02-05,False,False,False,,,,,0.0
C01032,free,W02,2025-01-25,True,True,False,True,0.7833,diagnosis_suggestion,24.6,0.0
C01032,free,W02,2025-02-24,True,True,True,True,0.9382,diagnosis_suggestion,17.9,46.14
C01032,free,W02,2025-03-27,False,False,False,,,,,0.0
C01033,free,W02,2025-03-12,False,False,False,,,,,0.0
C01033,free,W02,2025-02-18,True,True,False,True,0.6424,documentation_gap,9.0,0.0
C01033,free,W02,2025-02-22,False,False,False,,,,,0.0
C01034,basic,W11,2025-03-23,True,True,False,False,0.5687,diagnosis_suggestion,35.6,0.0
C01034,basic,W11,2025-03-25,False,False,False,,,,,0.0
C01034,basic,W11,2025-04-23,True,True,False,True,0.7885,documentation_gap,23.5,0.0
C01035,pro,W01,2025-03-05,True,True,True,True,0.968,coding_recommendation,12.8,43.9
C01035,pro,W01,2025-03-12,True,True,True,True,0.7442,coding_recommendation,28.5,95.91
C01035,pro,W01,2025-01-18,True,True,False,True,0.7444,coding_recommendation,20.8,0.0
C01036,free,W01,2025-02-04,True,True,True,True,0.8608,diagnosis_suggestion,36.1,147.38
C01036,free,W01,2025-01-31,True,True,True,False,0.7823,documentation_gap,12.6,-27.28
C01036,free,W01,2025-01-11,True,True,True,True,0.7106,coding_recommendation,103.0,44.32
C01037,pro,W10,2025-04-27,True,True,True,True,0.6399,coding_recommendation,46.1,29.31
C01037,pro,W10,2025-05-11,True,True,True,True,0.926,quality_flag,18.5,36.48
C01037,pro,W10,2025-05-18,False,False,False,,,,,0.0
C01038,free,W02,2025-01-11,True,True,True,True,0.883,documentation_gap,17.4,33.27
C01038,free,W02,2025-02-22,False,False,False,,,,,0.0
C01038,free,W02,2025-01-17,False,False,False,,,,,0.0
C01039,pro,W06,2025-03-14,True,False,False,False,0.3071,documentation_gap,,0.0
C01039,pro,W06,2025-02-21,True,True,True,True,0.6779,coding_recommendation,16.3,51.24
C01039,pro,W06,2025-03-08,False,False,False,,,,,0.0
C01040,basic,W05,2025-02-01,False,False,False,,,,,0.0
C01040,basic,W05,2025-04-20,True,True,True,True,0.9348,coding_recommendation,19.1,17.42
C01040,basic,W05,2025-03-11,True,True,False,True,0.7293,diagnosis_suggestion,54.0,0.0
C01041,free,W05,2025-04-11,True,True,True,True,0.9204,coding_recommendation,48.5,60.49
C01041,free,W05,2025-04-22,True,True,True,True,0.8226,documentation_gap,9.6,14.18
C01041,free,W05,2025-02-18,False,False,False,,,,,0.0
C01042,free,W02,2025-01-26,True,True,True,True,0.6349,documentation_gap,6.9,43.0
C01042,free,W02,2025-03-03,False,False,False,,,,,0.0
C01042,free,W02,2025-01-17,False,False,False,,,,,0.0
C01043,basic,W07,2025-03-14,True,True,True,True,0.5586,documentation_gap,24.9,99.58
C01043,basic,W07,2025-02-28,True,False,False,False,0.3,diagnosis_suggestion,,0.0
C01043,basic,W07,2025-02-22,True,True,False,True,0.5862,diagnosis_suggestion,50.2,0.0
C01044,basic,W03,2025-03-04,False,False,False,,,,,0.0
C01044,basic,W03,2025-02-03,True,True,False,True,0.6253,diagnosis_suggestion,18.7,0.0
C01044,basic,W03,2025-03-18,False,False,False,,,,,0.0
C01045,basic,W12,2025-05-10,True,True,False,True,0.7002,coding_recommendation,7.5,0.0
C01045,basic,W12,2025-05-17,False,False,False,,,,,0.0
C01045,basic,W12,2025-06-06,True,True,True,True,0.942,coding_recommendation,8.3,27.44
C01046,free,W09,2025-04-05,True,True,False,True,0.99,documentation_gap,20.5,0.0
C01046,free,W09,2025-03-21,False,False,False,,,,,0.0
C01046,free,W09,2025-03-21,True,True,True,True,0.8291,diagnosis_suggestion,17.0,91.76
C01047,basic,W08,2025-04-15,False,False,False,,,,,0.0
C01047,basic,W08,2025-03-10,True,True,True,True,0.7999,documentation_gap,12.4,33.91
C01047,basic,W08,2025-03-17,True,True,False,True,0.7009,quality_flag,35.5,0.0
C01048,free,W09,2025-02-27,True,True,True,True,0.8738,documentation_gap,26.4,84.74
C01048,free,W09,2025-04-24,True,True,True,True,0.821,coding_recommendation,58.8,53.86
C01048,free,W09,2025-04-27,True,True,True,True,0.8606,documentation_gap,25.5,101.48
C01048,free,W09,2025-05-08,False,False,False,,,,,0.0
C01049,free,W09,2025-03-24,True,True,False,True,0.9126,coding_recommendation,19.1,0.0
C01049,free,W09,2025-04-07,True,True,True,True,0.5182,documentation_gap,28.9,65.25
C01049,free,W09,2025-04-22,False,False,False,,,,,0.0
C01050,basic,W10,2025-03-22,True,True,False,False,0.7725,documentation_gap,58.0,0.0
C01050,basic,W10,2025-05-11,False,False,False,,,,,0.0
C01050,basic,W10,2025-03-31,True,True,True,True,0.9516,documentation_gap,7.8,37.81
C01050,basic,W10,2025-03-17,False,False,False,,,,,0.0
C01050,basic,W10,2025-03-23,True,True,False,True,0.7721,coding_recommendation,8.0,0.0
C01051,free,W06,2025-04-21,True,True,False,True,0.6453,quality_flag,48.9,0.0
C01051,free,W06,2025-03-26,True,True,True,True,0.7354,quality_flag,9.8,21.58
C01051,free,W06,2025-02-12,False,False,False,,,,,0.0
C01052,pro,W05,2025-04-10,False,False,False,,,,,0.0
C01052,pro,W05,2025-02-27,True,True,True,True,0.7305,coding_recommendation,16.3,103.39
C01052,pro,W05,2025-03-23,True,True,True,True,0.8931,documentation_gap,26.8,19.71
C01053,free,W02,2025-02-11,False,False,False,,,,,0.0
C01053,free,W02,2025-01-14,False,False,False,,,,,0.0
C01053,free,W02,2025-02-25,True,True,False,True,0.6617,documentation_gap,31.3,0.0
C01054,pro,W07,2025-03-07,True,True,True,True,0.7723,documentation_gap,16.0,81.83
C01054,pro,W07,2025-04-06,True,True,True,True,0.8888,coding_recommendation,60.1,92.74
C01054,pro,W07,2025-03-07,True,True,False,True,0.8693,diagnosis_suggestion,34.0,0.0
C01054,pro,W07,2025-04-22,True,True,True,True,0.9484,documentation_gap,27.7,21.08
C01054,pro,W07,2025-04-01,True,True,True,True,0.7134,diagnosis_suggestion,52.0,95.79
C01054,pro,W07,2025-04-01,True,True,True,True,0.7379,quality_flag,19.1,115.41
C01055,free,W11,2025-05-06,False,False,False,,,,,0.0
C01055,free,W11,2025-03-24,False,False,False,,,,,0.0
C01055,free,W11,2025-03-23,False,False,False,,,,,0.0
C01056,free,W05,2025-04-17,False,False,False,,,,,0.0
C01056,free,W05,2025-02-04,True,True,True,True,0.7252,coding_recommendation,24.2,64.63
C01056,free,W05,2025-01-30,True,True,True,True,0.8168,documentation_gap,102.5,43.01
C01057,basic,W10,2025-05-12,True,True,False,True,0.8019,documentation_gap,62.0,0.0
C01057,basic,W10,2025-05-27,True,True,False,True,0.8508,quality_flag,35.0,0.0
C01057,basic,W10,2025-04-29,True,True,True,True,0.6963,quality_flag,139.2,53.24
C01058,pro,W11,2025-05-14,True,True,True,True,0.8304,coding_recommendation,45.6,21.93
C01058,pro,W11,2025-05-12,True,True,False,False,0.7236,coding_recommendation,18.0,0.0
C01058,pro,W11,2025-05-13,True,True,False,True,0.9128,diagnosis_suggestion,7.9,0.0
C01058,pro,W11,2025-05-30,True,True,True,True,0.8787,documentation_gap,14.1,26.93
C01059,pro,W08,2025-05-03,True,True,True,True,0.9829,diagnosis_suggestion,27.9,49.26
C01059,pro,W08,2025-03-24,True,True,True,True,0.8964,diagnosis_suggestion,31.3,8.63
C01059,pro,W08,2025-02-25,True,True,True,True,0.9267,diagnosis_suggestion,17.2,51.15
C01060,free,W05,2025-03-29,True,True,False,True,0.8549,diagnosis_suggestion,20.5,0.0
C01060,free,W05,2025-02-06,False,False,False,,,,,0.0
C01060,free,W05,2025-02-09,True,True,False,True,0.8844,quality_flag,53.5,0.0
C01061,free,W01,2025-03-24,True,True,False,True,0.937,coding_recommendation,4.7,0.0
C01061,free,W01,2025-01-09,False,False,False,,,,,0.0
C01061,free,W01,2025-01-21,True,True,True,True,0.7503,diagnosis_suggestion,43.7,45.47
C01062,free,W03,2025-02-04,True,True,True,True,0.7919,documentation_gap,84.5,40.99
C01062,free,W03,2025-02-07,False,False,False,,,,,0.0
C01062,free,W03,2025-02-11,False,False,False,,,,,0.0
C01063,free,W10,2025-05-06,True,True,False,True,0.763,quality_flag,18.6,0.0
C01063,free,W10,2025-04-29,True,True,False,True,0.9262,diagnosis_suggestion,11.1,0.0
C01063,free,W10,2025-04-03,False,False,False,,,,,0.0
C01064,basic,W01,2025-02-27,True,True,True,False,0.5733,diagnosis_suggestion,23.0,-54.09
C01064,basic,W01,2025-01-25,False,False,False,,,,,0.0
C01064,basic,W01,2025-01-09,True,True,True,True,0.9535,diagnosis_suggestion,5.7,81.55
C01065,free,W10,2025-05-15,False,False,False,,,,,0.0
C01065,free,W10,2025-03-17,False,False,False,,,,,0.0
C01065,free,W10,2025-04-26,True,True,True,True,0.5026,coding_recommendation,17.4,22.35
C01066,basic,W12,2025-06-08,True,True,True,True,0.8287,quality_flag,52.5,95.28
C01066,basic,W12,2025-05-18,True,True,False,True,0.7774,documentation_gap,11.2,0.0
C01066,basic,W12,2025-04-24,True,True,True,True,0.7379,quality_flag,11.1,62.95
C01067,basic,W12,2025-06-09,True,True,True,False,0.5644,diagnosis_suggestion,51.4,-9.85
C01067,basic,W12,2025-05-22,True,True,False,False,0.5425,coding_recommendation,21.9,0.0
C01067,basic,W12,2025-05-05,True,True,False,True,0.8375,diagnosis_suggestion,11.7,0.0
C01068,free,W05,2025-02-28,False,False,False,,,,,0.0
C01068,free,W05,2025-03-09,True,True,False,True,0.9406,documentation_gap,15.0,0.0
C01068,free,W05,2025-02-08,False,False,False,,,,,0.0
C01069,basic,W11,2025-05-26,True,True,False,True,0.8074,coding_recommendation,7.6,0.0
C01069,basic,W11,2025-03-16,False,False,False,,,,,0.0
C01069,basic,W11,2025-05-06,True,True,True,True,0.6627,diagnosis_suggestion,31.8,29.99
C01070,free,W06,2025-02-17,True,True,False,True,0.89,diagnosis_suggestion,31.5,0.0
C01070,free,W06,2025-04-15,True,True,True,True,0.8685,quality_flag,27.1,54.36
C01070,free,W06,2025-04-25,True,True,True,True,0.749,diagnosis_suggestion,10.4,43.69
C01071,free,W07,2025-02-28,False,False,False,,,,,0.0
C01071,free,W07,2025-04-19,True,True,False,True,0.8127,diagnosis_suggestion,19.8,0.0
C01071,free,W07,2025-04-01,False,False,False,,,,,0.0
C01072,free,W11,2025-05-22,False,False,False,,,,,0.0
C01072,free,W11,2025-04-06,False,False,False,,,,,0.0
C01072,free,W11,2025-05-30,True,True,True,True,0.8342,coding_recommendation,9.7,51.91
C01072,free,W11,2025-03-26,True,True,True,True,0.8031,coding_recommendation,8.0,40.2
C01072,free,W11,2025-05-25,False,False,False,,,,,0.0
C01072,free,W11,2025-05-19,False,False,False,,,,,0.0
C01072,free,W11,2025-05-11,False,False,False,,,,,0.0
C01072,free,W11,2025-05-15,False,False,False,,,,,0.0
C01072,free,W11,2025-04-17,False,False,False,,,,,0.0
C01073,free,W05,2025-04-12,True,True,True,True,0.7647,documentation_gap,62.7,17.04
C01073,free,W05,2025-02-01,True,True,False,True,0.8706,diagnosis_suggestion,19.7,0.0
C01073,free,W05,2025-04-10,False,False,False,,,,,0.0
C01074,free,W05,2025-02-01,False,False,False,,,,,0.0
C01074,free,W05,2025-03-15,False,False,False,,,,,0.0
C01074,free,W05,2025-03-12,False,False,False,,,,,0.0
C01075,free,W06,2025-04-02,True,True,False,True,0.7904,quality_flag,26.7,0.0
C01075,free,W06,2025-04-20,False,False,False,,,,,0.0
C01075,free,W06,2025-03-01,True,True,False,True,0.7665,documentation_gap,56.6,0.0
C01076,free,W09,2025-05-17,True,True,True,True,0.9798,documentation_gap,13.2,91.24
C01076,free,W09,2025-03-18,True,True,False,True,0.7641,diagnosis_suggestion,19.2,0.0
C01076,free,W09,2025-03-04,True,True,True,True,0.9633,coding_recommendation,19.7,113.26
C01077,free,W02,2025-02-10,True,True,False,False,0.6853,diagnosis_suggestion,13.2,0.0
C01077,free,W02,2025-03-15,True,True,False,True,0.9333,diagnosis_suggestion,12.0,0.0
C01077,free,W02,2025-02-28,True,True,False,True,0.8984,diagnosis_suggestion,23.3,0.0
C01078,basic,W06,2025-04-22,True,True,True,False,0.6883,diagnosis_suggestion,6.6,-55.2
C01078,basic,W06,2025-02-11,True,True,False,True,0.6334,documentation_gap,18.4,0.0
C01078,basic,W06,2025-03-01,True,True,False,True,0.8727,quality_flag,17.0,0.0
C01079,free,W10,2025-03-13,False,False,False,,,,,0.0
C01079,free,W10,2025-03-22,False,False,False,,,,,0.0
C01079,free,W10,2025-03-20,True,True,False,True,0.9059,coding_recommendation,18.0,0.0
C01080,basic,W07,2025-03-19,False,False,False,,,,,0.0
C01080,basic,W07,2025-03-28,True,True,True,True,0.908,coding_recommendation,9.3,35.64
C01080,basic,W07,2025-03-01,False,False,False,,,,,0.0
C01081,free,W04,2025-04-07,False,False,False,,,,,0.0
C01081,free,W04,2025-03-21,False,False,False,,,,,0.0
C01081,free,W04,2025-04-01,False,False,False,,,,,0.0
C01082,pro,W12,2025-05-11,False,False,False,,,,,0.0
C01082,pro,W12,2025-06-05,True,True,True,True,0.9546,coding_recommendation,50.1,75.2
C01082,pro,W12,2025-05-18,False,False,False,,,,,0.0
C01082,pro,W12,2025-04-06,True,True,False,True,0.6912,diagnosis_suggestion,12.2,0.0
C01082,pro,W12,2025-06-03,False,False,False,,,,,0.0
C01082,pro,W12,2025-04-06,True,True,True,True,0.6997,diagnosis_suggestion,33.1,31.12
C01082,pro,W12,2025-05-08,True,True,True,True,0.8926,coding_recommendation,26.4,84.72
C01082,pro,W12,2025-05-06,True,True,True,True,0.7107,documentation_gap,39.3,84.42
C01083,pro,W05,2025-02-25,True,True,True,True,0.8102,quality_flag,30.2,52.66
C01083,pro,W05,2025-04-08,True,True,False,True,0.8626,diagnosis_suggestion,70.1,0.0
C01083,pro,W05,2025-04-01,True,True,False,True,0.8399,diagnosis_suggestion,13.1,0.0
C01084,free,W07,2025-04-05,False,False,False,,,,,0.0
C01084,free,W07,2025-03-07,True,True,False,True,0.984,diagnosis_suggestion,24.3,0.0
C01084,free,W07,2025-02-12,True,True,True,True,0.6624,diagnosis_suggestion,61.8,21.46
C01085,pro,W08,2025-04-08,True,True,False,True,0.9409,diagnosis_suggestion,40.2,0.0
C01085,pro,W08,2025-04-29,True,True,False,True,0.8149,diagnosis_suggestion,19.8,0.0
C01085,pro,W08,2025-04-01,True,True,True,True,0.9233,documentation_gap,12.3,95.67
C01085,pro,W08,2025-05-10,True,True,True,True,0.779,diagnosis_suggestion,66.1,60.81
C01085,pro,W08,2025-02-20,True,True,False,True,0.8642,coding_recommendation,74.3,0.0
C01086,free,W03,2025-03-22,True,True,True,True,0.7566,diagnosis_suggestion,29.7,39.75
C01086,free,W03,2025-02-24,False,False,False,,,,,0.0
C01086,free,W03,2025-03-22,True,True,True,True,0.8164,diagnosis_suggestion,43.7,47.09
C01087,free,W03,2025-04-07,False,False,False,,,,,0.0
C01087,free,W03,2025-03-08,True,True,True,True,0.9376,coding_recommendation,25.0,147.05
C01087,free,W03,2025-02-11,False,False,False,,,,,0.0
C01088,pro,W09,2025-04-25,True,True,True,True,0.8602,quality_flag,22.1,47.45
C01088,pro,W09,2025-02-27,True,True,True,True,0.8736,diagnosis_suggestion,11.4,17.32
C01088,pro,W09,2025-03-24,True,True,True,True,0.9304,diagnosis_suggestion,27.1,77.95
C01089,free,W12,2025-04-09,True,True,True,True,0.8431,documentation_gap,15.5,55.01
C01089,free,W12,2025-04-18,False,False,False,,,,,0.0
C01089,free,W12,2025-03-25,False,False,False,,,,,0.0
C01090,free,W01,2025-01-27,False,False,False,,,,,0.0
C01090,free,W01,2025-03-20,False,False,False,,,,,0.0
C01090,free,W01,2025-01-02,False,False,False,,,,,0.0
C01091,free,W10,2025-04-06,True,True,True,True,0.8175,quality_flag,18.5,98.16
C01091,free,W10,2025-05-08,True,True,True,False,0.5238,documentation_gap,7.6,-10.9
C01091,free,W10,2025-05-09,True,True,True,True,0.8026,diagnosis_suggestion,67.0,79.55
C01092,free,W08,2025-02-26,True,True,False,True,0.8273,coding_recommendation,15.1,0.0
C01092,free,W08,2025-04-21,True,True,True,True,0.6696,diagnosis_suggestion,30.9,59.8
C01092,free,W08,2025-02-28,False,False,False,,,,,0.0
C01093,basic,W05,2025-02-01,True,True,False,True,0.5006,quality_flag,10.1,0.0
C01093,basic,W05,2025-01-29,False,False,False,,,,,0.0
C01093,basic,W05,2025-01-31,False,False,False,,,,,0.0
C01094,free,W03,2025-02-16,True,True,True,True,0.7577,diagnosis_suggestion,9.3,201.46
C01094,free,W03,2025-03-15,False,False,False,,,,,0.0
C01094,free,W03,2025-02-07,True,False,False,False,0.3,diagnosis_suggestion,,0.0
C01095,free,W12,2025-04-12,False,False,False,,,,,0.0
C01095,free,W12,2025-04-02,False,False,False,,,,,0.0
C01095,free,W12,2025-04-30,True,True,False,True,0.729,coding_recommendation,10.9,0.0
C01096,free,W07,2025-02-27,True,True,True,False,0.8105,diagnosis_suggestion,30.5,-23.07
C01096,free,W07,2025-03-05,False,False,False,,,,,0.0
C01096,free,W07,2025-02-25,False,False,False,,,,,0.0
C01097,free,W04,2025-03-20,True,True,True,True,0.6749,documentation_gap,24.7,50.96
C01097,free,W04,2025-03-10,False,False,False,,,,,0.0
C01097,free,W04,2025-03-17,False,False,False,,,,,0.0
C01098,basic,W06,2025-04-17,True,False,False,False,0.3588,diagnosis_suggestion,,0.0
C01098,basic,W06,2025-04-09,True,True,True,False,0.7835,documentation_gap,17.6,-43.3
C01098,basic,W06,2025-02-22,True,True,True,True,0.8673,diagnosis_suggestion,34.9,28.64
C01099,free,W05,2025-02-09,False,False,False,,,,,0.0
C01099,free,W05,2025-02-26,False,False,False,,,,,0.0
C01099,free,W05,2025-04-01,False,False,False,,,,,0.0
C01100,basic,W07,2025-03-26,True,False,False,False,0.3201,diagnosis_suggestion,,0.0
C01100,basic,W07,2025-02-20,True,False,False,False,0.4167,coding_recommendation,,0.0
C01100,basic,W07,2025-03-18,True,True,False,True,0.7961,documentation_gap,14.9,0.0
C01101,pro,W12,2025-06-03,True,True,False,True,0.8312,documentation_gap,9.6,0.0
C01101,pro,W12,2025-03-24,True,True,False,True,0.8271,coding_recommendation,86.7,0.0
C01101,pro,W12,2025-04-19,True,False,False,False,0.4753,quality_flag,,0.0
C01102,pro,W12,2025-04-09,True,True,True,True,0.5711,diagnosis_suggestion,31.3,47.46
C01102,pro,W12,2025-04-30,True,True,True,True,0.9751,quality_flag,17.4,97.23
C01102,pro,W12,2025-05-17,True,True,True,True,0.899,diagnosis_suggestion,34.4,77.99
C01102,pro,W12,2025-04-25,True,True,False,True,0.6128,coding_recommendation,12.5,0.0
C01102,pro,W12,2025-06-08,True,True,True,True,0.8327,documentation_gap,37.3,81.97
C01103,basic,W07,2025-05-01,True,True,False,True,0.6662,diagnosis_suggestion,27.2,0.0
C01103,basic,W07,2025-04-23,True,True,True,True,0.6622,diagnosis_suggestion,6.1,70.69
C01103,basic,W07,2025-03-13,True,False,False,False,0.3967,diagnosis_suggestion,,0.0
C01104,free,W03,2025-02-17,False,False,False,,,,,0.0
C01104,free,W03,2025-02-19,True,True,True,True,0.7889,diagnosis_suggestion,52.8,56.49
C01104,free,W03,2025-03-19,True,True,False,True,0.9456,diagnosis_suggestion,24.1,0.0
C01105,free,W11,2025-06-03,True,True,False,True,0.6013,diagnosis_suggestion,5.8,0.0
C01105,free,W11,2025-05-21,True,True,True,True,0.9374,quality_flag,23.2,24.22
C01105,free,W11,2025-05-11,True,False,False,False,0.3262,coding_recommendation,,0.0
C01106,basic,W05,2025-02-28,True,True,False,True,0.917,diagnosis_suggestion,62.9,0.0
C01106,basic,W05,2025-02-26,False,False,False,,,,,0.0
C01106,basic,W05,2025-03-10,False,False,False,,,,,0.0
C01107,free,W02,2025-03-27,False,False,False,,,,,0.0
C01107,free,W02,2025-02-15,False,False,False,,,,,0.0
C01107,free,W02,2025-03-19,True,False,False,False,0.3298,diagnosis_suggestion,,0.0
C01107,free,W02,2025-03-16,True,True,False,True,0.661,diagnosis_suggestion,7.2,0.0
C01108,free,W02,2025-03-25,True,True,False,False,0.5327,coding_recommendation,12.1,0.0
C01108,free,W02,2025-03-22,True,True,True,False,0.6425,documentation_gap,15.9,-8.32
C01108,free,W02,2025-01-09,True,True,False,True,0.951,diagnosis_suggestion,26.4,0.0
C01108,free,W02,2025-03-18,False,False,False,,,,,0.0
C01109,basic,W05,2025-03-01,True,True,True,True,0.5415,coding_recommendation,71.1,53.58
C01109,basic,W05,2025-02-14,True,True,False,True,0.9204,documentation_gap,8.7,0.0
C01109,basic,W05,2025-01-29,True,False,False,False,0.4626,diagnosis_suggestion,,0.0
C01110,free,W05,2025-03-24,True,False,False,False,0.4365,documentation_gap,,0.0
C01110,free,W05,2025-02-13,False,False,False,,,,,0.0
C01110,free,W05,2025-03-11,True,True,True,True,0.8509,diagnosis_suggestion,12.4,33.46
C01111,pro,W09,2025-05-12,True,True,True,True,0.9127,diagnosis_suggestion,8.3,91.88
C01111,pro,W09,2025-05-15,True,True,True,True,0.9325,diagnosis_suggestion,16.2,116.96
C01111,pro,W09,2025-03-07,True,True,True,True,0.9278,documentation_gap,83.8,48.37
C01112,free,W08,2025-03-02,False,False,False,,,,,0.0
C01112,free,W08,2025-04-18,False,False,False,,,,,0.0
C01112,free,W08,2025-04-06,False,False,False,,,,,0.0
C01113,free,W08,2025-03-28,True,True,False,True,0.8043,quality_flag,4.2,0.0
C01113,free,W08,2025-03-18,False,False,False,,,,,0.0
C01113,free,W08,2025-05-03,False,False,False,,,,,0.0
C01113,free,W08,2025-03-19,False,False,False,,,,,0.0
C01114,free,W10,2025-04-26,False,False,False,,,,,0.0
C01114,free,W10,2025-05-06,True,False,False,False,0.3479,quality_flag,,0.0
C01114,free,W10,2025-05-06,True,True,True,True,0.8737,documentation_gap,13.2,113.02
C01115,basic,W04,2025-02-27,True,True,False,True,0.7375,diagnosis_suggestion,16.5,0.0
C01115,basic,W04,2025-02-03,True,True,True,True,0.8013,coding_recommendation,48.6,30.89
C01115,basic,W04,2025-03-30,True,True,False,True,0.9266,diagnosis_suggestion,11.3,0.0
C01116,pro,W09,2025-03-02,True,True,True,True,0.8993,quality_flag,41.1,102.38
C01116,pro,W09,2025-04-27,True,True,True,True,0.715,diagnosis_suggestion,21.3,91.95
C01116,pro,W09,2025-05-02,True,True,True,False,0.5292,diagnosis_suggestion,45.5,-20.27
C01117,free,W01,2025-02-28,False,False,False,,,,,0.0
C01117,free,W01,2025-03-09,False,False,False,,,,,0.0
C01117,free,W01,2025-01-11,True,False,False,False,0.4937,documentation_gap,,0.0
C01118,basic,W06,2025-04-02,False,False,False,,,,,0.0
C01118,basic,W06,2025-04-04,False,False,False,,,,,0.0
C01118,basic,W06,2025-03-12,True,True,True,True,0.7767,diagnosis_suggestion,23.1,114.24
C01119,free,W05,2025-04-22,True,True,True,False,0.6284,diagnosis_suggestion,57.1,-18.02
C01119,free,W05,2025-02-05,True,True,False,True,0.8619,diagnosis_suggestion,26.5,0.0
C01119,free,W05,2025-02-12,True,True,True,True,0.9496,diagnosis_suggestion,19.8,12.78
C01120,free,W03,2025-03-15,False,False,False,,,,,0.0
C01120,free,W03,2025-02-17,True,True,False,True,0.9354,coding_recommendation,17.9,0.0
C01120,free,W03,2025-02-10,True,True,True,False,0.7003,documentation_gap,25.2,-18.23
C01121,basic,W01,2025-02-16,False,False,False,,,,,0.0
C01121,basic,W01,2025-03-18,True,True,True,True,0.8031,diagnosis_suggestion,54.5,28.08
C01121,basic,W01,2025-02-06,False,False,False,,,,,0.0
C01121,basic,W01,2025-02-22,False,False,False,,,,,0.0
C01121,basic,W01,2025-03-02,False,False,False,,,,,0.0
C01122,basic,W05,2025-02-09,True,True,True,True,0.9516,diagnosis_suggestion,19.0,124.52
C01122,basic,W05,2025-03-09,True,True,False,True,0.7655,quality_flag,12.8,0.0
C01122,basic,W05,2025-02-28,True,True,False,True,0.781,diagnosis_suggestion,117.1,0.0
C01123,free,W01,2025-02-18,False,False,False,,,,,0.0
C01123,free,W01,2025-02-04,False,False,False,,,,,0.0
C01123,free,W01,2025-01-12,False,False,False,,,,,0.0
C01124,pro,W06,2025-04-20,True,True,False,True,0.9045,diagnosis_suggestion,62.4,0.0
C01124,pro,W06,2025-03-21,True,True,True,True,0.7702,documentation_gap,24.9,35.61
C01124,pro,W06,2025-03-21,True,True,True,True,0.9649,coding_recommendation,13.9,37.27
C01125,basic,W03,2025-02-09,False,False,False,,,,,0.0
C01125,basic,W03,2025-02-26,False,False,False,,,,,0.0
C01125,basic,W03,2025-01-26,False,False,False,,,,,0.0
C01125,basic,W03,2025-02-21,False,False,False,,,,,0.0
C01126,basic,W03,2025-02-28,False,False,False,,,,,0.0
C01126,basic,W03,2025-03-16,True,True,False,True,0.8365,coding_recommendation,25.0,0.0
C01126,basic,W03,2025-04-06,False,False,False,,,,,0.0
C01126,basic,W03,2025-03-24,True,True,True,True,0.9305,quality_flag,47.8,71.09
C01127,basic,W03,2025-02-15,True,True,True,True,0.9559,diagnosis_suggestion,15.5,47.6
C01127,basic,W03,2025-03-06,False,False,False,,,,,0.0
C01127,basic,W03,2025-03-01,True,False,False,False,0.3619,coding_recommendation,,0.0
C01128,free,W12,2025-05-29,True,False,False,False,0.3386,quality_flag,,0.0
C01128,free,W12,2025-04-14,True,False,False,False,0.4394,coding_recommendation,,0.0
C01128,free,W12,2025-05-14,False,False,False,,,,,0.0
C01129,free,W03,2025-02-27,False,False,False,,,,,0.0
C01129,free,W03,2025-03-09,True,True,True,True,0.7826,quality_flag,10.5,74.87
C01129,free,W03,2025-02-16,False,False,False,,,,,0.0
C01129,free,W03,2025-04-05,False,False,False,,,,,0.0
C01130,free,W11,2025-03-23,False,False,False,,,,,0.0
C01130,free,W11,2025-04-22,True,False,False,False,0.3589,coding_recommendation,,0.0
C01130,free,W11,2025-03-28,True,True,False,True,0.7241,diagnosis_suggestion,8.5,0.0
C01130,free,W11,2025-04-14,True,True,True,True,0.9128,diagnosis_suggestion,15.0,67.83
C01131,free,W11,2025-03-20,False,False,False,,,,,0.0
C01131,free,W11,2025-06-03,True,True,True,True,0.8719,documentation_gap,11.2,89.17
C01131,free,W11,2025-04-16,True,True,False,True,0.8764,documentation_gap,33.5,0.0
C01132,free,W10,2025-05-26,True,True,False,True,0.7391,quality_flag,18.0,0.0
C01132,free,W10,2025-04-12,True,True,True,True,0.8084,diagnosis_suggestion,16.3,107.21
C01132,free,W10,2025-05-15,False,False,False,,,,,0.0
C01133,free,W12,2025-04-13,True,True,False,True,0.5494,diagnosis_suggestion,24.0,0.0
C01133,free,W12,2025-05-09,True,True,True,True,0.893,diagnosis_suggestion,29.6,59.69
C01133,free,W12,2025-04-03,False,False,False,,,,,0.0
C01134,pro,W10,2025-05-05,True,True,True,True,0.7763,diagnosis_suggestion,21.0,64.08
C01134,pro,W10,2025-03-19,True,True,True,False,0.7953,documentation_gap,18.8,-7.22
C01134,pro,W10,2025-04-18,True,True,False,True,0.6121,diagnosis_suggestion,4.9,0.0
C01135,pro,W03,2025-03-23,True,True,False,True,0.7645,coding_recommendation,57.5,0.0
C01135,pro,W03,2025-02-26,True,True,True,True,0.8804,coding_recommendation,30.2,51.63
C01135,pro,W03,2025-02-24,False,False,False,,,,,0.0
C01136,pro,W02,2025-02-03,True,True,True,True,0.8978,coding_recommendation,6.9,39.99
C01136,pro,W02,2025-03-24,False,False,False,,,,,0.0
C01136,pro,W02,2025-01-26,True,False,False,False,0.4351,quality_flag,,0.0
C01137,free,W05,2025-02-06,True,True,True,True,0.9254,coding_recommendation,203.0,51.83
C01137,free,W05,2025-04-08,True,True,True,True,0.9112,diagnosis_suggestion,24.9,55.45
C01137,free,W05,2025-04-20,False,False,False,,,,,0.0
C01137,free,W05,2025-03-24,True,True,True,True,0.9278,diagnosis_suggestion,18.9,176.15
C01137,free,W05,2025-02-16,False,False,False,,,,,0.0
C01138,free,W06,2025-02-20,False,False,False,,,,,0.0
C01138,free,W06,2025-04-24,True,True,False,True,0.99,coding_recommendation,8.3,0.0
C01138,free,W06,2025-03-10,True,True,False,True,0.8367,diagnosis_suggestion,18.3,0.0
C01139,free,W06,2025-02-11,False,False,False,,,,,0.0
C01139,free,W06,2025-04-10,False,False,False,,,,,0.0
C01139,free,W06,2025-04-04,True,True,False,True,0.8235,coding_recommendation,6.3,0.0
C01140,free,W02,2025-03-01,False,False,False,,,,,0.0
C01140,free,W02,2025-02-07,False,False,False,,,,,0.0
C01140,free,W02,2025-01-31,False,False,False,,,,,0.0
C01141,basic,W01,2025-01-10,True,True,True,True,0.6747,documentation_gap,12.7,98.01
C01141,basic,W01,2025-02-11,False,False,False,,,,,0.0
C01141,basic,W01,2025-02-25,True,False,False,False,0.4812,documentation_gap,,0.0
C01142,basic,W04,2025-04-05,False,False,False,,,,,0.0
C01142,basic,W04,2025-03-01,False,False,False,,,,,0.0
C01142,basic,W04,2025-01-30,True,True,False,True,0.6995,documentation_gap,28.6,0.0
C01143,free,W10,2025-04-29,False,False,False,,,,,0.0
C01143,free,W10,2025-04-30,False,False,False,,,,,0.0
C01143,free,W10,2025-05-12,False,False,False,,,,,0.0
C01144,free,W08,2025-04-17,False,False,False,,,,,0.0
C01144,free,W08,2025-04-12,True,True,True,True,0.8031,quality_flag,32.9,81.51
C01144,free,W08,2025-03-23,False,False,False,,,,,0.0
C01145,basic,W01,2025-03-22,False,False,False,,,,,0.0
C01145,basic,W01,2025-01-05,True,True,True,True,0.9005,diagnosis_suggestion,48.8,44.8
C01145,basic,W01,2025-03-07,True,False,False,False,0.3339,documentation_gap,,0.0
C01146,basic,W11,2025-05-03,True,True,True,True,0.6804,quality_flag,7.3,32.48
C01146,basic,W11,2025-04-15,True,False,False,False,0.4719,coding_recommendation,,0.0
C01146,basic,W11,2025-04-02,True,True,True,True,0.7017,diagnosis_suggestion,24.6,183.09
C01146,basic,W11,2025-03-16,True,True,True,True,0.6139,diagnosis_suggestion,7.6,78.97
C01146,basic,W11,2025-04-21,True,False,False,False,0.3711,coding_recommendation,,0.0
C01146,basic,W11,2025-04-12,True,True,False,True,0.7442,quality_flag,31.7,0.0
C01146,basic,W11,2025-05-28,True,True,True,True,0.7106,documentation_gap,89.1,98.56
C01146,basic,W11,2025-03-15,True,True,False,True,0.8677,documentation_gap,12.3,0.0
C01147,pro,W07,2025-03-13,True,True,True,True,0.94,diagnosis_suggestion,2.7,63.31
C01147,pro,W07,2025-02-18,True,True,True,True,0.8237,coding_recommendation,16.6,52.09
C01147,pro,W07,2025-04-21,True,True,False,True,0.8955,quality_flag,32.1,0.0
C01148,free,W05,2025-04-20,True,True,True,True,0.8882,documentation_gap,33.1,55.73
C01148,free,W05,2025-02-19,False,False,False,,,,,0.0
C01148,free,W05,2025-02-26,False,False,False,,,,,0.0
C01149,free,W08,2025-03-18,True,True,True,True,0.516,coding_recommendation,38.3,129.39
C01149,free,W08,2025-04-14,True,True,True,True,0.9807,documentation_gap,11.0,46.92
C01149,free,W08,2025-04-10,True,True,False,True,0.9118,coding_recommendation,12.4,0.0
C01150,pro,W02,2025-01-26,True,True,True,True,0.7744,diagnosis_suggestion,72.7,71.93
C01150,pro,W02,2025-03-19,True,True,True,True,0.826,documentation_gap,147.4,26.99
C01150,pro,W02,2025-02-07,True,True,True,True,0.8785,documentation_gap,17.9,91.45
C01150,pro,W02,2025-01-12,False,False,False,,,,,0.0
C01150,pro,W02,2025-01-22,True,True,True,False,0.7253,diagnosis_suggestion,8.7,-42.08
C01150,pro,W02,2025-03-17,True,True,True,True,0.8625,diagnosis_suggestion,122.9,39.7
C01150,pro,W02,2025-03-18,True,True,True,True,0.6886,documentation_gap,23.0,41.26
C01150,pro,W02,2025-01-17,True,True,True,True,0.8533,coding_recommendation,23.6,54.19
C01151,basic,W01,2025-03-09,True,True,True,True,0.8049,coding_recommendation,24.4,75.96
C01151,basic,W01,2025-02-18,True,True,False,False,0.76,documentation_gap,11.1,0.0
C01151,basic,W01,2025-02-11,True,False,False,False,0.4823,coding_recommendation,,0.0
C01151,basic,W01,2025-02-20,True,False,False,False,0.4342,quality_flag,,0.0
C01151,basic,W01,2025-03-13,False,False,False,,,,,0.0
C01152,basic,W09,2025-03-15,False,False,False,,,,,0.0
C01152,basic,W09,2025-04-27,True,True,False,True,0.9083,diagnosis_suggestion,19.4,0.0
C01152,basic,W09,2025-04-09,False,False,False,,,,,0.0
C01153,free,W04,2025-02-05,True,True,False,True,0.7203,diagnosis_suggestion,10.5,0.0
C01153,free,W04,2025-02-10,True,True,False,True,0.6013,documentation_gap,9.2,0.0
C01153,free,W04,2025-03-05,True,True,True,True,0.8279,coding_recommendation,91.2,41.02
C01154,basic,W11,2025-05-18,True,True,True,True,0.7427,documentation_gap,17.9,144.32
C01154,basic,W11,2025-05-16,False,False,False,,,,,0.0
C01154,basic,W11,2025-04-26,True,True,False,False,0.5757,documentation_gap,8.8,0.0
C01155,basic,W04,2025-02-13,True,True,False,False,0.567,documentation_gap,41.1,0.0
C01155,basic,W04,2025-03-15,True,True,True,True,0.6709,quality_flag,21.4,108.53
C01155,basic,W04,2025-02-10,True,True,True,True,0.732,diagnosis_suggestion,49.4,32.97
C01156,basic,W02,2025-03-20,False,False,False,,,,,0.0
C01156,basic,W02,2025-01-14,False,False,False,,,,,0.0
C01156,basic,W02,2025-01-11,True,True,True,True,0.6983,diagnosis_suggestion,44.1,36.77
C01156,basic,W02,2025-03-10,True,True,True,False,0.5697,diagnosis_suggestion,5.0,-26.19
C01156,basic,W02,2025-01-28,False,False,False,,,,,0.0
C01156,basic,W02,2025-03-23,True,True,True,True,0.9725,diagnosis_suggestion,42.8,45.38
C01156,basic,W02,2025-03-07,True,False,False,False,0.4761,diagnosis_suggestion,,0.0
C01157,basic,W11,2025-03-13,True,True,False,True,0.6129,documentation_gap,54.3,0.0
C01157,basic,W11,2025-04-13,True,True,True,True,0.6592,coding_recommendation,19.5,49.55
C01157,basic,W11,2025-03-19,True,False,False,False,0.352,quality_flag,,0.0
C01158,free,W02,2025-03-06,True,True,True,True,0.9448,documentation_gap,29.2,41.69
C01158,free,W02,2025-02-05,True,False,False,False,0.3,diagnosis_suggestion,,0.0
C01158,free,W02,2025-04-01,False,False,False,,,,,0.0
C01158,free,W02,2025-03-10,False,False,False,,,,,0.0
C01158,free,W02,2025-01-16,True,True,True,True,0.6034,documentation_gap,2.0,41.63
C01158,free,W02,2025-03-13,True,True,False,True,0.6389,quality_flag,9.7,0.0
C01158,free,W02,2025-01-26,True,True,False,False,0.5974,documentation_gap,26.9,0.0
C01158,free,W02,2025-01-19,True,True,False,False,0.6718,diagnosis_suggestion,53.0,0.0
C01158,free,W02,2025-01-18,False,False,False,,,,,0.0
C01158,free,W02,2025-03-19,False,False,False,,,,,0.0
C01158,free,W02,2025-01-21,True,False,False,False,0.4071,quality_flag,,0.0
C01158,free,W02,2025-01-11,False,False,False,,,,,0.0
C01158,free,W02,2025-01-22,True,True,True,True,0.7804,coding_recommendation,4.7,81.04
C01158,free,W02,2025-03-03,False,False,False,,,,,0.0
C01159,free,W05,2025-01-29,False,False,False,,,,,0.0
C01159,free,W05,2025-03-26,False,False,False,,,,,0.0
C01159,free,W05,2025-03-27,True,True,True,True,0.9301,quality_flag,5.6,43.26
C01160,free,W02,2025-02-12,True,True,True,True,0.9267,quality_flag,11.2,109.14
C01160,free,W02,2025-01-26,False,False,False,,,,,0.0
C01160,free,W02,2025-01-16,False,False,False,,,,,0.0
C01161,basic,W06,2025-02-23,True,True,False,False,0.5707,coding_recommendation,18.4,0.0
C01161,basic,W06,2025-02-22,True,True,False,True,0.9438,diagnosis_suggestion,8.7,0.0
C01161,basic,W06,2025-03-25,True,True,True,True,0.7324,coding_recommendation,16.6,79.6
C01161,basic,W06,2025-02-22,True,True,True,False,0.612,diagnosis_suggestion,9.9,-22.32
C01162,free,W11,2025-04-23,True,True,True,True,0.9659,documentation_gap,6.1,85.79
C01162,free,W11,2025-05-14,False,False,False,,,,,0.0
C01162,free,W11,2025-05-22,True,True,False,True,0.7824,documentation_gap,5.7,0.0
C01163,pro,W07,2025-04-11,True,True,False,False,0.7946,diagnosis_suggestion,29.7,0.0
C01163,pro,W07,2025-04-30,True,False,False,False,0.4927,coding_recommendation,,0.0
C01163,pro,W07,2025-03-18,True,False,False,False,0.3015,coding_recommendation,,0.0
C01164,free,W02,2025-03-24,False,False,False,,,,,0.0
C01164,free,W02,2025-03-11,False,False,False,,,,,0.0
C01164,free,W02,2025-02-23,True,True,False,False,0.7125,coding_recommendation,64.8,0.0
C01165,pro,W12,2025-04-13,True,True,False,False,0.5302,documentation_gap,14.8,0.0
C01165,pro,W12,2025-04-13,True,True,True,True,0.5893,coding_recommendation,12.4,57.77
C01165,pro,W12,2025-05-30,True,True,True,True,0.8143,documentation_gap,21.8,78.07
C01166,free,W08,2025-03-29,True,True,True,True,0.7761,coding_recommendation,3.1,15.9
C01166,free,W08,2025-02-20,False,False,False,,,,,0.0
C01166,free,W08,2025-02-27,True,True,False,True,0.8459,diagnosis_suggestion,43.6,0.0
C01167,free,W09,2025-03-17,True,True,True,True,0.7739,documentation_gap,8.2,55.14
C01167,free,W09,2025-03-30,True,True,False,False,0.6477,diagnosis_suggestion,10.1,0.0
C01167,free,W09,2025-04-23,True,True,True,True,0.8872,quality_flag,26.2,25.06
C01168,pro,W10,2025-03-16,True,True,True,True,0.5796,coding_recommendation,5.2,25.57
C01168,pro,W10,2025-04-06,True,True,True,True,0.9022,diagnosis_suggestion,87.4,32.08
C01168,pro,W10,2025-05-12,True,True,True,True,0.8917,coding_recommendation,7.8,74.54
C01169,pro,W03,2025-03-16,True,True,True,True,0.6667,coding_recommendation,21.0,140.59
C01169,pro,W03,2025-03-25,True,True,True,True,0.7855,coding_recommendation,44.7,70.47
C01169,pro,W03,2025-03-19,True,True,True,True,0.6035,quality_flag,41.8,82.88
C01170,free,W04,2025-03-10,False,False,False,,,,,0.0
C01170,free,W04,2025-02-18,True,True,True,True,0.8064,quality_flag,18.3,36.63
C01170,free,W04,2025-02-17,False,False,False,,,,,0.0
C01170,free,W04,2025-03-14,False,False,False,,,,,0.0
C01171,basic,W07,2025-02-27,True,True,True,True,0.9431,coding_recommendation,15.6,29.7
C01171,basic,W07,2025-03-01,True,True,True,True,0.8581,diagnosis_suggestion,6.3,23.99
C01171,basic,W07,2025-04-05,False,False,False,,,,,0.0
C01171,basic,W07,2025-03-22,True,True,True,True,0.9636,coding_recommendation,34.7,43.6
C01172,free,W11,2025-04-02,False,False,False,,,,,0.0
C01172,free,W11,2025-05-15,True,True,False,True,0.8218,quality_flag,11.6,0.0
C01172,free,W11,2025-05-12,True,True,False,True,0.8108,documentation_gap,35.8,0.0
C01173,free,W01,2025-01-26,False,False,False,,,,,0.0
C01173,free,W01,2025-01-29,False,False,False,,,,,0.0
C01173,free,W01,2025-01-14,True,True,True,True,0.9152,documentation_gap,34.6,311.47
C01173,free,W01,2025-02-25,True,False,False,False,0.3,documentation_gap,,0.0
C01173,free,W01,2025-01-31,True,True,True,True,0.9007,coding_recommendation,7.1,67.61
C01173,free,W01,2025-03-21,True,True,False,True,0.5,coding_recommendation,32.3,0.0
C01173,free,W01,2025-03-24,True,True,True,True,0.7602,coding_recommendation,14.0,32.21
C01174,free,W04,2025-03-09,False,False,False,,,,,0.0
C01174,free,W04,2025-01-24,False,False,False,,,,,0.0
C01174,free,W04,2025-01-25,False,False,False,,,,,0.0
C01175,basic,W01,2025-01-15,True,False,False,False,0.4735,diagnosis_suggestion,,0.0
C01175,basic,W01,2025-03-06,False,False,False,,,,,0.0
C01175,basic,W01,2025-03-20,True,True,False,True,0.9135,coding_recommendation,12.1,0.0
C01176,basic,W02,2025-02-10,True,False,False,False,0.4545,coding_recommendation,,0.0
C01176,basic,W02,2025-02-01,True,True,True,True,0.8766,documentation_gap,27.0,44.47
C01176,basic,W02,2025-03-26,True,True,True,True,0.7039,documentation_gap,16.5,133.77
C01177,free,W09,2025-03-08,False,False,False,,,,,0.0
C01177,free,W09,2025-05-04,True,True,True,False,0.5639,diagnosis_suggestion,20.3,-13.58
C01177,free,W09,2025-04-07,True,True,True,False,0.5904,coding_recommendation,26.5,-13.86
C01178,free,W02,2025-04-01,True,True,True,True,0.8597,quality_flag,28.1,69.66
C01178,free,W02,2025-03-08,False,False,False,,,,,0.0
C01178,free,W02,2025-01-15,False,False,False,,,,,0.0
C01179,free,W12,2025-05-17,False,False,False,,,,,0.0
C01179,free,W12,2025-06-04,True,True,True,True,0.9136,coding_recommendation,33.9,54.75
C01179,free,W12,2025-04-17,False,False,False,,,,,0.0
C01180,basic,W03,2025-01-29,True,True,True,True,0.7953,documentation_gap,40.0,63.74
C01180,basic,W03,2025-03-23,True,True,False,True,0.8383,coding_recommendation,5.1,0.0
C01180,basic,W03,2025-02-11,True,True,False,True,0.9621,coding_recommendation,56.5,0.0
C01181,free,W12,2025-06-04,True,True,True,True,0.8532,diagnosis_suggestion,3.6,50.49
C01181,free,W12,2025-05-15,False,False,False,,,,,0.0
C01181,free,W12,2025-05-29,False,False,False,,,,,0.0
C01182,free,W11,2025-05-13,False,False,False,,,,,0.0
C01182,free,W11,2025-03-28,True,False,False,False,0.3721,diagnosis_suggestion,,0.0
C01182,free,W11,2025-04-02,False,False,False,,,,,0.0
C01183,basic,W06,2025-04-23,True,True,True,False,0.6475,documentation_gap,14.7,-27.14
C01183,basic,W06,2025-03-30,False,False,False,,,,,0.0
C01183,basic,W06,2025-03-20,False,False,False,,,,,0.0
C01184,basic,W11,2025-06-02,True,True,True,True,0.854,diagnosis_suggestion,7.6,148.46
C01184,basic,W11,2025-03-23,True,True,False,False,0.6678,coding_recommendation,4.0,0.0
C01184,basic,W11,2025-05-17,True,True,True,False,0.6012,diagnosis_suggestion,28.2,-9.71
C01185,free,W01,2025-01-28,False,False,False,,,,,0.0
C01185,free,W01,2025-01-10,False,False,False,,,,,0.0
C01185,free,W01,2025-02-04,False,False,False,,,,,0.0
C01186,free,W07,2025-04-04,False,False,False,,,,,0.0
C01186,free,W07,2025-02-17,False,False,False,,,,,0.0
C01186,free,W07,2025-04-25,True,True,True,True,0.8087,diagnosis_suggestion,23.5,72.85
C01187,pro,W11,2025-05-11,True,True,True,True,0.8331,diagnosis_suggestion,43.0,39.65
C01187,pro,W11,2025-03-28,True,True,False,True,0.7029,coding_recommendation,25.0,0.0
C01187,pro,W11,2025-05-11,True,True,True,True,0.8193,documentation_gap,44.4,18.39
C01188,free,W08,2025-05-11,False,False,False,,,,,0.0
C01188,free,W08,2025-05-08,False,False,False,,,,,0.0
C01188,free,W08,2025-04-15,True,True,True,True,0.731,diagnosis_suggestion,3.9,172.41
C01189,free,W09,2025-04-11,True,False,False,False,0.3,diagnosis_suggestion,,0.0
C01189,free,W09,2025-05-09,False,False,False,,,,,0.0
C01189,free,W09,2025-04-14,False,False,False,,,,,0.0
C01189,free,W09,2025-05-09,True,False,False,False,0.3,diagnosis_suggestion,,0.0
C01189,free,W09,2025-05-03,False,False,False,,,,,0.0
C01189,free,W09,2025-05-03,True,True,True,True,0.826,quality_flag,31.7,48.82
C01190,basic,W09,2025-03-09,True,True,True,True,0.6503,documentation_gap,3.3,46.88
C01190,basic,W09,2025-03-21,False,False,False,,,,,0.0
C01190,basic,W09,2025-05-19,True,True,False,True,0.8274,coding_recommendation,8.3,0.0
C01191,free,W12,2025-03-20,True,True,True,True,0.8799,diagnosis_suggestion,14.3,35.33
C01191,free,W12,2025-04-29,False,False,False,,,,,0.0
C01191,free,W12,2025-03-27,True,True,False,True,0.7142,coding_recommendation,27.7,0.0
C01192,free,W05,2025-02-13,True,True,False,True,0.7739,diagnosis_suggestion,24.8,0.0
C01192,free,W05,2025-02-16,False,False,False,,,,,0.0
C01192,free,W05,2025-03-28,True,True,False,True,0.6552,quality_flag,51.3,0.0
C01193,basic,W05,2025-04-05,True,True,True,True,0.8169,documentation_gap,28.1,14.04
C01193,basic,W05,2025-03-20,True,True,True,True,0.7891,documentation_gap,3.9,52.11
C01193,basic,W05,2025-02-27,False,False,False,,,,,0.0
C01194,pro,W11,2025-05-03,False,False,False,,,,,0.0
C01194,pro,W11,2025-05-04,True,True,True,True,0.8812,coding_recommendation,12.3,144.26
C01194,pro,W11,2025-05-03,True,True,True,True,0.9682,quality_flag,6.0,91.66
C01194,pro,W11,2025-04-24,True,True,True,True,0.5219,coding_recommendation,8.7,64.95
C01194,pro,W11,2025-05-30,False,False,False,,,,,0.0
C01194,pro,W11,2025-05-25,True,True,True,True,0.928,documentation_gap,115.0,45.58
C01195,free,W12,2025-04-06,False,False,False,,,,,0.0
C01195,free,W12,2025-04-27,False,False,False,,,,,0.0
C01195,free,W12,2025-04-06,False,False,False,,,,,0.0
C01195,free,W12,2025-04-09,True,True,False,True,0.881,coding_recommendation,28.3,0.0
C01196,free,W04,2025-03-19,True,True,True,False,0.5029,documentation_gap,28.2,-33.74
C01196,free,W04,2025-03-21,False,False,False,,,,,0.0
C01196,free,W04,2025-03-28,True,True,False,True,0.6922,diagnosis_suggestion,12.4,0.0
C01197,free,W04,2025-02-21,False,False,False,,,,,0.0
C01197,free,W04,2025-02-19,False,False,False,,,,,0.0
C01197,free,W04,2025-03-26,False,False,False,,,,,0.0
C01198,basic,W10,2025-04-04,True,True,False,True,0.8279,quality_flag,19.9,0.0
C01198,basic,W10,2025-05-19,True,True,False,True,0.886,coding_recommendation,24.1,0.0
C01198,basic,W10,2025-05-14,True,True,False,True,0.7602,documentation_gap,4.2,0.0
C01199,free,W11,2025-04-09,False,False,False,,,,,0.0
C01199,free,W11,2025-03-19,False,False,False,,,,,0.0
C01199,free,W11,2025-03-14,True,True,False,False,0.6974,quality_flag,21.1,0.0
C01200,free,W01,2025-03-03,True,True,True,True,0.9186,coding_recommendation,7.5,52.59
C01200,free,W01,2025-02-18,False,False,False,,,,,0.0
C01200,free,W01,2025-01-06,False,False,False,,,,,0.0
C01201,free,W07,2025-03-11,False,False,False,,,,,0.0
C01201,free,W07,2025-02-15,True,True,True,True,0.8449,documentation_gap,26.8,59.38
C01201,free,W07,2025-04-14,True,True,False,True,0.8931,quality_flag,10.5,0.0
C01202,free,W08,2025-03-21,False,False,False,,,,,0.0
C01202,free,W08,2025-03-17,True,True,True,True,0.709,coding_recommendation,14.0,25.01
C01202,free,W08,2025-04-02,True,True,True,True,0.8504,diagnosis_suggestion,12.8,60.85
C01203,free,W04,2025-03-24,True,True,True,False,0.6463,coding_recommendation,15.2,-16.51
C01203,free,W04,2025-03-03,True,True,False,True,0.7535,diagnosis_suggestion,10.8,0.0
C01203,free,W04,2025-03-18,False,False,False,,,,,0.0
C01204,free,W03,2025-03-12,True,False,False,False,0.3473,documentation_gap,,0.0
C01204,free,W03,2025-01-20,False,False,False,,,,,0.0
C01204,free,W03,2025-02-13,False,False,False,,,,,0.0
C01205,free,W03,2025-03-10,False,False,False,,,,,0.0
C01205,free,W03,2025-03-13,True,True,True,True,0.5,diagnosis_suggestion,20.7,316.65
C01205,free,W03,2025-02-18,True,True,True,True,0.9122,diagnosis_suggestion,36.8,71.32
C01205,free,W03,2025-02-16,True,True,True,True,0.8258,diagnosis_suggestion,18.3,59.99
C01205,free,W03,2025-03-15,True,True,False,True,0.5572,diagnosis_suggestion,26.8,0.0
C01206,basic,W11,2025-05-03,True,True,False,True,0.5,quality_flag,117.8,0.0
C01206,basic,W11,2025-03-15,True,True,True,True,0.7977,diagnosis_suggestion,9.0,70.72
C01206,basic,W11,2025-04-08,False,False,False,,,,,0.0
C01206,basic,W11,2025-03-28,True,True,False,True,0.7353,diagnosis_suggestion,14.8,0.0
C01207,free,W07,2025-05-02,False,False,False,,,,,0.0
C01207,free,W07,2025-04-22,False,False,False,,,,,0.0
C01207,free,W07,2025-03-09,False,False,False,,,,,0.0
C01208,pro,W06,2025-04-02,False,False,False,,,,,0.0
C01208,pro,W06,2025-03-07,True,False,False,False,0.434,coding_recommendation,,0.0
C01208,pro,W06,2025-03-04,True,True,False,True,0.8506,coding_recommendation,102.2,0.0
C01209,pro,W01,2025-02-07,True,True,True,True,0.8629,quality_flag,17.9,88.18
C01209,pro,W01,2025-02-13,True,True,True,True,0.7868,coding_recommendation,6.5,137.7
C01209,pro,W01,2025-03-24,True,True,True,True,0.9185,coding_recommendation,50.4,41.77
C01209,pro,W01,2025-03-22,False,False,False,,,,,0.0
C01209,pro,W01,2025-01-13,True,True,True,True,0.6308,diagnosis_suggestion,16.5,44.86
C01209,pro,W01,2025-03-15,False,False,False,,,,,0.0
C01209,pro,W01,2025-01-22,True,True,True,True,0.8961,documentation_gap,12.4,104.41
C01210,basic,W12,2025-06-05,True,True,True,True,0.6105,coding_recommendation,71.7,62.49
C01210,basic,W12,2025-04-16,False,False,False,,,,,0.0
C01210,basic,W12,2025-05-26,True,True,True,True,0.8455,quality_flag,21.5,57.51
C01210,basic,W12,2025-05-22,False,False,False,,,,,0.0
C01210,basic,W12,2025-04-02,True,True,False,True,0.717,diagnosis_suggestion,5.8,0.0
C01210,basic,W12,2025-04-11,True,True,False,True,0.8406,coding_recommendation,18.1,0.0
C01210,basic,W12,2025-04-28,False,False,False,,,,,0.0
C01211,pro,W01,2025-02-16,True,True,False,True,0.6469,coding_recommendation,9.8,0.0
C01211,pro,W01,2025-03-08,True,False,False,False,0.4402,documentation_gap,,0.0
C01211,pro,W01,2025-03-08,True,True,False,False,0.6927,diagnosis_suggestion,20.0,0.0
C01211,pro,W01,2025-02-03,True,True,False,True,0.8472,coding_recommendation,51.0,0.0
C01211,pro,W01,2025-01-28,True,True,False,True,0.5677,coding_recommendation,20.2,0.0
C01212,pro,W01,2025-02-02,True,True,False,True,0.8023,coding_recommendation,7.4,0.0
C01212,pro,W01,2025-02-16,True,True,True,False,0.5977,diagnosis_suggestion,141.8,-21.93
C01212,pro,W01,2025-02-27,True,True,True,True,0.7686,documentation_gap,19.1,175.58
C01213,free,W05,2025-04-18,True,True,True,True,0.7879,coding_recommendation,17.6,44.24
C01213,free,W05,2025-03-22,True,False,False,False,0.3247,diagnosis_suggestion,,0.0
C01213,free,W05,2025-04-07,True,True,True,True,0.6844,diagnosis_suggestion,105.3,134.78
C01214,pro,W01,2025-01-22,True,True,False,False,0.7197,diagnosis_suggestion,8.7,0.0
C01214,pro,W01,2025-02-10,True,True,True,True,0.9037,quality_flag,17.9,15.8
C01214,pro,W01,2025-02-09,False,False,False,,,,,0.0
C01215,pro,W07,2025-04-12,True,True,True,False,0.5314,diagnosis_suggestion,16.3,-26.11
C01215,pro,W07,2025-03-08,True,True,False,False,0.6169,quality_flag,14.1,0.0
C01215,pro,W07,2025-05-03,True,True,True,True,0.5742,documentation_gap,32.7,67.74
C01216,pro,W09,2025-04-03,True,True,True,True,0.966,diagnosis_suggestion,65.1,37.42
C01216,pro,W09,2025-03-30,True,True,True,True,0.8444,quality_flag,26.7,44.47
C01216,pro,W09,2025-03-31,True,True,True,True,0.8894,diagnosis_suggestion,74.1,36.08
C01217,free,W11,2025-04-22,True,True,True,True,0.9279,quality_flag,19.4,43.66
C01217,free,W11,2025-05-04,True,True,True,True,0.7323,diagnosis_suggestion,50.3,64.84
C01217,free,W11,2025-05-05,True,True,False,True,0.8199,documentation_gap,39.6,0.0
C01218,free,W03,2025-02-25,True,True,False,False,0.5154,diagnosis_suggestion,48.4,0.0
C01218,free,W03,2025-02-19,True,True,True,True,0.8546,documentation_gap,15.8,37.04
C01218,free,W03,2025-03-09,True,True,False,True,0.5585,quality_flag,20.0,0.0
C01219,free,W04,2025-02-25,True,True,False,True,0.802,diagnosis_suggestion,17.7,0.0
C01219,free,W04,2025-03-15,True,True,True,True,0.664,documentation_gap,18.6,21.13
C01219,free,W04,2025-03-21,True,True,True,True,0.8264,diagnosis_suggestion,15.9,35.46
C01220,free,W07,2025-04-20,True,True,True,True,0.725,diagnosis_suggestion,21.0,44.39
C01220,free,W07,2025-02-13,True,True,True,True,0.6624,diagnosis_suggestion,11.4,33.57
C01220,free,W07,2025-03-08,False,False,False,,,,,0.0
C01221,pro,W02,2025-03-22,True,True,True,True,0.9314,documentation_gap,9.4,28.47
C01221,pro,W02,2025-02-11,True,True,False,True,0.9318,documentation_gap,8.2,0.0
C01221,pro,W02,2025-02-04,True,True,True,True,0.7654,coding_recommendation,32.5,21.98
C01222,basic,W12,2025-03-20,True,False,False,False,0.3,coding_recommendation,,0.0
C01222,basic,W12,2025-04-27,False,False,False,,,,,0.0
C01222,basic,W12,2025-03-21,True,True,True,True,0.7423,quality_flag,26.5,30.67
C01222,basic,W12,2025-03-25,True,True,True,True,0.6853,diagnosis_suggestion,20.2,107.18
C01223,basic,W04,2025-04-07,True,True,True,False,0.5046,diagnosis_suggestion,96.7,-22.82
C01223,basic,W04,2025-03-18,True,True,False,True,0.7037,diagnosis_suggestion,6.1,0.0
C01223,basic,W04,2025-03-11,True,True,False,True,0.9159,quality_flag,19.2,0.0
C01224,basic,W07,2025-04-19,True,True,False,True,0.8972,quality_flag,28.8,0.0
C01224,basic,W07,2025-04-20,True,True,False,True,0.9225,documentation_gap,69.5,0.0
C01224,basic,W07,2025-03-22,False,False,False,,,,,0.0
C01225,free,W11,2025-03-22,False,False,False,,,,,0.0
C01225,free,W11,2025-05-12,True,True,True,False,0.8112,diagnosis_suggestion,18.8,-10.48
C01225,free,W11,2025-05-26,True,True,False,True,0.9146,quality_flag,22.2,0.0
C01226,pro,W09,2025-04-29,True,True,True,True,0.9186,quality_flag,9.1,122.64
C01226,pro,W09,2025-04-29,True,True,True,True,0.9725,quality_flag,15.7,57.69
C01226,pro,W09,2025-02-27,True,True,True,False,0.5466,diagnosis_suggestion,34.6,-31.2
C01226,pro,W09,2025-04-17,True,True,True,True,0.9474,coding_recommendation,10.4,65.09
C01227,pro,W08,2025-04-04,False,False,False,,,,,0.0
C01227,pro,W08,2025-05-03,False,False,False,,,,,0.0
C01227,pro,W08,2025-03-23,False,False,False,,,,,0.0
C01228,basic,W04,2025-02-19,True,True,False,True,0.7592,documentation_gap,4.5,0.0
C01228,basic,W04,2025-03-19,True,True,True,True,0.8869,coding_recommendation,15.9,16.14
C01228,basic,W04,2025-04-07,True,True,True,True,0.9845,coding_recommendation,24.3,75.76
C01229,free,W02,2025-03-01,True,True,False,True,0.8676,diagnosis_suggestion,32.5,0.0
C01229,free,W02,2025-01-22,False,False,False,,,,,0.0
C01229,free,W02,2025-01-22,True,True,True,True,0.7057,documentation_gap,13.5,43.96
C01230,free,W12,2025-03-31,True,True,True,True,0.7335,documentation_gap,23.3,55.62
C01230,free,W12,2025-04-18,True,True,False,True,0.882,diagnosis_suggestion,10.1,0.0
C01230,free,W12,2025-03-27,True,True,True,True,0.888,coding_recommendation,25.9,31.94
C01231,basic,W09,2025-02-26,True,True,True,True,0.5952,coding_recommendation,41.0,92.37
C01231,basic,W09,2025-03-29,True,True,True,True,0.9169,documentation_gap,27.7,28.39
C01231,basic,W09,2025-05-04,True,True,True,True,0.9025,documentation_gap,35.5,54.76
C01232,free,W04,2025-01-22,True,True,True,True,0.656,documentation_gap,45.6,254.72
C01232,free,W04,2025-02-19,False,False,False,,,,,0.0
C01232,free,W04,2025-02-28,False,False,False,,,,,0.0
C01233,pro,W09,2025-03-03,True,True,False,True,0.8081,diagnosis_suggestion,38.7,0.0
C01233,pro,W09,2025-02-27,True,True,True,True,0.9212,documentation_gap,46.0,41.82
C01233,pro,W09,2025-03-09,False,False,False,,,,,0.0
C01234,free,W09,2025-04-27,True,False,False,False,0.3396,documentation_gap,,0.0
C01234,free,W09,2025-04-11,True,True,False,True,0.8562,diagnosis_suggestion,12.9,0.0
C01234,free,W09,2025-04-16,True,True,False,True,0.8618,quality_flag,63.4,0.0
C01235,free,W05,2025-02-27,True,True,False,False,0.6302,coding_recommendation,10.3,0.0
C01235,free,W05,2025-03-02,False,False,False,,,,,0.0
C01235,free,W05,2025-03-11,False,False,False,,,,,0.0
C01235,free,W05,2025-02-20,True,True,False,True,0.6305,quality_flag,38.7,0.0
C01236,basic,W06,2025-03-20,False,False,False,,,,,0.0
C01236,basic,W06,2025-03-24,True,True,False,True,0.8151,diagnosis_suggestion,30.4,0.0
C01236,basic,W06,2025-04-06,True,True,False,True,0.7021,documentation_gap,23.8,0.0
C01236,basic,W06,2025-03-23,True,True,False,True,0.5,quality_flag,108.0,0.0
C01236,basic,W06,2025-03-07,True,True,True,True,0.8713,quality_flag,8.1,42.99
C01236,basic,W06,2025-04-19,False,False,False,,,,,0.0
C01237,free,W06,2025-02-09,True,True,False,True,0.8727,quality_flag,63.0,0.0
C01237,free,W06,2025-03-27,True,True,False,True,0.7735,diagnosis_suggestion,16.3,0.0
C01237,free,W06,2025-03-18,True,True,False,True,0.8417,documentation_gap,14.2,0.0
C01238,basic,W12,2025-05-10,True,True,True,True,0.9579,diagnosis_suggestion,40.1,66.25
C01238,basic,W12,2025-05-02,True,True,True,True,0.8856,quality_flag,35.5,112.07
C01238,basic,W12,2025-04-21,True,True,True,True,0.7593,coding_recommendation,7.7,69.9
C01238,basic,W12,2025-04-06,True,True,True,True,0.9196,documentation_gap,23.8,93.23
C01239,free,W05,2025-02-22,True,False,False,False,0.3825,quality_flag,,0.0
C01239,free,W05,2025-04-19,False,False,False,,,,,0.0
C01239,free,W05,2025-04-01,False,False,False,,,,,0.0
C01240,free,W10,2025-05-23,True,True,True,True,0.6424,coding_recommendation,34.4,35.2
C01240,free,W10,2025-03-20,True,True,True,True,0.9616,diagnosis_suggestion,51.3,34.92
C01240,free,W10,2025-03-26,True,True,True,True,0.9058,coding_recommendation,21.9,33.79
C01241,basic,W07,2025-03-19,True,True,False,True,0.8934,diagnosis_suggestion,36.7,0.0
C01241,basic,W07,2025-02-24,True,True,True,True,0.8252,quality_flag,25.7,50.16
C01241,basic,W07,2025-04-22,True,True,True,True,0.9077,coding_recommendation,29.5,32.67
C01242,pro,W11,2025-04-17,False,False,False,,,,,0.0
C01242,pro,W11,2025-03-23,True,True,True,True,0.8631,diagnosis_suggestion,14.2,27.53
C01242,pro,W11,2025-03-18,True,True,True,True,0.9222,diagnosis_suggestion,24.3,78.0
C01243,pro,W07,2025-03-18,True,True,True,True,0.8981,diagnosis_suggestion,12.1,18.9
C01243,pro,W07,2025-04-07,True,True,True,True,0.755,documentation_gap,23.7,87.85
C01243,pro,W07,2025-02-16,True,True,True,True,0.7991,diagnosis_suggestion,20.4,53.97
C01244,pro,W07,2025-03-12,False,False,False,,,,,0.0
C01244,pro,W07,2025-03-24,False,False,False,,,,,0.0
C01244,pro,W07,2025-04-14,False,False,False,,,,,0.0
C01245,free,W12,2025-04-09,True,True,True,True,0.6975,coding_recommendation,11.9,53.62
C01245,free,W12,2025-05-03,False,False,False,,,,,0.0
C01245,free,W12,2025-04-11,True,True,False,True,0.6624,quality_flag,29.4,0.0
C01246,free,W06,2025-04-03,False,False,False,,,,,0.0
C01246,free,W06,2025-03-03,True,True,False,True,0.958,coding_recommendation,67.1,0.0
C01246,free,W06,2025-03-05,True,True,False,True,0.7585,documentation_gap,22.0,0.0
C01247,free,W02,2025-03-18,False,False,False,,,,,0.0
C01247,free,W02,2025-03-20,True,True,False,True,0.9113,diagnosis_suggestion,6.0,0.0
C01247,free,W02,2025-01-25,True,True,True,True,0.9663,diagnosis_suggestion,26.5,96.64
C01248,basic,W08,2025-04-26,False,False,False,,,,,0.0
C01248,basic,W08,2025-04-08,True,True,True,False,0.7134,diagnosis_suggestion,14.9,-15.41
C01248,basic,W08,2025-04-11,True,True,True,True,0.8231,coding_recommendation,17.3,199.15
C01249,pro,W11,2025-03-22,False,False,False,,,,,0.0
C01249,pro,W11,2025-03-18,True,True,True,True,0.8847,quality_flag,5.3,23.78
C01249,pro,W11,2025-05-08,True,True,True,True,0.711,diagnosis_suggestion,69.7,43.44
C01250,free,W10,2025-05-14,False,False,False,,,,,0.0
C01250,free,W10,2025-03-19,False,False,False,,,,,0.0
C01250,free,W10,2025-04-29,True,True,False,True,0.8648,diagnosis_suggestion,53.0,0.0
C01251,pro,W04,2025-02-03,False,False,False,,,,,0.0
C01251,pro,W04,2025-03-21,True,True,True,True,0.8232,documentation_gap,59.8,33.04
C01251,pro,W04,2025-01-27,True,True,False,True,0.75,quality_flag,9.6,0.0
C01252,basic,W11,2025-03-28,True,True,True,True,0.7846,quality_flag,20.9,93.96
C01252,basic,W11,2025-05-26,True,True,True,True,0.8857,documentation_gap,13.2,61.62
C01252,basic,W11,2025-03-27,True,True,True,True,0.917,coding_recommendation,12.7,25.46
C01253,pro,W06,2025-03-06,True,True,True,True,0.7677,documentation_gap,32.1,26.84
C01253,pro,W06,2025-03-22,True,True,True,True,0.906,diagnosis_suggestion,23.3,35.35
C01253,pro,W06,2025-04-04,True,True,True,False,0.6374,documentation_gap,38.7,-20.13
C01254,free,W07,2025-03-25,True,True,True,True,0.7474,quality_flag,2.2,198.47
C01254,free,W07,2025-03-16,False,False,False,,,,,0.0
C01254,free,W07,2025-04-25,True,True,False,True,0.772,coding_recommendation,12.0,0.0
C01255,free,W01,2025-03-18,True,False,False,False,0.4346,documentation_gap,,0.0
C01255,free,W01,2025-03-20,False,False,False,,,,,0.0
C01255,free,W01,2025-01-25,True,True,True,True,0.9232,diagnosis_suggestion,33.8,185.78
C01256,free,W06,2025-03-28,False,False,False,,,,,0.0
C01256,free,W06,2025-03-18,False,False,False,,,,,0.0
C01256,free,W06,2025-04-04,True,True,True,True,0.7788,quality_flag,17.1,86.16
C01257,free,W08,2025-05-01,False,False,False,,,,,0.0
C01257,free,W08,2025-03-09,False,False,False,,,,,0.0
C01257,free,W08,2025-05-12,False,False,False,,,,,0.0
C01258,free,W05,2025-03-18,False,False,False,,,,,0.0
C01258,free,W05,2025-02-15,False,False,False,,,,,0.0
C01258,free,W05,2025-03-19,False,False,False,,,,,0.0
C01259,free,W08,2025-03-04,False,False,False,,,,,0.0
C01259,free,W08,2025-04-09,True,True,False,True,0.7781,documentation_gap,19.9,0.0
C01259,free,W08,2025-04-04,True,True,True,True,0.9215,diagnosis_suggestion,12.5,86.72
C01260,free,W06,2025-04-01,True,True,False,True,0.9641,quality_flag,17.3,0.0
C01260,free,W06,2025-02-16,False,False,False,,,,,0.0
C01260,free,W06,2025-04-05,True,True,True,True,0.823,diagnosis_suggestion,35.4,26.57
C01260,free,W06,2025-04-29,True,True,False,True,0.8357,documentation_gap,14.8,0.0
C01260,free,W06,2025-04-14,False,False,False,,,,,0.0
C01260,free,W06,2025-04-23,True,True,False,False,0.6098,documentation_gap,42.3,0.0
C01260,free,W06,2025-03-14,True,True,True,False,0.6889,diagnosis_suggestion,7.7,-13.86
C01260,free,W06,2025-04-10,True,True,True,True,0.6855,documentation_gap,18.6,98.82
C01260,free,W06,2025-02-25,False,False,False,,,,,0.0
C01261,pro,W07,2025-02-12,True,False,False,False,0.3,coding_recommendation,,0.0
C01261,pro,W07,2025-04-27,True,True,False,True,0.9375,diagnosis_suggestion,21.3,0.0
C01261,pro,W07,2025-03-25,True,True,False,True,0.8783,coding_recommendation,16.7,0.0
C01261,pro,W07,2025-03-16,True,True,True,True,0.9726,quality_flag,10.3,58.36
C01261,pro,W07,2025-02-19,True,True,True,True,0.9722,diagnosis_suggestion,9.3,115.78
C01262,basic,W09,2025-03-20,True,True,True,False,0.6515,documentation_gap,10.5,-29.47
C01262,basic,W09,2025-02-26,True,False,False,False,0.3729,documentation_gap,,0.0
C01262,basic,W09,2025-03-17,True,True,True,True,0.8442,coding_recommendation,27.0,169.21
C01263,basic,W07,2025-04-05,True,True,True,True,0.8836,coding_recommendation,23.0,26.33
C01263,basic,W07,2025-03-23,False,False,False,,,,,0.0
C01263,basic,W07,2025-03-15,True,True,True,True,0.9409,diagnosis_suggestion,39.6,56.65
C01264,basic,W02,2025-03-15,True,True,True,True,0.6621,diagnosis_suggestion,39.1,28.46
C01264,basic,W02,2025-01-22,False,False,False,,,,,0.0
C01264,basic,W02,2025-02-22,True,True,True,True,0.8511,documentation_gap,3.6,31.79
C01265,basic,W08,2025-04-08,True,True,True,True,0.6211,diagnosis_suggestion,28.5,62.05
C01265,basic,W08,2025-02-21,True,True,True,True,0.618,quality_flag,40.7,32.71
C01265,basic,W08,2025-04-05,True,True,True,False,0.7345,coding_recommendation,7.7,-16.85
C01266,free,W01,2025-01-21,False,False,False,,,,,0.0
C01266,free,W01,2025-03-01,False,False,False,,,,,0.0
C01266,free,W01,2025-01-30,False,False,False,,,,,0.0
C01266,free,W01,2025-02-09,True,False,False,False,0.4105,diagnosis_suggestion,,0.0
C01266,free,W01,2025-03-15,True,True,False,True,0.7034,coding_recommendation,8.1,0.0
C01266,free,W01,2025-01-29,False,False,False,,,,,0.0
C01266,free,W01,2025-03-07,False,False,False,,,,,0.0
C01266,free,W01,2025-02-15,True,True,False,True,0.8146,diagnosis_suggestion,11.3,0.0
C01266,free,W01,2025-03-01,False,False,False,,,,,0.0
C01266,free,W01,2025-03-22,True,True,False,True,0.7773,diagnosis_suggestion,9.3,0.0
C01267,pro,W01,2025-02-14,False,False,False,,,,,0.0
C01267,pro,W01,2025-01-04,True,True,True,True,0.7199,coding_recommendation,5.4,31.88
C01267,pro,W01,2025-01-06,True,False,False,False,0.4813,diagnosis_suggestion,,0.0
C01268,basic,W10,2025-04-27,False,False,False,,,,,0.0
C01268,basic,W10,2025-03-10,True,True,True,True,0.9504,coding_recommendation,28.0,88.71
C01268,basic,W10,2025-03-27,False,False,False,,,,,0.0
C01268,basic,W10,2025-04-05,False,False,False,,,,,0.0
C01269,basic,W06,2025-02-27,True,True,False,True,0.9117,diagnosis_suggestion,55.5,0.0
C01269,basic,W06,2025-04-24,True,False,False,False,0.4838,diagnosis_suggestion,,0.0
C01269,basic,W06,2025-03-27,True,True,False,True,0.9421,quality_flag,8.0,0.0
C01270,free,W08,2025-05-09,False,False,False,,,,,0.0
C01270,free,W08,2025-05-13,True,False,False,False,0.3512,coding_recommendation,,0.0
C01270,free,W08,2025-04-13,True,True,True,True,0.8638,documentation_gap,16.2,82.41
C01271,free,W10,2025-04-26,False,False,False,,,,,0.0
C01271,free,W10,2025-04-24,False,False,False,,,,,0.0
C01271,free,W10,2025-03-26,True,True,True,True,0.5832,quality_flag,114.8,85.72
C01272,pro,W01,2025-02-13,True,True,True,True,0.6415,quality_flag,18.8,54.56
C01272,pro,W01,2025-01-02,True,True,True,True,0.8538,diagnosis_suggestion,9.2,49.23
C01272,pro,W01,2025-02-17,True,True,False,True,0.9486,coding_recommendation,21.1,0.0
C01273,pro,W01,2025-01-12,True,True,True,True,0.732,coding_recommendation,13.5,33.48
C01273,pro,W01,2025-01-10,True,True,True,True,0.804,diagnosis_suggestion,10.7,72.95
C01273,pro,W01,2025-01-10,True,True,True,False,0.683,diagnosis_suggestion,15.1,-31.88
C01274,pro,W12,2025-03-22,True,False,False,False,0.3,diagnosis_suggestion,,0.0
C01274,pro,W12,2025-05-21,True,True,False,True,0.9555,diagnosis_suggestion,4.0,0.0
C01274,pro,W12,2025-03-21,True,True,False,True,0.8392,documentation_gap,54.1,0.0
C01274,pro,W12,2025-04-18,True,True,False,True,0.9217,diagnosis_suggestion,41.6,0.0
C01274,pro,W12,2025-04-09,True,True,True,True,0.8598,quality_flag,46.1,59.44
C01274,pro,W12,2025-05-05,True,False,False,False,0.3255,diagnosis_suggestion,,0.0
C01275,free,W05,2025-04-15,False,False,False,,,,,0.0
C01275,free,W05,2025-02-19,True,True,False,True,0.9075,quality_flag,19.1,0.0
C01275,free,W05,2025-03-19,False,False,False,,,,,0.0
C01276,basic,W03,2025-02-25,False,False,False,,,,,0.0
C01276,basic,W03,2025-03-17,True,True,True,True,0.7555,documentation_gap,31.9,55.55
C01276,basic,W03,2025-02-08,True,True,True,True,0.7149,diagnosis_suggestion,6.6,37.26
C01277,pro,W10,2025-03-25,True,True,True,True,0.8275,quality_flag,20.5,56.51
C01277,pro,W10,2025-03-17,True,True,False,True,0.8034,quality_flag,26.7,0.0
C01277,pro,W10,2025-04-11,True,True,True,True,0.8006,documentation_gap,13.1,63.02
C01278,free,W10,2025-05-05,False,False,False,,,,,0.0
C01278,free,W10,2025-04-27,True,True,True,False,0.652,diagnosis_suggestion,68.1,-22.88
C01278,free,W10,2025-05-21,False,False,False,,,,,0.0
C01279,free,W01,2025-03-16,True,True,True,True,0.835,diagnosis_suggestion,43.1,248.55
C01279,free,W01,2025-02-04,False,False,False,,,,,0.0
C01279,free,W01,2025-02-07,True,True,True,False,0.6232,diagnosis_suggestion,31.2,-127.21
C01279,free,W01,2025-02-13,True,True,False,True,0.9135,diagnosis_suggestion,29.6,0.0
C01279,free,W01,2025-02-11,True,True,True,True,0.8297,quality_flag,32.9,23.43
C01279,free,W01,2025-02-16,False,False,False,,,,,0.0
C01279,free,W01,2025-02-08,False,False,False,,,,,0.0
C01279,free,W01,2025-02-28,False,False,False,,,,,0.0
C01280,basic,W02,2025-03-31,False,False,False,,,,,0.0
C01280,basic,W02,2025-03-14,False,False,False,,,,,0.0
C01280,basic,W02,2025-01-31,True,True,False,True,0.8838,documentation_gap,55.2,0.0
C01281,free,W04,2025-02-10,False,False,False,,,,,0.0
C01281,free,W04,2025-02-14,True,True,False,True,0.9418,documentation_gap,7.4,0.0
C01281,free,W04,2025-04-14,False,False,False,,,,,0.0
C01282,pro,W08,2025-04-02,True,False,False,False,0.4301,quality_flag,,0.0
C01282,pro,W08,2025-04-19,False,False,False,,,,,0.0
C01282,pro,W08,2025-04-16,True,True,True,False,0.6509,documentation_gap,3.7,-21.51
C01283,free,W06,2025-04-20,False,False,False,,,,,0.0
C01283,free,W06,2025-04-03,False,False,False,,,,,0.0
C01283,free,W06,2025-03-23,True,True,False,True,0.8715,coding_recommendation,35.9,0.0
C01284,free,W04,2025-02-13,False,False,False,,,,,0.0
C01284,free,W04,2025-02-25,False,False,False,,,,,0.0
C01284,free,W04,2025-03-29,True,True,False,True,0.5,diagnosis_suggestion,85.8,0.0
C01285,free,W07,2025-04-22,False,False,False,,,,,0.0
C01285,free,W07,2025-03-08,True,True,True,True,0.7368,documentation_gap,42.0,154.27
C01285,free,W07,2025-02-21,True,True,False,False,0.587,quality_flag,14.0,0.0
C01286,free,W09,2025-04-25,False,False,False,,,,,0.0
C01286,free,W09,2025-03-08,True,True,False,True,0.7406,quality_flag,10.3,0.0
C01286,free,W09,2025-03-10,True,True,False,True,0.8395,coding_recommendation,23.0,0.0
C01287,basic,W06,2025-02-14,False,False,False,,,,,0.0
C01287,basic,W06,2025-04-01,False,False,False,,,,,0.0
C01287,basic,W06,2025-03-17,True,True,True,True,0.9861,diagnosis_suggestion,24.3,26.21
C01288,free,W01,2025-01-11,True,False,False,False,0.3,diagnosis_suggestion,,0.0
C01288,free,W01,2025-02-22,False,False,False,,,,,0.0
C01288,free,W01,2025-03-04,True,True,True,True,0.8023,diagnosis_suggestion,15.0,29.85
C01289,free,W08,2025-03-26,False,False,False,,,,,0.0
C01289,free,W08,2025-02-27,True,True,True,True,0.7613,diagnosis_suggestion,26.7,73.06
C01289,free,W08,2025-03-26,False,False,False,,,,,0.0
C01290,free,W03,2025-01-25,True,True,True,True,0.9604,coding_recommendation,20.6,54.4
C01290,free,W03,2025-03-14,True,True,True,True,0.8831,quality_flag,95.2,31.91
C01290,free,W03,2025-01-29,True,True,True,True,0.9328,diagnosis_suggestion,18.6,23.36
C01291,free,W05,2025-01-31,True,False,False,False,0.4505,diagnosis_suggestion,,0.0
C01291,free,W05,2025-03-27,False,False,False,,,,,0.0
C01291,free,W05,2025-01-31,False,False,False,,,,,0.0
C01292,basic,W02,2025-03-02,True,False,False,False,0.383,diagnosis_suggestion,,0.0
C01292,basic,W02,2025-01-14,True,True,True,True,0.858,documentation_gap,16.1,19.8
C01292,basic,W02,2025-03-02,False,False,False,,,,,0.0
C01293,free,W01,2025-03-01,False,False,False,,,,,0.0
C01293,free,W01,2025-02-16,True,True,True,True,0.99,diagnosis_suggestion,5.5,47.6
C01293,free,W01,2025-01-21,True,True,False,False,0.6261,diagnosis_suggestion,8.5,0.0
C01294,basic,W07,2025-03-12,True,True,True,False,0.5779,documentation_gap,58.1,-27.76
C01294,basic,W07,2025-02-20,True,True,True,True,0.6957,quality_flag,53.8,25.15
C01294,basic,W07,2025-04-21,True,True,False,True,0.903,diagnosis_suggestion,12.7,0.0
C01294,basic,W07,2025-03-03,False,False,False,,,,,0.0
C01294,basic,W07,2025-03-16,False,False,False,,,,,0.0
C01295,pro,W03,2025-02-01,True,False,False,False,0.3384,coding_recommendation,,0.0
C01295,pro,W03,2025-01-26,True,True,True,False,0.7349,documentation_gap,21.3,-44.5
C01295,pro,W03,2025-03-21,True,True,True,True,0.7343,coding_recommendation,37.3,90.08
C01295,pro,W03,2025-02-01,True,True,False,False,0.813,quality_flag,25.4,0.0
C01295,pro,W03,2025-02-21,True,True,True,True,0.8447,quality_flag,16.0,55.98
C01295,pro,W03,2025-04-02,True,True,True,True,0.9292,documentation_gap,8.5,23.88
C01296,free,W04,2025-02-12,True,True,True,False,0.6398,documentation_gap,4.6,-15.37
C01296,free,W04,2025-02-12,False,False,False,,,,,0.0
C01296,free,W04,2025-02-16,False,False,False,,,,,0.0
C01297,basic,W02,2025-03-18,True,False,False,False,0.3529,coding_recommendation,,0.0
C01297,basic,W02,2025-03-14,True,True,True,True,0.8856,diagnosis_suggestion,8.0,91.61
C01297,basic,W02,2025-03-23,True,False,False,False,0.3842,coding_recommendation,,0.0
C01298,basic,W04,2025-01-29,True,False,False,False,0.3078,documentation_gap,,0.0
C01298,basic,W04,2025-04-03,False,False,False,,,,,0.0
C01298,basic,W04,2025-03-31,False,False,False,,,,,0.0
C01299,basic,W12,2025-03-21,True,True,False,True,0.7934,documentation_gap,4.2,0.0
C01299,basic,W12,2025-05-04,True,True,True,True,0.7973,diagnosis_suggestion,65.0,64.97
C01299,basic,W12,2025-06-05,False,False,False,,,,,0.0
C01300,basic,W09,2025-02-26,False,False,False,,,,,0.0
C01300,basic,W09,2025-04-02,True,True,True,True,0.8204,diagnosis_suggestion,94.3,143.98
C01300,basic,W09,2025-04-28,True,True,True,True,0.9476,documentation_gap,40.4,45.64
C01301,free,W09,2025-03-18,False,False,False,,,,,0.0
C01301,free,W09,2025-03-05,True,True,True,True,0.6211,documentation_gap,11.8,44.08
C01301,free,W09,2025-05-10,False,False,False,,,,,0.0
C01301,free,W09,2025-04-20,True,True,True,True,0.9291,coding_recommendation,34.0,166.26
C01301,free,W09,2025-05-05,False,False,False,,,,,0.0
C01301,free,W09,2025-03-05,True,True,False,True,0.7748,quality_flag,18.0,0.0
C01301,free,W09,2025-03-31,False,False,False,,,,,0.0
C01301,free,W09,2025-02-28,True,True,False,True,0.8567,diagnosis_suggestion,15.1,0.0
C01302,basic,W01,2025-01-22,True,True,True,True,0.9669,quality_flag,7.7,47.18
C01302,basic,W01,2025-01-08,False,False,False,,,,,0.0
C01302,basic,W01,2025-03-16,True,True,True,True,0.6693,documentation_gap,35.5,33.94
C01303,basic,W12,2025-04-01,True,True,True,True,0.8329,diagnosis_suggestion,44.6,46.62
C01303,basic,W12,2025-05-04,False,False,False,,,,,0.0
C01303,basic,W12,2025-04-23,True,True,True,True,0.7676,diagnosis_suggestion,13.3,105.12
C01304,free,W07,2025-04-17,True,True,True,True,0.884,diagnosis_suggestion,23.3,22.76
C01304,free,W07,2025-04-07,True,True,False,True,0.8543,diagnosis_suggestion,23.9,0.0
C01304,free,W07,2025-03-18,False,False,False,,,,,0.0
C01305,free,W03,2025-02-03,True,False,False,False,0.4575,quality_flag,,0.0
C01305,free,W03,2025-01-28,False,False,False,,,,,0.0
C01305,free,W03,2025-01-31,True,True,False,True,0.8195,documentation_gap,11.1,0.0
C01306,basic,W05,2025-03-09,True,True,False,True,0.804,diagnosis_suggestion,13.5,0.0
C01306,basic,W05,2025-02-07,True,False,False,False,0.4274,diagnosis_suggestion,,0.0
C01306,basic,W05,2025-03-11,True,True,False,False,0.6755,coding_recommendation,6.9,0.0
C01306,basic,W05,2025-02-15,False,False,False,,,,,0.0
C01306,basic,W05,2025-01-29,True,True,False,True,0.6998,diagnosis_suggestion,45.2,0.0
C01306,basic,W05,2025-04-13,False,False,False,,,,,0.0
C01307,free,W05,2025-04-08,False,False,False,,,,,0.0
C01307,free,W05,2025-03-23,True,True,True,True,0.9536,diagnosis_suggestion,35.1,32.09
C01307,free,W05,2025-02-20,True,True,False,True,0.7646,quality_flag,4.4,0.0
C01308,free,W04,2025-03-18,True,True,True,True,0.8707,coding_recommendation,71.9,16.53
C01308,free,W04,2025-02-17,True,True,True,False,0.7432,quality_flag,5.4,-42.84
C01308,free,W04,2025-03-15,True,True,False,True,0.9309,documentation_gap,28.7,0.0
C01309,basic,W01,2025-01-18,True,False,False,False,0.4747,documentation_gap,,0.0
C01309,basic,W01,2025-01-20,False,False,False,,,,,0.0
C01309,basic,W01,2025-02-14,True,False,False,False,0.4749,quality_flag,,0.0
C01310,basic,W11,2025-06-03,True,True,True,True,0.6823,diagnosis_suggestion,65.4,34.33
C01310,basic,W11,2025-05-24,True,True,False,True,0.8312,documentation_gap,54.5,0.0
C01310,basic,W11,2025-04-12,False,False,False,,,,,0.0
C01311,free,W09,2025-03-17,True,True,True,True,0.7978,documentation_gap,24.7,80.62
C01311,free,W09,2025-04-17,False,False,False,,,,,0.0
C01311,free,W09,2025-03-18,True,True,False,True,0.7378,coding_recommendation,19.1,0.0
C01312,free,W05,2025-04-09,True,True,True,False,0.5091,diagnosis_suggestion,25.9,-15.33
C01312,free,W05,2025-02-02,False,False,False,,,,,0.0
C01312,free,W05,2025-04-14,False,False,False,,,,,0.0
C01313,pro,W11,2025-05-01,False,False,False,,,,,0.0
C01313,pro,W11,2025-04-22,False,False,False,,,,,0.0
C01313,pro,W11,2025-03-20,True,True,True,True,0.8379,coding_recommendation,14.6,37.73
C01314,basic,W02,2025-03-12,True,True,True,True,0.87,coding_recommendation,33.0,39.18
C01314,basic,W02,2025-02-28,True,True,False,True,0.5308,coding_recommendation,7.2,0.0
C01314,basic,W02,2025-03-26,True,True,False,True,0.8056,diagnosis_suggestion,16.4,0.0
C01315,pro,W02,2025-03-30,True,True,False,True,0.8785,documentation_gap,3.3,0.0
C01315,pro,W02,2025-03-20,True,True,True,False,0.5698,documentation_gap,4.5,-67.57
C01315,pro,W02,2025-03-12,True,True,True,True,0.8699,documentation_gap,43.2,18.48
C01316,pro,W04,2025-03-11,True,True,False,True,0.8836,documentation_gap,16.1,0.0
C01316,pro,W04,2025-01-23,True,True,False,False,0.5556,quality_flag,71.8,0.0
C01316,pro,W04,2025-02-12,True,True,False,True,0.8859,diagnosis_suggestion,18.6,0.0
C01317,free,W02,2025-02-03,False,False,False,,,,,0.0
C01317,free,W02,2025-02-04,True,True,True,True,0.8622,documentation_gap,14.8,121.09
C01317,free,W02,2025-01-21,True,True,False,False,0.5251,quality_flag,11.6,0.0
C01318,basic,W05,2025-02-17,False,False,False,,,,,0.0
C01318,basic,W05,2025-03-04,True,True,True,True,0.8262,diagnosis_suggestion,8.6,88.22
C01318,basic,W05,2025-04-14,True,False,False,False,0.4954,diagnosis_suggestion,,0.0
C01319,free,W02,2025-03-16,True,True,True,True,0.9557,documentation_gap,8.8,57.68
C01319,free,W02,2025-03-26,False,False,False,,,,,0.0
C01319,free,W02,2025-03-20,False,False,False,,,,,0.0
C01319,free,W02,2025-03-26,True,True,True,True,0.9002,coding_recommendation,12.0,34.36
C01319,free,W02,2025-01-17,True,True,True,True,0.904,quality_flag,58.5,71.62
C01319,free,W02,2025-02-06,True,True,True,True,0.8212,quality_flag,28.8,27.94
C01320,pro,W04,2025-03-18,True,True,True,True,0.9377,documentation_gap,8.1,61.18
C01320,pro,W04,2025-02-22,True,True,True,True,0.7476,diagnosis_suggestion,32.8,34.6
C01320,pro,W04,2025-02-05,True,False,False,False,0.3033,coding_recommendation,,0.0
C01320,pro,W04,2025-03-22,True,True,True,True,0.7521,diagnosis_suggestion,4.0,94.29
C01320,pro,W04,2025-02-09,True,True,False,True,0.942,documentation_gap,4.0,0.0
C01320,pro,W04,2025-04-02,False,False,False,,,,,0.0
C01321,free,W04,2025-03-13,True,True,False,True,0.9241,diagnosis_suggestion,42.2,0.0
C01321,free,W04,2025-04-09,True,False,False,False,0.3828,documentation_gap,,0.0
C01321,free,W04,2025-03-21,False,False,False,,,,,0.0
C01322,pro,W03,2025-03-24,True,True,True,True,0.9589,documentation_gap,62.3,123.61
C01322,pro,W03,2025-02-08,False,False,False,,,,,0.0
C01322,pro,W03,2025-02-16,True,True,False,True,0.9058,diagnosis_suggestion,23.9,0.0
C01323,free,W10,2025-03-22,False,False,False,,,,,0.0
C01323,free,W10,2025-03-07,False,False,False,,,,,0.0
C01323,free,W10,2025-05-24,False,False,False,,,,,0.0
C01324,free,W07,2025-02-23,True,True,False,True,0.7778,coding_recommendation,22.2,0.0
C01324,free,W07,2025-03-26,True,True,True,True,0.7196,diagnosis_suggestion,34.6,24.66
C01324,free,W07,2025-02-19,True,True,True,True,0.96,coding_recommendation,14.8,44.9
C01325,free,W02,2025-02-13,False,False,False,,,,,0.0
C01325,free,W02,2025-02-04,False,False,False,,,,,0.0
C01325,free,W02,2025-01-14,False,False,False,,,,,0.0
C01326,free,W05,2025-04-06,False,False,False,,,,,0.0
C01326,free,W05,2025-04-02,False,False,False,,,,,0.0
C01326,free,W05,2025-02-27,True,False,False,False,0.4109,diagnosis_suggestion,,0.0
C01326,free,W05,2025-02-10,False,False,False,,,,,0.0
C01327,basic,W02,2025-02-08,False,False,False,,,,,0.0
C01327,basic,W02,2025-02-01,False,False,False,,,,,0.0
C01327,basic,W02,2025-03-29,False,False,False,,,,,0.0
C01328,basic,W09,2025-04-11,True,False,False,False,0.3,coding_recommendation,,0.0
C01328,basic,W09,2025-04-23,False,False,False,,,,,0.0
C01328,basic,W09,2025-04-23,True,True,True,True,0.8231,documentation_gap,10.4,23.53
C01329,basic,W12,2025-04-30,True,True,True,True,0.6641,coding_recommendation,17.8,42.25
C01329,basic,W12,2025-05-26,False,False,False,,,,,0.0
C01329,basic,W12,2025-05-20,True,True,True,True,0.9219,coding_recommendation,7.8,29.83
C01330,basic,W06,2025-03-28,True,True,True,True,0.8909,coding_recommendation,23.5,34.31
C01330,basic,W06,2025-03-01,True,True,False,False,0.8287,quality_flag,8.6,0.0
C01330,basic,W06,2025-04-07,True,True,True,True,0.9442,diagnosis_suggestion,11.4,27.22
C01331,pro,W12,2025-05-06,False,False,False,,,,,0.0
C01331,pro,W12,2025-05-24,False,False,False,,,,,0.0
C01331,pro,W12,2025-05-08,True,True,False,False,0.5523,coding_recommendation,86.0,0.0
C01332,pro,W08,2025-03-02,True,True,True,True,0.9479,diagnosis_suggestion,27.4,63.89
C01332,pro,W08,2025-04-04,True,True,True,True,0.9725,diagnosis_suggestion,21.9,55.28
C01332,pro,W08,2025-04-29,True,True,False,True,0.8872,coding_recommendation,19.1,0.0
C01333,basic,W06,2025-02-27,True,True,True,True,0.9006,documentation_gap,39.5,27.26
C01333,basic,W06,2025-02-25,False,False,False,,,,,0.0
C01333,basic,W06,2025-04-20,True,True,True,True,0.899,documentation_gap,4.2,83.71
C01334,basic,W03,2025-02-10,True,True,True,True,0.9092,diagnosis_suggestion,21.5,55.45
C01334,basic,W03,2025-04-05,True,False,False,False,0.3745,quality_flag,,0.0
C01334,basic,W03,2025-03-05,True,True,False,True,0.75,documentation_gap,37.5,0.0
C01335,free,W07,2025-02-14,False,False,False,,,,,0.0
C01335,free,W07,2025-03-31,False,False,False,,,,,0.0
C01335,free,W07,2025-05-02,False,False,False,,,,,0.0
C01336,free,W02,2025-03-27,False,False,False,,,,,0.0
C01336,free,W02,2025-01-09,True,True,False,True,0.8301,coding_recommendation,34.3,0.0
C01336,free,W02,2025-01-26,False,False,False,,,,,0.0
C01337,free,W04,2025-02-02,False,False,False,,,,,0.0
C01337,free,W04,2025-01-24,False,False,False,,,,,0.0
C01337,free,W04,2025-03-28,False,False,False,,,,,0.0
C01338,free,W10,2025-04-18,False,False,False,,,,,0.0
C01338,free,W10,2025-05-02,True,True,False,True,0.8053,diagnosis_suggestion,4.2,0.0
C01338,free,W10,2025-04-14,True,True,False,True,0.7035,documentation_gap,11.1,0.0
C01339,free,W05,2025-03-24,True,True,False,True,0.8709,documentation_gap,13.0,0.0
C01339,free,W05,2025-04-12,True,True,True,True,0.8698,diagnosis_suggestion,10.5,146.7
C01339,free,W05,2025-03-04,False,False,False,,,,,0.0
C01339,free,W05,2025-02-10,True,True,True,True,0.9663,coding_recommendation,16.5,63.54
C01340,pro,W04,2025-04-13,True,False,False,False,0.4731,diagnosis_suggestion,,0.0
C01340,pro,W04,2025-02-21,False,False,False,,,,,0.0
C01340,pro,W04,2025-02-21,True,False,False,False,0.3,diagnosis_suggestion,,0.0
C01341,free,W02,2025-01-29,True,True,False,True,0.6862,documentation_gap,20.3,0.0
C01341,free,W02,2025-01-19,True,False,False,False,0.3365,quality_flag,,0.0
C01341,free,W02,2025-03-14,False,False,False,,,,,0.0
C01342,pro,W02,2025-02-11,True,True,True,True,0.9036,diagnosis_suggestion,19.5,33.55
C01342,pro,W02,2025-02-28,True,True,True,True,0.9678,diagnosis_suggestion,10.0,81.26
C01342,pro,W02,2025-02-21,True,True,True,False,0.5359,documentation_gap,23.0,-30.45
C01343,pro,W06,2025-02-28,True,False,False,False,0.31,quality_flag,,0.0
C01343,pro,W06,2025-03-04,True,True,False,True,0.8845,quality_flag,21.1,0.0
C01343,pro,W06,2025-03-22,True,True,True,False,0.8013,documentation_gap,19.2,-16.8
C01344,free,W11,2025-04-15,True,True,True,True,0.8274,diagnosis_suggestion,34.4,36.87
C01344,free,W11,2025-03-21,False,False,False,,,,,0.0
C01344,free,W11,2025-05-03,True,True,False,True,0.6053,diagnosis_suggestion,5.4,0.0
C01345,free,W12,2025-04-21,False,False,False,,,,,0.0
C01345,free,W12,2025-03-23,False,False,False,,,,,0.0
C01345,free,W12,2025-04-05,True,True,True,True,0.7071,documentation_gap,17.0,29.96
C01346,free,W09,2025-03-09,False,False,False,,,,,0.0
C01346,free,W09,2025-05-11,True,True,False,True,0.6511,diagnosis_suggestion,18.0,0.0
C01346,free,W09,2025-03-11,False,False,False,,,,,0.0
C01347,basic,W07,2025-04-01,False,False,False,,,,,0.0
C01347,basic,W07,2025-03-02,True,True,True,True,0.893,documentation_gap,19.4,37.78
C01347,basic,W07,2025-02-15,True,True,False,True,0.7097,documentation_gap,45.8,0.0
C01348,free,W08,2025-04-02,False,False,False,,,,,0.0
C01348,free,W08,2025-03-07,True,True,False,True,0.6063,documentation_gap,28.3,0.0
C01348,free,W08,2025-03-30,True,True,True,True,0.792,diagnosis_suggestion,18.1,30.98
C01349,free,W06,2025-02-14,True,False,False,False,0.4146,coding_recommendation,,0.0
C01349,free,W06,2025-03-16,True,True,True,True,0.82,quality_flag,40.1,39.93
C01349,free,W06,2025-03-13,True,True,True,True,0.8664,diagnosis_suggestion,21.4,46.65
C01349,free,W06,2025-03-15,True,True,True,True,0.5,coding_recommendation,32.0,94.11
C01349,free,W06,2025-02-15,True,True,True,True,0.8825,documentation_gap,19.7,83.79
C01349,free,W06,2025-04-01,True,True,False,True,0.6168,quality_flag,15.3,0.0
C01349,free,W06,2025-03-16,True,True,True,True,0.5476,diagnosis_suggestion,7.8,34.44
C01350,basic,W12,2025-04-07,True,True,True,True,0.8807,coding_recommendation,77.9,59.77
C01350,basic,W12,2025-06-02,True,True,True,False,0.7305,diagnosis_suggestion,110.5,-29.21
C01350,basic,W12,2025-04-02,True,True,True,True,0.9216,diagnosis_suggestion,38.4,42.34
C01351,pro,W08,2025-05-06,True,True,True,True,0.5215,documentation_gap,13.2,55.23
C01351,pro,W08,2025-03-25,True,True,False,True,0.793,coding_recommendation,54.5,0.0
C01351,pro,W08,2025-04-26,True,True,True,True,0.6898,coding_recommendation,15.0,63.88
C01352,basic,W10,2025-05-24,False,False,False,,,,,0.0
C01352,basic,W10,2025-04-18,True,True,False,True,0.7096,documentation_gap,27.7,0.0
C01352,basic,W10,2025-05-09,True,True,True,True,0.8542,coding_recommendation,9.1,91.03
C01353,free,W04,2025-01-24,False,False,False,,,,,0.0
C01353,free,W04,2025-01-24,False,False,False,,,,,0.0
C01353,free,W04,2025-02-23,False,False,False,,,,,0.0
C01353,free,W04,2025-02-17,True,True,True,True,0.7825,documentation_gap,11.9,17.43
C01353,free,W04,2025-03-26,False,False,False,,,,,0.0
C01353,free,W04,2025-04-13,True,True,True,True,0.7769,coding_recommendation,25.3,61.57
C01354,basic,W10,2025-04-04,True,True,True,True,0.8408,coding_recommendation,47.2,122.79
C01354,basic,W10,2025-03-18,False,False,False,,,,,0.0
C01354,basic,W10,2025-04-08,False,False,False,,,,,0.0
C01355,pro,W07,2025-02-14,True,True,True,True,0.8465,coding_recommendation,175.1,36.57
C01355,pro,W07,2025-04-18,True,False,False,False,0.432,diagnosis_suggestion,,0.0
C01355,pro,W07,2025-03-31,False,False,False,,,,,0.0
C01355,pro,W07,2025-04-24,True,True,False,False,0.5469,quality_flag,2.4,0.0
C01356,pro,W03,2025-01-20,False,False,False,,,,,0.0
C01356,pro,W03,2025-01-21,True,False,False,False,0.4404,diagnosis_suggestion,,0.0
C01356,pro,W03,2025-03-30,False,False,False,,,,,0.0
C01356,pro,W03,2025-01-19,True,True,True,True,0.7334,coding_recommendation,9.5,51.58
C01356,pro,W03,2025-02-14,True,True,False,True,0.7306,documentation_gap,18.6,0.0
C01356,pro,W03,2025-02-02,True,True,True,False,0.5789,coding_recommendation,59.6,-15.42
C01357,free,W03,2025-02-23,True,True,False,False,0.5213,quality_flag,8.7,0.0
C01357,free,W03,2025-03-29,True,True,True,True,0.8592,documentation_gap,31.9,56.25
C01357,free,W03,2025-02-25,True,True,True,True,0.9851,diagnosis_suggestion,23.4,50.73
C01358,pro,W12,2025-03-27,True,True,True,True,0.8815,diagnosis_suggestion,5.3,40.85
C01358,pro,W12,2025-04-26,True,False,False,False,0.3676,coding_recommendation,,0.0
C01358,pro,W12,2025-04-27,True,True,True,True,0.9777,diagnosis_suggestion,18.4,52.49
C01359,basic,W03,2025-02-08,True,True,True,True,0.8369,documentation_gap,16.4,77.37
C01359,basic,W03,2025-02-06,True,True,False,True,0.5944,coding_recommendation,15.4,0.0
C01359,basic,W03,2025-01-28,True,False,False,False,0.3599,diagnosis_suggestion,,0.0
C01360,free,W10,2025-05-22,False,False,False,,,,,0.0
C01360,free,W10,2025-05-12,True,True,False,True,0.7905,coding_recommendation,20.3,0.0
C01360,free,W10,2025-03-07,False,False,False,,,,,0.0
C01361,basic,W05,2025-02-20,True,True,True,True,0.8193,coding_recommendation,17.9,16.58
C01361,basic,W05,2025-03-05,False,False,False,,,,,0.0
C01361,basic,W05,2025-03-06,True,True,True,True,0.9424,documentation_gap,75.6,61.63
C01362,pro,W06,2025-03-27,True,True,True,True,0.8377,documentation_gap,24.0,60.96
C01362,pro,W06,2025-02-21,True,True,False,True,0.5353,diagnosis_suggestion,14.3,0.0
C01362,pro,W06,2025-02-27,True,False,False,False,0.4722,coding_recommendation,,0.0
C01363,free,W04,2025-03-19,True,True,False,True,0.851,coding_recommendation,16.3,0.0
C01363,free,W04,2025-02-17,True,False,False,False,0.4759,documentation_gap,,0.0
C01363,free,W04,2025-02-05,False,False,False,,,,,0.0
C01364,free,W05,2025-02-02,True,True,True,True,0.6594,diagnosis_suggestion,20.6,39.32
C01364,free,W05,2025-02-13,False,False,False,,,,,0.0
C01364,free,W05,2025-04-17,True,True,False,True,0.9402,diagnosis_suggestion,31.3,0.0
C01365,free,W03,2025-03-26,False,False,False,,,,,0.0
C01365,free,W03,2025-03-13,False,False,False,,,,,0.0
C01365,free,W03,2025-02-25,True,True,True,True,0.8195,coding_recommendation,13.9,27.94
C01366,basic,W11,2025-04-09,False,False,False,,,,,0.0
C01366,basic,W11,2025-05-11,True,True,True,True,0.7981,diagnosis_suggestion,18.2,46.22
C01366,basic,W11,2025-05-27,True,True,True,True,0.5667,documentation_gap,11.6,82.32
C01367,basic,W08,2025-03-06,True,True,True,True,0.8193,coding_recommendation,10.8,78.77
C01367,basic,W08,2025-05-09,True,True,True,True,0.6163,coding_recommendation,21.7,36.04
C01367,basic,W08,2025-05-06,True,True,True,True,0.9011,coding_recommendation,3.8,60.15
C01367,basic,W08,2025-03-28,True,True,True,False,0.6544,coding_recommendation,18.3,-16.76
C01367,basic,W08,2025-03-10,True,True,False,True,0.8654,documentation_gap,26.9,0.0
C01368,basic,W10,2025-04-10,False,False,False,,,,,0.0
C01368,basic,W10,2025-05-08,True,True,False,True,0.6837,coding_recommendation,11.1,0.0
C01368,basic,W10,2025-04-05,False,False,False,,,,,0.0
C01369,basic,W06,2025-02-17,True,True,False,True,0.9537,diagnosis_suggestion,21.4,0.0
C01369,basic,W06,2025-04-11,True,True,True,False,0.7901,documentation_gap,12.2,-29.91
C01369,basic,W06,2025-03-23,False,False,False,,,,,0.0
C01369,basic,W06,2025-02-16,True,True,True,False,0.5562,diagnosis_suggestion,16.9,-22.49
C01370,basic,W04,2025-02-25,True,False,False,False,0.4715,quality_flag,,0.0
C01370,basic,W04,2025-02-24,True,False,False,False,0.3496,coding_recommendation,,0.0
C01370,basic,W04,2025-03-17,True,True,False,True,0.8123,documentation_gap,7.7,0.0
C01371,basic,W12,2025-05-10,True,True,False,True,0.7345,diagnosis_suggestion,2.7,0.0
C01371,basic,W12,2025-03-23,False,False,False,,,,,0.0
C01371,basic,W12,2025-04-06,True,True,False,True,0.7722,coding_recommendation,14.3,0.0
C01372,pro,W01,2025-02-28,True,True,True,True,0.8956,documentation_gap,26.8,72.61
C01372,pro,W01,2025-03-11,True,False,False,False,0.3987,diagnosis_suggestion,,0.0
C01372,pro,W01,2025-02-05,True,True,True,True,0.9523,documentation_gap,14.9,27.6
C01373,pro,W10,2025-05-27,True,True,False,True,0.6956,coding_recommendation,6.7,0.0
C01373,pro,W10,2025-03-26,True,True,False,False,0.5655,documentation_gap,30.4,0.0
C01373,pro,W10,2025-05-18,True,True,True,True,0.7419,quality_flag,35.8,69.5
C01373,pro,W10,2025-03-28,True,True,True,True,0.6793,diagnosis_suggestion,62.3,74.01
C01373,pro,W10,2025-04-11,True,True,True,True,0.7728,documentation_gap,54.4,28.73
C01373,pro,W10,2025-04-21,True,True,True,True,0.9106,coding_recommendation,18.0,23.25
C01374,basic,W12,2025-05-11,True,True,True,True,0.8103,quality_flag,14.1,67.56
C01374,basic,W12,2025-05-02,False,False,False,,,,,0.0
C01374,basic,W12,2025-03-23,True,True,True,True,0.8085,quality_flag,27.6,58.47
C01375,free,W03,2025-02-16,True,True,True,True,0.769,documentation_gap,12.1,69.42
C01375,free,W03,2025-03-12,True,True,True,True,0.7223,coding_recommendation,49.3,40.49
C01375,free,W03,2025-02-19,True,False,False,False,0.3761,diagnosis_suggestion,,0.0
C01375,free,W03,2025-01-29,True,True,True,True,0.9321,diagnosis_suggestion,96.4,37.98
C01376,free,W08,2025-05-04,True,True,True,True,0.7771,documentation_gap,76.8,91.01
C01376,free,W08,2025-03-01,False,False,False,,,,,0.0
C01376,free,W08,2025-04-30,True,True,False,True,0.9348,coding_recommendation,9.1,0.0
C01376,free,W08,2025-02-28,False,False,False,,,,,0.0
C01376,free,W08,2025-04-17,True,True,True,False,0.5906,quality_flag,52.3,-7.46
C01376,free,W08,2025-04-10,True,True,False,True,0.6678,documentation_gap,11.4,0.0
C01376,free,W08,2025-04-23,False,False,False,,,,,0.0
C01376,free,W08,2025-05-13,False,False,False,,,,,0.0
C01376,free,W08,2025-04-29,True,True,True,True,0.8005,documentation_gap,17.1,94.74
C01377,pro,W11,2025-03-29,False,False,False,,,,,0.0
C01377,pro,W11,2025-05-14,True,True,False,True,0.9286,documentation_gap,16.6,0.0
C01377,pro,W11,2025-04-16,True,True,False,True,0.8243,diagnosis_suggestion,40.9,0.0
C01378,pro,W02,2025-03-28,False,False,False,,,,,0.0
C01378,pro,W02,2025-01-11,True,True,False,True,0.8719,documentation_gap,6.0,0.0
C01378,pro,W02,2025-02-11,True,True,True,True,0.7798,coding_recommendation,29.3,62.23
C01379,free,W04,2025-01-24,False,False,False,,,,,0.0
C01379,free,W04,2025-04-13,True,True,False,True,0.8797,coding_recommendation,8.7,0.0
C01379,free,W04,2025-02-02,True,True,False,True,0.7155,diagnosis_suggestion,13.4,0.0
C01380,basic,W11,2025-04-18,True,True,True,True,0.726,diagnosis_suggestion,32.9,43.37
C01380,basic,W11,2025-04-02,True,True,False,True,0.7202,coding_recommendation,3.9,0.0
C01380,basic,W11,2025-05-30,True,True,True,True,0.6522,documentation_gap,15.8,132.42
C01381,pro,W10,2025-04-11,False,False,False,,,,,0.0
C01381,pro,W10,2025-04-29,True,True,True,True,0.97,diagnosis_suggestion,52.9,39.26
C01381,pro,W10,2025-03-28,True,True,True,True,0.7697,coding_recommendation,71.1,51.63
C01382,basic,W05,2025-02-15,False,False,False,,,,,0.0
C01382,basic,W05,2025-02-16,True,True,True,True,0.7252,coding_recommendation,63.5,56.73
C01382,basic,W05,2025-02-20,False,False,False,,,,,0.0
C01383,basic,W11,2025-04-27,True,True,True,True,0.7325,diagnosis_suggestion,15.4,71.02
C01383,basic,W11,2025-03-17,True,True,True,True,0.8694,coding_recommendation,29.8,261.83
C01383,basic,W11,2025-04-07,True,True,True,False,0.6047,documentation_gap,26.6,-31.33
C01384,pro,W06,2025-03-05,True,True,False,True,0.8443,coding_recommendation,11.1,0.0
C01384,pro,W06,2025-02-24,True,True,False,True,0.8083,coding_recommendation,8.7,0.0
C01384,pro,W06,2025-02-24,True,True,True,True,0.8519,documentation_gap,6.5,82.27
C01385,free,W12,2025-04-06,True,True,True,True,0.8514,coding_recommendation,8.6,68.62
C01385,free,W12,2025-04-20,True,True,False,True,0.7055,diagnosis_suggestion,12.6,0.0
C01385,free,W12,2025-04-09,False,False,False,,,,,0.0
C01386,pro,W02,2025-02-09,True,True,True,True,0.7073,quality_flag,4.2,40.77
C01386,pro,W02,2025-03-21,True,True,True,True,0.6734,diagnosis_suggestion,21.8,34.57
C01386,pro,W02,2025-03-09,False,False,False,,,,,0.0
C01387,pro,W11,2025-04-20,True,True,False,True,0.7995,diagnosis_suggestion,32.0,0.0
C01387,pro,W11,2025-05-09,True,True,True,True,0.7061,diagnosis_suggestion,19.0,22.46
C01387,pro,W11,2025-05-13,True,False,False,False,0.3,diagnosis_suggestion,,0.0
C01388,free,W07,2025-02-27,False,False,False,,,,,0.0
C01388,free,W07,2025-02-24,False,False,False,,,,,0.0
C01388,free,W07,2025-02-13,True,True,False,True,0.5,coding_recommendation,19.3,0.0
C01389,pro,W09,2025-04-28,True,False,False,False,0.4878,coding_recommendation,,0.0
C01389,pro,W09,2025-05-10,True,True,True,True,0.9145,diagnosis_suggestion,11.3,109.54
C01389,pro,W09,2025-05-05,True,True,True,True,0.8041,documentation_gap,23.7,109.28
C01389,pro,W09,2025-04-03,True,True,True,True,0.8916,quality_flag,48.1,19.05
C01389,pro,W09,2025-05-03,True,False,False,False,0.4723,documentation_gap,,0.0
C01389,pro,W09,2025-04-21,True,True,True,True,0.8536,coding_recommendation,5.5,51.74
C01389,pro,W09,2025-04-28,True,True,True,True,0.6465,coding_recommendation,35.2,31.41
C01390,free,W09,2025-04-18,False,False,False,,,,,0.0
C01390,free,W09,2025-03-28,False,False,False,,,,,0.0
C01390,free,W09,2025-04-07,True,True,False,True,0.9011,diagnosis_suggestion,5.9,0.0
C01391,free,W04,2025-02-11,True,True,True,True,0.8971,documentation_gap,34.8,48.11
C01391,free,W04,2025-02-15,True,True,False,True,0.5,coding_recommendation,33.2,0.0
C01391,free,W04,2025-03-27,True,True,False,True,0.8104,diagnosis_suggestion,116.1,0.0
C01392,free,W10,2025-03-15,True,True,True,True,0.9627,coding_recommendation,23.8,64.11
C01392,free,W10,2025-05-11,True,True,True,True,0.9407,diagnosis_suggestion,113.0,39.58
C01392,free,W10,2025-04-29,False,False,False,,,,,0.0
C01393,basic,W04,2025-03-02,True,True,False,True,0.8266,coding_recommendation,26.0,0.0
C01393,basic,W04,2025-04-11,True,True,False,True,0.6974,coding_recommendation,20.5,0.0
C01393,basic,W04,2025-03-11,True,True,True,False,0.5365,documentation_gap,24.7,-24.85
C01393,basic,W04,2025-03-26,True,True,False,True,0.6852,quality_flag,42.8,0.0
C01394,free,W11,2025-05-28,False,False,False,,,,,0.0
C01394,free,W11,2025-03-21,True,True,True,False,0.5465,coding_recommendation,124.0,-23.05
C01394,free,W11,2025-03-12,True,True,False,True,0.6932,coding_recommendation,21.1,0.0
C01395,basic,W02,2025-02-20,False,False,False,,,,,0.0
C01395,basic,W02,2025-02-21,True,True,True,True,0.7041,quality_flag,49.6,25.55
C01395,basic,W02,2025-02-09,True,False,False,False,0.3162,coding_recommendation,,0.0
C01396,free,W09,2025-03-24,True,True,True,False,0.7229,coding_recommendation,37.5,-20.72
C01396,free,W09,2025-04-13,False,False,False,,,,,0.0
C01396,free,W09,2025-05-07,True,True,True,True,0.7793,diagnosis_suggestion,23.4,41.63
C01396,free,W09,2025-04-18,True,False,False,False,0.3,documentation_gap,,0.0
C01397,pro,W05,2025-04-01,True,True,True,True,0.9482,quality_flag,32.2,82.76
C01397,pro,W05,2025-02-19,False,False,False,,,,,0.0
C01397,pro,W05,2025-02-18,True,True,True,True,0.7049,coding_recommendation,17.4,31.76
C01398,free,W07,2025-02-28,False,False,False,,,,,0.0
C01398,free,W07,2025-02-14,True,True,True,True,0.9047,quality_flag,95.5,78.69
C01398,free,W07,2025-04-01,True,True,True,True,0.9412,diagnosis_suggestion,18.9,79.47
C01398,free,W07,2025-05-01,True,False,False,False,0.4746,diagnosis_suggestion,,0.0
C01398,free,W07,2025-02-19,True,True,True,True,0.8702,quality_flag,48.1,60.23
C01398,free,W07,2025-04-19,True,True,False,True,0.6365,documentation_gap,8.7,0.0
C01398,free,W07,2025-02-24,True,True,True,True,0.9099,diagnosis_suggestion,28.6,44.17
C01398,free,W07,2025-03-08,True,True,False,True,0.7545,documentation_gap,5.7,0.0
C01399,pro,W03,2025-01-30,True,False,False,False,0.4677,quality_flag,,0.0
C01399,pro,W03,2025-02-01,True,True,True,True,0.8431,coding_recommendation,42.8,220.14
C01399,pro,W03,2025-02-11,True,True,True,True,0.7264,diagnosis_suggestion,40.5,167.09
C01399,pro,W03,2025-02-05,True,True,True,True,0.765,diagnosis_suggestion,57.9,52.26
C01399,pro,W03,2025-03-27,True,True,True,True,0.7004,diagnosis_suggestion,12.3,57.64
C01400,free,W08,2025-03-29,False,False,False,,,,,0.0
C01400,free,W08,2025-03-06,True,True,True,True,0.9628,documentation_gap,24.0,35.3
C01400,free,W08,2025-03-19,True,True,False,True,0.7941,coding_recommendation,59.4,0.0
C01401,free,W11,2025-04-02,True,True,False,True,0.8908,quality_flag,13.8,0.0
C01401,free,W11,2025-05-13,True,False,False,False,0.3,diagnosis_suggestion,,0.0
C01401,free,W11,2025-04-05,True,True,True,True,0.741,coding_recommendation,18.1,102.0
C01402,basic,W07,2025-03-26,True,True,False,False,0.5133,diagnosis_suggestion,12.6,0.0
C01402,basic,W07,2025-05-01,True,True,False,True,0.7399,diagnosis_suggestion,9.9,0.0
C01402,basic,W07,2025-03-01,False,False,False,,,,,0.0
C01403,free,W08,2025-03-25,False,False,False,,,,,0.0
C01403,free,W08,2025-04-13,True,True,False,True,0.7059,documentation_gap,7.2,0.0
C01403,free,W08,2025-03-09,True,True,True,True,0.7482,diagnosis_suggestion,10.7,32.85
C01404,free,W02,2025-01-13,True,True,False,False,0.525,coding_recommendation,36.6,0.0
C01404,free,W02,2025-02-15,True,False,False,False,0.4844,documentation_gap,,0.0
C01404,free,W02,2025-03-12,False,False,False,,,,,0.0
C01405,free,W08,2025-04-17,True,True,True,True,0.9421,documentation_gap,23.6,87.74
C01405,free,W08,2025-04-26,False,False,False,,,,,0.0
C01405,free,W08,2025-04-12,True,True,True,True,0.8304,quality_flag,9.5,43.28
C01405,free,W08,2025-05-08,True,True,False,False,0.6794,quality_flag,18.8,0.0
C01406,pro,W01,2025-01-16,True,True,False,True,0.8613,diagnosis_suggestion,25.9,0.0
C01406,pro,W01,2025-01-29,True,True,True,True,0.7101,documentation_gap,7.9,56.0
C01406,pro,W01,2025-03-06,True,False,False,False,0.4261,diagnosis_suggestion,,0.0
C01406,pro,W01,2025-01-28,True,True,True,True,0.8691,coding_recommendation,9.6,60.2
C01406,pro,W01,2025-01-01,True,True,True,False,0.5351,documentation_gap,88.6,-52.21
C01407,pro,W10,2025-05-07,True,True,True,True,0.99,diagnosis_suggestion,13.4,39.39
C01407,pro,W10,2025-03-26,True,True,False,True,0.8758,documentation_gap,16.4,0.0
C01407,pro,W10,2025-04-03,True,True,True,True,0.8918,documentation_gap,24.8,83.22
C01408,free,W06,2025-04-16,True,True,True,True,0.6243,coding_recommendation,16.1,59.62
C01408,free,W06,2025-04-02,True,True,True,True,0.9551,documentation_gap,18.6,36.55
C01408,free,W06,2025-04-12,True,True,False,True,0.8957,documentation_gap,6.1,0.0
C01409,free,W06,2025-04-20,True,True,False,False,0.5961,diagnosis_suggestion,33.7,0.0
C01409,free,W06,2025-04-27,True,True,True,True,0.7295,coding_recommendation,19.5,40.5
C01409,free,W06,2025-03-02,True,True,True,True,0.5548,coding_recommendation,67.8,80.68
C01410,basic,W10,2025-05-08,True,True,True,True,0.8625,diagnosis_suggestion,34.8,27.96
C01410,basic,W10,2025-05-09,False,False,False,,,,,0.0
C01410,basic,W10,2025-05-24,True,False,False,False,0.428,quality_flag,,0.0
C01411,free,W10,2025-03-15,True,True,False,False,0.6111,diagnosis_suggestion,34.8,0.0
C01411,free,W10,2025-05-12,False,False,False,,,,,0.0
C01411,free,W10,2025-05-24,False,False,False,,,,,0.0
C01412,free,W07,2025-02-25,True,False,False,False,0.3835,diagnosis_suggestion,,0.0
C01412,free,W07,2025-03-02,False,False,False,,,,,0.0
C01412,free,W07,2025-04-30,True,True,False,False,0.5387,documentation_gap,4.2,0.0
C01413,free,W04,2025-04-02,False,False,False,,,,,0.0
C01413,free,W04,2025-03-17,True,True,True,True,0.9062,diagnosis_suggestion,10.2,32.64
C01413,free,W04,2025-03-12,True,True,True,True,0.846,coding_recommendation,31.0,36.5
C01414,basic,W08,2025-04-25,True,True,False,True,0.7731,diagnosis_suggestion,33.7,0.0
C01414,basic,W08,2025-03-03,False,False,False,,,,,0.0
C01414,basic,W08,2025-05-13,True,True,True,False,0.9306,diagnosis_suggestion,49.0,-65.22
C01415,basic,W02,2025-03-08,False,False,False,,,,,0.0
C01415,basic,W02,2025-02-12,True,True,True,True,0.8647,diagnosis_suggestion,22.4,54.89
C01415,basic,W02,2025-03-25,False,False,False,,,,,0.0
C01416,free,W08,2025-04-05,True,True,False,True,0.845,coding_recommendation,45.6,0.0
C01416,free,W08,2025-04-21,False,False,False,,,,,0.0
C01416,free,W08,2025-03-10,True,True,True,True,0.7856,coding_recommendation,101.6,106.73
C01417,basic,W07,2025-03-07,True,True,True,True,0.8074,coding_recommendation,10.2,59.93
C01417,basic,W07,2025-04-09,True,True,True,False,0.6269,documentation_gap,14.3,-20.96
C01417,basic,W07,2025-03-09,False,False,False,,,,,0.0
C01418,free,W10,2025-04-23,False,False,False,,,,,0.0
C01418,free,W10,2025-05-08,True,True,False,True,0.6633,diagnosis_suggestion,12.6,0.0
C01418,free,W10,2025-05-01,False,False,False,,,,,0.0
C01419,free,W06,2025-03-04,False,False,False,,,,,0.0
C01419,free,W06,2025-03-14,False,False,False,,,,,0.0
C01419,free,W06,2025-04-25,False,False,False,,,,,0.0
C01419,free,W06,2025-04-01,False,False,False,,,,,0.0
C01420,free,W08,2025-03-16,True,True,True,True,0.6679,coding_recommendation,17.7,69.83
C01420,free,W08,2025-04-28,False,False,False,,,,,0.0
C01420,free,W08,2025-03-23,False,False,False,,,,,0.0
C01421,free,W02,2025-03-30,False,False,False,,,,,0.0
C01421,free,W02,2025-03-15,True,True,False,True,0.8492,documentation_gap,4.6,0.0
C01421,free,W02,2025-03-26,False,False,False,,,,,0.0
C01422,pro,W08,2025-03-09,False,False,False,,,,,0.0
C01422,pro,W08,2025-04-24,True,True,False,True,0.5911,coding_recommendation,35.0,0.0
C01422,pro,W08,2025-05-05,True,True,True,True,0.6288,diagnosis_suggestion,22.0,251.45
C01423,free,W10,2025-03-27,False,False,False,,,,,0.0
C01423,free,W10,2025-03-17,False,False,False,,,,,0.0
C01423,free,W10,2025-04-09,True,True,False,True,0.712,documentation_gap,15.9,0.0
C01424,free,W04,2025-03-14,True,True,False,True,0.843,diagnosis_suggestion,40.3,0.0
C01424,free,W04,2025-03-15,False,False,False,,,,,0.0
C01424,free,W04,2025-01-25,False,False,False,,,,,0.0
C01425,pro,W11,2025-05-14,True,True,True,True,0.8332,quality_flag,53.3,129.42
C01425,pro,W11,2025-04-01,True,True,True,True,0.6636,coding_recommendation,10.1,55.78
C01425,pro,W11,2025-03-22,True,True,True,True,0.5934,coding_recommendation,13.0,205.36
C01425,pro,W11,2025-05-21,True,True,True,True,0.9021,coding_recommendation,9.3,138.24
C01425,pro,W11,2025-03-17,True,True,False,True,0.6623,documentation_gap,13.2,0.0
C01426,basic,W07,2025-04-26,False,False,False,,,,,0.0
C01426,basic,W07,2025-05-01,False,False,False,,,,,0.0
C01426,basic,W07,2025-02-24,False,False,False,,,,,0.0
C01427,free,W12,2025-05-31,False,False,False,,,,,0.0
C01427,free,W12,2025-04-30,False,False,False,,,,,0.0
C01427,free,W12,2025-03-19,False,False,False,,,,,0.0
C01428,free,W10,2025-05-24,False,False,False,,,,,0.0
C01428,free,W10,2025-05-10,True,True,False,True,0.8799,quality_flag,12.4,0.0
C01428,free,W10,2025-05-07,True,False,False,False,0.3393,quality_flag,,0.0
C01429,free,W08,2025-03-29,False,False,False,,,,,0.0
C01429,free,W08,2025-02-22,False,False,False,,,,,0.0
C01429,free,W08,2025-03-29,True,True,False,True,0.9181,documentation_gap,9.9,0.0
C01430,free,W03,2025-01-16,True,True,True,False,0.7804,documentation_gap,10.7,-16.99
C01430,free,W03,2025-03-06,True,True,True,True,0.8932,documentation_gap,12.4,96.07
C01430,free,W03,2025-01-22,True,True,True,False,0.5302,diagnosis_suggestion,13.3,-29.99
C01431,pro,W12,2025-05-05,False,False,False,,,,,0.0
C01431,pro,W12,2025-03-30,True,True,True,True,0.643,documentation_gap,50.7,60.55
C01431,pro,W12,2025-03-26,True,True,True,True,0.7129,coding_recommendation,22.6,23.06
C01432,basic,W08,2025-03-03,True,True,True,True,0.8684,coding_recommendation,34.2,84.71
C01432,basic,W08,2025-02-24,True,True,True,True,0.8941,diagnosis_suggestion,177.8,24.14
C01432,basic,W08,2025-04-05,True,True,True,True,0.9213,documentation_gap,15.0,156.19
C01433,basic,W01,2025-01-02,True,True,False,True,0.7511,quality_flag,15.4,0.0
C01433,basic,W01,2025-03-11,False,False,False,,,,,0.0
C01433,basic,W01,2025-01-07,True,True,True,True,0.8847,documentation_gap,11.9,64.84
C01434,free,W09,2025-05-08,False,False,False,,,,,0.0
C01434,free,W09,2025-04-21,True,True,True,False,0.7585,quality_flag,16.3,-12.7
C01434,free,W09,2025-03-09,False,False,False,,,,,0.0
C01435,pro,W02,2025-02-12,True,True,True,True,0.8899,coding_recommendation,7.4,57.55
C01435,pro,W02,2025-02-24,True,False,False,False,0.4463,coding_recommendation,,0.0
C01435,pro,W02,2025-02-11,True,True,True,False,0.5256,diagnosis_suggestion,41.1,-23.71
C01435,pro,W02,2025-02-05,True,True,False,False,0.6945,documentation_gap,19.0,0.0
C01436,free,W02,2025-04-01,True,True,True,False,0.6789,diagnosis_suggestion,15.7,-16.3
C01436,free,W02,2025-02-19,True,True,True,True,0.7424,documentation_gap,61.4,55.38
C01436,free,W02,2025-02-20,True,True,True,True,0.8689,diagnosis_suggestion,13.1,36.68
C01437,basic,W05,2025-02-12,True,True,True,True,0.8502,diagnosis_suggestion,12.5,11.97
C01437,basic,W05,2025-04-08,False,False,False,,,,,0.0
C01437,basic,W05,2025-04-21,True,False,False,False,0.4067,coding_recommendation,,0.0
C01438,free,W08,2025-04-01,False,False,False,,,,,0.0
C01438,free,W08,2025-04-29,False,False,False,,,,,0.0
C01438,free,W08,2025-03-21,True,True,True,True,0.8142,diagnosis_suggestion,10.4,76.63
C01439,basic,W01,2025-02-28,True,True,True,True,0.8751,diagnosis_suggestion,8.2,279.41
C01439,basic,W01,2025-03-05,True,True,True,False,0.5012,diagnosis_suggestion,12.4,-12.31
C01439,basic,W01,2025-01-03,True,True,True,False,0.6428,documentation_gap,17.0,-14.3
C01439,basic,W01,2025-01-08,False,False,False,,,,,0.0
C01440,pro,W03,2025-02-21,True,False,False,False,0.3,documentation_gap,,0.0
C01440,pro,W03,2025-03-04,True,True,True,True,0.9134,documentation_gap,12.2,162.01
C01440,pro,W03,2025-03-05,True,False,False,False,0.3,documentation_gap,,0.0
C01441,pro,W08,2025-04-14,True,True,True,True,0.9008,coding_recommendation,11.9,112.61
C01441,pro,W08,2025-02-19,True,True,True,True,0.6103,quality_flag,19.3,54.24
C01441,pro,W08,2025-02-24,False,False,False,,,,,0.0
C01441,pro,W08,2025-03-25,True,True,True,True,0.9445,coding_recommendation,51.5,53.56
C01441,pro,W08,2025-04-15,True,True,False,True,0.8509,quality_flag,9.3,0.0
C01441,pro,W08,2025-05-11,False,False,False,,,,,0.0
C01442,basic,W07,2025-02-26,True,True,False,True,0.9399,documentation_gap,29.0,0.0
C01442,basic,W07,2025-03-06,True,True,True,True,0.8113,diagnosis_suggestion,17.9,65.76
C01442,basic,W07,2025-03-17,False,False,False,,,,,0.0
C01443,free,W11,2025-04-04,False,False,False,,,,,0.0
C01443,free,W11,2025-03-31,True,True,True,True,0.8974,diagnosis_suggestion,34.7,87.8
C01443,free,W11,2025-04-08,False,False,False,,,,,0.0
C01444,free,W06,2025-02-22,False,False,False,,,,,0.0
C01444,free,W06,2025-04-19,True,True,True,True,0.9826,diagnosis_suggestion,39.9,86.46
C01444,free,W06,2025-03-22,True,True,False,True,0.9514,quality_flag,18.0,0.0
C01445,pro,W01,2025-03-10,True,True,True,True,0.8057,coding_recommendation,21.5,19.31
C01445,pro,W01,2025-03-18,False,False,False,,,,,0.0
C01445,pro,W01,2025-02-05,False,False,False,,,,,0.0
C01446,basic,W04,2025-01-22,False,False,False,,,,,0.0
C01446,basic,W04,2025-02-05,True,False,False,False,0.4565,quality_flag,,0.0
C01446,basic,W04,2025-03-08,True,False,False,False,0.4676,quality_flag,,0.0
C01447,free,W12,2025-03-26,False,False,False,,,,,0.0
C01447,free,W12,2025-04-05,False,False,False,,,,,0.0
C01447,free,W12,2025-03-27,False,False,False,,,,,0.0
C01448,basic,W03,2025-03-16,True,False,False,False,0.3952,diagnosis_suggestion,,0.0
C01448,basic,W03,2025-04-03,True,False,False,False,0.3654,documentation_gap,,0.0
C01448,basic,W03,2025-04-06,False,False,False,,,,,0.0
C01448,basic,W03,2025-02-21,True,True,False,False,0.5341,diagnosis_suggestion,20.8,0.0
C01449,free,W12,2025-05-09,True,True,True,True,0.9304,documentation_gap,21.7,16.44
C01449,free,W12,2025-05-06,True,True,True,True,0.739,documentation_gap,23.2,37.07
C01449,free,W12,2025-03-22,True,True,False,True,0.862,documentation_gap,124.5,0.0
C01450,pro,W10,2025-05-14,True,True,True,True,0.5968,documentation_gap,19.2,42.61
C01450,pro,W10,2025-04-01,True,True,True,True,0.5302,diagnosis_suggestion,15.9,30.35
C01450,pro,W10,2025-05-10,True,True,False,True,0.8224,diagnosis_suggestion,3.1,0.0
C01450,pro,W10,2025-04-28,True,True,True,True,0.8715,documentation_gap,8.4,31.89
C01450,pro,W10,2025-05-19,True,True,True,True,0.8148,diagnosis_suggestion,55.8,267.67
C01450,pro,W10,2025-03-24,True,True,True,True,0.9384,documentation_gap,12.0,87.59
C01451,free,W10,2025-03-24,True,True,False,True,0.8626,diagnosis_suggestion,97.3,0.0
C01451,free,W10,2025-03-28,False,False,False,,,,,0.0
C01451,free,W10,2025-05-18,True,True,True,True,0.5981,quality_flag,11.2,51.01
C01451,free,W10,2025-04-03,True,True,True,True,0.841,quality_flag,38.7,38.98
C01452,basic,W07,2025-04-09,False,False,False,,,,,0.0
C01452,basic,W07,2025-03-29,True,True,True,False,0.6577,documentation_gap,15.7,-28.35
C01452,basic,W07,2025-04-22,True,True,True,True,0.9065,coding_recommendation,33.6,28.54
C01453,basic,W08,2025-03-27,True,True,False,True,0.957,documentation_gap,11.3,0.0
C01453,basic,W08,2025-03-07,False,False,False,,,,,0.0
C01453,basic,W08,2025-03-23,True,True,True,True,0.7986,documentation_gap,43.2,72.61
C01453,basic,W08,2025-03-15,True,True,False,True,0.9483,documentation_gap,22.6,0.0
C01454,free,W12,2025-05-23,False,False,False,,,,,0.0
C01454,free,W12,2025-03-24,True,True,False,True,0.9452,quality_flag,92.4,0.0
C01454,free,W12,2025-05-19,False,False,False,,,,,0.0
C01454,free,W12,2025-04-14,True,False,False,False,0.4579,diagnosis_suggestion,,0.0
C01454,free,W12,2025-05-06,False,False,False,,,,,0.0
C01455,free,W07,2025-04-11,True,True,True,True,0.6637,documentation_gap,17.7,39.05
C01455,free,W07,2025-04-09,False,False,False,,,,,0.0
C01455,free,W07,2025-05-04,False,False,False,,,,,0.0
C01455,free,W07,2025-03-25,True,True,True,True,0.8581,coding_recommendation,91.7,128.47
C01456,free,W05,2025-03-09,False,False,False,,,,,0.0
C01456,free,W05,2025-04-22,True,True,False,False,0.5483,diagnosis_suggestion,5.8,0.0
C01456,free,W05,2025-03-27,False,False,False,,,,,0.0
C01456,free,W05,2025-04-02,False,False,False,,,,,0.0
C01457,pro,W09,2025-05-19,True,True,True,True,0.9361,diagnosis_suggestion,10.0,29.24
C01457,pro,W09,2025-03-18,True,True,True,True,0.7994,coding_recommendation,64.8,18.32
C01457,pro,W09,2025-05-20,True,True,False,True,0.8977,diagnosis_suggestion,19.1,0.0
C01458,free,W04,2025-03-26,True,True,True,True,0.8758,diagnosis_suggestion,28.7,86.68
C01458,free,W04,2025-03-23,False,False,False,,,,,0.0
C01458,free,W04,2025-04-15,True,True,False,False,0.6262,documentation_gap,12.8,0.0
C01459,pro,W03,2025-01-15,True,True,True,True,0.9208,diagnosis_suggestion,14.1,83.39
C01459,pro,W03,2025-02-02,True,True,False,True,0.7667,diagnosis_suggestion,21.3,0.0
C01459,pro,W03,2025-02-15,True,True,False,True,0.9301,documentation_gap,25.4,0.0
C01460,free,W11,2025-05-06,True,True,False,False,0.6672,coding_recommendation,36.4,0.0
C01460,free,W11,2025-05-10,True,True,False,True,0.5,diagnosis_suggestion,135.9,0.0
C01460,free,W11,2025-04-19,False,False,False,,,,,0.0
C01461,free,W08,2025-05-01,True,False,False,False,0.4503,coding_recommendation,,0.0
C01461,free,W08,2025-02-20,False,False,False,,,,,0.0
C01461,free,W08,2025-03-07,False,False,False,,,,,0.0
C01462,free,W01,2025-02-17,True,True,False,True,0.5162,documentation_gap,58.7,0.0
C01462,free,W01,2025-01-20,True,True,False,False,0.681,coding_recommendation,13.9,0.0
C01462,free,W01,2025-01-20,True,True,True,True,0.6751,documentation_gap,23.6,64.61
C01463,pro,W10,2025-05-06,True,True,False,True,0.7732,coding_recommendation,26.2,0.0
C01463,pro,W10,2025-03-19,True,True,True,True,0.9067,diagnosis_suggestion,34.2,44.24
C01463,pro,W10,2025-05-10,True,True,False,True,0.862,coding_recommendation,7.0,0.0
C01463,pro,W10,2025-04-29,True,True,False,True,0.5877,diagnosis_suggestion,26.4,0.0
C01464,basic,W02,2025-02-04,True,False,False,False,0.4282,coding_recommendation,,0.0
C01464,basic,W02,2025-02-28,True,True,True,True,0.7272,diagnosis_suggestion,19.3,47.74
C01464,basic,W02,2025-02-12,False,False,False,,,,,0.0
C01465,free,W10,2025-04-01,True,True,True,True,0.5322,quality_flag,64.3,47.95
C01465,free,W10,2025-04-08,False,False,False,,,,,0.0
C01465,free,W10,2025-05-27,False,False,False,,,,,0.0
C01466,basic,W12,2025-06-03,True,True,True,True,0.783,diagnosis_suggestion,103.2,194.22
C01466,basic,W12,2025-03-28,True,True,True,True,0.8248,diagnosis_suggestion,10.0,24.43
C01466,basic,W12,2025-04-10,True,True,False,True,0.962,diagnosis_suggestion,7.7,0.0
C01467,free,W05,2025-03-29,True,True,True,True,0.707,documentation_gap,25.8,30.0
C01467,free,W05,2025-03-28,True,True,True,True,0.7388,coding_recommendation,17.9,79.48
C01467,free,W05,2025-03-23,True,True,True,True,0.839,coding_recommendation,16.7,474.11
C01468,pro,W09,2025-03-19,True,True,False,False,0.5454,diagnosis_suggestion,9.9,0.0
C01468,pro,W09,2025-03-11,True,True,True,True,0.692,coding_recommendation,4.5,47.43
C01468,pro,W09,2025-03-13,True,True,True,True,0.7919,diagnosis_suggestion,34.3,60.07
C01469,free,W06,2025-02-18,True,True,False,True,0.6994,documentation_gap,21.5,0.0
C01469,free,W06,2025-02-28,False,False,False,,,,,0.0
C01469,free,W06,2025-02-15,False,False,False,,,,,0.0
C01470,pro,W07,2025-02-21,True,True,False,True,0.8742,quality_flag,57.8,0.0
C01470,pro,W07,2025-04-04,True,True,True,True,0.9067,diagnosis_suggestion,16.2,21.35
C01470,pro,W07,2025-02-14,True,True,True,True,0.5408,documentation_gap,13.9,97.52
C01471,basic,W12,2025-04-23,True,True,False,False,0.7505,diagnosis_suggestion,15.4,0.0
C01471,basic,W12,2025-06-07,True,True,False,True,0.8614,diagnosis_suggestion,5.2,0.0
C01471,basic,W12,2025-04-05,True,True,True,True,0.7149,documentation_gap,41.9,40.3
C01472,free,W03,2025-02-03,False,False,False,,,,,0.0
C01472,free,W03,2025-03-30,True,True,True,True,0.9185,diagnosis_suggestion,19.6,77.65
C01472,free,W03,2025-03-11,True,True,True,True,0.7968,quality_flag,46.7,43.33
C01473,basic,W05,2025-04-04,False,False,False,,,,,0.0
C01473,basic,W05,2025-03-24,False,False,False,,,,,0.0
C01473,basic,W05,2025-03-11,True,False,False,False,0.3941,quality_flag,,0.0
C01474,free,W04,2025-03-10,False,False,False,,,,,0.0
C01474,free,W04,2025-03-31,False,False,False,,,,,0.0
C01474,free,W04,2025-04-07,True,True,True,True,0.9345,coding_recommendation,11.6,118.04
C01475,pro,W11,2025-04-05,True,False,False,False,0.411,quality_flag,,0.0
C01475,pro,W11,2025-03-29,True,True,False,True,0.5,documentation_gap,30.4,0.0
C01475,pro,W11,2025-05-09,True,True,False,False,0.5073,diagnosis_suggestion,73.9,0.0
C01476,pro,W05,2025-03-20,True,True,True,True,0.6723,diagnosis_suggestion,2.2,60.36
C01476,pro,W05,2025-04-16,True,True,True,True,0.6347,diagnosis_suggestion,14.9,44.86
C01476,pro,W05,2025-02-20,False,False,False,,,,,0.0
C01477,free,W04,2025-01-22,False,False,False,,,,,0.0
C01477,free,W04,2025-01-28,False,False,False,,,,,0.0
C01477,free,W04,2025-02-03,True,True,False,False,0.8147,coding_recommendation,43.1,0.0
C01478,free,W11,2025-05-09,False,False,False,,,,,0.0
C01478,free,W11,2025-04-13,False,False,False,,,,,0.0
C01478,free,W11,2025-05-09,False,False,False,,,,,0.0
C01479,free,W06,2025-03-29,False,False,False,,,,,0.0
C01479,free,W06,2025-03-26,True,True,True,True,0.5953,coding_recommendation,31.4,30.22
C01479,free,W06,2025-03-01,False,False,False,,,,,0.0
C01480,free,W04,2025-04-06,False,False,False,,,,,0.0
C01480,free,W04,2025-03-10,False,False,False,,,,,0.0
C01480,free,W04,2025-02-17,True,True,True,True,0.9011,coding_recommendation,32.1,19.58
C01481,basic,W06,2025-04-15,True,True,True,True,0.8168,coding_recommendation,34.8,136.75
C01481,basic,W06,2025-03-03,False,False,False,,,,,0.0
C01481,basic,W06,2025-04-10,True,True,True,True,0.9254,diagnosis_suggestion,10.0,59.18
C01482,pro,W11,2025-04-20,True,True,True,True,0.8152,documentation_gap,221.9,30.4
C01482,pro,W11,2025-05-02,True,True,False,True,0.8473,diagnosis_suggestion,13.0,0.0
C01482,pro,W11,2025-04-15,True,True,True,True,0.9345,coding_recommendation,38.5,53.83
C01483,free,W08,2025-05-03,True,True,True,True,0.7374,quality_flag,20.1,24.65
C01483,free,W08,2025-04-08,True,True,True,True,0.9379,documentation_gap,16.0,59.16
C01483,free,W08,2025-04-21,False,False,False,,,,,0.0
C01484,pro,W09,2025-03-17,True,True,False,True,0.8861,quality_flag,55.8,0.0
C01484,pro,W09,2025-03-31,False,False,False,,,,,0.0
C01484,pro,W09,2025-05-08,False,False,False,,,,,0.0
C01485,basic,W06,2025-04-11,False,False,False,,,,,0.0
C01485,basic,W06,2025-03-12,False,False,False,,,,,0.0
C01485,basic,W06,2025-02-22,False,False,False,,,,,0.0
C01485,basic,W06,2025-04-11,True,True,False,False,0.5037,documentation_gap,20.5,0.0
C01485,basic,W06,2025-02-21,True,True,True,True,0.69,quality_flag,10.7,67.79
C01486,free,W07,2025-04-15,False,False,False,,,,,0.0
C01486,free,W07,2025-02-19,True,True,False,True,0.7301,coding_recommendation,11.9,0.0
C01486,free,W07,2025-03-02,True,True,True,True,0.9509,quality_flag,7.8,34.14
C01487,pro,W02,2025-03-13,True,True,True,True,0.808,coding_recommendation,21.8,86.38
C01487,pro,W02,2025-03-10,True,True,True,False,0.5396,diagnosis_suggestion,50.3,-15.93
C01487,pro,W02,2025-02-16,True,False,False,False,0.3411,coding_recommendation,,0.0
C01488,pro,W04,2025-01-31,False,False,False,,,,,0.0
C01488,pro,W04,2025-02-10,True,True,False,True,0.5786,coding_recommendation,26.9,0.0
C01488,pro,W04,2025-01-24,False,False,False,,,,,0.0
C01488,pro,W04,2025-04-04,False,False,False,,,,,0.0
C01488,pro,W04,2025-03-24,True,True,True,True,0.8373,diagnosis_suggestion,29.9,17.55
C01489,basic,W04,2025-04-15,True,True,True,True,0.8952,coding_recommendation,9.3,35.47
C01489,basic,W04,2025-03-06,True,True,True,True,0.829,documentation_gap,33.2,18.5
C01489,basic,W04,2025-03-20,False,False,False,,,,,0.0
C01489,basic,W04,2025-02-07,False,False,False,,,,,0.0
C01490,basic,W12,2025-04-19,True,True,True,True,0.6601,quality_flag,44.3,106.75
C01490,basic,W12,2025-05-05,True,True,False,True,0.9271,quality_flag,8.8,0.0
C01490,basic,W12,2025-04-18,False,False,False,,,,,0.0
C01491,free,W12,2025-03-31,False,False,False,,,,,0.0
C01491,free,W12,2025-05-24,False,False,False,,,,,0.0
C01491,free,W12,2025-03-26,False,False,False,,,,,0.0
C01492,free,W09,2025-04-06,False,False,False,,,,,0.0
C01492,free,W09,2025-04-22,True,True,False,True,0.8714,diagnosis_suggestion,30.8,0.0
C01492,free,W09,2025-02-27,False,False,False,,,,,0.0
C01492,free,W09,2025-05-03,False,False,False,,,,,0.0
C01492,free,W09,2025-05-05,False,False,False,,,,,0.0
C01492,free,W09,2025-04-21,True,True,False,True,0.7834,documentation_gap,25.7,0.0
C01492,free,W09,2025-04-17,False,False,False,,,,,0.0
C01492,free,W09,2025-05-01,True,True,False,True,0.829,documentation_gap,67.3,0.0
C01492,free,W09,2025-03-07,False,False,False,,,,,0.0
C01492,free,W09,2025-04-29,True,True,True,True,0.9136,documentation_gap,107.6,25.13
C01492,free,W09,2025-03-24,True,True,True,True,0.9288,coding_recommendation,48.7,29.81
C01492,free,W09,2025-03-01,False,False,False,,,,,0.0
C01493,free,W06,2025-03-19,False,False,False,,,,,0.0
C01493,free,W06,2025-04-16,False,False,False,,,,,0.0
C01493,free,W06,2025-04-24,False,False,False,,,,,0.0
C01494,pro,W08,2025-02-26,True,False,False,False,0.4055,diagnosis_suggestion,,0.0
C01494,pro,W08,2025-03-23,True,True,False,True,0.706,diagnosis_suggestion,24.2,0.0
C01494,pro,W08,2025-05-06,True,True,True,True,0.8821,diagnosis_suggestion,28.3,176.65
C01495,free,W10,2025-03-30,True,True,False,True,0.6204,quality_flag,16.7,0.0
C01495,free,W10,2025-05-11,True,True,True,True,0.8545,documentation_gap,31.1,38.5
C01495,free,W10,2025-04-13,False,False,False,,,,,0.0
C01496,basic,W07,2025-03-17,True,True,True,False,0.6275,documentation_gap,8.1,-29.86
C01496,basic,W07,2025-04-28,True,True,False,True,0.966,quality_flag,25.9,0.0
C01496,basic,W07,2025-02-17,True,True,True,True,0.8933,quality_flag,4.9,15.67
C01497,pro,W02,2025-03-26,True,True,False,True,0.8344,documentation_gap,5.6,0.0
C01497,pro,W02,2025-03-12,True,True,True,True,0.818,diagnosis_suggestion,6.6,33.4
C01497,pro,W02,2025-01-29,True,True,False,True,0.5563,diagnosis_suggestion,13.3,0.0
C01498,basic,W05,2025-03-20,True,False,False,False,0.4048,quality_flag,,0.0
C01498,basic,W05,2025-04-12,True,True,True,True,0.9622,quality_flag,147.0,53.57
C01498,basic,W05,2025-04-22,False,False,False,,,,,0.0
C01499,basic,W09,2025-02-27,False,False,False,,,,,0.0
C01499,basic,W09,2025-03-20,False,False,False,,,,,0.0
C01499,basic,W09,2025-05-05,True,True,True,True,0.7679,coding_recommendation,22.4,165.59
C01500,basic,W10,2025-05-22,True,True,False,True,0.9674,coding_recommendation,50.5,0.0
C01500,basic,W10,2025-04-27,True,True,True,True,0.7522,quality_flag,31.3,92.69
C01500,basic,W10,2025-04-12,True,True,False,True,0.8781,documentation_gap,22.8,0.0
C01501,pro,W10,2025-05-03,True,True,False,True,0.7236,coding_recommendation,44.5,0.0
C01501,pro,W10,2025-05-08,True,True,True,False,0.7647,documentation_gap,27.9,-26.31
C01501,pro,W10,2025-04-29,False,False,False,,,,,0.0
C01502,free,W11,2025-04-27,False,False,False,,,,,0.0
C01502,free,W11,2025-05-29,True,False,False,False,0.4532,coding_recommendation,,0.0
C01502,free,W11,2025-04-24,True,True,True,True,0.8041,quality_flag,30.9,16.86
C01503,free,W06,2025-02-24,False,False,False,,,,,0.0
C01503,free,W06,2025-04-01,False,False,False,,,,,0.0
C01503,free,W06,2025-02-07,True,False,False,False,0.3516,coding_recommendation,,0.0
C01504,free,W11,2025-04-10,True,True,True,True,0.7813,coding_recommendation,54.4,149.62
C01504,free,W11,2025-03-23,False,False,False,,,,,0.0
C01504,free,W11,2025-03-15,False,False,False,,,,,0.0
C01505,free,W09,2025-03-15,True,True,True,True,0.8823,quality_flag,16.1,69.91
C01505,free,W09,2025-03-19,False,False,False,,,,,0.0
C01505,free,W09,2025-04-02,True,True,True,True,0.5566,diagnosis_suggestion,2.5,68.02
C01506,free,W09,2025-04-25,False,False,False,,,,,0.0
C01506,free,W09,2025-05-03,True,True,True,True,0.8549,coding_recommendation,14.8,37.19
C01506,free,W09,2025-03-17,True,True,False,True,0.8745,quality_flag,43.8,0.0
C01507,basic,W02,2025-02-07,True,True,True,False,0.6055,diagnosis_suggestion,10.5,-60.32
C01507,basic,W02,2025-03-20,False,False,False,,,,,0.0
C01507,basic,W02,2025-02-16,True,True,True,True,0.8861,documentation_gap,34.2,223.48
C01508,free,W11,2025-05-07,True,True,True,True,0.9257,documentation_gap,8.0,54.98
C01508,free,W11,2025-04-09,False,False,False,,,,,0.0
C01508,free,W11,2025-04-27,False,False,False,,,,,0.0
C01509,pro,W03,2025-01-30,False,False,False,,,,,0.0
C01509,pro,W03,2025-03-30,True,True,False,True,0.5744,coding_recommendation,59.4,0.0
C01509,pro,W03,2025-02-13,True,True,False,False,0.689,coding_recommendation,3.9,0.0
C01510,free,W10,2025-03-24,False,False,False,,,,,0.0
C01510,free,W10,2025-03-10,False,False,False,,,,,0.0
C01510,free,W10,2025-04-14,True,True,True,False,0.6143,diagnosis_suggestion,65.5,-29.16
C01511,pro,W02,2025-04-01,False,False,False,,,,,0.0
C01511,pro,W02,2025-03-13,True,True,True,True,0.9698,documentation_gap,4.8,190.07
C01511,pro,W02,2025-03-21,True,True,True,True,0.8594,diagnosis_suggestion,7.2,62.44
C01512,basic,W05,2025-04-03,True,True,False,False,0.7525,documentation_gap,35.4,0.0
C01512,basic,W05,2025-03-04,True,True,False,True,0.7529,quality_flag,11.4,0.0
C01512,basic,W05,2025-04-03,True,True,True,True,0.7999,diagnosis_suggestion,68.0,37.47
C01513,basic,W12,2025-03-30,False,False,False,,,,,0.0
C01513,basic,W12,2025-05-01,True,True,True,True,0.8584,coding_recommendation,4.7,90.89
C01513,basic,W12,2025-04-04,False,False,False,,,,,0.0
C01514,free,W08,2025-04-20,False,False,False,,,,,0.0
C01514,free,W08,2025-04-07,False,False,False,,,,,0.0
C01514,free,W08,2025-03-09,True,True,True,True,0.839,diagnosis_suggestion,39.1,30.62
C01515,basic,W06,2025-02-20,False,False,False,,,,,0.0
C01515,basic,W06,2025-04-06,True,False,False,False,0.4449,documentation_gap,,0.0
C01515,basic,W06,2025-03-25,True,True,True,True,0.8895,coding_recommendation,16.1,41.47
C01516,free,W08,2025-03-04,False,False,False,,,,,0.0
C01516,free,W08,2025-04-17,True,True,True,True,0.9478,documentation_gap,7.4,43.83
C01516,free,W08,2025-03-30,False,False,False,,,,,0.0
C01517,free,W01,2025-01-08,True,True,True,True,0.9722,diagnosis_suggestion,52.4,80.84
C01517,free,W01,2025-03-02,True,True,True,True,0.6807,quality_flag,11.0,27.53
C01517,free,W01,2025-03-23,False,False,False,,,,,0.0
C01518,basic,W09,2025-03-04,True,True,True,True,0.783,diagnosis_suggestion,7.1,34.82
C01518,basic,W09,2025-05-02,True,True,True,True,0.7138,quality_flag,108.1,43.98
C01518,basic,W09,2025-03-27,True,True,True,True,0.8976,documentation_gap,104.7,14.99
C01519,basic,W11,2025-03-18,True,True,True,True,0.7584,documentation_gap,40.5,139.29
C01519,basic,W11,2025-04-25,True,True,True,True,0.7384,coding_recommendation,22.0,39.95
C01519,basic,W11,2025-03-27,True,True,True,True,0.8718,diagnosis_suggestion,57.5,61.37
C01520,basic,W07,2025-02-26,False,False,False,,,,,0.0
C01520,basic,W07,2025-04-03,True,True,True,True,0.9257,documentation_gap,29.4,20.1
C01520,basic,W07,2025-02-13,True,True,False,False,0.5772,diagnosis_suggestion,23.5,0.0
C01521,basic,W04,2025-02-01,False,False,False,,,,,0.0
C01521,basic,W04,2025-03-05,True,True,False,False,0.7214,diagnosis_suggestion,23.2,0.0
C01521,basic,W04,2025-02-13,True,True,False,True,0.6584,coding_recommendation,9.3,0.0
C01522,free,W08,2025-03-26,True,False,False,False,0.4129,quality_flag,,0.0
C01522,free,W08,2025-04-06,True,True,True,True,0.5,quality_flag,20.1,111.55
C01522,free,W08,2025-05-01,False,False,False,,,,,0.0
C01523,basic,W07,2025-04-22,True,True,True,False,0.5699,documentation_gap,16.2,-56.29
C01523,basic,W07,2025-02-16,False,False,False,,,,,0.0
C01523,basic,W07,2025-03-19,False,False,False,,,,,0.0
C01524,basic,W11,2025-05-19,True,True,False,True,0.7809,diagnosis_suggestion,32.8,0.0
C01524,basic,W11,2025-03-31,True,True,True,True,0.9367,quality_flag,23.5,71.68
C01524,basic,W11,2025-04-09,False,False,False,,,,,0.0
C01525,free,W05,2025-02-25,False,False,False,,,,,0.0
C01525,free,W05,2025-03-12,True,True,True,True,0.7636,quality_flag,46.1,48.49
C01525,free,W05,2025-03-25,False,False,False,,,,,0.0
C01526,free,W05,2025-02-10,True,True,True,True,0.8982,coding_recommendation,24.2,34.2
C01526,free,W05,2025-04-12,False,False,False,,,,,0.0
C01526,free,W05,2025-02-14,True,True,True,False,0.6374,diagnosis_suggestion,16.3,-33.63
C01527,pro,W01,2025-01-13,True,True,True,True,0.6567,documentation_gap,23.7,39.46
C01527,pro,W01,2025-03-24,True,True,True,True,0.7886,quality_flag,8.0,36.28
C01527,pro,W01,2025-01-06,True,False,False,False,0.4183,coding_recommendation,,0.0
C01528,free,W09,2025-05-11,True,True,True,True,0.9231,diagnosis_suggestion,14.5,109.62
C01528,free,W09,2025-03-13,True,False,False,False,0.3919,diagnosis_suggestion,,0.0
C01528,free,W09,2025-05-15,True,False,False,False,0.4092,documentation_gap,,0.0
C01529,basic,W11,2025-04-21,True,True,True,True,0.7903,coding_recommendation,11.3,23.65
C01529,basic,W11,2025-05-23,True,True,True,True,0.9556,diagnosis_suggestion,42.1,97.77
C01529,basic,W11,2025-03-24,False,False,False,,,,,0.0
C01529,basic,W11,2025-04-27,False,False,False,,,,,0.0
C01530,free,W06,2025-02-07,True,True,True,True,0.8651,coding_recommendation,5.1,64.66
C01530,free,W06,2025-02-16,True,True,False,True,0.9042,diagnosis_suggestion,22.8,0.0
C01530,free,W06,2025-04-08,True,True,False,True,0.7476,quality_flag,28.9,0.0
C01531,free,W02,2025-02-02,False,False,False,,,,,0.0
C01531,free,W02,2025-02-15,False,False,False,,,,,0.0
C01531,free,W02,2025-02-25,False,False,False,,,,,0.0
C01532,pro,W08,2025-04-22,True,True,True,True,0.8709,diagnosis_suggestion,21.5,48.97
C01532,pro,W08,2025-04-26,True,True,True,True,0.813,quality_flag,6.2,154.32
C01532,pro,W08,2025-03-20,True,True,False,True,0.6659,diagnosis_suggestion,69.3,0.0
C01533,pro,W09,2025-04-11,True,True,True,True,0.8562,diagnosis_suggestion,15.7,25.92
C01533,pro,W09,2025-03-24,True,True,False,True,0.8788,documentation_gap,38.6,0.0
C01533,pro,W09,2025-03-22,True,True,False,True,0.8532,documentation_gap,19.3,0.0
C01534,pro,W04,2025-02-17,True,True,False,True,0.7887,documentation_gap,8.4,0.0
C01534,pro,W04,2025-04-03,False,False,False,,,,,0.0
C01534,pro,W04,2025-02-13,True,True,False,True,0.9097,quality_flag,14.9,0.0
C01535,pro,W07,2025-03-13,True,False,False,False,0.3,quality_flag,,0.0
C01535,pro,W07,2025-04-28,True,False,False,False,0.42,diagnosis_suggestion,,0.0
C01535,pro,W07,2025-05-04,True,True,True,False,0.6007,documentation_gap,16.6,-21.96
C01536,pro,W12,2025-04-10,True,True,False,True,0.7255,documentation_gap,8.9,0.0
C01536,pro,W12,2025-04-15,True,True,False,False,0.61,coding_recommendation,11.8,0.0
C01536,pro,W12,2025-05-01,False,False,False,,,,,0.0
C01537,free,W12,2025-04-01,True,True,True,True,0.7862,coding_recommendation,19.5,43.86
C01537,free,W12,2025-03-30,False,False,False,,,,,0.0
C01537,free,W12,2025-03-29,False,False,False,,,,,0.0
C01537,free,W12,2025-04-13,False,False,False,,,,,0.0
C01538,free,W07,2025-02-17,True,False,False,False,0.3,documentation_gap,,0.0
C01538,free,W07,2025-03-15,True,True,False,False,0.7511,documentation_gap,23.8,0.0
C01538,free,W07,2025-04-28,True,True,False,True,0.6637,diagnosis_suggestion,32.4,0.0
C01539,basic,W07,2025-03-09,True,True,False,False,0.6665,diagnosis_suggestion,21.4,0.0
C01539,basic,W07,2025-03-21,True,True,False,True,0.8483,diagnosis_suggestion,46.2,0.0
C01539,basic,W07,2025-03-06,True,True,True,True,0.7681,diagnosis_suggestion,15.4,54.71
C01539,basic,W07,2025-03-16,True,True,False,True,0.9102,diagnosis_suggestion,32.9,0.0
C01539,basic,W07,2025-03-13,True,True,True,True,0.8069,quality_flag,7.7,65.74
C01539,basic,W07,2025-03-05,True,True,True,False,0.5313,diagnosis_suggestion,16.8,-31.58
C01540,pro,W03,2025-02-01,True,True,True,True,0.7865,diagnosis_suggestion,133.1,24.92
C01540,pro,W03,2025-03-20,True,True,False,False,0.5948,documentation_gap,23.3,0.0
C01540,pro,W03,2025-03-12,False,False,False,,,,,0.0
C01540,pro,W03,2025-02-28,True,True,True,True,0.8061,coding_recommendation,18.6,16.56
C01541,free,W07,2025-03-22,True,False,False,False,0.3,documentation_gap,,0.0
C01541,free,W07,2025-02-13,True,True,True,True,0.7983,diagnosis_suggestion,10.6,36.17
C01541,free,W07,2025-04-14,False,False,False,,,,,0.0
C01542,free,W05,2025-02-06,True,True,True,False,0.5385,diagnosis_suggestion,37.9,-24.18
C01542,free,W05,2025-02-12,True,True,True,False,0.7026,quality_flag,10.4,-17.27
C01542,free,W05,2025-04-18,False,False,False,,,,,0.0
C01543,free,W12,2025-04-06,False,False,False,,,,,0.0
C01543,free,W12,2025-03-23,True,True,True,True,0.5951,diagnosis_suggestion,38.6,53.95
C01543,free,W12,2025-05-20,True,True,True,True,0.8747,documentation_gap,11.9,65.31
C01544,free,W12,2025-05-25,True,True,True,True,0.861,coding_recommendation,16.6,37.07
C01544,free,W12,2025-06-10,False,False,False,,,,,0.0
C01544,free,W12,2025-04-09,False,False,False,,,,,0.0
C01545,free,W07,2025-04-29,False,False,False,,,,,0.0
C01545,free,W07,2025-04-19,True,True,True,True,0.7534,coding_recommendation,18.2,45.26
C01545,free,W07,2025-04-22,False,False,False,,,,,0.0
C01546,free,W04,2025-02-04,True,True,True,True,0.767,diagnosis_suggestion,6.6,56.17
C01546,free,W04,2025-03-20,True,True,False,True,0.9408,diagnosis_suggestion,72.2,0.0
C01546,free,W04,2025-03-22,True,True,True,False,0.5629,diagnosis_suggestion,9.5,-16.41
C01547,pro,W12,2025-04-26,True,True,True,True,0.7142,documentation_gap,16.5,42.75
C01547,pro,W12,2025-04-02,True,True,True,True,0.7928,documentation_gap,18.1,77.3
C01547,pro,W12,2025-04-19,True,True,True,True,0.8552,coding_recommendation,39.6,52.12
C01548,free,W08,2025-03-20,False,False,False,,,,,0.0
C01548,free,W08,2025-04-20,False,False,False,,,,,0.0
C01548,free,W08,2025-04-06,True,True,True,True,0.7513,documentation_gap,20.8,42.88
C01549,free,W11,2025-06-02,True,True,True,True,0.7706,coding_recommendation,15.5,68.27
C01549,free,W11,2025-03-15,True,True,True,True,0.9033,diagnosis_suggestion,14.6,46.79
C01549,free,W11,2025-03-19,False,False,False,,,,,0.0
C01550,free,W04,2025-02-04,True,True,False,True,0.677,coding_recommendation,33.2,0.0
C01550,free,W04,2025-03-22,True,False,False,False,0.3,quality_flag,,0.0
C01550,free,W04,2025-03-21,True,True,False,True,0.5608,diagnosis_suggestion,36.3,0.0
C01550,free,W04,2025-02-17,False,False,False,,,,,0.0
C01550,free,W04,2025-02-21,True,True,False,True,0.8409,diagnosis_suggestion,19.3,0.0
C01550,free,W04,2025-04-10,False,False,False,,,,,0.0
C01550,free,W04,2025-03-10,False,False,False,,,,,0.0
C01550,free,W04,2025-03-07,True,True,True,True,0.8312,diagnosis_suggestion,22.3,21.88
C01550,free,W04,2025-03-16,True,True,False,True,0.6899,coding_recommendation,12.9,0.0
C01550,free,W04,2025-02-28,False,False,False,,,,,0.0
C01550,free,W04,2025-03-21,False,False,False,,,,,0.0
C01550,free,W04,2025-03-02,True,True,True,True,0.8219,coding_recommendation,11.7,31.72
C01551,free,W05,2025-02-18,True,True,False,True,0.6114,documentation_gap,33.2,0.0
C01551,free,W05,2025-02-03,False,False,False,,,,,0.0
C01551,free,W05,2025-03-12,True,True,True,True,0.8771,documentation_gap,34.3,47.88
C01552,basic,W10,2025-03-09,True,True,True,True,0.8449,coding_recommendation,8.0,27.28
C01552,basic,W10,2025-04-11,False,False,False,,,,,0.0
C01552,basic,W10,2025-04-06,True,True,False,True,0.8554,documentation_gap,15.7,0.0
C01553,free,W12,2025-04-30,False,False,False,,,,,0.0
C01553,free,W12,2025-05-03,False,False,False,,,,,0.0
C01553,free,W12,2025-04-04,True,True,True,True,0.7931,diagnosis_suggestion,55.6,46.82
C01554,pro,W07,2025-04-23,True,True,False,True,0.8965,documentation_gap,6.6,0.0
C01554,pro,W07,2025-02-21,True,True,False,True,0.8893,documentation_gap,72.1,0.0
C01554,pro,W07,2025-02-25,True,True,True,True,0.5849,documentation_gap,38.1,56.73
C01555,free,W02,2025-03-19,False,False,False,,,,,0.0
C01555,free,W02,2025-02-09,True,True,False,False,0.6644,coding_recommendation,49.0,0.0
C01555,free,W02,2025-01-30,False,False,False,,,,,0.0
C01555,free,W02,2025-03-31,False,False,False,,,,,0.0
C01556,basic,W07,2025-03-30,True,False,False,False,0.479,coding_recommendation,,0.0
C01556,basic,W07,2025-03-01,False,False,False,,,,,0.0
C01556,basic,W07,2025-04-19,False,False,False,,,,,0.0
C01557,free,W07,2025-02-19,True,True,False,True,0.6851,documentation_gap,184.1,0.0
C01557,free,W07,2025-02-20,True,True,False,True,0.9501,coding_recommendation,56.4,0.0
C01557,free,W07,2025-02-13,False,False,False,,,,,0.0
C01558,basic,W06,2025-04-24,False,False,False,,,,,0.0
C01558,basic,W06,2025-03-29,True,True,False,True,0.6062,quality_flag,29.4,0.0
C01558,basic,W06,2025-03-01,False,False,False,,,,,0.0
C01559,pro,W02,2025-01-16,True,True,True,True,0.6111,documentation_gap,35.1,20.2
C01559,pro,W02,2025-02-28,True,False,False,False,0.3894,coding_recommendation,,0.0
C01559,pro,W02,2025-01-27,True,True,False,True,0.9742,documentation_gap,10.8,0.0
C01559,pro,W02,2025-02-06,True,True,True,False,0.5528,coding_recommendation,15.7,-12.15
C01559,pro,W02,2025-01-11,False,False,False,,,,,0.0
C01559,pro,W02,2025-01-13,True,True,True,True,0.5369,quality_flag,9.1,39.73
C01559,pro,W02,2025-03-12,True,True,False,True,0.8571,documentation_gap,21.1,0.0
C01560,free,W08,2025-03-07,True,True,False,True,0.7845,documentation_gap,9.9,0.0
C01560,free,W08,2025-04-02,False,False,False,,,,,0.0
C01560,free,W08,2025-03-01,False,False,False,,,,,0.0
C01561,pro,W06,2025-04-14,True,True,False,True,0.7514,coding_recommendation,12.4,0.0
C01561,pro,W06,2025-04-13,True,True,True,True,0.7544,coding_recommendation,8.0,117.53
C01561,pro,W06,2025-04-27,True,True,True,True,0.8611,coding_recommendation,6.0,60.06
C01562,basic,W12,2025-04-20,True,True,False,True,0.8489,coding_recommendation,49.4,0.0
C01562,basic,W12,2025-05-04,True,True,True,True,0.8459,documentation_gap,8.4,21.82
C01562,basic,W12,2025-03-21,True,True,True,True,0.8074,quality_flag,34.5,98.34
C01563,basic,W01,2025-01-22,True,False,False,False,0.3,documentation_gap,,0.0
C01563,basic,W01,2025-03-07,True,True,True,True,0.801,documentation_gap,49.9,54.21
C01563,basic,W01,2025-02-13,True,True,False,True,0.8973,diagnosis_suggestion,50.0,0.0
C01564,free,W03,2025-04-04,True,True,False,True,0.9387,diagnosis_suggestion,23.2,0.0
C01564,free,W03,2025-03-19,True,True,True,True,0.9159,diagnosis_suggestion,28.0,97.65
C01564,free,W03,2025-03-02,False,False,False,,,,,0.0
C01565,free,W04,2025-01-29,True,True,True,True,0.8869,documentation_gap,20.0,65.66
C01565,free,W04,2025-04-15,False,False,False,,,,,0.0
C01565,free,W04,2025-03-01,True,True,True,True,0.9307,diagnosis_suggestion,38.2,36.35
C01566,free,W10,2025-04-01,True,True,False,True,0.6309,diagnosis_suggestion,4.2,0.0
C01566,free,W10,2025-04-02,False,False,False,,,,,0.0
C01566,free,W10,2025-05-06,True,True,False,True,0.7975,quality_flag,6.0,0.0
C01566,free,W10,2025-03-17,False,False,False,,,,,0.0
C01566,free,W10,2025-05-21,True,True,True,True,0.9175,diagnosis_suggestion,30.2,79.96
C01566,free,W10,2025-05-11,False,False,False,,,,,0.0
C01566,free,W10,2025-05-05,False,False,False,,,,,0.0
C01567,pro,W10,2025-04-16,True,True,True,True,0.5938,documentation_gap,36.2,87.92
C01567,pro,W10,2025-03-22,False,False,False,,,,,0.0
C01567,pro,W10,2025-04-13,True,True,True,True,0.9209,documentation_gap,17.3,75.21
C01568,basic,W08,2025-04-04,True,False,False,False,0.4172,documentation_gap,,0.0
C01568,basic,W08,2025-03-27,True,True,False,True,0.7634,coding_recommendation,5.2,0.0
C01568,basic,W08,2025-04-11,True,True,True,True,0.7173,quality_flag,3.7,68.81
C01569,basic,W07,2025-02-21,True,True,False,True,0.6061,diagnosis_suggestion,64.0,0.0
C01569,basic,W07,2025-04-29,False,False,False,,,,,0.0
C01569,basic,W07,2025-05-02,False,False,False,,,,,0.0
C01569,basic,W07,2025-03-05,True,True,True,True,0.905,diagnosis_suggestion,27.4,21.99
C01569,basic,W07,2025-04-08,True,True,True,True,0.7491,documentation_gap,42.9,47.53
C01569,basic,W07,2025-03-19,True,True,True,True,0.864,diagnosis_suggestion,57.3,118.06
C01569,basic,W07,2025-03-04,True,True,True,True,0.6875,documentation_gap,15.8,43.21
C01569,basic,W07,2025-03-12,False,False,False,,,,,0.0
C01569,basic,W07,2025-03-25,False,False,False,,,,,0.0
C01569,basic,W07,2025-02-20,True,False,False,False,0.4544,coding_recommendation,,0.0
C01570,free,W06,2025-04-02,True,True,False,True,0.8674,coding_recommendation,15.0,0.0
C01570,free,W06,2025-02-23,True,True,False,True,0.7499,diagnosis_suggestion,27.2,0.0
C01570,free,W06,2025-04-06,True,True,True,True,0.7098,documentation_gap,4.4,19.38
C01570,free,W06,2025-04-22,True,True,False,True,0.9195,documentation_gap,16.4,0.0
C01570,free,W06,2025-04-01,True,True,True,True,0.6968,coding_recommendation,53.8,81.58
C01570,free,W06,2025-03-31,False,False,False,,,,,0.0
C01570,free,W06,2025-03-17,True,False,False,False,0.3402,documentation_gap,,0.0
C01570,free,W06,2025-04-29,False,False,False,,,,,0.0
C01571,free,W10,2025-04-04,True,True,True,True,0.6501,quality_flag,22.1,57.78
C01571,free,W10,2025-03-29,False,False,False,,,,,0.0
C01571,free,W10,2025-05-02,True,True,True,True,0.6424,diagnosis_suggestion,36.4,27.02
C01572,free,W06,2025-02-17,False,False,False,,,,,0.0
C01572,free,W06,2025-04-07,False,False,False,,,,,0.0
C01572,free,W06,2025-04-21,True,True,False,True,0.9524,coding_recommendation,10.3,0.0
C01572,free,W06,2025-04-19,True,True,False,True,0.8231,documentation_gap,19.6,0.0
C01572,free,W06,2025-02-17,True,True,False,True,0.6418,coding_recommendation,11.5,0.0
C01572,free,W06,2025-04-24,False,False,False,,,,,0.0
C01572,free,W06,2025-04-28,False,False,False,,,,,0.0
C01572,free,W06,2025-04-01,False,False,False,,,,,0.0
C01573,free,W12,2025-05-15,False,False,False,,,,,0.0
C01573,free,W12,2025-04-06,False,False,False,,,,,0.0
C01573,free,W12,2025-04-25,True,True,True,True,0.8197,documentation_gap,45.7,63.8
C01574,free,W10,2025-05-12,True,True,True,True,0.8759,diagnosis_suggestion,10.5,18.94
C01574,free,W10,2025-03-20,False,False,False,,,,,0.0
C01574,free,W10,2025-03-23,False,False,False,,,,,0.0
C01575,basic,W09,2025-03-04,True,False,False,False,0.3427,diagnosis_suggestion,,0.0
C01575,basic,W09,2025-04-13,True,True,True,True,0.8016,coding_recommendation,73.4,17.07
C01575,basic,W09,2025-03-03,False,False,False,,,,,0.0
C01576,basic,W12,2025-05-11,True,True,True,True,0.7138,documentation_gap,8.7,41.13
C01576,basic,W12,2025-06-04,True,True,True,True,0.6952,coding_recommendation,4.6,86.38
C01576,basic,W12,2025-04-23,True,True,True,True,0.7892,coding_recommendation,20.9,35.95
C01577,free,W12,2025-04-19,False,False,False,,,,,0.0
C01577,free,W12,2025-06-06,False,False,False,,,,,0.0
C01577,free,W12,2025-04-06,False,False,False,,,,,0.0
C01578,free,W05,2025-03-17,True,True,False,False,0.6431,documentation_gap,46.0,0.0
C01578,free,W05,2025-03-26,True,True,False,True,0.8395,quality_flag,11.8,0.0
C01578,free,W05,2025-04-05,False,False,False,,,,,0.0
C01578,free,W05,2025-04-15,True,True,True,True,0.8015,diagnosis_suggestion,2.0,52.12
C01579,pro,W03,2025-03-12,True,True,True,True,0.6554,quality_flag,12.4,52.39
C01579,pro,W03,2025-03-01,True,True,True,False,0.7127,quality_flag,79.9,-48.29
C01579,pro,W03,2025-02-09,True,True,True,True,0.7011,diagnosis_suggestion,88.2,48.22
C01579,pro,W03,2025-01-18,True,True,True,True,0.9502,diagnosis_suggestion,101.1,51.64
C01580,free,W11,2025-05-03,False,False,False,,,,,0.0
C01580,free,W11,2025-05-29,True,True,True,True,0.9729,documentation_gap,19.7,44.52
C01580,free,W11,2025-04-04,True,True,True,True,0.8689,quality_flag,62.9,72.43
C01581,pro,W01,2025-01-07,False,False,False,,,,,0.0
C01581,pro,W01,2025-01-10,True,False,False,False,0.3322,diagnosis_suggestion,,0.0
C01581,pro,W01,2025-03-01,True,True,True,True,0.7621,quality_flag,9.4,103.88
C01581,pro,W01,2025-03-15,True,True,True,True,0.962,diagnosis_suggestion,10.1,75.54
C01581,pro,W01,2025-02-01,True,True,False,True,0.9288,diagnosis_suggestion,10.3,0.0
C01582,free,W02,2025-01-25,True,True,True,True,0.9552,diagnosis_suggestion,12.8,50.82
C01582,free,W02,2025-01-16,True,True,True,True,0.6863,coding_recommendation,8.8,78.25
C01582,free,W02,2025-03-31,False,False,False,,,,,0.0
C01583,basic,W07,2025-03-27,True,True,True,False,0.5424,coding_recommendation,14.1,-32.83
C01583,basic,W07,2025-03-28,False,False,False,,,,,0.0
C01583,basic,W07,2025-02-24,True,True,True,True,0.8662,quality_flag,28.8,41.3
C01584,pro,W12,2025-04-01,True,True,False,True,0.7023,diagnosis_suggestion,19.6,0.0
C01584,pro,W12,2025-05-08,True,True,True,True,0.5781,coding_recommendation,25.0,71.86
C01584,pro,W12,2025-05-10,False,False,False,,,,,0.0
C01585,basic,W02,2025-04-01,True,True,True,True,0.9402,coding_recommendation,17.4,33.53
C01585,basic,W02,2025-01-26,True,True,True,True,0.8345,quality_flag,50.2,109.56
C01585,basic,W02,2025-02-01,True,True,False,True,0.8554,diagnosis_suggestion,4.8,0.0
C01586,pro,W12,2025-05-24,True,True,True,True,0.8123,coding_recommendation,17.3,47.58
C01586,pro,W12,2025-06-01,True,True,True,True,0.674,documentation_gap,9.5,39.7
C01586,pro,W12,2025-03-31,True,True,True,False,0.541,coding_recommendation,13.9,-14.84
C01587,free,W09,2025-04-05,True,True,False,True,0.607,diagnosis_suggestion,19.8,0.0
C01587,free,W09,2025-04-09,False,False,False,,,,,0.0
C01587,free,W09,2025-03-14,False,False,False,,,,,0.0
C01588,free,W01,2025-03-25,True,True,True,True,0.6962,documentation_gap,78.8,89.59
C01588,free,W01,2025-01-30,False,False,False,,,,,0.0
C01588,free,W01,2025-02-22,True,True,False,True,0.867,coding_recommendation,13.3,0.0
C01589,pro,W04,2025-04-05,True,True,False,True,0.6887,documentation_gap,43.3,0.0
C01589,pro,W04,2025-04-12,True,True,True,True,0.949,documentation_gap,8.8,71.0
C01589,pro,W04,2025-02-10,True,True,True,False,0.7994,quality_flag,12.3,-27.23
C01590,free,W08,2025-04-24,False,False,False,,,,,0.0
C01590,free,W08,2025-05-13,True,True,True,True,0.7786,diagnosis_suggestion,9.7,75.88
C01590,free,W08,2025-04-14,True,True,False,True,0.8003,diagnosis_suggestion,31.6,0.0
C01591,pro,W11,2025-03-25,True,True,True,True,0.7426,quality_flag,5.7,49.36
C01591,pro,W11,2025-04-30,True,True,True,True,0.7484,coding_recommendation,30.2,67.01
C01591,pro,W11,2025-03-22,True,True,True,True,0.9636,documentation_gap,23.2,25.35
C01592,free,W12,2025-06-06,False,False,False,,,,,0.0
C01592,free,W12,2025-06-02,False,False,False,,,,,0.0
C01592,free,W12,2025-05-17,False,False,False,,,,,0.0
C01592,free,W12,2025-05-11,False,False,False,,,,,0.0
C01592,free,W12,2025-03-30,False,False,False,,,,,0.0
C01592,free,W12,2025-06-05,False,False,False,,,,,0.0
C01593,free,W08,2025-04-04,False,False,False,,,,,0.0
C01593,free,W08,2025-04-24,False,False,False,,,,,0.0
C01593,free,W08,2025-03-09,False,False,False,,,,,0.0
C01594,free,W04,2025-02-13,False,False,False,,,,,0.0
C01594,free,W04,2025-02-20,True,False,False,False,0.3512,quality_flag,,0.0
C01594,free,W04,2025-04-07,True,True,False,True,0.8798,documentation_gap,11.7,0.0
C01595,free,W12,2025-05-26,False,False,False,,,,,0.0
C01595,free,W12,2025-03-30,True,True,False,True,0.6984,coding_recommendation,21.8,0.0
C01595,free,W12,2025-06-02,False,False,False,,,,,0.0
C01596,basic,W12,2025-04-18,True,True,True,True,0.7408,quality_flag,44.5,109.48
C01596,basic,W12,2025-05-05,False,False,False,,,,,0.0
C01596,basic,W12,2025-03-21,True,True,False,True,0.5,quality_flag,9.9,0.0
C01596,basic,W12,2025-05-07,True,True,True,True,0.8153,coding_recommendation,7.7,66.65
C01596,basic,W12,2025-04-22,True,True,True,True,0.7229,diagnosis_suggestion,41.6,74.68
C01597,basic,W04,2025-02-04,True,False,False,False,0.3,diagnosis_suggestion,,0.0
C01597,basic,W04,2025-01-23,True,True,False,True,0.7938,documentation_gap,63.2,0.0
C01597,basic,W04,2025-01-22,True,False,False,False,0.4346,coding_recommendation,,0.0
C01598,free,W04,2025-02-14,True,False,False,False,0.4315,coding_recommendation,,0.0
C01598,free,W04,2025-02-15,True,True,True,True,0.8854,diagnosis_suggestion,20.3,75.44
C01598,free,W04,2025-01-30,True,True,True,True,0.7616,diagnosis_suggestion,4.9,24.4
C01599,pro,W01,2025-02-23,True,False,False,False,0.4493,documentation_gap,,0.0
C01599,pro,W01,2025-01-27,True,True,True,True,0.6708,quality_flag,9.9,63.64
C01599,pro,W01,2025-03-18,True,True,False,False,0.5795,quality_flag,37.6,0.0
C01600,free,W03,2025-02-19,True,True,False,False,0.6337,diagnosis_suggestion,26.7,0.0
C01600,free,W03,2025-03-04,False,False,False,,,,,0.0
C01600,free,W03,2025-04-04,False,False,False,,,,,0.0
C01601,free,W03,2025-03-15,True,True,False,True,0.9191,documentation_gap,10.6,0.0
C01601,free,W03,2025-03-30,True,True,False,True,0.8268,diagnosis_suggestion,12.5,0.0
C01601,free,W03,2025-02-27,True,True,True,True,0.9059,diagnosis_suggestion,6.9,96.76
C01601,free,W03,2025-01-31,False,False,False,,,,,0.0
C01601,free,W03,2025-02-10,True,True,True,False,0.5004,diagnosis_suggestion,22.7,-26.42
C01601,free,W03,2025-02-11,True,True,False,True,0.6955,coding_recommendation,3.7,0.0
C01601,free,W03,2025-02-03,True,True,True,True,0.6499,quality_flag,11.7,50.81
C01601,free,W03,2025-01-16,False,False,False,,,,,0.0
C01601,free,W03,2025-03-28,False,False,False,,,,,0.0
C01601,free,W03,2025-04-07,True,True,False,True,0.5,coding_recommendation,50.5,0.0
C01601,free,W03,2025-02-22,True,True,False,True,0.7297,coding_recommendation,85.5,0.0
C01601,free,W03,2025-01-23,True,True,True,True,0.7703,coding_recommendation,32.0,62.31
C01602,free,W05,2025-04-05,True,True,False,True,0.8612,documentation_gap,17.2,0.0
C01602,free,W05,2025-03-27,False,False,False,,,,,0.0
C01602,free,W05,2025-02-19,True,True,True,True,0.863,diagnosis_suggestion,90.6,48.67
C01603,pro,W08,2025-04-17,True,True,True,True,0.8327,documentation_gap,8.7,125.1
C01603,pro,W08,2025-05-03,True,True,True,True,0.6509,coding_recommendation,38.9,24.74
C01603,pro,W08,2025-03-17,True,True,True,True,0.7033,quality_flag,97.9,28.83
C01603,pro,W08,2025-03-26,True,False,False,False,0.331,coding_recommendation,,0.0
C01603,pro,W08,2025-03-15,True,False,False,False,0.3,documentation_gap,,0.0
C01603,pro,W08,2025-04-13,True,False,False,False,0.3,diagnosis_suggestion,,0.0
C01603,pro,W08,2025-05-08,True,True,True,True,0.7859,diagnosis_suggestion,13.6,74.29
C01603,pro,W08,2025-04-13,False,False,False,,,,,0.0
C01604,free,W05,2025-02-11,True,False,False,False,0.4337,diagnosis_suggestion,,0.0
C01604,free,W05,2025-04-17,True,True,True,True,0.8763,coding_recommendation,11.9,55.68
C01604,free,W05,2025-02-13,True,False,False,False,0.3005,documentation_gap,,0.0
C01605,basic,W04,2025-04-08,True,True,True,True,0.5366,coding_recommendation,10.3,35.97
C01605,basic,W04,2025-02-19,True,True,True,True,0.8998,coding_recommendation,19.6,57.15
C01605,basic,W04,2025-03-28,True,True,True,True,0.8369,documentation_gap,17.1,17.87
C01606,free,W07,2025-04-16,True,True,True,True,0.9446,quality_flag,30.1,22.08
C01606,free,W07,2025-03-19,False,False,False,,,,,0.0
C01606,free,W07,2025-04-04,False,False,False,,,,,0.0
C01607,free,W01,2025-03-11,False,False,False,,,,,0.0
C01607,free,W01,2025-02-05,False,False,False,,,,,0.0
C01607,free,W01,2025-01-09,True,True,True,True,0.6305,diagnosis_suggestion,51.7,122.7
C01608,free,W06,2025-04-22,False,False,False,,,,,0.0
C01608,free,W06,2025-04-17,True,False,False,False,0.3888,diagnosis_suggestion,,0.0
C01608,free,W06,2025-04-03,True,True,False,True,0.6892,coding_recommendation,10.0,0.0
C01609,free,W09,2025-04-10,False,False,False,,,,,0.0
C01609,free,W09,2025-04-21,True,True,False,False,0.576,coding_recommendation,56.5,0.0
C01609,free,W09,2025-03-29,False,False,False,,,,,0.0
C01610,basic,W02,2025-03-17,True,True,False,True,0.8514,documentation_gap,75.5,0.0
C01610,basic,W02,2025-01-29,False,False,False,,,,,0.0
C01610,basic,W02,2025-01-17,True,True,True,True,0.9391,documentation_gap,19.7,28.09
C01611,free,W09,2025-03-16,True,True,True,True,0.8831,diagnosis_suggestion,2.9,113.68
C01611,free,W09,2025-04-30,False,False,False,,,,,0.0
C01611,free,W09,2025-03-31,True,True,False,True,0.6837,coding_recommendation,4.2,0.0
C01612,basic,W07,2025-03-27,True,False,False,False,0.3,documentation_gap,,0.0
C01612,basic,W07,2025-02-12,False,False,False,,,,,0.0
C01612,basic,W07,2025-02-25,True,True,True,True,0.8445,documentation_gap,54.9,100.43
C01613,basic,W07,2025-03-30,True,True,True,True,0.7796,diagnosis_suggestion,2.8,44.64
C01613,basic,W07,2025-02-21,False,False,False,,,,,0.0
C01613,basic,W07,2025-05-02,True,True,True,False,0.7075,coding_recommendation,17.6,-15.71
C01614,basic,W04,2025-01-29,True,True,True,False,0.6234,coding_recommendation,8.2,-56.88
C01614,basic,W04,2025-02-12,True,True,True,True,0.9822,documentation_gap,33.3,29.35
C01614,basic,W04,2025-02-15,True,True,True,True,0.7451,coding_recommendation,20.6,83.16
C01615,free,W10,2025-03-12,False,False,False,,,,,0.0
C01615,free,W10,2025-03-27,True,True,True,False,0.7064,documentation_gap,4.2,-12.48
C01615,free,W10,2025-05-14,True,True,False,True,0.7683,documentation_gap,13.1,0.0
C01616,pro,W05,2025-03-28,True,True,True,True,0.7204,coding_recommendation,11.0,63.19
C01616,pro,W05,2025-03-21,False,False,False,,,,,0.0
C01616,pro,W05,2025-04-09,False,False,False,,,,,0.0
C01617,basic,W12,2025-04-25,True,True,True,True,0.7383,diagnosis_suggestion,26.4,32.72
C01617,basic,W12,2025-04-14,False,False,False,,,,,0.0
C01617,basic,W12,2025-04-06,True,True,False,True,0.642,diagnosis_suggestion,34.3,0.0
C01618,free,W06,2025-02-26,True,True,True,True,0.8123,coding_recommendation,13.6,199.99
C01618,free,W06,2025-02-05,False,False,False,,,,,0.0
C01618,free,W06,2025-04-29,True,True,False,True,0.7986,documentation_gap,19.3,0.0
C01619,free,W06,2025-03-16,True,True,True,False,0.5092,diagnosis_suggestion,28.7,-19.72
C01619,free,W06,2025-03-11,True,True,True,True,0.9176,diagnosis_suggestion,7.1,53.85
C01619,free,W06,2025-04-10,True,True,False,False,0.8336,coding_recommendation,26.6,0.0
C01619,free,W06,2025-03-05,True,True,True,True,0.8933,diagnosis_suggestion,14.8,62.13
C01619,free,W06,2025-04-03,False,False,False,,,,,0.0
C01619,free,W06,2025-02-21,True,True,False,True,0.7093,quality_flag,24.3,0.0
C01619,free,W06,2025-02-13,True,True,True,False,0.6289,documentation_gap,23.5,-27.29
C01620,pro,W08,2025-04-27,True,True,False,False,0.642,quality_flag,18.8,0.0
C01620,pro,W08,2025-03-16,True,True,True,True,0.5348,diagnosis_suggestion,35.8,117.54
C01620,pro,W08,2025-02-21,True,False,False,False,0.3002,diagnosis_suggestion,,0.0
C01620,pro,W08,2025-05-08,False,False,False,,,,,0.0
C01621,free,W10,2025-03-23,False,False,False,,,,,0.0
C01621,free,W10,2025-05-03,True,True,True,True,0.9514,documentation_gap,23.6,89.86
C01621,free,W10,2025-03-28,True,True,False,True,0.8574,documentation_gap,26.3,0.0
C01622,pro,W12,2025-05-31,False,False,False,,,,,0.0
C01622,pro,W12,2025-05-31,True,False,False,False,0.3172,documentation_gap,,0.0
C01622,pro,W12,2025-04-10,True,True,True,True,0.9815,diagnosis_suggestion,119.9,66.92
C01623,free,W05,2025-03-22,False,False,False,,,,,0.0
C01623,free,W05,2025-02-11,True,True,True,True,0.9309,documentation_gap,56.5,20.09
C01623,free,W05,2025-03-21,True,True,False,True,0.9606,coding_recommendation,52.3,0.0
C01624,basic,W10,2025-03-07,False,False,False,,,,,0.0
C01624,basic,W10,2025-05-26,True,True,True,True,0.8936,documentation_gap,5.5,63.46
C01624,basic,W10,2025-04-24,True,True,True,True,0.7392,diagnosis_suggestion,24.2,65.23
C01625,basic,W04,2025-01-25,False,False,False,,,,,0.0
C01625,basic,W04,2025-04-12,True,True,True,True,0.8806,diagnosis_suggestion,29.0,54.92
C01625,basic,W04,2025-03-21,True,True,False,False,0.6611,diagnosis_suggestion,25.1,0.0
C01626,pro,W11,2025-04-21,True,True,True,True,0.732,documentation_gap,18.7,25.05
C01626,pro,W11,2025-04-09,True,True,False,True,0.7569,coding_recommendation,32.5,0.0
C01626,pro,W11,2025-04-28,True,True,True,True,0.8018,diagnosis_suggestion,33.3,60.01
C01627,basic,W08,2025-05-03,True,True,True,True,0.89,diagnosis_suggestion,22.9,72.86
C01627,basic,W08,2025-04-17,True,True,True,True,0.8093,diagnosis_suggestion,43.5,45.31
C01627,basic,W08,2025-04-25,False,False,False,,,,,0.0
C01628,pro,W10,2025-05-11,True,True,True,True,0.9045,diagnosis_suggestion,28.4,49.44
C01628,pro,W10,2025-03-30,True,True,True,True,0.9175,documentation_gap,10.9,81.65
C01628,pro,W10,2025-03-19,False,False,False,,,,,0.0
C01629,free,W08,2025-04-18,True,False,False,False,0.4714,diagnosis_suggestion,,0.0
C01629,free,W08,2025-03-08,True,True,False,True,0.9652,coding_recommendation,13.9,0.0
C01629,free,W08,2025-03-13,False,False,False,,,,,0.0
C01630,pro,W11,2025-03-15,True,True,True,True,0.9462,quality_flag,20.2,41.5
C01630,pro,W11,2025-03-29,True,True,False,True,0.8894,coding_recommendation,56.6,0.0
C01630,pro,W11,2025-04-09,True,True,True,True,0.9642,quality_flag,31.4,39.62
C01630,pro,W11,2025-05-30,True,True,False,True,0.7589,diagnosis_suggestion,5.5,0.0
C01631,free,W03,2025-02-09,True,True,False,True,0.7615,diagnosis_suggestion,43.3,0.0
C01631,free,W03,2025-03-22,True,True,True,True,0.8844,documentation_gap,9.1,48.14
C01631,free,W03,2025-01-29,True,True,True,True,0.8788,coding_recommendation,35.0,84.1
C01632,free,W02,2025-01-08,False,False,False,,,,,0.0
C01632,free,W02,2025-03-15,True,True,False,True,0.8002,coding_recommendation,14.8,0.0
C01632,free,W02,2025-02-06,True,True,True,True,0.8602,diagnosis_suggestion,20.9,109.64
C01633,basic,W01,2025-03-19,True,True,False,True,0.8281,diagnosis_suggestion,24.5,0.0
C01633,basic,W01,2025-01-02,True,True,True,True,0.8281,diagnosis_suggestion,7.0,51.55
C01633,basic,W01,2025-02-15,True,True,False,False,0.6267,documentation_gap,49.0,0.0
C01634,basic,W01,2025-03-25,True,True,True,True,0.6741,coding_recommendation,56.9,170.02
C01634,basic,W01,2025-03-15,True,True,True,False,0.819,coding_recommendation,64.9,-19.11
C01634,basic,W01,2025-03-06,True,True,True,True,0.5,diagnosis_suggestion,26.3,68.02
C01635,free,W04,2025-04-08,False,False,False,,,,,0.0
C01635,free,W04,2025-01-22,True,True,True,True,0.9557,diagnosis_suggestion,59.0,53.31
C01635,free,W04,2025-03-14,True,True,True,True,0.9668,coding_recommendation,33.6,94.17
C01636,free,W10,2025-05-07,True,True,True,True,0.734,diagnosis_suggestion,7.9,100.57
C01636,free,W10,2025-03-07,False,False,False,,,,,0.0
C01636,free,W10,2025-05-23,True,True,True,True,0.8477,diagnosis_suggestion,23.6,172.0
C01637,free,W02,2025-01-15,True,True,True,True,0.7895,documentation_gap,23.4,70.27
C01637,free,W02,2025-03-15,False,False,False,,,,,0.0
C01637,free,W02,2025-03-23,False,False,False,,,,,0.0
C01638,basic,W03,2025-02-04,True,True,False,True,0.8189,quality_flag,26.8,0.0
C01638,basic,W03,2025-03-30,True,True,True,True,0.7922,coding_recommendation,8.1,61.81
C01638,basic,W03,2025-03-12,True,True,True,False,0.7658,diagnosis_suggestion,19.3,-13.12
C01639,free,W03,2025-02-27,True,False,False,False,0.3605,quality_flag,,0.0
C01639,free,W03,2025-03-10,True,True,False,True,0.9621,coding_recommendation,35.7,0.0
C01639,free,W03,2025-03-30,False,False,False,,,,,0.0
C01640,basic,W07,2025-04-02,False,False,False,,,,,0.0
C01640,basic,W07,2025-02-27,True,True,False,True,0.7966,diagnosis_suggestion,9.7,0.0
C01640,basic,W07,2025-04-14,True,True,False,True,0.747,diagnosis_suggestion,26.4,0.0
C01641,pro,W06,2025-03-02,True,False,False,False,0.3005,coding_recommendation,,0.0
C01641,pro,W06,2025-02-13,True,True,False,False,0.5663,quality_flag,6.6,0.0
C01641,pro,W06,2025-02-06,True,True,False,True,0.5343,diagnosis_suggestion,116.3,0.0
C01641,pro,W06,2025-02-06,True,True,True,True,0.9682,coding_recommendation,19.9,77.89
C01641,pro,W06,2025-02-25,True,True,True,True,0.8305,documentation_gap,36.2,73.03
C01641,pro,W06,2025-03-06,True,True,True,True,0.9267,diagnosis_suggestion,37.7,57.12
C01642,basic,W11,2025-05-03,False,False,False,,,,,0.0
C01642,basic,W11,2025-05-05,True,True,True,True,0.963,coding_recommendation,8.8,30.45
C01642,basic,W11,2025-05-28,True,True,True,True,0.7921,coding_recommendation,56.2,36.42
C01643,basic,W05,2025-03-27,True,True,False,True,0.9147,diagnosis_suggestion,4.1,0.0
C01643,basic,W05,2025-03-05,True,True,True,False,0.6293,coding_recommendation,28.0,-35.36
C01643,basic,W05,2025-02-18,True,True,True,True,0.7368,diagnosis_suggestion,19.9,55.65
C01644,free,W09,2025-05-18,True,True,True,True,0.7694,diagnosis_suggestion,13.2,56.75
C01644,free,W09,2025-05-02,True,True,True,True,0.8377,coding_recommendation,7.1,33.27
C01644,free,W09,2025-04-10,True,True,True,True,0.7908,coding_recommendation,6.9,25.61
C01645,basic,W04,2025-01-28,True,True,True,True,0.7772,coding_recommendation,27.3,86.53
C01645,basic,W04,2025-01-28,True,True,True,True,0.8208,documentation_gap,78.2,53.93
C01645,basic,W04,2025-03-17,True,True,False,True,0.9411,diagnosis_suggestion,48.3,0.0
C01646,basic,W12,2025-05-05,True,True,False,True,0.5733,diagnosis_suggestion,29.8,0.0
C01646,basic,W12,2025-05-18,True,True,True,True,0.7578,diagnosis_suggestion,30.6,58.92
C01646,basic,W12,2025-03-19,True,True,True,True,0.7025,coding_recommendation,36.9,53.56
C01647,basic,W10,2025-05-06,False,False,False,,,,,0.0
C01647,basic,W10,2025-05-20,True,True,True,True,0.7843,documentation_gap,3.3,21.96
C01647,basic,W10,2025-03-13,True,True,True,True,0.8535,diagnosis_suggestion,25.6,83.65
C01647,basic,W10,2025-05-15,True,True,True,True,0.9627,coding_recommendation,136.2,22.01
C01648,free,W03,2025-02-24,False,False,False,,,,,0.0
C01648,free,W03,2025-02-28,True,True,True,True,0.7779,quality_flag,109.5,45.86
C01648,free,W03,2025-04-05,False,False,False,,,,,0.0
C01649,pro,W07,2025-03-18,True,True,False,False,0.6954,documentation_gap,66.4,0.0
C01649,pro,W07,2025-03-31,True,True,True,True,0.9253,diagnosis_suggestion,38.6,29.94
C01649,pro,W07,2025-02-19,True,True,False,True,0.8702,documentation_gap,6.0,0.0
C01650,free,W07,2025-02-17,True,True,True,False,0.7003,coding_recommendation,24.4,-17.41
C01650,free,W07,2025-04-24,True,True,False,True,0.6922,diagnosis_suggestion,10.4,0.0
C01650,free,W07,2025-04-13,True,True,True,True,0.9343,coding_recommendation,26.0,45.72
C01651,basic,W02,2025-01-18,True,True,False,True,0.6534,quality_flag,11.2,0.0
C01651,basic,W02,2025-01-19,False,False,False,,,,,0.0
C01651,basic,W02,2025-03-04,False,False,False,,,,,0.0
C01652,basic,W09,2025-03-31,True,True,True,True,0.7705,coding_recommendation,58.7,108.56
C01652,basic,W09,2025-05-05,False,False,False,,,,,0.0
C01652,basic,W09,2025-04-30,True,True,True,True,0.7557,diagnosis_suggestion,46.9,93.2
C01653,free,W08,2025-04-13,True,True,False,True,0.8943,diagnosis_suggestion,15.0,0.0
C01653,free,W08,2025-03-21,True,True,True,True,0.8014,coding_recommendation,10.2,65.4
C01653,free,W08,2025-02-27,False,False,False,,,,,0.0
C01654,free,W01,2025-02-14,False,False,False,,,,,0.0
C01654,free,W01,2025-03-07,True,True,False,True,0.8301,diagnosis_suggestion,11.1,0.0
C01654,free,W01,2025-02-11,True,True,True,False,0.5122,diagnosis_suggestion,17.3,-22.46
C01654,free,W01,2025-03-15,False,False,False,,,,,0.0
C01655,basic,W02,2025-02-10,False,False,False,,,,,0.0
C01655,basic,W02,2025-03-10,True,True,False,True,0.7948,diagnosis_suggestion,26.9,0.0
C01655,basic,W02,2025-02-02,False,False,False,,,,,0.0
C01656,free,W11,2025-05-29,False,False,False,,,,,0.0
C01656,free,W11,2025-04-13,True,True,True,True,0.9423,coding_recommendation,29.1,57.02
C01656,free,W11,2025-05-27,True,True,True,True,0.8389,documentation_gap,11.7,36.28
C01657,pro,W02,2025-01-24,True,True,True,False,0.5474,quality_flag,14.8,-23.98
C01657,pro,W02,2025-03-27,True,True,True,True,0.839,coding_recommendation,8.1,46.01
C01657,pro,W02,2025-03-29,True,True,False,True,0.9849,documentation_gap,18.9,0.0
C01658,free,W08,2025-05-09,True,True,False,True,0.8241,documentation_gap,37.0,0.0
C01658,free,W08,2025-02-25,True,True,False,True,0.5892,documentation_gap,14.8,0.0
C01658,free,W08,2025-03-03,True,True,True,True,0.6438,diagnosis_suggestion,43.4,124.02
C01658,free,W08,2025-03-09,False,False,False,,,,,0.0
C01658,free,W08,2025-03-19,True,True,True,True,0.9502,diagnosis_suggestion,33.1,85.52
C01659,pro,W11,2025-05-19,True,True,True,True,0.7972,diagnosis_suggestion,57.0,101.4
C01659,pro,W11,2025-04-12,True,True,False,True,0.841,diagnosis_suggestion,36.2,0.0
C01659,pro,W11,2025-03-23,False,False,False,,,,,0.0
C01660,free,W03,2025-01-16,False,False,False,,,,,0.0
C01660,free,W03,2025-02-23,True,True,True,True,0.8766,documentation_gap,8.7,145.3
C01660,free,W03,2025-04-08,False,False,False,,,,,0.0
C01661,free,W07,2025-04-15,True,True,True,False,0.6872,quality_flag,15.6,-18.32
C01661,free,W07,2025-03-16,False,False,False,,,,,0.0
C01661,free,W07,2025-03-30,True,True,True,True,0.7457,diagnosis_suggestion,10.7,49.59
C01662,pro,W10,2025-04-15,True,False,False,False,0.3,diagnosis_suggestion,,0.0
C01662,pro,W10,2025-04-24,True,True,True,True,0.9361,diagnosis_suggestion,34.2,26.2
C01662,pro,W10,2025-04-18,True,True,True,True,0.8448,coding_recommendation,79.8,94.53
C01662,pro,W10,2025-04-19,True,False,False,False,0.3832,coding_recommendation,,0.0
C01663,pro,W06,2025-04-20,False,False,False,,,,,0.0
C01663,pro,W06,2025-03-13,True,True,False,True,0.773,documentation_gap,15.8,0.0
C01663,pro,W06,2025-03-31,True,False,False,False,0.4171,documentation_gap,,0.0
C01664,free,W02,2025-01-18,False,False,False,,,,,0.0
C01664,free,W02,2025-02-21,False,False,False,,,,,0.0
C01664,free,W02,2025-02-13,False,False,False,,,,,0.0
C01665,pro,W09,2025-03-16,False,False,False,,,,,0.0
C01665,pro,W09,2025-03-25,False,False,False,,,,,0.0
C01665,pro,W09,2025-03-01,True,True,True,True,0.724,diagnosis_suggestion,10.2,125.28
C01666,free,W09,2025-05-16,False,False,False,,,,,0.0
C01666,free,W09,2025-03-18,True,True,True,True,0.9229,coding_recommendation,52.4,46.58
C01666,free,W09,2025-05-02,True,True,True,True,0.8107,diagnosis_suggestion,34.8,90.89
C01667,free,W07,2025-04-01,False,False,False,,,,,0.0
C01667,free,W07,2025-04-20,False,False,False,,,,,0.0
C01667,free,W07,2025-04-06,False,False,False,,,,,0.0
C01667,free,W07,2025-03-13,True,True,True,False,0.7076,quality_flag,9.1,-8.78
C01667,free,W07,2025-05-02,True,True,True,True,0.6867,diagnosis_suggestion,21.2,24.23
C01667,free,W07,2025-03-31,True,True,True,True,0.7269,diagnosis_suggestion,33.3,31.21
C01667,free,W07,2025-04-06,True,True,True,True,0.7232,diagnosis_suggestion,9.2,125.58
C01668,basic,W04,2025-03-21,True,True,True,True,0.9299,quality_flag,28.9,29.24
C01668,basic,W04,2025-03-26,False,False,False,,,,,0.0
C01668,basic,W04,2025-02-14,True,True,False,True,0.8713,coding_recommendation,12.3,0.0
C01668,basic,W04,2025-01-31,False,False,False,,,,,0.0
C01668,basic,W04,2025-03-26,True,True,True,True,0.6499,quality_flag,30.8,30.07
C01669,free,W01,2025-01-09,True,False,False,False,0.3124,diagnosis_suggestion,,0.0
C01669,free,W01,2025-02-18,True,True,True,False,0.6455,quality_flag,20.9,-25.41
C01669,free,W01,2025-01-19,False,False,False,,,,,0.0
C01670,free,W08,2025-05-09,True,True,False,True,0.5701,diagnosis_suggestion,21.7,0.0
C01670,free,W08,2025-05-13,True,True,True,True,0.7853,coding_recommendation,7.9,147.19
C01670,free,W08,2025-04-02,True,True,True,True,0.9791,quality_flag,29.1,63.94
C01671,free,W09,2025-05-11,False,False,False,,,,,0.0
C01671,free,W09,2025-04-13,True,True,True,True,0.91,documentation_gap,15.8,39.63
C01671,free,W09,2025-04-16,False,False,False,,,,,0.0
C01672,free,W08,2025-04-16,False,False,False,,,,,0.0
C01672,free,W08,2025-04-30,True,True,False,True,0.6613,documentation_gap,25.5,0.0
C01672,free,W08,2025-04-30,False,False,False,,,,,0.0
C01673,free,W02,2025-03-31,True,True,True,True,0.8827,diagnosis_suggestion,2.0,112.74
C01673,free,W02,2025-03-15,True,True,False,True,0.5789,diagnosis_suggestion,32.7,0.0
C01673,free,W02,2025-01-09,False,False,False,,,,,0.0
C01673,free,W02,2025-01-20,False,False,False,,,,,0.0
C01673,free,W02,2025-02-11,True,True,False,True,0.9364,coding_recommendation,5.6,0.0
C01674,free,W07,2025-04-26,False,False,False,,,,,0.0
C01674,free,W07,2025-04-11,False,False,False,,,,,0.0
C01674,free,W07,2025-04-10,True,True,True,True,0.8391,diagnosis_suggestion,18.6,56.22
C01674,free,W07,2025-03-24,False,False,False,,,,,0.0
C01675,free,W10,2025-05-22,False,False,False,,,,,0.0
C01675,free,W10,2025-05-16,True,True,True,True,0.7278,diagnosis_suggestion,79.3,30.58
C01675,free,W10,2025-03-15,True,True,True,True,0.8252,documentation_gap,41.8,70.56
C01676,free,W01,2025-01-12,False,False,False,,,,,0.0
C01676,free,W01,2025-01-20,False,False,False,,,,,0.0
C01676,free,W01,2025-02-05,True,False,False,False,0.447,documentation_gap,,0.0
C01677,free,W05,2025-03-18,False,False,False,,,,,0.0
C01677,free,W05,2025-01-30,False,False,False,,,,,0.0
C01677,free,W05,2025-03-28,False,False,False,,,,,0.0
C01678,basic,W08,2025-04-02,False,False,False,,,,,0.0
C01678,basic,W08,2025-04-23,True,True,False,True,0.8264,diagnosis_suggestion,9.3,0.0
C01678,basic,W08,2025-04-20,True,True,False,True,0.9573,diagnosis_suggestion,7.3,0.0
C01679,free,W09,2025-04-02,True,True,True,True,0.7905,diagnosis_suggestion,11.4,29.04
C01679,free,W09,2025-05-12,False,False,False,,,,,0.0
C01679,free,W09,2025-04-18,True,True,True,True,0.9605,diagnosis_suggestion,15.0,96.99
C01680,free,W10,2025-03-08,False,False,False,,,,,0.0
C01680,free,W10,2025-03-25,False,False,False,,,,,0.0
C01680,free,W10,2025-04-25,False,False,False,,,,,0.0
C01681,basic,W03,2025-02-22,False,False,False,,,,,0.0
C01681,basic,W03,2025-03-17,False,False,False,,,,,0.0
C01681,basic,W03,2025-04-02,True,True,False,True,0.7481,diagnosis_suggestion,2.5,0.0
C01681,basic,W03,2025-03-28,False,False,False,,,,,0.0
C01681,basic,W03,2025-03-05,True,True,True,True,0.8694,quality_flag,12.2,49.34
C01682,basic,W08,2025-03-20,True,True,True,True,0.9613,documentation_gap,13.3,31.82
C01682,basic,W08,2025-04-13,True,True,True,True,0.8225,coding_recommendation,5.9,46.87
C01682,basic,W08,2025-03-25,True,True,False,True,0.8841,diagnosis_suggestion,8.7,0.0
C01683,free,W03,2025-04-01,True,True,True,True,0.8083,quality_flag,31.6,34.48
C01683,free,W03,2025-02-16,True,True,True,True,0.8673,documentation_gap,13.7,29.89
C01683,free,W03,2025-04-02,False,False,False,,,,,0.0
C01684,free,W08,2025-03-09,False,False,False,,,,,0.0
C01684,free,W08,2025-03-23,False,False,False,,,,,0.0
C01684,free,W08,2025-03-09,True,True,False,False,0.5316,coding_recommendation,44.2,0.0
C01684,free,W08,2025-03-25,True,True,True,True,0.9223,documentation_gap,13.0,41.64
C01684,free,W08,2025-03-30,True,True,True,False,0.562,coding_recommendation,6.8,-33.26
C01684,free,W08,2025-03-04,False,False,False,,,,,0.0
C01685,free,W11,2025-05-18,True,True,True,True,0.9191,documentation_gap,15.4,50.09
C01685,free,W11,2025-05-30,True,True,True,True,0.9058,coding_recommendation,8.2,181.68
C01685,free,W11,2025-05-29,False,False,False,,,,,0.0
C01686,basic,W05,2025-04-07,True,True,True,True,0.8814,diagnosis_suggestion,49.0,96.7
C01686,basic,W05,2025-03-15,True,True,True,True,0.6535,documentation_gap,8.7,32.73
C01686,basic,W05,2025-02-09,True,True,True,True,0.8127,documentation_gap,15.8,49.4
C01687,free,W07,2025-02-15,True,True,False,True,0.7115,diagnosis_suggestion,11.3,0.0
C01687,free,W07,2025-03-04,False,False,False,,,,,0.0
C01687,free,W07,2025-02-12,False,False,False,,,,,0.0
C01688,pro,W11,2025-03-22,True,True,True,True,0.754,coding_recommendation,17.3,84.0
C01688,pro,W11,2025-03-27,True,True,True,True,0.6197,quality_flag,26.3,105.5
C01688,pro,W11,2025-04-28,True,True,False,True,0.7985,diagnosis_suggestion,37.6,0.0
C01689,basic,W12,2025-03-20,False,False,False,,,,,0.0
C01689,basic,W12,2025-04-28,False,False,False,,,,,0.0
C01689,basic,W12,2025-04-27,True,True,False,True,0.8011,diagnosis_suggestion,9.3,0.0
C01690,free,W12,2025-05-26,False,False,False,,,,,0.0
C01690,free,W12,2025-05-16,False,False,False,,,,,0.0
C01690,free,W12,2025-04-01,True,True,True,True,0.9037,documentation_gap,6.9,65.55
C01691,basic,W06,2025-04-26,True,False,False,False,0.3,quality_flag,,0.0
C01691,basic,W06,2025-02-20,True,True,False,True,0.9088,coding_recommendation,65.9,0.0
C01691,basic,W06,2025-02-09,True,True,True,True,0.8028,quality_flag,25.6,32.28
C01692,basic,W05,2025-01-29,False,False,False,,,,,0.0
C01692,basic,W05,2025-01-30,False,False,False,,,,,0.0
C01692,basic,W05,2025-02-26,True,True,True,False,0.5543,documentation_gap,3.4,-30.56
C01693,basic,W02,2025-02-04,True,True,True,True,0.894,diagnosis_suggestion,12.3,77.65
C01693,basic,W02,2025-02-19,True,True,True,True,0.8442,coding_recommendation,22.4,15.99
C01693,basic,W02,2025-03-01,True,True,True,True,0.7577,diagnosis_suggestion,16.6,53.74
C01694,pro,W09,2025-03-08,True,True,True,True,0.9347,documentation_gap,48.3,58.39
C01694,pro,W09,2025-05-10,True,True,True,True,0.7908,documentation_gap,14.7,120.64
C01694,pro,W09,2025-04-10,True,True,True,True,0.8927,diagnosis_suggestion,8.3,19.58
C01695,pro,W07,2025-04-20,True,True,True,True,0.7422,diagnosis_suggestion,15.4,37.3
C01695,pro,W07,2025-03-31,True,True,True,True,0.8362,diagnosis_suggestion,5.9,81.67
C01695,pro,W07,2025-04-09,False,False,False,,,,,0.0
C01696,free,W07,2025-02-19,False,False,False,,,,,0.0
C01696,free,W07,2025-03-06,True,True,False,True,0.5199,quality_flag,4.1,0.0
C01696,free,W07,2025-04-26,True,True,True,True,0.9177,coding_recommendation,18.6,86.89
C01697,pro,W05,2025-04-21,True,True,True,True,0.9652,diagnosis_suggestion,13.0,23.51
C01697,pro,W05,2025-02-14,True,True,False,True,0.9071,diagnosis_suggestion,8.5,0.0
C01697,pro,W05,2025-04-15,True,True,True,True,0.706,coding_recommendation,25.8,31.54
C01698,free,W03,2025-03-25,True,False,False,False,0.3,coding_recommendation,,0.0
C01698,free,W03,2025-02-08,False,False,False,,,,,0.0
C01698,free,W03,2025-02-02,True,True,True,False,0.5051,quality_flag,10.4,-35.34
C01699,basic,W09,2025-03-25,True,True,True,True,0.6075,coding_recommendation,18.2,87.01
C01699,basic,W09,2025-03-20,True,True,True,True,0.7233,quality_flag,10.5,95.44
C01699,basic,W09,2025-04-10,True,False,False,False,0.4247,coding_recommendation,,0.0
C01700,basic,W10,2025-04-18,True,True,True,True,0.8032,documentation_gap,35.5,246.55
C01700,basic,W10,2025-05-07,True,True,False,True,0.8707,diagnosis_suggestion,27.2,0.0
C01700,basic,W10,2025-05-14,True,True,True,True,0.9086,coding_recommendation,16.9,31.78
C01700,basic,W10,2025-03-12,True,True,True,True,0.8297,diagnosis_suggestion,4.6,23.6
C01701,free,W11,2025-03-14,False,False,False,,,,,0.0
C01701,free,W11,2025-04-15,True,True,True,True,0.845,coding_recommendation,14.3,51.43
C01701,free,W11,2025-03-25,False,False,False,,,,,0.0
C01702,free,W08,2025-03-21,False,False,False,,,,,0.0
C01702,free,W08,2025-04-24,True,True,False,True,0.5835,diagnosis_suggestion,10.6,0.0
C01702,free,W08,2025-03-06,True,True,False,True,0.6752,diagnosis_suggestion,19.0,0.0
C01703,free,W06,2025-02-18,True,True,True,True,0.83,coding_recommendation,24.5,32.36
C01703,free,W06,2025-03-10,False,False,False,,,,,0.0
C01703,free,W06,2025-02-09,False,False,False,,,,,0.0
C01704,free,W12,2025-05-09,False,False,False,,,,,0.0
C01704,free,W12,2025-05-06,False,False,False,,,,,0.0
C01704,free,W12,2025-03-31,False,False,False,,,,,0.0
C01704,free,W12,2025-05-21,False,False,False,,,,,0.0
C01704,free,W12,2025-06-05,True,True,True,True,0.752,documentation_gap,49.9,82.04
C01704,free,W12,2025-03-23,False,False,False,,,,,0.0
C01704,free,W12,2025-06-04,True,True,False,False,0.6377,coding_recommendation,34.1,0.0
C01704,free,W12,2025-04-01,True,True,True,True,0.7372,quality_flag,128.5,49.6
C01704,free,W12,2025-05-31,True,True,True,True,0.7107,documentation_gap,2.2,37.11
C01704,free,W12,2025-04-04,False,False,False,,,,,0.0
C01704,free,W12,2025-05-18,False,False,False,,,,,0.0
C01704,free,W12,2025-05-29,False,False,False,,,,,0.0
C01704,free,W12,2025-04-08,False,False,False,,,,,0.0
C01704,free,W12,2025-04-03,True,True,False,True,0.84,quality_flag,9.1,0.0
C01705,basic,W12,2025-05-28,True,True,False,True,0.6365,documentation_gap,31.5,0.0
C01705,basic,W12,2025-03-29,True,False,False,False,0.458,diagnosis_suggestion,,0.0
C01705,basic,W12,2025-04-04,True,True,True,True,0.9127,diagnosis_suggestion,26.4,171.17
C01706,pro,W02,2025-03-27,True,True,False,True,0.9435,quality_flag,52.2,0.0
C01706,pro,W02,2025-01-09,True,False,False,False,0.3,documentation_gap,,0.0
C01706,pro,W02,2025-03-21,True,True,True,True,0.7763,diagnosis_suggestion,22.1,48.5
C01707,pro,W07,2025-05-05,True,True,True,True,0.9567,diagnosis_suggestion,25.4,55.21
C01707,pro,W07,2025-03-02,True,True,False,True,0.9176,diagnosis_suggestion,13.6,0.0
C01707,pro,W07,2025-04-26,True,False,False,False,0.4971,diagnosis_suggestion,,0.0
C01708,basic,W05,2025-01-30,True,True,True,True,0.7886,coding_recommendation,5.4,59.79
C01708,basic,W05,2025-02-28,True,True,True,True,0.935,documentation_gap,46.4,50.75
C01708,basic,W05,2025-04-13,True,True,True,False,0.6519,diagnosis_suggestion,31.7,-16.69
C01709,free,W08,2025-03-28,False,False,False,,,,,0.0
C01709,free,W08,2025-03-10,True,True,True,True,0.9022,quality_flag,25.1,8.02
C01709,free,W08,2025-04-14,False,False,False,,,,,0.0
C01710,free,W06,2025-03-16,True,True,True,True,0.9318,coding_recommendation,29.3,17.26
C01710,free,W06,2025-03-12,True,True,True,True,0.7623,diagnosis_suggestion,29.1,134.31
C01710,free,W06,2025-02-22,True,True,False,True,0.7751,quality_flag,53.6,0.0
C01711,basic,W10,2025-03-10,True,True,True,True,0.9291,diagnosis_suggestion,13.1,78.52
C01711,basic,W10,2025-04-18,True,True,True,True,0.8041,diagnosis_suggestion,17.3,21.85
C01711,basic,W10,2025-05-07,True,True,False,True,0.9303,coding_recommendation,74.9,0.0
C01712,free,W09,2025-05-05,True,True,False,True,0.7059,diagnosis_suggestion,20.5,0.0
C01712,free,W09,2025-03-21,True,True,True,True,0.9806,diagnosis_suggestion,27.5,123.36
C01712,free,W09,2025-03-19,False,False,False,,,,,0.0
C01713,free,W08,2025-04-25,True,True,True,True,0.8343,diagnosis_suggestion,96.3,78.96
C01713,free,W08,2025-03-22,True,True,True,True,0.8104,coding_recommendation,4.9,139.61
C01713,free,W08,2025-03-11,True,False,False,False,0.4189,coding_recommendation,,0.0
C01714,pro,W07,2025-03-23,True,True,False,True,0.8973,documentation_gap,12.4,0.0
C01714,pro,W07,2025-02-21,True,True,True,True,0.7414,coding_recommendation,48.5,41.3
C01714,pro,W07,2025-02-24,True,True,False,True,0.8795,diagnosis_suggestion,14.9,0.0
C01715,pro,W01,2025-03-16,True,False,False,False,0.3,diagnosis_suggestion,,0.0
C01715,pro,W01,2025-01-15,True,True,True,False,0.5591,documentation_gap,16.9,-21.9
C01715,pro,W01,2025-01-02,True,True,True,True,0.8069,diagnosis_suggestion,62.0,111.48
C01716,pro,W10,2025-04-17,True,True,True,True,0.7531,documentation_gap,79.0,37.65
C01716,pro,W10,2025-05-17,True,True,True,True,0.9283,diagnosis_suggestion,15.7,28.73
C01716,pro,W10,2025-03-22,True,True,True,True,0.6442,quality_flag,10.3,38.28
C01717,pro,W09,2025-04-02,True,True,True,True,0.933,documentation_gap,35.1,75.06
C01717,pro,W09,2025-04-05,True,True,True,True,0.802,quality_flag,30.4,82.11
C01717,pro,W09,2025-04-22,False,False,False,,,,,0.0
C01717,pro,W09,2025-03-05,True,True,True,True,0.7046,diagnosis_suggestion,8.9,53.21
C01717,pro,W09,2025-03-19,True,True,False,True,0.7184,diagnosis_suggestion,5.8,0.0
C01717,pro,W09,2025-03-08,True,True,False,True,0.7248,diagnosis_suggestion,133.5,0.0
C01718,basic,W08,2025-03-27,True,True,True,False,0.5411,diagnosis_suggestion,44.1,-17.19
C01718,basic,W08,2025-04-18,True,True,True,True,0.8677,coding_recommendation,13.1,104.59
C01718,basic,W08,2025-05-09,True,True,True,True,0.9348,documentation_gap,5.5,35.07
C01719,free,W01,2025-01-19,True,True,False,True,0.5798,documentation_gap,24.3,0.0
C01719,free,W01,2025-02-17,True,True,True,True,0.8753,documentation_gap,37.1,99.73
C01719,free,W01,2025-03-08,False,False,False,,,,,0.0
C01720,free,W01,2025-02-11,False,False,False,,,,,0.0
C01720,free,W01,2025-02-17,True,False,False,False,0.4984,coding_recommendation,,0.0
C01720,free,W01,2025-02-12,False,False,False,,,,,0.0
C01721,pro,W03,2025-02-24,False,False,False,,,,,0.0
C01721,pro,W03,2025-02-20,False,False,False,,,,,0.0
C01721,pro,W03,2025-03-04,True,True,True,True,0.8583,documentation_gap,46.7,52.26
C01722,basic,W03,2025-03-03,False,False,False,,,,,0.0
C01722,basic,W03,2025-03-13,True,False,False,False,0.4479,diagnosis_suggestion,,0.0
C01722,basic,W03,2025-03-16,False,False,False,,,,,0.0
C01723,free,W02,2025-02-06,False,False,False,,,,,0.0
C01723,free,W02,2025-03-23,True,True,True,True,0.573,coding_recommendation,19.5,88.37
C01723,free,W02,2025-01-24,True,True,False,True,0.9318,documentation_gap,38.6,0.0
C01724,basic,W11,2025-03-21,True,True,True,True,0.9476,coding_recommendation,14.2,15.92
C01724,basic,W11,2025-04-10,True,True,True,True,0.6767,diagnosis_suggestion,56.0,38.51
C01724,basic,W11,2025-05-18,True,True,True,True,0.8675,diagnosis_suggestion,15.3,170.69
C01725,free,W08,2025-04-18,False,False,False,,,,,0.0
C01725,free,W08,2025-04-14,True,True,False,False,0.6308,quality_flag,35.0,0.0
C01725,free,W08,2025-02-23,True,True,True,True,0.8799,documentation_gap,18.9,15.17
C01725,free,W08,2025-05-08,True,True,False,True,0.7516,quality_flag,11.6,0.0
C01726,basic,W05,2025-04-22,True,True,True,True,0.7786,coding_recommendation,19.9,44.08
C01726,basic,W05,2025-03-03,True,True,False,True,0.5222,diagnosis_suggestion,15.1,0.0
C01726,basic,W05,2025-04-07,True,True,True,False,0.5602,quality_flag,78.2,-20.7
C01727,pro,W01,2025-01-28,False,False,False,,,,,0.0
C01727,pro,W01,2025-01-31,False,False,False,,,,,0.0
C01727,pro,W01,2025-03-13,True,True,True,True,0.9169,diagnosis_suggestion,28.2,72.02
C01728,pro,W01,2025-02-04,True,True,True,True,0.927,documentation_gap,10.8,137.31
C01728,pro,W01,2025-02-08,False,False,False,,,,,0.0
C01728,pro,W01,2025-01-04,True,False,False,False,0.3,diagnosis_suggestion,,0.0
C01729,free,W02,2025-02-24,True,True,True,False,0.5066,diagnosis_suggestion,3.6,-10.22
C01729,free,W02,2025-02-03,False,False,False,,,,,0.0
C01729,free,W02,2025-03-19,False,False,False,,,,,0.0
C01730,basic,W07,2025-02-16,True,True,False,True,0.7216,documentation_gap,101.1,0.0
C01730,basic,W07,2025-04-17,True,True,True,True,0.5748,documentation_gap,13.2,31.78
C01730,basic,W07,2025-04-19,False,False,False,,,,,0.0
C01731,free,W09,2025-02-27,False,False,False,,,,,0.0
C01731,free,W09,2025-04-26,True,True,True,True,0.9574,diagnosis_suggestion,16.5,63.24
C01731,free,W09,2025-04-16,False,False,False,,,,,0.0
C01732,basic,W09,2025-05-16,True,True,False,True,0.752,coding_recommendation,51.0,0.0
C01732,basic,W09,2025-04-15,True,True,True,False,0.5925,coding_recommendation,85.7,-18.13
C01732,basic,W09,2025-04-11,True,True,False,True,0.9446,documentation_gap,46.1,0.0
C01733,free,W09,2025-04-02,True,True,True,True,0.9404,coding_recommendation,70.9,22.62
C01733,free,W09,2025-05-14,True,True,True,True,0.899,diagnosis_suggestion,11.8,30.65
C01733,free,W09,2025-02-26,True,True,False,True,0.7964,documentation_gap,6.9,0.0
C01733,free,W09,2025-03-20,True,True,True,True,0.9131,diagnosis_suggestion,52.4,85.56
C01733,free,W09,2025-04-27,False,False,False,,,,,0.0
C01733,free,W09,2025-05-04,False,False,False,,,,,0.0
C01734,free,W10,2025-05-24,True,True,True,True,0.9423,coding_recommendation,18.1,51.73
C01734,free,W10,2025-04-04,False,False,False,,,,,0.0
C01734,free,W10,2025-04-15,False,False,False,,,,,0.0
C01735,pro,W11,2025-03-18,False,False,False,,,,,0.0
C01735,pro,W11,2025-05-21,True,True,True,False,0.502,diagnosis_suggestion,15.2,-13.11
C01735,pro,W11,2025-03-13,False,False,False,,,,,0.0
C01736,basic,W06,2025-02-13,False,False,False,,,,,0.0
C01736,basic,W06,2025-03-01,True,False,False,False,0.4358,diagnosis_suggestion,,0.0
C01736,basic,W06,2025-03-27,False,False,False,,,,,0.0
C01737,pro,W11,2025-03-27,True,True,True,True,0.7572,quality_flag,10.4,32.48
C01737,pro,W11,2025-04-15,True,True,True,True,0.8067,coding_recommendation,21.4,47.88
C01737,pro,W11,2025-03-14,True,True,False,False,0.6967,diagnosis_suggestion,24.2,0.0
C01738,free,W12,2025-04-22,True,True,False,True,0.7101,diagnosis_suggestion,16.9,0.0
C01738,free,W12,2025-03-20,False,False,False,,,,,0.0
C01738,free,W12,2025-03-25,True,False,False,False,0.3347,diagnosis_suggestion,,0.0
C01738,free,W12,2025-04-11,True,True,True,True,0.8711,quality_flag,29.8,39.09
C01738,free,W12,2025-04-08,True,True,False,True,0.6628,diagnosis_suggestion,8.4,0.0
C01739,free,W05,2025-04-03,False,False,False,,,,,0.0
C01739,free,W05,2025-02-03,True,True,False,True,0.8688,diagnosis_suggestion,17.6,0.0
C01739,free,W05,2025-03-17,True,True,False,True,0.7392,diagnosis_suggestion,89.7,0.0
C01739,free,W05,2025-03-16,False,False,False,,,,,0.0
C01739,free,W05,2025-04-16,True,True,True,True,0.7143,diagnosis_suggestion,12.9,107.42
C01740,free,W12,2025-03-30,True,True,True,True,0.8393,documentation_gap,7.0,18.83
C01740,free,W12,2025-05-27,False,False,False,,,,,0.0
C01740,free,W12,2025-04-08,False,False,False,,,,,0.0
C01741,free,W10,2025-05-14,False,False,False,,,,,0.0
C01741,free,W10,2025-04-13,False,False,False,,,,,0.0
C01741,free,W10,2025-05-25,True,True,True,True,0.6205,documentation_gap,7.9,122.26
C01742,basic,W10,2025-04-15,False,False,False,,,,,0.0
C01742,basic,W10,2025-05-01,True,True,False,True,0.7213,quality_flag,11.2,0.0
C01742,basic,W10,2025-03-08,False,False,False,,,,,0.0
C01742,basic,W10,2025-05-10,False,False,False,,,,,0.0
C01742,basic,W10,2025-04-24,True,True,True,True,0.99,diagnosis_suggestion,10.9,60.91
C01743,basic,W11,2025-05-14,False,False,False,,,,,0.0
C01743,basic,W11,2025-04-27,False,False,False,,,,,0.0
C01743,basic,W11,2025-03-22,False,False,False,,,,,0.0
C01744,free,W08,2025-04-10,True,True,True,True,0.9381,diagnosis_suggestion,12.8,35.54
C01744,free,W08,2025-04-20,True,True,False,True,0.7646,coding_recommendation,22.2,0.0
C01744,free,W08,2025-04-27,False,False,False,,,,,0.0
C01744,free,W08,2025-04-01,True,True,False,True,0.5,diagnosis_suggestion,7.9,0.0
C01745,free,W06,2025-02-19,True,True,True,True,0.7251,quality_flag,8.4,125.53
C01745,free,W06,2025-02-20,True,True,False,True,0.7193,documentation_gap,112.1,0.0
C01745,free,W06,2025-03-25,False,False,False,,,,,0.0
C01746,pro,W08,2025-03-14,True,True,True,True,0.7965,quality_flag,18.9,48.03
C01746,pro,W08,2025-03-29,True,True,True,True,0.9084,quality_flag,15.4,27.18
C01746,pro,W08,2025-04-03,True,True,True,True,0.7753,diagnosis_suggestion,17.1,81.58
C01747,pro,W01,2025-01-15,True,True,True,True,0.986,coding_recommendation,23.8,50.93
C01747,pro,W01,2025-03-12,True,True,True,False,0.6487,diagnosis_suggestion,32.2,-38.81
C01747,pro,W01,2025-01-12,True,True,True,True,0.6262,quality_flag,23.3,117.55
C01748,free,W04,2025-02-22,False,False,False,,,,,0.0
C01748,free,W04,2025-02-05,True,True,False,True,0.8471,diagnosis_suggestion,19.6,0.0
C01748,free,W04,2025-02-16,True,True,True,True,0.9315,coding_recommendation,20.6,42.47
C01749,basic,W10,2025-04-10,False,False,False,,,,,0.0
C01749,basic,W10,2025-03-21,True,True,True,True,0.7923,coding_recommendation,20.8,61.88
C01749,basic,W10,2025-03-22,True,True,True,True,0.7109,documentation_gap,28.3,37.29
C01750,free,W05,2025-03-17,True,True,False,True,0.6439,diagnosis_suggestion,19.8,0.0
C01750,free,W05,2025-03-31,True,True,False,True,0.9633,documentation_gap,64.0,0.0
C01750,free,W05,2025-03-26,False,False,False,,,,,0.0
C01751,basic,W04,2025-03-25,True,False,False,False,0.3,documentation_gap,,0.0
C01751,basic,W04,2025-03-19,True,True,False,False,0.8044,coding_recommendation,32.5,0.0
C01751,basic,W04,2025-04-05,True,True,False,True,0.8738,diagnosis_suggestion,4.1,0.0
C01752,basic,W06,2025-03-18,True,True,False,True,0.9315,coding_recommendation,35.6,0.0
C01752,basic,W06,2025-04-11,True,True,False,True,0.9455,diagnosis_suggestion,8.4,0.0
C01752,basic,W06,2025-04-20,True,False,False,False,0.4858,diagnosis_suggestion,,0.0
C01753,free,W07,2025-02-15,True,True,False,True,0.6473,coding_recommendation,41.9,0.0
C01753,free,W07,2025-05-03,False,False,False,,,,,0.0
C01753,free,W07,2025-04-27,False,False,False,,,,,0.0
C01754,free,W11,2025-05-14,True,True,False,True,0.8038,diagnosis_suggestion,22.6,0.0
C01754,free,W11,2025-04-20,False,False,False,,,,,0.0
C01754,free,W11,2025-04-07,False,False,False,,,,,0.0
C01754,free,W11,2025-05-09,False,False,False,,,,,0.0
C01754,free,W11,2025-03-20,True,True,False,True,0.9184,coding_recommendation,14.0,0.0
C01755,free,W11,2025-05-07,True,True,True,True,0.6555,coding_recommendation,14.2,35.46
C01755,free,W11,2025-04-30,True,True,False,True,0.7721,documentation_gap,9.0,0.0
C01755,free,W11,2025-04-14,True,True,True,True,0.8293,diagnosis_suggestion,3.4,61.13
C01756,free,W08,2025-02-27,False,False,False,,,,,0.0
C01756,free,W08,2025-03-17,True,True,True,True,0.8336,diagnosis_suggestion,23.2,51.94
C01756,free,W08,2025-02-28,True,True,True,True,0.9423,quality_flag,69.2,97.04
C01757,basic,W08,2025-02-24,True,True,False,True,0.9691,diagnosis_suggestion,9.9,0.0
C01757,basic,W08,2025-04-14,False,False,False,,,,,0.0
C01757,basic,W08,2025-02-20,True,True,True,True,0.622,diagnosis_suggestion,11.8,27.84
C01757,basic,W08,2025-04-19,True,True,False,True,0.8403,diagnosis_suggestion,13.8,0.0
C01758,pro,W05,2025-02-12,False,False,False,,,,,0.0
C01758,pro,W05,2025-04-19,True,True,False,False,0.6178,diagnosis_suggestion,59.0,0.0
C01758,pro,W05,2025-04-16,True,True,True,True,0.8818,diagnosis_suggestion,46.4,51.79
C01759,free,W08,2025-05-06,False,False,False,,,,,0.0
C01759,free,W08,2025-04-20,False,False,False,,,,,0.0
C01759,free,W08,2025-04-03,False,False,False,,,,,0.0
C01760,free,W12,2025-05-15,True,False,False,False,0.3213,coding_recommendation,,0.0
C01760,free,W12,2025-06-10,True,True,False,False,0.5983,diagnosis_suggestion,13.3,0.0
C01760,free,W12,2025-05-11,False,False,False,,,,,0.0
C01761,free,W03,2025-01-28,False,False,False,,,,,0.0
C01761,free,W03,2025-02-24,True,False,False,False,0.498,coding_recommendation,,0.0
C01761,free,W03,2025-03-04,True,True,True,False,0.559,quality_flag,20.0,-12.14
C01762,basic,W12,2025-05-31,True,False,False,False,0.4757,documentation_gap,,0.0
C01762,basic,W12,2025-04-02,False,False,False,,,,,0.0
C01762,basic,W12,2025-04-06,True,True,False,True,0.7075,diagnosis_suggestion,9.9,0.0
C01763,basic,W03,2025-03-23,True,True,False,True,0.9053,diagnosis_suggestion,17.8,0.0
C01763,basic,W03,2025-03-04,True,True,True,True,0.8761,documentation_gap,25.1,22.75
C01763,basic,W03,2025-02-19,False,False,False,,,,,0.0
C01764,basic,W01,2025-02-18,True,True,True,True,0.8108,quality_flag,13.2,46.16
C01764,basic,W01,2025-02-13,False,False,False,,,,,0.0
C01764,basic,W01,2025-01-28,True,True,False,True,0.711,documentation_gap,196.7,0.0
C01765,basic,W10,2025-03-20,False,False,False,,,,,0.0
C01765,basic,W10,2025-04-04,True,True,False,True,0.9218,diagnosis_suggestion,52.6,0.0
C01765,basic,W10,2025-03-14,True,True,True,True,0.758,diagnosis_suggestion,23.1,90.52
C01766,free,W01,2025-01-21,True,True,True,True,0.9347,coding_recommendation,77.5,78.2
C01766,free,W01,2025-01-06,False,False,False,,,,,0.0
C01766,free,W01,2025-02-11,True,True,True,True,0.9813,documentation_gap,6.3,28.89
C01767,free,W01,2025-02-17,False,False,False,,,,,0.0
C01767,free,W01,2025-03-06,True,True,False,True,0.7064,quality_flag,18.2,0.0
C01767,free,W01,2025-01-13,True,True,True,True,0.7891,coding_recommendation,6.0,26.67
C01767,free,W01,2025-01-07,True,True,True,True,0.5377,coding_recommendation,11.4,70.68
C01767,free,W01,2025-02-25,False,False,False,,,,,0.0
C01767,free,W01,2025-02-03,True,True,False,False,0.6586,coding_recommendation,90.3,0.0
C01767,free,W01,2025-02-13,False,False,False,,,,,0.0
C01768,free,W10,2025-04-22,True,True,False,True,0.6645,diagnosis_suggestion,17.0,0.0
C01768,free,W10,2025-05-04,True,True,False,True,0.7561,diagnosis_suggestion,6.5,0.0
C01768,free,W10,2025-03-14,True,True,False,False,0.5897,documentation_gap,20.2,0.0
C01769,basic,W11,2025-04-30,True,True,False,True,0.7584,quality_flag,5.1,0.0
C01769,basic,W11,2025-04-01,True,True,False,True,0.8889,coding_recommendation,80.0,0.0
C01769,basic,W11,2025-05-25,True,True,True,True,0.7941,documentation_gap,6.3,40.76
C01770,free,W03,2025-03-25,False,False,False,,,,,0.0
C01770,free,W03,2025-04-04,False,False,False,,,,,0.0
C01770,free,W03,2025-04-07,True,True,False,True,0.8705,coding_recommendation,11.1,0.0
C01771,free,W08,2025-03-06,False,False,False,,,,,0.0
C01771,free,W08,2025-05-03,False,False,False,,,,,0.0
C01771,free,W08,2025-03-25,True,True,True,True,0.8009,coding_recommendation,34.4,85.21
C01772,free,W09,2025-03-06,True,True,True,True,0.9348,quality_flag,44.0,269.38
C01772,free,W09,2025-04-11,False,False,False,,,,,0.0
C01772,free,W09,2025-03-13,False,False,False,,,,,0.0
C01773,pro,W03,2025-02-02,True,True,False,True,0.6486,coding_recommendation,47.4,0.0
C01773,pro,W03,2025-03-29,True,True,True,True,0.8917,diagnosis_suggestion,53.2,69.28
C01773,pro,W03,2025-04-03,True,True,True,False,0.5681,diagnosis_suggestion,8.0,-33.13
C01774,basic,W08,2025-03-05,False,False,False,,,,,0.0
C01774,basic,W08,2025-05-01,True,False,False,False,0.4963,diagnosis_suggestion,,0.0
C01774,basic,W08,2025-04-20,False,False,False,,,,,0.0
C01775,basic,W11,2025-04-03,True,True,False,True,0.8176,coding_recommendation,92.9,0.0
C01775,basic,W11,2025-03-30,True,True,False,True,0.6511,diagnosis_suggestion,12.5,0.0
C01775,basic,W11,2025-05-15,True,True,True,True,0.921,coding_recommendation,51.8,53.74
C01776,free,W10,2025-04-01,False,False,False,,,,,0.0
C01776,free,W10,2025-03-19,False,False,False,,,,,0.0
C01776,free,W10,2025-04-27,True,True,True,True,0.6362,coding_recommendation,19.0,73.49
C01777,basic,W01,2025-01-19,True,True,True,True,0.6956,coding_recommendation,21.6,37.07
C01777,basic,W01,2025-02-23,False,False,False,,,,,0.0
C01777,basic,W01,2025-02-13,False,False,False,,,,,0.0
C01777,basic,W01,2025-02-08,True,False,False,False,0.4345,diagnosis_suggestion,,0.0
C01778,free,W03,2025-03-03,False,False,False,,,,,0.0
C01778,free,W03,2025-03-05,True,True,False,True,0.836,diagnosis_suggestion,75.5,0.0
C01778,free,W03,2025-01-20,True,True,False,True,0.8135,quality_flag,52.1,0.0
C01779,basic,W01,2025-03-02,True,True,False,True,0.8412,coding_recommendation,16.0,0.0
C01779,basic,W01,2025-01-10,True,True,False,True,0.901,documentation_gap,32.6,0.0
C01779,basic,W01,2025-03-11,True,True,False,False,0.584,diagnosis_suggestion,39.9,0.0
C01780,free,W10,2025-03-31,True,True,False,True,0.9146,documentation_gap,10.9,0.0
C01780,free,W10,2025-04-06,False,False,False,,,,,0.0
C01780,free,W10,2025-03-29,True,True,True,True,0.983,diagnosis_suggestion,11.5,40.15
C01781,pro,W09,2025-04-16,True,True,False,False,0.524,diagnosis_suggestion,12.5,0.0
C01781,pro,W09,2025-05-07,True,True,False,False,0.6649,documentation_gap,4.0,0.0
C01781,pro,W09,2025-04-19,True,True,True,True,0.8546,documentation_gap,14.6,54.01
C01782,free,W03,2025-02-15,False,False,False,,,,,0.0
C01782,free,W03,2025-03-09,False,False,False,,,,,0.0
C01782,free,W03,2025-02-15,True,False,False,False,0.3339,coding_recommendation,,0.0
C01783,basic,W10,2025-04-29,False,False,False,,,,,0.0
C01783,basic,W10,2025-04-25,True,True,False,True,0.7588,documentation_gap,24.7,0.0
C01783,basic,W10,2025-03-30,True,True,True,True,0.8178,diagnosis_suggestion,26.5,33.98
C01784,pro,W10,2025-03-30,True,True,True,True,0.6557,diagnosis_suggestion,15.9,163.62
C01784,pro,W10,2025-04-25,True,True,False,True,0.7459,diagnosis_suggestion,54.6,0.0
C01784,pro,W10,2025-05-03,True,True,True,True,0.7895,coding_recommendation,54.8,18.2
C01784,pro,W10,2025-04-10,True,True,False,False,0.5895,diagnosis_suggestion,49.8,0.0
C01785,free,W05,2025-03-28,False,False,False,,,,,0.0
C01785,free,W05,2025-03-21,True,True,True,False,0.507,documentation_gap,9.2,-18.06
C01785,free,W05,2025-02-15,False,False,False,,,,,0.0
C01786,free,W11,2025-03-30,True,True,False,True,0.9437,documentation_gap,16.9,0.0
C01786,free,W11,2025-04-14,True,True,False,True,0.5,documentation_gap,12.6,0.0
C01786,free,W11,2025-04-30,False,False,False,,,,,0.0
C01787,basic,W10,2025-03-08,False,False,False,,,,,0.0
C01787,basic,W10,2025-05-13,True,True,False,True,0.7332,quality_flag,19.0,0.0
C01787,basic,W10,2025-03-28,True,True,False,True,0.9022,documentation_gap,6.3,0.0
C01788,pro,W10,2025-04-10,False,False,False,,,,,0.0
C01788,pro,W10,2025-04-25,True,True,True,True,0.658,documentation_gap,89.9,41.16
C01788,pro,W10,2025-05-01,True,True,True,False,0.6014,quality_flag,20.0,-17.91
C01788,pro,W10,2025-05-10,True,True,True,True,0.7972,documentation_gap,18.3,75.54
C01788,pro,W10,2025-03-10,True,True,True,False,0.7328,coding_recommendation,40.2,-25.82
C01789,basic,W07,2025-03-13,False,False,False,,,,,0.0
C01789,basic,W07,2025-04-30,True,True,True,True,0.7523,diagnosis_suggestion,44.3,99.12
C01789,basic,W07,2025-03-02,True,True,True,True,0.8829,coding_recommendation,2.0,41.47
C01790,free,W09,2025-04-16,True,True,False,True,0.5,diagnosis_suggestion,7.7,0.0
C01790,free,W09,2025-04-22,True,True,True,True,0.639,documentation_gap,15.0,175.39
C01790,free,W09,2025-04-08,True,True,True,True,0.963,diagnosis_suggestion,12.9,44.11
C01790,free,W09,2025-04-07,False,False,False,,,,,0.0
C01790,free,W09,2025-03-06,False,False,False,,,,,0.0
C01790,free,W09,2025-05-03,True,True,True,True,0.7322,diagnosis_suggestion,26.1,35.58
C01790,free,W09,2025-05-11,False,False,False,,,,,0.0
C01790,free,W09,2025-04-03,True,True,False,True,0.9062,quality_flag,21.2,0.0
C01790,free,W09,2025-04-19,True,True,False,True,0.7698,diagnosis_suggestion,63.0,0.0
C01790,free,W09,2025-05-14,True,True,False,True,0.8343,quality_flag,34.4,0.0
C01790,free,W09,2025-03-06,True,True,False,True,0.8431,documentation_gap,15.3,0.0
C01791,pro,W07,2025-05-02,True,True,True,True,0.8067,documentation_gap,19.3,88.99
C01791,pro,W07,2025-04-10,True,True,True,True,0.8364,documentation_gap,11.2,8.69
C01791,pro,W07,2025-02-27,True,True,False,True,0.9055,coding_recommendation,24.9,0.0
C01792,free,W01,2025-02-22,False,False,False,,,,,0.0
C01792,free,W01,2025-02-02,True,True,True,True,0.944,diagnosis_suggestion,19.6,49.26
C01792,free,W01,2025-01-28,True,True,False,True,0.831,diagnosis_suggestion,24.3,0.0
C01793,free,W07,2025-03-22,True,True,False,True,0.8357,diagnosis_suggestion,50.3,0.0
C01793,free,W07,2025-04-20,False,False,False,,,,,0.0
C01793,free,W07,2025-05-06,True,True,False,True,0.7867,diagnosis_suggestion,25.6,0.0
C01794,basic,W07,2025-03-22,True,True,False,True,0.7846,coding_recommendation,7.4,0.0
C01794,basic,W07,2025-05-05,True,True,False,True,0.7821,documentation_gap,25.1,0.0
C01794,basic,W07,2025-03-23,False,False,False,,,,,0.0
C01795,free,W02,2025-02-07,True,True,True,True,0.9162,diagnosis_suggestion,10.3,115.98
C01795,free,W02,2025-01-18,False,False,False,,,,,0.0
C01795,free,W02,2025-03-08,True,True,False,False,0.5903,documentation_gap,37.0,0.0
C01795,free,W02,2025-01-13,True,True,True,True,0.5987,quality_flag,20.5,48.02
C01795,free,W02,2025-01-30,False,False,False,,,,,0.0
C01795,free,W02,2025-01-22,True,True,True,True,0.7073,quality_flag,14.7,46.89
C01796,free,W07,2025-05-06,True,True,True,True,0.7232,diagnosis_suggestion,58.1,137.33
C01796,free,W07,2025-04-29,True,True,False,True,0.8932,diagnosis_suggestion,58.0,0.0
C01796,free,W07,2025-04-09,True,True,True,False,0.6723,diagnosis_suggestion,17.7,-14.11
C01797,basic,W02,2025-01-19,True,True,True,True,0.9285,documentation_gap,52.7,13.71
C01797,basic,W02,2025-03-20,False,False,False,,,,,0.0
C01797,basic,W02,2025-03-12,False,False,False,,,,,0.0
C01798,free,W01,2025-01-09,False,False,False,,,,,0.0
C01798,free,W01,2025-01-13,True,True,True,True,0.7203,quality_flag,11.2,27.1
C01798,free,W01,2025-01-23,False,False,False,,,,,0.0
C01799,pro,W09,2025-04-27,True,True,True,True,0.9287,coding_recommendation,51.2,58.97
C01799,pro,W09,2025-03-16,True,True,True,True,0.675,diagnosis_suggestion,8.5,102.2
C01799,pro,W09,2025-05-10,True,True,False,True,0.8246,diagnosis_suggestion,25.5,0.0
C01799,pro,W09,2025-02-26,False,False,False,,,,,0.0
C01799,pro,W09,2025-04-26,True,False,False,False,0.3597,diagnosis_suggestion,,0.0
C01799,pro,W09,2025-05-06,True,True,False,True,0.8724,coding_recommendation,10.9,0.0
C01799,pro,W09,2025-04-12,True,True,False,False,0.5926,documentation_gap,65.2,0.0
C01799,pro,W09,2025-02-27,False,False,False,,,,,0.0
C01799,pro,W09,2025-05-09,True,True,False,True,0.9487,coding_recommendation,97.9,0.0
C01800,free,W10,2025-05-24,False,False,False,,,,,0.0
C01800,free,W10,2025-03-19,False,False,False,,,,,0.0
C01800,free,W10,2025-03-22,False,False,False,,,,,0.0
C01801,free,W10,2025-04-26,True,True,False,True,0.8729,diagnosis_suggestion,47.1,0.0
C01801,free,W10,2025-05-08,True,True,False,True,0.7463,coding_recommendation,18.0,0.0
C01801,free,W10,2025-05-16,False,False,False,,,,,0.0
C01801,free,W10,2025-03-30,True,True,True,True,0.5599,coding_recommendation,34.6,73.1
C01802,free,W05,2025-02-19,True,True,True,True,0.5835,quality_flag,53.6,45.42
C01802,free,W05,2025-03-19,True,True,True,True,0.9428,coding_recommendation,23.5,68.27
C01802,free,W05,2025-04-18,True,True,False,True,0.7474,coding_recommendation,28.2,0.0
C01803,free,W07,2025-04-11,False,False,False,,,,,0.0
C01803,free,W07,2025-02-15,True,True,True,True,0.7862,coding_recommendation,15.4,72.56
C01803,free,W07,2025-03-04,True,True,False,True,0.8764,diagnosis_suggestion,21.2,0.0
C01804,pro,W10,2025-05-15,True,True,False,True,0.9572,documentation_gap,23.7,0.0
C01804,pro,W10,2025-03-10,True,True,True,True,0.8098,documentation_gap,57.1,68.73
C01804,pro,W10,2025-04-18,True,True,True,True,0.8109,documentation_gap,16.9,67.34
C01805,free,W06,2025-04-28,True,True,True,True,0.982,coding_recommendation,17.5,44.72
C01805,free,W06,2025-03-31,False,False,False,,,,,0.0
C01805,free,W06,2025-02-05,True,True,False,False,0.5843,quality_flag,63.2,0.0
C01806,free,W08,2025-04-21,False,False,False,,,,,0.0
C01806,free,W08,2025-04-24,False,False,False,,,,,0.0
C01806,free,W08,2025-02-25,True,True,True,False,0.8898,quality_flag,14.3,-17.2
C01807,pro,W10,2025-04-28,True,False,False,False,0.3,coding_recommendation,,0.0
C01807,pro,W10,2025-05-20,True,False,False,False,0.3772,coding_recommendation,,0.0
C01807,pro,W10,2025-05-19,False,False,False,,,,,0.0
C01808,pro,W03,2025-02-28,False,False,False,,,,,0.0
C01808,pro,W03,2025-03-04,False,False,False,,,,,0.0
C01808,pro,W03,2025-04-01,True,True,True,True,0.762,quality_flag,23.0,165.32
C01809,free,W12,2025-05-05,True,True,False,True,0.7912,quality_flag,21.1,0.0
C01809,free,W12,2025-04-18,False,False,False,,,,,0.0
C01809,free,W12,2025-04-07,True,True,True,True,0.9861,documentation_gap,60.6,122.62
C01809,free,W12,2025-04-07,True,True,True,True,0.8884,diagnosis_suggestion,4.8,32.51
C01810,free,W04,2025-04-10,False,False,False,,,,,0.0
C01810,free,W04,2025-03-27,True,True,True,True,0.5886,coding_recommendation,4.8,29.7
C01810,free,W04,2025-03-25,False,False,False,,,,,0.0
C01811,pro,W02,2025-03-14,False,False,False,,,,,0.0
C01811,pro,W02,2025-03-06,True,True,False,False,0.5784,diagnosis_suggestion,19.6,0.0
C01811,pro,W02,2025-02-14,True,True,False,True,0.8452,coding_recommendation,17.3,0.0
C01812,free,W05,2025-01-31,False,False,False,,,,,0.0
C01812,free,W05,2025-02-08,False,False,False,,,,,0.0
C01812,free,W05,2025-04-05,True,True,False,True,0.8508,diagnosis_suggestion,7.8,0.0
C01813,free,W11,2025-03-23,True,True,False,True,0.8655,quality_flag,11.2,0.0
C01813,free,W11,2025-04-15,True,True,False,True,0.9197,diagnosis_suggestion,11.8,0.0
C01813,free,W11,2025-04-14,True,False,False,False,0.3082,diagnosis_suggestion,,0.0
C01814,basic,W10,2025-05-04,False,False,False,,,,,0.0
C01814,basic,W10,2025-05-15,False,False,False,,,,,0.0
C01814,basic,W10,2025-05-02,True,True,False,True,0.9641,diagnosis_suggestion,9.6,0.0
C01815,free,W11,2025-05-19,False,False,False,,,,,0.0
C01815,free,W11,2025-04-28,False,False,False,,,,,0.0
C01815,free,W11,2025-03-23,True,True,True,True,0.9132,diagnosis_suggestion,16.2,48.24
C01815,free,W11,2025-04-29,True,True,True,True,0.8992,documentation_gap,67.8,31.65
C01815,free,W11,2025-03-18,True,False,False,False,0.3,diagnosis_suggestion,,0.0
C01815,free,W11,2025-03-20,True,True,False,True,0.7349,documentation_gap,37.0,0.0
C01815,free,W11,2025-04-12,False,False,False,,,,,0.0
C01815,free,W11,2025-04-13,False,False,False,,,,,0.0
C01815,free,W11,2025-04-22,False,False,False,,,,,0.0
C01815,free,W11,2025-03-30,True,True,True,True,0.8766,diagnosis_suggestion,13.8,133.21
C01815,free,W11,2025-05-22,True,True,False,True,0.5316,quality_flag,10.1,0.0
C01816,pro,W01,2025-03-04,True,True,False,False,0.7469,quality_flag,9.0,0.0
C01816,pro,W01,2025-02-11,False,False,False,,,,,0.0
C01816,pro,W01,2025-03-03,False,False,False,,,,,0.0
C01817,basic,W05,2025-04-07,True,False,False,False,0.4436,coding_recommendation,,0.0
C01817,basic,W05,2025-02-26,False,False,False,,,,,0.0
C01817,basic,W05,2025-04-09,True,True,True,True,0.7967,diagnosis_suggestion,17.3,29.13
C01818,free,W08,2025-02-19,False,False,False,,,,,0.0
C01818,free,W08,2025-03-23,False,False,False,,,,,0.0
C01818,free,W08,2025-03-18,False,False,False,,,,,0.0
C01819,basic,W12,2025-04-05,True,True,True,True,0.8477,documentation_gap,81.0,37.66
C01819,basic,W12,2025-05-21,False,False,False,,,,,0.0
C01819,basic,W12,2025-05-16,True,True,True,True,0.5877,coding_recommendation,6.4,73.63
C01820,pro,W11,2025-03-16,False,False,False,,,,,0.0
C01820,pro,W11,2025-05-06,True,True,True,True,0.8356,quality_flag,17.7,40.93
C01820,pro,W11,2025-04-29,True,True,False,True,0.7722,coding_recommendation,43.4,0.0
C01821,free,W06,2025-04-24,False,False,False,,,,,0.0
C01821,free,W06,2025-04-26,True,True,True,False,0.6548,diagnosis_suggestion,6.4,-16.47
C01821,free,W06,2025-04-26,False,False,False,,,,,0.0
C01822,free,W10,2025-05-06,False,False,False,,,,,0.0
C01822,free,W10,2025-03-19,False,False,False,,,,,0.0
C01822,free,W10,2025-05-01,True,True,True,True,0.9742,quality_flag,28.3,61.16
C01823,free,W09,2025-03-14,False,False,False,,,,,0.0
C01823,free,W09,2025-04-20,False,False,False,,,,,0.0
C01823,free,W09,2025-05-09,True,True,True,True,0.917,quality_flag,31.8,127.56
C01823,free,W09,2025-04-29,False,False,False,,,,,0.0
C01823,free,W09,2025-04-29,True,True,False,True,0.7447,coding_recommendation,26.6,0.0
C01823,free,W09,2025-03-22,False,False,False,,,,,0.0
C01823,free,W09,2025-05-02,True,True,False,True,0.7217,coding_recommendation,16.0,0.0
C01824,basic,W06,2025-04-18,False,False,False,,,,,0.0
C01824,basic,W06,2025-03-23,True,True,True,True,0.9778,coding_recommendation,17.4,56.99
C01824,basic,W06,2025-04-10,True,True,True,True,0.9089,quality_flag,18.8,52.97
C01825,free,W11,2025-06-02,False,False,False,,,,,0.0
C01825,free,W11,2025-05-24,False,False,False,,,,,0.0
C01825,free,W11,2025-03-18,False,False,False,,,,,0.0
C01826,basic,W09,2025-04-10,False,False,False,,,,,0.0
C01826,basic,W09,2025-04-06,True,True,True,True,0.8163,diagnosis_suggestion,20.7,31.73
C01826,basic,W09,2025-03-20,False,False,False,,,,,0.0
C01827,pro,W06,2025-02-10,True,False,False,False,0.4978,diagnosis_suggestion,,0.0
C01827,pro,W06,2025-03-05,True,True,True,False,0.6543,documentation_gap,7.8,-23.09
C01827,pro,W06,2025-03-11,True,False,False,False,0.3012,coding_recommendation,,0.0
C01828,free,W11,2025-03-19,False,False,False,,,,,0.0
C01828,free,W11,2025-03-27,True,True,True,True,0.8293,documentation_gap,7.3,30.85
C01828,free,W11,2025-05-10,True,True,False,True,0.5207,documentation_gap,13.6,0.0
C01829,free,W03,2025-02-12,True,True,False,True,0.9583,documentation_gap,11.2,0.0
C01829,free,W03,2025-03-25,False,False,False,,,,,0.0
C01829,free,W03,2025-03-19,True,True,False,True,0.9257,diagnosis_suggestion,97.7,0.0
C01830,free,W11,2025-04-19,True,True,True,True,0.7462,coding_recommendation,8.6,57.7
C01830,free,W11,2025-03-15,True,False,False,False,0.3718,coding_recommendation,,0.0
C01830,free,W11,2025-04-23,True,True,True,True,0.892,diagnosis_suggestion,31.4,125.03
C01831,free,W12,2025-05-04,True,True,False,True,0.5561,documentation_gap,61.2,0.0
C01831,free,W12,2025-04-17,False,False,False,,,,,0.0
C01831,free,W12,2025-03-30,False,False,False,,,,,0.0
C01832,free,W03,2025-04-07,False,False,False,,,,,0.0
C01832,free,W03,2025-03-23,True,True,True,True,0.9066,diagnosis_suggestion,39.8,13.55
C01832,free,W03,2025-02-14,True,False,False,False,0.4212,diagnosis_suggestion,,0.0
C01832,free,W03,2025-03-01,False,False,False,,,,,0.0
C01832,free,W03,2025-01-16,True,True,True,True,0.8167,diagnosis_suggestion,14.3,64.28
C01832,free,W03,2025-02-09,True,True,True,True,0.7146,coding_recommendation,23.1,31.39
C01832,free,W03,2025-02-08,False,False,False,,,,,0.0
C01832,free,W03,2025-03-12,False,False,False,,,,,0.0
C01833,pro,W01,2025-01-17,True,True,True,True,0.8712,diagnosis_suggestion,25.1,23.83
C01833,pro,W01,2025-01-25,True,False,False,False,0.3799,diagnosis_suggestion,,0.0
C01833,pro,W01,2025-03-11,True,False,False,False,0.3,documentation_gap,,0.0
C01834,basic,W10,2025-05-04,False,False,False,,,,,0.0
C01834,basic,W10,2025-03-20,True,True,False,False,0.6004,diagnosis_suggestion,15.6,0.0
C01834,basic,W10,2025-03-20,True,False,False,False,0.3,coding_recommendation,,0.0
C01835,basic,W08,2025-03-04,True,True,True,True,0.6735,diagnosis_suggestion,10.4,16.17
C01835,basic,W08,2025-02-26,False,False,False,,,,,0.0
C01835,basic,W08,2025-04-20,True,True,True,False,0.5271,coding_recommendation,47.2,-27.65
C01836,free,W11,2025-05-03,False,False,False,,,,,0.0
C01836,free,W11,2025-05-19,True,True,False,True,0.7712,diagnosis_suggestion,12.2,0.0
C01836,free,W11,2025-06-02,False,False,False,,,,,0.0
C01837,pro,W12,2025-05-20,True,True,True,True,0.863,diagnosis_suggestion,23.7,39.82
C01837,pro,W12,2025-04-14,True,True,True,True,0.9539,quality_flag,16.1,63.11
C01837,pro,W12,2025-06-08,False,False,False,,,,,0.0
C01838,free,W07,2025-03-30,False,False,False,,,,,0.0
C01838,free,W07,2025-02-28,False,False,False,,,,,0.0
C01838,free,W07,2025-04-07,True,True,True,True,0.7736,quality_flag,50.1,136.2
C01839,basic,W05,2025-01-31,False,False,False,,,,,0.0
C01839,basic,W05,2025-04-15,True,True,True,True,0.9432,diagnosis_suggestion,11.1,70.05
C01839,basic,W05,2025-03-03,True,True,False,False,0.8344,diagnosis_suggestion,15.2,0.0
C01840,pro,W04,2025-02-27,True,True,True,True,0.7411,quality_flag,66.0,70.49
C01840,pro,W04,2025-01-25,True,True,True,True,0.5,diagnosis_suggestion,9.7,22.69
C01840,pro,W04,2025-02-17,False,False,False,,,,,0.0
C01841,free,W12,2025-04-17,True,True,False,True,0.7383,documentation_gap,39.1,0.0
C01841,free,W12,2025-03-19,False,False,False,,,,,0.0
C01841,free,W12,2025-05-08,True,False,False,False,0.3,quality_flag,,0.0
C01842,basic,W03,2025-03-03,True,False,False,False,0.3473,quality_flag,,0.0
C01842,basic,W03,2025-03-17,True,True,False,True,0.9117,diagnosis_suggestion,29.6,0.0
C01842,basic,W03,2025-01-15,True,True,True,True,0.8657,diagnosis_suggestion,39.0,33.68
C01843,free,W03,2025-02-06,True,True,True,True,0.7428,diagnosis_suggestion,9.9,60.99
C01843,free,W03,2025-03-21,False,False,False,,,,,0.0
C01843,free,W03,2025-04-04,False,False,False,,,,,0.0
C01844,pro,W09,2025-04-22,True,False,False,False,0.4297,quality_flag,,0.0
C01844,pro,W09,2025-05-06,True,True,True,True,0.8778,diagnosis_suggestion,22.2,33.9
C01844,pro,W09,2025-04-12,True,True,True,True,0.9287,coding_recommendation,48.5,18.84
C01845,free,W01,2025-01-21,False,False,False,,,,,0.0
C01845,free,W01,2025-03-04,False,False,False,,,,,0.0
C01845,free,W01,2025-03-02,True,True,False,False,0.6195,documentation_gap,18.2,0.0
C01846,basic,W04,2025-04-04,True,False,False,False,0.4939,diagnosis_suggestion,,0.0
C01846,basic,W04,2025-01-22,True,True,True,True,0.7037,documentation_gap,6.4,26.6
C01846,basic,W04,2025-04-03,True,True,True,True,0.8613,coding_recommendation,5.5,80.17
C01847,basic,W09,2025-05-04,True,True,True,True,0.7133,quality_flag,30.8,77.04
C01847,basic,W09,2025-05-14,True,True,True,True,0.929,coding_recommendation,11.5,89.3
C01847,basic,W09,2025-04-23,True,True,False,True,0.6791,documentation_gap,84.6,0.0
C01848,basic,W09,2025-03-08,True,True,True,True,0.8252,diagnosis_suggestion,27.1,116.42
C01848,basic,W09,2025-03-26,True,True,False,True,0.7924,quality_flag,10.7,0.0
C01848,basic,W09,2025-03-18,True,True,True,True,0.8618,coding_recommendation,11.2,59.87
C01849,pro,W10,2025-04-26,True,True,True,True,0.8482,documentation_gap,32.3,40.23
C01849,pro,W10,2025-04-22,True,True,False,True,0.8584,diagnosis_suggestion,57.6,0.0
C01849,pro,W10,2025-05-15,True,True,True,True,0.9757,diagnosis_suggestion,22.9,63.68
C01850,free,W09,2025-04-04,False,False,False,,,,,0.0
C01850,free,W09,2025-03-01,False,False,False,,,,,0.0
C01850,free,W09,2025-03-15,False,False,False,,,,,0.0
C01851,free,W12,2025-04-16,False,False,False,,,,,0.0
C01851,free,W12,2025-04-07,True,True,True,True,0.7661,coding_recommendation,10.0,87.41
C01851,free,W12,2025-04-02,True,False,False,False,0.3249,documentation_gap,,0.0
C01852,free,W03,2025-03-17,True,True,False,True,0.8954,coding_recommendation,11.6,0.0
C01852,free,W03,2025-01-27,True,True,True,True,0.8105,documentation_gap,18.0,112.52
C01852,free,W03,2025-03-02,False,False,False,,,,,0.0
C01853,basic,W05,2025-03-03,True,True,True,True,0.7236,diagnosis_suggestion,16.9,34.17
C01853,basic,W05,2025-02-08,False,False,False,,,,,0.0
C01853,basic,W05,2025-03-28,True,True,False,False,0.5076,coding_recommendation,109.1,0.0
C01854,free,W11,2025-05-07,False,False,False,,,,,0.0
C01854,free,W11,2025-05-02,True,True,True,True,0.9053,diagnosis_suggestion,32.0,36.85
C01854,free,W11,2025-04-16,True,True,True,True,0.8203,diagnosis_suggestion,21.0,103.36
C01855,basic,W04,2025-02-20,True,True,False,True,0.7114,documentation_gap,29.1,0.0
C01855,basic,W04,2025-04-07,True,True,False,True,0.8401,diagnosis_suggestion,19.5,0.0
C01855,basic,W04,2025-01-26,True,True,False,True,0.7964,quality_flag,15.3,0.0
C01856,free,W10,2025-03-23,True,True,True,True,0.6994,documentation_gap,50.5,219.13
C01856,free,W10,2025-05-16,True,True,True,True,0.9129,coding_recommendation,16.7,34.67
C01856,free,W10,2025-05-27,True,True,False,True,0.7881,documentation_gap,19.6,0.0
C01857,free,W04,2025-03-04,True,True,False,True,0.5298,diagnosis_suggestion,21.0,0.0
C01857,free,W04,2025-03-24,False,False,False,,,,,0.0
C01857,free,W04,2025-01-29,True,True,True,True,0.7455,diagnosis_suggestion,17.9,55.33
C01858,free,W04,2025-03-25,False,False,False,,,,,0.0
C01858,free,W04,2025-03-24,True,True,True,True,0.8122,coding_recommendation,92.0,100.15
C01858,free,W04,2025-01-27,True,True,True,False,0.6208,coding_recommendation,42.8,-17.81
C01859,basic,W06,2025-02-23,False,False,False,,,,,0.0
C01859,basic,W06,2025-03-29,True,True,True,True,0.7183,diagnosis_suggestion,15.8,48.72
C01859,basic,W06,2025-03-27,True,True,True,False,0.9326,documentation_gap,61.2,-12.77
C01860,pro,W12,2025-04-25,True,True,True,True,0.7917,coding_recommendation,23.7,42.76
C01860,pro,W12,2025-05-15,True,True,True,True,0.867,coding_recommendation,18.7,19.98
C01860,pro,W12,2025-05-29,True,True,True,False,0.7375,diagnosis_suggestion,12.9,-17.44
C01861,free,W08,2025-03-11,False,False,False,,,,,0.0
C01861,free,W08,2025-03-24,True,False,False,False,0.493,diagnosis_suggestion,,0.0
C01861,free,W08,2025-03-04,False,False,False,,,,,0.0
C01862,free,W03,2025-01-24,False,False,False,,,,,0.0
C01862,free,W03,2025-02-21,False,False,False,,,,,0.0
C01862,free,W03,2025-02-07,False,False,False,,,,,0.0
C01863,free,W02,2025-02-13,True,True,True,True,0.886,coding_recommendation,64.9,110.77
C01863,free,W02,2025-03-12,False,False,False,,,,,0.0
C01863,free,W02,2025-03-12,False,False,False,,,,,0.0
C01864,free,W08,2025-04-15,True,True,True,True,0.9219,documentation_gap,39.8,55.73
C01864,free,W08,2025-03-09,True,True,True,False,0.6151,diagnosis_suggestion,34.9,-18.79
C01864,free,W08,2025-04-24,True,True,True,True,0.6305,diagnosis_suggestion,25.1,33.86
C01864,free,W08,2025-04-07,False,False,False,,,,,0.0
C01865,free,W09,2025-04-14,True,True,True,True,0.8753,diagnosis_suggestion,19.9,72.99
C01865,free,W09,2025-04-09,False,False,False,,,,,0.0
C01865,free,W09,2025-03-27,False,False,False,,,,,0.0
C01866,free,W07,2025-04-14,False,False,False,,,,,0.0
C01866,free,W07,2025-03-05,False,False,False,,,,,0.0
C01866,free,W07,2025-04-17,False,False,False,,,,,0.0
C01867,basic,W04,2025-03-05,True,True,True,False,0.6669,coding_recommendation,24.4,-24.44
C01867,basic,W04,2025-03-30,False,False,False,,,,,0.0
C01867,basic,W04,2025-04-15,True,True,False,True,0.8458,coding_recommendation,43.5,0.0
C01868,free,W07,2025-04-26,True,True,True,True,0.8866,quality_flag,36.1,140.43
C01868,free,W07,2025-04-17,True,True,True,True,0.7706,documentation_gap,46.0,51.18
C01868,free,W07,2025-05-02,True,True,False,True,0.5938,diagnosis_suggestion,49.9,0.0
C01869,basic,W12,2025-03-27,True,True,True,True,0.7777,coding_recommendation,12.1,8.99
C01869,basic,W12,2025-06-03,True,True,True,True,0.806,quality_flag,26.9,17.36
C01869,basic,W12,2025-04-03,True,True,False,True,0.7507,diagnosis_suggestion,19.7,0.0
C01870,free,W12,2025-06-06,True,True,False,True,0.8569,diagnosis_suggestion,40.1,0.0
C01870,free,W12,2025-05-18,True,True,False,True,0.5692,documentation_gap,9.4,0.0
C01870,free,W12,2025-03-26,True,False,False,False,0.4408,coding_recommendation,,0.0
C01871,free,W12,2025-05-21,True,True,True,True,0.9836,diagnosis_suggestion,21.1,94.07
C01871,free,W12,2025-04-02,False,False,False,,,,,0.0
C01871,free,W12,2025-06-05,True,True,True,True,0.5718,documentation_gap,22.9,92.69
C01872,free,W02,2025-04-01,True,True,True,True,0.8755,documentation_gap,8.4,53.99
C01872,free,W02,2025-01-30,False,False,False,,,,,0.0
C01872,free,W02,2025-03-14,False,False,False,,,,,0.0
C01873,free,W03,2025-03-18,False,False,False,,,,,0.0
C01873,free,W03,2025-01-25,False,False,False,,,,,0.0
C01873,free,W03,2025-03-07,True,True,False,True,0.962,documentation_gap,11.9,0.0
C01874,free,W10,2025-03-26,True,True,True,True,0.7531,diagnosis_suggestion,21.4,45.65
C01874,free,W10,2025-05-10,True,True,False,True,0.6659,coding_recommendation,12.3,0.0
C01874,free,W10,2025-03-07,False,False,False,,,,,0.0
C01875,free,W02,2025-01-31,False,False,False,,,,,0.0
C01875,free,W02,2025-01-23,True,False,False,False,0.3,documentation_gap,,0.0
C01875,free,W02,2025-02-25,False,False,False,,,,,0.0
C01876,pro,W08,2025-04-02,True,True,True,True,0.95,quality_flag,10.4,13.23
C01876,pro,W08,2025-04-09,True,True,True,True,0.5241,documentation_gap,32.7,140.38
C01876,pro,W08,2025-02-23,True,True,True,True,0.7877,quality_flag,5.1,82.47
C01877,free,W02,2025-03-03,False,False,False,,,,,0.0
C01877,free,W02,2025-01-13,True,True,False,True,0.6786,quality_flag,11.9,0.0
C01877,free,W02,2025-01-15,True,True,True,True,0.927,coding_recommendation,8.6,106.95
C01878,free,W10,2025-04-19,False,False,False,,,,,0.0
C01878,free,W10,2025-04-06,True,True,False,True,0.5,quality_flag,11.5,0.0
C01878,free,W10,2025-04-17,False,False,False,,,,,0.0
C01879,free,W07,2025-03-13,False,False,False,,,,,0.0
C01879,free,W07,2025-02-15,True,True,False,True,0.681,quality_flag,8.8,0.0
C01879,free,W07,2025-04-18,True,True,False,True,0.9155,diagnosis_suggestion,26.7,0.0
C01880,free,W02,2025-03-14,True,False,False,False,0.4562,quality_flag,,0.0
C01880,free,W02,2025-02-28,False,False,False,,,,,0.0
C01880,free,W02,2025-03-29,True,True,False,True,0.8701,coding_recommendation,26.1,0.0
C01881,free,W02,2025-03-15,True,True,True,True,0.5339,diagnosis_suggestion,17.3,61.66
C01881,free,W02,2025-01-13,False,False,False,,,,,0.0
C01881,free,W02,2025-03-14,False,False,False,,,,,0.0
C01882,free,W10,2025-04-05,False,False,False,,,,,0.0
C01882,free,W10,2025-04-23,True,True,True,True,0.9273,diagnosis_suggestion,14.8,118.69
C01882,free,W10,2025-04-09,False,False,False,,,,,0.0
C01883,basic,W03,2025-02-17,True,True,False,True,0.911,diagnosis_suggestion,76.5,0.0
C01883,basic,W03,2025-01-27,False,False,False,,,,,0.0
C01883,basic,W03,2025-03-24,False,False,False,,,,,0.0
C01884,free,W03,2025-02-08,False,False,False,,,,,0.0
C01884,free,W03,2025-02-25,True,True,True,True,0.8354,documentation_gap,14.9,24.52
C01884,free,W03,2025-02-11,True,True,True,False,0.6733,coding_recommendation,5.3,-35.65
C01885,basic,W06,2025-03-07,True,True,True,True,0.8202,diagnosis_suggestion,13.5,118.87
C01885,basic,W06,2025-04-15,True,True,True,True,0.8847,documentation_gap,51.8,73.36
C01885,basic,W06,2025-02-26,True,True,False,True,0.8343,diagnosis_suggestion,45.0,0.0
C01886,basic,W10,2025-04-28,True,True,True,True,0.956,diagnosis_suggestion,66.7,23.93
C01886,basic,W10,2025-04-20,True,True,True,True,0.837,diagnosis_suggestion,15.8,53.53
C01886,basic,W10,2025-04-17,True,True,False,True,0.7749,documentation_gap,17.6,0.0
C01887,free,W04,2025-02-16,True,False,False,False,0.3695,coding_recommendation,,0.0
C01887,free,W04,2025-02-28,False,False,False,,,,,0.0
C01887,free,W04,2025-02-07,False,False,False,,,,,0.0
C01887,free,W04,2025-02-20,True,False,False,False,0.3,diagnosis_suggestion,,0.0
C01887,free,W04,2025-02-26,True,True,True,False,0.5876,documentation_gap,14.7,-22.31
C01888,pro,W09,2025-04-11,True,True,False,True,0.9552,diagnosis_suggestion,41.6,0.0
C01888,pro,W09,2025-04-14,True,True,True,True,0.847,documentation_gap,17.0,50.48
C01888,pro,W09,2025-04-14,True,True,False,True,0.9131,coding_recommendation,12.3,0.0
C01889,free,W10,2025-04-18,False,False,False,,,,,0.0
C01889,free,W10,2025-04-25,False,False,False,,,,,0.0
C01889,free,W10,2025-05-20,True,True,True,True,0.7626,diagnosis_suggestion,30.7,90.5
C01890,free,W05,2025-03-22,False,False,False,,,,,0.0
C01890,free,W05,2025-03-17,True,True,False,True,0.7612,documentation_gap,20.9,0.0
C01890,free,W05,2025-04-04,True,False,False,False,0.3,documentation_gap,,0.0
C01890,free,W05,2025-02-25,False,False,False,,,,,0.0
C01891,free,W08,2025-05-12,True,True,False,True,0.7973,quality_flag,28.9,0.0
C01891,free,W08,2025-03-31,False,False,False,,,,,0.0
C01891,free,W08,2025-02-21,True,False,False,False,0.4802,coding_recommendation,,0.0
C01892,free,W10,2025-03-11,False,False,False,,,,,0.0
C01892,free,W10,2025-04-14,False,False,False,,,,,0.0
C01892,free,W10,2025-04-16,True,True,True,True,0.7835,diagnosis_suggestion,19.0,67.58
C01892,free,W10,2025-04-04,False,False,False,,,,,0.0
C01892,free,W10,2025-03-18,False,False,False,,,,,0.0
C01893,basic,W03,2025-02-02,False,False,False,,,,,0.0
C01893,basic,W03,2025-02-01,True,True,False,True,0.9179,documentation_gap,7.7,0.0
C01893,basic,W03,2025-03-07,False,False,False,,,,,0.0
C01894,basic,W11,2025-04-19,False,False,False,,,,,0.0
C01894,basic,W11,2025-04-22,False,False,False,,,,,0.0
C01894,basic,W11,2025-04-29,False,False,False,,,,,0.0
C01895,pro,W09,2025-04-25,True,False,False,False,0.3905,documentation_gap,,0.0
C01895,pro,W09,2025-03-31,True,True,True,True,0.8577,diagnosis_suggestion,38.8,42.6
C01895,pro,W09,2025-05-06,True,True,True,True,0.5,diagnosis_suggestion,11.6,100.96
C01896,basic,W04,2025-03-19,True,True,True,True,0.7854,coding_recommendation,11.9,86.14
C01896,basic,W04,2025-03-23,False,False,False,,,,,0.0
C01896,basic,W04,2025-03-05,False,False,False,,,,,0.0
C01897,free,W03,2025-02-19,True,True,False,True,0.8483,diagnosis_suggestion,105.9,0.0
C01897,free,W03,2025-02-07,True,True,True,True,0.6268,coding_recommendation,26.8,33.54
C01897,free,W03,2025-02-24,False,False,False,,,,,0.0
C01898,free,W09,2025-03-09,True,True,True,True,0.9055,documentation_gap,10.8,95.97
C01898,free,W09,2025-04-16,False,False,False,,,,,0.0
C01898,free,W09,2025-03-31,True,True,False,True,0.97,documentation_gap,7.6,0.0
C01899,basic,W04,2025-03-26,True,True,True,True,0.7329,coding_recommendation,39.6,65.9
C01899,basic,W04,2025-04-14,True,False,False,False,0.3934,quality_flag,,0.0
C01899,basic,W04,2025-04-07,True,True,True,True,0.7742,diagnosis_suggestion,35.2,52.75
C01900,pro,W06,2025-02-05,True,False,False,False,0.4506,documentation_gap,,0.0
C01900,pro,W06,2025-02-27,True,True,False,True,0.7393,documentation_gap,52.2,0.0
C01900,pro,W06,2025-03-05,True,True,True,True,0.8311,documentation_gap,45.8,141.57
C01901,free,W11,2025-04-03,False,False,False,,,,,0.0
C01901,free,W11,2025-05-09,True,True,False,True,0.7595,diagnosis_suggestion,20.7,0.0
C01901,free,W11,2025-04-25,True,True,True,True,0.8099,coding_recommendation,24.5,79.7
C01902,free,W12,2025-05-22,True,True,True,True,0.7778,diagnosis_suggestion,24.3,56.57
C01902,free,W12,2025-05-10,False,False,False,,,,,0.0
C01902,free,W12,2025-04-20,False,False,False,,,,,0.0
C01903,free,W07,2025-02-19,False,False,False,,,,,0.0
C01903,free,W07,2025-04-14,True,True,False,True,0.7737,coding_recommendation,27.1,0.0
C01903,free,W07,2025-04-29,False,False,False,,,,,0.0
C01904,free,W01,2025-03-13,True,True,False,True,0.8525,coding_recommendation,24.2,0.0
C01904,free,W01,2025-03-09,True,True,False,False,0.7717,coding_recommendation,18.8,0.0
C01904,free,W01,2025-01-27,False,False,False,,,,,0.0
C01905,free,W01,2025-02-07,False,False,False,,,,,0.0
C01905,free,W01,2025-02-11,True,False,False,False,0.3726,diagnosis_suggestion,,0.0
C01905,free,W01,2025-01-05,True,True,False,True,0.9145,diagnosis_suggestion,23.8,0.0
C01906,free,W02,2025-03-16,False,False,False,,,,,0.0
C01906,free,W02,2025-03-17,True,False,False,False,0.4388,diagnosis_suggestion,,0.0
C01906,free,W02,2025-03-24,False,False,False,,,,,0.0
C01907,pro,W10,2025-05-20,True,True,True,True,0.7168,coding_recommendation,89.1,107.31
C01907,pro,W10,2025-04-25,True,True,True,True,0.8364,documentation_gap,11.1,37.79
C01907,pro,W10,2025-04-05,True,True,True,True,0.6671,diagnosis_suggestion,2.0,50.41
C01908,free,W11,2025-03-14,False,False,False,,,,,0.0
C01908,free,W11,2025-04-06,True,True,False,True,0.8778,documentation_gap,6.8,0.0
C01908,free,W11,2025-04-21,False,False,False,,,,,0.0
C01909,basic,W02,2025-01-23,True,False,False,False,0.3,diagnosis_suggestion,,0.0
C01909,basic,W02,2025-02-03,True,True,False,True,0.9836,quality_flag,9.9,0.0
C01909,basic,W02,2025-02-23,True,True,False,True,0.929,coding_recommendation,15.3,0.0
C01910,basic,W11,2025-05-15,False,False,False,,,,,0.0
C01910,basic,W11,2025-05-24,True,True,True,True,0.7376,documentation_gap,6.4,74.85
C01910,basic,W11,2025-06-02,False,False,False,,,,,0.0
C01911,basic,W04,2025-01-22,True,True,True,True,0.6671,diagnosis_suggestion,14.9,36.07
C01911,basic,W04,2025-02-05,True,False,False,False,0.4098,documentation_gap,,0.0
C01911,basic,W04,2025-04-02,True,True,False,False,0.6252,diagnosis_suggestion,6.6,0.0
C01911,basic,W04,2025-02-09,True,True,False,True,0.8761,documentation_gap,29.5,0.0
C01911,basic,W04,2025-03-31,True,True,True,True,0.6529,diagnosis_suggestion,48.5,40.49
C01912,free,W01,2025-01-29,False,False,False,,,,,0.0
C01912,free,W01,2025-03-01,True,False,False,False,0.4005,diagnosis_suggestion,,0.0
C01912,free,W01,2025-02-05,False,False,False,,,,,0.0
C01913,free,W10,2025-04-14,True,True,True,True,0.9288,diagnosis_suggestion,2.8,39.61
C01913,free,W10,2025-03-07,True,True,False,True,0.8531,documentation_gap,37.4,0.0
C01913,free,W10,2025-05-15,False,False,False,,,,,0.0
C01914,pro,W11,2025-04-06,True,True,False,True,0.5958,coding_recommendation,47.4,0.0
C01914,pro,W11,2025-04-17,True,False,False,False,0.3,coding_recommendation,,0.0
C01914,pro,W11,2025-04-11,True,True,True,True,0.8296,coding_recommendation,23.1,131.78
C01915,pro,W07,2025-04-24,True,True,False,False,0.5008,quality_flag,46.8,0.0
C01915,pro,W07,2025-05-04,True,True,True,True,0.668,quality_flag,5.7,128.26
C01915,pro,W07,2025-03-02,True,False,False,False,0.3,documentation_gap,,0.0
C01916,free,W06,2025-02-12,True,True,True,False,0.6064,diagnosis_suggestion,9.1,-27.19
C01916,free,W06,2025-04-28,False,False,False,,,,,0.0
C01916,free,W06,2025-03-02,True,True,True,True,0.7167,quality_flag,19.9,18.1
C01917,basic,W06,2025-04-21,False,False,False,,,,,0.0
C01917,basic,W06,2025-03-08,True,True,False,True,0.9153,coding_recommendation,27.9,0.0
C01917,basic,W06,2025-04-09,True,True,True,True,0.7049,diagnosis_suggestion,20.4,79.18
C01918,free,W09,2025-03-06,False,False,False,,,,,0.0
C01918,free,W09,2025-05-03,True,True,True,True,0.5372,diagnosis_suggestion,9.2,24.99
C01918,free,W09,2025-05-03,True,True,False,True,0.6534,coding_recommendation,21.8,0.0
C01919,free,W04,2025-03-21,False,False,False,,,,,0.0
C01919,free,W04,2025-01-28,True,False,False,False,0.3719,quality_flag,,0.0
C01919,free,W04,2025-03-24,True,True,True,True,0.6333,diagnosis_suggestion,15.8,114.26
C01920,free,W08,2025-02-19,False,False,False,,,,,0.0
C01920,free,W08,2025-03-10,False,False,False,,,,,0.0
C01920,free,W08,2025-04-10,True,True,True,True,0.8425,quality_flag,45.1,93.41
C01921,free,W02,2025-01-16,True,True,False,True,0.7328,diagnosis_suggestion,5.0,0.0
C01921,free,W02,2025-02-14,True,True,False,True,0.7409,coding_recommendation,28.5,0.0
C01921,free,W02,2025-02-01,True,True,True,True,0.7517,coding_recommendation,42.1,107.45
C01922,free,W08,2025-02-24,True,True,True,True,0.9287,diagnosis_suggestion,6.8,185.55
C01922,free,W08,2025-03-06,False,False,False,,,,,0.0
C01922,free,W08,2025-03-29,True,True,True,True,0.6526,documentation_gap,5.5,48.64
C01923,basic,W10,2025-05-18,True,False,False,False,0.3,diagnosis_suggestion,,0.0
C01923,basic,W10,2025-03-31,True,True,True,True,0.8504,documentation_gap,36.0,101.06
C01923,basic,W10,2025-05-19,True,True,True,True,0.9657,coding_recommendation,16.0,213.83
C01924,free,W12,2025-04-14,False,False,False,,,,,0.0
C01924,free,W12,2025-05-12,True,True,True,True,0.7861,diagnosis_suggestion,39.8,53.92
C01924,free,W12,2025-05-13,False,False,False,,,,,0.0
C01925,free,W06,2025-04-05,True,True,True,True,0.7817,quality_flag,8.2,38.67
C01925,free,W06,2025-03-13,True,True,True,False,0.6093,diagnosis_suggestion,11.7,-29.22
C01925,free,W06,2025-03-09,True,True,True,False,0.7247,coding_recommendation,38.9,-40.24
C01925,free,W06,2025-04-19,True,False,False,False,0.3551,documentation_gap,,0.0
C01926,free,W08,2025-03-27,False,False,False,,,,,0.0
C01926,free,W08,2025-04-28,True,True,True,True,0.8889,documentation_gap,3.7,76.06
C01926,free,W08,2025-03-05,True,True,True,True,0.8486,documentation_gap,47.0,55.04
C01927,free,W03,2025-01-24,False,False,False,,,,,0.0
C01927,free,W03,2025-01-22,False,False,False,,,,,0.0
C01927,free,W03,2025-01-19,True,True,False,False,0.5048,coding_recommendation,4.2,0.0
C01928,free,W04,2025-02-17,True,False,False,False,0.3136,diagnosis_suggestion,,0.0
C01928,free,W04,2025-02-19,True,True,True,True,0.7693,diagnosis_suggestion,15.3,40.58
C01928,free,W04,2025-03-29,True,True,True,True,0.8783,documentation_gap,46.4,38.5
C01929,pro,W06,2025-04-24,True,True,True,False,0.8389,documentation_gap,57.4,-11.84
C01929,pro,W06,2025-03-16,True,True,False,True,0.8958,documentation_gap,22.0,0.0
C01929,pro,W06,2025-04-27,True,True,True,True,0.9096,quality_flag,63.6,48.97
C01930,free,W01,2025-01-08,False,False,False,,,,,0.0
C01930,free,W01,2025-02-11,False,False,False,,,,,0.0
C01930,free,W01,2025-02-08,False,False,False,,,,,0.0
C01931,free,W01,2025-02-21,False,False,False,,,,,0.0
C01931,free,W01,2025-02-01,True,True,True,True,0.8981,coding_recommendation,18.5,108.5
C01931,free,W01,2025-01-03,True,True,True,False,0.5237,quality_flag,32.3,-39.42
C01932,basic,W12,2025-04-22,True,True,False,True,0.7328,documentation_gap,61.7,0.0
C01932,basic,W12,2025-05-09,True,True,True,True,0.8303,diagnosis_suggestion,49.4,65.6
C01932,basic,W12,2025-06-08,True,True,False,True,0.5964,diagnosis_suggestion,13.5,0.0
C01933,free,W08,2025-02-23,False,False,False,,,,,0.0
C01933,free,W08,2025-02-27,False,False,False,,,,,0.0
C01933,free,W08,2025-02-23,True,True,True,False,0.7233,coding_recommendation,70.2,-24.56
C01934,free,W06,2025-02-24,False,False,False,,,,,0.0
C01934,free,W06,2025-04-15,False,False,False,,,,,0.0
C01934,free,W06,2025-03-11,False,False,False,,,,,0.0
C01934,free,W06,2025-03-23,False,False,False,,,,,0.0
C01934,free,W06,2025-02-28,False,False,False,,,,,0.0
C01934,free,W06,2025-04-05,True,True,True,True,0.9194,diagnosis_suggestion,10.0,34.44
C01934,free,W06,2025-02-07,False,False,False,,,,,0.0
C01934,free,W06,2025-04-28,True,False,False,False,0.3,coding_recommendation,,0.0
C01934,free,W06,2025-02-24,True,True,True,False,0.5749,diagnosis_suggestion,4.7,-17.81
C01934,free,W06,2025-04-07,True,True,True,True,0.8053,diagnosis_suggestion,11.0,21.95
C01934,free,W06,2025-03-22,False,False,False,,,,,0.0
C01934,free,W06,2025-04-19,False,False,False,,,,,0.0
C01934,free,W06,2025-03-17,False,False,False,,,,,0.0
C01935,free,W11,2025-04-21,False,False,False,,,,,0.0
C01935,free,W11,2025-03-27,True,True,False,True,0.5969,quality_flag,16.6,0.0
C01935,free,W11,2025-05-26,True,True,True,False,0.6303,diagnosis_suggestion,3.8,-42.6
C01936,basic,W04,2025-02-08,True,True,False,True,0.5,diagnosis_suggestion,20.5,0.0
C01936,basic,W04,2025-01-24,True,True,True,True,0.8448,documentation_gap,22.2,73.58
C01936,basic,W04,2025-02-21,True,True,True,True,0.7259,quality_flag,9.7,93.13
C01937,free,W05,2025-03-10,False,False,False,,,,,0.0
C01937,free,W05,2025-04-01,False,False,False,,,,,0.0
C01937,free,W05,2025-03-27,False,False,False,,,,,0.0
C01938,pro,W07,2025-04-27,True,False,False,False,0.429,diagnosis_suggestion,,0.0
C01938,pro,W07,2025-02-19,True,True,True,True,0.9114,coding_recommendation,6.1,70.82
C01938,pro,W07,2025-05-01,True,True,True,True,0.7422,documentation_gap,31.1,21.6
C01939,free,W08,2025-03-09,False,False,False,,,,,0.0
C01939,free,W08,2025-03-21,False,False,False,,,,,0.0
C01939,free,W08,2025-03-02,False,False,False,,,,,0.0
C01939,free,W08,2025-05-10,False,False,False,,,,,0.0
C01939,free,W08,2025-03-11,True,True,False,True,0.9876,coding_recommendation,18.6,0.0
C01940,basic,W10,2025-04-11,True,True,True,False,0.5688,diagnosis_suggestion,9.0,-26.15
C01940,basic,W10,2025-04-18,False,False,False,,,,,0.0
C01940,basic,W10,2025-05-05,True,True,True,True,0.5069,coding_recommendation,42.0,75.99
C01941,free,W07,2025-03-14,False,False,False,,,,,0.0
C01941,free,W07,2025-05-06,True,True,False,False,0.641,coding_recommendation,28.4,0.0
C01941,free,W07,2025-04-18,True,True,False,True,0.9133,coding_recommendation,8.1,0.0
C01942,basic,W07,2025-02-28,False,False,False,,,,,0.0
C01942,basic,W07,2025-03-14,True,True,False,True,0.897,diagnosis_suggestion,13.9,0.0
C01942,basic,W07,2025-02-21,True,True,True,True,0.8886,quality_flag,9.4,130.54
C01943,free,W07,2025-03-16,True,True,True,True,0.9164,documentation_gap,9.4,11.78
C01943,free,W07,2025-04-08,False,False,False,,,,,0.0
C01943,free,W07,2025-05-04,False,False,False,,,,,0.0
C01944,pro,W04,2025-02-23,True,True,True,True,0.9176,documentation_gap,39.8,64.65
C01944,pro,W04,2025-03-03,False,False,False,,,,,0.0
C01944,pro,W04,2025-03-09,True,False,False,False,0.3482,diagnosis_suggestion,,0.0
C01945,free,W05,2025-03-10,False,False,False,,,,,0.0
C01945,free,W05,2025-02-21,True,True,True,True,0.8483,coding_recommendation,19.9,52.18
C01945,free,W05,2025-03-09,True,True,True,True,0.9412,diagnosis_suggestion,27.8,66.85
C01946,free,W10,2025-03-11,True,True,True,True,0.9735,coding_recommendation,8.0,40.53
C01946,free,W10,2025-03-14,True,True,True,True,0.9121,quality_flag,28.7,60.56
C01946,free,W10,2025-05-01,False,False,False,,,,,0.0
C01947,basic,W07,2025-03-23,False,False,False,,,,,0.0
C01947,basic,W07,2025-04-13,True,True,False,True,0.8153,coding_recommendation,27.6,0.0
C01947,basic,W07,2025-02-19,True,True,True,True,0.7612,quality_flag,10.5,72.74
C01948,free,W03,2025-03-10,False,False,False,,,,,0.0
C01948,free,W03,2025-03-15,False,False,False,,,,,0.0
C01948,free,W03,2025-02-20,False,False,False,,,,,0.0
C01949,pro,W05,2025-03-07,True,True,True,True,0.6139,documentation_gap,15.4,138.24
C01949,pro,W05,2025-03-28,True,True,True,True,0.9075,diagnosis_suggestion,11.4,40.61
C01949,pro,W05,2025-03-05,True,True,False,True,0.75,diagnosis_suggestion,19.2,0.0
C01950,pro,W07,2025-03-03,True,True,True,True,0.7612,diagnosis_suggestion,21.3,23.51
C01950,pro,W07,2025-04-25,True,True,False,True,0.9531,diagnosis_suggestion,76.2,0.0
C01950,pro,W07,2025-03-27,True,False,False,False,0.3321,coding_recommendation,,0.0
C01951,free,W02,2025-02-26,False,False,False,,,,,0.0
C01951,free,W02,2025-02-27,False,False,False,,,,,0.0
C01951,free,W02,2025-01-30,True,True,True,True,0.6596,documentation_gap,6.1,50.36
C01952,pro,W07,2025-02-27,False,False,False,,,,,0.0
C01952,pro,W07,2025-02-21,True,True,True,False,0.5209,quality_flag,67.6,-15.95
C01952,pro,W07,2025-03-06,True,True,False,True,0.6022,diagnosis_suggestion,31.4,0.0
C01953,basic,W06,2025-03-18,False,False,False,,,,,0.0
C01953,basic,W06,2025-04-19,True,True,False,True,0.8029,documentation_gap,65.1,0.0
C01953,basic,W06,2025-04-12,True,True,True,False,0.6751,documentation_gap,58.0,-18.98
C01954,free,W08,2025-05-07,False,False,False,,,,,0.0
C01954,free,W08,2025-02-23,True,True,True,True,0.8702,quality_flag,64.8,19.43
C01954,free,W08,2025-05-12,False,False,False,,,,,0.0
C01955,free,W07,2025-04-10,False,False,False,,,,,0.0
C01955,free,W07,2025-03-28,False,False,False,,,,,0.0
C01955,free,W07,2025-03-25,False,False,False,,,,,0.0
C01956,basic,W04,2025-02-28,True,True,True,False,0.6536,coding_recommendation,70.2,-16.41
C01956,basic,W04,2025-04-05,False,False,False,,,,,0.0
C01956,basic,W04,2025-02-02,True,True,True,True,0.9429,coding_recommendation,87.7,63.86
C01957,free,W05,2025-04-14,False,False,False,,,,,0.0
C01957,free,W05,2025-03-12,False,False,False,,,,,0.0
C01957,free,W05,2025-04-13,True,True,False,True,0.5,diagnosis_suggestion,7.9,0.0
C01958,free,W11,2025-03-21,True,True,True,False,0.5949,diagnosis_suggestion,29.2,-10.56
C01958,free,W11,2025-04-05,False,False,False,,,,,0.0
C01958,free,W11,2025-05-17,False,False,False,,,,,0.0
C01959,basic,W10,2025-05-18,True,True,True,True,0.8865,diagnosis_suggestion,16.9,58.28
C01959,basic,W10,2025-04-18,False,False,False,,,,,0.0
C01959,basic,W10,2025-04-06,True,True,True,True,0.8067,coding_recommendation,22.4,16.81
C01960,basic,W10,2025-05-17,True,False,False,False,0.3261,coding_recommendation,,0.0
C01960,basic,W10,2025-04-25,True,True,False,True,0.7954,coding_recommendation,4.5,0.0
C01960,basic,W10,2025-04-11,True,True,True,True,0.8894,documentation_gap,15.5,40.65
C01961,pro,W06,2025-02-11,True,True,True,True,0.8361,quality_flag,83.0,24.74
C01961,pro,W06,2025-03-18,True,False,False,False,0.3327,documentation_gap,,0.0
C01961,pro,W06,2025-03-03,False,False,False,,,,,0.0
C01962,basic,W02,2025-02-04,True,True,False,True,0.852,quality_flag,44.0,0.0
C01962,basic,W02,2025-02-19,False,False,False,,,,,0.0
C01962,basic,W02,2025-03-15,False,False,False,,,,,0.0
C01963,basic,W10,2025-05-18,True,True,True,True,0.8746,diagnosis_suggestion,4.9,31.93
C01963,basic,W10,2025-05-24,False,False,False,,,,,0.0
C01963,basic,W10,2025-05-17,False,False,False,,,,,0.0
C01964,free,W06,2025-04-11,False,False,False,,,,,0.0
C01964,free,W06,2025-04-23,True,True,True,True,0.6872,diagnosis_suggestion,7.3,32.02
C01964,free,W06,2025-04-27,False,False,False,,,,,0.0
C01965,basic,W10,2025-05-15,True,True,True,True,0.5051,quality_flag,17.3,50.24
C01965,basic,W10,2025-03-24,True,True,True,True,0.9431,diagnosis_suggestion,12.4,239.43
C01965,basic,W10,2025-04-06,True,False,False,False,0.3553,coding_recommendation,,0.0
C01966,basic,W09,2025-04-26,True,True,True,True,0.7918,documentation_gap,12.3,212.52
C01966,basic,W09,2025-03-27,True,True,True,True,0.7402,documentation_gap,22.1,31.52
C01966,basic,W09,2025-02-27,True,False,False,False,0.4355,diagnosis_suggestion,,0.0
C01967,free,W08,2025-04-06,True,False,False,False,0.3383,diagnosis_suggestion,,0.0
C01967,free,W08,2025-02-26,True,True,True,True,0.9278,coding_recommendation,13.0,111.61
C01967,free,W08,2025-04-11,False,False,False,,,,,0.0
C01967,free,W08,2025-04-12,True,True,False,True,0.9612,quality_flag,84.3,0.0
C01967,free,W08,2025-04-25,False,False,False,,,,,0.0
C01968,basic,W12,2025-05-05,True,True,True,False,0.5942,diagnosis_suggestion,8.9,-10.79
C01968,basic,W12,2025-06-09,True,True,True,True,0.7669,coding_recommendation,33.8,190.4
C01968,basic,W12,2025-05-18,False,False,False,,,,,0.0
C01968,basic,W12,2025-03-27,True,True,True,True,0.951,diagnosis_suggestion,3.3,105.57
C01968,basic,W12,2025-05-21,False,False,False,,,,,0.0
C01969,basic,W05,2025-03-01,True,True,True,True,0.8449,diagnosis_suggestion,75.6,111.24
C01969,basic,W05,2025-03-11,True,True,True,True,0.9692,coding_recommendation,6.6,42.29
C01969,basic,W05,2025-04-09,True,True,False,True,0.7715,coding_recommendation,20.1,0.0
C01970,pro,W05,2025-03-19,True,True,True,True,0.9528,quality_flag,15.7,44.1
C01970,pro,W05,2025-01-29,True,True,True,True,0.9255,diagnosis_suggestion,43.0,66.31
C01970,pro,W05,2025-03-15,True,True,True,True,0.7176,documentation_gap,32.1,83.05
C01971,basic,W11,2025-04-13,False,False,False,,,,,0.0
C01971,basic,W11,2025-04-19,True,True,False,True,0.8223,coding_recommendation,6.3,0.0
C01971,basic,W11,2025-04-05,True,True,True,False,0.7313,diagnosis_suggestion,11.5,-32.41
C01972,free,W10,2025-03-08,True,True,False,True,0.8636,diagnosis_suggestion,10.4,0.0
C01972,free,W10,2025-03-28,False,False,False,,,,,0.0
C01972,free,W10,2025-03-23,True,True,False,True,0.7174,coding_recommendation,7.1,0.0
C01973,free,W12,2025-05-31,True,True,False,True,0.7123,coding_recommendation,22.0,0.0
C01973,free,W12,2025-05-13,False,False,False,,,,,0.0
C01973,free,W12,2025-06-06,True,True,True,False,0.8405,quality_flag,18.3,-12.36
C01974,pro,W10,2025-04-30,True,True,False,True,0.6886,documentation_gap,36.2,0.0
C01974,pro,W10,2025-03-09,True,True,True,True,0.6584,diagnosis_suggestion,34.1,25.18
C01974,pro,W10,2025-03-11,False,False,False,,,,,0.0
C01975,pro,W02,2025-03-02,True,False,False,False,0.3,quality_flag,,0.0
C01975,pro,W02,2025-03-18,True,True,True,True,0.8922,diagnosis_suggestion,16.9,71.99
C01975,pro,W02,2025-02-20,True,True,True,True,0.7724,coding_recommendation,63.2,46.69
C01976,basic,W10,2025-04-08,False,False,False,,,,,0.0
C01976,basic,W10,2025-04-12,True,True,True,True,0.8681,coding_recommendation,26.0,174.16
C01976,basic,W10,2025-05-09,True,True,False,True,0.7851,documentation_gap,35.9,0.0
C01977,free,W03,2025-03-17,False,False,False,,,,,0.0
C01977,free,W03,2025-01-22,False,False,False,,,,,0.0
C01977,free,W03,2025-02-12,False,False,False,,,,,0.0
C01978,free,W12,2025-03-28,False,False,False,,,,,0.0
C01978,free,W12,2025-04-25,False,False,False,,,,,0.0
C01978,free,W12,2025-04-30,True,True,False,True,0.9233,coding_recommendation,30.2,0.0
C01979,free,W09,2025-05-19,False,False,False,,,,,0.0
C01979,free,W09,2025-03-29,False,False,False,,,,,0.0
C01979,free,W09,2025-05-11,True,True,True,True,0.7848,coding_recommendation,14.0,128.52
C01980,basic,W07,2025-04-08,True,True,True,True,0.8901,quality_flag,13.9,10.22
C01980,basic,W07,2025-03-27,False,False,False,,,,,0.0
C01980,basic,W07,2025-04-08,True,True,False,True,0.8086,documentation_gap,36.2,0.0
C01981,free,W11,2025-05-09,False,False,False,,,,,0.0
C01981,free,W11,2025-04-07,True,True,False,True,0.6198,quality_flag,28.7,0.0
C01981,free,W11,2025-05-03,False,False,False,,,,,0.0
C01982,free,W08,2025-02-25,True,True,False,True,0.8229,documentation_gap,26.5,0.0
C01982,free,W08,2025-03-03,True,True,True,False,0.523,coding_recommendation,10.8,-23.01
C01982,free,W08,2025-05-13,True,True,False,False,0.5581,quality_flag,14.9,0.0
C01983,pro,W11,2025-05-21,True,True,True,True,0.9445,coding_recommendation,95.4,68.0
C01983,pro,W11,2025-03-26,True,True,False,True,0.8045,quality_flag,37.9,0.0
C01983,pro,W11,2025-04-06,True,True,True,True,0.762,documentation_gap,74.6,50.77
C01984,free,W09,2025-05-16,False,False,False,,,,,0.0
C01984,free,W09,2025-02-27,False,False,False,,,,,0.0
C01984,free,W09,2025-03-03,False,False,False,,,,,0.0
C01985,basic,W03,2025-04-07,True,True,False,True,0.5177,diagnosis_suggestion,12.3,0.0
C01985,basic,W03,2025-03-22,True,True,True,True,0.8182,diagnosis_suggestion,29.3,41.57
C01985,basic,W03,2025-03-31,True,True,True,True,0.7374,coding_recommendation,9.1,51.7
C01986,pro,W05,2025-04-11,True,True,True,False,0.6451,coding_recommendation,128.2,-24.59
C01986,pro,W05,2025-02-19,True,True,True,True,0.8204,diagnosis_suggestion,18.8,23.88
C01986,pro,W05,2025-03-09,True,True,True,True,0.7399,coding_recommendation,23.9,49.56
C01987,free,W04,2025-03-22,True,True,True,True,0.8223,coding_recommendation,14.5,21.96
C01987,free,W04,2025-01-28,False,False,False,,,,,0.0
C01987,free,W04,2025-04-09,False,False,False,,,,,0.0
C01988,pro,W04,2025-02-13,True,True,True,True,0.9703,quality_flag,81.6,89.87
C01988,pro,W04,2025-01-24,True,True,True,True,0.8147,coding_recommendation,21.9,55.54
C01988,pro,W04,2025-03-30,True,False,False,False,0.3183,coding_recommendation,,0.0
C01989,free,W05,2025-02-18,False,False,False,,,,,0.0
C01989,free,W05,2025-03-19,False,False,False,,,,,0.0
C01989,free,W05,2025-02-09,False,False,False,,,,,0.0
C01990,basic,W05,2025-02-18,True,True,False,True,0.8556,coding_recommendation,57.6,0.0
C01990,basic,W05,2025-03-25,False,False,False,,,,,0.0
C01990,basic,W05,2025-04-14,True,False,False,False,0.4469,documentation_gap,,0.0
C01991,basic,W04,2025-01-24,True,False,False,False,0.3,diagnosis_suggestion,,0.0
C01991,basic,W04,2025-02-21,False,False,False,,,,,0.0
C01991,basic,W04,2025-02-06,True,True,True,True,0.7702,quality_flag,8.2,41.85
C01991,basic,W04,2025-04-08,False,False,False,,,,,0.0
C01991,basic,W04,2025-03-12,True,True,False,True,0.8762,quality_flag,38.5,0.0
C01991,basic,W04,2025-03-01,True,True,True,True,0.8305,quality_flag,12.5,89.74
C01991,basic,W04,2025-03-03,True,True,False,True,0.66,diagnosis_suggestion,17.7,0.0
C01991,basic,W04,2025-02-03,True,True,True,True,0.7432,quality_flag,30.3,71.74
C01991,basic,W04,2025-02-15,False,False,False,,,,,0.0
C01991,basic,W04,2025-02-20,True,True,True,True,0.6894,diagnosis_suggestion,39.0,12.25
C01992,pro,W06,2025-04-15,True,True,False,False,0.5505,diagnosis_suggestion,20.2,0.0
C01992,pro,W06,2025-02-07,True,True,True,True,0.8044,quality_flag,58.6,120.88
C01992,pro,W06,2025-04-10,True,True,False,True,0.8866,coding_recommendation,20.6,0.0
C01993,free,W07,2025-04-07,True,False,False,False,0.4532,quality_flag,,0.0
C01993,free,W07,2025-04-18,False,False,False,,,,,0.0
C01993,free,W07,2025-03-15,False,False,False,,,,,0.0
C01993,free,W07,2025-02-15,True,True,True,True,0.8631,quality_flag,58.0,103.99
C01994,basic,W08,2025-05-02,False,False,False,,,,,0.0
C01994,basic,W08,2025-03-28,True,True,True,False,0.7174,quality_flag,161.3,-33.7
C01994,basic,W08,2025-04-06,True,False,False,False,0.3981,coding_recommendation,,0.0
C01995,basic,W03,2025-01-30,True,True,False,True,0.8315,documentation_gap,50.0,0.0
C01995,basic,W03,2025-03-05,True,True,True,True,0.8371,coding_recommendation,5.0,40.7
C01995,basic,W03,2025-02-26,False,False,False,,,,,0.0
C01996,basic,W04,2025-02-16,True,True,True,True,0.7347,coding_recommendation,12.8,55.68
C01996,basic,W04,2025-02-14,False,False,False,,,,,0.0
C01996,basic,W04,2025-02-24,False,False,False,,,,,0.0
C01997,basic,W01,2025-01-05,False,False,False,,,,,0.0
C01997,basic,W01,2025-01-21,True,True,False,True,0.6953,documentation_gap,120.7,0.0
C01997,basic,W01,2025-03-25,False,False,False,,,,,0.0
C01998,free,W01,2025-03-07,True,False,False,False,0.3,diagnosis_suggestion,,0.0
C01998,free,W01,2025-01-25,False,False,False,,,,,0.0
C01998,free,W01,2025-01-07,True,False,False,False,0.3,coding_recommendation,,0.0
C01999,pro,W05,2025-03-02,True,True,True,True,0.8874,diagnosis_suggestion,58.6,45.85
C01999,pro,W05,2025-04-15,True,True,True,False,0.6426,diagnosis_suggestion,2.0,-14.51
C01999,pro,W05,2025-02-05,True,True,True,True,0.6454,diagnosis_suggestion,13.1,133.23
C02000,free,W01,2025-01-09,True,True,True,True,0.9256,diagnosis_suggestion,43.9,89.62
C02000,free,W01,2025-03-19,False,False,False,,,,,0.0
C02000,free,W01,2025-02-13,False,False,False,,,,,0.0
C02001,basic,W09,2025-04-08,False,False,False,,,,,0.0
C02001,basic,W09,2025-04-05,True,True,True,True,0.8631,coding_recommendation,7.8,189.78
C02001,basic,W09,2025-05-07,True,True,True,True,0.9301,quality_flag,3.4,20.52
C02002,pro,W12,2025-05-12,False,False,False,,,,,0.0
C02002,pro,W12,2025-05-21,True,True,True,True,0.801,documentation_gap,21.7,83.56
C02002,pro,W12,2025-03-30,True,True,True,True,0.9624,quality_flag,25.8,27.52
C02003,basic,W03,2025-02-20,True,True,True,True,0.8133,diagnosis_suggestion,30.0,24.45
C02003,basic,W03,2025-02-26,True,True,True,True,0.9664,coding_recommendation,9.3,16.05
C02003,basic,W03,2025-03-11,True,True,False,True,0.8602,documentation_gap,14.2,0.0
C02004,free,W10,2025-04-19,True,True,True,True,0.7843,documentation_gap,8.1,86.28
C02004,free,W10,2025-04-29,True,True,True,True,0.7868,coding_recommendation,8.5,43.2
C02004,free,W10,2025-04-06,False,False,False,,,,,0.0
C02005,basic,W09,2025-05-03,True,True,True,True,0.7287,documentation_gap,22.2,56.64
C02005,basic,W09,2025-04-27,True,False,False,False,0.4221,diagnosis_suggestion,,0.0
C02005,basic,W09,2025-05-08,True,True,False,True,0.7489,coding_recommendation,9.3,0.0
C02006,free,W05,2025-03-19,False,False,False,,,,,0.0
C02006,free,W05,2025-03-21,False,False,False,,,,,0.0
C02006,free,W05,2025-03-06,True,True,True,True,0.8054,diagnosis_suggestion,29.2,26.71
C02007,pro,W02,2025-01-23,False,False,False,,,,,0.0
C02007,pro,W02,2025-03-12,True,True,False,True,0.9173,coding_recommendation,102.9,0.0
C02007,pro,W02,2025-02-16,True,True,True,True,0.9407,coding_recommendation,7.8,28.58
C02008,basic,W09,2025-05-06,True,True,False,True,0.533,documentation_gap,4.8,0.0
C02008,basic,W09,2025-05-15,True,False,False,False,0.382,documentation_gap,,0.0
C02008,basic,W09,2025-03-22,False,False,False,,,,,0.0
C02009,pro,W07,2025-05-06,True,True,True,True,0.7198,diagnosis_suggestion,46.8,43.96
C02009,pro,W07,2025-03-11,False,False,False,,,,,0.0
C02009,pro,W07,2025-04-19,True,True,True,True,0.9213,diagnosis_suggestion,22.7,96.04
C02010,free,W11,2025-04-29,False,False,False,,,,,0.0
C02010,free,W11,2025-03-23,False,False,False,,,,,0.0
C02010,free,W11,2025-04-29,False,False,False,,,,,0.0
C02011,basic,W06,2025-02-06,True,True,False,True,0.7243,coding_recommendation,19.6,0.0
C02011,basic,W06,2025-03-04,True,True,True,True,0.5,coding_recommendation,35.8,14.29
C02011,basic,W06,2025-02-25,True,True,False,False,0.5842,diagnosis_suggestion,13.1,0.0
C02011,basic,W06,2025-02-10,False,False,False,,,,,0.0
C02011,basic,W06,2025-04-11,False,False,False,,,,,0.0
C02011,basic,W06,2025-04-18,False,False,False,,,,,0.0
C02011,basic,W06,2025-02-20,False,False,False,,,,,0.0
C02011,basic,W06,2025-03-21,True,True,False,True,0.6535,diagnosis_suggestion,16.0,0.0
C02011,basic,W06,2025-03-10,True,False,False,False,0.4882,diagnosis_suggestion,,0.0
C02011,basic,W06,2025-03-17,False,False,False,,,,,0.0
C02012,pro,W01,2025-02-16,True,True,True,True,0.8578,coding_recommendation,17.6,94.77
C02012,pro,W01,2025-01-17,True,True,True,True,0.7201,documentation_gap,14.2,41.49
C02012,pro,W01,2025-03-15,False,False,False,,,,,0.0
C02013,basic,W03,2025-03-11,False,False,False,,,,,0.0
C02013,basic,W03,2025-03-08,True,True,True,True,0.7103,diagnosis_suggestion,17.8,27.45
C02013,basic,W03,2025-02-25,True,True,False,False,0.7077,diagnosis_suggestion,25.2,0.0
C02014,free,W05,2025-03-30,False,False,False,,,,,0.0
C02014,free,W05,2025-03-11,False,False,False,,,,,0.0
C02014,free,W05,2025-04-06,True,False,False,False,0.3969,coding_recommendation,,0.0
C02015,free,W05,2025-02-17,True,True,True,True,0.6499,coding_recommendation,35.3,18.52
C02015,free,W05,2025-02-06,True,True,False,True,0.7999,diagnosis_suggestion,22.6,0.0
C02015,free,W05,2025-02-16,True,False,False,False,0.4594,documentation_gap,,0.0
C02016,basic,W05,2025-04-11,True,True,True,True,0.6093,diagnosis_suggestion,15.4,45.91
C02016,basic,W05,2025-02-21,True,True,True,True,0.8745,coding_recommendation,18.8,45.89
C02016,basic,W05,2025-02-26,True,False,False,False,0.4527,coding_recommendation,,0.0
C02017,basic,W03,2025-02-24,True,True,False,True,0.5,coding_recommendation,29.3,0.0
C02017,basic,W03,2025-03-26,True,False,False,False,0.3,quality_flag,,0.0
C02017,basic,W03,2025-02-16,True,True,True,True,0.6126,diagnosis_suggestion,34.5,103.96
C02018,free,W12,2025-03-30,False,False,False,,,,,0.0
C02018,free,W12,2025-04-10,False,False,False,,,,,0.0
C02018,free,W12,2025-04-25,True,True,False,False,0.7073,diagnosis_suggestion,26.5,0.0
C02019,free,W11,2025-03-21,False,False,False,,,,,0.0
C02019,free,W11,2025-05-12,False,False,False,,,,,0.0
C02019,free,W11,2025-03-26,True,True,True,True,0.7012,coding_recommendation,134.0,78.42
C02020,free,W04,2025-04-09,True,True,True,True,0.7772,quality_flag,28.3,21.02
C02020,free,W04,2025-03-05,False,False,False,,,,,0.0
C02020,free,W04,2025-02-17,True,True,False,True,0.8974,diagnosis_suggestion,29.6,0.0
C02021,free,W06,2025-03-22,False,False,False,,,,,0.0
C02021,free,W06,2025-04-22,False,False,False,,,,,0.0
C02021,free,W06,2025-04-25,True,True,True,True,0.7944,diagnosis_suggestion,10.9,40.62
C02022,pro,W03,2025-01-26,True,False,False,False,0.3845,diagnosis_suggestion,,0.0
C02022,pro,W03,2025-03-23,True,True,True,True,0.9145,coding_recommendation,15.7,67.18
C02022,pro,W03,2025-01-25,True,True,True,True,0.6853,diagnosis_suggestion,15.4,24.91
C02022,pro,W03,2025-04-02,False,False,False,,,,,0.0
C02022,pro,W03,2025-02-21,True,True,True,True,0.8992,documentation_gap,15.5,55.05
C02022,pro,W03,2025-01-15,False,False,False,,,,,0.0
C02022,pro,W03,2025-02-26,True,True,True,True,0.8867,coding_recommendation,18.4,142.87
C02023,basic,W08,2025-05-11,True,True,True,True,0.9152,quality_flag,11.7,59.55
C02023,basic,W08,2025-03-17,True,True,False,False,0.5311,coding_recommendation,11.4,0.0
C02023,basic,W08,2025-03-03,True,True,True,True,0.8358,diagnosis_suggestion,21.2,66.63
C02023,basic,W08,2025-04-19,True,True,False,True,0.8178,coding_recommendation,45.2,0.0
C02023,basic,W08,2025-04-27,True,True,False,True,0.8969,diagnosis_suggestion,16.7,0.0
C02024,free,W11,2025-05-25,False,False,False,,,,,0.0
C02024,free,W11,2025-04-18,False,False,False,,,,,0.0
C02024,free,W11,2025-03-31,True,True,True,True,0.9143,documentation_gap,11.7,72.92
C02025,free,W03,2025-03-17,True,True,False,True,0.8295,documentation_gap,40.5,0.0
C02025,free,W03,2025-03-23,True,True,False,True,0.7549,quality_flag,20.9,0.0
C02025,free,W03,2025-03-03,True,True,True,True,0.8038,coding_recommendation,8.6,35.51
C02026,basic,W04,2025-02-03,True,True,True,True,0.9534,diagnosis_suggestion,36.9,46.54
C02026,basic,W04,2025-04-15,False,False,False,,,,,0.0
C02026,basic,W04,2025-03-06,True,False,False,False,0.3,documentation_gap,,0.0
C02027,pro,W11,2025-05-11,True,True,False,True,0.779,documentation_gap,56.7,0.0
C02027,pro,W11,2025-04-02,True,False,False,False,0.3425,coding_recommendation,,0.0
C02027,pro,W11,2025-04-14,True,True,True,True,0.9692,coding_recommendation,11.5,62.15
C02028,free,W06,2025-03-09,False,False,False,,,,,0.0
C02028,free,W06,2025-04-03,False,False,False,,,,,0.0
C02028,free,W06,2025-04-05,True,True,True,True,0.9419,coding_recommendation,26.3,76.53
C02029,pro,W07,2025-03-17,True,True,True,True,0.8604,documentation_gap,18.0,72.71
C02029,pro,W07,2025-03-04,True,False,False,False,0.3,coding_recommendation,,0.0
C02029,pro,W07,2025-03-21,False,False,False,,,,,0.0
C02030,basic,W03,2025-01-25,False,False,False,,,,,0.0
C02030,basic,W03,2025-04-06,True,True,True,False,0.6164,coding_recommendation,29.9,-18.61
C02030,basic,W03,2025-03-26,True,False,False,False,0.4505,coding_recommendation,,0.0
C02031,free,W09,2025-04-17,False,False,False,,,,,0.0
C02031,free,W09,2025-04-20,False,False,False,,,,,0.0
C02031,free,W09,2025-05-11,True,True,True,True,0.9372,diagnosis_suggestion,14.6,94.05
C02032,free,W05,2025-02-12,True,False,False,False,0.3,coding_recommendation,,0.0
C02032,free,W05,2025-02-27,True,True,False,True,0.7523,coding_recommendation,20.9,0.0
C02032,free,W05,2025-02-16,False,False,False,,,,,0.0
C02033,free,W05,2025-03-13,False,False,False,,,,,0.0
C02033,free,W05,2025-02-08,False,False,False,,,,,0.0
C02033,free,W05,2025-04-07,True,True,True,True,0.7727,diagnosis_suggestion,7.9,33.61
C02034,pro,W09,2025-03-02,True,True,True,False,0.6841,documentation_gap,34.8,-24.29
C02034,pro,W09,2025-03-06,True,True,False,True,0.977,documentation_gap,21.1,0.0
C02034,pro,W09,2025-03-19,True,True,False,True,0.7557,coding_recommendation,23.3,0.0
C02035,pro,W03,2025-02-08,True,True,True,True,0.8135,diagnosis_suggestion,33.2,151.34
C02035,pro,W03,2025-02-14,True,True,False,True,0.522,diagnosis_suggestion,48.2,0.0
C02035,pro,W03,2025-02-12,True,True,True,True,0.9876,diagnosis_suggestion,7.7,44.09
C02036,free,W02,2025-01-12,True,True,False,True,0.7848,quality_flag,6.6,0.0
C02036,free,W02,2025-03-31,True,True,False,False,0.8882,coding_recommendation,11.2,0.0
C02036,free,W02,2025-02-14,False,False,False,,,,,0.0
C02036,free,W02,2025-03-09,True,True,True,True,0.7941,coding_recommendation,34.9,150.32
C02036,free,W02,2025-01-19,True,True,True,True,0.8686,diagnosis_suggestion,20.1,77.96
C02036,free,W02,2025-02-01,False,False,False,,,,,0.0
C02036,free,W02,2025-01-09,False,False,False,,,,,0.0
C02037,free,W03,2025-03-15,True,True,True,False,0.5822,diagnosis_suggestion,9.3,-13.29
C02037,free,W03,2025-03-29,True,True,False,True,0.6878,documentation_gap,31.1,0.0
C02037,free,W03,2025-03-16,False,False,False,,,,,0.0
C02038,basic,W05,2025-03-22,True,False,False,False,0.3835,diagnosis_suggestion,,0.0
C02038,basic,W05,2025-03-27,False,False,False,,,,,0.0
C02038,basic,W05,2025-03-18,True,True,True,True,0.69,coding_recommendation,74.3,55.13
C02039,free,W07,2025-03-28,True,True,True,True,0.8889,documentation_gap,96.8,42.21
C02039,free,W07,2025-02-23,False,False,False,,,,,0.0
C02039,free,W07,2025-04-22,False,False,False,,,,,0.0
C02040,pro,W07,2025-04-08,True,True,True,False,0.5483,documentation_gap,24.3,-34.41
C02040,pro,W07,2025-03-13,True,True,True,False,0.5732,documentation_gap,11.0,-5.07
C02040,pro,W07,2025-04-14,False,False,False,,,,,0.0
C02040,pro,W07,2025-02-21,True,True,False,True,0.7726,documentation_gap,13.0,0.0
C02040,pro,W07,2025-03-17,True,True,False,True,0.8555,quality_flag,4.1,0.0
C02041,pro,W03,2025-02-01,False,False,False,,,,,0.0
C02041,pro,W03,2025-02-08,True,True,True,True,0.8545,coding_recommendation,95.4,67.28
C02041,pro,W03,2025-03-16,False,False,False,,,,,0.0
C02042,basic,W10,2025-05-09,False,False,False,,,,,0.0
C02042,basic,W10,2025-03-19,False,False,False,,,,,0.0
C02042,basic,W10,2025-05-07,True,False,False,False,0.4647,documentation_gap,,0.0
C02042,basic,W10,2025-04-26,False,False,False,,,,,0.0
C02043,free,W09,2025-04-27,True,True,True,True,0.6531,documentation_gap,49.1,60.3
C02043,free,W09,2025-04-04,True,True,False,True,0.6578,documentation_gap,2.0,0.0
C02043,free,W09,2025-03-23,True,True,True,True,0.8677,quality_flag,20.9,23.98
C02044,pro,W08,2025-04-30,True,True,True,False,0.7292,coding_recommendation,48.9,-14.58
C02044,pro,W08,2025-03-21,False,False,False,,,,,0.0
C02044,pro,W08,2025-05-11,False,False,False,,,,,0.0
C02045,free,W05,2025-03-04,True,True,True,True,0.6283,documentation_gap,9.1,126.0
C02045,free,W05,2025-02-28,True,True,True,False,0.6854,documentation_gap,11.0,-17.96
C02045,free,W05,2025-03-10,True,True,True,True,0.7723,diagnosis_suggestion,32.2,22.44
C02046,free,W02,2025-03-01,False,False,False,,,,,0.0
C02046,free,W02,2025-02-17,True,False,False,False,0.4998,diagnosis_suggestion,,0.0
C02046,free,W02,2025-03-05,False,False,False,,,,,0.0
C02047,basic,W10,2025-04-06,True,True,True,True,0.7645,documentation_gap,108.4,100.94
C02047,basic,W10,2025-05-19,True,True,True,True,0.693,documentation_gap,49.3,50.79
C02047,basic,W10,2025-05-08,True,True,True,True,0.9289,coding_recommendation,14.4,27.61
C02048,free,W10,2025-05-03,True,True,False,True,0.99,documentation_gap,15.9,0.0
C02048,free,W10,2025-03-07,True,True,True,True,0.9164,coding_recommendation,29.2,18.17
C02048,free,W10,2025-04-13,False,False,False,,,,,0.0
C02049,free,W04,2025-04-01,False,False,False,,,,,0.0
C02049,free,W04,2025-04-01,False,False,False,,,,,0.0
C02049,free,W04,2025-03-03,True,True,False,False,0.6868,quality_flag,16.1,0.0
C02050,free,W08,2025-02-26,False,False,False,,,,,0.0
C02050,free,W08,2025-04-11,True,True,True,False,0.5714,diagnosis_suggestion,47.6,-17.98
C02050,free,W08,2025-02-27,True,True,False,True,0.9267,quality_flag,26.6,0.0
C02051,free,W08,2025-04-07,True,True,True,False,0.7891,documentation_gap,8.5,-75.27
C02051,free,W08,2025-03-25,False,False,False,,,,,0.0
C02051,free,W08,2025-02-19,False,False,False,,,,,0.0
C02051,free,W08,2025-04-20,False,False,False,,,,,0.0
C02051,free,W08,2025-03-26,False,False,False,,,,,0.0
C02052,pro,W01,2025-01-07,True,False,False,False,0.4671,documentation_gap,,0.0
C02052,pro,W01,2025-03-25,False,False,False,,,,,0.0
C02052,pro,W01,2025-03-24,True,True,True,True,0.9772,coding_recommendation,43.8,48.05
C02053,pro,W01,2025-01-11,True,True,True,True,0.8453,documentation_gap,41.3,36.89
C02053,pro,W01,2025-01-30,True,True,False,True,0.654,documentation_gap,23.1,0.0
C02053,pro,W01,2025-02-23,True,True,True,True,0.6452,diagnosis_suggestion,59.6,47.11
C02053,pro,W01,2025-03-15,True,True,True,True,0.5894,documentation_gap,11.3,97.48
C02054,basic,W04,2025-03-19,True,True,True,True,0.7867,coding_recommendation,11.8,34.44
C02054,basic,W04,2025-03-03,True,True,True,True,0.5,coding_recommendation,16.4,68.79
C02054,basic,W04,2025-02-06,True,True,True,True,0.5955,diagnosis_suggestion,73.4,55.87
C02055,pro,W06,2025-04-09,True,True,True,True,0.9131,coding_recommendation,18.2,63.92
C02055,pro,W06,2025-03-05,False,False,False,,,,,0.0
C02055,pro,W06,2025-04-01,True,True,True,True,0.9467,documentation_gap,9.5,37.14
C02055,pro,W06,2025-02-06,True,True,True,True,0.8665,diagnosis_suggestion,14.4,63.72
C02055,pro,W06,2025-04-25,True,True,False,True,0.6639,documentation_gap,15.6,0.0
C02055,pro,W06,2025-04-13,False,False,False,,,,,0.0
C02056,free,W03,2025-01-20,False,False,False,,,,,0.0
C02056,free,W03,2025-01-20,True,True,True,True,0.9802,documentation_gap,13.0,58.7
C02056,free,W03,2025-03-07,False,False,False,,,,,0.0
C02057,basic,W01,2025-01-24,False,False,False,,,,,0.0
C02057,basic,W01,2025-02-25,True,True,True,True,0.7102,documentation_gap,11.0,53.19
C02057,basic,W01,2025-02-19,False,False,False,,,,,0.0
C02058,pro,W04,2025-03-21,True,True,True,True,0.8231,documentation_gap,42.4,51.42
C02058,pro,W04,2025-04-05,True,True,False,True,0.6055,diagnosis_suggestion,80.3,0.0
C02058,pro,W04,2025-03-06,True,True,True,True,0.99,diagnosis_suggestion,5.5,127.64
C02059,basic,W11,2025-04-26,True,True,False,True,0.7732,coding_recommendation,32.2,0.0
C02059,basic,W11,2025-03-26,True,True,True,False,0.7476,coding_recommendation,54.3,-12.83
C02059,basic,W11,2025-05-07,True,True,True,False,0.7498,diagnosis_suggestion,33.5,-34.98
C02059,basic,W11,2025-05-04,True,True,False,True,0.8672,documentation_gap,41.8,0.0
C02060,free,W06,2025-03-29,True,True,False,True,0.5,coding_recommendation,14.6,0.0
C02060,free,W06,2025-04-04,False,False,False,,,,,0.0
C02060,free,W06,2025-03-02,True,True,True,True,0.9757,diagnosis_suggestion,16.9,65.7
C02061,free,W12,2025-04-30,True,True,True,True,0.7251,quality_flag,13.4,34.92
C02061,free,W12,2025-04-16,False,False,False,,,,,0.0
C02061,free,W12,2025-04-29,True,False,False,False,0.3,coding_recommendation,,0.0
C02061,free,W12,2025-05-20,True,True,True,False,0.6557,coding_recommendation,2.2,-17.02
C02062,free,W05,2025-04-10,False,False,False,,,,,0.0
C02062,free,W05,2025-02-27,True,True,True,True,0.7266,documentation_gap,32.8,39.69
C02062,free,W05,2025-02-24,False,False,False,,,,,0.0
C02063,basic,W01,2025-01-10,False,False,False,,,,,0.0
C02063,basic,W01,2025-02-28,True,False,False,False,0.3183,quality_flag,,0.0
C02063,basic,W01,2025-03-01,True,True,True,True,0.7626,quality_flag,35.9,207.7
C02064,free,W04,2025-02-16,True,True,True,True,0.9583,documentation_gap,25.2,48.08
C02064,free,W04,2025-03-07,False,False,False,,,,,0.0
C02064,free,W04,2025-03-29,False,False,False,,,,,0.0
C02065,basic,W06,2025-02-25,False,False,False,,,,,0.0
C02065,basic,W06,2025-04-28,True,True,True,True,0.8205,diagnosis_suggestion,10.4,32.66
C02065,basic,W06,2025-04-28,True,True,True,True,0.7345,diagnosis_suggestion,16.4,221.62
C02066,free,W12,2025-04-16,True,True,True,True,0.7315,diagnosis_suggestion,5.6,46.85
C02066,free,W12,2025-05-10,False,False,False,,,,,0.0
C02066,free,W12,2025-03-24,False,False,False,,,,,0.0
C02067,free,W10,2025-03-05,True,True,False,True,0.5,diagnosis_suggestion,19.3,0.0
C02067,free,W10,2025-03-22,False,False,False,,,,,0.0
C02067,free,W10,2025-04-01,False,False,False,,,,,0.0
C02068,basic,W06,2025-03-06,True,True,False,True,0.7819,diagnosis_suggestion,2.3,0.0
C02068,basic,W06,2025-02-27,True,True,True,True,0.8795,diagnosis_suggestion,55.6,27.1
C02068,basic,W06,2025-04-07,False,False,False,,,,,0.0
C02069,free,W06,2025-02-09,True,True,False,True,0.7653,documentation_gap,11.7,0.0
C02069,free,W06,2025-03-27,True,True,True,True,0.8596,diagnosis_suggestion,15.0,77.25
C02069,free,W06,2025-03-13,True,True,False,True,0.9475,documentation_gap,5.1,0.0
C02070,free,W09,2025-04-14,True,True,False,True,0.535,quality_flag,21.3,0.0
C02070,free,W09,2025-03-15,True,True,True,True,0.9748,diagnosis_suggestion,27.0,21.72
C02070,free,W09,2025-05-14,False,False,False,,,,,0.0
C02071,free,W08,2025-03-01,False,False,False,,,,,0.0
C02071,free,W08,2025-03-13,False,False,False,,,,,0.0
C02071,free,W08,2025-05-06,False,False,False,,,,,0.0
C02072,basic,W07,2025-03-02,False,False,False,,,,,0.0
C02072,basic,W07,2025-03-03,True,True,True,False,0.6268,diagnosis_suggestion,14.6,-21.93
C02072,basic,W07,2025-04-07,False,False,False,,,,,0.0
C02073,basic,W10,2025-04-01,False,False,False,,,,,0.0
C02073,basic,W10,2025-05-25,True,True,False,True,0.9288,documentation_gap,29.7,0.0
C02073,basic,W10,2025-03-06,True,False,False,False,0.4152,coding_recommendation,,0.0
C02074,pro,W04,2025-03-29,True,True,False,True,0.6108,documentation_gap,12.8,0.0
C02074,pro,W04,2025-03-21,True,True,False,True,0.9236,quality_flag,140.9,0.0
C02074,pro,W04,2025-03-06,True,True,False,True,0.7999,quality_flag,2.1,0.0
C02075,basic,W03,2025-03-21,True,True,False,True,0.7722,quality_flag,27.4,0.0
C02075,basic,W03,2025-03-23,True,True,False,False,0.5717,coding_recommendation,14.8,0.0
C02075,basic,W03,2025-02-20,True,True,True,True,0.9018,quality_flag,9.8,41.18
C02076,basic,W03,2025-02-10,False,False,False,,,,,0.0
C02076,basic,W03,2025-02-27,True,False,False,False,0.3,documentation_gap,,0.0
C02076,basic,W03,2025-03-26,False,False,False,,,,,0.0
C02077,pro,W03,2025-01-26,True,False,False,False,0.4333,quality_flag,,0.0
C02077,pro,W03,2025-02-15,True,True,False,True,0.9815,coding_recommendation,27.9,0.0
C02077,pro,W03,2025-02-14,True,True,True,True,0.6738,diagnosis_suggestion,26.8,61.53
C02078,basic,W10,2025-04-17,True,True,True,True,0.6664,quality_flag,124.3,70.91
C02078,basic,W10,2025-03-27,False,False,False,,,,,0.0
C02078,basic,W10,2025-03-27,True,False,False,False,0.4782,diagnosis_suggestion,,0.0
C02079,free,W05,2025-04-03,False,False,False,,,,,0.0
C02079,free,W05,2025-04-13,True,True,True,True,0.9195,quality_flag,48.7,61.88
C02079,free,W05,2025-03-22,True,True,False,True,0.8812,coding_recommendation,31.3,0.0
C02080,free,W06,2025-04-14,True,True,True,True,0.8569,documentation_gap,7.3,100.87
C02080,free,W06,2025-04-10,False,False,False,,,,,0.0
C02080,free,W06,2025-03-05,True,True,True,True,0.5836,diagnosis_suggestion,22.3,34.56
C02081,free,W12,2025-05-22,False,False,False,,,,,0.0
C02081,free,W12,2025-06-02,True,True,True,True,0.9173,documentation_gap,26.0,80.97
C02081,free,W12,2025-06-08,False,False,False,,,,,0.0
C02082,basic,W12,2025-04-30,True,True,False,True,0.9269,quality_flag,129.8,0.0
C02082,basic,W12,2025-05-20,False,False,False,,,,,0.0
C02082,basic,W12,2025-06-02,False,False,False,,,,,0.0
C02083,pro,W12,2025-04-14,True,True,True,True,0.9316,coding_recommendation,5.3,55.88
C02083,pro,W12,2025-05-24,True,True,False,True,0.8204,coding_recommendation,30.3,0.0
C02083,pro,W12,2025-05-27,True,True,True,True,0.8709,diagnosis_suggestion,24.6,39.71
C02084,free,W04,2025-03-18,True,True,False,False,0.5715,documentation_gap,37.3,0.0
C02084,free,W04,2025-03-01,False,False,False,,,,,0.0
C02084,free,W04,2025-02-07,True,True,False,True,0.6783,coding_recommendation,12.0,0.0
C02085,pro,W10,2025-04-16,True,True,True,True,0.923,coding_recommendation,6.2,83.41
C02085,pro,W10,2025-03-30,True,True,True,True,0.7104,coding_recommendation,6.2,79.59
C02085,pro,W10,2025-04-04,True,True,False,True,0.7987,diagnosis_suggestion,27.5,0.0
C02086,basic,W12,2025-04-10,False,False,False,,,,,0.0
C02086,basic,W12,2025-04-04,True,True,False,True,0.6172,diagnosis_suggestion,15.5,0.0
C02086,basic,W12,2025-05-24,True,True,True,True,0.6534,quality_flag,59.7,49.88
C02087,basic,W01,2025-01-25,True,False,False,False,0.3604,coding_recommendation,,0.0
C02087,basic,W01,2025-03-07,True,True,True,True,0.905,coding_recommendation,54.1,55.84
C02087,basic,W01,2025-03-14,True,True,True,True,0.99,quality_flag,10.6,65.38
C02088,free,W07,2025-03-24,False,False,False,,,,,0.0
C02088,free,W07,2025-02-23,False,False,False,,,,,0.0
C02088,free,W07,2025-04-20,True,True,True,True,0.7475,quality_flag,16.2,43.22
C02089,free,W12,2025-04-10,False,False,False,,,,,0.0
C02089,free,W12,2025-05-23,True,True,True,True,0.8125,documentation_gap,19.2,32.81
C02089,free,W12,2025-03-19,False,False,False,,,,,0.0
C02090,free,W07,2025-03-21,False,False,False,,,,,0.0
C02090,free,W07,2025-05-02,True,True,True,True,0.741,diagnosis_suggestion,14.0,29.03
C02090,free,W07,2025-03-06,True,True,False,True,0.9131,documentation_gap,23.9,0.0
C02091,basic,W10,2025-03-13,True,True,False,True,0.7589,quality_flag,21.4,0.0
C02091,basic,W10,2025-03-13,True,True,False,True,0.6753,quality_flag,76.3,0.0
C02091,basic,W10,2025-05-18,True,False,False,False,0.3153,documentation_gap,,0.0
C02091,basic,W10,2025-04-16,True,True,True,True,0.6437,diagnosis_suggestion,26.1,62.58
C02092,free,W01,2025-02-14,False,False,False,,,,,0.0
C02092,free,W01,2025-01-30,True,True,False,True,0.5,quality_flag,6.3,0.0
C02092,free,W01,2025-01-27,False,False,False,,,,,0.0
C02093,free,W03,2025-03-18,True,True,True,True,0.8893,quality_flag,30.3,19.32
C02093,free,W03,2025-03-04,True,False,False,False,0.3,coding_recommendation,,0.0
C02093,free,W03,2025-03-16,False,False,False,,,,,0.0
C02094,free,W10,2025-04-25,True,True,True,True,0.8305,quality_flag,12.9,55.87
C02094,free,W10,2025-03-27,False,False,False,,,,,0.0
C02094,free,W10,2025-03-21,True,True,False,True,0.5088,coding_recommendation,18.8,0.0
C02095,pro,W06,2025-03-31,True,True,False,True,0.8894,quality_flag,8.2,0.0
C02095,pro,W06,2025-02-19,True,True,False,True,0.5643,quality_flag,14.5,0.0
C02095,pro,W06,2025-02-17,True,True,True,True,0.777,coding_recommendation,22.8,54.7
C02096,free,W04,2025-02-25,True,True,False,True,0.8369,quality_flag,81.7,0.0
C02096,free,W04,2025-03-13,True,True,True,True,0.8563,quality_flag,10.0,36.06
C02096,free,W04,2025-04-14,False,False,False,,,,,0.0
C02097,basic,W05,2025-02-13,True,True,True,True,0.7323,quality_flag,2.7,164.74
C02097,basic,W05,2025-04-01,True,False,False,False,0.3892,documentation_gap,,0.0
C02097,basic,W05,2025-02-25,True,True,False,True,0.8874,coding_recommendation,41.3,0.0
C02098,free,W09,2025-02-28,False,False,False,,,,,0.0
C02098,free,W09,2025-05-20,False,False,False,,,,,0.0
C02098,free,W09,2025-04-20,True,True,True,True,0.6852,coding_recommendation,18.6,22.22
C02099,free,W10,2025-05-02,False,False,False,,,,,0.0
C02099,free,W10,2025-04-05,True,True,False,False,0.7492,diagnosis_suggestion,33.2,0.0
C02099,free,W10,2025-04-21,False,False,False,,,,,0.0
C02100,free,W09,2025-04-25,True,True,True,True,0.7291,coding_recommendation,26.4,105.57
C02100,free,W09,2025-05-06,True,False,False,False,0.4874,diagnosis_suggestion,,0.0
C02100,free,W09,2025-03-14,True,True,False,True,0.9135,documentation_gap,20.1,0.0
C02101,free,W06,2025-03-02,False,False,False,,,,,0.0
C02101,free,W06,2025-03-03,True,True,True,False,0.7259,documentation_gap,57.4,-18.64
C02101,free,W06,2025-03-08,True,True,False,True,0.8795,documentation_gap,85.4,0.0
C02102,free,W01,2025-01-12,True,True,False,True,0.5432,diagnosis_suggestion,23.0,0.0
C02102,free,W01,2025-01-11,False,False,False,,,,,0.0
C02102,free,W01,2025-03-21,True,True,True,True,0.9605,documentation_gap,12.3,70.15
C02103,basic,W06,2025-03-09,True,True,True,True,0.7376,documentation_gap,22.0,98.28
C02103,basic,W06,2025-04-21,False,False,False,,,,,0.0
C02103,basic,W06,2025-02-27,True,True,True,False,0.6688,coding_recommendation,94.3,-14.08
C02104,basic,W02,2025-03-15,True,True,True,True,0.8546,quality_flag,8.4,113.32
C02104,basic,W02,2025-03-30,True,True,True,True,0.6895,diagnosis_suggestion,7.2,96.92
C02104,basic,W02,2025-02-23,True,True,True,True,0.8021,coding_recommendation,21.4,30.15
C02105,free,W07,2025-03-12,True,True,True,True,0.9657,documentation_gap,39.3,50.31
C02105,free,W07,2025-02-26,True,True,False,True,0.7291,diagnosis_suggestion,14.9,0.0
C02105,free,W07,2025-03-01,False,False,False,,,,,0.0
C02105,free,W07,2025-04-02,False,False,False,,,,,0.0
C02105,free,W07,2025-04-01,False,False,False,,,,,0.0
C02106,basic,W02,2025-03-26,True,True,False,True,0.613,documentation_gap,26.2,0.0
C02106,basic,W02,2025-02-06,False,False,False,,,,,0.0
C02106,basic,W02,2025-03-30,True,True,False,True,0.809,diagnosis_suggestion,59.8,0.0
C02107,free,W02,2025-03-20,True,True,False,True,0.853,documentation_gap,11.8,0.0
C02107,free,W02,2025-03-31,True,True,True,True,0.7159,diagnosis_suggestion,37.0,61.53
C02107,free,W02,2025-01-12,True,False,False,False,0.3,quality_flag,,0.0
C02108,free,W08,2025-05-02,False,False,False,,,,,0.0
C02108,free,W08,2025-04-05,False,False,False,,,,,0.0
C02108,free,W08,2025-05-09,False,False,False,,,,,0.0
C02109,pro,W11,2025-03-29,False,False,False,,,,,0.0
C02109,pro,W11,2025-04-14,True,True,True,True,0.8632,diagnosis_suggestion,14.5,104.18
C02109,pro,W11,2025-03-25,True,True,True,True,0.8448,diagnosis_suggestion,38.0,23.73
C02110,free,W08,2025-03-05,True,True,True,False,0.6204,coding_recommendation,9.9,-25.66
C02110,free,W08,2025-02-26,False,False,False,,,,,0.0
C02110,free,W08,2025-03-12,False,False,False,,,,,0.0
C02110,free,W08,2025-05-07,True,True,True,True,0.8404,quality_flag,31.1,17.84
C02110,free,W08,2025-03-13,False,False,False,,,,,0.0
C02111,free,W05,2025-02-18,False,False,False,,,,,0.0
C02111,free,W05,2025-02-11,False,False,False,,,,,0.0
C02111,free,W05,2025-02-07,False,False,False,,,,,0.0
C02112,basic,W06,2025-04-16,True,True,True,True,0.7034,diagnosis_suggestion,18.7,85.68
C02112,basic,W06,2025-04-25,True,True,True,False,0.8248,documentation_gap,9.1,-12.99
C02112,basic,W06,2025-02-07,True,False,False,False,0.3,quality_flag,,0.0
C02112,basic,W06,2025-03-23,True,True,False,True,0.9058,diagnosis_suggestion,26.5,0.0
C02112,basic,W06,2025-03-19,True,True,True,True,0.932,quality_flag,29.6,54.85
C02112,basic,W06,2025-03-24,True,True,True,True,0.7372,documentation_gap,47.3,110.77
C02113,free,W11,2025-04-05,True,True,True,True,0.7332,diagnosis_suggestion,32.3,35.73
C02113,free,W11,2025-04-18,False,False,False,,,,,0.0
C02113,free,W11,2025-05-06,True,True,True,True,0.8208,quality_flag,82.6,61.48
C02114,basic,W07,2025-04-15,True,True,True,True,0.9053,diagnosis_suggestion,10.8,31.55
C02114,basic,W07,2025-02-18,True,True,True,True,0.7009,coding_recommendation,8.6,86.34
C02114,basic,W07,2025-04-12,False,False,False,,,,,0.0
C02115,free,W09,2025-04-26,False,False,False,,,,,0.0
C02115,free,W09,2025-04-23,False,False,False,,,,,0.0
C02115,free,W09,2025-03-15,True,True,True,True,0.9005,coding_recommendation,67.3,70.82
C02116,basic,W07,2025-02-12,True,True,True,False,0.5118,documentation_gap,11.5,-24.27
C02116,basic,W07,2025-04-14,False,False,False,,,,,0.0
C02116,basic,W07,2025-04-26,False,False,False,,,,,0.0
C02117,pro,W09,2025-05-14,True,True,True,False,0.6739,coding_recommendation,9.3,-55.71
C02117,pro,W09,2025-05-06,True,True,True,False,0.8154,documentation_gap,10.8,-16.55
C02117,pro,W09,2025-04-09,True,True,True,True,0.8131,diagnosis_suggestion,7.3,43.09
C02118,basic,W05,2025-03-16,True,True,False,True,0.8543,coding_recommendation,14.7,0.0
C02118,basic,W05,2025-02-28,True,True,False,True,0.8736,coding_recommendation,26.4,0.0
C02118,basic,W05,2025-04-17,True,True,True,True,0.8138,diagnosis_suggestion,40.7,48.07
C02118,basic,W05,2025-02-26,False,False,False,,,,,0.0
C02118,basic,W05,2025-02-03,False,False,False,,,,,0.0
C02119,basic,W01,2025-03-17,True,True,False,False,0.5095,diagnosis_suggestion,20.9,0.0
C02119,basic,W01,2025-02-14,True,True,True,True,0.9122,coding_recommendation,62.5,56.68
C02119,basic,W01,2025-02-15,True,True,False,True,0.8969,documentation_gap,47.3,0.0
C02120,pro,W04,2025-03-16,True,True,False,True,0.7747,diagnosis_suggestion,31.6,0.0
C02120,pro,W04,2025-01-22,True,True,False,False,0.5316,documentation_gap,11.9,0.0
C02120,pro,W04,2025-04-08,True,True,True,True,0.8146,diagnosis_suggestion,58.4,114.25
C02121,free,W07,2025-04-12,True,True,False,True,0.7978,diagnosis_suggestion,42.6,0.0
C02121,free,W07,2025-03-10,True,True,False,True,0.818,diagnosis_suggestion,10.7,0.0
C02121,free,W07,2025-04-08,True,True,True,True,0.768,coding_recommendation,15.8,72.22
C02122,pro,W02,2025-02-23,False,False,False,,,,,0.0
C02122,pro,W02,2025-02-01,True,True,True,True,0.9159,diagnosis_suggestion,23.8,50.41
C02122,pro,W02,2025-03-13,True,True,False,True,0.906,documentation_gap,36.8,0.0
C02123,basic,W09,2025-03-15,True,True,True,True,0.8305,diagnosis_suggestion,10.8,51.5
C02123,basic,W09,2025-04-01,True,True,False,True,0.9721,documentation_gap,15.6,0.0
C02123,basic,W09,2025-04-07,True,False,False,False,0.3896,documentation_gap,,0.0
C02124,pro,W02,2025-03-09,True,True,True,True,0.826,coding_recommendation,29.1,54.82
C02124,pro,W02,2025-01-31,True,True,True,True,0.8371,diagnosis_suggestion,26.1,56.67
C02124,pro,W02,2025-03-31,True,True,True,True,0.735,documentation_gap,11.9,39.07
C02125,pro,W01,2025-02-28,True,False,False,False,0.3364,documentation_gap,,0.0
C02125,pro,W01,2025-01-31,True,True,True,False,0.5401,diagnosis_suggestion,8.7,-9.57
C02125,pro,W01,2025-01-09,True,False,False,False,0.4315,documentation_gap,,0.0
C02125,pro,W01,2025-01-11,True,True,True,True,0.9375,documentation_gap,38.7,11.95
C02126,free,W05,2025-03-27,False,False,False,,,,,0.0
C02126,free,W05,2025-03-05,True,True,False,True,0.7801,diagnosis_suggestion,25.5,0.0
C02126,free,W05,2025-03-07,True,False,False,False,0.3,diagnosis_suggestion,,0.0
C02127,free,W02,2025-02-25,True,True,True,True,0.9058,quality_flag,4.2,31.47
C02127,free,W02,2025-01-10,False,False,False,,,,,0.0
C02127,free,W02,2025-01-25,True,True,True,True,0.8701,documentation_gap,59.5,39.04
C02128,free,W06,2025-02-20,False,False,False,,,,,0.0
C02128,free,W06,2025-03-19,False,False,False,,,,,0.0
C02128,free,W06,2025-04-13,True,True,False,True,0.7837,diagnosis_suggestion,4.4,0.0
C02129,basic,W02,2025-04-01,False,False,False,,,,,0.0
C02129,basic,W02,2025-03-09,False,False,False,,,,,0.0
C02129,basic,W02,2025-03-01,True,True,False,True,0.896,coding_recommendation,43.9,0.0
C02130,basic,W11,2025-03-24,True,True,True,False,0.6613,diagnosis_suggestion,18.4,-28.31
C02130,basic,W11,2025-04-11,False,False,False,,,,,0.0
C02130,basic,W11,2025-04-08,True,True,True,True,0.7837,documentation_gap,15.0,101.16
C02131,free,W06,2025-03-18,True,True,False,False,0.7494,diagnosis_suggestion,7.3,0.0
C02131,free,W06,2025-04-18,True,True,True,False,0.8565,documentation_gap,7.3,-36.12
C02131,free,W06,2025-04-14,False,False,False,,,,,0.0
C02132,basic,W06,2025-03-10,True,True,True,True,0.5921,diagnosis_suggestion,35.8,145.44
C02132,basic,W06,2025-04-15,True,True,False,True,0.7378,coding_recommendation,10.1,0.0
C02132,basic,W06,2025-03-02,True,True,True,True,0.8042,coding_recommendation,7.7,44.49
C02133,pro,W10,2025-03-26,True,True,True,True,0.972,coding_recommendation,14.1,18.07
C02133,pro,W10,2025-03-18,True,True,True,True,0.8909,quality_flag,49.0,85.6
C02133,pro,W10,2025-05-07,True,True,True,True,0.6808,coding_recommendation,18.8,39.51
C02134,free,W02,2025-03-16,False,False,False,,,,,0.0
C02134,free,W02,2025-03-21,False,False,False,,,,,0.0
C02134,free,W02,2025-03-07,True,True,True,True,0.8038,coding_recommendation,26.4,93.72
C02135,free,W02,2025-02-11,True,True,True,True,0.6837,diagnosis_suggestion,28.7,71.13
C02135,free,W02,2025-02-14,False,False,False,,,,,0.0
C02135,free,W02,2025-03-18,True,True,False,True,0.8908,diagnosis_suggestion,13.6,0.0
C02135,free,W02,2025-03-20,True,True,True,False,0.6157,diagnosis_suggestion,40.5,-17.36
C02136,free,W06,2025-04-16,True,True,False,True,0.6769,diagnosis_suggestion,12.1,0.0
C02136,free,W06,2025-04-07,False,False,False,,,,,0.0
C02136,free,W06,2025-04-18,True,True,False,True,0.7013,documentation_gap,11.9,0.0
C02137,free,W09,2025-03-17,False,False,False,,,,,0.0
C02137,free,W09,2025-05-05,True,True,False,True,0.9201,diagnosis_suggestion,63.0,0.0
C02137,free,W09,2025-04-05,False,False,False,,,,,0.0
C02137,free,W09,2025-03-24,True,True,True,True,0.7218,diagnosis_suggestion,17.4,41.99
C02137,free,W09,2025-04-08,False,False,False,,,,,0.0
C02138,free,W04,2025-01-23,True,True,True,True,0.9444,documentation_gap,40.3,59.23
C02138,free,W04,2025-02-19,False,False,False,,,,,0.0
C02138,free,W04,2025-03-16,False,False,False,,,,,0.0
C02138,free,W04,2025-02-26,False,False,False,,,,,0.0
C02138,free,W04,2025-02-04,False,False,False,,,,,0.0
C02138,free,W04,2025-01-25,True,True,True,True,0.5476,diagnosis_suggestion,25.7,73.62
C02138,free,W04,2025-02-26,True,True,False,False,0.5125,diagnosis_suggestion,29.0,0.0
C02138,free,W04,2025-02-17,True,True,True,True,0.8811,quality_flag,23.1,39.3
C02138,free,W04,2025-04-06,True,True,True,True,0.7922,coding_recommendation,17.0,68.71
C02138,free,W04,2025-02-27,True,True,True,True,0.5,coding_recommendation,22.6,265.11
C02139,free,W10,2025-05-02,False,False,False,,,,,0.0
C02139,free,W10,2025-03-20,True,True,False,True,0.7155,quality_flag,15.6,0.0
C02139,free,W10,2025-04-28,False,False,False,,,,,0.0
C02140,free,W04,2025-03-05,True,True,False,True,0.7475,coding_recommendation,69.7,0.0
C02140,free,W04,2025-03-25,False,False,False,,,,,0.0
C02140,free,W04,2025-03-02,False,False,False,,,,,0.0
C02141,free,W02,2025-03-19,True,True,True,True,0.7904,documentation_gap,6.6,43.81
C02141,free,W02,2025-03-22,False,False,False,,,,,0.0
C02141,free,W02,2025-02-25,True,True,True,True,0.5,quality_flag,11.5,33.96
C02142,basic,W04,2025-01-26,True,True,True,True,0.8723,coding_recommendation,40.2,42.98
C02142,basic,W04,2025-04-10,True,True,True,True,0.9492,coding_recommendation,26.3,43.41
C02142,basic,W04,2025-04-05,True,True,True,False,0.5238,quality_flag,66.5,-19.07
C02143,basic,W11,2025-03-25,True,True,True,True,0.6998,diagnosis_suggestion,115.5,106.98
C02143,basic,W11,2025-03-28,False,False,False,,,,,0.0
C02143,basic,W11,2025-04-23,True,True,True,True,0.5153,coding_recommendation,7.7,33.16
C02144,free,W10,2025-03-21,False,False,False,,,,,0.0
C02144,free,W10,2025-05-04,False,False,False,,,,,0.0
C02144,free,W10,2025-04-20,True,True,False,False,0.7685,quality_flag,4.8,0.0
C02145,basic,W07,2025-03-11,False,False,False,,,,,0.0
C02145,basic,W07,2025-04-06,True,True,True,True,0.9195,diagnosis_suggestion,15.6,72.84
C02145,basic,W07,2025-02-27,True,True,False,True,0.9086,diagnosis_suggestion,35.3,0.0
C02146,basic,W04,2025-04-14,True,True,True,True,0.8089,diagnosis_suggestion,13.3,40.17
C02146,basic,W04,2025-03-05,True,True,False,True,0.54,diagnosis_suggestion,48.4,0.0
C02146,basic,W04,2025-04-04,True,True,True,True,0.9168,diagnosis_suggestion,19.8,88.67
C02146,basic,W04,2025-03-14,True,True,True,True,0.8142,documentation_gap,18.8,53.84
C02146,basic,W04,2025-04-08,True,True,True,True,0.6933,coding_recommendation,9.4,67.47
C02146,basic,W04,2025-02-14,True,True,False,True,0.9133,coding_recommendation,33.3,0.0
C02146,basic,W04,2025-01-31,True,True,False,True,0.8637,diagnosis_suggestion,10.9,0.0
C02147,basic,W06,2025-04-17,False,False,False,,,,,0.0
C02147,basic,W06,2025-02-07,True,True,True,True,0.7863,quality_flag,59.9,69.44
C02147,basic,W06,2025-03-15,True,True,True,True,0.6567,quality_flag,9.2,13.98
C02148,free,W05,2025-04-06,True,False,False,False,0.3,diagnosis_suggestion,,0.0
C02148,free,W05,2025-03-04,False,False,False,,,,,0.0
C02148,free,W05,2025-02-10,True,True,True,True,0.8295,diagnosis_suggestion,82.0,43.62
C02149,free,W07,2025-03-16,True,True,False,True,0.6373,quality_flag,10.5,0.0
C02149,free,W07,2025-03-19,False,False,False,,,,,0.0
C02149,free,W07,2025-04-20,False,False,False,,,,,0.0
C02150,basic,W11,2025-04-12,False,False,False,,,,,0.0
C02150,basic,W11,2025-03-23,False,False,False,,,,,0.0
C02150,basic,W11,2025-05-10,True,True,False,True,0.5918,quality_flag,15.9,0.0
C02151,pro,W11,2025-04-14,True,True,True,True,0.6601,quality_flag,20.9,72.99
C02151,pro,W11,2025-04-05,False,False,False,,,,,0.0
C02151,pro,W11,2025-04-10,True,True,True,False,0.5716,quality_flag,25.5,-28.35
C02152,pro,W03,2025-03-18,True,True,True,True,0.6016,documentation_gap,18.2,23.81
C02152,pro,W03,2025-04-08,True,True,True,True,0.8714,diagnosis_suggestion,10.3,139.21
C02152,pro,W03,2025-01-29,True,True,True,True,0.8919,diagnosis_suggestion,16.0,136.04
C02153,pro,W11,2025-04-04,True,False,False,False,0.4054,documentation_gap,,0.0
C02153,pro,W11,2025-05-10,True,True,True,False,0.5158,quality_flag,5.3,-17.0
C02153,pro,W11,2025-05-22,True,False,False,False,0.4696,diagnosis_suggestion,,0.0
C02154,free,W12,2025-04-28,True,True,True,True,0.8373,quality_flag,18.2,40.67
C02154,free,W12,2025-04-23,True,True,True,True,0.8363,diagnosis_suggestion,8.9,51.88
C02154,free,W12,2025-04-19,True,True,True,True,0.8876,documentation_gap,29.3,46.83
C02155,basic,W03,2025-04-07,True,False,False,False,0.3,documentation_gap,,0.0
C02155,basic,W03,2025-02-15,True,True,True,True,0.7925,documentation_gap,14.2,33.17
C02155,basic,W03,2025-01-31,False,False,False,,,,,0.0
C02156,free,W05,2025-02-08,False,False,False,,,,,0.0
C02156,free,W05,2025-03-07,True,False,False,False,0.3,coding_recommendation,,0.0
C02156,free,W05,2025-03-24,False,False,False,,,,,0.0
C02157,basic,W04,2025-04-10,True,True,True,True,0.8468,diagnosis_suggestion,26.6,22.56
C02157,basic,W04,2025-02-22,True,True,False,True,0.8993,quality_flag,23.3,0.0
C02157,basic,W04,2025-04-12,True,True,False,False,0.6398,quality_flag,17.9,0.0
C02158,free,W05,2025-03-31,False,False,False,,,,,0.0
C02158,free,W05,2025-03-15,True,True,True,False,0.6185,coding_recommendation,9.0,-12.21
C02158,free,W05,2025-03-20,True,True,True,True,0.649,coding_recommendation,2.0,56.19
C02159,free,W01,2025-01-24,True,True,True,True,0.9362,coding_recommendation,13.4,60.59
C02159,free,W01,2025-02-20,True,True,True,False,0.5371,quality_flag,9.2,-46.42
C02159,free,W01,2025-02-24,False,False,False,,,,,0.0
C02160,basic,W04,2025-02-17,True,False,False,False,0.4199,coding_recommendation,,0.0
C02160,basic,W04,2025-03-23,False,False,False,,,,,0.0
C02160,basic,W04,2025-03-16,False,False,False,,,,,0.0
C02161,basic,W06,2025-04-05,True,True,True,True,0.8589,diagnosis_suggestion,25.2,84.93
C02161,basic,W06,2025-04-21,True,True,True,True,0.8384,documentation_gap,22.1,33.52
C02161,basic,W06,2025-04-06,True,True,False,True,0.8399,diagnosis_suggestion,14.1,0.0
C02162,free,W07,2025-04-14,False,False,False,,,,,0.0
C02162,free,W07,2025-04-28,True,True,False,False,0.5125,quality_flag,50.5,0.0
C02162,free,W07,2025-04-06,False,False,False,,,,,0.0
C02162,free,W07,2025-02-24,False,False,False,,,,,0.0
C02162,free,W07,2025-05-06,False,False,False,,,,,0.0
C02163,basic,W08,2025-03-09,False,False,False,,,,,0.0
C02163,basic,W08,2025-03-05,True,True,True,True,0.7592,quality_flag,43.6,66.15
C02163,basic,W08,2025-04-20,True,True,True,True,0.885,diagnosis_suggestion,23.6,150.47
C02164,free,W05,2025-04-12,True,False,False,False,0.3469,coding_recommendation,,0.0
C02164,free,W05,2025-02-14,True,True,False,True,0.9418,diagnosis_suggestion,12.6,0.0
C02164,free,W05,2025-03-29,True,True,True,True,0.6459,diagnosis_suggestion,17.3,74.05
C02165,free,W02,2025-01-12,False,False,False,,,,,0.0
C02165,free,W02,2025-01-15,False,False,False,,,,,0.0
C02165,free,W02,2025-03-21,False,False,False,,,,,0.0
C02166,free,W02,2025-03-30,False,False,False,,,,,0.0
C02166,free,W02,2025-01-17,True,True,True,True,0.6171,documentation_gap,21.0,29.26
C02166,free,W02,2025-02-21,False,False,False,,,,,0.0
C02166,free,W02,2025-03-24,True,True,True,True,0.8291,coding_recommendation,64.1,69.83
C02167,free,W03,2025-01-27,True,True,True,True,0.7075,quality_flag,20.0,70.99
C02167,free,W03,2025-03-31,False,False,False,,,,,0.0
C02167,free,W03,2025-01-16,True,False,False,False,0.4308,documentation_gap,,0.0
C02167,free,W03,2025-03-31,True,True,True,True,0.9097,coding_recommendation,34.6,25.15
C02167,free,W03,2025-02-13,True,True,True,True,0.9821,quality_flag,11.5,25.74
C02167,free,W03,2025-02-01,True,True,False,True,0.8198,diagnosis_suggestion,29.0,0.0
C02167,free,W03,2025-04-06,False,False,False,,,,,0.0
C02167,free,W03,2025-03-03,True,True,False,True,0.654,documentation_gap,26.0,0.0
C02167,free,W03,2025-02-07,True,True,False,True,0.6999,diagnosis_suggestion,20.3,0.0
C02167,free,W03,2025-02-11,True,False,False,False,0.3,diagnosis_suggestion,,0.0
C02167,free,W03,2025-02-11,True,True,False,True,0.7213,diagnosis_suggestion,14.0,0.0
C02167,free,W03,2025-02-23,False,False,False,,,,,0.0
C02168,free,W04,2025-02-14,True,True,True,True,0.7654,diagnosis_suggestion,17.3,80.84
C02168,free,W04,2025-01-28,True,True,True,True,0.8117,diagnosis_suggestion,20.6,74.45
C02168,free,W04,2025-03-21,True,True,True,True,0.8954,quality_flag,34.0,53.44
C02169,free,W06,2025-02-28,False,False,False,,,,,0.0
C02169,free,W06,2025-04-19,True,True,True,True,0.9702,diagnosis_suggestion,24.8,66.21
C02169,free,W06,2025-04-13,True,True,True,True,0.749,diagnosis_suggestion,25.4,68.3
C02170,pro,W05,2025-02-28,True,True,True,True,0.7822,quality_flag,18.0,20.8
C02170,pro,W05,2025-02-08,True,True,False,True,0.8667,coding_recommendation,4.3,0.0
C02170,pro,W05,2025-02-10,True,True,True,True,0.91,diagnosis_suggestion,73.6,112.54
C02171,free,W05,2025-03-15,False,False,False,,,,,0.0
C02171,free,W05,2025-04-19,False,False,False,,,,,0.0
C02171,free,W05,2025-03-07,False,False,False,,,,,0.0
C02172,pro,W09,2025-03-11,True,True,True,True,0.7171,coding_recommendation,6.6,23.92
C02172,pro,W09,2025-03-16,True,True,False,True,0.9363,diagnosis_suggestion,5.1,0.0
C02172,pro,W09,2025-03-15,True,True,True,True,0.725,coding_recommendation,9.5,97.03
C02173,basic,W09,2025-03-30,False,False,False,,,,,0.0
C02173,basic,W09,2025-04-11,True,True,True,True,0.9242,documentation_gap,27.2,84.49
C02173,basic,W09,2025-04-04,True,True,True,True,0.8782,documentation_gap,16.5,99.82
C02174,basic,W11,2025-03-26,True,True,True,True,0.8305,diagnosis_suggestion,13.8,100.27
C02174,basic,W11,2025-05-25,True,True,False,True,0.7979,documentation_gap,17.8,0.0
C02174,basic,W11,2025-03-29,False,False,False,,,,,0.0
C02175,free,W12,2025-04-20,False,False,False,,,,,0.0
C02175,free,W12,2025-04-05,True,True,True,True,0.7107,documentation_gap,5.9,71.35
C02175,free,W12,2025-05-04,False,False,False,,,,,0.0
C02176,basic,W03,2025-02-20,False,False,False,,,,,0.0
C02176,basic,W03,2025-01-30,False,False,False,,,,,0.0
C02176,basic,W03,2025-01-29,False,False,False,,,,,0.0
C02177,basic,W09,2025-05-18,True,True,True,True,0.7728,diagnosis_suggestion,51.7,26.79
C02177,basic,W09,2025-04-28,True,True,True,True,0.8282,diagnosis_suggestion,37.9,95.44
C02177,basic,W09,2025-05-15,False,False,False,,,,,0.0
C02178,basic,W01,2025-02-05,False,False,False,,,,,0.0
C02178,basic,W01,2025-02-11,False,False,False,,,,,0.0
C02178,basic,W01,2025-01-04,True,True,True,True,0.8842,documentation_gap,35.9,58.65
C02179,free,W04,2025-04-13,True,True,False,True,0.9818,diagnosis_suggestion,8.8,0.0
C02179,free,W04,2025-04-05,True,True,True,True,0.9048,coding_recommendation,5.9,38.0
C02179,free,W04,2025-04-09,True,True,True,True,0.7947,diagnosis_suggestion,30.5,37.11
C02180,free,W11,2025-04-07,False,False,False,,,,,0.0
C02180,free,W11,2025-04-08,True,True,False,True,0.8528,quality_flag,33.3,0.0
C02180,free,W11,2025-05-25,True,True,True,True,0.886,coding_recommendation,25.4,51.98
C02181,free,W08,2025-03-25,False,False,False,,,,,0.0
C02181,free,W08,2025-02-26,True,False,False,False,0.3073,quality_flag,,0.0
C02181,free,W08,2025-03-11,True,True,True,True,0.8251,diagnosis_suggestion,30.0,67.0
C02181,free,W08,2025-03-09,False,False,False,,,,,0.0
C02181,free,W08,2025-02-26,False,False,False,,,,,0.0
C02181,free,W08,2025-03-04,True,False,False,False,0.4429,documentation_gap,,0.0
C02181,free,W08,2025-05-03,False,False,False,,,,,0.0
C02181,free,W08,2025-05-02,True,True,False,True,0.8468,coding_recommendation,14.3,0.0
C02182,free,W09,2025-04-25,False,False,False,,,,,0.0
C02182,free,W09,2025-03-18,False,False,False,,,,,0.0
C02182,free,W09,2025-05-02,False,False,False,,,,,0.0
C02183,basic,W05,2025-04-01,True,True,True,True,0.8254,diagnosis_suggestion,22.3,75.59
C02183,basic,W05,2025-04-09,True,False,False,False,0.3,coding_recommendation,,0.0
C02183,basic,W05,2025-04-12,True,True,True,True,0.8047,diagnosis_suggestion,5.1,54.96
C02184,free,W02,2025-01-23,False,False,False,,,,,0.0
C02184,free,W02,2025-03-08,True,True,False,False,0.5872,diagnosis_suggestion,144.4,0.0
C02184,free,W02,2025-01-16,False,False,False,,,,,0.0
C02185,basic,W08,2025-04-14,True,True,True,True,0.9554,coding_recommendation,45.1,40.4
C02185,basic,W08,2025-04-20,True,True,False,True,0.8011,quality_flag,32.6,0.0
C02185,basic,W08,2025-05-01,True,True,True,True,0.8761,coding_recommendation,7.9,150.92
C02186,pro,W08,2025-03-27,True,True,False,True,0.5895,coding_recommendation,31.9,0.0
C02186,pro,W08,2025-02-19,True,True,True,True,0.7545,diagnosis_suggestion,89.3,28.85
C02186,pro,W08,2025-03-18,True,False,False,False,0.4862,diagnosis_suggestion,,0.0
C02187,free,W09,2025-04-13,True,True,True,True,0.5817,diagnosis_suggestion,10.9,37.38
C02187,free,W09,2025-03-05,True,True,True,True,0.8035,diagnosis_suggestion,19.1,51.81
C02187,free,W09,2025-04-21,False,False,False,,,,,0.0
C02188,pro,W06,2025-03-04,True,False,False,False,0.3,documentation_gap,,0.0
C02188,pro,W06,2025-04-23,True,True,False,True,0.5,documentation_gap,16.6,0.0
C02188,pro,W06,2025-02-23,True,True,False,True,0.7946,diagnosis_suggestion,63.3,0.0
C02188,pro,W06,2025-03-16,True,True,True,True,0.8772,diagnosis_suggestion,8.7,26.47
C02189,basic,W11,2025-05-03,True,True,True,False,0.5336,diagnosis_suggestion,23.8,-21.54
C02189,basic,W11,2025-05-17,True,True,False,True,0.8807,quality_flag,14.6,0.0
C02189,basic,W11,2025-03-31,True,True,True,True,0.6252,coding_recommendation,27.7,39.28
C02190,free,W09,2025-04-13,True,True,False,True,0.5,diagnosis_suggestion,17.9,0.0
C02190,free,W09,2025-04-04,False,False,False,,,,,0.0
C02190,free,W09,2025-04-16,True,True,False,True,0.8767,diagnosis_suggestion,23.1,0.0
C02191,free,W10,2025-04-04,True,True,False,True,0.8641,diagnosis_suggestion,18.7,0.0
C02191,free,W10,2025-04-25,False,False,False,,,,,0.0
C02191,free,W10,2025-04-10,False,False,False,,,,,0.0
C02192,free,W10,2025-04-01,True,True,False,False,0.6127,diagnosis_suggestion,94.8,0.0
C02192,free,W10,2025-04-25,True,True,True,True,0.7732,documentation_gap,167.3,37.56
C02192,free,W10,2025-03-30,False,False,False,,,,,0.0
C02193,pro,W08,2025-02-20,True,True,False,True,0.5782,coding_recommendation,41.0,0.0
C02193,pro,W08,2025-03-11,True,True,False,True,0.5714,documentation_gap,17.6,0.0
C02193,pro,W08,2025-05-06,True,True,True,True,0.5,documentation_gap,19.3,84.65
C02193,pro,W08,2025-04-07,True,True,False,True,0.7945,diagnosis_suggestion,53.8,0.0
C02193,pro,W08,2025-04-22,False,False,False,,,,,0.0
C02193,pro,W08,2025-03-11,False,False,False,,,,,0.0
C02193,pro,W08,2025-04-11,True,False,False,False,0.3,diagnosis_suggestion,,0.0
C02193,pro,W08,2025-03-06,True,True,True,True,0.964,diagnosis_suggestion,10.1,48.56
C02193,pro,W08,2025-03-27,True,True,True,True,0.8994,coding_recommendation,9.4,105.63
C02194,free,W11,2025-04-22,True,True,False,False,0.7485,diagnosis_suggestion,16.8,0.0
C02194,free,W11,2025-05-16,False,False,False,,,,,0.0
C02194,free,W11,2025-04-28,True,True,False,True,0.9144,documentation_gap,5.8,0.0
C02195,pro,W05,2025-02-05,True,False,False,False,0.4864,diagnosis_suggestion,,0.0
C02195,pro,W05,2025-03-22,True,True,True,True,0.8258,coding_recommendation,46.5,84.5
C02195,pro,W05,2025-04-12,True,True,True,True,0.9334,quality_flag,27.4,82.57
C02196,free,W04,2025-01-26,False,False,False,,,,,0.0
C02196,free,W04,2025-02-10,False,False,False,,,,,0.0
C02196,free,W04,2025-03-28,True,True,False,False,0.6582,diagnosis_suggestion,4.6,0.0
C02197,free,W07,2025-02-27,False,False,False,,,,,0.0
C02197,free,W07,2025-03-28,False,False,False,,,,,0.0
C02197,free,W07,2025-02-19,True,True,False,True,0.99,documentation_gap,5.8,0.0
C02198,free,W06,2025-03-22,False,False,False,,,,,0.0
C02198,free,W06,2025-02-06,True,True,False,True,0.8695,diagnosis_suggestion,8.2,0.0
C02198,free,W06,2025-04-27,False,False,False,,,,,0.0
C02199,basic,W12,2025-05-19,True,False,False,False,0.4694,diagnosis_suggestion,,0.0
C02199,basic,W12,2025-05-04,True,True,False,True,0.6428,quality_flag,45.6,0.0
C02199,basic,W12,2025-04-09,True,True,True,True,0.5418,coding_recommendation,33.1,67.43
C02200,pro,W04,2025-04-10,True,True,True,True,0.6357,coding_recommendation,17.6,181.31
C02200,pro,W04,2025-02-18,False,False,False,,,,,0.0
C02200,pro,W04,2025-03-15,True,True,True,True,0.9571,diagnosis_suggestion,67.8,55.42
C02201,free,W02,2025-01-24,True,True,True,True,0.8313,coding_recommendation,40.5,83.41
C02201,free,W02,2025-02-22,True,True,True,True,0.6882,coding_recommendation,5.1,232.42
C02201,free,W02,2025-03-06,False,False,False,,,,,0.0
C02202,basic,W10,2025-04-10,True,True,False,False,0.6572,coding_recommendation,47.1,0.0
C02202,basic,W10,2025-04-22,True,True,False,True,0.8229,diagnosis_suggestion,35.3,0.0
C02202,basic,W10,2025-05-13,True,False,False,False,0.3,diagnosis_suggestion,,0.0
C02203,free,W09,2025-04-12,False,False,False,,,,,0.0
C02203,free,W09,2025-04-12,False,False,False,,,,,0.0
C02203,free,W09,2025-04-24,False,False,False,,,,,0.0
C02204,free,W04,2025-04-14,True,True,False,True,0.898,diagnosis_suggestion,39.5,0.0
C02204,free,W04,2025-03-31,False,False,False,,,,,0.0
C02204,free,W04,2025-02-09,False,False,False,,,,,0.0
C02205,basic,W03,2025-03-12,False,False,False,,,,,0.0
C02205,basic,W03,2025-01-23,False,False,False,,,,,0.0
C02205,basic,W03,2025-02-01,True,True,True,True,0.6429,quality_flag,12.5,71.0
C02206,pro,W11,2025-04-22,True,True,False,True,0.746,coding_recommendation,20.0,0.0
C02206,pro,W11,2025-05-19,True,True,False,False,0.6297,coding_recommendation,30.4,0.0
C02206,pro,W11,2025-04-12,True,True,True,True,0.8826,documentation_gap,82.0,144.1
C02207,free,W12,2025-05-26,True,True,True,True,0.5808,coding_recommendation,27.0,45.89
C02207,free,W12,2025-03-25,False,False,False,,,,,0.0
C02207,free,W12,2025-03-21,True,True,False,True,0.8851,quality_flag,44.3,0.0
C02208,free,W10,2025-03-06,False,False,False,,,,,0.0
C02208,free,W10,2025-03-10,False,False,False,,,,,0.0
C02208,free,W10,2025-04-08,False,False,False,,,,,0.0
C02209,basic,W06,2025-03-27,True,True,True,True,0.5,documentation_gap,29.6,61.92
C02209,basic,W06,2025-03-13,True,True,False,True,0.8322,diagnosis_suggestion,12.1,0.0
C02209,basic,W06,2025-04-14,True,True,True,True,0.5593,diagnosis_suggestion,22.0,50.83
C02210,free,W02,2025-01-26,True,False,False,False,0.4269,documentation_gap,,0.0
C02210,free,W02,2025-03-12,False,False,False,,,,,0.0
C02210,free,W02,2025-03-17,False,False,False,,,,,0.0
C02211,free,W08,2025-03-04,True,True,True,True,0.9178,quality_flag,25.5,60.3
C02211,free,W08,2025-05-05,False,False,False,,,,,0.0
C02211,free,W08,2025-04-02,False,False,False,,,,,0.0
C02211,free,W08,2025-04-12,False,False,False,,,,,0.0
C02211,free,W08,2025-04-30,False,False,False,,,,,0.0
C02211,free,W08,2025-04-16,False,False,False,,,,,0.0
C02212,basic,W09,2025-03-14,True,False,False,False,0.3,diagnosis_suggestion,,0.0
C02212,basic,W09,2025-03-12,False,False,False,,,,,0.0
C02212,basic,W09,2025-05-02,True,False,False,False,0.3,quality_flag,,0.0
C02213,free,W04,2025-02-27,False,False,False,,,,,0.0
C02213,free,W04,2025-02-14,False,False,False,,,,,0.0
C02213,free,W04,2025-02-08,True,False,False,False,0.3213,documentation_gap,,0.0
C02214,free,W10,2025-04-24,True,True,False,True,0.7434,diagnosis_suggestion,7.8,0.0
C02214,free,W10,2025-05-18,False,False,False,,,,,0.0
C02214,free,W10,2025-05-05,False,False,False,,,,,0.0
C02214,free,W10,2025-05-11,False,False,False,,,,,0.0
C02214,free,W10,2025-05-12,True,True,True,True,0.7489,diagnosis_suggestion,5.3,24.21
C02214,free,W10,2025-05-22,False,False,False,,,,,0.0
C02215,free,W07,2025-02-20,True,True,False,True,0.8138,diagnosis_suggestion,53.8,0.0
C02215,free,W07,2025-05-04,True,True,True,True,0.7288,coding_recommendation,16.1,30.82
C02215,free,W07,2025-04-19,True,True,True,True,0.8869,coding_recommendation,9.2,54.29
C02216,free,W01,2025-01-26,False,False,False,,,,,0.0
C02216,free,W01,2025-01-08,False,False,False,,,,,0.0
C02216,free,W01,2025-01-22,True,True,True,True,0.6821,coding_recommendation,13.1,68.51
C02217,free,W02,2025-02-10,False,False,False,,,,,0.0
C02217,free,W02,2025-01-28,False,False,False,,,,,0.0
C02217,free,W02,2025-03-27,True,True,True,True,0.9439,documentation_gap,38.3,51.58
C02218,basic,W04,2025-01-28,True,True,True,False,0.5067,diagnosis_suggestion,12.8,-30.87
C02218,basic,W04,2025-01-23,False,False,False,,,,,0.0
C02218,basic,W04,2025-03-21,False,False,False,,,,,0.0
C02219,free,W05,2025-04-13,True,False,False,False,0.4883,diagnosis_suggestion,,0.0
C02219,free,W05,2025-03-27,False,False,False,,,,,0.0
C02219,free,W05,2025-03-31,False,False,False,,,,,0.0
C02220,free,W10,2025-03-22,False,False,False,,,,,0.0
C02220,free,W10,2025-05-21,True,True,True,True,0.7326,diagnosis_suggestion,47.3,62.66
C02220,free,W10,2025-04-01,False,False,False,,,,,0.0
C02221,free,W12,2025-03-27,True,True,False,True,0.9046,coding_recommendation,17.6,0.0
C02221,free,W12,2025-05-12,False,False,False,,,,,0.0
C02221,free,W12,2025-05-06,True,True,True,True,0.8407,coding_recommendation,16.3,187.19
C02222,basic,W12,2025-03-29,True,True,True,False,0.583,documentation_gap,68.6,-9.92
C02222,basic,W12,2025-05-17,True,True,True,True,0.6025,documentation_gap,10.1,69.01
C02222,basic,W12,2025-06-05,True,True,False,True,0.9139,documentation_gap,15.2,0.0
C02223,basic,W08,2025-02-24,True,True,True,True,0.9503,coding_recommendation,31.0,172.84
C02223,basic,W08,2025-03-02,True,True,False,True,0.861,diagnosis_suggestion,9.8,0.0
C02223,basic,W08,2025-04-25,True,True,True,True,0.8777,diagnosis_suggestion,36.0,48.11
C02224,basic,W02,2025-03-23,False,False,False,,,,,0.0
C02224,basic,W02,2025-02-05,True,False,False,False,0.434,diagnosis_suggestion,,0.0
C02224,basic,W02,2025-02-09,False,False,False,,,,,0.0
C02225,free,W02,2025-03-25,False,False,False,,,,,0.0
C02225,free,W02,2025-03-24,True,True,True,True,0.9745,documentation_gap,30.6,148.37
C02225,free,W02,2025-01-19,False,False,False,,,,,0.0
C02226,pro,W10,2025-03-15,True,True,False,True,0.8806,quality_flag,21.4,0.0
C02226,pro,W10,2025-04-06,True,True,True,True,0.8936,documentation_gap,68.1,99.44
C02226,pro,W10,2025-04-17,True,False,False,False,0.4945,coding_recommendation,,0.0
C02227,basic,W05,2025-04-16,False,False,False,,,,,0.0
C02227,basic,W05,2025-03-03,True,True,True,False,0.6355,documentation_gap,34.1,-9.32
C02227,basic,W05,2025-03-03,True,True,True,True,0.5,diagnosis_suggestion,10.5,56.3
C02228,free,W02,2025-02-24,True,True,False,True,0.8079,diagnosis_suggestion,18.5,0.0
C02228,free,W02,2025-03-06,True,True,False,True,0.8643,quality_flag,12.7,0.0
C02228,free,W02,2025-01-29,True,False,False,False,0.3,documentation_gap,,0.0
C02229,basic,W03,2025-02-26,False,False,False,,,,,0.0
C02229,basic,W03,2025-02-02,True,True,True,True,0.9084,quality_flag,80.1,22.89
C02229,basic,W03,2025-02-27,False,False,False,,,,,0.0
C02230,pro,W10,2025-05-04,True,True,True,False,0.5493,coding_recommendation,25.9,-20.62
C02230,pro,W10,2025-03-14,True,True,True,True,0.8011,documentation_gap,14.6,35.11
C02230,pro,W10,2025-03-31,True,False,False,False,0.4594,quality_flag,,0.0
C02231,pro,W09,2025-05-18,False,False,False,,,,,0.0
C02231,pro,W09,2025-03-03,True,True,True,False,0.6892,coding_recommendation,20.5,-16.36
C02231,pro,W09,2025-03-23,True,True,True,False,0.7539,diagnosis_suggestion,26.8,-18.95
C02232,free,W11,2025-03-16,True,True,True,True,0.5,documentation_gap,25.7,58.45
C02232,free,W11,2025-03-28,False,False,False,,,,,0.0
C02232,free,W11,2025-04-23,False,False,False,,,,,0.0
C02233,basic,W09,2025-04-03,True,True,False,True,0.9767,diagnosis_suggestion,27.2,0.0
C02233,basic,W09,2025-03-16,True,True,False,True,0.8237,diagnosis_suggestion,6.6,0.0
C02233,basic,W09,2025-04-27,True,True,True,True,0.5227,coding_recommendation,24.0,66.34
C02233,basic,W09,2025-04-30,True,False,False,False,0.3693,coding_recommendation,,0.0
C02234,free,W06,2025-03-08,False,False,False,,,,,0.0
C02234,free,W06,2025-04-10,False,False,False,,,,,0.0
C02234,free,W06,2025-03-10,False,False,False,,,,,0.0
C02235,free,W09,2025-05-01,True,True,False,True,0.8223,coding_recommendation,9.2,0.0
C02235,free,W09,2025-03-25,False,False,False,,,,,0.0
C02235,free,W09,2025-03-11,False,False,False,,,,,0.0
C02236,free,W08,2025-03-12,True,True,True,True,0.6522,quality_flag,19.2,74.93
C02236,free,W08,2025-03-06,False,False,False,,,,,0.0
C02236,free,W08,2025-04-28,False,False,False,,,,,0.0
C02237,free,W12,2025-04-27,True,True,True,True,0.5915,coding_recommendation,4.5,19.22
C02237,free,W12,2025-05-23,False,False,False,,,,,0.0
C02237,free,W12,2025-03-23,True,True,True,True,0.7194,coding_recommendation,11.3,60.05
C02237,free,W12,2025-04-26,True,True,False,True,0.6988,documentation_gap,32.9,0.0
C02238,basic,W03,2025-02-17,False,False,False,,,,,0.0
C02238,basic,W03,2025-03-03,False,False,False,,,,,0.0
C02238,basic,W03,2025-01-16,True,False,False,False,0.3,diagnosis_suggestion,,0.0
C02239,free,W08,2025-05-10,True,True,False,True,0.8134,quality_flag,59.6,0.0
C02239,free,W08,2025-04-09,True,True,True,True,0.8406,quality_flag,7.9,144.01
C02239,free,W08,2025-04-24,True,True,True,True,0.6755,coding_recommendation,14.3,29.91
C02240,free,W11,2025-05-09,False,False,False,,,,,0.0
C02240,free,W11,2025-04-17,True,True,True,True,0.99,coding_recommendation,86.9,32.82
C02240,free,W11,2025-05-24,True,True,True,True,0.6994,diagnosis_suggestion,19.2,59.36
C02241,pro,W07,2025-03-04,True,True,True,True,0.8461,coding_recommendation,77.6,18.39
C02241,pro,W07,2025-02-21,True,True,True,False,0.506,diagnosis_suggestion,2.0,-20.78
C02241,pro,W07,2025-03-07,True,True,True,True,0.8142,documentation_gap,38.7,44.26
C02242,free,W12,2025-05-23,False,False,False,,,,,0.0
C02242,free,W12,2025-05-16,False,False,False,,,,,0.0
C02242,free,W12,2025-05-04,True,True,True,True,0.682,quality_flag,58.5,71.62
C02243,basic,W09,2025-04-29,True,True,False,True,0.7578,diagnosis_suggestion,18.2,0.0
C02243,basic,W09,2025-03-02,True,True,False,True,0.5,coding_recommendation,69.2,0.0
C02243,basic,W09,2025-05-05,True,True,False,True,0.9345,documentation_gap,21.9,0.0
C02244,basic,W07,2025-03-08,True,True,False,True,0.8331,quality_flag,9.8,0.0
C02244,basic,W07,2025-03-09,True,True,True,True,0.9838,documentation_gap,8.2,74.5
C02244,basic,W07,2025-04-10,True,False,False,False,0.3,documentation_gap,,0.0
C02245,free,W05,2025-04-07,True,True,False,True,0.8095,diagnosis_suggestion,2.6,0.0
C02245,free,W05,2025-03-27,False,False,False,,,,,0.0
C02245,free,W05,2025-03-31,False,False,False,,,,,0.0
C02246,pro,W05,2025-04-22,True,True,False,True,0.9165,diagnosis_suggestion,9.7,0.0
C02246,pro,W05,2025-04-09,True,True,True,False,0.763,coding_recommendation,53.2,-20.06
C02246,pro,W05,2025-03-07,True,False,False,False,0.3577,diagnosis_suggestion,,0.0
C02246,pro,W05,2025-02-25,True,False,False,False,0.3,documentation_gap,,0.0
C02247,basic,W04,2025-03-27,True,True,False,True,0.952,diagnosis_suggestion,19.0,0.0
C02247,basic,W04,2025-03-12,True,True,True,True,0.9311,documentation_gap,50.8,30.29
C02247,basic,W04,2025-02-27,True,True,False,True,0.9039,coding_recommendation,19.0,0.0
C02248,free,W02,2025-03-02,False,False,False,,,,,0.0
C02248,free,W02,2025-01-18,False,False,False,,,,,0.0
C02248,free,W02,2025-01-17,False,False,False,,,,,0.0
C02249,pro,W05,2025-04-07,True,True,True,True,0.794,diagnosis_suggestion,44.2,29.84
C02249,pro,W05,2025-03-25,True,True,True,False,0.6341,quality_flag,63.7,-29.13
C02249,pro,W05,2025-02-08,True,True,True,False,0.7856,quality_flag,64.3,-25.41
C02250,basic,W10,2025-03-15,False,False,False,,,,,0.0
C02250,basic,W10,2025-04-11,True,False,False,False,0.3,quality_flag,,0.0
C02250,basic,W10,2025-03-13,False,False,False,,,,,0.0
C02251,pro,W04,2025-02-09,True,True,True,True,0.7248,diagnosis_suggestion,4.8,25.49
C02251,pro,W04,2025-04-02,False,False,False,,,,,0.0
C02251,pro,W04,2025-01-31,True,True,True,True,0.8069,coding_recommendation,12.8,30.2
C02252,free,W01,2025-03-25,False,False,False,,,,,0.0
C02252,free,W01,2025-03-13,False,False,False,,,,,0.0
C02252,free,W01,2025-01-04,True,True,False,True,0.8495,quality_flag,23.6,0.0
C02252,free,W01,2025-01-15,True,True,True,True,0.8143,documentation_gap,17.2,55.95
C02252,free,W01,2025-03-17,False,False,False,,,,,0.0
C02252,free,W01,2025-03-20,True,True,False,False,0.6427,documentation_gap,24.2,0.0
C02252,free,W01,2025-02-12,True,False,False,False,0.3578,documentation_gap,,0.0
C02252,free,W01,2025-01-01,True,True,False,False,0.5148,coding_recommendation,34.8,0.0
C02252,free,W01,2025-01-07,False,False,False,,,,,0.0
C02252,free,W01,2025-03-05,False,False,False,,,,,0.0
C02252,free,W01,2025-01-01,True,False,False,False,0.4917,diagnosis_suggestion,,0.0
C02252,free,W01,2025-02-07,True,True,True,False,0.691,diagnosis_suggestion,17.1,-12.88
C02252,free,W01,2025-01-27,False,False,False,,,,,0.0
C02253,free,W02,2025-01-13,True,False,False,False,0.3992,diagnosis_suggestion,,0.0
C02253,free,W02,2025-01-13,False,False,False,,,,,0.0
C02253,free,W02,2025-02-03,False,False,False,,,,,0.0
C02254,basic,W11,2025-04-20,True,True,True,True,0.8719,diagnosis_suggestion,9.1,153.68
C02254,basic,W11,2025-03-12,True,True,True,True,0.9732,coding_recommendation,12.5,33.07
C02254,basic,W11,2025-05-07,True,True,False,True,0.9503,coding_recommendation,13.9,0.0
C02255,basic,W02,2025-01-29,True,True,True,True,0.7969,diagnosis_suggestion,38.9,46.76
C02255,basic,W02,2025-03-05,True,True,True,True,0.8162,coding_recommendation,11.9,218.39
C02255,basic,W02,2025-03-13,True,True,True,True,0.9454,diagnosis_suggestion,11.2,72.46
C02256,pro,W09,2025-05-20,False,False,False,,,,,0.0
C02256,pro,W09,2025-04-24,True,True,True,True,0.9526,diagnosis_suggestion,70.5,92.4
C02256,pro,W09,2025-05-04,True,True,True,True,0.6413,quality_flag,6.8,125.64
C02257,free,W02,2025-01-21,False,False,False,,,,,0.0
C02257,free,W02,2025-02-20,False,False,False,,,,,0.0
C02257,free,W02,2025-02-09,False,False,False,,,,,0.0
C02258,pro,W12,2025-03-20,True,False,False,False,0.4956,documentation_gap,,0.0
C02258,pro,W12,2025-05-28,True,True,True,True,0.8319,documentation_gap,46.2,108.82
C02258,pro,W12,2025-04-15,True,True,True,False,0.5903,coding_recommendation,85.1,-17.88
C02259,pro,W10,2025-05-20,True,False,False,False,0.302,documentation_gap,,0.0
C02259,pro,W10,2025-03-25,True,True,True,True,0.5048,diagnosis_suggestion,58.6,38.03
C02259,pro,W10,2025-04-29,True,True,False,True,0.7627,diagnosis_suggestion,42.4,0.0
C02260,pro,W07,2025-03-02,True,True,True,True,0.8877,documentation_gap,54.6,123.37
C02260,pro,W07,2025-03-31,True,True,True,False,0.5956,diagnosis_suggestion,12.6,-42.9
C02260,pro,W07,2025-04-26,True,True,True,True,0.8087,documentation_gap,8.3,46.46
C02261,free,W03,2025-02-19,False,False,False,,,,,0.0
C02261,free,W03,2025-02-18,False,False,False,,,,,0.0
C02261,free,W03,2025-03-02,False,False,False,,,,,0.0
C02262,free,W02,2025-03-24,False,False,False,,,,,0.0
C02262,free,W02,2025-03-17,True,True,True,True,0.7778,quality_flag,6.1,71.89
C02262,free,W02,2025-02-20,True,False,False,False,0.334,coding_recommendation,,0.0
C02263,basic,W08,2025-03-22,True,True,True,True,0.7886,documentation_gap,6.5,67.05
C02263,basic,W08,2025-04-22,True,True,True,True,0.9029,documentation_gap,57.0,76.01
C02263,basic,W08,2025-04-25,False,False,False,,,,,0.0
C02264,free,W12,2025-04-13,False,False,False,,,,,0.0
C02264,free,W12,2025-04-12,False,False,False,,,,,0.0
C02264,free,W12,2025-04-04,True,True,True,False,0.6638,diagnosis_suggestion,49.6,-13.11
C02265,free,W02,2025-03-16,True,True,False,True,0.6357,documentation_gap,28.6,0.0
C02265,free,W02,2025-03-11,True,True,True,True,0.8102,quality_flag,23.4,81.78
C02265,free,W02,2025-02-01,True,True,True,True,0.8438,diagnosis_suggestion,11.3,50.76
C02266,basic,W09,2025-05-17,True,True,False,True,0.6674,documentation_gap,9.9,0.0
C02266,basic,W09,2025-05-11,True,True,True,True,0.8742,coding_recommendation,11.1,66.84
C02266,basic,W09,2025-03-25,True,True,True,True,0.9494,coding_recommendation,27.9,44.73
C02267,basic,W03,2025-04-04,False,False,False,,,,,0.0
C02267,basic,W03,2025-04-03,True,True,True,True,0.664,diagnosis_suggestion,21.8,50.56
C02267,basic,W03,2025-04-03,True,True,True,False,0.5255,diagnosis_suggestion,89.7,-6.67
C02268,basic,W09,2025-03-22,True,True,True,True,0.6731,diagnosis_suggestion,11.2,35.71
C02268,basic,W09,2025-03-02,False,False,False,,,,,0.0
C02268,basic,W09,2025-03-08,True,True,True,True,0.7439,documentation_gap,108.1,16.77
C02269,free,W03,2025-03-18,True,True,False,False,0.6987,coding_recommendation,8.4,0.0
C02269,free,W03,2025-01-23,False,False,False,,,,,0.0
C02269,free,W03,2025-01-18,True,True,True,True,0.8156,documentation_gap,4.1,59.79
C02270,free,W09,2025-03-22,False,False,False,,,,,0.0
C02270,free,W09,2025-03-12,True,True,False,True,0.8455,documentation_gap,26.7,0.0
C02270,free,W09,2025-04-07,False,False,False,,,,,0.0
C02271,basic,W06,2025-02-06,True,True,True,True,0.8745,documentation_gap,13.0,27.42
C02271,basic,W06,2025-03-17,False,False,False,,,,,0.0
C02271,basic,W06,2025-02-16,True,True,True,True,0.5917,diagnosis_suggestion,15.2,13.58
C02272,basic,W11,2025-05-30,True,True,True,True,0.669,coding_recommendation,13.0,20.17
C02272,basic,W11,2025-03-23,True,True,False,True,0.5,documentation_gap,13.3,0.0
C02272,basic,W11,2025-03-13,False,False,False,,,,,0.0
C02273,basic,W02,2025-01-12,False,False,False,,,,,0.0
C02273,basic,W02,2025-01-08,True,True,True,True,0.8507,diagnosis_suggestion,30.4,77.93
C02273,basic,W02,2025-01-18,True,True,True,True,0.8651,diagnosis_suggestion,7.4,44.23
C02273,basic,W02,2025-01-24,True,True,True,True,0.8063,coding_recommendation,14.6,41.26
C02274,free,W01,2025-03-25,True,True,False,False,0.6866,quality_flag,42.0,0.0
C02274,free,W01,2025-02-19,False,False,False,,,,,0.0
C02274,free,W01,2025-03-10,False,False,False,,,,,0.0
C02275,basic,W03,2025-02-28,False,False,False,,,,,0.0
C02275,basic,W03,2025-03-04,False,False,False,,,,,0.0
C02275,basic,W03,2025-04-06,False,False,False,,,,,0.0
C02276,free,W07,2025-02-21,True,True,True,True,0.8906,diagnosis_suggestion,13.0,36.21
C02276,free,W07,2025-04-01,True,True,False,False,0.5107,diagnosis_suggestion,85.1,0.0
C02276,free,W07,2025-03-18,True,True,True,False,0.7177,documentation_gap,12.1,-12.12
C02277,free,W10,2025-04-04,True,False,False,False,0.4502,diagnosis_suggestion,,0.0
C02277,free,W10,2025-05-13,False,False,False,,,,,0.0
C02277,free,W10,2025-05-13,True,False,False,False,0.3367,diagnosis_suggestion,,0.0
C02278,free,W03,2025-03-11,False,False,False,,,,,0.0
C02278,free,W03,2025-03-24,True,True,True,False,0.8495,diagnosis_suggestion,23.3,-16.42
C02278,free,W03,2025-03-28,True,True,False,True,0.5927,coding_recommendation,21.2,0.0
C02279,free,W03,2025-01-16,False,False,False,,,,,0.0
C02279,free,W03,2025-01-27,True,True,True,False,0.7321,coding_recommendation,13.5,-23.3
C02279,free,W03,2025-03-18,True,False,False,False,0.3,coding_recommendation,,0.0
C02280,pro,W12,2025-05-29,True,True,False,True,0.7659,quality_flag,21.5,0.0
C02280,pro,W12,2025-06-04,False,False,False,,,,,0.0
C02280,pro,W12,2025-04-13,True,True,True,True,0.7464,documentation_gap,11.5,59.31
C02281,basic,W07,2025-03-12,True,True,False,True,0.7829,diagnosis_suggestion,36.8,0.0
C02281,basic,W07,2025-04-01,True,False,False,False,0.3427,diagnosis_suggestion,,0.0
C02281,basic,W07,2025-04-30,True,True,True,True,0.9496,documentation_gap,4.9,41.99
C02282,free,W07,2025-04-03,True,True,True,True,0.5875,coding_recommendation,20.9,124.55
C02282,free,W07,2025-04-10,True,True,True,True,0.789,coding_recommendation,5.8,104.55
C02282,free,W07,2025-02-19,False,False,False,,,,,0.0
C02283,free,W04,2025-03-04,True,True,True,True,0.759,diagnosis_suggestion,18.6,22.97
C02283,free,W04,2025-02-09,False,False,False,,,,,0.0
C02283,free,W04,2025-02-15,True,True,False,True,0.6651,documentation_gap,9.6,0.0
C02284,pro,W01,2025-02-04,False,False,False,,,,,0.0
C02284,pro,W01,2025-02-09,True,True,True,True,0.7616,documentation_gap,5.3,15.85
C02284,pro,W01,2025-01-14,True,True,True,True,0.7734,documentation_gap,22.9,191.72
C02285,basic,W10,2025-03-18,False,False,False,,,,,0.0
C02285,basic,W10,2025-05-20,True,True,True,True,0.8384,diagnosis_suggestion,5.5,32.99
C02285,basic,W10,2025-03-09,False,False,False,,,,,0.0
C02286,free,W08,2025-05-01,False,False,False,,,,,0.0
C02286,free,W08,2025-03-07,False,False,False,,,,,0.0
C02286,free,W08,2025-04-02,True,True,True,True,0.9256,diagnosis_suggestion,26.7,146.15
C02287,basic,W08,2025-03-13,True,True,True,False,0.5973,quality_flag,43.3,-13.8
C02287,basic,W08,2025-03-22,True,True,False,True,0.8686,documentation_gap,58.1,0.0
C02287,basic,W08,2025-03-10,True,True,False,True,0.8706,documentation_gap,22.2,0.0
C02288,free,W06,2025-02-08,False,False,False,,,,,0.0
C02288,free,W06,2025-03-21,True,True,True,True,0.8531,coding_recommendation,33.9,74.64
C02288,free,W06,2025-02-05,True,True,False,False,0.5097,documentation_gap,31.6,0.0
C02289,basic,W11,2025-03-18,True,True,True,True,0.9252,coding_recommendation,66.7,84.26
C02289,basic,W11,2025-05-10,True,True,True,True,0.7878,coding_recommendation,30.9,39.73
C02289,basic,W11,2025-05-19,False,False,False,,,,,0.0
C02290,basic,W01,2025-03-20,True,False,False,False,0.3053,diagnosis_suggestion,,0.0
C02290,basic,W01,2025-01-15,True,True,False,False,0.5536,coding_recommendation,40.4,0.0
C02290,basic,W01,2025-01-31,True,False,False,False,0.3525,quality_flag,,0.0
C02291,basic,W12,2025-04-02,True,True,True,True,0.7692,documentation_gap,10.2,66.78
C02291,basic,W12,2025-06-01,True,True,False,False,0.5217,coding_recommendation,32.7,0.0
C02291,basic,W12,2025-05-11,True,True,False,True,0.7865,coding_recommendation,39.2,0.0
C02291,basic,W12,2025-04-28,True,True,True,False,0.5713,diagnosis_suggestion,15.3,-25.18
C02291,basic,W12,2025-04-12,True,True,True,True,0.8863,quality_flag,58.4,69.72
C02291,basic,W12,2025-03-26,True,True,True,False,0.6243,diagnosis_suggestion,21.6,-15.61
C02292,basic,W10,2025-03-08,True,True,True,True,0.8352,diagnosis_suggestion,29.1,56.45
C02292,basic,W10,2025-04-20,True,True,True,True,0.8101,coding_recommendation,32.5,126.34
C02292,basic,W10,2025-05-09,False,False,False,,,,,0.0
C02293,free,W12,2025-05-21,True,True,False,True,0.8748,coding_recommendation,25.1,0.0
C02293,free,W12,2025-06-08,True,True,True,True,0.7329,diagnosis_suggestion,57.4,69.49
C02293,free,W12,2025-05-06,True,True,True,True,0.7853,diagnosis_suggestion,14.6,41.94
C02294,basic,W03,2025-01-22,True,True,False,True,0.6354,documentation_gap,12.7,0.0
C02294,basic,W03,2025-02-28,True,True,True,True,0.8326,documentation_gap,12.9,76.01
C02294,basic,W03,2025-03-16,True,True,False,True,0.7019,documentation_gap,48.3,0.0
C02295,free,W12,2025-04-14,True,False,False,False,0.3714,diagnosis_suggestion,,0.0
C02295,free,W12,2025-06-08,True,True,True,False,0.7535,diagnosis_suggestion,15.2,-46.81
C02295,free,W12,2025-05-28,False,False,False,,,,,0.0
C02296,free,W12,2025-04-15,True,True,False,True,0.8145,quality_flag,18.1,0.0
C02296,free,W12,2025-05-27,True,True,False,False,0.5883,documentation_gap,9.0,0.0
C02296,free,W12,2025-06-06,True,True,True,True,0.8178,diagnosis_suggestion,10.5,55.66
C02297,basic,W06,2025-03-02,True,False,False,False,0.4203,documentation_gap,,0.0
C02297,basic,W06,2025-03-23,True,True,False,True,0.678,documentation_gap,10.6,0.0
C02297,basic,W06,2025-02-05,False,False,False,,,,,0.0
C02298,free,W10,2025-04-28,False,False,False,,,,,0.0
C02298,free,W10,2025-04-21,False,False,False,,,,,0.0
C02298,free,W10,2025-05-27,True,True,False,True,0.756,documentation_gap,14.4,0.0
C02298,free,W10,2025-05-05,False,False,False,,,,,0.0
C02298,free,W10,2025-03-15,True,True,False,True,0.9728,documentation_gap,12.8,0.0
C02298,free,W10,2025-04-01,False,False,False,,,,,0.0
C02298,free,W10,2025-03-15,True,True,False,True,0.7844,quality_flag,31.1,0.0
C02298,free,W10,2025-03-29,True,True,False,True,0.8212,diagnosis_suggestion,30.8,0.0
C02298,free,W10,2025-05-18,True,False,False,False,0.4511,diagnosis_suggestion,,0.0
C02298,free,W10,2025-04-02,False,False,False,,,,,0.0
C02298,free,W10,2025-05-13,False,False,False,,,,,0.0
C02298,free,W10,2025-05-07,True,True,True,True,0.7917,quality_flag,20.0,58.44
C02298,free,W10,2025-03-14,True,True,False,True,0.9043,documentation_gap,12.6,0.0
C02298,free,W10,2025-05-26,False,False,False,,,,,0.0
C02298,free,W10,2025-04-04,True,True,True,True,0.8958,diagnosis_suggestion,9.5,104.07
C02299,basic,W06,2025-04-24,False,False,False,,,,,0.0
C02299,basic,W06,2025-04-12,True,True,False,True,0.8727,diagnosis_suggestion,9.0,0.0
C02299,basic,W06,2025-03-04,False,False,False,,,,,0.0
C02299,basic,W06,2025-03-28,True,True,True,True,0.9459,documentation_gap,12.4,42.89
C02300,free,W01,2025-01-29,True,True,True,False,0.7712,quality_flag,78.2,-18.63
C02300,free,W01,2025-02-23,True,False,False,False,0.3,diagnosis_suggestion,,0.0
C02300,free,W01,2025-02-09,True,False,False,False,0.3747,diagnosis_suggestion,,0.0
C02301,basic,W11,2025-04-30,False,False,False,,,,,0.0
C02301,basic,W11,2025-04-27,False,False,False,,,,,0.0
C02301,basic,W11,2025-03-26,True,True,True,True,0.8225,quality_flag,40.2,43.28
C02302,free,W07,2025-04-05,True,False,False,False,0.3,coding_recommendation,,0.0
C02302,free,W07,2025-02-14,False,False,False,,,,,0.0
C02302,free,W07,2025-03-13,False,False,False,,,,,0.0
C02303,pro,W11,2025-03-27,True,True,True,True,0.8407,documentation_gap,17.9,35.83
C02303,pro,W11,2025-05-23,True,True,True,True,0.8616,documentation_gap,12.7,40.7
C02303,pro,W11,2025-05-14,True,True,False,True,0.5513,diagnosis_suggestion,20.8,0.0
C02304,pro,W02,2025-01-31,True,True,False,True,0.5,documentation_gap,27.6,0.0
C02304,pro,W02,2025-02-17,True,True,False,True,0.7679,coding_recommendation,39.3,0.0
C02304,pro,W02,2025-01-11,True,True,False,True,0.8183,documentation_gap,16.0,0.0
C02305,basic,W08,2025-03-30,True,True,False,True,0.7798,diagnosis_suggestion,19.4,0.0
C02305,basic,W08,2025-05-13,True,False,False,False,0.3,documentation_gap,,0.0
C02305,basic,W08,2025-03-27,True,True,False,True,0.8972,diagnosis_suggestion,22.1,0.0
C02306,pro,W06,2025-03-28,True,False,False,False,0.3,quality_flag,,0.0
C02306,pro,W06,2025-04-04,False,False,False,,,,,0.0
C02306,pro,W06,2025-04-28,True,True,True,False,0.7487,diagnosis_suggestion,8.7,-19.78
C02307,basic,W01,2025-01-08,True,True,False,True,0.6558,documentation_gap,14.8,0.0
C02307,basic,W01,2025-01-27,False,False,False,,,,,0.0
C02307,basic,W01,2025-02-02,True,True,True,False,0.6723,documentation_gap,10.6,-35.97
C02308,free,W02,2025-03-12,True,False,False,False,0.4709,coding_recommendation,,0.0
C02308,free,W02,2025-01-27,False,False,False,,,,,0.0
C02308,free,W02,2025-02-25,True,True,True,True,0.8593,diagnosis_suggestion,20.5,57.3
C02309,free,W06,2025-04-29,False,False,False,,,,,0.0
C02309,free,W06,2025-02-24,True,True,True,True,0.7434,quality_flag,32.7,36.15
C02309,free,W06,2025-02-08,False,False,False,,,,,0.0
C02310,pro,W02,2025-02-01,True,True,True,True,0.8164,diagnosis_suggestion,12.4,73.15
C02310,pro,W02,2025-02-16,True,True,True,False,0.5831,diagnosis_suggestion,24.0,-12.14
C02310,pro,W02,2025-03-08,True,True,False,False,0.5912,documentation_gap,36.3,0.0
C02311,basic,W04,2025-02-19,True,True,True,False,0.7705,coding_recommendation,28.2,-14.5
C02311,basic,W04,2025-03-07,False,False,False,,,,,0.0
C02311,basic,W04,2025-03-26,True,True,True,True,0.7811,documentation_gap,15.0,104.99
C02312,pro,W09,2025-03-09,True,True,True,True,0.913,coding_recommendation,25.5,89.01
C02312,pro,W09,2025-05-03,True,True,True,False,0.5632,coding_recommendation,5.0,-38.57
C02312,pro,W09,2025-03-05,True,True,True,True,0.6727,documentation_gap,20.5,98.26
C02313,free,W03,2025-02-27,True,True,True,True,0.8926,documentation_gap,24.7,38.13
C02313,free,W03,2025-03-09,True,True,False,True,0.7396,documentation_gap,44.4,0.0
C02313,free,W03,2025-02-03,True,True,True,True,0.9,documentation_gap,37.6,48.5
C02313,free,W03,2025-03-28,True,True,False,True,0.9233,coding_recommendation,7.5,0.0
C02313,free,W03,2025-03-23,False,False,False,,,,,0.0
C02313,free,W03,2025-01-18,True,True,False,True,0.8087,documentation_gap,14.5,0.0
C02314,free,W05,2025-02-21,True,True,False,False,0.5458,coding_recommendation,13.9,0.0
C02314,free,W05,2025-03-15,False,False,False,,,,,0.0
C02314,free,W05,2025-02-17,True,True,False,True,0.8801,quality_flag,12.8,0.0
C02314,free,W05,2025-03-23,False,False,False,,,,,0.0
C02315,free,W03,2025-03-14,True,True,True,True,0.6993,diagnosis_suggestion,13.4,48.85
C02315,free,W03,2025-02-02,False,False,False,,,,,0.0
C02315,free,W03,2025-03-17,True,True,False,True,0.9393,quality_flag,22.7,0.0
C02316,free,W08,2025-04-18,True,False,False,False,0.4661,documentation_gap,,0.0
C02316,free,W08,2025-03-17,True,True,False,True,0.7832,diagnosis_suggestion,31.6,0.0
C02316,free,W08,2025-03-01,True,False,False,False,0.3,diagnosis_suggestion,,0.0
C02317,basic,W10,2025-03-25,True,True,False,False,0.5468,diagnosis_suggestion,26.5,0.0
C02317,basic,W10,2025-04-26,True,True,True,True,0.8708,diagnosis_suggestion,8.7,41.52
C02317,basic,W10,2025-05-18,True,True,False,True,0.9751,coding_recommendation,14.7,0.0
C02318,free,W05,2025-04-02,False,False,False,,,,,0.0
C02318,free,W05,2025-03-09,False,False,False,,,,,0.0
C02318,free,W05,2025-04-14,False,False,False,,,,,0.0
C02319,free,W10,2025-05-09,True,True,False,False,0.5084,diagnosis_suggestion,25.6,0.0
C02319,free,W10,2025-03-29,True,True,True,True,0.6783,documentation_gap,47.2,100.0
C02319,free,W10,2025-04-02,False,False,False,,,,,0.0
C02320,basic,W06,2025-02-12,True,True,True,True,0.8742,quality_flag,4.4,56.53
C02320,basic,W06,2025-04-25,False,False,False,,,,,0.0
C02320,basic,W06,2025-02-26,True,True,True,True,0.9744,coding_recommendation,27.3,63.06
C02321,free,W06,2025-03-23,False,False,False,,,,,0.0
C02321,free,W06,2025-03-29,False,False,False,,,,,0.0
C02321,free,W06,2025-04-10,False,False,False,,,,,0.0
C02322,free,W04,2025-02-21,True,True,True,True,0.9346,coding_recommendation,15.8,46.82
C02322,free,W04,2025-02-02,False,False,False,,,,,0.0
C02322,free,W04,2025-03-26,True,True,False,True,0.8603,diagnosis_suggestion,35.9,0.0
C02323,basic,W10,2025-05-14,False,False,False,,,,,0.0
C02323,basic,W10,2025-04-02,False,False,False,,,,,0.0
C02323,basic,W10,2025-04-06,True,True,True,True,0.8983,coding_recommendation,17.9,20.71
C02323,basic,W10,2025-04-21,True,True,True,True,0.8385,documentation_gap,4.8,172.85
C02323,basic,W10,2025-05-03,True,False,False,False,0.3843,coding_recommendation,,0.0
C02324,pro,W11,2025-05-13,True,True,True,True,0.9713,documentation_gap,37.1,63.68
C02324,pro,W11,2025-05-23,True,True,True,True,0.8504,diagnosis_suggestion,16.0,161.05
C02324,pro,W11,2025-04-09,True,True,True,True,0.8358,diagnosis_suggestion,13.5,65.28
C02325,basic,W04,2025-04-11,True,True,False,True,0.9492,quality_flag,17.9,0.0
C02325,basic,W04,2025-02-16,True,True,True,False,0.6242,coding_recommendation,14.8,-17.32
C02325,basic,W04,2025-03-27,False,False,False,,,,,0.0
C02326,free,W10,2025-05-17,True,True,False,True,0.896,diagnosis_suggestion,27.3,0.0
C02326,free,W10,2025-04-10,True,False,False,False,0.3,coding_recommendation,,0.0
C02326,free,W10,2025-04-02,True,True,False,True,0.5,quality_flag,24.8,0.0
C02327,free,W01,2025-01-29,False,False,False,,,,,0.0
C02327,free,W01,2025-02-01,True,True,False,True,0.5652,diagnosis_suggestion,11.0,0.0
C02327,free,W01,2025-02-05,False,False,False,,,,,0.0
C02328,free,W06,2025-04-01,False,False,False,,,,,0.0
C02328,free,W06,2025-02-13,False,False,False,,,,,0.0
C02328,free,W06,2025-04-08,False,False,False,,,,,0.0
C02329,free,W04,2025-02-17,True,True,True,True,0.739,coding_recommendation,14.8,124.51
C02329,free,W04,2025-01-25,True,True,False,True,0.7346,diagnosis_suggestion,31.2,0.0
C02329,free,W04,2025-02-01,False,False,False,,,,,0.0
C02329,free,W04,2025-03-16,False,False,False,,,,,0.0
C02330,basic,W06,2025-02-17,True,True,True,False,0.5054,documentation_gap,13.9,-33.93
C02330,basic,W06,2025-03-15,True,True,True,True,0.8156,documentation_gap,26.3,21.54
C02330,basic,W06,2025-03-16,True,True,False,True,0.5983,documentation_gap,7.0,0.0
C02331,free,W08,2025-04-08,True,True,True,False,0.6702,diagnosis_suggestion,69.5,-42.08
C02331,free,W08,2025-04-28,False,False,False,,,,,0.0
C02331,free,W08,2025-04-01,True,True,True,True,0.9502,diagnosis_suggestion,21.1,88.69
C02332,free,W09,2025-04-14,True,True,False,True,0.674,documentation_gap,19.4,0.0
C02332,free,W09,2025-05-12,False,False,False,,,,,0.0
C02332,free,W09,2025-03-02,True,True,False,True,0.8206,documentation_gap,25.7,0.0
C02333,basic,W09,2025-04-29,True,True,True,True,0.7693,diagnosis_suggestion,16.7,93.36
C02333,basic,W09,2025-04-09,True,True,True,True,0.8892,coding_recommendation,70.6,72.23
C02333,basic,W09,2025-03-22,False,False,False,,,,,0.0
C02334,free,W01,2025-01-06,True,True,True,True,0.7437,diagnosis_suggestion,26.6,94.07
C02334,free,W01,2025-02-14,False,False,False,,,,,0.0
C02334,free,W01,2025-03-06,False,False,False,,,,,0.0
C02335,free,W05,2025-03-28,True,True,False,True,0.9098,quality_flag,28.4,0.0
C02335,free,W05,2025-03-27,False,False,False,,,,,0.0
C02335,free,W05,2025-04-04,True,True,True,True,0.5666,diagnosis_suggestion,12.4,45.68
C02336,free,W12,2025-04-24,False,False,False,,,,,0.0
C02336,free,W12,2025-03-24,False,False,False,,,,,0.0
C02336,free,W12,2025-03-22,False,False,False,,,,,0.0
C02337,basic,W07,2025-03-25,False,False,False,,,,,0.0
C02337,basic,W07,2025-04-02,True,True,True,True,0.5932,quality_flag,63.8,228.76
C02337,basic,W07,2025-04-11,True,True,True,True,0.8547,diagnosis_suggestion,22.7,26.7
C02338,free,W01,2025-01-25,True,True,False,True,0.7361,quality_flag,7.5,0.0
C02338,free,W01,2025-01-12,False,False,False,,,,,0.0
C02338,free,W01,2025-01-26,False,False,False,,,,,0.0
C02339,free,W06,2025-04-29,False,False,False,,,,,0.0
C02339,free,W06,2025-02-28,False,False,False,,,,,0.0
C02339,free,W06,2025-04-23,True,False,False,False,0.3,documentation_gap,,0.0
C02340,free,W01,2025-01-29,False,False,False,,,,,0.0
C02340,free,W01,2025-02-22,True,True,False,True,0.9262,documentation_gap,32.9,0.0
C02340,free,W01,2025-01-02,True,True,False,True,0.9812,coding_recommendation,17.8,0.0
C02341,free,W06,2025-03-13,False,False,False,,,,,0.0
C02341,free,W06,2025-04-05,True,False,False,False,0.3,diagnosis_suggestion,,0.0
C02341,free,W06,2025-03-24,True,True,True,True,0.7717,diagnosis_suggestion,11.5,32.25
C02342,basic,W07,2025-03-16,False,False,False,,,,,0.0
C02342,basic,W07,2025-04-22,True,True,True,True,0.99,documentation_gap,14.0,102.74
C02342,basic,W07,2025-02-28,True,True,True,True,0.7222,diagnosis_suggestion,31.0,49.47
C02343,basic,W05,2025-02-26,True,True,True,True,0.9246,quality_flag,8.6,31.14
C02343,basic,W05,2025-03-03,True,True,True,True,0.807,quality_flag,14.7,43.51
C02343,basic,W05,2025-03-07,False,False,False,,,,,0.0
C02344,free,W02,2025-01-23,False,False,False,,,,,0.0
C02344,free,W02,2025-02-01,False,False,False,,,,,0.0
C02344,free,W02,2025-01-29,True,True,True,True,0.8971,documentation_gap,22.9,22.24
C02345,basic,W02,2025-01-14,False,False,False,,,,,0.0
C02345,basic,W02,2025-03-05,True,True,True,True,0.8056,coding_recommendation,8.6,43.83
C02345,basic,W02,2025-01-17,True,True,True,True,0.8552,documentation_gap,19.4,48.3
C02346,pro,W06,2025-04-18,True,True,True,True,0.8877,coding_recommendation,31.8,62.27
C02346,pro,W06,2025-02-10,True,True,False,True,0.746,diagnosis_suggestion,115.5,0.0
C02346,pro,W06,2025-04-21,True,True,True,True,0.7869,diagnosis_suggestion,23.2,102.86
C02347,pro,W12,2025-04-25,True,True,True,True,0.7814,documentation_gap,18.2,158.21
C02347,pro,W12,2025-03-29,False,False,False,,,,,0.0
C02347,pro,W12,2025-04-19,True,True,True,True,0.8916,diagnosis_suggestion,36.0,264.84
C02348,basic,W06,2025-04-22,True,True,False,True,0.5501,diagnosis_suggestion,20.9,0.0
C02348,basic,W06,2025-04-20,True,False,False,False,0.3567,diagnosis_suggestion,,0.0
C02348,basic,W06,2025-02-13,False,False,False,,,,,0.0
C02349,free,W01,2025-02-11,False,False,False,,,,,0.0
C02349,free,W01,2025-03-17,True,True,False,True,0.7284,documentation_gap,38.9,0.0
C02349,free,W01,2025-01-15,False,False,False,,,,,0.0
C02349,free,W01,2025-01-27,False,False,False,,,,,0.0
C02350,basic,W11,2025-03-19,True,True,True,True,0.7368,quality_flag,9.3,44.95
C02350,basic,W11,2025-04-21,True,True,True,True,0.8153,documentation_gap,61.8,36.85
C02350,basic,W11,2025-05-11,True,True,True,True,0.8432,coding_recommendation,16.6,38.58
C02350,basic,W11,2025-05-07,True,True,True,True,0.9505,quality_flag,21.2,53.15
C02350,basic,W11,2025-05-08,True,True,True,True,0.8939,diagnosis_suggestion,5.4,73.13
C02350,basic,W11,2025-05-23,False,False,False,,,,,0.0
C02350,basic,W11,2025-04-22,True,True,False,True,0.8107,coding_recommendation,54.0,0.0
C02350,basic,W11,2025-03-22,True,True,True,True,0.9745,coding_recommendation,31.6,82.8
C02351,free,W10,2025-05-14,True,True,False,True,0.7399,coding_recommendation,22.9,0.0
C02351,free,W10,2025-03-19,True,True,False,True,0.9056,diagnosis_suggestion,40.6,0.0
C02351,free,W10,2025-05-19,False,False,False,,,,,0.0
C02352,free,W09,2025-05-06,True,True,True,True,0.6467,diagnosis_suggestion,23.9,59.65
C02352,free,W09,2025-04-29,True,True,False,True,0.8616,diagnosis_suggestion,6.0,0.0
C02352,free,W09,2025-04-19,False,False,False,,,,,0.0
C02353,free,W07,2025-04-27,False,False,False,,,,,0.0
C02353,free,W07,2025-05-01,False,False,False,,,,,0.0
C02353,free,W07,2025-03-30,True,True,True,True,0.871,coding_recommendation,54.1,45.01
C02354,basic,W12,2025-05-20,True,True,False,True,0.6415,diagnosis_suggestion,61.5,0.0
C02354,basic,W12,2025-04-05,True,True,True,False,0.5989,coding_recommendation,34.1,-36.89
C02354,basic,W12,2025-04-29,True,True,True,True,0.8076,diagnosis_suggestion,9.5,55.69
C02355,free,W08,2025-04-04,False,False,False,,,,,0.0
C02355,free,W08,2025-03-26,True,True,True,True,0.7838,coding_recommendation,6.8,160.17
C02355,free,W08,2025-05-04,False,False,False,,,,,0.0
C02355,free,W08,2025-05-08,False,False,False,,,,,0.0
C02356,basic,W11,2025-03-14,True,True,True,True,0.7484,diagnosis_suggestion,3.4,148.91
C02356,basic,W11,2025-05-21,True,True,True,True,0.6124,coding_recommendation,11.1,86.67
C02356,basic,W11,2025-05-21,True,True,False,True,0.7398,diagnosis_suggestion,36.2,0.0
C02357,pro,W10,2025-05-11,True,True,False,True,0.7179,diagnosis_suggestion,16.7,0.0
C02357,pro,W10,2025-05-07,True,True,False,False,0.6911,diagnosis_suggestion,9.2,0.0
C02357,pro,W10,2025-03-31,False,False,False,,,,,0.0
C02358,pro,W02,2025-02-16,False,False,False,,,,,0.0
C02358,pro,W02,2025-01-28,True,True,True,True,0.5343,coding_recommendation,8.2,59.5
C02358,pro,W02,2025-03-12,True,True,True,True,0.7517,coding_recommendation,17.9,65.17
C02359,free,W06,2025-03-23,True,True,True,True,0.7918,coding_recommendation,61.6,29.61
C02359,free,W06,2025-03-29,False,False,False,,,,,0.0
C02359,free,W06,2025-03-12,False,False,False,,,,,0.0
C02360,free,W09,2025-04-02,True,True,False,True,0.8215,documentation_gap,52.7,0.0
C02360,free,W09,2025-03-28,False,False,False,,,,,0.0
C02360,free,W09,2025-05-14,True,True,True,True,0.8412,quality_flag,92.7,74.43
C02361,free,W01,2025-01-11,True,True,False,True,0.5011,diagnosis_suggestion,28.5,0.0
C02361,free,W01,2025-02-01,True,True,True,True,0.5529,documentation_gap,8.3,23.52
C02361,free,W01,2025-02-16,False,False,False,,,,,0.0
C02362,free,W11,2025-05-15,False,False,False,,,,,0.0
C02362,free,W11,2025-05-14,False,False,False,,,,,0.0
C02362,free,W11,2025-05-23,False,False,False,,,,,0.0
C02362,free,W11,2025-04-24,False,False,False,,,,,0.0
C02363,free,W05,2025-04-04,False,False,False,,,,,0.0
C02363,free,W05,2025-02-22,False,False,False,,,,,0.0
C02363,free,W05,2025-01-31,False,False,False,,,,,0.0
C02364,free,W08,2025-04-16,True,True,True,False,0.7428,documentation_gap,38.2,-27.92
C02364,free,W08,2025-03-25,True,False,False,False,0.4741,coding_recommendation,,0.0
C02364,free,W08,2025-04-17,False,False,False,,,,,0.0
C02365,free,W04,2025-02-24,True,True,False,True,0.7277,quality_flag,47.3,0.0
C02365,free,W04,2025-03-02,True,True,True,True,0.8438,diagnosis_suggestion,54.6,30.75
C02365,free,W04,2025-04-02,False,False,False,,,,,0.0
C02366,basic,W01,2025-01-12,False,False,False,,,,,0.0
C02366,basic,W01,2025-01-29,True,True,True,True,0.7392,diagnosis_suggestion,28.3,40.9
C02366,basic,W01,2025-02-18,True,False,False,False,0.3,documentation_gap,,0.0
C02367,free,W07,2025-03-11,False,False,False,,,,,0.0
C02367,free,W07,2025-04-11,True,False,False,False,0.3299,documentation_gap,,0.0
C02367,free,W07,2025-04-20,True,True,True,True,0.8718,diagnosis_suggestion,6.8,97.97
C02368,free,W01,2025-02-02,False,False,False,,,,,0.0
C02368,free,W01,2025-03-14,False,False,False,,,,,0.0
C02368,free,W01,2025-01-01,True,True,True,True,0.8667,diagnosis_suggestion,15.5,16.53
C02369,pro,W07,2025-05-03,True,True,True,True,0.7665,documentation_gap,8.4,39.32
C02369,pro,W07,2025-04-24,True,True,True,True,0.9082,diagnosis_suggestion,42.7,96.94
C02369,pro,W07,2025-03-18,True,True,True,True,0.9339,diagnosis_suggestion,11.4,60.75
C02369,pro,W07,2025-02-14,True,True,True,True,0.8555,documentation_gap,16.6,91.47
C02370,free,W10,2025-04-06,True,True,False,True,0.5,documentation_gap,9.7,0.0
C02370,free,W10,2025-03-26,False,False,False,,,,,0.0
C02370,free,W10,2025-03-20,False,False,False,,,,,0.0
C02370,free,W10,2025-05-03,False,False,False,,,,,0.0
C02371,free,W11,2025-04-27,True,True,True,True,0.99,coding_recommendation,30.4,69.78
C02371,free,W11,2025-06-01,True,False,False,False,0.459,coding_recommendation,,0.0
C02371,free,W11,2025-05-29,True,True,True,True,0.9041,diagnosis_suggestion,4.7,137.0
C02372,free,W07,2025-03-18,True,True,True,True,0.8242,coding_recommendation,4.2,34.18
C02372,free,W07,2025-02-13,False,False,False,,,,,0.0
C02372,free,W07,2025-04-12,True,True,True,True,0.922,coding_recommendation,7.4,51.45
C02373,free,W07,2025-03-01,True,True,True,True,0.8663,documentation_gap,17.0,61.39
C02373,free,W07,2025-04-22,True,True,True,True,0.8739,coding_recommendation,37.1,27.49
C02373,free,W07,2025-04-02,False,False,False,,,,,0.0
C02374,free,W05,2025-02-24,False,False,False,,,,,0.0
C02374,free,W05,2025-04-14,False,False,False,,,,,0.0
C02374,free,W05,2025-03-27,True,True,False,True,0.9444,diagnosis_suggestion,7.8,0.0
C02375,free,W04,2025-03-30,True,True,True,False,0.5418,quality_flag,7.1,-16.36
C02375,free,W04,2025-03-20,True,True,True,True,0.8497,documentation_gap,54.4,18.4
C02375,free,W04,2025-03-18,True,True,False,True,0.7249,diagnosis_suggestion,11.6,0.0
C02376,free,W04,2025-01-30,False,False,False,,,,,0.0
C02376,free,W04,2025-03-22,False,False,False,,,,,0.0
C02376,free,W04,2025-02-27,False,False,False,,,,,0.0
C02376,free,W04,2025-03-31,False,False,False,,,,,0.0
C02376,free,W04,2025-01-25,False,False,False,,,,,0.0
C02377,basic,W01,2025-02-15,True,False,False,False,0.3348,coding_recommendation,,0.0
C02377,basic,W01,2025-02-04,True,False,False,False,0.4079,documentation_gap,,0.0
C02377,basic,W01,2025-03-10,True,True,False,True,0.937,quality_flag,15.5,0.0
C02378,basic,W11,2025-05-10,True,True,False,True,0.9058,diagnosis_suggestion,62.4,0.0
C02378,basic,W11,2025-05-02,True,True,False,False,0.5373,diagnosis_suggestion,18.2,0.0
C02378,basic,W11,2025-03-28,True,True,True,True,0.9674,documentation_gap,26.0,47.08
C02379,free,W02,2025-01-29,True,True,True,True,0.9494,coding_recommendation,21.3,68.9
C02379,free,W02,2025-01-11,True,True,False,True,0.7073,documentation_gap,9.4,0.0
C02379,free,W02,2025-01-14,True,True,True,True,0.8079,documentation_gap,4.1,37.36
C02380,free,W12,2025-05-22,True,True,False,True,0.7529,documentation_gap,11.9,0.0
C02380,free,W12,2025-05-21,True,True,False,True,0.8058,documentation_gap,13.5,0.0
C02380,free,W12,2025-04-22,True,True,True,True,0.9219,coding_recommendation,14.6,60.59
C02381,free,W07,2025-05-03,False,False,False,,,,,0.0
C02381,free,W07,2025-04-10,False,False,False,,,,,0.0
C02381,free,W07,2025-03-18,True,False,False,False,0.475,diagnosis_suggestion,,0.0
C02382,free,W08,2025-04-16,True,True,True,True,0.8591,diagnosis_suggestion,65.5,85.34
C02382,free,W08,2025-02-22,False,False,False,,,,,0.0
C02382,free,W08,2025-04-10,False,False,False,,,,,0.0
C02383,basic,W08,2025-04-03,True,True,False,True,0.7969,documentation_gap,23.9,0.0
C02383,basic,W08,2025-04-07,False,False,False,,,,,0.0
C02383,basic,W08,2025-03-08,True,True,False,True,0.7763,coding_recommendation,42.1,0.0
C02384,free,W09,2025-03-29,True,False,False,False,0.391,documentation_gap,,0.0
C02384,free,W09,2025-05-06,True,True,False,True,0.5534,documentation_gap,9.5,0.0
C02384,free,W09,2025-03-06,True,True,True,True,0.5964,coding_recommendation,73.4,102.58
C02385,free,W07,2025-03-08,False,False,False,,,,,0.0
C02385,free,W07,2025-04-14,False,False,False,,,,,0.0
C02385,free,W07,2025-03-25,True,True,True,True,0.7352,documentation_gap,6.0,19.12
C02386,free,W01,2025-03-07,True,True,True,True,0.7324,coding_recommendation,11.5,18.55
C02386,free,W01,2025-02-04,False,False,False,,,,,0.0
C02386,free,W01,2025-03-12,True,True,True,True,0.9221,documentation_gap,85.2,94.08
C02387,free,W08,2025-04-13,False,False,False,,,,,0.0
C02387,free,W08,2025-04-18,True,True,True,True,0.8623,coding_recommendation,21.0,36.93
C02387,free,W08,2025-05-03,True,True,True,True,0.8413,diagnosis_suggestion,29.2,30.89
C02388,pro,W07,2025-04-25,True,True,True,True,0.8622,coding_recommendation,8.0,84.13
C02388,pro,W07,2025-03-30,False,False,False,,,,,0.0
C02388,pro,W07,2025-04-19,True,True,True,True,0.8254,quality_flag,35.5,62.97
C02389,free,W02,2025-03-18,False,False,False,,,,,0.0
C02389,free,W02,2025-02-16,True,True,False,True,0.5,diagnosis_suggestion,9.6,0.0
C02389,free,W02,2025-03-04,False,False,False,,,,,0.0
C02390,basic,W06,2025-03-04,True,True,True,True,0.7545,coding_recommendation,10.1,50.47
C02390,basic,W06,2025-02-08,False,False,False,,,,,0.0
C02390,basic,W06,2025-02-21,False,False,False,,,,,0.0
C02391,free,W03,2025-02-11,False,False,False,,,,,0.0
C02391,free,W03,2025-03-11,False,False,False,,,,,0.0
C02391,free,W03,2025-02-13,False,False,False,,,,,0.0
C02392,free,W05,2025-03-17,False,False,False,,,,,0.0
C02392,free,W05,2025-02-12,False,False,False,,,,,0.0
C02392,free,W05,2025-04-11,True,True,False,True,0.87,diagnosis_suggestion,20.8,0.0
C02393,pro,W06,2025-04-17,True,True,False,True,0.9493,diagnosis_suggestion,20.1,0.0
C02393,pro,W06,2025-02-09,True,True,True,True,0.8373,diagnosis_suggestion,16.5,54.55
C02393,pro,W06,2025-04-11,True,True,False,True,0.7346,diagnosis_suggestion,18.9,0.0
C02394,free,W06,2025-03-09,False,False,False,,,,,0.0
C02394,free,W06,2025-03-22,False,False,False,,,,,0.0
C02394,free,W06,2025-02-28,True,True,False,True,0.8282,diagnosis_suggestion,25.8,0.0
C02395,pro,W08,2025-04-27,True,True,False,True,0.7193,quality_flag,8.1,0.0
C02395,pro,W08,2025-03-04,True,True,True,True,0.7968,documentation_gap,45.0,64.77
C02395,pro,W08,2025-05-11,True,True,False,True,0.6848,coding_recommendation,9.7,0.0
C02396,free,W08,2025-04-17,False,False,False,,,,,0.0
C02396,free,W08,2025-03-03,True,True,True,True,0.8273,documentation_gap,18.6,21.32
C02396,free,W08,2025-03-07,True,False,False,False,0.3,documentation_gap,,0.0
C02397,basic,W09,2025-05-05,True,True,False,True,0.649,quality_flag,27.6,0.0
C02397,basic,W09,2025-05-01,True,True,False,False,0.6129,documentation_gap,28.4,0.0
C02397,basic,W09,2025-03-03,True,True,False,True,0.8155,diagnosis_suggestion,7.7,0.0
C02398,free,W01,2025-02-02,False,False,False,,,,,0.0
C02398,free,W01,2025-03-12,False,False,False,,,,,0.0
C02398,free,W01,2025-02-09,False,False,False,,,,,0.0
C02398,free,W01,2025-01-28,True,True,True,True,0.7976,coding_recommendation,17.1,49.94
C02399,free,W04,2025-03-12,False,False,False,,,,,0.0
C02399,free,W04,2025-04-04,False,False,False,,,,,0.0
C02399,free,W04,2025-01-28,True,True,True,False,0.7349,diagnosis_suggestion,12.9,-22.59
C02400,basic,W10,2025-05-23,False,False,False,,,,,0.0
C02400,basic,W10,2025-04-24,True,True,True,True,0.8514,documentation_gap,25.0,98.57
C02400,basic,W10,2025-03-23,True,True,False,True,0.6287,diagnosis_suggestion,20.6,0.0
C02401,pro,W01,2025-01-30,True,True,True,True,0.7031,coding_recommendation,14.5,208.47
C02401,pro,W01,2025-01-04,True,True,True,True,0.6953,documentation_gap,36.5,17.85
C02401,pro,W01,2025-02-03,True,True,True,True,0.509,coding_recommendation,18.3,33.53
C02402,free,W06,2025-02-07,False,False,False,,,,,0.0
C02402,free,W06,2025-02-22,False,False,False,,,,,0.0
C02402,free,W06,2025-02-05,True,True,True,True,0.7802,quality_flag,31.6,80.73
C02403,pro,W03,2025-02-12,True,True,True,True,0.661,documentation_gap,8.0,27.47
C02403,pro,W03,2025-03-14,True,True,True,True,0.9525,diagnosis_suggestion,60.0,23.67
C02403,pro,W03,2025-02-17,False,False,False,,,,,0.0
C02403,pro,W03,2025-03-19,True,True,True,True,0.8159,quality_flag,10.4,76.15
C02403,pro,W03,2025-01-21,True,True,True,True,0.9441,quality_flag,52.6,26.34
C02404,free,W05,2025-04-19,False,False,False,,,,,0.0
C02404,free,W05,2025-03-20,False,False,False,,,,,0.0
C02404,free,W05,2025-04-11,False,False,False,,,,,0.0
C02405,free,W11,2025-05-19,True,True,False,False,0.7675,coding_recommendation,21.7,0.0
C02405,free,W11,2025-04-09,False,False,False,,,,,0.0
C02405,free,W11,2025-05-20,True,True,False,True,0.7771,documentation_gap,19.1,0.0
C02406,free,W11,2025-03-19,True,True,False,True,0.9707,coding_recommendation,5.9,0.0
C02406,free,W11,2025-05-26,True,True,False,True,0.5296,quality_flag,61.0,0.0
C02406,free,W11,2025-04-09,True,True,True,True,0.6567,documentation_gap,8.8,46.49
C02407,free,W10,2025-04-23,True,True,True,True,0.8421,diagnosis_suggestion,19.7,83.39
C02407,free,W10,2025-04-09,True,True,False,True,0.9111,coding_recommendation,96.4,0.0
C02407,free,W10,2025-03-27,False,False,False,,,,,0.0
C02408,pro,W09,2025-04-22,True,True,False,True,0.6095,documentation_gap,13.3,0.0
C02408,pro,W09,2025-04-25,True,True,True,True,0.9851,diagnosis_suggestion,26.5,122.62
C02408,pro,W09,2025-05-08,True,True,True,True,0.9631,documentation_gap,117.2,120.32
C02409,free,W03,2025-02-18,True,False,False,False,0.3,coding_recommendation,,0.0
C02409,free,W03,2025-02-16,False,False,False,,,,,0.0
C02409,free,W03,2025-04-03,True,True,True,True,0.7633,diagnosis_suggestion,14.7,58.38
C02410,basic,W02,2025-01-26,True,True,True,False,0.7051,diagnosis_suggestion,47.4,-17.51
C02410,basic,W02,2025-02-26,False,False,False,,,,,0.0
C02410,basic,W02,2025-03-08,False,False,False,,,,,0.0
C02411,basic,W08,2025-05-04,True,True,True,True,0.9004,diagnosis_suggestion,25.6,122.29
C02411,basic,W08,2025-02-26,False,False,False,,,,,0.0
C02411,basic,W08,2025-02-21,True,True,True,True,0.8658,documentation_gap,23.3,115.59
C02412,basic,W07,2025-04-17,True,True,False,False,0.5345,diagnosis_suggestion,56.4,0.0
C02412,basic,W07,2025-04-28,True,False,False,False,0.4771,documentation_gap,,0.0
C02412,basic,W07,2025-04-29,True,True,True,True,0.7921,quality_flag,15.1,52.16
C02413,free,W01,2025-01-10,False,False,False,,,,,0.0
C02413,free,W01,2025-01-09,True,True,False,True,0.7804,diagnosis_suggestion,32.3,0.0
C02413,free,W01,2025-03-21,True,True,True,True,0.5333,diagnosis_suggestion,30.8,92.53
C02414,basic,W09,2025-04-09,False,False,False,,,,,0.0
C02414,basic,W09,2025-04-22,False,False,False,,,,,0.0
C02414,basic,W09,2025-03-09,True,True,False,True,0.9196,quality_flag,11.8,0.0
C02415,basic,W10,2025-05-27,True,True,False,True,0.9518,quality_flag,12.9,0.0
C02415,basic,W10,2025-04-08,True,True,True,False,0.6055,diagnosis_suggestion,10.3,-24.41
C02415,basic,W10,2025-04-03,True,True,False,True,0.8617,coding_recommendation,16.7,0.0
C02416,free,W10,2025-05-23,False,False,False,,,,,0.0
C02416,free,W10,2025-04-04,False,False,False,,,,,0.0
C02416,free,W10,2025-05-04,True,True,True,True,0.6098,coding_recommendation,44.9,326.79
C02416,free,W10,2025-04-25,True,True,True,True,0.8766,quality_flag,94.8,186.28
C02416,free,W10,2025-03-15,True,True,False,True,0.701,diagnosis_suggestion,24.0,0.0
C02416,free,W10,2025-04-17,False,False,False,,,,,0.0
C02416,free,W10,2025-03-20,False,False,False,,,,,0.0
C02417,free,W04,2025-03-11,False,False,False,,,,,0.0
C02417,free,W04,2025-02-27,False,False,False,,,,,0.0
C02417,free,W04,2025-03-07,False,False,False,,,,,0.0
C02418,pro,W06,2025-03-16,True,True,True,True,0.7317,documentation_gap,58.2,44.43
C02418,pro,W06,2025-03-20,True,True,True,True,0.8118,diagnosis_suggestion,19.4,32.84
C02418,pro,W06,2025-03-16,True,True,True,True,0.7872,diagnosis_suggestion,3.5,24.33
C02419,free,W12,2025-05-15,True,True,True,True,0.5,quality_flag,31.4,91.79
C02419,free,W12,2025-04-15,True,True,False,True,0.8712,quality_flag,13.2,0.0
C02419,free,W12,2025-05-25,True,True,True,True,0.8038,coding_recommendation,51.5,117.45
C02420,basic,W07,2025-05-06,False,False,False,,,,,0.0
C02420,basic,W07,2025-04-29,True,True,True,True,0.7969,diagnosis_suggestion,19.0,69.04
C02420,basic,W07,2025-03-22,True,True,True,True,0.8374,documentation_gap,25.2,97.18
C02421,free,W08,2025-03-06,False,False,False,,,,,0.0
C02421,free,W08,2025-03-06,False,False,False,,,,,0.0
C02421,free,W08,2025-04-05,False,False,False,,,,,0.0
C02422,free,W04,2025-03-27,False,False,False,,,,,0.0
C02422,free,W04,2025-04-04,True,True,True,True,0.736,documentation_gap,29.7,29.36
C02422,free,W04,2025-03-02,False,False,False,,,,,0.0
C02423,pro,W09,2025-03-31,False,False,False,,,,,0.0
C02423,pro,W09,2025-03-16,True,True,False,True,0.5,documentation_gap,21.1,0.0
C02423,pro,W09,2025-03-16,True,True,True,True,0.7578,documentation_gap,55.3,40.42
C02423,pro,W09,2025-03-06,True,True,True,True,0.8532,quality_flag,6.1,58.88
C02423,pro,W09,2025-03-21,True,True,True,True,0.9122,coding_recommendation,4.4,61.0
C02423,pro,W09,2025-04-11,True,True,False,False,0.6104,diagnosis_suggestion,49.4,0.0
C02423,pro,W09,2025-04-11,False,False,False,,,,,0.0
C02423,pro,W09,2025-04-18,True,True,True,True,0.6451,diagnosis_suggestion,18.3,28.27
C02423,pro,W09,2025-03-07,False,False,False,,,,,0.0
C02423,pro,W09,2025-03-30,True,True,True,True,0.5233,diagnosis_suggestion,21.3,16.2
C02424,free,W12,2025-05-12,False,False,False,,,,,0.0
C02424,free,W12,2025-04-15,True,True,True,True,0.7368,coding_recommendation,28.0,52.8
C02424,free,W12,2025-03-21,True,True,False,True,0.9405,diagnosis_suggestion,12.0,0.0
C02424,free,W12,2025-05-07,True,True,True,True,0.8827,documentation_gap,22.6,53.78
C02424,free,W12,2025-03-24,True,False,False,False,0.3523,quality_flag,,0.0
C02425,free,W10,2025-03-25,False,False,False,,,,,0.0
C02425,free,W10,2025-04-10,False,False,False,,,,,0.0
C02425,free,W10,2025-04-07,False,False,False,,,,,0.0
C02426,basic,W01,2025-03-17,True,True,True,True,0.8793,diagnosis_suggestion,29.7,91.54
C02426,basic,W01,2025-01-28,False,False,False,,,,,0.0
C02426,basic,W01,2025-01-17,False,False,False,,,,,0.0
C02427,pro,W08,2025-05-06,True,False,False,False,0.3955,diagnosis_suggestion,,0.0
C02427,pro,W08,2025-03-09,True,True,True,False,0.5874,coding_recommendation,46.0,-11.73
C02427,pro,W08,2025-04-30,False,False,False,,,,,0.0
C02428,free,W09,2025-04-12,True,True,True,True,0.8411,diagnosis_suggestion,18.0,100.9
C02428,free,W09,2025-03-01,True,True,True,True,0.9524,diagnosis_suggestion,9.5,144.57
C02428,free,W09,2025-03-28,True,True,False,True,0.8906,quality_flag,31.5,0.0
C02429,free,W04,2025-03-02,False,False,False,,,,,0.0
C02429,free,W04,2025-02-16,True,True,True,True,0.7887,documentation_gap,28.3,57.39
C02429,free,W04,2025-01-24,False,False,False,,,,,0.0
C02430,pro,W05,2025-02-19,False,False,False,,,,,0.0
C02430,pro,W05,2025-03-21,True,True,True,True,0.6296,diagnosis_suggestion,18.5,80.88
C02430,pro,W05,2025-04-05,False,False,False,,,,,0.0
C02431,basic,W02,2025-03-22,True,True,False,True,0.7806,diagnosis_suggestion,6.5,0.0
C02431,basic,W02,2025-01-15,True,True,True,False,0.6993,documentation_gap,70.9,-37.72
C02431,basic,W02,2025-02-16,True,True,True,True,0.901,coding_recommendation,34.8,26.28
C02432,pro,W05,2025-02-28,False,False,False,,,,,0.0
C02432,pro,W05,2025-02-19,True,True,True,True,0.8755,diagnosis_suggestion,10.7,89.27
C02432,pro,W05,2025-02-01,False,False,False,,,,,0.0
C02433,basic,W11,2025-06-01,True,True,True,True,0.8996,coding_recommendation,11.4,56.57
C02433,basic,W11,2025-03-12,True,True,True,True,0.6398,quality_flag,30.4,117.95
C02433,basic,W11,2025-05-07,True,False,False,False,0.3,diagnosis_suggestion,,0.0
C02434,basic,W03,2025-04-05,True,True,True,False,0.5799,documentation_gap,40.4,-21.7
C02434,basic,W03,2025-03-24,True,True,True,True,0.7859,quality_flag,16.2,33.4
C02434,basic,W03,2025-02-22,True,True,True,True,0.9157,diagnosis_suggestion,12.7,58.72
C02435,free,W09,2025-03-24,False,False,False,,,,,0.0
C02435,free,W09,2025-04-10,False,False,False,,,,,0.0
C02435,free,W09,2025-04-17,False,False,False,,,,,0.0
C02436,free,W05,2025-02-24,False,False,False,,,,,0.0
C02436,free,W05,2025-02-25,False,False,False,,,,,0.0
C02436,free,W05,2025-02-17,True,True,False,True,0.7709,diagnosis_suggestion,46.0,0.0
C02437,free,W05,2025-02-03,False,False,False,,,,,0.0
C02437,free,W05,2025-02-20,True,True,True,True,0.9125,documentation_gap,31.3,61.94
C02437,free,W05,2025-02-26,False,False,False,,,,,0.0
C02438,pro,W07,2025-04-30,True,True,False,True,0.907,documentation_gap,10.2,0.0
C02438,pro,W07,2025-03-10,True,True,True,True,0.6311,coding_recommendation,20.9,56.48
C02438,pro,W07,2025-03-02,True,True,True,True,0.6293,documentation_gap,9.0,85.34
C02439,free,W12,2025-03-21,False,False,False,,,,,0.0
C02439,free,W12,2025-04-20,False,False,False,,,,,0.0
C02439,free,W12,2025-04-07,False,False,False,,,,,0.0
C02440,pro,W09,2025-03-14,True,True,True,True,0.806,coding_recommendation,13.5,228.84
C02440,pro,W09,2025-05-07,False,False,False,,,,,0.0
C02440,pro,W09,2025-03-10,True,True,True,True,0.6818,quality_flag,16.2,45.4
C02440,pro,W09,2025-05-17,True,False,False,False,0.4175,diagnosis_suggestion,,0.0
C02440,pro,W09,2025-05-07,True,True,True,True,0.9786,coding_recommendation,20.8,97.84
C02440,pro,W09,2025-04-04,True,True,True,True,0.6228,documentation_gap,20.7,96.39
C02440,pro,W09,2025-03-02,True,True,False,True,0.9077,diagnosis_suggestion,18.8,0.0
C02441,basic,W05,2025-03-25,True,False,False,False,0.3949,documentation_gap,,0.0
C02441,basic,W05,2025-04-18,False,False,False,,,,,0.0
C02441,basic,W05,2025-03-16,True,False,False,False,0.4393,coding_recommendation,,0.0
C02442,free,W10,2025-04-07,False,False,False,,,,,0.0
C02442,free,W10,2025-05-08,True,True,False,True,0.6038,diagnosis_suggestion,25.8,0.0
C02442,free,W10,2025-04-15,True,True,True,True,0.9166,coding_recommendation,61.0,81.58
C02443,basic,W09,2025-05-17,True,True,True,True,0.7464,diagnosis_suggestion,28.1,81.64
C02443,basic,W09,2025-03-05,True,True,True,True,0.7484,quality_flag,22.0,78.04
C02443,basic,W09,2025-04-29,True,True,True,True,0.8595,diagnosis_suggestion,44.3,66.95
C02444,free,W07,2025-03-06,False,False,False,,,,,0.0
C02444,free,W07,2025-05-02,False,False,False,,,,,0.0
C02444,free,W07,2025-02-22,True,True,False,True,0.7888,coding_recommendation,9.5,0.0
C02444,free,W07,2025-04-06,True,True,True,False,0.5445,documentation_gap,33.3,-32.85
C02444,free,W07,2025-04-25,False,False,False,,,,,0.0
C02444,free,W07,2025-03-16,True,True,False,True,0.79,coding_recommendation,18.0,0.0
C02445,free,W06,2025-02-13,False,False,False,,,,,0.0
C02445,free,W06,2025-02-24,False,False,False,,,,,0.0
C02445,free,W06,2025-02-28,True,True,False,True,0.9345,quality_flag,19.8,0.0
C02446,free,W10,2025-04-15,False,False,False,,,,,0.0
C02446,free,W10,2025-03-23,False,False,False,,,,,0.0
C02446,free,W10,2025-05-06,True,True,True,True,0.5568,diagnosis_suggestion,26.7,60.41
C02447,basic,W06,2025-04-25,True,True,False,True,0.7095,documentation_gap,29.7,0.0
C02447,basic,W06,2025-02-17,False,False,False,,,,,0.0
C02447,basic,W06,2025-04-08,True,True,False,False,0.5874,quality_flag,10.5,0.0
C02448,free,W04,2025-03-27,True,True,False,True,0.6626,coding_recommendation,12.3,0.0
C02448,free,W04,2025-03-18,False,False,False,,,,,0.0
C02448,free,W04,2025-04-03,False,False,False,,,,,0.0
C02449,basic,W10,2025-05-26,False,False,False,,,,,0.0
C02449,basic,W10,2025-04-04,True,True,True,True,0.7735,coding_recommendation,53.0,27.03
C02449,basic,W10,2025-05-03,True,True,True,True,0.8468,diagnosis_suggestion,40.1,92.47
C02450,free,W09,2025-02-27,True,True,False,True,0.7463,diagnosis_suggestion,45.7,0.0
C02450,free,W09,2025-03-16,True,True,True,True,0.5965,coding_recommendation,28.6,31.88
C02450,free,W09,2025-05-06,True,True,True,True,0.9174,diagnosis_suggestion,9.9,117.6
C02451,free,W09,2025-03-22,False,False,False,,,,,0.0
C02451,free,W09,2025-05-11,True,True,True,True,0.6483,diagnosis_suggestion,11.0,36.44
C02451,free,W09,2025-05-12,True,True,False,True,0.8881,diagnosis_suggestion,7.1,0.0
C02452,pro,W03,2025-02-01,True,True,True,True,0.8313,diagnosis_suggestion,119.9,40.44
C02452,pro,W03,2025-03-12,True,True,True,True,0.843,diagnosis_suggestion,43.4,128.52
C02452,pro,W03,2025-01-30,True,True,False,True,0.6875,coding_recommendation,116.8,0.0
C02453,free,W11,2025-04-13,False,False,False,,,,,0.0
C02453,free,W11,2025-05-16,False,False,False,,,,,0.0
C02453,free,W11,2025-03-27,True,True,True,True,0.853,coding_recommendation,3.7,125.41
C02454,basic,W11,2025-06-03,True,True,True,True,0.7484,quality_flag,33.6,31.0
C02454,basic,W11,2025-03-28,True,True,True,False,0.8738,documentation_gap,11.2,-13.02
C02454,basic,W11,2025-05-28,False,False,False,,,,,0.0
C02455,basic,W04,2025-03-02,False,False,False,,,,,0.0
C02455,basic,W04,2025-03-09,True,False,False,False,0.3878,documentation_gap,,0.0
C02455,basic,W04,2025-03-27,True,True,False,True,0.7519,documentation_gap,8.1,0.0
C02455,basic,W04,2025-03-23,True,True,True,True,0.6051,diagnosis_suggestion,9.2,41.97
C02455,basic,W04,2025-02-07,True,True,False,True,0.5,documentation_gap,4.6,0.0
C02455,basic,W04,2025-03-20,True,True,True,True,0.5071,diagnosis_suggestion,14.9,12.43
C02455,basic,W04,2025-03-06,True,True,True,True,0.9565,coding_recommendation,23.6,211.85
C02455,basic,W04,2025-03-15,True,True,True,True,0.8752,diagnosis_suggestion,51.5,19.97
C02455,basic,W04,2025-03-02,True,True,True,True,0.9624,documentation_gap,24.4,213.03
C02455,basic,W04,2025-01-22,False,False,False,,,,,0.0
C02456,free,W01,2025-02-09,True,True,True,True,0.6612,diagnosis_suggestion,32.6,51.87
C02456,free,W01,2025-03-05,False,False,False,,,,,0.0
C02456,free,W01,2025-01-18,False,False,False,,,,,0.0
C02456,free,W01,2025-02-22,True,True,True,True,0.6375,coding_recommendation,19.7,32.3
C02456,free,W01,2025-02-22,False,False,False,,,,,0.0
C02457,free,W12,2025-03-23,True,True,True,True,0.5913,documentation_gap,6.5,165.09
C02457,free,W12,2025-04-24,True,True,True,True,0.8602,coding_recommendation,20.2,53.44
C02457,free,W12,2025-05-29,True,True,True,True,0.9887,documentation_gap,38.4,40.64
C02458,basic,W09,2025-05-03,True,False,False,False,0.4319,quality_flag,,0.0
C02458,basic,W09,2025-04-30,True,True,True,True,0.8305,coding_recommendation,18.1,32.5
C02458,basic,W09,2025-05-06,True,True,True,True,0.7338,coding_recommendation,22.3,26.05
C02458,basic,W09,2025-04-27,True,True,False,True,0.8174,documentation_gap,16.4,0.0
C02459,free,W06,2025-04-21,True,True,True,True,0.8903,documentation_gap,15.6,57.92
C02459,free,W06,2025-04-01,True,False,False,False,0.4372,documentation_gap,,0.0
C02459,free,W06,2025-03-17,False,False,False,,,,,0.0
C02460,free,W11,2025-03-31,True,True,False,True,0.5232,coding_recommendation,5.4,0.0
C02460,free,W11,2025-05-19,False,False,False,,,,,0.0
C02460,free,W11,2025-06-01,True,True,False,False,0.6679,documentation_gap,208.5,0.0
C02460,free,W11,2025-05-26,False,False,False,,,,,0.0
C02460,free,W11,2025-03-14,False,False,False,,,,,0.0
C02461,free,W03,2025-03-26,True,True,False,True,0.6216,documentation_gap,41.5,0.0
C02461,free,W03,2025-01-22,False,False,False,,,,,0.0
C02461,free,W03,2025-03-27,True,True,True,False,0.7707,coding_recommendation,4.9,-21.42
C02461,free,W03,2025-04-03,False,False,False,,,,,0.0
C02461,free,W03,2025-02-22,False,False,False,,,,,0.0
C02462,free,W02,2025-03-28,False,False,False,,,,,0.0
C02462,free,W02,2025-02-25,True,True,True,True,0.7525,documentation_gap,10.1,72.58
C02462,free,W02,2025-03-07,False,False,False,,,,,0.0
C02463,free,W08,2025-03-28,True,True,False,True,0.7623,diagnosis_suggestion,7.5,0.0
C02463,free,W08,2025-04-27,False,False,False,,,,,0.0
C02463,free,W08,2025-03-18,False,False,False,,,,,0.0
C02463,free,W08,2025-04-29,True,True,True,False,0.6203,coding_recommendation,10.2,-16.78
C02463,free,W08,2025-03-02,False,False,False,,,,,0.0
C02463,free,W08,2025-04-19,True,True,False,True,0.9171,documentation_gap,56.7,0.0
C02464,basic,W06,2025-03-03,True,True,True,True,0.9642,documentation_gap,218.5,54.42
C02464,basic,W06,2025-03-20,True,True,True,True,0.8343,diagnosis_suggestion,12.6,184.79
C02464,basic,W06,2025-03-03,True,True,True,True,0.8453,documentation_gap,16.3,12.12
C02465,free,W03,2025-03-17,False,False,False,,,,,0.0
C02465,free,W03,2025-02-07,True,True,True,False,0.5303,coding_recommendation,16.1,-24.2
C02465,free,W03,2025-02-19,False,False,False,,,,,0.0
C02466,free,W03,2025-03-17,True,True,False,True,0.6019,coding_recommendation,22.6,0.0
C02466,free,W03,2025-03-28,False,False,False,,,,,0.0
C02466,free,W03,2025-02-14,False,False,False,,,,,0.0
C02467,pro,W08,2025-04-24,False,False,False,,,,,0.0
C02467,pro,W08,2025-04-29,True,True,False,True,0.7997,quality_flag,31.9,0.0
C02467,pro,W08,2025-03-26,True,True,True,True,0.8819,coding_recommendation,15.4,104.72
C02468,free,W01,2025-03-10,True,True,True,False,0.6499,documentation_gap,8.6,-21.24
C02468,free,W01,2025-03-05,False,False,False,,,,,0.0
C02468,free,W01,2025-01-10,False,False,False,,,,,0.0
C02469,free,W03,2025-03-05,False,False,False,,,,,0.0
C02469,free,W03,2025-03-29,False,False,False,,,,,0.0
C02469,free,W03,2025-04-08,True,False,False,False,0.4589,diagnosis_suggestion,,0.0
C02469,free,W03,2025-04-02,True,True,False,True,0.7923,diagnosis_suggestion,22.9,0.0
C02469,free,W03,2025-03-19,True,True,True,True,0.6893,coding_recommendation,50.6,36.62
C02470,pro,W05,2025-03-21,False,False,False,,,,,0.0
C02470,pro,W05,2025-03-16,True,True,True,True,0.7437,diagnosis_suggestion,16.0,32.33
C02470,pro,W05,2025-04-11,False,False,False,,,,,0.0
C02470,pro,W05,2025-04-10,True,True,True,True,0.693,coding_recommendation,7.6,60.65
C02471,pro,W05,2025-02-17,True,True,True,False,0.6512,documentation_gap,10.4,-8.92
C02471,pro,W05,2025-03-11,True,True,True,True,0.8622,quality_flag,53.7,23.8
C02471,pro,W05,2025-04-16,True,False,False,False,0.3907,documentation_gap,,0.0
C02472,free,W08,2025-03-18,False,False,False,,,,,0.0
C02472,free,W08,2025-03-12,False,False,False,,,,,0.0
C02472,free,W08,2025-03-03,True,True,True,True,0.9145,coding_recommendation,30.2,36.46
C02472,free,W08,2025-03-23,True,True,False,True,0.6997,diagnosis_suggestion,11.9,0.0
C02472,free,W08,2025-04-30,True,True,False,True,0.7726,documentation_gap,68.0,0.0
C02473,free,W06,2025-04-04,False,False,False,,,,,0.0
C02473,free,W06,2025-04-21,False,False,False,,,,,0.0
C02473,free,W06,2025-03-12,False,False,False,,,,,0.0
C02473,free,W06,2025-03-18,False,False,False,,,,,0.0
C02474,pro,W03,2025-02-11,True,True,True,True,0.7797,quality_flag,5.3,47.94
C02474,pro,W03,2025-02-18,True,True,True,True,0.8956,documentation_gap,7.0,88.67
C02474,pro,W03,2025-03-01,True,True,False,True,0.6508,diagnosis_suggestion,70.0,0.0
C02475,free,W04,2025-04-08,False,False,False,,,,,0.0
C02475,free,W04,2025-03-25,False,False,False,,,,,0.0
C02475,free,W04,2025-03-21,False,False,False,,,,,0.0
C02476,pro,W04,2025-04-12,True,True,True,True,0.8495,quality_flag,28.3,56.19
C02476,pro,W04,2025-01-26,False,False,False,,,,,0.0
C02476,pro,W04,2025-03-14,True,True,True,True,0.8864,diagnosis_suggestion,44.7,62.07
C02477,free,W06,2025-04-29,False,False,False,,,,,0.0
C02477,free,W06,2025-03-14,False,False,False,,,,,0.0
C02477,free,W06,2025-04-08,True,True,False,False,0.5573,documentation_gap,160.9,0.0
C02478,free,W09,2025-03-12,True,True,False,False,0.6568,documentation_gap,33.2,0.0
C02478,free,W09,2025-04-18,False,False,False,,,,,0.0
C02478,free,W09,2025-05-13,False,False,False,,,,,0.0
C02479,free,W08,2025-04-21,True,True,True,True,0.8707,quality_flag,34.5,44.89
C02479,free,W08,2025-03-25,True,True,True,True,0.6842,coding_recommendation,4.1,28.72
C02479,free,W08,2025-03-05,True,True,False,True,0.7423,coding_recommendation,14.3,0.0
C02480,free,W12,2025-04-05,False,False,False,,,,,0.0
C02480,free,W12,2025-05-01,False,False,False,,,,,0.0
C02480,free,W12,2025-04-26,False,False,False,,,,,0.0
C02481,free,W11,2025-03-26,True,True,True,True,0.9469,documentation_gap,59.3,107.01
C02481,free,W11,2025-04-04,True,True,True,True,0.5916,coding_recommendation,8.3,95.34
C02481,free,W11,2025-04-06,True,True,False,True,0.872,documentation_gap,44.5,0.0
C02482,free,W07,2025-04-08,True,True,True,True,0.9854,quality_flag,14.8,58.78
C02482,free,W07,2025-03-17,True,True,True,True,0.9362,diagnosis_suggestion,9.6,46.49
C02482,free,W07,2025-03-08,False,False,False,,,,,0.0
C02483,free,W09,2025-03-01,False,False,False,,,,,0.0
C02483,free,W09,2025-05-17,False,False,False,,,,,0.0
C02483,free,W09,2025-05-17,True,True,True,True,0.8372,diagnosis_suggestion,34.7,46.4
C02484,basic,W09,2025-04-25,True,True,True,True,0.786,coding_recommendation,6.9,113.91
C02484,basic,W09,2025-05-13,True,True,True,False,0.6565,documentation_gap,38.0,-15.73
C02484,basic,W09,2025-03-02,True,True,True,True,0.861,diagnosis_suggestion,8.8,33.01
C02485,pro,W06,2025-04-28,True,False,False,False,0.3,diagnosis_suggestion,,0.0
C02485,pro,W06,2025-04-03,True,True,True,True,0.6747,diagnosis_suggestion,26.2,40.32
C02485,pro,W06,2025-02-09,True,True,False,True,0.6066,diagnosis_suggestion,30.3,0.0
C02486,free,W09,2025-03-21,False,False,False,,,,,0.0
C02486,free,W09,2025-03-13,False,False,False,,,,,0.0
C02486,free,W09,2025-05-06,True,True,True,True,0.9622,documentation_gap,7.1,37.52
C02486,free,W09,2025-02-28,True,True,False,True,0.9067,coding_recommendation,15.9,0.0
C02486,free,W09,2025-05-18,True,False,False,False,0.4925,coding_recommendation,,0.0
C02487,free,W08,2025-04-30,True,True,True,True,0.8248,diagnosis_suggestion,43.9,99.28
C02487,free,W08,2025-04-02,False,False,False,,,,,0.0
C02487,free,W08,2025-03-04,True,True,False,True,0.7915,diagnosis_suggestion,195.9,0.0
C02488,free,W10,2025-04-08,True,True,True,True,0.8177,coding_recommendation,13.5,29.09
C02488,free,W10,2025-03-09,False,False,False,,,,,0.0
C02488,free,W10,2025-04-01,False,False,False,,,,,0.0
C02489,free,W03,2025-02-14,True,True,True,True,0.8993,documentation_gap,18.0,53.6
C02489,free,W03,2025-01-19,False,False,False,,,,,0.0
C02489,free,W03,2025-01-30,False,False,False,,,,,0.0
C02490,free,W06,2025-04-10,False,False,False,,,,,0.0
C02490,free,W06,2025-03-27,True,True,True,True,0.5483,quality_flag,14.4,39.07
C02490,free,W06,2025-04-27,False,False,False,,,,,0.0
C02491,basic,W11,2025-05-22,True,True,False,True,0.9228,coding_recommendation,14.3,0.0
C02491,basic,W11,2025-05-13,True,True,False,True,0.8972,diagnosis_suggestion,12.4,0.0
C02491,basic,W11,2025-03-23,False,False,False,,,,,0.0
C02492,free,W04,2025-02-16,False,False,False,,,,,0.0
C02492,free,W04,2025-01-26,False,False,False,,,,,0.0
C02492,free,W04,2025-03-07,True,False,False,False,0.3,quality_flag,,0.0
C02493,basic,W12,2025-04-05,True,True,True,True,0.878,quality_flag,20.1,31.14
C02493,basic,W12,2025-04-18,False,False,False,,,,,0.0
C02493,basic,W12,2025-04-16,True,True,True,True,0.7491,diagnosis_suggestion,9.5,112.31
C02494,free,W03,2025-01-26,True,True,False,True,0.8497,coding_recommendation,5.1,0.0
C02494,free,W03,2025-01-15,True,True,True,True,0.831,documentation_gap,15.3,52.85
C02494,free,W03,2025-02-13,True,True,True,True,0.8171,diagnosis_suggestion,14.4,72.79
C02495,free,W10,2025-03-10,False,False,False,,,,,0.0
C02495,free,W10,2025-04-15,True,True,True,True,0.8735,diagnosis_suggestion,65.0,63.37
C02495,free,W10,2025-05-12,True,True,False,True,0.8306,coding_recommendation,17.4,0.0
C02496,free,W05,2025-02-04,False,False,False,,,,,0.0
C02496,free,W05,2025-03-28,False,False,False,,,,,0.0
C02496,free,W05,2025-01-29,True,True,False,True,0.5,documentation_gap,9.8,0.0
C02497,basic,W08,2025-04-27,True,True,False,True,0.8755,documentation_gap,45.7,0.0
C02497,basic,W08,2025-04-05,False,False,False,,,,,0.0
C02497,basic,W08,2025-04-09,True,True,True,False,0.6074,documentation_gap,15.2,-21.7
C02497,basic,W08,2025-05-04,False,False,False,,,,,0.0
C02497,basic,W08,2025-03-20,True,True,True,False,0.7208,coding_recommendation,5.0,-9.37
C02497,basic,W08,2025-03-20,True,True,True,True,0.8807,quality_flag,47.7,42.89
C02497,basic,W08,2025-04-29,True,False,False,False,0.4797,diagnosis_suggestion,,0.0
C02498,pro,W07,2025-04-06,True,True,False,True,0.7181,quality_flag,91.5,0.0
C02498,pro,W07,2025-02-26,True,True,True,True,0.6614,diagnosis_suggestion,5.7,67.81
C02498,pro,W07,2025-03-05,True,True,True,True,0.8287,diagnosis_suggestion,48.3,58.81
C02499,pro,W10,2025-04-15,False,False,False,,,,,0.0
C02499,pro,W10,2025-04-19,True,True,True,True,0.9693,coding_recommendation,26.3,18.42
C02499,pro,W10,2025-05-09,False,False,False,,,,,0.0
C02500,free,W07,2025-04-08,True,True,False,True,0.8906,coding_recommendation,18.8,0.0
C02500,free,W07,2025-03-26,True,False,False,False,0.3055,quality_flag,,0.0
C02500,free,W07,2025-03-12,False,False,False,,,,,0.0
C02501,basic,W10,2025-05-04,True,True,False,True,0.8794,documentation_gap,18.5,0.0
C02501,basic,W10,2025-04-25,False,False,False,,,,,0.0
C02501,basic,W10,2025-04-01,True,True,True,True,0.7477,documentation_gap,9.7,102.44
C02502,free,W12,2025-03-31,True,True,True,True,0.681,diagnosis_suggestion,39.4,130.51
C02502,free,W12,2025-05-09,True,True,True,True,0.5674,coding_recommendation,12.1,61.49
C02502,free,W12,2025-03-23,True,True,True,True,0.8773,diagnosis_suggestion,12.2,33.27
C02503,free,W02,2025-01-27,False,False,False,,,,,0.0
C02503,free,W02,2025-03-14,False,False,False,,,,,0.0
C02503,free,W02,2025-03-18,True,False,False,False,0.4811,diagnosis_suggestion,,0.0
C02504,free,W12,2025-04-19,False,False,False,,,,,0.0
C02504,free,W12,2025-05-19,False,False,False,,,,,0.0
C02504,free,W12,2025-05-26,False,False,False,,,,,0.0
C02505,basic,W12,2025-05-02,True,True,True,True,0.8389,documentation_gap,15.8,30.97
C02505,basic,W12,2025-05-10,True,True,True,True,0.8333,coding_recommendation,10.0,42.19
C02505,basic,W12,2025-04-11,True,True,True,True,0.9481,documentation_gap,52.8,143.76
C02505,basic,W12,2025-05-31,True,True,True,True,0.8164,documentation_gap,10.3,137.92
C02506,pro,W07,2025-04-14,True,True,True,True,0.908,diagnosis_suggestion,12.3,79.11
C02506,pro,W07,2025-03-14,True,True,True,True,0.9353,diagnosis_suggestion,104.0,32.51
C02506,pro,W07,2025-04-10,False,False,False,,,,,0.0
C02507,basic,W01,2025-02-13,True,True,True,True,0.925,coding_recommendation,10.7,35.26
C02507,basic,W01,2025-03-22,True,True,False,True,0.6456,coding_recommendation,35.6,0.0
C02507,basic,W01,2025-02-24,False,False,False,,,,,0.0
C02508,pro,W06,2025-03-20,True,True,True,True,0.6532,coding_recommendation,27.5,243.64
C02508,pro,W06,2025-04-05,True,True,False,True,0.7861,documentation_gap,14.0,0.0
C02508,pro,W06,2025-04-10,True,True,True,True,0.97,quality_flag,29.0,79.81
C02509,free,W10,2025-03-22,False,False,False,,,,,0.0
C02509,free,W10,2025-04-02,False,False,False,,,,,0.0
C02509,free,W10,2025-05-23,True,False,False,False,0.3332,diagnosis_suggestion,,0.0
C02509,free,W10,2025-05-18,True,True,True,True,0.7922,coding_recommendation,14.4,72.51
C02510,basic,W07,2025-05-02,True,True,False,True,0.8762,documentation_gap,23.0,0.0
C02510,basic,W07,2025-04-07,True,True,True,False,0.8825,diagnosis_suggestion,5.2,-17.6
C02510,basic,W07,2025-03-26,True,False,False,False,0.3387,coding_recommendation,,0.0
C02511,free,W10,2025-03-29,True,False,False,False,0.446,diagnosis_suggestion,,0.0
C02511,free,W10,2025-03-06,False,False,False,,,,,0.0
C02511,free,W10,2025-05-06,False,False,False,,,,,0.0
C02511,free,W10,2025-03-25,True,True,True,True,0.7749,coding_recommendation,21.3,68.41
C02512,free,W02,2025-02-09,True,True,True,False,0.625,diagnosis_suggestion,11.3,-27.69
C02512,free,W02,2025-02-05,False,False,False,,,,,0.0
C02512,free,W02,2025-03-12,True,False,False,False,0.3365,diagnosis_suggestion,,0.0
C02513,basic,W08,2025-04-20,True,True,False,True,0.8884,quality_flag,6.0,0.0
C02513,basic,W08,2025-05-07,True,True,True,False,0.6237,coding_recommendation,74.3,-15.9
C02513,basic,W08,2025-04-28,True,True,True,True,0.886,diagnosis_suggestion,17.3,46.09
C02514,basic,W08,2025-03-05,True,True,True,False,0.7616,diagnosis_suggestion,3.3,-12.87
C02514,basic,W08,2025-04-01,True,True,True,True,0.727,diagnosis_suggestion,2.8,71.09
C02514,basic,W08,2025-05-09,True,True,False,True,0.8385,coding_recommendation,28.5,0.0
C02515,basic,W06,2025-04-27,True,True,True,True,0.9846,documentation_gap,18.8,46.23
C02515,basic,W06,2025-04-09,True,True,True,False,0.7479,quality_flag,24.4,-22.17
C02515,basic,W06,2025-04-15,True,True,False,True,0.9542,coding_recommendation,7.0,0.0
C02516,pro,W07,2025-03-19,True,True,True,True,0.7581,documentation_gap,26.5,93.83
C02516,pro,W07,2025-03-27,True,True,True,True,0.8512,diagnosis_suggestion,41.0,62.45
C02516,pro,W07,2025-02-21,False,False,False,,,,,0.0
C02516,pro,W07,2025-04-22,True,True,True,True,0.5721,diagnosis_suggestion,20.3,37.12
C02517,basic,W11,2025-04-14,True,True,True,True,0.6876,diagnosis_suggestion,54.6,176.78
C02517,basic,W11,2025-03-14,False,False,False,,,,,0.0
C02517,basic,W11,2025-04-22,True,True,True,True,0.9881,documentation_gap,40.3,82.88
C02518,free,W05,2025-02-19,False,False,False,,,,,0.0
C02518,free,W05,2025-04-13,False,False,False,,,,,0.0
C02518,free,W05,2025-04-03,False,False,False,,,,,0.0
C02519,free,W05,2025-03-03,True,True,False,True,0.8854,coding_recommendation,21.0,0.0
C02519,free,W05,2025-02-24,True,True,False,True,0.5758,diagnosis_suggestion,21.8,0.0
C02519,free,W05,2025-02-16,False,False,False,,,,,0.0
C02520,free,W11,2025-04-14,True,True,False,False,0.574,documentation_gap,13.2,0.0
C02520,free,W11,2025-03-17,False,False,False,,,,,0.0
C02520,free,W11,2025-05-23,True,False,False,False,0.3575,documentation_gap,,0.0
C02521,free,W08,2025-03-26,True,True,True,True,0.8032,coding_recommendation,8.9,52.08
C02521,free,W08,2025-03-29,True,True,True,True,0.5942,diagnosis_suggestion,12.5,78.92
C02521,free,W08,2025-04-09,False,False,False,,,,,0.0
C02522,free,W02,2025-03-24,True,True,True,True,0.7328,diagnosis_suggestion,12.0,17.94
C02522,free,W02,2025-02-13,False,False,False,,,,,0.0
C02522,free,W02,2025-03-31,True,True,False,True,0.7964,diagnosis_suggestion,17.0,0.0
C02522,free,W02,2025-03-02,False,False,False,,,,,0.0
C02522,free,W02,2025-01-31,True,True,True,True,0.9034,documentation_gap,17.1,68.73
C02522,free,W02,2025-01-23,True,True,True,True,0.8361,diagnosis_suggestion,7.4,39.49
C02523,basic,W04,2025-02-06,False,False,False,,,,,0.0
C02523,basic,W04,2025-02-09,True,True,False,True,0.89,documentation_gap,26.3,0.0
C02523,basic,W04,2025-03-19,True,True,False,False,0.5094,coding_recommendation,26.5,0.0
C02524,pro,W07,2025-03-07,True,True,True,True,0.9283,quality_flag,18.9,23.79
C02524,pro,W07,2025-03-11,False,False,False,,,,,0.0
C02524,pro,W07,2025-03-17,True,True,True,True,0.9123,coding_recommendation,9.0,71.91
C02525,free,W11,2025-04-14,False,False,False,,,,,0.0
C02525,free,W11,2025-05-22,False,False,False,,,,,0.0
C02525,free,W11,2025-04-25,False,False,False,,,,,0.0
C02526,free,W08,2025-04-03,False,False,False,,,,,0.0
C02526,free,W08,2025-05-03,False,False,False,,,,,0.0
C02526,free,W08,2025-05-09,True,True,True,False,0.7301,quality_flag,31.7,-30.83
C02527,basic,W04,2025-01-30,False,False,False,,,,,0.0
C02527,basic,W04,2025-03-15,False,False,False,,,,,0.0
C02527,basic,W04,2025-04-08,True,True,True,True,0.8128,documentation_gap,25.3,35.19
C02528,basic,W11,2025-04-26,True,True,True,True,0.9618,quality_flag,15.6,38.26
C02528,basic,W11,2025-04-06,True,True,False,True,0.8903,quality_flag,9.4,0.0
C02528,basic,W11,2025-04-01,True,True,True,True,0.8931,quality_flag,18.2,57.18
C02528,basic,W11,2025-04-15,True,True,True,True,0.6378,diagnosis_suggestion,61.3,10.78
C02528,basic,W11,2025-04-01,True,True,False,True,0.9042,coding_recommendation,12.0,0.0
C02528,basic,W11,2025-05-28,True,True,True,False,0.747,coding_recommendation,49.8,-21.27
C02529,free,W10,2025-04-08,True,True,True,True,0.8596,diagnosis_suggestion,7.2,72.13
C02529,free,W10,2025-04-02,True,True,True,True,0.5669,documentation_gap,38.2,62.13
C02529,free,W10,2025-04-23,False,False,False,,,,,0.0
C02529,free,W10,2025-04-02,False,False,False,,,,,0.0
C02529,free,W10,2025-05-07,False,False,False,,,,,0.0
C02529,free,W10,2025-05-16,False,False,False,,,,,0.0
C02529,free,W10,2025-04-27,True,True,True,True,0.9562,diagnosis_suggestion,19.0,24.36
C02529,free,W10,2025-03-26,True,True,True,True,0.6391,diagnosis_suggestion,55.0,45.31
C02529,free,W10,2025-04-29,True,True,False,True,0.73,quality_flag,23.2,0.0
C02530,basic,W06,2025-03-16,True,True,True,True,0.7964,coding_recommendation,9.3,51.67
C02530,basic,W06,2025-03-24,True,True,True,True,0.6651,coding_recommendation,34.8,91.04
C02530,basic,W06,2025-03-02,False,False,False,,,,,0.0
C02531,basic,W10,2025-04-09,True,True,True,False,0.651,coding_recommendation,14.2,-23.07
C02531,basic,W10,2025-03-09,False,False,False,,,,,0.0
C02531,basic,W10,2025-05-09,False,False,False,,,,,0.0
C02532,free,W03,2025-03-06,True,True,True,True,0.903,documentation_gap,18.1,17.52
C02532,free,W03,2025-02-22,True,True,False,True,0.8537,diagnosis_suggestion,21.6,0.0
C02532,free,W03,2025-03-26,False,False,False,,,,,0.0
C02533,pro,W07,2025-04-27,True,True,False,False,0.5902,diagnosis_suggestion,52.0,0.0
C02533,pro,W07,2025-04-02,True,True,True,True,0.8523,documentation_gap,13.2,20.15
C02533,pro,W07,2025-04-05,True,True,True,True,0.6785,documentation_gap,74.1,43.1
C02533,pro,W07,2025-02-26,True,True,True,True,0.881,diagnosis_suggestion,12.6,122.0
C02534,free,W02,2025-02-14,True,True,True,False,0.5764,quality_flag,51.7,-12.14
C02534,free,W02,2025-02-17,False,False,False,,,,,0.0
C02534,free,W02,2025-02-19,True,True,True,True,0.7717,diagnosis_suggestion,29.4,35.43
C02535,free,W01,2025-01-25,False,False,False,,,,,0.0
C02535,free,W01,2025-03-04,True,True,False,True,0.7419,documentation_gap,126.2,0.0
C02535,free,W01,2025-02-25,False,False,False,,,,,0.0
C02536,basic,W11,2025-04-06,True,True,False,True,0.7789,coding_recommendation,24.1,0.0
C02536,basic,W11,2025-06-01,False,False,False,,,,,0.0
C02536,basic,W11,2025-05-16,True,True,False,True,0.8801,quality_flag,12.2,0.0
C02537,free,W10,2025-03-25,False,False,False,,,,,0.0
C02537,free,W10,2025-04-23,False,False,False,,,,,0.0
C02537,free,W10,2025-04-21,True,True,True,True,0.835,coding_recommendation,12.9,39.91
C02538,free,W12,2025-04-18,True,True,True,True,0.734,documentation_gap,37.9,53.43
C02538,free,W12,2025-04-20,False,False,False,,,,,0.0
C02538,free,W12,2025-06-09,False,False,False,,,,,0.0
C02539,pro,W05,2025-03-11,False,False,False,,,,,0.0
C02539,pro,W05,2025-03-05,True,True,True,True,0.6008,coding_recommendation,13.8,139.1
C02539,pro,W05,2025-04-10,True,True,True,True,0.8361,diagnosis_suggestion,20.2,94.16
C02540,basic,W10,2025-04-01,True,True,True,True,0.8135,diagnosis_suggestion,10.4,38.65
C02540,basic,W10,2025-04-14,True,True,True,True,0.9194,documentation_gap,27.6,21.59
C02540,basic,W10,2025-04-15,False,False,False,,,,,0.0
C02541,free,W04,2025-04-15,False,False,False,,,,,0.0
C02541,free,W04,2025-02-08,True,True,False,False,0.7001,coding_recommendation,17.5,0.0
C02541,free,W04,2025-04-10,True,True,False,False,0.5285,diagnosis_suggestion,28.5,0.0
C02542,basic,W12,2025-05-09,True,True,False,True,0.7408,diagnosis_suggestion,33.3,0.0
C02542,basic,W12,2025-05-06,True,True,True,True,0.6608,quality_flag,37.7,52.22
C02542,basic,W12,2025-04-15,True,True,False,True,0.8895,documentation_gap,34.0,0.0
C02543,free,W05,2025-04-15,True,True,True,True,0.9089,coding_recommendation,9.8,120.26
C02543,free,W05,2025-02-05,True,False,False,False,0.4575,diagnosis_suggestion,,0.0
C02543,free,W05,2025-03-11,False,False,False,,,,,0.0
C02544,free,W09,2025-03-01,True,True,False,True,0.7314,diagnosis_suggestion,11.7,0.0
C02544,free,W09,2025-04-04,False,False,False,,,,,0.0
C02544,free,W09,2025-03-18,False,False,False,,,,,0.0
C02545,basic,W01,2025-03-01,False,False,False,,,,,0.0
C02545,basic,W01,2025-03-13,True,True,True,True,0.8709,diagnosis_suggestion,14.1,88.15
C02545,basic,W01,2025-02-16,True,False,False,False,0.4567,documentation_gap,,0.0
C02546,free,W08,2025-03-07,False,False,False,,,,,0.0
C02546,free,W08,2025-03-27,True,True,False,True,0.6309,diagnosis_suggestion,42.6,0.0
C02546,free,W08,2025-04-09,False,False,False,,,,,0.0
C02547,free,W03,2025-03-11,False,False,False,,,,,0.0
C02547,free,W03,2025-02-22,True,True,False,True,0.7331,diagnosis_suggestion,12.4,0.0
C02547,free,W03,2025-02-26,True,True,True,True,0.8056,diagnosis_suggestion,22.4,112.8
C02548,free,W07,2025-02-20,False,False,False,,,,,0.0
C02548,free,W07,2025-03-12,True,True,True,True,0.8016,diagnosis_suggestion,21.9,40.17
C02548,free,W07,2025-02-14,True,True,False,True,0.7403,diagnosis_suggestion,4.4,0.0
C02549,basic,W03,2025-01-17,False,False,False,,,,,0.0
C02549,basic,W03,2025-03-01,True,True,True,True,0.99,coding_recommendation,58.8,195.74
C02549,basic,W03,2025-04-05,True,True,True,True,0.9065,quality_flag,7.5,62.62
C02550,pro,W12,2025-05-02,False,False,False,,,,,0.0
C02550,pro,W12,2025-04-29,True,True,True,True,0.7451,documentation_gap,19.3,102.76
C02550,pro,W12,2025-04-22,True,False,False,False,0.4114,diagnosis_suggestion,,0.0
C02551,pro,W05,2025-02-15,True,True,True,True,0.5,documentation_gap,34.6,22.08
C02551,pro,W05,2025-02-16,True,True,True,True,0.7166,quality_flag,21.2,84.12
C02551,pro,W05,2025-02-12,True,True,True,True,0.7086,quality_flag,43.5,32.64
C02552,pro,W07,2025-02-20,True,True,False,True,0.5231,documentation_gap,23.8,0.0
C02552,pro,W07,2025-05-05,True,False,False,False,0.3,coding_recommendation,,0.0
C02552,pro,W07,2025-04-10,True,True,True,False,0.5495,diagnosis_suggestion,9.4,-14.3
C02553,pro,W06,2025-03-29,False,False,False,,,,,0.0
C02553,pro,W06,2025-04-03,False,False,False,,,,,0.0
C02553,pro,W06,2025-03-21,True,True,True,True,0.8548,diagnosis_suggestion,15.6,85.42
C02554,free,W02,2025-02-19,True,True,True,True,0.5642,documentation_gap,13.1,57.55
C02554,free,W02,2025-01-29,True,True,False,True,0.7526,documentation_gap,5.4,0.0
C02554,free,W02,2025-03-01,True,True,False,True,0.5659,coding_recommendation,43.1,0.0
C02555,free,W03,2025-03-02,False,False,False,,,,,0.0
C02555,free,W03,2025-03-01,False,False,False,,,,,0.0
C02555,free,W03,2025-02-09,True,True,True,True,0.7377,coding_recommendation,44.4,47.72
C02556,basic,W09,2025-04-07,True,True,True,True,0.7026,coding_recommendation,7.3,35.02
C02556,basic,W09,2025-04-11,True,True,True,True,0.6438,coding_recommendation,47.3,63.27
C02556,basic,W09,2025-03-08,True,True,True,True,0.9102,coding_recommendation,7.7,121.3
C02557,free,W12,2025-04-19,True,True,False,True,0.7777,documentation_gap,51.0,0.0
C02557,free,W12,2025-03-27,False,False,False,,,,,0.0
C02557,free,W12,2025-04-16,True,False,False,False,0.4294,documentation_gap,,0.0
C02557,free,W12,2025-05-05,True,True,False,True,0.8453,documentation_gap,17.1,0.0
C02558,free,W11,2025-05-19,False,False,False,,,,,0.0
C02558,free,W11,2025-04-30,True,True,True,False,0.8348,diagnosis_suggestion,22.3,-11.94
C02558,free,W11,2025-03-14,False,False,False,,,,,0.0
C02559,basic,W12,2025-06-01,True,True,False,True,0.7136,diagnosis_suggestion,25.2,0.0
C02559,basic,W12,2025-06-05,True,True,True,True,0.784,diagnosis_suggestion,26.6,42.98
C02559,basic,W12,2025-03-25,False,False,False,,,,,0.0
C02560,basic,W06,2025-03-14,True,True,True,True,0.7454,diagnosis_suggestion,85.2,117.92
C02560,basic,W06,2025-04-27,True,True,False,True,0.9223,diagnosis_suggestion,15.5,0.0
C02560,basic,W06,2025-03-11,True,False,False,False,0.4379,diagnosis_suggestion,,0.0
C02561,basic,W02,2025-02-18,True,True,True,True,0.8524,coding_recommendation,68.2,67.9
C02561,basic,W02,2025-02-28,True,True,True,True,0.8523,documentation_gap,37.1,31.17
C02561,basic,W02,2025-02-01,True,True,True,True,0.9259,documentation_gap,9.3,41.83
C02562,free,W11,2025-04-30,True,False,False,False,0.3137,documentation_gap,,0.0
C02562,free,W11,2025-03-21,True,True,False,True,0.6767,diagnosis_suggestion,22.8,0.0
C02562,free,W11,2025-05-01,False,False,False,,,,,0.0
C02563,basic,W05,2025-04-06,True,True,False,True,0.9196,coding_recommendation,7.3,0.0
C02563,basic,W05,2025-04-20,True,False,False,False,0.4984,quality_flag,,0.0
C02563,basic,W05,2025-02-06,False,False,False,,,,,0.0
C02563,basic,W05,2025-02-25,False,False,False,,,,,0.0
C02564,basic,W10,2025-05-02,True,False,False,False,0.3,quality_flag,,0.0
C02564,basic,W10,2025-03-19,True,False,False,False,0.4112,documentation_gap,,0.0
C02564,basic,W10,2025-04-26,True,True,False,True,0.7233,quality_flag,31.1,0.0
C02565,basic,W09,2025-04-29,False,False,False,,,,,0.0
C02565,basic,W09,2025-03-28,False,False,False,,,,,0.0
C02565,basic,W09,2025-03-22,True,True,True,True,0.6534,quality_flag,6.6,78.52
C02566,free,W04,2025-03-08,True,True,True,False,0.8803,diagnosis_suggestion,108.8,-7.85
C02566,free,W04,2025-03-01,False,False,False,,,,,0.0
C02566,free,W04,2025-04-13,False,False,False,,,,,0.0
C02567,free,W02,2025-01-09,True,True,True,True,0.893,quality_flag,9.4,42.51
C02567,free,W02,2025-03-03,True,True,False,True,0.9774,documentation_gap,9.0,0.0
C02567,free,W02,2025-01-22,False,False,False,,,,,0.0
C02568,basic,W02,2025-02-25,True,True,True,True,0.8678,coding_recommendation,21.2,33.96
C02568,basic,W02,2025-01-20,True,False,False,False,0.3996,coding_recommendation,,0.0
C02568,basic,W02,2025-01-23,True,False,False,False,0.374,diagnosis_suggestion,,0.0
C02569,basic,W10,2025-05-05,True,True,False,True,0.8952,documentation_gap,29.8,0.0
C02569,basic,W10,2025-04-18,True,True,True,True,0.7605,diagnosis_suggestion,59.5,15.18
C02569,basic,W10,2025-03-05,True,True,False,True,0.909,coding_recommendation,22.1,0.0
C02570,free,W04,2025-02-06,True,True,True,False,0.732,documentation_gap,9.2,-18.95
C02570,free,W04,2025-02-11,False,False,False,,,,,0.0
C02570,free,W04,2025-04-12,True,True,True,True,0.8615,documentation_gap,7.0,65.08
C02571,free,W07,2025-02-24,True,True,True,True,0.9206,diagnosis_suggestion,9.8,58.52
C02571,free,W07,2025-02-21,True,True,True,True,0.9229,diagnosis_suggestion,14.2,32.75
C02571,free,W07,2025-02-14,False,False,False,,,,,0.0
C02572,basic,W05,2025-03-15,True,True,True,True,0.8656,coding_recommendation,28.4,49.88
C02572,basic,W05,2025-04-16,True,True,True,True,0.5,documentation_gap,13.2,25.24
C02572,basic,W05,2025-04-01,True,True,True,True,0.9676,quality_flag,43.2,119.41
C02573,free,W07,2025-04-13,False,False,False,,,,,0.0
C02573,free,W07,2025-02-20,False,False,False,,,,,0.0
C02573,free,W07,2025-03-10,False,False,False,,,,,0.0
C02574,basic,W12,2025-05-06,True,True,True,True,0.8634,quality_flag,11.0,35.03
C02574,basic,W12,2025-04-15,True,True,False,True,0.7378,coding_recommendation,58.2,0.0
C02574,basic,W12,2025-06-06,True,True,True,True,0.8467,coding_recommendation,9.1,36.15
C02575,free,W04,2025-03-23,False,False,False,,,,,0.0
C02575,free,W04,2025-04-10,True,True,True,False,0.5258,coding_recommendation,19.7,-17.55
C02575,free,W04,2025-04-02,True,True,True,True,0.7494,documentation_gap,7.1,89.73
C02576,basic,W01,2025-02-02,False,False,False,,,,,0.0
C02576,basic,W01,2025-01-07,False,False,False,,,,,0.0
C02576,basic,W01,2025-03-13,False,False,False,,,,,0.0
C02577,pro,W12,2025-05-30,True,False,False,False,0.3828,coding_recommendation,,0.0
C02577,pro,W12,2025-05-26,True,True,False,True,0.8472,coding_recommendation,14.3,0.0
C02577,pro,W12,2025-05-08,True,True,True,True,0.6319,coding_recommendation,19.5,169.61
C02578,basic,W04,2025-04-10,True,True,False,True,0.8114,coding_recommendation,18.2,0.0
C02578,basic,W04,2025-03-11,True,True,False,False,0.6715,quality_flag,13.3,0.0
C02578,basic,W04,2025-04-02,True,True,True,True,0.9462,diagnosis_suggestion,6.9,157.88
C02579,basic,W05,2025-02-25,False,False,False,,,,,0.0
C02579,basic,W05,2025-02-12,True,True,True,True,0.9485,documentation_gap,9.1,26.35
C02579,basic,W05,2025-03-13,True,True,False,True,0.833,documentation_gap,49.1,0.0
C02580,basic,W06,2025-03-08,True,True,True,True,0.664,diagnosis_suggestion,43.4,26.45
C02580,basic,W06,2025-03-29,True,True,True,True,0.5,coding_recommendation,36.9,71.39
C02580,basic,W06,2025-04-15,True,True,True,True,0.8452,diagnosis_suggestion,30.2,28.93
C02581,basic,W04,2025-02-25,True,True,False,True,0.7535,quality_flag,20.2,0.0
C02581,basic,W04,2025-01-30,True,True,True,True,0.5751,diagnosis_suggestion,61.1,79.69
C02581,basic,W04,2025-04-07,True,True,True,False,0.5665,coding_recommendation,5.1,-12.24
C02582,basic,W07,2025-03-12,True,True,False,True,0.7071,documentation_gap,23.3,0.0
C02582,basic,W07,2025-03-28,True,True,True,True,0.915,quality_flag,11.9,12.43
C02582,basic,W07,2025-03-25,True,True,True,True,0.8566,diagnosis_suggestion,14.8,45.36
C02583,basic,W12,2025-06-09,True,True,True,True,0.7854,diagnosis_suggestion,17.3,11.73
C02583,basic,W12,2025-03-28,True,True,False,True,0.9126,coding_recommendation,41.7,0.0
C02583,basic,W12,2025-05-18,True,True,False,True,0.5295,documentation_gap,25.8,0.0
C02584,pro,W04,2025-04-05,True,True,True,True,0.826,coding_recommendation,13.9,40.31
C02584,pro,W04,2025-03-27,True,True,True,True,0.9002,coding_recommendation,6.3,158.09
C02584,pro,W04,2025-02-10,True,True,True,True,0.8171,quality_flag,33.4,121.3
C02585,free,W04,2025-03-06,False,False,False,,,,,0.0
C02585,free,W04,2025-03-30,True,True,True,True,0.8323,coding_recommendation,20.6,9.17
C02585,free,W04,2025-03-15,False,False,False,,,,,0.0
C02585,free,W04,2025-02-06,True,True,True,True,0.812,documentation_gap,9.2,92.4
C02585,free,W04,2025-01-30,False,False,False,,,,,0.0
C02585,free,W04,2025-02-03,True,True,True,True,0.7341,diagnosis_suggestion,14.1,74.82
C02585,free,W04,2025-03-02,True,True,False,True,0.5481,diagnosis_suggestion,18.6,0.0
C02586,basic,W06,2025-04-06,True,False,False,False,0.4071,coding_recommendation,,0.0
C02586,basic,W06,2025-04-28,True,True,False,False,0.6359,diagnosis_suggestion,18.6,0.0
C02586,basic,W06,2025-03-03,True,False,False,False,0.478,coding_recommendation,,0.0
C02587,free,W01,2025-02-13,True,False,False,False,0.3,quality_flag,,0.0
C02587,free,W01,2025-01-29,True,True,False,True,0.908,quality_flag,16.2,0.0
C02587,free,W01,2025-02-01,False,False,False,,,,,0.0
C02588,basic,W09,2025-03-28,True,True,True,True,0.6601,quality_flag,29.3,67.15
C02588,basic,W09,2025-04-25,True,True,True,True,0.9232,coding_recommendation,27.5,48.39
C02588,basic,W09,2025-05-16,True,True,False,True,0.7381,diagnosis_suggestion,3.7,0.0
C02589,basic,W06,2025-04-18,True,True,False,True,0.8003,documentation_gap,82.3,0.0
C02589,basic,W06,2025-02-08,True,True,False,False,0.6448,coding_recommendation,98.9,0.0
C02589,basic,W06,2025-02-07,True,True,False,True,0.7677,diagnosis_suggestion,21.2,0.0
C02590,free,W04,2025-02-07,True,False,False,False,0.3195,coding_recommendation,,0.0
C02590,free,W04,2025-03-18,True,True,True,True,0.7464,documentation_gap,31.7,55.95
C02590,free,W04,2025-03-30,True,True,True,True,0.7331,coding_recommendation,39.7,45.45
C02591,pro,W04,2025-03-16,True,True,True,True,0.7283,coding_recommendation,43.6,29.61
C02591,pro,W04,2025-04-02,True,True,True,True,0.7856,diagnosis_suggestion,9.2,92.58
C02591,pro,W04,2025-03-03,False,False,False,,,,,0.0
C02591,pro,W04,2025-01-25,False,False,False,,,,,0.0
C02592,free,W09,2025-03-28,True,True,True,True,0.7718,coding_recommendation,33.8,35.78
C02592,free,W09,2025-04-28,True,True,True,True,0.7609,documentation_gap,8.1,67.19
C02592,free,W09,2025-04-20,False,False,False,,,,,0.0
C02593,free,W09,2025-03-24,True,True,True,True,0.8603,coding_recommendation,13.7,86.86
C02593,free,W09,2025-05-18,False,False,False,,,,,0.0
C02593,free,W09,2025-04-03,True,True,True,False,0.5127,documentation_gap,8.9,-8.94
C02594,free,W06,2025-04-20,False,False,False,,,,,0.0
C02594,free,W06,2025-04-06,True,False,False,False,0.4597,documentation_gap,,0.0
C02594,free,W06,2025-03-22,True,True,True,True,0.7729,coding_recommendation,33.7,61.92
C02595,free,W12,2025-03-22,False,False,False,,,,,0.0
C02595,free,W12,2025-04-13,True,True,True,True,0.854,coding_recommendation,43.3,30.62
C02595,free,W12,2025-04-27,False,False,False,,,,,0.0
C02596,basic,W12,2025-06-05,True,True,False,True,0.7246,coding_recommendation,8.6,0.0
C02596,basic,W12,2025-05-16,True,True,True,True,0.7345,diagnosis_suggestion,20.0,23.21
C02596,basic,W12,2025-06-06,True,True,False,True,0.5425,diagnosis_suggestion,15.0,0.0
C02596,basic,W12,2025-05-13,False,False,False,,,,,0.0
C02596,basic,W12,2025-04-07,False,False,False,,,,,0.0
C02597,free,W05,2025-04-19,False,False,False,,,,,0.0
C02597,free,W05,2025-03-02,False,False,False,,,,,0.0
C02597,free,W05,2025-04-16,True,True,False,True,0.924,documentation_gap,175.4,0.0
C02598,pro,W01,2025-03-19,False,False,False,,,,,0.0
C02598,pro,W01,2025-03-24,False,False,False,,,,,0.0
C02598,pro,W01,2025-03-20,True,True,True,True,0.6746,documentation_gap,27.1,57.4
C02599,free,W09,2025-04-15,True,True,True,True,0.7524,diagnosis_suggestion,11.1,56.28
C02599,free,W09,2025-03-18,True,False,False,False,0.3554,coding_recommendation,,0.0
C02599,free,W09,2025-03-17,False,False,False,,,,,0.0
C02600,pro,W06,2025-04-13,True,True,True,False,0.5716,quality_flag,9.2,-33.22
C02600,pro,W06,2025-02-12,True,True,True,True,0.6299,quality_flag,30.2,90.6
C02600,pro,W06,2025-03-28,False,False,False,,,,,0.0
C02601,basic,W09,2025-04-12,False,False,False,,,,,0.0
C02601,basic,W09,2025-03-15,False,False,False,,,,,0.0
C02601,basic,W09,2025-03-23,True,True,True,True,0.7929,documentation_gap,6.1,45.02
C02602,free,W11,2025-03-28,False,False,False,,,,,0.0
C02602,free,W11,2025-04-23,False,False,False,,,,,0.0
C02602,free,W11,2025-04-28,True,True,False,True,0.904,documentation_gap,4.8,0.0
C02603,free,W02,2025-03-22,False,False,False,,,,,0.0
C02603,free,W02,2025-02-02,True,True,True,True,0.8373,documentation_gap,17.9,42.31
C02603,free,W02,2025-01-12,True,True,True,True,0.8808,quality_flag,30.4,84.9
C02604,basic,W08,2025-04-25,True,True,False,True,0.6413,coding_recommendation,10.6,0.0
C02604,basic,W08,2025-05-03,True,True,True,True,0.7469,diagnosis_suggestion,17.6,28.48
C02604,basic,W08,2025-03-16,True,True,True,True,0.7642,quality_flag,32.3,78.65
C02605,basic,W07,2025-03-13,False,False,False,,,,,0.0
C02605,basic,W07,2025-03-05,False,False,False,,,,,0.0
C02605,basic,W07,2025-04-29,False,False,False,,,,,0.0
C02606,free,W01,2025-01-05,True,True,True,True,0.7166,diagnosis_suggestion,6.7,71.74
C02606,free,W01,2025-01-10,True,True,False,False,0.514,diagnosis_suggestion,20.2,0.0
C02606,free,W01,2025-03-17,False,False,False,,,,,0.0
C02606,free,W01,2025-03-09,False,False,False,,,,,0.0
C02607,pro,W11,2025-05-04,True,True,True,True,0.5,diagnosis_suggestion,26.8,74.38
C02607,pro,W11,2025-05-19,False,False,False,,,,,0.0
C02607,pro,W11,2025-05-11,True,True,True,True,0.587,coding_recommendation,84.9,30.05
C02608,pro,W06,2025-04-26,True,False,False,False,0.439,coding_recommendation,,0.0
C02608,pro,W06,2025-03-29,True,True,False,True,0.619,documentation_gap,11.1,0.0
C02608,pro,W06,2025-02-10,True,True,True,False,0.6556,quality_flag,13.9,-24.25
C02609,basic,W08,2025-04-15,True,True,True,True,0.8033,diagnosis_suggestion,48.2,85.51
C02609,basic,W08,2025-02-20,False,False,False,,,,,0.0
C02609,basic,W08,2025-02-20,True,True,False,True,0.8357,documentation_gap,12.5,0.0
C02609,basic,W08,2025-04-21,True,True,True,False,0.6317,documentation_gap,20.4,-11.85
C02610,basic,W10,2025-04-15,True,True,True,True,0.8932,documentation_gap,27.6,117.86
C02610,basic,W10,2025-04-18,True,True,True,True,0.651,diagnosis_suggestion,13.6,44.53
C02610,basic,W10,2025-03-29,True,True,True,True,0.7927,diagnosis_suggestion,23.7,28.05
C02611,free,W10,2025-05-03,True,True,True,True,0.6382,quality_flag,27.9,22.46
C02611,free,W10,2025-04-08,True,True,False,True,0.7192,quality_flag,24.4,0.0
C02611,free,W10,2025-04-24,False,False,False,,,,,0.0
C02612,pro,W01,2025-02-24,True,True,True,True,0.8911,coding_recommendation,16.7,32.87
C02612,pro,W01,2025-03-06,True,False,False,False,0.3,coding_recommendation,,0.0
C02612,pro,W01,2025-01-31,True,True,False,True,0.7966,documentation_gap,9.0,0.0
C02613,pro,W10,2025-05-15,True,False,False,False,0.338,coding_recommendation,,0.0
C02613,pro,W10,2025-04-28,True,False,False,False,0.3437,coding_recommendation,,0.0
C02613,pro,W10,2025-05-02,True,True,False,True,0.5163,documentation_gap,36.9,0.0
C02614,pro,W03,2025-04-02,True,True,True,True,0.8492,coding_recommendation,40.4,61.22
C02614,pro,W03,2025-01-20,True,True,True,True,0.8402,diagnosis_suggestion,9.8,79.4
C02614,pro,W03,2025-01-28,True,True,True,False,0.7626,diagnosis_suggestion,29.0,-46.24
C02615,basic,W01,2025-01-22,True,True,False,True,0.8514,coding_recommendation,43.3,0.0
C02615,basic,W01,2025-01-13,True,True,True,False,0.682,diagnosis_suggestion,30.2,-28.47
C02615,basic,W01,2025-02-22,True,True,False,True,0.7754,documentation_gap,48.7,0.0
C02616,pro,W04,2025-03-27,True,True,True,True,0.7417,coding_recommendation,14.4,92.9
C02616,pro,W04,2025-04-15,False,False,False,,,,,0.0
C02616,pro,W04,2025-03-28,True,True,True,True,0.907,diagnosis_suggestion,19.0,25.26
C02617,pro,W04,2025-02-18,True,True,True,True,0.8532,diagnosis_suggestion,4.7,53.64
C02617,pro,W04,2025-02-27,True,True,True,True,0.8977,documentation_gap,6.9,135.2
C02617,pro,W04,2025-03-18,True,True,True,True,0.7717,documentation_gap,12.8,38.15
C02618,free,W06,2025-03-10,True,True,True,True,0.8022,diagnosis_suggestion,14.4,56.96
C02618,free,W06,2025-02-10,True,True,True,True,0.8228,documentation_gap,26.1,89.16
C02618,free,W06,2025-03-10,True,True,True,True,0.9548,documentation_gap,8.9,176.94
C02619,basic,W12,2025-05-01,True,True,True,True,0.9236,documentation_gap,20.2,41.56
C02619,basic,W12,2025-05-14,True,True,True,True,0.8207,coding_recommendation,47.1,61.24
C02619,basic,W12,2025-05-22,True,True,False,True,0.6082,diagnosis_suggestion,51.2,0.0
C02620,free,W11,2025-03-24,True,True,False,False,0.547,coding_recommendation,24.3,0.0
C02620,free,W11,2025-06-02,False,False,False,,,,,0.0
C02620,free,W11,2025-03-12,False,False,False,,,,,0.0
C02621,free,W11,2025-05-28,False,False,False,,,,,0.0
C02621,free,W11,2025-03-29,True,True,False,True,0.801,coding_recommendation,10.3,0.0
C02621,free,W11,2025-03-14,True,True,False,True,0.8658,documentation_gap,39.1,0.0
C02622,free,W06,2025-04-17,False,False,False,,,,,0.0
C02622,free,W06,2025-03-02,False,False,False,,,,,0.0
C02622,free,W06,2025-03-29,False,False,False,,,,,0.0
C02623,basic,W02,2025-02-23,False,False,False,,,,,0.0
C02623,basic,W02,2025-01-11,True,True,False,True,0.8162,coding_recommendation,14.0,0.0
C02623,basic,W02,2025-01-21,False,False,False,,,,,0.0
C02624,basic,W07,2025-03-21,True,True,True,True,0.9068,diagnosis_suggestion,50.5,50.44
C02624,basic,W07,2025-02-20,True,True,True,True,0.8771,quality_flag,12.9,138.14
C02624,basic,W07,2025-03-06,False,False,False,,,,,0.0
C02625,free,W07,2025-04-16,False,False,False,,,,,0.0
C02625,free,W07,2025-02-16,False,False,False,,,,,0.0
C02625,free,W07,2025-04-28,False,False,False,,,,,0.0
C02626,basic,W06,2025-04-12,True,True,True,True,0.9847,coding_recommendation,33.5,85.01
C02626,basic,W06,2025-04-15,False,False,False,,,,,0.0
C02626,basic,W06,2025-04-11,True,True,True,True,0.8607,documentation_gap,22.9,42.48
C02627,pro,W11,2025-05-17,True,True,False,True,0.9617,quality_flag,17.4,0.0
C02627,pro,W11,2025-04-17,True,True,True,False,0.6685,diagnosis_suggestion,18.3,-17.88
C02627,pro,W11,2025-05-24,True,True,True,True,0.9109,quality_flag,15.3,29.54
C02628,pro,W09,2025-04-25,True,True,True,True,0.8412,diagnosis_suggestion,135.4,70.55
C02628,pro,W09,2025-03-04,True,False,False,False,0.41,coding_recommendation,,0.0
C02628,pro,W09,2025-04-01,False,False,False,,,,,0.0
C02629,basic,W04,2025-02-06,True,True,False,True,0.8074,documentation_gap,33.3,0.0
C02629,basic,W04,2025-02-24,True,True,False,True,0.9534,diagnosis_suggestion,11.2,0.0
C02629,basic,W04,2025-04-02,True,False,False,False,0.3096,coding_recommendation,,0.0
C02630,free,W08,2025-03-22,False,False,False,,,,,0.0
C02630,free,W08,2025-04-24,False,False,False,,,,,0.0
C02630,free,W08,2025-03-21,True,True,True,True,0.9532,diagnosis_suggestion,50.1,84.35
C02631,basic,W02,2025-03-22,True,True,True,False,0.6169,diagnosis_suggestion,31.1,-14.35
C02631,basic,W02,2025-03-28,False,False,False,,,,,0.0
C02631,basic,W02,2025-02-28,True,True,True,True,0.758,documentation_gap,42.4,135.78
C02632,free,W10,2025-03-21,True,True,False,True,0.6364,diagnosis_suggestion,130.6,0.0
C02632,free,W10,2025-04-05,True,True,True,True,0.7459,quality_flag,48.8,47.56
C02632,free,W10,2025-03-25,True,True,False,True,0.8419,coding_recommendation,7.5,0.0
C02633,free,W04,2025-03-26,True,True,True,True,0.8455,diagnosis_suggestion,18.7,19.31
C02633,free,W04,2025-01-22,False,False,False,,,,,0.0
C02633,free,W04,2025-02-17,False,False,False,,,,,0.0
C02634,basic,W07,2025-04-17,False,False,False,,,,,0.0
C02634,basic,W07,2025-04-08,True,False,False,False,0.3398,diagnosis_suggestion,,0.0
C02634,basic,W07,2025-03-13,True,True,False,False,0.6535,diagnosis_suggestion,5.1,0.0
C02634,basic,W07,2025-04-19,False,False,False,,,,,0.0
C02634,basic,W07,2025-03-23,False,False,False,,,,,0.0
C02635,pro,W07,2025-04-08,True,True,False,True,0.739,documentation_gap,52.7,0.0
C02635,pro,W07,2025-05-01,False,False,False,,,,,0.0
C02635,pro,W07,2025-03-28,True,True,True,True,0.7406,coding_recommendation,7.7,17.53
C02636,basic,W04,2025-02-03,True,True,True,True,0.8611,diagnosis_suggestion,19.3,51.68
C02636,basic,W04,2025-02-10,False,False,False,,,,,0.0
C02636,basic,W04,2025-03-28,True,True,False,True,0.9487,coding_recommendation,6.7,0.0
C02636,basic,W04,2025-03-26,True,True,True,True,0.8386,coding_recommendation,28.0,52.83
C02636,basic,W04,2025-02-01,True,True,False,True,0.6373,quality_flag,38.1,0.0
C02637,free,W09,2025-02-26,True,True,True,True,0.7012,quality_flag,4.8,57.04
C02637,free,W09,2025-02-26,True,True,True,True,0.8113,quality_flag,49.6,124.87
C02637,free,W09,2025-05-09,True,False,False,False,0.3,diagnosis_suggestion,,0.0
C02637,free,W09,2025-05-05,True,True,True,True,0.8897,diagnosis_suggestion,40.4,39.3
C02637,free,W09,2025-04-22,True,True,False,True,0.8861,documentation_gap,9.7,0.0
C02637,free,W09,2025-03-10,False,False,False,,,,,0.0
C02638,free,W02,2025-02-10,True,True,True,True,0.9064,quality_flag,7.5,42.58
C02638,free,W02,2025-01-29,False,False,False,,,,,0.0
C02638,free,W02,2025-03-31,False,False,False,,,,,0.0
C02638,free,W02,2025-01-08,True,True,True,True,0.7186,diagnosis_suggestion,29.8,38.05
C02638,free,W02,2025-03-15,True,True,True,False,0.6233,coding_recommendation,3.2,-10.77
C02638,free,W02,2025-02-14,False,False,False,,,,,0.0
C02638,free,W02,2025-03-21,True,True,True,True,0.6935,diagnosis_suggestion,14.4,76.92
C02639,free,W12,2025-05-13,True,True,False,True,0.7447,coding_recommendation,29.8,0.0
C02639,free,W12,2025-05-04,True,True,True,True,0.7917,quality_flag,18.2,56.86
C02639,free,W12,2025-05-21,False,False,False,,,,,0.0
C02639,free,W12,2025-04-02,True,True,True,True,0.7965,diagnosis_suggestion,38.2,10.52
C02639,free,W12,2025-04-27,False,False,False,,,,,0.0
C02639,free,W12,2025-05-08,True,False,False,False,0.3727,documentation_gap,,0.0
C02639,free,W12,2025-05-31,True,True,False,True,0.8394,diagnosis_suggestion,22.7,0.0
C02640,free,W06,2025-02-08,True,True,True,True,0.5963,diagnosis_suggestion,36.8,173.43
C02640,free,W06,2025-02-24,True,False,False,False,0.4906,documentation_gap,,0.0
C02640,free,W06,2025-03-06,True,True,True,True,0.8427,diagnosis_suggestion,6.0,128.35
C02641,free,W03,2025-02-28,False,False,False,,,,,0.0
C02641,free,W03,2025-03-10,False,False,False,,,,,0.0
C02641,free,W03,2025-01-22,False,False,False,,,,,0.0
C02642,free,W02,2025-03-04,False,False,False,,,,,0.0
C02642,free,W02,2025-03-31,True,True,False,False,0.5899,diagnosis_suggestion,10.7,0.0
C02642,free,W02,2025-03-20,True,True,True,True,0.8697,quality_flag,14.7,51.1
C02643,basic,W11,2025-04-29,False,False,False,,,,,0.0
C02643,basic,W11,2025-03-20,True,True,True,True,0.948,documentation_gap,16.2,30.66
C02643,basic,W11,2025-03-14,True,True,True,True,0.947,diagnosis_suggestion,15.1,35.22
C02644,pro,W12,2025-06-01,True,True,True,True,0.818,coding_recommendation,44.4,111.31
C02644,pro,W12,2025-03-20,True,False,False,False,0.4692,documentation_gap,,0.0
C02644,pro,W12,2025-04-09,True,True,True,True,0.806,diagnosis_suggestion,16.2,56.7
C02644,pro,W12,2025-04-15,False,False,False,,,,,0.0
C02644,pro,W12,2025-06-02,True,True,True,True,0.6834,coding_recommendation,8.4,31.13
C02645,free,W01,2025-02-16,True,True,True,True,0.9087,diagnosis_suggestion,14.3,32.3
C02645,free,W01,2025-02-02,True,True,False,True,0.5,documentation_gap,62.4,0.0
C02645,free,W01,2025-02-14,True,False,False,False,0.3,documentation_gap,,0.0
C02646,free,W10,2025-03-07,True,True,False,True,0.6562,coding_recommendation,45.7,0.0
C02646,free,W10,2025-03-27,True,True,False,True,0.8708,documentation_gap,29.5,0.0
C02646,free,W10,2025-05-27,False,False,False,,,,,0.0
C02647,free,W08,2025-03-17,True,True,True,True,0.9421,quality_flag,6.9,50.58
C02647,free,W08,2025-03-24,False,False,False,,,,,0.0
C02647,free,W08,2025-03-10,True,True,True,True,0.5,diagnosis_suggestion,18.7,19.47
C02648,pro,W02,2025-01-08,True,True,True,True,0.7408,documentation_gap,15.6,46.01
C02648,pro,W02,2025-01-30,True,True,False,True,0.6759,coding_recommendation,17.5,0.0
C02648,pro,W02,2025-03-06,True,True,True,True,0.7827,coding_recommendation,13.4,63.86
C02649,free,W04,2025-04-07,True,False,False,False,0.3,coding_recommendation,,0.0
C02649,free,W04,2025-04-01,True,True,True,False,0.5642,diagnosis_suggestion,18.8,-24.54
C02649,free,W04,2025-03-15,False,False,False,,,,,0.0
C02650,free,W03,2025-01-27,True,True,False,True,0.6339,diagnosis_suggestion,10.4,0.0
C02650,free,W03,2025-02-02,False,False,False,,,,,0.0
C02650,free,W03,2025-03-18,False,False,False,,,,,0.0
C02651,free,W08,2025-03-24,False,False,False,,,,,0.0
C02651,free,W08,2025-03-30,True,True,True,True,0.9371,diagnosis_suggestion,23.6,67.19
C02651,free,W08,2025-02-25,False,False,False,,,,,0.0
C02652,pro,W07,2025-03-10,True,True,False,True,0.5977,quality_flag,48.7,0.0
C02652,pro,W07,2025-02-17,True,True,True,True,0.9155,quality_flag,24.4,29.62
C02652,pro,W07,2025-05-01,True,False,False,False,0.3714,documentation_gap,,0.0
C02653,basic,W04,2025-03-26,True,True,True,True,0.8092,coding_recommendation,91.4,38.24
C02653,basic,W04,2025-04-01,False,False,False,,,,,0.0
C02653,basic,W04,2025-04-01,False,False,False,,,,,0.0
C02654,free,W11,2025-04-14,False,False,False,,,,,0.0
C02654,free,W11,2025-04-20,False,False,False,,,,,0.0
C02654,free,W11,2025-03-13,True,False,False,False,0.3901,diagnosis_suggestion,,0.0
C02655,free,W11,2025-04-21,True,False,False,False,0.3,coding_recommendation,,0.0
C02655,free,W11,2025-03-24,True,True,True,True,0.9128,diagnosis_suggestion,42.0,53.33
C02655,free,W11,2025-03-14,False,False,False,,,,,0.0
C02656,free,W06,2025-03-12,False,False,False,,,,,0.0
C02656,free,W06,2025-02-24,True,True,True,True,0.8415,quality_flag,16.7,22.19
C02656,free,W06,2025-04-27,True,True,True,False,0.6016,documentation_gap,42.6,-12.65
C02657,free,W05,2025-03-07,True,True,False,False,0.5097,documentation_gap,36.2,0.0
C02657,free,W05,2025-03-21,True,True,False,True,0.7932,coding_recommendation,9.3,0.0
C02657,free,W05,2025-03-21,False,False,False,,,,,0.0
C02658,basic,W02,2025-01-30,True,True,True,True,0.7081,quality_flag,31.6,37.03
C02658,basic,W02,2025-01-19,False,False,False,,,,,0.0
C02658,basic,W02,2025-01-25,True,True,True,True,0.8032,quality_flag,11.5,59.33
C02658,basic,W02,2025-01-20,True,False,False,False,0.4721,diagnosis_suggestion,,0.0
C02658,basic,W02,2025-02-17,False,False,False,,,,,0.0
C02658,basic,W02,2025-03-25,True,True,True,True,0.8103,documentation_gap,27.5,11.1
C02659,free,W07,2025-03-28,False,False,False,,,,,0.0
C02659,free,W07,2025-02-17,False,False,False,,,,,0.0
C02659,free,W07,2025-02-25,True,True,True,True,0.6926,diagnosis_suggestion,22.5,132.37
C02660,free,W09,2025-03-28,True,True,True,True,0.8858,quality_flag,10.2,62.3
C02660,free,W09,2025-04-16,False,False,False,,,,,0.0
C02660,free,W09,2025-05-07,False,False,False,,,,,0.0
C02661,pro,W08,2025-03-26,True,True,True,True,0.6984,quality_flag,21.2,64.44
C02661,pro,W08,2025-04-30,True,True,False,True,0.8153,diagnosis_suggestion,23.3,0.0
C02661,pro,W08,2025-04-13,True,True,True,True,0.7225,coding_recommendation,20.1,80.34
C02662,basic,W12,2025-03-29,False,False,False,,,,,0.0
C02662,basic,W12,2025-05-07,True,True,False,True,0.85,coding_recommendation,32.8,0.0
C02662,basic,W12,2025-04-20,True,True,False,True,0.736,documentation_gap,15.8,0.0
C02663,free,W07,2025-04-30,False,False,False,,,,,0.0
C02663,free,W07,2025-04-03,False,False,False,,,,,0.0
C02663,free,W07,2025-03-23,True,True,False,True,0.8187,diagnosis_suggestion,11.6,0.0
C02664,pro,W11,2025-03-17,True,True,True,True,0.9334,quality_flag,89.5,66.52
C02664,pro,W11,2025-04-17,True,True,True,True,0.7518,documentation_gap,15.8,44.63
C02664,pro,W11,2025-04-28,True,True,False,True,0.7193,diagnosis_suggestion,47.2,0.0
C02665,basic,W06,2025-03-13,False,False,False,,,,,0.0
C02665,basic,W06,2025-04-18,True,True,True,True,0.6859,quality_flag,115.9,18.76
C02665,basic,W06,2025-04-27,True,True,False,True,0.7637,diagnosis_suggestion,17.9,0.0
C02666,free,W11,2025-04-16,False,False,False,,,,,0.0
C02666,free,W11,2025-06-03,True,True,True,True,0.8088,quality_flag,36.4,41.0
C02666,free,W11,2025-04-09,True,True,True,True,0.948,quality_flag,8.4,98.16
C02666,free,W11,2025-06-02,True,True,True,True,0.9182,diagnosis_suggestion,43.2,32.75
C02667,basic,W02,2025-01-17,True,True,True,True,0.9467,quality_flag,58.1,15.46
C02667,basic,W02,2025-01-29,False,False,False,,,,,0.0
C02667,basic,W02,2025-01-20,True,True,True,True,0.9524,quality_flag,14.6,49.06
C02668,pro,W06,2025-04-28,False,False,False,,,,,0.0
C02668,pro,W06,2025-03-16,False,False,False,,,,,0.0
C02668,pro,W06,2025-04-02,True,True,False,True,0.6735,coding_recommendation,23.8,0.0
C02669,basic,W11,2025-04-03,True,True,True,True,0.5601,diagnosis_suggestion,10.5,142.56
C02669,basic,W11,2025-03-14,True,True,True,False,0.5855,diagnosis_suggestion,32.2,-44.81
C02669,basic,W11,2025-03-14,True,True,False,True,0.7537,documentation_gap,23.3,0.0
C02670,free,W01,2025-01-26,True,True,True,True,0.8024,coding_recommendation,13.1,56.32
C02670,free,W01,2025-03-25,False,False,False,,,,,0.0
C02670,free,W01,2025-03-02,True,True,True,True,0.8212,documentation_gap,2.0,28.31
C02671,free,W06,2025-02-07,False,False,False,,,,,0.0
C02671,free,W06,2025-04-21,False,False,False,,,,,0.0
C02671,free,W06,2025-03-25,True,False,False,False,0.3,quality_flag,,0.0
C02671,free,W06,2025-02-25,False,False,False,,,,,0.0
C02671,free,W06,2025-04-05,True,True,False,True,0.7063,diagnosis_suggestion,118.4,0.0
C02671,free,W06,2025-02-16,False,False,False,,,,,0.0
C02672,free,W07,2025-03-25,False,False,False,,,,,0.0
C02672,free,W07,2025-04-21,True,True,False,True,0.9262,diagnosis_suggestion,28.4,0.0
C02672,free,W07,2025-04-22,True,False,False,False,0.3,diagnosis_suggestion,,0.0
C02673,free,W04,2025-03-16,True,True,True,True,0.8092,documentation_gap,6.9,39.28
C02673,free,W04,2025-01-23,False,False,False,,,,,0.0
C02673,free,W04,2025-04-01,False,False,False,,,,,0.0
C02674,pro,W10,2025-03-12,True,True,True,True,0.7768,coding_recommendation,8.9,8.66
C02674,pro,W10,2025-04-08,True,True,True,True,0.5,quality_flag,68.6,109.78
C02674,pro,W10,2025-05-12,True,True,True,True,0.8144,diagnosis_suggestion,4.7,72.53
C02674,pro,W10,2025-03-10,False,False,False,,,,,0.0
C02674,pro,W10,2025-03-30,True,False,False,False,0.4728,quality_flag,,0.0
C02675,free,W11,2025-03-20,True,True,False,True,0.6972,documentation_gap,13.8,0.0
C02675,free,W11,2025-03-25,True,True,False,False,0.5877,diagnosis_suggestion,13.9,0.0
C02675,free,W11,2025-05-08,False,False,False,,,,,0.0
C02676,free,W07,2025-03-20,False,False,False,,,,,0.0
C02676,free,W07,2025-04-01,False,False,False,,,,,0.0
C02676,free,W07,2025-03-01,True,True,True,True,0.7708,coding_recommendation,29.7,32.83
C02677,free,W09,2025-04-21,True,True,False,True,0.8744,documentation_gap,18.7,0.0
C02677,free,W09,2025-03-10,False,False,False,,,,,0.0
C02677,free,W09,2025-03-09,False,False,False,,,,,0.0
C02677,free,W09,2025-04-13,False,False,False,,,,,0.0
C02677,free,W09,2025-03-24,True,True,False,False,0.5598,coding_recommendation,32.6,0.0
C02677,free,W09,2025-04-08,True,True,True,True,0.7941,coding_recommendation,8.2,33.71
C02677,free,W09,2025-02-27,True,True,True,True,0.5571,diagnosis_suggestion,18.5,34.88
C02677,free,W09,2025-03-10,True,True,True,True,0.8789,documentation_gap,35.7,72.24
C02677,free,W09,2025-05-08,True,True,False,True,0.6802,documentation_gap,19.0,0.0
C02677,free,W09,2025-04-12,False,False,False,,,,,0.0
C02677,free,W09,2025-03-28,True,True,True,True,0.6497,diagnosis_suggestion,25.0,46.41
C02677,free,W09,2025-03-28,False,False,False,,,,,0.0
C02677,free,W09,2025-04-24,True,False,False,False,0.3723,coding_recommendation,,0.0
C02678,free,W01,2025-03-18,False,False,False,,,,,0.0
C02678,free,W01,2025-02-14,True,False,False,False,0.4976,documentation_gap,,0.0
C02678,free,W01,2025-02-15,True,True,True,True,0.6703,coding_recommendation,10.0,28.18
C02679,pro,W04,2025-04-03,True,True,True,True,0.7389,coding_recommendation,28.1,28.38
C02679,pro,W04,2025-02-05,True,False,False,False,0.3,diagnosis_suggestion,,0.0
C02679,pro,W04,2025-02-27,True,True,False,True,0.8297,diagnosis_suggestion,35.7,0.0
C02680,pro,W10,2025-04-17,True,True,True,True,0.7771,documentation_gap,11.3,74.04
C02680,pro,W10,2025-04-23,True,True,True,True,0.5,coding_recommendation,23.7,39.63
C02680,pro,W10,2025-04-11,True,True,False,True,0.5,quality_flag,28.5,0.0
C02681,free,W04,2025-02-27,True,True,True,True,0.8933,documentation_gap,11.7,70.45
C02681,free,W04,2025-03-04,False,False,False,,,,,0.0
C02681,free,W04,2025-04-04,True,True,False,True,0.9594,diagnosis_suggestion,13.5,0.0
C02682,pro,W04,2025-01-23,True,True,True,True,0.883,diagnosis_suggestion,59.6,33.32
C02682,pro,W04,2025-03-28,True,True,True,True,0.693,quality_flag,18.3,33.3
C02682,pro,W04,2025-02-05,False,False,False,,,,,0.0
C02683,basic,W01,2025-02-04,True,True,False,True,0.754,documentation_gap,21.6,0.0
C02683,basic,W01,2025-03-02,False,False,False,,,,,0.0
C02683,basic,W01,2025-01-29,True,True,True,True,0.7053,documentation_gap,34.1,32.58
C02684,free,W07,2025-04-29,False,False,False,,,,,0.0
C02684,free,W07,2025-02-17,False,False,False,,,,,0.0
C02684,free,W07,2025-04-19,False,False,False,,,,,0.0
C02685,basic,W08,2025-03-10,True,True,True,True,0.9252,diagnosis_suggestion,22.2,159.32
C02685,basic,W08,2025-03-13,True,False,False,False,0.4005,diagnosis_suggestion,,0.0
C02685,basic,W08,2025-05-13,True,False,False,False,0.3735,quality_flag,,0.0
C02685,basic,W08,2025-04-16,True,True,False,True,0.8044,quality_flag,28.4,0.0
C02685,basic,W08,2025-04-25,True,True,True,True,0.8671,diagnosis_suggestion,49.3,49.5
C02686,free,W11,2025-05-09,False,False,False,,,,,0.0
C02686,free,W11,2025-04-15,True,True,True,True,0.698,documentation_gap,23.6,146.12
C02686,free,W11,2025-03-13,False,False,False,,,,,0.0
C02687,pro,W07,2025-03-21,True,True,True,True,0.8675,coding_recommendation,20.1,37.91
C02687,pro,W07,2025-02-20,True,True,True,True,0.8311,quality_flag,23.0,106.43
C02687,pro,W07,2025-03-19,True,True,True,True,0.883,diagnosis_suggestion,169.9,71.36
C02687,pro,W07,2025-02-20,True,True,True,True,0.9575,coding_recommendation,18.8,54.93
C02687,pro,W07,2025-02-17,True,True,True,True,0.5594,diagnosis_suggestion,53.6,96.02
C02687,pro,W07,2025-02-23,True,True,False,False,0.6416,coding_recommendation,24.5,0.0
C02688,pro,W02,2025-03-07,True,True,True,True,0.681,coding_recommendation,21.6,45.66
C02688,pro,W02,2025-02-23,True,False,False,False,0.3,documentation_gap,,0.0
C02688,pro,W02,2025-02-12,False,False,False,,,,,0.0
C02689,basic,W04,2025-02-25,False,False,False,,,,,0.0
C02689,basic,W04,2025-04-15,True,True,True,False,0.7017,diagnosis_suggestion,14.0,-25.97
C02689,basic,W04,2025-03-11,True,True,True,True,0.7463,diagnosis_suggestion,52.2,72.65
C02690,pro,W02,2025-03-07,True,True,True,True,0.7713,coding_recommendation,29.9,34.85
C02690,pro,W02,2025-01-23,True,True,True,True,0.7694,diagnosis_suggestion,10.7,76.86
C02690,pro,W02,2025-02-15,True,True,True,True,0.941,coding_recommendation,75.1,79.38
C02691,pro,W07,2025-03-27,True,False,False,False,0.3108,documentation_gap,,0.0
C02691,pro,W07,2025-04-19,False,False,False,,,,,0.0
C02691,pro,W07,2025-02-27,True,True,True,True,0.8109,documentation_gap,107.3,37.24
C02692,basic,W04,2025-02-19,True,True,False,True,0.8174,documentation_gap,13.1,0.0
C02692,basic,W04,2025-03-10,True,True,False,True,0.9637,quality_flag,15.6,0.0
C02692,basic,W04,2025-04-11,True,True,True,True,0.7744,documentation_gap,15.6,46.72
C02693,pro,W07,2025-04-08,True,True,True,True,0.8185,coding_recommendation,19.1,39.65
C02693,pro,W07,2025-05-04,False,False,False,,,,,0.0
C02693,pro,W07,2025-02-27,True,True,True,True,0.9395,coding_recommendation,39.7,38.33
C02694,pro,W06,2025-02-15,True,True,False,True,0.7541,documentation_gap,25.0,0.0
C02694,pro,W06,2025-04-12,True,True,True,True,0.8356,coding_recommendation,74.0,58.08
C02694,pro,W06,2025-02-22,True,True,True,False,0.5652,documentation_gap,53.1,-28.76
C02695,basic,W10,2025-04-24,False,False,False,,,,,0.0
C02695,basic,W10,2025-03-23,True,True,False,True,0.9423,coding_recommendation,19.5,0.0
C02695,basic,W10,2025-04-20,False,False,False,,,,,0.0
C02696,free,W10,2025-03-22,False,False,False,,,,,0.0
C02696,free,W10,2025-05-11,True,True,False,False,0.5264,diagnosis_suggestion,44.6,0.0
C02696,free,W10,2025-03-22,False,False,False,,,,,0.0
C02697,free,W03,2025-01-25,False,False,False,,,,,0.0
C02697,free,W03,2025-03-19,False,False,False,,,,,0.0
C02697,free,W03,2025-03-08,False,False,False,,,,,0.0
C02698,free,W09,2025-05-10,False,False,False,,,,,0.0
C02698,free,W09,2025-04-28,True,True,False,True,0.9034,diagnosis_suggestion,20.9,0.0
C02698,free,W09,2025-05-02,True,True,False,False,0.7622,diagnosis_suggestion,38.1,0.0
C02699,free,W11,2025-04-14,False,False,False,,,,,0.0
C02699,free,W11,2025-04-27,False,False,False,,,,,0.0
C02699,free,W11,2025-05-09,False,False,False,,,,,0.0
C02699,free,W11,2025-05-09,True,True,True,True,0.944,diagnosis_suggestion,40.3,46.65
C02700,pro,W08,2025-03-10,True,True,True,True,0.9354,coding_recommendation,8.5,64.69
C02700,pro,W08,2025-02-24,True,True,False,True,0.8445,documentation_gap,15.6,0.0
C02700,pro,W08,2025-02-20,False,False,False,,,,,0.0
C02701,free,W07,2025-02-15,False,False,False,,,,,0.0
C02701,free,W07,2025-03-19,True,True,True,False,0.8165,quality_flag,90.4,-18.65
C02701,free,W07,2025-04-18,True,True,False,True,0.8113,documentation_gap,26.1,0.0
C02702,basic,W03,2025-03-22,True,True,False,True,0.8598,quality_flag,34.8,0.0
C02702,basic,W03,2025-03-06,False,False,False,,,,,0.0
C02702,basic,W03,2025-03-20,True,True,False,True,0.7705,diagnosis_suggestion,154.1,0.0
C02703,pro,W05,2025-02-06,False,False,False,,,,,0.0
C02703,pro,W05,2025-04-10,True,True,True,True,0.8502,coding_recommendation,18.0,179.65
C02703,pro,W05,2025-04-07,True,True,True,True,0.7133,coding_recommendation,13.8,135.25
C02703,pro,W05,2025-04-02,True,True,True,True,0.773,coding_recommendation,12.6,40.42
C02704,free,W11,2025-03-15,False,False,False,,,,,0.0
C02704,free,W11,2025-03-23,True,True,False,True,0.759,coding_recommendation,9.2,0.0
C02704,free,W11,2025-05-06,True,True,False,False,0.594,diagnosis_suggestion,4.2,0.0
C02705,free,W08,2025-02-23,False,False,False,,,,,0.0
C02705,free,W08,2025-05-03,False,False,False,,,,,0.0
C02705,free,W08,2025-03-27,True,True,False,True,0.7579,coding_recommendation,25.7,0.0
C02706,pro,W02,2025-03-08,True,True,False,True,0.8144,quality_flag,51.2,0.0
C02706,pro,W02,2025-01-10,True,True,True,True,0.9514,documentation_gap,36.6,63.96
C02706,pro,W02,2025-03-28,True,True,True,True,0.8257,quality_flag,70.1,11.67
C02707,basic,W04,2025-03-17,False,False,False,,,,,0.0
C02707,basic,W04,2025-02-10,True,True,True,True,0.9028,coding_recommendation,63.3,45.0
C02707,basic,W04,2025-01-28,True,True,True,False,0.6764,diagnosis_suggestion,40.1,-36.26
C02708,free,W05,2025-03-09,True,True,True,True,0.8584,diagnosis_suggestion,13.1,24.58
C02708,free,W05,2025-04-18,True,True,True,True,0.955,documentation_gap,6.6,81.15
C02708,free,W05,2025-03-05,False,False,False,,,,,0.0
C02709,free,W02,2025-03-09,True,True,True,False,0.6113,coding_recommendation,27.3,-15.47
C02709,free,W02,2025-01-18,True,True,False,False,0.6519,coding_recommendation,11.6,0.0
C02709,free,W02,2025-01-26,True,True,False,True,0.8707,documentation_gap,9.8,0.0
C02709,free,W02,2025-03-25,True,True,True,False,0.5491,quality_flag,15.3,-30.83
C02710,free,W06,2025-02-23,True,True,True,True,0.8303,documentation_gap,17.2,82.78
C02710,free,W06,2025-04-27,True,True,True,True,0.9008,diagnosis_suggestion,48.3,41.57
C02710,free,W06,2025-02-10,True,True,True,True,0.8875,diagnosis_suggestion,49.2,147.59
C02711,basic,W07,2025-04-21,True,True,False,True,0.7458,quality_flag,23.4,0.0
C02711,basic,W07,2025-03-07,True,True,True,True,0.5698,quality_flag,14.1,63.15
C02711,basic,W07,2025-04-26,False,False,False,,,,,0.0
C02712,basic,W08,2025-04-13,True,True,True,True,0.7368,quality_flag,33.5,33.73
C02712,basic,W08,2025-04-26,True,False,False,False,0.403,coding_recommendation,,0.0
C02712,basic,W08,2025-02-25,True,True,False,True,0.6485,documentation_gap,34.2,0.0
C02713,basic,W12,2025-05-03,True,True,True,True,0.7857,diagnosis_suggestion,12.9,109.69
C02713,basic,W12,2025-04-02,True,True,True,True,0.8433,diagnosis_suggestion,18.2,191.2
C02713,basic,W12,2025-05-19,False,False,False,,,,,0.0
C02714,free,W04,2025-02-28,False,False,False,,,,,0.0
C02714,free,W04,2025-03-24,False,False,False,,,,,0.0
C02714,free,W04,2025-01-28,False,False,False,,,,,0.0
C02715,free,W05,2025-02-01,True,True,False,True,0.8398,documentation_gap,161.8,0.0
C02715,free,W05,2025-01-29,False,False,False,,,,,0.0
C02715,free,W05,2025-02-14,True,True,True,True,0.9536,coding_recommendation,5.2,77.78
C02716,basic,W03,2025-02-08,True,True,False,True,0.9016,documentation_gap,42.7,0.0
C02716,basic,W03,2025-03-04,True,True,True,True,0.9131,coding_recommendation,21.0,63.87
C02716,basic,W03,2025-02-28,True,True,False,True,0.8342,diagnosis_suggestion,18.0,0.0
C02717,basic,W05,2025-01-31,True,False,False,False,0.4307,coding_recommendation,,0.0
C02717,basic,W05,2025-02-21,True,True,False,True,0.6021,documentation_gap,47.2,0.0
C02717,basic,W05,2025-02-13,False,False,False,,,,,0.0
C02718,basic,W06,2025-02-12,True,True,False,True,0.8085,coding_recommendation,4.0,0.0
C02718,basic,W06,2025-03-20,True,True,False,True,0.63,diagnosis_suggestion,15.4,0.0
C02718,basic,W06,2025-04-02,True,True,False,True,0.9357,quality_flag,8.9,0.0
C02719,free,W04,2025-03-01,False,False,False,,,,,0.0
C02719,free,W04,2025-02-05,False,False,False,,,,,0.0
C02719,free,W04,2025-02-26,True,True,False,True,0.563,coding_recommendation,17.1,0.0
C02719,free,W04,2025-03-05,False,False,False,,,,,0.0
C02720,free,W11,2025-05-15,True,True,False,True,0.7642,quality_flag,20.2,0.0
C02720,free,W11,2025-06-03,False,False,False,,,,,0.0
C02720,free,W11,2025-04-20,True,True,False,True,0.5589,coding_recommendation,19.0,0.0
C02720,free,W11,2025-05-04,True,True,True,True,0.8887,diagnosis_suggestion,38.2,34.34
C02720,free,W11,2025-05-04,False,False,False,,,,,0.0
C02720,free,W11,2025-03-28,False,False,False,,,,,0.0
C02720,free,W11,2025-05-24,True,True,True,True,0.9497,documentation_gap,10.8,35.95
C02720,free,W11,2025-04-12,False,False,False,,,,,0.0
C02720,free,W11,2025-04-30,False,False,False,,,,,0.0
C02720,free,W11,2025-03-23,False,False,False,,,,,0.0
C02720,free,W11,2025-03-16,True,True,False,True,0.8206,documentation_gap,14.3,0.0
C02720,free,W11,2025-05-07,False,False,False,,,,,0.0
C02720,free,W11,2025-04-30,False,False,False,,,,,0.0
C02721,free,W06,2025-04-18,False,False,False,,,,,0.0
C02721,free,W06,2025-03-20,True,True,False,False,0.6972,coding_recommendation,32.2,0.0
C02721,free,W06,2025-03-15,True,True,True,True,0.809,diagnosis_suggestion,35.1,72.44
C02722,free,W09,2025-04-13,True,True,False,True,0.9569,quality_flag,12.6,0.0
C02722,free,W09,2025-03-15,True,True,True,True,0.94,documentation_gap,4.0,126.58
C02722,free,W09,2025-05-12,False,False,False,,,,,0.0
C02723,pro,W04,2025-02-12,True,False,False,False,0.439,diagnosis_suggestion,,0.0
C02723,pro,W04,2025-02-15,True,True,False,True,0.8129,diagnosis_suggestion,40.0,0.0
C02723,pro,W04,2025-01-22,True,True,True,True,0.71,diagnosis_suggestion,89.4,142.64
C02724,pro,W07,2025-02-17,True,True,True,True,0.5648,quality_flag,7.8,22.65
C02724,pro,W07,2025-03-13,False,False,False,,,,,0.0
C02724,pro,W07,2025-03-29,True,True,True,True,0.6543,coding_recommendation,10.5,78.64
C02724,pro,W07,2025-03-02,True,True,True,True,0.9197,quality_flag,15.8,47.02
C02724,pro,W07,2025-03-24,False,False,False,,,,,0.0
C02725,basic,W08,2025-05-04,True,True,True,True,0.7269,diagnosis_suggestion,11.1,54.86
C02725,basic,W08,2025-03-08,True,True,True,True,0.7748,documentation_gap,55.6,29.87
C02725,basic,W08,2025-05-05,False,False,False,,,,,0.0
C02726,free,W12,2025-04-21,False,False,False,,,,,0.0
C02726,free,W12,2025-04-27,True,True,False,True,0.9025,diagnosis_suggestion,13.4,0.0
C02726,free,W12,2025-04-15,True,True,True,True,0.7206,diagnosis_suggestion,24.9,46.03
C02727,basic,W10,2025-03-20,False,False,False,,,,,0.0
C02727,basic,W10,2025-04-27,True,True,True,True,0.7983,quality_flag,7.2,79.3
C02727,basic,W10,2025-04-26,True,True,True,True,0.8011,quality_flag,14.6,99.73
C02728,free,W03,2025-03-24,False,False,False,,,,,0.0
C02728,free,W03,2025-02-27,False,False,False,,,,,0.0
C02728,free,W03,2025-03-11,False,False,False,,,,,0.0
C02729,free,W07,2025-04-05,False,False,False,,,,,0.0
C02729,free,W07,2025-04-06,True,True,True,True,0.8572,coding_recommendation,15.8,156.82
C02729,free,W07,2025-02-25,True,True,False,True,0.8158,coding_recommendation,4.7,0.0
C02729,free,W07,2025-04-02,False,False,False,,,,,0.0
C02729,free,W07,2025-03-20,True,False,False,False,0.3961,documentation_gap,,0.0
C02730,basic,W09,2025-03-30,False,False,False,,,,,0.0
C02730,basic,W09,2025-03-01,True,True,True,True,0.816,quality_flag,45.2,26.66
C02730,basic,W09,2025-04-30,True,True,False,True,0.6979,quality_flag,17.5,0.0
C02731,basic,W11,2025-04-17,False,False,False,,,,,0.0
C02731,basic,W11,2025-04-02,True,True,False,True,0.8303,quality_flag,22.9,0.0
C02731,basic,W11,2025-04-17,False,False,False,,,,,0.0
C02732,free,W10,2025-04-19,True,True,True,True,0.8971,diagnosis_suggestion,27.3,50.05
C02732,free,W10,2025-05-13,True,True,True,True,0.8723,quality_flag,7.7,108.37
C02732,free,W10,2025-05-10,False,False,False,,,,,0.0
C02733,free,W01,2025-01-13,False,False,False,,,,,0.0
C02733,free,W01,2025-02-03,True,True,True,True,0.8878,coding_recommendation,20.3,37.52
C02733,free,W01,2025-03-24,True,True,True,True,0.5,documentation_gap,7.8,42.25
C02734,basic,W12,2025-04-14,True,True,True,True,0.8122,diagnosis_suggestion,25.2,60.54
C02734,basic,W12,2025-06-01,True,True,True,True,0.6074,coding_recommendation,19.7,59.4
C02734,basic,W12,2025-05-23,True,True,True,True,0.9065,documentation_gap,16.5,154.25
C02735,pro,W01,2025-03-12,True,True,True,True,0.9277,diagnosis_suggestion,12.9,72.28
C02735,pro,W01,2025-01-30,True,True,True,True,0.7433,documentation_gap,5.9,88.89
C02735,pro,W01,2025-02-17,False,False,False,,,,,0.0
C02736,pro,W07,2025-03-12,True,True,True,True,0.7604,diagnosis_suggestion,38.2,19.53
C02736,pro,W07,2025-03-06,True,True,False,True,0.861,documentation_gap,12.3,0.0
C02736,pro,W07,2025-04-30,False,False,False,,,,,0.0
C02737,basic,W02,2025-01-31,True,True,True,True,0.99,documentation_gap,7.6,68.22
C02737,basic,W02,2025-01-29,True,False,False,False,0.3,diagnosis_suggestion,,0.0
C02737,basic,W02,2025-02-26,True,True,True,True,0.9065,documentation_gap,32.5,41.96
C02738,free,W08,2025-04-06,True,True,False,True,0.9021,documentation_gap,11.7,0.0
C02738,free,W08,2025-05-12,True,False,False,False,0.4058,quality_flag,,0.0
C02738,free,W08,2025-02-25,False,False,False,,,,,0.0
C02739,free,W06,2025-04-15,False,False,False,,,,,0.0
C02739,free,W06,2025-02-26,False,False,False,,,,,0.0
C02739,free,W06,2025-03-29,False,False,False,,,,,0.0
C02740,basic,W02,2025-02-16,True,True,True,True,0.8114,diagnosis_suggestion,11.3,47.05
C02740,basic,W02,2025-02-02,True,True,True,True,0.8603,documentation_gap,105.6,64.1
C02740,basic,W02,2025-02-15,True,True,False,True,0.6487,diagnosis_suggestion,17.9,0.0
C02741,free,W04,2025-03-03,True,True,False,True,0.8158,coding_recommendation,30.3,0.0
C02741,free,W04,2025-04-02,False,False,False,,,,,0.0
C02741,free,W04,2025-02-01,True,True,False,True,0.722,coding_recommendation,5.3,0.0
C02742,free,W07,2025-04-29,False,False,False,,,,,0.0
C02742,free,W07,2025-04-04,True,True,True,False,0.6701,diagnosis_suggestion,57.7,-11.11
C02742,free,W07,2025-03-22,True,True,False,True,0.699,quality_flag,54.7,0.0
C02743,pro,W12,2025-03-28,True,True,True,True,0.8483,diagnosis_suggestion,42.2,190.88
C02743,pro,W12,2025-05-30,False,False,False,,,,,0.0
C02743,pro,W12,2025-05-13,True,True,True,True,0.7859,documentation_gap,33.9,83.96
C02744,basic,W08,2025-03-24,False,False,False,,,,,0.0
C02744,basic,W08,2025-05-02,False,False,False,,,,,0.0
C02744,basic,W08,2025-04-22,True,True,True,False,0.7394,diagnosis_suggestion,25.7,-10.09
C02744,basic,W08,2025-03-01,True,True,False,True,0.8076,documentation_gap,29.6,0.0
C02744,basic,W08,2025-05-06,False,False,False,,,,,0.0
C02744,basic,W08,2025-03-20,False,False,False,,,,,0.0
C02744,basic,W08,2025-04-09,True,True,False,True,0.7351,diagnosis_suggestion,31.5,0.0
C02745,free,W05,2025-02-14,False,False,False,,,,,0.0
C02745,free,W05,2025-04-17,True,True,False,False,0.5541,documentation_gap,68.4,0.0
C02745,free,W05,2025-04-14,False,False,False,,,,,0.0
C02746,basic,W02,2025-01-29,True,True,True,True,0.8248,coding_recommendation,33.4,434.14
C02746,basic,W02,2025-02-20,True,True,False,True,0.9129,quality_flag,45.7,0.0
C02746,basic,W02,2025-03-12,False,False,False,,,,,0.0
C02747,basic,W02,2025-03-14,True,True,True,True,0.9241,coding_recommendation,10.6,36.9
C02747,basic,W02,2025-03-15,True,False,False,False,0.3148,quality_flag,,0.0
C02747,basic,W02,2025-01-19,True,True,False,True,0.8154,coding_recommendation,22.9,0.0
C02748,free,W04,2025-02-07,False,False,False,,,,,0.0
C02748,free,W04,2025-02-08,True,True,False,True,0.8378,documentation_gap,11.1,0.0
C02748,free,W04,2025-03-26,False,False,False,,,,,0.0
C02749,free,W03,2025-01-20,False,False,False,,,,,0.0
C02749,free,W03,2025-03-07,True,True,False,False,0.7082,diagnosis_suggestion,14.5,0.0
C02749,free,W03,2025-02-07,False,False,False,,,,,0.0
C02750,free,W07,2025-02-20,False,False,False,,,,,0.0
C02750,free,W07,2025-04-04,True,True,True,True,0.9271,coding_recommendation,28.1,31.76
C02750,free,W07,2025-04-23,True,True,False,True,0.7609,documentation_gap,9.5,0.0
C02751,basic,W05,2025-03-02,False,False,False,,,,,0.0
C02751,basic,W05,2025-03-11,False,False,False,,,,,0.0
C02751,basic,W05,2025-02-04,True,True,False,True,0.716,diagnosis_suggestion,6.0,0.0
C02752,free,W05,2025-02-23,False,False,False,,,,,0.0
C02752,free,W05,2025-04-20,True,True,True,True,0.5529,coding_recommendation,21.3,73.88
C02752,free,W05,2025-03-22,True,True,False,True,0.8232,documentation_gap,38.6,0.0
C02753,pro,W10,2025-03-28,True,True,True,True,0.8345,documentation_gap,7.9,37.41
C02753,pro,W10,2025-04-21,True,False,False,False,0.3,documentation_gap,,0.0
C02753,pro,W10,2025-04-30,True,True,True,True,0.6776,diagnosis_suggestion,11.5,31.71
C02754,free,W08,2025-04-21,True,True,True,True,0.6981,quality_flag,44.1,27.5
C02754,free,W08,2025-05-09,True,True,True,True,0.8408,documentation_gap,32.0,136.33
C02754,free,W08,2025-04-19,True,True,True,True,0.8749,coding_recommendation,57.8,58.54
C02755,free,W01,2025-02-27,False,False,False,,,,,0.0
C02755,free,W01,2025-01-22,False,False,False,,,,,0.0
C02755,free,W01,2025-01-24,False,False,False,,,,,0.0
C02756,free,W06,2025-03-12,True,True,True,False,0.531,diagnosis_suggestion,54.5,-14.05
C02756,free,W06,2025-03-14,True,True,False,True,0.702,diagnosis_suggestion,16.6,0.0
C02756,free,W06,2025-03-05,True,True,False,True,0.6507,documentation_gap,15.3,0.0
C02757,free,W12,2025-03-26,False,False,False,,,,,0.0
C02757,free,W12,2025-03-28,True,True,True,True,0.8379,diagnosis_suggestion,13.6,35.62
C02757,free,W12,2025-04-16,False,False,False,,,,,0.0
C02758,free,W06,2025-02-15,False,False,False,,,,,0.0
C02758,free,W06,2025-03-25,True,True,True,True,0.7397,diagnosis_suggestion,7.2,63.27
C02758,free,W06,2025-03-21,False,False,False,,,,,0.0
C02759,pro,W04,2025-02-03,True,True,True,False,0.6869,diagnosis_suggestion,5.0,-22.82
C02759,pro,W04,2025-04-08,True,True,False,True,0.73,diagnosis_suggestion,143.3,0.0
C02759,pro,W04,2025-03-04,True,True,True,False,0.6396,quality_flag,29.2,-30.89
C02760,basic,W07,2025-05-03,True,True,True,True,0.8859,coding_recommendation,26.7,64.49
C02760,basic,W07,2025-04-29,True,True,False,True,0.5,documentation_gap,17.4,0.0
C02760,basic,W07,2025-02-13,True,True,True,True,0.7729,coding_recommendation,41.5,85.83
C02761,basic,W11,2025-04-26,True,True,True,True,0.9761,quality_flag,19.8,88.4
C02761,basic,W11,2025-03-27,True,True,False,True,0.8158,diagnosis_suggestion,15.8,0.0
C02761,basic,W11,2025-04-02,True,True,True,True,0.9172,documentation_gap,107.1,71.64
C02762,pro,W09,2025-04-19,False,False,False,,,,,0.0
C02762,pro,W09,2025-05-13,True,True,True,True,0.7577,diagnosis_suggestion,20.1,57.44
C02762,pro,W09,2025-03-20,True,True,True,True,0.7633,coding_recommendation,9.0,112.31
C02763,basic,W09,2025-03-22,True,True,True,True,0.7138,quality_flag,27.9,31.79
C02763,basic,W09,2025-04-05,True,True,True,False,0.8081,documentation_gap,35.0,-18.89
C02763,basic,W09,2025-02-27,False,False,False,,,,,0.0
C02764,free,W08,2025-04-05,False,False,False,,,,,0.0
C02764,free,W08,2025-05-05,False,False,False,,,,,0.0
C02764,free,W08,2025-04-28,False,False,False,,,,,0.0
C02765,pro,W01,2025-02-28,True,True,True,True,0.8919,documentation_gap,13.4,36.47
C02765,pro,W01,2025-01-03,True,True,True,True,0.8252,documentation_gap,19.0,38.6
C02765,pro,W01,2025-01-11,True,True,False,True,0.914,diagnosis_suggestion,16.2,0.0
C02766,basic,W11,2025-05-11,True,True,True,True,0.8632,coding_recommendation,8.4,48.33
C02766,basic,W11,2025-05-26,True,True,True,False,0.647,diagnosis_suggestion,8.6,-15.68
C02766,basic,W11,2025-05-29,True,True,True,True,0.8065,diagnosis_suggestion,36.2,37.15
C02766,basic,W11,2025-05-24,True,True,False,True,0.6426,diagnosis_suggestion,8.8,0.0
C02766,basic,W11,2025-03-23,False,False,False,,,,,0.0
C02766,basic,W11,2025-06-01,False,False,False,,,,,0.0
C02767,basic,W12,2025-06-08,False,False,False,,,,,0.0
C02767,basic,W12,2025-03-23,False,False,False,,,,,0.0
C02767,basic,W12,2025-04-28,True,True,True,True,0.7859,coding_recommendation,4.0,32.25
C02768,basic,W09,2025-03-09,True,True,False,True,0.8289,diagnosis_suggestion,43.5,0.0
C02768,basic,W09,2025-03-29,True,True,False,True,0.9492,coding_recommendation,17.7,0.0
C02768,basic,W09,2025-04-28,True,True,False,False,0.6737,diagnosis_suggestion,6.6,0.0
C02769,free,W12,2025-03-25,True,True,True,True,0.8272,diagnosis_suggestion,8.4,49.99
C02769,free,W12,2025-06-05,False,False,False,,,,,0.0
C02769,free,W12,2025-04-15,True,False,False,False,0.3,coding_recommendation,,0.0
C02770,free,W04,2025-03-19,True,True,False,True,0.8769,diagnosis_suggestion,7.0,0.0
C02770,free,W04,2025-03-27,False,False,False,,,,,0.0
C02770,free,W04,2025-02-03,True,True,False,True,0.7703,diagnosis_suggestion,34.0,0.0
C02771,basic,W03,2025-03-05,False,False,False,,,,,0.0
C02771,basic,W03,2025-03-07,True,True,True,True,0.8498,coding_recommendation,26.4,24.4
C02771,basic,W03,2025-01-22,True,True,True,True,0.9273,coding_recommendation,9.6,68.16
C02772,free,W12,2025-06-05,True,True,True,True,0.7226,diagnosis_suggestion,10.1,29.14
C02772,free,W12,2025-06-01,True,True,True,True,0.879,quality_flag,42.8,30.96
C02772,free,W12,2025-04-19,True,True,True,True,0.9588,diagnosis_suggestion,49.6,52.62
C02773,free,W02,2025-02-04,False,False,False,,,,,0.0
C02773,free,W02,2025-03-07,False,False,False,,,,,0.0
C02773,free,W02,2025-01-20,False,False,False,,,,,0.0
C02774,basic,W04,2025-03-28,True,True,True,True,0.7961,diagnosis_suggestion,51.2,37.79
C02774,basic,W04,2025-04-01,True,True,True,True,0.717,documentation_gap,24.9,91.84
C02774,basic,W04,2025-01-24,True,True,True,True,0.7295,quality_flag,7.4,77.55
C02775,free,W07,2025-03-28,False,False,False,,,,,0.0
C02775,free,W07,2025-02-24,False,False,False,,,,,0.0
C02775,free,W07,2025-04-12,True,True,False,True,0.7045,quality_flag,24.8,0.0
C02776,free,W10,2025-05-04,False,False,False,,,,,0.0
C02776,free,W10,2025-04-20,True,True,True,False,0.5207,diagnosis_suggestion,10.6,-16.48
C02776,free,W10,2025-03-06,False,False,False,,,,,0.0
C02777,free,W01,2025-01-18,False,False,False,,,,,0.0
C02777,free,W01,2025-02-10,False,False,False,,,,,0.0
C02777,free,W01,2025-03-16,True,True,True,True,0.9562,documentation_gap,6.5,37.58
C02778,free,W02,2025-01-08,False,False,False,,,,,0.0
C02778,free,W02,2025-03-15,True,True,False,False,0.7259,coding_recommendation,28.6,0.0
C02778,free,W02,2025-02-25,False,False,False,,,,,0.0
C02779,basic,W01,2025-01-01,True,False,False,False,0.3,coding_recommendation,,0.0
C02779,basic,W01,2025-02-12,True,True,True,True,0.6875,diagnosis_suggestion,8.0,107.79
C02779,basic,W01,2025-01-29,False,False,False,,,,,0.0
C02779,basic,W01,2025-01-21,True,True,True,True,0.8126,quality_flag,7.2,42.03
C02779,basic,W01,2025-03-03,True,True,True,True,0.7899,coding_recommendation,9.7,25.67
C02779,basic,W01,2025-01-29,True,True,True,True,0.893,quality_flag,6.8,46.17
C02780,basic,W06,2025-02-12,True,True,True,True,0.8398,documentation_gap,17.5,18.34
C02780,basic,W06,2025-04-29,True,True,True,True,0.7717,documentation_gap,78.5,70.81
C02780,basic,W06,2025-04-20,True,True,True,True,0.871,diagnosis_suggestion,4.9,61.3
C02780,basic,W06,2025-03-31,True,True,True,True,0.6951,coding_recommendation,162.5,23.5
C02780,basic,W06,2025-03-08,False,False,False,,,,,0.0
C02781,pro,W10,2025-05-08,False,False,False,,,,,0.0
C02781,pro,W10,2025-05-14,True,True,False,True,0.6909,coding_recommendation,28.6,0.0
C02781,pro,W10,2025-05-17,True,True,True,True,0.7878,diagnosis_suggestion,51.8,35.49
C02782,basic,W07,2025-04-16,True,True,True,True,0.8283,diagnosis_suggestion,26.9,31.35
C02782,basic,W07,2025-03-26,True,True,True,True,0.9601,coding_recommendation,32.8,99.02
C02782,basic,W07,2025-02-16,False,False,False,,,,,0.0
C02783,pro,W08,2025-04-13,True,True,False,False,0.5066,diagnosis_suggestion,3.1,0.0
C02783,pro,W08,2025-05-01,True,True,True,True,0.944,coding_recommendation,45.5,107.32
C02783,pro,W08,2025-05-01,True,True,True,True,0.7755,quality_flag,50.9,56.5
C02784,basic,W02,2025-01-11,True,True,False,False,0.6485,quality_flag,14.8,0.0
C02784,basic,W02,2025-02-15,False,False,False,,,,,0.0
C02784,basic,W02,2025-01-12,True,True,True,True,0.5,coding_recommendation,9.9,86.74
C02784,basic,W02,2025-03-14,True,True,True,True,0.5724,coding_recommendation,35.5,32.83
C02784,basic,W02,2025-03-09,True,False,False,False,0.3018,documentation_gap,,0.0
C02784,basic,W02,2025-03-26,True,True,True,True,0.9257,quality_flag,83.7,32.27
C02784,basic,W02,2025-01-25,False,False,False,,,,,0.0
C02784,basic,W02,2025-02-12,True,True,True,True,0.7444,documentation_gap,132.0,124.75
C02784,basic,W02,2025-02-25,True,False,False,False,0.316,coding_recommendation,,0.0
C02785,pro,W01,2025-03-22,True,True,True,True,0.8493,diagnosis_suggestion,17.8,24.24
C02785,pro,W01,2025-01-30,True,True,True,True,0.9638,documentation_gap,12.6,117.45
C02785,pro,W01,2025-03-12,True,False,False,False,0.3619,coding_recommendation,,0.0
C02786,basic,W11,2025-06-01,False,False,False,,,,,0.0
C02786,basic,W11,2025-05-26,True,True,False,True,0.7816,diagnosis_suggestion,4.7,0.0
C02786,basic,W11,2025-03-19,True,True,True,True,0.7898,diagnosis_suggestion,3.4,42.9
C02787,free,W12,2025-06-03,False,False,False,,,,,0.0
C02787,free,W12,2025-03-23,True,True,False,True,0.8246,documentation_gap,24.3,0.0
C02787,free,W12,2025-05-12,True,True,True,True,0.8465,coding_recommendation,12.5,44.08
C02788,basic,W02,2025-01-30,False,False,False,,,,,0.0
C02788,basic,W02,2025-02-19,False,False,False,,,,,0.0
C02788,basic,W02,2025-02-11,False,False,False,,,,,0.0
C02789,basic,W08,2025-02-26,True,True,True,True,0.6259,quality_flag,32.5,77.71
C02789,basic,W08,2025-02-27,True,False,False,False,0.3728,quality_flag,,0.0
C02789,basic,W08,2025-03-09,True,True,False,True,0.6354,documentation_gap,12.7,0.0
C02789,basic,W08,2025-04-03,False,False,False,,,,,0.0
C02789,basic,W08,2025-04-11,True,True,True,True,0.8598,diagnosis_suggestion,19.9,50.9
C02790,basic,W05,2025-03-22,False,False,False,,,,,0.0
C02790,basic,W05,2025-03-17,True,True,True,True,0.5654,coding_recommendation,41.5,36.47
C02790,basic,W05,2025-04-21,True,True,True,True,0.9459,documentation_gap,8.4,41.98
C02791,free,W11,2025-05-02,False,False,False,,,,,0.0
C02791,free,W11,2025-05-07,True,True,False,True,0.5,documentation_gap,33.3,0.0
C02791,free,W11,2025-04-27,True,True,True,True,0.7962,coding_recommendation,90.6,40.08
C02792,basic,W06,2025-03-15,True,True,False,True,0.9186,coding_recommendation,38.3,0.0
C02792,basic,W06,2025-03-11,True,True,True,True,0.8577,coding_recommendation,20.3,161.81
C02792,basic,W06,2025-02-23,True,True,True,True,0.9042,documentation_gap,19.0,157.58
C02793,free,W04,2025-04-03,True,False,False,False,0.3,diagnosis_suggestion,,0.0
C02793,free,W04,2025-03-22,False,False,False,,,,,0.0
C02793,free,W04,2025-03-10,True,True,True,True,0.6414,diagnosis_suggestion,27.2,61.3
C02793,free,W04,2025-03-09,False,False,False,,,,,0.0
C02793,free,W04,2025-03-31,False,False,False,,,,,0.0
C02793,free,W04,2025-01-27,True,True,False,True,0.6964,coding_recommendation,5.8,0.0
C02794,free,W03,2025-02-28,True,False,False,False,0.3159,diagnosis_suggestion,,0.0
C02794,free,W03,2025-03-14,True,True,True,True,0.713,quality_flag,8.5,66.83
C02794,free,W03,2025-02-06,True,True,True,True,0.8239,documentation_gap,50.3,159.52
C02795,free,W11,2025-05-20,False,False,False,,,,,0.0
C02795,free,W11,2025-04-20,True,True,False,True,0.544,coding_recommendation,6.3,0.0
C02795,free,W11,2025-03-31,False,False,False,,,,,0.0
C02795,free,W11,2025-05-02,True,True,True,True,0.843,diagnosis_suggestion,41.5,79.59
C02796,basic,W09,2025-03-08,True,False,False,False,0.3549,coding_recommendation,,0.0
C02796,basic,W09,2025-03-12,False,False,False,,,,,0.0
C02796,basic,W09,2025-03-09,True,True,True,True,0.835,documentation_gap,62.1,68.7
C02797,free,W05,2025-04-04,True,True,False,True,0.8975,diagnosis_suggestion,4.1,0.0
C02797,free,W05,2025-02-06,True,True,False,True,0.9612,coding_recommendation,51.3,0.0
C02797,free,W05,2025-04-03,True,True,False,True,0.9178,documentation_gap,8.3,0.0
C02798,basic,W07,2025-03-12,True,True,False,True,0.873,quality_flag,94.6,0.0
C02798,basic,W07,2025-03-23,True,True,True,True,0.6676,documentation_gap,20.5,128.02
C02798,basic,W07,2025-02-24,False,False,False,,,,,0.0
C02799,free,W12,2025-04-24,False,False,False,,,,,0.0
C02799,free,W12,2025-05-06,True,True,True,False,0.5405,documentation_gap,18.2,-44.59
C02799,free,W12,2025-04-23,True,True,False,True,0.8791,documentation_gap,27.1,0.0
C02799,free,W12,2025-04-06,False,False,False,,,,,0.0
C02799,free,W12,2025-04-04,True,True,False,True,0.8175,diagnosis_suggestion,40.1,0.0
C02799,free,W12,2025-06-07,True,True,False,False,0.5695,quality_flag,13.1,0.0
C02799,free,W12,2025-04-21,False,False,False,,,,,0.0
C02799,free,W12,2025-03-22,True,True,False,True,0.8524,documentation_gap,48.8,0.0
C02799,free,W12,2025-04-28,False,False,False,,,,,0.0
C02799,free,W12,2025-05-09,False,False,False,,,,,0.0
C02800,free,W07,2025-03-21,True,False,False,False,0.3,diagnosis_suggestion,,0.0
C02800,free,W07,2025-04-14,True,True,False,True,0.5,coding_recommendation,6.2,0.0
C02800,free,W07,2025-03-21,True,True,True,True,0.8665,diagnosis_suggestion,70.2,27.19
C02801,free,W07,2025-04-14,True,True,True,True,0.7586,diagnosis_suggestion,11.3,31.87
C02801,free,W07,2025-02-22,False,False,False,,,,,0.0
C02801,free,W07,2025-05-01,False,False,False,,,,,0.0
C02802,free,W08,2025-04-14,False,False,False,,,,,0.0
C02802,free,W08,2025-04-03,False,False,False,,,,,0.0
C02802,free,W08,2025-04-02,True,True,True,False,0.7293,documentation_gap,37.7,-18.28
C02803,basic,W03,2025-03-20,True,True,False,True,0.585,diagnosis_suggestion,22.8,0.0
C02803,basic,W03,2025-03-28,True,True,False,False,0.599,coding_recommendation,26.5,0.0
C02803,basic,W03,2025-01-31,True,True,False,True,0.9201,coding_recommendation,10.1,0.0
C02804,pro,W01,2025-02-28,True,True,False,True,0.5,diagnosis_suggestion,39.9,0.0
C02804,pro,W01,2025-01-10,True,True,False,True,0.8145,coding_recommendation,84.1,0.0
C02804,pro,W01,2025-02-14,True,True,True,False,0.6251,coding_recommendation,9.1,-31.08
C02805,free,W04,2025-02-02,True,True,True,True,0.7829,coding_recommendation,12.1,72.58
C02805,free,W04,2025-04-01,False,False,False,,,,,0.0
C02805,free,W04,2025-03-09,False,False,False,,,,,0.0
C02806,basic,W01,2025-02-11,True,True,False,True,0.807,coding_recommendation,21.4,0.0
C02806,basic,W01,2025-03-14,True,True,True,True,0.712,coding_recommendation,12.7,37.98
C02806,basic,W01,2025-01-12,True,True,True,True,0.8955,diagnosis_suggestion,136.2,125.87
C02807,free,W04,2025-02-17,False,False,False,,,,,0.0
C02807,free,W04,2025-02-13,False,False,False,,,,,0.0
C02807,free,W04,2025-04-01,True,True,False,True,0.6443,diagnosis_suggestion,40.5,0.0
C02808,pro,W11,2025-06-02,True,True,True,True,0.6372,quality_flag,16.7,40.38
C02808,pro,W11,2025-03-19,True,True,True,True,0.6179,coding_recommendation,8.9,101.7
C02808,pro,W11,2025-05-21,True,True,True,True,0.9661,quality_flag,23.9,39.66
C02809,basic,W02,2025-02-22,True,True,False,True,0.7476,diagnosis_suggestion,8.2,0.0
C02809,basic,W02,2025-03-14,True,True,True,True,0.8122,documentation_gap,47.0,121.91
C02809,basic,W02,2025-02-17,False,False,False,,,,,0.0
C02810,basic,W08,2025-03-30,True,True,False,True,0.9622,diagnosis_suggestion,15.5,0.0
C02810,basic,W08,2025-04-14,True,True,True,True,0.7544,coding_recommendation,4.9,28.52
C02810,basic,W08,2025-03-29,True,True,True,True,0.7516,coding_recommendation,26.5,27.11
C02811,free,W06,2025-04-04,True,True,True,True,0.6087,documentation_gap,48.1,48.31
C02811,free,W06,2025-03-16,True,True,True,False,0.8184,diagnosis_suggestion,39.9,-42.07
C02811,free,W06,2025-03-21,True,True,False,True,0.6314,documentation_gap,14.0,0.0
C02812,basic,W05,2025-02-14,True,True,True,True,0.9559,diagnosis_suggestion,24.4,45.81
C02812,basic,W05,2025-04-19,True,True,True,True,0.9443,diagnosis_suggestion,14.6,33.19
C02812,basic,W05,2025-04-20,True,True,False,True,0.6638,diagnosis_suggestion,12.5,0.0
C02813,basic,W02,2025-01-08,False,False,False,,,,,0.0
C02813,basic,W02,2025-03-31,True,True,True,True,0.9069,diagnosis_suggestion,15.4,104.43
C02813,basic,W02,2025-02-18,False,False,False,,,,,0.0
C02814,free,W10,2025-04-09,True,True,True,False,0.5457,coding_recommendation,26.9,-35.48
C02814,free,W10,2025-05-09,True,True,False,True,0.5707,diagnosis_suggestion,30.4,0.0
C02814,free,W10,2025-04-01,False,False,False,,,,,0.0
C02815,pro,W03,2025-02-13,True,True,False,True,0.7795,coding_recommendation,49.7,0.0
C02815,pro,W03,2025-03-22,True,True,False,True,0.7048,diagnosis_suggestion,6.3,0.0
C02815,pro,W03,2025-04-06,True,True,True,True,0.6368,documentation_gap,10.7,279.64
C02815,pro,W03,2025-04-02,True,False,False,False,0.4724,documentation_gap,,0.0
C02815,pro,W03,2025-01-30,True,True,True,True,0.7214,coding_recommendation,5.4,38.88
C02815,pro,W03,2025-02-04,True,True,True,True,0.8974,quality_flag,18.6,105.73
C02816,basic,W09,2025-03-14,False,False,False,,,,,0.0
C02816,basic,W09,2025-02-28,True,True,False,True,0.813,diagnosis_suggestion,4.6,0.0
C02816,basic,W09,2025-03-22,True,False,False,False,0.4813,documentation_gap,,0.0
C02816,basic,W09,2025-03-31,True,True,True,True,0.8442,diagnosis_suggestion,7.9,28.1
C02816,basic,W09,2025-05-04,True,True,False,True,0.8359,diagnosis_suggestion,204.9,0.0
C02817,basic,W05,2025-02-27,True,True,True,True,0.6014,quality_flag,46.0,85.84
C02817,basic,W05,2025-02-13,True,True,False,False,0.6924,diagnosis_suggestion,40.0,0.0
C02817,basic,W05,2025-03-19,True,True,True,True,0.9315,coding_recommendation,4.3,59.51
C02818,free,W02,2025-03-19,False,False,False,,,,,0.0
C02818,free,W02,2025-03-31,True,True,True,True,0.7074,coding_recommendation,31.6,30.39
C02818,free,W02,2025-03-22,True,True,True,False,0.6269,diagnosis_suggestion,13.6,-24.59
C02819,free,W01,2025-02-10,False,False,False,,,,,0.0
C02819,free,W01,2025-02-08,False,False,False,,,,,0.0
C02819,free,W01,2025-03-04,True,True,False,True,0.5661,coding_recommendation,28.6,0.0
C02820,basic,W05,2025-03-10,True,True,True,True,0.7203,diagnosis_suggestion,38.8,79.54
C02820,basic,W05,2025-02-01,True,True,True,True,0.7704,diagnosis_suggestion,10.4,43.09
C02820,basic,W05,2025-02-13,True,True,False,True,0.8101,coding_recommendation,23.3,0.0
C02821,pro,W03,2025-02-08,True,True,True,True,0.7424,documentation_gap,32.7,38.46
C02821,pro,W03,2025-02-19,True,True,False,True,0.6786,diagnosis_suggestion,17.7,0.0
C02821,pro,W03,2025-02-26,True,True,True,True,0.8586,coding_recommendation,2.0,35.51
C02821,pro,W03,2025-03-25,True,False,False,False,0.3223,coding_recommendation,,0.0
C02822,basic,W05,2025-04-21,True,True,True,True,0.802,quality_flag,18.2,43.34
C02822,basic,W05,2025-04-17,True,True,True,False,0.6578,diagnosis_suggestion,32.3,-20.55
C02822,basic,W05,2025-04-11,True,False,False,False,0.3,quality_flag,,0.0
C02823,free,W08,2025-03-24,False,False,False,,,,,0.0
C02823,free,W08,2025-04-13,False,False,False,,,,,0.0
C02823,free,W08,2025-05-01,True,True,False,True,0.8738,quality_flag,3.4,0.0
C02824,free,W04,2025-03-08,False,False,False,,,,,0.0
C02824,free,W04,2025-03-09,True,True,True,True,0.7552,coding_recommendation,6.0,40.42
C02824,free,W04,2025-02-09,False,False,False,,,,,0.0
C02825,basic,W06,2025-03-13,False,False,False,,,,,0.0
C02825,basic,W06,2025-03-06,True,False,False,False,0.3,documentation_gap,,0.0
C02825,basic,W06,2025-02-16,False,False,False,,,,,0.0
C02826,basic,W08,2025-03-23,True,True,False,True,0.9054,diagnosis_suggestion,7.6,0.0
C02826,basic,W08,2025-04-21,True,True,True,True,0.8741,diagnosis_suggestion,13.2,37.46
C02826,basic,W08,2025-03-04,False,False,False,,,,,0.0
C02826,basic,W08,2025-05-11,False,False,False,,,,,0.0
C02827,basic,W03,2025-03-22,True,True,True,True,0.7613,documentation_gap,17.5,28.66
C02827,basic,W03,2025-01-15,True,True,False,True,0.5003,documentation_gap,78.7,0.0
C02827,basic,W03,2025-03-02,True,True,True,True,0.755,diagnosis_suggestion,16.3,24.45
C02828,free,W10,2025-04-09,False,False,False,,,,,0.0
C02828,free,W10,2025-04-19,True,True,True,True,0.9202,coding_recommendation,15.9,93.82
C02828,free,W10,2025-04-25,True,True,True,False,0.5331,quality_flag,10.4,-22.08
C02829,free,W12,2025-05-25,False,False,False,,,,,0.0
C02829,free,W12,2025-05-10,True,False,False,False,0.3,diagnosis_suggestion,,0.0
C02829,free,W12,2025-06-04,True,True,False,True,0.8542,diagnosis_suggestion,16.8,0.0
C02829,free,W12,2025-05-10,True,True,False,False,0.5807,documentation_gap,13.9,0.0
C02829,free,W12,2025-04-18,True,True,True,True,0.6242,quality_flag,16.9,110.97
C02829,free,W12,2025-04-14,False,False,False,,,,,0.0
C02830,basic,W08,2025-04-12,True,True,False,True,0.7907,quality_flag,13.5,0.0
C02830,basic,W08,2025-04-12,True,True,True,True,0.7256,documentation_gap,21.0,36.38
C02830,basic,W08,2025-04-25,True,True,False,True,0.8909,coding_recommendation,10.4,0.0
C02831,free,W01,2025-03-15,True,True,False,True,0.5,quality_flag,12.2,0.0
C02831,free,W01,2025-01-07,True,True,False,True,0.8936,documentation_gap,9.8,0.0
C02831,free,W01,2025-02-14,True,False,False,False,0.4974,diagnosis_suggestion,,0.0
C02832,basic,W10,2025-05-27,False,False,False,,,,,0.0
C02832,basic,W10,2025-04-24,True,True,True,True,0.8234,documentation_gap,34.7,58.16
C02832,basic,W10,2025-04-27,True,True,True,True,0.5,quality_flag,7.5,34.24
C02833,basic,W04,2025-01-26,True,True,True,True,0.8973,quality_flag,12.0,31.45
C02833,basic,W04,2025-03-06,False,False,False,,,,,0.0
C02833,basic,W04,2025-02-13,True,True,True,False,0.8226,documentation_gap,13.1,-27.63
C02834,free,W06,2025-04-01,False,False,False,,,,,0.0
C02834,free,W06,2025-03-25,False,False,False,,,,,0.0
C02834,free,W06,2025-02-19,False,False,False,,,,,0.0
C02835,free,W11,2025-05-06,True,True,False,True,0.6646,quality_flag,33.2,0.0
C02835,free,W11,2025-05-10,True,True,False,True,0.8693,quality_flag,25.4,0.0
C02835,free,W11,2025-04-04,True,True,True,True,0.9504,coding_recommendation,37.6,54.65
C02836,free,W04,2025-03-13,True,True,False,True,0.6565,documentation_gap,13.9,0.0
C02836,free,W04,2025-03-13,False,False,False,,,,,0.0
C02836,free,W04,2025-02-21,True,True,True,True,0.554,quality_flag,84.9,115.32
C02836,free,W04,2025-03-23,False,False,False,,,,,0.0
C02837,pro,W07,2025-05-03,True,True,False,True,0.8594,documentation_gap,14.5,0.0
C02837,pro,W07,2025-03-08,True,True,False,True,0.7936,diagnosis_suggestion,3.8,0.0
C02837,pro,W07,2025-03-26,True,True,True,True,0.7565,coding_recommendation,32.1,192.75
C02837,pro,W07,2025-04-21,True,True,False,True,0.6855,diagnosis_suggestion,35.0,0.0
C02837,pro,W07,2025-03-05,True,True,False,True,0.777,quality_flag,9.8,0.0
C02837,pro,W07,2025-04-19,True,True,False,True,0.5297,diagnosis_suggestion,3.0,0.0
C02837,pro,W07,2025-03-04,True,True,True,True,0.6389,documentation_gap,28.1,45.65
C02837,pro,W07,2025-04-12,False,False,False,,,,,0.0
C02837,pro,W07,2025-03-01,True,True,True,True,0.893,coding_recommendation,22.3,72.44
C02838,free,W04,2025-02-07,False,False,False,,,,,0.0
C02838,free,W04,2025-03-10,True,True,False,True,0.7545,documentation_gap,43.0,0.0
C02838,free,W04,2025-03-06,False,False,False,,,,,0.0
C02839,free,W06,2025-03-25,False,False,False,,,,,0.0
C02839,free,W06,2025-03-18,False,False,False,,,,,0.0
C02839,free,W06,2025-03-17,False,False,False,,,,,0.0
C02839,free,W06,2025-04-13,False,False,False,,,,,0.0
C02840,basic,W10,2025-04-19,False,False,False,,,,,0.0
C02840,basic,W10,2025-03-25,True,True,True,True,0.8997,coding_recommendation,23.8,54.17
C02840,basic,W10,2025-05-16,True,True,True,True,0.7916,documentation_gap,10.7,45.1
C02841,free,W04,2025-02-19,False,False,False,,,,,0.0
C02841,free,W04,2025-02-08,False,False,False,,,,,0.0
C02841,free,W04,2025-03-23,True,True,True,True,0.7796,documentation_gap,12.8,68.33
C02842,basic,W06,2025-04-24,True,True,True,True,0.5188,diagnosis_suggestion,33.9,29.32
C02842,basic,W06,2025-04-01,True,False,False,False,0.3155,coding_recommendation,,0.0
C02842,basic,W06,2025-03-04,True,True,False,False,0.637,coding_recommendation,13.2,0.0
C02843,basic,W08,2025-04-25,False,False,False,,,,,0.0
C02843,basic,W08,2025-04-23,True,True,True,True,0.6385,documentation_gap,10.1,31.73
C02843,basic,W08,2025-03-12,True,True,True,True,0.9719,quality_flag,13.3,112.9
C02844,pro,W02,2025-02-24,True,True,True,True,0.8372,documentation_gap,20.3,31.87
C02844,pro,W02,2025-01-11,False,False,False,,,,,0.0
C02844,pro,W02,2025-03-27,False,False,False,,,,,0.0
C02844,pro,W02,2025-01-31,True,True,True,True,0.8504,documentation_gap,22.5,16.3
C02844,pro,W02,2025-01-12,True,True,True,True,0.9198,quality_flag,5.9,41.96
C02845,basic,W05,2025-02-28,False,False,False,,,,,0.0
C02845,basic,W05,2025-03-21,False,False,False,,,,,0.0
C02845,basic,W05,2025-02-05,True,True,True,True,0.7561,diagnosis_suggestion,23.1,81.7
C02845,basic,W05,2025-03-17,True,True,True,True,0.5836,diagnosis_suggestion,17.1,15.48
C02845,basic,W05,2025-04-16,True,True,True,False,0.6375,diagnosis_suggestion,13.3,-11.59
C02846,pro,W12,2025-04-21,False,False,False,,,,,0.0
C02846,pro,W12,2025-05-12,True,True,True,True,0.8236,coding_recommendation,36.4,34.78
C02846,pro,W12,2025-05-22,True,True,False,True,0.9624,documentation_gap,25.5,0.0
C02846,pro,W12,2025-04-15,True,True,False,True,0.6227,diagnosis_suggestion,105.5,0.0
C02847,free,W07,2025-03-01,True,False,False,False,0.4925,coding_recommendation,,0.0
C02847,free,W07,2025-03-27,True,True,True,True,0.9161,diagnosis_suggestion,26.3,139.38
C02847,free,W07,2025-04-04,True,True,False,True,0.8523,quality_flag,3.1,0.0
C02848,free,W05,2025-04-22,False,False,False,,,,,0.0
C02848,free,W05,2025-03-15,True,True,True,True,0.9454,diagnosis_suggestion,9.2,24.24
C02848,free,W05,2025-03-11,True,True,True,True,0.8842,diagnosis_suggestion,103.7,45.76
C02849,free,W07,2025-03-01,False,False,False,,,,,0.0
C02849,free,W07,2025-04-18,False,False,False,,,,,0.0
C02849,free,W07,2025-03-21,False,False,False,,,,,0.0
C02850,basic,W03,2025-01-23,True,False,False,False,0.3979,documentation_gap,,0.0
C02850,basic,W03,2025-03-27,True,True,True,True,0.7278,coding_recommendation,23.4,161.28
C02850,basic,W03,2025-02-13,True,True,True,True,0.8532,documentation_gap,68.6,24.07
C02851,free,W11,2025-04-08,True,False,False,False,0.4234,diagnosis_suggestion,,0.0
C02851,free,W11,2025-04-25,True,False,False,False,0.4232,diagnosis_suggestion,,0.0
C02851,free,W11,2025-05-02,False,False,False,,,,,0.0
C02852,free,W04,2025-02-09,True,False,False,False,0.3702,diagnosis_suggestion,,0.0
C02852,free,W04,2025-04-02,False,False,False,,,,,0.0
C02852,free,W04,2025-03-03,True,True,True,False,0.5452,quality_flag,48.4,-14.63
C02853,basic,W05,2025-04-09,True,True,False,True,0.8268,diagnosis_suggestion,18.0,0.0
C02853,basic,W05,2025-02-10,True,False,False,False,0.4399,diagnosis_suggestion,,0.0
C02853,basic,W05,2025-02-13,True,True,True,True,0.9491,quality_flag,4.9,30.87
C02854,pro,W12,2025-03-24,True,True,True,True,0.8934,documentation_gap,23.4,26.78
C02854,pro,W12,2025-04-16,True,True,True,True,0.9498,documentation_gap,66.1,76.21
C02854,pro,W12,2025-06-09,True,True,True,True,0.7828,documentation_gap,18.3,98.02
C02855,free,W11,2025-05-09,False,False,False,,,,,0.0
C02855,free,W11,2025-05-29,True,True,False,True,0.8275,diagnosis_suggestion,16.7,0.0
C02855,free,W11,2025-04-27,False,False,False,,,,,0.0
C02856,pro,W03,2025-03-06,True,True,True,True,0.7398,diagnosis_suggestion,36.4,153.61
C02856,pro,W03,2025-03-31,True,False,False,False,0.4576,documentation_gap,,0.0
C02856,pro,W03,2025-01-16,True,False,False,False,0.3,coding_recommendation,,0.0
C02857,basic,W06,2025-03-02,True,True,True,True,0.9431,diagnosis_suggestion,120.6,36.07
C02857,basic,W06,2025-03-21,True,False,False,False,0.4031,quality_flag,,0.0
C02857,basic,W06,2025-04-13,True,True,True,True,0.7553,diagnosis_suggestion,8.0,30.52
C02858,pro,W10,2025-05-24,True,True,True,True,0.6025,quality_flag,41.4,40.59
C02858,pro,W10,2025-04-30,True,True,False,True,0.8228,coding_recommendation,8.9,0.0
C02858,pro,W10,2025-04-23,True,True,True,True,0.8671,diagnosis_suggestion,18.0,99.23
C02859,free,W12,2025-05-09,False,False,False,,,,,0.0
C02859,free,W12,2025-04-23,True,True,False,True,0.7009,documentation_gap,29.4,0.0
C02859,free,W12,2025-06-04,True,True,True,True,0.9055,coding_recommendation,28.6,92.44
C02860,free,W07,2025-02-12,False,False,False,,,,,0.0
C02860,free,W07,2025-03-05,True,True,False,True,0.9469,documentation_gap,12.8,0.0
C02860,free,W07,2025-03-07,True,True,True,True,0.8034,coding_recommendation,18.2,78.26
C02861,pro,W06,2025-04-18,True,True,True,True,0.6172,diagnosis_suggestion,4.3,55.28
C02861,pro,W06,2025-04-29,True,True,True,True,0.9793,coding_recommendation,52.5,39.68
C02861,pro,W06,2025-04-12,False,False,False,,,,,0.0
C02862,pro,W06,2025-04-29,True,True,True,True,0.905,documentation_gap,21.9,22.52
C02862,pro,W06,2025-04-23,True,True,True,True,0.8884,documentation_gap,46.2,130.92
C02862,pro,W06,2025-04-23,True,True,True,True,0.7953,diagnosis_suggestion,10.2,39.56
C02863,free,W05,2025-02-16,False,False,False,,,,,0.0
C02863,free,W05,2025-04-08,True,True,True,True,0.7472,coding_recommendation,13.8,43.35
C02863,free,W05,2025-01-31,False,False,False,,,,,0.0
C02863,free,W05,2025-02-23,True,False,False,False,0.3114,coding_recommendation,,0.0
C02864,basic,W06,2025-04-16,False,False,False,,,,,0.0
C02864,basic,W06,2025-04-17,True,True,False,True,0.8589,quality_flag,16.2,0.0
C02864,basic,W06,2025-03-08,True,True,True,True,0.9157,quality_flag,35.9,20.02
C02865,pro,W06,2025-04-23,True,True,True,True,0.6418,diagnosis_suggestion,22.2,40.29
C02865,pro,W06,2025-02-13,True,False,False,False,0.3155,coding_recommendation,,0.0
C02865,pro,W06,2025-04-25,True,True,True,False,0.5505,quality_flag,15.2,-15.69
C02866,basic,W10,2025-05-19,True,False,False,False,0.3,documentation_gap,,0.0
C02866,basic,W10,2025-04-18,True,True,True,True,0.6953,diagnosis_suggestion,9.1,60.12
C02866,basic,W10,2025-05-18,True,True,False,True,0.5,quality_flag,18.0,0.0
C02867,free,W08,2025-04-20,True,True,True,True,0.8593,diagnosis_suggestion,5.6,16.88
C02867,free,W08,2025-04-03,True,True,True,True,0.8489,coding_recommendation,6.5,24.1
C02867,free,W08,2025-05-04,True,True,False,True,0.8957,documentation_gap,33.9,0.0
C02868,pro,W01,2025-02-15,True,True,True,False,0.5362,coding_recommendation,33.3,-39.29
C02868,pro,W01,2025-03-15,True,False,False,False,0.3955,coding_recommendation,,0.0
C02868,pro,W01,2025-01-03,True,True,False,True,0.6846,coding_recommendation,17.7,0.0
C02869,basic,W02,2025-03-12,False,False,False,,,,,0.0
C02869,basic,W02,2025-02-17,True,True,True,False,0.7114,diagnosis_suggestion,23.6,-12.49
C02869,basic,W02,2025-03-15,True,True,False,True,0.6073,coding_recommendation,9.3,0.0
C02870,free,W06,2025-04-03,False,False,False,,,,,0.0
C02870,free,W06,2025-02-10,True,True,True,True,0.9447,quality_flag,7.9,69.76
C02870,free,W06,2025-04-20,False,False,False,,,,,0.0
C02871,basic,W06,2025-04-20,True,True,True,True,0.6191,documentation_gap,9.3,86.27
C02871,basic,W06,2025-02-20,False,False,False,,,,,0.0
C02871,basic,W06,2025-03-14,False,False,False,,,,,0.0
C02872,free,W07,2025-05-05,True,True,False,False,0.5833,coding_recommendation,4.4,0.0
C02872,free,W07,2025-04-09,True,False,False,False,0.3848,quality_flag,,0.0
C02872,free,W07,2025-03-11,False,False,False,,,,,0.0
C02873,pro,W01,2025-03-01,True,True,True,True,0.8289,diagnosis_suggestion,9.1,20.57
C02873,pro,W01,2025-01-20,False,False,False,,,,,0.0
C02873,pro,W01,2025-02-05,True,False,False,False,0.4885,diagnosis_suggestion,,0.0
C02874,free,W06,2025-04-22,True,True,True,True,0.8948,coding_recommendation,18.6,88.23
C02874,free,W06,2025-03-03,True,True,False,False,0.6439,coding_recommendation,43.9,0.0
C02874,free,W06,2025-04-13,False,False,False,,,,,0.0
C02875,free,W08,2025-03-21,True,True,True,True,0.8638,diagnosis_suggestion,4.1,64.74
C02875,free,W08,2025-02-25,False,False,False,,,,,0.0
C02875,free,W08,2025-03-23,False,False,False,,,,,0.0
C02876,free,W03,2025-02-21,False,False,False,,,,,0.0
C02876,free,W03,2025-01-20,False,False,False,,,,,0.0
C02876,free,W03,2025-03-11,True,True,True,True,0.9822,diagnosis_suggestion,46.4,32.08
C02877,pro,W04,2025-03-11,True,True,True,True,0.9047,quality_flag,8.0,38.67
C02877,pro,W04,2025-01-24,True,True,True,True,0.7888,diagnosis_suggestion,26.1,65.42
C02877,pro,W04,2025-03-03,True,True,True,True,0.8832,coding_recommendation,12.5,25.46
C02878,basic,W01,2025-02-15,False,False,False,,,,,0.0
C02878,basic,W01,2025-03-10,True,True,True,True,0.9068,diagnosis_suggestion,16.3,87.85
C02878,basic,W01,2025-02-28,False,False,False,,,,,0.0
C02879,basic,W03,2025-03-22,True,True,False,True,0.8467,documentation_gap,26.6,0.0
C02879,basic,W03,2025-01-19,False,False,False,,,,,0.0
C02879,basic,W03,2025-04-01,True,True,True,True,0.7709,quality_flag,7.9,57.14
C02880,basic,W07,2025-03-22,True,True,True,True,0.8125,documentation_gap,29.0,88.86
C02880,basic,W07,2025-05-05,True,True,False,True,0.7257,quality_flag,61.3,0.0
C02880,basic,W07,2025-04-28,True,True,True,True,0.6509,documentation_gap,130.9,130.56
C02881,free,W09,2025-05-01,False,False,False,,,,,0.0
C02881,free,W09,2025-04-20,True,True,False,True,0.6308,diagnosis_suggestion,16.4,0.0
C02881,free,W09,2025-04-28,False,False,False,,,,,0.0
C02881,free,W09,2025-03-03,True,True,True,True,0.8156,documentation_gap,29.5,168.73
C02882,free,W02,2025-03-22,False,False,False,,,,,0.0
C02882,free,W02,2025-04-01,True,True,False,True,0.99,documentation_gap,25.8,0.0
C02882,free,W02,2025-02-27,False,False,False,,,,,0.0
C02883,basic,W12,2025-05-24,True,True,True,True,0.8078,coding_recommendation,11.3,59.51
C02883,basic,W12,2025-06-09,True,True,False,True,0.6763,diagnosis_suggestion,6.2,0.0
C02883,basic,W12,2025-04-24,True,True,True,True,0.6167,quality_flag,26.5,101.2
C02884,free,W06,2025-03-15,False,False,False,,,,,0.0
C02884,free,W06,2025-03-04,False,False,False,,,,,0.0
C02884,free,W06,2025-04-14,True,True,True,True,0.8898,coding_recommendation,8.9,22.79
C02885,basic,W07,2025-04-17,True,False,False,False,0.4721,documentation_gap,,0.0
C02885,basic,W07,2025-03-04,True,True,False,True,0.7977,diagnosis_suggestion,26.0,0.0
C02885,basic,W07,2025-03-07,False,False,False,,,,,0.0
C02886,free,W02,2025-01-15,True,True,True,True,0.748,documentation_gap,10.8,44.89
C02886,free,W02,2025-03-05,False,False,False,,,,,0.0
C02886,free,W02,2025-03-07,False,False,False,,,,,0.0
C02886,free,W02,2025-03-22,True,True,False,True,0.7955,documentation_gap,13.0,0.0
C02886,free,W02,2025-01-16,False,False,False,,,,,0.0
C02886,free,W02,2025-03-10,True,True,False,False,0.5068,diagnosis_suggestion,35.6,0.0
C02887,pro,W08,2025-03-19,True,True,True,False,0.8139,diagnosis_suggestion,88.3,-28.22
C02887,pro,W08,2025-02-20,True,True,True,True,0.8436,diagnosis_suggestion,31.3,58.24
C02887,pro,W08,2025-04-03,True,True,True,True,0.6097,documentation_gap,33.2,53.26
C02888,free,W02,2025-03-21,False,False,False,,,,,0.0
C02888,free,W02,2025-03-15,True,True,True,True,0.8218,documentation_gap,96.2,41.49
C02888,free,W02,2025-02-02,True,False,False,False,0.3325,documentation_gap,,0.0
C02889,pro,W12,2025-06-09,True,True,True,True,0.5838,quality_flag,19.2,290.52
C02889,pro,W12,2025-05-22,True,True,True,True,0.8875,diagnosis_suggestion,8.7,34.55
C02889,pro,W12,2025-05-03,True,True,False,True,0.7679,coding_recommendation,26.5,0.0
C02889,pro,W12,2025-03-30,True,True,False,True,0.8086,documentation_gap,5.6,0.0
C02889,pro,W12,2025-04-22,True,True,False,True,0.7054,quality_flag,17.9,0.0
C02889,pro,W12,2025-06-07,True,True,False,True,0.679,quality_flag,27.3,0.0
C02889,pro,W12,2025-05-17,True,True,True,True,0.9282,diagnosis_suggestion,23.6,54.18
C02890,free,W10,2025-04-04,False,False,False,,,,,0.0
C02890,free,W10,2025-05-24,True,True,False,False,0.6883,documentation_gap,47.4,0.0
C02890,free,W10,2025-05-01,False,False,False,,,,,0.0
C02890,free,W10,2025-05-12,False,False,False,,,,,0.0
C02891,pro,W05,2025-03-02,True,False,False,False,0.3974,coding_recommendation,,0.0
C02891,pro,W05,2025-04-07,True,True,True,False,0.5583,documentation_gap,14.4,-30.8
C02891,pro,W05,2025-04-14,True,True,True,True,0.7086,documentation_gap,16.7,56.3
C02892,basic,W10,2025-05-02,False,False,False,,,,,0.0
C02892,basic,W10,2025-05-08,True,True,True,True,0.9553,coding_recommendation,9.7,162.08
C02892,basic,W10,2025-05-17,True,True,False,True,0.7813,coding_recommendation,24.0,0.0
C02893,basic,W10,2025-04-18,False,False,False,,,,,0.0
C02893,basic,W10,2025-05-22,False,False,False,,,,,0.0
C02893,basic,W10,2025-03-15,True,True,True,True,0.8492,diagnosis_suggestion,29.1,51.64
C02894,free,W06,2025-03-07,False,False,False,,,,,0.0
C02894,free,W06,2025-02-18,True,False,False,False,0.3,documentation_gap,,0.0
C02894,free,W06,2025-03-24,False,False,False,,,,,0.0
C02895,free,W01,2025-01-04,False,False,False,,,,,0.0
C02895,free,W01,2025-02-12,True,True,False,False,0.54,diagnosis_suggestion,19.5,0.0
C02895,free,W01,2025-01-03,False,False,False,,,,,0.0
C02896,pro,W07,2025-05-05,True,True,True,True,0.5699,diagnosis_suggestion,16.7,161.0
C02896,pro,W07,2025-02-26,True,True,True,True,0.8176,quality_flag,26.2,57.66
C02896,pro,W07,2025-03-06,True,True,True,True,0.7776,documentation_gap,16.7,175.79
C02897,basic,W06,2025-03-07,True,True,False,True,0.841,quality_flag,20.9,0.0
C02897,basic,W06,2025-02-13,True,True,True,True,0.8691,documentation_gap,26.6,77.77
C02897,basic,W06,2025-02-10,True,True,True,True,0.8444,diagnosis_suggestion,29.4,98.12
C02897,basic,W06,2025-02-10,True,True,False,True,0.8989,coding_recommendation,31.4,0.0
C02897,basic,W06,2025-03-26,True,True,True,True,0.5684,diagnosis_suggestion,72.8,66.15
C02897,basic,W06,2025-03-14,True,True,False,True,0.8081,coding_recommendation,37.8,0.0
C02897,basic,W06,2025-02-06,True,True,True,True,0.9047,documentation_gap,26.3,47.99
C02897,basic,W06,2025-04-22,False,False,False,,,,,0.0
C02898,basic,W04,2025-03-30,True,False,False,False,0.408,coding_recommendation,,0.0
C02898,basic,W04,2025-03-31,True,True,True,True,0.8075,diagnosis_suggestion,75.6,73.1
C02898,basic,W04,2025-03-18,True,True,True,True,0.8026,coding_recommendation,4.0,323.41
C02899,basic,W02,2025-01-26,False,False,False,,,,,0.0
C02899,basic,W02,2025-03-31,False,False,False,,,,,0.0
C02899,basic,W02,2025-03-15,True,True,True,True,0.5933,documentation_gap,34.3,16.86
C02900,free,W06,2025-03-19,False,False,False,,,,,0.0
C02900,free,W06,2025-04-04,False,False,False,,,,,0.0
C02900,free,W06,2025-04-18,True,True,False,False,0.5249,documentation_gap,18.9,0.0
C02900,free,W06,2025-02-24,False,False,False,,,,,0.0
C02901,basic,W09,2025-03-08,True,True,True,True,0.7598,documentation_gap,11.0,11.55
C02901,basic,W09,2025-05-19,False,False,False,,,,,0.0
C02901,basic,W09,2025-04-27,True,True,True,True,0.774,diagnosis_suggestion,2.9,74.16
C02902,free,W08,2025-03-21,True,True,False,False,0.6458,documentation_gap,8.8,0.0
C02902,free,W08,2025-03-30,True,True,False,True,0.6291,coding_recommendation,40.5,0.0
C02902,free,W08,2025-03-08,True,True,True,False,0.6783,diagnosis_suggestion,10.9,-38.53
C02903,basic,W10,2025-04-16,True,True,True,False,0.5659,quality_flag,20.1,-51.6
C02903,basic,W10,2025-03-18,True,True,False,True,0.8362,documentation_gap,8.4,0.0
C02903,basic,W10,2025-05-02,False,False,False,,,,,0.0
C02904,pro,W06,2025-04-02,True,True,False,True,0.9038,coding_recommendation,11.8,0.0
C02904,pro,W06,2025-02-22,True,True,True,True,0.9114,coding_recommendation,38.3,43.69
C02904,pro,W06,2025-03-02,True,True,True,True,0.9431,diagnosis_suggestion,47.1,48.47
C02905,free,W05,2025-02-09,True,True,True,True,0.9152,quality_flag,16.6,57.76
C02905,free,W05,2025-04-12,False,False,False,,,,,0.0
C02905,free,W05,2025-04-10,False,False,False,,,,,0.0
C02906,basic,W10,2025-05-07,True,True,True,True,0.8209,coding_recommendation,48.0,31.58
C02906,basic,W10,2025-03-29,True,True,True,True,0.8028,coding_recommendation,17.0,126.06
C02906,basic,W10,2025-04-15,True,True,True,True,0.6561,coding_recommendation,10.5,28.06
C02907,free,W07,2025-04-02,False,False,False,,,,,0.0
C02907,free,W07,2025-02-24,False,False,False,,,,,0.0
C02907,free,W07,2025-04-25,False,False,False,,,,,0.0
C02907,free,W07,2025-04-10,False,False,False,,,,,0.0
C02907,free,W07,2025-04-03,True,True,False,True,0.9561,diagnosis_suggestion,10.6,0.0
C02908,basic,W03,2025-02-03,True,True,False,True,0.957,quality_flag,9.3,0.0
C02908,basic,W03,2025-03-03,True,True,False,True,0.7923,diagnosis_suggestion,63.6,0.0
C02908,basic,W03,2025-04-08,False,False,False,,,,,0.0
C02909,free,W09,2025-03-30,True,True,True,True,0.5925,diagnosis_suggestion,11.9,71.3
C02909,free,W09,2025-04-16,False,False,False,,,,,0.0
C02909,free,W09,2025-04-26,False,False,False,,,,,0.0
C02910,pro,W06,2025-04-28,True,False,False,False,0.349,diagnosis_suggestion,,0.0
C02910,pro,W06,2025-02-18,False,False,False,,,,,0.0
C02910,pro,W06,2025-03-01,True,True,True,True,0.7534,documentation_gap,4.0,36.72
C02911,pro,W11,2025-04-04,True,True,False,True,0.679,documentation_gap,4.8,0.0
C02911,pro,W11,2025-05-22,True,True,True,True,0.9759,documentation_gap,32.8,59.55
C02911,pro,W11,2025-03-20,False,False,False,,,,,0.0
C02912,free,W02,2025-02-03,False,False,False,,,,,0.0
C02912,free,W02,2025-01-23,False,False,False,,,,,0.0
C02912,free,W02,2025-03-09,True,True,True,True,0.9379,coding_recommendation,15.8,44.22
C02913,free,W05,2025-04-14,True,True,True,True,0.6603,diagnosis_suggestion,63.0,52.23
C02913,free,W05,2025-02-07,True,True,False,True,0.8142,diagnosis_suggestion,32.5,0.0
C02913,free,W05,2025-03-17,False,False,False,,,,,0.0
C02914,pro,W09,2025-03-22,True,False,False,False,0.3596,coding_recommendation,,0.0
C02914,pro,W09,2025-04-19,True,True,False,True,0.6649,diagnosis_suggestion,63.2,0.0
C02914,pro,W09,2025-03-08,True,True,True,True,0.8343,documentation_gap,18.9,29.21
C02915,free,W06,2025-02-09,False,False,False,,,,,0.0
C02915,free,W06,2025-03-12,False,False,False,,,,,0.0
C02915,free,W06,2025-04-02,True,False,False,False,0.3467,coding_recommendation,,0.0
C02916,free,W09,2025-04-19,False,False,False,,,,,0.0
C02916,free,W09,2025-05-16,False,False,False,,,,,0.0
C02916,free,W09,2025-04-22,False,False,False,,,,,0.0
C02917,basic,W01,2025-03-16,True,True,False,True,0.8121,diagnosis_suggestion,32.1,0.0
C02917,basic,W01,2025-03-13,True,False,False,False,0.3,documentation_gap,,0.0
C02917,basic,W01,2025-01-03,True,False,False,False,0.4211,quality_flag,,0.0
C02918,pro,W11,2025-04-04,True,True,True,True,0.836,coding_recommendation,147.0,60.5
C02918,pro,W11,2025-05-04,True,True,False,True,0.7349,quality_flag,13.2,0.0
C02918,pro,W11,2025-04-23,True,True,False,True,0.8883,diagnosis_suggestion,20.3,0.0
C02919,free,W02,2025-03-08,True,False,False,False,0.3481,documentation_gap,,0.0
C02919,free,W02,2025-03-22,True,True,True,True,0.8753,diagnosis_suggestion,19.1,23.23
C02919,free,W02,2025-03-10,False,False,False,,,,,0.0
C02920,free,W09,2025-04-27,True,True,False,False,0.6574,documentation_gap,13.3,0.0
C02920,free,W09,2025-04-11,False,False,False,,,,,0.0
C02920,free,W09,2025-03-18,True,True,False,True,0.8316,diagnosis_suggestion,28.9,0.0
C02920,free,W09,2025-03-14,False,False,False,,,,,0.0
C02920,free,W09,2025-03-24,True,True,True,False,0.5213,documentation_gap,3.1,-16.84
C02920,free,W09,2025-03-28,False,False,False,,,,,0.0
C02921,basic,W09,2025-04-14,True,True,True,True,0.8904,coding_recommendation,5.4,87.85
C02921,basic,W09,2025-03-21,False,False,False,,,,,0.0
C02921,basic,W09,2025-03-21,False,False,False,,,,,0.0
C02922,free,W01,2025-02-04,False,False,False,,,,,0.0
C02922,free,W01,2025-02-16,True,False,False,False,0.3495,quality_flag,,0.0
C02922,free,W01,2025-01-24,True,True,True,True,0.9462,diagnosis_suggestion,27.7,21.57
C02923,basic,W11,2025-05-29,True,True,True,True,0.831,quality_flag,9.1,87.03
C02923,basic,W11,2025-04-27,True,True,True,True,0.9013,diagnosis_suggestion,125.6,58.07
C02923,basic,W11,2025-03-17,True,False,False,False,0.441,documentation_gap,,0.0
C02924,pro,W05,2025-03-07,True,True,True,True,0.9725,diagnosis_suggestion,14.3,62.59
C02924,pro,W05,2025-03-31,True,True,False,False,0.828,documentation_gap,35.0,0.0
C02924,pro,W05,2025-02-05,True,True,False,True,0.611,coding_recommendation,30.3,0.0
C02925,free,W06,2025-04-04,True,False,False,False,0.3,diagnosis_suggestion,,0.0
C02925,free,W06,2025-04-05,True,True,True,True,0.8366,quality_flag,55.9,22.09
C02925,free,W06,2025-03-27,False,False,False,,,,,0.0
C02926,free,W05,2025-03-06,False,False,False,,,,,0.0
C02926,free,W05,2025-04-02,False,False,False,,,,,0.0
C02926,free,W05,2025-03-03,True,True,False,True,0.7777,quality_flag,4.4,0.0
C02927,pro,W11,2025-05-05,True,True,False,True,0.767,diagnosis_suggestion,48.7,0.0
C02927,pro,W11,2025-03-12,True,True,False,True,0.892,diagnosis_suggestion,4.4,0.0
C02927,pro,W11,2025-05-01,True,True,True,True,0.9651,documentation_gap,27.8,98.45
C02928,free,W10,2025-03-26,False,False,False,,,,,0.0
C02928,free,W10,2025-04-17,False,False,False,,,,,0.0
C02928,free,W10,2025-03-16,True,True,True,True,0.6658,diagnosis_suggestion,6.5,45.68
C02929,basic,W03,2025-03-02,True,True,False,True,0.8119,quality_flag,22.3,0.0
C02929,basic,W03,2025-02-12,False,False,False,,,,,0.0
C02929,basic,W03,2025-02-19,True,True,True,True,0.6279,quality_flag,26.5,51.05
C02930,free,W06,2025-04-28,True,True,True,False,0.5138,diagnosis_suggestion,27.0,-14.59
C02930,free,W06,2025-03-05,False,False,False,,,,,0.0
C02930,free,W06,2025-03-05,False,False,False,,,,,0.0
C02931,free,W09,2025-03-24,False,False,False,,,,,0.0
C02931,free,W09,2025-04-04,False,False,False,,,,,0.0
C02931,free,W09,2025-04-17,True,True,False,True,0.8766,diagnosis_suggestion,33.1,0.0
C02932,free,W10,2025-04-22,False,False,False,,,,,0.0
C02932,free,W10,2025-04-28,False,False,False,,,,,0.0
C02932,free,W10,2025-05-11,False,False,False,,,,,0.0
C02932,free,W10,2025-05-05,True,True,False,True,0.8994,diagnosis_suggestion,12.6,0.0
C02932,free,W10,2025-04-15,True,True,True,True,0.7283,documentation_gap,34.8,60.01
C02933,free,W04,2025-02-15,True,False,False,False,0.3,documentation_gap,,0.0
C02933,free,W04,2025-01-24,False,False,False,,,,,0.0
C02933,free,W04,2025-04-12,False,False,False,,,,,0.0
C02933,free,W04,2025-02-05,False,False,False,,,,,0.0
C02933,free,W04,2025-02-20,False,False,False,,,,,0.0
C02933,free,W04,2025-02-16,True,True,False,False,0.6545,diagnosis_suggestion,18.4,0.0
C02934,free,W02,2025-03-24,True,True,True,False,0.5479,diagnosis_suggestion,12.9,-45.73
C02934,free,W02,2025-02-20,True,True,True,True,0.9629,documentation_gap,28.1,18.13
C02934,free,W02,2025-03-24,False,False,False,,,,,0.0
C02935,free,W03,2025-03-30,True,True,False,True,0.9889,quality_flag,11.4,0.0
C02935,free,W03,2025-03-29,True,True,False,False,0.735,documentation_gap,15.2,0.0
C02935,free,W03,2025-03-25,False,False,False,,,,,0.0
C02936,free,W07,2025-04-10,False,False,False,,,,,0.0
C02936,free,W07,2025-03-26,True,True,True,True,0.6845,coding_recommendation,20.7,39.69
C02936,free,W07,2025-04-22,True,False,False,False,0.3626,diagnosis_suggestion,,0.0
C02937,pro,W01,2025-01-11,False,False,False,,,,,0.0
C02937,pro,W01,2025-02-18,True,False,False,False,0.4873,documentation_gap,,0.0
C02937,pro,W01,2025-01-30,True,True,False,False,0.5944,documentation_gap,36.7,0.0
C02937,pro,W01,2025-03-03,True,True,True,True,0.8218,coding_recommendation,77.4,19.98
C02937,pro,W01,2025-03-08,False,False,False,,,,,0.0
C02937,pro,W01,2025-01-08,True,True,True,True,0.8444,coding_recommendation,80.8,21.72
C02937,pro,W01,2025-03-06,True,True,True,True,0.8008,diagnosis_suggestion,20.3,128.03
C02937,pro,W01,2025-01-30,True,False,False,False,0.4796,diagnosis_suggestion,,0.0
C02937,pro,W01,2025-03-24,True,True,True,False,0.5404,quality_flag,8.7,-27.48
C02938,pro,W07,2025-02-12,True,True,True,True,0.9618,coding_recommendation,37.1,167.35
C02938,pro,W07,2025-05-04,True,True,False,True,0.7452,coding_recommendation,10.9,0.0
C02938,pro,W07,2025-03-02,True,True,False,True,0.7133,diagnosis_suggestion,44.8,0.0
C02939,free,W10,2025-03-23,False,False,False,,,,,0.0
C02939,free,W10,2025-03-22,True,True,True,True,0.8196,diagnosis_suggestion,36.1,56.22
C02939,free,W10,2025-03-27,True,True,True,True,0.8655,coding_recommendation,9.1,31.34
C02940,free,W10,2025-04-28,True,True,False,True,0.8259,coding_recommendation,13.2,0.0
C02940,free,W10,2025-04-06,True,True,True,False,0.5712,coding_recommendation,17.3,-22.29
C02940,free,W10,2025-05-10,True,True,False,True,0.7702,diagnosis_suggestion,34.1,0.0
C02941,basic,W12,2025-04-02,True,True,True,True,0.8924,documentation_gap,8.5,33.93
C02941,basic,W12,2025-05-13,False,False,False,,,,,0.0
C02941,basic,W12,2025-05-09,False,False,False,,,,,0.0
C02942,free,W07,2025-02-20,False,False,False,,,,,0.0
C02942,free,W07,2025-02-28,True,True,False,False,0.8106,coding_recommendation,9.2,0.0
C02942,free,W07,2025-04-10,True,True,True,True,0.8992,documentation_gap,20.6,152.46
C02943,free,W10,2025-04-28,True,True,False,True,0.7846,coding_recommendation,7.5,0.0
C02943,free,W10,2025-04-17,True,True,True,True,0.6134,coding_recommendation,9.3,60.8
C02943,free,W10,2025-03-06,True,False,False,False,0.3033,diagnosis_suggestion,,0.0
C02944,pro,W10,2025-04-14,True,False,False,False,0.4982,diagnosis_suggestion,,0.0
C02944,pro,W10,2025-05-02,True,True,True,True,0.7081,quality_flag,15.7,54.38
C02944,pro,W10,2025-03-19,True,True,True,True,0.5,quality_flag,16.4,52.93
C02945,free,W06,2025-04-21,True,True,True,True,0.8623,coding_recommendation,40.2,67.67
C02945,free,W06,2025-02-09,False,False,False,,,,,0.0
C02945,free,W06,2025-03-21,True,True,True,True,0.8698,documentation_gap,14.3,69.48
C02946,free,W02,2025-03-16,False,False,False,,,,,0.0
C02946,free,W02,2025-03-04,False,False,False,,,,,0.0
C02946,free,W02,2025-02-28,False,False,False,,,,,0.0
C02947,free,W01,2025-01-14,True,True,False,True,0.9009,documentation_gap,20.5,0.0
C02947,free,W01,2025-02-17,False,False,False,,,,,0.0
C02947,free,W01,2025-03-18,False,False,False,,,,,0.0
C02948,free,W03,2025-01-24,True,True,False,False,0.5759,documentation_gap,6.4,0.0
C02948,free,W03,2025-03-22,False,False,False,,,,,0.0
C02948,free,W03,2025-01-23,True,True,True,True,0.7549,coding_recommendation,25.9,26.02
C02949,free,W09,2025-03-27,False,False,False,,,,,0.0
C02949,free,W09,2025-04-24,False,False,False,,,,,0.0
C02949,free,W09,2025-05-15,True,True,True,True,0.7983,coding_recommendation,8.1,39.36
C02950,free,W10,2025-04-11,True,True,True,True,0.7206,diagnosis_suggestion,25.1,52.88
C02950,free,W10,2025-04-28,True,False,False,False,0.4712,diagnosis_suggestion,,0.0
C02950,free,W10,2025-04-09,False,False,False,,,,,0.0
C02950,free,W10,2025-05-01,True,True,True,True,0.9513,documentation_gap,4.6,49.26
C02950,free,W10,2025-03-25,False,False,False,,,,,0.0
C02950,free,W10,2025-03-05,True,True,True,True,0.7434,documentation_gap,41.4,27.89
C02950,free,W10,2025-05-25,True,True,True,True,0.6601,quality_flag,30.6,32.48
C02951,basic,W05,2025-03-20,True,True,True,False,0.7643,quality_flag,16.2,-13.49
C02951,basic,W05,2025-03-19,True,True,True,True,0.7656,quality_flag,61.1,74.31
C02951,basic,W05,2025-04-22,True,True,True,True,0.5,diagnosis_suggestion,191.8,128.67
C02952,free,W05,2025-04-02,False,False,False,,,,,0.0
C02952,free,W05,2025-03-10,True,True,False,True,0.8149,diagnosis_suggestion,60.4,0.0
C02952,free,W05,2025-02-23,True,True,True,True,0.8424,documentation_gap,21.8,25.93
C02953,free,W10,2025-04-16,True,True,True,True,0.7646,documentation_gap,27.1,66.28
C02953,free,W10,2025-05-18,False,False,False,,,,,0.0
C02953,free,W10,2025-05-02,True,True,True,False,0.5318,diagnosis_suggestion,16.0,-17.65
C02954,free,W10,2025-03-30,False,False,False,,,,,0.0
C02954,free,W10,2025-04-19,True,True,True,True,0.7995,quality_flag,20.1,44.25
C02954,free,W10,2025-03-25,False,False,False,,,,,0.0
C02955,free,W04,2025-02-23,False,False,False,,,,,0.0
C02955,free,W04,2025-03-01,False,False,False,,,,,0.0
C02955,free,W04,2025-03-09,False,False,False,,,,,0.0
C02956,pro,W04,2025-04-05,True,True,False,True,0.8292,diagnosis_suggestion,63.7,0.0
C02956,pro,W04,2025-02-08,True,False,False,False,0.4162,coding_recommendation,,0.0
C02956,pro,W04,2025-03-10,True,True,False,True,0.8569,coding_recommendation,49.8,0.0
C02956,pro,W04,2025-02-26,True,True,True,True,0.8744,documentation_gap,15.4,29.81
C02956,pro,W04,2025-02-20,True,True,True,False,0.7099,documentation_gap,42.5,-32.84
C02957,basic,W07,2025-04-14,True,True,True,True,0.6011,diagnosis_suggestion,20.8,50.85
C02957,basic,W07,2025-04-21,True,True,True,True,0.9761,coding_recommendation,34.4,104.17
C02957,basic,W07,2025-02-12,False,False,False,,,,,0.0
C02958,free,W11,2025-04-27,False,False,False,,,,,0.0
C02958,free,W11,2025-04-19,True,True,True,False,0.5203,documentation_gap,40.1,-19.28
C02958,free,W11,2025-03-21,False,False,False,,,,,0.0
C02959,pro,W10,2025-03-29,False,False,False,,,,,0.0
C02959,pro,W10,2025-03-22,False,False,False,,,,,0.0
C02959,pro,W10,2025-05-03,True,True,True,True,0.7427,coding_recommendation,10.0,89.1
C02960,free,W02,2025-02-04,False,False,False,,,,,0.0
C02960,free,W02,2025-01-30,False,False,False,,,,,0.0
C02960,free,W02,2025-01-31,True,True,True,True,0.8961,documentation_gap,30.3,87.76
C02961,free,W07,2025-03-17,True,True,False,True,0.8785,diagnosis_suggestion,30.2,0.0
C02961,free,W07,2025-04-26,True,True,False,False,0.5677,diagnosis_suggestion,23.1,0.0
C02961,free,W07,2025-03-08,False,False,False,,,,,0.0
C02962,pro,W04,2025-02-02,True,True,True,True,0.771,documentation_gap,20.4,141.52
C02962,pro,W04,2025-03-29,True,True,False,True,0.9071,quality_flag,6.7,0.0
C02962,pro,W04,2025-03-07,True,True,False,False,0.6462,quality_flag,9.7,0.0
C02963,free,W06,2025-02-10,True,True,True,True,0.6632,coding_recommendation,78.4,54.51
C02963,free,W06,2025-04-24,True,True,False,True,0.7682,diagnosis_suggestion,7.6,0.0
C02963,free,W06,2025-03-29,True,False,False,False,0.3895,coding_recommendation,,0.0
C02963,free,W06,2025-02-06,True,True,True,True,0.626,documentation_gap,32.8,106.36
C02964,pro,W01,2025-03-07,False,False,False,,,,,0.0
C02964,pro,W01,2025-02-14,True,True,True,True,0.7345,documentation_gap,18.5,69.24
C02964,pro,W01,2025-02-17,True,True,False,True,0.7713,diagnosis_suggestion,84.5,0.0
C02965,free,W12,2025-05-21,True,True,False,True,0.7699,documentation_gap,11.2,0.0
C02965,free,W12,2025-06-10,False,False,False,,,,,0.0
C02965,free,W12,2025-04-17,False,False,False,,,,,0.0
C02965,free,W12,2025-05-01,False,False,False,,,,,0.0
C02965,free,W12,2025-06-02,False,False,False,,,,,0.0
C02966,free,W07,2025-03-12,False,False,False,,,,,0.0
C02966,free,W07,2025-03-09,False,False,False,,,,,0.0
C02966,free,W07,2025-04-13,False,False,False,,,,,0.0
C02967,free,W03,2025-03-14,False,False,False,,,,,0.0
C02967,free,W03,2025-03-14,False,False,False,,,,,0.0
C02967,free,W03,2025-04-04,True,True,True,False,0.7804,documentation_gap,43.8,-20.07
C02968,free,W09,2025-05-03,False,False,False,,,,,0.0
C02968,free,W09,2025-03-20,True,True,True,True,0.7965,coding_recommendation,20.6,24.97
C02968,free,W09,2025-04-17,True,True,False,True,0.9299,diagnosis_suggestion,8.5,0.0
C02969,free,W05,2025-03-06,True,True,True,True,0.7443,diagnosis_suggestion,7.2,57.35
C02969,free,W05,2025-02-22,False,False,False,,,,,0.0
C02969,free,W05,2025-04-09,False,False,False,,,,,0.0
C02970,free,W12,2025-04-10,False,False,False,,,,,0.0
C02970,free,W12,2025-05-17,False,False,False,,,,,0.0
C02970,free,W12,2025-04-03,True,True,True,True,0.562,diagnosis_suggestion,8.2,109.53
C02971,pro,W06,2025-04-17,True,True,False,True,0.8151,quality_flag,19.6,0.0
C02971,pro,W06,2025-04-04,True,True,True,True,0.9109,documentation_gap,5.7,55.73
C02971,pro,W06,2025-03-31,True,True,False,True,0.5679,quality_flag,30.2,0.0
C02972,basic,W10,2025-04-26,True,True,True,True,0.8421,documentation_gap,15.5,60.58
C02972,basic,W10,2025-05-21,True,True,True,True,0.889,diagnosis_suggestion,27.5,51.55
C02972,basic,W10,2025-05-15,True,True,False,True,0.5503,coding_recommendation,24.6,0.0
C02973,pro,W06,2025-03-14,True,True,False,True,0.8864,coding_recommendation,23.4,0.0
C02973,pro,W06,2025-04-26,True,True,False,False,0.7475,coding_recommendation,12.0,0.0
C02973,pro,W06,2025-03-10,True,True,True,True,0.7473,diagnosis_suggestion,7.0,99.99
C02974,free,W07,2025-02-16,True,True,True,True,0.7655,quality_flag,17.1,130.83
C02974,free,W07,2025-03-06,True,True,True,True,0.708,documentation_gap,28.0,69.14
C02974,free,W07,2025-04-13,False,False,False,,,,,0.0
C02975,basic,W03,2025-01-28,False,False,False,,,,,0.0
C02975,basic,W03,2025-01-30,True,False,False,False,0.4344,documentation_gap,,0.0
C02975,basic,W03,2025-02-11,True,True,False,True,0.8351,diagnosis_suggestion,48.5,0.0
C02976,basic,W11,2025-05-13,True,True,False,True,0.849,diagnosis_suggestion,202.4,0.0
C02976,basic,W11,2025-05-28,True,True,False,True,0.6571,diagnosis_suggestion,8.0,0.0
C02976,basic,W11,2025-05-10,False,False,False,,,,,0.0
C02977,free,W01,2025-01-25,True,True,True,False,0.6782,documentation_gap,9.6,-14.44
C02977,free,W01,2025-02-25,False,False,False,,,,,0.0
C02977,free,W01,2025-01-26,True,True,False,True,0.7171,diagnosis_suggestion,10.4,0.0
C02978,free,W01,2025-03-22,True,False,False,False,0.3,diagnosis_suggestion,,0.0
C02978,free,W01,2025-01-08,True,False,False,False,0.3,coding_recommendation,,0.0
C02978,free,W01,2025-01-28,True,True,False,True,0.7472,coding_recommendation,22.1,0.0
C02979,free,W07,2025-03-25,True,True,True,True,0.748,documentation_gap,8.4,72.19
C02979,free,W07,2025-04-27,False,False,False,,,,,0.0
C02979,free,W07,2025-02-23,True,True,True,True,0.8892,documentation_gap,51.6,65.55
C02979,free,W07,2025-02-26,False,False,False,,,,,0.0
C02979,free,W07,2025-04-17,True,True,True,True,0.9738,diagnosis_suggestion,71.1,108.17
C02979,free,W07,2025-04-07,False,False,False,,,,,0.0
C02980,basic,W11,2025-04-02,True,True,False,True,0.7377,coding_recommendation,11.2,0.0
C02980,basic,W11,2025-04-04,True,False,False,False,0.3272,quality_flag,,0.0
C02980,basic,W11,2025-04-08,True,True,False,True,0.7687,diagnosis_suggestion,20.0,0.0
C02981,basic,W12,2025-05-04,True,True,False,True,0.9231,coding_recommendation,5.5,0.0
C02981,basic,W12,2025-05-25,True,True,True,True,0.7903,diagnosis_suggestion,7.9,41.38
C02981,basic,W12,2025-03-22,True,True,True,True,0.8451,diagnosis_suggestion,112.7,30.52
C02982,pro,W10,2025-03-05,True,True,True,True,0.8514,quality_flag,86.6,43.9
C02982,pro,W10,2025-04-16,True,True,True,True,0.5,diagnosis_suggestion,13.5,42.6
C02982,pro,W10,2025-05-14,True,True,True,True,0.8361,documentation_gap,33.9,76.75
C02983,basic,W02,2025-02-18,True,True,True,True,0.6527,coding_recommendation,5.3,67.61
C02983,basic,W02,2025-03-01,False,False,False,,,,,0.0
C02983,basic,W02,2025-03-22,True,True,True,False,0.6214,diagnosis_suggestion,20.6,-12.58
C02984,free,W07,2025-05-04,False,False,False,,,,,0.0
C02984,free,W07,2025-03-13,True,True,True,True,0.6585,diagnosis_suggestion,15.5,39.38
C02984,free,W07,2025-04-02,False,False,False,,,,,0.0
C02985,free,W12,2025-03-23,True,True,False,True,0.7996,quality_flag,11.2,0.0
C02985,free,W12,2025-04-29,False,False,False,,,,,0.0
C02985,free,W12,2025-03-19,False,False,False,,,,,0.0
C02986,free,W08,2025-04-30,False,False,False,,,,,0.0
C02986,free,W08,2025-04-05,True,True,True,True,0.8399,coding_recommendation,20.8,41.92
C02986,free,W08,2025-03-19,True,True,False,True,0.8568,coding_recommendation,25.4,0.0
C02987,free,W01,2025-02-21,False,False,False,,,,,0.0
C02987,free,W01,2025-03-18,False,False,False,,,,,0.0
C02987,free,W01,2025-02-10,False,False,False,,,,,0.0
C02988,free,W05,2025-04-10,False,False,False,,,,,0.0
C02988,free,W05,2025-03-20,True,True,True,True,0.6016,documentation_gap,28.0,52.65
C02988,free,W05,2025-04-10,True,True,True,True,0.5,diagnosis_suggestion,9.6,32.78
C02988,free,W05,2025-03-08,False,False,False,,,,,0.0
C02988,free,W05,2025-04-18,False,False,False,,,,,0.0
C02988,free,W05,2025-01-31,False,False,False,,,,,0.0
C02989,free,W10,2025-04-15,True,True,False,True,0.6865,diagnosis_suggestion,51.0,0.0
C02989,free,W10,2025-04-14,False,False,False,,,,,0.0
C02989,free,W10,2025-05-04,False,False,False,,,,,0.0
C02990,basic,W02,2025-02-01,False,False,False,,,,,0.0
C02990,basic,W02,2025-01-08,True,True,False,True,0.675,documentation_gap,13.1,0.0
C02990,basic,W02,2025-02-26,False,False,False,,,,,0.0
C02990,basic,W02,2025-01-09,True,True,False,True,0.6316,diagnosis_suggestion,19.4,0.0
C02991,basic,W03,2025-02-12,True,True,False,False,0.6272,coding_recommendation,77.4,0.0
C02991,basic,W03,2025-03-08,True,True,False,False,0.7206,diagnosis_suggestion,6.2,0.0
C02991,basic,W03,2025-02-23,True,True,True,True,0.8018,documentation_gap,17.1,23.83
C02992,free,W05,2025-02-14,False,False,False,,,,,0.0
C02992,free,W05,2025-02-06,True,True,True,False,0.5712,diagnosis_suggestion,10.5,-18.75
C02992,free,W05,2025-03-18,False,False,False,,,,,0.0
C02993,free,W10,2025-05-16,False,False,False,,,,,0.0
C02993,free,W10,2025-03-29,True,True,True,True,0.7601,diagnosis_suggestion,35.2,105.84
C02993,free,W10,2025-05-26,False,False,False,,,,,0.0
C02994,basic,W05,2025-02-27,False,False,False,,,,,0.0
C02994,basic,W05,2025-04-14,True,False,False,False,0.4611,documentation_gap,,0.0
C02994,basic,W05,2025-03-02,True,True,False,True,0.629,documentation_gap,9.8,0.0
C02995,free,W02,2025-01-11,True,False,False,False,0.4545,diagnosis_suggestion,,0.0
C02995,free,W02,2025-01-17,False,False,False,,,,,0.0
C02995,free,W02,2025-01-28,True,True,True,True,0.9831,documentation_gap,24.0,41.11
C02996,basic,W04,2025-02-05,False,False,False,,,,,0.0
C02996,basic,W04,2025-03-26,True,True,True,True,0.8036,documentation_gap,5.7,68.92
C02996,basic,W04,2025-03-24,True,True,False,False,0.7498,coding_recommendation,8.5,0.0
C02997,free,W07,2025-03-15,True,True,True,True,0.7806,documentation_gap,4.2,51.66
C02997,free,W07,2025-02-18,True,True,True,True,0.6661,diagnosis_suggestion,15.4,71.78
C02997,free,W07,2025-04-19,True,True,True,True,0.97,quality_flag,39.2,87.86
C02998,basic,W06,2025-04-28,True,True,True,True,0.6834,quality_flag,47.1,156.99
C02998,basic,W06,2025-03-20,True,False,False,False,0.4513,documentation_gap,,0.0
C02998,basic,W06,2025-03-30,True,True,True,True,0.6188,documentation_gap,44.6,72.53
C02998,basic,W06,2025-04-28,True,True,False,True,0.89,diagnosis_suggestion,23.2,0.0
C02998,basic,W06,2025-03-18,True,True,True,True,0.6751,documentation_gap,35.6,25.47
C02998,basic,W06,2025-04-22,True,True,False,True,0.5853,diagnosis_suggestion,7.3,0.0
C02998,basic,W06,2025-03-26,True,True,True,True,0.7931,coding_recommendation,41.3,79.68
C02998,basic,W06,2025-03-03,False,False,False,,,,,0.0
C02998,basic,W06,2025-02-27,True,True,True,True,0.8237,diagnosis_suggestion,14.3,117.71
C02999,basic,W03,2025-01-27,True,True,True,True,0.7865,coding_recommendation,8.5,23.72
C02999,basic,W03,2025-03-21,True,True,True,True,0.99,diagnosis_suggestion,17.3,49.69
C02999,basic,W03,2025-04-07,True,True,False,True,0.7797,diagnosis_suggestion,55.8,0.0
C03000,free,W04,2025-04-05,True,False,False,False,0.4792,quality_flag,,0.0
C03000,free,W04,2025-03-08,False,False,False,,,,,0.0
C03000,free,W04,2025-04-08,True,True,False,True,0.8329,quality_flag,21.3,0.0
