user_id,signup_date,signup_cohort,activity_date,event_type,session_duration_sec,plan_type
C00001,2025-01-29,W05,2025-01-31,page_view,125.1,free
C00001,2025-01-29,W05,2025-01-29,feature_use,1111.9,basic
C00001,2025-01-29,W05,2025-02-10,page_view,742.7,free
C00001,2025-01-29,W05,2025-02-07,page_view,280.9,pro
C00001,2025-01-29,W05,2025-02-06,page_view,45.7,free
C00001,2025-01-29,W05,2025-02-11,feature_use,587.7,basic
C00001,2025-01-29,W05,2025-02-27,search,52.8,free
C00001,2025-01-29,W05,2025-03-03,page_view,251.9,free
C00001,2025-01-29,W05,2025-03-04,search,274.7,free
C00001,2025-01-29,W05,2025-03-03,feature_use,980.6,free
C00001,2025-01-29,W05,2025-03-19,feature_use,2079.3,basic
C00001,2025-01-29,W05,2025-04-17,feature_use,60.1,pro
C00001,2025-01-29,W05,2025-04-22,page_view,193.3,free
C00001,2025-01-29,W05,2025-04-22,search,179.8,basic
C00001,2025-01-29,W05,2025-04-18,feature_use,260.9,pro
C00002,2025-01-15,W03,2025-01-18,page_view,240.4,free
C00002,2025-01-15,W03,2025-02-21,feature_use,200.8,basic
C00003,2025-02-12,W07,2025-02-12,page_view,140.3,basic
C00003,2025-02-12,W07,2025-02-14,page_view,517.4,free
C00003,2025-02-12,W07,2025-02-14,page_view,164.3,free
C00003,2025-02-12,W07,2025-02-24,page_view,149.7,free
C00004,2025-03-05,W10,2025-03-08,search,118.7,pro
C00005,2025-02-12,W07,2025-02-17,page_view,437.1,free
C00005,2025-02-12,W07,2025-03-17,feature_use,213.9,free
C00005,2025-02-12,W07,2025-03-23,page_view,175.1,free
C00006,2025-03-19,W12,2025-03-19,feature_use,853.8,free
C00006,2025-03-19,W12,2025-03-26,settings_change,92.5,basic
C00006,2025-03-19,W12,2025-04-02,page_view,124.6,free
C00006,2025-03-19,W12,2025-04-06,page_view,28.9,pro
C00006,2025-03-19,W12,2025-04-03,page_view,248.6,free
C00006,2025-03-19,W12,2025-04-18,feature_use,62.5,pro
C00007,2025-01-29,W05,2025-02-02,feature_use,107.5,basic
C00007,2025-01-29,W05,2025-03-15,page_view,160.6,basic
C00007,2025-01-29,W05,2025-03-13,settings_change,245.2,basic
C00008,2025-01-08,W02,2025-01-10,page_view,458.0,basic
C00008,2025-01-08,W02,2025-02-08,feature_use,63.6,pro
C00008,2025-01-08,W02,2025-02-07,settings_change,874.0,basic
C00008,2025-01-08,W02,2025-02-08,settings_change,449.5,basic
C00008,2025-01-08,W02,2025-02-06,page_view,33.2,basic
C00008,2025-01-08,W02,2025-02-09,feature_use,442.0,pro
C00008,2025-01-08,W02,2025-02-18,page_view,293.3,basic
C00009,2025-03-05,W10,2025-03-08,feature_use,30.1,basic
C00009,2025-03-05,W10,2025-03-09,feature_use,97.1,basic
C00009,2025-03-05,W10,2025-03-07,feature_use,447.8,basic
C00009,2025-03-05,W10,2025-03-10,search,86.6,free
C00009,2025-03-05,W10,2025-04-12,page_view,462.5,pro
C00010,2025-02-19,W08,2025-02-21,page_view,117.3,free
C00010,2025-02-19,W08,2025-02-23,page_view,77.1,pro
C00010,2025-02-19,W08,2025-02-20,page_view,52.6,free
C00010,2025-02-19,W08,2025-04-01,search,44.8,free
C00010,2025-02-19,W08,2025-03-31,settings_change,131.0,free
C00010,2025-02-19,W08,2025-03-30,page_view,137.8,free
C00010,2025-02-19,W08,2025-03-29,page_view,1136.5,free
C00010,2025-02-19,W08,2025-03-29,feature_use,414.8,free
C00010,2025-02-19,W08,2025-03-26,page_view,270.4,basic
C00010,2025-02-19,W08,2025-03-31,search,257.9,free
C00010,2025-02-19,W08,2025-03-26,search,1293.3,free
C00010,2025-02-19,W08,2025-04-10,feature_use,295.4,basic
C00010,2025-02-19,W08,2025-04-11,page_view,202.3,free
C00010,2025-02-19,W08,2025-04-09,page_view,189.7,basic
C00010,2025-02-19,W08,2025-04-19,page_view,113.6,free
C00010,2025-02-19,W08,2025-04-17,feature_use,26.6,free
C00011,2025-02-12,W07,2025-02-17,feature_use,136.7,pro
C00011,2025-02-12,W07,2025-04-30,feature_use,213.2,pro
C00011,2025-02-12,W07,2025-05-03,page_view,799.2,pro
C00012,2025-02-12,W07,2025-02-16,page_view,44.7,free
C00012,2025-02-12,W07,2025-02-18,page_view,24.0,free
C00012,2025-02-12,W07,2025-02-19,page_view,72.1,free
C00012,2025-02-12,W07,2025-02-28,feature_use,223.4,free
C00012,2025-02-12,W07,2025-03-02,page_view,57.9,basic
C00013,2025-02-19,W08,2025-02-21,page_view,157.1,free
C00013,2025-02-19,W08,2025-03-17,feature_use,759.3,pro
C00013,2025-02-19,W08,2025-03-25,settings_change,18.8,free
C00014,2025-02-19,W08,2025-02-19,feature_use,43.2,free
C00014,2025-02-19,W08,2025-03-02,page_view,144.9,free
C00014,2025-02-19,W08,2025-02-27,page_view,25.8,basic
C00014,2025-02-19,W08,2025-02-27,search,691.9,pro
C00014,2025-02-19,W08,2025-02-27,page_view,35.4,free
C00014,2025-02-19,W08,2025-03-02,feature_use,434.6,basic
C00014,2025-02-19,W08,2025-03-01,page_view,141.2,pro
C00015,2025-01-22,W04,2025-01-28,page_view,49.5,pro
C00015,2025-01-22,W04,2025-01-28,feature_use,203.1,basic
C00015,2025-01-22,W04,2025-01-26,page_view,2747.9,free
C00015,2025-01-22,W04,2025-02-18,feature_use,38.8,free
C00015,2025-01-22,W04,2025-03-01,page_view,222.1,free
C00016,2025-01-01,W01,2025-01-04,page_view,19.5,free
C00016,2025-01-01,W01,2025-01-03,page_view,152.8,basic
C00016,2025-01-01,W01,2025-01-07,page_view,144.0,free
C00017,2025-03-05,W10,2025-03-11,page_view,210.8,basic
C00017,2025-03-05,W10,2025-03-10,page_view,89.0,free
C00017,2025-03-05,W10,2025-03-08,search,503.2,free
C00017,2025-03-05,W10,2025-04-19,page_view,155.7,basic
C00017,2025-03-05,W10,2025-04-17,feature_use,174.9,free
C00018,2025-03-19,W12,2025-03-25,feature_use,63.3,free
C00018,2025-03-19,W12,2025-03-19,settings_change,225.0,basic
C00018,2025-03-19,W12,2025-03-26,feature_use,116.5,basic
C00018,2025-03-19,W12,2025-03-28,page_view,224.4,free
C00018,2025-03-19,W12,2025-03-29,page_view,33.1,pro
C00018,2025-03-19,W12,2025-04-29,page_view,461.8,basic
C00018,2025-03-19,W12,2025-04-24,search,382.9,free
C00018,2025-03-19,W12,2025-06-09,settings_change,29.2,basic
C00019,2025-01-22,W04,2025-01-25,page_view,1799.6,free
C00020,2025-03-12,W11,2025-03-15,page_view,59.1,free
C00020,2025-03-12,W11,2025-03-16,page_view,204.5,free
C00020,2025-03-12,W11,2025-04-13,page_view,132.3,basic
C00020,2025-03-12,W11,2025-04-14,page_view,78.1,pro
C00020,2025-03-12,W11,2025-04-27,page_view,44.7,free
C00020,2025-03-12,W11,2025-05-04,search,75.4,free
C00021,2025-01-08,W02,2025-01-14,page_view,189.1,free
C00022,2025-02-05,W06,2025-02-05,search,126.4,free
C00022,2025-02-05,W06,2025-02-05,page_view,99.2,basic
C00023,2025-02-19,W08,2025-02-22,settings_change,125.1,pro
C00024,2025-03-05,W10,2025-03-10,search,464.8,free
C00024,2025-03-05,W10,2025-03-14,feature_use,154.9,free
C00024,2025-03-05,W10,2025-03-18,feature_use,45.0,basic
C00024,2025-03-05,W10,2025-03-22,feature_use,47.6,pro
C00024,2025-03-05,W10,2025-05-03,page_view,49.2,pro
C00024,2025-03-05,W10,2025-05-03,page_view,131.2,free
C00024,2025-03-05,W10,2025-05-16,page_view,294.3,basic
C00025,2025-03-05,W10,2025-03-08,page_view,114.7,pro
C00025,2025-03-05,W10,2025-03-08,page_view,119.4,free
C00025,2025-03-05,W10,2025-03-05,search,259.9,pro
C00025,2025-03-05,W10,2025-04-14,search,269.4,basic
C00025,2025-03-05,W10,2025-04-18,search,253.5,basic
C00026,2025-01-15,W03,2025-01-18,page_view,207.3,pro
C00027,2025-02-05,W06,2025-02-10,page_view,42.9,free
C00028,2025-03-19,W12,2025-03-22,feature_use,75.7,free
C00028,2025-03-19,W12,2025-04-07,page_view,108.0,free
C00028,2025-03-19,W12,2025-04-12,feature_use,292.2,basic
C00028,2025-03-19,W12,2025-05-04,feature_use,208.3,free
C00028,2025-03-19,W12,2025-04-30,page_view,162.9,free
C00028,2025-03-19,W12,2025-05-05,search,237.1,free
C00029,2025-03-19,W12,2025-03-25,page_view,405.0,basic
C00029,2025-03-19,W12,2025-04-05,page_view,295.7,free
C00030,2025-02-26,W09,2025-03-03,page_view,60.9,free
C00030,2025-02-26,W09,2025-03-16,feature_use,1021.2,pro
C00030,2025-02-26,W09,2025-03-14,page_view,43.0,basic
C00030,2025-02-26,W09,2025-03-19,search,101.6,free
C00030,2025-02-26,W09,2025-03-24,search,176.6,free
C00030,2025-02-26,W09,2025-03-22,page_view,336.7,pro
C00030,2025-02-26,W09,2025-04-06,page_view,74.6,basic
C00031,2025-01-22,W04,2025-01-24,search,80.0,pro
C00031,2025-01-22,W04,2025-01-27,page_view,201.1,free
C00032,2025-02-05,W06,2025-02-06,page_view,792.1,free
C00032,2025-02-05,W06,2025-02-07,page_view,48.6,free
C00032,2025-02-05,W06,2025-02-07,page_view,116.4,basic
C00032,2025-02-05,W06,2025-03-08,feature_use,43.7,free
C00032,2025-02-05,W06,2025-03-09,feature_use,41.3,pro
C00033,2025-01-08,W02,2025-01-11,page_view,24.3,basic
C00034,2025-03-12,W11,2025-03-18,page_view,257.6,free
C00034,2025-03-12,W11,2025-03-15,settings_change,181.3,pro
C00034,2025-03-12,W11,2025-03-18,feature_use,119.9,basic
C00034,2025-03-12,W11,2025-03-14,feature_use,648.6,basic
C00034,2025-03-12,W11,2025-03-21,page_view,122.3,free
C00034,2025-03-12,W11,2025-04-03,settings_change,304.9,basic
C00034,2025-03-12,W11,2025-04-06,feature_use,73.2,free
C00034,2025-03-12,W11,2025-04-28,feature_use,165.0,free
C00034,2025-03-12,W11,2025-05-18,page_view,460.7,basic
C00035,2025-02-05,W06,2025-02-05,feature_use,648.8,free
C00035,2025-02-05,W06,2025-02-11,search,22.5,free
C00035,2025-02-05,W06,2025-02-19,feature_use,649.1,free
C00035,2025-02-05,W06,2025-02-25,page_view,151.4,free
C00035,2025-02-05,W06,2025-03-09,page_view,48.0,free
C00036,2025-01-01,W01,2025-01-03,page_view,226.6,pro
C00037,2025-03-19,W12,2025-03-25,settings_change,93.5,free
C00037,2025-03-19,W12,2025-03-28,page_view,170.4,basic
C00037,2025-03-19,W12,2025-03-30,page_view,112.0,free
C00037,2025-03-19,W12,2025-04-11,page_view,855.2,pro
C00037,2025-03-19,W12,2025-04-23,search,231.6,basic
C00037,2025-03-19,W12,2025-04-28,page_view,422.6,pro
C00037,2025-03-19,W12,2025-04-28,page_view,416.8,free
C00038,2025-02-12,W07,2025-02-15,page_view,115.5,pro
C00038,2025-02-12,W07,2025-02-17,page_view,139.8,basic
C00039,2025-01-15,W03,2025-01-16,feature_use,548.2,free
C00039,2025-01-15,W03,2025-01-19,page_view,188.5,free
C00039,2025-01-15,W03,2025-01-17,feature_use,127.4,free
C00039,2025-01-15,W03,2025-01-20,feature_use,326.3,free
C00039,2025-01-15,W03,2025-02-05,settings_change,94.5,pro
C00039,2025-01-15,W03,2025-03-03,page_view,166.8,basic
C00040,2025-03-19,W12,2025-03-22,feature_use,177.9,free
C00041,2025-01-15,W03,2025-01-20,page_view,346.2,basic
C00041,2025-01-15,W03,2025-01-18,search,161.6,free
C00041,2025-01-15,W03,2025-01-15,page_view,53.2,free
C00041,2025-01-15,W03,2025-03-31,page_view,80.6,free
C00041,2025-01-15,W03,2025-03-30,search,244.6,free
C00041,2025-01-15,W03,2025-03-28,feature_use,89.4,free
C00041,2025-01-15,W03,2025-03-31,page_view,108.8,basic
C00041,2025-01-15,W03,2025-03-30,page_view,994.2,pro
C00042,2025-03-05,W10,2025-03-11,page_view,372.7,free
C00042,2025-03-05,W10,2025-03-07,page_view,155.2,free
C00042,2025-03-05,W10,2025-03-13,page_view,84.1,free
C00042,2025-03-05,W10,2025-03-13,page_view,20.6,free
C00042,2025-03-05,W10,2025-03-16,page_view,31.6,basic
C00042,2025-03-05,W10,2025-03-14,settings_change,404.2,free
C00042,2025-03-05,W10,2025-03-18,feature_use,269.4,pro
C00042,2025-03-05,W10,2025-03-29,page_view,303.0,basic
C00042,2025-03-05,W10,2025-04-05,search,97.6,basic
C00042,2025-03-05,W10,2025-05-21,page_view,209.3,free
C00042,2025-03-05,W10,2025-05-25,page_view,105.7,free
C00042,2025-03-05,W10,2025-05-27,feature_use,441.2,pro
C00043,2025-02-05,W06,2025-02-08,page_view,744.7,basic
C00043,2025-02-05,W06,2025-02-09,feature_use,120.3,basic
C00043,2025-02-05,W06,2025-03-02,page_view,361.1,basic
C00043,2025-02-05,W06,2025-03-03,page_view,122.6,free
C00043,2025-02-05,W06,2025-04-18,page_view,30.0,basic
C00044,2025-01-29,W05,2025-01-31,search,123.0,free
C00044,2025-01-29,W05,2025-03-21,feature_use,84.9,free
C00044,2025-01-29,W05,2025-03-23,feature_use,84.9,basic
C00045,2025-01-01,W01,2025-01-06,page_view,46.2,pro
C00045,2025-01-01,W01,2025-01-21,page_view,179.2,free
C00045,2025-01-01,W01,2025-01-21,page_view,94.5,free
C00045,2025-01-01,W01,2025-01-26,feature_use,64.0,free
C00045,2025-01-01,W01,2025-02-04,search,51.1,basic
C00045,2025-01-01,W01,2025-01-31,feature_use,217.9,free
C00046,2025-01-01,W01,2025-01-03,feature_use,981.9,pro
C00047,2025-01-08,W02,2025-01-09,feature_use,268.6,free
C00047,2025-01-08,W02,2025-01-12,feature_use,81.5,free
C00047,2025-01-08,W02,2025-01-13,page_view,160.0,basic
C00047,2025-01-08,W02,2025-01-08,page_view,30.8,basic
C00047,2025-01-08,W02,2025-01-12,page_view,116.0,free
C00048,2025-01-15,W03,2025-01-18,page_view,69.1,free
C00048,2025-01-15,W03,2025-03-02,feature_use,180.6,free
C00048,2025-01-15,W03,2025-03-11,page_view,14.4,pro
C00048,2025-01-15,W03,2025-03-10,settings_change,430.9,basic
C00048,2025-01-15,W03,2025-03-08,page_view,120.5,pro
C00048,2025-01-15,W03,2025-03-25,search,149.8,basic
C00049,2025-01-22,W04,2025-01-23,page_view,447.5,free
C00049,2025-01-22,W04,2025-01-26,feature_use,195.2,pro
C00049,2025-01-22,W04,2025-01-27,page_view,47.1,basic
C00049,2025-01-22,W04,2025-01-22,page_view,39.9,basic
C00049,2025-01-22,W04,2025-04-14,search,278.3,free
C00050,2025-03-05,W10,2025-03-10,page_view,35.3,pro
C00050,2025-03-05,W10,2025-03-31,feature_use,135.5,free
C00050,2025-03-05,W10,2025-04-06,feature_use,78.5,basic
C00050,2025-03-05,W10,2025-04-04,page_view,329.7,free
C00050,2025-03-05,W10,2025-05-06,feature_use,45.8,free
C00050,2025-03-05,W10,2025-05-05,settings_change,75.7,free
C00050,2025-03-05,W10,2025-05-04,page_view,934.1,free
C00051,2025-02-05,W06,2025-02-06,feature_use,70.9,free
C00051,2025-02-05,W06,2025-02-07,search,96.4,free
C00051,2025-02-05,W06,2025-03-10,page_view,47.4,free
C00051,2025-02-05,W06,2025-03-16,search,92.3,basic
C00052,2025-03-05,W10,2025-03-09,page_view,157.0,pro
C00053,2025-03-05,W10,2025-03-07,settings_change,77.3,free
C00053,2025-03-05,W10,2025-03-06,page_view,362.5,basic
C00053,2025-03-05,W10,2025-03-14,feature_use,37.9,basic
C00053,2025-03-05,W10,2025-03-18,page_view,187.1,pro
C00053,2025-03-05,W10,2025-03-19,page_view,80.3,free
C00053,2025-03-05,W10,2025-03-23,feature_use,181.6,free
C00053,2025-03-05,W10,2025-03-22,page_view,58.6,basic
C00053,2025-03-05,W10,2025-04-08,page_view,46.0,pro
C00053,2025-03-05,W10,2025-04-21,page_view,32.0,pro
C00054,2025-01-08,W02,2025-01-12,search,525.7,free
C00054,2025-01-08,W02,2025-01-12,feature_use,105.6,basic
C00054,2025-01-08,W02,2025-01-11,page_view,289.6,basic
C00054,2025-01-08,W02,2025-01-11,page_view,200.4,pro
C00054,2025-01-08,W02,2025-01-27,search,288.5,free
C00054,2025-01-08,W02,2025-01-23,page_view,500.0,free
C00055,2025-02-12,W07,2025-02-16,page_view,1274.9,free
C00055,2025-02-12,W07,2025-02-16,feature_use,408.7,free
C00055,2025-02-12,W07,2025-02-25,page_view,29.4,pro
C00055,2025-02-12,W07,2025-02-23,feature_use,70.8,basic
C00055,2025-02-12,W07,2025-02-23,page_view,199.0,free
C00055,2025-02-12,W07,2025-03-06,page_view,1251.2,free
C00055,2025-02-12,W07,2025-03-15,search,348.3,free
C00056,2025-02-19,W08,2025-02-21,feature_use,87.4,basic
C00057,2025-01-22,W04,2025-01-28,page_view,248.2,basic
C00057,2025-01-22,W04,2025-01-26,feature_use,354.1,free
C00058,2025-02-12,W07,2025-02-16,feature_use,447.3,basic
C00058,2025-02-12,W07,2025-02-13,search,129.3,basic
C00058,2025-02-12,W07,2025-02-18,page_view,509.2,free
C00058,2025-02-12,W07,2025-03-14,page_view,146.1,basic
C00058,2025-02-12,W07,2025-03-22,page_view,298.2,basic
C00058,2025-02-12,W07,2025-03-20,search,231.3,pro
C00058,2025-02-12,W07,2025-05-05,page_view,470.7,free
C00058,2025-02-12,W07,2025-05-06,page_view,73.4,basic
C00059,2025-03-05,W10,2025-03-10,search,90.5,pro
C00059,2025-03-05,W10,2025-03-12,feature_use,302.1,pro
C00059,2025-03-05,W10,2025-03-16,page_view,356.7,free
C00059,2025-03-05,W10,2025-03-28,feature_use,45.9,free
C00059,2025-03-05,W10,2025-05-08,page_view,172.1,free
C00059,2025-03-05,W10,2025-05-12,search,31.1,pro
C00060,2025-02-26,W09,2025-02-27,search,96.0,free
C00060,2025-02-26,W09,2025-02-28,page_view,342.7,basic
C00060,2025-02-26,W09,2025-02-26,page_view,179.1,free
C00060,2025-02-26,W09,2025-03-10,page_view,17.4,pro
C00060,2025-02-26,W09,2025-03-09,page_view,492.4,free
C00060,2025-02-26,W09,2025-03-30,page_view,219.7,pro
C00060,2025-02-26,W09,2025-04-12,page_view,143.8,free
C00060,2025-02-26,W09,2025-04-13,feature_use,415.5,free
C00060,2025-02-26,W09,2025-04-15,page_view,171.8,free
C00061,2025-01-01,W01,2025-01-06,feature_use,87.2,basic
C00061,2025-01-01,W01,2025-01-22,page_view,42.6,basic
C00062,2025-02-05,W06,2025-02-07,search,801.5,basic
C00062,2025-02-05,W06,2025-03-30,page_view,69.3,basic
C00062,2025-02-05,W06,2025-04-01,page_view,119.0,free
C00063,2025-03-05,W10,2025-03-09,feature_use,175.9,pro
C00063,2025-03-05,W10,2025-03-05,feature_use,21.7,free
C00063,2025-03-05,W10,2025-03-07,search,101.2,free
C00063,2025-03-05,W10,2025-03-23,page_view,333.3,pro
C00064,2025-02-05,W06,2025-02-05,page_view,610.1,pro
C00064,2025-02-05,W06,2025-02-09,page_view,163.5,free
C00064,2025-02-05,W06,2025-02-11,page_view,125.7,pro
C00064,2025-02-05,W06,2025-02-10,page_view,403.1,pro
C00064,2025-02-05,W06,2025-02-09,page_view,237.4,pro
C00064,2025-02-05,W06,2025-02-12,search,416.3,pro
C00064,2025-02-05,W06,2025-02-25,settings_change,76.8,basic
C00064,2025-02-05,W06,2025-02-20,page_view,80.9,basic
C00064,2025-02-05,W06,2025-02-23,page_view,153.4,free
C00064,2025-02-05,W06,2025-04-11,search,286.8,pro
C00064,2025-02-05,W06,2025-04-10,page_view,566.0,free
C00064,2025-02-05,W06,2025-04-13,page_view,130.9,free
C00064,2025-02-05,W06,2025-04-28,settings_change,17.3,pro
C00064,2025-02-05,W06,2025-04-28,page_view,106.1,free
C00065,2025-01-15,W03,2025-01-15,feature_use,91.8,pro
C00065,2025-01-15,W03,2025-01-17,feature_use,62.0,pro
C00065,2025-01-15,W03,2025-01-15,feature_use,68.7,basic
C00065,2025-01-15,W03,2025-01-20,settings_change,197.1,basic
C00065,2025-01-15,W03,2025-01-17,feature_use,317.2,basic
C00065,2025-01-15,W03,2025-01-19,settings_change,81.1,basic
C00065,2025-01-15,W03,2025-01-26,page_view,114.6,free
C00065,2025-01-15,W03,2025-01-26,search,167.5,basic
C00065,2025-01-15,W03,2025-03-16,feature_use,528.8,free
C00065,2025-01-15,W03,2025-03-14,page_view,518.5,basic
C00065,2025-01-15,W03,2025-03-17,feature_use,1914.9,free
C00065,2025-01-15,W03,2025-03-18,page_view,547.0,free
C00065,2025-01-15,W03,2025-03-14,feature_use,696.9,free
C00065,2025-01-15,W03,2025-03-15,settings_change,113.7,free
C00066,2025-02-12,W07,2025-02-13,page_view,342.3,free
C00066,2025-02-12,W07,2025-02-15,feature_use,339.9,pro
C00066,2025-02-12,W07,2025-02-14,page_view,91.7,basic
C00066,2025-02-12,W07,2025-02-20,page_view,41.3,basic
C00066,2025-02-12,W07,2025-03-03,feature_use,87.8,free
C00066,2025-02-12,W07,2025-03-16,search,64.8,pro
C00066,2025-02-12,W07,2025-04-18,search,106.3,basic
C00066,2025-02-12,W07,2025-04-21,feature_use,188.4,free
C00067,2025-02-26,W09,2025-03-04,search,648.0,basic
C00067,2025-02-26,W09,2025-02-28,page_view,234.7,basic
C00067,2025-02-26,W09,2025-03-11,feature_use,140.3,pro
C00067,2025-02-26,W09,2025-03-09,page_view,186.5,free
C00068,2025-02-05,W06,2025-02-10,page_view,108.8,free
C00069,2025-01-15,W03,2025-01-17,page_view,108.9,pro
C00069,2025-01-15,W03,2025-01-16,page_view,170.7,free
C00069,2025-01-15,W03,2025-01-15,page_view,264.8,basic
C00069,2025-01-15,W03,2025-01-30,page_view,101.0,basic
C00069,2025-01-15,W03,2025-02-03,feature_use,171.2,free
C00069,2025-01-15,W03,2025-03-05,search,243.7,pro
C00070,2025-01-08,W02,2025-01-09,page_view,67.7,free
C00070,2025-01-08,W02,2025-02-20,feature_use,421.1,basic
C00070,2025-01-08,W02,2025-02-24,feature_use,1737.0,pro
C00071,2025-03-19,W12,2025-03-22,page_view,86.1,free
C00072,2025-03-12,W11,2025-03-17,page_view,321.6,free
C00072,2025-03-12,W11,2025-03-30,page_view,231.0,free
C00072,2025-03-12,W11,2025-03-28,search,63.6,pro
C00072,2025-03-12,W11,2025-04-16,feature_use,35.2,pro
C00072,2025-03-12,W11,2025-04-19,page_view,201.0,free
C00072,2025-03-12,W11,2025-04-20,search,68.6,free
C00072,2025-03-12,W11,2025-05-14,page_view,60.1,pro
C00072,2025-03-12,W11,2025-05-22,feature_use,145.7,pro
C00072,2025-03-12,W11,2025-05-30,feature_use,23.9,pro
C00072,2025-03-12,W11,2025-05-30,page_view,45.9,basic
C00073,2025-02-05,W06,2025-02-08,feature_use,71.7,free
C00073,2025-02-05,W06,2025-03-06,feature_use,696.4,pro
C00073,2025-02-05,W06,2025-03-11,page_view,142.0,basic
C00074,2025-01-15,W03,2025-01-18,page_view,187.5,free
C00074,2025-01-15,W03,2025-01-28,search,75.6,pro
C00074,2025-01-15,W03,2025-01-27,page_view,624.2,free
C00074,2025-01-15,W03,2025-02-08,page_view,36.6,pro
C00074,2025-01-15,W03,2025-02-07,page_view,140.9,free
C00074,2025-01-15,W03,2025-02-24,page_view,439.9,basic
C00074,2025-01-15,W03,2025-03-16,search,60.7,basic
C00074,2025-01-15,W03,2025-03-14,page_view,161.3,basic
C00074,2025-01-15,W03,2025-03-12,page_view,273.8,free
C00075,2025-01-01,W01,2025-01-03,search,271.2,free
C00075,2025-01-01,W01,2025-01-01,feature_use,148.3,free
C00075,2025-01-01,W01,2025-01-17,search,76.4,free
C00075,2025-01-01,W01,2025-01-20,page_view,206.0,free
C00075,2025-01-01,W01,2025-01-26,search,18.7,basic
C00075,2025-01-01,W01,2025-01-22,feature_use,153.5,free
C00076,2025-02-26,W09,2025-03-03,page_view,765.7,free
C00077,2025-02-12,W07,2025-02-16,page_view,136.5,basic
C00077,2025-02-12,W07,2025-02-14,feature_use,128.3,free
C00077,2025-02-12,W07,2025-02-16,page_view,104.8,free
C00077,2025-02-12,W07,2025-02-23,search,726.0,free
C00077,2025-02-12,W07,2025-02-19,search,216.7,basic
C00077,2025-02-12,W07,2025-03-29,page_view,259.5,basic
C00078,2025-01-22,W04,2025-01-22,page_view,87.8,free
C00078,2025-01-22,W04,2025-01-23,page_view,48.0,free
C00078,2025-01-22,W04,2025-03-12,search,186.5,free
C00078,2025-01-22,W04,2025-03-17,page_view,166.4,basic
C00079,2025-03-12,W11,2025-03-17,feature_use,1231.2,free
C00079,2025-03-12,W11,2025-03-14,page_view,14.1,free
C00079,2025-03-12,W11,2025-04-17,page_view,141.9,basic
C00079,2025-03-12,W11,2025-04-18,feature_use,80.9,free
C00079,2025-03-12,W11,2025-04-19,search,780.2,free
C00079,2025-03-12,W11,2025-04-21,search,127.5,free
C00080,2025-03-19,W12,2025-03-19,page_view,386.2,free
C00080,2025-03-19,W12,2025-04-19,page_view,41.7,basic
C00080,2025-03-19,W12,2025-04-19,page_view,208.5,basic
C00081,2025-03-12,W11,2025-03-14,page_view,396.3,basic
C00081,2025-03-12,W11,2025-04-09,feature_use,593.9,free
C00081,2025-03-12,W11,2025-04-10,feature_use,173.2,free
C00082,2025-01-08,W02,2025-01-10,feature_use,295.9,pro
C00082,2025-01-08,W02,2025-01-14,settings_change,370.6,basic
C00082,2025-01-08,W02,2025-02-11,page_view,414.1,basic
C00082,2025-01-08,W02,2025-02-24,page_view,139.5,free
C00082,2025-01-08,W02,2025-02-25,feature_use,378.4,free
C00083,2025-01-15,W03,2025-01-16,feature_use,265.1,basic
C00083,2025-01-15,W03,2025-02-18,page_view,392.6,basic
C00084,2025-02-05,W06,2025-02-10,feature_use,134.5,free
C00084,2025-02-05,W06,2025-02-06,page_view,236.1,free
C00084,2025-02-05,W06,2025-02-18,feature_use,213.1,free
C00084,2025-02-05,W06,2025-04-09,settings_change,40.6,free
C00085,2025-02-19,W08,2025-02-22,search,142.0,free
C00085,2025-02-19,W08,2025-02-19,search,58.6,free
C00085,2025-02-19,W08,2025-03-03,feature_use,27.9,free
C00085,2025-02-19,W08,2025-02-28,feature_use,454.5,pro
C00085,2025-02-19,W08,2025-02-28,feature_use,116.4,free
C00085,2025-02-19,W08,2025-02-27,page_view,168.7,free
C00085,2025-02-19,W08,2025-03-08,feature_use,159.9,basic
C00085,2025-02-19,W08,2025-03-07,page_view,152.6,free
C00086,2025-01-15,W03,2025-01-18,feature_use,119.0,pro
C00087,2025-01-08,W02,2025-01-13,page_view,185.8,free
C00087,2025-01-08,W02,2025-01-14,feature_use,123.6,pro
C00087,2025-01-08,W02,2025-01-13,page_view,878.8,basic
C00087,2025-01-08,W02,2025-01-21,feature_use,209.1,basic
C00087,2025-01-08,W02,2025-01-15,page_view,248.4,pro
C00087,2025-01-08,W02,2025-01-31,search,433.6,free
C00087,2025-01-08,W02,2025-01-31,search,16.9,free
C00087,2025-01-08,W02,2025-02-08,feature_use,179.9,free
C00087,2025-01-08,W02,2025-02-11,page_view,304.7,free
C00087,2025-01-08,W02,2025-02-14,search,6101.0,pro
C00087,2025-01-08,W02,2025-02-12,feature_use,460.1,pro
C00087,2025-01-08,W02,2025-03-20,search,99.1,free
C00088,2025-01-29,W05,2025-02-03,feature_use,59.0,basic
C00088,2025-01-29,W05,2025-02-15,feature_use,259.4,free
C00088,2025-01-29,W05,2025-02-27,search,81.7,basic
C00088,2025-01-29,W05,2025-03-02,page_view,374.9,basic
C00089,2025-02-19,W08,2025-02-22,page_view,297.1,free
C00089,2025-02-19,W08,2025-04-02,feature_use,128.8,pro
C00090,2025-02-26,W09,2025-02-28,search,121.0,free
C00090,2025-02-26,W09,2025-03-09,feature_use,422.6,free
C00091,2025-03-12,W11,2025-03-17,feature_use,21.9,basic
C00091,2025-03-12,W11,2025-03-15,feature_use,31.0,free
C00091,2025-03-12,W11,2025-03-17,page_view,19.5,free
C00091,2025-03-12,W11,2025-03-31,page_view,200.1,free
C00091,2025-03-12,W11,2025-04-11,page_view,26.0,basic
C00091,2025-03-12,W11,2025-04-15,page_view,1119.7,free
C00091,2025-03-12,W11,2025-04-09,search,118.3,free
C00091,2025-03-12,W11,2025-04-26,feature_use,37.1,pro
C00091,2025-03-12,W11,2025-04-25,settings_change,156.8,free
C00091,2025-03-12,W11,2025-05-20,page_view,772.1,basic
C00091,2025-03-12,W11,2025-05-18,feature_use,36.3,free
C00091,2025-03-12,W11,2025-05-16,feature_use,700.8,free
C00091,2025-03-12,W11,2025-06-03,page_view,314.4,free
C00091,2025-03-12,W11,2025-05-28,page_view,53.0,free
C00092,2025-01-22,W04,2025-01-26,page_view,144.2,basic
C00093,2025-01-08,W02,2025-01-08,feature_use,85.9,free
C00093,2025-01-08,W02,2025-01-17,page_view,48.0,pro
C00093,2025-01-08,W02,2025-01-16,page_view,1048.7,free
C00093,2025-01-08,W02,2025-01-21,page_view,1257.1,free
C00093,2025-01-08,W02,2025-01-28,feature_use,300.4,free
C00093,2025-01-08,W02,2025-01-27,feature_use,16.8,basic
C00093,2025-01-08,W02,2025-01-23,feature_use,109.6,free
C00093,2025-01-08,W02,2025-02-04,page_view,174.7,pro
C00094,2025-02-12,W07,2025-02-17,page_view,80.4,free
C00094,2025-02-12,W07,2025-02-14,settings_change,51.5,basic
C00095,2025-01-29,W05,2025-01-29,page_view,53.8,free
C00095,2025-01-29,W05,2025-03-23,search,217.6,free
C00095,2025-01-29,W05,2025-03-20,feature_use,469.3,basic
C00095,2025-01-29,W05,2025-03-25,feature_use,70.0,pro
C00096,2025-02-26,W09,2025-03-04,search,367.3,free
C00097,2025-01-01,W01,2025-01-05,feature_use,31.2,basic
C00097,2025-01-01,W01,2025-01-02,page_view,178.2,free
C00097,2025-01-01,W01,2025-01-04,feature_use,1037.3,pro
C00097,2025-01-01,W01,2025-01-12,feature_use,249.3,pro
C00097,2025-01-01,W01,2025-01-17,page_view,80.3,basic
C00097,2025-01-01,W01,2025-01-19,settings_change,43.7,free
C00097,2025-01-01,W01,2025-01-16,feature_use,76.6,free
C00097,2025-01-01,W01,2025-02-14,page_view,75.1,basic
C00097,2025-01-01,W01,2025-02-17,page_view,133.7,free
C00097,2025-01-01,W01,2025-02-17,page_view,947.1,free
C00097,2025-01-01,W01,2025-02-16,page_view,201.7,basic
C00097,2025-01-01,W01,2025-03-02,feature_use,280.9,basic
C00098,2025-03-19,W12,2025-03-19,feature_use,366.8,basic
C00098,2025-03-19,W12,2025-03-21,page_view,157.9,free
C00098,2025-03-19,W12,2025-04-04,feature_use,190.3,basic
C00098,2025-03-19,W12,2025-04-04,page_view,398.5,pro
C00098,2025-03-19,W12,2025-06-07,search,333.2,basic
C00098,2025-03-19,W12,2025-06-09,feature_use,98.7,basic
C00098,2025-03-19,W12,2025-06-05,page_view,70.1,free
C00098,2025-03-19,W12,2025-06-06,page_view,85.5,basic
C00099,2025-01-29,W05,2025-02-03,page_view,217.7,free
C00099,2025-01-29,W05,2025-02-01,page_view,123.3,free
C00099,2025-01-29,W05,2025-01-29,feature_use,90.3,pro
C00099,2025-01-29,W05,2025-02-01,feature_use,153.8,basic
C00100,2025-01-22,W04,2025-01-23,page_view,192.4,free
C00100,2025-01-22,W04,2025-01-22,feature_use,1677.7,basic
C00100,2025-01-22,W04,2025-01-28,search,90.7,free
C00101,2025-02-26,W09,2025-03-01,page_view,131.6,basic
C00101,2025-02-26,W09,2025-02-26,search,124.1,free
C00101,2025-02-26,W09,2025-03-11,feature_use,86.3,free
C00101,2025-02-26,W09,2025-03-24,page_view,427.8,free
C00101,2025-02-26,W09,2025-03-19,page_view,452.4,free
C00101,2025-02-26,W09,2025-03-30,feature_use,291.2,pro
C00102,2025-03-12,W11,2025-03-14,page_view,94.7,basic
C00102,2025-03-12,W11,2025-03-17,page_view,34.1,free
C00103,2025-01-08,W02,2025-01-08,page_view,86.6,basic
C00103,2025-01-08,W02,2025-01-09,page_view,147.6,basic
C00103,2025-01-08,W02,2025-01-18,feature_use,62.6,free
C00103,2025-01-08,W02,2025-03-07,search,173.1,free
C00103,2025-01-08,W02,2025-03-08,page_view,35.0,basic
C00104,2025-03-05,W10,2025-03-08,settings_change,249.8,pro
C00105,2025-03-19,W12,2025-03-19,feature_use,641.8,pro
C00106,2025-03-12,W11,2025-03-12,search,196.1,basic
C00106,2025-03-12,W11,2025-03-15,feature_use,549.6,free
C00106,2025-03-12,W11,2025-03-15,feature_use,208.3,free
C00106,2025-03-12,W11,2025-03-14,feature_use,74.9,free
C00106,2025-03-12,W11,2025-03-14,feature_use,325.6,pro
C00106,2025-03-12,W11,2025-03-13,search,255.7,free
C00107,2025-01-01,W01,2025-01-01,page_view,73.5,free
C00107,2025-01-01,W01,2025-01-07,page_view,951.7,basic
C00107,2025-01-01,W01,2025-01-17,feature_use,453.9,free
C00107,2025-01-01,W01,2025-01-16,page_view,121.6,basic
C00107,2025-01-01,W01,2025-01-22,page_view,521.9,free
C00107,2025-01-01,W01,2025-01-31,page_view,64.9,free
C00107,2025-01-01,W01,2025-02-27,page_view,476.6,basic
C00107,2025-01-01,W01,2025-03-04,feature_use,43.3,basic
C00107,2025-01-01,W01,2025-02-26,page_view,45.9,free
C00107,2025-01-01,W01,2025-02-27,feature_use,72.5,free
C00108,2025-03-05,W10,2025-03-07,page_view,40.7,free
C00108,2025-03-05,W10,2025-03-08,search,220.0,free
C00108,2025-03-05,W10,2025-03-23,feature_use,254.6,basic
C00108,2025-03-05,W10,2025-03-22,search,16.8,free
C00108,2025-03-05,W10,2025-03-23,page_view,533.3,basic
C00108,2025-03-05,W10,2025-05-04,settings_change,15.9,free
C00108,2025-03-05,W10,2025-05-03,page_view,1086.4,free
C00108,2025-03-05,W10,2025-05-04,search,285.1,pro
C00108,2025-03-05,W10,2025-05-04,feature_use,31.9,free
C00108,2025-03-05,W10,2025-04-30,search,240.5,free
C00108,2025-03-05,W10,2025-05-25,page_view,46.7,basic
C00108,2025-03-05,W10,2025-05-22,search,471.2,basic
C00109,2025-01-08,W02,2025-01-10,page_view,125.4,basic
C00109,2025-01-08,W02,2025-01-14,page_view,13.7,basic
C00109,2025-01-08,W02,2025-01-10,feature_use,69.3,free
C00110,2025-03-19,W12,2025-03-20,page_view,468.3,free
C00110,2025-03-19,W12,2025-04-14,search,361.2,basic
C00110,2025-03-19,W12,2025-04-09,settings_change,82.3,free
C00110,2025-03-19,W12,2025-04-11,feature_use,141.2,free
C00111,2025-02-12,W07,2025-02-16,page_view,130.2,basic
C00111,2025-02-12,W07,2025-02-23,search,128.3,basic
C00111,2025-02-12,W07,2025-02-20,page_view,946.0,free
C00111,2025-02-12,W07,2025-03-08,page_view,115.9,basic
C00111,2025-02-12,W07,2025-03-07,page_view,208.8,free
C00111,2025-02-12,W07,2025-04-25,feature_use,240.8,basic
C00112,2025-01-08,W02,2025-01-13,page_view,226.2,free
C00113,2025-02-05,W06,2025-02-10,page_view,88.5,free
C00113,2025-02-05,W06,2025-02-10,page_view,40.9,basic
C00113,2025-02-05,W06,2025-02-09,feature_use,271.8,basic
C00113,2025-02-05,W06,2025-02-06,search,104.5,free
C00113,2025-02-05,W06,2025-02-25,search,54.0,basic
C00113,2025-02-05,W06,2025-02-20,feature_use,72.2,free
C00113,2025-02-05,W06,2025-02-20,page_view,66.4,free
C00113,2025-02-05,W06,2025-02-24,search,92.9,free
C00113,2025-02-05,W06,2025-02-19,search,22.3,free
C00113,2025-02-05,W06,2025-03-11,page_view,47.2,free
C00114,2025-03-19,W12,2025-03-20,page_view,237.8,basic
C00115,2025-01-01,W01,2025-01-05,page_view,598.2,basic
C00116,2025-03-05,W10,2025-03-08,feature_use,92.4,basic
C00116,2025-03-05,W10,2025-03-14,page_view,67.0,free
C00116,2025-03-05,W10,2025-03-27,page_view,326.1,free
C00117,2025-01-22,W04,2025-01-22,page_view,494.1,free
C00117,2025-01-22,W04,2025-01-25,page_view,303.6,pro
C00117,2025-01-22,W04,2025-02-07,page_view,80.4,free
C00118,2025-02-12,W07,2025-02-18,feature_use,55.9,free
C00118,2025-02-12,W07,2025-05-06,search,129.2,free
C00119,2025-02-19,W08,2025-02-20,settings_change,118.3,basic
C00119,2025-02-19,W08,2025-02-23,page_view,305.0,free
C00119,2025-02-19,W08,2025-02-19,feature_use,36.3,free
C00119,2025-02-19,W08,2025-02-20,page_view,316.7,pro
C00119,2025-02-19,W08,2025-05-04,page_view,162.1,free
C00120,2025-02-19,W08,2025-02-21,settings_change,546.3,pro
C00120,2025-02-19,W08,2025-02-26,search,197.4,pro
C00120,2025-02-19,W08,2025-03-04,feature_use,78.5,free
C00120,2025-02-19,W08,2025-03-30,search,92.1,free
C00120,2025-02-19,W08,2025-04-04,search,220.4,free
C00120,2025-02-19,W08,2025-04-12,page_view,275.7,free
C00120,2025-02-19,W08,2025-04-30,feature_use,177.5,basic
C00121,2025-01-29,W05,2025-02-02,page_view,272.1,free
C00122,2025-03-12,W11,2025-03-16,page_view,391.5,free
C00122,2025-03-12,W11,2025-04-17,settings_change,31.0,basic
C00122,2025-03-12,W11,2025-04-21,page_view,59.1,basic
C00122,2025-03-12,W11,2025-04-17,page_view,129.5,pro
C00122,2025-03-12,W11,2025-05-01,search,942.4,basic
C00122,2025-03-12,W11,2025-04-30,feature_use,222.6,basic
C00122,2025-03-12,W11,2025-05-02,page_view,99.9,pro
C00122,2025-03-12,W11,2025-05-03,search,65.3,free
C00123,2025-01-08,W02,2025-01-09,search,65.9,free
C00123,2025-01-08,W02,2025-01-21,feature_use,134.0,free
C00124,2025-01-22,W04,2025-01-24,search,453.2,free
C00125,2025-01-15,W03,2025-01-19,page_view,123.3,basic
C00126,2025-02-12,W07,2025-02-13,settings_change,608.8,free
C00126,2025-02-12,W07,2025-02-13,feature_use,76.0,free
C00127,2025-02-05,W06,2025-02-08,page_view,603.5,free
C00127,2025-02-05,W06,2025-02-28,page_view,161.3,free
C00127,2025-02-05,W06,2025-03-10,page_view,227.8,free
C00128,2025-01-08,W02,2025-01-12,feature_use,130.8,basic
C00128,2025-01-08,W02,2025-01-20,settings_change,282.9,free
C00128,2025-01-08,W02,2025-01-19,settings_change,95.7,free
C00128,2025-01-08,W02,2025-01-19,page_view,97.3,free
C00128,2025-01-08,W02,2025-01-20,page_view,770.8,free
C00128,2025-01-08,W02,2025-01-23,page_view,59.4,basic
C00129,2025-01-22,W04,2025-01-25,search,163.6,basic
C00129,2025-01-22,W04,2025-01-24,settings_change,42.8,free
C00130,2025-01-15,W03,2025-01-17,page_view,156.7,free
C00130,2025-01-15,W03,2025-01-29,page_view,253.9,pro
C00130,2025-01-15,W03,2025-02-03,feature_use,480.3,free
C00130,2025-01-15,W03,2025-03-30,feature_use,252.4,free
C00131,2025-01-01,W01,2025-01-07,search,65.1,free
C00131,2025-01-01,W01,2025-01-07,page_view,32.6,free
C00131,2025-01-01,W01,2025-01-07,page_view,24.7,free
C00131,2025-01-01,W01,2025-03-04,feature_use,72.2,free
C00132,2025-01-01,W01,2025-01-04,feature_use,38.4,free
C00132,2025-01-01,W01,2025-01-03,page_view,235.2,pro
C00132,2025-01-01,W01,2025-01-23,search,34.1,basic
C00132,2025-01-01,W01,2025-03-14,search,497.9,free
C00133,2025-03-19,W12,2025-03-22,search,300.3,pro
C00133,2025-03-19,W12,2025-03-29,search,133.4,basic
C00133,2025-03-19,W12,2025-05-25,page_view,216.9,pro
C00133,2025-03-19,W12,2025-05-21,page_view,196.1,basic
C00133,2025-03-19,W12,2025-05-25,feature_use,212.1,pro
C00134,2025-01-15,W03,2025-01-19,page_view,97.6,free
C00134,2025-01-15,W03,2025-01-15,search,224.6,basic
C00135,2025-02-26,W09,2025-03-04,search,133.9,basic
C00135,2025-02-26,W09,2025-03-09,page_view,71.4,free
C00135,2025-02-26,W09,2025-03-15,feature_use,25.7,free
C00136,2025-03-05,W10,2025-03-10,feature_use,134.7,free
C00136,2025-03-05,W10,2025-04-11,feature_use,45.0,pro
C00136,2025-03-05,W10,2025-04-09,feature_use,154.8,basic
C00137,2025-01-22,W04,2025-01-27,page_view,68.3,pro
C00137,2025-01-22,W04,2025-01-30,page_view,17.7,basic
C00137,2025-01-22,W04,2025-01-31,settings_change,175.9,pro
C00137,2025-01-22,W04,2025-02-13,page_view,45.1,basic
C00137,2025-01-22,W04,2025-03-19,search,67.9,basic
C00138,2025-03-05,W10,2025-03-05,page_view,250.4,free
C00138,2025-03-05,W10,2025-03-05,page_view,46.9,free
C00138,2025-03-05,W10,2025-03-05,search,191.8,basic
C00138,2025-03-05,W10,2025-03-18,page_view,60.3,free
C00138,2025-03-05,W10,2025-03-18,page_view,272.5,basic
C00138,2025-03-05,W10,2025-03-15,page_view,105.4,pro
C00138,2025-03-05,W10,2025-03-17,feature_use,35.4,basic
C00138,2025-03-05,W10,2025-03-16,feature_use,422.4,free
C00138,2025-03-05,W10,2025-03-16,search,543.1,basic
C00138,2025-03-05,W10,2025-03-13,settings_change,415.4,basic
C00138,2025-03-05,W10,2025-03-15,search,85.7,pro
C00138,2025-03-05,W10,2025-03-14,feature_use,25.5,free
C00138,2025-03-05,W10,2025-03-22,search,157.9,basic
C00139,2025-02-19,W08,2025-02-21,page_view,72.1,free
C00139,2025-02-19,W08,2025-02-25,page_view,1469.4,free
C00139,2025-02-19,W08,2025-02-27,feature_use,35.1,free
C00139,2025-02-19,W08,2025-03-04,page_view,338.3,free
C00139,2025-02-19,W08,2025-02-28,page_view,84.1,free
C00139,2025-02-19,W08,2025-03-03,settings_change,352.4,free
C00139,2025-02-19,W08,2025-03-10,settings_change,80.3,pro
C00139,2025-02-19,W08,2025-03-16,page_view,60.7,basic
C00139,2025-02-19,W08,2025-03-13,feature_use,38.1,free
C00139,2025-02-19,W08,2025-03-13,page_view,81.9,free
C00139,2025-02-19,W08,2025-03-13,page_view,58.2,basic
C00139,2025-02-19,W08,2025-03-22,feature_use,109.8,free
C00139,2025-02-19,W08,2025-03-25,page_view,158.1,basic
C00139,2025-02-19,W08,2025-04-24,feature_use,83.3,basic
C00139,2025-02-19,W08,2025-04-27,page_view,48.2,basic
C00139,2025-02-19,W08,2025-04-25,feature_use,96.4,basic
C00139,2025-02-19,W08,2025-04-29,page_view,58.4,basic
C00140,2025-03-19,W12,2025-03-19,page_view,104.3,free
C00141,2025-01-01,W01,2025-01-07,page_view,28.9,basic
C00141,2025-01-01,W01,2025-01-02,search,8.8,pro
C00141,2025-01-01,W01,2025-03-09,feature_use,30.3,basic
C00142,2025-02-19,W08,2025-02-19,page_view,116.5,basic
C00142,2025-02-19,W08,2025-03-24,page_view,287.1,free
C00142,2025-02-19,W08,2025-03-23,page_view,69.9,pro
C00142,2025-02-19,W08,2025-04-04,feature_use,89.5,free
C00142,2025-02-19,W08,2025-04-08,page_view,134.5,free
C00143,2025-01-08,W02,2025-01-09,feature_use,67.9,basic
C00143,2025-01-08,W02,2025-01-11,feature_use,709.0,free
C00143,2025-01-08,W02,2025-01-11,feature_use,392.3,free
C00143,2025-01-08,W02,2025-01-19,page_view,49.1,free
C00143,2025-01-08,W02,2025-02-05,page_view,37.3,free
C00144,2025-01-15,W03,2025-01-18,search,78.7,free
C00145,2025-01-01,W01,2025-01-02,page_view,37.5,basic
C00145,2025-01-01,W01,2025-01-09,feature_use,43.5,free
C00145,2025-01-01,W01,2025-01-18,page_view,168.0,pro
C00145,2025-01-01,W01,2025-01-18,feature_use,535.7,free
C00145,2025-01-01,W01,2025-01-20,search,514.3,free
C00145,2025-01-01,W01,2025-01-27,search,117.6,free
C00145,2025-01-01,W01,2025-02-23,page_view,93.7,pro
C00145,2025-01-01,W01,2025-03-01,page_view,849.8,basic
C00146,2025-02-19,W08,2025-02-24,page_view,177.4,free
C00146,2025-02-19,W08,2025-02-24,feature_use,45.7,free
C00146,2025-02-19,W08,2025-02-20,feature_use,252.0,pro
C00147,2025-01-29,W05,2025-02-04,page_view,2068.4,free
C00147,2025-01-29,W05,2025-01-30,page_view,215.3,basic
C00147,2025-01-29,W05,2025-02-17,feature_use,135.1,basic
C00147,2025-01-29,W05,2025-02-16,feature_use,267.7,free
C00148,2025-02-26,W09,2025-03-03,page_view,575.1,free
C00149,2025-02-19,W08,2025-02-24,feature_use,300.1,free
C00150,2025-03-19,W12,2025-03-20,search,24.4,free
C00151,2025-01-08,W02,2025-01-14,feature_use,577.6,pro
C00151,2025-01-08,W02,2025-01-13,search,65.0,basic
C00152,2025-02-05,W06,2025-02-07,page_view,193.9,free
C00152,2025-02-05,W06,2025-02-09,feature_use,317.5,basic
C00152,2025-02-05,W06,2025-02-16,page_view,472.3,basic
C00152,2025-02-05,W06,2025-02-14,page_view,17.8,free
C00152,2025-02-05,W06,2025-03-22,page_view,20.1,free
C00152,2025-02-05,W06,2025-04-15,page_view,230.4,basic
C00152,2025-02-05,W06,2025-04-11,page_view,1484.4,free
C00152,2025-02-05,W06,2025-04-12,settings_change,106.1,free
C00152,2025-02-05,W06,2025-04-21,search,485.4,basic
C00152,2025-02-05,W06,2025-04-17,search,77.4,basic
C00152,2025-02-05,W06,2025-04-18,page_view,205.7,basic
C00153,2025-03-19,W12,2025-03-21,feature_use,111.4,free
C00153,2025-03-19,W12,2025-03-24,feature_use,61.2,free
C00153,2025-03-19,W12,2025-04-14,feature_use,180.4,free
C00153,2025-03-19,W12,2025-04-18,page_view,497.9,basic
C00154,2025-01-22,W04,2025-01-27,feature_use,542.3,free
C00154,2025-01-22,W04,2025-02-06,feature_use,412.5,free
C00154,2025-01-22,W04,2025-02-10,feature_use,461.8,basic
C00155,2025-03-05,W10,2025-03-09,page_view,112.7,basic
C00155,2025-03-05,W10,2025-03-19,feature_use,147.9,basic
C00155,2025-03-05,W10,2025-04-19,page_view,260.3,basic
C00155,2025-03-05,W10,2025-05-09,feature_use,135.2,basic
C00156,2025-01-22,W04,2025-01-27,page_view,101.5,free
C00156,2025-01-22,W04,2025-01-23,page_view,55.1,basic
C00156,2025-01-22,W04,2025-02-27,settings_change,778.7,basic
C00156,2025-01-22,W04,2025-03-25,page_view,14.8,basic
C00156,2025-01-22,W04,2025-03-23,settings_change,129.0,basic
C00156,2025-01-22,W04,2025-04-06,feature_use,332.7,pro
C00156,2025-01-22,W04,2025-04-05,page_view,17.4,free
C00156,2025-01-22,W04,2025-04-05,page_view,110.6,free
C00156,2025-01-22,W04,2025-04-04,page_view,47.3,free
C00156,2025-01-22,W04,2025-04-06,page_view,414.8,free
C00157,2025-03-19,W12,2025-03-22,feature_use,811.5,free
C00157,2025-03-19,W12,2025-03-22,page_view,155.4,pro
C00157,2025-03-19,W12,2025-05-01,feature_use,61.6,free
C00157,2025-03-19,W12,2025-05-03,feature_use,169.7,free
C00157,2025-03-19,W12,2025-05-10,page_view,1864.5,free
C00158,2025-01-22,W04,2025-01-22,page_view,296.0,basic
C00158,2025-01-22,W04,2025-02-07,feature_use,668.3,free
C00158,2025-01-22,W04,2025-02-05,page_view,8.3,basic
C00158,2025-01-22,W04,2025-03-17,page_view,30.9,free
C00158,2025-01-22,W04,2025-03-13,feature_use,197.2,pro
C00158,2025-01-22,W04,2025-03-15,page_view,451.1,basic
C00159,2025-02-19,W08,2025-02-23,feature_use,582.8,pro
C00159,2025-02-19,W08,2025-02-21,page_view,276.2,pro
C00159,2025-02-19,W08,2025-02-22,feature_use,61.8,basic
C00159,2025-02-19,W08,2025-03-12,page_view,44.1,pro
C00159,2025-02-19,W08,2025-03-14,settings_change,52.6,basic
C00159,2025-02-19,W08,2025-05-07,search,48.6,free
C00160,2025-02-19,W08,2025-02-23,page_view,62.9,free
C00160,2025-02-19,W08,2025-02-22,search,384.3,basic
C00160,2025-02-19,W08,2025-02-21,feature_use,195.4,pro
C00160,2025-02-19,W08,2025-02-21,search,124.2,basic
C00160,2025-02-19,W08,2025-03-04,page_view,157.8,free
C00160,2025-02-19,W08,2025-03-04,search,298.5,pro
C00160,2025-02-19,W08,2025-03-03,page_view,45.5,basic
C00161,2025-01-15,W03,2025-01-16,feature_use,254.9,free
C00161,2025-01-15,W03,2025-03-09,page_view,775.5,free
C00161,2025-01-15,W03,2025-03-06,feature_use,490.4,free
C00162,2025-02-19,W08,2025-02-23,settings_change,68.7,free
C00162,2025-02-19,W08,2025-02-22,page_view,38.3,free
C00162,2025-02-19,W08,2025-02-24,feature_use,1046.1,pro
C00162,2025-02-19,W08,2025-02-26,search,368.3,pro
C00162,2025-02-19,W08,2025-03-11,page_view,565.9,free
C00162,2025-02-19,W08,2025-03-09,search,138.1,basic
C00163,2025-02-19,W08,2025-02-22,page_view,107.5,free
C00163,2025-02-19,W08,2025-03-29,settings_change,594.6,basic
C00164,2025-02-12,W07,2025-02-14,page_view,367.9,pro
C00164,2025-02-12,W07,2025-03-06,feature_use,20.3,pro
C00165,2025-01-08,W02,2025-01-11,page_view,22.7,free
C00165,2025-01-08,W02,2025-02-04,page_view,147.7,basic
C00165,2025-01-08,W02,2025-02-27,page_view,387.7,free
C00166,2025-01-29,W05,2025-02-02,page_view,72.0,free
C00166,2025-01-29,W05,2025-02-02,search,132.8,free
C00166,2025-01-29,W05,2025-02-03,page_view,89.3,free
C00166,2025-01-29,W05,2025-02-13,search,121.0,free
C00166,2025-01-29,W05,2025-03-09,page_view,236.4,basic
C00167,2025-01-29,W05,2025-02-02,page_view,202.0,free
C00168,2025-01-22,W04,2025-01-24,page_view,1138.0,free
C00168,2025-01-22,W04,2025-01-31,search,324.3,basic
C00168,2025-01-22,W04,2025-01-30,page_view,263.6,free
C00168,2025-01-22,W04,2025-02-06,page_view,8.1,free
C00168,2025-01-22,W04,2025-03-22,page_view,116.4,pro
C00168,2025-01-22,W04,2025-03-25,page_view,18.5,free
C00168,2025-01-22,W04,2025-03-23,page_view,59.9,free
C00168,2025-01-22,W04,2025-03-25,feature_use,171.8,free
C00169,2025-01-01,W01,2025-01-04,feature_use,185.3,pro
C00169,2025-01-01,W01,2025-01-08,feature_use,504.5,free
C00169,2025-01-01,W01,2025-01-11,page_view,112.9,pro
C00169,2025-01-01,W01,2025-01-12,search,36.5,pro
C00169,2025-01-01,W01,2025-02-05,feature_use,173.7,basic
C00169,2025-01-01,W01,2025-02-19,page_view,122.3,pro
C00169,2025-01-01,W01,2025-02-20,page_view,388.2,free
C00169,2025-01-01,W01,2025-02-21,page_view,42.8,pro
C00170,2025-01-22,W04,2025-01-22,feature_use,418.8,free
C00170,2025-01-22,W04,2025-02-21,settings_change,154.5,free
C00170,2025-01-22,W04,2025-04-08,feature_use,79.7,free
C00171,2025-01-01,W01,2025-01-05,page_view,350.5,free
C00172,2025-03-12,W11,2025-03-17,feature_use,99.7,basic
C00172,2025-03-12,W11,2025-03-18,feature_use,262.8,basic
C00172,2025-03-12,W11,2025-04-30,page_view,197.9,pro
C00172,2025-03-12,W11,2025-04-30,page_view,439.5,free
C00173,2025-02-12,W07,2025-02-18,page_view,129.3,free
C00173,2025-02-12,W07,2025-02-18,search,167.7,free
C00173,2025-02-12,W07,2025-02-18,page_view,156.9,free
C00173,2025-02-12,W07,2025-02-13,search,158.4,free
C00173,2025-02-12,W07,2025-03-07,feature_use,1030.7,free
C00174,2025-03-12,W11,2025-03-14,search,419.6,free
C00174,2025-03-12,W11,2025-03-23,feature_use,176.4,free
C00175,2025-01-01,W01,2025-01-02,page_view,25.6,basic
C00175,2025-01-01,W01,2025-01-04,page_view,172.0,basic
C00175,2025-01-01,W01,2025-01-08,feature_use,183.9,free
C00175,2025-01-01,W01,2025-01-12,settings_change,68.0,free
C00175,2025-01-01,W01,2025-01-13,page_view,458.5,free
C00175,2025-01-01,W01,2025-01-30,feature_use,198.1,pro
C00175,2025-01-01,W01,2025-01-29,feature_use,44.0,free
C00175,2025-01-01,W01,2025-02-20,page_view,2710.5,pro
C00176,2025-01-22,W04,2025-01-25,page_view,168.1,pro
C00177,2025-03-19,W12,2025-03-20,feature_use,88.6,free
C00178,2025-02-12,W07,2025-02-12,page_view,193.9,basic
C00179,2025-01-29,W05,2025-02-01,page_view,175.1,pro
C00179,2025-01-29,W05,2025-02-03,page_view,65.0,free
C00179,2025-01-29,W05,2025-02-01,page_view,41.7,free
C00179,2025-01-29,W05,2025-02-24,feature_use,558.6,basic
C00179,2025-01-29,W05,2025-03-04,page_view,461.0,free
C00179,2025-01-29,W05,2025-03-03,page_view,28.1,pro
C00179,2025-01-29,W05,2025-03-25,feature_use,36.6,pro
C00179,2025-01-29,W05,2025-03-23,feature_use,204.7,pro
C00180,2025-03-12,W11,2025-03-18,page_view,124.1,basic
C00181,2025-01-15,W03,2025-01-15,page_view,754.2,free
C00181,2025-01-15,W03,2025-02-17,page_view,27.2,free
C00182,2025-02-26,W09,2025-02-28,page_view,39.9,basic
C00182,2025-02-26,W09,2025-03-26,page_view,210.7,free
C00182,2025-02-26,W09,2025-03-28,page_view,46.0,pro
C00182,2025-02-26,W09,2025-03-31,page_view,282.1,basic
C00182,2025-02-26,W09,2025-03-28,page_view,259.7,pro
C00182,2025-02-26,W09,2025-04-24,page_view,295.3,free
C00182,2025-02-26,W09,2025-05-02,feature_use,272.1,basic
C00182,2025-02-26,W09,2025-05-06,search,675.4,free
C00182,2025-02-26,W09,2025-05-11,page_view,471.9,pro
C00182,2025-02-26,W09,2025-05-07,feature_use,137.8,basic
C00183,2025-01-08,W02,2025-01-09,page_view,151.7,basic
C00183,2025-01-08,W02,2025-01-25,feature_use,74.0,basic
C00183,2025-01-08,W02,2025-01-22,page_view,240.2,basic
C00183,2025-01-08,W02,2025-02-07,feature_use,49.7,pro
C00184,2025-01-08,W02,2025-01-11,page_view,45.8,basic
C00184,2025-01-08,W02,2025-01-09,feature_use,72.7,pro
C00184,2025-01-08,W02,2025-01-12,search,911.6,free
C00184,2025-01-08,W02,2025-02-04,page_view,250.4,free
C00184,2025-01-08,W02,2025-03-11,page_view,75.1,free
C00185,2025-02-19,W08,2025-02-25,settings_change,326.7,free
C00185,2025-02-19,W08,2025-02-26,search,207.5,pro
C00185,2025-02-19,W08,2025-02-27,search,160.7,basic
C00185,2025-02-19,W08,2025-03-08,page_view,26.1,free
C00185,2025-02-19,W08,2025-03-22,page_view,115.0,pro
C00185,2025-02-19,W08,2025-03-20,page_view,213.1,free
C00186,2025-01-29,W05,2025-02-04,page_view,226.8,basic
C00186,2025-01-29,W05,2025-02-09,search,201.1,basic
C00186,2025-01-29,W05,2025-02-06,page_view,371.7,free
C00186,2025-01-29,W05,2025-02-16,search,229.7,pro
C00186,2025-01-29,W05,2025-02-27,page_view,385.0,free
C00186,2025-01-29,W05,2025-02-26,page_view,18.2,free
C00186,2025-01-29,W05,2025-03-09,feature_use,98.4,pro
C00186,2025-01-29,W05,2025-03-08,page_view,174.6,basic
C00186,2025-01-29,W05,2025-03-09,feature_use,90.6,pro
C00186,2025-01-29,W05,2025-03-09,search,207.3,free
C00186,2025-01-29,W05,2025-03-07,page_view,55.6,free
C00186,2025-01-29,W05,2025-03-08,page_view,231.5,basic
C00186,2025-01-29,W05,2025-03-07,feature_use,58.9,pro
C00186,2025-01-29,W05,2025-03-10,settings_change,252.9,basic
C00186,2025-01-29,W05,2025-03-07,page_view,161.7,free
C00186,2025-01-29,W05,2025-03-05,settings_change,70.4,free
C00186,2025-01-29,W05,2025-04-12,feature_use,878.4,basic
C00186,2025-01-29,W05,2025-04-14,page_view,321.9,pro
C00186,2025-01-29,W05,2025-04-10,page_view,909.6,basic
C00187,2025-02-12,W07,2025-02-15,feature_use,202.6,pro
C00188,2025-02-26,W09,2025-03-01,feature_use,170.8,basic
C00188,2025-02-26,W09,2025-03-02,feature_use,180.2,free
C00188,2025-02-26,W09,2025-03-05,feature_use,83.2,free
C00188,2025-02-26,W09,2025-03-05,search,257.4,free
C00188,2025-02-26,W09,2025-03-09,page_view,43.3,free
C00188,2025-02-26,W09,2025-03-06,search,329.0,basic
C00188,2025-02-26,W09,2025-03-27,page_view,55.9,basic
C00188,2025-02-26,W09,2025-03-29,feature_use,595.8,free
C00188,2025-02-26,W09,2025-05-02,feature_use,35.5,basic
C00189,2025-03-12,W11,2025-03-18,feature_use,106.3,free
C00189,2025-03-12,W11,2025-03-13,page_view,181.7,free
C00189,2025-03-12,W11,2025-03-31,search,213.9,basic
C00189,2025-03-12,W11,2025-03-30,page_view,622.9,free
C00189,2025-03-12,W11,2025-03-29,search,412.5,pro
C00189,2025-03-12,W11,2025-03-26,page_view,178.2,basic
C00189,2025-03-12,W11,2025-04-19,page_view,287.8,free
C00189,2025-03-12,W11,2025-04-25,settings_change,107.8,free
C00189,2025-03-12,W11,2025-04-26,page_view,113.4,free
C00190,2025-01-08,W02,2025-01-13,feature_use,379.2,basic
C00190,2025-01-08,W02,2025-01-31,search,23.4,free
C00191,2025-02-12,W07,2025-02-17,page_view,161.8,basic
C00191,2025-02-12,W07,2025-02-19,page_view,305.9,basic
C00191,2025-02-12,W07,2025-02-23,page_view,87.8,pro
C00191,2025-02-12,W07,2025-02-19,page_view,59.8,pro
C00191,2025-02-12,W07,2025-03-06,page_view,1216.9,free
C00191,2025-02-12,W07,2025-03-10,search,210.4,basic
C00191,2025-02-12,W07,2025-05-06,feature_use,49.9,free
C00192,2025-02-12,W07,2025-02-15,page_view,227.6,pro
C00192,2025-02-12,W07,2025-02-25,page_view,717.7,free
C00192,2025-02-12,W07,2025-04-21,feature_use,48.4,free
C00192,2025-02-12,W07,2025-04-21,feature_use,72.6,pro
C00192,2025-02-12,W07,2025-04-17,feature_use,131.9,basic
C00192,2025-02-12,W07,2025-04-18,feature_use,108.2,pro
C00192,2025-02-12,W07,2025-05-06,page_view,67.2,basic
C00193,2025-01-22,W04,2025-01-27,search,79.8,pro
C00193,2025-01-22,W04,2025-01-27,page_view,59.0,free
C00193,2025-01-22,W04,2025-01-26,page_view,149.1,free
C00193,2025-01-22,W04,2025-02-05,page_view,103.9,free
C00193,2025-01-22,W04,2025-03-30,page_view,17.9,free
C00193,2025-01-22,W04,2025-03-31,feature_use,58.9,free
C00194,2025-02-12,W07,2025-02-12,search,360.8,free
C00194,2025-02-12,W07,2025-03-15,page_view,14.4,free
C00194,2025-02-12,W07,2025-03-18,feature_use,284.3,basic
C00194,2025-02-12,W07,2025-03-15,feature_use,120.8,free
C00194,2025-02-12,W07,2025-03-26,page_view,161.8,free
C00195,2025-01-22,W04,2025-01-28,page_view,322.4,pro
C00195,2025-01-22,W04,2025-01-22,search,1178.3,free
C00195,2025-01-22,W04,2025-01-24,search,227.6,free
C00195,2025-01-22,W04,2025-01-24,page_view,226.9,basic
C00195,2025-01-22,W04,2025-01-27,feature_use,57.2,free
C00195,2025-01-22,W04,2025-01-30,search,538.2,pro
C00195,2025-01-22,W04,2025-02-20,feature_use,69.5,free
C00195,2025-01-22,W04,2025-02-22,search,186.6,basic
C00195,2025-01-22,W04,2025-02-27,feature_use,398.5,free
C00195,2025-01-22,W04,2025-04-06,page_view,30.8,free
C00195,2025-01-22,W04,2025-04-05,feature_use,314.9,basic
C00196,2025-02-26,W09,2025-03-01,feature_use,393.3,free
C00196,2025-02-26,W09,2025-04-19,search,122.8,free
C00196,2025-02-26,W09,2025-04-16,page_view,56.1,free
C00196,2025-02-26,W09,2025-05-14,page_view,755.7,free
C00197,2025-03-12,W11,2025-03-17,feature_use,513.9,pro
C00197,2025-03-12,W11,2025-03-14,feature_use,64.6,free
C00197,2025-03-12,W11,2025-03-23,page_view,140.3,free
C00197,2025-03-12,W11,2025-03-24,page_view,193.9,basic
C00197,2025-03-12,W11,2025-03-30,page_view,144.0,pro
C00197,2025-03-12,W11,2025-04-11,feature_use,186.9,free
C00198,2025-01-22,W04,2025-01-27,page_view,571.2,basic
C00198,2025-01-22,W04,2025-02-22,page_view,162.0,pro
C00199,2025-01-01,W01,2025-01-05,page_view,100.4,free
C00199,2025-01-01,W01,2025-01-10,search,80.0,free
C00199,2025-01-01,W01,2025-01-09,page_view,157.3,free
C00199,2025-01-01,W01,2025-01-13,page_view,99.7,pro
C00199,2025-01-01,W01,2025-03-01,feature_use,130.7,basic
C00199,2025-01-01,W01,2025-02-28,search,453.1,basic
C00199,2025-01-01,W01,2025-03-01,feature_use,854.3,pro
C00200,2025-02-05,W06,2025-02-09,page_view,149.9,free
C00200,2025-02-05,W06,2025-03-04,page_view,50.5,free
C00200,2025-02-05,W06,2025-03-08,page_view,81.6,free
C00200,2025-02-05,W06,2025-03-11,page_view,314.5,free
C00200,2025-02-05,W06,2025-03-28,search,44.3,basic
C00200,2025-02-05,W06,2025-03-31,page_view,160.8,pro
C00200,2025-02-05,W06,2025-03-26,page_view,153.7,basic
C00201,2025-01-29,W05,2025-01-30,page_view,401.0,free
C00201,2025-01-29,W05,2025-01-29,feature_use,31.1,free
C00202,2025-01-22,W04,2025-01-28,feature_use,326.4,free
C00202,2025-01-22,W04,2025-02-26,feature_use,27.8,basic
C00202,2025-01-22,W04,2025-03-11,page_view,145.5,free
C00202,2025-01-22,W04,2025-03-11,page_view,194.7,pro
C00202,2025-01-22,W04,2025-03-10,page_view,1167.3,basic
C00203,2025-03-12,W11,2025-03-17,settings_change,261.0,free
C00203,2025-03-12,W11,2025-03-12,feature_use,320.2,free
C00203,2025-03-12,W11,2025-04-27,settings_change,112.6,basic
C00204,2025-03-19,W12,2025-03-20,feature_use,665.4,free
C00204,2025-03-19,W12,2025-04-01,page_view,84.7,free
C00204,2025-03-19,W12,2025-03-29,page_view,64.8,free
C00204,2025-03-19,W12,2025-03-26,feature_use,120.1,free
C00204,2025-03-19,W12,2025-04-05,feature_use,47.1,free
C00204,2025-03-19,W12,2025-04-19,feature_use,60.2,basic
C00205,2025-01-15,W03,2025-01-21,page_view,1027.9,basic
C00205,2025-01-15,W03,2025-01-26,page_view,68.8,basic
C00205,2025-01-15,W03,2025-03-03,feature_use,219.2,free
C00205,2025-01-15,W03,2025-03-03,page_view,101.6,pro
C00205,2025-01-15,W03,2025-03-21,feature_use,48.9,free
C00206,2025-01-22,W04,2025-01-22,page_view,76.1,basic
C00207,2025-01-01,W01,2025-01-07,page_view,1233.2,basic
C00207,2025-01-01,W01,2025-01-04,page_view,74.3,free
C00207,2025-01-01,W01,2025-01-02,feature_use,38.0,pro
C00207,2025-01-01,W01,2025-01-22,feature_use,218.8,pro
C00207,2025-01-01,W01,2025-03-03,feature_use,170.8,free
C00207,2025-01-01,W01,2025-03-16,page_view,65.2,pro
C00207,2025-01-01,W01,2025-03-18,page_view,253.0,free
C00208,2025-01-29,W05,2025-01-29,page_view,1456.4,basic
C00208,2025-01-29,W05,2025-02-04,page_view,97.3,free
C00208,2025-01-29,W05,2025-02-01,feature_use,384.9,free
C00208,2025-01-29,W05,2025-02-04,settings_change,812.8,free
C00209,2025-01-08,W02,2025-01-09,page_view,37.5,pro
C00209,2025-01-08,W02,2025-01-13,page_view,85.3,pro
C00210,2025-02-12,W07,2025-02-12,page_view,186.7,free
C00210,2025-02-12,W07,2025-02-16,feature_use,195.1,basic
C00210,2025-02-12,W07,2025-02-14,page_view,36.5,basic
C00210,2025-02-12,W07,2025-02-22,page_view,2729.1,basic
C00210,2025-02-12,W07,2025-02-25,feature_use,248.3,free
C00210,2025-02-12,W07,2025-03-14,settings_change,82.8,pro
C00210,2025-02-12,W07,2025-03-17,feature_use,98.3,free
C00210,2025-02-12,W07,2025-03-24,feature_use,144.0,free
C00210,2025-02-12,W07,2025-03-20,feature_use,127.6,basic
C00210,2025-02-12,W07,2025-03-20,feature_use,274.6,free
C00210,2025-02-12,W07,2025-03-24,page_view,149.4,free
C00210,2025-02-12,W07,2025-03-23,feature_use,460.2,free
C00210,2025-02-12,W07,2025-04-07,settings_change,286.7,free
C00210,2025-02-12,W07,2025-04-25,page_view,202.5,pro
C00210,2025-02-12,W07,2025-04-23,page_view,460.2,free
C00211,2025-02-26,W09,2025-02-27,search,90.2,pro
C00211,2025-02-26,W09,2025-03-03,feature_use,180.3,free
C00211,2025-02-26,W09,2025-03-02,page_view,83.8,pro
C00211,2025-02-26,W09,2025-03-05,page_view,238.2,pro
C00211,2025-02-26,W09,2025-03-21,page_view,513.2,free
C00211,2025-02-26,W09,2025-03-30,feature_use,38.5,free
C00211,2025-02-26,W09,2025-03-28,page_view,294.2,free
C00211,2025-02-26,W09,2025-03-28,page_view,10.6,free
C00211,2025-02-26,W09,2025-03-28,feature_use,112.3,free
C00212,2025-02-05,W06,2025-02-08,page_view,247.6,pro
C00212,2025-02-05,W06,2025-02-09,page_view,630.3,free
C00212,2025-02-05,W06,2025-04-20,page_view,317.1,free
C00213,2025-02-05,W06,2025-02-08,page_view,127.3,pro
C00213,2025-02-05,W06,2025-02-07,page_view,178.6,free
C00213,2025-02-05,W06,2025-02-13,page_view,1147.6,free
C00213,2025-02-05,W06,2025-02-13,page_view,30.2,basic
C00213,2025-02-05,W06,2025-02-13,page_view,675.8,basic
C00213,2025-02-05,W06,2025-02-25,feature_use,128.4,free
C00213,2025-02-05,W06,2025-02-21,page_view,121.4,free
C00213,2025-02-05,W06,2025-03-03,feature_use,71.3,basic
C00213,2025-02-05,W06,2025-03-03,page_view,311.8,basic
C00213,2025-02-05,W06,2025-03-04,page_view,79.4,free
C00213,2025-02-05,W06,2025-03-16,search,88.6,pro
C00213,2025-02-05,W06,2025-03-14,page_view,104.7,pro
C00213,2025-02-05,W06,2025-03-18,feature_use,189.8,free
C00213,2025-02-05,W06,2025-03-17,page_view,560.9,free
C00213,2025-02-05,W06,2025-03-16,page_view,73.3,pro
C00213,2025-02-05,W06,2025-03-12,page_view,288.8,free
C00213,2025-02-05,W06,2025-03-17,page_view,352.0,free
C00213,2025-02-05,W06,2025-03-13,page_view,672.9,basic
C00213,2025-02-05,W06,2025-03-20,page_view,403.6,basic
C00213,2025-02-05,W06,2025-04-09,search,231.5,free
C00213,2025-02-05,W06,2025-04-09,page_view,405.8,pro
C00213,2025-02-05,W06,2025-04-10,search,20.4,free
C00213,2025-02-05,W06,2025-04-10,page_view,290.5,free
C00213,2025-02-05,W06,2025-04-09,search,52.6,free
C00213,2025-02-05,W06,2025-04-18,page_view,1091.3,free
C00213,2025-02-05,W06,2025-04-19,feature_use,198.4,free
C00214,2025-03-05,W10,2025-03-05,settings_change,91.3,free
C00214,2025-03-05,W10,2025-03-06,page_view,307.7,free
C00214,2025-03-05,W10,2025-03-11,feature_use,114.1,free
C00214,2025-03-05,W10,2025-03-10,page_view,722.3,free
C00214,2025-03-05,W10,2025-03-16,search,245.4,free
C00214,2025-03-05,W10,2025-04-03,page_view,56.9,basic
C00214,2025-03-05,W10,2025-04-30,search,108.5,basic
C00215,2025-03-19,W12,2025-03-23,page_view,59.6,free
C00216,2025-03-05,W10,2025-03-07,feature_use,29.0,free
C00216,2025-03-05,W10,2025-03-10,feature_use,160.5,free
C00216,2025-03-05,W10,2025-03-13,page_view,273.7,free
C00216,2025-03-05,W10,2025-03-17,feature_use,114.6,free
C00216,2025-03-05,W10,2025-04-01,settings_change,90.9,free
C00216,2025-03-05,W10,2025-04-09,search,26.4,basic
C00216,2025-03-05,W10,2025-04-19,page_view,311.0,basic
C00216,2025-03-05,W10,2025-04-18,feature_use,197.0,free
C00217,2025-01-15,W03,2025-01-18,page_view,187.0,basic
C00218,2025-02-19,W08,2025-02-25,page_view,30.4,free
C00218,2025-02-19,W08,2025-02-27,page_view,47.5,free
C00218,2025-02-19,W08,2025-03-10,search,137.1,pro
C00218,2025-02-19,W08,2025-03-16,feature_use,150.0,free
C00219,2025-01-15,W03,2025-01-18,page_view,269.3,free
C00219,2025-01-15,W03,2025-02-10,page_view,5.0,basic
C00219,2025-01-15,W03,2025-02-17,feature_use,93.9,free
C00219,2025-01-15,W03,2025-02-15,page_view,48.1,free
C00219,2025-01-15,W03,2025-03-22,page_view,494.8,pro
C00219,2025-01-15,W03,2025-03-19,page_view,185.8,basic
C00220,2025-03-12,W11,2025-03-12,page_view,649.6,basic
C00220,2025-03-12,W11,2025-03-18,search,76.5,pro
C00220,2025-03-12,W11,2025-03-20,page_view,215.9,free
C00221,2025-01-22,W04,2025-01-25,page_view,96.7,free
C00221,2025-01-22,W04,2025-02-07,page_view,66.0,free
C00221,2025-01-22,W04,2025-02-08,page_view,56.7,basic
C00221,2025-01-22,W04,2025-02-08,feature_use,140.4,basic
C00222,2025-01-15,W03,2025-01-21,search,1061.6,basic
C00222,2025-01-15,W03,2025-01-26,feature_use,75.5,pro
C00222,2025-01-15,W03,2025-02-03,page_view,157.4,free
C00223,2025-01-08,W02,2025-01-08,feature_use,2290.0,basic
C00223,2025-01-08,W02,2025-01-12,settings_change,74.7,free
C00223,2025-01-08,W02,2025-01-12,page_view,89.3,free
C00223,2025-01-08,W02,2025-01-09,search,87.2,free
C00223,2025-01-08,W02,2025-01-09,page_view,119.3,pro
C00223,2025-01-08,W02,2025-01-21,feature_use,169.8,basic
C00224,2025-01-01,W01,2025-01-04,feature_use,175.9,basic
C00225,2025-01-01,W01,2025-01-06,page_view,337.8,free
C00225,2025-01-01,W01,2025-01-04,feature_use,279.8,pro
C00225,2025-01-01,W01,2025-01-01,search,151.6,basic
C00225,2025-01-01,W01,2025-01-06,page_view,118.7,basic
C00225,2025-01-01,W01,2025-01-11,feature_use,525.4,free
C00225,2025-01-01,W01,2025-01-13,feature_use,88.2,basic
C00225,2025-01-01,W01,2025-01-11,page_view,158.3,free
C00225,2025-01-01,W01,2025-01-13,page_view,117.9,free
C00225,2025-01-01,W01,2025-01-20,settings_change,170.5,pro
C00225,2025-01-01,W01,2025-01-27,feature_use,56.4,pro
C00226,2025-01-01,W01,2025-01-07,search,101.2,pro
C00226,2025-01-01,W01,2025-01-01,feature_use,39.1,free
C00227,2025-03-05,W10,2025-03-05,search,221.8,free
C00227,2025-03-05,W10,2025-03-05,feature_use,235.8,pro
C00228,2025-01-29,W05,2025-02-04,search,450.7,free
C00228,2025-01-29,W05,2025-02-09,feature_use,394.3,free
C00228,2025-01-29,W05,2025-03-07,page_view,24.6,free
C00228,2025-01-29,W05,2025-03-11,feature_use,86.5,pro
C00228,2025-01-29,W05,2025-03-09,page_view,193.3,free
C00228,2025-01-29,W05,2025-04-06,feature_use,665.6,basic
C00229,2025-03-05,W10,2025-03-07,search,80.1,basic
C00229,2025-03-05,W10,2025-04-02,page_view,164.6,free
C00230,2025-01-01,W01,2025-01-02,search,169.7,basic
C00230,2025-01-01,W01,2025-01-13,feature_use,50.8,free
C00230,2025-01-01,W01,2025-01-09,search,146.1,basic
C00230,2025-01-01,W01,2025-01-31,page_view,21.4,free
C00230,2025-01-01,W01,2025-01-29,feature_use,182.0,pro
C00230,2025-01-01,W01,2025-01-31,search,27.2,pro
C00230,2025-01-01,W01,2025-02-02,feature_use,18.0,basic
C00230,2025-01-01,W01,2025-02-22,page_view,61.8,pro
C00230,2025-01-01,W01,2025-02-25,feature_use,498.4,pro
C00231,2025-01-29,W05,2025-02-04,page_view,22.0,free
C00231,2025-01-29,W05,2025-03-03,feature_use,70.9,free
C00231,2025-01-29,W05,2025-02-27,page_view,125.4,basic
C00231,2025-01-29,W05,2025-03-02,page_view,128.4,free
C00231,2025-01-29,W05,2025-03-17,search,162.2,free
C00231,2025-01-29,W05,2025-03-18,search,610.0,free
C00232,2025-01-22,W04,2025-01-22,page_view,529.2,free
C00232,2025-01-22,W04,2025-01-28,page_view,434.2,free
C00232,2025-01-22,W04,2025-02-04,page_view,348.0,basic
C00232,2025-01-22,W04,2025-01-31,page_view,200.0,basic
C00232,2025-01-22,W04,2025-02-04,page_view,44.4,basic
C00232,2025-01-22,W04,2025-01-30,page_view,71.7,free
C00233,2025-01-08,W02,2025-01-09,feature_use,83.9,basic
C00233,2025-01-08,W02,2025-01-12,feature_use,323.5,pro
C00233,2025-01-08,W02,2025-03-05,settings_change,43.7,basic
C00233,2025-01-08,W02,2025-03-05,search,196.6,free
C00234,2025-01-15,W03,2025-01-20,search,117.6,free
C00234,2025-01-15,W03,2025-01-19,page_view,157.1,pro
C00235,2025-02-19,W08,2025-02-24,search,109.9,basic
C00235,2025-02-19,W08,2025-02-20,page_view,52.2,free
C00235,2025-02-19,W08,2025-04-12,page_view,1772.4,pro
C00235,2025-02-19,W08,2025-04-27,feature_use,1640.4,free
C00236,2025-01-15,W03,2025-01-18,feature_use,74.6,free
C00236,2025-01-15,W03,2025-01-16,page_view,391.4,basic
C00237,2025-01-15,W03,2025-01-15,feature_use,37.1,basic
C00237,2025-01-15,W03,2025-01-17,page_view,186.4,pro
C00237,2025-01-15,W03,2025-01-21,page_view,266.3,basic
C00237,2025-01-15,W03,2025-02-03,feature_use,315.5,free
C00237,2025-01-15,W03,2025-02-02,page_view,487.0,free
C00237,2025-01-15,W03,2025-01-31,page_view,102.5,free
C00238,2025-01-08,W02,2025-01-13,page_view,182.0,basic
C00238,2025-01-08,W02,2025-02-23,page_view,379.5,free
C00238,2025-01-08,W02,2025-03-20,settings_change,68.1,pro
C00239,2025-03-19,W12,2025-03-19,page_view,276.8,pro
C00240,2025-01-29,W05,2025-01-30,page_view,188.7,basic
C00240,2025-01-29,W05,2025-01-31,page_view,109.2,basic
C00240,2025-01-29,W05,2025-02-13,page_view,239.0,pro
C00240,2025-01-29,W05,2025-02-28,page_view,45.8,pro
C00240,2025-01-29,W05,2025-02-27,search,51.5,pro
C00240,2025-01-29,W05,2025-02-26,feature_use,213.5,basic
C00240,2025-01-29,W05,2025-04-01,feature_use,334.5,free
C00240,2025-01-29,W05,2025-04-08,page_view,104.9,basic
C00241,2025-01-08,W02,2025-01-14,search,80.2,pro
C00242,2025-03-05,W10,2025-03-10,feature_use,57.1,free
C00243,2025-03-05,W10,2025-03-11,feature_use,101.5,basic
C00243,2025-03-05,W10,2025-03-13,search,250.9,basic
C00243,2025-03-05,W10,2025-03-15,page_view,78.6,free
C00243,2025-03-05,W10,2025-03-16,feature_use,296.4,pro
C00243,2025-03-05,W10,2025-03-14,page_view,41.0,free
C00243,2025-03-05,W10,2025-04-06,page_view,94.8,free
C00243,2025-03-05,W10,2025-04-11,search,62.4,basic
C00243,2025-03-05,W10,2025-05-04,page_view,56.7,pro
C00243,2025-03-05,W10,2025-05-03,feature_use,170.8,free
C00244,2025-03-19,W12,2025-03-23,page_view,242.6,free
C00245,2025-02-12,W07,2025-02-12,search,40.5,pro
C00245,2025-02-12,W07,2025-03-22,feature_use,108.9,basic
C00246,2025-03-05,W10,2025-03-11,page_view,58.0,free
C00246,2025-03-05,W10,2025-03-09,search,275.6,basic
C00246,2025-03-05,W10,2025-03-05,search,107.1,free
C00246,2025-03-05,W10,2025-03-05,search,25.1,pro
C00246,2025-03-05,W10,2025-04-18,feature_use,973.0,basic
C00247,2025-02-19,W08,2025-02-20,feature_use,34.2,basic
C00248,2025-02-05,W06,2025-02-11,feature_use,451.7,free
C00248,2025-02-05,W06,2025-02-05,feature_use,290.9,free
C00248,2025-02-05,W06,2025-02-14,page_view,327.5,free
C00248,2025-02-05,W06,2025-03-05,page_view,257.4,free
C00248,2025-02-05,W06,2025-03-06,feature_use,94.9,free
C00249,2025-02-26,W09,2025-02-28,feature_use,50.3,basic
C00249,2025-02-26,W09,2025-03-01,feature_use,60.1,free
C00249,2025-02-26,W09,2025-03-08,feature_use,111.0,basic
C00249,2025-02-26,W09,2025-03-13,page_view,95.6,free
C00249,2025-02-26,W09,2025-03-12,page_view,7.1,free
C00249,2025-02-26,W09,2025-03-13,page_view,125.8,free
C00249,2025-02-26,W09,2025-04-12,page_view,117.7,basic
C00249,2025-02-26,W09,2025-04-09,feature_use,153.9,free
C00249,2025-02-26,W09,2025-04-12,feature_use,104.6,free
C00249,2025-02-26,W09,2025-04-24,page_view,536.2,free
C00250,2025-01-29,W05,2025-02-03,page_view,57.0,free
C00250,2025-01-29,W05,2025-02-03,page_view,23.6,basic
C00250,2025-01-29,W05,2025-02-04,page_view,1331.2,basic
C00251,2025-02-05,W06,2025-02-10,feature_use,92.6,free
C00251,2025-02-05,W06,2025-02-10,feature_use,379.2,free
C00251,2025-02-05,W06,2025-03-12,page_view,159.8,basic
C00251,2025-02-05,W06,2025-03-13,page_view,1330.3,basic
C00251,2025-02-05,W06,2025-03-14,page_view,167.9,basic
C00252,2025-01-22,W04,2025-01-27,search,40.3,free
C00252,2025-01-22,W04,2025-01-25,page_view,59.9,basic
C00252,2025-01-22,W04,2025-01-27,page_view,98.0,free
C00252,2025-01-22,W04,2025-02-23,feature_use,104.9,basic
C00252,2025-01-22,W04,2025-02-23,feature_use,47.1,free
C00253,2025-02-26,W09,2025-03-03,feature_use,138.2,pro
C00253,2025-02-26,W09,2025-04-20,page_view,83.2,basic
C00253,2025-02-26,W09,2025-04-27,search,199.5,free
C00253,2025-02-26,W09,2025-04-28,page_view,79.4,free
C00253,2025-02-26,W09,2025-04-29,page_view,210.9,basic
C00253,2025-02-26,W09,2025-04-27,feature_use,26.1,basic
C00254,2025-01-08,W02,2025-01-11,feature_use,57.1,basic
C00254,2025-01-08,W02,2025-01-08,search,174.7,pro
C00254,2025-01-08,W02,2025-01-10,feature_use,63.7,pro
C00254,2025-01-08,W02,2025-01-30,feature_use,41.8,free
C00254,2025-01-08,W02,2025-02-03,page_view,121.3,free
C00254,2025-01-08,W02,2025-02-21,page_view,262.0,pro
C00255,2025-01-01,W01,2025-01-05,feature_use,82.1,free
C00255,2025-01-01,W01,2025-01-09,feature_use,138.5,free
C00256,2025-03-12,W11,2025-03-13,page_view,547.4,pro
C00256,2025-03-12,W11,2025-03-24,search,169.2,pro
C00256,2025-03-12,W11,2025-03-26,feature_use,39.2,free
C00257,2025-02-05,W06,2025-02-05,feature_use,94.1,free
C00257,2025-02-05,W06,2025-02-05,page_view,132.1,pro
C00257,2025-02-05,W06,2025-02-09,feature_use,458.8,pro
C00257,2025-02-05,W06,2025-03-05,page_view,532.3,pro
C00257,2025-02-05,W06,2025-03-05,page_view,384.7,free
C00258,2025-03-19,W12,2025-03-23,search,197.6,free
C00258,2025-03-19,W12,2025-04-17,feature_use,20.6,free
C00259,2025-02-05,W06,2025-02-06,feature_use,191.5,free
C00259,2025-02-05,W06,2025-02-11,feature_use,55.2,free
C00259,2025-02-05,W06,2025-02-07,page_view,388.5,basic
C00259,2025-02-05,W06,2025-02-23,feature_use,156.1,pro
C00259,2025-02-05,W06,2025-02-21,feature_use,106.1,free
C00259,2025-02-05,W06,2025-02-20,search,594.3,free
C00259,2025-02-05,W06,2025-02-24,page_view,466.5,free
C00259,2025-02-05,W06,2025-03-12,feature_use,2100.6,free
C00260,2025-02-05,W06,2025-02-09,feature_use,956.9,basic
C00260,2025-02-05,W06,2025-02-17,page_view,74.9,basic
C00260,2025-02-05,W06,2025-02-15,feature_use,859.4,basic
C00260,2025-02-05,W06,2025-03-11,page_view,239.4,basic
C00260,2025-02-05,W06,2025-03-05,page_view,27.7,free
C00260,2025-02-05,W06,2025-03-05,settings_change,128.6,free
C00260,2025-02-05,W06,2025-03-05,page_view,165.6,free
C00261,2025-02-05,W06,2025-02-07,feature_use,189.6,basic
C00262,2025-01-22,W04,2025-01-24,feature_use,108.8,free
C00262,2025-01-22,W04,2025-04-09,page_view,183.6,free
C00263,2025-03-12,W11,2025-03-17,page_view,107.9,free
C00263,2025-03-12,W11,2025-03-12,page_view,295.2,basic
C00264,2025-02-26,W09,2025-02-26,page_view,187.3,free
C00264,2025-02-26,W09,2025-03-07,search,54.7,basic
C00265,2025-02-12,W07,2025-02-14,page_view,102.0,basic
C00266,2025-02-19,W08,2025-02-23,feature_use,156.7,basic
C00267,2025-02-19,W08,2025-02-20,feature_use,362.6,free
C00267,2025-02-19,W08,2025-02-24,page_view,799.5,pro
C00267,2025-02-19,W08,2025-02-19,search,560.6,basic
C00267,2025-02-19,W08,2025-02-24,page_view,595.1,basic
C00267,2025-02-19,W08,2025-03-24,search,328.2,basic
C00268,2025-03-19,W12,2025-03-23,search,387.8,pro
C00268,2025-03-19,W12,2025-03-22,page_view,146.1,pro
C00268,2025-03-19,W12,2025-04-14,feature_use,40.5,basic
C00269,2025-03-05,W10,2025-03-06,search,54.0,basic
C00269,2025-03-05,W10,2025-05-21,feature_use,528.7,basic
C00269,2025-03-05,W10,2025-05-23,feature_use,92.7,basic
C00270,2025-03-12,W11,2025-03-13,page_view,118.8,free
C00270,2025-03-12,W11,2025-03-16,search,315.8,free
C00270,2025-03-12,W11,2025-03-12,page_view,1370.0,pro
C00270,2025-03-12,W11,2025-03-21,feature_use,141.6,basic
C00270,2025-03-12,W11,2025-03-23,page_view,54.9,basic
C00270,2025-03-12,W11,2025-04-27,feature_use,1015.6,free
C00271,2025-01-22,W04,2025-01-25,feature_use,258.5,pro
C00271,2025-01-22,W04,2025-02-05,feature_use,37.3,basic
C00272,2025-02-05,W06,2025-02-05,search,39.0,pro
C00272,2025-02-05,W06,2025-02-28,feature_use,572.0,free
C00273,2025-03-19,W12,2025-03-21,settings_change,125.8,pro
C00273,2025-03-19,W12,2025-04-25,feature_use,121.9,free
C00273,2025-03-19,W12,2025-04-23,search,134.3,free
C00273,2025-03-19,W12,2025-05-04,page_view,279.1,basic
C00274,2025-02-12,W07,2025-02-17,feature_use,120.6,free
C00274,2025-02-12,W07,2025-02-16,page_view,125.4,free
C00274,2025-02-12,W07,2025-02-27,page_view,1141.8,free
C00275,2025-02-05,W06,2025-02-07,settings_change,350.9,pro
C00275,2025-02-05,W06,2025-02-07,search,1118.3,pro
C00275,2025-02-05,W06,2025-02-06,page_view,83.3,free
C00275,2025-02-05,W06,2025-03-09,feature_use,234.6,basic
C00275,2025-02-05,W06,2025-03-11,page_view,98.8,free
C00275,2025-02-05,W06,2025-03-18,page_view,93.5,pro
C00275,2025-02-05,W06,2025-03-17,feature_use,127.2,free
C00275,2025-02-05,W06,2025-03-14,search,20.7,free
C00275,2025-02-05,W06,2025-03-13,feature_use,63.2,basic
C00275,2025-02-05,W06,2025-04-17,page_view,117.7,pro
C00276,2025-02-05,W06,2025-02-10,search,32.6,free
C00276,2025-02-05,W06,2025-02-10,search,14.6,basic
C00276,2025-02-05,W06,2025-04-01,feature_use,740.2,free
C00276,2025-02-05,W06,2025-04-10,search,33.3,free
C00276,2025-02-05,W06,2025-04-10,feature_use,35.6,pro
C00277,2025-02-12,W07,2025-02-17,page_view,413.2,pro
C00277,2025-02-12,W07,2025-02-12,feature_use,120.6,free
C00278,2025-02-26,W09,2025-03-01,search,337.6,free
C00278,2025-02-26,W09,2025-02-26,page_view,299.2,basic
C00278,2025-02-26,W09,2025-03-01,page_view,437.5,free
C00278,2025-02-26,W09,2025-03-26,page_view,112.2,free
C00278,2025-02-26,W09,2025-03-31,page_view,278.0,basic
C00278,2025-02-26,W09,2025-03-30,page_view,213.6,pro
C00278,2025-02-26,W09,2025-04-06,page_view,45.1,free
C00278,2025-02-26,W09,2025-04-25,page_view,249.2,basic
C00279,2025-02-19,W08,2025-02-22,feature_use,73.0,pro
C00279,2025-02-19,W08,2025-02-24,search,54.3,free
C00280,2025-01-15,W03,2025-01-19,page_view,260.0,free
C00280,2025-01-15,W03,2025-01-21,page_view,43.0,free
C00280,2025-01-15,W03,2025-02-09,page_view,325.1,basic
C00281,2025-03-19,W12,2025-03-20,page_view,184.2,pro
C00281,2025-03-19,W12,2025-03-24,page_view,14.5,free
C00281,2025-03-19,W12,2025-04-08,feature_use,113.0,basic
C00281,2025-03-19,W12,2025-04-02,feature_use,118.7,free
C00281,2025-03-19,W12,2025-04-02,page_view,107.8,pro
C00281,2025-03-19,W12,2025-04-14,feature_use,9.6,pro
C00281,2025-03-19,W12,2025-04-26,search,101.6,basic
C00281,2025-03-19,W12,2025-05-01,search,51.9,free
C00281,2025-03-19,W12,2025-05-05,page_view,77.9,free
C00281,2025-03-19,W12,2025-05-31,feature_use,136.0,basic
C00282,2025-01-15,W03,2025-01-16,search,297.1,basic
C00282,2025-01-15,W03,2025-02-01,search,309.0,free
C00282,2025-01-15,W03,2025-01-29,page_view,40.5,free
C00282,2025-01-15,W03,2025-02-11,page_view,156.6,basic
C00283,2025-01-08,W02,2025-01-10,feature_use,190.3,free
C00284,2025-02-05,W06,2025-02-08,settings_change,45.4,basic
C00284,2025-02-05,W06,2025-02-08,feature_use,396.8,basic
C00284,2025-02-05,W06,2025-02-16,feature_use,1155.1,basic
C00284,2025-02-05,W06,2025-02-12,page_view,40.5,pro
C00284,2025-02-05,W06,2025-02-13,page_view,673.8,basic
C00284,2025-02-05,W06,2025-02-23,search,331.3,free
C00284,2025-02-05,W06,2025-02-20,page_view,190.8,free
C00284,2025-02-05,W06,2025-02-20,page_view,203.3,pro
C00284,2025-02-05,W06,2025-03-06,page_view,113.7,free
C00284,2025-02-05,W06,2025-03-16,feature_use,121.9,free
C00284,2025-02-05,W06,2025-03-20,feature_use,151.7,pro
C00284,2025-02-05,W06,2025-03-22,page_view,733.4,basic
C00284,2025-02-05,W06,2025-04-22,page_view,499.9,pro
C00284,2025-02-05,W06,2025-04-20,search,108.8,free
C00284,2025-02-05,W06,2025-04-24,page_view,203.1,pro
C00284,2025-02-05,W06,2025-04-27,feature_use,140.0,basic
C00285,2025-02-12,W07,2025-02-14,page_view,51.6,pro
C00285,2025-02-12,W07,2025-02-17,page_view,81.6,free
C00285,2025-02-12,W07,2025-03-04,page_view,19.8,free
C00285,2025-02-12,W07,2025-02-26,feature_use,160.3,free
C00285,2025-02-12,W07,2025-02-28,feature_use,74.7,free
C00285,2025-02-12,W07,2025-04-04,page_view,309.8,free
C00285,2025-02-12,W07,2025-04-05,page_view,226.2,basic
C00286,2025-02-26,W09,2025-03-03,page_view,291.5,free
C00286,2025-02-26,W09,2025-03-20,page_view,318.5,pro
C00286,2025-02-26,W09,2025-04-27,page_view,75.9,free
C00286,2025-02-26,W09,2025-04-29,page_view,578.4,free
C00286,2025-02-26,W09,2025-04-25,page_view,966.4,basic
C00286,2025-02-26,W09,2025-04-23,page_view,768.9,basic
C00286,2025-02-26,W09,2025-05-13,feature_use,230.1,free
C00287,2025-02-05,W06,2025-02-11,feature_use,212.1,basic
C00287,2025-02-05,W06,2025-02-27,page_view,46.5,free
C00287,2025-02-05,W06,2025-04-28,search,218.9,free
C00288,2025-02-26,W09,2025-02-26,page_view,627.1,pro
C00288,2025-02-26,W09,2025-03-02,page_view,43.2,basic
C00288,2025-02-26,W09,2025-03-03,page_view,49.0,free
C00289,2025-01-08,W02,2025-01-12,settings_change,501.9,basic
C00289,2025-01-08,W02,2025-01-08,page_view,1287.2,pro
C00289,2025-01-08,W02,2025-01-21,page_view,505.8,pro
C00289,2025-01-08,W02,2025-01-19,page_view,395.9,pro
C00289,2025-01-08,W02,2025-01-19,page_view,165.7,basic
C00289,2025-01-08,W02,2025-01-18,search,139.3,basic
C00289,2025-01-08,W02,2025-01-21,search,158.8,free
C00289,2025-01-08,W02,2025-01-18,search,129.2,free
C00289,2025-01-08,W02,2025-01-21,search,99.9,basic
C00289,2025-01-08,W02,2025-02-11,feature_use,18.6,free
C00289,2025-01-08,W02,2025-02-06,page_view,482.4,free
C00289,2025-01-08,W02,2025-02-10,page_view,211.7,free
C00290,2025-01-22,W04,2025-01-22,feature_use,113.0,free
C00290,2025-01-22,W04,2025-01-23,feature_use,8.6,basic
C00290,2025-01-22,W04,2025-01-26,search,110.4,basic
C00290,2025-01-22,W04,2025-02-28,page_view,42.2,basic
C00290,2025-01-22,W04,2025-02-27,settings_change,118.0,free
C00290,2025-01-22,W04,2025-03-04,page_view,156.4,pro
C00291,2025-01-01,W01,2025-01-05,page_view,159.7,basic
C00291,2025-01-01,W01,2025-01-12,feature_use,539.9,free
C00291,2025-01-01,W01,2025-01-14,feature_use,454.0,basic
C00291,2025-01-01,W01,2025-01-11,page_view,82.4,pro
C00291,2025-01-01,W01,2025-02-11,page_view,150.6,free
C00292,2025-02-05,W06,2025-02-05,feature_use,370.2,pro
C00292,2025-02-05,W06,2025-02-06,settings_change,192.8,basic
C00292,2025-02-05,W06,2025-02-11,search,125.1,pro
C00292,2025-02-05,W06,2025-02-18,page_view,158.3,free
C00293,2025-01-15,W03,2025-01-15,page_view,31.2,pro
C00293,2025-01-15,W03,2025-01-18,page_view,68.7,pro
C00293,2025-01-15,W03,2025-01-15,feature_use,65.2,pro
C00293,2025-01-15,W03,2025-01-23,search,298.9,pro
C00293,2025-01-15,W03,2025-02-02,feature_use,19.0,free
C00293,2025-01-15,W03,2025-02-01,page_view,63.3,free
C00293,2025-01-15,W03,2025-01-31,search,86.9,free
C00293,2025-01-15,W03,2025-01-30,page_view,476.2,pro
C00293,2025-01-15,W03,2025-02-02,page_view,158.4,pro
C00293,2025-01-15,W03,2025-03-04,feature_use,20.3,free
C00293,2025-01-15,W03,2025-02-28,page_view,100.9,free
C00293,2025-01-15,W03,2025-02-27,search,236.2,pro
C00294,2025-03-05,W10,2025-03-07,page_view,74.6,basic
C00295,2025-02-05,W06,2025-02-06,feature_use,197.9,free
C00295,2025-02-05,W06,2025-02-08,page_view,31.9,basic
C00295,2025-02-05,W06,2025-02-12,search,66.9,pro
C00295,2025-02-05,W06,2025-03-03,feature_use,80.1,free
C00295,2025-02-05,W06,2025-03-02,page_view,74.3,free
C00295,2025-02-05,W06,2025-03-02,feature_use,57.0,pro
C00295,2025-02-05,W06,2025-03-06,page_view,83.9,free
C00296,2025-01-01,W01,2025-01-01,page_view,91.5,basic
C00296,2025-01-01,W01,2025-01-18,page_view,87.5,pro
C00296,2025-01-01,W01,2025-01-15,page_view,106.5,basic
C00296,2025-01-01,W01,2025-03-02,feature_use,190.7,basic
C00296,2025-01-01,W01,2025-02-27,search,69.7,basic
C00296,2025-01-01,W01,2025-02-28,page_view,182.7,free
C00297,2025-02-19,W08,2025-02-20,page_view,144.1,basic
C00298,2025-02-05,W06,2025-02-09,search,334.5,free
C00298,2025-02-05,W06,2025-03-23,page_view,336.8,basic
C00298,2025-02-05,W06,2025-03-19,search,181.6,free
C00299,2025-03-19,W12,2025-03-23,page_view,152.2,basic
C00299,2025-03-19,W12,2025-05-05,settings_change,31.3,free
C00299,2025-03-19,W12,2025-05-04,page_view,113.8,free
C00299,2025-03-19,W12,2025-05-01,feature_use,435.7,basic
C00299,2025-03-19,W12,2025-05-28,page_view,42.1,free
C00300,2025-02-12,W07,2025-02-13,feature_use,153.4,pro
C00300,2025-02-12,W07,2025-03-09,page_view,59.3,free
C00300,2025-02-12,W07,2025-03-22,page_view,460.0,free
C00301,2025-02-26,W09,2025-02-28,search,39.3,free
C00301,2025-02-26,W09,2025-03-03,feature_use,688.0,pro
C00301,2025-02-26,W09,2025-03-31,page_view,43.2,free
C00302,2025-01-22,W04,2025-01-27,feature_use,32.3,free
C00302,2025-01-22,W04,2025-01-28,search,205.1,basic
C00302,2025-01-22,W04,2025-02-01,feature_use,395.0,free
C00302,2025-01-22,W04,2025-01-29,feature_use,38.9,free
C00302,2025-01-22,W04,2025-02-13,page_view,128.7,basic
C00302,2025-01-22,W04,2025-02-23,page_view,24.0,basic
C00302,2025-01-22,W04,2025-02-20,search,153.0,free
C00302,2025-01-22,W04,2025-03-05,page_view,103.0,free
C00302,2025-01-22,W04,2025-03-06,feature_use,58.3,basic
C00303,2025-01-22,W04,2025-01-27,page_view,40.0,free
C00304,2025-03-05,W10,2025-03-08,search,108.4,basic
C00304,2025-03-05,W10,2025-03-18,search,359.3,pro
C00304,2025-03-05,W10,2025-03-17,page_view,117.4,pro
C00305,2025-01-22,W04,2025-01-27,settings_change,94.4,basic
C00306,2025-01-08,W02,2025-01-08,page_view,331.4,free
C00306,2025-01-08,W02,2025-02-16,page_view,587.3,basic
C00307,2025-01-15,W03,2025-01-15,settings_change,32.7,free
C00307,2025-01-15,W03,2025-01-18,page_view,151.0,free
C00307,2025-01-15,W03,2025-01-16,page_view,346.3,basic
C00307,2025-01-15,W03,2025-01-27,page_view,47.0,free
C00307,2025-01-15,W03,2025-01-27,search,117.6,basic
C00307,2025-01-15,W03,2025-02-19,page_view,1878.7,pro
C00307,2025-01-15,W03,2025-02-20,page_view,346.5,free
C00307,2025-01-15,W03,2025-02-23,page_view,543.3,free
C00308,2025-02-05,W06,2025-02-11,search,279.7,pro
C00308,2025-02-05,W06,2025-02-25,settings_change,85.5,basic
C00308,2025-02-05,W06,2025-02-25,search,588.1,free
C00309,2025-01-08,W02,2025-01-12,search,328.8,free
C00309,2025-01-08,W02,2025-01-24,page_view,124.7,basic
C00309,2025-01-08,W02,2025-02-02,page_view,156.0,free
C00310,2025-02-26,W09,2025-03-03,feature_use,799.9,pro
C00310,2025-02-26,W09,2025-02-28,page_view,924.0,basic
C00310,2025-02-26,W09,2025-03-02,feature_use,120.7,basic
C00310,2025-02-26,W09,2025-02-28,feature_use,55.6,basic
C00310,2025-02-26,W09,2025-03-01,feature_use,179.4,basic
C00310,2025-02-26,W09,2025-04-18,page_view,66.1,free
C00310,2025-02-26,W09,2025-04-21,feature_use,228.5,free
C00310,2025-02-26,W09,2025-04-22,page_view,79.0,free
C00310,2025-02-26,W09,2025-05-20,feature_use,73.3,pro
C00310,2025-02-26,W09,2025-05-14,feature_use,166.1,free
C00310,2025-02-26,W09,2025-05-15,page_view,48.5,pro
C00311,2025-03-05,W10,2025-03-10,page_view,261.5,basic
C00311,2025-03-05,W10,2025-03-10,feature_use,47.6,free
C00311,2025-03-05,W10,2025-03-27,page_view,17.9,basic
C00311,2025-03-05,W10,2025-03-30,page_view,160.6,pro
C00311,2025-03-05,W10,2025-05-09,page_view,99.1,basic
C00311,2025-03-05,W10,2025-05-09,settings_change,223.1,free
C00312,2025-01-15,W03,2025-01-17,page_view,112.6,pro
C00312,2025-01-15,W03,2025-01-16,feature_use,294.5,free
C00313,2025-03-05,W10,2025-03-10,feature_use,95.3,free
C00313,2025-03-05,W10,2025-03-05,feature_use,1687.7,pro
C00313,2025-03-05,W10,2025-03-23,feature_use,95.8,free
C00313,2025-03-05,W10,2025-03-25,feature_use,320.5,pro
C00313,2025-03-05,W10,2025-03-20,search,796.8,pro
C00313,2025-03-05,W10,2025-03-23,search,154.7,pro
C00313,2025-03-05,W10,2025-04-25,settings_change,439.6,free
C00313,2025-03-05,W10,2025-04-24,settings_change,59.5,pro
C00313,2025-03-05,W10,2025-04-28,page_view,70.6,pro
C00313,2025-03-05,W10,2025-04-25,search,47.1,free
C00313,2025-03-05,W10,2025-04-23,feature_use,47.1,free
C00313,2025-03-05,W10,2025-05-06,page_view,310.5,basic
C00313,2025-03-05,W10,2025-05-14,search,280.4,basic
C00313,2025-03-05,W10,2025-05-14,page_view,338.3,basic
C00314,2025-01-15,W03,2025-01-16,feature_use,22.6,pro
C00314,2025-01-15,W03,2025-02-13,page_view,96.9,pro
C00315,2025-02-05,W06,2025-02-08,feature_use,73.7,free
C00315,2025-02-05,W06,2025-02-25,feature_use,176.1,free
C00315,2025-02-05,W06,2025-02-23,settings_change,55.7,free
C00315,2025-02-05,W06,2025-02-19,page_view,76.3,basic
C00315,2025-02-05,W06,2025-03-08,feature_use,187.7,pro
C00316,2025-01-08,W02,2025-01-10,page_view,58.3,pro
C00316,2025-01-08,W02,2025-01-12,page_view,41.1,free
C00316,2025-01-08,W02,2025-01-08,page_view,123.4,pro
C00316,2025-01-08,W02,2025-03-23,page_view,87.8,free
C00316,2025-01-08,W02,2025-03-23,page_view,190.3,pro
C00316,2025-01-08,W02,2025-03-25,page_view,125.4,free
C00316,2025-01-08,W02,2025-03-24,feature_use,57.9,pro
C00317,2025-03-19,W12,2025-03-19,feature_use,80.8,free
C00318,2025-01-22,W04,2025-01-27,search,36.5,pro
C00318,2025-01-22,W04,2025-01-24,settings_change,248.5,free
C00318,2025-01-22,W04,2025-02-15,search,629.9,pro
C00318,2025-01-22,W04,2025-03-18,feature_use,65.2,free
C00319,2025-01-01,W01,2025-01-07,page_view,244.4,pro
C00319,2025-01-01,W01,2025-01-02,page_view,328.7,basic
C00319,2025-01-01,W01,2025-01-07,feature_use,90.5,basic
C00319,2025-01-01,W01,2025-01-24,feature_use,44.2,pro
C00319,2025-01-01,W01,2025-02-13,feature_use,520.8,free
C00319,2025-01-01,W01,2025-02-18,feature_use,86.4,free
C00320,2025-01-22,W04,2025-01-27,search,796.6,free
C00320,2025-01-22,W04,2025-01-29,page_view,80.9,free
C00320,2025-01-22,W04,2025-02-06,search,43.2,pro
C00320,2025-01-22,W04,2025-03-03,page_view,82.0,pro
C00320,2025-01-22,W04,2025-03-03,page_view,181.0,free
C00320,2025-01-22,W04,2025-03-02,feature_use,160.3,free
C00320,2025-01-22,W04,2025-03-03,page_view,365.3,basic
C00321,2025-01-29,W05,2025-02-01,page_view,682.7,pro
C00321,2025-01-29,W05,2025-01-31,page_view,93.0,free
C00321,2025-01-29,W05,2025-02-04,search,52.1,free
C00321,2025-01-29,W05,2025-02-04,page_view,22.7,free
C00322,2025-03-19,W12,2025-03-23,page_view,60.6,pro
C00322,2025-03-19,W12,2025-03-29,search,204.7,free
C00322,2025-03-19,W12,2025-03-26,feature_use,70.2,pro
C00322,2025-03-19,W12,2025-04-27,feature_use,77.1,free
C00323,2025-01-29,W05,2025-02-01,page_view,405.0,basic
C00323,2025-01-29,W05,2025-03-03,page_view,53.4,free
C00323,2025-01-29,W05,2025-03-30,settings_change,41.7,free
C00324,2025-03-05,W10,2025-03-05,feature_use,330.4,basic
C00324,2025-03-05,W10,2025-03-10,feature_use,210.3,basic
C00324,2025-03-05,W10,2025-03-06,page_view,115.8,pro
C00324,2025-03-05,W10,2025-03-17,page_view,94.3,free
C00324,2025-03-05,W10,2025-03-17,feature_use,37.7,free
C00324,2025-03-05,W10,2025-03-14,search,206.8,basic
C00324,2025-03-05,W10,2025-03-12,search,43.7,free
C00324,2025-03-05,W10,2025-03-12,page_view,34.1,free
C00324,2025-03-05,W10,2025-03-14,page_view,146.8,basic
C00324,2025-03-05,W10,2025-03-27,page_view,129.9,free
C00324,2025-03-05,W10,2025-04-14,page_view,215.7,free
C00324,2025-03-05,W10,2025-04-12,page_view,40.2,free
C00324,2025-03-05,W10,2025-04-19,feature_use,231.3,basic
C00325,2025-01-08,W02,2025-01-10,search,218.3,pro
C00325,2025-01-08,W02,2025-01-14,search,104.2,pro
C00325,2025-01-08,W02,2025-02-11,page_view,7.3,free
C00325,2025-01-08,W02,2025-03-11,page_view,69.5,free
C00325,2025-01-08,W02,2025-03-07,feature_use,111.8,free
C00326,2025-02-26,W09,2025-02-26,page_view,40.0,free
C00326,2025-02-26,W09,2025-05-18,search,175.2,basic
C00327,2025-02-12,W07,2025-02-14,feature_use,135.8,free
C00327,2025-02-12,W07,2025-03-08,page_view,280.6,pro
C00328,2025-01-22,W04,2025-01-26,page_view,80.8,free
C00328,2025-01-22,W04,2025-01-22,feature_use,270.7,pro
C00328,2025-01-22,W04,2025-01-29,feature_use,48.4,free
C00328,2025-01-22,W04,2025-02-04,feature_use,205.6,free
C00328,2025-01-22,W04,2025-02-17,page_view,336.1,free
C00328,2025-01-22,W04,2025-03-09,page_view,138.6,basic
C00328,2025-01-22,W04,2025-03-08,page_view,241.6,free
C00328,2025-01-22,W04,2025-03-18,page_view,280.6,basic
C00328,2025-01-22,W04,2025-04-06,page_view,474.4,basic
C00329,2025-01-29,W05,2025-02-04,page_view,271.8,free
C00329,2025-01-29,W05,2025-01-29,page_view,65.0,free
C00329,2025-01-29,W05,2025-02-04,settings_change,36.8,basic
C00329,2025-01-29,W05,2025-02-01,page_view,264.8,basic
C00329,2025-01-29,W05,2025-02-13,page_view,135.0,basic
C00329,2025-01-29,W05,2025-02-17,page_view,109.3,free
C00329,2025-01-29,W05,2025-04-07,feature_use,279.7,basic
C00329,2025-01-29,W05,2025-04-06,page_view,71.0,free
C00330,2025-03-19,W12,2025-03-25,page_view,759.8,free
C00331,2025-03-12,W11,2025-03-18,page_view,179.9,pro
C00331,2025-03-12,W11,2025-04-08,feature_use,265.4,pro
C00331,2025-03-12,W11,2025-04-27,search,185.4,free
C00332,2025-01-01,W01,2025-01-06,page_view,149.0,basic
C00332,2025-01-01,W01,2025-01-01,page_view,173.4,free
C00333,2025-03-05,W10,2025-03-07,feature_use,340.3,basic
C00333,2025-03-05,W10,2025-03-12,search,208.8,pro
C00334,2025-01-29,W05,2025-01-31,page_view,114.9,basic
C00334,2025-01-29,W05,2025-03-01,page_view,43.3,free
C00334,2025-01-29,W05,2025-02-26,feature_use,2383.2,pro
C00334,2025-01-29,W05,2025-03-03,feature_use,167.5,free
C00334,2025-01-29,W05,2025-03-11,feature_use,51.1,basic
C00335,2025-03-12,W11,2025-03-18,settings_change,34.1,basic
C00335,2025-03-12,W11,2025-03-17,search,292.2,free
C00335,2025-03-12,W11,2025-04-13,page_view,159.5,free
C00335,2025-03-12,W11,2025-04-10,page_view,670.9,basic
C00335,2025-03-12,W11,2025-04-15,page_view,1117.7,free
C00336,2025-02-05,W06,2025-02-05,feature_use,93.0,free
C00336,2025-02-05,W06,2025-02-08,page_view,77.2,pro
C00336,2025-02-05,W06,2025-02-14,page_view,121.2,free
C00336,2025-02-05,W06,2025-03-09,feature_use,136.7,basic
C00336,2025-02-05,W06,2025-03-10,page_view,139.0,basic
C00336,2025-02-05,W06,2025-03-08,feature_use,36.9,free
C00336,2025-02-05,W06,2025-04-11,page_view,241.5,free
C00336,2025-02-05,W06,2025-04-13,feature_use,24.8,pro
C00336,2025-02-05,W06,2025-04-11,page_view,220.4,free
C00337,2025-01-29,W05,2025-02-02,settings_change,122.3,basic
C00338,2025-02-05,W06,2025-02-08,page_view,274.1,free
C00338,2025-02-05,W06,2025-03-25,page_view,253.0,pro
C00339,2025-02-12,W07,2025-02-17,page_view,804.6,free
C00339,2025-02-12,W07,2025-04-14,page_view,25.3,free
C00339,2025-02-12,W07,2025-04-09,feature_use,334.5,free
C00339,2025-02-12,W07,2025-04-10,feature_use,203.9,free
C00339,2025-02-12,W07,2025-04-10,feature_use,2080.2,free
C00340,2025-02-05,W06,2025-02-10,feature_use,582.1,free
C00340,2025-02-05,W06,2025-02-08,feature_use,197.0,basic
C00340,2025-02-05,W06,2025-02-17,feature_use,90.5,basic
C00341,2025-03-05,W10,2025-03-07,feature_use,72.1,free
C00341,2025-03-05,W10,2025-03-08,page_view,252.0,free
C00341,2025-03-05,W10,2025-03-11,search,133.7,basic
C00341,2025-03-05,W10,2025-03-11,page_view,76.8,basic
C00341,2025-03-05,W10,2025-03-08,page_view,107.2,free
C00341,2025-03-05,W10,2025-03-17,page_view,57.9,pro
C00341,2025-03-05,W10,2025-05-16,feature_use,19.4,pro
C00342,2025-01-08,W02,2025-01-08,page_view,247.7,basic
C00342,2025-01-08,W02,2025-01-15,page_view,311.5,basic
C00342,2025-01-08,W02,2025-01-19,page_view,18.5,basic
C00342,2025-01-08,W02,2025-01-23,page_view,124.4,free
C00343,2025-01-08,W02,2025-01-09,search,655.7,free
C00343,2025-01-08,W02,2025-01-14,page_view,479.4,pro
C00343,2025-01-08,W02,2025-02-15,page_view,385.6,free
C00344,2025-02-26,W09,2025-03-03,page_view,223.9,basic
C00344,2025-02-26,W09,2025-04-15,page_view,182.4,pro
C00344,2025-02-26,W09,2025-04-10,feature_use,95.7,basic
C00345,2025-02-05,W06,2025-02-07,feature_use,321.1,pro
C00345,2025-02-05,W06,2025-02-08,feature_use,32.0,free
C00345,2025-02-05,W06,2025-02-16,feature_use,156.1,pro
C00345,2025-02-05,W06,2025-02-28,settings_change,78.3,basic
C00346,2025-03-05,W10,2025-03-08,page_view,324.2,basic
C00346,2025-03-05,W10,2025-03-07,feature_use,585.7,free
C00346,2025-03-05,W10,2025-03-06,search,22.8,free
C00347,2025-01-22,W04,2025-01-25,feature_use,906.0,free
C00347,2025-01-22,W04,2025-02-09,feature_use,178.2,free
C00348,2025-03-05,W10,2025-03-05,page_view,72.1,basic
C00348,2025-03-05,W10,2025-03-09,page_view,446.3,basic
C00348,2025-03-05,W10,2025-03-19,feature_use,112.5,pro
C00348,2025-03-05,W10,2025-03-25,feature_use,117.3,free
C00348,2025-03-05,W10,2025-04-14,page_view,96.4,free
C00348,2025-03-05,W10,2025-04-13,page_view,341.2,free
C00348,2025-03-05,W10,2025-05-11,feature_use,520.5,free
C00349,2025-01-29,W05,2025-02-02,feature_use,260.0,free
C00349,2025-01-29,W05,2025-01-30,feature_use,83.1,free
C00349,2025-01-29,W05,2025-02-04,feature_use,250.4,basic
C00349,2025-01-29,W05,2025-01-29,search,46.2,pro
C00349,2025-01-29,W05,2025-02-13,page_view,137.4,free
C00349,2025-01-29,W05,2025-04-06,page_view,344.1,free
C00350,2025-03-19,W12,2025-03-23,page_view,1202.4,free
C00350,2025-03-19,W12,2025-03-19,search,225.1,free
C00350,2025-03-19,W12,2025-04-07,page_view,207.5,pro
C00350,2025-03-19,W12,2025-04-02,search,760.2,pro
C00350,2025-03-19,W12,2025-04-08,page_view,106.3,basic
C00350,2025-03-19,W12,2025-04-07,page_view,432.9,free
C00350,2025-03-19,W12,2025-04-03,page_view,431.9,free
C00350,2025-03-19,W12,2025-05-26,page_view,9.0,free
C00350,2025-03-19,W12,2025-05-26,page_view,42.6,basic
C00350,2025-03-19,W12,2025-06-02,feature_use,224.2,free
C00350,2025-03-19,W12,2025-05-30,feature_use,71.5,basic
C00351,2025-03-12,W11,2025-03-12,page_view,70.4,free
C00351,2025-03-12,W11,2025-03-12,feature_use,11.4,free
C00351,2025-03-12,W11,2025-03-24,feature_use,324.2,basic
C00351,2025-03-12,W11,2025-03-24,settings_change,141.9,free
C00351,2025-03-12,W11,2025-03-24,page_view,290.4,free
C00351,2025-03-12,W11,2025-03-21,page_view,86.8,basic
C00351,2025-03-12,W11,2025-03-21,page_view,146.7,free
C00351,2025-03-12,W11,2025-04-09,page_view,507.3,basic
C00351,2025-03-12,W11,2025-04-14,feature_use,94.2,basic
C00351,2025-03-12,W11,2025-04-15,page_view,263.8,basic
C00351,2025-03-12,W11,2025-04-17,settings_change,651.3,free
C00352,2025-01-29,W05,2025-02-03,page_view,29.1,basic
C00352,2025-01-29,W05,2025-02-08,feature_use,109.0,basic
C00352,2025-01-29,W05,2025-02-10,search,132.0,pro
C00352,2025-01-29,W05,2025-02-10,feature_use,313.9,basic
C00353,2025-02-19,W08,2025-02-24,feature_use,89.9,pro
C00354,2025-01-29,W05,2025-02-03,feature_use,50.4,pro
C00354,2025-01-29,W05,2025-01-29,page_view,93.4,free
C00354,2025-01-29,W05,2025-02-02,feature_use,71.2,free
C00354,2025-01-29,W05,2025-01-29,feature_use,872.3,basic
C00354,2025-01-29,W05,2025-02-18,feature_use,86.2,free
C00354,2025-01-29,W05,2025-02-16,feature_use,122.1,free
C00354,2025-01-29,W05,2025-02-15,page_view,494.5,basic
C00355,2025-01-08,W02,2025-01-12,page_view,1015.9,basic
C00355,2025-01-08,W02,2025-01-19,page_view,64.5,basic
C00355,2025-01-08,W02,2025-01-22,page_view,96.1,pro
C00355,2025-01-08,W02,2025-01-27,settings_change,69.8,free
C00355,2025-01-08,W02,2025-01-23,feature_use,159.0,free
C00355,2025-01-08,W02,2025-02-03,page_view,375.9,free
C00356,2025-01-08,W02,2025-01-11,page_view,19.8,free
C00356,2025-01-08,W02,2025-01-09,search,62.6,free
C00356,2025-01-08,W02,2025-01-09,feature_use,88.4,basic
C00356,2025-01-08,W02,2025-03-12,search,324.6,basic
C00356,2025-01-08,W02,2025-03-12,feature_use,386.8,pro
C00356,2025-01-08,W02,2025-03-15,page_view,120.7,free
C00357,2025-01-29,W05,2025-02-03,page_view,97.2,basic
C00357,2025-01-29,W05,2025-02-21,settings_change,300.5,pro
C00357,2025-01-29,W05,2025-04-08,feature_use,417.6,pro
C00358,2025-01-22,W04,2025-01-23,feature_use,65.4,basic
C00358,2025-01-22,W04,2025-01-22,page_view,215.6,basic
C00358,2025-01-22,W04,2025-01-23,feature_use,92.6,basic
C00358,2025-01-22,W04,2025-01-22,search,500.2,pro
C00358,2025-01-22,W04,2025-01-25,page_view,15.4,free
C00358,2025-01-22,W04,2025-01-24,search,990.5,basic
C00358,2025-01-22,W04,2025-02-02,settings_change,334.5,pro
C00358,2025-01-22,W04,2025-02-07,feature_use,458.0,free
C00358,2025-01-22,W04,2025-02-06,feature_use,106.6,pro
C00358,2025-01-22,W04,2025-04-03,feature_use,532.9,basic
C00358,2025-01-22,W04,2025-04-03,page_view,198.8,pro
C00358,2025-01-22,W04,2025-04-05,feature_use,622.9,basic
C00358,2025-01-22,W04,2025-04-05,page_view,27.0,basic
C00358,2025-01-22,W04,2025-04-08,page_view,78.4,basic
C00359,2025-01-08,W02,2025-01-09,feature_use,1034.9,basic
C00359,2025-01-08,W02,2025-01-10,page_view,138.1,basic
C00359,2025-01-08,W02,2025-01-28,page_view,106.7,free
C00359,2025-01-08,W02,2025-01-25,feature_use,81.3,pro
C00359,2025-01-08,W02,2025-02-17,page_view,164.3,free
C00359,2025-01-08,W02,2025-03-01,page_view,975.4,free
C00360,2025-02-05,W06,2025-02-06,page_view,167.4,pro
C00360,2025-02-05,W06,2025-02-21,page_view,43.1,basic
C00361,2025-02-19,W08,2025-02-22,page_view,28.9,free
C00362,2025-01-08,W02,2025-01-13,feature_use,126.9,basic
C00363,2025-03-05,W10,2025-03-09,feature_use,279.1,basic
C00363,2025-03-05,W10,2025-03-07,search,222.7,basic
C00363,2025-03-05,W10,2025-03-12,page_view,47.9,free
C00363,2025-03-05,W10,2025-03-27,feature_use,21.2,free
C00363,2025-03-05,W10,2025-03-26,feature_use,131.3,free
C00363,2025-03-05,W10,2025-03-29,feature_use,193.7,basic
C00363,2025-03-05,W10,2025-03-30,page_view,286.7,free
C00364,2025-02-12,W07,2025-02-13,page_view,54.7,free
C00364,2025-02-12,W07,2025-02-12,page_view,286.0,pro
C00365,2025-01-22,W04,2025-01-28,settings_change,201.2,free
C00365,2025-01-22,W04,2025-01-24,feature_use,149.9,basic
C00366,2025-01-29,W05,2025-02-04,feature_use,297.9,free
C00367,2025-01-08,W02,2025-01-09,feature_use,173.8,basic
C00367,2025-01-08,W02,2025-01-24,page_view,67.0,free
C00367,2025-01-08,W02,2025-01-26,feature_use,275.5,free
C00367,2025-01-08,W02,2025-03-22,page_view,151.0,basic
C00367,2025-01-08,W02,2025-03-20,page_view,30.0,free
C00368,2025-03-12,W11,2025-03-16,page_view,191.3,free
C00368,2025-03-12,W11,2025-03-21,page_view,438.8,basic
C00369,2025-03-05,W10,2025-03-10,feature_use,27.4,basic
C00369,2025-03-05,W10,2025-03-22,page_view,110.7,free
C00369,2025-03-05,W10,2025-03-20,feature_use,166.6,basic
C00369,2025-03-05,W10,2025-04-22,feature_use,52.1,free
C00369,2025-03-05,W10,2025-04-19,settings_change,97.0,free
C00369,2025-03-05,W10,2025-04-22,page_view,66.4,basic
C00369,2025-03-05,W10,2025-05-04,search,10.5,free
C00370,2025-02-26,W09,2025-03-03,feature_use,111.2,free
C00370,2025-02-26,W09,2025-02-28,page_view,91.9,pro
C00370,2025-02-26,W09,2025-04-15,search,262.9,free
C00371,2025-01-15,W03,2025-01-17,feature_use,68.9,free
C00371,2025-01-15,W03,2025-01-15,search,514.3,basic
C00371,2025-01-15,W03,2025-01-29,search,256.1,basic
C00371,2025-01-15,W03,2025-03-02,page_view,96.9,free
C00371,2025-01-15,W03,2025-03-04,page_view,73.3,basic
C00371,2025-01-15,W03,2025-02-26,page_view,102.6,pro
C00371,2025-01-15,W03,2025-03-04,page_view,70.7,free
C00371,2025-01-15,W03,2025-03-03,page_view,179.7,pro
C00372,2025-03-05,W10,2025-03-10,page_view,721.5,free
C00373,2025-01-01,W01,2025-01-07,page_view,124.8,free
C00374,2025-01-22,W04,2025-01-28,page_view,395.8,pro
C00374,2025-01-22,W04,2025-01-25,page_view,120.9,basic
C00374,2025-01-22,W04,2025-01-27,settings_change,340.6,free
C00374,2025-01-22,W04,2025-02-15,page_view,10.5,free
C00374,2025-01-22,W04,2025-02-25,page_view,213.4,basic
C00375,2025-01-01,W01,2025-01-06,search,279.0,pro
C00376,2025-02-05,W06,2025-02-10,page_view,167.4,free
C00376,2025-02-05,W06,2025-02-08,page_view,57.6,free
C00376,2025-02-05,W06,2025-03-18,page_view,39.7,free
C00376,2025-02-05,W06,2025-03-16,search,658.9,free
C00376,2025-02-05,W06,2025-03-12,page_view,47.1,free
C00376,2025-02-05,W06,2025-04-13,page_view,1175.5,free
C00376,2025-02-05,W06,2025-04-11,feature_use,648.4,basic
C00376,2025-02-05,W06,2025-04-10,feature_use,284.9,pro
C00376,2025-02-05,W06,2025-04-25,page_view,30.2,pro
C00376,2025-02-05,W06,2025-04-27,feature_use,56.0,basic
C00377,2025-01-22,W04,2025-01-23,page_view,48.8,basic
C00377,2025-01-22,W04,2025-01-28,page_view,284.2,free
C00377,2025-01-22,W04,2025-04-06,page_view,159.6,pro
C00378,2025-03-19,W12,2025-03-25,search,291.0,free
C00378,2025-03-19,W12,2025-03-25,search,93.8,free
C00378,2025-03-19,W12,2025-04-01,page_view,1385.3,free
C00378,2025-03-19,W12,2025-03-30,page_view,410.8,pro
C00378,2025-03-19,W12,2025-04-01,page_view,296.5,free
C00378,2025-03-19,W12,2025-05-05,page_view,183.0,free
C00378,2025-03-19,W12,2025-05-06,feature_use,61.6,pro
C00378,2025-03-19,W12,2025-05-09,page_view,136.7,free
C00379,2025-01-22,W04,2025-01-22,settings_change,80.5,basic
C00380,2025-02-26,W09,2025-02-26,page_view,240.8,pro
C00380,2025-02-26,W09,2025-03-05,feature_use,369.7,pro
C00380,2025-02-26,W09,2025-03-11,feature_use,180.1,free
C00381,2025-02-26,W09,2025-03-04,page_view,163.1,free
C00381,2025-02-26,W09,2025-03-04,feature_use,108.2,pro
C00381,2025-02-26,W09,2025-03-04,feature_use,76.3,free
C00381,2025-02-26,W09,2025-03-06,page_view,249.5,pro
C00381,2025-02-26,W09,2025-03-05,feature_use,395.2,basic
C00381,2025-02-26,W09,2025-04-30,feature_use,429.9,free
C00381,2025-02-26,W09,2025-05-05,page_view,128.7,pro
C00381,2025-02-26,W09,2025-05-09,feature_use,271.4,free
C00381,2025-02-26,W09,2025-05-07,search,51.5,free
C00382,2025-02-12,W07,2025-02-13,page_view,353.8,basic
C00382,2025-02-12,W07,2025-02-21,feature_use,65.6,free
C00382,2025-02-12,W07,2025-02-26,settings_change,31.0,free
C00382,2025-02-12,W07,2025-03-13,page_view,270.4,free
C00382,2025-02-12,W07,2025-04-25,page_view,101.9,free
C00382,2025-02-12,W07,2025-04-28,page_view,75.9,basic
C00382,2025-02-12,W07,2025-04-26,feature_use,23.0,pro
C00383,2025-01-22,W04,2025-01-23,page_view,140.0,free
C00384,2025-02-26,W09,2025-03-04,page_view,57.7,pro
C00385,2025-01-29,W05,2025-02-01,page_view,74.7,free
C00385,2025-01-29,W05,2025-04-07,page_view,67.1,pro
C00385,2025-01-29,W05,2025-04-07,page_view,165.4,free
C00386,2025-03-05,W10,2025-03-06,page_view,97.3,free
C00387,2025-03-12,W11,2025-03-15,page_view,209.7,basic
C00387,2025-03-12,W11,2025-03-17,page_view,117.0,free
C00387,2025-03-12,W11,2025-04-23,page_view,111.8,free
C00388,2025-01-22,W04,2025-01-22,page_view,220.4,free
C00388,2025-01-22,W04,2025-02-02,search,187.2,free
C00388,2025-01-22,W04,2025-02-09,page_view,198.7,basic
C00388,2025-01-22,W04,2025-02-25,page_view,258.9,free
C00388,2025-01-22,W04,2025-03-05,feature_use,218.4,free
C00388,2025-01-22,W04,2025-03-08,page_view,325.0,basic
C00388,2025-01-22,W04,2025-04-12,feature_use,134.1,basic
C00388,2025-01-22,W04,2025-04-15,page_view,110.5,basic
C00388,2025-01-22,W04,2025-04-09,feature_use,112.2,free
C00388,2025-01-22,W04,2025-04-11,page_view,50.0,free
C00389,2025-01-29,W05,2025-01-31,search,95.5,free
C00389,2025-01-29,W05,2025-01-29,feature_use,311.1,basic
C00390,2025-02-26,W09,2025-02-27,page_view,180.7,free
C00390,2025-02-26,W09,2025-03-08,page_view,418.7,basic
C00390,2025-02-26,W09,2025-03-09,feature_use,135.2,basic
C00390,2025-02-26,W09,2025-04-05,feature_use,54.1,basic
C00391,2025-03-12,W11,2025-03-18,feature_use,95.4,free
C00391,2025-03-12,W11,2025-04-28,feature_use,262.8,basic
C00391,2025-03-12,W11,2025-05-29,page_view,154.8,pro
C00392,2025-03-19,W12,2025-03-23,page_view,221.2,pro
C00392,2025-03-19,W12,2025-04-15,feature_use,272.1,free
C00392,2025-03-19,W12,2025-04-10,page_view,171.0,free
C00392,2025-03-19,W12,2025-04-09,search,97.0,basic
C00392,2025-03-19,W12,2025-04-30,page_view,115.6,free
C00392,2025-03-19,W12,2025-05-03,feature_use,183.5,basic
C00392,2025-03-19,W12,2025-05-25,page_view,398.9,free
C00393,2025-01-01,W01,2025-01-04,feature_use,78.4,free
C00393,2025-01-01,W01,2025-01-04,page_view,87.9,free
C00394,2025-02-12,W07,2025-02-16,feature_use,261.5,free
C00394,2025-02-12,W07,2025-02-17,feature_use,314.7,free
C00394,2025-02-12,W07,2025-02-16,page_view,117.0,basic
C00394,2025-02-12,W07,2025-02-21,feature_use,35.4,free
C00394,2025-02-12,W07,2025-02-19,page_view,81.7,basic
C00394,2025-02-12,W07,2025-02-25,page_view,131.9,basic
C00394,2025-02-12,W07,2025-02-22,feature_use,27.4,pro
C00394,2025-02-12,W07,2025-03-12,page_view,77.2,free
C00395,2025-02-26,W09,2025-03-03,page_view,332.5,basic
C00395,2025-02-26,W09,2025-03-10,page_view,161.8,basic
C00395,2025-02-26,W09,2025-03-07,search,32.3,free
C00395,2025-02-26,W09,2025-03-05,page_view,41.2,free
C00396,2025-03-12,W11,2025-03-15,feature_use,133.1,basic
C00397,2025-01-01,W01,2025-01-03,feature_use,570.3,free
C00397,2025-01-01,W01,2025-01-30,page_view,158.7,free
C00398,2025-01-15,W03,2025-01-19,page_view,169.3,free
C00398,2025-01-15,W03,2025-01-16,page_view,331.2,free
C00398,2025-01-15,W03,2025-01-20,feature_use,390.3,free
C00398,2025-01-15,W03,2025-01-23,feature_use,81.8,basic
C00398,2025-01-15,W03,2025-01-23,search,517.6,free
C00398,2025-01-15,W03,2025-01-26,page_view,140.8,pro
C00398,2025-01-15,W03,2025-01-28,feature_use,116.8,free
C00398,2025-01-15,W03,2025-02-04,page_view,279.7,pro
C00398,2025-01-15,W03,2025-01-31,feature_use,50.2,basic
C00398,2025-01-15,W03,2025-01-31,search,248.6,basic
C00398,2025-01-15,W03,2025-02-07,feature_use,202.5,free
C00398,2025-01-15,W03,2025-02-11,feature_use,86.3,basic
C00398,2025-01-15,W03,2025-02-17,page_view,124.8,free
C00398,2025-01-15,W03,2025-02-23,feature_use,215.5,pro
C00398,2025-01-15,W03,2025-03-11,feature_use,190.4,free
C00398,2025-01-15,W03,2025-03-08,page_view,229.3,basic
C00398,2025-01-15,W03,2025-03-07,feature_use,171.4,basic
C00398,2025-01-15,W03,2025-03-09,page_view,215.3,basic
C00399,2025-02-12,W07,2025-02-12,feature_use,237.0,basic
C00399,2025-02-12,W07,2025-02-13,search,399.7,free
C00399,2025-02-12,W07,2025-02-24,page_view,167.3,basic
C00399,2025-02-12,W07,2025-02-20,feature_use,226.2,basic
C00400,2025-01-22,W04,2025-01-28,page_view,468.1,basic
C00400,2025-01-22,W04,2025-02-14,page_view,233.3,pro
C00401,2025-02-26,W09,2025-02-26,search,162.4,basic
C00401,2025-02-26,W09,2025-03-31,search,314.9,pro
C00402,2025-03-05,W10,2025-03-05,feature_use,343.4,free
C00402,2025-03-05,W10,2025-04-16,page_view,18.4,basic
C00402,2025-03-05,W10,2025-05-27,page_view,290.3,free
C00402,2025-03-05,W10,2025-05-25,feature_use,335.1,basic
C00403,2025-03-12,W11,2025-03-14,feature_use,154.3,pro
C00403,2025-03-12,W11,2025-03-25,page_view,13.2,pro
C00403,2025-03-12,W11,2025-04-17,feature_use,109.1,free
C00404,2025-02-19,W08,2025-02-19,search,532.9,free
C00405,2025-03-05,W10,2025-03-10,page_view,15.2,free
C00405,2025-03-05,W10,2025-03-08,page_view,91.9,free
C00405,2025-03-05,W10,2025-03-20,feature_use,120.5,pro
C00405,2025-03-05,W10,2025-03-23,page_view,1500.8,free
C00405,2025-03-05,W10,2025-03-19,page_view,114.6,basic
C00405,2025-03-05,W10,2025-03-23,feature_use,10.1,basic
C00405,2025-03-05,W10,2025-03-25,search,83.1,basic
C00405,2025-03-05,W10,2025-03-20,feature_use,51.3,basic
C00405,2025-03-05,W10,2025-05-03,page_view,193.7,basic
C00405,2025-03-05,W10,2025-05-25,settings_change,306.3,free
C00405,2025-03-05,W10,2025-05-26,search,40.1,basic
C00406,2025-01-22,W04,2025-01-25,feature_use,107.2,free
C00406,2025-01-22,W04,2025-01-28,search,466.6,basic
C00406,2025-01-22,W04,2025-01-28,feature_use,151.8,free
C00406,2025-01-22,W04,2025-01-31,page_view,299.1,free
C00406,2025-01-22,W04,2025-02-14,feature_use,428.3,free
C00406,2025-01-22,W04,2025-02-18,feature_use,25.4,basic
C00406,2025-01-22,W04,2025-03-31,feature_use,86.3,basic
C00406,2025-01-22,W04,2025-03-27,feature_use,163.7,basic
C00406,2025-01-22,W04,2025-03-30,settings_change,151.9,pro
C00407,2025-01-15,W03,2025-01-17,page_view,361.9,pro
C00407,2025-01-15,W03,2025-01-21,feature_use,1087.6,pro
C00407,2025-01-15,W03,2025-02-03,search,351.6,free
C00407,2025-01-15,W03,2025-02-02,feature_use,19.5,pro
C00407,2025-01-15,W03,2025-02-03,page_view,1035.3,free
C00407,2025-01-15,W03,2025-01-31,page_view,186.2,basic
C00407,2025-01-15,W03,2025-02-04,feature_use,65.0,free
C00407,2025-01-15,W03,2025-02-05,settings_change,49.8,free
C00407,2025-01-15,W03,2025-02-06,feature_use,183.3,free
C00407,2025-01-15,W03,2025-02-21,search,189.1,basic
C00407,2025-01-15,W03,2025-02-23,feature_use,211.8,free
C00407,2025-01-15,W03,2025-03-06,page_view,179.9,basic
C00407,2025-01-15,W03,2025-03-10,feature_use,45.7,free
C00407,2025-01-15,W03,2025-03-09,page_view,92.1,pro
C00407,2025-01-15,W03,2025-03-11,page_view,389.4,basic
C00408,2025-01-29,W05,2025-01-29,search,272.9,basic
C00408,2025-01-29,W05,2025-02-02,search,29.0,free
C00409,2025-02-12,W07,2025-02-12,feature_use,107.4,pro
C00409,2025-02-12,W07,2025-03-26,settings_change,79.5,free
C00409,2025-02-12,W07,2025-03-29,page_view,866.3,pro
C00409,2025-02-12,W07,2025-03-27,feature_use,92.2,free
C00410,2025-02-05,W06,2025-02-10,page_view,46.9,free
C00411,2025-02-12,W07,2025-02-14,feature_use,171.3,pro
C00411,2025-02-12,W07,2025-02-14,page_view,30.9,free
C00411,2025-02-12,W07,2025-02-12,page_view,366.8,free
C00411,2025-02-12,W07,2025-02-18,page_view,520.7,free
C00411,2025-02-12,W07,2025-02-13,page_view,417.0,basic
C00411,2025-02-12,W07,2025-02-24,feature_use,187.8,free
C00411,2025-02-12,W07,2025-03-30,page_view,47.1,pro
C00411,2025-02-12,W07,2025-03-28,page_view,125.5,basic
C00411,2025-02-12,W07,2025-03-30,page_view,927.6,basic
C00411,2025-02-12,W07,2025-03-27,page_view,551.3,free
C00412,2025-01-29,W05,2025-02-04,feature_use,155.0,free
C00412,2025-01-29,W05,2025-02-07,page_view,36.1,basic
C00412,2025-01-29,W05,2025-02-25,page_view,103.8,pro
C00413,2025-03-19,W12,2025-03-19,feature_use,199.7,pro
C00414,2025-01-08,W02,2025-01-08,feature_use,470.6,pro
C00414,2025-01-08,W02,2025-01-10,feature_use,442.4,basic
C00414,2025-01-08,W02,2025-01-31,page_view,99.9,basic
C00414,2025-01-08,W02,2025-01-29,feature_use,972.6,free
C00414,2025-01-08,W02,2025-02-17,feature_use,160.9,basic
C00414,2025-01-08,W02,2025-02-17,feature_use,231.9,pro
C00414,2025-01-08,W02,2025-02-19,page_view,276.6,free
C00414,2025-01-08,W02,2025-02-21,search,18.6,basic
C00414,2025-01-08,W02,2025-02-19,search,76.1,free
C00414,2025-01-08,W02,2025-02-23,search,379.0,pro
C00414,2025-01-08,W02,2025-03-03,search,108.8,pro
C00414,2025-01-08,W02,2025-03-03,page_view,670.0,pro
C00414,2025-01-08,W02,2025-03-01,search,53.4,free
C00414,2025-01-08,W02,2025-03-22,feature_use,104.6,basic
C00414,2025-01-08,W02,2025-03-23,page_view,199.5,pro
C00415,2025-01-29,W05,2025-02-03,search,235.8,free
C00415,2025-01-29,W05,2025-02-21,search,67.0,pro
C00416,2025-02-12,W07,2025-02-18,page_view,60.1,free
C00417,2025-01-01,W01,2025-01-03,feature_use,118.8,basic
C00417,2025-01-01,W01,2025-01-04,page_view,50.8,basic
C00417,2025-01-01,W01,2025-01-18,page_view,132.0,free
C00417,2025-01-01,W01,2025-01-21,page_view,82.9,free
C00417,2025-01-01,W01,2025-01-15,page_view,414.9,basic
C00417,2025-01-01,W01,2025-01-16,feature_use,29.3,free
C00417,2025-01-01,W01,2025-02-17,page_view,286.9,pro
C00417,2025-01-01,W01,2025-02-17,page_view,153.8,pro
C00417,2025-01-01,W01,2025-02-17,feature_use,73.6,free
C00417,2025-01-01,W01,2025-02-17,search,441.9,pro
C00417,2025-01-01,W01,2025-02-17,page_view,42.8,pro
C00418,2025-01-29,W05,2025-01-31,page_view,39.6,free
C00419,2025-01-22,W04,2025-01-24,page_view,77.1,basic
C00419,2025-01-22,W04,2025-02-05,feature_use,883.1,basic
C00419,2025-01-22,W04,2025-03-12,page_view,364.5,basic
C00420,2025-03-19,W12,2025-03-19,page_view,241.6,basic
C00420,2025-03-19,W12,2025-03-21,page_view,179.2,basic
C00420,2025-03-19,W12,2025-05-25,search,195.7,free
C00420,2025-03-19,W12,2025-05-26,feature_use,270.7,basic
C00421,2025-03-19,W12,2025-03-24,page_view,161.3,free
C00421,2025-03-19,W12,2025-03-23,page_view,83.3,free
C00422,2025-02-12,W07,2025-02-13,search,69.2,basic
C00422,2025-02-12,W07,2025-02-12,page_view,258.1,free
C00423,2025-02-05,W06,2025-02-09,search,59.3,pro
C00423,2025-02-05,W06,2025-02-18,feature_use,475.1,pro
C00424,2025-02-12,W07,2025-02-12,settings_change,38.4,basic
C00424,2025-02-12,W07,2025-02-12,page_view,142.3,basic
C00424,2025-02-12,W07,2025-02-16,search,68.2,free
C00424,2025-02-12,W07,2025-02-17,feature_use,452.7,pro
C00425,2025-01-22,W04,2025-01-24,page_view,663.7,free
C00425,2025-01-22,W04,2025-02-11,feature_use,332.9,pro
C00425,2025-01-22,W04,2025-02-24,page_view,63.1,free
C00426,2025-01-29,W05,2025-01-31,page_view,25.5,basic
C00426,2025-01-29,W05,2025-02-11,page_view,514.3,free
C00426,2025-01-29,W05,2025-02-11,search,240.2,basic
C00426,2025-01-29,W05,2025-03-29,page_view,789.7,pro
C00426,2025-01-29,W05,2025-03-27,page_view,251.2,free
C00427,2025-02-19,W08,2025-02-25,feature_use,163.0,basic
C00427,2025-02-19,W08,2025-02-25,page_view,83.6,basic
C00427,2025-02-19,W08,2025-03-12,page_view,29.1,basic
C00427,2025-02-19,W08,2025-03-14,feature_use,115.6,free
C00427,2025-02-19,W08,2025-04-08,settings_change,10.8,pro
C00428,2025-01-15,W03,2025-01-21,page_view,53.6,free
C00428,2025-01-15,W03,2025-02-22,feature_use,308.8,pro
C00428,2025-01-15,W03,2025-02-19,page_view,128.9,basic
C00429,2025-01-22,W04,2025-01-23,page_view,34.5,pro
C00430,2025-03-12,W11,2025-03-17,page_view,76.6,free
C00430,2025-03-12,W11,2025-04-02,page_view,37.4,pro
C00430,2025-03-12,W11,2025-04-03,feature_use,997.4,free
C00430,2025-03-12,W11,2025-04-05,feature_use,28.6,free
C00430,2025-03-12,W11,2025-04-04,feature_use,373.5,pro
C00430,2025-03-12,W11,2025-04-03,feature_use,561.7,free
C00430,2025-03-12,W11,2025-04-06,search,122.6,free
C00430,2025-03-12,W11,2025-04-12,feature_use,242.0,basic
C00430,2025-03-12,W11,2025-04-09,page_view,50.4,free
C00431,2025-03-05,W10,2025-03-06,page_view,84.0,basic
C00431,2025-03-05,W10,2025-03-05,feature_use,132.6,basic
C00432,2025-03-19,W12,2025-03-22,page_view,32.7,free
C00432,2025-03-19,W12,2025-04-27,page_view,199.8,free
C00433,2025-02-05,W06,2025-02-07,feature_use,408.6,free
C00433,2025-02-05,W06,2025-02-17,feature_use,32.9,pro
C00433,2025-02-05,W06,2025-02-14,page_view,107.6,pro
C00433,2025-02-05,W06,2025-02-28,settings_change,33.5,free
C00433,2025-02-05,W06,2025-02-28,feature_use,191.0,basic
C00434,2025-02-12,W07,2025-02-17,feature_use,562.7,free
C00434,2025-02-12,W07,2025-03-14,feature_use,90.4,free
C00435,2025-03-05,W10,2025-03-11,search,351.7,basic
C00435,2025-03-05,W10,2025-05-21,page_view,40.3,basic
C00436,2025-02-26,W09,2025-03-02,page_view,52.9,free
C00436,2025-02-26,W09,2025-03-05,page_view,68.6,free
C00436,2025-02-26,W09,2025-03-11,settings_change,167.8,basic
C00436,2025-02-26,W09,2025-03-11,feature_use,1985.3,pro
C00436,2025-02-26,W09,2025-03-08,page_view,24.2,free
C00436,2025-02-26,W09,2025-03-12,search,30.4,basic
C00436,2025-02-26,W09,2025-03-14,page_view,64.0,basic
C00436,2025-02-26,W09,2025-03-15,page_view,58.5,free
C00436,2025-02-26,W09,2025-03-15,page_view,705.8,basic
C00436,2025-02-26,W09,2025-03-20,feature_use,812.3,basic
C00437,2025-01-29,W05,2025-01-29,search,59.2,basic
C00437,2025-01-29,W05,2025-02-05,feature_use,261.1,free
C00437,2025-01-29,W05,2025-02-13,feature_use,33.8,free
C00437,2025-01-29,W05,2025-02-12,search,55.4,free
C00437,2025-01-29,W05,2025-02-14,page_view,195.3,pro
C00437,2025-01-29,W05,2025-02-18,page_view,753.9,pro
C00437,2025-01-29,W05,2025-02-18,feature_use,98.5,pro
C00438,2025-01-15,W03,2025-01-17,page_view,471.8,free
C00438,2025-01-15,W03,2025-01-25,page_view,90.9,free
C00439,2025-01-29,W05,2025-02-01,page_view,339.1,free
C00439,2025-01-29,W05,2025-01-29,page_view,188.3,free
C00439,2025-01-29,W05,2025-03-03,page_view,133.2,free
C00439,2025-01-29,W05,2025-03-01,feature_use,251.2,basic
C00439,2025-01-29,W05,2025-04-01,page_view,219.7,free
C00440,2025-01-08,W02,2025-01-08,feature_use,542.9,basic
C00441,2025-02-19,W08,2025-02-22,feature_use,251.7,free
C00441,2025-02-19,W08,2025-03-03,feature_use,186.9,basic
C00441,2025-02-19,W08,2025-03-02,page_view,26.1,basic
C00441,2025-02-19,W08,2025-03-16,page_view,1017.8,basic
C00441,2025-02-19,W08,2025-04-19,page_view,843.9,free
C00441,2025-02-19,W08,2025-04-18,feature_use,115.7,basic
C00442,2025-01-22,W04,2025-01-23,feature_use,188.2,pro
C00442,2025-01-22,W04,2025-01-27,page_view,138.2,free
C00442,2025-01-22,W04,2025-01-26,search,248.9,free
C00443,2025-02-26,W09,2025-02-27,search,129.8,free
C00443,2025-02-26,W09,2025-03-13,feature_use,54.3,free
C00444,2025-01-15,W03,2025-01-18,search,115.3,pro
C00444,2025-01-15,W03,2025-01-23,page_view,306.6,free
C00444,2025-01-15,W03,2025-01-27,search,217.7,free
C00444,2025-01-15,W03,2025-01-25,page_view,59.5,basic
C00445,2025-02-12,W07,2025-02-18,search,214.3,basic
C00445,2025-02-12,W07,2025-02-13,page_view,687.8,free
C00445,2025-02-12,W07,2025-02-18,search,469.1,free
C00445,2025-02-12,W07,2025-02-24,page_view,507.5,basic
C00445,2025-02-12,W07,2025-04-05,settings_change,198.7,free
C00446,2025-01-15,W03,2025-01-16,page_view,173.4,basic
C00446,2025-01-15,W03,2025-02-03,page_view,113.4,basic
C00446,2025-01-15,W03,2025-02-09,feature_use,389.3,free
C00446,2025-01-15,W03,2025-02-16,feature_use,206.8,basic
C00447,2025-03-12,W11,2025-03-17,page_view,9.7,pro
C00447,2025-03-12,W11,2025-03-13,page_view,76.7,free
C00447,2025-03-12,W11,2025-03-25,feature_use,363.7,free
C00447,2025-03-12,W11,2025-03-20,page_view,534.9,pro
C00447,2025-03-12,W11,2025-04-08,feature_use,115.0,basic
C00448,2025-03-19,W12,2025-03-25,page_view,19.3,free
C00449,2025-01-22,W04,2025-01-23,page_view,961.4,free
C00450,2025-01-08,W02,2025-01-13,search,121.2,pro
C00450,2025-01-08,W02,2025-01-12,search,99.8,free
C00450,2025-01-08,W02,2025-01-09,page_view,46.7,free
C00450,2025-01-08,W02,2025-01-24,feature_use,88.4,free
C00450,2025-01-08,W02,2025-01-27,search,174.2,pro
C00450,2025-01-08,W02,2025-02-05,feature_use,139.4,free
C00450,2025-01-08,W02,2025-02-08,page_view,257.4,free
C00450,2025-01-08,W02,2025-02-08,settings_change,39.0,free
C00451,2025-02-05,W06,2025-02-06,search,166.5,free
C00451,2025-02-05,W06,2025-02-27,page_view,75.5,free
C00452,2025-01-29,W05,2025-02-02,feature_use,510.1,free
C00452,2025-01-29,W05,2025-02-13,page_view,43.2,basic
C00452,2025-01-29,W05,2025-02-14,page_view,161.6,free
C00452,2025-01-29,W05,2025-02-16,page_view,552.1,free
C00452,2025-01-29,W05,2025-02-19,search,170.4,basic
C00452,2025-01-29,W05,2025-02-19,feature_use,77.4,free
C00452,2025-01-29,W05,2025-02-20,page_view,544.4,pro
C00452,2025-01-29,W05,2025-02-24,search,787.6,basic
C00452,2025-01-29,W05,2025-03-28,page_view,205.0,pro
C00452,2025-01-29,W05,2025-03-30,page_view,54.7,free
C00452,2025-01-29,W05,2025-04-01,page_view,956.0,pro
C00453,2025-03-19,W12,2025-03-19,feature_use,33.1,free
C00453,2025-03-19,W12,2025-04-08,page_view,115.7,pro
C00454,2025-03-05,W10,2025-03-10,page_view,264.9,free
C00454,2025-03-05,W10,2025-03-14,feature_use,74.3,free
C00454,2025-03-05,W10,2025-03-14,settings_change,102.6,basic
C00454,2025-03-05,W10,2025-04-23,page_view,222.0,free
C00455,2025-03-05,W10,2025-03-05,feature_use,84.2,basic
C00456,2025-01-22,W04,2025-01-26,feature_use,68.4,basic
C00456,2025-01-22,W04,2025-01-30,page_view,45.8,basic
C00456,2025-01-22,W04,2025-02-11,page_view,805.7,free
C00456,2025-01-22,W04,2025-02-11,search,87.2,basic
C00456,2025-01-22,W04,2025-02-07,search,65.7,free
C00456,2025-01-22,W04,2025-02-05,search,146.0,basic
C00457,2025-01-22,W04,2025-01-28,feature_use,110.0,free
C00457,2025-01-22,W04,2025-03-11,settings_change,62.0,free
C00458,2025-01-01,W01,2025-01-05,feature_use,97.3,free
C00458,2025-01-01,W01,2025-01-02,feature_use,283.3,pro
C00458,2025-01-01,W01,2025-01-04,settings_change,79.0,free
C00458,2025-01-01,W01,2025-01-04,feature_use,80.3,pro
C00458,2025-01-01,W01,2025-01-06,search,37.2,pro
C00458,2025-01-01,W01,2025-01-13,feature_use,173.4,free
C00459,2025-03-19,W12,2025-03-19,feature_use,92.0,basic
C00459,2025-03-19,W12,2025-04-05,search,195.7,basic
C00459,2025-03-19,W12,2025-04-03,page_view,1122.5,free
C00460,2025-01-15,W03,2025-01-15,feature_use,897.5,free
C00460,2025-01-15,W03,2025-02-03,feature_use,265.1,pro
C00460,2025-01-15,W03,2025-01-29,page_view,131.7,free
C00460,2025-01-15,W03,2025-01-29,feature_use,66.4,pro
C00460,2025-01-15,W03,2025-02-05,page_view,25.0,free
C00461,2025-01-29,W05,2025-02-03,feature_use,142.0,free
C00461,2025-01-29,W05,2025-03-23,page_view,222.4,free
C00461,2025-01-29,W05,2025-03-22,settings_change,59.1,pro
C00462,2025-01-08,W02,2025-01-08,feature_use,68.3,free
C00462,2025-01-08,W02,2025-03-03,page_view,12.6,basic
C00462,2025-01-08,W02,2025-02-27,search,14.1,free
C00462,2025-01-08,W02,2025-02-28,page_view,114.7,free
C00463,2025-02-12,W07,2025-02-13,feature_use,76.2,pro
C00463,2025-02-12,W07,2025-02-14,feature_use,61.0,basic
C00463,2025-02-12,W07,2025-02-12,page_view,22.5,free
C00463,2025-02-12,W07,2025-02-25,feature_use,537.1,pro
C00463,2025-02-12,W07,2025-02-21,feature_use,136.2,free
C00463,2025-02-12,W07,2025-02-19,page_view,190.2,basic
C00463,2025-02-12,W07,2025-02-24,search,60.2,pro
C00463,2025-02-12,W07,2025-03-05,page_view,160.6,free
C00463,2025-02-12,W07,2025-03-15,search,235.4,basic
C00464,2025-01-15,W03,2025-01-15,page_view,187.5,free
C00464,2025-01-15,W03,2025-02-11,feature_use,87.9,pro
C00464,2025-01-15,W03,2025-02-10,page_view,69.9,free
C00464,2025-01-15,W03,2025-02-06,search,158.0,basic
C00464,2025-01-15,W03,2025-03-18,page_view,8.4,basic
C00465,2025-03-12,W11,2025-03-15,feature_use,42.3,free
C00465,2025-03-12,W11,2025-04-01,page_view,346.8,basic
C00466,2025-02-19,W08,2025-02-22,feature_use,213.0,basic
C00466,2025-02-19,W08,2025-03-04,page_view,174.9,free
C00467,2025-01-08,W02,2025-01-08,feature_use,57.2,free
C00467,2025-01-08,W02,2025-03-10,search,44.6,free
C00467,2025-01-08,W02,2025-03-11,page_view,16.0,basic
C00467,2025-01-08,W02,2025-03-05,feature_use,216.1,basic
C00468,2025-02-19,W08,2025-02-23,feature_use,490.4,basic
C00468,2025-02-19,W08,2025-02-22,page_view,211.7,free
C00468,2025-02-19,W08,2025-03-18,page_view,589.4,basic
C00468,2025-02-19,W08,2025-03-30,page_view,197.4,basic
C00468,2025-02-19,W08,2025-03-29,search,76.6,basic
C00468,2025-02-19,W08,2025-04-04,feature_use,250.5,free
C00468,2025-02-19,W08,2025-04-02,page_view,693.5,basic
C00468,2025-02-19,W08,2025-04-02,page_view,272.4,free
C00468,2025-02-19,W08,2025-04-07,page_view,655.8,basic
C00468,2025-02-19,W08,2025-04-02,feature_use,40.6,basic
C00468,2025-02-19,W08,2025-05-01,page_view,289.4,basic
C00468,2025-02-19,W08,2025-05-05,feature_use,88.2,free
C00468,2025-02-19,W08,2025-05-04,feature_use,326.6,free
C00468,2025-02-19,W08,2025-05-06,page_view,122.8,free
C00469,2025-01-29,W05,2025-02-03,search,795.9,free
C00469,2025-01-29,W05,2025-02-04,search,97.4,basic
C00469,2025-01-29,W05,2025-02-03,feature_use,322.2,free
C00469,2025-01-29,W05,2025-02-05,feature_use,244.4,free
C00469,2025-01-29,W05,2025-02-11,search,35.8,basic
C00469,2025-01-29,W05,2025-02-08,search,148.3,basic
C00469,2025-01-29,W05,2025-04-16,page_view,327.2,basic
C00470,2025-02-26,W09,2025-03-02,feature_use,125.9,basic
C00470,2025-02-26,W09,2025-03-26,search,233.1,basic
C00470,2025-02-26,W09,2025-04-01,page_view,65.2,free
C00470,2025-02-26,W09,2025-03-26,feature_use,277.0,basic
C00470,2025-02-26,W09,2025-04-22,page_view,16.2,free
C00470,2025-02-26,W09,2025-04-20,settings_change,900.5,basic
C00470,2025-02-26,W09,2025-04-17,feature_use,74.6,pro
C00470,2025-02-26,W09,2025-05-15,search,144.0,free
C00470,2025-02-26,W09,2025-05-20,feature_use,823.3,free
C00471,2025-02-26,W09,2025-03-03,page_view,76.3,free
C00472,2025-02-05,W06,2025-02-07,page_view,291.7,basic
C00472,2025-02-05,W06,2025-02-07,feature_use,116.8,basic
C00473,2025-03-12,W11,2025-03-14,page_view,113.2,pro
C00473,2025-03-12,W11,2025-04-01,page_view,658.5,basic
C00473,2025-03-12,W11,2025-04-18,page_view,125.6,basic
C00473,2025-03-12,W11,2025-04-22,search,166.5,pro
C00473,2025-03-12,W11,2025-04-17,page_view,65.8,free
C00474,2025-01-15,W03,2025-01-16,page_view,19.8,basic
C00474,2025-01-15,W03,2025-01-30,feature_use,135.0,basic
C00474,2025-01-15,W03,2025-02-22,feature_use,909.5,free
C00474,2025-01-15,W03,2025-02-20,page_view,100.7,pro
C00474,2025-01-15,W03,2025-02-25,search,642.1,basic
C00475,2025-03-19,W12,2025-03-25,search,154.4,free
C00476,2025-01-01,W01,2025-01-06,page_view,251.9,free
C00477,2025-01-01,W01,2025-01-01,feature_use,66.5,pro
C00478,2025-01-29,W05,2025-02-04,feature_use,136.5,basic
C00478,2025-01-29,W05,2025-02-01,feature_use,585.2,free
C00478,2025-01-29,W05,2025-02-09,feature_use,113.3,free
C00478,2025-01-29,W05,2025-02-20,settings_change,50.3,basic
C00478,2025-01-29,W05,2025-03-03,page_view,34.1,pro
C00478,2025-01-29,W05,2025-02-28,page_view,259.1,basic
C00478,2025-01-29,W05,2025-03-09,search,78.0,free
C00478,2025-01-29,W05,2025-03-22,feature_use,34.2,free
C00478,2025-01-29,W05,2025-03-19,feature_use,241.8,basic
C00478,2025-01-29,W05,2025-03-23,page_view,77.5,pro
C00478,2025-01-29,W05,2025-03-19,page_view,96.1,free
C00478,2025-01-29,W05,2025-04-05,page_view,41.4,basic
C00478,2025-01-29,W05,2025-04-20,page_view,134.8,pro
C00479,2025-03-19,W12,2025-03-23,page_view,319.6,basic
C00479,2025-03-19,W12,2025-03-21,feature_use,212.4,basic
C00479,2025-03-19,W12,2025-03-25,page_view,154.4,pro
C00479,2025-03-19,W12,2025-04-07,feature_use,25.7,free
C00479,2025-03-19,W12,2025-04-04,feature_use,107.4,basic
C00479,2025-03-19,W12,2025-04-25,feature_use,985.1,basic
C00479,2025-03-19,W12,2025-05-08,feature_use,205.0,basic
C00479,2025-03-19,W12,2025-05-12,search,106.4,pro
C00479,2025-03-19,W12,2025-05-08,page_view,208.8,free
C00480,2025-03-05,W10,2025-03-09,feature_use,104.9,free
C00480,2025-03-05,W10,2025-03-07,search,699.9,basic
C00480,2025-03-05,W10,2025-03-13,page_view,173.2,basic
C00480,2025-03-05,W10,2025-03-15,page_view,91.8,free
C00480,2025-03-05,W10,2025-03-22,page_view,127.8,basic
C00480,2025-03-05,W10,2025-03-19,page_view,139.7,basic
C00480,2025-03-05,W10,2025-03-31,feature_use,195.0,free
C00480,2025-03-05,W10,2025-03-27,feature_use,424.6,basic
C00480,2025-03-05,W10,2025-04-29,page_view,384.1,basic
C00481,2025-01-08,W02,2025-01-08,page_view,349.4,free
C00481,2025-01-08,W02,2025-01-25,page_view,92.9,free
C00481,2025-01-08,W02,2025-01-23,page_view,49.4,free
C00481,2025-01-08,W02,2025-02-21,page_view,428.6,pro
C00481,2025-01-08,W02,2025-02-24,feature_use,24.4,free
C00481,2025-01-08,W02,2025-02-24,feature_use,276.5,free
C00481,2025-01-08,W02,2025-02-19,search,78.1,free
C00481,2025-01-08,W02,2025-02-25,page_view,391.8,free
C00481,2025-01-08,W02,2025-02-19,page_view,93.3,pro
C00481,2025-01-08,W02,2025-02-23,feature_use,247.6,basic
C00481,2025-01-08,W02,2025-03-03,page_view,11.7,free
C00482,2025-03-05,W10,2025-03-05,search,176.7,free
C00482,2025-03-05,W10,2025-03-12,feature_use,1102.2,basic
C00482,2025-03-05,W10,2025-04-06,page_view,121.8,free
C00482,2025-03-05,W10,2025-04-06,page_view,121.1,free
C00482,2025-03-05,W10,2025-04-23,feature_use,255.0,free
C00483,2025-02-26,W09,2025-02-27,page_view,39.0,free
C00484,2025-01-15,W03,2025-01-17,feature_use,426.5,pro
C00484,2025-01-15,W03,2025-02-18,page_view,316.2,free
C00485,2025-01-22,W04,2025-01-23,feature_use,54.8,free
C00486,2025-03-05,W10,2025-03-08,feature_use,136.4,free
C00486,2025-03-05,W10,2025-03-09,page_view,78.1,basic
C00486,2025-03-05,W10,2025-03-09,feature_use,347.7,free
C00486,2025-03-05,W10,2025-03-14,page_view,50.0,free
C00486,2025-03-05,W10,2025-03-22,page_view,63.7,basic
C00486,2025-03-05,W10,2025-03-20,page_view,373.5,basic
C00486,2025-03-05,W10,2025-03-22,page_view,257.6,basic
C00486,2025-03-05,W10,2025-04-05,search,102.7,free
C00486,2025-03-05,W10,2025-04-06,search,412.8,free
C00486,2025-03-05,W10,2025-04-19,feature_use,364.9,free
C00486,2025-03-05,W10,2025-04-21,search,14.3,pro
C00487,2025-03-05,W10,2025-03-05,page_view,483.0,basic
C00488,2025-01-08,W02,2025-01-14,search,126.2,basic
C00488,2025-01-08,W02,2025-01-09,page_view,105.4,free
C00488,2025-01-08,W02,2025-01-11,feature_use,134.4,pro
C00488,2025-01-08,W02,2025-01-14,page_view,237.7,basic
C00488,2025-01-08,W02,2025-02-01,feature_use,450.1,basic
C00488,2025-01-08,W02,2025-02-05,feature_use,30.0,free
C00488,2025-01-08,W02,2025-03-18,page_view,70.9,pro
C00489,2025-01-08,W02,2025-01-11,page_view,214.6,free
C00489,2025-01-08,W02,2025-03-02,search,57.5,free
C00489,2025-01-08,W02,2025-03-03,page_view,180.5,free
C00490,2025-01-15,W03,2025-01-18,page_view,51.1,free
C00490,2025-01-15,W03,2025-02-14,search,81.2,basic
C00490,2025-01-15,W03,2025-02-23,feature_use,14.5,free
C00490,2025-01-15,W03,2025-03-13,page_view,987.7,free
C00490,2025-01-15,W03,2025-03-15,feature_use,140.6,free
C00490,2025-01-15,W03,2025-04-08,page_view,129.9,basic
C00490,2025-01-15,W03,2025-04-06,settings_change,37.2,pro
C00490,2025-01-15,W03,2025-04-03,feature_use,578.0,pro
C00490,2025-01-15,W03,2025-04-07,search,108.3,basic
C00491,2025-03-12,W11,2025-03-16,page_view,71.0,pro
C00492,2025-02-05,W06,2025-02-08,feature_use,119.1,basic
C00493,2025-02-12,W07,2025-02-16,page_view,152.1,basic
C00493,2025-02-12,W07,2025-03-05,search,43.9,pro
C00493,2025-02-12,W07,2025-03-08,page_view,426.6,free
C00494,2025-01-29,W05,2025-02-01,feature_use,116.3,free
C00494,2025-01-29,W05,2025-02-03,page_view,53.8,free
C00494,2025-01-29,W05,2025-01-31,search,231.2,pro
C00494,2025-01-29,W05,2025-02-16,page_view,478.1,free
C00494,2025-01-29,W05,2025-02-17,page_view,81.0,basic
C00494,2025-01-29,W05,2025-02-21,page_view,175.5,free
C00494,2025-01-29,W05,2025-02-20,page_view,188.1,free
C00494,2025-01-29,W05,2025-04-20,settings_change,445.4,free
C00495,2025-02-19,W08,2025-02-21,page_view,69.0,free
C00495,2025-02-19,W08,2025-02-20,page_view,662.3,free
C00495,2025-02-19,W08,2025-04-10,page_view,64.3,basic
C00495,2025-02-19,W08,2025-04-21,page_view,303.7,free
C00496,2025-01-01,W01,2025-01-06,page_view,220.5,free
C00496,2025-01-01,W01,2025-01-04,feature_use,97.6,pro
C00496,2025-01-01,W01,2025-01-08,search,135.9,pro
C00496,2025-01-01,W01,2025-01-20,search,69.6,basic
C00497,2025-01-08,W02,2025-01-08,feature_use,198.8,free
C00497,2025-01-08,W02,2025-01-17,feature_use,276.7,basic
C00497,2025-01-08,W02,2025-01-24,search,249.0,pro
C00498,2025-01-29,W05,2025-01-30,page_view,1672.7,basic
C00498,2025-01-29,W05,2025-02-11,page_view,299.8,free
C00498,2025-01-29,W05,2025-03-24,page_view,9.8,pro
C00499,2025-01-01,W01,2025-01-03,page_view,262.3,free
C00499,2025-01-01,W01,2025-01-17,page_view,411.3,free
C00500,2025-03-12,W11,2025-03-14,search,177.9,pro
C00500,2025-03-12,W11,2025-03-14,page_view,41.9,basic
C00501,2025-03-05,W10,2025-03-09,feature_use,127.9,pro
C00501,2025-03-05,W10,2025-04-01,search,258.4,basic
C00502,2025-02-12,W07,2025-02-13,search,77.3,free
C00502,2025-02-12,W07,2025-02-16,search,121.0,free
C00502,2025-02-12,W07,2025-02-12,page_view,235.4,basic
C00502,2025-02-12,W07,2025-02-26,search,14.8,free
C00503,2025-01-15,W03,2025-01-18,search,371.8,basic
C00503,2025-01-15,W03,2025-02-07,settings_change,1172.3,free
C00503,2025-01-15,W03,2025-02-15,search,36.6,basic
C00503,2025-01-15,W03,2025-02-18,page_view,123.7,pro
C00503,2025-01-15,W03,2025-02-18,settings_change,101.1,free
C00503,2025-01-15,W03,2025-02-12,page_view,1052.1,pro
C00503,2025-01-15,W03,2025-02-16,page_view,71.2,pro
C00503,2025-01-15,W03,2025-02-15,page_view,435.6,basic
C00503,2025-01-15,W03,2025-02-20,page_view,80.3,pro
C00503,2025-01-15,W03,2025-04-02,page_view,539.2,basic
C00503,2025-01-15,W03,2025-04-04,search,47.1,free
C00503,2025-01-15,W03,2025-04-08,search,20.8,basic
C00503,2025-01-15,W03,2025-04-07,feature_use,82.3,free
C00504,2025-02-05,W06,2025-02-05,page_view,143.2,free
C00505,2025-03-05,W10,2025-03-10,page_view,79.1,free
C00506,2025-03-12,W11,2025-03-15,feature_use,28.4,basic
C00506,2025-03-12,W11,2025-03-22,page_view,167.8,free
C00506,2025-03-12,W11,2025-04-17,search,459.9,free
C00507,2025-02-12,W07,2025-02-15,feature_use,88.1,basic
C00507,2025-02-12,W07,2025-03-11,feature_use,158.7,basic
C00508,2025-01-29,W05,2025-02-02,page_view,150.7,pro
C00508,2025-01-29,W05,2025-02-10,page_view,167.6,free
C00508,2025-01-29,W05,2025-02-05,search,188.4,free
C00509,2025-02-12,W07,2025-02-14,search,222.4,pro
C00509,2025-02-12,W07,2025-03-12,page_view,48.5,free
C00509,2025-02-12,W07,2025-03-14,page_view,209.0,free
C00510,2025-03-12,W11,2025-03-12,feature_use,221.8,basic
C00510,2025-03-12,W11,2025-03-16,page_view,114.7,basic
C00510,2025-03-12,W11,2025-05-05,page_view,40.5,basic
C00510,2025-03-12,W11,2025-04-30,feature_use,77.9,basic
C00511,2025-01-15,W03,2025-01-19,search,123.1,free
C00511,2025-01-15,W03,2025-01-24,page_view,144.1,basic
C00511,2025-01-15,W03,2025-01-27,feature_use,42.6,basic
C00511,2025-01-15,W03,2025-01-27,feature_use,597.4,basic
C00511,2025-01-15,W03,2025-01-27,page_view,1102.7,free
C00511,2025-01-15,W03,2025-02-08,page_view,41.5,basic
C00511,2025-01-15,W03,2025-02-18,feature_use,708.9,free
C00511,2025-01-15,W03,2025-02-12,page_view,29.5,free
C00511,2025-01-15,W03,2025-03-07,page_view,505.4,free
C00511,2025-01-15,W03,2025-03-05,feature_use,58.6,basic
C00512,2025-02-19,W08,2025-02-21,feature_use,212.7,basic
C00513,2025-02-12,W07,2025-02-17,search,123.0,free
C00513,2025-02-12,W07,2025-03-17,feature_use,31.5,free
C00513,2025-02-12,W07,2025-03-13,page_view,143.5,basic
C00513,2025-02-12,W07,2025-04-13,page_view,235.3,pro
C00513,2025-02-12,W07,2025-04-14,settings_change,223.3,free
C00513,2025-02-12,W07,2025-04-14,search,53.6,pro
C00513,2025-02-12,W07,2025-04-22,search,360.3,basic
C00514,2025-01-22,W04,2025-01-28,page_view,197.4,free
C00514,2025-01-22,W04,2025-02-04,page_view,32.2,basic
C00514,2025-01-22,W04,2025-01-30,page_view,71.4,free
C00514,2025-01-22,W04,2025-02-23,page_view,120.2,free
C00515,2025-02-12,W07,2025-02-12,page_view,291.8,free
C00515,2025-02-12,W07,2025-03-10,feature_use,228.7,free
C00515,2025-02-12,W07,2025-03-06,feature_use,35.1,pro
C00515,2025-02-12,W07,2025-03-09,feature_use,381.8,free
C00515,2025-02-12,W07,2025-03-11,feature_use,578.7,basic
C00515,2025-02-12,W07,2025-04-06,search,44.7,free
C00516,2025-03-05,W10,2025-03-05,page_view,128.6,basic
C00516,2025-03-05,W10,2025-03-13,page_view,986.2,pro
C00517,2025-03-19,W12,2025-03-21,page_view,59.9,basic
C00517,2025-03-19,W12,2025-03-25,feature_use,28.5,basic
C00517,2025-03-19,W12,2025-03-22,feature_use,27.7,pro
C00517,2025-03-19,W12,2025-03-19,search,68.3,basic
C00517,2025-03-19,W12,2025-04-24,feature_use,108.0,free
C00517,2025-03-19,W12,2025-04-27,page_view,134.3,basic
C00517,2025-03-19,W12,2025-04-29,feature_use,59.3,pro
C00517,2025-03-19,W12,2025-04-27,feature_use,30.0,free
C00518,2025-03-12,W11,2025-03-13,page_view,243.7,free
C00518,2025-03-12,W11,2025-03-15,feature_use,74.6,basic
C00518,2025-03-12,W11,2025-03-17,feature_use,410.5,free
C00518,2025-03-12,W11,2025-04-04,feature_use,71.5,basic
C00518,2025-03-12,W11,2025-04-11,page_view,51.7,pro
C00518,2025-03-12,W11,2025-04-11,feature_use,60.9,free
C00518,2025-03-12,W11,2025-04-12,search,100.1,free
C00518,2025-03-12,W11,2025-04-20,page_view,65.6,free
C00518,2025-03-12,W11,2025-04-18,page_view,2556.7,free
C00518,2025-03-12,W11,2025-05-09,feature_use,68.1,free
C00519,2025-01-29,W05,2025-01-31,page_view,108.8,free
C00519,2025-01-29,W05,2025-02-23,feature_use,151.9,free
C00520,2025-03-05,W10,2025-03-05,page_view,388.0,basic
C00520,2025-03-05,W10,2025-03-21,page_view,91.8,basic
C00520,2025-03-05,W10,2025-05-25,page_view,195.8,free
C00520,2025-03-05,W10,2025-05-24,page_view,98.0,pro
C00520,2025-03-05,W10,2025-05-27,feature_use,243.6,free
C00521,2025-01-29,W05,2025-01-29,settings_change,62.8,free
C00521,2025-01-29,W05,2025-02-01,page_view,347.8,pro
C00521,2025-01-29,W05,2025-01-30,page_view,202.2,pro
C00522,2025-01-15,W03,2025-01-21,page_view,174.1,pro
C00522,2025-01-15,W03,2025-01-27,feature_use,130.8,basic
C00522,2025-01-15,W03,2025-01-24,feature_use,421.1,pro
C00522,2025-01-15,W03,2025-02-11,settings_change,409.7,basic
C00522,2025-01-15,W03,2025-02-18,page_view,71.6,free
C00522,2025-01-15,W03,2025-03-04,page_view,885.0,basic
C00522,2025-01-15,W03,2025-03-04,feature_use,17.7,pro
C00523,2025-02-12,W07,2025-02-18,page_view,178.1,basic
C00523,2025-02-12,W07,2025-02-12,page_view,251.2,pro
C00523,2025-02-12,W07,2025-02-14,page_view,109.4,pro
C00523,2025-02-12,W07,2025-02-18,feature_use,33.7,basic
C00523,2025-02-12,W07,2025-02-25,feature_use,75.9,basic
C00523,2025-02-12,W07,2025-02-21,page_view,225.7,free
C00523,2025-02-12,W07,2025-04-08,feature_use,83.9,basic
C00523,2025-02-12,W07,2025-04-02,feature_use,389.3,basic
C00524,2025-01-22,W04,2025-01-22,page_view,453.3,basic
C00524,2025-01-22,W04,2025-01-25,page_view,54.6,free
C00525,2025-02-12,W07,2025-02-18,page_view,227.6,pro
C00525,2025-02-12,W07,2025-03-03,page_view,81.4,basic
C00525,2025-02-12,W07,2025-04-06,page_view,94.5,pro
C00525,2025-02-12,W07,2025-04-03,page_view,721.3,free
C00526,2025-02-12,W07,2025-02-18,page_view,173.2,pro
C00526,2025-02-12,W07,2025-04-12,feature_use,760.3,basic
C00527,2025-03-05,W10,2025-03-09,page_view,40.0,free
C00527,2025-03-05,W10,2025-05-03,page_view,140.0,free
C00527,2025-03-05,W10,2025-05-06,page_view,75.1,free
C00527,2025-03-05,W10,2025-05-04,page_view,295.5,basic
C00528,2025-01-22,W04,2025-01-25,feature_use,789.0,free
C00528,2025-01-22,W04,2025-01-27,search,250.8,pro
C00528,2025-01-22,W04,2025-01-26,page_view,150.4,free
C00528,2025-01-22,W04,2025-01-28,page_view,671.3,free
C00528,2025-01-22,W04,2025-04-10,search,560.2,basic
C00528,2025-01-22,W04,2025-04-09,page_view,7.7,free
C00529,2025-01-08,W02,2025-01-09,page_view,651.5,free
C00529,2025-01-08,W02,2025-01-13,page_view,49.5,basic
C00529,2025-01-08,W02,2025-01-08,page_view,132.5,basic
C00529,2025-01-08,W02,2025-01-17,page_view,137.6,basic
C00529,2025-01-08,W02,2025-01-19,page_view,703.2,basic
C00529,2025-01-08,W02,2025-01-27,feature_use,273.8,free
C00530,2025-02-05,W06,2025-02-11,search,23.4,basic
C00530,2025-02-05,W06,2025-03-27,page_view,161.6,basic
C00531,2025-02-05,W06,2025-02-07,page_view,173.1,pro
C00531,2025-02-05,W06,2025-02-13,feature_use,133.4,basic
C00531,2025-02-05,W06,2025-02-16,page_view,79.7,pro
C00531,2025-02-05,W06,2025-02-17,settings_change,125.0,basic
C00532,2025-01-29,W05,2025-02-04,page_view,489.6,pro
C00532,2025-01-29,W05,2025-02-03,page_view,616.9,basic
C00532,2025-01-29,W05,2025-02-12,settings_change,303.9,free
C00532,2025-01-29,W05,2025-03-30,page_view,178.4,free
C00533,2025-01-01,W01,2025-01-06,page_view,277.8,basic
C00533,2025-01-01,W01,2025-01-24,feature_use,521.0,basic
C00533,2025-01-01,W01,2025-02-06,page_view,58.0,basic
C00533,2025-01-01,W01,2025-02-11,search,52.7,pro
C00533,2025-01-01,W01,2025-02-06,page_view,100.4,pro
C00533,2025-01-01,W01,2025-02-09,page_view,486.0,pro
C00534,2025-01-08,W02,2025-01-14,page_view,17.8,pro
C00534,2025-01-08,W02,2025-01-11,page_view,127.4,free
C00534,2025-01-08,W02,2025-01-15,feature_use,336.6,free
C00534,2025-01-08,W02,2025-01-21,page_view,168.8,basic
C00534,2025-01-08,W02,2025-01-26,search,439.6,pro
C00534,2025-01-08,W02,2025-01-28,page_view,282.8,basic
C00535,2025-02-12,W07,2025-02-15,search,144.9,basic
C00535,2025-02-12,W07,2025-02-16,feature_use,66.6,free
C00535,2025-02-12,W07,2025-02-13,feature_use,64.7,basic
C00535,2025-02-12,W07,2025-02-13,page_view,154.5,free
C00535,2025-02-12,W07,2025-02-19,feature_use,85.7,pro
C00535,2025-02-12,W07,2025-02-23,page_view,436.8,free
C00535,2025-02-12,W07,2025-02-24,search,144.7,basic
C00535,2025-02-12,W07,2025-02-27,search,75.3,free
C00535,2025-02-12,W07,2025-03-04,page_view,123.7,basic
C00535,2025-02-12,W07,2025-03-01,page_view,52.6,basic
C00535,2025-02-12,W07,2025-03-21,page_view,39.8,pro
C00535,2025-02-12,W07,2025-03-31,feature_use,42.2,free
C00535,2025-02-12,W07,2025-03-30,feature_use,16.2,free
C00535,2025-02-12,W07,2025-03-27,page_view,100.2,free
C00535,2025-02-12,W07,2025-03-31,feature_use,388.2,basic
C00536,2025-01-15,W03,2025-01-18,page_view,1289.6,basic
C00536,2025-01-15,W03,2025-01-31,page_view,26.6,pro
C00536,2025-01-15,W03,2025-01-29,settings_change,186.8,free
C00536,2025-01-15,W03,2025-01-30,page_view,81.1,basic
C00536,2025-01-15,W03,2025-03-05,page_view,1163.8,basic
C00536,2025-01-15,W03,2025-03-08,search,8.8,free
C00536,2025-01-15,W03,2025-03-07,feature_use,113.1,basic
C00536,2025-01-15,W03,2025-03-16,search,289.8,pro
C00537,2025-02-12,W07,2025-02-18,feature_use,67.4,basic
C00537,2025-02-12,W07,2025-03-11,page_view,146.8,pro
C00538,2025-01-08,W02,2025-01-09,page_view,158.4,pro
C00538,2025-01-08,W02,2025-01-09,page_view,96.6,basic
C00538,2025-01-08,W02,2025-01-18,page_view,130.8,basic
C00538,2025-01-08,W02,2025-02-08,feature_use,125.0,free
C00539,2025-03-12,W11,2025-03-17,feature_use,640.9,basic
C00539,2025-03-12,W11,2025-04-11,feature_use,96.5,basic
C00540,2025-02-26,W09,2025-02-28,page_view,771.0,pro
C00540,2025-02-26,W09,2025-03-06,search,42.4,pro
C00540,2025-02-26,W09,2025-03-08,feature_use,51.7,free
C00540,2025-02-26,W09,2025-03-06,page_view,183.9,free
C00540,2025-02-26,W09,2025-04-04,page_view,496.6,basic
C00540,2025-02-26,W09,2025-04-05,page_view,68.9,pro
C00540,2025-02-26,W09,2025-04-22,page_view,65.0,pro
C00541,2025-02-26,W09,2025-02-28,page_view,159.6,basic
C00541,2025-02-26,W09,2025-03-07,page_view,235.1,free
C00541,2025-02-26,W09,2025-03-11,feature_use,182.0,free
C00542,2025-01-29,W05,2025-02-03,page_view,309.5,free
C00542,2025-01-29,W05,2025-02-13,feature_use,278.5,pro
C00542,2025-01-29,W05,2025-02-14,page_view,127.6,free
C00542,2025-01-29,W05,2025-02-14,search,54.3,pro
C00543,2025-01-29,W05,2025-02-02,page_view,377.1,basic
C00543,2025-01-29,W05,2025-02-01,feature_use,106.2,free
C00544,2025-02-19,W08,2025-02-20,page_view,244.4,free
C00544,2025-02-19,W08,2025-02-20,page_view,178.4,free
C00544,2025-02-19,W08,2025-04-18,settings_change,267.0,free
C00544,2025-02-19,W08,2025-05-01,page_view,86.8,basic
C00544,2025-02-19,W08,2025-04-30,page_view,85.0,free
C00545,2025-02-26,W09,2025-02-26,feature_use,542.8,basic
C00545,2025-02-26,W09,2025-03-04,search,975.5,free
C00546,2025-02-19,W08,2025-02-20,page_view,74.2,pro
C00546,2025-02-19,W08,2025-02-20,feature_use,50.4,basic
C00546,2025-02-19,W08,2025-03-26,page_view,62.7,free
C00546,2025-02-19,W08,2025-05-07,feature_use,61.7,basic
C00547,2025-03-05,W10,2025-03-06,search,412.4,free
C00547,2025-03-05,W10,2025-03-10,page_view,77.3,basic
C00547,2025-03-05,W10,2025-04-02,feature_use,3761.6,pro
C00547,2025-03-05,W10,2025-04-07,feature_use,80.0,basic
C00547,2025-03-05,W10,2025-04-07,page_view,933.5,free
C00547,2025-03-05,W10,2025-04-15,page_view,117.8,basic
C00548,2025-02-05,W06,2025-02-05,feature_use,375.7,free
C00549,2025-01-08,W02,2025-01-11,search,73.8,free
C00549,2025-01-08,W02,2025-01-13,page_view,78.0,basic
C00549,2025-01-08,W02,2025-01-16,feature_use,56.6,pro
C00549,2025-01-08,W02,2025-01-15,page_view,70.0,free
C00549,2025-01-08,W02,2025-02-01,page_view,83.5,pro
C00549,2025-01-08,W02,2025-02-03,feature_use,166.6,basic
C00549,2025-01-08,W02,2025-03-04,page_view,820.1,free
C00549,2025-01-08,W02,2025-03-02,page_view,438.6,basic
C00550,2025-03-05,W10,2025-03-10,feature_use,168.4,pro
C00550,2025-03-05,W10,2025-05-24,page_view,75.3,free
C00551,2025-03-05,W10,2025-03-08,page_view,82.0,free
C00551,2025-03-05,W10,2025-03-07,feature_use,1085.0,free
C00551,2025-03-05,W10,2025-03-13,page_view,101.0,pro
C00551,2025-03-05,W10,2025-03-16,page_view,390.1,pro
C00551,2025-03-05,W10,2025-03-18,settings_change,182.3,free
C00551,2025-03-05,W10,2025-05-22,feature_use,460.0,free
C00551,2025-03-05,W10,2025-05-24,page_view,381.2,pro
C00552,2025-01-08,W02,2025-01-10,page_view,52.7,pro
C00552,2025-01-08,W02,2025-01-09,page_view,114.2,pro
C00552,2025-01-08,W02,2025-01-12,page_view,118.3,basic
C00552,2025-01-08,W02,2025-01-26,feature_use,677.1,free
C00552,2025-01-08,W02,2025-01-24,page_view,57.6,free
C00552,2025-01-08,W02,2025-02-01,page_view,340.6,pro
C00552,2025-01-08,W02,2025-02-03,page_view,25.7,free
C00553,2025-01-08,W02,2025-01-13,search,118.8,basic
C00554,2025-01-15,W03,2025-01-17,page_view,281.1,free
C00555,2025-01-29,W05,2025-02-01,feature_use,466.7,free
C00555,2025-01-29,W05,2025-02-23,feature_use,119.2,free
C00555,2025-01-29,W05,2025-03-04,page_view,126.8,basic
C00556,2025-01-01,W01,2025-01-07,page_view,219.2,free
C00556,2025-01-01,W01,2025-01-01,page_view,34.8,free
C00556,2025-01-01,W01,2025-01-20,feature_use,102.8,free
C00556,2025-01-01,W01,2025-01-21,feature_use,245.7,free
C00556,2025-01-01,W01,2025-01-22,search,128.9,free
C00556,2025-01-01,W01,2025-03-19,feature_use,73.4,free
C00557,2025-02-26,W09,2025-03-01,search,212.3,free
C00557,2025-02-26,W09,2025-02-28,feature_use,36.9,free
C00557,2025-02-26,W09,2025-04-20,page_view,407.1,free
C00558,2025-03-12,W11,2025-03-15,page_view,186.7,pro
C00558,2025-03-12,W11,2025-04-01,page_view,225.8,free
C00558,2025-03-12,W11,2025-04-24,page_view,731.4,basic
C00558,2025-03-12,W11,2025-04-29,feature_use,963.8,free
C00558,2025-03-12,W11,2025-04-26,page_view,44.2,basic
C00558,2025-03-12,W11,2025-05-09,page_view,86.9,pro
C00559,2025-01-29,W05,2025-01-31,page_view,79.7,free
C00559,2025-01-29,W05,2025-01-30,page_view,862.1,basic
C00559,2025-01-29,W05,2025-02-28,feature_use,669.5,basic
C00559,2025-01-29,W05,2025-04-11,page_view,105.7,free
C00559,2025-01-29,W05,2025-04-12,page_view,47.4,basic
C00560,2025-02-12,W07,2025-02-18,feature_use,62.5,free
C00560,2025-02-12,W07,2025-02-18,feature_use,112.3,free
C00560,2025-02-12,W07,2025-02-13,page_view,157.5,basic
C00560,2025-02-12,W07,2025-03-30,feature_use,252.3,pro
C00560,2025-02-12,W07,2025-04-13,page_view,117.0,basic
C00560,2025-02-12,W07,2025-04-09,page_view,42.9,basic
C00560,2025-02-12,W07,2025-04-09,page_view,294.0,basic
C00560,2025-02-12,W07,2025-04-10,page_view,116.3,free
C00560,2025-02-12,W07,2025-04-23,page_view,313.4,free
C00560,2025-02-12,W07,2025-04-24,feature_use,555.6,free
C00560,2025-02-12,W07,2025-04-28,feature_use,340.2,pro
C00561,2025-03-12,W11,2025-03-13,feature_use,93.4,pro
C00561,2025-03-12,W11,2025-03-22,page_view,152.5,free
C00561,2025-03-12,W11,2025-03-24,search,158.0,basic
C00561,2025-03-12,W11,2025-03-26,search,560.4,basic
C00561,2025-03-12,W11,2025-03-26,feature_use,740.6,pro
C00561,2025-03-12,W11,2025-03-29,page_view,98.1,free
C00561,2025-03-12,W11,2025-04-15,search,22.3,free
C00561,2025-03-12,W11,2025-04-09,search,162.3,free
C00561,2025-03-12,W11,2025-04-13,search,207.4,free
C00561,2025-03-12,W11,2025-04-23,page_view,21.0,free
C00561,2025-03-12,W11,2025-05-12,page_view,58.7,free
C00562,2025-01-29,W05,2025-02-03,page_view,269.5,basic
C00562,2025-01-29,W05,2025-01-29,page_view,114.8,free
C00562,2025-01-29,W05,2025-03-02,search,119.1,free
C00563,2025-03-12,W11,2025-03-13,page_view,94.4,free
C00563,2025-03-12,W11,2025-03-15,page_view,834.2,free
C00563,2025-03-12,W11,2025-03-18,feature_use,182.8,basic
C00563,2025-03-12,W11,2025-03-17,feature_use,93.0,pro
C00563,2025-03-12,W11,2025-05-06,page_view,83.8,basic
C00563,2025-03-12,W11,2025-05-04,feature_use,109.2,pro
C00564,2025-03-05,W10,2025-03-09,feature_use,23.0,pro
C00565,2025-01-15,W03,2025-01-21,settings_change,905.0,free
C00565,2025-01-15,W03,2025-02-01,feature_use,148.6,basic
C00565,2025-01-15,W03,2025-02-01,page_view,23.4,free
C00565,2025-01-15,W03,2025-01-31,page_view,64.5,pro
C00565,2025-01-15,W03,2025-02-02,page_view,206.4,free
C00566,2025-01-15,W03,2025-01-18,page_view,92.1,free
C00566,2025-01-15,W03,2025-02-10,feature_use,42.2,basic
C00567,2025-01-22,W04,2025-01-28,page_view,175.3,free
C00568,2025-03-05,W10,2025-03-06,page_view,176.0,pro
C00568,2025-03-05,W10,2025-03-11,page_view,723.0,pro
C00568,2025-03-05,W10,2025-03-05,feature_use,136.1,free
C00568,2025-03-05,W10,2025-03-07,page_view,15.9,basic
C00568,2025-03-05,W10,2025-03-08,search,28.4,basic
C00568,2025-03-05,W10,2025-04-23,feature_use,51.8,basic
C00568,2025-03-05,W10,2025-04-27,feature_use,167.4,basic
C00568,2025-03-05,W10,2025-04-23,page_view,279.8,free
C00569,2025-01-15,W03,2025-01-18,page_view,140.2,free
C00569,2025-01-15,W03,2025-01-20,search,183.1,free
C00569,2025-01-15,W03,2025-03-10,feature_use,783.3,basic
C00570,2025-03-05,W10,2025-03-06,page_view,81.7,basic
C00570,2025-03-05,W10,2025-03-12,page_view,223.1,pro
C00570,2025-03-05,W10,2025-03-30,page_view,541.1,pro
C00571,2025-02-05,W06,2025-02-06,feature_use,119.6,free
C00572,2025-01-29,W05,2025-02-02,page_view,16.9,basic
C00572,2025-01-29,W05,2025-02-01,search,78.8,free
C00572,2025-01-29,W05,2025-02-04,page_view,557.8,free
C00573,2025-01-01,W01,2025-01-04,page_view,95.4,free
C00574,2025-01-22,W04,2025-01-26,feature_use,143.4,basic
C00574,2025-01-22,W04,2025-02-16,search,34.4,basic
C00575,2025-02-19,W08,2025-02-24,page_view,99.5,free
C00575,2025-02-19,W08,2025-02-20,page_view,57.0,free
C00575,2025-02-19,W08,2025-02-25,page_view,89.2,free
C00576,2025-03-19,W12,2025-03-24,page_view,199.9,free
C00577,2025-03-19,W12,2025-03-24,page_view,190.3,basic
C00577,2025-03-19,W12,2025-04-09,page_view,264.3,free
C00577,2025-03-19,W12,2025-04-18,feature_use,27.5,free
C00577,2025-03-19,W12,2025-04-28,feature_use,79.7,free
C00577,2025-03-19,W12,2025-05-16,search,223.6,basic
C00578,2025-02-26,W09,2025-02-27,page_view,319.4,basic
C00578,2025-02-26,W09,2025-02-26,page_view,51.7,pro
C00578,2025-02-26,W09,2025-03-30,page_view,252.1,basic
C00579,2025-03-05,W10,2025-03-06,feature_use,219.5,free
C00579,2025-03-05,W10,2025-04-05,settings_change,90.5,pro
C00580,2025-03-12,W11,2025-03-12,page_view,259.6,pro
C00580,2025-03-12,W11,2025-03-14,page_view,142.0,free
C00580,2025-03-12,W11,2025-03-17,page_view,50.3,basic
C00580,2025-03-12,W11,2025-03-15,page_view,52.7,basic
C00580,2025-03-12,W11,2025-05-22,page_view,181.8,basic
C00581,2025-02-05,W06,2025-02-09,page_view,103.4,basic
C00581,2025-02-05,W06,2025-02-23,feature_use,91.0,pro
C00581,2025-02-05,W06,2025-03-02,feature_use,126.2,pro
C00581,2025-02-05,W06,2025-03-03,page_view,80.0,pro
C00582,2025-03-19,W12,2025-03-24,feature_use,116.5,free
C00582,2025-03-19,W12,2025-03-25,settings_change,250.9,free
C00582,2025-03-19,W12,2025-04-04,page_view,122.8,free
C00582,2025-03-19,W12,2025-04-02,page_view,113.6,free
C00582,2025-03-19,W12,2025-04-02,page_view,277.7,pro
C00582,2025-03-19,W12,2025-04-03,page_view,938.1,free
C00582,2025-03-19,W12,2025-04-04,page_view,18.5,free
C00582,2025-03-19,W12,2025-04-19,page_view,279.2,free
C00582,2025-03-19,W12,2025-04-22,page_view,243.5,pro
C00583,2025-03-12,W11,2025-03-13,page_view,73.7,basic
C00583,2025-03-12,W11,2025-03-19,page_view,198.4,basic
C00583,2025-03-12,W11,2025-03-24,feature_use,27.5,free
C00583,2025-03-12,W11,2025-03-20,page_view,182.5,free
C00583,2025-03-12,W11,2025-03-25,page_view,166.8,free
C00583,2025-03-12,W11,2025-04-12,page_view,39.9,free
C00583,2025-03-12,W11,2025-04-15,page_view,349.8,free
C00583,2025-03-12,W11,2025-04-10,search,302.1,pro
C00583,2025-03-12,W11,2025-04-16,page_view,25.8,free
C00583,2025-03-12,W11,2025-04-22,search,122.8,basic
C00583,2025-03-12,W11,2025-04-17,feature_use,358.0,pro
C00583,2025-03-12,W11,2025-04-16,feature_use,86.7,free
C00583,2025-03-12,W11,2025-04-20,search,3140.1,basic
C00583,2025-03-12,W11,2025-04-20,page_view,67.9,free
C00583,2025-03-12,W11,2025-04-19,page_view,60.8,free
C00583,2025-03-12,W11,2025-05-07,search,53.7,free
C00583,2025-03-12,W11,2025-05-08,feature_use,46.8,basic
C00583,2025-03-12,W11,2025-05-07,feature_use,17.0,pro
C00584,2025-01-22,W04,2025-01-25,page_view,115.0,basic
C00584,2025-01-22,W04,2025-02-01,feature_use,291.1,pro
C00584,2025-01-22,W04,2025-01-31,page_view,72.8,basic
C00584,2025-01-22,W04,2025-02-23,page_view,129.1,basic
C00584,2025-01-22,W04,2025-02-25,page_view,230.7,basic
C00584,2025-01-22,W04,2025-02-21,page_view,40.8,free
C00584,2025-01-22,W04,2025-02-24,search,239.3,free
C00584,2025-01-22,W04,2025-02-21,feature_use,163.6,free
C00584,2025-01-22,W04,2025-02-19,feature_use,112.3,pro
C00584,2025-01-22,W04,2025-04-09,search,23.1,basic
C00584,2025-01-22,W04,2025-04-15,feature_use,24.5,basic
C00584,2025-01-22,W04,2025-04-13,page_view,86.6,basic
C00584,2025-01-22,W04,2025-04-09,page_view,3330.1,free
C00585,2025-03-19,W12,2025-03-25,page_view,153.1,free
C00585,2025-03-19,W12,2025-03-25,feature_use,217.3,free
C00585,2025-03-19,W12,2025-04-22,feature_use,105.0,free
C00586,2025-03-05,W10,2025-03-05,search,41.9,basic
C00586,2025-03-05,W10,2025-03-06,feature_use,80.3,basic
C00586,2025-03-05,W10,2025-05-07,page_view,578.8,pro
C00587,2025-01-08,W02,2025-01-12,feature_use,241.0,free
C00588,2025-03-19,W12,2025-03-22,feature_use,315.0,basic
C00588,2025-03-19,W12,2025-03-23,page_view,705.5,free
C00588,2025-03-19,W12,2025-04-14,settings_change,159.0,free
C00588,2025-03-19,W12,2025-04-14,feature_use,231.9,free
C00588,2025-03-19,W12,2025-04-10,search,44.1,basic
C00588,2025-03-19,W12,2025-05-14,page_view,1104.7,basic
C00588,2025-03-19,W12,2025-05-16,search,73.8,free
C00588,2025-03-19,W12,2025-05-18,feature_use,470.2,basic
C00589,2025-02-26,W09,2025-03-04,search,1693.9,pro
C00589,2025-02-26,W09,2025-03-03,feature_use,64.1,free
C00589,2025-02-26,W09,2025-03-07,page_view,1021.2,basic
C00589,2025-02-26,W09,2025-03-06,feature_use,809.4,free
C00589,2025-02-26,W09,2025-03-21,page_view,33.8,basic
C00589,2025-02-26,W09,2025-03-20,page_view,36.9,basic
C00589,2025-02-26,W09,2025-05-20,feature_use,620.1,basic
C00590,2025-02-19,W08,2025-02-20,page_view,115.3,pro
C00590,2025-02-19,W08,2025-02-22,feature_use,124.8,basic
C00591,2025-01-29,W05,2025-01-29,search,990.0,pro
C00591,2025-01-29,W05,2025-02-03,search,89.0,pro
C00591,2025-01-29,W05,2025-02-02,feature_use,297.8,pro
C00591,2025-01-29,W05,2025-02-01,feature_use,299.8,pro
C00591,2025-01-29,W05,2025-01-31,feature_use,34.3,free
C00591,2025-01-29,W05,2025-02-04,page_view,134.6,free
C00591,2025-01-29,W05,2025-01-30,page_view,44.4,free
C00591,2025-01-29,W05,2025-02-05,page_view,177.3,basic
C00591,2025-01-29,W05,2025-02-17,feature_use,182.9,free
C00591,2025-01-29,W05,2025-02-12,page_view,240.2,basic
C00591,2025-01-29,W05,2025-02-15,page_view,116.8,basic
C00591,2025-01-29,W05,2025-02-24,page_view,44.8,free
C00592,2025-02-19,W08,2025-02-23,feature_use,565.2,pro
C00592,2025-02-19,W08,2025-03-10,page_view,245.8,basic
C00593,2025-02-05,W06,2025-02-07,settings_change,501.8,pro
C00593,2025-02-05,W06,2025-02-07,page_view,192.0,pro
C00593,2025-02-05,W06,2025-02-16,search,126.3,pro
C00593,2025-02-05,W06,2025-04-12,page_view,171.3,basic
C00593,2025-02-05,W06,2025-04-10,page_view,44.5,free
C00593,2025-02-05,W06,2025-04-16,page_view,575.3,free
C00594,2025-01-01,W01,2025-01-02,feature_use,89.5,free
C00594,2025-01-01,W01,2025-01-05,feature_use,269.1,pro
C00594,2025-01-01,W01,2025-01-20,search,24.3,pro
C00594,2025-01-01,W01,2025-03-15,page_view,51.4,free
C00595,2025-02-19,W08,2025-02-25,feature_use,150.6,basic
C00595,2025-02-19,W08,2025-02-24,search,107.9,free
C00595,2025-02-19,W08,2025-02-21,search,290.7,free
C00595,2025-02-19,W08,2025-03-04,page_view,52.0,basic
C00595,2025-02-19,W08,2025-03-02,settings_change,62.6,basic
C00595,2025-02-19,W08,2025-03-03,page_view,396.8,free
C00595,2025-02-19,W08,2025-02-27,page_view,41.1,basic
C00595,2025-02-19,W08,2025-03-03,page_view,195.7,basic
C00595,2025-02-19,W08,2025-03-07,feature_use,102.5,basic
C00595,2025-02-19,W08,2025-03-30,feature_use,261.0,free
C00596,2025-01-29,W05,2025-02-04,feature_use,96.2,free
C00596,2025-01-29,W05,2025-01-30,page_view,149.7,free
C00596,2025-01-29,W05,2025-02-02,page_view,24.5,free
C00596,2025-01-29,W05,2025-02-03,page_view,223.5,free
C00596,2025-01-29,W05,2025-02-18,page_view,765.9,pro
C00596,2025-01-29,W05,2025-02-14,page_view,151.0,free
C00596,2025-01-29,W05,2025-02-17,search,112.7,pro
C00596,2025-01-29,W05,2025-02-27,page_view,248.5,pro
C00597,2025-01-15,W03,2025-01-20,page_view,59.1,free
C00597,2025-01-15,W03,2025-01-26,page_view,287.2,basic
C00598,2025-03-12,W11,2025-03-14,page_view,173.6,free
C00598,2025-03-12,W11,2025-03-16,feature_use,1208.3,free
C00599,2025-01-01,W01,2025-01-04,page_view,381.0,pro
C00599,2025-01-01,W01,2025-01-17,settings_change,84.4,basic
C00599,2025-01-01,W01,2025-01-17,page_view,242.8,basic
C00599,2025-01-01,W01,2025-02-25,search,120.4,pro
C00599,2025-01-01,W01,2025-02-21,settings_change,99.4,pro
C00599,2025-01-01,W01,2025-02-20,page_view,681.3,free
C00600,2025-03-19,W12,2025-03-23,feature_use,349.5,free
C00600,2025-03-19,W12,2025-04-02,page_view,55.3,pro
C00600,2025-03-19,W12,2025-04-03,page_view,216.5,free
C00601,2025-02-19,W08,2025-02-22,search,101.3,pro
C00601,2025-02-19,W08,2025-02-24,page_view,105.7,free
C00601,2025-02-19,W08,2025-03-01,page_view,91.6,free
C00601,2025-02-19,W08,2025-03-21,page_view,166.7,basic
C00601,2025-02-19,W08,2025-03-25,search,100.2,free
C00601,2025-02-19,W08,2025-04-19,settings_change,201.3,free
C00601,2025-02-19,W08,2025-04-29,page_view,88.2,basic
C00601,2025-02-19,W08,2025-04-28,page_view,247.8,pro
C00601,2025-02-19,W08,2025-04-24,feature_use,103.4,basic
C00601,2025-02-19,W08,2025-04-27,feature_use,127.4,basic
C00602,2025-02-05,W06,2025-02-05,page_view,59.4,basic
C00602,2025-02-05,W06,2025-02-11,page_view,875.1,free
C00602,2025-02-05,W06,2025-02-05,page_view,1146.7,free
C00602,2025-02-05,W06,2025-04-26,feature_use,58.6,free
C00603,2025-03-19,W12,2025-03-23,feature_use,34.2,free
C00603,2025-03-19,W12,2025-04-09,feature_use,72.3,free
C00603,2025-03-19,W12,2025-05-01,feature_use,50.4,basic
C00604,2025-02-12,W07,2025-02-15,page_view,443.1,pro
C00604,2025-02-12,W07,2025-02-17,feature_use,73.8,free
C00605,2025-01-15,W03,2025-01-18,feature_use,531.7,basic
C00606,2025-03-19,W12,2025-03-24,feature_use,601.4,free
C00606,2025-03-19,W12,2025-04-24,page_view,100.9,free
C00606,2025-03-19,W12,2025-05-26,feature_use,102.7,pro
C00606,2025-03-19,W12,2025-05-25,feature_use,146.0,basic
C00607,2025-03-05,W10,2025-03-10,feature_use,442.5,basic
C00607,2025-03-05,W10,2025-03-05,search,100.8,basic
C00607,2025-03-05,W10,2025-03-14,page_view,852.4,free
C00607,2025-03-05,W10,2025-03-15,page_view,466.3,pro
C00607,2025-03-05,W10,2025-03-13,page_view,22.5,free
C00607,2025-03-05,W10,2025-03-27,feature_use,228.5,free
C00607,2025-03-05,W10,2025-03-31,feature_use,480.8,pro
C00607,2025-03-05,W10,2025-04-01,search,246.9,pro
C00607,2025-03-05,W10,2025-04-01,page_view,49.3,free
C00607,2025-03-05,W10,2025-04-04,feature_use,447.9,free
C00607,2025-03-05,W10,2025-04-11,feature_use,95.4,free
C00608,2025-02-19,W08,2025-02-23,feature_use,261.4,free
C00608,2025-02-19,W08,2025-02-25,page_view,81.4,free
C00608,2025-02-19,W08,2025-02-19,page_view,903.1,free
C00608,2025-02-19,W08,2025-02-27,page_view,221.0,basic
C00608,2025-02-19,W08,2025-03-20,feature_use,23.4,free
C00608,2025-02-19,W08,2025-04-15,page_view,475.1,free
C00608,2025-02-19,W08,2025-04-10,page_view,405.1,basic
C00609,2025-01-15,W03,2025-01-17,feature_use,398.5,basic
C00609,2025-01-15,W03,2025-01-19,search,92.7,free
C00610,2025-01-29,W05,2025-02-02,settings_change,7.4,pro
C00610,2025-01-29,W05,2025-01-31,search,47.1,free
C00610,2025-01-29,W05,2025-04-14,settings_change,105.4,free
C00610,2025-01-29,W05,2025-04-13,feature_use,215.3,pro
C00610,2025-01-29,W05,2025-04-10,page_view,96.4,basic
C00611,2025-02-05,W06,2025-02-07,page_view,140.6,pro
C00611,2025-02-05,W06,2025-02-05,page_view,365.5,free
C00611,2025-02-05,W06,2025-02-22,search,74.4,pro
C00611,2025-02-05,W06,2025-02-21,page_view,664.9,basic
C00611,2025-02-05,W06,2025-02-28,page_view,122.2,pro
C00611,2025-02-05,W06,2025-04-27,page_view,753.2,free
C00612,2025-02-19,W08,2025-02-23,page_view,142.0,free
C00613,2025-03-19,W12,2025-03-23,page_view,36.0,basic
C00613,2025-03-19,W12,2025-03-25,feature_use,210.5,pro
C00613,2025-03-19,W12,2025-03-30,search,1430.5,free
C00613,2025-03-19,W12,2025-03-26,feature_use,321.9,basic
C00614,2025-01-29,W05,2025-02-02,page_view,130.5,basic
C00614,2025-01-29,W05,2025-01-31,page_view,189.6,pro
C00614,2025-01-29,W05,2025-02-10,page_view,734.8,free
C00614,2025-01-29,W05,2025-03-04,page_view,134.6,free
C00615,2025-01-01,W01,2025-01-04,feature_use,106.6,pro
C00615,2025-01-01,W01,2025-01-16,page_view,550.8,pro
C00615,2025-01-01,W01,2025-01-15,settings_change,37.9,pro
C00615,2025-01-01,W01,2025-01-20,page_view,68.2,free
C00615,2025-01-01,W01,2025-01-28,feature_use,93.7,free
C00615,2025-01-01,W01,2025-01-22,feature_use,79.8,pro
C00615,2025-01-01,W01,2025-01-26,feature_use,52.6,free
C00615,2025-01-01,W01,2025-01-26,feature_use,424.3,free
C00615,2025-01-01,W01,2025-02-15,page_view,96.6,basic
C00615,2025-01-01,W01,2025-02-14,page_view,72.1,free
C00615,2025-01-01,W01,2025-02-17,feature_use,175.4,basic
C00616,2025-01-01,W01,2025-01-02,feature_use,21.4,pro
C00616,2025-01-01,W01,2025-01-15,page_view,431.5,free
C00616,2025-01-01,W01,2025-01-19,feature_use,148.6,basic
C00616,2025-01-01,W01,2025-02-03,feature_use,228.9,pro
C00616,2025-01-01,W01,2025-02-04,search,281.7,basic
C00616,2025-01-01,W01,2025-02-21,page_view,28.4,basic
C00616,2025-01-01,W01,2025-02-25,feature_use,41.4,basic
C00617,2025-03-12,W11,2025-03-17,search,1161.6,free
C00617,2025-03-12,W11,2025-03-12,search,106.1,free
C00617,2025-03-12,W11,2025-03-15,feature_use,605.9,free
C00617,2025-03-12,W11,2025-05-13,page_view,179.7,basic
C00618,2025-02-05,W06,2025-02-10,search,428.9,pro
C00618,2025-02-05,W06,2025-02-06,page_view,309.7,basic
C00618,2025-02-05,W06,2025-02-05,feature_use,40.6,free
C00618,2025-02-05,W06,2025-02-26,feature_use,267.8,free
C00618,2025-02-05,W06,2025-03-04,page_view,168.9,free
C00618,2025-02-05,W06,2025-03-02,page_view,61.2,free
C00618,2025-02-05,W06,2025-03-16,feature_use,319.8,free
C00619,2025-03-05,W10,2025-03-05,feature_use,284.9,pro
C00619,2025-03-05,W10,2025-03-05,feature_use,47.3,free
C00620,2025-03-12,W11,2025-03-18,feature_use,66.1,free
C00621,2025-02-05,W06,2025-02-11,page_view,337.2,free
C00621,2025-02-05,W06,2025-02-21,feature_use,557.1,free
C00621,2025-02-05,W06,2025-03-19,feature_use,157.7,free
C00622,2025-03-05,W10,2025-03-05,feature_use,124.1,basic
C00622,2025-03-05,W10,2025-03-07,search,37.7,free
C00622,2025-03-05,W10,2025-03-11,feature_use,84.3,free
C00622,2025-03-05,W10,2025-03-08,page_view,252.8,free
C00622,2025-03-05,W10,2025-03-10,feature_use,200.6,free
C00622,2025-03-05,W10,2025-03-16,page_view,98.0,pro
C00622,2025-03-05,W10,2025-04-08,page_view,186.9,free
C00622,2025-03-05,W10,2025-04-08,page_view,316.8,free
C00622,2025-03-05,W10,2025-04-07,feature_use,952.3,free
C00622,2025-03-05,W10,2025-04-23,search,26.6,free
C00622,2025-03-05,W10,2025-05-01,settings_change,232.9,free
C00623,2025-03-05,W10,2025-03-06,page_view,47.4,free
C00623,2025-03-05,W10,2025-03-06,page_view,123.0,basic
C00623,2025-03-05,W10,2025-04-22,search,63.0,free
C00624,2025-02-12,W07,2025-02-17,page_view,548.5,free
C00624,2025-02-12,W07,2025-02-25,page_view,78.0,free
C00624,2025-02-12,W07,2025-03-06,page_view,12.7,pro
C00624,2025-02-12,W07,2025-03-15,page_view,208.6,free
C00624,2025-02-12,W07,2025-03-17,page_view,519.2,pro
C00624,2025-02-12,W07,2025-03-13,page_view,183.8,basic
C00624,2025-02-12,W07,2025-05-03,page_view,1842.5,pro
C00625,2025-02-12,W07,2025-02-12,page_view,138.0,pro
C00626,2025-03-19,W12,2025-03-22,search,222.6,free
C00626,2025-03-19,W12,2025-03-25,page_view,206.2,free
C00627,2025-02-26,W09,2025-02-26,page_view,395.2,free
C00627,2025-02-26,W09,2025-03-02,settings_change,96.2,free
C00627,2025-02-26,W09,2025-02-26,page_view,113.6,free
C00627,2025-02-26,W09,2025-03-21,feature_use,61.7,free
C00628,2025-03-19,W12,2025-03-20,feature_use,290.1,free
C00628,2025-03-19,W12,2025-03-19,page_view,765.9,basic
C00628,2025-03-19,W12,2025-03-22,page_view,183.1,free
C00628,2025-03-19,W12,2025-03-27,feature_use,721.4,basic
C00628,2025-03-19,W12,2025-04-13,feature_use,116.7,pro
C00628,2025-03-19,W12,2025-05-13,settings_change,184.9,free
C00628,2025-03-19,W12,2025-05-12,page_view,287.7,free
C00628,2025-03-19,W12,2025-05-23,settings_change,90.8,free
C00629,2025-02-05,W06,2025-02-11,settings_change,42.8,free
C00629,2025-02-05,W06,2025-02-10,feature_use,51.4,free
C00629,2025-02-05,W06,2025-02-05,feature_use,54.1,free
C00629,2025-02-05,W06,2025-02-10,page_view,144.3,free
C00629,2025-02-05,W06,2025-03-05,search,15.4,free
C00630,2025-03-05,W10,2025-03-11,page_view,97.8,pro
C00631,2025-03-19,W12,2025-03-20,feature_use,181.2,basic
C00631,2025-03-19,W12,2025-06-02,search,239.1,basic
C00631,2025-03-19,W12,2025-05-28,page_view,162.3,free
C00632,2025-03-19,W12,2025-03-19,page_view,179.5,free
C00632,2025-03-19,W12,2025-03-21,feature_use,25.5,pro
C00632,2025-03-19,W12,2025-03-30,search,88.9,pro
C00632,2025-03-19,W12,2025-05-10,feature_use,127.9,basic
C00633,2025-01-15,W03,2025-01-21,feature_use,127.8,free
C00634,2025-03-19,W12,2025-03-19,feature_use,13.1,free
C00635,2025-01-15,W03,2025-01-19,page_view,368.2,free
C00635,2025-01-15,W03,2025-01-21,feature_use,14.0,pro
C00635,2025-01-15,W03,2025-01-31,search,243.0,pro
C00635,2025-01-15,W03,2025-02-01,page_view,100.7,basic
C00635,2025-01-15,W03,2025-01-31,search,257.6,pro
C00635,2025-01-15,W03,2025-02-10,page_view,306.2,free
C00635,2025-01-15,W03,2025-02-09,settings_change,459.8,free
C00635,2025-01-15,W03,2025-02-08,page_view,488.2,basic
C00635,2025-01-15,W03,2025-03-11,page_view,616.4,pro
C00635,2025-01-15,W03,2025-03-11,feature_use,240.2,basic
C00636,2025-01-22,W04,2025-01-24,page_view,437.9,pro
C00637,2025-02-05,W06,2025-02-10,feature_use,40.9,free
C00637,2025-02-05,W06,2025-02-25,feature_use,309.3,pro
C00637,2025-02-05,W06,2025-02-21,page_view,508.2,free
C00637,2025-02-05,W06,2025-03-08,feature_use,7.9,free
C00637,2025-02-05,W06,2025-03-15,page_view,273.7,basic
C00637,2025-02-05,W06,2025-03-17,search,548.2,basic
C00637,2025-02-05,W06,2025-03-17,feature_use,66.2,pro
C00637,2025-02-05,W06,2025-03-17,feature_use,111.6,pro
C00637,2025-02-05,W06,2025-03-18,page_view,635.6,free
C00637,2025-02-05,W06,2025-04-05,page_view,107.8,free
C00637,2025-02-05,W06,2025-04-04,feature_use,727.8,free
C00637,2025-02-05,W06,2025-04-08,page_view,88.8,basic
C00638,2025-01-22,W04,2025-01-27,search,51.3,free
C00638,2025-01-22,W04,2025-01-22,settings_change,17.2,free
C00638,2025-01-22,W04,2025-02-03,page_view,17.3,free
C00638,2025-01-22,W04,2025-02-04,page_view,79.4,pro
C00638,2025-01-22,W04,2025-03-04,page_view,161.0,pro
C00639,2025-01-08,W02,2025-01-14,page_view,21.0,pro
C00639,2025-01-08,W02,2025-01-18,search,541.6,basic
C00639,2025-01-08,W02,2025-01-15,page_view,583.7,basic
C00639,2025-01-08,W02,2025-01-15,page_view,210.9,pro
C00639,2025-01-08,W02,2025-01-30,page_view,71.8,pro
C00639,2025-01-08,W02,2025-02-04,page_view,37.8,free
C00639,2025-01-08,W02,2025-02-02,page_view,289.3,basic
C00639,2025-01-08,W02,2025-03-27,page_view,142.3,free
C00640,2025-02-12,W07,2025-02-18,page_view,141.2,free
C00640,2025-02-12,W07,2025-02-18,page_view,359.9,free
C00640,2025-02-12,W07,2025-02-17,search,70.6,pro
C00640,2025-02-12,W07,2025-03-05,page_view,191.3,free
C00640,2025-02-12,W07,2025-03-07,page_view,178.3,basic
C00640,2025-02-12,W07,2025-03-11,feature_use,695.7,basic
C00640,2025-02-12,W07,2025-03-10,page_view,258.9,free
C00640,2025-02-12,W07,2025-03-10,search,144.1,basic
C00640,2025-02-12,W07,2025-03-21,page_view,479.3,basic
C00640,2025-02-12,W07,2025-03-25,search,87.2,free
C00640,2025-02-12,W07,2025-03-19,settings_change,70.4,free
C00640,2025-02-12,W07,2025-04-25,page_view,104.7,basic
C00640,2025-02-12,W07,2025-04-29,page_view,134.5,basic
C00640,2025-02-12,W07,2025-04-27,page_view,20.7,basic
C00640,2025-02-12,W07,2025-04-26,search,42.1,pro
C00640,2025-02-12,W07,2025-04-30,search,11.0,basic
C00641,2025-01-08,W02,2025-01-11,page_view,305.3,pro
C00641,2025-01-08,W02,2025-01-10,feature_use,230.8,pro
C00642,2025-01-29,W05,2025-02-03,settings_change,171.8,free
C00642,2025-01-29,W05,2025-02-07,page_view,168.5,basic
C00642,2025-01-29,W05,2025-02-08,page_view,34.4,basic
C00642,2025-01-29,W05,2025-02-05,page_view,351.0,free
C00643,2025-01-29,W05,2025-02-03,feature_use,92.5,free
C00643,2025-01-29,W05,2025-02-02,feature_use,94.6,free
C00644,2025-02-19,W08,2025-02-21,page_view,401.8,free
C00644,2025-02-19,W08,2025-02-21,page_view,283.7,free
C00644,2025-02-19,W08,2025-02-21,page_view,93.9,free
C00644,2025-02-19,W08,2025-02-22,settings_change,85.5,pro
C00645,2025-03-12,W11,2025-03-14,feature_use,918.1,free
C00645,2025-03-12,W11,2025-03-17,page_view,398.8,free
C00645,2025-03-12,W11,2025-05-08,page_view,134.1,free
C00646,2025-03-05,W10,2025-03-08,search,109.3,basic
C00646,2025-03-05,W10,2025-04-17,feature_use,59.6,basic
C00647,2025-01-29,W05,2025-02-03,page_view,97.7,free
C00648,2025-03-19,W12,2025-03-20,search,83.7,basic
C00648,2025-03-19,W12,2025-03-22,feature_use,57.8,basic
C00648,2025-03-19,W12,2025-03-26,search,828.1,free
C00648,2025-03-19,W12,2025-04-24,feature_use,144.2,free
C00648,2025-03-19,W12,2025-05-19,page_view,887.1,free
C00648,2025-03-19,W12,2025-05-16,page_view,812.3,free
C00648,2025-03-19,W12,2025-05-17,search,48.1,free
C00649,2025-03-05,W10,2025-03-06,search,255.7,free
C00649,2025-03-05,W10,2025-03-09,page_view,148.2,pro
C00649,2025-03-05,W10,2025-03-11,page_view,158.1,basic
C00649,2025-03-05,W10,2025-03-26,feature_use,303.0,free
C00649,2025-03-05,W10,2025-03-30,page_view,153.5,free
C00649,2025-03-05,W10,2025-03-26,page_view,49.8,free
C00649,2025-03-05,W10,2025-04-01,page_view,1213.6,basic
C00649,2025-03-05,W10,2025-03-26,page_view,41.2,basic
C00649,2025-03-05,W10,2025-04-02,page_view,533.5,free
C00649,2025-03-05,W10,2025-04-02,page_view,194.7,free
C00649,2025-03-05,W10,2025-04-20,feature_use,37.5,pro
C00649,2025-03-05,W10,2025-04-22,settings_change,134.2,free
C00649,2025-03-05,W10,2025-05-03,feature_use,52.2,pro
C00649,2025-03-05,W10,2025-05-01,feature_use,177.8,pro
C00649,2025-03-05,W10,2025-05-06,feature_use,25.8,free
C00649,2025-03-05,W10,2025-05-05,feature_use,35.3,free
C00649,2025-03-05,W10,2025-05-03,page_view,351.5,basic
C00649,2025-03-05,W10,2025-04-30,page_view,96.1,pro
C00649,2025-03-05,W10,2025-05-04,page_view,74.2,free
C00650,2025-02-05,W06,2025-02-06,search,94.7,pro
C00650,2025-02-05,W06,2025-03-03,search,133.2,free
C00650,2025-02-05,W06,2025-02-27,page_view,197.9,basic
C00650,2025-02-05,W06,2025-02-26,page_view,196.1,free
C00650,2025-02-05,W06,2025-03-03,search,63.6,free
C00650,2025-02-05,W06,2025-03-03,page_view,145.7,free
C00650,2025-02-05,W06,2025-02-27,feature_use,440.1,free
C00651,2025-01-22,W04,2025-01-27,page_view,122.8,free
C00651,2025-01-22,W04,2025-01-30,feature_use,6.2,basic
C00651,2025-01-22,W04,2025-02-22,page_view,238.7,basic
C00651,2025-01-22,W04,2025-02-24,feature_use,117.9,basic
C00651,2025-01-22,W04,2025-03-04,feature_use,44.3,free
C00651,2025-01-22,W04,2025-02-26,feature_use,65.5,pro
C00651,2025-01-22,W04,2025-03-04,page_view,85.6,pro
C00652,2025-01-22,W04,2025-01-27,search,361.7,free
C00652,2025-01-22,W04,2025-02-15,settings_change,129.6,free
C00653,2025-01-15,W03,2025-01-16,page_view,109.0,basic
C00653,2025-01-15,W03,2025-01-21,page_view,204.3,free
C00653,2025-01-15,W03,2025-01-16,page_view,210.0,free
C00653,2025-01-15,W03,2025-03-15,feature_use,313.9,free
C00653,2025-01-15,W03,2025-03-24,page_view,241.2,free
C00653,2025-01-15,W03,2025-03-24,page_view,186.7,free
C00654,2025-01-08,W02,2025-01-12,page_view,147.2,free
C00655,2025-01-22,W04,2025-01-23,feature_use,112.7,pro
C00655,2025-01-22,W04,2025-01-26,page_view,90.0,pro
C00655,2025-01-22,W04,2025-01-27,page_view,66.5,free
C00655,2025-01-22,W04,2025-02-09,feature_use,18.0,free
C00655,2025-01-22,W04,2025-02-10,feature_use,31.8,free
C00655,2025-01-22,W04,2025-02-06,search,467.5,free
C00655,2025-01-22,W04,2025-02-06,feature_use,19.4,pro
C00655,2025-01-22,W04,2025-02-07,feature_use,56.5,basic
C00655,2025-01-22,W04,2025-04-05,page_view,527.4,basic
C00655,2025-01-22,W04,2025-04-14,page_view,581.0,basic
C00656,2025-03-12,W11,2025-03-12,page_view,410.6,basic
C00656,2025-03-12,W11,2025-03-29,page_view,75.7,free
C00656,2025-03-12,W11,2025-04-15,feature_use,338.6,basic
C00657,2025-02-26,W09,2025-02-26,page_view,60.4,pro
C00657,2025-02-26,W09,2025-03-17,feature_use,196.6,free
C00658,2025-02-26,W09,2025-02-28,feature_use,212.7,pro
C00659,2025-03-19,W12,2025-03-20,feature_use,229.0,basic
C00660,2025-01-22,W04,2025-01-25,page_view,91.4,pro
C00660,2025-01-22,W04,2025-02-05,page_view,117.7,basic
C00661,2025-02-26,W09,2025-03-04,page_view,122.2,free
C00661,2025-02-26,W09,2025-03-09,page_view,215.9,pro
C00662,2025-01-29,W05,2025-02-03,feature_use,273.9,free
C00662,2025-01-29,W05,2025-02-26,page_view,1507.6,pro
C00663,2025-03-12,W11,2025-03-13,feature_use,130.3,basic
C00664,2025-03-19,W12,2025-03-19,search,185.1,free
C00665,2025-02-26,W09,2025-02-27,page_view,1278.3,pro
C00665,2025-02-26,W09,2025-04-19,feature_use,148.2,free
C00666,2025-02-26,W09,2025-02-28,feature_use,139.2,free
C00666,2025-02-26,W09,2025-05-08,page_view,252.1,free
C00667,2025-02-26,W09,2025-03-02,page_view,118.0,free
C00667,2025-02-26,W09,2025-03-04,page_view,266.1,basic
C00667,2025-02-26,W09,2025-03-03,feature_use,69.4,pro
C00667,2025-02-26,W09,2025-03-14,feature_use,81.5,free
C00667,2025-02-26,W09,2025-03-13,page_view,56.6,basic
C00667,2025-02-26,W09,2025-03-17,feature_use,45.1,free
C00667,2025-02-26,W09,2025-03-15,page_view,286.0,free
C00667,2025-02-26,W09,2025-03-14,page_view,41.7,basic
C00667,2025-02-26,W09,2025-03-23,page_view,140.5,basic
C00667,2025-02-26,W09,2025-04-06,feature_use,69.2,basic
C00667,2025-02-26,W09,2025-04-23,page_view,426.7,basic
C00668,2025-02-26,W09,2025-03-03,feature_use,104.0,free
C00668,2025-02-26,W09,2025-02-27,page_view,160.5,basic
C00668,2025-02-26,W09,2025-03-10,feature_use,150.6,basic
C00668,2025-02-26,W09,2025-03-07,page_view,56.2,basic
C00668,2025-02-26,W09,2025-04-03,page_view,447.9,free
C00669,2025-02-12,W07,2025-02-14,page_view,29.4,free
C00669,2025-02-12,W07,2025-03-10,page_view,368.7,free
C00669,2025-02-12,W07,2025-04-03,page_view,92.7,pro
C00669,2025-02-12,W07,2025-04-05,page_view,22.8,basic
C00669,2025-02-12,W07,2025-04-07,page_view,146.4,pro
C00669,2025-02-12,W07,2025-04-05,page_view,162.4,free
C00669,2025-02-12,W07,2025-04-03,page_view,35.2,free
C00670,2025-02-26,W09,2025-03-04,feature_use,45.5,free
C00670,2025-02-26,W09,2025-03-30,page_view,181.4,pro
C00670,2025-02-26,W09,2025-04-02,page_view,78.2,basic
C00670,2025-02-26,W09,2025-04-07,page_view,27.5,pro
C00671,2025-01-01,W01,2025-01-05,feature_use,90.5,pro
C00671,2025-01-01,W01,2025-01-01,feature_use,399.0,free
C00671,2025-01-01,W01,2025-01-07,feature_use,47.8,free
C00671,2025-01-01,W01,2025-02-25,page_view,153.6,pro
C00671,2025-01-01,W01,2025-02-24,page_view,41.1,free
C00671,2025-01-01,W01,2025-02-21,page_view,88.3,pro
C00671,2025-01-01,W01,2025-02-20,page_view,67.1,free
C00672,2025-01-22,W04,2025-01-26,feature_use,354.8,pro
C00672,2025-01-22,W04,2025-01-28,search,92.9,basic
C00672,2025-01-22,W04,2025-01-22,page_view,319.4,free
C00672,2025-01-22,W04,2025-02-01,page_view,191.9,free
C00672,2025-01-22,W04,2025-02-16,feature_use,262.0,free
C00672,2025-01-22,W04,2025-02-18,search,279.3,basic
C00672,2025-01-22,W04,2025-02-12,settings_change,35.2,free
C00672,2025-01-22,W04,2025-02-14,page_view,163.1,basic
C00672,2025-01-22,W04,2025-03-18,page_view,295.5,free
C00672,2025-01-22,W04,2025-04-15,feature_use,63.3,free
C00673,2025-02-05,W06,2025-02-05,page_view,77.1,pro
C00673,2025-02-05,W06,2025-02-11,page_view,267.5,free
C00673,2025-02-05,W06,2025-02-06,page_view,66.0,free
C00673,2025-02-05,W06,2025-04-10,settings_change,120.2,basic
C00673,2025-02-05,W06,2025-04-13,feature_use,390.6,pro
C00673,2025-02-05,W06,2025-04-12,page_view,85.2,pro
C00673,2025-02-05,W06,2025-04-11,search,57.0,pro
C00673,2025-02-05,W06,2025-04-10,feature_use,47.9,pro
C00674,2025-02-05,W06,2025-02-06,page_view,15.4,basic
C00674,2025-02-05,W06,2025-02-06,feature_use,971.1,free
C00675,2025-03-12,W11,2025-03-13,page_view,265.0,free
C00675,2025-03-12,W11,2025-03-28,search,106.6,basic
C00675,2025-03-12,W11,2025-03-26,page_view,105.4,pro
C00676,2025-01-01,W01,2025-01-07,feature_use,134.2,basic
C00677,2025-01-01,W01,2025-01-07,feature_use,75.5,basic
C00678,2025-01-01,W01,2025-01-07,search,780.1,free
C00678,2025-01-01,W01,2025-01-10,feature_use,304.6,pro
C00678,2025-01-01,W01,2025-01-12,page_view,22.6,pro
C00678,2025-01-01,W01,2025-01-09,page_view,255.8,free
C00678,2025-01-01,W01,2025-02-11,page_view,100.8,basic
C00678,2025-01-01,W01,2025-02-07,page_view,179.8,free
C00678,2025-01-01,W01,2025-02-05,feature_use,122.2,free
C00679,2025-02-19,W08,2025-02-24,search,41.5,free
C00679,2025-02-19,W08,2025-02-27,page_view,53.6,basic
C00679,2025-02-19,W08,2025-03-11,feature_use,79.2,basic
C00679,2025-02-19,W08,2025-03-10,page_view,953.9,free
C00679,2025-02-19,W08,2025-03-07,feature_use,414.4,free
C00679,2025-02-19,W08,2025-03-31,page_view,47.2,free
C00679,2025-02-19,W08,2025-03-31,page_view,143.4,pro
C00680,2025-01-01,W01,2025-01-02,feature_use,39.6,basic
C00680,2025-01-01,W01,2025-01-17,search,218.8,free
C00680,2025-01-01,W01,2025-03-11,search,59.0,free
C00681,2025-02-26,W09,2025-03-02,feature_use,77.8,pro
C00681,2025-02-26,W09,2025-03-01,page_view,126.0,pro
C00681,2025-02-26,W09,2025-03-01,page_view,57.6,pro
C00681,2025-02-26,W09,2025-03-01,page_view,81.6,free
C00682,2025-03-05,W10,2025-03-07,page_view,831.2,free
C00683,2025-01-08,W02,2025-01-10,feature_use,172.0,free
C00684,2025-02-26,W09,2025-03-03,page_view,403.9,free
C00684,2025-02-26,W09,2025-02-28,search,568.6,basic
C00684,2025-02-26,W09,2025-02-26,page_view,57.7,free
C00684,2025-02-26,W09,2025-03-08,page_view,360.3,free
C00684,2025-02-26,W09,2025-03-09,page_view,53.0,free
C00684,2025-02-26,W09,2025-04-25,page_view,157.3,basic
C00684,2025-02-26,W09,2025-04-23,search,1037.6,basic
C00684,2025-02-26,W09,2025-04-29,page_view,810.2,free
C00685,2025-02-26,W09,2025-03-03,page_view,288.5,free
C00685,2025-02-26,W09,2025-05-15,settings_change,108.4,basic
C00686,2025-03-12,W11,2025-03-13,page_view,36.8,free
C00686,2025-03-12,W11,2025-04-13,page_view,502.0,basic
C00687,2025-01-08,W02,2025-01-08,page_view,1303.7,basic
C00687,2025-01-08,W02,2025-01-14,feature_use,327.6,pro
C00687,2025-01-08,W02,2025-01-08,page_view,24.7,basic
C00687,2025-01-08,W02,2025-02-01,feature_use,243.1,free
C00687,2025-01-08,W02,2025-02-04,page_view,28.8,pro
C00687,2025-01-08,W02,2025-01-29,page_view,499.6,basic
C00688,2025-01-22,W04,2025-01-23,settings_change,143.0,pro
C00689,2025-03-12,W11,2025-03-14,page_view,159.6,basic
C00690,2025-03-12,W11,2025-03-18,page_view,29.9,free
C00690,2025-03-12,W11,2025-03-13,feature_use,61.7,free
C00691,2025-02-26,W09,2025-03-04,search,90.1,free
C00691,2025-02-26,W09,2025-02-28,search,105.9,free
C00691,2025-02-26,W09,2025-05-11,feature_use,271.8,basic
C00692,2025-02-26,W09,2025-02-26,settings_change,114.0,basic
C00692,2025-02-26,W09,2025-03-11,page_view,49.8,pro
C00692,2025-02-26,W09,2025-03-27,feature_use,707.7,pro
C00693,2025-02-19,W08,2025-02-19,page_view,106.4,free
C00693,2025-02-19,W08,2025-02-25,page_view,202.9,basic
C00693,2025-02-19,W08,2025-03-04,page_view,148.7,free
C00693,2025-02-19,W08,2025-04-09,feature_use,115.1,basic
C00693,2025-02-19,W08,2025-04-15,feature_use,232.0,basic
C00693,2025-02-19,W08,2025-04-09,feature_use,278.7,basic
C00694,2025-03-19,W12,2025-03-20,feature_use,304.6,free
C00694,2025-03-19,W12,2025-03-24,feature_use,125.3,pro
C00694,2025-03-19,W12,2025-03-28,page_view,177.6,pro
C00694,2025-03-19,W12,2025-03-26,settings_change,51.1,free
C00694,2025-03-19,W12,2025-04-08,settings_change,164.3,free
C00694,2025-03-19,W12,2025-04-08,settings_change,243.3,pro
C00694,2025-03-19,W12,2025-04-08,search,726.0,basic
C00694,2025-03-19,W12,2025-04-07,feature_use,133.3,pro
C00694,2025-03-19,W12,2025-04-08,page_view,108.1,free
C00694,2025-03-19,W12,2025-04-12,feature_use,135.4,pro
C00694,2025-03-19,W12,2025-04-10,feature_use,49.6,free
C00694,2025-03-19,W12,2025-04-11,feature_use,23.5,pro
C00694,2025-03-19,W12,2025-04-13,search,79.1,basic
C00694,2025-03-19,W12,2025-04-11,page_view,193.8,free
C00694,2025-03-19,W12,2025-05-18,page_view,13.7,basic
C00694,2025-03-19,W12,2025-05-16,page_view,56.5,basic
C00694,2025-03-19,W12,2025-05-14,page_view,234.3,free
C00694,2025-03-19,W12,2025-05-14,search,254.7,free
C00695,2025-01-29,W05,2025-01-30,page_view,24.7,basic
C00695,2025-01-29,W05,2025-02-06,page_view,277.9,pro
C00695,2025-01-29,W05,2025-02-10,feature_use,107.5,pro
C00695,2025-01-29,W05,2025-02-07,settings_change,89.0,free
C00696,2025-01-01,W01,2025-01-05,page_view,247.9,free
C00696,2025-01-01,W01,2025-01-15,page_view,70.9,basic
C00697,2025-01-08,W02,2025-01-10,feature_use,352.4,free
C00697,2025-01-08,W02,2025-01-16,feature_use,36.2,pro
C00697,2025-01-08,W02,2025-01-21,page_view,111.7,free
C00697,2025-01-08,W02,2025-01-17,search,610.2,free
C00697,2025-01-08,W02,2025-01-30,search,100.7,basic
C00697,2025-01-08,W02,2025-02-03,page_view,14.0,free
C00697,2025-01-08,W02,2025-01-30,feature_use,74.6,free
C00697,2025-01-08,W02,2025-01-29,page_view,442.3,free
C00697,2025-01-08,W02,2025-02-09,page_view,1003.2,basic
C00697,2025-01-08,W02,2025-02-07,feature_use,167.0,pro
C00698,2025-03-19,W12,2025-03-21,page_view,151.1,free
C00698,2025-03-19,W12,2025-04-15,search,176.3,free
C00699,2025-01-22,W04,2025-01-27,settings_change,316.2,pro
C00699,2025-01-22,W04,2025-01-22,feature_use,70.3,basic
C00699,2025-01-22,W04,2025-01-22,feature_use,255.5,pro
C00699,2025-01-22,W04,2025-03-19,page_view,402.6,basic
C00700,2025-02-26,W09,2025-03-02,page_view,142.4,free
C00701,2025-01-22,W04,2025-01-26,feature_use,536.1,free
C00701,2025-01-22,W04,2025-02-16,feature_use,409.0,free
C00701,2025-01-22,W04,2025-02-22,page_view,40.3,free
C00702,2025-01-29,W05,2025-01-30,search,102.3,free
C00702,2025-01-29,W05,2025-02-03,feature_use,47.0,basic
C00702,2025-01-29,W05,2025-02-01,search,75.6,free
C00702,2025-01-29,W05,2025-03-02,feature_use,55.4,free
C00702,2025-01-29,W05,2025-02-27,page_view,80.2,free
C00702,2025-01-29,W05,2025-03-04,feature_use,273.6,basic
C00702,2025-01-29,W05,2025-03-04,page_view,126.6,free
C00702,2025-01-29,W05,2025-04-19,page_view,393.6,free
C00703,2025-01-01,W01,2025-01-02,page_view,299.2,free
C00703,2025-01-01,W01,2025-03-17,feature_use,180.6,pro
C00704,2025-01-29,W05,2025-02-03,page_view,556.9,pro
C00704,2025-01-29,W05,2025-01-31,feature_use,345.9,free
C00704,2025-01-29,W05,2025-01-31,search,136.2,free
C00704,2025-01-29,W05,2025-01-31,feature_use,95.8,basic
C00704,2025-01-29,W05,2025-02-01,page_view,31.4,free
C00704,2025-01-29,W05,2025-02-03,page_view,90.4,free
C00704,2025-01-29,W05,2025-02-12,page_view,167.7,basic
C00704,2025-01-29,W05,2025-02-13,page_view,66.9,pro
C00704,2025-01-29,W05,2025-02-17,page_view,239.7,free
C00704,2025-01-29,W05,2025-02-16,page_view,31.8,free
C00705,2025-01-08,W02,2025-01-10,feature_use,76.7,free
C00705,2025-01-08,W02,2025-02-04,page_view,672.7,free
C00705,2025-01-08,W02,2025-02-12,feature_use,154.0,basic
C00705,2025-01-08,W02,2025-02-19,page_view,678.1,basic
C00705,2025-01-08,W02,2025-03-28,page_view,113.3,free
C00705,2025-01-08,W02,2025-03-31,search,227.3,free
C00706,2025-02-26,W09,2025-03-04,page_view,983.3,free
C00707,2025-03-05,W10,2025-03-11,feature_use,55.7,basic
C00707,2025-03-05,W10,2025-03-05,search,105.0,free
C00708,2025-03-05,W10,2025-03-11,search,209.1,basic
C00708,2025-03-05,W10,2025-03-07,page_view,240.6,free
C00708,2025-03-05,W10,2025-03-17,settings_change,139.8,pro
C00708,2025-03-05,W10,2025-03-18,page_view,73.7,basic
C00709,2025-03-19,W12,2025-03-22,feature_use,515.1,free
C00709,2025-03-19,W12,2025-03-25,page_view,56.8,free
C00709,2025-03-19,W12,2025-04-05,page_view,658.3,free
C00709,2025-03-19,W12,2025-04-15,feature_use,151.2,pro
C00709,2025-03-19,W12,2025-04-12,page_view,64.1,free
C00709,2025-03-19,W12,2025-05-03,feature_use,75.0,pro
C00709,2025-03-19,W12,2025-05-05,page_view,34.4,free
C00709,2025-03-19,W12,2025-05-01,page_view,102.0,free
C00710,2025-03-12,W11,2025-03-16,search,197.4,free
C00710,2025-03-12,W11,2025-03-30,feature_use,105.1,free
C00710,2025-03-12,W11,2025-03-29,feature_use,24.9,basic
C00710,2025-03-12,W11,2025-03-27,page_view,162.1,free
C00710,2025-03-12,W11,2025-05-20,page_view,316.6,free
C00711,2025-02-26,W09,2025-03-03,search,114.7,basic
C00711,2025-02-26,W09,2025-03-03,feature_use,43.2,basic
C00711,2025-02-26,W09,2025-03-05,feature_use,17.2,free
C00711,2025-02-26,W09,2025-03-06,page_view,392.4,basic
C00711,2025-02-26,W09,2025-03-06,feature_use,130.7,free
C00711,2025-02-26,W09,2025-04-14,page_view,33.2,free
C00711,2025-02-26,W09,2025-05-16,page_view,103.6,basic
C00711,2025-02-26,W09,2025-05-20,page_view,115.4,free
C00712,2025-01-29,W05,2025-01-31,settings_change,80.1,basic
C00712,2025-01-29,W05,2025-02-21,search,35.7,basic
C00712,2025-01-29,W05,2025-03-24,search,200.2,pro
C00713,2025-02-19,W08,2025-02-20,settings_change,11.1,free
C00713,2025-02-19,W08,2025-02-24,search,33.7,free
C00713,2025-02-19,W08,2025-02-26,page_view,170.7,free
C00713,2025-02-19,W08,2025-02-28,search,451.5,free
C00713,2025-02-19,W08,2025-03-08,feature_use,112.2,pro
C00713,2025-02-19,W08,2025-03-12,page_view,20.5,basic
C00714,2025-03-19,W12,2025-03-19,feature_use,228.8,free
C00714,2025-03-19,W12,2025-03-31,page_view,969.5,free
C00714,2025-03-19,W12,2025-04-17,feature_use,103.5,free
C00715,2025-03-05,W10,2025-03-05,page_view,72.5,basic
C00715,2025-03-05,W10,2025-03-05,feature_use,318.7,free
C00716,2025-02-05,W06,2025-02-07,feature_use,51.9,free
C00716,2025-02-05,W06,2025-04-15,page_view,368.3,basic
C00717,2025-03-05,W10,2025-03-11,settings_change,266.8,free
C00717,2025-03-05,W10,2025-03-11,page_view,116.3,free
C00717,2025-03-05,W10,2025-05-07,feature_use,967.8,basic
C00718,2025-02-19,W08,2025-02-20,page_view,122.1,free
C00718,2025-02-19,W08,2025-02-20,search,164.1,pro
C00718,2025-02-19,W08,2025-02-22,settings_change,157.5,basic
C00718,2025-02-19,W08,2025-03-20,page_view,400.0,basic
C00718,2025-02-19,W08,2025-03-20,feature_use,131.9,free
C00718,2025-02-19,W08,2025-03-21,page_view,510.6,free
C00718,2025-02-19,W08,2025-03-20,search,250.0,basic
C00718,2025-02-19,W08,2025-03-19,feature_use,115.5,free
C00718,2025-02-19,W08,2025-03-23,feature_use,49.2,basic
C00718,2025-02-19,W08,2025-04-24,page_view,24.8,free
C00718,2025-02-19,W08,2025-04-29,search,52.7,basic
C00719,2025-02-26,W09,2025-03-01,page_view,334.5,basic
C00719,2025-02-26,W09,2025-03-02,feature_use,322.3,free
C00719,2025-02-26,W09,2025-03-03,page_view,161.2,basic
C00719,2025-02-26,W09,2025-03-02,feature_use,245.8,free
C00719,2025-02-26,W09,2025-03-06,feature_use,150.1,basic
C00720,2025-01-22,W04,2025-01-23,settings_change,446.4,free
C00720,2025-01-22,W04,2025-01-25,feature_use,94.9,basic
C00720,2025-01-22,W04,2025-01-28,page_view,22.0,pro
C00720,2025-01-22,W04,2025-01-27,page_view,129.4,pro
C00720,2025-01-22,W04,2025-01-28,feature_use,17.1,free
C00720,2025-01-22,W04,2025-02-01,page_view,159.7,free
C00720,2025-01-22,W04,2025-02-08,page_view,496.0,pro
C00720,2025-01-22,W04,2025-02-06,feature_use,41.1,free
C00720,2025-01-22,W04,2025-02-09,settings_change,15.1,basic
C00720,2025-01-22,W04,2025-02-07,page_view,56.1,free
C00720,2025-01-22,W04,2025-02-20,page_view,350.0,free
C00721,2025-03-05,W10,2025-03-05,settings_change,265.9,free
C00721,2025-03-05,W10,2025-03-14,page_view,134.6,free
C00721,2025-03-05,W10,2025-04-12,feature_use,620.4,pro
C00721,2025-03-05,W10,2025-04-13,page_view,55.2,basic
C00722,2025-01-22,W04,2025-01-24,page_view,56.5,pro
C00722,2025-01-22,W04,2025-02-09,page_view,306.2,free
C00722,2025-01-22,W04,2025-02-15,settings_change,73.1,free
C00723,2025-02-12,W07,2025-02-18,search,327.6,pro
C00723,2025-02-12,W07,2025-02-20,feature_use,314.2,pro
C00723,2025-02-12,W07,2025-03-07,page_view,82.1,free
C00724,2025-01-29,W05,2025-02-04,page_view,36.7,basic
C00724,2025-01-29,W05,2025-03-07,feature_use,243.3,free
C00724,2025-01-29,W05,2025-03-10,page_view,190.3,pro
C00725,2025-01-22,W04,2025-01-22,feature_use,522.0,free
C00725,2025-01-22,W04,2025-01-26,page_view,363.3,free
C00725,2025-01-22,W04,2025-02-06,page_view,510.2,pro
C00725,2025-01-22,W04,2025-02-11,page_view,361.1,free
C00725,2025-01-22,W04,2025-02-06,settings_change,28.4,basic
C00725,2025-01-22,W04,2025-02-12,feature_use,225.7,basic
C00725,2025-01-22,W04,2025-02-14,feature_use,167.1,basic
C00725,2025-01-22,W04,2025-02-12,page_view,117.7,basic
C00725,2025-01-22,W04,2025-02-23,page_view,65.1,basic
C00725,2025-01-22,W04,2025-02-22,feature_use,224.9,basic
C00725,2025-01-22,W04,2025-02-19,page_view,86.6,free
C00725,2025-01-22,W04,2025-03-25,settings_change,161.0,free
C00726,2025-01-08,W02,2025-01-13,feature_use,219.9,pro
C00726,2025-01-08,W02,2025-01-29,page_view,42.5,basic
C00726,2025-01-08,W02,2025-03-11,settings_change,181.3,free
C00726,2025-01-08,W02,2025-04-01,page_view,355.3,basic
C00726,2025-01-08,W02,2025-03-27,search,10.4,free
C00727,2025-01-08,W02,2025-01-12,feature_use,179.1,free
C00727,2025-01-08,W02,2025-02-10,page_view,236.3,free
C00727,2025-01-08,W02,2025-02-13,feature_use,22.9,basic
C00728,2025-01-22,W04,2025-01-23,search,175.1,free
C00729,2025-03-05,W10,2025-03-11,page_view,496.3,free
C00729,2025-03-05,W10,2025-03-24,page_view,328.4,pro
C00729,2025-03-05,W10,2025-04-22,page_view,119.0,basic
C00729,2025-03-05,W10,2025-04-17,page_view,91.3,free
C00730,2025-02-19,W08,2025-02-20,search,742.2,free
C00730,2025-02-19,W08,2025-04-17,page_view,112.3,pro
C00731,2025-02-19,W08,2025-02-23,page_view,549.5,free
C00732,2025-02-12,W07,2025-02-15,search,69.9,basic
C00732,2025-02-12,W07,2025-02-14,feature_use,234.2,free
C00732,2025-02-12,W07,2025-03-29,page_view,184.0,basic
C00733,2025-01-22,W04,2025-01-27,feature_use,24.6,pro
C00733,2025-01-22,W04,2025-01-25,feature_use,62.3,free
C00733,2025-01-22,W04,2025-02-06,page_view,105.4,free
C00734,2025-02-12,W07,2025-02-18,page_view,581.1,free
C00734,2025-02-12,W07,2025-02-16,search,65.9,free
C00735,2025-02-26,W09,2025-03-04,page_view,311.9,pro
C00736,2025-02-19,W08,2025-02-25,page_view,659.8,basic
C00736,2025-02-19,W08,2025-04-06,search,171.6,free
C00737,2025-01-29,W05,2025-01-30,page_view,58.4,basic
C00737,2025-01-29,W05,2025-02-07,page_view,444.7,free
C00737,2025-01-29,W05,2025-03-01,page_view,1046.9,free
C00737,2025-01-29,W05,2025-03-10,search,103.0,free
C00737,2025-01-29,W05,2025-03-12,feature_use,41.0,pro
C00738,2025-01-15,W03,2025-01-16,page_view,93.7,free
C00738,2025-01-15,W03,2025-01-23,feature_use,366.5,free
C00738,2025-01-15,W03,2025-01-24,feature_use,34.6,free
C00738,2025-01-15,W03,2025-02-21,page_view,566.8,free
C00739,2025-01-08,W02,2025-01-09,search,350.8,pro
C00739,2025-01-08,W02,2025-02-08,page_view,293.5,free
C00739,2025-01-08,W02,2025-02-19,page_view,170.2,free
C00739,2025-01-08,W02,2025-02-19,page_view,137.1,pro
C00739,2025-01-08,W02,2025-03-05,page_view,450.6,free
C00739,2025-01-08,W02,2025-03-23,page_view,15.5,free
C00740,2025-01-22,W04,2025-01-28,search,73.2,free
C00740,2025-01-22,W04,2025-01-22,page_view,163.6,free
C00740,2025-01-22,W04,2025-02-02,search,55.4,basic
C00740,2025-01-22,W04,2025-02-01,page_view,2073.2,pro
C00740,2025-01-22,W04,2025-03-21,page_view,121.2,basic
C00741,2025-03-12,W11,2025-03-12,search,60.7,pro
C00742,2025-02-26,W09,2025-03-01,page_view,242.6,free
C00742,2025-02-26,W09,2025-03-10,page_view,1114.0,pro
C00742,2025-02-26,W09,2025-03-17,page_view,216.8,free
C00742,2025-02-26,W09,2025-03-16,page_view,330.9,free
C00742,2025-02-26,W09,2025-03-13,page_view,106.6,pro
C00742,2025-02-26,W09,2025-04-12,page_view,36.3,free
C00742,2025-02-26,W09,2025-04-14,page_view,102.7,basic
C00742,2025-02-26,W09,2025-04-10,page_view,64.8,basic
C00743,2025-03-05,W10,2025-03-10,feature_use,61.4,basic
C00743,2025-03-05,W10,2025-03-10,search,127.0,basic
C00743,2025-03-05,W10,2025-03-07,page_view,263.6,pro
C00743,2025-03-05,W10,2025-04-30,feature_use,208.6,free
C00743,2025-03-05,W10,2025-04-30,feature_use,577.4,basic
C00744,2025-01-22,W04,2025-01-25,page_view,237.0,free
C00744,2025-01-22,W04,2025-01-30,page_view,174.3,free
C00745,2025-02-26,W09,2025-03-03,page_view,835.7,free
C00746,2025-03-05,W10,2025-03-11,page_view,232.3,free
C00746,2025-03-05,W10,2025-03-06,search,200.8,free
C00746,2025-03-05,W10,2025-03-14,page_view,102.5,basic
C00747,2025-01-29,W05,2025-01-29,feature_use,234.4,free
C00747,2025-01-29,W05,2025-04-04,feature_use,94.5,basic
C00748,2025-01-15,W03,2025-01-20,page_view,129.0,basic
C00748,2025-01-15,W03,2025-01-21,feature_use,42.6,pro
C00748,2025-01-15,W03,2025-01-15,page_view,293.7,free
C00748,2025-01-15,W03,2025-02-10,page_view,307.7,free
C00748,2025-01-15,W03,2025-02-11,page_view,99.3,free
C00748,2025-01-15,W03,2025-02-18,page_view,33.6,basic
C00748,2025-01-15,W03,2025-02-17,page_view,77.7,free
C00749,2025-02-05,W06,2025-02-10,search,116.2,free
C00749,2025-02-05,W06,2025-02-06,feature_use,242.8,free
C00749,2025-02-05,W06,2025-02-10,settings_change,186.3,free
C00749,2025-02-05,W06,2025-02-15,settings_change,72.9,basic
C00749,2025-02-05,W06,2025-02-18,page_view,302.6,basic
C00749,2025-02-05,W06,2025-02-15,page_view,282.3,basic
C00749,2025-02-05,W06,2025-03-07,feature_use,152.8,free
C00749,2025-02-05,W06,2025-03-18,page_view,234.3,basic
C00749,2025-02-05,W06,2025-03-16,page_view,254.1,free
C00750,2025-02-26,W09,2025-03-01,search,75.7,basic
C00750,2025-02-26,W09,2025-03-29,search,886.1,free
C00751,2025-02-19,W08,2025-02-22,feature_use,480.7,free
C00751,2025-02-19,W08,2025-05-06,feature_use,171.0,basic
C00752,2025-01-15,W03,2025-01-16,page_view,102.0,pro
C00752,2025-01-15,W03,2025-01-20,page_view,653.8,basic
C00752,2025-01-15,W03,2025-01-22,page_view,498.8,basic
C00753,2025-01-22,W04,2025-01-27,page_view,71.6,basic
C00753,2025-01-22,W04,2025-01-24,page_view,1024.5,basic
C00753,2025-01-22,W04,2025-01-28,page_view,1186.9,free
C00753,2025-01-22,W04,2025-02-11,page_view,200.1,basic
C00753,2025-01-22,W04,2025-02-18,page_view,60.8,basic
C00753,2025-01-22,W04,2025-02-12,page_view,200.0,pro
C00753,2025-01-22,W04,2025-02-16,search,115.3,basic
C00754,2025-01-22,W04,2025-01-23,search,154.1,pro
C00754,2025-01-22,W04,2025-01-25,feature_use,100.5,free
C00754,2025-01-22,W04,2025-04-01,page_view,208.8,pro
C00755,2025-01-01,W01,2025-01-03,page_view,194.1,free
C00756,2025-03-19,W12,2025-03-20,page_view,206.5,free
C00756,2025-03-19,W12,2025-03-27,search,218.7,free
C00757,2025-01-29,W05,2025-02-02,page_view,883.4,pro
C00757,2025-01-29,W05,2025-01-29,search,140.2,pro
C00757,2025-01-29,W05,2025-03-21,search,484.4,free
C00757,2025-01-29,W05,2025-04-01,settings_change,114.1,free
C00757,2025-01-29,W05,2025-04-01,settings_change,99.6,basic
C00758,2025-03-19,W12,2025-03-22,page_view,1000.4,basic
C00759,2025-01-15,W03,2025-01-20,feature_use,92.0,basic
C00759,2025-01-15,W03,2025-01-16,feature_use,91.7,pro
C00759,2025-01-15,W03,2025-01-24,page_view,183.7,pro
C00759,2025-01-15,W03,2025-01-26,page_view,275.9,free
C00759,2025-01-15,W03,2025-02-10,page_view,291.7,pro
C00759,2025-01-15,W03,2025-02-10,feature_use,97.6,basic
C00760,2025-02-12,W07,2025-02-14,feature_use,694.8,free
C00760,2025-02-12,W07,2025-02-16,page_view,315.7,basic
C00760,2025-02-12,W07,2025-04-03,page_view,55.7,free
C00760,2025-02-12,W07,2025-05-04,search,350.4,free
C00761,2025-02-12,W07,2025-02-12,feature_use,192.6,basic
C00761,2025-02-12,W07,2025-02-14,page_view,159.1,free
C00761,2025-02-12,W07,2025-02-22,page_view,214.2,basic
C00761,2025-02-12,W07,2025-02-23,search,111.3,basic
C00761,2025-02-12,W07,2025-03-06,page_view,58.6,pro
C00761,2025-02-12,W07,2025-03-19,search,151.1,basic
C00761,2025-02-12,W07,2025-03-23,feature_use,57.1,basic
C00762,2025-01-29,W05,2025-02-02,settings_change,53.6,free
C00762,2025-01-29,W05,2025-02-03,page_view,49.4,free
C00763,2025-01-29,W05,2025-02-02,feature_use,1119.1,free
C00763,2025-01-29,W05,2025-04-12,page_view,58.3,free
C00763,2025-01-29,W05,2025-04-13,search,375.0,free
C00764,2025-01-01,W01,2025-01-01,page_view,69.3,free
C00764,2025-01-01,W01,2025-01-10,settings_change,101.6,pro
C00764,2025-01-01,W01,2025-01-20,feature_use,56.9,free
C00764,2025-01-01,W01,2025-01-16,page_view,334.7,free
C00764,2025-01-01,W01,2025-01-15,page_view,145.6,basic
C00764,2025-01-01,W01,2025-01-15,search,66.0,pro
C00764,2025-01-01,W01,2025-01-20,page_view,166.2,basic
C00764,2025-01-01,W01,2025-01-18,page_view,397.8,free
C00764,2025-01-01,W01,2025-01-27,feature_use,190.7,free
C00764,2025-01-01,W01,2025-02-15,page_view,120.5,pro
C00764,2025-01-01,W01,2025-02-13,search,138.9,basic
C00764,2025-01-01,W01,2025-02-15,page_view,41.3,free
C00764,2025-01-01,W01,2025-02-12,feature_use,658.2,free
C00764,2025-01-01,W01,2025-03-07,settings_change,366.3,pro
C00764,2025-01-01,W01,2025-03-06,settings_change,247.3,pro
C00765,2025-01-22,W04,2025-01-23,page_view,40.3,basic
C00765,2025-01-22,W04,2025-01-24,page_view,109.2,free
C00765,2025-01-22,W04,2025-01-22,page_view,203.5,basic
C00765,2025-01-22,W04,2025-02-03,page_view,125.1,free
C00765,2025-01-22,W04,2025-01-31,page_view,332.7,free
C00765,2025-01-22,W04,2025-01-31,settings_change,112.7,free
C00765,2025-01-22,W04,2025-02-06,search,105.7,free
C00765,2025-01-22,W04,2025-02-10,settings_change,69.5,free
C00765,2025-01-22,W04,2025-02-20,page_view,462.1,free
C00765,2025-01-22,W04,2025-02-21,feature_use,38.7,free
C00765,2025-01-22,W04,2025-02-20,search,76.5,free
C00765,2025-01-22,W04,2025-03-13,page_view,12.7,basic
C00766,2025-01-01,W01,2025-01-03,page_view,1147.9,free
C00766,2025-01-01,W01,2025-01-13,settings_change,399.1,free
C00766,2025-01-01,W01,2025-01-14,feature_use,75.2,free
C00766,2025-01-01,W01,2025-01-17,page_view,85.0,free
C00767,2025-01-01,W01,2025-01-07,search,168.4,free
C00767,2025-01-01,W01,2025-01-12,feature_use,1332.6,pro
C00767,2025-01-01,W01,2025-01-11,search,95.3,free
C00767,2025-01-01,W01,2025-01-23,feature_use,699.5,free
C00768,2025-02-19,W08,2025-02-24,page_view,292.4,pro
C00768,2025-02-19,W08,2025-02-24,search,46.7,free
C00769,2025-02-26,W09,2025-02-27,search,66.1,free
C00769,2025-02-26,W09,2025-03-01,page_view,359.9,pro
C00769,2025-02-26,W09,2025-02-27,settings_change,775.9,free
C00769,2025-02-26,W09,2025-03-01,page_view,681.0,basic
C00769,2025-02-26,W09,2025-03-15,feature_use,756.2,basic
C00769,2025-02-26,W09,2025-05-09,page_view,78.1,free
C00769,2025-02-26,W09,2025-05-08,page_view,120.6,pro
C00770,2025-01-08,W02,2025-01-11,search,282.3,free
C00771,2025-02-26,W09,2025-03-01,page_view,39.6,free
C00771,2025-02-26,W09,2025-03-03,search,2066.1,free
C00771,2025-02-26,W09,2025-02-27,feature_use,153.5,pro
C00771,2025-02-26,W09,2025-02-28,search,136.4,pro
C00771,2025-02-26,W09,2025-03-16,page_view,320.1,free
C00771,2025-02-26,W09,2025-03-12,feature_use,664.6,free
C00772,2025-01-01,W01,2025-01-01,feature_use,45.2,pro
C00772,2025-01-01,W01,2025-01-24,page_view,108.2,pro
C00772,2025-01-01,W01,2025-01-28,feature_use,381.3,pro
C00772,2025-01-01,W01,2025-01-25,feature_use,403.7,pro
C00772,2025-01-01,W01,2025-03-06,page_view,510.6,basic
C00772,2025-01-01,W01,2025-03-11,page_view,177.5,pro
C00773,2025-02-26,W09,2025-03-02,settings_change,240.4,free
C00773,2025-02-26,W09,2025-03-03,page_view,407.3,pro
C00773,2025-02-26,W09,2025-02-27,feature_use,146.5,free
C00773,2025-02-26,W09,2025-03-08,feature_use,78.8,free
C00773,2025-02-26,W09,2025-03-07,page_view,42.1,free
C00773,2025-02-26,W09,2025-03-20,feature_use,233.7,free
C00773,2025-02-26,W09,2025-03-21,page_view,109.3,free
C00773,2025-02-26,W09,2025-04-12,page_view,328.0,free
C00773,2025-02-26,W09,2025-04-14,feature_use,157.1,pro
C00773,2025-02-26,W09,2025-04-15,page_view,54.7,pro
C00773,2025-02-26,W09,2025-04-30,settings_change,90.5,free
C00773,2025-02-26,W09,2025-04-30,search,467.2,pro
C00773,2025-02-26,W09,2025-05-16,page_view,176.6,free
C00773,2025-02-26,W09,2025-05-17,search,463.2,basic
C00773,2025-02-26,W09,2025-05-15,page_view,294.0,basic
C00774,2025-01-01,W01,2025-01-03,search,22.5,basic
C00775,2025-03-05,W10,2025-03-11,page_view,836.6,pro
C00775,2025-03-05,W10,2025-04-14,settings_change,309.1,free
C00775,2025-03-05,W10,2025-04-28,feature_use,48.6,free
C00775,2025-03-05,W10,2025-04-29,feature_use,63.0,basic
C00775,2025-03-05,W10,2025-04-29,page_view,148.7,pro
C00775,2025-03-05,W10,2025-05-15,page_view,45.7,free
C00775,2025-03-05,W10,2025-05-20,page_view,118.5,free
C00775,2025-03-05,W10,2025-05-17,page_view,128.3,pro
C00776,2025-03-05,W10,2025-03-11,feature_use,17.8,free
C00776,2025-03-05,W10,2025-03-13,settings_change,806.2,free
C00777,2025-02-19,W08,2025-02-25,page_view,40.5,free
C00777,2025-02-19,W08,2025-02-24,search,327.6,free
C00777,2025-02-19,W08,2025-02-24,search,146.8,free
C00777,2025-02-19,W08,2025-04-03,feature_use,7.6,basic
C00778,2025-01-01,W01,2025-01-01,page_view,718.1,basic
C00778,2025-01-01,W01,2025-01-04,settings_change,65.0,free
C00778,2025-01-01,W01,2025-01-14,search,122.2,basic
C00779,2025-02-19,W08,2025-02-20,page_view,1255.8,free
C00779,2025-02-19,W08,2025-04-10,page_view,172.2,basic
C00779,2025-02-19,W08,2025-05-01,page_view,31.2,free
C00779,2025-02-19,W08,2025-05-04,page_view,833.6,basic
C00779,2025-02-19,W08,2025-05-06,feature_use,138.1,basic
C00779,2025-02-19,W08,2025-04-30,page_view,44.6,free
C00780,2025-01-01,W01,2025-01-01,page_view,398.0,basic
C00780,2025-01-01,W01,2025-01-02,search,198.2,pro
C00781,2025-02-19,W08,2025-02-24,feature_use,80.9,free
C00781,2025-02-19,W08,2025-03-09,page_view,289.3,pro
C00781,2025-02-19,W08,2025-03-13,feature_use,27.9,basic
C00781,2025-02-19,W08,2025-03-15,search,180.9,free
C00781,2025-02-19,W08,2025-03-12,search,143.8,basic
C00781,2025-02-19,W08,2025-03-25,search,317.7,free
C00782,2025-01-08,W02,2025-01-11,page_view,163.7,free
C00783,2025-01-29,W05,2025-02-04,feature_use,104.4,free
C00783,2025-01-29,W05,2025-02-17,page_view,71.5,free
C00783,2025-01-29,W05,2025-03-25,page_view,36.9,basic
C00784,2025-02-12,W07,2025-02-13,search,272.6,free
C00784,2025-02-12,W07,2025-02-28,page_view,69.5,basic
C00784,2025-02-12,W07,2025-03-10,page_view,53.8,basic
C00784,2025-02-12,W07,2025-03-05,page_view,65.9,basic
C00784,2025-02-12,W07,2025-03-29,feature_use,31.4,basic
C00785,2025-02-19,W08,2025-02-25,feature_use,175.8,pro
C00785,2025-02-19,W08,2025-02-19,search,371.3,free
C00785,2025-02-19,W08,2025-04-21,search,182.1,free
C00785,2025-02-19,W08,2025-04-16,settings_change,116.2,basic
C00786,2025-03-19,W12,2025-03-24,page_view,151.7,basic
C00787,2025-02-05,W06,2025-02-05,page_view,85.8,basic
C00788,2025-02-19,W08,2025-02-20,page_view,50.3,free
C00788,2025-02-19,W08,2025-02-25,page_view,147.4,basic
C00788,2025-02-19,W08,2025-04-08,page_view,4106.0,free
C00788,2025-02-19,W08,2025-04-05,feature_use,463.9,free
C00788,2025-02-19,W08,2025-04-07,search,69.4,pro
C00788,2025-02-19,W08,2025-04-06,search,65.2,basic
C00788,2025-02-19,W08,2025-04-07,page_view,29.9,free
C00788,2025-02-19,W08,2025-04-12,page_view,1028.0,free
C00788,2025-02-19,W08,2025-04-13,settings_change,310.0,free
C00788,2025-02-19,W08,2025-04-11,page_view,37.9,basic
C00788,2025-02-19,W08,2025-04-14,page_view,146.2,basic
C00789,2025-01-15,W03,2025-01-19,page_view,28.5,basic
C00789,2025-01-15,W03,2025-01-17,page_view,249.8,basic
C00789,2025-01-15,W03,2025-01-30,feature_use,214.4,basic
C00789,2025-01-15,W03,2025-03-14,page_view,88.6,basic
C00789,2025-01-15,W03,2025-03-13,feature_use,635.6,basic
C00790,2025-02-12,W07,2025-02-15,search,35.8,free
C00790,2025-02-12,W07,2025-02-15,page_view,138.9,free
C00790,2025-02-12,W07,2025-02-18,page_view,535.9,free
C00790,2025-02-12,W07,2025-02-13,page_view,133.8,pro
C00790,2025-02-12,W07,2025-02-17,page_view,118.6,pro
C00790,2025-02-12,W07,2025-02-14,search,243.5,basic
C00790,2025-02-12,W07,2025-02-15,page_view,392.5,free
C00790,2025-02-12,W07,2025-02-21,feature_use,164.9,pro
C00790,2025-02-12,W07,2025-02-19,page_view,129.1,free
C00790,2025-02-12,W07,2025-02-20,page_view,17.6,free
C00790,2025-02-12,W07,2025-03-02,page_view,37.6,free
C00790,2025-02-12,W07,2025-03-01,page_view,219.4,pro
C00790,2025-02-12,W07,2025-03-14,page_view,166.7,free
C00790,2025-02-12,W07,2025-03-15,search,106.0,free
C00790,2025-02-12,W07,2025-03-16,search,413.0,free
C00790,2025-02-12,W07,2025-03-25,feature_use,47.6,free
C00791,2025-02-12,W07,2025-02-15,settings_change,120.3,free
C00791,2025-02-12,W07,2025-02-13,page_view,146.4,basic
C00791,2025-02-12,W07,2025-02-28,page_view,136.4,free
C00792,2025-01-08,W02,2025-01-14,page_view,112.9,free
C00793,2025-03-05,W10,2025-03-09,feature_use,359.6,pro
C00793,2025-03-05,W10,2025-03-09,search,65.7,free
C00793,2025-03-05,W10,2025-03-22,search,45.1,free
C00794,2025-01-15,W03,2025-01-18,page_view,375.5,free
C00795,2025-02-19,W08,2025-02-23,page_view,129.0,free
C00795,2025-02-19,W08,2025-03-08,page_view,109.5,basic
C00795,2025-02-19,W08,2025-03-05,feature_use,371.5,free
C00795,2025-02-19,W08,2025-03-07,search,89.0,free
C00795,2025-02-19,W08,2025-04-19,page_view,111.5,free
C00795,2025-02-19,W08,2025-04-20,page_view,60.3,free
C00796,2025-03-12,W11,2025-03-18,feature_use,10.8,free
C00796,2025-03-12,W11,2025-05-27,search,78.3,free
C00796,2025-03-12,W11,2025-05-23,settings_change,150.8,pro
C00797,2025-02-26,W09,2025-02-26,feature_use,66.1,free
C00797,2025-02-26,W09,2025-03-15,settings_change,27.4,pro
C00797,2025-02-26,W09,2025-03-19,search,139.6,free
C00797,2025-02-26,W09,2025-03-19,search,410.6,pro
C00798,2025-01-08,W02,2025-01-09,search,98.2,basic
C00798,2025-01-08,W02,2025-01-17,feature_use,51.7,pro
C00798,2025-01-08,W02,2025-01-27,feature_use,1541.8,basic
C00798,2025-01-08,W02,2025-01-24,page_view,93.9,free
C00799,2025-02-26,W09,2025-03-04,search,223.6,free
C00799,2025-02-26,W09,2025-02-26,page_view,1558.4,basic
C00799,2025-02-26,W09,2025-03-10,search,284.5,basic
C00799,2025-02-26,W09,2025-03-09,page_view,523.0,pro
C00799,2025-02-26,W09,2025-03-19,feature_use,76.8,free
C00799,2025-02-26,W09,2025-03-23,page_view,392.9,free
C00799,2025-02-26,W09,2025-03-20,feature_use,2299.1,basic
C00799,2025-02-26,W09,2025-04-11,search,77.8,basic
C00799,2025-02-26,W09,2025-04-09,page_view,82.5,free
C00799,2025-02-26,W09,2025-04-12,settings_change,180.7,basic
C00800,2025-01-15,W03,2025-01-17,feature_use,53.6,free
C00801,2025-01-01,W01,2025-01-07,page_view,257.4,basic
C00801,2025-01-01,W01,2025-01-05,search,203.1,pro
C00801,2025-01-01,W01,2025-01-04,page_view,189.2,basic
C00801,2025-01-01,W01,2025-01-11,search,45.7,pro
C00801,2025-01-01,W01,2025-01-14,page_view,602.8,pro
C00801,2025-01-01,W01,2025-01-11,page_view,345.1,free
C00801,2025-01-01,W01,2025-01-13,settings_change,108.5,basic
C00801,2025-01-01,W01,2025-01-13,feature_use,359.1,free
C00801,2025-01-01,W01,2025-01-30,feature_use,89.7,free
C00802,2025-03-12,W11,2025-03-14,page_view,692.9,pro
C00802,2025-03-12,W11,2025-03-18,page_view,105.6,free
C00802,2025-03-12,W11,2025-03-14,feature_use,476.7,basic
C00802,2025-03-12,W11,2025-03-14,page_view,338.7,basic
C00802,2025-03-12,W11,2025-03-20,page_view,70.8,free
C00802,2025-03-12,W11,2025-04-04,settings_change,93.7,free
C00802,2025-03-12,W11,2025-06-03,settings_change,95.0,free
C00802,2025-03-12,W11,2025-05-31,feature_use,114.0,pro
C00802,2025-03-12,W11,2025-05-28,feature_use,241.9,free
C00803,2025-01-01,W01,2025-01-02,feature_use,86.0,free
C00803,2025-01-01,W01,2025-01-15,page_view,13.9,basic
C00803,2025-01-01,W01,2025-01-21,page_view,219.8,free
C00804,2025-02-12,W07,2025-02-18,feature_use,216.8,free
C00804,2025-02-12,W07,2025-02-13,search,7.5,free
C00804,2025-02-12,W07,2025-02-17,page_view,50.0,free
C00804,2025-02-12,W07,2025-02-12,search,112.2,basic
C00804,2025-02-12,W07,2025-02-20,page_view,258.9,free
C00804,2025-02-12,W07,2025-04-20,search,84.7,basic
C00804,2025-02-12,W07,2025-04-20,feature_use,185.5,basic
C00805,2025-02-19,W08,2025-02-20,page_view,337.3,pro
C00806,2025-01-01,W01,2025-01-04,page_view,213.3,pro
C00806,2025-01-01,W01,2025-01-07,feature_use,62.9,basic
C00806,2025-01-01,W01,2025-01-11,page_view,246.3,basic
C00806,2025-01-01,W01,2025-01-14,page_view,478.5,free
C00806,2025-01-01,W01,2025-01-08,search,34.7,free
C00806,2025-01-01,W01,2025-01-20,search,384.1,free
C00806,2025-01-01,W01,2025-01-15,feature_use,257.7,basic
C00806,2025-01-01,W01,2025-01-17,page_view,318.8,free
C00806,2025-01-01,W01,2025-01-19,page_view,320.7,free
C00806,2025-01-01,W01,2025-02-24,feature_use,106.3,pro
C00807,2025-03-12,W11,2025-03-15,page_view,172.0,free
C00808,2025-02-12,W07,2025-02-12,page_view,182.9,free
C00809,2025-02-12,W07,2025-02-18,page_view,659.0,basic
C00810,2025-02-12,W07,2025-02-13,page_view,33.6,pro
C00811,2025-02-05,W06,2025-02-09,page_view,444.1,free
C00811,2025-02-05,W06,2025-04-18,page_view,775.8,basic
C00812,2025-01-22,W04,2025-01-22,page_view,24.8,basic
C00812,2025-01-22,W04,2025-01-22,page_view,76.3,basic
C00812,2025-01-22,W04,2025-01-27,page_view,84.3,basic
C00812,2025-01-22,W04,2025-01-29,feature_use,86.6,basic
C00812,2025-01-22,W04,2025-02-06,search,452.3,basic
C00812,2025-01-22,W04,2025-02-07,feature_use,310.6,basic
C00813,2025-01-22,W04,2025-01-26,feature_use,1473.9,pro
C00814,2025-03-05,W10,2025-03-06,page_view,57.1,pro
C00814,2025-03-05,W10,2025-03-06,search,175.5,free
C00814,2025-03-05,W10,2025-03-11,search,135.0,free
C00814,2025-03-05,W10,2025-03-09,search,477.7,free
C00814,2025-03-05,W10,2025-03-22,search,235.8,free
C00814,2025-03-05,W10,2025-03-25,feature_use,38.2,pro
C00814,2025-03-05,W10,2025-03-24,page_view,288.2,pro
C00814,2025-03-05,W10,2025-03-22,feature_use,84.0,free
C00814,2025-03-05,W10,2025-03-22,search,29.1,basic
C00814,2025-03-05,W10,2025-03-20,page_view,118.5,free
C00814,2025-03-05,W10,2025-04-02,feature_use,164.7,basic
C00814,2025-03-05,W10,2025-05-12,feature_use,1458.4,free
C00814,2025-03-05,W10,2025-05-12,search,30.5,free
C00814,2025-03-05,W10,2025-05-11,settings_change,80.7,free
C00815,2025-02-05,W06,2025-02-11,search,816.7,basic
C00815,2025-02-05,W06,2025-02-17,page_view,78.5,pro
C00815,2025-02-05,W06,2025-03-10,page_view,579.2,basic
C00815,2025-02-05,W06,2025-04-25,feature_use,298.3,basic
C00816,2025-03-19,W12,2025-03-20,page_view,97.5,free
C00817,2025-02-19,W08,2025-02-24,page_view,82.2,free
C00817,2025-02-19,W08,2025-02-24,page_view,810.9,free
C00817,2025-02-19,W08,2025-04-01,feature_use,1306.0,basic
C00817,2025-02-19,W08,2025-03-31,page_view,353.0,free
C00818,2025-02-19,W08,2025-02-19,page_view,34.9,free
C00818,2025-02-19,W08,2025-02-20,feature_use,75.9,free
C00818,2025-02-19,W08,2025-03-11,page_view,289.2,free
C00819,2025-01-15,W03,2025-01-18,feature_use,101.5,basic
C00820,2025-03-05,W10,2025-03-07,search,82.8,free
C00820,2025-03-05,W10,2025-03-11,search,275.3,pro
C00821,2025-03-19,W12,2025-03-20,page_view,844.7,free
C00821,2025-03-19,W12,2025-03-19,page_view,238.7,free
C00821,2025-03-19,W12,2025-04-29,feature_use,54.5,basic
C00821,2025-03-19,W12,2025-04-26,search,430.9,free
C00821,2025-03-19,W12,2025-04-27,page_view,135.1,free
C00821,2025-03-19,W12,2025-04-27,page_view,66.4,free
C00821,2025-03-19,W12,2025-05-28,feature_use,119.6,pro
C00821,2025-03-19,W12,2025-06-03,search,193.6,free
C00821,2025-03-19,W12,2025-05-28,page_view,92.5,pro
C00821,2025-03-19,W12,2025-06-02,feature_use,222.5,pro
C00822,2025-02-05,W06,2025-02-09,feature_use,329.6,free
C00822,2025-02-05,W06,2025-02-13,search,457.3,free
C00822,2025-02-05,W06,2025-02-17,search,476.0,free
C00822,2025-02-05,W06,2025-02-12,page_view,48.8,pro
C00822,2025-02-05,W06,2025-02-15,settings_change,112.4,pro
C00822,2025-02-05,W06,2025-03-04,page_view,21.3,free
C00822,2025-02-05,W06,2025-03-03,page_view,62.0,free
C00822,2025-02-05,W06,2025-03-01,settings_change,487.0,basic
C00822,2025-02-05,W06,2025-03-11,feature_use,183.7,free
C00822,2025-02-05,W06,2025-03-24,page_view,141.4,basic
C00822,2025-02-05,W06,2025-03-23,page_view,623.1,free
C00822,2025-02-05,W06,2025-03-21,page_view,1098.4,free
C00822,2025-02-05,W06,2025-03-20,feature_use,125.6,free
C00822,2025-02-05,W06,2025-03-22,feature_use,83.3,free
C00822,2025-02-05,W06,2025-03-23,search,51.7,basic
C00823,2025-01-22,W04,2025-01-24,feature_use,132.0,free
C00824,2025-02-26,W09,2025-02-28,page_view,5.3,free
C00825,2025-02-12,W07,2025-02-15,page_view,577.4,pro
C00826,2025-02-19,W08,2025-02-20,feature_use,126.7,pro
C00826,2025-02-19,W08,2025-03-10,search,91.8,free
C00826,2025-02-19,W08,2025-03-18,page_view,835.4,basic
C00827,2025-01-01,W01,2025-01-05,feature_use,264.8,pro
C00827,2025-01-01,W01,2025-03-07,page_view,485.1,pro
C00828,2025-01-22,W04,2025-01-27,feature_use,124.9,free
C00829,2025-02-05,W06,2025-02-08,page_view,129.7,free
C00829,2025-02-05,W06,2025-03-07,feature_use,167.1,free
C00829,2025-02-05,W06,2025-03-08,page_view,308.4,basic
C00829,2025-02-05,W06,2025-03-05,page_view,83.1,free
C00829,2025-02-05,W06,2025-03-11,page_view,187.1,pro
C00829,2025-02-05,W06,2025-04-07,feature_use,260.7,pro
C00829,2025-02-05,W06,2025-04-02,search,176.7,free
C00830,2025-02-05,W06,2025-02-11,page_view,140.5,pro
C00831,2025-01-08,W02,2025-01-09,feature_use,160.0,free
C00831,2025-01-08,W02,2025-02-13,feature_use,261.8,basic
C00831,2025-01-08,W02,2025-02-13,page_view,122.1,free
C00831,2025-01-08,W02,2025-02-17,page_view,278.6,basic
C00831,2025-01-08,W02,2025-03-16,feature_use,24.7,basic
C00831,2025-01-08,W02,2025-03-13,feature_use,23.8,basic
C00832,2025-02-12,W07,2025-02-12,feature_use,315.0,free
C00833,2025-01-15,W03,2025-01-18,feature_use,215.5,free
C00833,2025-01-15,W03,2025-01-21,search,154.0,free
C00833,2025-01-15,W03,2025-01-16,page_view,618.5,free
C00833,2025-01-15,W03,2025-02-17,search,44.4,free
C00833,2025-01-15,W03,2025-02-15,page_view,96.3,basic
C00834,2025-02-05,W06,2025-02-10,page_view,160.3,free
C00834,2025-02-05,W06,2025-02-25,page_view,192.2,pro
C00834,2025-02-05,W06,2025-02-26,page_view,100.3,basic
C00834,2025-02-05,W06,2025-03-01,page_view,430.5,basic
C00835,2025-03-19,W12,2025-03-22,feature_use,94.7,free
C00835,2025-03-19,W12,2025-03-20,feature_use,88.5,free
C00835,2025-03-19,W12,2025-04-11,feature_use,361.8,basic
C00836,2025-01-15,W03,2025-01-20,feature_use,31.3,pro
C00836,2025-01-15,W03,2025-01-20,page_view,158.3,basic
C00837,2025-02-05,W06,2025-02-06,feature_use,228.6,basic
C00837,2025-02-05,W06,2025-03-26,feature_use,47.0,basic
C00837,2025-02-05,W06,2025-03-26,feature_use,31.7,free
C00838,2025-03-05,W10,2025-03-07,feature_use,46.0,free
C00838,2025-03-05,W10,2025-03-19,feature_use,256.6,pro
C00838,2025-03-05,W10,2025-03-28,page_view,72.0,pro
C00839,2025-03-05,W10,2025-03-09,page_view,60.4,pro
C00839,2025-03-05,W10,2025-03-15,page_view,322.1,basic
C00839,2025-03-05,W10,2025-03-17,settings_change,77.3,free
C00839,2025-03-05,W10,2025-03-23,search,12.8,free
C00839,2025-03-05,W10,2025-03-24,feature_use,348.7,pro
C00839,2025-03-05,W10,2025-03-24,page_view,213.5,free
C00839,2025-03-05,W10,2025-04-05,feature_use,90.3,free
C00839,2025-03-05,W10,2025-05-20,page_view,201.4,pro
C00840,2025-02-19,W08,2025-02-20,page_view,932.9,free
C00840,2025-02-19,W08,2025-02-22,feature_use,90.2,pro
C00840,2025-02-19,W08,2025-02-25,feature_use,447.6,basic
C00840,2025-02-19,W08,2025-02-21,page_view,160.5,free
C00840,2025-02-19,W08,2025-02-21,page_view,59.7,free
C00840,2025-02-19,W08,2025-03-02,page_view,119.0,free
C00840,2025-02-19,W08,2025-03-19,page_view,99.1,basic
C00841,2025-01-29,W05,2025-02-02,feature_use,439.8,basic
C00841,2025-01-29,W05,2025-02-06,feature_use,86.8,free
C00841,2025-01-29,W05,2025-03-07,feature_use,62.8,free
C00842,2025-01-01,W01,2025-01-05,page_view,474.4,basic
C00842,2025-01-01,W01,2025-01-11,settings_change,539.4,basic
C00842,2025-01-01,W01,2025-01-12,page_view,197.1,free
C00842,2025-01-01,W01,2025-01-14,search,671.6,free
C00842,2025-01-01,W01,2025-01-14,page_view,314.4,basic
C00842,2025-01-01,W01,2025-01-08,page_view,74.7,free
C00842,2025-01-01,W01,2025-01-20,page_view,378.2,free
C00842,2025-01-01,W01,2025-01-20,page_view,282.2,free
C00842,2025-01-01,W01,2025-01-22,feature_use,163.0,free
C00842,2025-01-01,W01,2025-02-01,search,46.8,free
C00842,2025-01-01,W01,2025-02-01,feature_use,149.1,free
C00842,2025-01-01,W01,2025-02-24,feature_use,164.3,basic
C00843,2025-01-15,W03,2025-01-16,settings_change,113.5,pro
C00843,2025-01-15,W03,2025-03-09,feature_use,720.3,free
C00843,2025-01-15,W03,2025-03-05,feature_use,28.9,basic
C00844,2025-01-01,W01,2025-01-01,page_view,126.8,free
C00844,2025-01-01,W01,2025-01-01,feature_use,194.2,pro
C00844,2025-01-01,W01,2025-01-01,page_view,7.7,free
C00845,2025-02-19,W08,2025-02-20,page_view,206.4,free
C00845,2025-02-19,W08,2025-02-25,settings_change,54.1,free
C00845,2025-02-19,W08,2025-04-14,feature_use,249.4,free
C00845,2025-02-19,W08,2025-05-03,page_view,150.8,free
C00845,2025-02-19,W08,2025-05-01,page_view,63.4,free
C00845,2025-02-19,W08,2025-04-30,page_view,52.3,free
C00846,2025-02-12,W07,2025-02-15,feature_use,348.3,free
C00846,2025-02-12,W07,2025-03-29,page_view,246.9,free
C00846,2025-02-12,W07,2025-03-26,page_view,79.1,free
C00847,2025-03-12,W11,2025-03-12,page_view,92.9,free
C00847,2025-03-12,W11,2025-03-14,search,1195.2,free
C00847,2025-03-12,W11,2025-03-28,page_view,80.6,free
C00847,2025-03-12,W11,2025-04-06,search,291.1,free
C00847,2025-03-12,W11,2025-04-18,search,49.5,free
C00847,2025-03-12,W11,2025-04-21,settings_change,199.3,free
C00848,2025-03-05,W10,2025-03-07,settings_change,81.9,pro
C00848,2025-03-05,W10,2025-03-08,feature_use,292.7,pro
C00848,2025-03-05,W10,2025-03-08,feature_use,226.7,free
C00848,2025-03-05,W10,2025-03-05,page_view,296.9,free
C00848,2025-03-05,W10,2025-03-11,feature_use,452.9,basic
C00848,2025-03-05,W10,2025-03-09,page_view,409.5,pro
C00848,2025-03-05,W10,2025-03-17,page_view,656.7,basic
C00848,2025-03-05,W10,2025-03-19,feature_use,134.4,basic
C00848,2025-03-05,W10,2025-04-15,search,1514.6,free
C00849,2025-03-19,W12,2025-03-25,search,61.8,basic
C00849,2025-03-19,W12,2025-03-21,page_view,329.3,pro
C00849,2025-03-19,W12,2025-04-19,feature_use,1157.0,free
C00849,2025-03-19,W12,2025-04-17,page_view,33.5,pro
C00849,2025-03-19,W12,2025-04-20,page_view,268.4,free
C00849,2025-03-19,W12,2025-04-22,settings_change,72.2,free
C00849,2025-03-19,W12,2025-05-16,feature_use,129.4,pro
C00849,2025-03-19,W12,2025-05-18,search,275.6,free
C00849,2025-03-19,W12,2025-06-07,page_view,207.2,basic
C00849,2025-03-19,W12,2025-06-07,page_view,417.4,pro
C00850,2025-03-19,W12,2025-03-23,page_view,26.5,basic
C00850,2025-03-19,W12,2025-03-19,page_view,105.4,free
C00850,2025-03-19,W12,2025-05-22,feature_use,76.8,free
C00851,2025-01-22,W04,2025-01-27,page_view,864.0,basic
C00851,2025-01-22,W04,2025-03-21,page_view,64.3,free
C00851,2025-01-22,W04,2025-03-29,search,211.8,free
C00852,2025-03-12,W11,2025-03-12,page_view,48.4,free
C00852,2025-03-12,W11,2025-03-16,page_view,114.9,pro
C00852,2025-03-12,W11,2025-03-27,feature_use,161.1,pro
C00852,2025-03-12,W11,2025-03-26,feature_use,77.3,free
C00852,2025-03-12,W11,2025-03-27,feature_use,216.6,basic
C00852,2025-03-12,W11,2025-04-11,page_view,78.7,free
C00852,2025-03-12,W11,2025-04-09,page_view,246.2,basic
C00852,2025-03-12,W11,2025-04-22,feature_use,453.7,basic
C00853,2025-01-22,W04,2025-01-24,search,22.2,free
C00854,2025-01-01,W01,2025-01-03,feature_use,265.1,free
C00855,2025-01-22,W04,2025-01-27,feature_use,51.9,pro
C00856,2025-01-01,W01,2025-01-01,page_view,398.5,free
C00856,2025-01-01,W01,2025-01-02,settings_change,78.6,basic
C00856,2025-01-01,W01,2025-01-05,page_view,121.4,basic
C00856,2025-01-01,W01,2025-01-05,settings_change,281.1,basic
C00856,2025-01-01,W01,2025-01-04,page_view,405.3,free
C00856,2025-01-01,W01,2025-01-03,feature_use,214.7,free
C00856,2025-01-01,W01,2025-01-26,feature_use,364.4,free
C00856,2025-01-01,W01,2025-01-27,page_view,167.8,free
C00856,2025-01-01,W01,2025-01-24,search,99.4,free
C00856,2025-01-01,W01,2025-01-28,page_view,807.4,pro
C00856,2025-01-01,W01,2025-01-28,page_view,399.7,basic
C00856,2025-01-01,W01,2025-01-26,feature_use,393.8,free
C00856,2025-01-01,W01,2025-01-28,page_view,204.5,basic
C00856,2025-01-01,W01,2025-01-22,page_view,27.8,basic
C00856,2025-01-01,W01,2025-02-05,feature_use,662.4,free
C00856,2025-01-01,W01,2025-02-08,page_view,173.2,free
C00856,2025-01-01,W01,2025-02-09,page_view,496.9,basic
C00856,2025-01-01,W01,2025-02-06,page_view,35.0,pro
C00857,2025-01-29,W05,2025-02-04,page_view,103.6,basic
C00858,2025-01-29,W05,2025-02-03,feature_use,114.3,pro
C00858,2025-01-29,W05,2025-02-02,page_view,67.2,free
C00858,2025-01-29,W05,2025-02-08,feature_use,157.0,free
C00858,2025-01-29,W05,2025-02-16,search,191.2,free
C00858,2025-01-29,W05,2025-02-23,feature_use,56.6,basic
C00858,2025-01-29,W05,2025-02-21,page_view,136.3,free
C00858,2025-01-29,W05,2025-02-25,page_view,328.6,pro
C00859,2025-01-08,W02,2025-01-10,feature_use,212.1,free
C00859,2025-01-08,W02,2025-02-24,page_view,473.9,free
C00859,2025-01-08,W02,2025-02-23,feature_use,1061.1,free
C00859,2025-01-08,W02,2025-03-11,feature_use,133.6,free
C00860,2025-03-05,W10,2025-03-07,feature_use,168.8,pro
C00860,2025-03-05,W10,2025-03-13,feature_use,147.7,pro
C00860,2025-03-05,W10,2025-03-23,page_view,232.2,free
C00861,2025-01-08,W02,2025-01-09,search,192.5,free
C00861,2025-01-08,W02,2025-02-14,page_view,91.9,free
C00861,2025-01-08,W02,2025-03-01,page_view,107.2,free
C00862,2025-02-26,W09,2025-02-28,page_view,124.6,pro
C00862,2025-02-26,W09,2025-03-01,search,83.6,free
C00862,2025-02-26,W09,2025-03-04,settings_change,408.5,pro
C00862,2025-02-26,W09,2025-03-15,page_view,141.1,pro
C00862,2025-02-26,W09,2025-03-13,feature_use,84.9,basic
C00862,2025-02-26,W09,2025-03-12,feature_use,106.2,free
C00863,2025-01-08,W02,2025-01-09,feature_use,91.0,free
C00863,2025-01-08,W02,2025-01-13,search,59.1,free
C00863,2025-01-08,W02,2025-01-10,feature_use,266.2,basic
C00863,2025-01-08,W02,2025-01-12,page_view,338.5,free
C00863,2025-01-08,W02,2025-02-24,search,146.2,pro
C00864,2025-01-29,W05,2025-02-03,feature_use,60.4,basic
C00865,2025-03-19,W12,2025-03-21,search,280.8,basic
C00865,2025-03-19,W12,2025-03-23,page_view,549.1,basic
C00866,2025-02-26,W09,2025-02-28,page_view,234.3,free
C00866,2025-02-26,W09,2025-03-25,page_view,470.5,free
C00866,2025-02-26,W09,2025-03-29,feature_use,177.4,free
C00866,2025-02-26,W09,2025-04-02,page_view,40.2,pro
C00866,2025-02-26,W09,2025-04-02,search,44.4,basic
C00867,2025-02-19,W08,2025-02-24,feature_use,165.2,pro
C00867,2025-02-19,W08,2025-03-09,feature_use,145.5,pro
C00867,2025-02-19,W08,2025-03-08,feature_use,129.4,pro
C00867,2025-02-19,W08,2025-03-06,page_view,87.5,free
C00868,2025-01-08,W02,2025-01-13,feature_use,174.9,basic
C00868,2025-01-08,W02,2025-01-14,page_view,395.7,basic
C00868,2025-01-08,W02,2025-01-09,search,240.3,pro
C00868,2025-01-08,W02,2025-01-29,page_view,57.5,basic
C00869,2025-01-08,W02,2025-01-14,page_view,286.7,free
C00869,2025-01-08,W02,2025-01-10,search,122.3,free
C00869,2025-01-08,W02,2025-03-24,page_view,165.2,basic
C00869,2025-01-08,W02,2025-03-25,page_view,265.9,free
C00870,2025-01-29,W05,2025-02-03,search,195.6,free
C00871,2025-01-22,W04,2025-01-28,page_view,61.8,basic
C00871,2025-01-22,W04,2025-01-25,page_view,223.8,free
C00871,2025-01-22,W04,2025-01-23,page_view,29.4,basic
C00871,2025-01-22,W04,2025-01-31,page_view,111.5,pro
C00871,2025-01-22,W04,2025-02-04,page_view,354.5,pro
C00871,2025-01-22,W04,2025-02-22,settings_change,394.5,free
C00871,2025-01-22,W04,2025-02-20,page_view,135.5,basic
C00872,2025-01-15,W03,2025-01-18,page_view,132.9,free
C00873,2025-01-22,W04,2025-01-24,search,983.3,free
C00873,2025-01-22,W04,2025-01-27,page_view,291.3,basic
C00873,2025-01-22,W04,2025-02-22,feature_use,673.3,free
C00873,2025-01-22,W04,2025-02-25,feature_use,33.7,basic
C00874,2025-01-08,W02,2025-01-12,page_view,225.4,free
C00874,2025-01-08,W02,2025-02-14,page_view,76.9,basic
C00874,2025-01-08,W02,2025-02-21,page_view,30.1,basic
C00875,2025-01-08,W02,2025-01-12,feature_use,113.0,pro
C00875,2025-01-08,W02,2025-01-10,feature_use,130.6,basic
C00875,2025-01-08,W02,2025-02-14,page_view,321.3,pro
C00875,2025-01-08,W02,2025-02-21,page_view,159.4,free
C00875,2025-01-08,W02,2025-03-04,page_view,159.5,pro
C00875,2025-01-08,W02,2025-03-20,page_view,532.1,free
C00876,2025-01-22,W04,2025-01-25,search,653.2,pro
C00876,2025-01-22,W04,2025-01-22,feature_use,146.9,basic
C00876,2025-01-22,W04,2025-01-27,feature_use,418.6,free
C00876,2025-01-22,W04,2025-02-07,page_view,68.6,free
C00876,2025-01-22,W04,2025-02-10,page_view,43.2,free
C00876,2025-01-22,W04,2025-02-10,page_view,470.3,pro
C00876,2025-01-22,W04,2025-03-14,page_view,66.3,pro
C00876,2025-01-22,W04,2025-04-07,page_view,82.1,free
C00876,2025-01-22,W04,2025-04-04,page_view,170.3,pro
C00876,2025-01-22,W04,2025-04-06,page_view,83.6,free
C00877,2025-03-19,W12,2025-03-22,search,90.3,free
C00877,2025-03-19,W12,2025-03-24,settings_change,276.4,free
C00877,2025-03-19,W12,2025-04-04,search,413.1,free
C00877,2025-03-19,W12,2025-04-06,page_view,117.0,free
C00877,2025-03-19,W12,2025-04-22,page_view,47.3,basic
C00877,2025-03-19,W12,2025-04-28,search,201.7,basic
C00877,2025-03-19,W12,2025-05-16,search,39.1,free
C00878,2025-01-15,W03,2025-01-19,page_view,387.1,free
C00878,2025-01-15,W03,2025-01-20,search,328.1,pro
C00878,2025-01-15,W03,2025-01-17,feature_use,161.0,free
C00878,2025-01-15,W03,2025-01-17,page_view,54.4,free
C00878,2025-01-15,W03,2025-01-21,feature_use,330.1,free
C00878,2025-01-15,W03,2025-02-25,settings_change,61.1,free
C00878,2025-01-15,W03,2025-02-23,search,18.3,pro
C00878,2025-01-15,W03,2025-02-22,search,181.2,basic
C00878,2025-01-15,W03,2025-02-20,page_view,193.0,pro
C00878,2025-01-15,W03,2025-02-23,search,62.2,free
C00878,2025-01-15,W03,2025-03-15,search,515.0,pro
C00878,2025-01-15,W03,2025-03-19,feature_use,219.6,free
C00878,2025-01-15,W03,2025-03-21,page_view,451.7,basic
C00878,2025-01-15,W03,2025-03-23,page_view,403.7,pro
C00879,2025-02-12,W07,2025-02-15,feature_use,99.3,basic
C00879,2025-02-12,W07,2025-02-15,page_view,195.7,free
C00879,2025-02-12,W07,2025-02-17,page_view,46.8,free
C00880,2025-02-26,W09,2025-02-26,feature_use,160.5,pro
C00880,2025-02-26,W09,2025-03-04,feature_use,448.3,free
C00880,2025-02-26,W09,2025-03-16,feature_use,130.9,basic
C00881,2025-01-01,W01,2025-01-06,search,1771.6,free
C00881,2025-01-01,W01,2025-02-08,search,93.5,pro
C00881,2025-01-01,W01,2025-02-08,page_view,61.6,free
C00881,2025-01-01,W01,2025-02-08,feature_use,1305.6,basic
C00881,2025-01-01,W01,2025-03-19,feature_use,184.6,free
C00882,2025-02-12,W07,2025-02-17,page_view,241.1,free
C00882,2025-02-12,W07,2025-02-18,feature_use,106.1,free
C00882,2025-02-12,W07,2025-02-28,feature_use,96.8,basic
C00882,2025-02-12,W07,2025-04-21,page_view,240.1,basic
C00882,2025-02-12,W07,2025-04-17,search,1283.2,pro
C00882,2025-02-12,W07,2025-04-16,feature_use,139.1,basic
C00882,2025-02-12,W07,2025-04-17,page_view,210.9,free
C00883,2025-01-15,W03,2025-01-15,page_view,72.2,free
C00883,2025-01-15,W03,2025-01-18,feature_use,688.6,free
C00884,2025-01-22,W04,2025-01-27,page_view,590.2,basic
C00885,2025-01-08,W02,2025-01-13,feature_use,44.3,basic
C00886,2025-03-12,W11,2025-03-15,page_view,459.5,free
C00886,2025-03-12,W11,2025-03-17,feature_use,40.5,free
C00886,2025-03-12,W11,2025-03-18,settings_change,1460.3,basic
C00887,2025-01-29,W05,2025-02-01,feature_use,267.6,basic
C00887,2025-01-29,W05,2025-02-04,settings_change,363.7,free
C00887,2025-01-29,W05,2025-02-14,page_view,918.4,free
C00887,2025-01-29,W05,2025-02-27,search,66.1,pro
C00887,2025-01-29,W05,2025-03-03,page_view,314.1,pro
C00887,2025-01-29,W05,2025-03-04,page_view,124.1,free
C00888,2025-02-19,W08,2025-02-22,feature_use,52.0,basic
C00889,2025-03-12,W11,2025-03-12,page_view,176.8,free
C00890,2025-01-08,W02,2025-01-13,page_view,179.8,pro
C00890,2025-01-08,W02,2025-01-28,page_view,123.1,pro
C00891,2025-02-19,W08,2025-02-21,settings_change,332.4,basic
C00892,2025-02-26,W09,2025-02-27,feature_use,83.1,basic
C00893,2025-03-19,W12,2025-03-25,feature_use,55.4,free
C00893,2025-03-19,W12,2025-03-20,page_view,160.4,free
C00893,2025-03-19,W12,2025-03-27,page_view,81.4,basic
C00893,2025-03-19,W12,2025-05-03,page_view,145.9,pro
C00893,2025-03-19,W12,2025-05-03,settings_change,449.8,free
C00894,2025-01-29,W05,2025-02-01,search,63.2,free
C00894,2025-01-29,W05,2025-02-03,page_view,65.7,basic
C00894,2025-01-29,W05,2025-02-17,feature_use,136.7,free
C00894,2025-01-29,W05,2025-03-09,feature_use,611.1,free
C00895,2025-02-26,W09,2025-03-02,page_view,299.6,pro
C00895,2025-02-26,W09,2025-05-19,page_view,122.7,free
C00895,2025-02-26,W09,2025-05-19,page_view,68.4,free
C00896,2025-02-19,W08,2025-02-19,page_view,54.2,free
C00896,2025-02-19,W08,2025-04-20,page_view,81.3,free
C00897,2025-01-08,W02,2025-01-13,page_view,30.9,basic
C00897,2025-01-08,W02,2025-01-10,feature_use,76.0,free
C00897,2025-01-08,W02,2025-02-24,feature_use,218.3,free
C00898,2025-03-12,W11,2025-03-18,page_view,604.5,free
C00899,2025-01-29,W05,2025-02-03,page_view,101.4,free
C00899,2025-01-29,W05,2025-01-30,search,127.3,basic
C00899,2025-01-29,W05,2025-02-06,search,277.0,basic
C00899,2025-01-29,W05,2025-02-12,page_view,26.4,free
C00900,2025-02-26,W09,2025-03-02,settings_change,53.5,pro
C00900,2025-02-26,W09,2025-03-01,page_view,243.8,basic
C00900,2025-02-26,W09,2025-03-01,feature_use,132.1,basic
C00900,2025-02-26,W09,2025-04-12,page_view,227.7,basic
C00901,2025-02-26,W09,2025-03-04,page_view,609.3,basic
C00902,2025-02-19,W08,2025-02-22,search,325.7,basic
C00902,2025-02-19,W08,2025-02-23,feature_use,24.0,free
C00902,2025-02-19,W08,2025-03-02,feature_use,294.7,free
C00902,2025-02-19,W08,2025-03-03,page_view,85.9,basic
C00902,2025-02-19,W08,2025-03-04,feature_use,500.0,free
C00902,2025-02-19,W08,2025-03-04,page_view,86.7,basic
C00902,2025-02-19,W08,2025-05-09,search,183.9,pro
C00902,2025-02-19,W08,2025-05-09,feature_use,750.4,basic
C00903,2025-01-08,W02,2025-01-10,feature_use,89.0,free
C00904,2025-02-05,W06,2025-02-08,feature_use,73.9,free
C00904,2025-02-05,W06,2025-03-31,feature_use,156.5,basic
C00905,2025-01-01,W01,2025-01-07,feature_use,55.4,pro
C00905,2025-01-01,W01,2025-03-21,page_view,569.3,basic
C00906,2025-02-12,W07,2025-02-13,page_view,16.4,pro
C00906,2025-02-12,W07,2025-02-14,search,61.9,pro
C00906,2025-02-12,W07,2025-02-13,page_view,233.9,basic
C00906,2025-02-12,W07,2025-02-23,search,343.1,free
C00906,2025-02-12,W07,2025-02-24,feature_use,371.3,basic
C00906,2025-02-12,W07,2025-02-20,feature_use,274.2,free
C00906,2025-02-12,W07,2025-02-21,page_view,92.9,free
C00906,2025-02-12,W07,2025-03-08,search,99.9,free
C00906,2025-02-12,W07,2025-03-09,page_view,105.1,free
C00906,2025-02-12,W07,2025-04-28,feature_use,37.4,basic
C00907,2025-02-05,W06,2025-02-10,feature_use,127.3,free
C00907,2025-02-05,W06,2025-02-12,feature_use,118.7,basic
C00907,2025-02-05,W06,2025-02-22,page_view,319.0,free
C00907,2025-02-05,W06,2025-03-26,page_view,91.9,free
C00907,2025-02-05,W06,2025-03-30,feature_use,220.6,free
C00908,2025-02-19,W08,2025-02-21,page_view,87.0,pro
C00909,2025-03-19,W12,2025-03-19,page_view,370.9,basic
C00910,2025-02-12,W07,2025-02-17,page_view,383.4,free
C00910,2025-02-12,W07,2025-03-14,page_view,239.7,pro
C00910,2025-02-12,W07,2025-03-15,page_view,287.1,free
C00910,2025-02-12,W07,2025-03-14,page_view,231.7,free
C00910,2025-02-12,W07,2025-03-16,feature_use,390.4,free
C00910,2025-02-12,W07,2025-05-04,page_view,262.3,free
C00911,2025-01-08,W02,2025-01-10,feature_use,27.3,free
C00911,2025-01-08,W02,2025-01-13,page_view,85.6,basic
C00911,2025-01-08,W02,2025-01-08,page_view,81.6,free
C00911,2025-01-08,W02,2025-01-12,feature_use,149.3,free
C00911,2025-01-08,W02,2025-01-18,search,108.1,pro
C00911,2025-01-08,W02,2025-01-19,search,140.4,free
C00911,2025-01-08,W02,2025-02-24,page_view,77.0,free
C00911,2025-01-08,W02,2025-02-22,search,57.8,free
C00911,2025-01-08,W02,2025-02-25,page_view,173.3,basic
C00911,2025-01-08,W02,2025-02-22,page_view,166.4,free
C00911,2025-01-08,W02,2025-02-25,page_view,102.3,pro
C00911,2025-01-08,W02,2025-02-21,feature_use,117.0,free
C00912,2025-01-08,W02,2025-01-08,settings_change,181.6,free
C00913,2025-03-19,W12,2025-03-24,feature_use,109.2,pro
C00913,2025-03-19,W12,2025-03-21,feature_use,103.9,free
C00913,2025-03-19,W12,2025-03-25,page_view,11.1,basic
C00913,2025-03-19,W12,2025-03-21,page_view,43.8,free
C00913,2025-03-19,W12,2025-04-06,feature_use,53.9,pro
C00913,2025-03-19,W12,2025-04-07,feature_use,885.1,free
C00913,2025-03-19,W12,2025-06-08,page_view,23.2,free
C00913,2025-03-19,W12,2025-06-09,feature_use,238.2,basic
C00914,2025-01-08,W02,2025-01-14,feature_use,62.3,basic
C00914,2025-01-08,W02,2025-01-08,search,73.7,free
C00914,2025-01-08,W02,2025-02-08,page_view,248.7,free
C00914,2025-01-08,W02,2025-02-10,page_view,225.1,pro
C00914,2025-01-08,W02,2025-02-27,feature_use,131.6,free
C00914,2025-01-08,W02,2025-03-22,page_view,228.0,free
C00915,2025-02-05,W06,2025-02-07,page_view,26.9,pro
C00916,2025-03-05,W10,2025-03-09,search,168.5,free
C00916,2025-03-05,W10,2025-03-22,settings_change,56.7,free
C00916,2025-03-05,W10,2025-03-20,search,222.7,pro
C00916,2025-03-05,W10,2025-03-20,page_view,234.4,pro
C00917,2025-02-19,W08,2025-02-24,page_view,43.0,free
C00917,2025-02-19,W08,2025-02-24,page_view,144.0,free
C00917,2025-02-19,W08,2025-02-21,search,1055.6,pro
C00917,2025-02-19,W08,2025-03-27,page_view,72.2,basic
C00917,2025-02-19,W08,2025-04-04,page_view,344.3,free
C00917,2025-02-19,W08,2025-04-07,feature_use,150.7,free
C00917,2025-02-19,W08,2025-04-03,page_view,112.0,free
C00918,2025-01-01,W01,2025-01-05,search,71.2,free
C00919,2025-01-08,W02,2025-01-09,page_view,142.2,basic
C00919,2025-01-08,W02,2025-01-17,page_view,53.8,free
C00919,2025-01-08,W02,2025-01-18,feature_use,183.5,free
C00919,2025-01-08,W02,2025-01-21,page_view,338.5,free
C00920,2025-01-29,W05,2025-02-04,page_view,132.0,basic
C00921,2025-02-26,W09,2025-02-28,page_view,45.0,free
C00921,2025-02-26,W09,2025-04-09,feature_use,51.2,basic
C00921,2025-02-26,W09,2025-05-06,page_view,263.5,pro
C00921,2025-02-26,W09,2025-05-04,settings_change,461.1,pro
C00922,2025-03-12,W11,2025-03-13,feature_use,1316.8,pro
C00922,2025-03-12,W11,2025-04-01,page_view,804.0,free
C00922,2025-03-12,W11,2025-03-31,settings_change,359.1,basic
C00922,2025-03-12,W11,2025-03-27,page_view,204.7,free
C00922,2025-03-12,W11,2025-04-01,page_view,74.9,basic
C00922,2025-03-12,W11,2025-03-30,page_view,91.8,free
C00922,2025-03-12,W11,2025-04-24,page_view,351.6,basic
C00922,2025-03-12,W11,2025-04-26,page_view,121.5,free
C00922,2025-03-12,W11,2025-05-11,feature_use,50.3,pro
C00922,2025-03-12,W11,2025-05-07,feature_use,226.4,free
C00922,2025-03-12,W11,2025-05-08,page_view,45.7,free
C00922,2025-03-12,W11,2025-05-12,feature_use,172.7,free
C00922,2025-03-12,W11,2025-05-07,feature_use,1341.9,basic
C00922,2025-03-12,W11,2025-05-29,settings_change,355.1,free
C00922,2025-03-12,W11,2025-06-02,feature_use,191.8,free
C00922,2025-03-12,W11,2025-05-30,feature_use,161.8,free
C00922,2025-03-12,W11,2025-06-02,feature_use,247.0,free
C00923,2025-03-12,W11,2025-03-15,feature_use,618.2,free
C00923,2025-03-12,W11,2025-03-18,page_view,317.8,free
C00924,2025-02-19,W08,2025-02-20,page_view,60.4,free
C00924,2025-02-19,W08,2025-03-10,search,440.2,free
C00924,2025-02-19,W08,2025-03-08,feature_use,178.1,free
C00924,2025-02-19,W08,2025-03-06,feature_use,118.9,free
C00924,2025-02-19,W08,2025-03-24,feature_use,139.6,pro
C00925,2025-01-01,W01,2025-01-04,page_view,117.6,basic
C00926,2025-02-19,W08,2025-02-19,page_view,100.6,pro
C00926,2025-02-19,W08,2025-02-25,search,116.1,basic
C00926,2025-02-19,W08,2025-02-26,page_view,29.1,basic
C00926,2025-02-19,W08,2025-03-01,search,64.9,pro
C00926,2025-02-19,W08,2025-03-27,page_view,626.6,free
C00926,2025-02-19,W08,2025-03-29,feature_use,27.7,free
C00926,2025-02-19,W08,2025-03-26,page_view,103.1,free
C00927,2025-02-12,W07,2025-02-15,page_view,35.1,pro
C00928,2025-02-26,W09,2025-03-04,search,242.8,pro
C00928,2025-02-26,W09,2025-03-10,page_view,40.4,basic
C00928,2025-02-26,W09,2025-03-16,search,135.9,pro
C00929,2025-03-12,W11,2025-03-18,page_view,515.1,pro
C00930,2025-01-22,W04,2025-01-25,search,206.8,basic
C00930,2025-01-22,W04,2025-03-02,feature_use,151.4,free
C00930,2025-01-22,W04,2025-03-01,feature_use,87.4,free
C00931,2025-03-05,W10,2025-03-10,feature_use,61.2,free
C00932,2025-02-05,W06,2025-02-09,search,118.0,free
C00933,2025-01-22,W04,2025-01-27,settings_change,70.8,basic
C00933,2025-01-22,W04,2025-01-28,search,16.1,free
C00934,2025-01-22,W04,2025-01-27,page_view,340.8,free
C00934,2025-01-22,W04,2025-02-17,search,5.8,basic
C00934,2025-01-22,W04,2025-02-14,feature_use,261.8,free
C00934,2025-01-22,W04,2025-03-03,page_view,177.8,free
C00935,2025-02-26,W09,2025-02-27,page_view,579.3,basic
C00935,2025-02-26,W09,2025-03-02,page_view,67.3,free
C00935,2025-02-26,W09,2025-03-10,search,151.2,free
C00935,2025-02-26,W09,2025-03-11,page_view,45.1,basic
C00935,2025-02-26,W09,2025-03-13,page_view,110.9,free
C00936,2025-01-01,W01,2025-01-07,search,18.6,free
C00936,2025-01-01,W01,2025-01-06,page_view,286.5,pro
C00937,2025-03-05,W10,2025-03-11,page_view,115.1,free
C00937,2025-03-05,W10,2025-03-16,page_view,480.9,basic
C00937,2025-03-05,W10,2025-03-15,feature_use,839.2,free
C00937,2025-03-05,W10,2025-03-18,feature_use,33.3,free
C00937,2025-03-05,W10,2025-03-27,feature_use,101.9,free
C00937,2025-03-05,W10,2025-03-31,page_view,142.5,free
C00937,2025-03-05,W10,2025-03-31,search,97.7,basic
C00937,2025-03-05,W10,2025-03-31,feature_use,206.9,pro
C00937,2025-03-05,W10,2025-04-10,page_view,47.5,free
C00937,2025-03-05,W10,2025-04-13,page_view,200.0,free
C00937,2025-03-05,W10,2025-05-10,feature_use,112.7,free
C00938,2025-02-12,W07,2025-02-15,page_view,156.4,free
C00938,2025-02-12,W07,2025-04-17,page_view,168.5,free
C00938,2025-02-12,W07,2025-04-20,feature_use,108.7,pro
C00938,2025-02-12,W07,2025-04-20,feature_use,95.8,free
C00938,2025-02-12,W07,2025-05-03,settings_change,794.8,free
C00939,2025-03-19,W12,2025-03-20,page_view,387.6,free
C00940,2025-02-19,W08,2025-02-19,page_view,87.5,free
C00940,2025-02-19,W08,2025-03-11,page_view,385.7,pro
C00940,2025-02-19,W08,2025-04-01,settings_change,402.2,free
C00940,2025-02-19,W08,2025-04-26,search,358.2,basic
C00941,2025-02-05,W06,2025-02-07,page_view,346.6,free
C00941,2025-02-05,W06,2025-02-18,page_view,343.9,basic
C00941,2025-02-05,W06,2025-03-06,search,56.3,free
C00942,2025-01-01,W01,2025-01-01,feature_use,18.6,basic
C00942,2025-01-01,W01,2025-01-13,page_view,431.1,pro
C00942,2025-01-01,W01,2025-01-28,feature_use,378.0,basic
C00942,2025-01-01,W01,2025-01-22,settings_change,1652.0,basic
C00942,2025-01-01,W01,2025-01-26,page_view,136.2,free
C00942,2025-01-01,W01,2025-02-08,search,1016.9,basic
C00942,2025-01-01,W01,2025-02-10,page_view,80.6,free
C00942,2025-01-01,W01,2025-02-09,feature_use,56.1,free
C00943,2025-02-05,W06,2025-02-06,search,162.8,free
C00944,2025-01-22,W04,2025-01-24,search,111.6,free
C00944,2025-01-22,W04,2025-01-24,page_view,130.5,free
C00944,2025-01-22,W04,2025-01-23,page_view,432.8,free
C00944,2025-01-22,W04,2025-04-10,page_view,136.8,free
C00944,2025-01-22,W04,2025-04-12,page_view,423.4,basic
C00944,2025-01-22,W04,2025-04-12,feature_use,13.3,free
C00945,2025-03-12,W11,2025-03-18,page_view,81.0,pro
C00945,2025-03-12,W11,2025-03-16,page_view,326.3,pro
C00945,2025-03-12,W11,2025-03-13,feature_use,580.9,free
C00946,2025-02-19,W08,2025-02-25,page_view,67.9,free
C00946,2025-02-19,W08,2025-02-22,page_view,141.4,free
C00946,2025-02-19,W08,2025-02-27,page_view,460.5,free
C00946,2025-02-19,W08,2025-03-02,feature_use,324.2,free
C00946,2025-02-19,W08,2025-03-10,page_view,275.6,pro
C00946,2025-02-19,W08,2025-03-08,feature_use,538.7,free
C00946,2025-02-19,W08,2025-03-06,page_view,48.0,free
C00947,2025-02-12,W07,2025-02-13,page_view,346.3,free
C00947,2025-02-12,W07,2025-04-02,feature_use,59.4,free
C00947,2025-02-12,W07,2025-04-08,page_view,63.7,pro
C00948,2025-02-19,W08,2025-02-25,feature_use,38.6,free
C00948,2025-02-19,W08,2025-02-23,feature_use,378.3,basic
C00948,2025-02-19,W08,2025-04-09,settings_change,268.5,free
C00948,2025-02-19,W08,2025-04-13,feature_use,89.9,free
C00949,2025-01-01,W01,2025-01-04,feature_use,395.2,free
C00949,2025-01-01,W01,2025-01-14,page_view,90.4,free
C00949,2025-01-01,W01,2025-01-08,feature_use,266.0,free
C00949,2025-01-01,W01,2025-01-19,feature_use,119.4,free
C00949,2025-01-01,W01,2025-01-31,page_view,53.5,basic
C00949,2025-01-01,W01,2025-02-06,page_view,283.3,basic
C00949,2025-01-01,W01,2025-02-07,feature_use,58.1,basic
C00949,2025-01-01,W01,2025-02-08,feature_use,117.6,basic
C00949,2025-01-01,W01,2025-02-12,page_view,405.8,pro
C00949,2025-01-01,W01,2025-02-13,feature_use,393.9,basic
C00949,2025-01-01,W01,2025-02-16,feature_use,142.1,pro
C00950,2025-03-05,W10,2025-03-06,page_view,299.0,basic
C00951,2025-03-19,W12,2025-03-19,page_view,263.1,free
C00951,2025-03-19,W12,2025-03-25,page_view,379.0,pro
C00952,2025-02-26,W09,2025-03-03,page_view,151.5,pro
C00952,2025-02-26,W09,2025-04-02,page_view,17.0,free
C00953,2025-03-05,W10,2025-03-05,page_view,219.7,basic
C00953,2025-03-05,W10,2025-04-19,feature_use,201.5,free
C00953,2025-03-05,W10,2025-04-19,page_view,284.6,free
C00953,2025-03-05,W10,2025-04-22,feature_use,75.4,pro
C00953,2025-03-05,W10,2025-04-16,page_view,235.2,free
C00953,2025-03-05,W10,2025-04-27,page_view,305.3,free
C00953,2025-03-05,W10,2025-04-29,page_view,85.6,free
C00954,2025-03-05,W10,2025-03-08,page_view,64.5,free
C00954,2025-03-05,W10,2025-04-02,page_view,158.5,free
C00955,2025-01-15,W03,2025-01-16,search,52.4,basic
C00955,2025-01-15,W03,2025-02-05,search,207.6,free
C00955,2025-01-15,W03,2025-02-10,page_view,23.2,free
C00956,2025-01-08,W02,2025-01-13,page_view,60.4,free
C00956,2025-01-08,W02,2025-01-12,feature_use,17.9,free
C00956,2025-01-08,W02,2025-02-18,feature_use,300.6,free
C00956,2025-01-08,W02,2025-02-17,search,49.8,free
C00956,2025-01-08,W02,2025-02-14,feature_use,196.6,basic
C00956,2025-01-08,W02,2025-02-13,feature_use,228.5,pro
C00957,2025-02-26,W09,2025-02-26,feature_use,159.8,basic
C00957,2025-02-26,W09,2025-05-03,page_view,86.0,free
C00958,2025-01-01,W01,2025-01-07,page_view,11.2,basic
C00958,2025-01-01,W01,2025-01-04,feature_use,645.4,basic
C00959,2025-02-05,W06,2025-02-09,settings_change,167.8,basic
C00960,2025-01-29,W05,2025-02-01,page_view,215.3,free
C00961,2025-03-19,W12,2025-03-21,page_view,523.1,pro
C00961,2025-03-19,W12,2025-06-10,page_view,159.7,free
C00962,2025-03-19,W12,2025-03-20,settings_change,141.8,pro
C00962,2025-03-19,W12,2025-03-20,page_view,27.6,pro
C00962,2025-03-19,W12,2025-04-04,feature_use,51.7,free
C00962,2025-03-19,W12,2025-04-05,feature_use,291.1,free
C00963,2025-03-12,W11,2025-03-15,search,213.9,free
C00963,2025-03-12,W11,2025-05-15,search,156.5,free
C00963,2025-03-12,W11,2025-05-14,search,341.2,free
C00964,2025-01-22,W04,2025-01-22,search,319.1,free
C00965,2025-03-05,W10,2025-03-06,search,126.9,free
C00965,2025-03-05,W10,2025-03-09,page_view,114.7,pro
C00965,2025-03-05,W10,2025-03-11,feature_use,30.2,basic
C00965,2025-03-05,W10,2025-03-10,page_view,422.7,free
C00966,2025-01-01,W01,2025-01-05,page_view,8.5,basic
C00966,2025-01-01,W01,2025-01-12,search,170.3,basic
C00966,2025-01-01,W01,2025-03-10,page_view,527.8,basic
C00967,2025-01-08,W02,2025-01-14,feature_use,50.3,free
C00967,2025-01-08,W02,2025-01-08,feature_use,62.8,free
C00967,2025-01-08,W02,2025-01-12,page_view,76.5,free
C00967,2025-01-08,W02,2025-01-21,search,43.7,basic
C00967,2025-01-08,W02,2025-01-23,feature_use,223.8,free
C00967,2025-01-08,W02,2025-01-23,page_view,278.0,free
C00967,2025-01-08,W02,2025-02-14,page_view,37.9,basic
C00967,2025-01-08,W02,2025-02-23,page_view,9.1,free
C00967,2025-01-08,W02,2025-03-02,page_view,44.4,free
C00968,2025-01-22,W04,2025-01-23,page_view,121.7,basic
C00968,2025-01-22,W04,2025-01-25,page_view,226.9,basic
C00969,2025-02-05,W06,2025-02-08,page_view,67.1,basic
C00969,2025-02-05,W06,2025-02-12,page_view,778.5,free
C00969,2025-02-05,W06,2025-02-15,feature_use,37.8,pro
C00969,2025-02-05,W06,2025-02-13,page_view,29.4,free
C00969,2025-02-05,W06,2025-03-07,feature_use,454.5,pro
C00969,2025-02-05,W06,2025-03-07,feature_use,230.9,free
C00969,2025-02-05,W06,2025-03-07,feature_use,85.2,free
C00969,2025-02-05,W06,2025-03-09,feature_use,342.3,pro
C00970,2025-02-05,W06,2025-02-08,feature_use,179.1,free
C00970,2025-02-05,W06,2025-03-09,page_view,96.1,basic
C00970,2025-02-05,W06,2025-03-09,feature_use,509.9,free
C00970,2025-02-05,W06,2025-03-10,feature_use,541.4,pro
C00971,2025-01-29,W05,2025-01-29,search,41.4,basic
C00971,2025-01-29,W05,2025-02-23,page_view,72.2,pro
C00971,2025-01-29,W05,2025-02-24,page_view,360.2,free
C00972,2025-02-19,W08,2025-02-20,page_view,168.7,free
C00972,2025-02-19,W08,2025-03-08,page_view,117.5,pro
C00973,2025-03-19,W12,2025-03-24,feature_use,320.1,basic
C00974,2025-01-15,W03,2025-01-18,feature_use,89.8,basic
C00974,2025-01-15,W03,2025-02-21,page_view,106.2,free
C00974,2025-01-15,W03,2025-03-14,feature_use,22.9,free
C00974,2025-01-15,W03,2025-03-14,page_view,71.0,free
C00974,2025-01-15,W03,2025-03-18,search,433.7,basic
C00975,2025-02-26,W09,2025-03-03,settings_change,273.1,basic
C00975,2025-02-26,W09,2025-03-01,settings_change,272.4,free
C00975,2025-02-26,W09,2025-03-23,feature_use,95.7,free
C00976,2025-03-05,W10,2025-03-08,settings_change,529.9,basic
C00976,2025-03-05,W10,2025-03-07,page_view,385.9,pro
C00976,2025-03-05,W10,2025-04-25,feature_use,2423.7,pro
C00976,2025-03-05,W10,2025-04-25,page_view,177.9,free
C00976,2025-03-05,W10,2025-05-06,page_view,91.2,basic
C00977,2025-01-22,W04,2025-01-26,search,70.2,free
C00977,2025-01-22,W04,2025-01-23,settings_change,571.0,pro
C00977,2025-01-22,W04,2025-01-28,feature_use,325.0,free
C00977,2025-01-22,W04,2025-01-26,search,675.4,free
C00977,2025-01-22,W04,2025-01-26,search,467.5,free
C00977,2025-01-22,W04,2025-01-24,search,321.5,basic
C00977,2025-01-22,W04,2025-01-30,page_view,23.2,pro
C00977,2025-01-22,W04,2025-02-25,page_view,119.3,free
C00977,2025-01-22,W04,2025-02-23,feature_use,349.8,free
C00978,2025-01-01,W01,2025-01-05,page_view,293.3,free
C00979,2025-02-05,W06,2025-02-06,feature_use,394.6,free
C00979,2025-02-05,W06,2025-03-12,page_view,83.5,free
C00979,2025-02-05,W06,2025-03-19,search,12.8,free
C00979,2025-02-05,W06,2025-03-19,page_view,1367.7,basic
C00980,2025-01-08,W02,2025-01-12,page_view,125.0,free
C00980,2025-01-08,W02,2025-01-21,search,718.9,free
C00980,2025-01-08,W02,2025-02-09,page_view,396.3,basic
C00980,2025-01-08,W02,2025-02-13,page_view,146.4,free
C00980,2025-01-08,W02,2025-02-18,search,190.7,free
C00980,2025-01-08,W02,2025-02-13,feature_use,102.2,free
C00981,2025-01-22,W04,2025-01-23,page_view,57.2,free
C00981,2025-01-22,W04,2025-03-20,page_view,35.6,free
C00981,2025-01-22,W04,2025-04-04,settings_change,32.2,basic
C00981,2025-01-22,W04,2025-04-04,feature_use,255.3,free
C00981,2025-01-22,W04,2025-04-07,search,222.2,free
C00982,2025-03-19,W12,2025-03-25,feature_use,138.2,pro
C00982,2025-03-19,W12,2025-03-20,search,83.1,free
C00982,2025-03-19,W12,2025-04-08,search,120.1,basic
C00982,2025-03-19,W12,2025-05-10,search,27.7,pro
C00982,2025-03-19,W12,2025-05-07,search,49.8,basic
C00983,2025-03-19,W12,2025-03-20,feature_use,152.7,pro
C00984,2025-01-15,W03,2025-01-20,search,1050.6,free
C00984,2025-01-15,W03,2025-01-26,page_view,160.1,basic
C00984,2025-01-15,W03,2025-03-04,search,868.2,free
C00985,2025-01-15,W03,2025-01-18,page_view,232.8,basic
C00985,2025-01-15,W03,2025-01-25,feature_use,215.8,basic
C00985,2025-01-15,W03,2025-01-26,feature_use,183.8,pro
C00985,2025-01-15,W03,2025-03-08,search,194.2,free
C00985,2025-01-15,W03,2025-03-11,page_view,143.3,basic
C00986,2025-01-08,W02,2025-01-12,page_view,29.8,free
C00986,2025-01-08,W02,2025-01-21,feature_use,75.1,pro
C00986,2025-01-08,W02,2025-03-04,feature_use,89.1,basic
C00987,2025-02-19,W08,2025-02-19,feature_use,189.7,basic
C00987,2025-02-19,W08,2025-02-28,page_view,57.5,free
C00987,2025-02-19,W08,2025-03-04,page_view,492.8,pro
C00987,2025-02-19,W08,2025-02-28,page_view,118.5,free
C00987,2025-02-19,W08,2025-03-03,page_view,85.2,basic
C00987,2025-02-19,W08,2025-03-12,search,140.1,pro
C00987,2025-02-19,W08,2025-03-12,settings_change,152.6,basic
C00987,2025-02-19,W08,2025-03-13,feature_use,150.0,free
C00987,2025-02-19,W08,2025-03-13,page_view,157.1,pro
C00987,2025-02-19,W08,2025-03-16,page_view,215.7,basic
C00987,2025-02-19,W08,2025-03-12,page_view,26.3,pro
C00987,2025-02-19,W08,2025-03-22,search,17.0,free
C00987,2025-02-19,W08,2025-03-20,page_view,107.7,basic
C00987,2025-02-19,W08,2025-03-25,page_view,153.4,pro
C00987,2025-02-19,W08,2025-03-22,page_view,196.1,basic
C00987,2025-02-19,W08,2025-04-05,page_view,133.6,basic
C00988,2025-01-08,W02,2025-01-08,feature_use,110.9,free
C00988,2025-01-08,W02,2025-01-20,page_view,83.7,free
C00988,2025-01-08,W02,2025-01-17,settings_change,59.9,basic
C00988,2025-01-08,W02,2025-02-03,page_view,329.9,basic
C00988,2025-01-08,W02,2025-02-27,feature_use,98.5,pro
C00988,2025-01-08,W02,2025-02-27,feature_use,83.8,free
C00989,2025-01-01,W01,2025-01-04,page_view,154.7,pro
C00989,2025-01-01,W01,2025-02-21,search,109.0,free
C00989,2025-01-01,W01,2025-02-20,page_view,1266.2,basic
C00990,2025-01-29,W05,2025-02-02,page_view,199.8,pro
C00990,2025-01-29,W05,2025-02-04,feature_use,113.7,free
C00990,2025-01-29,W05,2025-01-30,page_view,455.5,free
C00991,2025-01-01,W01,2025-01-03,feature_use,349.9,pro
C00992,2025-02-05,W06,2025-02-09,page_view,142.1,basic
C00992,2025-02-05,W06,2025-02-14,page_view,150.1,free
C00992,2025-02-05,W06,2025-03-13,page_view,172.1,basic
C00993,2025-01-29,W05,2025-01-29,feature_use,832.0,free
C00993,2025-01-29,W05,2025-02-02,page_view,308.0,free
C00993,2025-01-29,W05,2025-02-09,page_view,369.3,free
C00993,2025-01-29,W05,2025-03-03,search,39.7,basic
C00993,2025-01-29,W05,2025-03-02,page_view,106.2,free
C00993,2025-01-29,W05,2025-03-19,page_view,355.2,free
C00994,2025-03-19,W12,2025-03-21,page_view,99.5,pro
C00994,2025-03-19,W12,2025-03-19,search,44.5,free
C00994,2025-03-19,W12,2025-03-31,page_view,688.4,basic
C00994,2025-03-19,W12,2025-03-31,page_view,28.3,pro
C00995,2025-03-19,W12,2025-03-19,feature_use,113.3,pro
C00995,2025-03-19,W12,2025-03-21,page_view,121.5,pro
C00995,2025-03-19,W12,2025-04-11,page_view,170.9,free
C00996,2025-01-01,W01,2025-01-01,feature_use,154.2,free
C00996,2025-01-01,W01,2025-01-04,search,118.7,basic
C00996,2025-01-01,W01,2025-03-06,page_view,254.1,basic
C00996,2025-01-01,W01,2025-03-07,page_view,844.2,free
C00997,2025-02-12,W07,2025-02-12,page_view,75.7,pro
C00997,2025-02-12,W07,2025-03-16,search,112.3,pro
C00997,2025-02-12,W07,2025-04-02,feature_use,92.8,basic
C00997,2025-02-12,W07,2025-04-03,page_view,134.1,pro
C00997,2025-02-12,W07,2025-04-07,feature_use,73.6,basic
C00998,2025-03-12,W11,2025-03-15,search,93.5,basic
C00998,2025-03-12,W11,2025-03-30,search,95.2,pro
C00998,2025-03-12,W11,2025-03-31,feature_use,388.2,free
C00998,2025-03-12,W11,2025-03-31,feature_use,155.6,free
C00998,2025-03-12,W11,2025-03-28,feature_use,39.0,pro
C00998,2025-03-12,W11,2025-03-26,page_view,117.4,basic
C00998,2025-03-12,W11,2025-03-31,page_view,35.4,free
C00998,2025-03-12,W11,2025-04-10,page_view,919.6,free
C00998,2025-03-12,W11,2025-04-11,page_view,286.3,basic
C00998,2025-03-12,W11,2025-04-15,page_view,69.8,free
C00998,2025-03-12,W11,2025-04-12,page_view,190.0,free
C00999,2025-01-15,W03,2025-01-18,page_view,136.0,free
C00999,2025-01-15,W03,2025-04-04,page_view,200.0,basic
C00999,2025-01-15,W03,2025-04-02,page_view,1274.3,free
C00999,2025-01-15,W03,2025-04-07,page_view,109.5,pro
C00999,2025-01-15,W03,2025-04-06,page_view,677.9,free
C00999,2025-01-15,W03,2025-04-08,page_view,229.7,free
C01000,2025-01-08,W02,2025-01-08,page_view,95.7,pro
C01001,2025-03-05,W10,2025-03-11,page_view,21.9,free
C01001,2025-03-05,W10,2025-03-16,feature_use,180.0,basic
C01001,2025-03-05,W10,2025-03-17,page_view,38.0,pro
C01001,2025-03-05,W10,2025-04-21,page_view,61.7,basic
C01001,2025-03-05,W10,2025-04-16,page_view,231.3,basic
C01001,2025-03-05,W10,2025-04-16,page_view,67.2,free
C01002,2025-02-26,W09,2025-03-04,settings_change,44.6,free
C01002,2025-02-26,W09,2025-03-16,search,124.5,basic
C01002,2025-02-26,W09,2025-04-12,page_view,392.3,free
C01002,2025-02-26,W09,2025-04-11,feature_use,184.7,free
C01002,2025-02-26,W09,2025-04-14,page_view,165.0,pro
C01003,2025-01-15,W03,2025-01-19,feature_use,35.2,pro
C01003,2025-01-15,W03,2025-01-15,page_view,334.1,pro
C01003,2025-01-15,W03,2025-01-20,feature_use,468.1,free
C01003,2025-01-15,W03,2025-01-25,page_view,136.1,free
C01003,2025-01-15,W03,2025-03-07,search,163.7,free
C01004,2025-02-19,W08,2025-02-20,page_view,158.4,basic
C01004,2025-02-19,W08,2025-02-20,page_view,108.7,pro
C01004,2025-02-19,W08,2025-02-28,page_view,140.0,basic
C01004,2025-02-19,W08,2025-04-15,page_view,105.9,pro
C01004,2025-02-19,W08,2025-04-12,page_view,298.1,pro
C01005,2025-01-22,W04,2025-01-25,page_view,443.4,basic
C01006,2025-02-05,W06,2025-02-06,page_view,86.6,free
C01006,2025-02-05,W06,2025-04-10,page_view,128.0,free
C01007,2025-02-19,W08,2025-02-20,settings_change,531.2,free
C01007,2025-02-19,W08,2025-02-20,search,42.3,pro
C01007,2025-02-19,W08,2025-02-22,page_view,173.8,free
C01007,2025-02-19,W08,2025-02-26,page_view,89.6,basic
C01007,2025-02-19,W08,2025-03-03,page_view,272.1,free
C01007,2025-02-19,W08,2025-03-03,feature_use,87.1,free
C01007,2025-02-19,W08,2025-03-01,feature_use,242.1,pro
C01007,2025-02-19,W08,2025-03-01,feature_use,185.0,basic
C01008,2025-01-22,W04,2025-01-27,page_view,164.6,pro
C01009,2025-01-15,W03,2025-01-21,feature_use,222.9,pro
C01009,2025-01-15,W03,2025-01-24,page_view,42.0,basic
C01009,2025-01-15,W03,2025-02-02,feature_use,82.1,free
C01009,2025-01-15,W03,2025-03-09,page_view,159.6,basic
C01009,2025-01-15,W03,2025-03-06,page_view,519.9,pro
C01010,2025-02-26,W09,2025-03-03,page_view,100.0,basic
C01010,2025-02-26,W09,2025-03-03,feature_use,368.2,free
C01010,2025-02-26,W09,2025-03-27,feature_use,893.8,free
C01011,2025-03-05,W10,2025-03-08,page_view,48.4,free
C01011,2025-03-05,W10,2025-03-07,page_view,103.8,free
C01011,2025-03-05,W10,2025-04-07,page_view,117.5,basic
C01011,2025-03-05,W10,2025-04-06,feature_use,63.4,basic
C01012,2025-02-12,W07,2025-02-15,feature_use,193.8,free
C01012,2025-02-12,W07,2025-02-12,feature_use,99.9,pro
C01012,2025-02-12,W07,2025-03-06,page_view,84.9,free
C01012,2025-02-12,W07,2025-03-08,page_view,395.2,free
C01012,2025-02-12,W07,2025-03-10,page_view,12.4,free
C01012,2025-02-12,W07,2025-03-08,feature_use,764.1,pro
C01012,2025-02-12,W07,2025-03-18,page_view,117.9,pro
C01013,2025-02-26,W09,2025-03-02,search,108.3,basic
C01013,2025-02-26,W09,2025-03-21,page_view,271.0,free
C01013,2025-02-26,W09,2025-03-21,page_view,487.9,free
C01013,2025-02-26,W09,2025-03-24,feature_use,117.3,basic
C01014,2025-01-15,W03,2025-01-21,settings_change,222.5,basic
C01014,2025-01-15,W03,2025-02-18,feature_use,26.5,free
C01014,2025-01-15,W03,2025-02-22,page_view,437.2,pro
C01015,2025-01-01,W01,2025-01-06,search,116.3,free
C01016,2025-01-15,W03,2025-01-20,feature_use,193.8,basic
C01016,2025-01-15,W03,2025-01-17,search,335.0,basic
C01016,2025-01-15,W03,2025-01-24,search,334.1,pro
C01017,2025-02-12,W07,2025-02-13,search,354.2,free
C01017,2025-02-12,W07,2025-03-13,page_view,95.3,basic
C01017,2025-02-12,W07,2025-04-10,page_view,27.9,pro
C01018,2025-01-01,W01,2025-01-05,feature_use,393.1,free
C01018,2025-01-01,W01,2025-02-19,page_view,213.6,free
C01019,2025-01-29,W05,2025-02-01,page_view,112.1,pro
C01019,2025-01-29,W05,2025-04-04,feature_use,1294.4,free
C01019,2025-01-29,W05,2025-04-02,feature_use,144.6,basic
C01019,2025-01-29,W05,2025-04-03,page_view,42.9,pro
C01020,2025-03-19,W12,2025-03-21,page_view,608.6,free
C01021,2025-01-29,W05,2025-01-29,search,231.5,free
C01021,2025-01-29,W05,2025-01-30,page_view,109.8,pro
C01021,2025-01-29,W05,2025-02-18,page_view,56.5,basic
C01022,2025-01-15,W03,2025-01-17,search,45.9,free
C01022,2025-01-15,W03,2025-01-25,feature_use,32.2,pro
C01022,2025-01-15,W03,2025-02-05,feature_use,56.4,free
C01022,2025-01-15,W03,2025-02-24,settings_change,188.9,free
C01022,2025-01-15,W03,2025-03-02,search,400.4,basic
C01022,2025-01-15,W03,2025-02-27,feature_use,537.6,free
C01022,2025-01-15,W03,2025-03-03,feature_use,417.8,basic
C01022,2025-01-15,W03,2025-03-17,search,470.5,free
C01022,2025-01-15,W03,2025-03-12,page_view,29.7,free
C01022,2025-01-15,W03,2025-03-13,page_view,82.6,basic
C01022,2025-01-15,W03,2025-04-05,page_view,52.1,free
C01023,2025-03-19,W12,2025-03-23,feature_use,51.2,free
C01023,2025-03-19,W12,2025-04-06,page_view,67.1,basic
C01023,2025-03-19,W12,2025-05-21,feature_use,500.8,free
C01024,2025-02-19,W08,2025-02-20,page_view,363.7,free
C01025,2025-01-01,W01,2025-01-03,page_view,89.4,free
C01025,2025-01-01,W01,2025-01-04,feature_use,72.7,pro
C01026,2025-02-26,W09,2025-03-01,feature_use,204.3,basic
C01026,2025-02-26,W09,2025-02-27,feature_use,448.3,free
C01026,2025-02-26,W09,2025-02-28,page_view,1220.1,basic
C01027,2025-03-19,W12,2025-03-25,page_view,124.4,pro
C01027,2025-03-19,W12,2025-03-25,page_view,56.2,free
C01027,2025-03-19,W12,2025-03-22,page_view,58.4,free
C01027,2025-03-19,W12,2025-04-30,page_view,36.2,pro
C01027,2025-03-19,W12,2025-05-03,page_view,277.1,free
C01028,2025-03-12,W11,2025-03-16,page_view,346.4,free
C01028,2025-03-12,W11,2025-04-04,search,69.6,basic
C01029,2025-03-12,W11,2025-03-18,feature_use,143.1,pro
C01029,2025-03-12,W11,2025-03-14,feature_use,994.1,free
C01029,2025-03-12,W11,2025-03-23,feature_use,45.7,free
C01029,2025-03-12,W11,2025-04-05,page_view,125.5,basic
C01029,2025-03-12,W11,2025-04-29,page_view,841.2,pro
C01030,2025-02-12,W07,2025-02-17,settings_change,266.0,pro
C01030,2025-02-12,W07,2025-02-15,feature_use,39.4,free
C01030,2025-02-12,W07,2025-02-20,page_view,168.6,pro
C01030,2025-02-12,W07,2025-02-23,page_view,29.7,pro
C01030,2025-02-12,W07,2025-02-27,feature_use,266.6,basic
C01030,2025-02-12,W07,2025-02-27,search,182.2,basic
C01030,2025-02-12,W07,2025-03-12,page_view,46.3,free
C01030,2025-02-12,W07,2025-03-17,page_view,81.5,pro
C01030,2025-02-12,W07,2025-03-15,feature_use,105.5,free
C01030,2025-02-12,W07,2025-04-22,feature_use,141.0,free
C01031,2025-01-01,W01,2025-01-05,search,40.5,free
C01032,2025-01-08,W02,2025-01-14,page_view,90.3,free
C01032,2025-01-08,W02,2025-01-09,page_view,101.2,basic
C01032,2025-01-08,W02,2025-01-17,feature_use,320.7,free
C01032,2025-01-08,W02,2025-01-20,page_view,31.0,basic
C01032,2025-01-08,W02,2025-01-22,page_view,593.5,basic
C01032,2025-01-08,W02,2025-01-25,feature_use,69.7,free
C01032,2025-01-08,W02,2025-01-24,settings_change,111.0,basic
C01032,2025-01-08,W02,2025-01-27,search,65.9,free
C01032,2025-01-08,W02,2025-02-15,page_view,161.1,basic
C01033,2025-01-08,W02,2025-01-09,page_view,219.5,free
C01033,2025-01-08,W02,2025-01-14,page_view,63.3,pro
C01033,2025-01-08,W02,2025-01-08,feature_use,123.1,free
C01033,2025-01-08,W02,2025-01-18,page_view,53.1,pro
C01033,2025-01-08,W02,2025-01-15,feature_use,13.7,free
C01033,2025-01-08,W02,2025-01-22,page_view,154.1,basic
C01034,2025-03-12,W11,2025-03-12,search,114.6,basic
C01034,2025-03-12,W11,2025-03-16,feature_use,238.4,basic
C01034,2025-03-12,W11,2025-03-25,feature_use,93.9,pro
C01034,2025-03-12,W11,2025-03-31,feature_use,186.0,free
C01034,2025-03-12,W11,2025-03-27,page_view,136.0,basic
C01034,2025-03-12,W11,2025-04-05,settings_change,36.6,free
C01034,2025-03-12,W11,2025-04-03,search,147.2,basic
C01034,2025-03-12,W11,2025-04-10,settings_change,233.2,free
C01035,2025-01-01,W01,2025-01-04,page_view,129.9,pro
C01035,2025-01-01,W01,2025-01-03,feature_use,8.9,free
C01035,2025-01-01,W01,2025-01-06,feature_use,52.8,free
C01035,2025-01-01,W01,2025-01-08,page_view,68.5,free
C01035,2025-01-01,W01,2025-03-17,feature_use,321.6,free
C01036,2025-01-01,W01,2025-01-04,feature_use,373.0,free
C01036,2025-01-01,W01,2025-01-06,search,94.7,basic
C01036,2025-01-01,W01,2025-01-01,page_view,178.7,basic
C01036,2025-01-01,W01,2025-03-03,page_view,122.1,pro
C01036,2025-01-01,W01,2025-03-02,page_view,56.6,free
C01036,2025-01-01,W01,2025-03-01,search,409.8,free
C01037,2025-03-05,W10,2025-03-07,page_view,451.4,pro
C01037,2025-03-05,W10,2025-03-25,page_view,91.5,free
C01038,2025-01-08,W02,2025-01-09,feature_use,21.0,free
C01039,2025-02-05,W06,2025-02-08,page_view,103.3,pro
C01039,2025-02-05,W06,2025-02-06,search,76.8,basic
C01039,2025-02-05,W06,2025-04-11,feature_use,97.3,free
C01040,2025-01-29,W05,2025-01-31,page_view,282.9,basic
C01041,2025-01-29,W05,2025-02-02,feature_use,314.2,free
C01041,2025-01-29,W05,2025-02-25,page_view,385.9,free
C01041,2025-01-29,W05,2025-02-19,search,75.9,free
C01041,2025-01-29,W05,2025-02-24,feature_use,224.8,free
C01041,2025-01-29,W05,2025-03-02,search,83.7,basic
C01041,2025-01-29,W05,2025-04-05,page_view,238.0,basic
C01041,2025-01-29,W05,2025-04-07,feature_use,1188.7,pro
C01041,2025-01-29,W05,2025-04-04,feature_use,306.7,basic
C01041,2025-01-29,W05,2025-04-06,settings_change,44.8,pro
C01042,2025-01-08,W02,2025-01-13,page_view,8.9,free
C01043,2025-02-12,W07,2025-02-13,feature_use,98.5,basic
C01043,2025-02-12,W07,2025-02-19,page_view,192.3,free
C01043,2025-02-12,W07,2025-03-08,feature_use,852.3,basic
C01043,2025-02-12,W07,2025-03-07,feature_use,74.4,free
C01043,2025-02-12,W07,2025-03-11,page_view,183.4,basic
C01043,2025-02-12,W07,2025-03-20,page_view,31.5,pro
C01043,2025-02-12,W07,2025-03-24,feature_use,549.2,free
C01044,2025-01-15,W03,2025-01-17,page_view,200.6,basic
C01045,2025-03-19,W12,2025-03-25,page_view,54.4,basic
C01045,2025-03-19,W12,2025-03-22,settings_change,61.0,pro
C01045,2025-03-19,W12,2025-05-07,page_view,104.0,basic
C01045,2025-03-19,W12,2025-05-12,search,263.2,basic
C01045,2025-03-19,W12,2025-05-13,feature_use,30.5,pro
C01046,2025-02-26,W09,2025-03-01,page_view,32.5,free
C01046,2025-02-26,W09,2025-03-02,feature_use,172.4,free
C01046,2025-02-26,W09,2025-03-25,page_view,134.3,free
C01047,2025-02-19,W08,2025-02-22,page_view,241.1,basic
C01047,2025-02-19,W08,2025-02-21,page_view,198.2,free
C01047,2025-02-19,W08,2025-02-25,feature_use,93.1,free
C01047,2025-02-19,W08,2025-02-20,settings_change,470.7,free
C01047,2025-02-19,W08,2025-03-01,feature_use,220.1,basic
C01047,2025-02-19,W08,2025-04-08,page_view,174.3,free
C01047,2025-02-19,W08,2025-04-08,page_view,861.0,basic
C01047,2025-02-19,W08,2025-04-05,page_view,59.9,basic
C01048,2025-02-26,W09,2025-02-26,feature_use,313.0,free
C01048,2025-02-26,W09,2025-03-03,page_view,125.3,basic
C01048,2025-02-26,W09,2025-03-01,feature_use,43.3,free
C01048,2025-02-26,W09,2025-03-01,page_view,145.1,free
C01048,2025-02-26,W09,2025-03-13,feature_use,72.4,basic
C01048,2025-02-26,W09,2025-03-13,page_view,40.6,free
C01048,2025-02-26,W09,2025-03-13,feature_use,1158.6,basic
C01048,2025-02-26,W09,2025-04-16,page_view,56.6,free
C01048,2025-02-26,W09,2025-04-18,feature_use,301.8,basic
C01048,2025-02-26,W09,2025-04-30,page_view,58.3,pro
C01048,2025-02-26,W09,2025-05-01,page_view,157.4,free
C01048,2025-02-26,W09,2025-05-05,search,117.1,free
C01048,2025-02-26,W09,2025-05-02,feature_use,220.2,basic
C01049,2025-02-26,W09,2025-03-02,feature_use,82.1,free
C01050,2025-03-05,W10,2025-03-08,feature_use,1119.2,basic
C01050,2025-03-05,W10,2025-03-08,feature_use,27.4,basic
C01050,2025-03-05,W10,2025-03-09,feature_use,113.6,basic
C01050,2025-03-05,W10,2025-03-26,feature_use,15.7,free
C01050,2025-03-05,W10,2025-04-01,feature_use,155.7,free
C01050,2025-03-05,W10,2025-04-07,search,494.0,basic
C01050,2025-03-05,W10,2025-04-28,search,309.4,basic
C01050,2025-03-05,W10,2025-04-27,feature_use,234.2,basic
C01050,2025-03-05,W10,2025-04-23,feature_use,62.4,pro
C01051,2025-02-05,W06,2025-02-06,page_view,2015.2,free
C01051,2025-02-05,W06,2025-02-22,page_view,294.0,free
C01051,2025-02-05,W06,2025-02-22,page_view,77.0,pro
C01051,2025-02-05,W06,2025-03-01,search,120.9,free
C01051,2025-02-05,W06,2025-02-27,feature_use,78.4,pro
C01052,2025-01-29,W05,2025-02-03,page_view,125.1,pro
C01052,2025-01-29,W05,2025-02-25,settings_change,114.7,basic
C01052,2025-01-29,W05,2025-02-24,search,25.9,basic
C01052,2025-01-29,W05,2025-04-12,page_view,26.0,pro
C01052,2025-01-29,W05,2025-04-10,search,138.4,basic
C01053,2025-01-08,W02,2025-01-11,search,902.9,free
C01054,2025-02-12,W07,2025-02-17,page_view,392.6,pro
C01054,2025-02-12,W07,2025-02-15,feature_use,250.9,basic
C01054,2025-02-12,W07,2025-03-05,page_view,132.2,pro
C01054,2025-02-12,W07,2025-03-08,page_view,217.6,pro
C01054,2025-02-12,W07,2025-03-16,feature_use,110.4,basic
C01054,2025-02-12,W07,2025-03-16,page_view,156.4,basic
C01054,2025-02-12,W07,2025-04-02,feature_use,62.8,free
C01054,2025-02-12,W07,2025-04-21,page_view,54.3,pro
C01054,2025-02-12,W07,2025-04-21,search,104.3,free
C01054,2025-02-12,W07,2025-05-02,page_view,38.9,free
C01055,2025-03-12,W11,2025-03-18,page_view,62.7,free
C01055,2025-03-12,W11,2025-03-14,page_view,141.1,pro
C01055,2025-03-12,W11,2025-03-14,feature_use,280.6,free
C01055,2025-03-12,W11,2025-05-18,settings_change,152.7,basic
C01055,2025-03-12,W11,2025-05-14,feature_use,361.6,pro
C01056,2025-01-29,W05,2025-02-03,page_view,170.1,free
C01057,2025-03-05,W10,2025-03-11,page_view,479.9,basic
C01057,2025-03-05,W10,2025-03-30,feature_use,57.1,free
C01057,2025-03-05,W10,2025-04-20,settings_change,194.6,free
C01057,2025-03-05,W10,2025-04-16,page_view,79.5,free
C01057,2025-03-05,W10,2025-04-20,page_view,416.2,free
C01058,2025-03-12,W11,2025-03-17,feature_use,173.2,pro
C01058,2025-03-12,W11,2025-03-14,feature_use,189.9,free
C01058,2025-03-12,W11,2025-04-03,page_view,468.1,basic
C01058,2025-03-12,W11,2025-05-01,search,14.2,basic
C01058,2025-03-12,W11,2025-05-01,settings_change,114.7,free
C01058,2025-03-12,W11,2025-05-04,page_view,422.3,basic
C01058,2025-03-12,W11,2025-05-03,page_view,345.3,free
C01058,2025-03-12,W11,2025-05-20,page_view,124.3,free
C01058,2025-03-12,W11,2025-05-18,feature_use,69.5,free
C01058,2025-03-12,W11,2025-05-24,page_view,209.4,pro
C01059,2025-02-19,W08,2025-02-24,page_view,518.4,pro
C01059,2025-02-19,W08,2025-02-26,page_view,392.9,free
C01059,2025-02-19,W08,2025-03-05,page_view,182.5,basic
C01059,2025-02-19,W08,2025-03-10,search,313.6,free
C01059,2025-02-19,W08,2025-03-16,page_view,206.4,basic
C01059,2025-02-19,W08,2025-03-15,page_view,89.6,free
C01060,2025-01-29,W05,2025-01-29,search,90.2,free
C01060,2025-01-29,W05,2025-02-04,page_view,242.3,basic
C01060,2025-01-29,W05,2025-01-30,feature_use,262.4,pro
C01060,2025-01-29,W05,2025-02-15,feature_use,59.2,free
C01060,2025-01-29,W05,2025-02-18,page_view,71.6,pro
C01060,2025-01-29,W05,2025-03-27,page_view,112.9,basic
C01060,2025-01-29,W05,2025-03-29,page_view,150.7,free
C01061,2025-01-01,W01,2025-01-07,settings_change,359.3,free
C01061,2025-01-01,W01,2025-01-01,search,705.6,pro
C01061,2025-01-01,W01,2025-03-14,page_view,131.0,free
C01061,2025-01-01,W01,2025-03-12,page_view,71.4,pro
C01062,2025-01-15,W03,2025-01-20,feature_use,119.6,free
C01062,2025-01-15,W03,2025-01-19,feature_use,154.1,free
C01062,2025-01-15,W03,2025-01-22,page_view,47.3,free
C01062,2025-01-15,W03,2025-01-23,search,54.9,basic
C01062,2025-01-15,W03,2025-01-27,page_view,231.3,pro
C01062,2025-01-15,W03,2025-01-27,search,66.7,free
C01062,2025-01-15,W03,2025-02-22,page_view,139.2,pro
C01062,2025-01-15,W03,2025-03-14,page_view,59.2,free
C01062,2025-01-15,W03,2025-03-15,feature_use,167.2,basic
C01063,2025-03-05,W10,2025-03-05,page_view,91.4,free
C01063,2025-03-05,W10,2025-04-05,feature_use,308.0,pro
C01063,2025-03-05,W10,2025-04-19,feature_use,33.5,pro
C01064,2025-01-01,W01,2025-01-04,settings_change,241.4,basic
C01064,2025-01-01,W01,2025-01-04,search,417.9,free
C01064,2025-01-01,W01,2025-01-10,page_view,45.9,pro
C01064,2025-01-01,W01,2025-01-09,search,163.9,free
C01064,2025-01-01,W01,2025-01-11,feature_use,213.1,basic
C01065,2025-03-05,W10,2025-03-08,feature_use,51.7,free
C01065,2025-03-05,W10,2025-04-24,page_view,19.5,free
C01065,2025-03-05,W10,2025-04-25,page_view,92.3,free
C01065,2025-03-05,W10,2025-05-04,page_view,936.5,free
C01065,2025-03-05,W10,2025-05-02,page_view,32.5,basic
C01065,2025-03-05,W10,2025-05-05,feature_use,58.1,free
C01066,2025-03-19,W12,2025-03-20,page_view,20.3,basic
C01066,2025-03-19,W12,2025-03-26,feature_use,158.8,basic
C01067,2025-03-19,W12,2025-03-23,page_view,448.4,basic
C01067,2025-03-19,W12,2025-03-24,search,174.5,pro
C01067,2025-03-19,W12,2025-05-12,feature_use,643.2,free
C01067,2025-03-19,W12,2025-05-12,page_view,536.6,free
C01068,2025-01-29,W05,2025-02-03,page_view,654.8,free
C01068,2025-01-29,W05,2025-01-30,search,273.2,free
C01068,2025-01-29,W05,2025-02-17,page_view,89.3,pro
C01068,2025-01-29,W05,2025-02-16,page_view,82.3,free
C01068,2025-01-29,W05,2025-03-08,page_view,195.6,free
C01068,2025-01-29,W05,2025-03-10,feature_use,146.0,free
C01068,2025-01-29,W05,2025-04-22,feature_use,39.6,free
C01068,2025-01-29,W05,2025-04-20,feature_use,195.7,free
C01068,2025-01-29,W05,2025-04-22,feature_use,36.9,basic
C01068,2025-01-29,W05,2025-04-19,page_view,313.7,free
C01068,2025-01-29,W05,2025-04-22,feature_use,36.2,free
C01069,2025-03-12,W11,2025-03-14,page_view,374.6,basic
C01069,2025-03-12,W11,2025-03-12,page_view,181.7,free
C01070,2025-02-05,W06,2025-02-07,page_view,26.2,free
C01071,2025-02-12,W07,2025-02-12,feature_use,175.8,free
C01071,2025-02-12,W07,2025-02-17,feature_use,238.4,free
C01071,2025-02-12,W07,2025-03-01,page_view,40.5,free
C01072,2025-03-12,W11,2025-03-13,feature_use,108.6,free
C01072,2025-03-12,W11,2025-04-10,page_view,534.7,pro
C01072,2025-03-12,W11,2025-04-13,page_view,52.3,pro
C01072,2025-03-12,W11,2025-04-10,page_view,398.0,free
C01072,2025-03-12,W11,2025-04-21,feature_use,108.8,free
C01072,2025-03-12,W11,2025-04-20,page_view,52.0,free
C01072,2025-03-12,W11,2025-04-18,feature_use,158.2,pro
C01072,2025-03-12,W11,2025-04-29,page_view,371.6,pro
C01072,2025-03-12,W11,2025-05-01,search,457.2,basic
C01072,2025-03-12,W11,2025-05-02,page_view,305.3,pro
C01072,2025-03-12,W11,2025-05-01,page_view,208.8,free
C01072,2025-03-12,W11,2025-05-13,search,658.3,pro
C01072,2025-03-12,W11,2025-05-13,page_view,88.5,free
C01072,2025-03-12,W11,2025-05-18,feature_use,114.2,free
C01072,2025-03-12,W11,2025-05-16,page_view,78.0,basic
C01073,2025-01-29,W05,2025-01-31,page_view,426.9,free
C01073,2025-01-29,W05,2025-02-13,search,728.6,basic
C01074,2025-01-29,W05,2025-02-02,page_view,101.6,free
C01074,2025-01-29,W05,2025-02-23,settings_change,26.3,basic
C01075,2025-02-05,W06,2025-02-08,page_view,450.7,free
C01075,2025-02-05,W06,2025-02-09,search,186.5,pro
C01075,2025-02-05,W06,2025-02-11,page_view,546.9,free
C01075,2025-02-05,W06,2025-02-08,search,79.1,pro
C01075,2025-02-05,W06,2025-02-05,search,432.3,free
C01075,2025-02-05,W06,2025-02-10,page_view,231.3,free
C01075,2025-02-05,W06,2025-02-18,search,98.9,free
C01075,2025-02-05,W06,2025-02-12,feature_use,226.8,basic
C01076,2025-02-26,W09,2025-03-03,page_view,79.8,free
C01076,2025-02-26,W09,2025-03-04,page_view,16.3,free
C01076,2025-02-26,W09,2025-03-06,search,230.0,basic
C01076,2025-02-26,W09,2025-03-11,page_view,210.0,free
C01076,2025-02-26,W09,2025-04-25,feature_use,254.5,basic
C01076,2025-02-26,W09,2025-04-29,page_view,742.4,free
C01076,2025-02-26,W09,2025-04-25,feature_use,276.4,pro
C01077,2025-01-08,W02,2025-01-12,page_view,65.0,free
C01077,2025-01-08,W02,2025-01-11,feature_use,147.0,basic
C01077,2025-01-08,W02,2025-01-13,page_view,473.8,basic
C01077,2025-01-08,W02,2025-01-09,page_view,16.7,basic
C01077,2025-01-08,W02,2025-02-05,page_view,42.6,free
C01077,2025-01-08,W02,2025-03-06,page_view,104.9,free
C01078,2025-02-05,W06,2025-02-09,feature_use,686.7,basic
C01078,2025-02-05,W06,2025-02-11,search,35.9,free
C01078,2025-02-05,W06,2025-04-26,search,53.8,pro
C01078,2025-02-05,W06,2025-04-29,search,318.5,basic
C01078,2025-02-05,W06,2025-04-28,search,227.4,pro
C01078,2025-02-05,W06,2025-04-23,settings_change,254.8,pro
C01079,2025-03-05,W10,2025-03-08,settings_change,133.4,free
C01079,2025-03-05,W10,2025-03-13,search,95.0,pro
C01079,2025-03-05,W10,2025-04-17,feature_use,190.9,basic
C01080,2025-02-12,W07,2025-02-15,page_view,433.7,basic
C01081,2025-01-22,W04,2025-01-24,feature_use,126.2,free
C01081,2025-01-22,W04,2025-01-22,search,137.3,basic
C01082,2025-03-19,W12,2025-03-25,page_view,259.6,pro
C01082,2025-03-19,W12,2025-03-19,feature_use,185.1,pro
C01082,2025-03-19,W12,2025-03-30,search,301.2,free
C01082,2025-03-19,W12,2025-04-02,feature_use,18.6,free
C01082,2025-03-19,W12,2025-04-07,page_view,165.8,free
C01082,2025-03-19,W12,2025-04-15,page_view,117.2,pro
C01082,2025-03-19,W12,2025-04-13,search,141.6,free
C01082,2025-03-19,W12,2025-04-13,feature_use,131.8,free
C01082,2025-03-19,W12,2025-04-10,page_view,31.6,free
C01082,2025-03-19,W12,2025-04-13,feature_use,107.8,free
C01082,2025-03-19,W12,2025-04-16,feature_use,63.0,pro
C01082,2025-03-19,W12,2025-04-19,feature_use,99.1,free
C01082,2025-03-19,W12,2025-05-26,feature_use,589.7,pro
C01082,2025-03-19,W12,2025-05-26,page_view,335.0,free
C01082,2025-03-19,W12,2025-05-21,page_view,54.9,basic
C01083,2025-01-29,W05,2025-02-02,page_view,558.9,pro
C01083,2025-01-29,W05,2025-02-18,settings_change,162.7,free
C01083,2025-01-29,W05,2025-02-23,page_view,179.2,free
C01084,2025-02-12,W07,2025-02-12,page_view,175.6,free
C01084,2025-02-12,W07,2025-03-18,settings_change,279.0,free
C01084,2025-02-12,W07,2025-03-17,feature_use,244.3,basic
C01085,2025-02-19,W08,2025-02-21,feature_use,143.9,pro
C01085,2025-02-19,W08,2025-03-31,feature_use,58.6,basic
C01085,2025-02-19,W08,2025-03-26,page_view,219.1,free
C01085,2025-02-19,W08,2025-04-22,page_view,16.1,basic
C01085,2025-02-19,W08,2025-04-22,search,158.7,free
C01085,2025-02-19,W08,2025-04-22,settings_change,87.0,basic
C01085,2025-02-19,W08,2025-05-07,feature_use,34.0,basic
C01085,2025-02-19,W08,2025-05-07,settings_change,29.0,free
C01085,2025-02-19,W08,2025-05-12,feature_use,96.2,free
C01086,2025-01-15,W03,2025-01-17,search,60.3,free
C01087,2025-01-15,W03,2025-01-16,feature_use,27.1,free
C01087,2025-01-15,W03,2025-01-20,feature_use,563.8,free
C01087,2025-01-15,W03,2025-01-20,feature_use,44.2,pro
C01087,2025-01-15,W03,2025-01-29,feature_use,253.6,basic
C01087,2025-01-15,W03,2025-03-04,page_view,137.1,free
C01088,2025-02-26,W09,2025-03-01,page_view,54.4,pro
C01088,2025-02-26,W09,2025-02-26,page_view,87.5,free
C01088,2025-02-26,W09,2025-03-04,search,135.6,basic
C01089,2025-03-19,W12,2025-03-21,page_view,165.4,free
C01090,2025-01-01,W01,2025-01-04,search,168.5,free
C01091,2025-03-05,W10,2025-03-05,page_view,245.4,free
C01092,2025-02-19,W08,2025-02-25,page_view,3681.1,free
C01093,2025-01-29,W05,2025-02-01,page_view,67.7,basic
C01093,2025-01-29,W05,2025-03-08,feature_use,876.7,pro
C01094,2025-01-15,W03,2025-01-20,feature_use,311.5,free
C01094,2025-01-15,W03,2025-01-31,page_view,130.3,free
C01095,2025-03-19,W12,2025-03-19,settings_change,35.1,free
C01095,2025-03-19,W12,2025-04-02,feature_use,42.1,pro
C01096,2025-02-12,W07,2025-02-14,page_view,132.4,free
C01096,2025-02-12,W07,2025-04-14,page_view,599.3,basic
C01096,2025-02-12,W07,2025-04-20,feature_use,71.0,free
C01096,2025-02-12,W07,2025-04-17,feature_use,91.5,pro
C01096,2025-02-12,W07,2025-04-18,settings_change,107.1,free
C01097,2025-01-22,W04,2025-01-26,settings_change,66.4,free
C01097,2025-01-22,W04,2025-01-24,page_view,43.5,free
C01097,2025-01-22,W04,2025-02-13,page_view,206.2,free
C01097,2025-01-22,W04,2025-02-23,search,528.1,free
C01098,2025-02-05,W06,2025-02-05,feature_use,139.1,basic
C01099,2025-01-29,W05,2025-02-03,page_view,216.1,free
C01099,2025-01-29,W05,2025-02-01,page_view,136.6,pro
C01099,2025-01-29,W05,2025-01-30,page_view,507.5,free
C01099,2025-01-29,W05,2025-03-01,feature_use,195.4,pro
C01099,2025-01-29,W05,2025-02-26,page_view,81.9,free
C01099,2025-01-29,W05,2025-02-28,feature_use,229.7,free
C01099,2025-01-29,W05,2025-04-02,search,52.5,pro
C01099,2025-01-29,W05,2025-04-07,page_view,563.6,free
C01099,2025-01-29,W05,2025-04-03,feature_use,132.9,basic
C01100,2025-02-12,W07,2025-02-15,search,66.1,basic
C01100,2025-02-12,W07,2025-02-18,page_view,79.2,pro
C01100,2025-02-12,W07,2025-03-01,feature_use,133.8,pro
C01100,2025-02-12,W07,2025-03-31,page_view,204.7,basic
C01100,2025-02-12,W07,2025-03-28,settings_change,40.9,free
C01101,2025-03-19,W12,2025-03-21,page_view,56.2,pro
C01102,2025-03-19,W12,2025-03-25,page_view,69.8,pro
C01102,2025-03-19,W12,2025-03-19,page_view,615.0,free
C01102,2025-03-19,W12,2025-03-23,page_view,282.8,free
C01102,2025-03-19,W12,2025-04-08,feature_use,1570.8,free
C01102,2025-03-19,W12,2025-04-04,search,517.1,pro
C01102,2025-03-19,W12,2025-04-08,page_view,103.0,free
C01102,2025-03-19,W12,2025-04-02,feature_use,226.6,free
C01102,2025-03-19,W12,2025-04-21,page_view,298.5,pro
C01102,2025-03-19,W12,2025-04-18,page_view,52.2,pro
C01102,2025-03-19,W12,2025-04-22,page_view,460.8,free
C01102,2025-03-19,W12,2025-04-18,page_view,297.8,free
C01102,2025-03-19,W12,2025-04-21,page_view,161.9,free
C01102,2025-03-19,W12,2025-05-05,feature_use,83.9,free
C01103,2025-02-12,W07,2025-02-12,page_view,44.3,basic
C01103,2025-02-12,W07,2025-02-18,page_view,507.5,basic
C01103,2025-02-12,W07,2025-02-17,page_view,254.8,free
C01103,2025-02-12,W07,2025-03-11,page_view,51.6,basic
C01103,2025-02-12,W07,2025-03-08,page_view,99.5,free
C01104,2025-01-15,W03,2025-01-16,page_view,1392.4,free
C01104,2025-01-15,W03,2025-01-16,feature_use,24.9,free
C01104,2025-01-15,W03,2025-01-20,page_view,26.1,basic
C01104,2025-01-15,W03,2025-01-27,search,30.3,pro
C01104,2025-01-15,W03,2025-01-25,page_view,444.1,free
C01104,2025-01-15,W03,2025-02-12,feature_use,1260.8,free
C01105,2025-03-12,W11,2025-03-16,feature_use,131.3,free
C01105,2025-03-12,W11,2025-03-31,page_view,907.1,pro
C01105,2025-03-12,W11,2025-04-07,page_view,300.5,free
C01106,2025-01-29,W05,2025-02-01,feature_use,40.9,basic
C01106,2025-01-29,W05,2025-02-06,search,382.7,basic
C01106,2025-01-29,W05,2025-02-10,feature_use,198.1,basic
C01107,2025-01-08,W02,2025-01-14,feature_use,70.0,free
C01107,2025-01-08,W02,2025-01-21,page_view,153.6,pro
C01107,2025-01-08,W02,2025-01-27,page_view,69.8,basic
C01107,2025-01-08,W02,2025-02-01,page_view,106.8,basic
C01107,2025-01-08,W02,2025-02-03,settings_change,81.6,basic
C01107,2025-01-08,W02,2025-02-20,page_view,51.0,free
C01107,2025-01-08,W02,2025-02-20,feature_use,36.9,free
C01107,2025-01-08,W02,2025-02-20,page_view,572.6,basic
C01107,2025-01-08,W02,2025-03-10,page_view,57.1,basic
C01108,2025-01-08,W02,2025-01-14,page_view,107.5,free
C01108,2025-01-08,W02,2025-01-13,search,9.5,pro
C01108,2025-01-08,W02,2025-01-09,page_view,188.3,pro
C01108,2025-01-08,W02,2025-01-11,page_view,111.6,free
C01108,2025-01-08,W02,2025-01-11,page_view,119.0,free
C01108,2025-01-08,W02,2025-01-10,page_view,163.8,free
C01108,2025-01-08,W02,2025-02-16,feature_use,36.5,free
C01108,2025-01-08,W02,2025-02-14,page_view,76.7,free
C01108,2025-01-08,W02,2025-02-18,page_view,103.0,pro
C01108,2025-01-08,W02,2025-02-15,page_view,239.4,free
C01109,2025-01-29,W05,2025-02-03,search,466.4,basic
C01110,2025-01-29,W05,2025-02-01,page_view,89.6,free
C01111,2025-02-26,W09,2025-03-03,page_view,196.1,pro
C01111,2025-02-26,W09,2025-03-13,page_view,647.8,free
C01111,2025-02-26,W09,2025-04-24,page_view,96.0,free
C01111,2025-02-26,W09,2025-04-28,feature_use,139.2,free
C01112,2025-02-19,W08,2025-02-21,page_view,176.0,free
C01113,2025-02-19,W08,2025-02-22,page_view,866.5,free
C01113,2025-02-19,W08,2025-02-25,feature_use,65.1,free
C01113,2025-02-19,W08,2025-02-19,settings_change,759.3,pro
C01113,2025-02-19,W08,2025-02-24,feature_use,1594.8,free
C01113,2025-02-19,W08,2025-03-30,feature_use,33.4,pro
C01113,2025-02-19,W08,2025-03-27,feature_use,424.3,basic
C01113,2025-02-19,W08,2025-05-03,settings_change,113.3,free
C01113,2025-02-19,W08,2025-05-05,feature_use,278.4,basic
C01113,2025-02-19,W08,2025-05-01,page_view,346.5,free
C01114,2025-03-05,W10,2025-03-09,feature_use,260.5,free
C01114,2025-03-05,W10,2025-04-20,feature_use,270.2,pro
C01114,2025-03-05,W10,2025-04-22,feature_use,32.7,free
C01114,2025-03-05,W10,2025-04-16,page_view,416.8,free
C01114,2025-03-05,W10,2025-05-02,feature_use,166.6,free
C01114,2025-03-05,W10,2025-05-05,page_view,28.5,basic
C01115,2025-01-22,W04,2025-01-25,page_view,221.6,basic
C01116,2025-02-26,W09,2025-02-27,page_view,208.5,pro
C01116,2025-02-26,W09,2025-02-28,page_view,292.2,pro
C01117,2025-01-01,W01,2025-01-06,page_view,298.1,free
C01117,2025-01-01,W01,2025-01-08,feature_use,196.8,pro
C01118,2025-02-05,W06,2025-02-06,page_view,587.7,basic
C01118,2025-02-05,W06,2025-02-08,feature_use,299.7,free
C01118,2025-02-05,W06,2025-03-24,page_view,238.5,free
C01118,2025-02-05,W06,2025-04-12,feature_use,1361.3,basic
C01119,2025-01-29,W05,2025-02-01,page_view,115.4,free
C01119,2025-01-29,W05,2025-03-23,feature_use,678.9,basic
C01120,2025-01-15,W03,2025-01-21,page_view,147.1,free
C01120,2025-01-15,W03,2025-01-18,page_view,232.1,free
C01120,2025-01-15,W03,2025-03-14,page_view,321.0,basic
C01120,2025-01-15,W03,2025-03-12,feature_use,153.1,pro
C01120,2025-01-15,W03,2025-03-15,feature_use,108.8,free
C01121,2025-01-01,W01,2025-01-02,page_view,84.4,basic
C01121,2025-01-01,W01,2025-01-02,page_view,530.3,free
C01121,2025-01-01,W01,2025-01-01,settings_change,83.5,free
C01121,2025-01-01,W01,2025-01-06,page_view,400.2,pro
C01121,2025-01-01,W01,2025-01-07,feature_use,373.4,pro
C01121,2025-01-01,W01,2025-01-05,page_view,223.0,free
C01121,2025-01-01,W01,2025-01-21,feature_use,72.8,free
C01121,2025-01-01,W01,2025-02-06,settings_change,109.8,pro
C01122,2025-01-29,W05,2025-02-01,page_view,114.3,basic
C01122,2025-01-29,W05,2025-02-01,feature_use,37.3,free
C01123,2025-01-01,W01,2025-01-03,page_view,280.5,free
C01123,2025-01-01,W01,2025-01-04,feature_use,41.9,pro
C01123,2025-01-01,W01,2025-02-18,page_view,66.6,free
C01123,2025-01-01,W01,2025-02-13,search,34.4,basic
C01124,2025-02-05,W06,2025-02-05,page_view,91.0,pro
C01124,2025-02-05,W06,2025-03-03,feature_use,28.3,free
C01124,2025-02-05,W06,2025-04-06,feature_use,172.1,basic
C01124,2025-02-05,W06,2025-04-05,page_view,33.2,basic
C01124,2025-02-05,W06,2025-04-05,page_view,562.3,basic
C01125,2025-01-15,W03,2025-01-16,page_view,216.3,basic
C01125,2025-01-15,W03,2025-01-21,page_view,110.6,basic
C01125,2025-01-15,W03,2025-01-15,page_view,81.8,basic
C01125,2025-01-15,W03,2025-01-18,page_view,128.0,free
C01125,2025-01-15,W03,2025-02-01,feature_use,130.1,free
C01125,2025-01-15,W03,2025-03-27,page_view,142.8,basic
C01126,2025-01-15,W03,2025-01-21,search,30.7,basic
C01126,2025-01-15,W03,2025-02-04,page_view,186.0,free
C01126,2025-01-15,W03,2025-01-29,feature_use,39.5,basic
C01126,2025-01-15,W03,2025-01-31,page_view,347.4,free
C01126,2025-01-15,W03,2025-02-05,page_view,151.8,free
C01126,2025-01-15,W03,2025-02-10,feature_use,464.0,free
C01126,2025-01-15,W03,2025-02-13,page_view,107.3,basic
C01126,2025-01-15,W03,2025-02-16,settings_change,106.7,basic
C01126,2025-01-15,W03,2025-02-25,page_view,24.9,free
C01126,2025-01-15,W03,2025-04-07,feature_use,33.0,free
C01127,2025-01-15,W03,2025-01-15,search,683.5,basic
C01128,2025-03-19,W12,2025-03-20,page_view,13.2,free
C01128,2025-03-19,W12,2025-04-01,page_view,135.7,free
C01128,2025-03-19,W12,2025-03-30,page_view,36.5,free
C01128,2025-03-19,W12,2025-05-30,page_view,137.6,pro
C01129,2025-01-15,W03,2025-01-19,page_view,73.7,free
C01129,2025-01-15,W03,2025-01-19,search,395.9,free
C01129,2025-01-15,W03,2025-01-18,search,127.8,free
C01129,2025-01-15,W03,2025-01-18,page_view,227.5,free
C01129,2025-01-15,W03,2025-01-26,feature_use,433.8,basic
C01129,2025-01-15,W03,2025-01-22,search,344.4,pro
C01129,2025-01-15,W03,2025-02-02,feature_use,476.5,free
C01129,2025-01-15,W03,2025-02-02,page_view,220.8,free
C01129,2025-01-15,W03,2025-01-29,feature_use,46.1,basic
C01129,2025-01-15,W03,2025-02-22,feature_use,109.0,free
C01129,2025-01-15,W03,2025-02-25,feature_use,68.8,free
C01129,2025-01-15,W03,2025-02-22,search,153.3,free
C01129,2025-01-15,W03,2025-02-22,page_view,9.5,free
C01130,2025-03-12,W11,2025-03-14,page_view,198.8,free
C01130,2025-03-12,W11,2025-03-17,page_view,288.2,free
C01130,2025-03-12,W11,2025-03-16,feature_use,796.8,pro
C01130,2025-03-12,W11,2025-03-18,page_view,1048.9,pro
C01130,2025-03-12,W11,2025-03-14,page_view,24.1,basic
C01130,2025-03-12,W11,2025-05-01,search,238.3,free
C01131,2025-03-12,W11,2025-03-14,search,74.6,free
C01131,2025-03-12,W11,2025-04-07,page_view,240.2,pro
C01131,2025-03-12,W11,2025-06-01,page_view,310.2,free
C01131,2025-03-12,W11,2025-06-02,page_view,188.8,pro
C01131,2025-03-12,W11,2025-06-03,search,126.1,basic
C01132,2025-03-05,W10,2025-03-10,feature_use,565.5,free
C01132,2025-03-05,W10,2025-03-25,feature_use,311.0,free
C01132,2025-03-05,W10,2025-03-22,settings_change,416.1,pro
C01132,2025-03-05,W10,2025-03-22,page_view,157.3,basic
C01132,2025-03-05,W10,2025-03-24,page_view,289.8,free
C01132,2025-03-05,W10,2025-04-22,feature_use,78.7,pro
C01132,2025-03-05,W10,2025-05-12,feature_use,30.4,pro
C01132,2025-03-05,W10,2025-05-07,page_view,297.9,free
C01133,2025-03-19,W12,2025-03-20,feature_use,165.0,free
C01134,2025-03-05,W10,2025-03-09,feature_use,266.2,pro
C01134,2025-03-05,W10,2025-03-14,search,204.2,free
C01134,2025-03-05,W10,2025-03-17,page_view,81.1,free
C01134,2025-03-05,W10,2025-03-23,page_view,92.3,free
C01134,2025-03-05,W10,2025-03-20,feature_use,33.3,free
C01134,2025-03-05,W10,2025-04-26,settings_change,693.9,basic
C01134,2025-03-05,W10,2025-04-25,feature_use,136.8,free
C01134,2025-03-05,W10,2025-04-23,page_view,220.7,pro
C01135,2025-01-15,W03,2025-01-21,settings_change,131.8,pro
C01135,2025-01-15,W03,2025-01-19,page_view,64.2,free
C01135,2025-01-15,W03,2025-02-02,feature_use,463.1,free
C01135,2025-01-15,W03,2025-02-11,page_view,345.6,basic
C01135,2025-01-15,W03,2025-02-23,feature_use,2912.0,basic
C01135,2025-01-15,W03,2025-02-25,page_view,132.7,basic
C01135,2025-01-15,W03,2025-03-02,feature_use,48.2,free
C01135,2025-01-15,W03,2025-03-12,feature_use,134.1,basic
C01136,2025-01-08,W02,2025-01-12,page_view,87.5,pro
C01136,2025-01-08,W02,2025-01-08,page_view,846.2,basic
C01136,2025-01-08,W02,2025-01-11,page_view,178.7,free
C01136,2025-01-08,W02,2025-03-04,page_view,24.1,free
C01136,2025-01-08,W02,2025-03-01,page_view,132.6,free
C01137,2025-01-29,W05,2025-02-03,feature_use,256.1,free
C01137,2025-01-29,W05,2025-02-03,settings_change,273.3,basic
C01137,2025-01-29,W05,2025-03-04,page_view,19.6,free
C01137,2025-01-29,W05,2025-02-27,feature_use,235.0,pro
C01137,2025-01-29,W05,2025-03-04,page_view,64.0,free
C01137,2025-01-29,W05,2025-03-02,feature_use,51.7,free
C01137,2025-01-29,W05,2025-03-10,page_view,36.2,free
C01137,2025-01-29,W05,2025-03-09,page_view,26.6,basic
C01137,2025-01-29,W05,2025-03-06,feature_use,58.2,basic
C01137,2025-01-29,W05,2025-03-06,page_view,45.7,free
C01138,2025-02-05,W06,2025-02-07,feature_use,33.2,free
C01138,2025-02-05,W06,2025-03-01,feature_use,214.1,free
C01139,2025-02-05,W06,2025-02-11,search,243.8,free
C01139,2025-02-05,W06,2025-02-25,page_view,64.9,basic
C01139,2025-02-05,W06,2025-02-20,feature_use,48.3,basic
C01140,2025-01-08,W02,2025-01-08,page_view,58.6,free
C01140,2025-01-08,W02,2025-01-12,settings_change,370.6,free
C01140,2025-01-08,W02,2025-01-12,settings_change,91.9,free
C01140,2025-01-08,W02,2025-03-24,page_view,80.7,free
C01141,2025-01-01,W01,2025-01-06,feature_use,204.8,basic
C01141,2025-01-01,W01,2025-01-14,search,97.8,free
C01141,2025-01-01,W01,2025-01-11,page_view,44.9,free
C01141,2025-01-01,W01,2025-02-02,feature_use,96.7,free
C01142,2025-01-22,W04,2025-01-25,search,457.0,basic
C01142,2025-01-22,W04,2025-02-09,page_view,435.3,basic
C01143,2025-03-05,W10,2025-03-07,page_view,165.7,free
C01143,2025-03-05,W10,2025-04-10,feature_use,83.6,free
C01143,2025-03-05,W10,2025-05-13,page_view,84.4,free
C01143,2025-03-05,W10,2025-05-15,feature_use,443.6,basic
C01144,2025-02-19,W08,2025-02-22,page_view,35.7,free
C01144,2025-02-19,W08,2025-03-06,search,70.6,free
C01144,2025-02-19,W08,2025-03-10,page_view,90.4,free
C01144,2025-02-19,W08,2025-03-08,feature_use,42.0,free
C01144,2025-02-19,W08,2025-03-10,search,87.0,free
C01145,2025-01-01,W01,2025-01-04,page_view,447.9,basic
C01145,2025-01-01,W01,2025-01-04,feature_use,207.9,free
C01145,2025-01-01,W01,2025-01-06,page_view,211.7,free
C01145,2025-01-01,W01,2025-01-09,page_view,2086.6,free
C01145,2025-01-01,W01,2025-02-16,page_view,160.5,pro
C01145,2025-01-01,W01,2025-02-16,page_view,249.9,basic
C01146,2025-03-12,W11,2025-03-15,feature_use,43.9,basic
C01146,2025-03-12,W11,2025-03-15,feature_use,235.4,free
C01146,2025-03-12,W11,2025-03-12,page_view,122.9,free
C01146,2025-03-12,W11,2025-03-18,page_view,76.2,basic
C01146,2025-03-12,W11,2025-04-22,page_view,85.9,free
C01146,2025-03-12,W11,2025-04-16,page_view,91.0,pro
C01146,2025-03-12,W11,2025-04-17,page_view,467.3,pro
C01146,2025-03-12,W11,2025-04-27,search,114.1,basic
C01146,2025-03-12,W11,2025-04-24,page_view,77.7,basic
C01146,2025-03-12,W11,2025-04-26,feature_use,159.4,basic
C01146,2025-03-12,W11,2025-05-12,search,1152.9,basic
C01146,2025-03-12,W11,2025-05-13,feature_use,170.4,pro
C01146,2025-03-12,W11,2025-05-07,page_view,62.5,free
C01147,2025-02-12,W07,2025-02-15,feature_use,114.6,pro
C01147,2025-02-12,W07,2025-03-16,page_view,252.2,free
C01147,2025-02-12,W07,2025-03-16,feature_use,81.2,pro
C01148,2025-01-29,W05,2025-02-04,page_view,70.3,free
C01149,2025-02-19,W08,2025-02-22,page_view,200.1,free
C01149,2025-02-19,W08,2025-02-25,search,163.3,free
C01149,2025-02-19,W08,2025-02-20,page_view,177.6,pro
C01149,2025-02-19,W08,2025-04-13,settings_change,197.3,basic
C01149,2025-02-19,W08,2025-04-11,feature_use,37.7,pro
C01149,2025-02-19,W08,2025-04-14,page_view,24.2,basic
C01149,2025-02-19,W08,2025-04-11,feature_use,553.2,free
C01150,2025-01-08,W02,2025-01-13,page_view,368.1,pro
C01150,2025-01-08,W02,2025-01-08,feature_use,131.1,basic
C01150,2025-01-08,W02,2025-01-10,search,63.6,free
C01150,2025-01-08,W02,2025-01-21,search,52.6,free
C01150,2025-01-08,W02,2025-01-19,search,123.0,pro
C01150,2025-01-08,W02,2025-01-15,feature_use,402.2,pro
C01150,2025-01-08,W02,2025-01-21,search,74.6,basic
C01150,2025-01-08,W02,2025-02-03,page_view,160.9,free
C01150,2025-01-08,W02,2025-02-06,page_view,176.2,basic
C01150,2025-01-08,W02,2025-02-09,page_view,11.5,pro
C01150,2025-01-08,W02,2025-02-07,search,94.8,basic
C01150,2025-01-08,W02,2025-03-01,page_view,286.1,free
C01150,2025-01-08,W02,2025-02-26,page_view,20.6,free
C01151,2025-01-01,W01,2025-01-07,feature_use,73.1,basic
C01151,2025-01-01,W01,2025-01-13,settings_change,220.2,free
C01151,2025-01-01,W01,2025-01-09,page_view,108.5,basic
C01151,2025-01-01,W01,2025-01-16,feature_use,793.9,basic
C01151,2025-01-01,W01,2025-01-16,feature_use,127.8,pro
C01151,2025-01-01,W01,2025-02-02,page_view,813.4,pro
C01151,2025-01-01,W01,2025-02-03,search,124.6,pro
C01151,2025-01-01,W01,2025-02-07,page_view,102.2,free
C01151,2025-01-01,W01,2025-02-06,page_view,41.7,free
C01151,2025-01-01,W01,2025-02-07,search,23.6,free
C01152,2025-02-26,W09,2025-03-02,page_view,40.8,basic
C01152,2025-02-26,W09,2025-04-01,feature_use,169.7,basic
C01153,2025-01-22,W04,2025-01-27,page_view,230.5,free
C01153,2025-01-22,W04,2025-02-08,page_view,129.8,basic
C01153,2025-01-22,W04,2025-03-09,feature_use,61.7,free
C01154,2025-03-12,W11,2025-03-18,page_view,94.2,basic
C01154,2025-03-12,W11,2025-05-08,settings_change,849.1,free
C01155,2025-01-22,W04,2025-01-25,feature_use,33.8,basic
C01155,2025-01-22,W04,2025-04-05,page_view,478.9,basic
C01156,2025-01-08,W02,2025-01-09,search,131.2,basic
C01156,2025-01-08,W02,2025-01-12,settings_change,129.2,free
C01156,2025-01-08,W02,2025-01-12,page_view,333.0,free
C01156,2025-01-08,W02,2025-01-08,page_view,44.1,free
C01156,2025-01-08,W02,2025-01-12,feature_use,149.8,basic
C01156,2025-01-08,W02,2025-01-12,search,44.4,basic
C01156,2025-01-08,W02,2025-01-22,page_view,25.0,basic
C01156,2025-01-08,W02,2025-01-25,feature_use,27.0,free
C01156,2025-01-08,W02,2025-02-01,page_view,581.6,free
C01156,2025-01-08,W02,2025-02-21,feature_use,54.6,basic
C01156,2025-01-08,W02,2025-02-24,page_view,57.9,free
C01156,2025-01-08,W02,2025-03-16,feature_use,97.0,pro
C01157,2025-03-12,W11,2025-03-16,page_view,41.9,basic
C01157,2025-03-12,W11,2025-03-20,page_view,100.2,pro
C01157,2025-03-12,W11,2025-03-19,page_view,260.6,basic
C01157,2025-03-12,W11,2025-04-10,feature_use,238.4,pro
C01158,2025-01-08,W02,2025-01-10,search,236.0,free
C01158,2025-01-08,W02,2025-01-09,page_view,123.8,pro
C01158,2025-01-08,W02,2025-01-12,feature_use,64.2,free
C01158,2025-01-08,W02,2025-01-11,page_view,98.5,free
C01158,2025-01-08,W02,2025-01-21,page_view,658.1,basic
C01158,2025-01-08,W02,2025-01-20,feature_use,556.0,free
C01158,2025-01-08,W02,2025-01-18,feature_use,15.9,free
C01158,2025-01-08,W02,2025-01-20,search,90.2,free
C01158,2025-01-08,W02,2025-01-15,search,98.6,basic
C01158,2025-01-08,W02,2025-01-25,feature_use,163.5,free
C01158,2025-01-08,W02,2025-01-24,feature_use,949.7,free
C01158,2025-01-08,W02,2025-02-04,search,224.7,pro
C01158,2025-01-08,W02,2025-01-29,page_view,61.5,free
C01158,2025-01-08,W02,2025-01-30,feature_use,48.3,basic
C01158,2025-01-08,W02,2025-01-30,settings_change,54.2,free
C01158,2025-01-08,W02,2025-01-31,search,50.2,free
C01158,2025-01-08,W02,2025-02-02,settings_change,277.2,free
C01158,2025-01-08,W02,2025-01-31,feature_use,118.1,free
C01158,2025-01-08,W02,2025-01-31,page_view,136.4,free
C01158,2025-01-08,W02,2025-02-16,search,89.0,free
C01158,2025-01-08,W02,2025-02-18,feature_use,28.3,basic
C01159,2025-01-29,W05,2025-01-29,feature_use,124.8,free
C01159,2025-01-29,W05,2025-04-16,page_view,78.6,basic
C01160,2025-01-08,W02,2025-01-12,page_view,1089.8,free
C01160,2025-01-08,W02,2025-01-17,page_view,916.4,basic
C01161,2025-02-05,W06,2025-02-09,page_view,90.0,basic
C01161,2025-02-05,W06,2025-02-07,feature_use,185.5,free
C01161,2025-02-05,W06,2025-03-02,feature_use,91.8,pro
C01161,2025-02-05,W06,2025-03-13,feature_use,2482.3,free
C01161,2025-02-05,W06,2025-03-12,page_view,105.9,free
C01161,2025-02-05,W06,2025-03-18,feature_use,28.8,pro
C01161,2025-02-05,W06,2025-03-18,search,179.1,free
C01161,2025-02-05,W06,2025-04-23,page_view,91.5,pro
C01162,2025-03-12,W11,2025-03-13,page_view,252.3,free
C01163,2025-02-12,W07,2025-02-14,page_view,351.2,pro
C01163,2025-02-12,W07,2025-02-20,feature_use,117.7,free
C01163,2025-02-12,W07,2025-03-03,search,59.0,basic
C01163,2025-02-12,W07,2025-02-27,search,139.1,basic
C01163,2025-02-12,W07,2025-03-17,page_view,12.2,free
C01163,2025-02-12,W07,2025-04-18,page_view,709.2,pro
C01163,2025-02-12,W07,2025-04-19,search,38.0,free
C01164,2025-01-08,W02,2025-01-12,page_view,230.1,free
C01164,2025-01-08,W02,2025-01-10,page_view,132.3,free
C01164,2025-01-08,W02,2025-01-14,search,99.8,pro
C01164,2025-01-08,W02,2025-02-23,feature_use,87.7,pro
C01165,2025-03-19,W12,2025-03-21,feature_use,430.2,pro
C01165,2025-03-19,W12,2025-03-30,feature_use,42.8,free
C01165,2025-03-19,W12,2025-04-18,page_view,335.4,basic
C01165,2025-03-19,W12,2025-04-16,page_view,75.6,free
C01165,2025-03-19,W12,2025-04-16,page_view,22.4,pro
C01166,2025-02-19,W08,2025-02-19,page_view,16.3,free
C01166,2025-02-19,W08,2025-02-26,search,65.1,free
C01167,2025-02-26,W09,2025-02-26,search,68.4,free
C01167,2025-02-26,W09,2025-03-03,settings_change,126.7,basic
C01167,2025-02-26,W09,2025-02-28,search,41.9,free
C01167,2025-02-26,W09,2025-02-28,feature_use,96.7,basic
C01167,2025-02-26,W09,2025-02-28,page_view,147.5,free
C01167,2025-02-26,W09,2025-02-27,search,51.2,pro
C01168,2025-03-05,W10,2025-03-05,settings_change,44.3,pro
C01168,2025-03-05,W10,2025-05-24,page_view,1718.2,pro
C01169,2025-01-15,W03,2025-01-18,page_view,194.6,pro
C01169,2025-01-15,W03,2025-01-26,search,254.5,basic
C01169,2025-01-15,W03,2025-03-12,page_view,403.6,free
C01169,2025-01-15,W03,2025-03-15,page_view,143.9,free
C01169,2025-01-15,W03,2025-03-15,feature_use,304.1,pro
C01169,2025-01-15,W03,2025-03-19,feature_use,315.8,basic
C01170,2025-01-22,W04,2025-01-22,settings_change,101.8,free
C01170,2025-01-22,W04,2025-01-28,page_view,103.2,free
C01170,2025-01-22,W04,2025-01-26,feature_use,147.7,free
C01170,2025-01-22,W04,2025-01-23,page_view,654.2,basic
C01170,2025-01-22,W04,2025-03-14,feature_use,168.5,basic
C01170,2025-01-22,W04,2025-03-16,page_view,156.1,free
C01170,2025-01-22,W04,2025-03-18,page_view,316.7,free
C01171,2025-02-12,W07,2025-02-16,page_view,136.6,basic
C01171,2025-02-12,W07,2025-02-17,feature_use,145.5,free
C01171,2025-02-12,W07,2025-02-21,page_view,29.2,free
C01171,2025-02-12,W07,2025-02-25,page_view,184.4,basic
C01171,2025-02-12,W07,2025-02-24,page_view,465.8,free
C01171,2025-02-12,W07,2025-03-07,settings_change,165.2,free
C01171,2025-02-12,W07,2025-03-09,page_view,210.7,basic
C01171,2025-02-12,W07,2025-03-25,feature_use,623.8,free
C01171,2025-02-12,W07,2025-03-24,feature_use,1382.4,free
C01172,2025-03-12,W11,2025-03-18,page_view,220.0,free
C01172,2025-03-12,W11,2025-04-07,search,667.2,pro
C01172,2025-03-12,W11,2025-04-24,feature_use,341.8,pro
C01172,2025-03-12,W11,2025-05-26,feature_use,297.0,basic
C01172,2025-03-12,W11,2025-05-24,page_view,399.1,basic
C01172,2025-03-12,W11,2025-05-27,feature_use,35.5,free
C01173,2025-01-01,W01,2025-01-06,feature_use,222.4,free
C01173,2025-01-01,W01,2025-01-04,settings_change,307.4,free
C01173,2025-01-01,W01,2025-01-04,settings_change,38.0,free
C01173,2025-01-01,W01,2025-02-16,page_view,35.9,free
C01173,2025-01-01,W01,2025-02-12,search,604.9,free
C01173,2025-01-01,W01,2025-02-12,search,414.3,pro
C01173,2025-01-01,W01,2025-02-13,feature_use,61.2,free
C01173,2025-01-01,W01,2025-02-18,page_view,856.7,free
C01173,2025-01-01,W01,2025-03-11,page_view,236.4,free
C01173,2025-01-01,W01,2025-03-06,settings_change,294.1,free
C01173,2025-01-01,W01,2025-03-08,feature_use,96.8,free
C01173,2025-01-01,W01,2025-03-07,page_view,87.1,pro
C01173,2025-01-01,W01,2025-03-05,feature_use,208.9,free
C01174,2025-01-22,W04,2025-01-26,search,135.2,free
C01174,2025-01-22,W04,2025-01-23,feature_use,115.9,pro
C01174,2025-01-22,W04,2025-01-26,page_view,64.6,free
C01175,2025-01-01,W01,2025-01-05,feature_use,92.2,basic
C01176,2025-01-08,W02,2025-01-10,feature_use,159.8,basic
C01177,2025-02-26,W09,2025-03-02,page_view,112.3,free
C01177,2025-02-26,W09,2025-03-01,feature_use,53.0,pro
C01177,2025-02-26,W09,2025-03-01,page_view,251.0,pro
C01177,2025-02-26,W09,2025-02-27,search,139.0,free
C01177,2025-02-26,W09,2025-03-05,search,39.9,free
C01177,2025-02-26,W09,2025-03-23,feature_use,319.7,basic
C01177,2025-02-26,W09,2025-04-24,page_view,1145.6,basic
C01177,2025-02-26,W09,2025-05-11,page_view,417.7,basic
C01178,2025-01-08,W02,2025-01-14,page_view,24.0,free
C01178,2025-01-08,W02,2025-01-20,search,2017.0,pro
C01178,2025-01-08,W02,2025-01-16,page_view,284.7,basic
C01178,2025-01-08,W02,2025-02-05,page_view,259.5,pro
C01178,2025-01-08,W02,2025-02-10,page_view,419.8,free
C01179,2025-03-19,W12,2025-03-23,page_view,207.2,free
C01179,2025-03-19,W12,2025-04-22,search,645.5,basic
C01179,2025-03-19,W12,2025-05-05,page_view,304.0,pro
C01180,2025-01-15,W03,2025-01-15,page_view,120.2,basic
C01180,2025-01-15,W03,2025-01-24,page_view,39.1,basic
C01180,2025-01-15,W03,2025-01-30,feature_use,298.2,free
C01181,2025-03-19,W12,2025-03-20,page_view,393.5,free
C01181,2025-03-19,W12,2025-05-08,page_view,80.1,basic
C01181,2025-03-19,W12,2025-05-08,feature_use,131.7,free
C01181,2025-03-19,W12,2025-05-11,feature_use,37.4,free
C01181,2025-03-19,W12,2025-05-09,page_view,189.0,free
C01182,2025-03-12,W11,2025-03-18,feature_use,114.9,free
C01182,2025-03-12,W11,2025-05-04,page_view,147.2,free
C01183,2025-02-05,W06,2025-02-05,page_view,579.7,basic
C01183,2025-02-05,W06,2025-02-09,search,603.6,basic
C01183,2025-02-05,W06,2025-02-11,feature_use,32.1,free
C01184,2025-03-12,W11,2025-03-16,page_view,439.5,basic
C01184,2025-03-12,W11,2025-03-12,page_view,33.3,pro
C01184,2025-03-12,W11,2025-03-15,settings_change,273.9,free
C01184,2025-03-12,W11,2025-03-14,page_view,521.7,free
C01184,2025-03-12,W11,2025-04-13,search,24.9,basic
C01184,2025-03-12,W11,2025-05-01,page_view,301.3,basic
C01184,2025-03-12,W11,2025-05-01,feature_use,135.5,basic
C01185,2025-01-01,W01,2025-01-02,feature_use,27.1,free
C01186,2025-02-12,W07,2025-02-17,feature_use,26.1,free
C01186,2025-02-12,W07,2025-02-17,page_view,129.9,pro
C01186,2025-02-12,W07,2025-04-16,page_view,75.0,free
C01187,2025-03-12,W11,2025-03-13,page_view,93.6,pro
C01188,2025-02-19,W08,2025-02-23,feature_use,27.1,free
C01188,2025-02-19,W08,2025-03-13,page_view,107.8,free
C01188,2025-02-19,W08,2025-03-12,page_view,348.4,free
C01188,2025-02-19,W08,2025-05-13,page_view,73.5,basic
C01189,2025-02-26,W09,2025-02-28,page_view,48.5,free
C01189,2025-02-26,W09,2025-02-27,page_view,39.7,free
C01189,2025-02-26,W09,2025-03-13,feature_use,56.9,basic
C01189,2025-02-26,W09,2025-03-16,feature_use,13.9,basic
C01189,2025-02-26,W09,2025-03-21,page_view,1113.9,basic
C01189,2025-02-26,W09,2025-04-15,page_view,225.4,free
C01189,2025-02-26,W09,2025-04-11,page_view,115.0,pro
C01189,2025-02-26,W09,2025-04-09,page_view,113.9,free
C01189,2025-02-26,W09,2025-04-15,page_view,268.9,free
C01190,2025-02-26,W09,2025-02-27,page_view,632.0,basic
C01190,2025-02-26,W09,2025-03-08,feature_use,731.1,free
C01191,2025-03-19,W12,2025-03-20,feature_use,198.7,free
C01191,2025-03-19,W12,2025-03-25,feature_use,312.3,pro
C01192,2025-01-29,W05,2025-01-30,feature_use,317.2,free
C01192,2025-01-29,W05,2025-02-07,page_view,92.6,free
C01192,2025-01-29,W05,2025-02-16,search,53.1,pro
C01192,2025-01-29,W05,2025-02-14,search,84.5,free
C01192,2025-01-29,W05,2025-02-17,search,193.1,pro
C01192,2025-01-29,W05,2025-02-15,page_view,176.4,pro
C01193,2025-01-29,W05,2025-02-02,page_view,87.8,basic
C01193,2025-01-29,W05,2025-02-21,settings_change,283.5,pro
C01193,2025-01-29,W05,2025-02-23,page_view,55.3,free
C01194,2025-03-12,W11,2025-03-18,settings_change,30.4,pro
C01194,2025-03-12,W11,2025-03-13,page_view,158.4,pro
C01194,2025-03-12,W11,2025-03-15,page_view,52.7,basic
C01194,2025-03-12,W11,2025-03-16,feature_use,9.7,free
C01194,2025-03-12,W11,2025-03-13,page_view,86.6,free
C01194,2025-03-12,W11,2025-03-21,page_view,214.0,free
C01194,2025-03-12,W11,2025-03-19,page_view,70.3,free
C01194,2025-03-12,W11,2025-03-25,page_view,291.8,free
C01194,2025-03-12,W11,2025-03-25,page_view,70.5,free
C01194,2025-03-12,W11,2025-03-26,page_view,197.6,free
C01194,2025-03-12,W11,2025-04-04,feature_use,188.8,basic
C01194,2025-03-12,W11,2025-04-06,search,208.1,basic
C01194,2025-03-12,W11,2025-04-24,page_view,1096.5,free
C01194,2025-03-12,W11,2025-04-28,settings_change,139.9,basic
C01195,2025-03-19,W12,2025-03-24,page_view,150.1,free
C01195,2025-03-19,W12,2025-03-22,feature_use,379.2,free
C01195,2025-03-19,W12,2025-03-30,feature_use,593.0,free
C01195,2025-03-19,W12,2025-03-27,search,1523.3,pro
C01195,2025-03-19,W12,2025-03-28,feature_use,113.4,free
C01195,2025-03-19,W12,2025-03-31,feature_use,49.5,basic
C01195,2025-03-19,W12,2025-03-26,feature_use,217.7,basic
C01195,2025-03-19,W12,2025-04-14,page_view,83.9,basic
C01195,2025-03-19,W12,2025-04-23,feature_use,36.9,free
C01195,2025-03-19,W12,2025-04-26,page_view,277.7,basic
C01196,2025-01-22,W04,2025-01-28,page_view,98.2,free
C01196,2025-01-22,W04,2025-02-13,page_view,141.5,free
C01197,2025-01-22,W04,2025-01-28,search,75.1,free
C01197,2025-01-22,W04,2025-01-22,page_view,114.4,free
C01197,2025-01-22,W04,2025-03-04,page_view,581.1,basic
C01197,2025-01-22,W04,2025-03-02,search,492.9,pro
C01197,2025-01-22,W04,2025-03-25,feature_use,107.6,pro
C01198,2025-03-05,W10,2025-03-08,page_view,202.3,basic
C01198,2025-03-05,W10,2025-03-10,page_view,639.7,basic
C01198,2025-03-05,W10,2025-03-06,feature_use,82.4,free
C01198,2025-03-05,W10,2025-03-05,page_view,183.8,free
C01198,2025-03-05,W10,2025-03-21,page_view,39.4,free
C01198,2025-03-05,W10,2025-05-04,page_view,88.5,free
C01198,2025-03-05,W10,2025-04-30,page_view,272.0,free
C01199,2025-03-12,W11,2025-03-16,page_view,103.6,free
C01199,2025-03-12,W11,2025-05-28,page_view,209.9,basic
C01200,2025-01-01,W01,2025-01-05,page_view,30.9,free
C01200,2025-01-01,W01,2025-01-03,search,466.1,free
C01200,2025-01-01,W01,2025-01-03,page_view,41.6,pro
C01200,2025-01-01,W01,2025-02-08,page_view,501.8,pro
C01200,2025-01-01,W01,2025-02-05,feature_use,74.4,basic
C01200,2025-01-01,W01,2025-02-08,page_view,2479.5,basic
C01201,2025-02-12,W07,2025-02-16,page_view,567.5,free
C01201,2025-02-12,W07,2025-02-15,page_view,790.0,free
C01201,2025-02-12,W07,2025-02-18,feature_use,990.8,pro
C01201,2025-02-12,W07,2025-02-14,page_view,698.7,basic
C01201,2025-02-12,W07,2025-04-09,settings_change,27.2,basic
C01201,2025-02-12,W07,2025-04-12,page_view,98.8,basic
C01201,2025-02-12,W07,2025-04-14,feature_use,67.6,basic
C01202,2025-02-19,W08,2025-02-22,page_view,120.7,free
C01202,2025-02-19,W08,2025-02-22,page_view,164.2,free
C01202,2025-02-19,W08,2025-03-20,feature_use,115.6,free
C01202,2025-02-19,W08,2025-03-22,page_view,2053.1,free
C01202,2025-02-19,W08,2025-03-20,page_view,136.1,free
C01202,2025-02-19,W08,2025-04-11,feature_use,107.4,pro
C01202,2025-02-19,W08,2025-04-14,search,69.9,basic
C01203,2025-01-22,W04,2025-01-25,feature_use,206.8,free
C01204,2025-01-15,W03,2025-01-18,page_view,24.9,free
C01204,2025-01-15,W03,2025-01-19,search,44.8,free
C01204,2025-01-15,W03,2025-03-06,page_view,81.6,free
C01204,2025-01-15,W03,2025-03-09,feature_use,69.5,pro
C01204,2025-01-15,W03,2025-03-27,feature_use,150.4,free
C01205,2025-01-15,W03,2025-01-16,page_view,103.0,free
C01205,2025-01-15,W03,2025-01-18,feature_use,254.4,basic
C01205,2025-01-15,W03,2025-01-16,feature_use,206.7,basic
C01205,2025-01-15,W03,2025-02-10,page_view,290.3,free
C01205,2025-01-15,W03,2025-02-05,page_view,345.6,free
C01205,2025-01-15,W03,2025-02-09,feature_use,170.0,basic
C01205,2025-01-15,W03,2025-02-06,page_view,119.2,free
C01205,2025-01-15,W03,2025-02-20,page_view,87.5,basic
C01205,2025-01-15,W03,2025-02-23,page_view,141.9,basic
C01206,2025-03-12,W11,2025-03-18,page_view,115.0,basic
C01206,2025-03-12,W11,2025-03-14,feature_use,215.6,pro
C01206,2025-03-12,W11,2025-03-16,feature_use,34.6,free
C01206,2025-03-12,W11,2025-03-17,search,95.9,free
C01206,2025-03-12,W11,2025-04-17,search,133.5,basic
C01206,2025-03-12,W11,2025-05-26,page_view,297.6,free
C01206,2025-03-12,W11,2025-06-02,page_view,64.7,free
C01206,2025-03-12,W11,2025-06-03,feature_use,33.5,free
C01207,2025-02-12,W07,2025-02-14,feature_use,186.9,free
C01207,2025-02-12,W07,2025-02-22,feature_use,525.6,basic
C01207,2025-02-12,W07,2025-04-12,page_view,336.1,basic
C01207,2025-02-12,W07,2025-04-10,page_view,318.4,free
C01208,2025-02-05,W06,2025-02-08,feature_use,51.4,pro
C01208,2025-02-05,W06,2025-03-02,search,113.5,free
C01208,2025-02-05,W06,2025-03-01,page_view,11.5,basic
C01208,2025-02-05,W06,2025-02-27,page_view,180.5,pro
C01208,2025-02-05,W06,2025-03-02,page_view,48.8,free
C01208,2025-02-05,W06,2025-03-20,search,126.1,free
C01209,2025-01-01,W01,2025-01-01,feature_use,198.3,pro
C01209,2025-01-01,W01,2025-01-01,search,1000.5,basic
C01209,2025-01-01,W01,2025-01-06,feature_use,153.4,free
C01209,2025-01-01,W01,2025-01-03,page_view,351.4,basic
C01209,2025-01-01,W01,2025-01-01,settings_change,171.9,pro
C01209,2025-01-01,W01,2025-01-29,feature_use,354.9,free
C01209,2025-01-01,W01,2025-02-16,feature_use,130.4,free
C01209,2025-01-01,W01,2025-02-28,feature_use,192.2,free
C01209,2025-01-01,W01,2025-03-04,page_view,52.1,free
C01209,2025-01-01,W01,2025-03-04,feature_use,114.5,basic
C01209,2025-01-01,W01,2025-02-27,page_view,182.7,basic
C01210,2025-03-19,W12,2025-03-19,feature_use,24.7,basic
C01210,2025-03-19,W12,2025-03-27,page_view,213.3,free
C01210,2025-03-19,W12,2025-04-10,page_view,77.6,basic
C01210,2025-03-19,W12,2025-04-09,page_view,148.3,basic
C01210,2025-03-19,W12,2025-04-25,search,26.0,basic
C01210,2025-03-19,W12,2025-04-23,page_view,22.6,free
C01210,2025-03-19,W12,2025-04-28,page_view,73.2,free
C01210,2025-03-19,W12,2025-06-03,page_view,188.2,free
C01210,2025-03-19,W12,2025-05-31,page_view,50.6,basic
C01210,2025-03-19,W12,2025-05-28,settings_change,196.3,free
C01210,2025-03-19,W12,2025-05-31,page_view,449.3,pro
C01210,2025-03-19,W12,2025-06-01,page_view,68.3,free
C01211,2025-01-01,W01,2025-01-04,page_view,269.4,pro
C01211,2025-01-01,W01,2025-01-03,page_view,199.7,pro
C01211,2025-01-01,W01,2025-01-01,page_view,12.9,basic
C01211,2025-01-01,W01,2025-01-27,search,342.3,free
C01211,2025-01-01,W01,2025-01-23,search,25.8,pro
C01211,2025-01-01,W01,2025-02-11,feature_use,292.6,free
C01211,2025-01-01,W01,2025-03-21,feature_use,33.4,basic
C01211,2025-01-01,W01,2025-03-23,page_view,158.8,free
C01211,2025-01-01,W01,2025-03-19,settings_change,88.1,basic
C01212,2025-01-01,W01,2025-01-02,feature_use,177.7,pro
C01213,2025-01-29,W05,2025-02-01,search,157.1,free
C01214,2025-01-01,W01,2025-01-04,settings_change,62.4,pro
C01214,2025-01-01,W01,2025-01-02,search,211.4,basic
C01214,2025-01-01,W01,2025-01-11,settings_change,154.0,free
C01214,2025-01-01,W01,2025-01-11,page_view,125.3,free
C01214,2025-01-01,W01,2025-01-11,feature_use,143.8,free
C01214,2025-01-01,W01,2025-01-20,search,51.6,pro
C01214,2025-01-01,W01,2025-03-02,page_view,143.9,free
C01215,2025-02-12,W07,2025-02-12,page_view,246.1,pro
C01215,2025-02-12,W07,2025-03-26,page_view,174.3,free
C01215,2025-02-12,W07,2025-03-30,page_view,35.4,basic
C01215,2025-02-12,W07,2025-04-04,feature_use,170.1,pro
C01215,2025-02-12,W07,2025-04-07,page_view,632.6,free
C01216,2025-02-26,W09,2025-03-04,feature_use,130.8,pro
C01217,2025-03-12,W11,2025-03-14,feature_use,500.2,free
C01217,2025-03-12,W11,2025-03-25,search,226.8,free
C01218,2025-01-15,W03,2025-01-17,search,69.1,free
C01218,2025-01-15,W03,2025-01-15,page_view,323.5,free
C01219,2025-01-22,W04,2025-01-26,search,127.2,free
C01219,2025-01-22,W04,2025-01-30,feature_use,96.3,free
C01219,2025-01-22,W04,2025-02-02,feature_use,621.3,free
C01219,2025-01-22,W04,2025-02-04,search,142.3,basic
C01219,2025-01-22,W04,2025-02-09,page_view,73.5,basic
C01219,2025-01-22,W04,2025-02-06,page_view,408.9,free
C01219,2025-01-22,W04,2025-02-10,feature_use,110.8,basic
C01219,2025-01-22,W04,2025-02-11,page_view,220.6,pro
C01220,2025-02-12,W07,2025-02-16,settings_change,581.8,free
C01220,2025-02-12,W07,2025-03-27,feature_use,90.4,free
C01221,2025-01-08,W02,2025-01-14,page_view,30.3,pro
C01221,2025-01-08,W02,2025-01-10,page_view,238.6,free
C01221,2025-01-08,W02,2025-01-25,page_view,8.6,basic
C01221,2025-01-08,W02,2025-02-22,page_view,132.5,basic
C01222,2025-03-19,W12,2025-03-22,page_view,112.0,basic
C01222,2025-03-19,W12,2025-03-19,page_view,63.9,free
C01222,2025-03-19,W12,2025-03-25,search,97.1,basic
C01222,2025-03-19,W12,2025-03-26,settings_change,456.2,free
C01222,2025-03-19,W12,2025-04-04,page_view,46.5,free
C01222,2025-03-19,W12,2025-05-02,page_view,156.0,pro
C01222,2025-03-19,W12,2025-05-13,feature_use,610.0,free
C01223,2025-01-22,W04,2025-01-23,feature_use,261.8,basic
C01224,2025-02-12,W07,2025-02-17,search,31.0,basic
C01224,2025-02-12,W07,2025-02-17,page_view,171.1,free
C01224,2025-02-12,W07,2025-02-13,settings_change,106.3,free
C01224,2025-02-12,W07,2025-03-02,feature_use,340.7,pro
C01224,2025-02-12,W07,2025-03-18,page_view,2305.5,free
C01224,2025-02-12,W07,2025-04-10,page_view,7.9,free
C01224,2025-02-12,W07,2025-04-10,page_view,103.7,free
C01225,2025-03-12,W11,2025-03-14,feature_use,318.0,free
C01225,2025-03-12,W11,2025-03-16,page_view,47.5,pro
C01225,2025-03-12,W11,2025-03-15,page_view,39.1,basic
C01225,2025-03-12,W11,2025-03-13,search,29.3,basic
C01225,2025-03-12,W11,2025-03-13,search,517.5,basic
C01225,2025-03-12,W11,2025-03-18,feature_use,86.2,pro
C01225,2025-03-12,W11,2025-04-15,settings_change,335.8,pro
C01225,2025-03-12,W11,2025-04-13,page_view,312.9,free
C01225,2025-03-12,W11,2025-04-15,page_view,351.4,pro
C01225,2025-03-12,W11,2025-04-10,page_view,689.0,basic
C01225,2025-03-12,W11,2025-04-09,feature_use,499.3,basic
C01226,2025-02-26,W09,2025-03-04,feature_use,174.8,pro
C01226,2025-02-26,W09,2025-03-01,feature_use,310.9,basic
C01226,2025-02-26,W09,2025-02-27,feature_use,478.2,free
C01226,2025-02-26,W09,2025-03-02,feature_use,96.2,free
C01226,2025-02-26,W09,2025-03-20,feature_use,16.0,basic
C01226,2025-02-26,W09,2025-03-20,feature_use,191.2,free
C01226,2025-02-26,W09,2025-03-23,settings_change,156.1,free
C01226,2025-02-26,W09,2025-04-18,page_view,740.8,free
C01227,2025-02-19,W08,2025-02-19,settings_change,82.6,pro
C01227,2025-02-19,W08,2025-02-25,feature_use,51.3,free
C01227,2025-02-19,W08,2025-03-07,feature_use,127.8,pro
C01227,2025-02-19,W08,2025-03-25,page_view,31.5,free
C01227,2025-02-19,W08,2025-03-24,page_view,249.9,basic
C01227,2025-02-19,W08,2025-03-19,search,218.4,pro
C01228,2025-01-22,W04,2025-01-28,feature_use,504.1,basic
C01229,2025-01-08,W02,2025-01-11,feature_use,247.5,free
C01230,2025-03-19,W12,2025-03-22,search,407.4,free
C01230,2025-03-19,W12,2025-03-22,page_view,187.4,free
C01231,2025-02-26,W09,2025-02-27,page_view,151.2,basic
C01231,2025-02-26,W09,2025-03-03,page_view,141.8,free
C01231,2025-02-26,W09,2025-03-12,page_view,120.1,free
C01232,2025-01-22,W04,2025-01-22,feature_use,115.8,free
C01232,2025-01-22,W04,2025-01-28,feature_use,453.7,basic
C01232,2025-01-22,W04,2025-01-22,settings_change,189.1,basic
C01232,2025-01-22,W04,2025-02-08,page_view,60.6,free
C01232,2025-01-22,W04,2025-04-14,page_view,81.8,basic
C01233,2025-02-26,W09,2025-02-27,page_view,739.0,pro
C01233,2025-02-26,W09,2025-03-03,settings_change,25.5,pro
C01233,2025-02-26,W09,2025-03-14,page_view,60.1,pro
C01234,2025-02-26,W09,2025-03-01,page_view,62.3,free
C01234,2025-02-26,W09,2025-03-27,settings_change,500.0,free
C01235,2025-01-29,W05,2025-02-03,feature_use,381.3,free
C01235,2025-01-29,W05,2025-02-16,feature_use,73.7,basic
C01235,2025-01-29,W05,2025-02-12,page_view,173.6,basic
C01235,2025-01-29,W05,2025-02-15,search,329.5,free
C01235,2025-01-29,W05,2025-03-21,page_view,63.6,pro
C01235,2025-01-29,W05,2025-03-24,page_view,237.4,free
C01236,2025-02-05,W06,2025-02-07,feature_use,174.1,basic
C01236,2025-02-05,W06,2025-02-09,page_view,104.1,free
C01236,2025-02-05,W06,2025-02-05,settings_change,198.6,free
C01236,2025-02-05,W06,2025-02-14,page_view,22.4,free
C01236,2025-02-05,W06,2025-02-12,feature_use,173.4,free
C01236,2025-02-05,W06,2025-02-22,page_view,65.4,free
C01236,2025-02-05,W06,2025-02-19,feature_use,58.1,free
C01236,2025-02-05,W06,2025-03-18,page_view,181.1,free
C01236,2025-02-05,W06,2025-03-18,feature_use,21.5,free
C01236,2025-02-05,W06,2025-03-17,feature_use,394.2,basic
C01236,2025-02-05,W06,2025-03-18,page_view,63.5,pro
C01237,2025-02-05,W06,2025-02-06,search,459.1,free
C01237,2025-02-05,W06,2025-02-05,page_view,131.8,basic
C01237,2025-02-05,W06,2025-02-10,page_view,51.4,free
C01237,2025-02-05,W06,2025-03-07,page_view,227.9,basic
C01237,2025-02-05,W06,2025-03-08,feature_use,76.3,basic
C01237,2025-02-05,W06,2025-03-09,page_view,320.2,pro
C01238,2025-03-19,W12,2025-03-20,search,62.1,basic
C01238,2025-03-19,W12,2025-03-19,feature_use,26.2,free
C01238,2025-03-19,W12,2025-03-23,page_view,62.6,free
C01238,2025-03-19,W12,2025-03-30,page_view,149.1,basic
C01238,2025-03-19,W12,2025-04-01,page_view,59.6,free
C01238,2025-03-19,W12,2025-03-30,feature_use,293.6,basic
C01238,2025-03-19,W12,2025-03-27,search,93.5,free
C01238,2025-03-19,W12,2025-04-19,search,439.4,basic
C01238,2025-03-19,W12,2025-04-23,page_view,237.1,free
C01238,2025-03-19,W12,2025-04-26,page_view,229.5,pro
C01238,2025-03-19,W12,2025-05-08,feature_use,73.5,free
C01238,2025-03-19,W12,2025-05-11,page_view,479.2,free
C01239,2025-01-29,W05,2025-01-29,feature_use,115.7,free
C01239,2025-01-29,W05,2025-01-30,page_view,69.0,basic
C01239,2025-01-29,W05,2025-02-07,page_view,102.7,free
C01239,2025-01-29,W05,2025-02-13,feature_use,243.1,basic
C01239,2025-01-29,W05,2025-02-14,page_view,127.0,free
C01239,2025-01-29,W05,2025-02-15,feature_use,117.6,basic
C01240,2025-03-05,W10,2025-03-08,page_view,90.6,free
C01240,2025-03-05,W10,2025-03-06,search,45.1,free
C01241,2025-02-12,W07,2025-02-12,search,212.8,basic
C01241,2025-02-12,W07,2025-02-23,page_view,40.6,free
C01241,2025-02-12,W07,2025-02-25,page_view,60.6,pro
C01242,2025-03-12,W11,2025-03-18,settings_change,61.1,pro
C01242,2025-03-12,W11,2025-03-16,page_view,155.5,pro
C01242,2025-03-12,W11,2025-05-21,feature_use,894.4,free
C01243,2025-02-12,W07,2025-02-14,search,49.1,pro
C01243,2025-02-12,W07,2025-02-12,page_view,715.1,free
C01243,2025-02-12,W07,2025-02-17,feature_use,23.9,free
C01244,2025-02-12,W07,2025-02-14,page_view,266.1,pro
C01244,2025-02-12,W07,2025-03-02,feature_use,600.9,basic
C01244,2025-02-12,W07,2025-03-03,feature_use,293.5,free
C01244,2025-02-12,W07,2025-02-27,page_view,108.9,basic
C01244,2025-02-12,W07,2025-03-03,page_view,97.8,basic
C01244,2025-02-12,W07,2025-02-27,page_view,112.7,free
C01244,2025-02-12,W07,2025-03-12,page_view,306.2,free
C01244,2025-02-12,W07,2025-03-23,search,146.7,pro
C01245,2025-03-19,W12,2025-03-19,page_view,204.9,free
C01245,2025-03-19,W12,2025-03-24,page_view,147.9,free
C01245,2025-03-19,W12,2025-03-23,page_view,679.2,free
C01246,2025-02-05,W06,2025-02-07,settings_change,51.3,free
C01246,2025-02-05,W06,2025-02-05,feature_use,46.2,pro
C01246,2025-02-05,W06,2025-02-05,page_view,128.6,basic
C01246,2025-02-05,W06,2025-02-10,settings_change,316.0,basic
C01246,2025-02-05,W06,2025-02-23,search,733.4,basic
C01246,2025-02-05,W06,2025-03-04,page_view,192.3,basic
C01246,2025-02-05,W06,2025-03-03,page_view,73.8,basic
C01246,2025-02-05,W06,2025-03-08,feature_use,247.1,free
C01246,2025-02-05,W06,2025-03-14,page_view,5.0,pro
C01247,2025-01-08,W02,2025-01-08,page_view,260.7,free
C01247,2025-01-08,W02,2025-01-17,feature_use,190.6,basic
C01247,2025-01-08,W02,2025-01-16,page_view,55.1,basic
C01248,2025-02-19,W08,2025-02-24,page_view,102.1,basic
C01248,2025-02-19,W08,2025-02-19,feature_use,673.0,free
C01248,2025-02-19,W08,2025-02-19,page_view,184.8,free
C01248,2025-02-19,W08,2025-02-28,feature_use,187.2,free
C01248,2025-02-19,W08,2025-03-03,search,61.9,free
C01248,2025-02-19,W08,2025-03-08,page_view,47.9,basic
C01248,2025-02-19,W08,2025-03-11,search,586.7,basic
C01248,2025-02-19,W08,2025-03-09,page_view,389.9,free
C01249,2025-03-12,W11,2025-03-18,feature_use,201.7,pro
C01249,2025-03-12,W11,2025-03-16,page_view,301.4,free
C01249,2025-03-12,W11,2025-03-14,feature_use,56.0,free
C01250,2025-03-05,W10,2025-03-06,search,256.5,free
C01250,2025-03-05,W10,2025-03-05,search,731.3,basic
C01250,2025-03-05,W10,2025-03-10,page_view,209.8,basic
C01250,2025-03-05,W10,2025-03-05,search,115.4,free
C01251,2025-01-22,W04,2025-01-26,page_view,84.6,pro
C01251,2025-01-22,W04,2025-01-24,page_view,143.8,pro
C01251,2025-01-22,W04,2025-02-14,page_view,44.9,free
C01252,2025-03-12,W11,2025-03-15,page_view,146.3,basic
C01252,2025-03-12,W11,2025-04-30,page_view,172.4,free
C01253,2025-02-05,W06,2025-02-11,page_view,96.3,pro
C01253,2025-02-05,W06,2025-02-05,page_view,43.5,free
C01253,2025-02-05,W06,2025-02-06,feature_use,101.7,basic
C01254,2025-02-12,W07,2025-02-17,page_view,86.5,free
C01254,2025-02-12,W07,2025-02-12,page_view,54.8,basic
C01254,2025-02-12,W07,2025-03-22,feature_use,58.6,basic
C01254,2025-02-12,W07,2025-03-25,page_view,325.4,basic
C01255,2025-01-01,W01,2025-01-04,feature_use,95.3,free
C01255,2025-01-01,W01,2025-01-03,page_view,337.2,basic
C01255,2025-01-01,W01,2025-01-04,search,163.1,basic
C01255,2025-01-01,W01,2025-01-02,page_view,392.1,basic
C01255,2025-01-01,W01,2025-01-26,page_view,279.7,free
C01255,2025-01-01,W01,2025-02-14,page_view,101.9,free
C01256,2025-02-05,W06,2025-02-05,page_view,64.6,free
C01256,2025-02-05,W06,2025-02-23,page_view,235.4,basic
C01256,2025-02-05,W06,2025-03-18,feature_use,840.3,basic
C01256,2025-02-05,W06,2025-03-19,page_view,312.7,basic
C01257,2025-02-19,W08,2025-02-19,page_view,164.6,free
C01257,2025-02-19,W08,2025-02-24,feature_use,138.6,free
C01257,2025-02-19,W08,2025-03-03,settings_change,448.5,free
C01258,2025-01-29,W05,2025-02-02,page_view,20.8,free
C01259,2025-02-19,W08,2025-02-22,feature_use,151.6,free
C01259,2025-02-19,W08,2025-02-24,page_view,212.6,free
C01259,2025-02-19,W08,2025-03-09,page_view,242.1,basic
C01259,2025-02-19,W08,2025-03-11,feature_use,175.2,pro
C01259,2025-02-19,W08,2025-03-05,page_view,122.0,free
C01259,2025-02-19,W08,2025-03-18,page_view,267.7,basic
C01259,2025-02-19,W08,2025-03-19,page_view,422.4,pro
C01260,2025-02-05,W06,2025-02-07,feature_use,219.8,free
C01260,2025-02-05,W06,2025-02-10,search,118.2,basic
C01260,2025-02-05,W06,2025-02-11,page_view,886.2,free
C01260,2025-02-05,W06,2025-02-11,feature_use,87.4,pro
C01260,2025-02-05,W06,2025-02-08,feature_use,156.8,pro
C01260,2025-02-05,W06,2025-03-08,search,35.4,basic
C01260,2025-02-05,W06,2025-03-08,page_view,381.1,basic
C01260,2025-02-05,W06,2025-03-08,page_view,1385.0,free
C01260,2025-02-05,W06,2025-03-08,search,114.0,basic
C01260,2025-02-05,W06,2025-03-17,search,160.3,free
C01260,2025-02-05,W06,2025-04-15,search,144.5,free
C01260,2025-02-05,W06,2025-04-09,page_view,296.0,pro
C01260,2025-02-05,W06,2025-04-11,page_view,347.6,basic
C01260,2025-02-05,W06,2025-04-09,page_view,386.9,pro
C01261,2025-02-12,W07,2025-02-12,feature_use,316.3,pro
C01261,2025-02-12,W07,2025-02-20,feature_use,449.2,free
C01261,2025-02-12,W07,2025-02-19,search,957.4,free
C01261,2025-02-12,W07,2025-02-20,page_view,408.5,pro
C01261,2025-02-12,W07,2025-03-01,page_view,95.2,pro
C01261,2025-02-12,W07,2025-03-09,feature_use,15.9,free
C01261,2025-02-12,W07,2025-03-09,settings_change,108.3,free
C01261,2025-02-12,W07,2025-03-10,page_view,233.9,free
C01261,2025-02-12,W07,2025-03-05,page_view,327.1,basic
C01261,2025-02-12,W07,2025-04-11,feature_use,141.4,free
C01261,2025-02-12,W07,2025-04-14,page_view,43.9,pro
C01262,2025-02-26,W09,2025-02-26,feature_use,173.3,basic
C01263,2025-02-12,W07,2025-02-15,feature_use,327.2,basic
C01263,2025-02-12,W07,2025-02-17,feature_use,281.2,basic
C01263,2025-02-12,W07,2025-02-17,page_view,159.5,free
C01264,2025-01-08,W02,2025-01-14,page_view,107.8,basic
C01265,2025-02-19,W08,2025-02-25,page_view,120.0,basic
C01265,2025-02-19,W08,2025-03-05,settings_change,149.2,basic
C01265,2025-02-19,W08,2025-03-16,feature_use,14.9,free
C01265,2025-02-19,W08,2025-03-13,page_view,110.0,free
C01265,2025-02-19,W08,2025-03-28,feature_use,54.6,basic
C01266,2025-01-01,W01,2025-01-03,search,92.5,free
C01266,2025-01-01,W01,2025-01-02,feature_use,111.4,free
C01266,2025-01-01,W01,2025-01-02,page_view,160.4,free
C01266,2025-01-01,W01,2025-01-08,feature_use,142.0,basic
C01266,2025-01-01,W01,2025-01-10,page_view,86.6,pro
C01266,2025-01-01,W01,2025-01-08,feature_use,170.2,free
C01266,2025-01-01,W01,2025-01-10,page_view,145.3,free
C01266,2025-01-01,W01,2025-01-10,feature_use,626.7,basic
C01266,2025-01-01,W01,2025-01-20,feature_use,808.8,free
C01266,2025-01-01,W01,2025-01-20,feature_use,32.4,basic
C01266,2025-01-01,W01,2025-01-20,feature_use,661.5,basic
C01266,2025-01-01,W01,2025-01-17,feature_use,380.9,basic
C01266,2025-01-01,W01,2025-01-22,search,134.0,basic
C01266,2025-01-01,W01,2025-02-06,feature_use,112.9,basic
C01266,2025-01-01,W01,2025-02-05,page_view,74.8,free
C01266,2025-01-01,W01,2025-02-05,page_view,165.7,free
C01266,2025-01-01,W01,2025-02-10,page_view,476.8,basic
C01266,2025-01-01,W01,2025-02-14,feature_use,1935.8,free
C01266,2025-01-01,W01,2025-02-16,feature_use,58.8,free
C01266,2025-01-01,W01,2025-02-13,search,62.5,pro
C01266,2025-01-01,W01,2025-02-13,feature_use,35.0,free
C01266,2025-01-01,W01,2025-02-13,page_view,127.4,free
C01266,2025-01-01,W01,2025-02-14,page_view,91.3,free
C01266,2025-01-01,W01,2025-02-13,page_view,147.0,free
C01266,2025-01-01,W01,2025-03-01,feature_use,50.4,pro
C01267,2025-01-01,W01,2025-01-06,search,992.4,pro
C01267,2025-01-01,W01,2025-02-09,feature_use,3991.0,pro
C01268,2025-03-05,W10,2025-03-11,search,525.9,basic
C01268,2025-03-05,W10,2025-03-25,page_view,147.3,free
C01268,2025-03-05,W10,2025-03-20,feature_use,521.2,free
C01268,2025-03-05,W10,2025-03-19,page_view,818.6,free
C01268,2025-03-05,W10,2025-03-20,search,260.5,basic
C01268,2025-03-05,W10,2025-03-24,page_view,22.2,pro
C01268,2025-03-05,W10,2025-03-25,page_view,81.1,free
C01268,2025-03-05,W10,2025-03-22,feature_use,56.4,pro
C01268,2025-03-05,W10,2025-03-31,page_view,48.6,free
C01268,2025-03-05,W10,2025-03-30,page_view,50.2,free
C01268,2025-03-05,W10,2025-04-22,page_view,52.7,free
C01268,2025-03-05,W10,2025-04-22,search,56.4,basic
C01269,2025-02-05,W06,2025-02-05,feature_use,280.3,basic
C01269,2025-02-05,W06,2025-02-07,page_view,457.9,pro
C01269,2025-02-05,W06,2025-03-17,page_view,97.1,free
C01269,2025-02-05,W06,2025-03-20,search,177.2,free
C01269,2025-02-05,W06,2025-04-10,search,498.7,free
C01269,2025-02-05,W06,2025-04-15,page_view,506.9,basic
C01269,2025-02-05,W06,2025-04-09,settings_change,124.3,free
C01270,2025-02-19,W08,2025-02-25,page_view,126.7,free
C01270,2025-02-19,W08,2025-02-23,page_view,60.2,basic
C01270,2025-02-19,W08,2025-03-06,page_view,279.1,free
C01270,2025-02-19,W08,2025-03-30,page_view,118.4,free
C01270,2025-02-19,W08,2025-03-27,feature_use,301.1,free
C01271,2025-03-05,W10,2025-03-06,settings_change,105.6,free
C01271,2025-03-05,W10,2025-03-09,page_view,95.0,basic
C01271,2025-03-05,W10,2025-03-11,feature_use,540.0,pro
C01271,2025-03-05,W10,2025-03-18,search,299.2,free
C01271,2025-03-05,W10,2025-03-14,page_view,290.5,free
C01271,2025-03-05,W10,2025-03-15,search,144.0,pro
C01272,2025-01-01,W01,2025-01-04,search,40.5,pro
C01272,2025-01-01,W01,2025-01-14,page_view,278.1,free
C01272,2025-01-01,W01,2025-01-12,page_view,324.0,pro
C01273,2025-01-01,W01,2025-01-07,page_view,372.2,pro
C01273,2025-01-01,W01,2025-01-11,search,113.4,free
C01273,2025-01-01,W01,2025-02-28,page_view,94.6,basic
C01274,2025-03-19,W12,2025-03-21,search,12.2,pro
C01274,2025-03-19,W12,2025-03-29,feature_use,40.9,free
C01274,2025-03-19,W12,2025-03-28,page_view,217.5,free
C01274,2025-03-19,W12,2025-04-03,page_view,166.3,pro
C01274,2025-03-19,W12,2025-04-05,page_view,404.9,pro
C01274,2025-03-19,W12,2025-04-09,search,109.3,basic
C01274,2025-03-19,W12,2025-04-12,search,271.9,basic
C01274,2025-03-19,W12,2025-04-12,feature_use,371.0,free
C01274,2025-03-19,W12,2025-04-10,page_view,37.2,free
C01274,2025-03-19,W12,2025-04-10,feature_use,36.9,basic
C01274,2025-03-19,W12,2025-05-22,settings_change,300.5,free
C01274,2025-03-19,W12,2025-05-24,feature_use,229.1,free
C01274,2025-03-19,W12,2025-05-27,feature_use,364.3,pro
C01274,2025-03-19,W12,2025-05-24,page_view,24.9,free
C01275,2025-01-29,W05,2025-01-31,page_view,482.7,free
C01275,2025-01-29,W05,2025-02-03,page_view,145.2,pro
C01275,2025-01-29,W05,2025-02-12,feature_use,109.1,basic
C01275,2025-01-29,W05,2025-03-22,search,64.6,free
C01276,2025-01-15,W03,2025-01-18,page_view,81.5,basic
C01277,2025-03-05,W10,2025-03-05,page_view,379.5,pro
C01277,2025-03-05,W10,2025-03-10,page_view,153.1,pro
C01277,2025-03-05,W10,2025-03-08,feature_use,134.3,basic
C01277,2025-03-05,W10,2025-04-23,page_view,10.4,free
C01278,2025-03-05,W10,2025-03-07,page_view,336.0,free
C01278,2025-03-05,W10,2025-03-26,page_view,1255.2,basic
C01279,2025-01-01,W01,2025-01-04,feature_use,525.7,free
C01279,2025-01-01,W01,2025-01-07,page_view,123.2,free
C01279,2025-01-01,W01,2025-01-03,search,292.5,pro
C01279,2025-01-01,W01,2025-01-13,page_view,42.1,pro
C01279,2025-01-01,W01,2025-01-10,page_view,128.3,basic
C01279,2025-01-01,W01,2025-01-11,search,254.8,free
C01279,2025-01-01,W01,2025-01-29,page_view,80.8,free
C01279,2025-01-01,W01,2025-02-04,page_view,219.5,free
C01279,2025-01-01,W01,2025-02-03,search,155.0,pro
C01279,2025-01-01,W01,2025-02-04,feature_use,207.0,free
C01279,2025-01-01,W01,2025-01-30,search,156.8,free
C01279,2025-01-01,W01,2025-02-08,page_view,179.5,basic
C01279,2025-01-01,W01,2025-02-07,search,124.1,free
C01279,2025-01-01,W01,2025-02-25,feature_use,808.4,basic
C01279,2025-01-01,W01,2025-02-24,search,93.5,basic
C01279,2025-01-01,W01,2025-02-25,page_view,50.0,basic
C01279,2025-01-01,W01,2025-03-13,feature_use,59.2,free
C01279,2025-01-01,W01,2025-03-15,settings_change,68.5,basic
C01279,2025-01-01,W01,2025-03-15,page_view,30.9,free
C01280,2025-01-08,W02,2025-01-08,page_view,533.6,basic
C01280,2025-01-08,W02,2025-01-08,page_view,60.9,free
C01280,2025-01-08,W02,2025-01-12,page_view,564.0,free
C01280,2025-01-08,W02,2025-01-12,feature_use,170.0,free
C01280,2025-01-08,W02,2025-01-08,page_view,1009.0,free
C01280,2025-01-08,W02,2025-01-20,page_view,831.2,free
C01281,2025-01-22,W04,2025-01-24,settings_change,381.3,free
C01282,2025-02-19,W08,2025-02-20,page_view,65.3,pro
C01282,2025-02-19,W08,2025-02-28,page_view,145.3,basic
C01282,2025-02-19,W08,2025-03-04,search,39.7,free
C01282,2025-02-19,W08,2025-03-21,page_view,227.4,free
C01282,2025-02-19,W08,2025-03-19,page_view,38.4,pro
C01282,2025-02-19,W08,2025-03-23,feature_use,519.0,free
C01283,2025-02-05,W06,2025-02-11,page_view,53.1,free
C01283,2025-02-05,W06,2025-02-09,search,97.9,free
C01283,2025-02-05,W06,2025-02-21,page_view,65.8,basic
C01284,2025-01-22,W04,2025-01-23,page_view,61.5,free
C01285,2025-02-12,W07,2025-02-15,search,55.1,free
C01285,2025-02-12,W07,2025-03-04,search,42.6,free
C01285,2025-02-12,W07,2025-04-01,page_view,92.9,basic
C01286,2025-02-26,W09,2025-03-02,page_view,247.9,free
C01287,2025-02-05,W06,2025-02-06,page_view,192.9,basic
C01287,2025-02-05,W06,2025-02-14,page_view,101.1,free
C01287,2025-02-05,W06,2025-02-18,feature_use,1296.4,basic
C01287,2025-02-05,W06,2025-02-15,settings_change,208.1,free
C01287,2025-02-05,W06,2025-02-16,feature_use,42.7,pro
C01287,2025-02-05,W06,2025-02-21,page_view,146.4,free
C01287,2025-02-05,W06,2025-03-14,feature_use,416.7,basic
C01288,2025-01-01,W01,2025-01-06,feature_use,89.1,free
C01288,2025-01-01,W01,2025-01-13,page_view,794.3,basic
C01288,2025-01-01,W01,2025-01-15,search,172.8,free
C01289,2025-02-19,W08,2025-02-25,feature_use,115.9,free
C01289,2025-02-19,W08,2025-02-20,feature_use,166.0,free
C01289,2025-02-19,W08,2025-03-04,page_view,15.1,basic
C01290,2025-01-15,W03,2025-01-20,feature_use,22.9,free
C01290,2025-01-15,W03,2025-01-15,feature_use,158.9,basic
C01290,2025-01-15,W03,2025-01-19,page_view,12.2,basic
C01291,2025-01-29,W05,2025-01-30,page_view,258.9,free
C01292,2025-01-08,W02,2025-01-13,page_view,155.9,basic
C01292,2025-01-08,W02,2025-01-12,page_view,665.2,pro
C01292,2025-01-08,W02,2025-01-12,page_view,398.2,pro
C01292,2025-01-08,W02,2025-03-22,page_view,166.9,free
C01293,2025-01-01,W01,2025-01-02,feature_use,47.0,free
C01293,2025-01-01,W01,2025-02-07,page_view,298.7,pro
C01293,2025-01-01,W01,2025-02-05,feature_use,75.1,free
C01293,2025-01-01,W01,2025-02-10,feature_use,482.2,free
C01293,2025-01-01,W01,2025-02-06,page_view,194.0,free
C01294,2025-02-12,W07,2025-02-15,page_view,102.6,basic
C01294,2025-02-12,W07,2025-02-24,page_view,721.7,free
C01294,2025-02-12,W07,2025-02-20,page_view,89.3,free
C01294,2025-02-12,W07,2025-03-02,feature_use,209.7,free
C01294,2025-02-12,W07,2025-02-26,feature_use,16.6,free
C01294,2025-02-12,W07,2025-02-26,search,94.1,pro
C01294,2025-02-12,W07,2025-03-02,feature_use,70.3,basic
C01294,2025-02-12,W07,2025-03-06,feature_use,388.1,pro
C01294,2025-02-12,W07,2025-03-07,page_view,180.6,free
C01295,2025-01-15,W03,2025-01-21,feature_use,634.4,pro
C01295,2025-01-15,W03,2025-01-18,page_view,1475.5,free
C01295,2025-01-15,W03,2025-01-19,page_view,230.6,pro
C01295,2025-01-15,W03,2025-01-16,page_view,113.3,pro
C01295,2025-01-15,W03,2025-01-26,feature_use,177.5,basic
C01295,2025-01-15,W03,2025-01-23,page_view,52.3,free
C01295,2025-01-15,W03,2025-01-27,feature_use,621.1,basic
C01295,2025-01-15,W03,2025-01-25,settings_change,167.3,pro
C01295,2025-01-15,W03,2025-01-29,page_view,226.3,free
C01295,2025-01-15,W03,2025-02-01,page_view,128.4,free
C01295,2025-01-15,W03,2025-02-20,page_view,351.0,free
C01295,2025-01-15,W03,2025-02-19,feature_use,60.6,basic
C01295,2025-01-15,W03,2025-03-18,page_view,592.1,free
C01295,2025-01-15,W03,2025-03-17,page_view,22.0,basic
C01296,2025-01-22,W04,2025-01-26,feature_use,49.1,free
C01296,2025-01-22,W04,2025-01-28,page_view,253.8,free
C01296,2025-01-22,W04,2025-02-13,search,82.7,free
C01296,2025-01-22,W04,2025-02-24,page_view,712.3,free
C01297,2025-01-08,W02,2025-01-08,page_view,75.8,basic
C01297,2025-01-08,W02,2025-02-07,search,544.2,free
C01297,2025-01-08,W02,2025-02-18,page_view,1051.5,free
C01297,2025-01-08,W02,2025-02-13,feature_use,221.9,pro
C01297,2025-01-08,W02,2025-02-12,page_view,114.9,free
C01298,2025-01-22,W04,2025-01-23,search,131.4,basic
C01298,2025-01-22,W04,2025-01-24,page_view,26.2,free
C01298,2025-01-22,W04,2025-01-25,feature_use,47.2,free
C01299,2025-03-19,W12,2025-03-24,page_view,73.8,basic
C01299,2025-03-19,W12,2025-04-23,settings_change,551.3,free
C01300,2025-02-26,W09,2025-03-02,feature_use,116.7,basic
C01300,2025-02-26,W09,2025-03-03,search,119.5,basic
C01300,2025-02-26,W09,2025-03-04,search,596.7,basic
C01300,2025-02-26,W09,2025-04-02,search,112.9,free
C01301,2025-02-26,W09,2025-03-03,settings_change,432.2,free
C01301,2025-02-26,W09,2025-04-01,feature_use,47.9,basic
C01301,2025-02-26,W09,2025-03-30,page_view,209.8,free
C01301,2025-02-26,W09,2025-03-29,feature_use,69.4,free
C01301,2025-02-26,W09,2025-04-03,page_view,36.8,pro
C01301,2025-02-26,W09,2025-04-04,page_view,127.3,basic
C01301,2025-02-26,W09,2025-04-02,feature_use,482.4,free
C01301,2025-02-26,W09,2025-04-03,feature_use,169.5,free
C01301,2025-02-26,W09,2025-05-04,feature_use,387.2,free
C01301,2025-02-26,W09,2025-05-13,page_view,26.1,basic
C01301,2025-02-26,W09,2025-05-07,page_view,285.2,pro
C01301,2025-02-26,W09,2025-05-08,feature_use,49.5,free
C01301,2025-02-26,W09,2025-05-12,page_view,77.5,basic
C01301,2025-02-26,W09,2025-05-08,search,63.2,pro
C01302,2025-01-01,W01,2025-01-01,search,206.6,basic
C01302,2025-01-01,W01,2025-01-01,search,78.1,free
C01302,2025-01-01,W01,2025-01-22,page_view,473.8,free
C01302,2025-01-01,W01,2025-01-24,page_view,701.1,basic
C01302,2025-01-01,W01,2025-01-26,feature_use,42.7,pro
C01302,2025-01-01,W01,2025-02-13,page_view,237.7,pro
C01303,2025-03-19,W12,2025-03-23,page_view,15.0,basic
C01303,2025-03-19,W12,2025-05-04,page_view,131.8,basic
C01304,2025-02-12,W07,2025-02-18,page_view,254.0,free
C01305,2025-01-15,W03,2025-01-18,page_view,640.7,free
C01305,2025-01-15,W03,2025-02-10,search,557.2,free
C01305,2025-01-15,W03,2025-03-20,settings_change,433.2,free
C01306,2025-01-29,W05,2025-02-04,page_view,134.8,basic
C01306,2025-01-29,W05,2025-02-01,page_view,33.6,pro
C01306,2025-01-29,W05,2025-02-04,search,31.5,free
C01306,2025-01-29,W05,2025-01-29,search,185.8,basic
C01306,2025-01-29,W05,2025-03-03,page_view,378.3,pro
C01306,2025-01-29,W05,2025-02-28,page_view,50.1,free
C01306,2025-01-29,W05,2025-03-15,page_view,55.7,free
C01306,2025-01-29,W05,2025-03-16,page_view,63.2,pro
C01306,2025-01-29,W05,2025-03-17,settings_change,533.8,free
C01306,2025-01-29,W05,2025-03-18,page_view,359.0,pro
C01306,2025-01-29,W05,2025-03-16,settings_change,236.5,pro
C01306,2025-01-29,W05,2025-03-18,page_view,707.6,free
C01307,2025-01-29,W05,2025-02-02,page_view,930.6,free
C01307,2025-01-29,W05,2025-01-29,page_view,174.9,free
C01307,2025-01-29,W05,2025-02-03,feature_use,322.0,free
C01307,2025-01-29,W05,2025-02-22,feature_use,146.7,free
C01308,2025-01-22,W04,2025-01-22,search,285.5,free
C01308,2025-01-22,W04,2025-01-26,page_view,370.5,free
C01308,2025-01-22,W04,2025-01-30,feature_use,33.1,pro
C01308,2025-01-22,W04,2025-03-07,search,16.9,free
C01308,2025-01-22,W04,2025-03-11,feature_use,259.3,free
C01309,2025-01-01,W01,2025-01-02,feature_use,155.0,basic
C01309,2025-01-01,W01,2025-01-03,page_view,1799.0,pro
C01309,2025-01-01,W01,2025-01-31,feature_use,67.7,pro
C01309,2025-01-01,W01,2025-02-04,page_view,171.4,free
C01309,2025-01-01,W01,2025-02-02,search,144.2,free
C01309,2025-01-01,W01,2025-02-08,settings_change,149.7,free
C01310,2025-03-12,W11,2025-03-14,page_view,87.0,basic
C01310,2025-03-12,W11,2025-03-14,feature_use,271.6,basic
C01311,2025-02-26,W09,2025-02-28,page_view,428.6,free
C01312,2025-01-29,W05,2025-01-30,page_view,81.1,free
C01312,2025-01-29,W05,2025-01-31,search,102.4,basic
C01312,2025-01-29,W05,2025-03-28,page_view,152.0,basic
C01312,2025-01-29,W05,2025-03-29,page_view,293.3,pro
C01312,2025-01-29,W05,2025-04-01,search,17.5,free
C01312,2025-01-29,W05,2025-04-04,page_view,63.0,pro
C01313,2025-03-12,W11,2025-03-16,page_view,225.5,pro
C01313,2025-03-12,W11,2025-05-01,page_view,210.7,free
C01314,2025-01-08,W02,2025-01-14,feature_use,66.6,basic
C01314,2025-01-08,W02,2025-02-12,feature_use,202.4,basic
C01315,2025-01-08,W02,2025-01-08,page_view,84.0,pro
C01315,2025-01-08,W02,2025-02-02,page_view,247.7,basic
C01316,2025-01-22,W04,2025-01-25,feature_use,111.7,pro
C01316,2025-01-22,W04,2025-02-19,page_view,106.2,basic
C01316,2025-01-22,W04,2025-04-09,page_view,561.7,free
C01317,2025-01-08,W02,2025-01-14,search,103.3,free
C01318,2025-01-29,W05,2025-01-29,feature_use,166.7,basic
C01318,2025-01-29,W05,2025-02-21,feature_use,48.6,basic
C01318,2025-01-29,W05,2025-02-20,page_view,318.9,free
C01318,2025-01-29,W05,2025-02-24,search,42.5,free
C01318,2025-01-29,W05,2025-02-22,page_view,152.3,pro
C01319,2025-01-08,W02,2025-01-10,page_view,18.1,free
C01319,2025-01-08,W02,2025-01-14,feature_use,424.7,free
C01319,2025-01-08,W02,2025-01-09,page_view,178.9,free
C01319,2025-01-08,W02,2025-01-20,page_view,218.2,free
C01319,2025-01-08,W02,2025-01-19,search,37.3,free
C01319,2025-01-08,W02,2025-01-28,search,280.0,pro
C01319,2025-01-08,W02,2025-01-22,feature_use,71.8,free
C01319,2025-01-08,W02,2025-01-22,feature_use,42.3,free
C01319,2025-01-08,W02,2025-03-23,page_view,1024.2,free
C01319,2025-01-08,W02,2025-03-25,page_view,55.6,pro
C01320,2025-01-22,W04,2025-01-23,search,49.5,pro
C01320,2025-01-22,W04,2025-01-24,search,164.1,basic
C01320,2025-01-22,W04,2025-01-29,page_view,147.7,free
C01320,2025-01-22,W04,2025-01-31,page_view,298.2,free
C01320,2025-01-22,W04,2025-02-06,feature_use,79.3,free
C01320,2025-01-22,W04,2025-02-28,search,96.4,basic
C01320,2025-01-22,W04,2025-03-23,page_view,87.0,free
C01320,2025-01-22,W04,2025-03-20,feature_use,112.3,free
C01320,2025-01-22,W04,2025-03-23,feature_use,333.7,basic
C01320,2025-01-22,W04,2025-03-25,page_view,205.8,pro
C01320,2025-01-22,W04,2025-03-22,page_view,200.6,basic
C01321,2025-01-22,W04,2025-01-24,feature_use,235.0,free
C01321,2025-01-22,W04,2025-03-25,feature_use,928.8,free
C01321,2025-01-22,W04,2025-03-31,page_view,1321.5,free
C01321,2025-01-22,W04,2025-03-31,page_view,129.7,basic
C01321,2025-01-22,W04,2025-04-01,feature_use,90.1,pro
C01322,2025-01-15,W03,2025-01-16,feature_use,455.8,pro
C01322,2025-01-15,W03,2025-01-31,settings_change,8.4,pro
C01323,2025-03-05,W10,2025-03-08,search,290.9,free
C01323,2025-03-05,W10,2025-03-24,page_view,96.4,free
C01323,2025-03-05,W10,2025-04-10,feature_use,153.4,free
C01323,2025-03-05,W10,2025-04-09,search,121.9,pro
C01323,2025-03-05,W10,2025-04-17,feature_use,850.7,basic
C01324,2025-02-12,W07,2025-02-16,search,21.2,free
C01324,2025-02-12,W07,2025-02-15,page_view,106.5,free
C01324,2025-02-12,W07,2025-02-17,page_view,23.0,free
C01324,2025-02-12,W07,2025-03-08,feature_use,192.9,free
C01324,2025-02-12,W07,2025-03-05,page_view,148.2,free
C01324,2025-02-12,W07,2025-03-09,search,1100.2,free
C01324,2025-02-12,W07,2025-03-09,page_view,217.9,basic
C01324,2025-02-12,W07,2025-03-10,page_view,80.7,basic
C01325,2025-01-08,W02,2025-01-14,search,82.5,free
C01325,2025-01-08,W02,2025-01-20,feature_use,771.2,basic
C01325,2025-01-08,W02,2025-01-20,search,313.1,basic
C01325,2025-01-08,W02,2025-01-19,page_view,53.0,basic
C01326,2025-01-29,W05,2025-02-04,search,112.7,free
C01326,2025-01-29,W05,2025-02-02,page_view,802.2,basic
C01326,2025-01-29,W05,2025-02-19,page_view,144.6,free
C01326,2025-01-29,W05,2025-03-13,feature_use,97.8,pro
C01326,2025-01-29,W05,2025-03-14,page_view,75.3,basic
C01326,2025-01-29,W05,2025-03-13,feature_use,13.3,pro
C01326,2025-01-29,W05,2025-03-15,page_view,334.3,basic
C01327,2025-01-08,W02,2025-01-13,page_view,56.4,basic
C01328,2025-02-26,W09,2025-02-26,search,170.4,basic
C01329,2025-03-19,W12,2025-03-24,page_view,61.1,basic
C01329,2025-03-19,W12,2025-03-23,feature_use,240.1,free
C01329,2025-03-19,W12,2025-03-31,page_view,131.0,pro
C01330,2025-02-05,W06,2025-02-06,page_view,89.0,basic
C01330,2025-02-05,W06,2025-02-07,search,41.0,free
C01330,2025-02-05,W06,2025-03-01,page_view,70.8,free
C01330,2025-02-05,W06,2025-02-27,settings_change,215.8,basic
C01330,2025-02-05,W06,2025-03-01,page_view,19.0,free
C01330,2025-02-05,W06,2025-03-10,feature_use,193.3,basic
C01330,2025-02-05,W06,2025-04-19,page_view,46.3,free
C01330,2025-02-05,W06,2025-04-19,page_view,14.9,free
C01331,2025-03-19,W12,2025-03-24,page_view,785.0,pro
C01331,2025-03-19,W12,2025-03-20,search,35.6,free
C01331,2025-03-19,W12,2025-04-23,page_view,25.7,pro
C01332,2025-02-19,W08,2025-02-21,page_view,106.3,pro
C01332,2025-02-19,W08,2025-03-22,page_view,156.8,basic
C01333,2025-02-05,W06,2025-02-08,feature_use,108.9,basic
C01333,2025-02-05,W06,2025-02-09,feature_use,297.0,free
C01333,2025-02-05,W06,2025-03-13,settings_change,79.5,free
C01333,2025-02-05,W06,2025-03-12,page_view,113.9,free
C01334,2025-01-15,W03,2025-01-18,feature_use,26.6,basic
C01335,2025-02-12,W07,2025-02-13,search,98.8,free
C01335,2025-02-12,W07,2025-04-08,search,261.5,basic
C01335,2025-02-12,W07,2025-04-07,page_view,101.7,basic
C01336,2025-01-08,W02,2025-01-09,feature_use,151.8,free
C01336,2025-01-08,W02,2025-02-25,search,46.6,basic
C01337,2025-01-22,W04,2025-01-22,page_view,46.2,free
C01337,2025-01-22,W04,2025-02-08,page_view,137.3,basic
C01337,2025-01-22,W04,2025-02-24,settings_change,68.8,pro
C01338,2025-03-05,W10,2025-03-08,search,265.3,free
C01338,2025-03-05,W10,2025-03-09,page_view,186.1,basic
C01338,2025-03-05,W10,2025-03-11,feature_use,153.7,free
C01338,2025-03-05,W10,2025-03-08,settings_change,48.7,free
C01338,2025-03-05,W10,2025-03-26,page_view,117.3,free
C01339,2025-01-29,W05,2025-01-29,page_view,489.3,free
C01339,2025-01-29,W05,2025-03-17,search,231.9,basic
C01339,2025-01-29,W05,2025-03-31,page_view,27.1,free
C01339,2025-01-29,W05,2025-04-01,search,79.5,basic
C01339,2025-01-29,W05,2025-04-22,search,179.2,basic
C01339,2025-01-29,W05,2025-04-18,page_view,168.7,free
C01339,2025-01-29,W05,2025-04-18,search,135.5,free
C01340,2025-01-22,W04,2025-01-25,page_view,121.0,pro
C01340,2025-01-22,W04,2025-02-18,page_view,113.4,basic
C01341,2025-01-08,W02,2025-01-10,feature_use,167.6,free
C01342,2025-01-08,W02,2025-01-12,feature_use,21.5,pro
C01342,2025-01-08,W02,2025-01-25,settings_change,194.1,basic
C01343,2025-02-05,W06,2025-02-05,page_view,30.5,pro
C01343,2025-02-05,W06,2025-02-06,page_view,27.2,free
C01343,2025-02-05,W06,2025-02-07,page_view,106.2,free
C01343,2025-02-05,W06,2025-02-08,page_view,309.0,basic
C01344,2025-03-12,W11,2025-03-12,page_view,134.8,free
C01345,2025-03-19,W12,2025-03-24,page_view,133.5,free
C01345,2025-03-19,W12,2025-03-23,page_view,84.6,free
C01345,2025-03-19,W12,2025-05-02,page_view,151.7,pro
C01346,2025-02-26,W09,2025-03-02,search,340.3,free
C01346,2025-02-26,W09,2025-02-27,feature_use,138.7,basic
C01346,2025-02-26,W09,2025-03-03,page_view,287.2,free
C01347,2025-02-12,W07,2025-02-17,feature_use,105.7,basic
C01347,2025-02-12,W07,2025-02-14,feature_use,123.5,pro
C01347,2025-02-12,W07,2025-03-04,feature_use,1139.1,free
C01348,2025-02-19,W08,2025-02-19,page_view,102.9,free
C01348,2025-02-19,W08,2025-02-21,page_view,59.3,basic
C01348,2025-02-19,W08,2025-03-07,page_view,353.1,basic
C01348,2025-02-19,W08,2025-03-06,page_view,220.0,basic
C01349,2025-02-05,W06,2025-02-06,settings_change,105.2,free
C01349,2025-02-05,W06,2025-02-07,feature_use,52.1,free
C01349,2025-02-05,W06,2025-02-07,page_view,114.1,free
C01349,2025-02-05,W06,2025-02-11,page_view,381.2,free
C01349,2025-02-05,W06,2025-02-15,feature_use,118.6,free
C01349,2025-02-05,W06,2025-02-25,search,425.4,free
C01349,2025-02-05,W06,2025-02-25,page_view,630.9,free
C01349,2025-02-05,W06,2025-02-19,page_view,19.9,free
C01349,2025-02-05,W06,2025-03-22,page_view,76.6,free
C01349,2025-02-05,W06,2025-03-21,feature_use,46.4,free
C01349,2025-02-05,W06,2025-03-24,page_view,185.2,free
C01349,2025-02-05,W06,2025-03-20,feature_use,566.2,free
C01349,2025-02-05,W06,2025-04-23,page_view,289.9,basic
C01349,2025-02-05,W06,2025-04-27,page_view,366.4,basic
C01349,2025-02-05,W06,2025-04-28,search,227.8,basic
C01349,2025-02-05,W06,2025-04-24,page_view,230.1,pro
C01349,2025-02-05,W06,2025-04-25,page_view,93.0,pro
C01350,2025-03-19,W12,2025-03-21,page_view,62.3,basic
C01351,2025-02-19,W08,2025-02-20,page_view,210.7,pro
C01351,2025-02-19,W08,2025-03-10,page_view,110.9,free
C01351,2025-02-19,W08,2025-03-06,feature_use,91.4,basic
C01352,2025-03-05,W10,2025-03-06,page_view,255.3,basic
C01352,2025-03-05,W10,2025-03-25,page_view,134.6,pro
C01353,2025-01-22,W04,2025-01-22,feature_use,249.0,free
C01353,2025-01-22,W04,2025-02-02,feature_use,59.0,basic
C01353,2025-01-22,W04,2025-02-13,page_view,146.1,basic
C01353,2025-01-22,W04,2025-02-26,search,110.4,free
C01353,2025-01-22,W04,2025-03-10,page_view,292.3,free
C01353,2025-01-22,W04,2025-03-11,feature_use,200.4,basic
C01353,2025-01-22,W04,2025-04-02,feature_use,74.1,basic
C01353,2025-01-22,W04,2025-04-05,page_view,512.3,basic
C01353,2025-01-22,W04,2025-04-06,page_view,322.8,free
C01354,2025-03-05,W10,2025-03-06,settings_change,81.1,basic
C01354,2025-03-05,W10,2025-03-11,page_view,25.6,free
C01354,2025-03-05,W10,2025-03-20,page_view,58.8,basic
C01354,2025-03-05,W10,2025-03-24,feature_use,99.1,free
C01354,2025-03-05,W10,2025-04-14,page_view,192.4,pro
C01354,2025-03-05,W10,2025-04-25,feature_use,139.6,free
C01355,2025-02-12,W07,2025-02-14,page_view,312.0,pro
C01355,2025-02-12,W07,2025-02-12,feature_use,366.5,basic
C01355,2025-02-12,W07,2025-02-15,search,211.1,basic
C01355,2025-02-12,W07,2025-02-27,page_view,63.4,pro
C01355,2025-02-12,W07,2025-04-16,feature_use,492.7,free
C01355,2025-02-12,W07,2025-04-22,page_view,197.1,basic
C01355,2025-02-12,W07,2025-04-22,page_view,52.8,free
C01355,2025-02-12,W07,2025-04-25,page_view,69.5,free
C01355,2025-02-12,W07,2025-04-25,feature_use,195.4,basic
C01355,2025-02-12,W07,2025-04-24,page_view,35.4,basic
C01355,2025-02-12,W07,2025-04-28,page_view,62.0,basic
C01355,2025-02-12,W07,2025-04-24,feature_use,425.2,pro
C01356,2025-01-15,W03,2025-01-20,feature_use,92.2,pro
C01356,2025-01-15,W03,2025-01-19,page_view,256.1,pro
C01356,2025-01-15,W03,2025-01-19,search,243.5,free
C01356,2025-01-15,W03,2025-01-22,search,43.4,free
C01356,2025-01-15,W03,2025-01-22,search,79.5,free
C01356,2025-01-15,W03,2025-01-25,search,125.2,free
C01356,2025-01-15,W03,2025-02-23,page_view,163.8,free
C01356,2025-01-15,W03,2025-03-13,feature_use,231.0,free
C01356,2025-01-15,W03,2025-03-23,feature_use,45.0,pro
C01356,2025-01-15,W03,2025-03-21,feature_use,143.3,free
C01357,2025-01-15,W03,2025-01-17,page_view,216.8,free
C01357,2025-01-15,W03,2025-02-26,settings_change,297.2,free
C01358,2025-03-19,W12,2025-03-21,page_view,67.6,pro
C01359,2025-01-15,W03,2025-01-18,feature_use,72.1,basic
C01360,2025-03-05,W10,2025-03-06,page_view,94.6,free
C01361,2025-01-29,W05,2025-01-29,page_view,40.1,basic
C01361,2025-01-29,W05,2025-02-17,page_view,351.8,basic
C01362,2025-02-05,W06,2025-02-07,page_view,489.0,pro
C01363,2025-01-22,W04,2025-01-27,page_view,623.4,free
C01363,2025-01-22,W04,2025-02-11,page_view,93.5,free
C01363,2025-01-22,W04,2025-02-13,page_view,123.4,free
C01363,2025-01-22,W04,2025-04-03,page_view,145.1,pro
C01363,2025-01-22,W04,2025-04-04,feature_use,288.8,basic
C01364,2025-01-29,W05,2025-02-03,feature_use,99.9,free
C01365,2025-01-15,W03,2025-01-19,page_view,90.7,free
C01365,2025-01-15,W03,2025-01-21,search,99.4,free
C01366,2025-03-12,W11,2025-03-15,feature_use,992.6,basic
C01366,2025-03-12,W11,2025-03-19,page_view,486.4,free
C01366,2025-03-12,W11,2025-03-23,page_view,9.7,basic
C01366,2025-03-12,W11,2025-03-23,feature_use,85.7,free
C01367,2025-02-19,W08,2025-02-21,page_view,208.0,basic
C01367,2025-02-19,W08,2025-02-20,page_view,51.5,free
C01367,2025-02-19,W08,2025-03-10,feature_use,80.5,pro
C01367,2025-02-19,W08,2025-03-18,page_view,79.0,free
C01367,2025-02-19,W08,2025-03-12,feature_use,639.0,pro
C01367,2025-02-19,W08,2025-03-14,page_view,144.8,free
C01367,2025-02-19,W08,2025-04-20,feature_use,126.6,free
C01367,2025-02-19,W08,2025-04-21,search,134.4,basic
C01368,2025-03-05,W10,2025-03-06,settings_change,330.7,basic
C01368,2025-03-05,W10,2025-03-06,page_view,74.6,free
C01368,2025-03-05,W10,2025-03-10,feature_use,31.4,basic
C01369,2025-02-05,W06,2025-02-11,search,643.3,basic
C01369,2025-02-05,W06,2025-03-19,page_view,37.0,pro
C01369,2025-02-05,W06,2025-03-28,feature_use,298.2,free
C01369,2025-02-05,W06,2025-03-31,search,46.9,free
C01369,2025-02-05,W06,2025-03-27,search,80.0,free
C01369,2025-02-05,W06,2025-04-01,settings_change,139.5,free
C01369,2025-02-05,W06,2025-03-31,page_view,33.6,free
C01369,2025-02-05,W06,2025-03-28,page_view,338.1,free
C01370,2025-01-22,W04,2025-01-28,feature_use,148.1,basic
C01371,2025-03-19,W12,2025-03-22,page_view,61.5,basic
C01371,2025-03-19,W12,2025-03-31,feature_use,181.1,basic
C01371,2025-03-19,W12,2025-03-28,page_view,243.3,free
C01371,2025-03-19,W12,2025-05-25,page_view,266.9,basic
C01371,2025-03-19,W12,2025-05-22,page_view,106.3,free
C01372,2025-01-01,W01,2025-01-05,page_view,30.3,pro
C01372,2025-01-01,W01,2025-03-08,feature_use,803.6,free
C01373,2025-03-05,W10,2025-03-08,feature_use,39.6,pro
C01373,2025-03-05,W10,2025-03-06,page_view,68.3,pro
C01373,2025-03-05,W10,2025-03-14,feature_use,353.6,pro
C01373,2025-03-05,W10,2025-03-22,search,75.5,pro
C01373,2025-03-05,W10,2025-03-21,feature_use,50.3,free
C01373,2025-03-05,W10,2025-03-24,page_view,419.8,free
C01373,2025-03-05,W10,2025-05-09,page_view,623.9,free
C01373,2025-03-05,W10,2025-05-09,feature_use,257.6,pro
C01373,2025-03-05,W10,2025-05-09,feature_use,109.8,free
C01373,2025-03-05,W10,2025-05-11,search,61.2,free
C01374,2025-03-19,W12,2025-03-19,feature_use,247.1,basic
C01375,2025-01-15,W03,2025-01-15,search,2251.6,free
C01375,2025-01-15,W03,2025-01-20,page_view,148.3,pro
C01375,2025-01-15,W03,2025-01-22,page_view,538.5,free
C01375,2025-01-15,W03,2025-02-04,feature_use,683.3,free
C01375,2025-01-15,W03,2025-02-01,page_view,174.0,pro
C01375,2025-01-15,W03,2025-01-29,page_view,27.6,basic
C01375,2025-01-15,W03,2025-01-31,search,115.9,free
C01375,2025-01-15,W03,2025-02-02,page_view,124.3,free
C01375,2025-01-15,W03,2025-01-31,search,955.8,pro
C01375,2025-01-15,W03,2025-02-07,page_view,408.4,free
C01375,2025-01-15,W03,2025-02-08,page_view,100.2,free
C01376,2025-02-19,W08,2025-02-22,feature_use,272.7,free
C01376,2025-02-19,W08,2025-02-21,page_view,407.6,pro
C01376,2025-02-19,W08,2025-03-07,page_view,323.8,free
C01376,2025-02-19,W08,2025-03-08,feature_use,26.5,free
C01376,2025-02-19,W08,2025-03-14,search,180.0,pro
C01376,2025-02-19,W08,2025-03-18,feature_use,141.9,pro
C01376,2025-02-19,W08,2025-04-06,search,79.5,free
C01376,2025-02-19,W08,2025-04-05,page_view,54.8,free
C01376,2025-02-19,W08,2025-04-06,page_view,247.9,basic
C01376,2025-02-19,W08,2025-05-09,page_view,919.8,free
C01376,2025-02-19,W08,2025-05-10,feature_use,154.2,free
C01376,2025-02-19,W08,2025-05-07,feature_use,222.9,pro
C01376,2025-02-19,W08,2025-05-11,search,62.1,free
C01376,2025-02-19,W08,2025-05-10,page_view,1426.8,free
C01377,2025-03-12,W11,2025-03-12,page_view,45.7,pro
C01377,2025-03-12,W11,2025-03-12,page_view,325.1,pro
C01378,2025-01-08,W02,2025-01-08,feature_use,119.1,pro
C01378,2025-01-08,W02,2025-02-26,search,252.7,basic
C01379,2025-01-22,W04,2025-01-24,page_view,430.0,free
C01379,2025-01-22,W04,2025-01-29,feature_use,33.7,pro
C01379,2025-01-22,W04,2025-02-03,feature_use,163.2,basic
C01380,2025-03-12,W11,2025-03-16,search,76.8,basic
C01380,2025-03-12,W11,2025-03-25,page_view,53.7,basic
C01380,2025-03-12,W11,2025-05-29,page_view,87.2,free
C01380,2025-03-12,W11,2025-05-30,feature_use,93.9,free
C01381,2025-03-05,W10,2025-03-07,settings_change,156.3,pro
C01381,2025-03-05,W10,2025-03-11,page_view,454.3,free
C01381,2025-03-05,W10,2025-03-05,feature_use,260.2,pro
C01381,2025-03-05,W10,2025-04-20,page_view,286.9,free
C01381,2025-03-05,W10,2025-04-16,feature_use,40.1,pro
C01381,2025-03-05,W10,2025-04-25,page_view,330.5,basic
C01381,2025-03-05,W10,2025-05-16,page_view,122.6,basic
C01382,2025-01-29,W05,2025-02-02,page_view,570.8,basic
C01382,2025-01-29,W05,2025-01-30,search,146.3,pro
C01382,2025-01-29,W05,2025-03-03,page_view,372.2,free
C01382,2025-01-29,W05,2025-03-04,feature_use,214.3,basic
C01382,2025-01-29,W05,2025-03-01,feature_use,24.8,basic
C01383,2025-03-12,W11,2025-03-13,page_view,34.2,basic
C01383,2025-03-12,W11,2025-03-17,page_view,201.1,basic
C01383,2025-03-12,W11,2025-04-21,page_view,176.8,free
C01383,2025-03-12,W11,2025-04-17,page_view,251.7,free
C01383,2025-03-12,W11,2025-04-28,page_view,33.3,basic
C01383,2025-03-12,W11,2025-04-24,page_view,120.4,basic
C01383,2025-03-12,W11,2025-04-29,feature_use,284.7,basic
C01383,2025-03-12,W11,2025-05-16,feature_use,279.3,free
C01384,2025-02-05,W06,2025-02-11,page_view,710.3,pro
C01384,2025-02-05,W06,2025-02-14,feature_use,566.4,free
C01384,2025-02-05,W06,2025-02-12,page_view,67.1,basic
C01384,2025-02-05,W06,2025-02-15,settings_change,168.8,basic
C01385,2025-03-19,W12,2025-03-23,page_view,250.6,free
C01385,2025-03-19,W12,2025-03-22,search,27.7,basic
C01385,2025-03-19,W12,2025-04-22,page_view,167.0,basic
C01386,2025-01-08,W02,2025-01-12,page_view,604.9,pro
C01386,2025-01-08,W02,2025-01-08,page_view,74.7,free
C01387,2025-03-12,W11,2025-03-12,page_view,176.7,pro
C01387,2025-03-12,W11,2025-03-12,page_view,346.0,basic
C01387,2025-03-12,W11,2025-04-28,search,150.1,basic
C01387,2025-03-12,W11,2025-04-26,page_view,514.3,pro
C01387,2025-03-12,W11,2025-04-26,page_view,56.2,free
C01388,2025-02-12,W07,2025-02-13,page_view,228.9,free
C01389,2025-02-26,W09,2025-03-03,feature_use,242.0,pro
C01389,2025-02-26,W09,2025-03-29,page_view,210.5,free
C01389,2025-02-26,W09,2025-03-29,feature_use,231.1,free
C01389,2025-02-26,W09,2025-03-29,page_view,128.1,free
C01389,2025-02-26,W09,2025-04-13,feature_use,29.2,free
C01389,2025-02-26,W09,2025-04-09,search,956.0,free
C01389,2025-02-26,W09,2025-04-12,page_view,1222.2,free
C01389,2025-02-26,W09,2025-04-10,page_view,61.8,basic
C01389,2025-02-26,W09,2025-04-14,page_view,41.3,free
C01389,2025-02-26,W09,2025-04-28,search,52.3,basic
C01389,2025-02-26,W09,2025-04-23,page_view,62.1,basic
C01390,2025-02-26,W09,2025-02-28,page_view,132.0,free
C01390,2025-02-26,W09,2025-04-03,page_view,622.4,basic
C01391,2025-01-22,W04,2025-01-23,page_view,112.0,free
C01392,2025-03-05,W10,2025-03-11,page_view,189.9,free
C01392,2025-03-05,W10,2025-04-04,feature_use,154.8,basic
C01393,2025-01-22,W04,2025-01-27,search,52.1,basic
C01393,2025-01-22,W04,2025-01-26,page_view,51.2,free
C01393,2025-01-22,W04,2025-01-22,page_view,65.8,free
C01393,2025-01-22,W04,2025-02-06,page_view,26.5,pro
C01393,2025-01-22,W04,2025-02-06,feature_use,198.0,pro
C01393,2025-01-22,W04,2025-03-04,page_view,109.1,pro
C01393,2025-01-22,W04,2025-03-08,feature_use,399.7,basic
C01393,2025-01-22,W04,2025-03-07,feature_use,46.6,basic
C01394,2025-03-12,W11,2025-03-12,page_view,112.5,free
C01394,2025-03-12,W11,2025-03-18,page_view,52.0,basic
C01394,2025-03-12,W11,2025-03-16,page_view,203.8,pro
C01394,2025-03-12,W11,2025-03-24,search,649.3,basic
C01394,2025-03-12,W11,2025-03-24,feature_use,76.0,free
C01395,2025-01-08,W02,2025-01-13,settings_change,37.0,basic
C01396,2025-02-26,W09,2025-03-04,page_view,458.8,free
C01396,2025-02-26,W09,2025-02-26,page_view,87.5,pro
C01396,2025-02-26,W09,2025-03-03,feature_use,33.8,basic
C01396,2025-02-26,W09,2025-03-21,page_view,160.6,basic
C01396,2025-02-26,W09,2025-03-22,feature_use,576.7,basic
C01396,2025-02-26,W09,2025-05-20,page_view,7.8,pro
C01396,2025-02-26,W09,2025-05-15,page_view,89.5,free
C01396,2025-02-26,W09,2025-05-17,feature_use,89.1,free
C01397,2025-01-29,W05,2025-01-29,page_view,194.2,pro
C01397,2025-01-29,W05,2025-03-25,page_view,501.8,free
C01398,2025-02-12,W07,2025-02-12,page_view,240.2,free
C01398,2025-02-12,W07,2025-02-14,feature_use,972.8,free
C01398,2025-02-12,W07,2025-02-17,page_view,332.3,pro
C01398,2025-02-12,W07,2025-02-14,page_view,258.7,free
C01398,2025-02-12,W07,2025-02-15,feature_use,492.6,basic
C01398,2025-02-12,W07,2025-02-18,settings_change,450.5,free
C01398,2025-02-12,W07,2025-02-23,page_view,393.9,free
C01398,2025-02-12,W07,2025-02-20,page_view,51.9,free
C01398,2025-02-12,W07,2025-02-25,feature_use,831.1,basic
C01398,2025-02-12,W07,2025-02-28,feature_use,142.7,basic
C01398,2025-02-12,W07,2025-04-18,settings_change,463.9,free
C01398,2025-02-12,W07,2025-04-21,search,134.1,free
C01398,2025-02-12,W07,2025-04-21,feature_use,139.6,free
C01398,2025-02-12,W07,2025-04-22,page_view,77.3,basic
C01398,2025-02-12,W07,2025-04-19,page_view,238.0,pro
C01398,2025-02-12,W07,2025-04-19,feature_use,279.8,free
C01398,2025-02-12,W07,2025-04-19,search,52.7,basic
C01399,2025-01-15,W03,2025-01-18,page_view,282.1,pro
C01399,2025-01-15,W03,2025-01-21,feature_use,317.8,free
C01399,2025-01-15,W03,2025-01-20,page_view,42.9,free
C01399,2025-01-15,W03,2025-02-10,page_view,115.4,free
C01399,2025-01-15,W03,2025-02-09,feature_use,79.5,free
C01399,2025-01-15,W03,2025-03-30,feature_use,51.4,free
C01399,2025-01-15,W03,2025-03-31,page_view,145.8,free
C01399,2025-01-15,W03,2025-03-29,feature_use,240.9,free
C01400,2025-02-19,W08,2025-02-21,search,2063.8,free
C01401,2025-03-12,W11,2025-03-17,page_view,94.4,free
C01401,2025-03-12,W11,2025-03-12,feature_use,305.5,free
C01401,2025-03-12,W11,2025-03-16,page_view,431.6,pro
C01401,2025-03-12,W11,2025-03-28,feature_use,15.7,basic
C01401,2025-03-12,W11,2025-03-31,page_view,184.2,free
C01402,2025-02-12,W07,2025-02-15,search,75.2,basic
C01402,2025-02-12,W07,2025-02-12,page_view,545.3,basic
C01402,2025-02-12,W07,2025-02-12,feature_use,43.4,pro
C01402,2025-02-12,W07,2025-02-25,settings_change,53.1,free
C01402,2025-02-12,W07,2025-02-19,feature_use,241.4,pro
C01402,2025-02-12,W07,2025-02-24,page_view,838.8,basic
C01402,2025-02-12,W07,2025-02-25,feature_use,135.6,free
C01402,2025-02-12,W07,2025-03-06,feature_use,79.8,basic
C01402,2025-02-12,W07,2025-03-06,page_view,62.4,basic
C01402,2025-02-12,W07,2025-03-06,feature_use,254.4,free
C01403,2025-02-19,W08,2025-02-22,page_view,176.8,free
C01403,2025-02-19,W08,2025-02-24,settings_change,33.8,free
C01404,2025-01-08,W02,2025-01-11,feature_use,201.3,free
C01404,2025-01-08,W02,2025-01-09,search,198.5,basic
C01404,2025-01-08,W02,2025-01-12,feature_use,191.0,basic
C01404,2025-01-08,W02,2025-03-02,page_view,202.8,free
C01404,2025-01-08,W02,2025-03-07,feature_use,29.8,free
C01404,2025-01-08,W02,2025-03-08,feature_use,104.3,basic
C01404,2025-01-08,W02,2025-03-06,feature_use,71.0,basic
C01404,2025-01-08,W02,2025-03-09,page_view,495.3,pro
C01404,2025-01-08,W02,2025-03-09,page_view,5029.8,free
C01404,2025-01-08,W02,2025-03-07,feature_use,469.2,free
C01405,2025-02-19,W08,2025-02-25,page_view,319.7,free
C01405,2025-02-19,W08,2025-02-28,page_view,207.9,pro
C01405,2025-02-19,W08,2025-03-30,page_view,242.0,free
C01405,2025-02-19,W08,2025-04-01,page_view,492.2,free
C01405,2025-02-19,W08,2025-04-26,feature_use,135.5,free
C01405,2025-02-19,W08,2025-04-24,feature_use,223.2,free
C01405,2025-02-19,W08,2025-05-03,search,208.1,free
C01405,2025-02-19,W08,2025-05-03,page_view,112.1,basic
C01405,2025-02-19,W08,2025-05-01,feature_use,28.7,basic
C01406,2025-01-01,W01,2025-01-04,feature_use,69.8,pro
C01406,2025-01-01,W01,2025-01-04,search,79.0,free
C01406,2025-01-01,W01,2025-01-07,feature_use,114.5,free
C01406,2025-01-01,W01,2025-02-19,page_view,114.0,free
C01406,2025-01-01,W01,2025-02-23,page_view,107.5,free
C01406,2025-01-01,W01,2025-02-23,feature_use,111.8,pro
C01406,2025-01-01,W01,2025-02-20,feature_use,278.9,pro
C01406,2025-01-01,W01,2025-03-09,settings_change,143.5,basic
C01406,2025-01-01,W01,2025-03-05,feature_use,73.9,basic
C01407,2025-03-05,W10,2025-03-08,page_view,666.6,pro
C01407,2025-03-05,W10,2025-03-05,page_view,216.8,pro
C01408,2025-02-05,W06,2025-02-10,page_view,1657.0,free
C01409,2025-02-05,W06,2025-02-09,search,277.1,free
C01409,2025-02-05,W06,2025-02-06,search,138.8,pro
C01410,2025-03-05,W10,2025-03-07,search,23.5,basic
C01410,2025-03-05,W10,2025-03-26,feature_use,75.4,free
C01411,2025-03-05,W10,2025-03-09,page_view,91.5,free
C01411,2025-03-05,W10,2025-03-10,page_view,283.3,free
C01411,2025-03-05,W10,2025-03-09,page_view,435.1,pro
C01412,2025-02-12,W07,2025-02-15,feature_use,529.6,free
C01412,2025-02-12,W07,2025-02-21,feature_use,25.9,pro
C01412,2025-02-12,W07,2025-03-20,search,99.2,free
C01412,2025-02-12,W07,2025-03-25,page_view,952.2,free
C01413,2025-01-22,W04,2025-01-24,page_view,227.3,free
C01413,2025-01-22,W04,2025-02-04,page_view,145.9,pro
C01413,2025-01-22,W04,2025-02-26,search,446.2,basic
C01414,2025-02-19,W08,2025-02-19,search,182.9,basic
C01415,2025-01-08,W02,2025-01-08,feature_use,126.1,basic
C01416,2025-02-19,W08,2025-02-22,settings_change,79.2,free
C01417,2025-02-12,W07,2025-02-17,feature_use,313.5,basic
C01417,2025-02-12,W07,2025-02-17,feature_use,770.8,basic
C01418,2025-03-05,W10,2025-03-09,search,133.4,free
C01419,2025-02-05,W06,2025-02-07,page_view,67.9,free
C01419,2025-02-05,W06,2025-02-09,page_view,341.7,pro
C01419,2025-02-05,W06,2025-02-11,feature_use,275.7,basic
C01419,2025-02-05,W06,2025-02-11,page_view,77.4,free
C01419,2025-02-05,W06,2025-02-07,feature_use,332.7,free
C01419,2025-02-05,W06,2025-02-05,page_view,490.0,free
C01419,2025-02-05,W06,2025-03-01,feature_use,802.1,pro
C01420,2025-02-19,W08,2025-02-25,search,150.9,free
C01420,2025-02-19,W08,2025-03-06,page_view,126.7,pro
C01420,2025-02-19,W08,2025-03-10,page_view,337.8,basic
C01420,2025-02-19,W08,2025-03-31,feature_use,704.7,free
C01420,2025-02-19,W08,2025-03-28,feature_use,504.5,free
C01421,2025-01-08,W02,2025-01-08,search,521.0,free
C01422,2025-02-19,W08,2025-02-20,page_view,118.4,pro
C01422,2025-02-19,W08,2025-02-25,search,69.5,free
C01423,2025-03-05,W10,2025-03-10,feature_use,151.6,free
C01424,2025-01-22,W04,2025-01-25,page_view,94.2,free
C01424,2025-01-22,W04,2025-01-23,page_view,322.7,basic
C01425,2025-03-12,W11,2025-03-15,search,33.9,pro
C01425,2025-03-12,W11,2025-03-19,search,63.8,pro
C01425,2025-03-12,W11,2025-03-20,page_view,128.4,free
C01425,2025-03-12,W11,2025-03-23,page_view,67.4,free
C01425,2025-03-12,W11,2025-03-23,page_view,978.1,basic
C01425,2025-03-12,W11,2025-04-01,page_view,138.2,free
C01425,2025-03-12,W11,2025-05-04,page_view,232.2,basic
C01425,2025-03-12,W11,2025-05-04,page_view,47.6,basic
C01426,2025-02-12,W07,2025-02-15,page_view,127.2,basic
C01426,2025-02-12,W07,2025-04-19,search,106.5,free
C01426,2025-02-12,W07,2025-04-22,page_view,36.4,pro
C01427,2025-03-19,W12,2025-03-19,page_view,305.8,free
C01427,2025-03-19,W12,2025-03-22,page_view,79.4,basic
C01427,2025-03-19,W12,2025-05-07,page_view,108.2,free
C01427,2025-03-19,W12,2025-05-11,feature_use,358.3,free
C01427,2025-03-19,W12,2025-05-14,feature_use,66.8,basic
C01427,2025-03-19,W12,2025-05-15,search,194.1,pro
C01428,2025-03-05,W10,2025-03-11,feature_use,434.5,free
C01429,2025-02-19,W08,2025-02-19,page_view,83.2,free
C01429,2025-02-19,W08,2025-03-01,page_view,169.6,pro
C01430,2025-01-15,W03,2025-01-16,page_view,46.9,free
C01430,2025-01-15,W03,2025-01-29,page_view,129.4,free
C01430,2025-01-15,W03,2025-02-05,search,86.2,basic
C01431,2025-03-19,W12,2025-03-20,page_view,772.2,pro
C01431,2025-03-19,W12,2025-03-23,page_view,184.5,free
C01431,2025-03-19,W12,2025-03-25,search,35.3,free
C01431,2025-03-19,W12,2025-05-02,settings_change,153.7,free
C01431,2025-03-19,W12,2025-05-06,page_view,25.9,free
C01432,2025-02-19,W08,2025-02-22,feature_use,286.1,basic
C01432,2025-02-19,W08,2025-04-15,page_view,152.2,free
C01432,2025-02-19,W08,2025-04-15,page_view,684.2,free
C01432,2025-02-19,W08,2025-04-11,feature_use,152.2,basic
C01432,2025-02-19,W08,2025-04-22,page_view,162.3,basic
C01432,2025-02-19,W08,2025-04-17,feature_use,283.7,pro
C01433,2025-01-01,W01,2025-01-02,page_view,62.9,basic
C01433,2025-01-01,W01,2025-01-05,page_view,95.2,basic
C01433,2025-01-01,W01,2025-01-27,page_view,118.8,free
C01433,2025-01-01,W01,2025-01-22,page_view,71.6,basic
C01433,2025-01-01,W01,2025-01-24,feature_use,118.5,pro
C01433,2025-01-01,W01,2025-01-23,feature_use,49.6,free
C01434,2025-02-26,W09,2025-03-04,page_view,423.9,free
C01434,2025-02-26,W09,2025-02-26,feature_use,139.8,free
C01434,2025-02-26,W09,2025-03-17,feature_use,208.7,free
C01434,2025-02-26,W09,2025-04-01,page_view,736.8,pro
C01434,2025-02-26,W09,2025-05-03,feature_use,91.8,free
C01434,2025-02-26,W09,2025-05-02,feature_use,136.0,free
C01435,2025-01-08,W02,2025-01-13,page_view,95.9,pro
C01435,2025-01-08,W02,2025-01-17,page_view,135.8,pro
C01435,2025-01-08,W02,2025-01-28,page_view,101.6,pro
C01435,2025-01-08,W02,2025-01-23,page_view,1114.1,free
C01435,2025-01-08,W02,2025-01-23,feature_use,40.2,basic
C01435,2025-01-08,W02,2025-02-19,feature_use,37.4,basic
C01435,2025-01-08,W02,2025-02-21,page_view,230.5,pro
C01435,2025-01-08,W02,2025-02-23,page_view,36.8,free
C01436,2025-01-08,W02,2025-01-12,page_view,264.7,free
C01436,2025-01-08,W02,2025-01-26,page_view,78.7,free
C01436,2025-01-08,W02,2025-01-25,settings_change,64.1,free
C01436,2025-01-08,W02,2025-02-05,feature_use,49.6,free
C01436,2025-01-08,W02,2025-02-18,page_view,81.2,basic
C01436,2025-01-08,W02,2025-02-12,page_view,393.9,free
C01436,2025-01-08,W02,2025-02-22,feature_use,39.1,free
C01436,2025-01-08,W02,2025-02-23,feature_use,708.1,free
C01437,2025-01-29,W05,2025-02-04,page_view,230.2,basic
C01437,2025-01-29,W05,2025-02-02,settings_change,121.6,basic
C01437,2025-01-29,W05,2025-02-01,feature_use,403.1,pro
C01437,2025-01-29,W05,2025-01-31,page_view,45.9,free
C01437,2025-01-29,W05,2025-02-23,search,728.2,pro
C01438,2025-02-19,W08,2025-02-20,page_view,33.8,free
C01438,2025-02-19,W08,2025-02-21,search,250.6,basic
C01439,2025-01-01,W01,2025-01-02,page_view,206.1,basic
C01439,2025-01-01,W01,2025-01-01,feature_use,29.2,basic
C01439,2025-01-01,W01,2025-01-06,feature_use,176.4,basic
C01439,2025-01-01,W01,2025-01-12,feature_use,91.8,pro
C01439,2025-01-01,W01,2025-01-13,feature_use,120.3,pro
C01439,2025-01-01,W01,2025-01-16,page_view,310.5,basic
C01439,2025-01-01,W01,2025-01-22,page_view,814.6,free
C01439,2025-01-01,W01,2025-01-27,settings_change,133.8,basic
C01439,2025-01-01,W01,2025-03-23,page_view,325.7,basic
C01440,2025-01-15,W03,2025-01-17,page_view,200.9,pro
C01440,2025-01-15,W03,2025-01-20,page_view,119.1,free
C01440,2025-01-15,W03,2025-01-21,page_view,155.9,basic
C01441,2025-02-19,W08,2025-02-23,settings_change,1931.4,pro
C01441,2025-02-19,W08,2025-02-21,feature_use,612.8,basic
C01441,2025-02-19,W08,2025-02-22,search,56.8,free
C01441,2025-02-19,W08,2025-02-21,feature_use,532.1,basic
C01441,2025-02-19,W08,2025-02-24,search,713.3,basic
C01441,2025-02-19,W08,2025-03-27,page_view,211.7,pro
C01441,2025-02-19,W08,2025-03-26,page_view,55.6,pro
C01441,2025-02-19,W08,2025-04-01,feature_use,27.7,basic
C01441,2025-02-19,W08,2025-03-28,settings_change,262.4,basic
C01441,2025-02-19,W08,2025-03-28,page_view,390.0,free
C01442,2025-02-12,W07,2025-02-13,feature_use,762.5,basic
C01442,2025-02-12,W07,2025-02-25,feature_use,36.7,free
C01442,2025-02-12,W07,2025-02-25,feature_use,102.5,basic
C01442,2025-02-12,W07,2025-02-24,page_view,871.4,free
C01442,2025-02-12,W07,2025-03-18,search,131.9,free
C01442,2025-02-12,W07,2025-03-13,page_view,481.9,basic
C01442,2025-02-12,W07,2025-03-18,search,227.2,free
C01443,2025-03-12,W11,2025-03-17,page_view,158.4,free
C01444,2025-02-05,W06,2025-02-07,page_view,66.8,free
C01445,2025-01-01,W01,2025-01-03,feature_use,223.8,pro
C01445,2025-01-01,W01,2025-01-11,page_view,23.7,free
C01445,2025-01-01,W01,2025-01-13,page_view,119.3,free
C01445,2025-01-01,W01,2025-01-13,feature_use,103.5,free
C01445,2025-01-01,W01,2025-03-17,feature_use,33.6,free
C01445,2025-01-01,W01,2025-03-14,feature_use,388.9,basic
C01445,2025-01-01,W01,2025-03-12,page_view,113.4,basic
C01445,2025-01-01,W01,2025-03-14,page_view,51.2,free
C01446,2025-01-22,W04,2025-01-25,page_view,113.8,basic
C01447,2025-03-19,W12,2025-03-22,page_view,566.1,free
C01447,2025-03-19,W12,2025-03-23,feature_use,103.5,free
C01447,2025-03-19,W12,2025-04-24,feature_use,122.7,free
C01448,2025-01-15,W03,2025-01-18,page_view,146.1,basic
C01448,2025-01-15,W03,2025-02-16,feature_use,133.5,free
C01448,2025-01-15,W03,2025-02-15,feature_use,686.5,free
C01448,2025-01-15,W03,2025-02-18,feature_use,151.3,free
C01448,2025-01-15,W03,2025-03-26,search,442.0,free
C01448,2025-01-15,W03,2025-04-01,feature_use,141.1,free
C01448,2025-01-15,W03,2025-03-27,search,95.4,basic
C01449,2025-03-19,W12,2025-03-22,search,708.1,free
C01449,2025-03-19,W12,2025-03-22,feature_use,308.3,free
C01449,2025-03-19,W12,2025-05-05,page_view,99.9,basic
C01450,2025-03-05,W10,2025-03-05,page_view,100.5,pro
C01450,2025-03-05,W10,2025-03-09,search,234.8,free
C01450,2025-03-05,W10,2025-03-10,feature_use,81.6,free
C01450,2025-03-05,W10,2025-03-10,feature_use,1602.2,pro
C01450,2025-03-05,W10,2025-03-16,feature_use,28.6,free
C01450,2025-03-05,W10,2025-04-09,page_view,47.4,free
C01450,2025-03-05,W10,2025-05-22,page_view,105.8,free
C01450,2025-03-05,W10,2025-05-23,feature_use,188.6,basic
C01450,2025-03-05,W10,2025-05-27,search,152.1,basic
C01450,2025-03-05,W10,2025-05-25,search,9.6,free
C01451,2025-03-05,W10,2025-03-09,feature_use,192.4,free
C01451,2025-03-05,W10,2025-03-15,page_view,310.4,free
C01451,2025-03-05,W10,2025-03-18,page_view,164.7,free
C01451,2025-03-05,W10,2025-03-18,page_view,88.2,pro
C01451,2025-03-05,W10,2025-03-12,feature_use,59.7,free
C01451,2025-03-05,W10,2025-03-16,search,280.6,basic
C01451,2025-03-05,W10,2025-04-13,search,87.4,free
C01451,2025-03-05,W10,2025-05-03,page_view,77.3,pro
C01452,2025-02-12,W07,2025-02-12,page_view,216.6,basic
C01453,2025-02-19,W08,2025-02-22,page_view,141.9,basic
C01453,2025-02-19,W08,2025-03-01,page_view,175.2,pro
C01453,2025-02-19,W08,2025-03-01,feature_use,50.5,basic
C01453,2025-02-19,W08,2025-02-26,page_view,67.1,free
C01453,2025-02-19,W08,2025-03-01,page_view,138.2,basic
C01453,2025-02-19,W08,2025-03-03,feature_use,448.3,basic
C01453,2025-02-19,W08,2025-03-05,page_view,352.7,basic
C01453,2025-02-19,W08,2025-03-09,page_view,349.3,free
C01453,2025-02-19,W08,2025-03-14,search,53.7,pro
C01453,2025-02-19,W08,2025-04-22,search,477.2,basic
C01453,2025-02-19,W08,2025-04-20,settings_change,430.3,pro
C01453,2025-02-19,W08,2025-05-03,page_view,16.2,basic
C01454,2025-03-19,W12,2025-03-21,search,99.3,free
C01454,2025-03-19,W12,2025-03-21,feature_use,46.0,pro
C01454,2025-03-19,W12,2025-03-20,settings_change,246.1,basic
C01454,2025-03-19,W12,2025-04-13,page_view,160.6,free
C01454,2025-03-19,W12,2025-04-15,feature_use,69.5,pro
C01454,2025-03-19,W12,2025-05-01,page_view,57.6,free
C01454,2025-03-19,W12,2025-06-08,page_view,153.5,pro
C01454,2025-03-19,W12,2025-06-08,page_view,59.0,pro
C01455,2025-02-12,W07,2025-02-12,page_view,186.1,free
C01455,2025-02-12,W07,2025-02-14,page_view,595.3,basic
C01455,2025-02-12,W07,2025-02-12,search,51.0,free
C01455,2025-02-12,W07,2025-03-20,feature_use,317.7,pro
C01455,2025-02-12,W07,2025-03-25,page_view,142.5,free
C01455,2025-02-12,W07,2025-04-18,page_view,99.7,pro
C01456,2025-01-29,W05,2025-02-01,feature_use,325.5,free
C01456,2025-01-29,W05,2025-02-04,page_view,86.2,pro
C01456,2025-01-29,W05,2025-02-02,page_view,67.7,free
C01456,2025-01-29,W05,2025-02-06,search,62.7,pro
C01456,2025-01-29,W05,2025-02-08,page_view,86.0,free
C01456,2025-01-29,W05,2025-02-10,page_view,196.4,free
C01456,2025-01-29,W05,2025-02-11,page_view,253.2,free
C01456,2025-01-29,W05,2025-02-05,feature_use,138.3,free
C01456,2025-01-29,W05,2025-02-20,feature_use,163.4,free
C01456,2025-01-29,W05,2025-02-23,feature_use,166.3,free
C01456,2025-01-29,W05,2025-02-20,page_view,328.8,basic
C01456,2025-01-29,W05,2025-03-14,page_view,548.4,free
C01456,2025-01-29,W05,2025-03-16,page_view,125.6,pro
C01456,2025-01-29,W05,2025-03-12,feature_use,70.0,free
C01457,2025-02-26,W09,2025-03-04,feature_use,328.0,pro
C01458,2025-01-22,W04,2025-01-28,page_view,56.0,free
C01458,2025-01-22,W04,2025-01-25,feature_use,638.0,basic
C01458,2025-01-22,W04,2025-01-25,feature_use,82.8,basic
C01459,2025-01-15,W03,2025-01-21,page_view,292.2,pro
C01460,2025-03-12,W11,2025-03-15,search,103.0,free
C01460,2025-03-12,W11,2025-03-14,search,109.0,basic
C01460,2025-03-12,W11,2025-03-17,page_view,152.7,basic
C01460,2025-03-12,W11,2025-04-01,feature_use,370.1,basic
C01461,2025-02-19,W08,2025-02-19,page_view,198.8,free
C01461,2025-02-19,W08,2025-02-21,page_view,98.0,pro
C01462,2025-01-01,W01,2025-01-04,page_view,273.0,free
C01462,2025-01-01,W01,2025-01-03,page_view,25.5,free
C01462,2025-01-01,W01,2025-01-04,page_view,25.9,free
C01462,2025-01-01,W01,2025-02-17,feature_use,105.6,free
C01463,2025-03-05,W10,2025-03-09,feature_use,96.0,pro
C01463,2025-03-05,W10,2025-03-11,page_view,396.2,pro
C01463,2025-03-05,W10,2025-03-08,page_view,422.8,pro
C01463,2025-03-05,W10,2025-03-08,feature_use,51.7,free
C01463,2025-03-05,W10,2025-03-07,page_view,213.4,free
C01463,2025-03-05,W10,2025-03-12,page_view,13.2,free
C01463,2025-03-05,W10,2025-03-24,settings_change,46.2,pro
C01464,2025-01-08,W02,2025-01-08,feature_use,316.6,basic
C01464,2025-01-08,W02,2025-01-15,page_view,519.9,free
C01465,2025-03-05,W10,2025-03-09,page_view,1079.2,free
C01465,2025-03-05,W10,2025-03-17,page_view,128.0,free
C01466,2025-03-19,W12,2025-03-24,page_view,114.3,basic
C01467,2025-01-29,W05,2025-02-02,page_view,274.0,free
C01467,2025-01-29,W05,2025-01-31,page_view,277.4,free
C01467,2025-01-29,W05,2025-01-31,search,266.2,free
C01467,2025-01-29,W05,2025-02-01,search,124.6,pro
C01467,2025-01-29,W05,2025-02-21,search,510.1,pro
C01467,2025-01-29,W05,2025-02-19,search,64.2,free
C01468,2025-02-26,W09,2025-02-28,settings_change,153.8,pro
C01468,2025-02-26,W09,2025-04-20,page_view,52.3,free
C01469,2025-02-05,W06,2025-02-09,page_view,22.7,free
C01469,2025-02-05,W06,2025-02-18,page_view,161.3,basic
C01469,2025-02-05,W06,2025-02-19,page_view,299.7,pro
C01469,2025-02-05,W06,2025-02-21,page_view,176.5,free
C01469,2025-02-05,W06,2025-02-23,page_view,129.2,free
C01469,2025-02-05,W06,2025-02-24,feature_use,147.8,pro
C01470,2025-02-12,W07,2025-02-17,page_view,57.3,pro
C01470,2025-02-12,W07,2025-02-26,page_view,162.9,pro
C01471,2025-03-19,W12,2025-03-25,feature_use,85.3,basic
C01471,2025-03-19,W12,2025-03-21,page_view,53.1,basic
C01471,2025-03-19,W12,2025-03-30,feature_use,43.9,pro
C01472,2025-01-15,W03,2025-01-21,page_view,101.0,free
C01473,2025-01-29,W05,2025-02-03,page_view,129.6,basic
C01474,2025-01-22,W04,2025-01-27,feature_use,477.6,free
C01474,2025-01-22,W04,2025-02-13,page_view,140.1,free
C01474,2025-01-22,W04,2025-04-01,page_view,222.9,free
C01474,2025-01-22,W04,2025-03-26,feature_use,31.3,basic
C01475,2025-03-12,W11,2025-03-18,settings_change,180.4,pro
C01475,2025-03-12,W11,2025-03-18,page_view,556.1,basic
C01475,2025-03-12,W11,2025-03-12,feature_use,329.5,basic
C01475,2025-03-12,W11,2025-03-18,page_view,1004.0,free
C01475,2025-03-12,W11,2025-04-07,feature_use,457.7,pro
C01475,2025-03-12,W11,2025-06-02,page_view,131.8,free
C01475,2025-03-12,W11,2025-05-28,page_view,134.2,basic
C01476,2025-01-29,W05,2025-01-29,page_view,36.3,pro
C01476,2025-01-29,W05,2025-02-27,feature_use,66.3,pro
C01477,2025-01-22,W04,2025-01-26,feature_use,178.1,free
C01477,2025-01-22,W04,2025-01-22,feature_use,149.4,pro
C01477,2025-01-22,W04,2025-02-06,page_view,122.2,basic
C01477,2025-01-22,W04,2025-02-10,page_view,138.7,free
C01478,2025-03-12,W11,2025-03-14,search,244.1,free
C01478,2025-03-12,W11,2025-03-24,page_view,118.1,free
C01478,2025-03-12,W11,2025-03-28,feature_use,18.5,pro
C01478,2025-03-12,W11,2025-03-27,feature_use,55.4,basic
C01478,2025-03-12,W11,2025-06-03,feature_use,62.3,basic
C01478,2025-03-12,W11,2025-06-02,page_view,1683.2,free
C01479,2025-02-05,W06,2025-02-07,page_view,144.8,free
C01479,2025-02-05,W06,2025-02-07,page_view,23.0,free
C01480,2025-01-22,W04,2025-01-23,page_view,673.7,free
C01480,2025-01-22,W04,2025-02-03,feature_use,35.6,free
C01480,2025-01-22,W04,2025-03-27,feature_use,25.4,free
C01480,2025-01-22,W04,2025-03-27,page_view,108.4,basic
C01481,2025-02-05,W06,2025-02-07,feature_use,397.2,basic
C01481,2025-02-05,W06,2025-02-05,feature_use,304.2,pro
C01481,2025-02-05,W06,2025-03-03,feature_use,492.8,free
C01481,2025-02-05,W06,2025-03-14,page_view,247.5,pro
C01482,2025-03-12,W11,2025-03-12,feature_use,71.1,pro
C01482,2025-03-12,W11,2025-03-14,feature_use,406.1,free
C01483,2025-02-19,W08,2025-02-25,feature_use,80.1,free
C01483,2025-02-19,W08,2025-02-25,feature_use,144.7,free
C01483,2025-02-19,W08,2025-03-03,search,69.5,free
C01483,2025-02-19,W08,2025-03-03,page_view,614.3,basic
C01483,2025-02-19,W08,2025-04-01,search,141.3,pro
C01484,2025-02-26,W09,2025-03-02,search,55.2,pro
C01484,2025-02-26,W09,2025-03-18,page_view,557.2,free
C01484,2025-02-26,W09,2025-03-15,page_view,61.0,free
C01484,2025-02-26,W09,2025-03-12,page_view,34.5,pro
C01485,2025-02-05,W06,2025-02-05,feature_use,118.2,basic
C01485,2025-02-05,W06,2025-02-08,search,158.3,basic
C01485,2025-02-05,W06,2025-02-08,page_view,22.5,free
C01485,2025-02-05,W06,2025-02-22,page_view,150.1,pro
C01485,2025-02-05,W06,2025-02-24,page_view,45.0,basic
C01485,2025-02-05,W06,2025-03-10,page_view,1129.6,basic
C01485,2025-02-05,W06,2025-03-06,page_view,1348.4,pro
C01485,2025-02-05,W06,2025-03-06,feature_use,482.8,free
C01485,2025-02-05,W06,2025-03-09,page_view,108.9,basic
C01486,2025-02-12,W07,2025-02-18,page_view,119.6,free
C01486,2025-02-12,W07,2025-02-22,page_view,639.8,basic
C01486,2025-02-12,W07,2025-02-28,page_view,786.2,free
C01486,2025-02-12,W07,2025-03-03,page_view,273.6,basic
C01486,2025-02-12,W07,2025-03-22,search,307.6,basic
C01486,2025-02-12,W07,2025-03-25,page_view,1966.9,free
C01487,2025-01-08,W02,2025-01-14,feature_use,134.6,pro
C01487,2025-01-08,W02,2025-01-10,search,248.3,free
C01488,2025-01-22,W04,2025-01-25,page_view,30.2,pro
C01488,2025-01-22,W04,2025-01-26,search,128.1,basic
C01488,2025-01-22,W04,2025-02-04,page_view,101.8,pro
C01488,2025-01-22,W04,2025-02-03,page_view,39.0,pro
C01488,2025-01-22,W04,2025-02-04,search,225.9,free
C01488,2025-01-22,W04,2025-02-03,page_view,589.3,basic
C01488,2025-01-22,W04,2025-02-19,page_view,223.2,basic
C01488,2025-01-22,W04,2025-02-28,page_view,125.7,free
C01488,2025-01-22,W04,2025-03-01,page_view,141.4,pro
C01488,2025-01-22,W04,2025-03-03,page_view,35.4,free
C01488,2025-01-22,W04,2025-02-26,feature_use,40.1,basic
C01488,2025-01-22,W04,2025-03-16,page_view,202.4,free
C01488,2025-01-22,W04,2025-03-12,feature_use,151.7,basic
C01488,2025-01-22,W04,2025-03-13,settings_change,124.7,free
C01489,2025-01-22,W04,2025-01-27,feature_use,199.9,basic
C01489,2025-01-22,W04,2025-01-22,feature_use,84.5,free
C01489,2025-01-22,W04,2025-01-28,page_view,203.0,free
C01489,2025-01-22,W04,2025-02-01,feature_use,183.5,pro
C01489,2025-01-22,W04,2025-01-31,page_view,298.7,free
C01489,2025-01-22,W04,2025-02-08,search,194.8,free
C01489,2025-01-22,W04,2025-02-06,feature_use,97.6,pro
C01489,2025-01-22,W04,2025-03-18,feature_use,279.7,basic
C01490,2025-03-19,W12,2025-03-20,page_view,371.8,basic
C01490,2025-03-19,W12,2025-03-25,search,125.0,pro
C01491,2025-03-19,W12,2025-03-19,feature_use,436.8,free
C01492,2025-02-26,W09,2025-02-27,page_view,163.4,free
C01492,2025-02-26,W09,2025-03-03,settings_change,84.9,free
C01492,2025-02-26,W09,2025-03-16,page_view,66.6,free
C01492,2025-02-26,W09,2025-03-18,page_view,213.4,pro
C01492,2025-02-26,W09,2025-03-13,settings_change,64.1,free
C01492,2025-02-26,W09,2025-03-16,feature_use,84.6,basic
C01492,2025-02-26,W09,2025-03-23,search,187.3,basic
C01492,2025-02-26,W09,2025-03-24,feature_use,128.9,free
C01492,2025-02-26,W09,2025-03-23,page_view,370.4,pro
C01492,2025-02-26,W09,2025-03-20,feature_use,58.3,basic
C01492,2025-02-26,W09,2025-03-26,page_view,90.6,pro
C01492,2025-02-26,W09,2025-03-31,page_view,145.5,free
C01492,2025-02-26,W09,2025-03-29,feature_use,55.1,free
C01492,2025-02-26,W09,2025-03-28,page_view,122.2,free
C01492,2025-02-26,W09,2025-04-01,page_view,48.0,basic
C01492,2025-02-26,W09,2025-04-21,feature_use,70.5,basic
C01492,2025-02-26,W09,2025-04-20,feature_use,202.7,free
C01492,2025-02-26,W09,2025-04-21,feature_use,359.8,pro
C01492,2025-02-26,W09,2025-04-23,feature_use,124.0,free
C01492,2025-02-26,W09,2025-04-26,search,127.3,free
C01492,2025-02-26,W09,2025-04-24,feature_use,165.9,free
C01492,2025-02-26,W09,2025-04-28,page_view,16.5,free
C01492,2025-02-26,W09,2025-04-26,page_view,175.2,basic
C01492,2025-02-26,W09,2025-05-11,page_view,141.5,free
C01493,2025-02-05,W06,2025-02-11,search,835.5,free
C01493,2025-02-05,W06,2025-02-08,page_view,110.6,free
C01493,2025-02-05,W06,2025-02-11,page_view,1090.4,pro
C01493,2025-02-05,W06,2025-02-15,page_view,183.5,free
C01493,2025-02-05,W06,2025-02-15,feature_use,59.9,basic
C01493,2025-02-05,W06,2025-02-24,search,81.4,basic
C01493,2025-02-05,W06,2025-02-23,search,396.0,basic
C01493,2025-02-05,W06,2025-02-21,search,182.0,free
C01493,2025-02-05,W06,2025-02-20,page_view,94.5,basic
C01493,2025-02-05,W06,2025-02-20,search,87.2,pro
C01493,2025-02-05,W06,2025-03-27,feature_use,81.1,pro
C01494,2025-02-19,W08,2025-02-19,page_view,128.7,pro
C01495,2025-03-05,W10,2025-03-10,feature_use,105.9,free
C01495,2025-03-05,W10,2025-04-08,feature_use,101.4,free
C01495,2025-03-05,W10,2025-04-06,page_view,469.6,basic
C01496,2025-02-12,W07,2025-02-16,page_view,100.0,basic
C01496,2025-02-12,W07,2025-02-28,search,36.1,pro
C01497,2025-01-08,W02,2025-01-08,feature_use,258.1,pro
C01498,2025-01-29,W05,2025-01-31,search,251.2,basic
C01498,2025-01-29,W05,2025-02-03,feature_use,331.9,free
C01498,2025-01-29,W05,2025-01-29,feature_use,1216.5,basic
C01498,2025-01-29,W05,2025-02-03,page_view,747.9,basic
C01499,2025-02-26,W09,2025-02-28,feature_use,169.2,basic
C01499,2025-02-26,W09,2025-02-27,search,50.9,pro
C01500,2025-03-05,W10,2025-03-10,page_view,41.3,basic
C01500,2025-03-05,W10,2025-03-07,page_view,94.9,free
C01501,2025-03-05,W10,2025-03-09,page_view,1417.0,pro
C01501,2025-03-05,W10,2025-03-05,page_view,130.6,free
C01502,2025-03-12,W11,2025-03-14,feature_use,232.7,free
C01502,2025-03-12,W11,2025-04-24,feature_use,349.5,free
C01502,2025-03-12,W11,2025-04-28,page_view,96.1,pro
C01502,2025-03-12,W11,2025-05-13,page_view,22.6,free
C01502,2025-03-12,W11,2025-05-14,page_view,209.7,free
C01503,2025-02-05,W06,2025-02-07,page_view,64.6,free
C01504,2025-03-12,W11,2025-03-12,feature_use,344.2,free
C01504,2025-03-12,W11,2025-03-13,feature_use,51.9,basic
C01505,2025-02-26,W09,2025-03-01,page_view,744.3,free
C01505,2025-02-26,W09,2025-03-06,feature_use,150.9,basic
C01505,2025-02-26,W09,2025-03-09,page_view,54.8,free
C01506,2025-02-26,W09,2025-02-28,page_view,17.8,free
C01506,2025-02-26,W09,2025-05-10,feature_use,268.9,free
C01507,2025-01-08,W02,2025-01-13,feature_use,324.8,basic
C01507,2025-01-08,W02,2025-01-12,page_view,166.2,pro
C01507,2025-01-08,W02,2025-01-14,page_view,58.7,pro
C01507,2025-01-08,W02,2025-01-10,page_view,177.2,free
C01507,2025-01-08,W02,2025-02-05,page_view,118.6,free
C01507,2025-01-08,W02,2025-03-03,page_view,563.7,free
C01507,2025-01-08,W02,2025-02-27,feature_use,53.6,basic
C01508,2025-03-12,W11,2025-03-16,page_view,159.0,free
C01508,2025-03-12,W11,2025-04-27,feature_use,362.7,basic
C01509,2025-01-15,W03,2025-01-21,page_view,119.9,pro
C01509,2025-01-15,W03,2025-03-20,page_view,96.4,pro
C01510,2025-03-05,W10,2025-03-11,page_view,617.1,free
C01510,2025-03-05,W10,2025-03-11,settings_change,156.5,free
C01510,2025-03-05,W10,2025-04-01,page_view,368.2,pro
C01510,2025-03-05,W10,2025-03-30,feature_use,362.2,free
C01510,2025-03-05,W10,2025-03-26,settings_change,145.3,pro
C01511,2025-01-08,W02,2025-01-14,feature_use,68.2,pro
C01511,2025-01-08,W02,2025-01-09,page_view,122.0,free
C01511,2025-01-08,W02,2025-01-18,search,170.9,free
C01512,2025-01-29,W05,2025-02-02,page_view,183.1,basic
C01513,2025-03-19,W12,2025-03-21,settings_change,391.6,basic
C01513,2025-03-19,W12,2025-03-19,page_view,49.4,basic
C01513,2025-03-19,W12,2025-03-26,search,115.4,pro
C01514,2025-02-19,W08,2025-02-22,search,21.5,free
C01515,2025-02-05,W06,2025-02-05,page_view,34.6,basic
C01515,2025-02-05,W06,2025-03-10,page_view,200.8,basic
C01515,2025-02-05,W06,2025-03-24,feature_use,131.5,free
C01515,2025-02-05,W06,2025-03-27,page_view,19.5,basic
C01515,2025-02-05,W06,2025-03-29,page_view,224.1,basic
C01515,2025-02-05,W06,2025-03-27,page_view,1824.8,basic
C01515,2025-02-05,W06,2025-04-02,page_view,130.7,basic
C01516,2025-02-19,W08,2025-02-24,feature_use,85.2,free
C01516,2025-02-19,W08,2025-02-25,page_view,148.1,free
C01516,2025-02-19,W08,2025-04-01,search,202.0,free
C01516,2025-02-19,W08,2025-03-27,search,247.4,free
C01516,2025-02-19,W08,2025-03-27,search,283.6,free
C01516,2025-02-19,W08,2025-04-28,page_view,95.1,free
C01517,2025-01-01,W01,2025-01-01,page_view,97.7,free
C01517,2025-01-01,W01,2025-01-02,page_view,158.2,free
C01517,2025-01-01,W01,2025-01-16,page_view,1178.0,free
C01517,2025-01-01,W01,2025-01-26,page_view,37.3,pro
C01518,2025-02-26,W09,2025-03-04,search,27.7,basic
C01518,2025-02-26,W09,2025-03-03,search,197.6,free
C01518,2025-02-26,W09,2025-04-04,search,55.5,free
C01519,2025-03-12,W11,2025-03-17,page_view,85.1,basic
C01519,2025-03-12,W11,2025-03-14,page_view,121.6,free
C01520,2025-02-12,W07,2025-02-15,feature_use,88.6,basic
C01521,2025-01-22,W04,2025-01-28,feature_use,47.4,basic
C01521,2025-01-22,W04,2025-01-23,search,132.2,free
C01521,2025-01-22,W04,2025-01-23,page_view,74.2,free
C01521,2025-01-22,W04,2025-01-24,page_view,91.5,pro
C01521,2025-01-22,W04,2025-02-13,page_view,146.1,pro
C01521,2025-01-22,W04,2025-03-18,feature_use,361.2,free
C01522,2025-02-19,W08,2025-02-20,feature_use,63.2,free
C01522,2025-02-19,W08,2025-02-24,page_view,330.1,free
C01522,2025-02-19,W08,2025-02-25,page_view,154.7,pro
C01522,2025-02-19,W08,2025-03-13,feature_use,65.2,free
C01522,2025-02-19,W08,2025-04-01,feature_use,66.3,free
C01522,2025-02-19,W08,2025-04-28,feature_use,78.3,free
C01522,2025-02-19,W08,2025-04-26,feature_use,190.4,free
C01523,2025-02-12,W07,2025-02-18,page_view,155.0,basic
C01523,2025-02-12,W07,2025-02-17,search,71.4,pro
C01523,2025-02-12,W07,2025-02-22,page_view,681.6,free
C01523,2025-02-12,W07,2025-05-02,page_view,125.7,pro
C01523,2025-02-12,W07,2025-05-04,feature_use,71.3,free
C01523,2025-02-12,W07,2025-05-03,page_view,25.9,pro
C01524,2025-03-12,W11,2025-03-16,search,216.6,basic
C01525,2025-01-29,W05,2025-02-02,page_view,286.6,free
C01525,2025-01-29,W05,2025-02-14,page_view,58.0,basic
C01525,2025-01-29,W05,2025-02-17,search,59.1,free
C01525,2025-01-29,W05,2025-03-15,page_view,616.0,free
C01526,2025-01-29,W05,2025-02-01,page_view,93.4,free
C01526,2025-01-29,W05,2025-02-03,page_view,1457.3,basic
C01527,2025-01-01,W01,2025-01-04,feature_use,135.8,pro
C01528,2025-02-26,W09,2025-03-01,page_view,284.4,free
C01529,2025-03-12,W11,2025-03-12,feature_use,216.1,basic
C01529,2025-03-12,W11,2025-03-17,search,219.5,pro
C01529,2025-03-12,W11,2025-03-20,page_view,120.7,free
C01529,2025-03-12,W11,2025-04-12,feature_use,390.8,free
C01529,2025-03-12,W11,2025-04-14,feature_use,93.1,free
C01529,2025-03-12,W11,2025-04-11,feature_use,146.9,free
C01529,2025-03-12,W11,2025-04-27,search,138.0,free
C01529,2025-03-12,W11,2025-05-07,page_view,909.2,free
C01529,2025-03-12,W11,2025-05-09,page_view,173.4,pro
C01529,2025-03-12,W11,2025-05-09,page_view,55.0,free
C01530,2025-02-05,W06,2025-02-07,settings_change,185.0,free
C01530,2025-02-05,W06,2025-03-06,feature_use,34.4,basic
C01530,2025-02-05,W06,2025-03-05,feature_use,179.1,free
C01530,2025-02-05,W06,2025-03-08,page_view,45.0,pro
C01530,2025-02-05,W06,2025-04-04,page_view,143.8,basic
C01530,2025-02-05,W06,2025-04-06,feature_use,267.9,free
C01530,2025-02-05,W06,2025-04-02,page_view,99.6,free
C01530,2025-02-05,W06,2025-04-13,page_view,760.8,free
C01531,2025-01-08,W02,2025-01-10,page_view,100.4,free
C01532,2025-02-19,W08,2025-02-19,page_view,244.4,pro
C01532,2025-02-19,W08,2025-02-19,feature_use,1697.7,free
C01532,2025-02-19,W08,2025-02-20,search,908.2,free
C01532,2025-02-19,W08,2025-02-23,page_view,189.8,basic
C01532,2025-02-19,W08,2025-03-01,feature_use,420.3,free
C01532,2025-02-19,W08,2025-02-28,search,437.7,basic
C01532,2025-02-19,W08,2025-03-01,page_view,90.4,pro
C01532,2025-02-19,W08,2025-03-02,feature_use,335.9,basic
C01532,2025-02-19,W08,2025-03-02,page_view,47.6,free
C01532,2025-02-19,W08,2025-03-12,page_view,87.0,pro
C01532,2025-02-19,W08,2025-03-13,page_view,15.0,basic
C01532,2025-02-19,W08,2025-04-10,settings_change,65.2,free
C01533,2025-02-26,W09,2025-03-04,page_view,250.3,pro
C01534,2025-01-22,W04,2025-01-23,page_view,525.9,pro
C01534,2025-01-22,W04,2025-01-22,page_view,154.8,pro
C01534,2025-01-22,W04,2025-01-25,feature_use,667.0,free
C01535,2025-02-12,W07,2025-02-17,page_view,591.1,pro
C01535,2025-02-12,W07,2025-02-16,search,64.4,free
C01535,2025-02-12,W07,2025-02-22,page_view,334.1,free
C01535,2025-02-12,W07,2025-04-06,page_view,205.1,free
C01535,2025-02-12,W07,2025-04-25,page_view,196.2,basic
C01536,2025-03-19,W12,2025-03-19,search,985.9,pro
C01536,2025-03-19,W12,2025-04-19,search,97.2,pro
C01536,2025-03-19,W12,2025-04-18,feature_use,36.6,pro
C01536,2025-03-19,W12,2025-04-22,search,280.4,free
C01537,2025-03-19,W12,2025-03-21,search,172.1,free
C01537,2025-03-19,W12,2025-04-03,page_view,37.7,free
C01537,2025-03-19,W12,2025-04-03,feature_use,73.7,pro
C01537,2025-03-19,W12,2025-04-10,feature_use,1879.8,basic
C01537,2025-03-19,W12,2025-04-28,page_view,39.8,free
C01537,2025-03-19,W12,2025-04-29,feature_use,70.7,free
C01537,2025-03-19,W12,2025-04-23,feature_use,162.3,basic
C01538,2025-02-12,W07,2025-02-14,page_view,35.0,free
C01538,2025-02-12,W07,2025-03-07,feature_use,210.9,free
C01538,2025-02-12,W07,2025-04-12,page_view,1518.2,pro
C01538,2025-02-12,W07,2025-04-25,search,69.6,free
C01538,2025-02-12,W07,2025-04-24,page_view,243.8,pro
C01539,2025-02-12,W07,2025-02-17,feature_use,222.1,basic
C01539,2025-02-12,W07,2025-02-18,page_view,16.5,basic
C01539,2025-02-12,W07,2025-02-16,feature_use,198.7,free
C01539,2025-02-12,W07,2025-02-26,search,119.9,pro
C01539,2025-02-12,W07,2025-03-03,page_view,75.9,basic
C01539,2025-02-12,W07,2025-03-04,settings_change,231.5,free
C01539,2025-02-12,W07,2025-03-17,page_view,47.0,pro
C01539,2025-02-12,W07,2025-03-12,feature_use,293.9,pro
C01539,2025-02-12,W07,2025-03-19,search,208.3,pro
C01540,2025-01-15,W03,2025-01-21,page_view,490.9,pro
C01540,2025-01-15,W03,2025-01-16,feature_use,177.9,free
C01540,2025-01-15,W03,2025-01-17,search,284.5,free
C01540,2025-01-15,W03,2025-01-26,page_view,70.9,basic
C01540,2025-01-15,W03,2025-01-26,page_view,51.9,free
C01540,2025-01-15,W03,2025-02-04,search,62.1,basic
C01540,2025-01-15,W03,2025-02-09,feature_use,99.3,pro
C01540,2025-01-15,W03,2025-02-10,search,1006.6,free
C01540,2025-01-15,W03,2025-02-10,page_view,239.2,free
C01541,2025-02-12,W07,2025-02-14,page_view,370.0,free
C01541,2025-02-12,W07,2025-02-18,settings_change,121.2,free
C01541,2025-02-12,W07,2025-03-02,feature_use,131.1,free
C01542,2025-01-29,W05,2025-02-01,feature_use,189.6,free
C01542,2025-01-29,W05,2025-02-02,feature_use,285.3,pro
C01542,2025-01-29,W05,2025-01-30,page_view,282.1,basic
C01542,2025-01-29,W05,2025-02-08,page_view,49.3,pro
C01542,2025-01-29,W05,2025-02-05,page_view,80.8,basic
C01542,2025-01-29,W05,2025-03-10,page_view,425.6,free
C01542,2025-01-29,W05,2025-03-06,feature_use,181.7,free
C01542,2025-01-29,W05,2025-03-10,feature_use,134.1,free
C01543,2025-03-19,W12,2025-03-20,search,77.2,free
C01543,2025-03-19,W12,2025-03-25,search,141.9,free
C01544,2025-03-19,W12,2025-03-21,feature_use,293.5,free
C01545,2025-02-12,W07,2025-02-16,page_view,669.3,free
C01546,2025-01-22,W04,2025-01-27,settings_change,196.3,free
C01546,2025-01-22,W04,2025-01-27,search,136.1,pro
C01547,2025-03-19,W12,2025-03-20,page_view,182.9,pro
C01547,2025-03-19,W12,2025-03-30,search,66.0,free
C01548,2025-02-19,W08,2025-02-25,search,55.8,free
C01548,2025-02-19,W08,2025-02-23,feature_use,108.0,free
C01548,2025-02-19,W08,2025-02-19,page_view,482.5,pro
C01549,2025-03-12,W11,2025-03-15,page_view,138.1,free
C01550,2025-01-22,W04,2025-01-23,feature_use,122.6,free
C01550,2025-01-22,W04,2025-01-23,search,82.5,basic
C01550,2025-01-22,W04,2025-01-29,page_view,200.6,basic
C01550,2025-01-22,W04,2025-02-10,page_view,69.7,pro
C01550,2025-01-22,W04,2025-02-06,feature_use,50.1,basic
C01550,2025-01-22,W04,2025-02-05,page_view,78.2,basic
C01550,2025-01-22,W04,2025-02-05,search,42.2,basic
C01550,2025-01-22,W04,2025-02-10,page_view,510.5,basic
C01550,2025-01-22,W04,2025-02-23,search,472.5,free
C01550,2025-01-22,W04,2025-02-19,feature_use,61.2,free
C01550,2025-01-22,W04,2025-02-19,feature_use,39.0,pro
C01550,2025-01-22,W04,2025-03-18,page_view,263.7,free
C01550,2025-01-22,W04,2025-03-14,page_view,194.4,free
C01550,2025-01-22,W04,2025-03-12,page_view,114.7,free
C01550,2025-01-22,W04,2025-03-12,page_view,129.5,pro
C01550,2025-01-22,W04,2025-03-16,page_view,16.2,free
C01550,2025-01-22,W04,2025-03-30,feature_use,263.5,free
C01550,2025-01-22,W04,2025-03-30,page_view,223.8,free
C01550,2025-01-22,W04,2025-03-26,page_view,10.4,basic
C01551,2025-01-29,W05,2025-02-04,page_view,10.0,free
C01552,2025-03-05,W10,2025-03-09,feature_use,19.4,basic
C01552,2025-03-05,W10,2025-03-06,feature_use,87.1,pro
C01552,2025-03-05,W10,2025-03-10,page_view,411.2,free
C01552,2025-03-05,W10,2025-03-08,settings_change,132.6,free
C01552,2025-03-05,W10,2025-03-05,page_view,108.8,basic
C01552,2025-03-05,W10,2025-03-08,search,413.0,basic
C01553,2025-03-19,W12,2025-03-25,page_view,30.4,free
C01553,2025-03-19,W12,2025-03-21,page_view,757.7,free
C01553,2025-03-19,W12,2025-03-23,page_view,283.3,pro
C01553,2025-03-19,W12,2025-05-07,page_view,322.6,pro
C01553,2025-03-19,W12,2025-05-09,page_view,44.0,pro
C01554,2025-02-12,W07,2025-02-17,search,176.0,pro
C01554,2025-02-12,W07,2025-03-01,feature_use,381.2,free
C01554,2025-02-12,W07,2025-03-04,page_view,166.3,free
C01554,2025-02-12,W07,2025-02-28,page_view,521.5,basic
C01554,2025-02-12,W07,2025-03-03,page_view,85.7,pro
C01554,2025-02-12,W07,2025-02-27,page_view,2582.7,free
C01555,2025-01-08,W02,2025-01-12,page_view,494.5,free
C01555,2025-01-08,W02,2025-01-10,page_view,192.3,free
C01555,2025-01-08,W02,2025-01-14,page_view,105.7,basic
C01555,2025-01-08,W02,2025-01-14,feature_use,42.0,basic
C01555,2025-01-08,W02,2025-02-12,feature_use,234.6,free
C01555,2025-01-08,W02,2025-02-15,search,628.2,free
C01555,2025-01-08,W02,2025-02-16,feature_use,224.3,basic
C01555,2025-01-08,W02,2025-04-01,feature_use,802.6,free
C01555,2025-01-08,W02,2025-03-26,page_view,91.3,basic
C01555,2025-01-08,W02,2025-03-30,search,79.1,free
C01556,2025-02-12,W07,2025-02-13,page_view,102.6,basic
C01557,2025-02-12,W07,2025-02-13,feature_use,104.1,free
C01557,2025-02-12,W07,2025-02-27,page_view,370.7,pro
C01557,2025-02-12,W07,2025-03-04,page_view,216.4,basic
C01557,2025-02-12,W07,2025-03-13,page_view,421.4,basic
C01558,2025-02-05,W06,2025-02-11,settings_change,174.7,basic
C01558,2025-02-05,W06,2025-03-07,feature_use,269.8,pro
C01558,2025-02-05,W06,2025-03-08,page_view,112.0,free
C01558,2025-02-05,W06,2025-04-05,feature_use,50.1,pro
C01559,2025-01-08,W02,2025-01-14,search,164.4,pro
C01559,2025-01-08,W02,2025-01-11,feature_use,151.4,pro
C01559,2025-01-08,W02,2025-01-16,page_view,277.4,basic
C01559,2025-01-08,W02,2025-01-15,feature_use,131.9,basic
C01559,2025-01-08,W02,2025-01-19,page_view,168.3,basic
C01559,2025-01-08,W02,2025-01-26,feature_use,74.6,free
C01559,2025-01-08,W02,2025-01-25,page_view,89.4,pro
C01559,2025-01-08,W02,2025-01-28,feature_use,166.1,basic
C01559,2025-01-08,W02,2025-01-30,page_view,281.3,pro
C01559,2025-01-08,W02,2025-01-29,page_view,400.5,basic
C01559,2025-01-08,W02,2025-01-31,feature_use,82.5,pro
C01559,2025-01-08,W02,2025-02-12,page_view,83.2,pro
C01559,2025-01-08,W02,2025-02-15,search,143.4,free
C01559,2025-01-08,W02,2025-02-16,page_view,101.1,basic
C01559,2025-01-08,W02,2025-02-18,feature_use,310.1,pro
C01560,2025-02-19,W08,2025-02-23,page_view,828.2,free
C01560,2025-02-19,W08,2025-02-25,feature_use,86.2,pro
C01560,2025-02-19,W08,2025-03-30,page_view,66.7,basic
C01561,2025-02-05,W06,2025-02-07,settings_change,854.1,pro
C01561,2025-02-05,W06,2025-02-08,feature_use,129.9,pro
C01561,2025-02-05,W06,2025-02-09,feature_use,314.6,basic
C01561,2025-02-05,W06,2025-02-07,settings_change,41.0,basic
C01561,2025-02-05,W06,2025-02-09,feature_use,71.0,pro
C01561,2025-02-05,W06,2025-02-27,feature_use,205.6,pro
C01561,2025-02-05,W06,2025-03-04,page_view,247.4,pro
C01561,2025-02-05,W06,2025-03-02,search,65.4,basic
C01562,2025-03-19,W12,2025-03-23,search,122.8,basic
C01562,2025-03-19,W12,2025-04-01,feature_use,69.8,pro
C01562,2025-03-19,W12,2025-03-30,page_view,118.9,free
C01562,2025-03-19,W12,2025-03-30,search,398.9,free
C01562,2025-03-19,W12,2025-04-17,feature_use,2566.0,free
C01562,2025-03-19,W12,2025-04-20,feature_use,159.4,free
C01563,2025-01-01,W01,2025-01-04,page_view,84.8,basic
C01563,2025-01-01,W01,2025-01-05,page_view,50.3,free
C01563,2025-01-01,W01,2025-01-14,search,151.2,pro
C01563,2025-01-01,W01,2025-01-12,page_view,231.3,pro
C01564,2025-01-15,W03,2025-01-15,feature_use,98.0,free
C01564,2025-01-15,W03,2025-01-16,search,45.9,basic
C01564,2025-01-15,W03,2025-01-19,page_view,73.7,basic
C01564,2025-01-15,W03,2025-01-20,page_view,602.7,pro
C01564,2025-01-15,W03,2025-01-16,settings_change,317.2,free
C01564,2025-01-15,W03,2025-02-05,feature_use,405.2,free
C01565,2025-01-22,W04,2025-01-25,page_view,141.9,free
C01565,2025-01-22,W04,2025-01-28,page_view,169.6,pro
C01565,2025-01-22,W04,2025-01-27,search,106.1,basic
C01565,2025-01-22,W04,2025-02-07,page_view,174.2,free
C01565,2025-01-22,W04,2025-02-26,settings_change,316.6,pro
C01565,2025-01-22,W04,2025-03-25,page_view,211.9,basic
C01565,2025-01-22,W04,2025-03-22,page_view,653.4,pro
C01566,2025-03-05,W10,2025-03-10,search,196.5,free
C01566,2025-03-05,W10,2025-03-17,page_view,425.5,free
C01566,2025-03-05,W10,2025-04-01,feature_use,41.7,free
C01566,2025-03-05,W10,2025-03-30,page_view,325.1,basic
C01566,2025-03-05,W10,2025-03-27,settings_change,369.5,free
C01566,2025-03-05,W10,2025-04-14,page_view,209.9,basic
C01566,2025-03-05,W10,2025-04-17,page_view,19.2,basic
C01566,2025-03-05,W10,2025-04-16,page_view,46.0,free
C01566,2025-03-05,W10,2025-04-20,page_view,242.7,pro
C01566,2025-03-05,W10,2025-04-21,feature_use,83.9,pro
C01566,2025-03-05,W10,2025-04-21,page_view,805.3,basic
C01566,2025-03-05,W10,2025-04-16,feature_use,172.2,free
C01566,2025-03-05,W10,2025-04-18,feature_use,160.4,free
C01567,2025-03-05,W10,2025-03-09,feature_use,183.0,pro
C01567,2025-03-05,W10,2025-03-06,feature_use,122.6,basic
C01567,2025-03-05,W10,2025-03-26,feature_use,192.5,basic
C01567,2025-03-05,W10,2025-03-31,page_view,45.7,pro
C01568,2025-02-19,W08,2025-02-19,feature_use,92.4,basic
C01568,2025-02-19,W08,2025-04-01,page_view,69.8,pro
C01568,2025-02-19,W08,2025-03-26,search,65.0,free
C01569,2025-02-12,W07,2025-02-12,page_view,336.9,basic
C01569,2025-02-12,W07,2025-02-18,page_view,65.9,free
C01569,2025-02-12,W07,2025-02-17,feature_use,204.0,basic
C01569,2025-02-12,W07,2025-02-17,page_view,120.9,free
C01569,2025-02-12,W07,2025-02-25,page_view,30.7,pro
C01569,2025-02-12,W07,2025-02-25,page_view,76.0,free
C01569,2025-02-12,W07,2025-03-11,page_view,336.7,pro
C01569,2025-02-12,W07,2025-03-17,search,62.4,free
C01569,2025-02-12,W07,2025-03-18,search,66.2,pro
C01569,2025-02-12,W07,2025-03-23,page_view,133.5,pro
C01569,2025-02-12,W07,2025-03-21,search,32.2,free
C01569,2025-02-12,W07,2025-03-22,page_view,15.7,free
C01569,2025-02-12,W07,2025-03-23,page_view,208.8,basic
C01569,2025-02-12,W07,2025-04-06,feature_use,285.9,pro
C01569,2025-02-12,W07,2025-04-05,page_view,72.0,free
C01570,2025-02-05,W06,2025-02-05,feature_use,182.2,free
C01570,2025-02-05,W06,2025-02-11,page_view,1018.3,basic
C01570,2025-02-05,W06,2025-02-13,page_view,109.6,basic
C01570,2025-02-05,W06,2025-02-18,page_view,67.3,basic
C01570,2025-02-05,W06,2025-02-14,page_view,24.6,free
C01570,2025-02-05,W06,2025-02-17,page_view,94.6,basic
C01570,2025-02-05,W06,2025-02-17,page_view,23.7,free
C01570,2025-02-05,W06,2025-03-06,page_view,305.9,basic
C01570,2025-02-05,W06,2025-03-11,page_view,265.5,pro
C01570,2025-02-05,W06,2025-03-25,page_view,126.2,free
C01570,2025-02-05,W06,2025-03-24,page_view,281.6,pro
C01570,2025-02-05,W06,2025-03-22,page_view,141.2,free
C01570,2025-02-05,W06,2025-03-20,feature_use,315.5,pro
C01570,2025-02-05,W06,2025-03-21,feature_use,111.5,basic
C01570,2025-02-05,W06,2025-03-25,feature_use,80.8,free
C01571,2025-03-05,W10,2025-03-11,page_view,28.9,free
C01572,2025-02-05,W06,2025-02-11,page_view,625.4,free
C01572,2025-02-05,W06,2025-02-20,feature_use,57.9,free
C01572,2025-02-05,W06,2025-02-20,search,359.9,free
C01572,2025-02-05,W06,2025-02-25,feature_use,41.2,basic
C01572,2025-02-05,W06,2025-02-24,search,1352.2,free
C01572,2025-02-05,W06,2025-02-23,page_view,392.5,free
C01572,2025-02-05,W06,2025-02-28,page_view,47.4,basic
C01572,2025-02-05,W06,2025-03-07,search,117.5,pro
C01572,2025-02-05,W06,2025-03-11,page_view,207.6,pro
C01572,2025-02-05,W06,2025-03-06,search,163.4,free
C01572,2025-02-05,W06,2025-03-09,page_view,147.5,free
C01572,2025-02-05,W06,2025-03-10,page_view,68.3,pro
C01572,2025-02-05,W06,2025-03-28,feature_use,131.7,basic
C01572,2025-02-05,W06,2025-04-01,page_view,343.7,basic
C01572,2025-02-05,W06,2025-04-14,page_view,603.1,free
C01572,2025-02-05,W06,2025-04-29,search,25.6,pro
C01572,2025-02-05,W06,2025-04-27,feature_use,403.6,free
C01573,2025-03-19,W12,2025-03-25,feature_use,117.7,free
C01573,2025-03-19,W12,2025-04-09,feature_use,113.1,basic
C01574,2025-03-05,W10,2025-03-05,settings_change,43.6,free
C01574,2025-03-05,W10,2025-05-05,search,93.8,pro
C01575,2025-02-26,W09,2025-02-26,search,117.7,basic
C01575,2025-02-26,W09,2025-03-01,page_view,33.5,free
C01575,2025-02-26,W09,2025-03-10,page_view,45.7,basic
C01575,2025-02-26,W09,2025-03-16,feature_use,104.4,pro
C01575,2025-02-26,W09,2025-03-13,feature_use,43.9,free
C01576,2025-03-19,W12,2025-03-22,feature_use,763.5,basic
C01576,2025-03-19,W12,2025-04-13,feature_use,199.8,free
C01577,2025-03-19,W12,2025-03-20,search,200.7,free
C01577,2025-03-19,W12,2025-04-07,page_view,76.0,pro
C01577,2025-03-19,W12,2025-04-05,settings_change,48.8,free
C01577,2025-03-19,W12,2025-04-12,feature_use,118.0,basic
C01578,2025-01-29,W05,2025-01-29,feature_use,255.3,free
C01578,2025-01-29,W05,2025-02-09,feature_use,174.1,free
C01578,2025-01-29,W05,2025-02-19,page_view,234.6,free
C01578,2025-01-29,W05,2025-02-20,feature_use,71.1,basic
C01578,2025-01-29,W05,2025-03-10,feature_use,45.6,pro
C01578,2025-01-29,W05,2025-04-09,page_view,2485.3,free
C01579,2025-01-15,W03,2025-01-21,feature_use,162.1,pro
C01579,2025-01-15,W03,2025-01-20,feature_use,22.0,free
C01579,2025-01-15,W03,2025-01-20,search,124.1,free
C01579,2025-01-15,W03,2025-01-17,search,444.2,free
C01579,2025-01-15,W03,2025-01-18,page_view,246.5,basic
C01579,2025-01-15,W03,2025-02-12,page_view,128.4,pro
C01579,2025-01-15,W03,2025-02-13,page_view,338.1,basic
C01579,2025-01-15,W03,2025-04-04,settings_change,162.6,free
C01580,2025-03-12,W11,2025-03-18,page_view,122.8,free
C01580,2025-03-12,W11,2025-03-18,search,200.2,free
C01580,2025-03-12,W11,2025-03-13,page_view,99.4,pro
C01580,2025-03-12,W11,2025-03-26,page_view,828.2,basic
C01580,2025-03-12,W11,2025-03-28,feature_use,51.4,basic
C01580,2025-03-12,W11,2025-04-01,feature_use,224.6,free
C01581,2025-01-01,W01,2025-01-01,page_view,103.8,pro
C01581,2025-01-01,W01,2025-01-13,page_view,128.1,basic
C01581,2025-01-01,W01,2025-01-12,page_view,96.0,pro
C01581,2025-01-01,W01,2025-01-14,search,152.5,basic
C01581,2025-01-01,W01,2025-01-09,feature_use,257.2,basic
C01581,2025-01-01,W01,2025-02-04,page_view,142.1,free
C01581,2025-01-01,W01,2025-02-18,feature_use,63.4,pro
C01581,2025-01-01,W01,2025-02-14,page_view,57.8,free
C01581,2025-01-01,W01,2025-02-20,page_view,245.3,free
C01581,2025-01-01,W01,2025-02-20,page_view,44.3,basic
C01581,2025-01-01,W01,2025-02-22,search,39.7,free
C01581,2025-01-01,W01,2025-02-20,page_view,423.1,free
C01581,2025-01-01,W01,2025-02-21,page_view,70.3,free
C01581,2025-01-01,W01,2025-02-19,page_view,378.2,pro
C01582,2025-01-08,W02,2025-01-13,feature_use,183.1,free
C01582,2025-01-08,W02,2025-01-14,page_view,503.0,free
C01582,2025-01-08,W02,2025-01-25,feature_use,57.5,basic
C01582,2025-01-08,W02,2025-01-29,page_view,62.8,free
C01582,2025-01-08,W02,2025-02-03,feature_use,96.3,free
C01583,2025-02-12,W07,2025-02-12,feature_use,46.1,basic
C01583,2025-02-12,W07,2025-02-16,page_view,96.9,pro
C01583,2025-02-12,W07,2025-02-15,page_view,148.5,free
C01583,2025-02-12,W07,2025-02-20,feature_use,107.2,basic
C01583,2025-02-12,W07,2025-02-24,page_view,180.9,basic
C01583,2025-02-12,W07,2025-02-25,feature_use,182.9,free
C01584,2025-03-19,W12,2025-03-24,feature_use,1817.2,pro
C01584,2025-03-19,W12,2025-03-28,page_view,227.6,free
C01584,2025-03-19,W12,2025-03-28,feature_use,650.3,basic
C01584,2025-03-19,W12,2025-03-27,feature_use,64.9,basic
C01584,2025-03-19,W12,2025-03-27,page_view,18.7,free
C01584,2025-03-19,W12,2025-05-14,page_view,87.2,free
C01584,2025-03-19,W12,2025-05-14,page_view,514.1,free
C01584,2025-03-19,W12,2025-05-16,settings_change,872.9,free
C01585,2025-01-08,W02,2025-01-12,page_view,104.4,basic
C01585,2025-01-08,W02,2025-02-17,feature_use,195.5,free
C01586,2025-03-19,W12,2025-03-20,page_view,121.9,pro
C01586,2025-03-19,W12,2025-03-22,page_view,270.0,basic
C01586,2025-03-19,W12,2025-03-21,search,212.0,free
C01586,2025-03-19,W12,2025-03-31,feature_use,79.0,free
C01586,2025-03-19,W12,2025-04-21,feature_use,478.4,free
C01586,2025-03-19,W12,2025-04-17,search,19.2,basic
C01587,2025-02-26,W09,2025-03-03,search,193.3,free
C01587,2025-02-26,W09,2025-02-26,page_view,1833.6,basic
C01588,2025-01-01,W01,2025-01-06,page_view,225.7,free
C01588,2025-01-01,W01,2025-01-08,settings_change,51.3,basic
C01588,2025-01-01,W01,2025-01-10,page_view,39.5,basic
C01588,2025-01-01,W01,2025-01-11,search,1713.7,free
C01588,2025-01-01,W01,2025-01-09,search,14.0,pro
C01588,2025-01-01,W01,2025-03-11,page_view,165.1,free
C01588,2025-01-01,W01,2025-03-11,page_view,386.9,pro
C01588,2025-01-01,W01,2025-03-10,feature_use,592.6,free
C01589,2025-01-22,W04,2025-01-25,settings_change,154.4,pro
C01590,2025-02-19,W08,2025-02-25,feature_use,462.1,free
C01591,2025-03-12,W11,2025-03-12,feature_use,649.4,pro
C01592,2025-03-19,W12,2025-03-22,settings_change,585.7,free
C01592,2025-03-19,W12,2025-03-21,page_view,305.4,free
C01592,2025-03-19,W12,2025-03-24,page_view,249.0,free
C01592,2025-03-19,W12,2025-03-31,page_view,62.9,free
C01592,2025-03-19,W12,2025-03-31,search,245.6,free
C01592,2025-03-19,W12,2025-03-30,feature_use,350.5,basic
C01592,2025-03-19,W12,2025-04-01,page_view,53.3,free
C01592,2025-03-19,W12,2025-04-23,settings_change,291.4,pro
C01592,2025-03-19,W12,2025-05-20,page_view,24.2,basic
C01592,2025-03-19,W12,2025-05-19,feature_use,73.6,free
C01593,2025-02-19,W08,2025-02-23,feature_use,37.2,free
C01593,2025-02-19,W08,2025-02-24,page_view,218.6,free
C01593,2025-02-19,W08,2025-03-04,page_view,86.4,basic
C01593,2025-02-19,W08,2025-02-26,page_view,51.0,free
C01593,2025-02-19,W08,2025-02-28,page_view,70.5,pro
C01594,2025-01-22,W04,2025-01-22,search,185.1,free
C01594,2025-01-22,W04,2025-01-31,page_view,166.2,basic
C01594,2025-01-22,W04,2025-02-04,page_view,561.1,basic
C01595,2025-03-19,W12,2025-03-23,page_view,38.3,free
C01595,2025-03-19,W12,2025-03-24,settings_change,178.5,basic
C01595,2025-03-19,W12,2025-04-26,search,134.0,free
C01596,2025-03-19,W12,2025-03-25,search,106.3,basic
C01596,2025-03-19,W12,2025-03-22,page_view,183.9,basic
C01596,2025-03-19,W12,2025-03-21,page_view,233.9,pro
C01596,2025-03-19,W12,2025-03-20,feature_use,181.1,free
C01596,2025-03-19,W12,2025-03-31,page_view,59.7,free
C01596,2025-03-19,W12,2025-03-27,page_view,214.5,free
C01596,2025-03-19,W12,2025-04-21,feature_use,124.5,free
C01596,2025-03-19,W12,2025-04-22,page_view,473.2,free
C01596,2025-03-19,W12,2025-04-19,feature_use,94.8,free
C01596,2025-03-19,W12,2025-05-31,feature_use,54.8,free
C01597,2025-01-22,W04,2025-01-26,page_view,267.7,basic
C01597,2025-01-22,W04,2025-03-29,feature_use,591.3,free
C01597,2025-01-22,W04,2025-04-02,feature_use,519.3,free
C01598,2025-01-22,W04,2025-01-28,settings_change,104.1,free
C01598,2025-01-22,W04,2025-01-28,search,327.2,free
C01598,2025-01-22,W04,2025-02-09,search,116.8,pro
C01598,2025-01-22,W04,2025-04-15,page_view,216.0,free
C01599,2025-01-01,W01,2025-01-02,page_view,345.9,pro
C01599,2025-01-01,W01,2025-01-19,feature_use,152.5,basic
C01599,2025-01-01,W01,2025-01-15,page_view,47.1,free
C01599,2025-01-01,W01,2025-01-18,page_view,104.5,basic
C01600,2025-01-15,W03,2025-01-19,search,668.3,free
C01600,2025-01-15,W03,2025-01-26,page_view,1204.0,basic
C01600,2025-01-15,W03,2025-01-23,page_view,103.0,free
C01600,2025-01-15,W03,2025-01-28,feature_use,374.7,basic
C01600,2025-01-15,W03,2025-02-22,page_view,85.1,free
C01601,2025-01-15,W03,2025-01-19,page_view,24.2,free
C01601,2025-01-15,W03,2025-01-23,feature_use,246.8,pro
C01601,2025-01-15,W03,2025-01-24,page_view,98.9,basic
C01601,2025-01-15,W03,2025-01-23,page_view,78.1,free
C01601,2025-01-15,W03,2025-01-29,page_view,126.4,free
C01601,2025-01-15,W03,2025-02-01,search,911.1,basic
C01601,2025-01-15,W03,2025-02-03,search,893.8,basic
C01601,2025-01-15,W03,2025-01-29,page_view,125.0,pro
C01601,2025-01-15,W03,2025-03-17,feature_use,61.1,free
C01601,2025-01-15,W03,2025-03-14,search,63.2,pro
C01601,2025-01-15,W03,2025-03-13,feature_use,1009.6,basic
C01601,2025-01-15,W03,2025-03-15,page_view,39.2,basic
C01601,2025-01-15,W03,2025-03-12,settings_change,459.5,pro
C01601,2025-01-15,W03,2025-04-07,page_view,397.9,free
C01601,2025-01-15,W03,2025-04-03,page_view,138.7,free
C01601,2025-01-15,W03,2025-04-07,page_view,347.1,basic
C01601,2025-01-15,W03,2025-04-08,feature_use,328.9,free
C01601,2025-01-15,W03,2025-04-03,page_view,199.5,pro
C01601,2025-01-15,W03,2025-04-06,page_view,45.6,free
C01601,2025-01-15,W03,2025-04-02,feature_use,91.6,free
C01602,2025-01-29,W05,2025-01-29,page_view,341.7,free
C01602,2025-01-29,W05,2025-02-09,search,480.3,pro
C01603,2025-02-19,W08,2025-02-25,page_view,42.4,pro
C01603,2025-02-19,W08,2025-02-22,page_view,306.9,pro
C01603,2025-02-19,W08,2025-02-19,search,63.2,basic
C01603,2025-02-19,W08,2025-02-25,page_view,391.4,basic
C01603,2025-02-19,W08,2025-03-16,feature_use,472.5,pro
C01603,2025-02-19,W08,2025-03-17,page_view,806.3,basic
C01603,2025-02-19,W08,2025-03-16,feature_use,18.6,basic
C01603,2025-02-19,W08,2025-03-14,page_view,88.2,free
C01603,2025-02-19,W08,2025-03-20,page_view,507.7,basic
C01603,2025-02-19,W08,2025-03-22,page_view,228.3,free
C01603,2025-02-19,W08,2025-03-30,page_view,47.9,basic
C01603,2025-02-19,W08,2025-04-12,feature_use,80.6,pro
C01603,2025-02-19,W08,2025-04-10,page_view,827.3,basic
C01603,2025-02-19,W08,2025-04-28,settings_change,78.4,basic
C01604,2025-01-29,W05,2025-02-03,page_view,37.0,free
C01604,2025-01-29,W05,2025-02-12,feature_use,461.5,basic
C01604,2025-01-29,W05,2025-03-28,page_view,23.6,basic
C01604,2025-01-29,W05,2025-03-27,page_view,82.2,free
C01604,2025-01-29,W05,2025-03-29,page_view,313.1,free
C01605,2025-01-22,W04,2025-01-25,feature_use,275.7,basic
C01606,2025-02-12,W07,2025-02-18,settings_change,229.5,free
C01606,2025-02-12,W07,2025-02-14,feature_use,330.4,pro
C01606,2025-02-12,W07,2025-02-27,search,133.2,pro
C01606,2025-02-12,W07,2025-03-14,page_view,271.9,pro
C01606,2025-02-12,W07,2025-03-16,page_view,346.8,basic
C01606,2025-02-12,W07,2025-03-14,page_view,196.0,pro
C01606,2025-02-12,W07,2025-03-24,page_view,91.4,basic
C01606,2025-02-12,W07,2025-03-20,feature_use,983.0,basic
C01606,2025-02-12,W07,2025-04-12,page_view,45.2,free
C01607,2025-01-01,W01,2025-01-04,feature_use,975.6,free
C01607,2025-01-01,W01,2025-01-11,page_view,68.2,free
C01607,2025-01-01,W01,2025-01-10,search,807.1,basic
C01607,2025-01-01,W01,2025-01-13,search,223.1,free
C01607,2025-01-01,W01,2025-01-10,settings_change,370.0,basic
C01607,2025-01-01,W01,2025-01-14,search,187.8,pro
C01607,2025-01-01,W01,2025-03-21,page_view,212.1,pro
C01608,2025-02-05,W06,2025-02-06,page_view,219.8,free
C01608,2025-02-05,W06,2025-03-05,page_view,320.4,pro
C01609,2025-02-26,W09,2025-03-03,page_view,137.9,free
C01610,2025-01-08,W02,2025-01-08,page_view,38.7,basic
C01610,2025-01-08,W02,2025-02-04,search,356.4,pro
C01611,2025-02-26,W09,2025-03-01,feature_use,76.6,free
C01611,2025-02-26,W09,2025-02-26,search,211.0,basic
C01611,2025-02-26,W09,2025-04-20,feature_use,69.5,pro
C01611,2025-02-26,W09,2025-05-10,page_view,899.4,pro
C01611,2025-02-26,W09,2025-05-11,page_view,266.3,pro
C01612,2025-02-12,W07,2025-02-18,page_view,143.3,basic
C01612,2025-02-12,W07,2025-02-16,page_view,87.6,pro
C01612,2025-02-12,W07,2025-02-12,page_view,121.8,basic
C01613,2025-02-12,W07,2025-02-18,search,51.3,basic
C01613,2025-02-12,W07,2025-02-17,page_view,46.5,basic
C01613,2025-02-12,W07,2025-02-14,feature_use,113.9,basic
C01613,2025-02-12,W07,2025-03-27,feature_use,24.7,pro
C01614,2025-01-22,W04,2025-01-27,page_view,44.3,basic
C01614,2025-01-22,W04,2025-01-27,feature_use,104.4,free
C01614,2025-01-22,W04,2025-02-24,page_view,303.9,basic
C01614,2025-01-22,W04,2025-02-25,feature_use,963.8,free
C01614,2025-01-22,W04,2025-03-01,page_view,153.0,basic
C01615,2025-03-05,W10,2025-03-06,page_view,342.4,free
C01615,2025-03-05,W10,2025-05-09,feature_use,100.2,free
C01616,2025-01-29,W05,2025-02-04,feature_use,63.9,pro
C01616,2025-01-29,W05,2025-02-04,settings_change,419.7,pro
C01616,2025-01-29,W05,2025-02-04,page_view,210.9,free
C01616,2025-01-29,W05,2025-02-01,page_view,52.9,free
C01617,2025-03-19,W12,2025-03-20,page_view,448.1,basic
C01617,2025-03-19,W12,2025-03-30,page_view,78.8,free
C01617,2025-03-19,W12,2025-03-31,page_view,210.5,free
C01617,2025-03-19,W12,2025-04-11,page_view,78.4,free
C01618,2025-02-05,W06,2025-02-11,settings_change,228.0,free
C01618,2025-02-05,W06,2025-02-10,feature_use,113.6,free
C01618,2025-02-05,W06,2025-02-05,search,35.0,free
C01619,2025-02-05,W06,2025-02-07,feature_use,44.0,free
C01619,2025-02-05,W06,2025-02-07,page_view,300.9,free
C01619,2025-02-05,W06,2025-02-10,search,78.1,free
C01619,2025-02-05,W06,2025-02-10,page_view,68.5,basic
C01619,2025-02-05,W06,2025-02-15,feature_use,232.7,pro
C01619,2025-02-05,W06,2025-02-16,feature_use,446.7,basic
C01619,2025-02-05,W06,2025-02-15,page_view,163.0,pro
C01619,2025-02-05,W06,2025-02-17,feature_use,81.5,basic
C01619,2025-02-05,W06,2025-02-17,page_view,580.9,basic
C01619,2025-02-05,W06,2025-03-31,feature_use,24.4,pro
C01619,2025-02-05,W06,2025-03-29,page_view,14.9,pro
C01619,2025-02-05,W06,2025-03-27,page_view,85.9,basic
C01619,2025-02-05,W06,2025-03-26,feature_use,287.0,pro
C01619,2025-02-05,W06,2025-04-11,page_view,238.3,pro
C01619,2025-02-05,W06,2025-04-13,feature_use,352.5,free
C01620,2025-02-19,W08,2025-02-22,feature_use,20.7,pro
C01620,2025-02-19,W08,2025-02-26,settings_change,630.7,free
C01620,2025-02-19,W08,2025-02-28,page_view,168.5,free
C01620,2025-02-19,W08,2025-02-26,search,229.5,basic
C01620,2025-02-19,W08,2025-02-28,page_view,18.6,free
C01620,2025-02-19,W08,2025-03-08,page_view,554.7,free
C01620,2025-02-19,W08,2025-03-05,page_view,330.7,free
C01620,2025-02-19,W08,2025-03-13,feature_use,32.2,free
C01620,2025-02-19,W08,2025-03-17,feature_use,153.0,pro
C01620,2025-02-19,W08,2025-03-24,feature_use,478.3,free
C01620,2025-02-19,W08,2025-05-11,settings_change,75.7,pro
C01620,2025-02-19,W08,2025-05-07,page_view,91.7,free
C01620,2025-02-19,W08,2025-05-09,settings_change,387.9,free
C01621,2025-03-05,W10,2025-03-10,page_view,684.6,free
C01622,2025-03-19,W12,2025-03-23,feature_use,108.6,pro
C01622,2025-03-19,W12,2025-03-24,page_view,49.9,pro
C01622,2025-03-19,W12,2025-03-22,page_view,572.3,basic
C01622,2025-03-19,W12,2025-03-24,page_view,142.0,pro
C01622,2025-03-19,W12,2025-04-05,search,233.2,free
C01622,2025-03-19,W12,2025-04-07,feature_use,141.8,free
C01622,2025-03-19,W12,2025-04-11,feature_use,231.8,basic
C01623,2025-01-29,W05,2025-01-31,feature_use,136.9,free
C01623,2025-01-29,W05,2025-01-30,feature_use,466.5,pro
C01623,2025-01-29,W05,2025-04-17,page_view,70.2,basic
C01624,2025-03-05,W10,2025-03-06,page_view,124.6,basic
C01624,2025-03-05,W10,2025-05-04,page_view,165.8,free
C01624,2025-03-05,W10,2025-05-02,settings_change,34.6,pro
C01624,2025-03-05,W10,2025-04-30,feature_use,130.2,free
C01624,2025-03-05,W10,2025-05-03,feature_use,79.9,basic
C01624,2025-03-05,W10,2025-05-04,feature_use,275.5,basic
C01625,2025-01-22,W04,2025-01-23,page_view,528.0,basic
C01626,2025-03-12,W11,2025-03-13,search,212.7,pro
C01626,2025-03-12,W11,2025-04-04,search,763.7,free
C01626,2025-03-12,W11,2025-04-03,search,32.4,pro
C01627,2025-02-19,W08,2025-02-24,page_view,185.7,basic
C01627,2025-02-19,W08,2025-03-07,feature_use,155.6,free
C01627,2025-02-19,W08,2025-03-06,page_view,91.2,free
C01627,2025-02-19,W08,2025-03-11,page_view,461.4,free
C01628,2025-03-05,W10,2025-03-10,feature_use,1650.2,pro
C01628,2025-03-05,W10,2025-03-25,page_view,101.5,free
C01629,2025-02-19,W08,2025-02-21,page_view,47.6,free
C01629,2025-02-19,W08,2025-03-01,feature_use,214.1,basic
C01630,2025-03-12,W11,2025-03-17,feature_use,37.3,pro
C01630,2025-03-12,W11,2025-03-15,page_view,252.4,basic
C01630,2025-03-12,W11,2025-03-16,page_view,99.6,basic
C01630,2025-03-12,W11,2025-03-18,feature_use,89.2,free
C01630,2025-03-12,W11,2025-04-09,page_view,464.7,basic
C01630,2025-03-12,W11,2025-04-26,settings_change,109.1,free
C01630,2025-03-12,W11,2025-04-24,feature_use,118.9,pro
C01630,2025-03-12,W11,2025-04-26,feature_use,480.4,pro
C01630,2025-03-12,W11,2025-04-23,settings_change,68.0,free
C01630,2025-03-12,W11,2025-05-08,page_view,420.7,pro
C01630,2025-03-12,W11,2025-05-10,page_view,147.6,pro
C01630,2025-03-12,W11,2025-05-08,page_view,118.1,free
C01631,2025-01-15,W03,2025-01-16,search,153.5,free
C01631,2025-01-15,W03,2025-01-26,page_view,464.5,pro
C01631,2025-01-15,W03,2025-02-09,search,205.1,pro
C01631,2025-01-15,W03,2025-02-11,page_view,68.6,free
C01631,2025-01-15,W03,2025-02-05,page_view,1021.5,basic
C01631,2025-01-15,W03,2025-02-06,feature_use,356.9,basic
C01632,2025-01-08,W02,2025-01-14,search,192.5,free
C01633,2025-01-01,W01,2025-01-04,feature_use,51.5,basic
C01633,2025-01-01,W01,2025-02-27,feature_use,61.4,free
C01633,2025-01-01,W01,2025-02-27,page_view,241.7,pro
C01633,2025-01-01,W01,2025-02-27,search,134.2,pro
C01633,2025-01-01,W01,2025-03-01,feature_use,26.9,free
C01634,2025-01-01,W01,2025-01-03,feature_use,26.3,basic
C01635,2025-01-22,W04,2025-01-23,page_view,235.2,free
C01635,2025-01-22,W04,2025-02-14,feature_use,519.4,basic
C01635,2025-01-22,W04,2025-02-12,page_view,39.2,basic
C01636,2025-03-05,W10,2025-03-06,feature_use,288.2,free
C01636,2025-03-05,W10,2025-03-11,search,47.8,free
C01637,2025-01-08,W02,2025-01-10,page_view,67.1,free
C01637,2025-01-08,W02,2025-01-17,search,153.2,basic
C01637,2025-01-08,W02,2025-01-19,page_view,1898.2,pro
C01637,2025-01-08,W02,2025-02-15,page_view,350.0,free
C01637,2025-01-08,W02,2025-02-16,feature_use,115.0,free
C01637,2025-01-08,W02,2025-02-12,page_view,111.7,free
C01638,2025-01-15,W03,2025-01-21,search,32.3,basic
C01639,2025-01-15,W03,2025-01-15,search,240.9,free
C01639,2025-01-15,W03,2025-01-20,page_view,21.9,free
C01639,2025-01-15,W03,2025-01-17,page_view,194.4,free
C01639,2025-01-15,W03,2025-01-26,search,208.7,free
C01639,2025-01-15,W03,2025-01-24,feature_use,148.1,basic
C01639,2025-01-15,W03,2025-02-16,page_view,810.7,basic
C01639,2025-01-15,W03,2025-02-12,page_view,433.1,basic
C01639,2025-01-15,W03,2025-02-17,feature_use,130.6,free
C01639,2025-01-15,W03,2025-02-13,feature_use,492.8,pro
C01639,2025-01-15,W03,2025-02-20,feature_use,34.7,free
C01639,2025-01-15,W03,2025-02-23,feature_use,316.3,free
C01640,2025-02-12,W07,2025-02-15,page_view,174.2,basic
C01640,2025-02-12,W07,2025-02-18,search,728.5,free
C01640,2025-02-12,W07,2025-02-14,page_view,426.4,free
C01640,2025-02-12,W07,2025-02-28,settings_change,113.2,pro
C01640,2025-02-12,W07,2025-02-28,page_view,76.8,pro
C01640,2025-02-12,W07,2025-03-04,search,1565.6,free
C01640,2025-02-12,W07,2025-04-03,page_view,43.9,basic
C01640,2025-02-12,W07,2025-04-03,search,145.3,free
C01641,2025-02-05,W06,2025-02-06,feature_use,514.1,pro
C01641,2025-02-05,W06,2025-02-21,page_view,156.8,basic
C01641,2025-02-05,W06,2025-02-25,page_view,9.4,pro
C01641,2025-02-05,W06,2025-02-21,page_view,995.6,basic
C01641,2025-02-05,W06,2025-02-26,feature_use,500.3,free
C01641,2025-02-05,W06,2025-02-27,page_view,156.4,free
C01641,2025-02-05,W06,2025-03-03,page_view,123.3,free
C01641,2025-02-05,W06,2025-04-01,page_view,164.0,pro
C01641,2025-02-05,W06,2025-03-27,page_view,171.5,basic
C01641,2025-02-05,W06,2025-04-23,settings_change,119.0,pro
C01641,2025-02-05,W06,2025-04-23,settings_change,98.5,free
C01642,2025-03-12,W11,2025-03-13,feature_use,240.4,basic
C01642,2025-03-12,W11,2025-04-08,feature_use,211.8,free
C01642,2025-03-12,W11,2025-04-07,page_view,324.6,basic
C01643,2025-01-29,W05,2025-02-01,page_view,113.9,basic
C01643,2025-01-29,W05,2025-02-05,page_view,282.3,free
C01643,2025-01-29,W05,2025-02-13,feature_use,27.7,free
C01643,2025-01-29,W05,2025-03-24,page_view,100.4,basic
C01644,2025-02-26,W09,2025-02-27,page_view,208.1,free
C01644,2025-02-26,W09,2025-03-12,page_view,273.9,free
C01644,2025-02-26,W09,2025-03-21,feature_use,97.1,basic
C01644,2025-02-26,W09,2025-03-22,page_view,127.5,free
C01644,2025-02-26,W09,2025-03-23,feature_use,538.1,basic
C01644,2025-02-26,W09,2025-03-22,page_view,356.5,free
C01644,2025-02-26,W09,2025-03-22,page_view,291.5,basic
C01644,2025-02-26,W09,2025-03-23,page_view,230.7,free
C01645,2025-01-22,W04,2025-01-28,feature_use,330.7,basic
C01645,2025-01-22,W04,2025-03-14,search,462.5,free
C01645,2025-01-22,W04,2025-03-13,page_view,691.9,pro
C01645,2025-01-22,W04,2025-03-15,page_view,256.4,basic
C01646,2025-03-19,W12,2025-03-23,search,241.4,basic
C01646,2025-03-19,W12,2025-03-30,search,20.8,pro
C01647,2025-03-05,W10,2025-03-10,feature_use,86.9,basic
C01647,2025-03-05,W10,2025-03-12,search,664.3,basic
C01647,2025-03-05,W10,2025-03-14,search,405.4,basic
C01647,2025-03-05,W10,2025-03-14,page_view,264.1,free
C01647,2025-03-05,W10,2025-04-04,feature_use,54.6,free
C01647,2025-03-05,W10,2025-04-04,feature_use,14.1,free
C01647,2025-03-05,W10,2025-04-07,page_view,59.9,free
C01647,2025-03-05,W10,2025-04-14,search,51.6,basic
C01647,2025-03-05,W10,2025-04-10,search,426.3,basic
C01647,2025-03-05,W10,2025-04-13,feature_use,44.5,free
C01647,2025-03-05,W10,2025-04-10,settings_change,152.5,basic
C01647,2025-03-05,W10,2025-04-22,settings_change,113.1,pro
C01648,2025-01-15,W03,2025-01-19,page_view,301.4,free
C01648,2025-01-15,W03,2025-01-16,search,576.8,pro
C01648,2025-01-15,W03,2025-01-16,page_view,164.8,free
C01648,2025-01-15,W03,2025-01-15,search,218.1,free
C01648,2025-01-15,W03,2025-02-20,feature_use,174.0,basic
C01649,2025-02-12,W07,2025-02-16,search,64.9,pro
C01649,2025-02-12,W07,2025-03-24,page_view,243.5,basic
C01649,2025-02-12,W07,2025-03-22,feature_use,70.2,free
C01650,2025-02-12,W07,2025-02-14,search,72.3,free
C01650,2025-02-12,W07,2025-02-15,page_view,353.7,pro
C01650,2025-02-12,W07,2025-02-12,page_view,126.5,basic
C01650,2025-02-12,W07,2025-03-05,feature_use,78.7,free
C01650,2025-02-12,W07,2025-03-08,search,410.5,basic
C01651,2025-01-08,W02,2025-01-13,feature_use,1077.5,basic
C01651,2025-01-08,W02,2025-02-23,page_view,300.1,pro
C01652,2025-02-26,W09,2025-02-27,search,85.2,basic
C01652,2025-02-26,W09,2025-03-08,page_view,81.9,free
C01653,2025-02-19,W08,2025-02-25,page_view,755.4,free
C01653,2025-02-19,W08,2025-03-01,page_view,257.4,pro
C01653,2025-02-19,W08,2025-02-26,feature_use,245.3,free
C01653,2025-02-19,W08,2025-03-02,page_view,115.3,free
C01654,2025-01-01,W01,2025-01-04,page_view,39.3,free
C01654,2025-01-01,W01,2025-01-05,feature_use,473.8,basic
C01654,2025-01-01,W01,2025-01-04,feature_use,91.7,basic
C01654,2025-01-01,W01,2025-01-12,page_view,421.8,free
C01654,2025-01-01,W01,2025-01-10,page_view,150.0,basic
C01654,2025-01-01,W01,2025-02-10,page_view,50.0,pro
C01654,2025-01-01,W01,2025-02-26,feature_use,77.1,basic
C01654,2025-01-01,W01,2025-02-26,page_view,85.2,pro
C01654,2025-01-01,W01,2025-03-05,settings_change,34.3,basic
C01655,2025-01-08,W02,2025-01-12,page_view,58.8,basic
C01655,2025-01-08,W02,2025-01-12,page_view,169.7,pro
C01655,2025-01-08,W02,2025-01-19,page_view,111.5,pro
C01656,2025-03-12,W11,2025-03-17,page_view,98.8,free
C01656,2025-03-12,W11,2025-04-23,page_view,66.7,pro
C01657,2025-01-08,W02,2025-01-11,page_view,349.3,pro
C01657,2025-01-08,W02,2025-01-24,search,179.6,pro
C01657,2025-01-08,W02,2025-02-08,search,248.1,basic
C01658,2025-02-19,W08,2025-02-23,page_view,124.1,free
C01658,2025-02-19,W08,2025-02-24,feature_use,213.6,free
C01658,2025-02-19,W08,2025-02-22,page_view,84.5,free
C01658,2025-02-19,W08,2025-02-25,search,21.9,basic
C01658,2025-02-19,W08,2025-02-22,feature_use,163.5,free
C01658,2025-02-19,W08,2025-03-05,feature_use,113.3,free
C01658,2025-02-19,W08,2025-04-15,search,113.9,free
C01658,2025-02-19,W08,2025-04-26,feature_use,194.9,basic
C01659,2025-03-12,W11,2025-03-12,feature_use,508.7,pro
C01660,2025-01-15,W03,2025-01-16,search,141.0,free
C01660,2025-01-15,W03,2025-01-17,page_view,247.5,pro
C01660,2025-01-15,W03,2025-01-25,feature_use,78.2,free
C01660,2025-01-15,W03,2025-02-19,feature_use,110.2,free
C01661,2025-02-12,W07,2025-02-13,page_view,422.5,free
C01661,2025-02-12,W07,2025-04-08,feature_use,91.0,free
C01661,2025-02-12,W07,2025-05-05,search,173.2,pro
C01662,2025-03-05,W10,2025-03-05,feature_use,135.3,pro
C01662,2025-03-05,W10,2025-03-10,feature_use,116.5,free
C01662,2025-03-05,W10,2025-03-16,page_view,103.6,basic
C01662,2025-03-05,W10,2025-03-18,page_view,89.6,basic
C01662,2025-03-05,W10,2025-03-13,search,406.7,basic
C01662,2025-03-05,W10,2025-04-28,page_view,31.9,basic
C01662,2025-03-05,W10,2025-05-13,page_view,392.0,pro
C01663,2025-02-05,W06,2025-02-08,feature_use,518.3,pro
C01663,2025-02-05,W06,2025-02-26,feature_use,31.9,free
C01663,2025-02-05,W06,2025-02-26,page_view,171.3,basic
C01664,2025-01-08,W02,2025-01-11,feature_use,247.2,free
C01664,2025-01-08,W02,2025-01-12,search,118.2,free
C01664,2025-01-08,W02,2025-01-18,feature_use,459.4,free
C01664,2025-01-08,W02,2025-02-01,feature_use,107.8,free
C01664,2025-01-08,W02,2025-03-05,page_view,84.6,basic
C01665,2025-02-26,W09,2025-02-27,page_view,55.6,pro
C01665,2025-02-26,W09,2025-03-16,page_view,430.3,free
C01666,2025-02-26,W09,2025-03-02,feature_use,356.3,free
C01667,2025-02-12,W07,2025-02-13,search,259.3,free
C01667,2025-02-12,W07,2025-02-15,feature_use,82.8,free
C01667,2025-02-12,W07,2025-03-23,search,480.3,basic
C01667,2025-02-12,W07,2025-03-21,feature_use,385.4,free
C01667,2025-02-12,W07,2025-03-28,feature_use,216.3,free
C01667,2025-02-12,W07,2025-03-31,page_view,255.3,free
C01667,2025-02-12,W07,2025-03-26,page_view,39.9,pro
C01667,2025-02-12,W07,2025-04-01,feature_use,273.5,free
C01667,2025-02-12,W07,2025-03-30,feature_use,41.3,basic
C01667,2025-02-12,W07,2025-04-05,page_view,73.3,pro
C01667,2025-02-12,W07,2025-04-03,page_view,190.5,basic
C01667,2025-02-12,W07,2025-04-03,settings_change,94.6,free
C01667,2025-02-12,W07,2025-04-07,page_view,269.7,free
C01668,2025-01-22,W04,2025-01-26,page_view,60.6,basic
C01668,2025-01-22,W04,2025-01-25,page_view,243.3,free
C01668,2025-01-22,W04,2025-02-28,page_view,523.4,pro
C01668,2025-01-22,W04,2025-03-01,page_view,20.3,basic
C01668,2025-01-22,W04,2025-03-09,feature_use,60.4,pro
C01668,2025-01-22,W04,2025-03-07,feature_use,83.5,pro
C01668,2025-01-22,W04,2025-04-11,page_view,69.4,pro
C01668,2025-01-22,W04,2025-04-13,page_view,399.1,pro
C01669,2025-01-01,W01,2025-01-06,page_view,238.8,free
C01669,2025-01-01,W01,2025-03-10,feature_use,87.0,basic
C01670,2025-02-19,W08,2025-02-25,feature_use,173.2,free
C01670,2025-02-19,W08,2025-02-25,feature_use,158.9,free
C01670,2025-02-19,W08,2025-03-12,page_view,404.0,pro
C01670,2025-02-19,W08,2025-03-12,page_view,512.7,free
C01671,2025-02-26,W09,2025-03-03,search,67.2,free
C01671,2025-02-26,W09,2025-03-02,page_view,319.6,free
C01671,2025-02-26,W09,2025-03-08,page_view,330.6,free
C01671,2025-02-26,W09,2025-03-08,search,112.7,basic
C01672,2025-02-19,W08,2025-02-20,search,210.7,free
C01673,2025-01-08,W02,2025-01-14,search,732.6,free
C01673,2025-01-08,W02,2025-01-26,feature_use,269.5,free
C01673,2025-01-08,W02,2025-02-01,feature_use,112.9,free
C01673,2025-01-08,W02,2025-02-22,feature_use,320.4,free
C01673,2025-01-08,W02,2025-02-21,page_view,115.9,free
C01673,2025-01-08,W02,2025-02-25,page_view,106.1,pro
C01673,2025-01-08,W02,2025-03-18,page_view,67.3,pro
C01673,2025-01-08,W02,2025-03-17,settings_change,229.4,basic
C01674,2025-02-12,W07,2025-02-12,page_view,223.6,free
C01674,2025-02-12,W07,2025-02-26,page_view,58.7,free
C01674,2025-02-12,W07,2025-03-31,feature_use,98.5,free
C01674,2025-02-12,W07,2025-03-29,page_view,87.3,free
C01674,2025-02-12,W07,2025-04-03,page_view,384.0,free
C01674,2025-02-12,W07,2025-04-06,page_view,139.3,pro
C01674,2025-02-12,W07,2025-04-28,page_view,6.7,free
C01675,2025-03-05,W10,2025-03-08,page_view,17.0,free
C01675,2025-03-05,W10,2025-03-11,page_view,32.4,pro
C01675,2025-03-05,W10,2025-03-09,feature_use,559.7,free
C01676,2025-01-01,W01,2025-01-05,page_view,74.9,free
C01676,2025-01-01,W01,2025-01-01,page_view,104.2,pro
C01676,2025-01-01,W01,2025-01-03,page_view,54.6,free
C01677,2025-01-29,W05,2025-01-30,page_view,117.9,free
C01678,2025-02-19,W08,2025-02-23,page_view,49.9,basic
C01679,2025-02-26,W09,2025-02-27,feature_use,83.5,free
C01679,2025-02-26,W09,2025-02-28,page_view,51.3,free
C01680,2025-03-05,W10,2025-03-05,page_view,45.4,free
C01680,2025-03-05,W10,2025-04-15,search,657.1,free
C01680,2025-03-05,W10,2025-04-11,feature_use,60.9,basic
C01680,2025-03-05,W10,2025-04-11,feature_use,376.0,free
C01680,2025-03-05,W10,2025-04-10,feature_use,129.0,free
C01680,2025-03-05,W10,2025-04-28,page_view,44.4,free
C01681,2025-01-15,W03,2025-01-20,search,67.7,basic
C01681,2025-01-15,W03,2025-01-15,search,32.2,free
C01681,2025-01-15,W03,2025-01-17,search,98.2,free
C01681,2025-01-15,W03,2025-01-16,feature_use,378.5,free
C01681,2025-01-15,W03,2025-01-28,search,496.2,pro
C01681,2025-01-15,W03,2025-01-30,page_view,247.8,basic
C01681,2025-01-15,W03,2025-02-22,settings_change,45.4,pro
C01681,2025-01-15,W03,2025-02-27,page_view,85.3,pro
C01681,2025-01-15,W03,2025-02-28,page_view,79.4,free
C01681,2025-01-15,W03,2025-03-01,page_view,273.9,free
C01681,2025-01-15,W03,2025-03-21,page_view,380.3,free
C01681,2025-01-15,W03,2025-03-22,page_view,88.5,free
C01681,2025-01-15,W03,2025-03-22,page_view,187.2,basic
C01681,2025-01-15,W03,2025-03-25,page_view,1242.8,free
C01681,2025-01-15,W03,2025-03-20,page_view,206.4,free
C01682,2025-02-19,W08,2025-02-19,search,113.3,basic
C01683,2025-01-15,W03,2025-01-19,page_view,34.4,free
C01683,2025-01-15,W03,2025-01-20,search,49.1,free
C01683,2025-01-15,W03,2025-01-27,feature_use,344.2,free
C01683,2025-01-15,W03,2025-01-22,page_view,21.7,free
C01683,2025-01-15,W03,2025-01-30,page_view,283.0,free
C01684,2025-02-19,W08,2025-02-20,page_view,13.3,free
C01684,2025-02-19,W08,2025-02-23,page_view,57.9,free
C01684,2025-02-19,W08,2025-02-26,page_view,40.9,free
C01684,2025-02-19,W08,2025-02-27,search,66.9,basic
C01684,2025-02-19,W08,2025-03-10,settings_change,115.1,basic
C01684,2025-02-19,W08,2025-03-09,page_view,118.8,basic
C01684,2025-02-19,W08,2025-03-07,page_view,238.5,free
C01684,2025-02-19,W08,2025-03-09,feature_use,86.8,free
C01684,2025-02-19,W08,2025-03-25,feature_use,57.8,free
C01684,2025-02-19,W08,2025-03-20,feature_use,676.0,basic
C01685,2025-03-12,W11,2025-03-17,feature_use,331.6,free
C01685,2025-03-12,W11,2025-03-12,search,112.5,free
C01685,2025-03-12,W11,2025-03-17,page_view,126.2,basic
C01685,2025-03-12,W11,2025-03-17,page_view,76.3,basic
C01686,2025-01-29,W05,2025-02-02,feature_use,304.4,basic
C01686,2025-01-29,W05,2025-02-01,settings_change,189.1,basic
C01686,2025-01-29,W05,2025-04-14,search,119.9,free
C01687,2025-02-12,W07,2025-02-14,page_view,81.6,free
C01687,2025-02-12,W07,2025-03-20,page_view,236.9,pro
C01688,2025-03-12,W11,2025-03-16,page_view,62.2,pro
C01688,2025-03-12,W11,2025-03-14,page_view,69.0,free
C01689,2025-03-19,W12,2025-03-20,search,147.0,basic
C01689,2025-03-19,W12,2025-03-19,feature_use,123.8,free
C01689,2025-03-19,W12,2025-04-08,page_view,163.4,pro
C01690,2025-03-19,W12,2025-03-21,feature_use,310.6,free
C01690,2025-03-19,W12,2025-04-03,page_view,665.0,free
C01691,2025-02-05,W06,2025-02-09,search,972.7,basic
C01691,2025-02-05,W06,2025-03-18,search,1153.9,free
C01691,2025-02-05,W06,2025-03-17,page_view,164.2,pro
C01691,2025-02-05,W06,2025-04-07,page_view,218.3,basic
C01691,2025-02-05,W06,2025-04-05,feature_use,641.1,basic
C01691,2025-02-05,W06,2025-04-02,page_view,103.4,basic
C01691,2025-02-05,W06,2025-04-29,page_view,59.1,basic
C01691,2025-02-05,W06,2025-04-26,page_view,151.2,basic
C01692,2025-01-29,W05,2025-01-30,search,90.8,basic
C01692,2025-01-29,W05,2025-02-02,page_view,273.5,pro
C01692,2025-01-29,W05,2025-02-08,page_view,106.1,pro
C01692,2025-01-29,W05,2025-02-27,search,65.0,basic
C01692,2025-01-29,W05,2025-02-28,feature_use,216.4,pro
C01692,2025-01-29,W05,2025-03-16,page_view,499.3,free
C01693,2025-01-08,W02,2025-01-14,search,240.3,basic
C01693,2025-01-08,W02,2025-01-14,page_view,220.2,basic
C01693,2025-01-08,W02,2025-01-19,feature_use,238.3,free
C01694,2025-02-26,W09,2025-02-28,feature_use,34.8,pro
C01694,2025-02-26,W09,2025-03-04,feature_use,405.7,free
C01695,2025-02-12,W07,2025-02-18,search,25.2,pro
C01695,2025-02-12,W07,2025-02-15,feature_use,252.9,free
C01696,2025-02-12,W07,2025-02-17,page_view,228.2,free
C01696,2025-02-12,W07,2025-02-12,search,255.1,free
C01696,2025-02-12,W07,2025-03-28,feature_use,36.5,free
C01697,2025-01-29,W05,2025-02-04,feature_use,38.8,pro
C01697,2025-01-29,W05,2025-02-03,page_view,559.5,free
C01698,2025-01-15,W03,2025-01-16,page_view,87.3,free
C01699,2025-02-26,W09,2025-03-03,page_view,179.9,basic
C01699,2025-02-26,W09,2025-02-28,page_view,50.7,free
C01699,2025-02-26,W09,2025-03-24,page_view,176.4,free
C01699,2025-02-26,W09,2025-03-22,search,86.3,free
C01699,2025-02-26,W09,2025-03-21,page_view,226.7,free
C01700,2025-03-05,W10,2025-03-09,page_view,95.8,basic
C01700,2025-03-05,W10,2025-03-14,settings_change,187.1,basic
C01700,2025-03-05,W10,2025-03-16,feature_use,318.8,pro
C01700,2025-03-05,W10,2025-03-27,page_view,131.9,basic
C01700,2025-03-05,W10,2025-03-26,feature_use,335.6,free
C01700,2025-03-05,W10,2025-04-09,page_view,220.4,free
C01701,2025-03-12,W11,2025-03-13,feature_use,724.1,free
C01701,2025-03-12,W11,2025-03-24,feature_use,77.1,free
C01701,2025-03-12,W11,2025-03-19,page_view,25.6,free
C01701,2025-03-12,W11,2025-03-27,search,121.5,basic
C01701,2025-03-12,W11,2025-04-28,feature_use,208.5,free
C01701,2025-03-12,W11,2025-04-27,search,254.0,free
C01702,2025-02-19,W08,2025-02-21,page_view,59.9,free
C01702,2025-02-19,W08,2025-02-20,page_view,112.6,basic
C01702,2025-02-19,W08,2025-02-21,page_view,399.2,free
C01702,2025-02-19,W08,2025-03-02,feature_use,150.1,basic
C01702,2025-02-19,W08,2025-03-01,search,536.7,basic
C01702,2025-02-19,W08,2025-02-28,feature_use,133.6,pro
C01703,2025-02-05,W06,2025-02-08,page_view,71.1,free
C01703,2025-02-05,W06,2025-02-23,feature_use,254.6,basic
C01703,2025-02-05,W06,2025-02-22,page_view,95.8,basic
C01703,2025-02-05,W06,2025-02-22,feature_use,263.1,free
C01703,2025-02-05,W06,2025-03-10,feature_use,207.4,basic
C01703,2025-02-05,W06,2025-03-08,settings_change,297.0,free
C01703,2025-02-05,W06,2025-03-05,page_view,561.1,pro
C01703,2025-02-05,W06,2025-03-05,page_view,62.8,free
C01703,2025-02-05,W06,2025-03-08,page_view,137.3,basic
C01703,2025-02-05,W06,2025-03-08,page_view,79.8,free
C01703,2025-02-05,W06,2025-03-20,page_view,261.1,free
C01704,2025-03-19,W12,2025-03-25,page_view,387.7,free
C01704,2025-03-19,W12,2025-03-25,feature_use,80.0,basic
C01704,2025-03-19,W12,2025-03-20,page_view,194.8,free
C01704,2025-03-19,W12,2025-03-24,search,775.8,free
C01704,2025-03-19,W12,2025-03-21,feature_use,84.2,pro
C01704,2025-03-19,W12,2025-03-23,page_view,263.3,free
C01704,2025-03-19,W12,2025-03-19,page_view,497.4,pro
C01704,2025-03-19,W12,2025-03-29,feature_use,199.7,basic
C01704,2025-03-19,W12,2025-03-27,search,208.5,free
C01704,2025-03-19,W12,2025-03-28,feature_use,134.4,basic
C01704,2025-03-19,W12,2025-03-31,page_view,84.5,basic
C01704,2025-03-19,W12,2025-04-07,page_view,147.3,free
C01704,2025-03-19,W12,2025-04-06,feature_use,409.6,pro
C01704,2025-03-19,W12,2025-04-08,page_view,93.2,basic
C01704,2025-03-19,W12,2025-04-10,page_view,185.3,free
C01704,2025-03-19,W12,2025-04-14,feature_use,23.7,free
C01704,2025-03-19,W12,2025-04-11,search,92.7,free
C01704,2025-03-19,W12,2025-04-20,feature_use,58.8,basic
C01704,2025-03-19,W12,2025-04-18,page_view,190.5,basic
C01704,2025-03-19,W12,2025-04-21,feature_use,82.1,free
C01704,2025-03-19,W12,2025-04-22,feature_use,80.4,pro
C01704,2025-03-19,W12,2025-04-26,page_view,199.9,basic
C01704,2025-03-19,W12,2025-04-23,feature_use,254.2,free
C01704,2025-03-19,W12,2025-04-28,settings_change,339.6,free
C01704,2025-03-19,W12,2025-04-29,feature_use,174.9,basic
C01704,2025-03-19,W12,2025-05-24,page_view,123.5,basic
C01704,2025-03-19,W12,2025-05-24,feature_use,908.8,pro
C01704,2025-03-19,W12,2025-05-27,feature_use,66.5,free
C01705,2025-03-19,W12,2025-03-24,page_view,356.8,basic
C01705,2025-03-19,W12,2025-03-31,feature_use,211.7,pro
C01706,2025-01-08,W02,2025-01-13,page_view,77.0,pro
C01706,2025-01-08,W02,2025-03-20,page_view,45.9,pro
C01706,2025-01-08,W02,2025-03-22,page_view,137.5,free
C01706,2025-01-08,W02,2025-03-20,page_view,32.9,free
C01707,2025-02-12,W07,2025-02-18,page_view,61.6,pro
C01707,2025-02-12,W07,2025-02-24,feature_use,11.1,free
C01707,2025-02-12,W07,2025-02-24,page_view,65.7,basic
C01707,2025-02-12,W07,2025-03-29,search,260.1,free
C01707,2025-02-12,W07,2025-04-01,settings_change,221.6,free
C01707,2025-02-12,W07,2025-04-12,page_view,117.1,free
C01707,2025-02-12,W07,2025-04-15,page_view,270.2,pro
C01708,2025-01-29,W05,2025-02-02,page_view,42.0,basic
C01708,2025-01-29,W05,2025-03-09,feature_use,163.3,free
C01708,2025-01-29,W05,2025-03-05,feature_use,153.8,pro
C01708,2025-01-29,W05,2025-03-07,page_view,795.0,free
C01709,2025-02-19,W08,2025-02-21,page_view,193.9,free
C01709,2025-02-19,W08,2025-03-28,feature_use,58.5,basic
C01709,2025-02-19,W08,2025-04-01,feature_use,149.3,free
C01710,2025-02-05,W06,2025-02-06,page_view,487.9,free
C01710,2025-02-05,W06,2025-02-19,settings_change,120.9,free
C01710,2025-02-05,W06,2025-02-20,feature_use,29.7,free
C01710,2025-02-05,W06,2025-03-22,feature_use,12.8,basic
C01711,2025-03-05,W10,2025-03-09,settings_change,66.1,basic
C01711,2025-03-05,W10,2025-03-18,search,85.4,free
C01712,2025-02-26,W09,2025-03-04,feature_use,326.2,free
C01713,2025-02-19,W08,2025-02-25,page_view,928.3,free
C01714,2025-02-12,W07,2025-02-15,page_view,106.4,pro
C01714,2025-02-12,W07,2025-02-21,page_view,31.9,free
C01714,2025-02-12,W07,2025-02-26,page_view,111.0,free
C01714,2025-02-12,W07,2025-03-06,page_view,97.7,free
C01715,2025-01-01,W01,2025-01-06,search,232.3,pro
C01715,2025-01-01,W01,2025-01-06,feature_use,118.1,free
C01715,2025-01-01,W01,2025-02-05,search,45.8,pro
C01715,2025-01-01,W01,2025-02-09,feature_use,160.2,free
C01716,2025-03-05,W10,2025-03-09,page_view,187.2,pro
C01716,2025-03-05,W10,2025-04-09,feature_use,89.4,free
C01717,2025-02-26,W09,2025-03-04,feature_use,151.5,pro
C01717,2025-02-26,W09,2025-03-01,page_view,406.5,free
C01717,2025-02-26,W09,2025-03-03,page_view,99.3,pro
C01717,2025-02-26,W09,2025-03-08,feature_use,246.0,basic
C01717,2025-02-26,W09,2025-03-06,search,456.1,basic
C01717,2025-02-26,W09,2025-03-10,page_view,330.8,pro
C01717,2025-02-26,W09,2025-03-16,feature_use,51.7,free
C01717,2025-02-26,W09,2025-03-18,settings_change,85.8,free
C01717,2025-02-26,W09,2025-03-12,search,409.1,basic
C01717,2025-02-26,W09,2025-04-08,page_view,64.8,free
C01717,2025-02-26,W09,2025-04-08,search,119.1,pro
C01718,2025-02-19,W08,2025-02-22,feature_use,60.9,basic
C01718,2025-02-19,W08,2025-02-23,page_view,176.8,free
C01718,2025-02-19,W08,2025-02-26,page_view,58.8,basic
C01718,2025-02-19,W08,2025-03-15,page_view,83.9,free
C01719,2025-01-01,W01,2025-01-01,feature_use,22.4,free
C01720,2025-01-01,W01,2025-01-05,page_view,98.6,free
C01720,2025-01-01,W01,2025-01-01,page_view,144.0,free
C01720,2025-01-01,W01,2025-01-07,feature_use,411.4,free
C01720,2025-01-01,W01,2025-01-20,search,42.9,pro
C01720,2025-01-01,W01,2025-01-24,search,382.8,free
C01720,2025-01-01,W01,2025-01-24,page_view,287.3,pro
C01721,2025-01-15,W03,2025-01-20,page_view,258.1,pro
C01721,2025-01-15,W03,2025-01-31,page_view,51.4,free
C01721,2025-01-15,W03,2025-02-04,page_view,266.3,free
C01721,2025-01-15,W03,2025-02-22,page_view,17.8,basic
C01721,2025-01-15,W03,2025-02-24,page_view,281.0,basic
C01722,2025-01-15,W03,2025-01-19,page_view,181.5,basic
C01722,2025-01-15,W03,2025-03-13,search,105.2,basic
C01723,2025-01-08,W02,2025-01-13,page_view,247.4,free
C01724,2025-03-12,W11,2025-03-15,feature_use,136.9,basic
C01724,2025-03-12,W11,2025-03-16,settings_change,73.5,pro
C01724,2025-03-12,W11,2025-04-17,feature_use,161.7,free
C01724,2025-03-12,W11,2025-05-27,page_view,29.3,pro
C01725,2025-02-19,W08,2025-02-20,search,889.5,free
C01725,2025-02-19,W08,2025-03-02,page_view,206.9,free
C01725,2025-02-19,W08,2025-03-22,search,154.7,basic
C01725,2025-02-19,W08,2025-03-25,feature_use,193.9,free
C01725,2025-02-19,W08,2025-03-22,page_view,369.7,free
C01725,2025-02-19,W08,2025-05-02,page_view,318.1,free
C01726,2025-01-29,W05,2025-01-29,search,219.7,basic
C01726,2025-01-29,W05,2025-03-08,feature_use,189.1,basic
C01726,2025-01-29,W05,2025-03-11,search,84.0,free
C01726,2025-01-29,W05,2025-03-08,feature_use,485.6,basic
C01727,2025-01-01,W01,2025-01-03,page_view,490.4,pro
C01727,2025-01-01,W01,2025-01-08,page_view,161.5,pro
C01727,2025-01-01,W01,2025-01-08,feature_use,78.8,free
C01727,2025-01-01,W01,2025-01-10,search,61.5,free
C01727,2025-01-01,W01,2025-01-10,page_view,53.7,free
C01727,2025-01-01,W01,2025-03-17,search,218.0,free
C01728,2025-01-01,W01,2025-01-04,page_view,59.0,pro
C01729,2025-01-08,W02,2025-01-13,page_view,99.9,free
C01730,2025-02-12,W07,2025-02-16,search,340.2,basic
C01730,2025-02-12,W07,2025-02-15,page_view,1231.4,basic
C01730,2025-02-12,W07,2025-02-18,page_view,44.9,free
C01730,2025-02-12,W07,2025-02-12,search,17.6,pro
C01730,2025-02-12,W07,2025-03-14,search,465.4,pro
C01731,2025-02-26,W09,2025-02-28,search,228.2,free
C01731,2025-02-26,W09,2025-03-19,page_view,265.5,free
C01731,2025-02-26,W09,2025-04-27,page_view,81.4,free
C01731,2025-02-26,W09,2025-04-29,feature_use,172.8,pro
C01731,2025-02-26,W09,2025-04-23,feature_use,54.5,basic
C01732,2025-02-26,W09,2025-03-01,page_view,144.0,basic
C01733,2025-02-26,W09,2025-03-03,feature_use,83.0,free
C01733,2025-02-26,W09,2025-02-26,page_view,47.1,free
C01733,2025-02-26,W09,2025-02-26,page_view,56.5,pro
C01733,2025-02-26,W09,2025-03-18,search,108.7,free
C01733,2025-02-26,W09,2025-03-16,feature_use,266.5,pro
C01733,2025-02-26,W09,2025-03-20,search,199.2,free
C01733,2025-02-26,W09,2025-03-31,feature_use,86.4,free
C01733,2025-02-26,W09,2025-04-03,page_view,448.6,free
C01733,2025-02-26,W09,2025-04-10,page_view,82.8,free
C01733,2025-02-26,W09,2025-05-04,page_view,313.4,free
C01733,2025-02-26,W09,2025-04-30,page_view,28.2,pro
C01733,2025-02-26,W09,2025-05-01,feature_use,778.3,free
C01734,2025-03-05,W10,2025-03-07,search,105.5,free
C01734,2025-03-05,W10,2025-03-06,page_view,98.1,basic
C01734,2025-03-05,W10,2025-03-10,page_view,279.0,basic
C01734,2025-03-05,W10,2025-03-11,feature_use,85.9,free
C01734,2025-03-05,W10,2025-03-18,feature_use,58.7,free
C01735,2025-03-12,W11,2025-03-17,feature_use,183.1,pro
C01735,2025-03-12,W11,2025-03-12,page_view,88.0,basic
C01735,2025-03-12,W11,2025-03-23,page_view,378.4,pro
C01735,2025-03-12,W11,2025-04-19,feature_use,94.3,pro
C01735,2025-03-12,W11,2025-04-16,feature_use,252.7,pro
C01736,2025-02-05,W06,2025-02-05,feature_use,128.9,basic
C01737,2025-03-12,W11,2025-03-17,feature_use,429.0,pro
C01737,2025-03-12,W11,2025-03-14,search,536.3,free
C01737,2025-03-12,W11,2025-03-15,page_view,83.5,free
C01737,2025-03-12,W11,2025-03-14,feature_use,130.9,basic
C01737,2025-03-12,W11,2025-03-30,feature_use,86.7,free
C01738,2025-03-19,W12,2025-03-22,feature_use,36.1,free
C01738,2025-03-19,W12,2025-03-21,page_view,509.2,basic
C01738,2025-03-19,W12,2025-03-28,page_view,20.2,pro
C01738,2025-03-19,W12,2025-03-31,feature_use,88.0,basic
C01738,2025-03-19,W12,2025-03-30,feature_use,480.6,pro
C01738,2025-03-19,W12,2025-04-07,page_view,602.4,pro
C01738,2025-03-19,W12,2025-05-15,page_view,441.1,basic
C01738,2025-03-19,W12,2025-05-20,search,256.2,pro
C01738,2025-03-19,W12,2025-05-21,feature_use,132.4,basic
C01739,2025-01-29,W05,2025-02-03,search,56.8,free
C01739,2025-01-29,W05,2025-02-03,search,29.9,free
C01739,2025-01-29,W05,2025-01-31,feature_use,89.3,basic
C01739,2025-01-29,W05,2025-02-07,page_view,258.1,free
C01739,2025-01-29,W05,2025-02-07,page_view,197.3,free
C01739,2025-01-29,W05,2025-02-27,search,84.2,basic
C01739,2025-01-29,W05,2025-02-27,page_view,117.1,free
C01739,2025-01-29,W05,2025-03-01,page_view,548.6,basic
C01739,2025-01-29,W05,2025-03-02,page_view,563.8,pro
C01739,2025-01-29,W05,2025-02-27,page_view,101.1,free
C01740,2025-03-19,W12,2025-03-20,feature_use,1719.6,free
C01740,2025-03-19,W12,2025-03-21,feature_use,309.5,free
C01740,2025-03-19,W12,2025-03-25,search,830.0,free
C01740,2025-03-19,W12,2025-03-25,page_view,286.6,free
C01740,2025-03-19,W12,2025-03-21,page_view,83.1,free
C01740,2025-03-19,W12,2025-03-30,page_view,190.3,pro
C01740,2025-03-19,W12,2025-05-06,feature_use,112.8,free
C01740,2025-03-19,W12,2025-05-01,page_view,354.6,basic
C01741,2025-03-05,W10,2025-03-10,feature_use,545.7,free
C01741,2025-03-05,W10,2025-03-16,feature_use,58.4,pro
C01741,2025-03-05,W10,2025-03-17,page_view,81.4,basic
C01741,2025-03-05,W10,2025-04-22,page_view,172.7,basic
C01742,2025-03-05,W10,2025-03-09,feature_use,110.0,basic
C01742,2025-03-05,W10,2025-03-07,page_view,98.2,free
C01742,2025-03-05,W10,2025-03-11,page_view,40.0,free
C01742,2025-03-05,W10,2025-03-08,feature_use,38.2,pro
C01742,2025-03-05,W10,2025-03-21,page_view,289.3,pro
C01742,2025-03-05,W10,2025-03-20,page_view,561.5,free
C01742,2025-03-05,W10,2025-03-22,page_view,53.1,free
C01742,2025-03-05,W10,2025-03-22,search,8.1,basic
C01742,2025-03-05,W10,2025-04-04,feature_use,124.0,free
C01742,2025-03-05,W10,2025-05-26,page_view,152.4,free
C01743,2025-03-12,W11,2025-03-18,page_view,109.7,basic
C01743,2025-03-12,W11,2025-04-06,search,227.0,basic
C01743,2025-03-12,W11,2025-04-04,feature_use,66.3,free
C01743,2025-03-12,W11,2025-05-06,page_view,169.4,pro
C01744,2025-02-19,W08,2025-02-22,feature_use,232.7,free
C01744,2025-02-19,W08,2025-02-28,settings_change,273.5,pro
C01744,2025-02-19,W08,2025-03-14,search,194.5,basic
C01744,2025-02-19,W08,2025-03-20,page_view,588.5,basic
C01744,2025-02-19,W08,2025-03-19,feature_use,71.5,pro
C01744,2025-02-19,W08,2025-04-19,feature_use,589.0,free
C01744,2025-02-19,W08,2025-04-19,page_view,1063.7,free
C01745,2025-02-05,W06,2025-02-08,feature_use,17.3,free
C01745,2025-02-05,W06,2025-02-06,feature_use,211.9,free
C01745,2025-02-05,W06,2025-02-06,page_view,1308.0,basic
C01746,2025-02-19,W08,2025-02-20,page_view,19.5,pro
C01747,2025-01-01,W01,2025-01-07,search,360.8,pro
C01747,2025-01-01,W01,2025-01-19,feature_use,34.3,free
C01748,2025-01-22,W04,2025-01-23,feature_use,278.0,free
C01748,2025-01-22,W04,2025-01-26,search,21.4,basic
C01748,2025-01-22,W04,2025-02-03,search,107.6,basic
C01748,2025-01-22,W04,2025-02-08,feature_use,137.2,basic
C01748,2025-01-22,W04,2025-02-09,feature_use,97.8,basic
C01748,2025-01-22,W04,2025-04-14,page_view,236.8,free
C01749,2025-03-05,W10,2025-03-08,feature_use,572.3,basic
C01750,2025-01-29,W05,2025-02-03,feature_use,97.2,free
C01750,2025-01-29,W05,2025-02-04,page_view,138.2,free
C01750,2025-01-29,W05,2025-02-03,feature_use,69.2,basic
C01750,2025-01-29,W05,2025-02-08,page_view,269.9,pro
C01750,2025-01-29,W05,2025-02-08,page_view,329.3,free
C01751,2025-01-22,W04,2025-01-28,feature_use,127.0,basic
C01751,2025-01-22,W04,2025-01-25,page_view,132.1,basic
C01752,2025-02-05,W06,2025-02-10,page_view,173.7,basic
C01752,2025-02-05,W06,2025-02-22,feature_use,192.2,pro
C01752,2025-02-05,W06,2025-02-25,search,422.3,free
C01752,2025-02-05,W06,2025-02-21,page_view,392.9,basic
C01752,2025-02-05,W06,2025-02-23,search,58.4,free
C01753,2025-02-12,W07,2025-02-12,page_view,9.4,free
C01753,2025-02-12,W07,2025-02-15,page_view,28.4,free
C01754,2025-03-12,W11,2025-03-18,feature_use,210.9,free
C01754,2025-03-12,W11,2025-04-14,page_view,83.0,basic
C01754,2025-03-12,W11,2025-04-20,feature_use,126.9,pro
C01754,2025-03-12,W11,2025-04-28,search,103.6,free
C01754,2025-03-12,W11,2025-04-29,page_view,283.1,basic
C01754,2025-03-12,W11,2025-05-09,page_view,330.8,basic
C01754,2025-03-12,W11,2025-05-10,page_view,55.0,pro
C01754,2025-03-12,W11,2025-05-07,page_view,866.7,free
C01755,2025-03-12,W11,2025-03-13,page_view,121.3,free
C01755,2025-03-12,W11,2025-04-13,search,240.2,pro
C01756,2025-02-19,W08,2025-02-23,page_view,42.5,free
C01756,2025-02-19,W08,2025-03-02,page_view,33.3,pro
C01756,2025-02-19,W08,2025-03-20,feature_use,226.7,pro
C01756,2025-02-19,W08,2025-03-19,page_view,452.0,basic
C01757,2025-02-19,W08,2025-02-24,feature_use,64.4,basic
C01757,2025-02-19,W08,2025-02-20,feature_use,592.1,free
C01757,2025-02-19,W08,2025-02-25,feature_use,137.2,pro
C01757,2025-02-19,W08,2025-02-22,feature_use,73.2,basic
C01757,2025-02-19,W08,2025-02-23,feature_use,13.8,pro
C01757,2025-02-19,W08,2025-02-27,feature_use,240.2,pro
C01757,2025-02-19,W08,2025-03-03,feature_use,13.3,pro
C01757,2025-02-19,W08,2025-03-31,page_view,23.8,basic
C01757,2025-02-19,W08,2025-03-26,feature_use,454.6,free
C01757,2025-02-19,W08,2025-03-27,page_view,261.2,free
C01757,2025-02-19,W08,2025-03-29,page_view,300.3,basic
C01757,2025-02-19,W08,2025-04-12,page_view,132.0,basic
C01757,2025-02-19,W08,2025-04-17,feature_use,134.3,free
C01757,2025-02-19,W08,2025-04-21,page_view,92.4,free
C01758,2025-01-29,W05,2025-01-31,page_view,186.1,pro
C01758,2025-01-29,W05,2025-01-29,page_view,200.4,free
C01758,2025-01-29,W05,2025-02-02,page_view,453.3,basic
C01758,2025-01-29,W05,2025-02-15,page_view,367.4,basic
C01758,2025-01-29,W05,2025-02-16,page_view,2474.1,pro
C01758,2025-01-29,W05,2025-03-15,page_view,185.6,basic
C01759,2025-02-19,W08,2025-02-19,search,129.7,free
C01759,2025-02-19,W08,2025-02-22,page_view,117.0,pro
C01759,2025-02-19,W08,2025-02-20,feature_use,184.1,basic
C01759,2025-02-19,W08,2025-02-19,feature_use,89.0,pro
C01759,2025-02-19,W08,2025-03-06,page_view,279.4,free
C01760,2025-03-19,W12,2025-03-25,page_view,58.3,free
C01761,2025-01-15,W03,2025-01-16,feature_use,78.0,free
C01761,2025-01-15,W03,2025-02-03,page_view,199.2,basic
C01761,2025-01-15,W03,2025-03-31,page_view,235.1,free
C01762,2025-03-19,W12,2025-03-24,page_view,40.9,basic
C01763,2025-01-15,W03,2025-01-20,feature_use,608.6,basic
C01764,2025-01-01,W01,2025-01-03,page_view,105.0,basic
C01764,2025-01-01,W01,2025-01-08,page_view,145.8,basic
C01764,2025-01-01,W01,2025-02-19,feature_use,195.1,free
C01764,2025-01-01,W01,2025-02-20,page_view,39.9,pro
C01765,2025-03-05,W10,2025-03-10,settings_change,209.4,basic
C01765,2025-03-05,W10,2025-03-24,feature_use,82.4,basic
C01765,2025-03-05,W10,2025-03-21,feature_use,169.5,basic
C01765,2025-03-05,W10,2025-04-12,feature_use,1147.4,free
C01765,2025-03-05,W10,2025-05-03,search,172.6,basic
C01766,2025-01-01,W01,2025-01-01,page_view,90.1,free
C01766,2025-01-01,W01,2025-01-11,page_view,128.5,free
C01766,2025-01-01,W01,2025-01-08,feature_use,51.8,free
C01766,2025-01-01,W01,2025-01-14,page_view,141.9,pro
C01767,2025-01-01,W01,2025-01-05,page_view,123.1,free
C01767,2025-01-01,W01,2025-01-01,page_view,224.6,basic
C01767,2025-01-01,W01,2025-01-21,page_view,449.8,free
C01767,2025-01-01,W01,2025-01-16,page_view,75.0,basic
C01767,2025-01-01,W01,2025-01-17,page_view,131.8,free
C01767,2025-01-01,W01,2025-01-17,page_view,141.4,basic
C01767,2025-01-01,W01,2025-02-13,page_view,154.5,pro
C01767,2025-01-01,W01,2025-02-16,search,48.1,basic
C01767,2025-01-01,W01,2025-02-17,page_view,34.3,free
C01767,2025-01-01,W01,2025-02-20,feature_use,324.7,free
C01767,2025-01-01,W01,2025-02-24,search,179.4,free
C01767,2025-01-01,W01,2025-03-06,feature_use,46.9,pro
C01767,2025-01-01,W01,2025-03-13,feature_use,84.7,free
C01767,2025-01-01,W01,2025-03-17,feature_use,119.3,pro
C01768,2025-03-05,W10,2025-03-07,page_view,104.8,free
C01768,2025-03-05,W10,2025-03-07,feature_use,27.5,free
C01769,2025-03-12,W11,2025-03-17,page_view,150.4,basic
C01770,2025-01-15,W03,2025-01-15,page_view,182.4,free
C01770,2025-01-15,W03,2025-02-27,feature_use,254.7,basic
C01770,2025-01-15,W03,2025-03-12,page_view,550.8,pro
C01770,2025-01-15,W03,2025-03-12,page_view,144.2,free
C01770,2025-01-15,W03,2025-03-17,page_view,232.4,free
C01771,2025-02-19,W08,2025-02-22,page_view,757.2,free
C01771,2025-02-19,W08,2025-03-20,search,132.2,basic
C01772,2025-02-26,W09,2025-03-03,page_view,502.0,free
C01773,2025-01-15,W03,2025-01-20,page_view,213.5,pro
C01773,2025-01-15,W03,2025-01-21,page_view,54.2,free
C01773,2025-01-15,W03,2025-02-01,page_view,1148.6,pro
C01773,2025-01-15,W03,2025-02-07,page_view,239.4,basic
C01774,2025-02-19,W08,2025-02-25,search,156.0,basic
C01774,2025-02-19,W08,2025-03-06,feature_use,60.4,free
C01774,2025-02-19,W08,2025-03-14,feature_use,72.4,free
C01775,2025-03-12,W11,2025-03-17,page_view,132.0,basic
C01776,2025-03-05,W10,2025-03-08,page_view,99.6,free
C01777,2025-01-01,W01,2025-01-02,feature_use,55.2,basic
C01777,2025-01-01,W01,2025-01-27,feature_use,110.6,free
C01777,2025-01-01,W01,2025-01-23,page_view,590.0,free
C01777,2025-01-01,W01,2025-01-23,page_view,223.1,basic
C01777,2025-01-01,W01,2025-03-21,page_view,286.8,free
C01777,2025-01-01,W01,2025-03-24,page_view,93.6,basic
C01777,2025-01-01,W01,2025-03-25,feature_use,221.5,free
C01778,2025-01-15,W03,2025-01-17,page_view,111.0,free
C01778,2025-01-15,W03,2025-02-06,search,469.0,basic
C01778,2025-01-15,W03,2025-02-18,page_view,86.7,free
C01778,2025-01-15,W03,2025-02-18,search,80.7,basic
C01778,2025-01-15,W03,2025-03-08,page_view,109.4,free
C01779,2025-01-01,W01,2025-01-07,search,288.5,basic
C01779,2025-01-01,W01,2025-01-19,page_view,426.7,free
C01779,2025-01-01,W01,2025-01-27,feature_use,319.2,basic
C01779,2025-01-01,W01,2025-02-24,feature_use,600.1,free
C01780,2025-03-05,W10,2025-03-09,search,47.3,free
C01780,2025-03-05,W10,2025-04-13,page_view,410.5,free
C01780,2025-03-05,W10,2025-04-09,page_view,99.4,free
C01780,2025-03-05,W10,2025-04-15,search,143.5,free
C01780,2025-03-05,W10,2025-05-06,feature_use,157.7,basic
C01780,2025-03-05,W10,2025-05-02,search,303.9,pro
C01780,2025-03-05,W10,2025-05-01,page_view,53.0,pro
C01781,2025-02-26,W09,2025-03-03,feature_use,133.5,pro
C01782,2025-01-15,W03,2025-01-21,page_view,491.0,free
C01782,2025-01-15,W03,2025-02-02,page_view,257.7,pro
C01783,2025-03-05,W10,2025-03-07,page_view,441.7,basic
C01783,2025-03-05,W10,2025-03-08,page_view,36.0,pro
C01783,2025-03-05,W10,2025-03-20,feature_use,308.6,free
C01783,2025-03-05,W10,2025-04-02,page_view,1654.1,basic
C01783,2025-03-05,W10,2025-05-08,search,24.2,basic
C01784,2025-03-05,W10,2025-03-08,feature_use,362.2,pro
C01784,2025-03-05,W10,2025-03-18,page_view,48.9,basic
C01784,2025-03-05,W10,2025-03-14,page_view,142.1,free
C01784,2025-03-05,W10,2025-03-12,page_view,31.7,free
C01784,2025-03-05,W10,2025-03-25,search,922.7,free
C01784,2025-03-05,W10,2025-03-24,feature_use,94.8,free
C01784,2025-03-05,W10,2025-03-21,page_view,402.6,free
C01784,2025-03-05,W10,2025-03-30,feature_use,526.5,free
C01784,2025-03-05,W10,2025-03-28,feature_use,305.3,free
C01785,2025-01-29,W05,2025-02-04,feature_use,530.9,free
C01785,2025-01-29,W05,2025-03-01,page_view,187.0,pro
C01785,2025-01-29,W05,2025-03-11,page_view,183.8,free
C01785,2025-01-29,W05,2025-03-07,settings_change,86.3,basic
C01785,2025-01-29,W05,2025-04-02,search,208.4,pro
C01785,2025-01-29,W05,2025-04-04,feature_use,114.6,pro
C01785,2025-01-29,W05,2025-04-03,page_view,106.2,pro
C01786,2025-03-12,W11,2025-03-14,settings_change,182.9,free
C01786,2025-03-12,W11,2025-03-18,feature_use,1079.9,basic
C01786,2025-03-12,W11,2025-03-22,search,60.3,free
C01786,2025-03-12,W11,2025-03-25,page_view,37.6,basic
C01786,2025-03-12,W11,2025-04-18,feature_use,94.0,basic
C01786,2025-03-12,W11,2025-05-19,page_view,108.7,basic
C01786,2025-03-12,W11,2025-05-18,feature_use,236.4,pro
C01786,2025-03-12,W11,2025-05-18,page_view,517.8,pro
C01786,2025-03-12,W11,2025-05-20,feature_use,183.3,basic
C01786,2025-03-12,W11,2025-05-14,feature_use,45.4,pro
C01787,2025-03-05,W10,2025-03-11,page_view,136.5,basic
C01787,2025-03-05,W10,2025-03-09,page_view,29.0,basic
C01787,2025-03-05,W10,2025-03-26,feature_use,20.2,pro
C01788,2025-03-05,W10,2025-03-06,page_view,53.7,pro
C01788,2025-03-05,W10,2025-03-07,feature_use,62.5,pro
C01788,2025-03-05,W10,2025-03-10,settings_change,630.5,basic
C01788,2025-03-05,W10,2025-03-29,page_view,140.0,free
C01788,2025-03-05,W10,2025-04-01,search,242.1,free
C01788,2025-03-05,W10,2025-05-16,search,91.5,free
C01788,2025-03-05,W10,2025-05-14,page_view,364.7,free
C01788,2025-03-05,W10,2025-05-17,page_view,8.8,free
C01789,2025-02-12,W07,2025-02-18,page_view,69.7,basic
C01789,2025-02-12,W07,2025-03-01,page_view,76.3,basic
C01789,2025-02-12,W07,2025-03-12,page_view,229.0,basic
C01789,2025-02-12,W07,2025-04-15,search,71.4,basic
C01790,2025-02-26,W09,2025-03-02,feature_use,40.6,free
C01790,2025-02-26,W09,2025-03-07,feature_use,96.9,basic
C01790,2025-02-26,W09,2025-03-05,feature_use,201.0,basic
C01790,2025-02-26,W09,2025-03-16,settings_change,130.3,basic
C01790,2025-02-26,W09,2025-03-14,page_view,141.8,basic
C01790,2025-02-26,W09,2025-03-14,feature_use,388.7,free
C01790,2025-02-26,W09,2025-03-15,feature_use,140.6,free
C01790,2025-02-26,W09,2025-03-12,search,238.2,free
C01790,2025-02-26,W09,2025-03-18,page_view,233.7,free
C01790,2025-02-26,W09,2025-03-21,feature_use,303.2,free
C01790,2025-02-26,W09,2025-03-24,search,437.9,pro
C01790,2025-02-26,W09,2025-03-20,page_view,34.7,pro
C01790,2025-02-26,W09,2025-03-19,page_view,461.5,free
C01790,2025-02-26,W09,2025-03-23,feature_use,137.8,basic
C01790,2025-02-26,W09,2025-04-24,feature_use,131.5,pro
C01790,2025-02-26,W09,2025-04-28,feature_use,81.9,basic
C01790,2025-02-26,W09,2025-05-05,search,82.7,free
C01790,2025-02-26,W09,2025-05-01,feature_use,193.0,basic
C01791,2025-02-12,W07,2025-02-14,feature_use,143.2,pro
C01792,2025-01-01,W01,2025-01-03,settings_change,74.3,free
C01792,2025-01-01,W01,2025-01-24,settings_change,565.2,free
C01793,2025-02-12,W07,2025-02-13,search,38.7,free
C01794,2025-02-12,W07,2025-02-15,feature_use,224.3,basic
C01794,2025-02-12,W07,2025-02-18,page_view,78.0,free
C01794,2025-02-12,W07,2025-03-31,page_view,11.2,free
C01794,2025-02-12,W07,2025-04-01,page_view,57.6,basic
C01794,2025-02-12,W07,2025-03-28,page_view,124.4,free
C01795,2025-01-08,W02,2025-01-09,page_view,41.0,free
C01795,2025-01-08,W02,2025-01-11,page_view,305.3,free
C01795,2025-01-08,W02,2025-01-11,feature_use,63.0,free
C01795,2025-01-08,W02,2025-01-16,feature_use,154.1,free
C01795,2025-01-08,W02,2025-01-27,feature_use,350.5,free
C01795,2025-01-08,W02,2025-01-27,page_view,93.0,basic
C01795,2025-01-08,W02,2025-01-24,page_view,285.2,pro
C01795,2025-01-08,W02,2025-01-25,page_view,206.0,basic
C01795,2025-01-08,W02,2025-01-28,page_view,846.2,free
C01795,2025-01-08,W02,2025-01-28,page_view,333.5,basic
C01795,2025-01-08,W02,2025-01-25,page_view,11.8,basic
C01796,2025-02-12,W07,2025-02-16,search,566.9,free
C01796,2025-02-12,W07,2025-03-14,page_view,254.1,pro
C01796,2025-02-12,W07,2025-03-17,settings_change,460.9,pro
C01796,2025-02-12,W07,2025-03-16,page_view,69.9,basic
C01796,2025-02-12,W07,2025-03-22,feature_use,173.2,basic
C01797,2025-01-08,W02,2025-01-14,settings_change,291.1,basic
C01798,2025-01-01,W01,2025-01-02,page_view,88.3,free
C01798,2025-01-01,W01,2025-01-05,search,97.4,free
C01798,2025-01-01,W01,2025-01-01,page_view,1043.6,pro
C01798,2025-01-01,W01,2025-01-02,page_view,339.9,free
C01798,2025-01-01,W01,2025-01-09,page_view,440.6,free
C01798,2025-01-01,W01,2025-01-20,page_view,560.5,free
C01799,2025-02-26,W09,2025-03-03,feature_use,123.2,pro
C01799,2025-02-26,W09,2025-03-03,search,597.0,free
C01799,2025-02-26,W09,2025-03-16,search,179.4,free
C01799,2025-02-26,W09,2025-03-21,feature_use,175.8,pro
C01799,2025-02-26,W09,2025-03-24,page_view,54.7,basic
C01799,2025-02-26,W09,2025-03-25,search,66.6,free
C01799,2025-02-26,W09,2025-04-07,search,453.2,basic
C01799,2025-02-26,W09,2025-04-14,page_view,228.4,basic
C01799,2025-02-26,W09,2025-04-13,feature_use,87.3,free
C01799,2025-02-26,W09,2025-04-12,page_view,179.5,pro
C01799,2025-02-26,W09,2025-05-18,feature_use,1127.5,pro
C01799,2025-02-26,W09,2025-05-14,page_view,127.8,free
C01799,2025-02-26,W09,2025-05-17,page_view,87.0,free
C01799,2025-02-26,W09,2025-05-20,page_view,1858.1,free
C01800,2025-03-05,W10,2025-03-09,page_view,338.0,free
C01800,2025-03-05,W10,2025-03-27,page_view,464.9,basic
C01800,2025-03-05,W10,2025-03-31,page_view,923.9,basic
C01801,2025-03-05,W10,2025-03-06,search,177.1,free
C01801,2025-03-05,W10,2025-03-10,page_view,772.2,free
C01801,2025-03-05,W10,2025-03-20,page_view,244.4,basic
C01801,2025-03-05,W10,2025-05-05,search,80.7,free
C01801,2025-03-05,W10,2025-05-04,page_view,92.5,basic
C01801,2025-03-05,W10,2025-05-05,search,75.6,basic
C01801,2025-03-05,W10,2025-05-04,page_view,103.4,basic
C01802,2025-01-29,W05,2025-02-01,settings_change,57.6,free
C01803,2025-02-12,W07,2025-02-12,search,93.9,free
C01803,2025-02-12,W07,2025-02-17,page_view,28.6,pro
C01803,2025-02-12,W07,2025-02-15,search,580.4,pro
C01803,2025-02-12,W07,2025-02-16,page_view,165.1,pro
C01804,2025-03-05,W10,2025-03-09,feature_use,30.2,pro
C01804,2025-03-05,W10,2025-03-09,feature_use,181.0,basic
C01804,2025-03-05,W10,2025-03-16,search,74.2,free
C01804,2025-03-05,W10,2025-03-15,page_view,188.0,free
C01805,2025-02-05,W06,2025-02-11,feature_use,37.0,free
C01806,2025-02-19,W08,2025-02-22,feature_use,50.5,free
C01806,2025-02-19,W08,2025-02-19,page_view,217.7,basic
C01806,2025-02-19,W08,2025-02-19,settings_change,671.6,basic
C01806,2025-02-19,W08,2025-03-05,page_view,60.8,basic
C01806,2025-02-19,W08,2025-03-09,page_view,77.9,basic
C01807,2025-03-05,W10,2025-03-07,settings_change,276.7,pro
C01807,2025-03-05,W10,2025-03-06,page_view,126.8,free
C01807,2025-03-05,W10,2025-04-16,feature_use,134.8,free
C01808,2025-01-15,W03,2025-01-16,page_view,497.9,pro
C01808,2025-01-15,W03,2025-01-19,page_view,155.2,free
C01808,2025-01-15,W03,2025-01-20,search,86.8,free
C01808,2025-01-15,W03,2025-03-13,page_view,144.7,pro
C01809,2025-03-19,W12,2025-03-23,search,81.7,free
C01809,2025-03-19,W12,2025-03-23,feature_use,183.4,free
C01809,2025-03-19,W12,2025-03-29,feature_use,406.6,free
C01809,2025-03-19,W12,2025-04-04,search,235.7,free
C01809,2025-03-19,W12,2025-04-26,page_view,97.8,free
C01809,2025-03-19,W12,2025-05-01,feature_use,48.9,free
C01809,2025-03-19,W12,2025-05-03,search,223.8,free
C01810,2025-01-22,W04,2025-01-24,page_view,36.7,free
C01810,2025-01-22,W04,2025-02-02,feature_use,58.3,pro
C01810,2025-01-22,W04,2025-04-08,feature_use,242.3,basic
C01810,2025-01-22,W04,2025-04-06,feature_use,224.3,free
C01810,2025-01-22,W04,2025-04-15,settings_change,196.5,pro
C01811,2025-01-08,W02,2025-01-10,feature_use,81.1,pro
C01812,2025-01-29,W05,2025-02-03,page_view,183.0,free
C01812,2025-01-29,W05,2025-01-30,feature_use,16.1,free
C01812,2025-01-29,W05,2025-03-01,page_view,294.7,pro
C01812,2025-01-29,W05,2025-03-03,feature_use,375.8,free
C01812,2025-01-29,W05,2025-03-01,page_view,37.0,basic
C01812,2025-01-29,W05,2025-02-26,page_view,134.4,free
C01812,2025-01-29,W05,2025-03-06,feature_use,15.7,free
C01812,2025-01-29,W05,2025-04-16,feature_use,5.4,basic
C01812,2025-01-29,W05,2025-04-21,page_view,298.2,free
C01812,2025-01-29,W05,2025-04-22,feature_use,58.7,pro
C01813,2025-03-12,W11,2025-03-15,feature_use,54.8,free
C01813,2025-03-12,W11,2025-03-17,page_view,550.8,free
C01814,2025-03-05,W10,2025-03-05,feature_use,170.7,basic
C01815,2025-03-12,W11,2025-03-18,feature_use,147.2,free
C01815,2025-03-12,W11,2025-03-23,feature_use,40.3,basic
C01815,2025-03-12,W11,2025-03-25,page_view,176.8,free
C01815,2025-03-12,W11,2025-03-21,search,328.7,free
C01815,2025-03-12,W11,2025-03-22,page_view,168.6,free
C01815,2025-03-12,W11,2025-03-19,search,1179.9,pro
C01815,2025-03-12,W11,2025-03-22,page_view,310.0,free
C01815,2025-03-12,W11,2025-04-14,feature_use,289.2,basic
C01815,2025-03-12,W11,2025-04-09,settings_change,280.3,free
C01815,2025-03-12,W11,2025-04-12,page_view,837.5,pro
C01815,2025-03-12,W11,2025-04-10,search,308.6,basic
C01815,2025-03-12,W11,2025-04-29,page_view,55.8,free
C01815,2025-03-12,W11,2025-04-25,feature_use,47.6,free
C01815,2025-03-12,W11,2025-04-26,feature_use,264.4,free
C01815,2025-03-12,W11,2025-04-25,page_view,81.7,free
C01815,2025-03-12,W11,2025-04-29,page_view,107.9,free
C01815,2025-03-12,W11,2025-04-27,page_view,78.1,free
C01815,2025-03-12,W11,2025-05-04,feature_use,745.1,free
C01815,2025-03-12,W11,2025-05-10,search,733.6,free
C01816,2025-01-01,W01,2025-01-05,page_view,818.0,pro
C01816,2025-01-01,W01,2025-01-11,page_view,216.9,basic
C01816,2025-01-01,W01,2025-01-27,page_view,247.1,free
C01816,2025-01-01,W01,2025-02-11,page_view,108.0,pro
C01817,2025-01-29,W05,2025-02-03,settings_change,87.4,basic
C01817,2025-01-29,W05,2025-01-31,search,100.2,free
C01817,2025-01-29,W05,2025-02-06,feature_use,49.8,free
C01817,2025-01-29,W05,2025-02-08,page_view,175.7,pro
C01817,2025-01-29,W05,2025-03-10,page_view,132.3,free
C01817,2025-01-29,W05,2025-03-10,feature_use,316.1,free
C01817,2025-01-29,W05,2025-03-07,page_view,109.4,free
C01818,2025-02-19,W08,2025-02-25,page_view,39.0,free
C01819,2025-03-19,W12,2025-03-19,page_view,499.7,basic
C01819,2025-03-19,W12,2025-03-20,page_view,89.8,free
C01819,2025-03-19,W12,2025-03-22,page_view,128.4,basic
C01819,2025-03-19,W12,2025-03-29,feature_use,345.1,basic
C01819,2025-03-19,W12,2025-04-22,search,334.3,basic
C01820,2025-03-12,W11,2025-03-14,search,165.1,pro
C01821,2025-02-05,W06,2025-02-07,page_view,220.6,free
C01821,2025-02-05,W06,2025-02-11,page_view,79.2,free
C01821,2025-02-05,W06,2025-02-16,feature_use,134.1,free
C01822,2025-03-05,W10,2025-03-09,page_view,71.5,free
C01822,2025-03-05,W10,2025-04-10,page_view,477.9,basic
C01822,2025-03-05,W10,2025-05-03,feature_use,261.9,free
C01822,2025-03-05,W10,2025-05-05,feature_use,17.4,free
C01823,2025-02-26,W09,2025-03-01,page_view,31.0,free
C01823,2025-02-26,W09,2025-03-16,feature_use,239.5,basic
C01823,2025-02-26,W09,2025-03-20,page_view,21.6,free
C01823,2025-02-26,W09,2025-03-24,page_view,19.5,basic
C01823,2025-02-26,W09,2025-03-24,page_view,270.9,free
C01823,2025-02-26,W09,2025-04-06,page_view,212.5,free
C01823,2025-02-26,W09,2025-04-05,page_view,397.1,free
C01823,2025-02-26,W09,2025-04-06,page_view,147.2,basic
C01823,2025-02-26,W09,2025-04-05,page_view,133.2,free
C01823,2025-02-26,W09,2025-04-17,page_view,509.7,pro
C01823,2025-02-26,W09,2025-05-15,search,289.1,free
C01823,2025-02-26,W09,2025-05-20,feature_use,59.0,free
C01824,2025-02-05,W06,2025-02-11,feature_use,79.9,basic
C01825,2025-03-12,W11,2025-03-15,search,43.4,free
C01825,2025-03-12,W11,2025-03-14,page_view,143.0,free
C01826,2025-02-26,W09,2025-03-01,feature_use,60.2,basic
C01826,2025-02-26,W09,2025-02-27,page_view,311.6,free
C01827,2025-02-05,W06,2025-02-11,feature_use,273.4,pro
C01827,2025-02-05,W06,2025-02-10,search,593.0,pro
C01827,2025-02-05,W06,2025-02-17,page_view,56.6,pro
C01827,2025-02-05,W06,2025-02-22,feature_use,77.6,pro
C01827,2025-02-05,W06,2025-03-04,page_view,116.9,basic
C01827,2025-02-05,W06,2025-03-08,settings_change,202.4,pro
C01828,2025-03-12,W11,2025-03-18,page_view,56.5,free
C01829,2025-01-15,W03,2025-01-16,settings_change,102.7,free
C01829,2025-01-15,W03,2025-02-15,page_view,47.0,pro
C01829,2025-01-15,W03,2025-02-12,feature_use,37.0,basic
C01829,2025-01-15,W03,2025-02-15,page_view,376.4,free
C01830,2025-03-12,W11,2025-03-14,page_view,49.8,free
C01830,2025-03-12,W11,2025-04-26,feature_use,24.2,pro
C01831,2025-03-19,W12,2025-03-20,page_view,48.5,free
C01831,2025-03-19,W12,2025-03-21,page_view,77.0,pro
C01832,2025-01-15,W03,2025-01-21,feature_use,375.5,free
C01832,2025-01-15,W03,2025-01-16,page_view,478.8,basic
C01832,2025-01-15,W03,2025-01-26,search,1540.4,basic
C01832,2025-01-15,W03,2025-01-27,settings_change,258.9,free
C01832,2025-01-15,W03,2025-01-25,page_view,23.2,pro
C01832,2025-01-15,W03,2025-02-17,feature_use,1153.4,pro
C01832,2025-01-15,W03,2025-02-18,page_view,35.4,free
C01832,2025-01-15,W03,2025-02-13,feature_use,85.3,basic
C01832,2025-01-15,W03,2025-02-22,page_view,64.8,pro
C01832,2025-01-15,W03,2025-02-21,search,278.6,free
C01832,2025-01-15,W03,2025-02-20,page_view,125.8,free
C01832,2025-01-15,W03,2025-02-20,page_view,357.6,free
C01832,2025-01-15,W03,2025-02-24,search,19.8,basic
C01832,2025-01-15,W03,2025-03-02,page_view,233.3,basic
C01832,2025-01-15,W03,2025-03-01,page_view,110.6,free
C01832,2025-01-15,W03,2025-03-11,page_view,207.3,free
C01832,2025-01-15,W03,2025-03-26,feature_use,294.5,basic
C01833,2025-01-01,W01,2025-01-04,page_view,412.0,pro
C01833,2025-01-01,W01,2025-01-10,page_view,506.9,basic
C01833,2025-01-01,W01,2025-02-03,page_view,320.4,basic
C01833,2025-01-01,W01,2025-02-03,page_view,122.2,pro
C01834,2025-03-05,W10,2025-03-09,page_view,99.1,basic
C01834,2025-03-05,W10,2025-03-20,page_view,53.7,basic
C01834,2025-03-05,W10,2025-03-22,page_view,70.4,free
C01834,2025-03-05,W10,2025-04-03,page_view,46.1,basic
C01834,2025-03-05,W10,2025-04-06,page_view,1190.9,basic
C01835,2025-02-19,W08,2025-02-20,page_view,652.9,basic
C01836,2025-03-12,W11,2025-03-17,page_view,41.1,free
C01836,2025-03-12,W11,2025-03-13,page_view,472.1,free
C01836,2025-03-12,W11,2025-03-16,feature_use,71.2,basic
C01836,2025-03-12,W11,2025-04-11,page_view,530.6,pro
C01837,2025-03-19,W12,2025-03-24,page_view,76.0,pro
C01837,2025-03-19,W12,2025-04-01,page_view,99.1,free
C01837,2025-03-19,W12,2025-05-16,page_view,68.6,basic
C01838,2025-02-12,W07,2025-02-12,feature_use,27.8,free
C01838,2025-02-12,W07,2025-04-20,search,395.1,basic
C01838,2025-02-12,W07,2025-04-19,feature_use,158.6,pro
C01839,2025-01-29,W05,2025-01-29,page_view,190.2,basic
C01839,2025-01-29,W05,2025-02-04,feature_use,61.2,free
C01839,2025-01-29,W05,2025-03-25,feature_use,468.1,basic
C01839,2025-01-29,W05,2025-03-23,page_view,315.8,free
C01839,2025-01-29,W05,2025-03-22,page_view,239.6,pro
C01839,2025-01-29,W05,2025-03-20,search,557.5,pro
C01839,2025-01-29,W05,2025-03-19,page_view,973.8,free
C01840,2025-01-22,W04,2025-01-26,page_view,253.2,pro
C01840,2025-01-22,W04,2025-02-03,feature_use,63.6,free
C01840,2025-01-22,W04,2025-02-06,page_view,217.2,free
C01840,2025-01-22,W04,2025-02-10,page_view,228.8,basic
C01840,2025-01-22,W04,2025-02-06,settings_change,70.1,free
C01841,2025-03-19,W12,2025-03-21,page_view,171.3,free
C01841,2025-03-19,W12,2025-04-03,page_view,691.7,basic
C01842,2025-01-15,W03,2025-01-18,search,86.6,basic
C01843,2025-01-15,W03,2025-01-19,feature_use,106.6,free
C01844,2025-02-26,W09,2025-02-27,page_view,94.5,pro
C01844,2025-02-26,W09,2025-04-06,search,556.7,basic
C01844,2025-02-26,W09,2025-04-27,page_view,49.6,basic
C01844,2025-02-26,W09,2025-05-13,page_view,175.8,basic
C01844,2025-02-26,W09,2025-05-11,page_view,109.0,pro
C01845,2025-01-01,W01,2025-01-05,page_view,215.9,free
C01845,2025-01-01,W01,2025-01-01,feature_use,47.3,basic
C01845,2025-01-01,W01,2025-01-03,page_view,168.4,pro
C01846,2025-01-22,W04,2025-01-25,feature_use,171.5,basic
C01846,2025-01-22,W04,2025-01-27,settings_change,152.4,free
C01846,2025-01-22,W04,2025-03-08,page_view,62.6,basic
C01846,2025-01-22,W04,2025-03-06,page_view,131.8,basic
C01846,2025-01-22,W04,2025-04-03,search,111.2,pro
C01846,2025-01-22,W04,2025-04-07,search,351.0,free
C01847,2025-02-26,W09,2025-03-03,page_view,283.9,basic
C01847,2025-02-26,W09,2025-02-27,page_view,237.9,pro
C01847,2025-02-26,W09,2025-03-21,page_view,171.3,free
C01848,2025-02-26,W09,2025-03-02,feature_use,276.2,basic
C01848,2025-02-26,W09,2025-02-28,feature_use,96.5,pro
C01848,2025-02-26,W09,2025-03-22,page_view,97.3,pro
C01848,2025-02-26,W09,2025-03-20,page_view,60.4,pro
C01848,2025-02-26,W09,2025-03-22,page_view,30.1,free
C01848,2025-02-26,W09,2025-04-12,page_view,206.3,basic
C01848,2025-02-26,W09,2025-05-02,search,146.9,pro
C01849,2025-03-05,W10,2025-03-08,search,423.8,pro
C01849,2025-03-05,W10,2025-03-08,settings_change,392.6,pro
C01849,2025-03-05,W10,2025-03-08,feature_use,3237.7,pro
C01849,2025-03-05,W10,2025-04-18,page_view,602.4,basic
C01850,2025-02-26,W09,2025-02-26,settings_change,44.9,free
C01850,2025-02-26,W09,2025-03-03,page_view,109.7,free
C01850,2025-02-26,W09,2025-03-02,feature_use,158.3,free
C01850,2025-02-26,W09,2025-02-28,page_view,134.6,free
C01851,2025-03-19,W12,2025-03-23,page_view,72.3,free
C01851,2025-03-19,W12,2025-04-13,feature_use,426.5,free
C01852,2025-01-15,W03,2025-01-16,page_view,77.1,free
C01853,2025-01-29,W05,2025-01-30,search,213.7,basic
C01854,2025-03-12,W11,2025-03-18,feature_use,139.6,free
C01854,2025-03-12,W11,2025-03-12,settings_change,291.8,free
C01854,2025-03-12,W11,2025-04-01,search,229.9,basic
C01854,2025-03-12,W11,2025-03-30,page_view,286.1,free
C01854,2025-03-12,W11,2025-04-01,page_view,328.9,free
C01855,2025-01-22,W04,2025-01-28,feature_use,55.2,basic
C01856,2025-03-05,W10,2025-03-10,feature_use,137.7,free
C01856,2025-03-05,W10,2025-03-05,settings_change,380.4,free
C01856,2025-03-05,W10,2025-03-05,search,102.0,basic
C01856,2025-03-05,W10,2025-03-09,feature_use,291.1,free
C01856,2025-03-05,W10,2025-03-11,page_view,168.7,free
C01857,2025-01-22,W04,2025-01-22,page_view,52.0,free
C01858,2025-01-22,W04,2025-01-28,page_view,498.9,free
C01858,2025-01-22,W04,2025-01-30,feature_use,41.8,free
C01858,2025-01-22,W04,2025-02-03,page_view,72.6,basic
C01858,2025-01-22,W04,2025-02-02,page_view,214.5,free
C01859,2025-02-05,W06,2025-02-06,feature_use,267.0,basic
C01860,2025-03-19,W12,2025-03-25,feature_use,253.4,pro
C01860,2025-03-19,W12,2025-04-13,settings_change,107.8,free
C01860,2025-03-19,W12,2025-04-14,page_view,311.6,free
C01861,2025-02-19,W08,2025-02-23,feature_use,332.7,free
C01861,2025-02-19,W08,2025-02-25,page_view,124.3,pro
C01861,2025-02-19,W08,2025-04-10,page_view,39.0,pro
C01862,2025-01-15,W03,2025-01-20,search,225.8,free
C01862,2025-01-15,W03,2025-01-16,page_view,148.7,basic
C01862,2025-01-15,W03,2025-01-19,page_view,300.0,free
C01863,2025-01-08,W02,2025-01-13,search,199.7,free
C01863,2025-01-08,W02,2025-01-12,settings_change,340.5,pro
C01863,2025-01-08,W02,2025-01-13,page_view,428.1,free
C01864,2025-02-19,W08,2025-02-22,feature_use,26.6,free
C01864,2025-02-19,W08,2025-02-19,page_view,348.8,pro
C01864,2025-02-19,W08,2025-02-23,feature_use,30.7,pro
C01864,2025-02-19,W08,2025-02-25,settings_change,549.0,free
C01864,2025-02-19,W08,2025-02-19,page_view,79.6,free
C01864,2025-02-19,W08,2025-02-19,search,92.5,free
C01864,2025-02-19,W08,2025-03-02,page_view,232.1,basic
C01864,2025-02-19,W08,2025-03-20,page_view,119.8,free
C01864,2025-02-19,W08,2025-03-19,feature_use,51.6,basic
C01865,2025-02-26,W09,2025-03-02,page_view,70.8,free
C01865,2025-02-26,W09,2025-02-26,feature_use,22.3,pro
C01865,2025-02-26,W09,2025-03-01,page_view,112.9,free
C01865,2025-02-26,W09,2025-02-28,page_view,142.7,free
C01866,2025-02-12,W07,2025-02-16,page_view,457.9,free
C01866,2025-02-12,W07,2025-02-28,page_view,143.7,basic
C01866,2025-02-12,W07,2025-03-22,page_view,73.8,basic
C01866,2025-02-12,W07,2025-03-24,page_view,596.0,basic
C01866,2025-02-12,W07,2025-03-25,page_view,336.6,pro
C01866,2025-02-12,W07,2025-03-22,feature_use,209.8,basic
C01867,2025-01-22,W04,2025-01-24,settings_change,332.4,basic
C01867,2025-01-22,W04,2025-01-22,page_view,55.5,basic
C01867,2025-01-22,W04,2025-03-09,feature_use,1815.8,free
C01868,2025-02-12,W07,2025-02-16,search,576.3,free
C01868,2025-02-12,W07,2025-04-22,feature_use,28.4,basic
C01869,2025-03-19,W12,2025-03-22,search,162.9,basic
C01869,2025-03-19,W12,2025-03-19,page_view,344.1,pro
C01870,2025-03-19,W12,2025-03-25,page_view,114.3,free
C01870,2025-03-19,W12,2025-03-25,search,81.8,free
C01870,2025-03-19,W12,2025-03-25,page_view,142.8,free
C01870,2025-03-19,W12,2025-03-19,feature_use,49.6,free
C01870,2025-03-19,W12,2025-04-12,page_view,129.6,basic
C01871,2025-03-19,W12,2025-03-25,page_view,33.4,free
C01871,2025-03-19,W12,2025-03-20,feature_use,529.0,free
C01872,2025-01-08,W02,2025-01-10,feature_use,475.3,free
C01872,2025-01-08,W02,2025-02-19,feature_use,24.3,free
C01873,2025-01-15,W03,2025-01-15,page_view,114.6,free
C01873,2025-01-15,W03,2025-01-26,page_view,80.2,free
C01873,2025-01-15,W03,2025-01-26,feature_use,664.9,free
C01873,2025-01-15,W03,2025-02-11,search,725.9,free
C01874,2025-03-05,W10,2025-03-07,feature_use,82.6,free
C01874,2025-03-05,W10,2025-03-06,search,297.1,basic
C01874,2025-03-05,W10,2025-05-07,page_view,380.9,free
C01874,2025-03-05,W10,2025-05-07,feature_use,372.2,pro
C01874,2025-03-05,W10,2025-05-09,page_view,72.9,free
C01875,2025-01-08,W02,2025-01-08,page_view,48.9,free
C01876,2025-02-19,W08,2025-02-22,page_view,48.9,pro
C01876,2025-02-19,W08,2025-02-22,page_view,273.4,free
C01877,2025-01-08,W02,2025-01-11,search,173.1,free
C01877,2025-01-08,W02,2025-01-26,settings_change,159.2,free
C01877,2025-01-08,W02,2025-02-06,page_view,86.9,basic
C01878,2025-03-05,W10,2025-03-09,page_view,71.1,free
C01878,2025-03-05,W10,2025-04-17,search,228.4,free
C01879,2025-02-12,W07,2025-02-12,feature_use,68.2,free
C01879,2025-02-12,W07,2025-02-14,search,574.1,free
C01879,2025-02-12,W07,2025-02-28,page_view,80.5,basic
C01879,2025-02-12,W07,2025-03-04,feature_use,318.3,free
C01880,2025-01-08,W02,2025-01-12,page_view,106.1,free
C01881,2025-01-08,W02,2025-01-11,page_view,490.1,free
C01881,2025-01-08,W02,2025-01-12,page_view,34.3,free
C01881,2025-01-08,W02,2025-01-11,search,691.8,basic
C01881,2025-01-08,W02,2025-01-14,feature_use,127.5,pro
C01881,2025-01-08,W02,2025-01-29,page_view,172.6,pro
C01881,2025-01-08,W02,2025-02-03,page_view,494.5,pro
C01882,2025-03-05,W10,2025-03-10,page_view,200.7,free
C01882,2025-03-05,W10,2025-05-24,feature_use,413.8,basic
C01883,2025-01-15,W03,2025-01-21,feature_use,58.2,basic
C01883,2025-01-15,W03,2025-01-22,page_view,210.3,free
C01883,2025-01-15,W03,2025-01-27,feature_use,384.6,free
C01883,2025-01-15,W03,2025-01-28,search,99.5,pro
C01883,2025-01-15,W03,2025-01-31,page_view,45.0,free
C01883,2025-01-15,W03,2025-01-29,page_view,214.9,pro
C01883,2025-01-15,W03,2025-02-04,page_view,217.5,free
C01883,2025-01-15,W03,2025-02-11,page_view,16.1,basic
C01883,2025-01-15,W03,2025-02-17,feature_use,67.9,pro
C01883,2025-01-15,W03,2025-02-14,settings_change,349.4,pro
C01884,2025-01-15,W03,2025-01-21,page_view,1228.1,free
C01885,2025-02-05,W06,2025-02-06,page_view,161.5,basic
C01885,2025-02-05,W06,2025-02-12,page_view,497.2,basic
C01885,2025-02-05,W06,2025-02-16,page_view,445.4,basic
C01885,2025-02-05,W06,2025-02-22,feature_use,287.4,pro
C01885,2025-02-05,W06,2025-02-23,settings_change,936.8,free
C01885,2025-02-05,W06,2025-02-24,page_view,180.1,basic
C01886,2025-03-05,W10,2025-03-08,page_view,33.1,basic
C01886,2025-03-05,W10,2025-03-11,feature_use,205.0,free
C01886,2025-03-05,W10,2025-03-09,page_view,152.8,free
C01886,2025-03-05,W10,2025-03-05,search,385.4,pro
C01886,2025-03-05,W10,2025-03-11,page_view,231.6,free
C01887,2025-01-22,W04,2025-01-27,search,103.2,free
C01887,2025-01-22,W04,2025-01-31,feature_use,202.8,free
C01887,2025-01-22,W04,2025-02-02,feature_use,110.6,basic
C01887,2025-01-22,W04,2025-02-01,page_view,56.9,basic
C01887,2025-01-22,W04,2025-02-13,search,1173.8,pro
C01887,2025-01-22,W04,2025-02-17,page_view,56.3,pro
C01887,2025-01-22,W04,2025-02-18,page_view,176.7,basic
C01887,2025-01-22,W04,2025-02-12,page_view,794.6,free
C01887,2025-01-22,W04,2025-02-12,feature_use,446.1,free
C01888,2025-02-26,W09,2025-03-04,feature_use,161.7,pro
C01889,2025-03-05,W10,2025-03-06,feature_use,568.1,free
C01890,2025-01-29,W05,2025-02-03,page_view,134.1,free
C01890,2025-01-29,W05,2025-02-02,page_view,455.6,free
C01890,2025-01-29,W05,2025-02-18,feature_use,177.4,basic
C01890,2025-01-29,W05,2025-02-16,page_view,342.4,free
C01890,2025-01-29,W05,2025-02-17,settings_change,17.8,free
C01890,2025-01-29,W05,2025-02-22,feature_use,57.8,free
C01890,2025-01-29,W05,2025-02-22,feature_use,1080.7,pro
C01890,2025-01-29,W05,2025-02-25,page_view,86.0,free
C01890,2025-01-29,W05,2025-03-15,settings_change,351.1,free
C01890,2025-01-29,W05,2025-03-12,page_view,51.8,pro
C01890,2025-01-29,W05,2025-03-12,search,385.7,free
C01891,2025-02-19,W08,2025-02-21,page_view,591.2,free
C01892,2025-03-05,W10,2025-03-09,page_view,233.9,free
C01892,2025-03-05,W10,2025-03-24,page_view,418.2,basic
C01892,2025-03-05,W10,2025-04-03,page_view,173.3,free
C01892,2025-03-05,W10,2025-04-03,search,176.5,free
C01892,2025-03-05,W10,2025-04-08,page_view,816.5,free
C01892,2025-03-05,W10,2025-04-07,page_view,102.3,basic
C01892,2025-03-05,W10,2025-04-08,page_view,97.0,free
C01892,2025-03-05,W10,2025-04-27,page_view,140.3,basic
C01893,2025-01-15,W03,2025-01-15,page_view,15.8,basic
C01893,2025-01-15,W03,2025-01-18,page_view,45.7,free
C01893,2025-01-15,W03,2025-01-17,settings_change,24.0,pro
C01894,2025-03-12,W11,2025-03-15,page_view,207.5,basic
C01895,2025-02-26,W09,2025-03-03,feature_use,490.2,pro
C01895,2025-02-26,W09,2025-03-18,page_view,24.4,free
C01895,2025-02-26,W09,2025-03-15,page_view,78.1,free
C01896,2025-01-22,W04,2025-01-27,settings_change,322.0,basic
C01896,2025-01-22,W04,2025-02-13,page_view,96.8,free
C01896,2025-01-22,W04,2025-02-24,feature_use,518.2,free
C01896,2025-01-22,W04,2025-03-11,page_view,76.0,free
C01897,2025-01-15,W03,2025-01-21,feature_use,300.9,free
C01897,2025-01-15,W03,2025-01-18,page_view,88.1,basic
C01897,2025-01-15,W03,2025-02-12,page_view,24.8,free
C01897,2025-01-15,W03,2025-02-13,page_view,507.4,basic
C01897,2025-01-15,W03,2025-03-06,feature_use,117.7,basic
C01897,2025-01-15,W03,2025-03-26,feature_use,304.7,basic
C01897,2025-01-15,W03,2025-03-27,page_view,335.6,pro
C01898,2025-02-26,W09,2025-02-26,page_view,39.2,free
C01898,2025-02-26,W09,2025-03-06,search,155.7,basic
C01898,2025-02-26,W09,2025-04-04,page_view,88.7,free
C01898,2025-02-26,W09,2025-04-05,page_view,39.7,free
C01899,2025-01-22,W04,2025-01-26,search,121.2,basic
C01899,2025-01-22,W04,2025-03-11,search,374.3,basic
C01900,2025-02-05,W06,2025-02-06,page_view,136.9,pro
C01900,2025-02-05,W06,2025-03-19,page_view,76.9,basic
C01900,2025-02-05,W06,2025-03-22,search,106.3,pro
C01900,2025-02-05,W06,2025-03-24,page_view,11.5,free
C01900,2025-02-05,W06,2025-03-25,search,190.4,free
C01901,2025-03-12,W11,2025-03-14,feature_use,74.9,free
C01901,2025-03-12,W11,2025-03-14,page_view,60.9,basic
C01901,2025-03-12,W11,2025-03-16,page_view,115.4,basic
C01901,2025-03-12,W11,2025-03-16,page_view,109.4,basic
C01901,2025-03-12,W11,2025-04-12,feature_use,17.2,free
C01901,2025-03-12,W11,2025-05-26,page_view,298.3,pro
C01902,2025-03-19,W12,2025-03-24,feature_use,17.0,free
C01902,2025-03-19,W12,2025-03-20,page_view,254.7,basic
C01903,2025-02-12,W07,2025-02-15,search,246.2,free
C01903,2025-02-12,W07,2025-03-23,page_view,176.0,pro
C01903,2025-02-12,W07,2025-03-24,page_view,73.7,free
C01903,2025-02-12,W07,2025-04-23,settings_change,40.7,basic
C01904,2025-01-01,W01,2025-01-06,page_view,223.2,free
C01904,2025-01-01,W01,2025-01-16,feature_use,640.2,basic
C01904,2025-01-01,W01,2025-01-21,feature_use,142.8,basic
C01904,2025-01-01,W01,2025-03-03,settings_change,511.2,free
C01905,2025-01-01,W01,2025-01-01,feature_use,129.0,free
C01905,2025-01-01,W01,2025-01-11,page_view,176.3,free
C01905,2025-01-01,W01,2025-02-10,feature_use,488.6,basic
C01905,2025-01-01,W01,2025-02-24,page_view,80.6,free
C01906,2025-01-08,W02,2025-01-08,feature_use,141.7,free
C01907,2025-03-05,W10,2025-03-07,feature_use,675.1,pro
C01908,2025-03-12,W11,2025-03-18,page_view,867.5,free
C01908,2025-03-12,W11,2025-03-21,page_view,383.7,free
C01908,2025-03-12,W11,2025-03-24,feature_use,523.5,pro
C01908,2025-03-12,W11,2025-03-23,feature_use,164.2,pro
C01908,2025-03-12,W11,2025-03-21,settings_change,264.6,free
C01908,2025-03-12,W11,2025-04-10,search,105.8,basic
C01909,2025-01-08,W02,2025-01-12,feature_use,31.8,basic
C01910,2025-03-12,W11,2025-03-12,page_view,91.0,basic
C01910,2025-03-12,W11,2025-05-18,feature_use,175.7,free
C01910,2025-03-12,W11,2025-05-19,page_view,416.4,free
C01910,2025-03-12,W11,2025-05-19,feature_use,157.5,basic
C01911,2025-01-22,W04,2025-01-28,page_view,176.8,basic
C01911,2025-01-22,W04,2025-02-06,search,329.6,free
C01911,2025-01-22,W04,2025-02-11,search,118.0,basic
C01911,2025-01-22,W04,2025-03-19,page_view,166.1,free
C01911,2025-01-22,W04,2025-03-23,page_view,21.5,free
C01911,2025-01-22,W04,2025-03-19,page_view,89.6,basic
C01911,2025-01-22,W04,2025-04-08,page_view,16.9,pro
C01911,2025-01-22,W04,2025-04-08,feature_use,154.7,free
C01911,2025-01-22,W04,2025-04-08,feature_use,44.2,pro
C01912,2025-01-01,W01,2025-01-04,feature_use,6.9,free
C01912,2025-01-01,W01,2025-01-01,feature_use,22.3,basic
C01912,2025-01-01,W01,2025-01-02,page_view,1093.3,free
C01912,2025-01-01,W01,2025-02-01,page_view,1327.9,pro
C01912,2025-01-01,W01,2025-01-29,feature_use,188.7,free
C01912,2025-01-01,W01,2025-01-29,page_view,279.2,basic
C01912,2025-01-01,W01,2025-01-30,page_view,71.3,free
C01912,2025-01-01,W01,2025-02-24,page_view,683.1,pro
C01912,2025-01-01,W01,2025-02-23,page_view,129.8,basic
C01913,2025-03-05,W10,2025-03-11,page_view,303.9,free
C01913,2025-03-05,W10,2025-03-20,page_view,330.6,basic
C01914,2025-03-12,W11,2025-03-13,feature_use,38.9,pro
C01914,2025-03-12,W11,2025-04-19,search,203.5,free
C01915,2025-02-12,W07,2025-02-15,page_view,34.0,pro
C01915,2025-02-12,W07,2025-02-16,feature_use,105.2,free
C01915,2025-02-12,W07,2025-04-24,feature_use,67.5,free
C01916,2025-02-05,W06,2025-02-05,settings_change,18.7,free
C01916,2025-02-05,W06,2025-02-18,page_view,255.4,free
C01916,2025-02-05,W06,2025-02-24,page_view,137.4,free
C01916,2025-02-05,W06,2025-03-11,feature_use,141.1,pro
C01916,2025-02-05,W06,2025-03-31,search,120.1,basic
C01917,2025-02-05,W06,2025-02-11,feature_use,74.7,basic
C01917,2025-02-05,W06,2025-02-11,page_view,160.3,free
C01918,2025-02-26,W09,2025-02-27,feature_use,66.7,free
C01919,2025-01-22,W04,2025-01-24,settings_change,56.7,free
C01919,2025-01-22,W04,2025-01-28,feature_use,42.9,free
C01919,2025-01-22,W04,2025-02-09,page_view,542.1,basic
C01919,2025-01-22,W04,2025-02-20,feature_use,1116.3,basic
C01919,2025-01-22,W04,2025-02-20,page_view,234.2,basic
C01919,2025-01-22,W04,2025-02-26,page_view,238.7,free
C01920,2025-02-19,W08,2025-02-19,search,120.3,free
C01920,2025-02-19,W08,2025-03-24,feature_use,229.1,pro
C01920,2025-02-19,W08,2025-03-25,page_view,203.0,basic
C01921,2025-01-08,W02,2025-01-10,feature_use,223.1,free
C01921,2025-01-08,W02,2025-02-05,page_view,38.9,pro
C01921,2025-01-08,W02,2025-02-08,feature_use,25.5,free
C01922,2025-02-19,W08,2025-02-24,search,302.2,free
C01922,2025-02-19,W08,2025-02-23,page_view,431.1,free
C01923,2025-03-05,W10,2025-03-06,page_view,233.0,basic
C01923,2025-03-05,W10,2025-03-29,page_view,118.6,free
C01924,2025-03-19,W12,2025-03-25,page_view,280.0,free
C01924,2025-03-19,W12,2025-03-25,feature_use,175.4,basic
C01924,2025-03-19,W12,2025-04-04,page_view,816.7,free
C01924,2025-03-19,W12,2025-04-12,page_view,409.6,basic
C01924,2025-03-19,W12,2025-04-22,page_view,74.6,basic
C01925,2025-02-05,W06,2025-02-11,search,411.7,free
C01925,2025-02-05,W06,2025-02-23,page_view,694.5,free
C01925,2025-02-05,W06,2025-03-08,page_view,171.4,free
C01925,2025-02-05,W06,2025-03-09,feature_use,35.8,basic
C01925,2025-02-05,W06,2025-03-06,page_view,415.4,free
C01925,2025-02-05,W06,2025-03-17,page_view,495.3,free
C01925,2025-02-05,W06,2025-03-13,page_view,108.7,free
C01925,2025-02-05,W06,2025-03-15,feature_use,63.0,pro
C01925,2025-02-05,W06,2025-03-25,page_view,130.4,free
C01926,2025-02-19,W08,2025-02-20,page_view,113.6,free
C01927,2025-01-15,W03,2025-01-21,search,137.6,free
C01927,2025-01-15,W03,2025-01-21,page_view,1181.3,basic
C01927,2025-01-15,W03,2025-01-15,settings_change,80.0,free
C01927,2025-01-15,W03,2025-01-27,feature_use,181.3,pro
C01927,2025-01-15,W03,2025-04-04,settings_change,320.2,pro
C01928,2025-01-22,W04,2025-01-25,page_view,751.7,free
C01929,2025-02-05,W06,2025-02-11,page_view,156.6,pro
C01929,2025-02-05,W06,2025-02-11,search,168.2,basic
C01930,2025-01-01,W01,2025-01-02,page_view,22.4,free
C01931,2025-01-01,W01,2025-01-03,page_view,140.5,free
C01932,2025-03-19,W12,2025-03-21,search,123.4,basic
C01932,2025-03-19,W12,2025-04-15,page_view,11.2,basic
C01932,2025-03-19,W12,2025-04-13,page_view,70.4,free
C01933,2025-02-19,W08,2025-02-22,feature_use,19.6,free
C01933,2025-02-19,W08,2025-03-06,page_view,287.3,free
C01933,2025-02-19,W08,2025-03-10,feature_use,490.1,pro
C01933,2025-02-19,W08,2025-03-05,search,118.7,pro
C01934,2025-02-05,W06,2025-02-09,feature_use,205.0,free
C01934,2025-02-05,W06,2025-02-08,page_view,121.8,free
C01934,2025-02-05,W06,2025-02-06,feature_use,245.7,free
C01934,2025-02-05,W06,2025-02-11,page_view,121.3,basic
C01934,2025-02-05,W06,2025-02-23,page_view,129.4,free
C01934,2025-02-05,W06,2025-02-24,page_view,54.6,basic
C01934,2025-02-05,W06,2025-02-27,feature_use,109.1,free
C01934,2025-02-05,W06,2025-03-02,page_view,1591.3,basic
C01934,2025-02-05,W06,2025-02-28,page_view,106.1,free
C01934,2025-02-05,W06,2025-02-26,feature_use,81.8,free
C01934,2025-02-05,W06,2025-03-08,page_view,13.3,basic
C01934,2025-02-05,W06,2025-03-06,page_view,99.7,free
C01934,2025-02-05,W06,2025-03-08,page_view,41.2,basic
C01934,2025-02-05,W06,2025-03-22,feature_use,586.3,basic
C01934,2025-02-05,W06,2025-03-20,page_view,88.9,free
C01934,2025-02-05,W06,2025-03-21,page_view,274.0,free
C01934,2025-02-05,W06,2025-03-19,feature_use,82.9,basic
C01934,2025-02-05,W06,2025-03-22,page_view,177.1,basic
C01934,2025-02-05,W06,2025-03-26,search,1377.6,free
C01934,2025-02-05,W06,2025-04-21,feature_use,83.4,free
C01935,2025-03-12,W11,2025-03-14,feature_use,25.1,free
C01935,2025-03-12,W11,2025-03-13,page_view,133.9,basic
C01935,2025-03-12,W11,2025-03-15,feature_use,65.4,free
C01935,2025-03-12,W11,2025-04-04,page_view,224.0,free
C01935,2025-03-12,W11,2025-04-03,page_view,29.9,free
C01935,2025-03-12,W11,2025-04-25,feature_use,445.9,free
C01936,2025-01-22,W04,2025-01-26,page_view,72.5,basic
C01936,2025-01-22,W04,2025-02-11,page_view,24.0,basic
C01936,2025-01-22,W04,2025-03-17,page_view,36.4,free
C01936,2025-01-22,W04,2025-04-07,feature_use,39.1,basic
C01936,2025-01-22,W04,2025-04-08,page_view,308.9,free
C01936,2025-01-22,W04,2025-04-07,page_view,386.7,pro
C01937,2025-01-29,W05,2025-01-30,search,86.5,free
C01938,2025-02-12,W07,2025-02-18,page_view,118.4,pro
C01938,2025-02-12,W07,2025-02-15,page_view,162.4,free
C01938,2025-02-12,W07,2025-03-17,page_view,205.0,basic
C01938,2025-02-12,W07,2025-03-16,feature_use,278.5,free
C01939,2025-02-19,W08,2025-02-22,search,177.4,free
C01939,2025-02-19,W08,2025-02-21,settings_change,505.7,free
C01939,2025-02-19,W08,2025-03-02,feature_use,201.8,pro
C01939,2025-02-19,W08,2025-02-28,settings_change,77.8,free
C01939,2025-02-19,W08,2025-03-11,page_view,233.4,free
C01939,2025-02-19,W08,2025-03-11,search,483.9,free
C01939,2025-02-19,W08,2025-03-28,page_view,326.3,free
C01939,2025-02-19,W08,2025-03-29,settings_change,70.6,free
C01939,2025-02-19,W08,2025-04-24,feature_use,333.7,free
C01940,2025-03-05,W10,2025-03-07,page_view,19.5,basic
C01940,2025-03-05,W10,2025-03-14,search,240.6,pro
C01940,2025-03-05,W10,2025-03-15,page_view,73.0,free
C01940,2025-03-05,W10,2025-04-04,page_view,126.5,pro
C01941,2025-02-12,W07,2025-02-12,search,58.4,free
C01941,2025-02-12,W07,2025-03-01,page_view,362.3,pro
C01941,2025-02-12,W07,2025-03-02,page_view,344.9,basic
C01942,2025-02-12,W07,2025-02-14,page_view,241.9,basic
C01943,2025-02-12,W07,2025-02-14,feature_use,89.0,free
C01944,2025-01-22,W04,2025-01-23,page_view,235.4,pro
C01944,2025-01-22,W04,2025-01-26,page_view,226.1,free
C01944,2025-01-22,W04,2025-01-22,page_view,319.4,pro
C01944,2025-01-22,W04,2025-01-22,page_view,60.3,free
C01944,2025-01-22,W04,2025-02-01,search,61.2,basic
C01944,2025-01-22,W04,2025-02-01,page_view,209.7,free
C01945,2025-01-29,W05,2025-01-30,feature_use,35.3,free
C01945,2025-01-29,W05,2025-02-02,page_view,71.4,free
C01946,2025-03-05,W10,2025-03-07,feature_use,314.5,free
C01946,2025-03-05,W10,2025-03-11,search,115.5,basic
C01947,2025-02-12,W07,2025-02-12,page_view,757.4,basic
C01947,2025-02-12,W07,2025-02-13,page_view,52.7,basic
C01947,2025-02-12,W07,2025-02-24,page_view,67.0,free
C01947,2025-02-12,W07,2025-02-22,page_view,76.8,free
C01947,2025-02-12,W07,2025-05-01,feature_use,381.8,basic
C01948,2025-01-15,W03,2025-01-19,page_view,321.2,free
C01949,2025-01-29,W05,2025-02-01,settings_change,354.0,pro
C01949,2025-01-29,W05,2025-02-01,feature_use,801.6,free
C01949,2025-01-29,W05,2025-02-01,search,50.4,free
C01949,2025-01-29,W05,2025-02-09,search,87.8,pro
C01950,2025-02-12,W07,2025-02-16,page_view,145.2,pro
C01950,2025-02-12,W07,2025-03-13,feature_use,47.1,pro
C01951,2025-01-08,W02,2025-01-14,search,367.7,free
C01952,2025-02-12,W07,2025-02-13,feature_use,753.0,pro
C01952,2025-02-12,W07,2025-02-14,feature_use,254.4,free
C01952,2025-02-12,W07,2025-03-21,search,875.1,free
C01952,2025-02-12,W07,2025-03-21,page_view,130.2,basic
C01952,2025-02-12,W07,2025-03-28,feature_use,473.7,free
C01952,2025-02-12,W07,2025-04-13,feature_use,56.4,free
C01953,2025-02-05,W06,2025-02-05,page_view,74.0,basic
C01953,2025-02-05,W06,2025-02-10,page_view,58.6,basic
C01953,2025-02-05,W06,2025-03-30,search,2366.1,free
C01954,2025-02-19,W08,2025-02-24,search,173.1,free
C01954,2025-02-19,W08,2025-02-22,page_view,264.4,free
C01954,2025-02-19,W08,2025-02-19,feature_use,447.3,basic
C01954,2025-02-19,W08,2025-03-05,feature_use,53.3,free
C01954,2025-02-19,W08,2025-03-05,page_view,175.6,free
C01954,2025-02-19,W08,2025-03-24,search,93.6,pro
C01954,2025-02-19,W08,2025-03-22,page_view,515.3,basic
C01955,2025-02-12,W07,2025-02-14,page_view,91.4,free
C01955,2025-02-12,W07,2025-02-16,page_view,334.7,free
C01955,2025-02-12,W07,2025-02-27,page_view,13.7,free
C01956,2025-01-22,W04,2025-01-25,search,57.8,basic
C01956,2025-01-22,W04,2025-03-16,page_view,611.5,pro
C01957,2025-01-29,W05,2025-01-31,page_view,307.0,free
C01957,2025-01-29,W05,2025-02-04,page_view,340.3,basic
C01957,2025-01-29,W05,2025-02-05,page_view,62.4,pro
C01957,2025-01-29,W05,2025-02-08,page_view,225.2,free
C01957,2025-01-29,W05,2025-02-08,page_view,49.2,basic
C01957,2025-01-29,W05,2025-02-19,feature_use,55.1,basic
C01957,2025-01-29,W05,2025-03-22,page_view,104.1,pro
C01958,2025-03-12,W11,2025-03-12,page_view,392.3,free
C01958,2025-03-12,W11,2025-05-15,search,97.7,free
C01959,2025-03-05,W10,2025-03-10,search,75.6,basic
C01959,2025-03-05,W10,2025-03-06,search,192.5,free
C01959,2025-03-05,W10,2025-03-07,feature_use,394.3,free
C01959,2025-03-05,W10,2025-03-23,search,896.8,free
C01959,2025-03-05,W10,2025-03-20,page_view,40.9,free
C01959,2025-03-05,W10,2025-03-22,feature_use,104.3,basic
C01959,2025-03-05,W10,2025-03-25,page_view,205.1,free
C01959,2025-03-05,W10,2025-04-01,page_view,220.8,free
C01959,2025-03-05,W10,2025-04-19,settings_change,158.9,basic
C01959,2025-03-05,W10,2025-04-19,page_view,109.5,pro
C01959,2025-03-05,W10,2025-04-16,page_view,219.1,pro
C01960,2025-03-05,W10,2025-03-11,search,58.9,basic
C01960,2025-03-05,W10,2025-03-14,feature_use,26.8,basic
C01960,2025-03-05,W10,2025-04-13,settings_change,426.6,free
C01960,2025-03-05,W10,2025-04-11,page_view,160.8,pro
C01961,2025-02-05,W06,2025-02-10,feature_use,99.9,pro
C01961,2025-02-05,W06,2025-02-10,search,75.2,free
C01961,2025-02-05,W06,2025-02-08,feature_use,30.2,free
C01961,2025-02-05,W06,2025-04-05,page_view,70.4,pro
C01961,2025-02-05,W06,2025-04-03,feature_use,55.8,free
C01962,2025-01-08,W02,2025-01-10,page_view,729.2,basic
C01962,2025-01-08,W02,2025-01-09,feature_use,10.3,free
C01963,2025-03-05,W10,2025-03-10,search,208.4,basic
C01963,2025-03-05,W10,2025-03-28,page_view,179.4,free
C01963,2025-03-05,W10,2025-03-26,search,515.8,basic
C01963,2025-03-05,W10,2025-05-18,feature_use,598.0,free
C01963,2025-03-05,W10,2025-05-15,feature_use,134.4,free
C01963,2025-03-05,W10,2025-05-20,settings_change,201.2,pro
C01964,2025-02-05,W06,2025-02-11,feature_use,96.7,free
C01965,2025-03-05,W10,2025-03-07,page_view,588.0,basic
C01965,2025-03-05,W10,2025-04-08,feature_use,67.8,pro
C01966,2025-02-26,W09,2025-02-26,feature_use,281.9,basic
C01966,2025-02-26,W09,2025-03-01,page_view,126.9,pro
C01966,2025-02-26,W09,2025-05-05,feature_use,194.3,free
C01966,2025-02-26,W09,2025-05-03,feature_use,53.1,basic
C01967,2025-02-19,W08,2025-02-21,page_view,133.7,free
C01967,2025-02-19,W08,2025-02-20,feature_use,187.7,free
C01967,2025-02-19,W08,2025-02-19,feature_use,160.3,free
C01967,2025-02-19,W08,2025-02-20,page_view,583.2,free
C01967,2025-02-19,W08,2025-03-03,settings_change,86.1,free
C01967,2025-02-19,W08,2025-03-12,page_view,59.3,pro
C01967,2025-02-19,W08,2025-04-27,feature_use,15.3,free
C01967,2025-02-19,W08,2025-04-23,page_view,85.6,basic
C01968,2025-03-19,W12,2025-03-25,feature_use,105.6,basic
C01968,2025-03-19,W12,2025-03-31,page_view,51.0,basic
C01968,2025-03-19,W12,2025-04-02,feature_use,79.6,pro
C01968,2025-03-19,W12,2025-04-25,feature_use,179.8,basic
C01968,2025-03-19,W12,2025-04-23,search,62.3,pro
C01968,2025-03-19,W12,2025-05-10,page_view,422.1,basic
C01968,2025-03-19,W12,2025-05-09,feature_use,616.6,basic
C01968,2025-03-19,W12,2025-05-12,feature_use,460.5,pro
C01969,2025-01-29,W05,2025-01-30,page_view,650.2,basic
C01969,2025-01-29,W05,2025-02-07,page_view,416.4,pro
C01969,2025-01-29,W05,2025-02-05,feature_use,58.2,basic
C01969,2025-01-29,W05,2025-02-11,page_view,48.5,free
C01969,2025-01-29,W05,2025-02-05,page_view,319.9,free
C01969,2025-01-29,W05,2025-03-22,search,285.2,free
C01970,2025-01-29,W05,2025-02-04,search,2104.6,pro
C01970,2025-01-29,W05,2025-03-02,page_view,175.6,free
C01971,2025-03-12,W11,2025-03-15,page_view,67.3,basic
C01972,2025-03-05,W10,2025-03-11,feature_use,53.7,free
C01972,2025-03-05,W10,2025-03-29,page_view,64.7,free
C01973,2025-03-19,W12,2025-03-23,settings_change,378.5,free
C01974,2025-03-05,W10,2025-03-07,page_view,62.1,pro
C01975,2025-01-08,W02,2025-01-10,settings_change,22.2,pro
C01976,2025-03-05,W10,2025-03-11,page_view,75.4,basic
C01976,2025-03-05,W10,2025-03-05,feature_use,499.1,basic
C01977,2025-01-15,W03,2025-01-15,feature_use,323.9,free
C01977,2025-01-15,W03,2025-01-20,feature_use,26.7,free
C01977,2025-01-15,W03,2025-01-20,search,465.0,free
C01977,2025-01-15,W03,2025-02-03,feature_use,253.3,basic
C01977,2025-01-15,W03,2025-02-21,search,153.4,basic
C01978,2025-03-19,W12,2025-03-22,feature_use,711.7,free
C01978,2025-03-19,W12,2025-03-27,page_view,197.4,pro
C01978,2025-03-19,W12,2025-04-07,page_view,40.0,pro
C01978,2025-03-19,W12,2025-04-03,page_view,29.3,pro
C01979,2025-02-26,W09,2025-03-01,search,79.9,free
C01979,2025-02-26,W09,2025-04-13,feature_use,310.9,free
C01979,2025-02-26,W09,2025-04-22,feature_use,365.6,basic
C01979,2025-02-26,W09,2025-04-20,settings_change,108.8,free
C01979,2025-02-26,W09,2025-04-16,page_view,56.8,pro
C01980,2025-02-12,W07,2025-02-13,page_view,49.9,basic
C01981,2025-03-12,W11,2025-03-17,page_view,559.7,free
C01981,2025-03-12,W11,2025-03-15,feature_use,24.3,free
C01981,2025-03-12,W11,2025-04-01,settings_change,410.2,basic
C01981,2025-03-12,W11,2025-04-12,page_view,223.8,basic
C01981,2025-03-12,W11,2025-04-27,search,198.4,free
C01982,2025-02-19,W08,2025-02-20,search,276.0,free
C01983,2025-03-12,W11,2025-03-12,page_view,159.7,pro
C01983,2025-03-12,W11,2025-03-20,page_view,85.5,free
C01983,2025-03-12,W11,2025-03-24,page_view,9.5,pro
C01983,2025-03-12,W11,2025-04-22,page_view,78.3,pro
C01984,2025-02-26,W09,2025-02-27,page_view,551.0,free
C01984,2025-02-26,W09,2025-03-24,feature_use,281.9,pro
C01984,2025-02-26,W09,2025-03-29,page_view,184.8,free
C01984,2025-02-26,W09,2025-03-27,page_view,283.2,free
C01985,2025-01-15,W03,2025-01-17,feature_use,111.8,basic
C01985,2025-01-15,W03,2025-02-23,page_view,504.4,pro
C01985,2025-01-15,W03,2025-02-22,feature_use,120.9,basic
C01986,2025-01-29,W05,2025-02-04,page_view,458.7,pro
C01986,2025-01-29,W05,2025-02-01,settings_change,123.7,free
C01986,2025-01-29,W05,2025-02-09,settings_change,207.4,basic
C01986,2025-01-29,W05,2025-02-08,page_view,747.2,basic
C01986,2025-01-29,W05,2025-03-06,feature_use,104.8,basic
C01986,2025-01-29,W05,2025-03-15,page_view,77.1,basic
C01987,2025-01-22,W04,2025-01-22,feature_use,165.0,free
C01987,2025-01-22,W04,2025-02-10,search,63.6,pro
C01988,2025-01-22,W04,2025-01-23,feature_use,49.6,pro
C01989,2025-01-29,W05,2025-01-31,search,1065.4,free
C01990,2025-01-29,W05,2025-01-29,feature_use,165.5,basic
C01990,2025-01-29,W05,2025-03-14,page_view,123.9,basic
C01990,2025-01-29,W05,2025-03-18,page_view,74.4,pro
C01990,2025-01-29,W05,2025-03-14,page_view,413.1,basic
C01991,2025-01-22,W04,2025-01-22,page_view,323.7,basic
C01991,2025-01-22,W04,2025-01-28,feature_use,13.1,free
C01991,2025-01-22,W04,2025-01-26,page_view,902.9,basic
C01991,2025-01-22,W04,2025-02-11,search,104.7,pro
C01991,2025-01-22,W04,2025-02-06,page_view,129.2,free
C01991,2025-01-22,W04,2025-02-10,feature_use,62.8,free
C01991,2025-01-22,W04,2025-02-23,page_view,178.5,free
C01991,2025-01-22,W04,2025-02-23,page_view,41.4,pro
C01991,2025-01-22,W04,2025-02-22,page_view,182.1,free
C01991,2025-01-22,W04,2025-03-18,feature_use,37.4,pro
C01991,2025-01-22,W04,2025-03-16,feature_use,50.8,free
C01991,2025-01-22,W04,2025-03-16,page_view,369.1,basic
C01991,2025-01-22,W04,2025-03-16,page_view,551.1,free
C01991,2025-01-22,W04,2025-03-31,page_view,131.4,pro
C01991,2025-01-22,W04,2025-03-27,page_view,247.5,free
C01991,2025-01-22,W04,2025-03-29,page_view,268.9,pro
C01991,2025-01-22,W04,2025-04-02,page_view,267.8,basic
C01992,2025-02-05,W06,2025-02-10,page_view,119.6,pro
C01992,2025-02-05,W06,2025-03-28,search,156.8,free
C01992,2025-02-05,W06,2025-03-30,search,796.5,pro
C01993,2025-02-12,W07,2025-02-15,feature_use,85.5,free
C01993,2025-02-12,W07,2025-02-15,page_view,52.6,basic
C01993,2025-02-12,W07,2025-04-25,page_view,619.1,basic
C01993,2025-02-12,W07,2025-04-28,search,355.7,basic
C01993,2025-02-12,W07,2025-04-26,search,323.0,basic
C01993,2025-02-12,W07,2025-05-04,feature_use,80.0,basic
C01993,2025-02-12,W07,2025-04-30,search,52.7,free
C01993,2025-02-12,W07,2025-05-03,feature_use,88.2,basic
C01994,2025-02-19,W08,2025-02-21,page_view,51.8,basic
C01994,2025-02-19,W08,2025-03-29,page_view,88.8,free
C01994,2025-02-19,W08,2025-04-03,page_view,619.4,basic
C01995,2025-01-15,W03,2025-01-17,page_view,150.3,basic
C01995,2025-01-15,W03,2025-02-05,settings_change,214.1,free
C01995,2025-01-15,W03,2025-02-06,feature_use,423.2,free
C01995,2025-01-15,W03,2025-02-11,page_view,127.7,free
C01995,2025-01-15,W03,2025-03-07,search,59.6,free
C01995,2025-01-15,W03,2025-03-06,page_view,232.8,basic
C01996,2025-01-22,W04,2025-01-26,settings_change,268.2,basic
C01996,2025-01-22,W04,2025-01-26,page_view,92.5,basic
C01996,2025-01-22,W04,2025-02-15,search,109.1,basic
C01996,2025-01-22,W04,2025-02-28,page_view,41.7,basic
C01997,2025-01-01,W01,2025-01-05,feature_use,31.8,basic
C01997,2025-01-01,W01,2025-01-05,feature_use,213.3,free
C01997,2025-01-01,W01,2025-01-02,feature_use,267.0,free
C01997,2025-01-01,W01,2025-01-01,page_view,197.2,free
C01997,2025-01-01,W01,2025-01-11,page_view,350.8,pro
C01997,2025-01-01,W01,2025-01-14,page_view,138.9,pro
C01997,2025-01-01,W01,2025-01-15,page_view,52.2,free
C01997,2025-01-01,W01,2025-01-22,page_view,166.4,free
C01997,2025-01-01,W01,2025-02-16,page_view,118.3,basic
C01998,2025-01-01,W01,2025-01-07,page_view,89.1,free
C01998,2025-01-01,W01,2025-01-20,page_view,35.5,free
C01998,2025-01-01,W01,2025-01-17,feature_use,91.3,basic
C01998,2025-01-01,W01,2025-01-28,page_view,68.6,pro
C01999,2025-01-29,W05,2025-01-29,feature_use,277.4,pro
C01999,2025-01-29,W05,2025-02-05,feature_use,428.9,free
C02000,2025-01-01,W01,2025-01-01,feature_use,477.0,free
C02000,2025-01-01,W01,2025-01-02,search,272.1,pro
C02001,2025-02-26,W09,2025-03-01,page_view,42.6,basic
C02001,2025-02-26,W09,2025-03-04,page_view,105.4,free
C02001,2025-02-26,W09,2025-04-24,page_view,295.9,free
C02002,2025-03-19,W12,2025-03-22,page_view,88.1,pro
C02002,2025-03-19,W12,2025-03-23,page_view,222.8,basic
C02002,2025-03-19,W12,2025-04-05,page_view,173.1,free
C02003,2025-01-15,W03,2025-01-15,page_view,169.4,basic
C02003,2025-01-15,W03,2025-01-15,search,60.8,free
C02003,2025-01-15,W03,2025-01-19,page_view,45.5,basic
C02003,2025-01-15,W03,2025-02-01,page_view,267.0,pro
C02003,2025-01-15,W03,2025-04-06,feature_use,190.5,pro
C02004,2025-03-05,W10,2025-03-07,page_view,9.2,free
C02004,2025-03-05,W10,2025-04-12,page_view,159.9,free
C02004,2025-03-05,W10,2025-04-15,feature_use,485.9,basic
C02005,2025-02-26,W09,2025-03-02,search,209.3,basic
C02006,2025-01-29,W05,2025-02-04,page_view,16.1,free
C02006,2025-01-29,W05,2025-04-17,page_view,270.6,free
C02006,2025-01-29,W05,2025-04-18,settings_change,146.7,pro
C02006,2025-01-29,W05,2025-04-21,search,191.7,basic
C02007,2025-01-08,W02,2025-01-10,page_view,12.8,pro
C02008,2025-02-26,W09,2025-03-02,search,29.3,basic
C02008,2025-02-26,W09,2025-03-25,feature_use,103.3,free
C02009,2025-02-12,W07,2025-02-18,feature_use,211.1,pro
C02009,2025-02-12,W07,2025-02-21,page_view,122.6,pro
C02009,2025-02-12,W07,2025-03-13,page_view,83.1,pro
C02010,2025-03-12,W11,2025-03-13,page_view,61.1,free
C02011,2025-02-05,W06,2025-02-08,feature_use,10.8,basic
C02011,2025-02-05,W06,2025-02-24,search,144.6,free
C02011,2025-02-05,W06,2025-02-19,feature_use,1378.9,basic
C02011,2025-02-05,W06,2025-02-19,feature_use,32.7,free
C02011,2025-02-05,W06,2025-03-04,page_view,111.9,basic
C02011,2025-02-05,W06,2025-03-04,page_view,66.3,pro
C02011,2025-02-05,W06,2025-03-05,page_view,411.8,free
C02011,2025-02-05,W06,2025-03-18,page_view,204.9,pro
C02011,2025-02-05,W06,2025-03-13,feature_use,213.8,free
C02011,2025-02-05,W06,2025-03-12,page_view,133.9,pro
C02011,2025-02-05,W06,2025-03-15,page_view,19.6,free
C02011,2025-02-05,W06,2025-03-14,feature_use,318.9,pro
C02011,2025-02-05,W06,2025-03-30,settings_change,87.1,pro
C02011,2025-02-05,W06,2025-04-18,feature_use,53.2,free
C02011,2025-02-05,W06,2025-04-22,page_view,88.2,free
C02011,2025-02-05,W06,2025-04-18,page_view,760.9,free
C02011,2025-02-05,W06,2025-04-22,feature_use,126.2,free
C02012,2025-01-01,W01,2025-01-06,settings_change,40.6,pro
C02012,2025-01-01,W01,2025-01-02,search,770.7,basic
C02012,2025-01-01,W01,2025-01-24,feature_use,54.2,basic
C02012,2025-01-01,W01,2025-01-28,settings_change,113.1,free
C02013,2025-01-15,W03,2025-01-17,page_view,254.7,basic
C02014,2025-01-29,W05,2025-02-03,page_view,389.8,free
C02014,2025-01-29,W05,2025-02-01,page_view,180.9,free
C02014,2025-01-29,W05,2025-01-29,page_view,163.3,basic
C02014,2025-01-29,W05,2025-03-06,feature_use,161.6,free
C02015,2025-01-29,W05,2025-02-04,feature_use,273.8,free
C02015,2025-01-29,W05,2025-03-04,page_view,446.4,free
C02015,2025-01-29,W05,2025-02-27,page_view,142.6,free
C02015,2025-01-29,W05,2025-02-26,feature_use,40.5,basic
C02016,2025-01-29,W05,2025-02-03,search,123.1,basic
C02016,2025-01-29,W05,2025-02-03,page_view,143.9,free
C02016,2025-01-29,W05,2025-04-01,page_view,462.9,free
C02017,2025-01-15,W03,2025-01-16,feature_use,4484.0,basic
C02017,2025-01-15,W03,2025-01-16,settings_change,701.7,free
C02017,2025-01-15,W03,2025-02-04,settings_change,193.7,free
C02017,2025-01-15,W03,2025-02-14,page_view,658.2,basic
C02017,2025-01-15,W03,2025-02-23,page_view,494.8,basic
C02017,2025-01-15,W03,2025-03-07,page_view,146.8,free
C02017,2025-01-15,W03,2025-03-09,search,175.8,pro
C02017,2025-01-15,W03,2025-03-06,search,312.0,free
C02018,2025-03-19,W12,2025-03-21,feature_use,276.4,free
C02019,2025-03-12,W11,2025-03-16,feature_use,92.3,free
C02019,2025-03-12,W11,2025-03-21,page_view,797.3,pro
C02019,2025-03-12,W11,2025-03-28,feature_use,50.7,free
C02019,2025-03-12,W11,2025-04-09,search,295.2,basic
C02020,2025-01-22,W04,2025-01-26,search,18.3,free
C02020,2025-01-22,W04,2025-01-22,feature_use,226.5,pro
C02021,2025-02-05,W06,2025-02-06,feature_use,129.8,free
C02021,2025-02-05,W06,2025-03-08,page_view,17.4,free
C02022,2025-01-15,W03,2025-01-19,feature_use,23.5,pro
C02022,2025-01-15,W03,2025-01-21,page_view,145.2,free
C02022,2025-01-15,W03,2025-01-18,page_view,574.2,pro
C02022,2025-01-15,W03,2025-01-22,search,89.2,free
C02022,2025-01-15,W03,2025-01-24,search,141.9,free
C02022,2025-01-15,W03,2025-02-06,page_view,61.5,pro
C02022,2025-01-15,W03,2025-02-06,page_view,37.0,free
C02022,2025-01-15,W03,2025-02-07,search,157.6,free
C02022,2025-01-15,W03,2025-02-08,search,233.5,free
C02022,2025-01-15,W03,2025-02-10,feature_use,1039.4,pro
C02022,2025-01-15,W03,2025-02-28,feature_use,279.2,basic
C02022,2025-01-15,W03,2025-03-01,settings_change,190.9,free
C02022,2025-01-15,W03,2025-03-16,page_view,270.5,basic
C02023,2025-02-19,W08,2025-02-22,feature_use,109.6,basic
C02023,2025-02-19,W08,2025-02-25,feature_use,223.6,basic
C02023,2025-02-19,W08,2025-02-22,settings_change,66.6,free
C02023,2025-02-19,W08,2025-02-28,search,96.1,free
C02023,2025-02-19,W08,2025-03-12,page_view,106.4,free
C02023,2025-02-19,W08,2025-03-19,page_view,59.7,basic
C02023,2025-02-19,W08,2025-04-25,page_view,27.3,free
C02023,2025-02-19,W08,2025-04-24,page_view,206.7,free
C02024,2025-03-12,W11,2025-03-15,page_view,175.1,free
C02024,2025-03-12,W11,2025-03-13,search,28.9,free
C02024,2025-03-12,W11,2025-05-29,page_view,54.5,pro
C02025,2025-01-15,W03,2025-01-16,feature_use,253.7,free
C02025,2025-01-15,W03,2025-01-19,page_view,152.7,free
C02025,2025-01-15,W03,2025-02-14,feature_use,125.2,free
C02025,2025-01-15,W03,2025-02-16,page_view,110.4,basic
C02026,2025-01-22,W04,2025-01-28,feature_use,173.0,basic
C02026,2025-01-22,W04,2025-01-27,settings_change,63.2,pro
C02026,2025-01-22,W04,2025-02-05,search,221.3,pro
C02026,2025-01-22,W04,2025-02-05,settings_change,48.8,free
C02026,2025-01-22,W04,2025-02-06,page_view,119.6,basic
C02026,2025-01-22,W04,2025-02-22,feature_use,258.8,free
C02027,2025-03-12,W11,2025-03-15,settings_change,409.1,pro
C02027,2025-03-12,W11,2025-03-17,page_view,419.5,pro
C02027,2025-03-12,W11,2025-03-26,page_view,144.6,pro
C02027,2025-03-12,W11,2025-03-30,page_view,209.1,free
C02027,2025-03-12,W11,2025-04-08,page_view,243.6,basic
C02027,2025-03-12,W11,2025-04-12,settings_change,367.7,basic
C02027,2025-03-12,W11,2025-04-09,page_view,787.4,pro
C02028,2025-02-05,W06,2025-02-06,feature_use,139.8,free
C02028,2025-02-05,W06,2025-02-07,page_view,254.0,free
C02028,2025-02-05,W06,2025-02-08,feature_use,62.6,pro
C02028,2025-02-05,W06,2025-02-14,feature_use,56.5,basic
C02028,2025-02-05,W06,2025-02-17,page_view,226.0,free
C02028,2025-02-05,W06,2025-02-15,feature_use,204.4,free
C02028,2025-02-05,W06,2025-02-20,page_view,120.6,free
C02028,2025-02-05,W06,2025-02-25,search,110.8,free
C02028,2025-02-05,W06,2025-02-20,page_view,204.5,free
C02028,2025-02-05,W06,2025-02-19,page_view,85.9,basic
C02029,2025-02-12,W07,2025-02-14,page_view,70.9,pro
C02029,2025-02-12,W07,2025-03-09,feature_use,351.5,basic
C02030,2025-01-15,W03,2025-01-18,feature_use,58.3,basic
C02030,2025-01-15,W03,2025-01-21,page_view,61.1,basic
C02030,2025-01-15,W03,2025-01-26,feature_use,345.2,free
C02030,2025-01-15,W03,2025-02-24,page_view,196.9,pro
C02031,2025-02-26,W09,2025-02-28,feature_use,65.5,free
C02032,2025-01-29,W05,2025-01-29,search,2363.6,free
C02033,2025-01-29,W05,2025-01-29,search,171.9,free
C02033,2025-01-29,W05,2025-02-03,settings_change,136.9,free
C02034,2025-02-26,W09,2025-03-04,search,132.7,pro
C02034,2025-02-26,W09,2025-05-05,page_view,131.7,free
C02035,2025-01-15,W03,2025-01-20,feature_use,82.1,pro
C02035,2025-01-15,W03,2025-01-19,feature_use,709.5,free
C02035,2025-01-15,W03,2025-01-21,feature_use,247.5,pro
C02035,2025-01-15,W03,2025-01-20,feature_use,57.4,free
C02035,2025-01-15,W03,2025-02-12,feature_use,97.5,basic
C02036,2025-01-08,W02,2025-01-12,page_view,49.7,free
C02036,2025-01-08,W02,2025-01-10,feature_use,39.7,basic
C02036,2025-01-08,W02,2025-01-12,feature_use,118.3,basic
C02036,2025-01-08,W02,2025-03-04,page_view,99.4,basic
C02036,2025-01-08,W02,2025-03-04,page_view,74.8,free
C02036,2025-01-08,W02,2025-02-28,page_view,200.3,pro
C02036,2025-01-08,W02,2025-03-06,search,3127.6,basic
C02036,2025-01-08,W02,2025-03-11,page_view,61.2,free
C02036,2025-01-08,W02,2025-03-07,settings_change,481.1,pro
C02036,2025-01-08,W02,2025-03-27,page_view,149.0,free
C02036,2025-01-08,W02,2025-03-29,search,150.5,free
C02036,2025-01-08,W02,2025-03-29,search,78.5,basic
C02037,2025-01-15,W03,2025-01-17,search,70.1,free
C02037,2025-01-15,W03,2025-03-22,search,38.1,basic
C02038,2025-01-29,W05,2025-02-01,page_view,105.5,basic
C02038,2025-01-29,W05,2025-01-31,page_view,160.0,basic
C02038,2025-01-29,W05,2025-02-06,page_view,10.7,free
C02038,2025-01-29,W05,2025-02-24,feature_use,76.4,free
C02039,2025-02-12,W07,2025-02-18,search,72.8,free
C02039,2025-02-12,W07,2025-02-23,feature_use,337.8,free
C02039,2025-02-12,W07,2025-03-10,feature_use,164.6,basic
C02040,2025-02-12,W07,2025-02-13,feature_use,479.2,pro
C02040,2025-02-12,W07,2025-02-17,page_view,114.7,free
C02040,2025-02-12,W07,2025-03-07,page_view,291.0,pro
C02040,2025-02-12,W07,2025-03-11,page_view,35.8,free
C02040,2025-02-12,W07,2025-03-08,page_view,198.2,pro
C02040,2025-02-12,W07,2025-03-08,feature_use,200.4,free
C02040,2025-02-12,W07,2025-03-17,feature_use,1233.0,basic
C02040,2025-02-12,W07,2025-03-24,page_view,146.1,free
C02040,2025-02-12,W07,2025-03-25,page_view,94.1,basic
C02040,2025-02-12,W07,2025-03-21,page_view,186.7,free
C02040,2025-02-12,W07,2025-03-19,page_view,190.6,free
C02040,2025-02-12,W07,2025-03-24,feature_use,316.7,pro
C02040,2025-02-12,W07,2025-04-02,page_view,148.5,free
C02040,2025-02-12,W07,2025-04-02,page_view,263.9,pro
C02041,2025-01-15,W03,2025-01-15,search,1057.4,pro
C02041,2025-01-15,W03,2025-01-18,feature_use,72.3,basic
C02041,2025-01-15,W03,2025-01-17,feature_use,171.8,free
C02041,2025-01-15,W03,2025-03-14,page_view,3117.8,basic
C02041,2025-01-15,W03,2025-03-17,search,183.1,free
C02041,2025-01-15,W03,2025-03-14,page_view,94.5,free
C02041,2025-01-15,W03,2025-03-17,settings_change,745.7,basic
C02041,2025-01-15,W03,2025-03-12,feature_use,650.0,pro
C02041,2025-01-15,W03,2025-03-18,search,9.2,free
C02042,2025-03-05,W10,2025-03-10,page_view,383.8,basic
C02042,2025-03-05,W10,2025-03-06,page_view,127.4,free
C02042,2025-03-05,W10,2025-03-31,page_view,55.1,pro
C02042,2025-03-05,W10,2025-03-30,page_view,391.6,basic
C02042,2025-03-05,W10,2025-03-30,search,86.1,free
C02042,2025-03-05,W10,2025-05-23,settings_change,418.5,basic
C02042,2025-03-05,W10,2025-05-26,page_view,165.3,basic
C02043,2025-02-26,W09,2025-03-04,page_view,53.1,free
C02043,2025-02-26,W09,2025-04-22,search,90.7,basic
C02043,2025-02-26,W09,2025-05-14,feature_use,247.5,pro
C02043,2025-02-26,W09,2025-05-20,feature_use,110.4,pro
C02043,2025-02-26,W09,2025-05-14,page_view,332.8,free
C02043,2025-02-26,W09,2025-05-14,feature_use,450.1,basic
C02044,2025-02-19,W08,2025-02-20,search,65.8,pro
C02044,2025-02-19,W08,2025-05-02,feature_use,15.3,basic
C02044,2025-02-19,W08,2025-04-30,feature_use,70.1,basic
C02045,2025-01-29,W05,2025-01-31,search,283.7,free
C02046,2025-01-08,W02,2025-01-14,page_view,29.8,free
C02046,2025-01-08,W02,2025-01-14,feature_use,64.1,basic
C02046,2025-01-08,W02,2025-01-08,page_view,609.3,basic
C02046,2025-01-08,W02,2025-02-10,page_view,115.1,free
C02047,2025-03-05,W10,2025-03-07,search,584.0,basic
C02048,2025-03-05,W10,2025-03-06,feature_use,211.6,free
C02048,2025-03-05,W10,2025-03-12,page_view,328.7,pro
C02048,2025-03-05,W10,2025-03-31,page_view,136.3,free
C02048,2025-03-05,W10,2025-04-20,page_view,70.1,basic
C02048,2025-03-05,W10,2025-05-09,feature_use,78.9,basic
C02048,2025-03-05,W10,2025-05-09,feature_use,89.0,basic
C02049,2025-01-22,W04,2025-01-23,page_view,505.7,free
C02049,2025-01-22,W04,2025-01-23,page_view,102.4,free
C02050,2025-02-19,W08,2025-02-25,page_view,293.5,free
C02050,2025-02-19,W08,2025-04-26,feature_use,531.2,free
C02050,2025-02-19,W08,2025-04-29,search,329.0,pro
C02051,2025-02-19,W08,2025-02-21,feature_use,47.1,free
C02051,2025-02-19,W08,2025-03-07,page_view,52.2,free
C02051,2025-02-19,W08,2025-03-08,page_view,103.9,basic
C02051,2025-02-19,W08,2025-03-05,feature_use,366.4,basic
C02051,2025-02-19,W08,2025-03-08,feature_use,223.6,pro
C02051,2025-02-19,W08,2025-03-05,page_view,42.1,basic
C02051,2025-02-19,W08,2025-03-20,search,122.5,basic
C02051,2025-02-19,W08,2025-03-29,search,57.0,basic
C02052,2025-01-01,W01,2025-01-03,page_view,90.5,pro
C02053,2025-01-01,W01,2025-01-03,page_view,97.0,pro
C02053,2025-01-01,W01,2025-01-06,page_view,591.2,basic
C02053,2025-01-01,W01,2025-01-07,page_view,14.8,free
C02053,2025-01-01,W01,2025-01-05,page_view,213.8,basic
C02053,2025-01-01,W01,2025-01-22,search,164.2,free
C02053,2025-01-01,W01,2025-01-25,feature_use,105.7,free
C02053,2025-01-01,W01,2025-01-28,feature_use,54.0,pro
C02053,2025-01-01,W01,2025-03-01,feature_use,36.4,basic
C02053,2025-01-01,W01,2025-03-05,feature_use,18.7,free
C02053,2025-01-01,W01,2025-03-09,settings_change,154.2,free
C02054,2025-01-22,W04,2025-01-27,feature_use,74.9,basic
C02054,2025-01-22,W04,2025-01-25,page_view,35.8,basic
C02054,2025-01-22,W04,2025-02-06,page_view,106.3,pro
C02054,2025-01-22,W04,2025-02-07,feature_use,222.3,basic
C02054,2025-01-22,W04,2025-02-08,page_view,199.6,free
C02054,2025-01-22,W04,2025-02-08,page_view,62.5,free
C02054,2025-01-22,W04,2025-03-04,page_view,308.4,free
C02054,2025-01-22,W04,2025-03-18,page_view,144.2,basic
C02055,2025-02-05,W06,2025-02-09,feature_use,1140.3,pro
C02055,2025-02-05,W06,2025-02-06,page_view,286.1,pro
C02055,2025-02-05,W06,2025-02-05,page_view,444.7,basic
C02055,2025-02-05,W06,2025-02-16,settings_change,2474.7,basic
C02055,2025-02-05,W06,2025-02-18,search,812.2,free
C02055,2025-02-05,W06,2025-03-03,search,58.5,pro
C02055,2025-02-05,W06,2025-03-07,page_view,310.0,basic
C02055,2025-02-05,W06,2025-03-06,feature_use,136.9,basic
C02055,2025-02-05,W06,2025-03-05,page_view,88.9,basic
C02055,2025-02-05,W06,2025-03-15,page_view,234.9,basic
C02055,2025-02-05,W06,2025-03-13,feature_use,436.7,basic
C02055,2025-02-05,W06,2025-03-13,settings_change,325.9,free
C02055,2025-02-05,W06,2025-03-17,search,139.2,free
C02056,2025-01-15,W03,2025-01-17,feature_use,184.8,free
C02056,2025-01-15,W03,2025-01-17,page_view,74.3,basic
C02056,2025-01-15,W03,2025-02-26,page_view,19.7,free
C02056,2025-01-15,W03,2025-02-28,search,261.1,free
C02057,2025-01-01,W01,2025-01-07,page_view,60.9,basic
C02058,2025-01-22,W04,2025-01-23,search,135.3,pro
C02058,2025-01-22,W04,2025-01-23,feature_use,204.8,free
C02058,2025-01-22,W04,2025-01-28,page_view,127.6,basic
C02058,2025-01-22,W04,2025-02-01,feature_use,118.8,pro
C02058,2025-01-22,W04,2025-02-02,feature_use,487.4,basic
C02058,2025-01-22,W04,2025-02-04,page_view,143.6,free
C02058,2025-01-22,W04,2025-03-08,feature_use,630.2,free
C02059,2025-03-12,W11,2025-03-14,settings_change,738.6,basic
C02059,2025-03-12,W11,2025-03-30,feature_use,237.4,pro
C02059,2025-03-12,W11,2025-03-31,feature_use,179.9,basic
C02059,2025-03-12,W11,2025-04-12,search,55.2,free
C02059,2025-03-12,W11,2025-04-15,page_view,348.3,free
C02059,2025-03-12,W11,2025-05-18,page_view,67.5,pro
C02059,2025-03-12,W11,2025-05-17,feature_use,186.0,pro
C02060,2025-02-05,W06,2025-02-08,page_view,578.7,free
C02060,2025-02-05,W06,2025-02-20,page_view,96.9,free
C02060,2025-02-05,W06,2025-02-20,page_view,412.9,pro
C02060,2025-02-05,W06,2025-02-19,page_view,167.1,free
C02061,2025-03-19,W12,2025-03-23,feature_use,171.8,free
C02061,2025-03-19,W12,2025-03-22,settings_change,44.2,basic
C02061,2025-03-19,W12,2025-03-19,page_view,30.3,basic
C02061,2025-03-19,W12,2025-03-21,page_view,620.0,pro
C02061,2025-03-19,W12,2025-03-23,page_view,96.3,free
C02061,2025-03-19,W12,2025-04-20,page_view,479.0,free
C02061,2025-03-19,W12,2025-05-04,page_view,470.0,free
C02062,2025-01-29,W05,2025-02-03,feature_use,71.1,free
C02062,2025-01-29,W05,2025-02-06,feature_use,43.5,free
C02062,2025-01-29,W05,2025-02-05,feature_use,24.8,basic
C02062,2025-01-29,W05,2025-04-05,search,208.9,free
C02062,2025-01-29,W05,2025-04-06,settings_change,479.5,basic
C02063,2025-01-01,W01,2025-01-03,settings_change,130.9,basic
C02063,2025-01-01,W01,2025-01-02,search,47.4,free
C02064,2025-01-22,W04,2025-01-25,page_view,17.8,free
C02064,2025-01-22,W04,2025-01-24,page_view,44.1,basic
C02064,2025-01-22,W04,2025-02-05,page_view,492.8,free
C02065,2025-02-05,W06,2025-02-10,page_view,136.7,basic
C02065,2025-02-05,W06,2025-02-07,page_view,252.2,free
C02066,2025-03-19,W12,2025-03-23,page_view,285.5,free
C02066,2025-03-19,W12,2025-05-01,page_view,209.2,free
C02066,2025-03-19,W12,2025-05-04,search,13.8,free
C02066,2025-03-19,W12,2025-05-02,feature_use,317.7,free
C02067,2025-03-05,W10,2025-03-11,feature_use,228.4,free
C02067,2025-03-05,W10,2025-03-07,feature_use,1200.7,basic
C02067,2025-03-05,W10,2025-03-15,feature_use,128.3,basic
C02067,2025-03-05,W10,2025-03-13,page_view,66.2,free
C02068,2025-02-05,W06,2025-02-05,page_view,36.5,basic
C02068,2025-02-05,W06,2025-02-05,search,352.9,pro
C02068,2025-02-05,W06,2025-03-05,search,85.5,basic
C02068,2025-02-05,W06,2025-03-08,page_view,385.2,free
C02068,2025-02-05,W06,2025-03-07,search,88.4,pro
C02068,2025-02-05,W06,2025-03-26,feature_use,472.7,free
C02068,2025-02-05,W06,2025-04-28,search,54.4,free
C02069,2025-02-05,W06,2025-02-05,feature_use,303.6,free
C02069,2025-02-05,W06,2025-02-14,page_view,118.8,basic
C02069,2025-02-05,W06,2025-03-01,page_view,63.1,free
C02069,2025-02-05,W06,2025-03-24,feature_use,613.8,free
C02069,2025-02-05,W06,2025-03-21,feature_use,394.9,basic
C02069,2025-02-05,W06,2025-03-24,feature_use,109.0,free
C02070,2025-02-26,W09,2025-03-04,feature_use,129.5,free
C02071,2025-02-19,W08,2025-02-23,feature_use,103.6,free
C02071,2025-02-19,W08,2025-02-22,page_view,22.5,free
C02071,2025-02-19,W08,2025-02-25,page_view,120.1,basic
C02071,2025-02-19,W08,2025-02-28,page_view,23.8,basic
C02071,2025-02-19,W08,2025-03-10,feature_use,127.8,pro
C02072,2025-02-12,W07,2025-02-15,feature_use,216.7,basic
C02072,2025-02-12,W07,2025-02-28,page_view,104.3,free
C02073,2025-03-05,W10,2025-03-07,search,464.8,basic
C02073,2025-03-05,W10,2025-03-05,page_view,40.6,free
C02074,2025-01-22,W04,2025-01-24,page_view,167.6,pro
C02075,2025-01-15,W03,2025-01-17,page_view,57.4,basic
C02075,2025-01-15,W03,2025-03-10,feature_use,100.3,free
C02075,2025-01-15,W03,2025-03-10,feature_use,758.6,basic
C02075,2025-01-15,W03,2025-03-14,page_view,100.0,basic
C02076,2025-01-15,W03,2025-01-18,page_view,1678.9,basic
C02076,2025-01-15,W03,2025-01-17,page_view,403.4,free
C02076,2025-01-15,W03,2025-01-17,feature_use,373.2,free
C02076,2025-01-15,W03,2025-01-15,page_view,18.9,free
C02076,2025-01-15,W03,2025-02-23,page_view,84.7,free
C02076,2025-01-15,W03,2025-02-21,search,62.6,basic
C02077,2025-01-15,W03,2025-01-18,page_view,28.4,pro
C02077,2025-01-15,W03,2025-01-22,page_view,20.2,basic
C02077,2025-01-15,W03,2025-02-02,page_view,48.2,free
C02078,2025-03-05,W10,2025-03-09,page_view,191.5,basic
C02078,2025-03-05,W10,2025-03-07,page_view,59.8,pro
C02078,2025-03-05,W10,2025-05-06,page_view,108.9,basic
C02078,2025-03-05,W10,2025-05-06,feature_use,110.5,free
C02078,2025-03-05,W10,2025-05-15,search,43.8,basic
C02079,2025-01-29,W05,2025-02-04,page_view,29.7,free
C02079,2025-01-29,W05,2025-01-29,feature_use,595.4,free
C02079,2025-01-29,W05,2025-02-09,feature_use,92.2,free
C02079,2025-01-29,W05,2025-02-09,feature_use,145.6,free
C02079,2025-01-29,W05,2025-02-19,settings_change,21.7,basic
C02080,2025-02-05,W06,2025-02-11,search,93.1,free
C02081,2025-03-19,W12,2025-03-19,page_view,120.8,free
C02081,2025-03-19,W12,2025-03-29,feature_use,63.7,pro
C02081,2025-03-19,W12,2025-04-06,settings_change,59.8,free
C02082,2025-03-19,W12,2025-03-24,feature_use,327.8,basic
C02082,2025-03-19,W12,2025-03-19,feature_use,65.2,basic
C02082,2025-03-19,W12,2025-04-02,feature_use,213.2,free
C02082,2025-03-19,W12,2025-04-07,feature_use,408.8,basic
C02082,2025-03-19,W12,2025-04-03,page_view,203.6,pro
C02083,2025-03-19,W12,2025-03-25,settings_change,45.9,pro
C02083,2025-03-19,W12,2025-03-22,settings_change,237.6,pro
C02083,2025-03-19,W12,2025-03-25,page_view,268.8,pro
C02083,2025-03-19,W12,2025-04-16,page_view,40.0,free
C02084,2025-01-22,W04,2025-01-26,search,104.9,free
C02084,2025-01-22,W04,2025-02-15,search,44.7,free
C02084,2025-01-22,W04,2025-02-13,page_view,115.9,basic
C02084,2025-01-22,W04,2025-04-08,page_view,527.3,free
C02084,2025-01-22,W04,2025-04-03,page_view,608.2,basic
C02085,2025-03-05,W10,2025-03-10,feature_use,20.6,pro
C02086,2025-03-19,W12,2025-03-25,feature_use,92.9,basic
C02086,2025-03-19,W12,2025-03-22,page_view,55.0,free
C02086,2025-03-19,W12,2025-03-21,page_view,115.8,free
C02086,2025-03-19,W12,2025-04-19,search,54.6,basic
C02087,2025-01-01,W01,2025-01-02,search,30.3,basic
C02088,2025-02-12,W07,2025-02-15,feature_use,24.5,free
C02088,2025-02-12,W07,2025-02-13,feature_use,23.4,free
C02088,2025-02-12,W07,2025-02-24,page_view,172.9,basic
C02088,2025-02-12,W07,2025-02-21,feature_use,283.4,free
C02089,2025-03-19,W12,2025-03-21,feature_use,534.6,free
C02090,2025-02-12,W07,2025-02-13,feature_use,182.8,free
C02090,2025-02-12,W07,2025-02-17,feature_use,69.1,free
C02090,2025-02-12,W07,2025-02-19,page_view,376.3,free
C02091,2025-03-05,W10,2025-03-11,feature_use,75.1,basic
C02091,2025-03-05,W10,2025-03-12,feature_use,35.0,pro
C02091,2025-03-05,W10,2025-03-18,feature_use,52.7,basic
C02091,2025-03-05,W10,2025-03-28,search,127.4,free
C02091,2025-03-05,W10,2025-04-02,page_view,302.0,basic
C02091,2025-03-05,W10,2025-04-08,settings_change,95.7,free
C02091,2025-03-05,W10,2025-04-06,page_view,146.6,free
C02091,2025-03-05,W10,2025-05-24,feature_use,221.8,free
C02091,2025-03-05,W10,2025-05-23,settings_change,78.4,basic
C02091,2025-03-05,W10,2025-05-22,page_view,233.5,pro
C02092,2025-01-01,W01,2025-01-01,search,55.0,free
C02092,2025-01-01,W01,2025-01-06,page_view,389.9,free
C02093,2025-01-15,W03,2025-01-18,settings_change,58.8,free
C02093,2025-01-15,W03,2025-01-18,search,217.3,pro
C02093,2025-01-15,W03,2025-01-31,page_view,48.0,free
C02093,2025-01-15,W03,2025-02-05,page_view,65.1,pro
C02093,2025-01-15,W03,2025-02-06,search,874.8,free
C02094,2025-03-05,W10,2025-03-05,page_view,49.6,free
C02094,2025-03-05,W10,2025-03-06,page_view,198.0,free
C02094,2025-03-05,W10,2025-03-15,feature_use,61.7,free
C02094,2025-03-05,W10,2025-03-29,search,281.4,basic
C02095,2025-02-05,W06,2025-02-07,feature_use,123.7,pro
C02096,2025-01-22,W04,2025-01-28,page_view,48.0,free
C02096,2025-01-22,W04,2025-02-20,feature_use,782.1,free
C02096,2025-01-22,W04,2025-02-21,page_view,452.8,free
C02097,2025-01-29,W05,2025-02-02,feature_use,142.5,basic
C02098,2025-02-26,W09,2025-02-27,page_view,16.9,free
C02099,2025-03-05,W10,2025-03-11,page_view,144.8,free
C02099,2025-03-05,W10,2025-04-30,feature_use,159.6,pro
C02099,2025-03-05,W10,2025-05-03,feature_use,418.5,free
C02100,2025-02-26,W09,2025-03-02,page_view,7.7,free
C02100,2025-02-26,W09,2025-03-04,page_view,146.2,basic
C02100,2025-02-26,W09,2025-03-03,page_view,376.1,pro
C02100,2025-02-26,W09,2025-03-03,page_view,58.5,free
C02100,2025-02-26,W09,2025-03-02,feature_use,80.0,free
C02100,2025-02-26,W09,2025-04-01,page_view,24.5,free
C02101,2025-02-05,W06,2025-02-05,page_view,28.8,free
C02101,2025-02-05,W06,2025-02-05,feature_use,646.0,pro
C02101,2025-02-05,W06,2025-02-25,feature_use,12.6,free
C02101,2025-02-05,W06,2025-04-22,page_view,188.3,pro
C02102,2025-01-01,W01,2025-01-05,feature_use,140.0,free
C02103,2025-02-05,W06,2025-02-10,feature_use,7.0,basic
C02103,2025-02-05,W06,2025-02-22,settings_change,52.7,free
C02103,2025-02-05,W06,2025-02-24,page_view,209.0,free
C02103,2025-02-05,W06,2025-02-25,search,92.4,basic
C02104,2025-01-08,W02,2025-01-10,page_view,721.4,basic
C02105,2025-02-12,W07,2025-02-14,page_view,74.3,free
C02105,2025-02-12,W07,2025-02-21,search,263.2,basic
C02105,2025-02-12,W07,2025-02-21,feature_use,62.9,free
C02105,2025-02-12,W07,2025-02-20,search,952.2,basic
C02105,2025-02-12,W07,2025-02-24,feature_use,117.7,basic
C02105,2025-02-12,W07,2025-03-24,feature_use,299.5,free
C02105,2025-02-12,W07,2025-04-08,feature_use,511.6,free
C02105,2025-02-12,W07,2025-04-04,page_view,121.3,free
C02105,2025-02-12,W07,2025-04-04,feature_use,177.4,basic
C02106,2025-01-08,W02,2025-01-12,search,94.0,basic
C02107,2025-01-08,W02,2025-01-12,feature_use,30.7,free
C02108,2025-02-19,W08,2025-02-24,feature_use,81.4,free
C02108,2025-02-19,W08,2025-02-19,page_view,32.4,free
C02108,2025-02-19,W08,2025-03-18,search,100.6,free
C02108,2025-02-19,W08,2025-03-14,page_view,14.7,pro
C02109,2025-03-12,W11,2025-03-17,feature_use,68.4,pro
C02109,2025-03-12,W11,2025-04-17,feature_use,83.2,free
C02109,2025-03-12,W11,2025-04-21,search,150.3,free
C02109,2025-03-12,W11,2025-04-18,feature_use,289.7,free
C02109,2025-03-12,W11,2025-04-18,page_view,124.4,pro
C02109,2025-03-12,W11,2025-05-06,feature_use,216.3,free
C02110,2025-02-19,W08,2025-02-19,feature_use,328.3,free
C02110,2025-02-19,W08,2025-02-25,page_view,341.9,basic
C02110,2025-02-19,W08,2025-02-26,settings_change,517.0,basic
C02110,2025-02-19,W08,2025-03-01,page_view,1272.1,pro
C02110,2025-02-19,W08,2025-03-03,page_view,33.8,basic
C02110,2025-02-19,W08,2025-03-04,feature_use,39.1,free
C02110,2025-02-19,W08,2025-03-29,page_view,61.9,basic
C02110,2025-02-19,W08,2025-05-12,settings_change,214.5,pro
C02111,2025-01-29,W05,2025-01-31,settings_change,289.8,free
C02111,2025-01-29,W05,2025-01-29,page_view,582.0,basic
C02112,2025-02-05,W06,2025-02-05,search,87.8,basic
C02112,2025-02-05,W06,2025-02-08,feature_use,87.6,free
C02112,2025-02-05,W06,2025-02-14,feature_use,147.6,free
C02112,2025-02-05,W06,2025-02-18,search,731.1,pro
C02112,2025-02-05,W06,2025-02-18,page_view,178.7,basic
C02112,2025-02-05,W06,2025-02-19,page_view,444.0,basic
C02112,2025-02-05,W06,2025-03-02,feature_use,556.0,free
C02112,2025-02-05,W06,2025-02-28,feature_use,224.3,free
C02112,2025-02-05,W06,2025-03-04,page_view,44.1,free
C02112,2025-02-05,W06,2025-03-03,search,177.5,basic
C02113,2025-03-12,W11,2025-03-18,feature_use,381.2,free
C02114,2025-02-12,W07,2025-02-13,feature_use,287.1,basic
C02114,2025-02-12,W07,2025-02-27,search,324.1,free
C02114,2025-02-12,W07,2025-03-04,page_view,952.0,basic
C02114,2025-02-12,W07,2025-03-17,page_view,149.1,pro
C02114,2025-02-12,W07,2025-04-23,page_view,95.0,basic
C02114,2025-02-12,W07,2025-04-25,feature_use,673.7,free
C02115,2025-02-26,W09,2025-03-03,settings_change,75.8,free
C02116,2025-02-12,W07,2025-02-15,page_view,489.5,basic
C02117,2025-02-26,W09,2025-03-04,page_view,230.0,pro
C02117,2025-02-26,W09,2025-03-02,feature_use,61.1,basic
C02118,2025-01-29,W05,2025-01-31,feature_use,136.9,basic
C02118,2025-01-29,W05,2025-01-29,page_view,116.9,basic
C02118,2025-01-29,W05,2025-02-06,search,1533.1,free
C02118,2025-01-29,W05,2025-03-18,page_view,110.3,basic
C02118,2025-01-29,W05,2025-03-16,page_view,89.1,free
C02118,2025-01-29,W05,2025-03-12,search,20.0,free
C02118,2025-01-29,W05,2025-03-13,feature_use,259.7,pro
C02118,2025-01-29,W05,2025-03-18,page_view,496.9,basic
C02118,2025-01-29,W05,2025-03-25,page_view,770.6,free
C02119,2025-01-01,W01,2025-01-05,page_view,46.7,basic
C02120,2025-01-22,W04,2025-01-22,page_view,5.7,pro
C02120,2025-01-22,W04,2025-02-12,page_view,328.6,pro
C02120,2025-01-22,W04,2025-02-26,search,51.4,pro
C02121,2025-02-12,W07,2025-02-16,feature_use,128.0,free
C02122,2025-01-08,W02,2025-01-12,search,590.1,pro
C02122,2025-01-08,W02,2025-01-29,settings_change,284.7,basic
C02122,2025-01-08,W02,2025-03-31,page_view,128.1,free
C02122,2025-01-08,W02,2025-03-31,page_view,22.6,basic
C02122,2025-01-08,W02,2025-03-30,feature_use,86.5,pro
C02122,2025-01-08,W02,2025-03-27,feature_use,450.6,basic
C02122,2025-01-08,W02,2025-04-01,page_view,351.0,free
C02122,2025-01-08,W02,2025-03-27,page_view,120.5,free
C02123,2025-02-26,W09,2025-03-04,feature_use,66.2,basic
C02123,2025-02-26,W09,2025-03-03,search,224.1,free
C02124,2025-01-08,W02,2025-01-12,page_view,41.7,pro
C02124,2025-01-08,W02,2025-01-19,page_view,174.8,free
C02125,2025-01-01,W01,2025-01-04,page_view,383.3,pro
C02125,2025-01-01,W01,2025-01-04,page_view,108.7,basic
C02125,2025-01-01,W01,2025-01-21,search,140.6,pro
C02125,2025-01-01,W01,2025-02-13,page_view,58.8,basic
C02125,2025-01-01,W01,2025-02-12,page_view,440.1,free
C02125,2025-01-01,W01,2025-02-18,page_view,31.4,basic
C02125,2025-01-01,W01,2025-02-28,feature_use,90.4,free
C02125,2025-01-01,W01,2025-03-12,page_view,27.5,pro
C02125,2025-01-01,W01,2025-03-17,feature_use,524.2,free
C02125,2025-01-01,W01,2025-03-13,page_view,954.8,free
C02125,2025-01-01,W01,2025-03-14,page_view,96.0,free
C02126,2025-01-29,W05,2025-01-30,feature_use,341.2,free
C02126,2025-01-29,W05,2025-02-18,page_view,91.0,free
C02126,2025-01-29,W05,2025-02-17,page_view,129.3,free
C02126,2025-01-29,W05,2025-02-16,page_view,217.7,basic
C02126,2025-01-29,W05,2025-02-14,feature_use,30.2,basic
C02126,2025-01-29,W05,2025-02-22,search,64.6,pro
C02126,2025-01-29,W05,2025-03-07,feature_use,379.4,free
C02126,2025-01-29,W05,2025-03-09,feature_use,29.4,free
C02126,2025-01-29,W05,2025-04-07,page_view,866.2,free
C02127,2025-01-08,W02,2025-01-10,page_view,68.2,free
C02127,2025-01-08,W02,2025-01-31,page_view,48.0,pro
C02127,2025-01-08,W02,2025-01-31,page_view,326.0,basic
C02127,2025-01-08,W02,2025-02-02,page_view,352.0,free
C02128,2025-02-05,W06,2025-02-05,feature_use,46.8,free
C02128,2025-02-05,W06,2025-02-15,page_view,122.5,pro
C02128,2025-02-05,W06,2025-02-18,feature_use,550.0,free
C02128,2025-02-05,W06,2025-02-23,page_view,683.9,pro
C02128,2025-02-05,W06,2025-02-24,feature_use,129.9,pro
C02128,2025-02-05,W06,2025-04-04,page_view,189.5,basic
C02128,2025-02-05,W06,2025-04-06,page_view,64.2,basic
C02129,2025-01-08,W02,2025-01-08,page_view,170.1,basic
C02129,2025-01-08,W02,2025-01-08,page_view,112.9,free
C02129,2025-01-08,W02,2025-01-30,search,219.9,basic
C02129,2025-01-08,W02,2025-02-03,search,966.1,free
C02129,2025-01-08,W02,2025-02-02,page_view,150.2,free
C02129,2025-01-08,W02,2025-02-12,feature_use,420.0,free
C02129,2025-01-08,W02,2025-02-15,search,60.1,free
C02129,2025-01-08,W02,2025-02-14,feature_use,44.6,basic
C02130,2025-03-12,W11,2025-03-14,page_view,198.2,basic
C02130,2025-03-12,W11,2025-03-15,feature_use,8.9,pro
C02130,2025-03-12,W11,2025-03-14,search,416.9,basic
C02131,2025-02-05,W06,2025-02-09,page_view,76.7,free
C02131,2025-02-05,W06,2025-02-21,page_view,59.2,pro
C02132,2025-02-05,W06,2025-02-08,page_view,47.9,basic
C02132,2025-02-05,W06,2025-03-26,page_view,408.5,basic
C02133,2025-03-05,W10,2025-03-09,page_view,201.0,pro
C02133,2025-03-05,W10,2025-04-07,feature_use,234.5,basic
C02134,2025-01-08,W02,2025-01-11,settings_change,471.0,free
C02134,2025-01-08,W02,2025-03-20,feature_use,208.8,free
C02134,2025-01-08,W02,2025-03-19,feature_use,230.5,free
C02135,2025-01-08,W02,2025-01-12,page_view,483.5,free
C02135,2025-01-08,W02,2025-01-26,search,67.8,pro
C02135,2025-01-08,W02,2025-01-22,page_view,153.2,pro
C02135,2025-01-08,W02,2025-01-22,feature_use,172.6,free
C02135,2025-01-08,W02,2025-01-22,search,68.9,pro
C02135,2025-01-08,W02,2025-02-20,page_view,26.2,basic
C02135,2025-01-08,W02,2025-02-24,feature_use,465.8,basic
C02135,2025-01-08,W02,2025-03-25,page_view,208.4,free
C02135,2025-01-08,W02,2025-03-25,page_view,457.2,basic
C02136,2025-02-05,W06,2025-02-08,feature_use,540.2,free
C02136,2025-02-05,W06,2025-03-29,feature_use,32.0,basic
C02137,2025-02-26,W09,2025-02-27,page_view,92.9,free
C02137,2025-02-26,W09,2025-03-03,feature_use,30.7,basic
C02137,2025-02-26,W09,2025-03-23,page_view,27.5,basic
C02137,2025-02-26,W09,2025-03-23,feature_use,123.8,free
C02137,2025-02-26,W09,2025-04-03,search,97.7,free
C02137,2025-02-26,W09,2025-04-02,search,107.9,basic
C02137,2025-02-26,W09,2025-04-02,search,69.2,free
C02137,2025-02-26,W09,2025-04-08,page_view,260.6,free
C02137,2025-02-26,W09,2025-04-04,feature_use,21.5,free
C02138,2025-01-22,W04,2025-01-24,search,74.9,free
C02138,2025-01-22,W04,2025-02-02,page_view,159.3,basic
C02138,2025-01-22,W04,2025-02-02,settings_change,295.4,free
C02138,2025-01-22,W04,2025-01-29,page_view,174.0,pro
C02138,2025-01-22,W04,2025-02-01,page_view,137.1,pro
C02138,2025-01-22,W04,2025-01-31,feature_use,132.4,basic
C02138,2025-01-22,W04,2025-02-10,search,40.1,pro
C02138,2025-01-22,W04,2025-02-11,feature_use,766.5,free
C02138,2025-01-22,W04,2025-02-09,page_view,129.5,free
C02138,2025-01-22,W04,2025-02-19,page_view,327.9,basic
C02138,2025-01-22,W04,2025-02-24,page_view,652.2,free
C02138,2025-01-22,W04,2025-02-22,page_view,119.9,free
C02138,2025-01-22,W04,2025-02-25,search,239.2,free
C02138,2025-01-22,W04,2025-03-02,page_view,23.4,pro
C02138,2025-01-22,W04,2025-04-06,feature_use,286.5,free
C02138,2025-01-22,W04,2025-04-03,feature_use,207.5,basic
C02138,2025-01-22,W04,2025-04-06,feature_use,101.8,basic
C02138,2025-01-22,W04,2025-04-08,page_view,208.2,basic
C02139,2025-03-05,W10,2025-03-08,feature_use,83.8,free
C02140,2025-01-22,W04,2025-01-28,feature_use,81.7,free
C02140,2025-01-22,W04,2025-02-08,search,83.8,pro
C02140,2025-01-22,W04,2025-03-06,page_view,152.4,pro
C02140,2025-01-22,W04,2025-03-07,settings_change,253.5,free
C02140,2025-01-22,W04,2025-03-08,feature_use,146.5,free
C02140,2025-01-22,W04,2025-04-07,page_view,492.0,basic
C02141,2025-01-08,W02,2025-01-13,feature_use,25.6,free
C02141,2025-01-08,W02,2025-01-22,page_view,158.4,pro
C02142,2025-01-22,W04,2025-01-28,page_view,213.8,basic
C02142,2025-01-22,W04,2025-03-10,feature_use,205.3,pro
C02142,2025-01-22,W04,2025-03-09,feature_use,136.2,pro
C02142,2025-01-22,W04,2025-03-13,page_view,45.2,basic
C02142,2025-01-22,W04,2025-03-16,feature_use,175.2,free
C02142,2025-01-22,W04,2025-03-13,page_view,182.7,basic
C02143,2025-03-12,W11,2025-03-14,page_view,184.5,basic
C02143,2025-03-12,W11,2025-03-27,page_view,69.2,basic
C02143,2025-03-12,W11,2025-03-30,page_view,241.0,pro
C02144,2025-03-05,W10,2025-03-06,page_view,5.0,free
C02144,2025-03-05,W10,2025-03-13,page_view,96.4,free
C02144,2025-03-05,W10,2025-04-08,search,24.6,basic
C02144,2025-03-05,W10,2025-04-14,page_view,162.9,pro
C02144,2025-03-05,W10,2025-05-16,search,51.6,free
C02145,2025-02-12,W07,2025-02-13,feature_use,465.0,basic
C02145,2025-02-12,W07,2025-02-18,search,98.4,basic
C02145,2025-02-12,W07,2025-03-01,page_view,128.1,basic
C02145,2025-02-12,W07,2025-03-13,page_view,55.6,pro
C02145,2025-02-12,W07,2025-03-14,search,96.3,pro
C02145,2025-02-12,W07,2025-03-14,page_view,145.8,pro
C02145,2025-02-12,W07,2025-04-28,page_view,1960.4,basic
C02146,2025-01-22,W04,2025-01-26,search,176.6,basic
C02146,2025-01-22,W04,2025-03-31,feature_use,102.1,free
C02146,2025-01-22,W04,2025-03-27,feature_use,140.6,free
C02146,2025-01-22,W04,2025-03-29,feature_use,175.8,basic
C02146,2025-01-22,W04,2025-04-07,search,210.7,basic
C02146,2025-01-22,W04,2025-04-08,page_view,33.2,basic
C02146,2025-01-22,W04,2025-04-06,feature_use,231.7,pro
C02146,2025-01-22,W04,2025-04-14,feature_use,167.1,basic
C02146,2025-01-22,W04,2025-04-12,feature_use,99.6,pro
C02146,2025-01-22,W04,2025-04-14,page_view,970.2,free
C02146,2025-01-22,W04,2025-04-15,page_view,140.0,free
C02147,2025-02-05,W06,2025-02-11,page_view,404.8,basic
C02147,2025-02-05,W06,2025-02-20,feature_use,367.0,free
C02147,2025-02-05,W06,2025-04-01,page_view,147.3,basic
C02148,2025-01-29,W05,2025-02-04,settings_change,1241.2,free
C02149,2025-02-12,W07,2025-02-18,feature_use,1030.2,free
C02149,2025-02-12,W07,2025-02-14,page_view,126.4,free
C02149,2025-02-12,W07,2025-02-23,search,822.0,pro
C02149,2025-02-12,W07,2025-02-27,page_view,234.5,basic
C02149,2025-02-12,W07,2025-03-01,feature_use,59.2,basic
C02150,2025-03-12,W11,2025-03-13,page_view,399.8,basic
C02150,2025-03-12,W11,2025-03-12,search,117.7,basic
C02150,2025-03-12,W11,2025-03-12,page_view,22.8,free
C02150,2025-03-12,W11,2025-04-04,feature_use,342.1,free
C02151,2025-03-12,W11,2025-03-17,feature_use,106.4,pro
C02152,2025-01-15,W03,2025-01-15,settings_change,442.8,pro
C02152,2025-01-15,W03,2025-01-20,feature_use,89.2,free
C02152,2025-01-15,W03,2025-01-21,feature_use,245.4,free
C02153,2025-03-12,W11,2025-03-18,search,269.9,pro
C02153,2025-03-12,W11,2025-04-04,feature_use,254.8,basic
C02154,2025-03-19,W12,2025-03-23,page_view,287.4,free
C02154,2025-03-19,W12,2025-04-04,page_view,439.6,basic
C02154,2025-03-19,W12,2025-04-06,page_view,82.0,pro
C02154,2025-03-19,W12,2025-04-02,search,1221.3,free
C02154,2025-03-19,W12,2025-05-14,feature_use,192.3,free
C02155,2025-01-15,W03,2025-01-17,feature_use,16.2,basic
C02155,2025-01-15,W03,2025-02-01,feature_use,74.3,free
C02155,2025-01-15,W03,2025-02-23,search,230.1,free
C02155,2025-01-15,W03,2025-02-23,feature_use,10.1,pro
C02155,2025-01-15,W03,2025-02-23,page_view,387.2,pro
C02155,2025-01-15,W03,2025-03-11,page_view,157.8,pro
C02155,2025-01-15,W03,2025-03-16,page_view,93.1,free
C02156,2025-01-29,W05,2025-01-29,page_view,61.5,free
C02156,2025-01-29,W05,2025-01-31,page_view,153.1,basic
C02156,2025-01-29,W05,2025-01-31,page_view,39.3,free
C02156,2025-01-29,W05,2025-02-04,search,61.4,free
C02156,2025-01-29,W05,2025-02-07,feature_use,101.0,free
C02156,2025-01-29,W05,2025-02-14,feature_use,191.4,free
C02156,2025-01-29,W05,2025-02-12,feature_use,207.2,basic
C02156,2025-01-29,W05,2025-03-25,feature_use,65.8,basic
C02156,2025-01-29,W05,2025-03-20,settings_change,1131.6,free
C02156,2025-01-29,W05,2025-03-31,search,173.3,free
C02157,2025-01-22,W04,2025-01-28,feature_use,59.8,basic
C02157,2025-01-22,W04,2025-02-05,page_view,685.0,basic
C02157,2025-01-22,W04,2025-02-07,feature_use,210.5,free
C02158,2025-01-29,W05,2025-02-04,page_view,312.5,free
C02158,2025-01-29,W05,2025-01-30,page_view,342.1,basic
C02159,2025-01-01,W01,2025-01-06,feature_use,179.9,free
C02160,2025-01-22,W04,2025-01-28,page_view,599.2,basic
C02160,2025-01-22,W04,2025-02-10,page_view,336.0,pro
C02160,2025-01-22,W04,2025-02-06,feature_use,183.6,pro
C02160,2025-01-22,W04,2025-02-14,feature_use,275.4,pro
C02160,2025-01-22,W04,2025-02-18,search,30.9,pro
C02161,2025-02-05,W06,2025-02-06,page_view,109.9,basic
C02161,2025-02-05,W06,2025-04-09,feature_use,14.7,free
C02161,2025-02-05,W06,2025-04-11,page_view,41.3,free
C02162,2025-02-12,W07,2025-02-12,feature_use,100.5,free
C02162,2025-02-12,W07,2025-02-26,search,97.2,basic
C02162,2025-02-12,W07,2025-03-15,page_view,70.0,basic
C02162,2025-02-12,W07,2025-03-20,page_view,115.6,free
C02162,2025-02-12,W07,2025-03-24,page_view,530.5,pro
C02162,2025-02-12,W07,2025-03-20,feature_use,133.5,pro
C02162,2025-02-12,W07,2025-03-21,feature_use,99.0,pro
C02162,2025-02-12,W07,2025-04-25,page_view,204.1,basic
C02162,2025-02-12,W07,2025-04-26,feature_use,427.3,basic
C02162,2025-02-12,W07,2025-04-27,page_view,89.3,basic
C02163,2025-02-19,W08,2025-02-25,page_view,52.6,basic
C02164,2025-01-29,W05,2025-02-01,feature_use,336.0,free
C02165,2025-01-08,W02,2025-01-08,feature_use,90.7,free
C02165,2025-01-08,W02,2025-01-22,page_view,82.2,free
C02165,2025-01-08,W02,2025-01-23,feature_use,72.2,basic
C02166,2025-01-08,W02,2025-01-12,feature_use,101.1,free
C02166,2025-01-08,W02,2025-01-25,feature_use,109.7,basic
C02166,2025-01-08,W02,2025-01-27,page_view,177.1,free
C02166,2025-01-08,W02,2025-02-08,page_view,377.8,free
C02166,2025-01-08,W02,2025-02-26,page_view,138.0,free
C02166,2025-01-08,W02,2025-03-22,search,125.6,basic
C02166,2025-01-08,W02,2025-03-26,page_view,184.9,free
C02167,2025-01-15,W03,2025-01-17,feature_use,85.3,free
C02167,2025-01-15,W03,2025-01-18,page_view,336.2,pro
C02167,2025-01-15,W03,2025-01-20,page_view,110.8,basic
C02167,2025-01-15,W03,2025-01-19,page_view,87.8,pro
C02167,2025-01-15,W03,2025-01-20,settings_change,102.1,free
C02167,2025-01-15,W03,2025-01-20,feature_use,55.1,basic
C02167,2025-01-15,W03,2025-01-15,page_view,55.7,free
C02167,2025-01-15,W03,2025-01-16,page_view,121.8,free
C02167,2025-01-15,W03,2025-01-17,page_view,143.6,free
C02167,2025-01-15,W03,2025-01-24,page_view,93.0,free
C02167,2025-01-15,W03,2025-01-26,feature_use,191.1,basic
C02167,2025-01-15,W03,2025-01-25,page_view,128.3,basic
C02167,2025-01-15,W03,2025-01-22,search,359.1,free
C02167,2025-01-15,W03,2025-01-24,search,131.8,pro
C02167,2025-01-15,W03,2025-01-29,page_view,380.3,free
C02167,2025-01-15,W03,2025-02-02,feature_use,231.0,free
C02167,2025-01-15,W03,2025-02-06,search,966.0,pro
C02167,2025-01-15,W03,2025-03-31,page_view,171.6,pro
C02167,2025-01-15,W03,2025-03-28,feature_use,29.9,basic
C02167,2025-01-15,W03,2025-03-31,feature_use,359.2,free
C02167,2025-01-15,W03,2025-04-03,page_view,3136.9,pro
C02167,2025-01-15,W03,2025-04-05,search,230.3,pro
C02167,2025-01-15,W03,2025-04-08,feature_use,352.5,basic
C02168,2025-01-22,W04,2025-01-26,feature_use,61.3,free
C02168,2025-01-22,W04,2025-01-26,page_view,107.9,free
C02168,2025-01-22,W04,2025-02-02,page_view,170.0,free
C02168,2025-01-22,W04,2025-02-09,feature_use,496.7,free
C02168,2025-01-22,W04,2025-02-08,page_view,111.9,pro
C02168,2025-01-22,W04,2025-02-08,search,22.4,free
C02169,2025-02-05,W06,2025-02-11,search,159.3,free
C02169,2025-02-05,W06,2025-02-09,feature_use,1096.6,free
C02169,2025-02-05,W06,2025-02-16,search,347.8,free
C02169,2025-02-05,W06,2025-02-13,page_view,248.9,pro
C02169,2025-02-05,W06,2025-03-03,feature_use,83.1,pro
C02170,2025-01-29,W05,2025-01-29,page_view,68.6,pro
C02170,2025-01-29,W05,2025-01-31,page_view,81.1,free
C02170,2025-01-29,W05,2025-03-10,feature_use,131.2,free
C02170,2025-01-29,W05,2025-03-10,page_view,100.8,free
C02170,2025-01-29,W05,2025-03-09,feature_use,276.7,basic
C02170,2025-01-29,W05,2025-03-11,page_view,214.7,free
C02170,2025-01-29,W05,2025-03-08,page_view,32.5,free
C02170,2025-01-29,W05,2025-04-09,search,17.9,basic
C02171,2025-01-29,W05,2025-01-30,feature_use,366.3,free
C02171,2025-01-29,W05,2025-02-02,page_view,42.6,free
C02171,2025-01-29,W05,2025-03-23,feature_use,447.1,pro
C02171,2025-01-29,W05,2025-03-24,page_view,604.5,pro
C02171,2025-01-29,W05,2025-03-24,feature_use,148.1,free
C02171,2025-01-29,W05,2025-03-24,feature_use,23.4,free
C02172,2025-02-26,W09,2025-03-03,page_view,82.5,pro
C02172,2025-02-26,W09,2025-03-08,page_view,484.8,free
C02172,2025-02-26,W09,2025-03-07,feature_use,133.2,free
C02172,2025-02-26,W09,2025-03-05,settings_change,47.1,pro
C02172,2025-02-26,W09,2025-03-10,page_view,21.9,basic
C02172,2025-02-26,W09,2025-05-04,search,168.6,pro
C02173,2025-02-26,W09,2025-02-28,page_view,50.6,basic
C02174,2025-03-12,W11,2025-03-17,page_view,308.1,basic
C02174,2025-03-12,W11,2025-03-13,page_view,646.4,basic
C02174,2025-03-12,W11,2025-03-13,page_view,91.8,free
C02174,2025-03-12,W11,2025-03-13,page_view,406.2,free
C02174,2025-03-12,W11,2025-03-19,page_view,540.3,free
C02175,2025-03-19,W12,2025-03-23,feature_use,12.5,free
C02176,2025-01-15,W03,2025-01-15,page_view,108.0,basic
C02176,2025-01-15,W03,2025-01-20,page_view,967.3,free
C02176,2025-01-15,W03,2025-01-17,page_view,1516.2,pro
C02177,2025-02-26,W09,2025-02-26,page_view,380.4,basic
C02178,2025-01-01,W01,2025-01-02,feature_use,118.7,basic
C02179,2025-01-22,W04,2025-01-24,search,577.9,free
C02179,2025-01-22,W04,2025-01-23,page_view,515.7,pro
C02180,2025-03-12,W11,2025-03-14,feature_use,65.8,free
C02180,2025-03-12,W11,2025-03-13,page_view,133.6,free
C02180,2025-03-12,W11,2025-03-15,page_view,170.0,free
C02180,2025-03-12,W11,2025-03-18,feature_use,214.0,free
C02180,2025-03-12,W11,2025-03-18,page_view,146.4,free
C02180,2025-03-12,W11,2025-04-16,feature_use,412.7,basic
C02180,2025-03-12,W11,2025-04-17,page_view,1855.6,free
C02181,2025-02-19,W08,2025-02-23,page_view,93.3,free
C02181,2025-02-19,W08,2025-03-01,page_view,60.2,free
C02181,2025-02-19,W08,2025-02-28,search,85.1,free
C02181,2025-02-19,W08,2025-02-27,settings_change,42.4,basic
C02181,2025-02-19,W08,2025-02-26,search,89.4,free
C02181,2025-02-19,W08,2025-03-01,settings_change,185.8,basic
C02181,2025-02-19,W08,2025-03-07,page_view,80.8,basic
C02181,2025-02-19,W08,2025-03-05,page_view,339.3,pro
C02181,2025-02-19,W08,2025-03-07,feature_use,142.4,free
C02181,2025-02-19,W08,2025-03-15,feature_use,90.4,free
C02181,2025-02-19,W08,2025-04-07,feature_use,45.3,free
C02181,2025-02-19,W08,2025-04-05,page_view,739.9,free
C02181,2025-02-19,W08,2025-04-07,page_view,28.4,basic
C02181,2025-02-19,W08,2025-04-02,page_view,1571.0,free
C02182,2025-02-26,W09,2025-03-04,page_view,95.7,free
C02183,2025-01-29,W05,2025-01-29,page_view,89.4,basic
C02184,2025-01-08,W02,2025-01-08,page_view,710.7,free
C02184,2025-01-08,W02,2025-01-25,feature_use,141.0,free
C02184,2025-01-08,W02,2025-03-01,page_view,92.0,free
C02185,2025-02-19,W08,2025-02-25,page_view,314.8,basic
C02185,2025-02-19,W08,2025-04-08,page_view,10.1,free
C02185,2025-02-19,W08,2025-04-08,page_view,281.7,free
C02185,2025-02-19,W08,2025-04-03,page_view,21.8,basic
C02185,2025-02-19,W08,2025-04-28,search,180.3,pro
C02185,2025-02-19,W08,2025-04-24,search,132.8,basic
C02186,2025-02-19,W08,2025-02-22,feature_use,1037.8,pro
C02186,2025-02-19,W08,2025-04-14,feature_use,119.1,free
C02186,2025-02-19,W08,2025-04-14,search,128.9,basic
C02187,2025-02-26,W09,2025-02-26,page_view,158.7,free
C02187,2025-02-26,W09,2025-03-03,page_view,209.1,free
C02187,2025-02-26,W09,2025-03-04,settings_change,310.4,free
C02187,2025-02-26,W09,2025-05-14,feature_use,170.8,basic
C02188,2025-02-05,W06,2025-02-11,search,202.8,pro
C02188,2025-02-05,W06,2025-02-10,feature_use,81.3,free
C02188,2025-02-05,W06,2025-02-10,feature_use,170.4,free
C02188,2025-02-05,W06,2025-02-10,feature_use,526.5,basic
C02188,2025-02-05,W06,2025-03-03,page_view,184.9,free
C02188,2025-02-05,W06,2025-03-03,page_view,106.2,free
C02188,2025-02-05,W06,2025-03-02,feature_use,30.4,basic
C02188,2025-02-05,W06,2025-02-28,search,48.8,basic
C02189,2025-03-12,W11,2025-03-13,feature_use,67.7,basic
C02190,2025-02-26,W09,2025-03-01,page_view,56.3,free
C02190,2025-02-26,W09,2025-03-01,feature_use,283.9,free
C02191,2025-03-05,W10,2025-03-07,feature_use,169.5,free
C02191,2025-03-05,W10,2025-03-25,page_view,186.1,basic
C02192,2025-03-05,W10,2025-03-09,feature_use,79.8,free
C02192,2025-03-05,W10,2025-03-12,settings_change,251.2,free
C02193,2025-02-19,W08,2025-02-23,page_view,190.2,pro
C02193,2025-02-19,W08,2025-02-19,page_view,70.4,pro
C02193,2025-02-19,W08,2025-02-20,page_view,219.0,free
C02193,2025-02-19,W08,2025-02-26,page_view,329.0,free
C02193,2025-02-19,W08,2025-03-05,search,202.5,free
C02193,2025-02-19,W08,2025-03-07,page_view,168.1,basic
C02193,2025-02-19,W08,2025-03-21,page_view,124.0,pro
C02193,2025-02-19,W08,2025-03-22,page_view,104.4,basic
C02193,2025-02-19,W08,2025-03-22,search,271.0,free
C02193,2025-02-19,W08,2025-03-27,page_view,48.5,pro
C02193,2025-02-19,W08,2025-04-01,feature_use,158.9,basic
C02193,2025-02-19,W08,2025-04-25,feature_use,116.8,free
C02193,2025-02-19,W08,2025-04-23,feature_use,49.4,free
C02193,2025-02-19,W08,2025-05-06,feature_use,454.8,basic
C02194,2025-03-12,W11,2025-03-12,search,29.4,free
C02194,2025-03-12,W11,2025-04-20,feature_use,24.9,free
C02195,2025-01-29,W05,2025-02-04,search,435.7,pro
C02195,2025-01-29,W05,2025-02-03,page_view,375.6,pro
C02195,2025-01-29,W05,2025-02-19,page_view,127.8,basic
C02196,2025-01-22,W04,2025-01-22,page_view,181.7,free
C02196,2025-01-22,W04,2025-01-26,feature_use,673.2,pro
C02196,2025-01-22,W04,2025-01-28,feature_use,174.4,basic
C02196,2025-01-22,W04,2025-01-22,page_view,43.5,basic
C02197,2025-02-12,W07,2025-02-12,page_view,677.6,free
C02197,2025-02-12,W07,2025-03-03,page_view,14.6,free
C02197,2025-02-12,W07,2025-03-01,search,80.3,pro
C02197,2025-02-12,W07,2025-02-26,page_view,220.3,basic
C02197,2025-02-12,W07,2025-03-01,page_view,246.5,free
C02197,2025-02-12,W07,2025-03-04,page_view,122.4,free
C02197,2025-02-12,W07,2025-03-05,page_view,103.5,free
C02197,2025-02-12,W07,2025-03-18,search,39.2,basic
C02198,2025-02-05,W06,2025-02-10,page_view,502.0,free
C02199,2025-03-19,W12,2025-03-25,page_view,121.4,basic
C02199,2025-03-19,W12,2025-04-01,feature_use,225.1,free
C02200,2025-01-22,W04,2025-01-24,feature_use,101.7,pro
C02200,2025-01-22,W04,2025-03-23,feature_use,57.8,basic
C02200,2025-01-22,W04,2025-03-24,search,248.7,free
C02200,2025-01-22,W04,2025-03-24,page_view,70.6,pro
C02200,2025-01-22,W04,2025-03-25,page_view,366.1,free
C02201,2025-01-08,W02,2025-01-13,page_view,134.9,free
C02201,2025-01-08,W02,2025-01-08,page_view,190.3,free
C02202,2025-03-05,W10,2025-03-08,page_view,301.2,basic
C02202,2025-03-05,W10,2025-04-01,feature_use,45.6,free
C02203,2025-02-26,W09,2025-03-04,page_view,168.1,free
C02203,2025-02-26,W09,2025-03-23,page_view,321.5,basic
C02204,2025-01-22,W04,2025-01-27,page_view,23.3,free
C02204,2025-01-22,W04,2025-02-04,page_view,279.7,pro
C02204,2025-01-22,W04,2025-03-21,feature_use,63.0,free
C02205,2025-01-15,W03,2025-01-17,settings_change,511.8,basic
C02205,2025-01-15,W03,2025-01-18,search,30.3,basic
C02205,2025-01-15,W03,2025-02-04,settings_change,271.8,pro
C02206,2025-03-12,W11,2025-03-14,feature_use,3121.9,pro
C02206,2025-03-12,W11,2025-03-17,feature_use,183.3,basic
C02206,2025-03-12,W11,2025-03-25,page_view,187.8,free
C02207,2025-03-19,W12,2025-03-25,feature_use,273.0,free
C02207,2025-03-19,W12,2025-03-25,page_view,124.7,free
C02207,2025-03-19,W12,2025-05-01,search,1585.9,pro
C02207,2025-03-19,W12,2025-04-30,search,2117.7,pro
C02207,2025-03-19,W12,2025-05-01,feature_use,396.2,free
C02207,2025-03-19,W12,2025-05-19,feature_use,659.1,basic
C02207,2025-03-19,W12,2025-06-10,feature_use,122.3,basic
C02208,2025-03-05,W10,2025-03-08,feature_use,580.1,free
C02208,2025-03-05,W10,2025-03-10,feature_use,15.5,basic
C02208,2025-03-05,W10,2025-03-09,feature_use,28.9,basic
C02208,2025-03-05,W10,2025-03-09,page_view,430.6,basic
C02209,2025-02-05,W06,2025-02-09,search,98.4,basic
C02209,2025-02-05,W06,2025-02-18,feature_use,45.4,free
C02209,2025-02-05,W06,2025-04-26,feature_use,254.1,basic
C02209,2025-02-05,W06,2025-04-27,page_view,1199.0,basic
C02210,2025-01-08,W02,2025-01-10,feature_use,121.9,free
C02211,2025-02-19,W08,2025-02-23,search,124.1,free
C02211,2025-02-19,W08,2025-02-21,search,335.7,basic
C02211,2025-02-19,W08,2025-02-20,page_view,1744.3,basic
C02211,2025-02-19,W08,2025-03-10,page_view,179.0,free
C02211,2025-02-19,W08,2025-03-17,page_view,263.4,pro
C02211,2025-02-19,W08,2025-03-18,search,47.4,free
C02211,2025-02-19,W08,2025-03-21,feature_use,84.0,free
C02211,2025-02-19,W08,2025-03-22,feature_use,143.9,free
C02211,2025-02-19,W08,2025-05-08,page_view,95.2,free
C02211,2025-02-19,W08,2025-05-08,page_view,450.9,basic
C02211,2025-02-19,W08,2025-05-11,feature_use,23.1,basic
C02212,2025-02-26,W09,2025-02-26,page_view,644.1,basic
C02212,2025-02-26,W09,2025-03-08,feature_use,56.2,free
C02213,2025-01-22,W04,2025-01-25,page_view,520.1,free
C02213,2025-01-22,W04,2025-02-06,settings_change,580.4,free
C02213,2025-01-22,W04,2025-02-15,page_view,1046.2,free
C02213,2025-01-22,W04,2025-02-14,feature_use,79.0,free
C02214,2025-03-05,W10,2025-03-08,feature_use,157.5,free
C02214,2025-03-05,W10,2025-03-08,page_view,611.6,free
C02214,2025-03-05,W10,2025-03-10,feature_use,252.9,free
C02214,2025-03-05,W10,2025-03-14,page_view,103.9,basic
C02214,2025-03-05,W10,2025-04-01,page_view,148.1,free
C02214,2025-03-05,W10,2025-03-26,page_view,284.8,pro
C02214,2025-03-05,W10,2025-04-01,feature_use,409.1,pro
C02214,2025-03-05,W10,2025-04-16,page_view,445.5,basic
C02214,2025-03-05,W10,2025-04-24,page_view,47.8,basic
C02214,2025-03-05,W10,2025-04-26,feature_use,67.3,basic
C02214,2025-03-05,W10,2025-04-27,search,54.6,free
C02215,2025-02-12,W07,2025-02-15,feature_use,38.8,free
C02216,2025-01-01,W01,2025-01-07,feature_use,87.6,free
C02216,2025-01-01,W01,2025-02-07,feature_use,1342.9,free
C02216,2025-01-01,W01,2025-02-10,settings_change,190.1,free
C02216,2025-01-01,W01,2025-02-09,page_view,373.2,basic
C02217,2025-01-08,W02,2025-01-11,feature_use,456.9,free
C02218,2025-01-22,W04,2025-01-24,page_view,943.4,basic
C02218,2025-01-22,W04,2025-01-23,feature_use,276.8,basic
C02218,2025-01-22,W04,2025-01-30,page_view,104.1,free
C02218,2025-01-22,W04,2025-02-01,feature_use,685.5,free
C02218,2025-01-22,W04,2025-01-29,search,1082.0,free
C02218,2025-01-22,W04,2025-02-13,page_view,100.7,free
C02219,2025-01-29,W05,2025-02-04,search,84.3,free
C02219,2025-01-29,W05,2025-01-30,page_view,118.4,free
C02219,2025-01-29,W05,2025-02-03,feature_use,325.7,free
C02219,2025-01-29,W05,2025-02-02,search,26.2,pro
C02219,2025-01-29,W05,2025-02-08,feature_use,124.3,free
C02219,2025-01-29,W05,2025-03-02,search,296.1,free
C02220,2025-03-05,W10,2025-03-09,page_view,426.4,free
C02220,2025-03-05,W10,2025-03-22,search,150.0,free
C02221,2025-03-19,W12,2025-03-21,page_view,38.7,free
C02222,2025-03-19,W12,2025-03-21,feature_use,362.6,basic
C02223,2025-02-19,W08,2025-02-19,search,147.9,basic
C02223,2025-02-19,W08,2025-03-07,search,275.3,free
C02224,2025-01-08,W02,2025-01-11,page_view,78.8,basic
C02224,2025-01-08,W02,2025-01-11,feature_use,323.3,free
C02224,2025-01-08,W02,2025-02-22,feature_use,49.2,free
C02224,2025-01-08,W02,2025-03-28,feature_use,53.8,pro
C02224,2025-01-08,W02,2025-03-31,page_view,82.2,pro
C02225,2025-01-08,W02,2025-01-10,search,356.5,free
C02225,2025-01-08,W02,2025-01-08,feature_use,899.0,free
C02225,2025-01-08,W02,2025-01-28,feature_use,79.5,pro
C02225,2025-01-08,W02,2025-02-18,page_view,182.7,free
C02226,2025-03-05,W10,2025-03-07,page_view,12.8,pro
C02227,2025-01-29,W05,2025-02-01,page_view,257.9,basic
C02227,2025-01-29,W05,2025-02-14,page_view,77.2,free
C02228,2025-01-08,W02,2025-01-09,feature_use,48.0,free
C02228,2025-01-08,W02,2025-01-12,feature_use,73.3,basic
C02229,2025-01-15,W03,2025-01-19,page_view,85.1,basic
C02229,2025-01-15,W03,2025-01-19,feature_use,379.3,basic
C02229,2025-01-15,W03,2025-02-11,search,115.5,basic
C02229,2025-01-15,W03,2025-02-22,page_view,128.9,basic
C02229,2025-01-15,W03,2025-03-10,feature_use,70.3,basic
C02230,2025-03-05,W10,2025-03-10,page_view,316.7,pro
C02231,2025-02-26,W09,2025-03-04,page_view,23.8,pro
C02231,2025-02-26,W09,2025-03-26,page_view,19.6,basic
C02232,2025-03-12,W11,2025-03-16,settings_change,920.4,free
C02233,2025-02-26,W09,2025-03-02,page_view,459.7,basic
C02233,2025-02-26,W09,2025-02-27,feature_use,560.9,pro
C02233,2025-02-26,W09,2025-03-17,page_view,3148.9,pro
C02233,2025-02-26,W09,2025-03-15,search,125.1,free
C02233,2025-02-26,W09,2025-04-16,search,278.4,pro
C02233,2025-02-26,W09,2025-04-18,page_view,115.9,pro
C02233,2025-02-26,W09,2025-04-21,page_view,72.3,free
C02234,2025-02-05,W06,2025-02-07,page_view,103.5,free
C02234,2025-02-05,W06,2025-02-22,page_view,41.1,basic
C02234,2025-02-05,W06,2025-03-03,page_view,416.1,basic
C02234,2025-02-05,W06,2025-03-03,page_view,13.2,basic
C02234,2025-02-05,W06,2025-03-08,feature_use,59.2,free
C02234,2025-02-05,W06,2025-04-21,page_view,893.7,basic
C02235,2025-02-26,W09,2025-02-27,page_view,379.9,free
C02236,2025-02-19,W08,2025-02-21,page_view,173.6,free
C02236,2025-02-19,W08,2025-03-10,feature_use,286.6,pro
C02236,2025-02-19,W08,2025-03-19,page_view,464.6,basic
C02236,2025-02-19,W08,2025-03-23,feature_use,339.7,pro
C02236,2025-02-19,W08,2025-05-02,settings_change,230.8,free
C02237,2025-03-19,W12,2025-03-24,page_view,94.1,free
C02237,2025-03-19,W12,2025-03-25,page_view,48.1,pro
C02237,2025-03-19,W12,2025-04-25,feature_use,745.1,free
C02237,2025-03-19,W12,2025-04-25,settings_change,348.6,basic
C02237,2025-03-19,W12,2025-04-23,page_view,406.9,free
C02237,2025-03-19,W12,2025-04-23,feature_use,179.4,pro
C02237,2025-03-19,W12,2025-04-30,feature_use,122.7,free
C02238,2025-01-15,W03,2025-01-21,feature_use,350.6,basic
C02238,2025-01-15,W03,2025-01-24,feature_use,571.1,free
C02238,2025-01-15,W03,2025-01-23,feature_use,163.2,basic
C02238,2025-01-15,W03,2025-01-28,page_view,150.1,free
C02238,2025-01-15,W03,2025-02-03,page_view,546.6,basic
C02238,2025-01-15,W03,2025-02-04,search,20.9,pro
C02239,2025-02-19,W08,2025-02-19,feature_use,1277.5,free
C02239,2025-02-19,W08,2025-02-28,search,589.6,pro
C02239,2025-02-19,W08,2025-03-05,feature_use,124.4,free
C02239,2025-02-19,W08,2025-03-07,search,142.9,free
C02239,2025-02-19,W08,2025-03-11,feature_use,105.3,basic
C02239,2025-02-19,W08,2025-04-02,feature_use,256.4,pro
C02239,2025-02-19,W08,2025-04-05,page_view,84.7,free
C02239,2025-02-19,W08,2025-04-03,feature_use,376.4,pro
C02239,2025-02-19,W08,2025-04-05,feature_use,516.6,free
C02239,2025-02-19,W08,2025-04-04,feature_use,31.0,pro
C02239,2025-02-19,W08,2025-05-04,page_view,62.3,free
C02240,2025-03-12,W11,2025-03-16,search,346.1,free
C02240,2025-03-12,W11,2025-04-18,feature_use,118.5,basic
C02241,2025-02-12,W07,2025-02-13,page_view,352.6,pro
C02241,2025-02-12,W07,2025-02-19,search,138.4,pro
C02242,2025-03-19,W12,2025-03-22,page_view,172.3,free
C02242,2025-03-19,W12,2025-03-21,feature_use,144.0,pro
C02242,2025-03-19,W12,2025-03-27,feature_use,68.0,pro
C02242,2025-03-19,W12,2025-04-08,search,108.8,basic
C02242,2025-03-19,W12,2025-04-22,feature_use,112.2,free
C02242,2025-03-19,W12,2025-05-13,page_view,478.3,free
C02242,2025-03-19,W12,2025-05-07,feature_use,24.5,basic
C02242,2025-03-19,W12,2025-05-10,feature_use,253.4,free
C02242,2025-03-19,W12,2025-05-13,feature_use,366.0,free
C02242,2025-03-19,W12,2025-06-05,page_view,699.5,free
C02243,2025-02-26,W09,2025-03-03,feature_use,114.5,basic
C02243,2025-02-26,W09,2025-04-04,search,131.6,free
C02243,2025-02-26,W09,2025-04-03,page_view,325.5,free
C02243,2025-02-26,W09,2025-04-03,feature_use,104.5,free
C02244,2025-02-12,W07,2025-02-17,page_view,241.4,basic
C02245,2025-01-29,W05,2025-02-03,search,168.2,free
C02245,2025-01-29,W05,2025-03-06,page_view,231.5,basic
C02245,2025-01-29,W05,2025-03-07,page_view,166.9,free
C02245,2025-01-29,W05,2025-03-07,page_view,102.7,pro
C02245,2025-01-29,W05,2025-03-11,feature_use,262.9,basic
C02246,2025-01-29,W05,2025-02-04,page_view,275.9,pro
C02246,2025-01-29,W05,2025-02-26,page_view,173.4,basic
C02246,2025-01-29,W05,2025-02-27,page_view,234.8,basic
C02246,2025-01-29,W05,2025-02-26,feature_use,136.8,free
C02246,2025-01-29,W05,2025-03-02,page_view,337.6,basic
C02246,2025-01-29,W05,2025-03-10,feature_use,662.4,basic
C02246,2025-01-29,W05,2025-03-09,search,152.6,basic
C02246,2025-01-29,W05,2025-03-06,page_view,288.0,free
C02246,2025-01-29,W05,2025-03-07,settings_change,246.5,pro
C02246,2025-01-29,W05,2025-03-07,page_view,37.9,pro
C02246,2025-01-29,W05,2025-03-07,search,162.3,free
C02247,2025-01-22,W04,2025-01-26,feature_use,979.4,basic
C02247,2025-01-22,W04,2025-02-09,page_view,49.3,basic
C02248,2025-01-08,W02,2025-01-11,feature_use,14.6,free
C02248,2025-01-08,W02,2025-01-13,search,99.9,pro
C02248,2025-01-08,W02,2025-02-04,page_view,438.1,pro
C02248,2025-01-08,W02,2025-02-17,page_view,1036.8,free
C02248,2025-01-08,W02,2025-02-15,feature_use,53.0,free
C02249,2025-01-29,W05,2025-02-03,page_view,56.5,pro
C02249,2025-01-29,W05,2025-01-30,feature_use,145.5,free
C02249,2025-01-29,W05,2025-02-23,search,66.7,free
C02249,2025-01-29,W05,2025-02-22,page_view,82.1,free
C02249,2025-01-29,W05,2025-03-13,feature_use,187.5,free
C02249,2025-01-29,W05,2025-03-12,page_view,23.6,pro
C02250,2025-03-05,W10,2025-03-10,settings_change,370.9,basic
C02250,2025-03-05,W10,2025-03-07,page_view,210.8,free
C02250,2025-03-05,W10,2025-03-05,search,99.3,free
C02250,2025-03-05,W10,2025-03-11,page_view,131.8,free
C02250,2025-03-05,W10,2025-03-10,page_view,461.5,basic
C02251,2025-01-22,W04,2025-01-23,page_view,175.9,pro
C02251,2025-01-22,W04,2025-01-24,feature_use,177.7,pro
C02252,2025-01-01,W01,2025-01-06,page_view,195.2,free
C02252,2025-01-01,W01,2025-01-06,search,46.6,basic
C02252,2025-01-01,W01,2025-01-19,page_view,202.4,free
C02252,2025-01-01,W01,2025-01-15,page_view,60.2,free
C02252,2025-01-01,W01,2025-01-19,feature_use,99.9,basic
C02252,2025-01-01,W01,2025-01-17,page_view,120.6,free
C02252,2025-01-01,W01,2025-01-15,page_view,95.7,basic
C02252,2025-01-01,W01,2025-01-18,page_view,60.0,basic
C02252,2025-01-01,W01,2025-02-01,page_view,162.8,free
C02252,2025-01-01,W01,2025-01-29,search,92.3,free
C02252,2025-01-01,W01,2025-02-04,feature_use,133.7,basic
C02252,2025-01-01,W01,2025-02-04,feature_use,287.7,free
C02252,2025-01-01,W01,2025-02-03,page_view,81.4,basic
C02252,2025-01-01,W01,2025-02-06,page_view,279.3,basic
C02252,2025-01-01,W01,2025-02-09,search,489.7,free
C02252,2025-01-01,W01,2025-02-05,feature_use,361.3,basic
C02252,2025-01-01,W01,2025-03-25,feature_use,93.7,basic
C02252,2025-01-01,W01,2025-03-24,page_view,115.1,basic
C02252,2025-01-01,W01,2025-03-22,settings_change,183.9,basic
C02253,2025-01-08,W02,2025-01-14,search,305.7,free
C02253,2025-01-08,W02,2025-01-11,feature_use,203.2,basic
C02253,2025-01-08,W02,2025-02-04,feature_use,199.3,basic
C02254,2025-03-12,W11,2025-03-12,page_view,140.6,basic
C02255,2025-01-08,W02,2025-01-10,search,93.1,basic
C02255,2025-01-08,W02,2025-01-21,search,377.9,basic
C02255,2025-01-08,W02,2025-02-01,search,211.7,free
C02255,2025-01-08,W02,2025-03-13,feature_use,267.4,free
C02255,2025-01-08,W02,2025-03-15,page_view,108.0,free
C02256,2025-02-26,W09,2025-03-03,search,208.7,pro
C02256,2025-02-26,W09,2025-02-27,feature_use,704.7,basic
C02257,2025-01-08,W02,2025-01-12,page_view,101.3,free
C02257,2025-01-08,W02,2025-01-17,feature_use,74.0,basic
C02257,2025-01-08,W02,2025-02-01,page_view,522.0,pro
C02257,2025-01-08,W02,2025-02-04,feature_use,116.0,pro
C02257,2025-01-08,W02,2025-03-06,page_view,407.0,free
C02257,2025-01-08,W02,2025-03-14,page_view,554.5,basic
C02258,2025-03-19,W12,2025-03-21,feature_use,143.7,pro
C02258,2025-03-19,W12,2025-03-21,settings_change,82.3,pro
C02258,2025-03-19,W12,2025-03-20,page_view,296.4,basic
C02258,2025-03-19,W12,2025-03-23,feature_use,134.1,basic
C02258,2025-03-19,W12,2025-03-27,page_view,450.2,pro
C02258,2025-03-19,W12,2025-05-16,page_view,42.8,pro
C02258,2025-03-19,W12,2025-05-17,page_view,255.9,basic
C02258,2025-03-19,W12,2025-05-20,feature_use,935.2,basic
C02258,2025-03-19,W12,2025-06-08,settings_change,191.1,basic
C02259,2025-03-05,W10,2025-03-08,settings_change,378.9,pro
C02259,2025-03-05,W10,2025-04-06,page_view,312.7,pro
C02260,2025-02-12,W07,2025-02-14,page_view,17.9,pro
C02260,2025-02-12,W07,2025-03-11,feature_use,369.3,pro
C02260,2025-02-12,W07,2025-03-06,feature_use,42.8,basic
C02260,2025-02-12,W07,2025-04-26,page_view,49.6,free
C02261,2025-01-15,W03,2025-01-20,page_view,48.1,free
C02261,2025-01-15,W03,2025-01-18,feature_use,406.3,free
C02261,2025-01-15,W03,2025-01-17,page_view,73.2,basic
C02261,2025-01-15,W03,2025-01-26,page_view,34.2,basic
C02262,2025-01-08,W02,2025-01-10,page_view,730.8,free
C02263,2025-02-19,W08,2025-02-23,page_view,111.7,basic
C02263,2025-02-19,W08,2025-03-01,search,45.8,free
C02263,2025-02-19,W08,2025-02-28,search,97.9,free
C02263,2025-02-19,W08,2025-03-04,page_view,163.2,free
C02263,2025-02-19,W08,2025-04-03,feature_use,774.5,basic
C02264,2025-03-19,W12,2025-03-23,page_view,210.2,free
C02264,2025-03-19,W12,2025-03-19,search,49.2,basic
C02264,2025-03-19,W12,2025-04-18,feature_use,591.8,free
C02264,2025-03-19,W12,2025-04-19,page_view,211.5,basic
C02264,2025-03-19,W12,2025-05-13,page_view,117.5,free
C02264,2025-03-19,W12,2025-05-30,search,26.1,free
C02264,2025-03-19,W12,2025-06-02,page_view,165.9,free
C02264,2025-03-19,W12,2025-06-02,page_view,86.6,basic
C02265,2025-01-08,W02,2025-01-11,page_view,259.7,free
C02265,2025-01-08,W02,2025-02-01,page_view,100.6,basic
C02266,2025-02-26,W09,2025-03-04,feature_use,182.4,basic
C02266,2025-02-26,W09,2025-04-18,page_view,272.0,pro
C02267,2025-01-15,W03,2025-01-18,page_view,38.1,basic
C02267,2025-01-15,W03,2025-01-15,feature_use,90.9,basic
C02268,2025-02-26,W09,2025-03-02,page_view,75.0,basic
C02268,2025-02-26,W09,2025-04-09,page_view,417.0,basic
C02268,2025-02-26,W09,2025-04-13,page_view,236.1,basic
C02268,2025-02-26,W09,2025-04-17,page_view,81.0,pro
C02268,2025-02-26,W09,2025-04-22,page_view,450.7,pro
C02269,2025-01-15,W03,2025-01-19,page_view,68.9,free
C02269,2025-01-15,W03,2025-01-16,page_view,18.7,basic
C02270,2025-02-26,W09,2025-03-03,page_view,133.1,free
C02270,2025-02-26,W09,2025-02-27,search,242.7,free
C02270,2025-02-26,W09,2025-03-03,page_view,415.2,free
C02270,2025-02-26,W09,2025-03-04,feature_use,173.8,pro
C02270,2025-02-26,W09,2025-03-23,feature_use,84.4,free
C02270,2025-02-26,W09,2025-03-22,feature_use,361.1,free
C02270,2025-02-26,W09,2025-04-04,page_view,680.1,free
C02270,2025-02-26,W09,2025-04-24,page_view,83.2,basic
C02271,2025-02-05,W06,2025-02-05,page_view,140.0,basic
C02271,2025-02-05,W06,2025-02-08,search,121.7,free
C02271,2025-02-05,W06,2025-02-14,page_view,132.7,free
C02271,2025-02-05,W06,2025-02-16,page_view,117.9,basic
C02272,2025-03-12,W11,2025-03-14,page_view,120.6,basic
C02272,2025-03-12,W11,2025-04-11,settings_change,333.8,basic
C02273,2025-01-08,W02,2025-01-10,feature_use,285.6,basic
C02273,2025-01-08,W02,2025-01-15,settings_change,214.2,pro
C02273,2025-01-08,W02,2025-01-28,page_view,168.2,pro
C02273,2025-01-08,W02,2025-01-23,page_view,22.7,free
C02273,2025-01-08,W02,2025-01-28,search,21.1,free
C02273,2025-01-08,W02,2025-01-28,page_view,39.5,basic
C02273,2025-01-08,W02,2025-03-20,page_view,295.5,free
C02273,2025-01-08,W02,2025-03-24,feature_use,329.6,free
C02274,2025-01-01,W01,2025-01-02,page_view,59.2,free
C02274,2025-01-01,W01,2025-01-07,feature_use,414.6,free
C02274,2025-01-01,W01,2025-01-06,page_view,134.5,basic
C02274,2025-01-01,W01,2025-01-02,page_view,363.2,pro
C02274,2025-01-01,W01,2025-01-10,page_view,294.5,pro
C02274,2025-01-01,W01,2025-02-17,search,347.7,free
C02275,2025-01-15,W03,2025-01-18,feature_use,75.8,basic
C02275,2025-01-15,W03,2025-02-17,page_view,60.0,free
C02275,2025-01-15,W03,2025-02-12,page_view,419.3,free
C02275,2025-01-15,W03,2025-02-13,page_view,1171.9,pro
C02276,2025-02-12,W07,2025-02-16,search,118.1,free
C02276,2025-02-12,W07,2025-02-12,settings_change,109.3,free
C02276,2025-02-12,W07,2025-02-13,page_view,441.8,free
C02276,2025-02-12,W07,2025-02-12,search,44.0,pro
C02277,2025-03-05,W10,2025-03-11,feature_use,797.8,free
C02277,2025-03-05,W10,2025-03-06,page_view,234.2,free
C02277,2025-03-05,W10,2025-03-05,feature_use,127.9,pro
C02277,2025-03-05,W10,2025-03-12,feature_use,87.1,free
C02277,2025-03-05,W10,2025-04-24,page_view,18.8,basic
C02278,2025-01-15,W03,2025-01-15,feature_use,62.5,free
C02278,2025-01-15,W03,2025-02-21,page_view,180.0,basic
C02278,2025-01-15,W03,2025-02-22,page_view,614.4,pro
C02279,2025-01-15,W03,2025-01-17,feature_use,107.6,free
C02279,2025-01-15,W03,2025-03-16,page_view,375.3,pro
C02280,2025-03-19,W12,2025-03-20,page_view,429.1,pro
C02280,2025-03-19,W12,2025-03-21,page_view,114.5,free
C02280,2025-03-19,W12,2025-03-26,page_view,116.1,basic
C02280,2025-03-19,W12,2025-03-28,page_view,147.5,free
C02280,2025-03-19,W12,2025-04-07,feature_use,140.0,free
C02280,2025-03-19,W12,2025-04-03,page_view,93.0,basic
C02280,2025-03-19,W12,2025-04-10,page_view,212.5,pro
C02280,2025-03-19,W12,2025-04-10,search,50.8,basic
C02280,2025-03-19,W12,2025-05-26,feature_use,169.6,basic
C02281,2025-02-12,W07,2025-02-15,search,84.0,basic
C02281,2025-02-12,W07,2025-02-15,feature_use,479.1,free
C02281,2025-02-12,W07,2025-02-14,feature_use,254.5,free
C02281,2025-02-12,W07,2025-04-24,page_view,194.8,free
C02281,2025-02-12,W07,2025-04-26,page_view,186.7,free
C02281,2025-02-12,W07,2025-04-29,page_view,257.9,free
C02282,2025-02-12,W07,2025-02-18,page_view,1140.8,free
C02282,2025-02-12,W07,2025-04-10,page_view,743.7,free
C02282,2025-02-12,W07,2025-04-27,page_view,40.2,free
C02283,2025-01-22,W04,2025-01-26,page_view,244.9,free
C02284,2025-01-01,W01,2025-01-06,settings_change,170.4,pro
C02284,2025-01-01,W01,2025-01-04,page_view,50.9,pro
C02284,2025-01-01,W01,2025-02-27,page_view,256.8,basic
C02285,2025-03-05,W10,2025-03-07,page_view,49.8,basic
C02285,2025-03-05,W10,2025-04-02,search,98.8,free
C02285,2025-03-05,W10,2025-04-06,feature_use,175.1,free
C02285,2025-03-05,W10,2025-05-05,page_view,85.9,basic
C02286,2025-02-19,W08,2025-02-24,feature_use,291.0,free
C02287,2025-02-19,W08,2025-02-20,settings_change,165.4,basic
C02287,2025-02-19,W08,2025-03-07,search,300.6,free
C02288,2025-02-05,W06,2025-02-07,page_view,166.9,free
C02288,2025-02-05,W06,2025-02-22,search,135.8,basic
C02288,2025-02-05,W06,2025-02-20,feature_use,36.6,free
C02288,2025-02-05,W06,2025-02-23,feature_use,205.6,pro
C02289,2025-03-12,W11,2025-03-16,page_view,60.6,basic
C02289,2025-03-12,W11,2025-03-28,search,176.5,free
C02289,2025-03-12,W11,2025-05-15,page_view,65.5,basic
C02289,2025-03-12,W11,2025-05-16,page_view,120.7,basic
C02289,2025-03-12,W11,2025-05-20,feature_use,107.7,basic
C02290,2025-01-01,W01,2025-01-01,page_view,177.7,basic
C02290,2025-01-01,W01,2025-01-03,settings_change,500.7,free
C02290,2025-01-01,W01,2025-01-13,search,59.1,free
C02290,2025-01-01,W01,2025-02-12,feature_use,125.6,free
C02290,2025-01-01,W01,2025-03-22,feature_use,83.2,basic
C02290,2025-01-01,W01,2025-03-25,feature_use,183.4,free
C02291,2025-03-19,W12,2025-03-22,search,288.0,basic
C02291,2025-03-19,W12,2025-03-21,feature_use,114.9,pro
C02291,2025-03-19,W12,2025-03-24,feature_use,938.4,free
C02291,2025-03-19,W12,2025-03-21,feature_use,95.6,pro
C02291,2025-03-19,W12,2025-03-29,page_view,417.8,basic
C02291,2025-03-19,W12,2025-04-03,page_view,277.8,free
C02291,2025-03-19,W12,2025-04-05,page_view,55.0,free
C02291,2025-03-19,W12,2025-04-04,page_view,92.8,free
C02291,2025-03-19,W12,2025-04-03,settings_change,126.6,basic
C02291,2025-03-19,W12,2025-05-10,feature_use,81.7,basic
C02292,2025-03-05,W10,2025-03-11,page_view,103.8,basic
C02292,2025-03-05,W10,2025-03-15,page_view,111.6,basic
C02292,2025-03-05,W10,2025-03-16,feature_use,153.5,basic
C02292,2025-03-05,W10,2025-04-05,feature_use,61.8,free
C02292,2025-03-05,W10,2025-04-07,search,827.4,pro
C02292,2025-03-05,W10,2025-04-04,page_view,12.8,pro
C02292,2025-03-05,W10,2025-04-02,feature_use,92.6,basic
C02293,2025-03-19,W12,2025-03-24,page_view,207.8,free
C02293,2025-03-19,W12,2025-03-19,page_view,148.6,free
C02294,2025-01-15,W03,2025-01-19,feature_use,51.3,basic
C02294,2025-01-15,W03,2025-01-27,page_view,109.7,free
C02294,2025-01-15,W03,2025-01-23,page_view,336.8,basic
C02294,2025-01-15,W03,2025-01-27,search,609.7,free
C02294,2025-01-15,W03,2025-01-22,feature_use,143.3,free
C02294,2025-01-15,W03,2025-01-22,feature_use,150.3,pro
C02294,2025-01-15,W03,2025-01-22,page_view,267.7,free
C02294,2025-01-15,W03,2025-01-27,feature_use,34.4,free
C02295,2025-03-19,W12,2025-03-22,page_view,568.8,free
C02296,2025-03-19,W12,2025-03-24,page_view,100.1,free
C02296,2025-03-19,W12,2025-03-20,page_view,188.6,free
C02296,2025-03-19,W12,2025-03-21,page_view,267.7,basic
C02296,2025-03-19,W12,2025-04-18,feature_use,169.8,free
C02296,2025-03-19,W12,2025-04-17,feature_use,51.3,pro
C02297,2025-02-05,W06,2025-02-05,search,272.6,basic
C02298,2025-03-05,W10,2025-03-06,feature_use,147.4,free
C02298,2025-03-05,W10,2025-03-07,page_view,53.8,free
C02298,2025-03-05,W10,2025-03-10,search,75.1,free
C02298,2025-03-05,W10,2025-03-11,search,2184.6,pro
C02298,2025-03-05,W10,2025-03-16,search,268.6,free
C02298,2025-03-05,W10,2025-03-14,search,74.1,free
C02298,2025-03-05,W10,2025-03-16,page_view,134.4,free
C02298,2025-03-05,W10,2025-03-15,feature_use,258.7,free
C02298,2025-03-05,W10,2025-03-13,page_view,234.4,pro
C02298,2025-03-05,W10,2025-03-23,search,94.3,basic
C02298,2025-03-05,W10,2025-03-19,page_view,136.8,free
C02298,2025-03-05,W10,2025-03-19,page_view,89.0,pro
C02298,2025-03-05,W10,2025-03-25,page_view,199.0,free
C02298,2025-03-05,W10,2025-03-20,settings_change,143.0,free
C02298,2025-03-05,W10,2025-04-03,feature_use,499.7,free
C02298,2025-03-05,W10,2025-04-08,search,218.7,pro
C02298,2025-03-05,W10,2025-04-19,page_view,823.5,free
C02298,2025-03-05,W10,2025-04-21,feature_use,196.7,basic
C02298,2025-03-05,W10,2025-04-27,page_view,23.9,basic
C02298,2025-03-05,W10,2025-04-28,feature_use,108.9,basic
C02298,2025-03-05,W10,2025-05-06,settings_change,23.7,free
C02298,2025-03-05,W10,2025-05-04,feature_use,179.8,free
C02298,2025-03-05,W10,2025-05-01,feature_use,104.6,free
C02299,2025-02-05,W06,2025-02-10,feature_use,50.3,basic
C02299,2025-02-05,W06,2025-02-11,page_view,15.4,free
C02299,2025-02-05,W06,2025-03-08,page_view,163.4,pro
C02299,2025-02-05,W06,2025-03-14,page_view,106.1,pro
C02299,2025-02-05,W06,2025-03-12,feature_use,102.5,basic
C02299,2025-02-05,W06,2025-03-15,page_view,113.9,basic
C02299,2025-02-05,W06,2025-04-17,page_view,121.3,pro
C02299,2025-02-05,W06,2025-04-22,search,82.3,basic
C02299,2025-02-05,W06,2025-04-21,page_view,128.1,free
C02300,2025-01-01,W01,2025-01-07,page_view,58.7,free
C02300,2025-01-01,W01,2025-01-02,page_view,214.7,basic
C02300,2025-01-01,W01,2025-01-01,page_view,128.9,pro
C02300,2025-01-01,W01,2025-03-08,page_view,717.2,pro
C02301,2025-03-12,W11,2025-03-17,page_view,19.4,basic
C02301,2025-03-12,W11,2025-04-13,search,30.6,pro
C02302,2025-02-12,W07,2025-02-16,page_view,79.6,free
C02302,2025-02-12,W07,2025-03-21,feature_use,299.2,free
C02302,2025-02-12,W07,2025-03-19,page_view,156.3,basic
C02302,2025-02-12,W07,2025-03-19,page_view,200.6,basic
C02302,2025-02-12,W07,2025-04-02,feature_use,70.5,basic
C02302,2025-02-12,W07,2025-04-05,page_view,58.6,basic
C02302,2025-02-12,W07,2025-04-05,page_view,1610.2,free
C02302,2025-02-12,W07,2025-04-06,page_view,200.9,free
C02303,2025-03-12,W11,2025-03-12,feature_use,1034.3,pro
C02304,2025-01-08,W02,2025-01-14,settings_change,120.9,pro
C02304,2025-01-08,W02,2025-01-08,page_view,103.2,free
C02304,2025-01-08,W02,2025-01-12,page_view,219.6,free
C02304,2025-01-08,W02,2025-01-17,feature_use,260.3,basic
C02305,2025-02-19,W08,2025-02-19,feature_use,160.8,basic
C02305,2025-02-19,W08,2025-02-25,page_view,27.0,basic
C02306,2025-02-05,W06,2025-02-08,settings_change,1076.2,pro
C02306,2025-02-05,W06,2025-02-05,page_view,45.7,free
C02306,2025-02-05,W06,2025-02-23,page_view,22.6,basic
C02306,2025-02-05,W06,2025-04-12,feature_use,125.2,basic
C02307,2025-01-01,W01,2025-01-03,page_view,285.7,basic
C02307,2025-01-01,W01,2025-01-05,page_view,171.7,basic
C02307,2025-01-01,W01,2025-01-16,page_view,74.0,free
C02307,2025-01-01,W01,2025-02-09,page_view,442.4,basic
C02308,2025-01-08,W02,2025-01-10,feature_use,378.6,free
C02308,2025-01-08,W02,2025-01-11,page_view,460.5,free
C02308,2025-01-08,W02,2025-02-19,settings_change,100.9,basic
C02308,2025-01-08,W02,2025-02-23,page_view,103.9,free
C02309,2025-02-05,W06,2025-02-08,page_view,947.1,free
C02309,2025-02-05,W06,2025-02-09,feature_use,318.8,basic
C02310,2025-01-08,W02,2025-01-09,feature_use,116.2,pro
C02311,2025-01-22,W04,2025-01-25,feature_use,65.0,basic
C02312,2025-02-26,W09,2025-03-01,page_view,556.7,pro
C02313,2025-01-15,W03,2025-01-18,page_view,847.3,free
C02313,2025-01-15,W03,2025-01-16,page_view,400.8,pro
C02313,2025-01-15,W03,2025-02-04,feature_use,260.8,free
C02313,2025-01-15,W03,2025-02-03,page_view,63.4,free
C02313,2025-01-15,W03,2025-01-30,feature_use,1183.9,free
C02313,2025-01-15,W03,2025-02-02,feature_use,1270.7,basic
C02313,2025-01-15,W03,2025-02-12,page_view,156.6,free
C02313,2025-01-15,W03,2025-02-16,settings_change,179.7,pro
C02313,2025-01-15,W03,2025-02-16,page_view,32.6,basic
C02313,2025-01-15,W03,2025-02-14,page_view,79.8,pro
C02313,2025-01-15,W03,2025-04-02,settings_change,364.7,free
C02314,2025-01-29,W05,2025-02-02,page_view,259.6,free
C02314,2025-01-29,W05,2025-02-06,search,272.3,basic
C02314,2025-01-29,W05,2025-02-10,feature_use,43.8,basic
C02314,2025-01-29,W05,2025-02-18,page_view,90.4,free
C02314,2025-01-29,W05,2025-03-06,page_view,38.1,pro
C02314,2025-01-29,W05,2025-03-07,feature_use,147.4,free
C02314,2025-01-29,W05,2025-04-15,page_view,10.2,basic
C02315,2025-01-15,W03,2025-01-18,page_view,43.3,free
C02316,2025-02-19,W08,2025-02-24,settings_change,854.5,free
C02316,2025-02-19,W08,2025-02-19,page_view,287.0,pro
C02316,2025-02-19,W08,2025-03-11,page_view,144.5,basic
C02316,2025-02-19,W08,2025-03-24,page_view,88.1,free
C02317,2025-03-05,W10,2025-03-07,feature_use,140.1,basic
C02317,2025-03-05,W10,2025-04-18,page_view,239.9,pro
C02317,2025-03-05,W10,2025-05-06,settings_change,249.3,pro
C02317,2025-03-05,W10,2025-05-02,page_view,121.9,free
C02317,2025-03-05,W10,2025-05-17,page_view,59.2,free
C02317,2025-03-05,W10,2025-05-14,feature_use,124.4,pro
C02317,2025-03-05,W10,2025-05-19,page_view,388.6,free
C02318,2025-01-29,W05,2025-01-30,feature_use,32.0,free
C02318,2025-01-29,W05,2025-02-17,search,104.8,free
C02319,2025-03-05,W10,2025-03-07,feature_use,144.3,free
C02319,2025-03-05,W10,2025-04-08,feature_use,166.4,pro
C02319,2025-03-05,W10,2025-04-04,search,106.4,basic
C02319,2025-03-05,W10,2025-04-07,page_view,450.7,basic
C02319,2025-03-05,W10,2025-05-16,page_view,159.1,free
C02320,2025-02-05,W06,2025-02-09,feature_use,185.2,basic
C02320,2025-02-05,W06,2025-04-01,feature_use,583.4,free
C02321,2025-02-05,W06,2025-02-11,page_view,124.7,free
C02321,2025-02-05,W06,2025-02-11,feature_use,627.8,free
C02321,2025-02-05,W06,2025-02-28,page_view,310.5,free
C02321,2025-02-05,W06,2025-03-01,page_view,367.0,free
C02321,2025-02-05,W06,2025-03-18,page_view,144.7,free
C02321,2025-02-05,W06,2025-04-15,feature_use,76.6,basic
C02321,2025-02-05,W06,2025-04-11,feature_use,278.2,basic
C02321,2025-02-05,W06,2025-04-09,feature_use,65.4,free
C02321,2025-02-05,W06,2025-04-23,page_view,77.1,basic
C02322,2025-01-22,W04,2025-01-22,page_view,105.2,free
C02322,2025-01-22,W04,2025-01-23,page_view,273.2,pro
C02323,2025-03-05,W10,2025-03-10,page_view,699.4,basic
C02323,2025-03-05,W10,2025-03-07,page_view,33.3,free
C02323,2025-03-05,W10,2025-03-11,search,293.2,pro
C02323,2025-03-05,W10,2025-03-06,page_view,18.3,free
C02323,2025-03-05,W10,2025-03-22,feature_use,158.2,free
C02323,2025-03-05,W10,2025-04-13,search,185.9,free
C02323,2025-03-05,W10,2025-04-09,page_view,31.3,free
C02323,2025-03-05,W10,2025-04-09,feature_use,28.4,pro
C02323,2025-03-05,W10,2025-05-14,search,77.4,free
C02323,2025-03-05,W10,2025-05-17,feature_use,178.0,basic
C02324,2025-03-12,W11,2025-03-16,page_view,424.5,pro
C02325,2025-01-22,W04,2025-01-26,page_view,885.5,basic
C02325,2025-01-22,W04,2025-04-04,feature_use,116.7,basic
C02326,2025-03-05,W10,2025-03-06,feature_use,776.0,free
C02326,2025-03-05,W10,2025-04-15,search,203.3,pro
C02327,2025-01-01,W01,2025-01-02,page_view,183.8,free
C02327,2025-01-01,W01,2025-01-25,settings_change,316.7,free
C02328,2025-02-05,W06,2025-02-06,feature_use,259.0,free
C02328,2025-02-05,W06,2025-03-08,feature_use,197.2,free
C02328,2025-02-05,W06,2025-03-09,feature_use,35.1,free
C02328,2025-02-05,W06,2025-03-08,feature_use,230.4,free
C02328,2025-02-05,W06,2025-03-17,search,115.9,basic
C02328,2025-02-05,W06,2025-03-16,page_view,19.8,basic
C02328,2025-02-05,W06,2025-03-15,page_view,154.4,free
C02329,2025-01-22,W04,2025-01-25,settings_change,73.2,free
C02329,2025-01-22,W04,2025-01-26,search,221.5,basic
C02329,2025-01-22,W04,2025-02-04,feature_use,39.7,basic
C02329,2025-01-22,W04,2025-02-01,page_view,202.9,basic
C02329,2025-01-22,W04,2025-04-09,feature_use,148.7,free
C02329,2025-01-22,W04,2025-04-13,page_view,497.7,free
C02330,2025-02-05,W06,2025-02-08,page_view,100.4,basic
C02331,2025-02-19,W08,2025-02-22,feature_use,1889.6,free
C02331,2025-02-19,W08,2025-03-25,settings_change,64.4,free
C02331,2025-02-19,W08,2025-03-21,page_view,76.3,free
C02331,2025-02-19,W08,2025-05-03,page_view,286.9,pro
C02332,2025-02-26,W09,2025-02-27,feature_use,44.1,free
C02333,2025-02-26,W09,2025-03-02,search,1126.4,basic
C02334,2025-01-01,W01,2025-01-05,feature_use,18.6,free
C02334,2025-01-01,W01,2025-01-28,feature_use,118.8,free
C02334,2025-01-01,W01,2025-02-16,page_view,110.8,basic
C02334,2025-01-01,W01,2025-03-19,search,55.5,free
C02334,2025-01-01,W01,2025-03-19,feature_use,135.5,pro
C02334,2025-01-01,W01,2025-03-23,page_view,445.7,pro
C02334,2025-01-01,W01,2025-03-22,page_view,152.0,pro
C02335,2025-01-29,W05,2025-02-01,page_view,425.1,free
C02335,2025-01-29,W05,2025-02-16,feature_use,168.0,basic
C02336,2025-03-19,W12,2025-03-23,feature_use,41.5,free
C02336,2025-03-19,W12,2025-03-30,page_view,221.9,basic
C02336,2025-03-19,W12,2025-04-07,search,156.1,free
C02337,2025-02-12,W07,2025-02-18,settings_change,98.7,basic
C02337,2025-02-12,W07,2025-04-17,feature_use,97.6,basic
C02338,2025-01-01,W01,2025-01-06,search,137.7,free
C02338,2025-01-01,W01,2025-01-06,feature_use,235.7,free
C02338,2025-01-01,W01,2025-01-11,page_view,573.9,pro
C02338,2025-01-01,W01,2025-01-13,feature_use,181.5,basic
C02338,2025-01-01,W01,2025-01-14,page_view,441.9,basic
C02338,2025-01-01,W01,2025-01-28,search,28.4,free
C02338,2025-01-01,W01,2025-01-24,page_view,89.4,pro
C02339,2025-02-05,W06,2025-02-05,search,53.0,free
C02340,2025-01-01,W01,2025-01-04,feature_use,81.9,free
C02341,2025-02-05,W06,2025-02-06,feature_use,14.5,free
C02342,2025-02-12,W07,2025-02-17,feature_use,37.4,basic
C02343,2025-01-29,W05,2025-02-03,page_view,230.1,basic
C02344,2025-01-08,W02,2025-01-10,page_view,73.4,free
C02344,2025-01-08,W02,2025-02-24,feature_use,93.7,free
C02344,2025-01-08,W02,2025-02-20,page_view,2180.8,free
C02344,2025-01-08,W02,2025-02-24,feature_use,213.9,free
C02344,2025-01-08,W02,2025-03-11,search,230.4,basic
C02345,2025-01-08,W02,2025-01-09,page_view,346.2,basic
C02345,2025-01-08,W02,2025-01-13,feature_use,232.4,free
C02345,2025-01-08,W02,2025-01-28,settings_change,131.6,pro
C02345,2025-01-08,W02,2025-01-22,page_view,355.5,free
C02345,2025-01-08,W02,2025-03-14,settings_change,25.3,basic
C02346,2025-02-05,W06,2025-02-11,search,127.8,pro
C02346,2025-02-05,W06,2025-02-15,page_view,118.5,free
C02346,2025-02-05,W06,2025-03-21,page_view,154.5,free
C02347,2025-03-19,W12,2025-03-20,page_view,156.7,pro
C02347,2025-03-19,W12,2025-05-25,feature_use,170.9,basic
C02347,2025-03-19,W12,2025-05-27,feature_use,316.9,free
C02348,2025-02-05,W06,2025-02-06,page_view,131.9,basic
C02348,2025-02-05,W06,2025-04-14,page_view,137.3,free
C02349,2025-01-01,W01,2025-01-06,search,76.9,free
C02349,2025-01-01,W01,2025-01-11,feature_use,170.1,free
C02349,2025-01-01,W01,2025-01-17,page_view,172.9,pro
C02349,2025-01-01,W01,2025-01-21,search,199.1,basic
C02349,2025-01-01,W01,2025-01-20,search,262.2,basic
C02349,2025-01-01,W01,2025-01-28,feature_use,218.3,free
C02349,2025-01-01,W01,2025-01-22,page_view,76.2,free
C02349,2025-01-01,W01,2025-01-26,page_view,46.1,free
C02349,2025-01-01,W01,2025-02-14,page_view,21.2,free
C02350,2025-03-12,W11,2025-03-18,page_view,362.2,basic
C02350,2025-03-12,W11,2025-03-14,feature_use,82.4,basic
C02350,2025-03-12,W11,2025-03-23,feature_use,156.5,basic
C02350,2025-03-12,W11,2025-03-19,page_view,106.1,pro
C02350,2025-03-12,W11,2025-03-21,feature_use,198.4,free
C02350,2025-03-12,W11,2025-04-01,feature_use,461.3,free
C02350,2025-03-12,W11,2025-03-30,page_view,475.5,basic
C02350,2025-03-12,W11,2025-03-31,settings_change,957.1,free
C02350,2025-03-12,W11,2025-04-04,page_view,134.5,free
C02350,2025-03-12,W11,2025-04-02,page_view,131.8,basic
C02350,2025-03-12,W11,2025-04-07,search,403.0,basic
C02350,2025-03-12,W11,2025-04-20,search,121.1,free
C02350,2025-03-12,W11,2025-04-19,feature_use,240.7,pro
C02350,2025-03-12,W11,2025-04-21,feature_use,116.0,pro
C02350,2025-03-12,W11,2025-04-20,page_view,256.1,free
C02350,2025-03-12,W11,2025-04-21,search,327.4,pro
C02350,2025-03-12,W11,2025-04-16,feature_use,153.7,basic
C02350,2025-03-12,W11,2025-04-22,page_view,39.7,free
C02350,2025-03-12,W11,2025-04-21,search,49.3,pro
C02351,2025-03-05,W10,2025-03-09,page_view,43.5,free
C02351,2025-03-05,W10,2025-03-19,search,666.3,basic
C02351,2025-03-05,W10,2025-03-20,page_view,44.7,free
C02351,2025-03-05,W10,2025-04-17,feature_use,148.3,free
C02351,2025-03-05,W10,2025-04-22,page_view,48.8,free
C02351,2025-03-05,W10,2025-04-18,feature_use,74.2,free
C02352,2025-02-26,W09,2025-02-28,page_view,127.7,free
C02352,2025-02-26,W09,2025-02-27,page_view,56.6,free
C02353,2025-02-12,W07,2025-02-14,settings_change,161.0,free
C02354,2025-03-19,W12,2025-03-25,search,87.2,basic
C02354,2025-03-19,W12,2025-03-19,page_view,217.1,free
C02354,2025-03-19,W12,2025-04-03,page_view,79.3,basic
C02354,2025-03-19,W12,2025-04-03,search,1051.8,pro
C02354,2025-03-19,W12,2025-04-05,feature_use,57.3,free
C02355,2025-02-19,W08,2025-02-21,feature_use,35.5,free
C02355,2025-02-19,W08,2025-02-21,page_view,267.9,free
C02355,2025-02-19,W08,2025-03-24,page_view,238.4,free
C02355,2025-02-19,W08,2025-03-21,page_view,260.5,free
C02355,2025-02-19,W08,2025-03-31,search,196.2,free
C02355,2025-02-19,W08,2025-04-01,page_view,70.7,basic
C02355,2025-02-19,W08,2025-03-30,settings_change,61.5,free
C02356,2025-03-12,W11,2025-03-15,page_view,109.0,basic
C02357,2025-03-05,W10,2025-03-09,feature_use,385.1,pro
C02358,2025-01-08,W02,2025-01-09,search,69.7,pro
C02358,2025-01-08,W02,2025-02-02,page_view,36.6,basic
C02359,2025-02-05,W06,2025-02-06,page_view,294.8,free
C02360,2025-02-26,W09,2025-03-04,search,186.0,free
C02360,2025-02-26,W09,2025-03-02,feature_use,101.2,free
C02360,2025-02-26,W09,2025-02-26,settings_change,28.3,free
C02360,2025-02-26,W09,2025-03-18,feature_use,380.5,free
C02360,2025-02-26,W09,2025-03-16,page_view,642.8,free
C02361,2025-01-01,W01,2025-01-04,page_view,76.9,free
C02361,2025-01-01,W01,2025-01-07,page_view,142.0,basic
C02361,2025-01-01,W01,2025-01-02,page_view,367.1,pro
C02362,2025-03-12,W11,2025-03-15,page_view,327.7,free
C02362,2025-03-12,W11,2025-03-15,page_view,307.6,free
C02362,2025-03-12,W11,2025-03-24,search,480.3,basic
C02362,2025-03-12,W11,2025-03-26,feature_use,221.1,free
C02362,2025-03-12,W11,2025-04-29,settings_change,883.0,basic
C02362,2025-03-12,W11,2025-04-24,feature_use,1771.6,free
C02362,2025-03-12,W11,2025-04-24,page_view,239.9,free
C02363,2025-01-29,W05,2025-02-01,feature_use,21.2,free
C02363,2025-01-29,W05,2025-02-01,feature_use,99.3,free
C02363,2025-01-29,W05,2025-02-01,page_view,220.7,free
C02363,2025-01-29,W05,2025-02-09,page_view,151.5,basic
C02363,2025-01-29,W05,2025-02-16,page_view,87.3,free
C02363,2025-01-29,W05,2025-02-13,search,598.7,pro
C02364,2025-02-19,W08,2025-02-19,search,95.5,free
C02364,2025-02-19,W08,2025-03-11,page_view,97.7,free
C02365,2025-01-22,W04,2025-01-23,feature_use,188.7,free
C02365,2025-01-22,W04,2025-01-23,feature_use,257.4,free
C02365,2025-01-22,W04,2025-01-30,page_view,337.2,pro
C02365,2025-01-22,W04,2025-02-08,page_view,211.8,free
C02365,2025-01-22,W04,2025-02-07,search,117.8,pro
C02365,2025-01-22,W04,2025-02-07,page_view,49.0,free
C02365,2025-01-22,W04,2025-02-05,page_view,181.1,free
C02365,2025-01-22,W04,2025-03-20,page_view,203.8,pro
C02366,2025-01-01,W01,2025-01-07,search,479.0,basic
C02366,2025-01-01,W01,2025-01-20,settings_change,331.1,pro
C02367,2025-02-12,W07,2025-02-17,page_view,67.1,free
C02367,2025-02-12,W07,2025-02-19,page_view,32.2,basic
C02367,2025-02-12,W07,2025-04-03,page_view,53.8,free
C02368,2025-01-01,W01,2025-01-01,page_view,175.5,free
C02369,2025-02-12,W07,2025-02-17,feature_use,208.8,pro
C02369,2025-02-12,W07,2025-02-18,page_view,568.4,pro
C02369,2025-02-12,W07,2025-02-15,page_view,1134.8,basic
C02369,2025-02-12,W07,2025-02-14,page_view,54.5,pro
C02369,2025-02-12,W07,2025-03-12,search,813.7,free
C02369,2025-02-12,W07,2025-03-16,search,211.1,basic
C02369,2025-02-12,W07,2025-03-15,feature_use,161.5,free
C02369,2025-02-12,W07,2025-03-18,search,363.3,basic
C02370,2025-03-05,W10,2025-03-10,search,259.7,free
C02370,2025-03-05,W10,2025-03-23,page_view,272.3,free
C02370,2025-03-05,W10,2025-04-07,search,53.1,free
C02370,2025-03-05,W10,2025-04-03,page_view,44.7,pro
C02370,2025-03-05,W10,2025-04-02,page_view,100.8,free
C02370,2025-03-05,W10,2025-04-22,page_view,28.7,free
C02370,2025-03-05,W10,2025-04-19,feature_use,581.0,free
C02370,2025-03-05,W10,2025-04-18,page_view,549.7,free
C02370,2025-03-05,W10,2025-04-29,search,79.7,basic
C02370,2025-03-05,W10,2025-04-26,page_view,111.2,pro
C02371,2025-03-12,W11,2025-03-12,search,207.1,free
C02371,2025-03-12,W11,2025-03-30,page_view,354.5,free
C02372,2025-02-12,W07,2025-02-12,search,84.5,free
C02372,2025-02-12,W07,2025-02-16,settings_change,80.0,free
C02372,2025-02-12,W07,2025-02-13,search,43.5,basic
C02372,2025-02-12,W07,2025-03-02,page_view,852.3,pro
C02372,2025-02-12,W07,2025-03-21,feature_use,823.0,free
C02372,2025-02-12,W07,2025-03-25,page_view,365.2,basic
C02373,2025-02-12,W07,2025-02-17,page_view,841.6,free
C02374,2025-01-29,W05,2025-01-31,page_view,11.3,free
C02374,2025-01-29,W05,2025-02-02,page_view,477.2,free
C02375,2025-01-22,W04,2025-01-24,search,320.0,free
C02375,2025-01-22,W04,2025-01-28,feature_use,285.3,basic
C02375,2025-01-22,W04,2025-01-27,page_view,251.7,free
C02375,2025-01-22,W04,2025-02-03,page_view,45.6,free
C02375,2025-01-22,W04,2025-02-09,feature_use,193.6,free
C02375,2025-01-22,W04,2025-02-10,page_view,326.4,free
C02375,2025-01-22,W04,2025-02-08,feature_use,1371.0,free
C02376,2025-01-22,W04,2025-01-27,page_view,76.2,free
C02376,2025-01-22,W04,2025-01-28,search,151.8,basic
C02376,2025-01-22,W04,2025-01-28,page_view,570.9,pro
C02376,2025-01-22,W04,2025-01-22,page_view,931.7,pro
C02376,2025-01-22,W04,2025-01-25,feature_use,530.0,pro
C02376,2025-01-22,W04,2025-02-04,search,88.0,basic
C02376,2025-01-22,W04,2025-01-29,feature_use,80.9,basic
C02376,2025-01-22,W04,2025-02-06,feature_use,2205.8,free
C02376,2025-01-22,W04,2025-02-14,page_view,17.0,free
C02376,2025-01-22,W04,2025-02-14,page_view,78.4,pro
C02376,2025-01-22,W04,2025-02-17,search,44.6,free
C02376,2025-01-22,W04,2025-02-25,search,47.4,free
C02376,2025-01-22,W04,2025-02-20,page_view,250.9,basic
C02376,2025-01-22,W04,2025-03-02,page_view,92.1,free
C02376,2025-01-22,W04,2025-03-11,page_view,190.2,basic
C02376,2025-01-22,W04,2025-03-06,page_view,81.2,pro
C02376,2025-01-22,W04,2025-03-08,page_view,139.6,free
C02376,2025-01-22,W04,2025-03-07,page_view,251.6,free
C02377,2025-01-01,W01,2025-01-03,page_view,152.0,basic
C02377,2025-01-01,W01,2025-01-10,page_view,211.0,pro
C02378,2025-03-12,W11,2025-03-18,page_view,50.3,basic
C02378,2025-03-12,W11,2025-05-12,page_view,2040.9,free
C02379,2025-01-08,W02,2025-01-11,page_view,225.5,free
C02380,2025-03-19,W12,2025-03-21,feature_use,103.5,free
C02380,2025-03-19,W12,2025-03-19,search,221.0,basic
C02381,2025-02-12,W07,2025-02-13,page_view,184.9,free
C02382,2025-02-19,W08,2025-02-23,page_view,191.2,free
C02382,2025-02-19,W08,2025-04-04,page_view,136.7,pro
C02382,2025-02-19,W08,2025-04-02,page_view,701.6,pro
C02382,2025-02-19,W08,2025-04-15,feature_use,565.6,pro
C02382,2025-02-19,W08,2025-04-09,page_view,133.2,free
C02382,2025-02-19,W08,2025-04-12,feature_use,123.6,pro
C02383,2025-02-19,W08,2025-02-22,page_view,209.2,basic
C02384,2025-02-26,W09,2025-02-27,page_view,630.4,free
C02384,2025-02-26,W09,2025-03-03,feature_use,148.9,free
C02385,2025-02-12,W07,2025-02-17,page_view,122.1,free
C02385,2025-02-12,W07,2025-02-16,feature_use,35.1,free
C02386,2025-01-01,W01,2025-01-04,search,364.1,free
C02387,2025-02-19,W08,2025-02-25,page_view,151.3,free
C02387,2025-02-19,W08,2025-02-27,page_view,329.5,basic
C02387,2025-02-19,W08,2025-02-26,search,124.7,basic
C02387,2025-02-19,W08,2025-04-05,page_view,21.9,free
C02388,2025-02-12,W07,2025-02-14,page_view,159.4,pro
C02389,2025-01-08,W02,2025-01-09,feature_use,413.3,free
C02389,2025-01-08,W02,2025-01-22,feature_use,188.2,basic
C02389,2025-01-08,W02,2025-01-24,page_view,93.4,basic
C02390,2025-02-05,W06,2025-02-10,feature_use,308.1,basic
C02390,2025-02-05,W06,2025-03-10,page_view,67.4,basic
C02391,2025-01-15,W03,2025-01-17,feature_use,269.3,free
C02391,2025-01-15,W03,2025-01-21,page_view,136.1,free
C02391,2025-01-15,W03,2025-01-20,search,464.8,basic
C02391,2025-01-15,W03,2025-02-12,search,88.3,free
C02391,2025-01-15,W03,2025-03-05,feature_use,93.7,free
C02391,2025-01-15,W03,2025-03-11,feature_use,120.2,basic
C02391,2025-01-15,W03,2025-03-09,search,301.6,pro
C02391,2025-01-15,W03,2025-03-05,search,88.0,basic
C02391,2025-01-15,W03,2025-04-02,page_view,240.6,basic
C02391,2025-01-15,W03,2025-04-05,feature_use,120.1,pro
C02392,2025-01-29,W05,2025-02-04,page_view,36.4,free
C02393,2025-02-05,W06,2025-02-06,search,269.0,pro
C02393,2025-02-05,W06,2025-03-12,search,93.3,pro
C02393,2025-02-05,W06,2025-04-18,page_view,41.9,free
C02394,2025-02-05,W06,2025-02-07,page_view,159.7,free
C02395,2025-02-19,W08,2025-02-25,page_view,290.1,pro
C02395,2025-02-19,W08,2025-02-25,page_view,215.2,pro
C02395,2025-02-19,W08,2025-02-27,page_view,193.8,free
C02395,2025-02-19,W08,2025-04-04,page_view,22.1,free
C02396,2025-02-19,W08,2025-02-20,page_view,64.1,free
C02396,2025-02-19,W08,2025-03-02,search,27.0,pro
C02396,2025-02-19,W08,2025-03-12,page_view,204.8,free
C02396,2025-02-19,W08,2025-04-01,page_view,215.1,pro
C02396,2025-02-19,W08,2025-04-05,feature_use,130.5,basic
C02396,2025-02-19,W08,2025-04-29,feature_use,144.3,free
C02396,2025-02-19,W08,2025-04-24,feature_use,49.2,basic
C02397,2025-02-26,W09,2025-02-26,page_view,299.5,basic
C02397,2025-02-26,W09,2025-03-06,settings_change,94.2,basic
C02397,2025-02-26,W09,2025-03-05,search,290.5,pro
C02397,2025-02-26,W09,2025-03-08,feature_use,184.0,pro
C02397,2025-02-26,W09,2025-03-05,feature_use,221.1,free
C02398,2025-01-01,W01,2025-01-03,page_view,68.3,free
C02398,2025-01-01,W01,2025-01-05,feature_use,76.7,free
C02398,2025-01-01,W01,2025-01-13,page_view,43.1,free
C02398,2025-01-01,W01,2025-02-03,page_view,166.0,free
C02398,2025-01-01,W01,2025-02-08,page_view,76.1,pro
C02398,2025-01-01,W01,2025-02-24,search,66.8,free
C02398,2025-01-01,W01,2025-02-22,feature_use,179.7,free
C02398,2025-01-01,W01,2025-02-20,page_view,685.7,free
C02398,2025-01-01,W01,2025-02-19,page_view,78.5,basic
C02399,2025-01-22,W04,2025-01-28,feature_use,132.3,free
C02399,2025-01-22,W04,2025-01-26,page_view,205.0,free
C02399,2025-01-22,W04,2025-04-05,page_view,136.3,pro
C02399,2025-01-22,W04,2025-04-02,feature_use,903.0,basic
C02399,2025-01-22,W04,2025-04-07,page_view,62.1,pro
C02400,2025-03-05,W10,2025-03-08,page_view,1106.2,basic
C02400,2025-03-05,W10,2025-04-02,settings_change,130.0,basic
C02401,2025-01-01,W01,2025-01-02,page_view,287.8,pro
C02401,2025-01-01,W01,2025-01-01,feature_use,55.9,pro
C02402,2025-02-05,W06,2025-02-06,page_view,83.9,free
C02402,2025-02-05,W06,2025-04-05,page_view,50.4,free
C02403,2025-01-15,W03,2025-01-17,settings_change,371.4,pro
C02403,2025-01-15,W03,2025-02-04,page_view,145.3,free
C02403,2025-01-15,W03,2025-02-18,page_view,406.5,free
C02403,2025-01-15,W03,2025-02-21,feature_use,172.7,pro
C02403,2025-01-15,W03,2025-02-25,feature_use,20.0,pro
C02403,2025-01-15,W03,2025-02-22,search,367.0,pro
C02403,2025-01-15,W03,2025-02-21,page_view,264.9,basic
C02403,2025-01-15,W03,2025-02-19,page_view,672.7,pro
C02403,2025-01-15,W03,2025-02-24,feature_use,586.7,pro
C02403,2025-01-15,W03,2025-02-22,page_view,105.8,pro
C02403,2025-01-15,W03,2025-03-16,page_view,210.5,free
C02403,2025-01-15,W03,2025-03-15,search,534.9,basic
C02403,2025-01-15,W03,2025-03-13,page_view,46.3,free
C02403,2025-01-15,W03,2025-03-29,page_view,115.5,pro
C02403,2025-01-15,W03,2025-03-29,page_view,239.9,basic
C02404,2025-01-29,W05,2025-02-01,page_view,103.1,free
C02404,2025-01-29,W05,2025-02-06,feature_use,134.1,basic
C02404,2025-01-29,W05,2025-02-05,search,391.1,pro
C02404,2025-01-29,W05,2025-02-06,feature_use,184.1,pro
C02404,2025-01-29,W05,2025-02-10,feature_use,45.3,free
C02404,2025-01-29,W05,2025-02-09,settings_change,281.1,free
C02404,2025-01-29,W05,2025-03-04,page_view,112.5,basic
C02404,2025-01-29,W05,2025-03-02,page_view,252.2,basic
C02405,2025-03-12,W11,2025-03-16,page_view,214.1,free
C02406,2025-03-12,W11,2025-03-12,page_view,165.0,free
C02406,2025-03-12,W11,2025-03-25,page_view,94.1,basic
C02406,2025-03-12,W11,2025-03-24,search,34.6,basic
C02406,2025-03-12,W11,2025-04-06,page_view,182.1,basic
C02406,2025-03-12,W11,2025-05-16,feature_use,178.7,basic
C02406,2025-03-12,W11,2025-05-20,feature_use,95.4,free
C02406,2025-03-12,W11,2025-05-14,page_view,128.2,free
C02407,2025-03-05,W10,2025-03-06,page_view,477.2,free
C02407,2025-03-05,W10,2025-03-14,page_view,88.0,free
C02407,2025-03-05,W10,2025-03-17,feature_use,822.5,free
C02407,2025-03-05,W10,2025-03-14,page_view,176.5,pro
C02407,2025-03-05,W10,2025-03-25,settings_change,30.2,free
C02408,2025-02-26,W09,2025-02-26,page_view,78.6,pro
C02408,2025-02-26,W09,2025-03-01,feature_use,13.9,free
C02408,2025-02-26,W09,2025-03-11,feature_use,36.3,basic
C02409,2025-01-15,W03,2025-01-21,feature_use,190.3,free
C02409,2025-01-15,W03,2025-03-27,page_view,115.2,free
C02409,2025-01-15,W03,2025-04-07,feature_use,109.9,basic
C02409,2025-01-15,W03,2025-04-05,page_view,152.3,free
C02410,2025-01-08,W02,2025-01-08,feature_use,244.8,basic
C02410,2025-01-08,W02,2025-01-10,feature_use,161.1,pro
C02410,2025-01-08,W02,2025-01-18,search,627.6,free
C02410,2025-01-08,W02,2025-01-18,search,585.8,free
C02410,2025-01-08,W02,2025-01-27,feature_use,15.5,basic
C02411,2025-02-19,W08,2025-02-22,settings_change,110.2,basic
C02411,2025-02-19,W08,2025-02-19,search,178.7,pro
C02411,2025-02-19,W08,2025-02-24,page_view,35.2,basic
C02412,2025-02-12,W07,2025-02-12,feature_use,133.0,basic
C02413,2025-01-01,W01,2025-01-05,page_view,137.7,free
C02413,2025-01-01,W01,2025-01-06,page_view,354.0,free
C02414,2025-02-26,W09,2025-03-02,feature_use,227.0,basic
C02415,2025-03-05,W10,2025-03-10,feature_use,21.6,basic
C02415,2025-03-05,W10,2025-03-05,feature_use,68.4,pro
C02415,2025-03-05,W10,2025-03-18,page_view,215.0,free
C02415,2025-03-05,W10,2025-03-18,search,573.2,pro
C02415,2025-03-05,W10,2025-03-25,search,66.2,free
C02415,2025-03-05,W10,2025-03-23,feature_use,62.3,free
C02415,2025-03-05,W10,2025-04-14,feature_use,487.8,basic
C02415,2025-03-05,W10,2025-04-09,feature_use,58.3,free
C02415,2025-03-05,W10,2025-04-12,page_view,189.2,pro
C02415,2025-03-05,W10,2025-04-28,feature_use,213.7,basic
C02416,2025-03-05,W10,2025-03-07,search,496.4,free
C02416,2025-03-05,W10,2025-03-10,feature_use,219.6,basic
C02416,2025-03-05,W10,2025-03-11,page_view,178.2,basic
C02416,2025-03-05,W10,2025-03-09,feature_use,243.8,free
C02416,2025-03-05,W10,2025-03-08,page_view,71.0,basic
C02416,2025-03-05,W10,2025-03-30,page_view,307.7,pro
C02416,2025-03-05,W10,2025-03-26,settings_change,183.0,pro
C02416,2025-03-05,W10,2025-03-30,page_view,72.1,free
C02416,2025-03-05,W10,2025-03-30,search,85.7,basic
C02416,2025-03-05,W10,2025-03-30,feature_use,80.2,basic
C02416,2025-03-05,W10,2025-04-02,page_view,68.1,free
C02416,2025-03-05,W10,2025-04-02,feature_use,1255.5,pro
C02416,2025-03-05,W10,2025-04-07,page_view,713.4,free
C02416,2025-03-05,W10,2025-04-10,settings_change,160.2,free
C02416,2025-03-05,W10,2025-04-14,page_view,105.8,basic
C02416,2025-03-05,W10,2025-04-09,search,267.4,basic
C02416,2025-03-05,W10,2025-04-23,feature_use,420.0,free
C02416,2025-03-05,W10,2025-04-24,feature_use,31.0,free
C02416,2025-03-05,W10,2025-04-28,page_view,63.9,free
C02416,2025-03-05,W10,2025-04-24,search,169.0,pro
C02416,2025-03-05,W10,2025-05-22,page_view,458.6,pro
C02416,2025-03-05,W10,2025-05-24,page_view,136.0,basic
C02416,2025-03-05,W10,2025-05-25,feature_use,479.1,pro
C02416,2025-03-05,W10,2025-05-24,page_view,170.6,free
C02417,2025-01-22,W04,2025-01-26,page_view,38.1,free
C02417,2025-01-22,W04,2025-01-25,feature_use,773.8,pro
C02417,2025-01-22,W04,2025-02-04,search,819.8,free
C02417,2025-01-22,W04,2025-01-30,feature_use,358.2,free
C02417,2025-01-22,W04,2025-01-30,feature_use,219.0,free
C02417,2025-01-22,W04,2025-01-31,page_view,264.6,pro
C02417,2025-01-22,W04,2025-02-02,page_view,241.8,basic
C02417,2025-01-22,W04,2025-02-14,page_view,160.2,free
C02417,2025-01-22,W04,2025-02-16,feature_use,115.5,free
C02418,2025-02-05,W06,2025-02-10,feature_use,60.8,pro
C02418,2025-02-05,W06,2025-03-08,page_view,92.3,free
C02418,2025-02-05,W06,2025-03-23,search,198.9,pro
C02418,2025-02-05,W06,2025-03-22,feature_use,241.9,free
C02418,2025-02-05,W06,2025-03-25,page_view,482.8,basic
C02419,2025-03-19,W12,2025-03-22,page_view,160.9,free
C02419,2025-03-19,W12,2025-06-01,feature_use,624.1,basic
C02420,2025-02-12,W07,2025-02-16,feature_use,132.0,basic
C02420,2025-02-12,W07,2025-02-25,page_view,87.6,basic
C02420,2025-02-12,W07,2025-04-23,search,1059.4,basic
C02421,2025-02-19,W08,2025-02-21,search,113.4,free
C02421,2025-02-19,W08,2025-02-26,feature_use,58.1,free
C02421,2025-02-19,W08,2025-03-02,feature_use,231.0,free
C02421,2025-02-19,W08,2025-03-13,search,152.9,free
C02421,2025-02-19,W08,2025-03-13,feature_use,134.9,pro
C02421,2025-02-19,W08,2025-03-15,page_view,101.9,basic
C02422,2025-01-22,W04,2025-01-26,page_view,64.4,free
C02422,2025-01-22,W04,2025-02-04,page_view,298.9,free
C02422,2025-01-22,W04,2025-02-12,page_view,78.8,free
C02422,2025-01-22,W04,2025-03-30,page_view,61.8,basic
C02423,2025-02-26,W09,2025-03-03,search,310.0,pro
C02423,2025-02-26,W09,2025-02-28,search,206.6,basic
C02423,2025-02-26,W09,2025-02-26,feature_use,99.2,free
C02423,2025-02-26,W09,2025-03-01,page_view,287.0,free
C02423,2025-02-26,W09,2025-03-07,page_view,388.8,pro
C02423,2025-02-26,W09,2025-03-18,feature_use,64.6,free
C02423,2025-02-26,W09,2025-03-15,feature_use,168.9,basic
C02423,2025-02-26,W09,2025-03-17,search,110.6,free
C02423,2025-02-26,W09,2025-03-17,feature_use,227.4,basic
C02423,2025-02-26,W09,2025-03-12,feature_use,461.2,free
C02423,2025-02-26,W09,2025-03-24,page_view,450.2,pro
C02423,2025-02-26,W09,2025-03-24,page_view,888.6,basic
C02423,2025-02-26,W09,2025-03-26,feature_use,208.1,free
C02423,2025-02-26,W09,2025-03-29,page_view,373.6,free
C02423,2025-02-26,W09,2025-04-03,feature_use,237.9,basic
C02423,2025-02-26,W09,2025-04-02,feature_use,201.2,pro
C02424,2025-03-19,W12,2025-03-19,page_view,135.6,free
C02424,2025-03-19,W12,2025-04-05,feature_use,745.3,basic
C02424,2025-03-19,W12,2025-04-03,page_view,145.2,basic
C02424,2025-03-19,W12,2025-04-02,page_view,295.2,free
C02424,2025-03-19,W12,2025-04-12,feature_use,55.8,basic
C02424,2025-03-19,W12,2025-04-15,page_view,741.0,free
C02424,2025-03-19,W12,2025-04-13,search,392.8,free
C02424,2025-03-19,W12,2025-04-15,feature_use,32.7,free
C02424,2025-03-19,W12,2025-04-28,page_view,427.3,basic
C02424,2025-03-19,W12,2025-04-25,feature_use,88.0,free
C02424,2025-03-19,W12,2025-04-23,search,555.8,pro
C02424,2025-03-19,W12,2025-04-29,page_view,121.9,free
C02424,2025-03-19,W12,2025-04-27,search,106.8,free
C02424,2025-03-19,W12,2025-05-11,search,297.6,free
C02425,2025-03-05,W10,2025-03-07,search,167.1,free
C02425,2025-03-05,W10,2025-05-07,page_view,120.8,pro
C02426,2025-01-01,W01,2025-01-02,feature_use,155.1,basic
C02426,2025-01-01,W01,2025-02-24,page_view,70.1,free
C02426,2025-01-01,W01,2025-02-23,search,21.8,free
C02426,2025-01-01,W01,2025-02-25,page_view,75.8,pro
C02427,2025-02-19,W08,2025-02-21,search,54.9,pro
C02428,2025-02-26,W09,2025-02-27,feature_use,189.9,free
C02428,2025-02-26,W09,2025-03-01,feature_use,519.2,basic
C02428,2025-02-26,W09,2025-02-27,page_view,38.3,basic
C02428,2025-02-26,W09,2025-03-23,page_view,98.3,free
C02428,2025-02-26,W09,2025-03-23,feature_use,144.7,basic
C02429,2025-01-22,W04,2025-01-26,page_view,215.9,free
C02429,2025-01-22,W04,2025-01-22,page_view,43.0,free
C02429,2025-01-22,W04,2025-03-22,feature_use,318.2,pro
C02430,2025-01-29,W05,2025-01-30,page_view,140.1,pro
C02430,2025-01-29,W05,2025-03-14,feature_use,332.3,free
C02430,2025-01-29,W05,2025-03-17,page_view,179.6,free
C02431,2025-01-08,W02,2025-01-13,page_view,448.4,basic
C02431,2025-01-08,W02,2025-01-31,page_view,151.1,free
C02431,2025-01-08,W02,2025-02-05,page_view,91.9,free
C02431,2025-01-08,W02,2025-02-12,page_view,626.4,free
C02432,2025-01-29,W05,2025-01-29,search,147.8,pro
C02433,2025-03-12,W11,2025-03-13,feature_use,277.9,basic
C02433,2025-03-12,W11,2025-03-12,feature_use,111.1,free
C02433,2025-03-12,W11,2025-03-17,feature_use,222.1,basic
C02433,2025-03-12,W11,2025-03-15,feature_use,1736.6,basic
C02433,2025-03-12,W11,2025-03-14,page_view,119.0,pro
C02433,2025-03-12,W11,2025-03-13,feature_use,296.0,basic
C02434,2025-01-15,W03,2025-01-20,page_view,1256.9,basic
C02434,2025-01-15,W03,2025-01-23,search,121.1,free
C02434,2025-01-15,W03,2025-03-07,feature_use,662.3,basic
C02435,2025-02-26,W09,2025-02-28,feature_use,280.0,free
C02435,2025-02-26,W09,2025-05-20,page_view,184.8,free
C02436,2025-01-29,W05,2025-01-31,page_view,308.5,free
C02436,2025-01-29,W05,2025-02-17,page_view,103.8,free
C02436,2025-01-29,W05,2025-03-20,settings_change,1191.2,free
C02436,2025-01-29,W05,2025-03-24,page_view,926.1,free
C02437,2025-01-29,W05,2025-02-03,page_view,44.9,free
C02438,2025-02-12,W07,2025-02-13,search,570.1,pro
C02438,2025-02-12,W07,2025-04-04,search,490.3,free
C02439,2025-03-19,W12,2025-03-23,page_view,236.1,free
C02439,2025-03-19,W12,2025-03-21,page_view,70.8,basic
C02439,2025-03-19,W12,2025-05-04,page_view,181.1,pro
C02439,2025-03-19,W12,2025-05-12,feature_use,145.6,basic
C02440,2025-02-26,W09,2025-02-28,search,277.3,pro
C02440,2025-02-26,W09,2025-03-24,search,2820.0,basic
C02440,2025-02-26,W09,2025-03-20,page_view,160.0,basic
C02440,2025-02-26,W09,2025-04-06,page_view,553.7,free
C02440,2025-02-26,W09,2025-04-03,search,598.0,free
C02440,2025-02-26,W09,2025-04-07,page_view,678.0,pro
C02440,2025-02-26,W09,2025-04-16,feature_use,431.0,pro
C02440,2025-02-26,W09,2025-05-11,feature_use,1774.1,free
C02440,2025-02-26,W09,2025-05-08,page_view,13.7,basic
C02440,2025-02-26,W09,2025-05-08,feature_use,368.7,pro
C02440,2025-02-26,W09,2025-05-07,feature_use,61.0,free
C02440,2025-02-26,W09,2025-05-10,feature_use,16.3,free
C02441,2025-01-29,W05,2025-01-29,page_view,442.4,basic
C02442,2025-03-05,W10,2025-03-05,page_view,512.3,free
C02442,2025-03-05,W10,2025-03-06,page_view,170.1,pro
C02443,2025-02-26,W09,2025-03-01,feature_use,254.4,basic
C02443,2025-02-26,W09,2025-03-05,settings_change,93.3,basic
C02444,2025-02-12,W07,2025-02-18,search,58.9,free
C02444,2025-02-12,W07,2025-02-18,page_view,93.0,basic
C02444,2025-02-12,W07,2025-02-13,feature_use,56.3,basic
C02444,2025-02-12,W07,2025-02-28,page_view,337.8,pro
C02444,2025-02-12,W07,2025-03-02,feature_use,124.7,basic
C02444,2025-02-12,W07,2025-03-15,feature_use,169.5,basic
C02444,2025-02-12,W07,2025-03-13,page_view,253.1,free
C02444,2025-02-12,W07,2025-03-13,feature_use,45.2,free
C02444,2025-02-12,W07,2025-03-16,page_view,116.8,free
C02444,2025-02-12,W07,2025-03-25,page_view,39.2,free
C02445,2025-02-05,W06,2025-02-09,page_view,753.6,free
C02445,2025-02-05,W06,2025-04-03,search,199.4,free
C02445,2025-02-05,W06,2025-04-04,page_view,748.9,free
C02445,2025-02-05,W06,2025-04-03,page_view,98.8,basic
C02446,2025-03-05,W10,2025-03-05,page_view,41.7,free
C02446,2025-03-05,W10,2025-03-09,page_view,226.2,pro
C02446,2025-03-05,W10,2025-03-17,page_view,196.8,basic
C02446,2025-03-05,W10,2025-03-14,page_view,82.3,free
C02446,2025-03-05,W10,2025-03-14,page_view,356.5,pro
C02446,2025-03-05,W10,2025-04-21,search,85.0,pro
C02446,2025-03-05,W10,2025-04-16,page_view,153.6,free
C02447,2025-02-05,W06,2025-02-11,page_view,60.0,basic
C02447,2025-02-05,W06,2025-02-07,feature_use,446.3,free
C02447,2025-02-05,W06,2025-02-21,page_view,109.1,free
C02447,2025-02-05,W06,2025-02-19,search,312.0,free
C02447,2025-02-05,W06,2025-03-15,page_view,440.9,basic
C02447,2025-02-05,W06,2025-03-12,feature_use,149.3,free
C02448,2025-01-22,W04,2025-01-24,search,141.0,free
C02449,2025-03-05,W10,2025-03-07,page_view,214.1,basic
C02449,2025-03-05,W10,2025-03-06,page_view,208.0,free
C02449,2025-03-05,W10,2025-03-06,page_view,333.0,free
C02449,2025-03-05,W10,2025-03-23,page_view,181.6,free
C02450,2025-02-26,W09,2025-03-01,page_view,101.4,free
C02450,2025-02-26,W09,2025-03-08,settings_change,45.6,pro
C02450,2025-02-26,W09,2025-03-05,settings_change,43.8,basic
C02450,2025-02-26,W09,2025-04-07,page_view,68.0,free
C02450,2025-02-26,W09,2025-04-18,page_view,183.5,basic
C02451,2025-02-26,W09,2025-02-28,page_view,157.4,free
C02451,2025-02-26,W09,2025-03-23,page_view,138.5,basic
C02452,2025-01-15,W03,2025-01-21,search,128.6,pro
C02452,2025-01-15,W03,2025-01-27,page_view,296.6,free
C02453,2025-03-12,W11,2025-03-13,page_view,43.0,free
C02453,2025-03-12,W11,2025-03-13,feature_use,92.8,free
C02453,2025-03-12,W11,2025-03-15,search,217.0,free
C02453,2025-03-12,W11,2025-03-18,page_view,1042.8,free
C02453,2025-03-12,W11,2025-03-18,page_view,230.6,free
C02453,2025-03-12,W11,2025-04-06,page_view,70.0,free
C02453,2025-03-12,W11,2025-05-28,feature_use,301.9,free
C02454,2025-03-12,W11,2025-03-18,page_view,81.2,basic
C02454,2025-03-12,W11,2025-05-19,page_view,336.2,free
C02455,2025-01-22,W04,2025-01-22,page_view,400.8,basic
C02455,2025-01-22,W04,2025-01-26,feature_use,66.2,basic
C02455,2025-01-22,W04,2025-01-24,feature_use,187.8,free
C02455,2025-01-22,W04,2025-02-02,page_view,222.0,pro
C02455,2025-01-22,W04,2025-01-29,page_view,87.8,free
C02455,2025-01-22,W04,2025-02-03,page_view,428.8,free
C02455,2025-01-22,W04,2025-02-10,feature_use,676.3,free
C02455,2025-01-22,W04,2025-02-10,page_view,195.2,basic
C02455,2025-01-22,W04,2025-02-06,search,39.4,free
C02455,2025-01-22,W04,2025-02-20,page_view,81.6,free
C02455,2025-01-22,W04,2025-03-01,page_view,687.4,basic
C02455,2025-01-22,W04,2025-03-02,page_view,2266.6,basic
C02455,2025-01-22,W04,2025-02-26,page_view,449.1,pro
C02455,2025-01-22,W04,2025-02-27,feature_use,128.1,pro
C02455,2025-01-22,W04,2025-02-26,feature_use,149.2,basic
C02456,2025-01-01,W01,2025-01-06,page_view,78.1,free
C02456,2025-01-01,W01,2025-02-08,feature_use,170.7,pro
C02456,2025-01-01,W01,2025-02-16,search,273.3,basic
C02456,2025-01-01,W01,2025-02-17,search,44.8,basic
C02456,2025-01-01,W01,2025-02-18,feature_use,150.3,pro
C02456,2025-01-01,W01,2025-03-09,page_view,109.3,free
C02456,2025-01-01,W01,2025-03-11,page_view,162.6,pro
C02456,2025-01-01,W01,2025-03-07,page_view,102.1,pro
C02456,2025-01-01,W01,2025-03-18,feature_use,221.1,pro
C02456,2025-01-01,W01,2025-03-17,search,65.9,basic
C02456,2025-01-01,W01,2025-03-12,feature_use,41.9,free
C02456,2025-01-01,W01,2025-03-14,page_view,84.0,free
C02457,2025-03-19,W12,2025-03-21,feature_use,190.1,free
C02457,2025-03-19,W12,2025-04-06,feature_use,43.3,free
C02458,2025-02-26,W09,2025-03-03,page_view,11.3,basic
C02458,2025-02-26,W09,2025-03-01,page_view,26.2,free
C02458,2025-02-26,W09,2025-02-27,page_view,93.0,free
C02458,2025-02-26,W09,2025-04-17,page_view,234.2,free
C02458,2025-02-26,W09,2025-04-24,page_view,179.7,basic
C02458,2025-02-26,W09,2025-04-26,settings_change,525.4,free
C02458,2025-02-26,W09,2025-04-29,page_view,47.5,free
C02458,2025-02-26,W09,2025-04-25,feature_use,451.4,basic
C02459,2025-02-05,W06,2025-02-05,feature_use,69.4,free
C02459,2025-02-05,W06,2025-02-14,page_view,15.1,basic
C02459,2025-02-05,W06,2025-03-28,page_view,62.2,free
C02459,2025-02-05,W06,2025-04-01,page_view,312.6,free
C02459,2025-02-05,W06,2025-04-01,feature_use,270.0,basic
C02459,2025-02-05,W06,2025-03-27,page_view,363.1,free
C02460,2025-03-12,W11,2025-03-18,page_view,42.8,free
C02460,2025-03-12,W11,2025-03-17,search,165.6,free
C02460,2025-03-12,W11,2025-03-14,page_view,1467.7,free
C02460,2025-03-12,W11,2025-04-21,feature_use,281.5,basic
C02460,2025-03-12,W11,2025-05-02,page_view,79.2,pro
C02460,2025-03-12,W11,2025-05-06,feature_use,147.0,free
C02460,2025-03-12,W11,2025-05-06,page_view,314.3,free
C02460,2025-03-12,W11,2025-05-06,page_view,381.7,free
C02461,2025-01-15,W03,2025-01-21,feature_use,154.8,free
C02461,2025-01-15,W03,2025-01-20,feature_use,247.6,basic
C02461,2025-01-15,W03,2025-01-28,search,157.1,free
C02461,2025-01-15,W03,2025-01-22,feature_use,297.7,free
C02461,2025-01-15,W03,2025-01-27,settings_change,79.4,basic
C02461,2025-01-15,W03,2025-01-26,page_view,207.8,free
C02461,2025-01-15,W03,2025-01-26,page_view,123.7,pro
C02461,2025-01-15,W03,2025-01-24,page_view,1365.6,free
C02461,2025-01-15,W03,2025-02-02,page_view,62.3,pro
C02461,2025-01-15,W03,2025-03-02,page_view,191.3,free
C02461,2025-01-15,W03,2025-02-27,search,56.0,free
C02462,2025-01-08,W02,2025-01-12,page_view,291.5,free
C02463,2025-02-19,W08,2025-02-23,feature_use,90.7,free
C02463,2025-02-19,W08,2025-02-21,page_view,233.0,free
C02463,2025-02-19,W08,2025-02-23,settings_change,491.4,free
C02463,2025-02-19,W08,2025-02-22,feature_use,633.1,basic
C02463,2025-02-19,W08,2025-02-27,feature_use,341.6,free
C02463,2025-02-19,W08,2025-03-04,search,97.9,free
C02463,2025-02-19,W08,2025-03-01,page_view,245.4,free
C02463,2025-02-19,W08,2025-02-26,page_view,260.6,free
C02463,2025-02-19,W08,2025-03-06,settings_change,231.5,pro
C02463,2025-02-19,W08,2025-03-20,page_view,75.3,pro
C02463,2025-02-19,W08,2025-04-18,page_view,30.4,free
C02463,2025-02-19,W08,2025-04-21,feature_use,91.1,pro
C02463,2025-02-19,W08,2025-04-17,page_view,206.2,free
C02464,2025-02-05,W06,2025-02-09,page_view,28.9,basic
C02464,2025-02-05,W06,2025-03-01,search,576.0,pro
C02465,2025-01-15,W03,2025-01-17,search,96.7,free
C02465,2025-01-15,W03,2025-01-24,page_view,156.8,pro
C02465,2025-01-15,W03,2025-01-27,settings_change,699.0,free
C02465,2025-01-15,W03,2025-01-26,page_view,70.9,free
C02465,2025-01-15,W03,2025-01-29,search,541.6,basic
C02465,2025-01-15,W03,2025-01-29,feature_use,122.0,basic
C02465,2025-01-15,W03,2025-02-04,feature_use,404.9,free
C02466,2025-01-15,W03,2025-01-20,feature_use,897.4,free
C02466,2025-01-15,W03,2025-03-03,page_view,236.7,pro
C02466,2025-01-15,W03,2025-03-04,settings_change,206.4,free
C02466,2025-01-15,W03,2025-03-25,feature_use,88.0,free
C02467,2025-02-19,W08,2025-02-25,page_view,56.5,pro
C02467,2025-02-19,W08,2025-02-22,page_view,18.9,pro
C02467,2025-02-19,W08,2025-02-21,settings_change,57.0,free
C02467,2025-02-19,W08,2025-03-02,page_view,123.9,free
C02467,2025-02-19,W08,2025-03-20,page_view,272.9,pro
C02468,2025-01-01,W01,2025-01-07,page_view,52.2,free
C02468,2025-01-01,W01,2025-01-18,page_view,30.7,pro
C02468,2025-01-01,W01,2025-01-19,page_view,239.1,pro
C02469,2025-01-15,W03,2025-01-18,page_view,151.1,free
C02469,2025-01-15,W03,2025-01-19,feature_use,61.0,free
C02469,2025-01-15,W03,2025-02-23,feature_use,142.8,pro
C02469,2025-01-15,W03,2025-02-28,page_view,797.6,free
C02469,2025-01-15,W03,2025-03-01,feature_use,803.0,basic
C02469,2025-01-15,W03,2025-03-22,feature_use,289.2,basic
C02469,2025-01-15,W03,2025-03-23,page_view,230.1,free
C02469,2025-01-15,W03,2025-03-24,page_view,37.8,basic
C02470,2025-01-29,W05,2025-01-31,settings_change,587.8,pro
C02470,2025-01-29,W05,2025-02-11,page_view,62.2,basic
C02470,2025-01-29,W05,2025-03-08,feature_use,101.4,basic
C02470,2025-01-29,W05,2025-03-26,page_view,404.8,free
C02470,2025-01-29,W05,2025-03-29,feature_use,115.6,basic
C02470,2025-01-29,W05,2025-04-02,search,479.8,basic
C02470,2025-01-29,W05,2025-04-05,page_view,276.8,free
C02471,2025-01-29,W05,2025-01-30,search,742.0,pro
C02472,2025-02-19,W08,2025-02-20,feature_use,218.7,free
C02472,2025-02-19,W08,2025-02-25,page_view,74.2,basic
C02472,2025-02-19,W08,2025-02-20,page_view,145.5,basic
C02472,2025-02-19,W08,2025-02-21,feature_use,204.9,basic
C02472,2025-02-19,W08,2025-03-13,page_view,81.0,basic
C02472,2025-02-19,W08,2025-03-28,page_view,65.7,free
C02472,2025-02-19,W08,2025-03-31,settings_change,359.9,free
C02472,2025-02-19,W08,2025-03-26,feature_use,259.6,free
C02472,2025-02-19,W08,2025-03-29,search,234.9,free
C02472,2025-02-19,W08,2025-04-07,feature_use,169.8,pro
C02472,2025-02-19,W08,2025-04-07,page_view,20.3,basic
C02473,2025-02-05,W06,2025-02-06,page_view,60.7,free
C02473,2025-02-05,W06,2025-02-10,page_view,120.0,basic
C02473,2025-02-05,W06,2025-02-12,feature_use,754.2,free
C02473,2025-02-05,W06,2025-03-09,page_view,471.7,free
C02473,2025-02-05,W06,2025-03-20,search,49.7,pro
C02473,2025-02-05,W06,2025-03-26,feature_use,43.6,pro
C02473,2025-02-05,W06,2025-03-26,settings_change,81.0,free
C02473,2025-02-05,W06,2025-04-19,page_view,1475.0,basic
C02474,2025-01-15,W03,2025-01-19,feature_use,471.0,pro
C02474,2025-01-15,W03,2025-02-02,page_view,100.9,free
C02474,2025-01-15,W03,2025-02-04,page_view,115.5,basic
C02474,2025-01-15,W03,2025-01-29,page_view,34.0,pro
C02474,2025-01-15,W03,2025-01-29,search,159.5,basic
C02475,2025-01-22,W04,2025-01-23,page_view,216.1,free
C02475,2025-01-22,W04,2025-01-28,search,158.4,pro
C02476,2025-01-22,W04,2025-01-26,page_view,176.7,pro
C02477,2025-02-05,W06,2025-02-07,search,61.4,free
C02477,2025-02-05,W06,2025-02-11,page_view,39.5,free
C02477,2025-02-05,W06,2025-02-07,feature_use,38.6,basic
C02477,2025-02-05,W06,2025-03-20,page_view,973.6,free
C02477,2025-02-05,W06,2025-03-20,settings_change,154.6,basic
C02478,2025-02-26,W09,2025-03-04,feature_use,95.5,free
C02478,2025-02-26,W09,2025-02-28,page_view,185.3,basic
C02478,2025-02-26,W09,2025-02-28,search,224.4,basic
C02479,2025-02-19,W08,2025-02-22,page_view,131.2,free
C02480,2025-03-19,W12,2025-03-20,page_view,445.2,free
C02480,2025-03-19,W12,2025-03-31,search,689.8,basic
C02480,2025-03-19,W12,2025-03-31,page_view,67.4,free
C02480,2025-03-19,W12,2025-05-31,page_view,95.5,free
C02481,2025-03-12,W11,2025-03-15,feature_use,161.0,free
C02482,2025-02-12,W07,2025-02-17,search,101.7,free
C02482,2025-02-12,W07,2025-02-17,settings_change,585.5,basic
C02482,2025-02-12,W07,2025-02-17,page_view,258.8,basic
C02483,2025-02-26,W09,2025-02-28,search,63.2,free
C02483,2025-02-26,W09,2025-02-28,page_view,124.6,free
C02484,2025-02-26,W09,2025-02-26,page_view,55.1,basic
C02485,2025-02-05,W06,2025-02-08,search,23.6,pro
C02486,2025-02-26,W09,2025-02-27,feature_use,43.0,free
C02486,2025-02-26,W09,2025-03-09,feature_use,49.7,pro
C02486,2025-02-26,W09,2025-03-16,feature_use,459.6,pro
C02486,2025-02-26,W09,2025-03-28,feature_use,65.3,free
C02486,2025-02-26,W09,2025-04-01,page_view,507.0,basic
C02486,2025-02-26,W09,2025-03-29,feature_use,95.6,basic
C02486,2025-02-26,W09,2025-03-28,page_view,96.9,basic
C02486,2025-02-26,W09,2025-04-02,page_view,101.7,basic
C02487,2025-02-19,W08,2025-02-21,settings_change,200.2,free
C02487,2025-02-19,W08,2025-02-23,feature_use,73.2,free
C02487,2025-02-19,W08,2025-03-16,page_view,191.0,free
C02488,2025-03-05,W10,2025-03-10,page_view,48.9,free
C02488,2025-03-05,W10,2025-03-12,search,200.5,basic
C02488,2025-03-05,W10,2025-03-15,page_view,326.0,free
C02488,2025-03-05,W10,2025-03-15,page_view,1323.4,free
C02489,2025-01-15,W03,2025-01-17,feature_use,89.0,free
C02489,2025-01-15,W03,2025-01-15,page_view,140.2,free
C02489,2025-01-15,W03,2025-01-26,page_view,545.5,free
C02489,2025-01-15,W03,2025-01-29,feature_use,65.0,pro
C02489,2025-01-15,W03,2025-02-02,page_view,88.2,free
C02489,2025-01-15,W03,2025-02-24,search,124.6,free
C02489,2025-01-15,W03,2025-03-31,settings_change,187.2,basic
C02489,2025-01-15,W03,2025-03-29,feature_use,273.8,basic
C02489,2025-01-15,W03,2025-04-03,page_view,21.4,basic
C02489,2025-01-15,W03,2025-04-04,page_view,94.7,basic
C02490,2025-02-05,W06,2025-02-05,page_view,1737.1,free
C02490,2025-02-05,W06,2025-02-20,feature_use,6.6,free
C02490,2025-02-05,W06,2025-02-24,page_view,24.8,free
C02490,2025-02-05,W06,2025-02-24,feature_use,125.1,free
C02490,2025-02-05,W06,2025-03-21,page_view,117.1,basic
C02491,2025-03-12,W11,2025-03-13,page_view,204.0,basic
C02491,2025-03-12,W11,2025-03-25,page_view,799.6,pro
C02491,2025-03-12,W11,2025-03-27,feature_use,50.7,free
C02491,2025-03-12,W11,2025-04-07,settings_change,689.7,basic
C02491,2025-03-12,W11,2025-04-18,page_view,394.8,basic
C02492,2025-01-22,W04,2025-01-22,search,126.6,free
C02493,2025-03-19,W12,2025-03-24,page_view,106.7,basic
C02494,2025-01-15,W03,2025-01-18,page_view,948.0,free
C02494,2025-01-15,W03,2025-02-03,settings_change,64.1,free
C02494,2025-01-15,W03,2025-03-19,page_view,13.3,pro
C02494,2025-01-15,W03,2025-04-07,feature_use,1533.2,free
C02495,2025-03-05,W10,2025-03-08,page_view,236.4,free
C02495,2025-03-05,W10,2025-05-01,page_view,292.0,free
C02495,2025-03-05,W10,2025-05-06,settings_change,69.6,pro
C02495,2025-03-05,W10,2025-05-08,page_view,192.3,free
C02495,2025-03-05,W10,2025-05-13,page_view,97.3,free
C02496,2025-01-29,W05,2025-02-03,feature_use,246.6,free
C02497,2025-02-19,W08,2025-02-22,feature_use,302.4,basic
C02497,2025-02-19,W08,2025-03-03,search,1107.9,pro
C02497,2025-02-19,W08,2025-03-04,page_view,1081.5,free
C02497,2025-02-19,W08,2025-03-04,page_view,104.7,free
C02497,2025-02-19,W08,2025-03-01,feature_use,72.4,free
C02497,2025-02-19,W08,2025-02-28,search,57.5,basic
C02497,2025-02-19,W08,2025-03-03,page_view,327.9,basic
C02497,2025-02-19,W08,2025-03-13,page_view,56.7,free
C02497,2025-02-19,W08,2025-03-15,page_view,475.5,basic
C02497,2025-02-19,W08,2025-03-17,page_view,286.9,basic
C02497,2025-02-19,W08,2025-03-13,feature_use,76.7,basic
C02497,2025-02-19,W08,2025-03-16,feature_use,1146.3,free
C02497,2025-02-19,W08,2025-05-12,page_view,504.5,pro
C02497,2025-02-19,W08,2025-05-09,page_view,143.7,free
C02498,2025-02-12,W07,2025-02-13,page_view,148.3,pro
C02499,2025-03-05,W10,2025-03-07,feature_use,327.6,pro
C02499,2025-03-05,W10,2025-05-23,feature_use,104.5,free
C02500,2025-02-12,W07,2025-02-16,page_view,57.3,free
C02500,2025-02-12,W07,2025-04-19,page_view,296.0,free
C02500,2025-02-12,W07,2025-04-27,search,303.0,pro
C02501,2025-03-05,W10,2025-03-08,page_view,240.2,basic
C02501,2025-03-05,W10,2025-03-11,page_view,860.0,free
C02502,2025-03-19,W12,2025-03-24,page_view,70.0,free
C02502,2025-03-19,W12,2025-03-24,feature_use,158.7,basic
C02502,2025-03-19,W12,2025-04-24,page_view,244.4,basic
C02503,2025-01-08,W02,2025-01-09,search,83.6,free
C02503,2025-01-08,W02,2025-01-12,page_view,475.0,free
C02503,2025-01-08,W02,2025-01-11,page_view,171.1,free
C02503,2025-01-08,W02,2025-02-26,page_view,128.8,basic
C02503,2025-01-08,W02,2025-03-02,feature_use,259.6,basic
C02503,2025-01-08,W02,2025-03-04,page_view,1630.8,free
C02504,2025-03-19,W12,2025-03-20,search,34.6,free
C02504,2025-03-19,W12,2025-04-20,page_view,80.8,pro
C02504,2025-03-19,W12,2025-04-21,page_view,278.0,pro
C02504,2025-03-19,W12,2025-05-09,feature_use,124.4,free
C02505,2025-03-19,W12,2025-03-20,page_view,639.4,basic
C02505,2025-03-19,W12,2025-03-19,feature_use,90.3,basic
C02505,2025-03-19,W12,2025-03-23,page_view,312.4,free
C02505,2025-03-19,W12,2025-04-09,feature_use,125.7,free
C02505,2025-03-19,W12,2025-04-19,search,538.2,free
C02505,2025-03-19,W12,2025-05-14,feature_use,211.4,free
C02506,2025-02-12,W07,2025-02-17,page_view,256.0,pro
C02506,2025-02-12,W07,2025-03-07,feature_use,84.0,pro
C02506,2025-02-12,W07,2025-04-20,page_view,145.5,free
C02507,2025-01-01,W01,2025-01-04,feature_use,122.2,basic
C02507,2025-01-01,W01,2025-01-02,page_view,58.3,basic
C02507,2025-01-01,W01,2025-01-03,page_view,146.1,pro
C02507,2025-01-01,W01,2025-01-29,page_view,118.7,basic
C02508,2025-02-05,W06,2025-02-08,page_view,673.9,pro
C02509,2025-03-05,W10,2025-03-06,feature_use,74.0,free
C02509,2025-03-05,W10,2025-03-05,feature_use,122.4,free
C02509,2025-03-05,W10,2025-03-29,feature_use,155.5,pro
C02509,2025-03-05,W10,2025-03-31,page_view,619.8,basic
C02509,2025-03-05,W10,2025-03-26,page_view,143.2,basic
C02509,2025-03-05,W10,2025-04-10,page_view,17.6,pro
C02509,2025-03-05,W10,2025-04-11,feature_use,388.2,free
C02510,2025-02-12,W07,2025-02-15,page_view,373.8,basic
C02510,2025-02-12,W07,2025-02-13,page_view,39.0,basic
C02510,2025-02-12,W07,2025-03-20,feature_use,303.9,pro
C02510,2025-02-12,W07,2025-04-06,page_view,37.5,basic
C02511,2025-03-05,W10,2025-03-06,page_view,118.3,free
C02511,2025-03-05,W10,2025-03-18,page_view,27.6,free
C02511,2025-03-05,W10,2025-03-25,page_view,91.4,pro
C02511,2025-03-05,W10,2025-03-19,page_view,543.7,pro
C02511,2025-03-05,W10,2025-03-22,settings_change,50.2,basic
C02511,2025-03-05,W10,2025-03-22,feature_use,83.4,free
C02511,2025-03-05,W10,2025-03-27,page_view,235.9,free
C02511,2025-03-05,W10,2025-03-29,feature_use,172.3,basic
C02511,2025-03-05,W10,2025-03-26,page_view,23.8,free
C02511,2025-03-05,W10,2025-03-27,feature_use,53.0,free
C02511,2025-03-05,W10,2025-04-08,page_view,43.5,basic
C02511,2025-03-05,W10,2025-05-07,search,385.0,free
C02511,2025-03-05,W10,2025-05-11,page_view,1413.1,basic
C02512,2025-01-08,W02,2025-01-09,page_view,31.3,free
C02512,2025-01-08,W02,2025-01-09,search,100.6,free
C02512,2025-01-08,W02,2025-02-08,page_view,482.6,free
C02512,2025-01-08,W02,2025-02-24,page_view,117.0,free
C02512,2025-01-08,W02,2025-03-04,page_view,176.4,free
C02513,2025-02-19,W08,2025-02-19,page_view,207.2,basic
C02513,2025-02-19,W08,2025-02-26,search,29.9,free
C02513,2025-02-19,W08,2025-03-24,search,1827.0,basic
C02513,2025-02-19,W08,2025-03-24,feature_use,40.7,free
C02514,2025-02-19,W08,2025-02-24,search,111.2,basic
C02514,2025-02-19,W08,2025-02-20,feature_use,432.7,basic
C02514,2025-02-19,W08,2025-02-25,page_view,52.5,free
C02514,2025-02-19,W08,2025-03-15,search,179.6,free
C02515,2025-02-05,W06,2025-02-08,settings_change,175.3,basic
C02516,2025-02-12,W07,2025-02-18,feature_use,17.5,pro
C02516,2025-02-12,W07,2025-03-11,page_view,25.4,free
C02516,2025-02-12,W07,2025-03-10,page_view,299.3,basic
C02516,2025-02-12,W07,2025-03-06,feature_use,15.5,basic
C02516,2025-02-12,W07,2025-03-11,page_view,58.5,free
C02516,2025-02-12,W07,2025-03-09,page_view,133.4,free
C02516,2025-02-12,W07,2025-04-29,page_view,68.0,free
C02517,2025-03-12,W11,2025-03-16,feature_use,175.6,basic
C02517,2025-03-12,W11,2025-03-15,feature_use,178.4,free
C02517,2025-03-12,W11,2025-03-18,feature_use,374.1,free
C02517,2025-03-12,W11,2025-03-14,page_view,160.5,pro
C02517,2025-03-12,W11,2025-03-25,feature_use,84.2,pro
C02517,2025-03-12,W11,2025-03-24,feature_use,171.6,basic
C02517,2025-03-12,W11,2025-04-13,feature_use,149.0,free
C02517,2025-03-12,W11,2025-04-15,feature_use,110.3,free
C02518,2025-01-29,W05,2025-01-31,page_view,298.4,free
C02518,2025-01-29,W05,2025-01-30,feature_use,78.2,pro
C02519,2025-01-29,W05,2025-02-03,page_view,210.6,free
C02519,2025-01-29,W05,2025-04-20,page_view,85.2,basic
C02520,2025-03-12,W11,2025-03-16,page_view,36.1,free
C02520,2025-03-12,W11,2025-04-16,page_view,148.2,free
C02521,2025-02-19,W08,2025-02-23,page_view,25.6,free
C02522,2025-01-08,W02,2025-01-13,feature_use,155.2,free
C02522,2025-01-08,W02,2025-01-12,page_view,101.6,pro
C02522,2025-01-08,W02,2025-01-10,feature_use,194.0,free
C02522,2025-01-08,W02,2025-01-28,page_view,38.7,free
C02522,2025-01-08,W02,2025-01-28,page_view,140.0,free
C02522,2025-01-08,W02,2025-01-24,feature_use,166.0,pro
C02522,2025-01-08,W02,2025-03-02,page_view,85.8,pro
C02522,2025-01-08,W02,2025-03-17,search,170.5,free
C02522,2025-01-08,W02,2025-03-13,feature_use,662.2,pro
C02522,2025-01-08,W02,2025-03-14,search,33.8,free
C02523,2025-01-22,W04,2025-01-26,feature_use,62.6,basic
C02523,2025-01-22,W04,2025-01-24,settings_change,59.5,basic
C02524,2025-02-12,W07,2025-02-12,feature_use,1628.3,pro
C02524,2025-02-12,W07,2025-02-13,feature_use,88.2,free
C02524,2025-02-12,W07,2025-02-16,page_view,661.5,basic
C02524,2025-02-12,W07,2025-02-23,feature_use,73.2,free
C02524,2025-02-12,W07,2025-02-20,page_view,118.5,free
C02524,2025-02-12,W07,2025-03-20,page_view,126.2,free
C02525,2025-03-12,W11,2025-03-18,page_view,77.4,free
C02525,2025-03-12,W11,2025-03-17,feature_use,39.7,free
C02525,2025-03-12,W11,2025-03-15,search,59.7,pro
C02525,2025-03-12,W11,2025-03-22,search,1279.1,pro
C02525,2025-03-12,W11,2025-03-20,page_view,43.2,free
C02525,2025-03-12,W11,2025-03-19,search,162.6,free
C02526,2025-02-19,W08,2025-02-20,feature_use,277.8,free
C02526,2025-02-19,W08,2025-02-23,search,208.3,free
C02526,2025-02-19,W08,2025-04-14,page_view,139.3,free
C02527,2025-01-22,W04,2025-01-26,page_view,185.6,basic
C02527,2025-01-22,W04,2025-01-23,page_view,227.3,basic
C02527,2025-01-22,W04,2025-02-08,search,157.1,free
C02527,2025-01-22,W04,2025-02-18,search,242.4,basic
C02527,2025-01-22,W04,2025-03-09,page_view,50.7,free
C02527,2025-01-22,W04,2025-03-09,search,61.5,free
C02527,2025-01-22,W04,2025-03-06,page_view,12.5,free
C02528,2025-03-12,W11,2025-03-12,search,210.5,basic
C02528,2025-03-12,W11,2025-03-13,settings_change,203.6,pro
C02528,2025-03-12,W11,2025-03-13,page_view,100.7,free
C02528,2025-03-12,W11,2025-03-29,page_view,304.7,free
C02528,2025-03-12,W11,2025-03-31,page_view,42.7,basic
C02528,2025-03-12,W11,2025-04-01,page_view,380.8,basic
C02528,2025-03-12,W11,2025-03-29,feature_use,141.6,free
C02528,2025-03-12,W11,2025-04-14,page_view,187.9,free
C02528,2025-03-12,W11,2025-04-19,page_view,49.0,pro
C02528,2025-03-12,W11,2025-04-20,feature_use,115.2,basic
C02528,2025-03-12,W11,2025-04-21,page_view,96.0,free
C02528,2025-03-12,W11,2025-04-16,page_view,127.2,pro
C02528,2025-03-12,W11,2025-04-17,feature_use,174.4,free
C02528,2025-03-12,W11,2025-04-30,page_view,299.6,pro
C02529,2025-03-05,W10,2025-03-07,page_view,170.2,free
C02529,2025-03-05,W10,2025-03-06,page_view,562.9,basic
C02529,2025-03-05,W10,2025-03-05,search,218.8,basic
C02529,2025-03-05,W10,2025-03-07,search,645.4,pro
C02529,2025-03-05,W10,2025-03-11,page_view,40.0,basic
C02529,2025-03-05,W10,2025-03-15,page_view,87.8,pro
C02529,2025-03-05,W10,2025-03-14,search,136.4,free
C02529,2025-03-05,W10,2025-03-15,page_view,39.5,free
C02529,2025-03-05,W10,2025-03-29,page_view,88.9,free
C02529,2025-03-05,W10,2025-04-20,page_view,116.7,free
C02529,2025-03-05,W10,2025-04-16,settings_change,261.7,free
C02529,2025-03-05,W10,2025-04-19,page_view,526.3,free
C02529,2025-03-05,W10,2025-04-17,page_view,128.7,free
C02529,2025-03-05,W10,2025-04-22,search,221.7,free
C02530,2025-02-05,W06,2025-02-07,page_view,790.1,basic
C02530,2025-02-05,W06,2025-02-14,page_view,42.2,free
C02530,2025-02-05,W06,2025-02-12,search,44.5,free
C02530,2025-02-05,W06,2025-02-18,page_view,198.8,free
C02531,2025-03-05,W10,2025-03-07,feature_use,592.9,basic
C02531,2025-03-05,W10,2025-03-11,feature_use,50.7,basic
C02532,2025-01-15,W03,2025-01-20,feature_use,313.4,free
C02533,2025-02-12,W07,2025-02-15,feature_use,1157.2,pro
C02533,2025-02-12,W07,2025-03-11,feature_use,242.0,basic
C02533,2025-02-12,W07,2025-03-06,page_view,124.7,free
C02533,2025-02-12,W07,2025-03-07,page_view,902.7,free
C02533,2025-02-12,W07,2025-03-08,feature_use,203.6,basic
C02533,2025-02-12,W07,2025-03-30,page_view,440.5,free
C02533,2025-02-12,W07,2025-03-26,page_view,57.3,free
C02533,2025-02-12,W07,2025-04-19,feature_use,275.1,free
C02534,2025-01-08,W02,2025-01-13,page_view,265.4,free
C02534,2025-01-08,W02,2025-01-08,settings_change,222.1,free
C02534,2025-01-08,W02,2025-01-13,page_view,76.8,basic
C02534,2025-01-08,W02,2025-01-19,feature_use,438.1,basic
C02535,2025-01-01,W01,2025-01-03,page_view,65.9,free
C02536,2025-03-12,W11,2025-03-13,feature_use,263.2,basic
C02536,2025-03-12,W11,2025-03-27,page_view,109.8,free
C02537,2025-03-05,W10,2025-03-06,page_view,169.4,free
C02537,2025-03-05,W10,2025-05-06,page_view,25.5,pro
C02537,2025-03-05,W10,2025-05-01,page_view,446.5,pro
C02537,2025-03-05,W10,2025-05-13,page_view,80.1,pro
C02538,2025-03-19,W12,2025-03-25,search,508.8,free
C02538,2025-03-19,W12,2025-03-23,page_view,62.5,pro
C02538,2025-03-19,W12,2025-04-03,page_view,79.5,basic
C02538,2025-03-19,W12,2025-04-07,page_view,400.0,free
C02539,2025-01-29,W05,2025-02-03,feature_use,160.5,pro
C02539,2025-01-29,W05,2025-03-20,page_view,224.6,free
C02540,2025-03-05,W10,2025-03-09,feature_use,20.5,basic
C02540,2025-03-05,W10,2025-03-08,page_view,304.3,free
C02541,2025-01-22,W04,2025-01-23,search,237.6,free
C02541,2025-01-22,W04,2025-01-26,settings_change,31.6,pro
C02541,2025-01-22,W04,2025-02-07,page_view,282.0,pro
C02541,2025-01-22,W04,2025-02-17,page_view,140.8,free
C02541,2025-01-22,W04,2025-03-17,page_view,320.1,free
C02542,2025-03-19,W12,2025-03-22,feature_use,110.7,basic
C02543,2025-01-29,W05,2025-01-31,feature_use,80.2,free
C02543,2025-01-29,W05,2025-03-03,page_view,86.4,free
C02543,2025-01-29,W05,2025-04-01,page_view,645.3,free
C02544,2025-02-26,W09,2025-03-01,feature_use,94.8,free
C02544,2025-02-26,W09,2025-03-19,page_view,109.9,basic
C02544,2025-02-26,W09,2025-03-26,page_view,95.1,free
C02545,2025-01-01,W01,2025-01-01,settings_change,72.2,basic
C02545,2025-01-01,W01,2025-01-26,page_view,107.5,basic
C02545,2025-01-01,W01,2025-01-22,feature_use,320.1,free
C02545,2025-01-01,W01,2025-02-12,search,114.0,free
C02545,2025-01-01,W01,2025-02-14,page_view,400.5,basic
C02545,2025-01-01,W01,2025-02-15,feature_use,90.7,basic
C02545,2025-01-01,W01,2025-02-14,page_view,162.6,free
C02546,2025-02-19,W08,2025-02-24,page_view,623.9,free
C02547,2025-01-15,W03,2025-01-17,page_view,74.9,free
C02548,2025-02-12,W07,2025-02-14,feature_use,50.7,free
C02548,2025-02-12,W07,2025-02-16,search,186.8,pro
C02548,2025-02-12,W07,2025-03-09,feature_use,387.7,pro
C02548,2025-02-12,W07,2025-03-08,search,99.5,basic
C02548,2025-02-12,W07,2025-03-09,page_view,152.3,free
C02548,2025-02-12,W07,2025-05-01,page_view,545.6,basic
C02549,2025-01-15,W03,2025-01-19,settings_change,67.5,basic
C02549,2025-01-15,W03,2025-03-02,feature_use,161.6,pro
C02550,2025-03-19,W12,2025-03-24,feature_use,104.1,pro
C02550,2025-03-19,W12,2025-04-04,feature_use,30.5,basic
C02550,2025-03-19,W12,2025-04-03,page_view,54.9,free
C02551,2025-01-29,W05,2025-02-04,search,198.3,pro
C02551,2025-01-29,W05,2025-02-02,feature_use,62.1,pro
C02551,2025-01-29,W05,2025-02-09,page_view,160.3,free
C02551,2025-01-29,W05,2025-02-07,page_view,60.7,free
C02551,2025-01-29,W05,2025-02-05,page_view,218.8,free
C02551,2025-01-29,W05,2025-02-08,page_view,64.1,free
C02551,2025-01-29,W05,2025-02-10,page_view,547.7,pro
C02552,2025-02-12,W07,2025-02-18,page_view,2773.3,pro
C02553,2025-02-05,W06,2025-02-05,page_view,476.7,pro
C02553,2025-02-05,W06,2025-02-20,page_view,197.3,basic
C02554,2025-01-08,W02,2025-01-13,page_view,181.2,free
C02555,2025-01-15,W03,2025-01-16,page_view,83.2,free
C02555,2025-01-15,W03,2025-01-16,search,212.5,basic
C02555,2025-01-15,W03,2025-02-28,page_view,79.3,pro
C02556,2025-02-26,W09,2025-03-04,search,70.3,basic
C02556,2025-02-26,W09,2025-03-04,feature_use,150.0,pro
C02556,2025-02-26,W09,2025-04-27,page_view,558.6,free
C02556,2025-02-26,W09,2025-04-28,page_view,450.9,pro
C02556,2025-02-26,W09,2025-04-29,search,215.3,free
C02557,2025-03-19,W12,2025-03-25,feature_use,76.8,free
C02557,2025-03-19,W12,2025-03-21,feature_use,242.5,pro
C02557,2025-03-19,W12,2025-03-22,page_view,106.4,basic
C02557,2025-03-19,W12,2025-03-22,page_view,209.2,free
C02557,2025-03-19,W12,2025-03-27,page_view,141.0,free
C02557,2025-03-19,W12,2025-03-30,page_view,55.3,free
C02557,2025-03-19,W12,2025-04-14,feature_use,219.1,free
C02557,2025-03-19,W12,2025-04-13,page_view,135.4,free
C02558,2025-03-12,W11,2025-03-17,page_view,204.9,free
C02558,2025-03-12,W11,2025-03-27,settings_change,233.5,pro
C02559,2025-03-19,W12,2025-03-22,search,392.8,basic
C02559,2025-03-19,W12,2025-03-27,feature_use,28.8,basic
C02559,2025-03-19,W12,2025-03-30,page_view,110.3,pro
C02559,2025-03-19,W12,2025-03-31,page_view,19.3,free
C02559,2025-03-19,W12,2025-03-26,page_view,105.9,free
C02559,2025-03-19,W12,2025-04-01,page_view,657.3,pro
C02560,2025-02-05,W06,2025-02-11,page_view,745.3,basic
C02560,2025-02-05,W06,2025-03-02,search,60.6,free
C02561,2025-01-08,W02,2025-01-14,feature_use,66.7,basic
C02561,2025-01-08,W02,2025-01-11,feature_use,76.3,basic
C02562,2025-03-12,W11,2025-03-16,feature_use,64.4,free
C02563,2025-01-29,W05,2025-01-30,page_view,294.4,basic
C02563,2025-01-29,W05,2025-02-02,search,426.6,free
C02563,2025-01-29,W05,2025-01-31,feature_use,137.9,basic
C02563,2025-01-29,W05,2025-02-03,page_view,81.4,pro
C02563,2025-01-29,W05,2025-02-02,page_view,328.8,pro
C02563,2025-01-29,W05,2025-02-01,feature_use,89.2,free
C02563,2025-01-29,W05,2025-02-08,search,38.8,free
C02563,2025-01-29,W05,2025-02-23,search,480.4,basic
C02564,2025-03-05,W10,2025-03-11,feature_use,474.6,basic
C02564,2025-03-05,W10,2025-03-05,feature_use,216.7,basic
C02564,2025-03-05,W10,2025-03-11,feature_use,596.0,free
C02564,2025-03-05,W10,2025-03-18,feature_use,255.3,pro
C02564,2025-03-05,W10,2025-03-19,page_view,271.1,basic
C02564,2025-03-05,W10,2025-04-09,feature_use,348.7,pro
C02564,2025-03-05,W10,2025-04-12,page_view,182.9,pro
C02564,2025-03-05,W10,2025-04-13,page_view,32.3,pro
C02564,2025-03-05,W10,2025-04-13,search,249.7,pro
C02565,2025-02-26,W09,2025-02-28,page_view,200.0,basic
C02565,2025-02-26,W09,2025-03-02,feature_use,148.1,free
C02565,2025-02-26,W09,2025-02-28,page_view,687.7,free
C02566,2025-01-22,W04,2025-01-22,page_view,267.8,free
C02567,2025-01-08,W02,2025-01-14,page_view,106.5,free
C02567,2025-01-08,W02,2025-01-19,search,358.6,pro
C02567,2025-01-08,W02,2025-01-16,search,32.8,free
C02567,2025-01-08,W02,2025-01-26,page_view,368.3,pro
C02567,2025-01-08,W02,2025-01-28,search,115.5,pro
C02567,2025-01-08,W02,2025-01-22,feature_use,170.6,free
C02568,2025-01-08,W02,2025-01-11,search,914.9,basic
C02568,2025-01-08,W02,2025-01-12,settings_change,351.8,pro
C02568,2025-01-08,W02,2025-01-27,page_view,316.7,free
C02568,2025-01-08,W02,2025-01-28,page_view,905.3,free
C02568,2025-01-08,W02,2025-01-22,page_view,41.9,free
C02568,2025-01-08,W02,2025-03-02,page_view,1083.0,basic
C02568,2025-01-08,W02,2025-03-08,page_view,743.6,free
C02568,2025-01-08,W02,2025-03-10,feature_use,420.9,basic
C02569,2025-03-05,W10,2025-03-05,feature_use,1171.8,basic
C02569,2025-03-05,W10,2025-04-30,feature_use,61.8,basic
C02569,2025-03-05,W10,2025-05-05,page_view,68.6,free
C02569,2025-03-05,W10,2025-05-01,search,95.7,free
C02570,2025-01-22,W04,2025-01-24,page_view,153.2,free
C02570,2025-01-22,W04,2025-01-24,feature_use,123.2,basic
C02570,2025-01-22,W04,2025-03-30,page_view,129.6,pro
C02570,2025-01-22,W04,2025-04-01,search,26.7,free
C02571,2025-02-12,W07,2025-02-15,settings_change,134.7,free
C02571,2025-02-12,W07,2025-02-24,search,376.9,free
C02571,2025-02-12,W07,2025-02-21,page_view,26.6,free
C02572,2025-01-29,W05,2025-01-31,search,563.9,basic
C02572,2025-01-29,W05,2025-02-07,feature_use,480.7,basic
C02572,2025-01-29,W05,2025-02-11,feature_use,250.6,basic
C02572,2025-01-29,W05,2025-02-26,page_view,190.3,basic
C02573,2025-02-12,W07,2025-02-18,page_view,43.8,free
C02573,2025-02-12,W07,2025-03-04,feature_use,53.2,pro
C02573,2025-02-12,W07,2025-03-01,page_view,81.9,basic
C02573,2025-02-12,W07,2025-03-03,page_view,52.4,basic
C02574,2025-03-19,W12,2025-03-25,settings_change,102.1,basic
C02574,2025-03-19,W12,2025-04-14,search,489.7,basic
C02574,2025-03-19,W12,2025-04-20,page_view,59.4,free
C02575,2025-01-22,W04,2025-01-27,page_view,408.7,free
C02575,2025-01-22,W04,2025-02-11,page_view,580.5,free
C02576,2025-01-01,W01,2025-01-07,page_view,425.2,basic
C02576,2025-01-01,W01,2025-01-05,feature_use,146.5,free
C02577,2025-03-19,W12,2025-03-19,feature_use,143.9,pro
C02578,2025-01-22,W04,2025-01-26,settings_change,637.1,basic
C02578,2025-01-22,W04,2025-01-22,feature_use,68.9,free
C02578,2025-01-22,W04,2025-01-22,search,70.3,free
C02578,2025-01-22,W04,2025-02-03,page_view,57.9,basic
C02578,2025-01-22,W04,2025-01-31,page_view,42.5,free
C02578,2025-01-22,W04,2025-01-31,page_view,28.5,free
C02578,2025-01-22,W04,2025-01-31,page_view,103.7,free
C02578,2025-01-22,W04,2025-02-05,settings_change,241.5,pro
C02579,2025-01-29,W05,2025-02-01,page_view,83.8,basic
C02580,2025-02-05,W06,2025-02-10,feature_use,42.3,basic
C02580,2025-02-05,W06,2025-02-06,page_view,169.3,pro
C02580,2025-02-05,W06,2025-02-13,search,253.8,basic
C02580,2025-02-05,W06,2025-02-20,page_view,136.1,free
C02580,2025-02-05,W06,2025-02-23,page_view,222.6,pro
C02580,2025-02-05,W06,2025-03-04,page_view,487.5,free
C02580,2025-02-05,W06,2025-03-10,page_view,266.2,basic
C02581,2025-01-22,W04,2025-01-23,feature_use,247.3,basic
C02581,2025-01-22,W04,2025-02-06,page_view,127.0,basic
C02582,2025-02-12,W07,2025-02-14,page_view,24.3,basic
C02582,2025-02-12,W07,2025-03-03,page_view,324.8,pro
C02582,2025-02-12,W07,2025-02-27,feature_use,40.8,free
C02582,2025-02-12,W07,2025-03-02,search,73.3,free
C02583,2025-03-19,W12,2025-03-22,feature_use,42.9,basic
C02583,2025-03-19,W12,2025-04-27,feature_use,390.4,free
C02583,2025-03-19,W12,2025-05-22,page_view,141.3,basic
C02584,2025-01-22,W04,2025-01-22,feature_use,97.0,pro
C02585,2025-01-22,W04,2025-01-26,page_view,38.3,free
C02585,2025-01-22,W04,2025-01-25,page_view,399.8,pro
C02585,2025-01-22,W04,2025-02-06,search,143.4,basic
C02585,2025-01-22,W04,2025-02-08,settings_change,668.2,basic
C02585,2025-01-22,W04,2025-02-09,page_view,62.2,pro
C02585,2025-01-22,W04,2025-02-09,search,9.4,free
C02585,2025-01-22,W04,2025-02-17,page_view,103.9,basic
C02585,2025-01-22,W04,2025-02-16,page_view,402.4,free
C02585,2025-01-22,W04,2025-02-16,page_view,918.7,pro
C02585,2025-01-22,W04,2025-03-24,feature_use,40.4,free
C02585,2025-01-22,W04,2025-03-25,page_view,577.8,basic
C02585,2025-01-22,W04,2025-03-22,search,23.1,free
C02586,2025-02-05,W06,2025-02-08,page_view,226.5,basic
C02586,2025-02-05,W06,2025-02-06,feature_use,371.4,free
C02587,2025-01-01,W01,2025-01-04,feature_use,61.0,free
C02587,2025-01-01,W01,2025-02-05,feature_use,1324.9,pro
C02587,2025-01-01,W01,2025-02-11,page_view,59.9,basic
C02588,2025-02-26,W09,2025-02-27,page_view,114.1,basic
C02588,2025-02-26,W09,2025-03-03,search,158.7,pro
C02588,2025-02-26,W09,2025-03-01,page_view,165.2,basic
C02589,2025-02-05,W06,2025-02-09,page_view,76.1,basic
C02590,2025-01-22,W04,2025-01-24,page_view,168.3,free
C02590,2025-01-22,W04,2025-01-29,search,507.9,free
C02590,2025-01-22,W04,2025-01-31,feature_use,194.9,basic
C02590,2025-01-22,W04,2025-01-30,feature_use,217.6,pro
C02590,2025-01-22,W04,2025-01-29,page_view,49.2,free
C02590,2025-01-22,W04,2025-02-04,page_view,276.7,basic
C02590,2025-01-22,W04,2025-01-30,page_view,151.3,basic
C02590,2025-01-22,W04,2025-03-08,feature_use,161.7,basic
C02591,2025-01-22,W04,2025-01-24,page_view,260.0,pro
C02591,2025-01-22,W04,2025-01-29,page_view,91.9,basic
C02591,2025-01-22,W04,2025-02-04,page_view,67.9,free
C02591,2025-01-22,W04,2025-02-10,page_view,543.2,basic
C02591,2025-01-22,W04,2025-02-09,search,23.4,pro
C02591,2025-01-22,W04,2025-02-27,page_view,66.4,basic
C02591,2025-01-22,W04,2025-04-06,settings_change,438.4,free
C02592,2025-02-26,W09,2025-02-27,page_view,82.9,free
C02592,2025-02-26,W09,2025-02-26,search,575.9,free
C02592,2025-02-26,W09,2025-03-07,search,445.5,basic
C02592,2025-02-26,W09,2025-03-07,page_view,99.5,free
C02592,2025-02-26,W09,2025-03-07,feature_use,493.8,free
C02593,2025-02-26,W09,2025-02-28,feature_use,76.8,free
C02594,2025-02-05,W06,2025-02-06,page_view,482.8,free
C02595,2025-03-19,W12,2025-03-25,settings_change,239.7,free
C02595,2025-03-19,W12,2025-03-20,page_view,581.2,basic
C02595,2025-03-19,W12,2025-04-30,page_view,103.0,free
C02595,2025-03-19,W12,2025-05-02,page_view,154.7,pro
C02595,2025-03-19,W12,2025-04-30,search,215.9,pro
C02595,2025-03-19,W12,2025-04-30,page_view,438.2,pro
C02596,2025-03-19,W12,2025-03-21,page_view,666.1,basic
C02596,2025-03-19,W12,2025-03-29,feature_use,233.9,free
C02596,2025-03-19,W12,2025-04-12,feature_use,858.1,free
C02596,2025-03-19,W12,2025-04-09,search,63.6,basic
C02596,2025-03-19,W12,2025-05-07,feature_use,97.7,basic
C02596,2025-03-19,W12,2025-05-12,page_view,103.0,basic
C02596,2025-03-19,W12,2025-05-13,feature_use,78.8,free
C02596,2025-03-19,W12,2025-05-13,page_view,102.9,basic
C02597,2025-01-29,W05,2025-01-31,page_view,236.1,free
C02597,2025-01-29,W05,2025-02-13,page_view,19.4,free
C02597,2025-01-29,W05,2025-02-20,page_view,56.0,basic
C02597,2025-01-29,W05,2025-02-25,feature_use,447.3,free
C02598,2025-01-01,W01,2025-01-04,search,184.5,pro
C02598,2025-01-01,W01,2025-01-02,page_view,486.3,basic
C02598,2025-01-01,W01,2025-03-04,search,213.7,free
C02599,2025-02-26,W09,2025-03-04,feature_use,303.3,free
C02599,2025-02-26,W09,2025-03-04,page_view,72.1,free
C02600,2025-02-05,W06,2025-02-07,feature_use,18.5,pro
C02600,2025-02-05,W06,2025-02-07,feature_use,125.2,basic
C02600,2025-02-05,W06,2025-02-20,feature_use,84.8,basic
C02600,2025-02-05,W06,2025-04-07,page_view,714.1,free
C02601,2025-02-26,W09,2025-02-28,page_view,84.5,basic
C02601,2025-02-26,W09,2025-05-11,settings_change,175.7,basic
C02601,2025-02-26,W09,2025-05-13,page_view,43.5,pro
C02601,2025-02-26,W09,2025-05-11,settings_change,161.5,basic
C02602,2025-03-12,W11,2025-03-16,feature_use,272.4,free
C02602,2025-03-12,W11,2025-03-27,page_view,172.7,free
C02602,2025-03-12,W11,2025-03-28,page_view,36.7,basic
C02602,2025-03-12,W11,2025-04-10,feature_use,158.7,free
C02602,2025-03-12,W11,2025-04-16,feature_use,41.3,free
C02602,2025-03-12,W11,2025-04-20,search,39.2,free
C02603,2025-01-08,W02,2025-01-09,search,188.2,free
C02603,2025-01-08,W02,2025-01-10,settings_change,1991.0,basic
C02603,2025-01-08,W02,2025-01-09,page_view,1221.7,pro
C02603,2025-01-08,W02,2025-01-22,settings_change,15.2,pro
C02603,2025-01-08,W02,2025-01-28,page_view,156.3,pro
C02603,2025-01-08,W02,2025-02-27,search,732.0,pro
C02604,2025-02-19,W08,2025-02-19,feature_use,88.7,basic
C02605,2025-02-12,W07,2025-02-13,feature_use,53.0,basic
C02605,2025-02-12,W07,2025-02-25,feature_use,1515.2,basic
C02605,2025-02-12,W07,2025-02-24,search,416.1,free
C02605,2025-02-12,W07,2025-02-24,feature_use,18.8,free
C02605,2025-02-12,W07,2025-03-10,page_view,210.8,basic
C02606,2025-01-01,W01,2025-01-03,search,139.0,free
C02606,2025-01-01,W01,2025-01-02,feature_use,243.8,pro
C02606,2025-01-01,W01,2025-01-15,feature_use,64.6,free
C02606,2025-01-01,W01,2025-02-27,search,34.8,free
C02606,2025-01-01,W01,2025-03-06,page_view,398.5,basic
C02606,2025-01-01,W01,2025-03-22,page_view,274.4,free
C02606,2025-01-01,W01,2025-03-25,page_view,270.8,basic
C02607,2025-03-12,W11,2025-03-17,page_view,160.5,pro
C02608,2025-02-05,W06,2025-02-09,feature_use,33.8,pro
C02608,2025-02-05,W06,2025-02-05,page_view,148.4,free
C02608,2025-02-05,W06,2025-02-05,page_view,240.5,free
C02608,2025-02-05,W06,2025-02-16,page_view,122.9,basic
C02608,2025-02-05,W06,2025-02-26,search,2046.0,free
C02609,2025-02-19,W08,2025-02-19,page_view,146.0,basic
C02609,2025-02-19,W08,2025-02-25,feature_use,176.4,basic
C02609,2025-02-19,W08,2025-02-19,feature_use,330.4,free
C02609,2025-02-19,W08,2025-02-27,feature_use,709.7,free
C02609,2025-02-19,W08,2025-03-05,page_view,89.9,pro
C02609,2025-02-19,W08,2025-03-10,feature_use,1956.8,pro
C02609,2025-02-19,W08,2025-03-23,search,96.3,free
C02610,2025-03-05,W10,2025-03-05,page_view,76.3,basic
C02610,2025-03-05,W10,2025-03-05,search,101.9,pro
C02611,2025-03-05,W10,2025-03-05,page_view,985.1,free
C02611,2025-03-05,W10,2025-03-10,page_view,136.7,free
C02611,2025-03-05,W10,2025-03-11,feature_use,111.2,free
C02611,2025-03-05,W10,2025-03-17,feature_use,324.0,basic
C02611,2025-03-05,W10,2025-03-16,page_view,109.1,pro
C02611,2025-03-05,W10,2025-03-14,feature_use,66.6,pro
C02611,2025-03-05,W10,2025-03-24,feature_use,581.0,basic
C02611,2025-03-05,W10,2025-04-15,feature_use,497.8,free
C02612,2025-01-01,W01,2025-01-01,search,62.4,pro
C02612,2025-01-01,W01,2025-02-12,page_view,73.2,pro
C02613,2025-03-05,W10,2025-03-07,page_view,580.7,pro
C02614,2025-01-15,W03,2025-01-17,search,1166.2,pro
C02614,2025-01-15,W03,2025-03-15,page_view,294.4,free
C02615,2025-01-01,W01,2025-01-02,page_view,149.8,basic
C02616,2025-01-22,W04,2025-01-22,page_view,70.6,pro
C02617,2025-01-22,W04,2025-01-23,page_view,38.7,pro
C02617,2025-01-22,W04,2025-03-14,feature_use,122.9,basic
C02618,2025-02-05,W06,2025-02-06,page_view,455.1,free
C02618,2025-02-05,W06,2025-02-10,page_view,554.9,pro
C02618,2025-02-05,W06,2025-03-21,search,24.7,basic
C02618,2025-02-05,W06,2025-03-25,page_view,241.4,free
C02618,2025-02-05,W06,2025-04-07,page_view,282.1,free
C02619,2025-03-19,W12,2025-03-21,page_view,101.3,basic
C02620,2025-03-12,W11,2025-03-14,feature_use,61.1,free
C02620,2025-03-12,W11,2025-04-05,feature_use,102.1,pro
C02620,2025-03-12,W11,2025-04-02,feature_use,761.2,free
C02621,2025-03-12,W11,2025-03-13,feature_use,75.9,free
C02621,2025-03-12,W11,2025-04-16,feature_use,929.2,free
C02621,2025-03-12,W11,2025-04-25,feature_use,316.4,pro
C02621,2025-03-12,W11,2025-05-09,page_view,165.9,free
C02621,2025-03-12,W11,2025-05-30,search,89.2,free
C02622,2025-02-05,W06,2025-02-05,feature_use,42.6,free
C02622,2025-02-05,W06,2025-03-06,search,222.0,pro
C02622,2025-02-05,W06,2025-03-05,feature_use,211.0,basic
C02622,2025-02-05,W06,2025-03-31,feature_use,217.3,pro
C02622,2025-02-05,W06,2025-03-26,page_view,89.3,free
C02623,2025-01-08,W02,2025-01-10,feature_use,588.0,basic
C02624,2025-02-12,W07,2025-02-13,page_view,567.8,basic
C02624,2025-02-12,W07,2025-03-22,page_view,154.9,basic
C02625,2025-02-12,W07,2025-02-14,settings_change,69.6,free
C02625,2025-02-12,W07,2025-02-13,page_view,41.8,basic
C02625,2025-02-12,W07,2025-02-27,page_view,163.0,basic
C02625,2025-02-12,W07,2025-03-01,settings_change,27.9,free
C02625,2025-02-12,W07,2025-04-22,feature_use,480.2,free
C02626,2025-02-05,W06,2025-02-11,page_view,51.4,basic
C02626,2025-02-05,W06,2025-02-11,feature_use,521.4,pro
C02626,2025-02-05,W06,2025-03-14,feature_use,75.6,free
C02627,2025-03-12,W11,2025-03-15,page_view,17.1,pro
C02628,2025-02-26,W09,2025-02-26,page_view,145.6,pro
C02628,2025-02-26,W09,2025-03-01,feature_use,94.3,free
C02628,2025-02-26,W09,2025-04-02,page_view,23.4,free
C02628,2025-02-26,W09,2025-04-06,page_view,94.9,free
C02628,2025-02-26,W09,2025-04-11,page_view,28.1,free
C02629,2025-01-22,W04,2025-01-26,page_view,429.7,basic
C02629,2025-01-22,W04,2025-01-24,search,98.5,pro
C02630,2025-02-19,W08,2025-02-20,search,224.2,free
C02630,2025-02-19,W08,2025-02-20,feature_use,27.6,pro
C02631,2025-01-08,W02,2025-01-08,page_view,330.7,basic
C02631,2025-01-08,W02,2025-01-08,page_view,382.8,free
C02631,2025-01-08,W02,2025-01-09,feature_use,142.4,basic
C02631,2025-01-08,W02,2025-02-17,page_view,258.8,basic
C02631,2025-01-08,W02,2025-02-14,page_view,313.2,basic
C02632,2025-03-05,W10,2025-03-08,search,32.5,free
C02632,2025-03-05,W10,2025-03-09,page_view,163.3,basic
C02632,2025-03-05,W10,2025-03-06,feature_use,166.1,pro
C02632,2025-03-05,W10,2025-05-02,page_view,335.0,free
C02633,2025-01-22,W04,2025-01-27,feature_use,130.2,free
C02633,2025-01-22,W04,2025-01-22,feature_use,318.5,free
C02633,2025-01-22,W04,2025-01-31,page_view,252.4,basic
C02633,2025-01-22,W04,2025-03-25,search,9.7,basic
C02634,2025-02-12,W07,2025-02-17,page_view,153.8,basic
C02634,2025-02-12,W07,2025-02-15,feature_use,541.5,basic
C02634,2025-02-12,W07,2025-02-22,page_view,207.5,free
C02634,2025-02-12,W07,2025-02-19,search,205.4,free
C02634,2025-02-12,W07,2025-02-21,page_view,35.4,pro
C02634,2025-02-12,W07,2025-02-24,page_view,1084.1,free
C02634,2025-02-12,W07,2025-02-19,feature_use,42.5,pro
C02634,2025-02-12,W07,2025-02-26,feature_use,199.9,basic
C02634,2025-02-12,W07,2025-02-27,search,542.3,free
C02634,2025-02-12,W07,2025-02-27,page_view,121.6,basic
C02634,2025-02-12,W07,2025-03-05,page_view,174.5,basic
C02634,2025-02-12,W07,2025-03-24,page_view,87.2,pro
C02635,2025-02-12,W07,2025-02-12,page_view,49.4,pro
C02635,2025-02-12,W07,2025-02-12,feature_use,28.1,pro
C02635,2025-02-12,W07,2025-02-26,feature_use,212.1,free
C02635,2025-02-12,W07,2025-02-27,feature_use,74.6,free
C02636,2025-01-22,W04,2025-01-25,page_view,86.5,basic
C02636,2025-01-22,W04,2025-01-23,page_view,59.0,basic
C02636,2025-01-22,W04,2025-01-27,feature_use,164.5,free
C02636,2025-01-22,W04,2025-01-26,page_view,788.8,basic
C02636,2025-01-22,W04,2025-01-31,page_view,826.8,free
C02636,2025-01-22,W04,2025-02-07,page_view,40.5,free
C02636,2025-01-22,W04,2025-02-10,page_view,211.0,free
C02636,2025-01-22,W04,2025-03-12,page_view,6.8,free
C02636,2025-01-22,W04,2025-03-31,feature_use,430.7,pro
C02637,2025-02-26,W09,2025-02-28,page_view,464.7,free
C02637,2025-02-26,W09,2025-03-04,feature_use,59.6,basic
C02637,2025-02-26,W09,2025-03-02,page_view,54.4,pro
C02637,2025-02-26,W09,2025-02-27,search,42.4,free
C02637,2025-02-26,W09,2025-03-02,search,69.1,pro
C02637,2025-02-26,W09,2025-02-27,search,551.8,free
C02637,2025-02-26,W09,2025-02-27,page_view,154.3,free
C02637,2025-02-26,W09,2025-03-04,feature_use,53.8,pro
C02637,2025-02-26,W09,2025-04-03,page_view,39.4,basic
C02637,2025-02-26,W09,2025-04-07,page_view,91.4,pro
C02637,2025-02-26,W09,2025-04-22,search,181.7,pro
C02637,2025-02-26,W09,2025-04-20,page_view,157.2,free
C02637,2025-02-26,W09,2025-05-04,feature_use,114.7,basic
C02637,2025-02-26,W09,2025-04-30,settings_change,234.8,basic
C02638,2025-01-08,W02,2025-01-13,feature_use,462.9,free
C02638,2025-01-08,W02,2025-01-11,page_view,406.1,pro
C02638,2025-01-08,W02,2025-01-14,search,32.2,free
C02638,2025-01-08,W02,2025-01-25,page_view,89.4,pro
C02638,2025-01-08,W02,2025-02-17,search,243.6,basic
C02638,2025-01-08,W02,2025-02-14,feature_use,157.1,free
C02638,2025-01-08,W02,2025-02-12,page_view,374.3,pro
C02638,2025-01-08,W02,2025-02-16,page_view,74.9,free
C02638,2025-01-08,W02,2025-02-15,feature_use,22.3,free
C02638,2025-01-08,W02,2025-03-17,feature_use,130.4,pro
C02638,2025-01-08,W02,2025-03-25,page_view,261.8,basic
C02638,2025-01-08,W02,2025-03-23,page_view,94.2,basic
C02638,2025-01-08,W02,2025-03-31,feature_use,97.5,pro
C02639,2025-03-19,W12,2025-03-20,search,93.2,free
C02639,2025-03-19,W12,2025-03-31,page_view,90.1,pro
C02639,2025-03-19,W12,2025-04-01,page_view,235.7,free
C02639,2025-03-19,W12,2025-03-29,feature_use,25.0,basic
C02639,2025-03-19,W12,2025-05-05,page_view,1721.9,basic
C02639,2025-03-19,W12,2025-05-01,search,75.7,free
C02639,2025-03-19,W12,2025-05-06,search,83.7,basic
C02639,2025-03-19,W12,2025-05-20,settings_change,89.2,basic
C02639,2025-03-19,W12,2025-05-17,feature_use,370.3,pro
C02639,2025-03-19,W12,2025-05-19,page_view,58.1,pro
C02639,2025-03-19,W12,2025-05-14,feature_use,182.4,free
C02640,2025-02-05,W06,2025-02-09,page_view,327.8,free
C02641,2025-01-15,W03,2025-01-17,page_view,291.6,free
C02641,2025-01-15,W03,2025-03-31,page_view,327.4,pro
C02642,2025-01-08,W02,2025-01-08,search,129.0,free
C02642,2025-01-08,W02,2025-01-17,feature_use,668.5,free
C02643,2025-03-12,W11,2025-03-13,page_view,2197.4,basic
C02643,2025-03-12,W11,2025-03-12,feature_use,55.4,free
C02643,2025-03-12,W11,2025-03-19,page_view,444.1,free
C02643,2025-03-12,W11,2025-04-27,page_view,233.3,pro
C02643,2025-03-12,W11,2025-04-28,search,678.1,free
C02644,2025-03-19,W12,2025-03-25,search,446.0,pro
C02644,2025-03-19,W12,2025-03-25,page_view,43.8,free
C02644,2025-03-19,W12,2025-03-25,page_view,274.3,free
C02644,2025-03-19,W12,2025-04-07,search,209.6,basic
C02644,2025-03-19,W12,2025-04-13,page_view,577.7,basic
C02644,2025-03-19,W12,2025-04-13,settings_change,205.6,basic
C02644,2025-03-19,W12,2025-04-09,page_view,143.4,basic
C02644,2025-03-19,W12,2025-04-10,feature_use,479.1,basic
C02644,2025-03-19,W12,2025-04-17,page_view,288.3,free
C02644,2025-03-19,W12,2025-04-17,page_view,209.2,free
C02645,2025-01-01,W01,2025-01-07,page_view,333.8,free
C02645,2025-01-01,W01,2025-02-13,feature_use,799.8,free
C02645,2025-01-01,W01,2025-02-12,settings_change,25.2,free
C02645,2025-01-01,W01,2025-02-15,page_view,835.3,basic
C02646,2025-03-05,W10,2025-03-09,search,158.5,free
C02646,2025-03-05,W10,2025-03-24,feature_use,548.3,pro
C02646,2025-03-05,W10,2025-03-21,page_view,97.0,basic
C02646,2025-03-05,W10,2025-03-21,search,11.5,free
C02646,2025-03-05,W10,2025-03-19,feature_use,1067.7,free
C02646,2025-03-05,W10,2025-05-06,page_view,594.0,free
C02647,2025-02-19,W08,2025-02-23,search,36.2,free
C02648,2025-01-08,W02,2025-01-09,page_view,152.5,pro
C02648,2025-01-08,W02,2025-01-11,settings_change,21.5,pro
C02648,2025-01-08,W02,2025-02-01,page_view,494.2,basic
C02648,2025-01-08,W02,2025-02-01,feature_use,187.5,pro
C02649,2025-01-22,W04,2025-01-25,page_view,36.2,free
C02650,2025-01-15,W03,2025-01-18,search,105.1,free
C02650,2025-01-15,W03,2025-02-05,page_view,62.5,free
C02650,2025-01-15,W03,2025-02-10,feature_use,274.8,free
C02651,2025-02-19,W08,2025-02-20,search,61.1,free
C02652,2025-02-12,W07,2025-02-18,search,105.6,pro
C02652,2025-02-12,W07,2025-03-11,page_view,263.1,pro
C02653,2025-01-22,W04,2025-01-22,feature_use,696.2,basic
C02653,2025-01-22,W04,2025-03-11,page_view,1386.9,basic
C02653,2025-01-22,W04,2025-03-07,feature_use,170.5,free
C02653,2025-01-22,W04,2025-03-07,page_view,200.1,free
C02653,2025-01-22,W04,2025-03-08,page_view,43.7,free
C02653,2025-01-22,W04,2025-03-06,feature_use,39.6,basic
C02654,2025-03-12,W11,2025-03-14,feature_use,187.2,free
C02654,2025-03-12,W11,2025-03-23,page_view,70.2,free
C02654,2025-03-12,W11,2025-03-24,feature_use,2735.0,pro
C02654,2025-03-12,W11,2025-04-13,feature_use,23.3,basic
C02654,2025-03-12,W11,2025-04-13,search,41.0,pro
C02654,2025-03-12,W11,2025-04-11,page_view,108.0,basic
C02654,2025-03-12,W11,2025-04-10,page_view,138.2,free
C02655,2025-03-12,W11,2025-03-12,page_view,175.8,free
C02656,2025-02-05,W06,2025-02-08,page_view,337.6,free
C02657,2025-01-29,W05,2025-02-03,feature_use,377.0,free
C02658,2025-01-08,W02,2025-01-11,page_view,340.8,basic
C02658,2025-01-08,W02,2025-01-12,page_view,1728.6,pro
C02658,2025-01-08,W02,2025-01-11,search,464.4,free
C02658,2025-01-08,W02,2025-02-04,page_view,322.6,basic
C02658,2025-01-08,W02,2025-01-29,search,454.0,pro
C02658,2025-01-08,W02,2025-02-04,search,91.1,free
C02658,2025-01-08,W02,2025-02-05,feature_use,90.1,basic
C02658,2025-01-08,W02,2025-02-09,page_view,176.1,basic
C02658,2025-01-08,W02,2025-02-10,page_view,189.2,free
C02658,2025-01-08,W02,2025-02-09,page_view,151.9,free
C02658,2025-01-08,W02,2025-02-10,page_view,588.7,pro
C02658,2025-01-08,W02,2025-02-25,page_view,157.3,free
C02658,2025-01-08,W02,2025-03-04,page_view,136.8,free
C02658,2025-01-08,W02,2025-03-04,feature_use,304.1,free
C02658,2025-01-08,W02,2025-02-27,page_view,43.2,pro
C02658,2025-01-08,W02,2025-03-10,feature_use,77.3,basic
C02658,2025-01-08,W02,2025-03-07,search,199.6,basic
C02658,2025-01-08,W02,2025-03-07,page_view,1127.0,basic
C02659,2025-02-12,W07,2025-02-17,feature_use,257.5,free
C02659,2025-02-12,W07,2025-03-04,feature_use,338.6,free
C02660,2025-02-26,W09,2025-02-28,settings_change,143.2,free
C02660,2025-02-26,W09,2025-03-08,page_view,217.6,free
C02660,2025-02-26,W09,2025-03-12,page_view,147.7,free
C02660,2025-02-26,W09,2025-03-17,page_view,68.0,basic
C02660,2025-02-26,W09,2025-03-15,page_view,840.9,basic
C02660,2025-02-26,W09,2025-03-12,settings_change,78.1,basic
C02661,2025-02-19,W08,2025-02-23,page_view,58.5,pro
C02661,2025-02-19,W08,2025-02-25,page_view,330.1,free
C02661,2025-02-19,W08,2025-03-24,feature_use,237.1,pro
C02661,2025-02-19,W08,2025-03-22,feature_use,38.9,free
C02661,2025-02-19,W08,2025-03-27,page_view,210.5,free
C02661,2025-02-19,W08,2025-04-17,page_view,5.0,free
C02662,2025-03-19,W12,2025-03-19,page_view,196.2,basic
C02662,2025-03-19,W12,2025-03-19,feature_use,50.8,free
C02662,2025-03-19,W12,2025-04-04,page_view,1056.6,free
C02663,2025-02-12,W07,2025-02-17,feature_use,121.0,free
C02663,2025-02-12,W07,2025-03-06,page_view,131.5,free
C02663,2025-02-12,W07,2025-03-07,search,100.9,free
C02664,2025-03-12,W11,2025-03-15,page_view,25.6,pro
C02664,2025-03-12,W11,2025-03-27,page_view,485.6,pro
C02664,2025-03-12,W11,2025-05-07,page_view,76.5,basic
C02665,2025-02-05,W06,2025-02-07,feature_use,97.7,basic
C02665,2025-02-05,W06,2025-03-11,feature_use,269.7,basic
C02666,2025-03-12,W11,2025-03-15,page_view,74.9,free
C02666,2025-03-12,W11,2025-03-24,feature_use,845.0,basic
C02666,2025-03-12,W11,2025-05-08,page_view,657.0,basic
C02666,2025-03-12,W11,2025-05-07,feature_use,1119.4,basic
C02666,2025-03-12,W11,2025-05-13,feature_use,629.8,basic
C02666,2025-03-12,W11,2025-05-23,page_view,330.5,basic
C02666,2025-03-12,W11,2025-05-23,search,277.2,basic
C02666,2025-03-12,W11,2025-05-25,feature_use,70.4,free
C02667,2025-01-08,W02,2025-01-11,feature_use,327.8,basic
C02667,2025-01-08,W02,2025-01-17,feature_use,119.7,pro
C02668,2025-02-05,W06,2025-02-11,page_view,160.6,pro
C02668,2025-02-05,W06,2025-02-06,page_view,1027.9,pro
C02668,2025-02-05,W06,2025-02-10,feature_use,88.2,pro
C02669,2025-03-12,W11,2025-03-14,feature_use,109.7,basic
C02670,2025-01-01,W01,2025-01-04,page_view,412.5,free
C02670,2025-01-01,W01,2025-03-04,settings_change,363.3,basic
C02670,2025-01-01,W01,2025-03-02,settings_change,363.8,free
C02670,2025-01-01,W01,2025-03-04,search,75.7,pro
C02670,2025-01-01,W01,2025-03-10,page_view,13.8,free
C02670,2025-01-01,W01,2025-03-09,search,49.6,free
C02670,2025-01-01,W01,2025-03-05,page_view,297.4,basic
C02671,2025-02-05,W06,2025-02-07,feature_use,94.1,free
C02671,2025-02-05,W06,2025-02-05,feature_use,273.6,pro
C02671,2025-02-05,W06,2025-03-06,page_view,153.6,basic
C02671,2025-02-05,W06,2025-03-08,feature_use,2429.1,pro
C02671,2025-02-05,W06,2025-03-05,settings_change,667.3,pro
C02671,2025-02-05,W06,2025-03-08,page_view,70.8,basic
C02671,2025-02-05,W06,2025-03-16,feature_use,196.3,free
C02671,2025-02-05,W06,2025-03-23,page_view,46.8,free
C02671,2025-02-05,W06,2025-03-22,page_view,19.8,free
C02671,2025-02-05,W06,2025-04-20,search,385.5,basic
C02671,2025-02-05,W06,2025-04-16,page_view,54.0,basic
C02671,2025-02-05,W06,2025-04-22,page_view,46.8,basic
C02671,2025-02-05,W06,2025-04-22,page_view,69.3,basic
C02671,2025-02-05,W06,2025-04-23,page_view,339.8,basic
C02671,2025-02-05,W06,2025-04-27,page_view,268.9,free
C02672,2025-02-12,W07,2025-02-14,feature_use,119.3,free
C02672,2025-02-12,W07,2025-03-03,feature_use,333.7,free
C02672,2025-02-12,W07,2025-03-03,page_view,867.6,basic
C02672,2025-02-12,W07,2025-02-27,search,54.8,free
C02672,2025-02-12,W07,2025-03-01,feature_use,26.0,pro
C02673,2025-01-22,W04,2025-01-25,page_view,120.6,free
C02673,2025-01-22,W04,2025-01-30,page_view,97.8,pro
C02673,2025-01-22,W04,2025-02-01,page_view,106.3,basic
C02673,2025-01-22,W04,2025-02-02,search,46.6,free
C02673,2025-01-22,W04,2025-03-15,feature_use,306.7,pro
C02673,2025-01-22,W04,2025-03-15,page_view,257.5,basic
C02674,2025-03-05,W10,2025-03-09,page_view,139.4,pro
C02674,2025-03-05,W10,2025-03-14,page_view,697.8,free
C02674,2025-03-05,W10,2025-03-13,page_view,45.3,pro
C02674,2025-03-05,W10,2025-03-12,page_view,106.9,free
C02674,2025-03-05,W10,2025-04-02,page_view,249.5,pro
C02674,2025-03-05,W10,2025-04-02,search,290.2,free
C02674,2025-03-05,W10,2025-04-14,page_view,12.1,basic
C02674,2025-03-05,W10,2025-04-11,page_view,195.8,free
C02675,2025-03-12,W11,2025-03-14,page_view,56.3,free
C02675,2025-03-12,W11,2025-03-18,settings_change,370.6,basic
C02675,2025-03-12,W11,2025-04-20,page_view,124.4,pro
C02675,2025-03-12,W11,2025-04-27,page_view,178.2,free
C02676,2025-02-12,W07,2025-02-12,feature_use,538.2,free
C02676,2025-02-12,W07,2025-03-07,feature_use,107.9,free
C02676,2025-02-12,W07,2025-03-13,page_view,129.2,free
C02676,2025-02-12,W07,2025-03-13,page_view,64.6,basic
C02677,2025-02-26,W09,2025-03-01,page_view,81.0,free
C02677,2025-02-26,W09,2025-02-27,page_view,339.9,free
C02677,2025-02-26,W09,2025-03-04,feature_use,21.5,basic
C02677,2025-02-26,W09,2025-03-01,feature_use,70.1,pro
C02677,2025-02-26,W09,2025-03-11,feature_use,238.5,basic
C02677,2025-02-26,W09,2025-03-11,page_view,82.1,basic
C02677,2025-02-26,W09,2025-03-10,feature_use,121.2,free
C02677,2025-02-26,W09,2025-03-22,feature_use,263.9,basic
C02677,2025-02-26,W09,2025-03-26,page_view,825.4,pro
C02677,2025-02-26,W09,2025-03-26,search,198.8,free
C02677,2025-02-26,W09,2025-04-01,page_view,26.0,free
C02677,2025-02-26,W09,2025-04-06,page_view,416.8,free
C02677,2025-02-26,W09,2025-04-08,page_view,170.9,basic
C02677,2025-02-26,W09,2025-04-08,search,68.8,pro
C02677,2025-02-26,W09,2025-04-02,page_view,110.2,free
C02677,2025-02-26,W09,2025-04-11,feature_use,83.8,free
C02677,2025-02-26,W09,2025-04-11,feature_use,17.6,free
C02677,2025-02-26,W09,2025-04-12,page_view,55.9,basic
C02677,2025-02-26,W09,2025-04-22,page_view,50.0,pro
C02677,2025-02-26,W09,2025-04-19,settings_change,269.1,basic
C02677,2025-02-26,W09,2025-04-20,search,160.5,free
C02677,2025-02-26,W09,2025-04-29,settings_change,74.6,basic
C02677,2025-02-26,W09,2025-04-28,page_view,64.2,pro
C02678,2025-01-01,W01,2025-01-01,page_view,629.2,free
C02678,2025-01-01,W01,2025-01-16,page_view,486.7,free
C02678,2025-01-01,W01,2025-02-01,feature_use,162.4,free
C02679,2025-01-22,W04,2025-01-26,page_view,88.1,pro
C02680,2025-03-05,W10,2025-03-07,page_view,198.3,pro
C02681,2025-01-22,W04,2025-01-23,page_view,151.1,free
C02681,2025-01-22,W04,2025-01-26,page_view,113.1,free
C02681,2025-01-22,W04,2025-03-16,settings_change,267.3,free
C02681,2025-01-22,W04,2025-03-12,feature_use,101.2,basic
C02681,2025-01-22,W04,2025-03-12,page_view,592.1,free
C02681,2025-01-22,W04,2025-03-15,feature_use,262.2,free
C02681,2025-01-22,W04,2025-03-12,feature_use,248.8,pro
C02682,2025-01-22,W04,2025-01-27,feature_use,86.8,pro
C02683,2025-01-01,W01,2025-01-03,search,169.9,basic
C02683,2025-01-01,W01,2025-01-07,page_view,76.3,free
C02683,2025-01-01,W01,2025-01-05,page_view,88.5,basic
C02683,2025-01-01,W01,2025-01-01,page_view,108.1,free
C02684,2025-02-12,W07,2025-02-16,page_view,26.8,free
C02684,2025-02-12,W07,2025-03-08,page_view,502.9,pro
C02685,2025-02-19,W08,2025-02-19,feature_use,184.1,basic
C02685,2025-02-19,W08,2025-03-02,page_view,137.1,free
C02685,2025-02-19,W08,2025-03-02,page_view,390.7,basic
C02685,2025-02-19,W08,2025-03-05,feature_use,46.4,free
C02685,2025-02-19,W08,2025-03-09,page_view,214.7,pro
C02685,2025-02-19,W08,2025-03-09,feature_use,76.2,free
C02685,2025-02-19,W08,2025-03-08,page_view,170.9,basic
C02685,2025-02-19,W08,2025-03-12,feature_use,21.0,pro
C02685,2025-02-19,W08,2025-03-18,feature_use,53.2,free
C02685,2025-02-19,W08,2025-03-12,feature_use,167.1,free
C02685,2025-02-19,W08,2025-03-18,page_view,98.7,free
C02685,2025-02-19,W08,2025-03-12,feature_use,1002.9,free
C02685,2025-02-19,W08,2025-03-17,page_view,258.9,free
C02685,2025-02-19,W08,2025-03-12,search,687.9,pro
C02685,2025-02-19,W08,2025-03-27,settings_change,81.0,basic
C02685,2025-02-19,W08,2025-03-28,page_view,82.0,basic
C02685,2025-02-19,W08,2025-03-26,page_view,626.2,free
C02686,2025-03-12,W11,2025-03-12,settings_change,649.7,free
C02687,2025-02-12,W07,2025-02-12,page_view,66.8,pro
C02687,2025-02-12,W07,2025-02-18,feature_use,148.1,free
C02687,2025-02-12,W07,2025-02-17,page_view,172.7,basic
C02687,2025-02-12,W07,2025-02-22,page_view,88.4,free
C02687,2025-02-12,W07,2025-02-25,search,182.0,free
C02687,2025-02-12,W07,2025-04-24,feature_use,28.2,free
C02687,2025-02-12,W07,2025-04-26,page_view,107.2,free
C02687,2025-02-12,W07,2025-04-29,page_view,60.0,pro
C02687,2025-02-12,W07,2025-04-24,feature_use,131.3,basic
C02687,2025-02-12,W07,2025-04-26,page_view,596.5,free
C02688,2025-01-08,W02,2025-01-11,feature_use,196.7,pro
C02688,2025-01-08,W02,2025-01-23,feature_use,17.4,pro
C02689,2025-01-22,W04,2025-01-23,search,121.3,basic
C02689,2025-01-22,W04,2025-01-26,page_view,231.3,pro
C02689,2025-01-22,W04,2025-01-25,page_view,128.0,basic
C02689,2025-01-22,W04,2025-01-29,page_view,541.9,free
C02689,2025-01-22,W04,2025-03-02,search,108.6,free
C02690,2025-01-08,W02,2025-01-09,feature_use,149.6,pro
C02690,2025-01-08,W02,2025-01-08,feature_use,118.5,pro
C02690,2025-01-08,W02,2025-01-14,page_view,54.7,free
C02691,2025-02-12,W07,2025-02-12,page_view,70.9,pro
C02691,2025-02-12,W07,2025-02-16,search,162.8,free
C02691,2025-02-12,W07,2025-02-15,page_view,104.4,basic
C02691,2025-02-12,W07,2025-03-19,feature_use,87.9,basic
C02691,2025-02-12,W07,2025-04-16,page_view,231.3,free
C02691,2025-02-12,W07,2025-04-22,feature_use,23.7,free
C02692,2025-01-22,W04,2025-01-26,page_view,62.4,basic
C02692,2025-01-22,W04,2025-02-21,settings_change,90.5,basic
C02693,2025-02-12,W07,2025-02-18,feature_use,230.3,pro
C02693,2025-02-12,W07,2025-02-16,feature_use,255.0,basic
C02693,2025-02-12,W07,2025-04-01,feature_use,226.2,free
C02693,2025-02-12,W07,2025-04-08,feature_use,225.3,basic
C02694,2025-02-05,W06,2025-02-11,page_view,189.0,pro
C02694,2025-02-05,W06,2025-02-14,page_view,149.1,basic
C02694,2025-02-05,W06,2025-02-13,page_view,241.7,pro
C02694,2025-02-05,W06,2025-02-24,page_view,28.7,pro
C02695,2025-03-05,W10,2025-03-05,feature_use,82.8,basic
C02696,2025-03-05,W10,2025-03-10,feature_use,174.8,free
C02696,2025-03-05,W10,2025-03-23,page_view,549.6,free
C02697,2025-01-15,W03,2025-01-20,page_view,66.7,free
C02697,2025-01-15,W03,2025-02-22,search,94.0,basic
C02698,2025-02-26,W09,2025-02-26,page_view,224.3,free
C02698,2025-02-26,W09,2025-03-23,search,151.9,basic
C02699,2025-03-12,W11,2025-03-15,settings_change,342.7,free
C02699,2025-03-12,W11,2025-03-25,settings_change,28.9,free
C02699,2025-03-12,W11,2025-03-21,page_view,212.0,pro
C02699,2025-03-12,W11,2025-04-19,page_view,115.3,free
C02699,2025-03-12,W11,2025-04-21,page_view,172.9,free
C02699,2025-03-12,W11,2025-05-28,feature_use,330.8,free
C02699,2025-03-12,W11,2025-05-28,page_view,140.6,pro
C02700,2025-02-19,W08,2025-02-21,search,31.4,pro
C02701,2025-02-12,W07,2025-02-17,feature_use,363.4,free
C02702,2025-01-15,W03,2025-01-17,feature_use,175.4,basic
C02702,2025-01-15,W03,2025-03-18,feature_use,492.4,basic
C02703,2025-01-29,W05,2025-02-02,feature_use,887.3,pro
C02703,2025-01-29,W05,2025-01-31,search,242.2,basic
C02703,2025-01-29,W05,2025-02-10,feature_use,449.6,free
C02703,2025-01-29,W05,2025-03-18,page_view,94.9,basic
C02703,2025-01-29,W05,2025-03-21,page_view,336.3,free
C02703,2025-01-29,W05,2025-03-20,page_view,52.0,basic
C02703,2025-01-29,W05,2025-03-22,feature_use,303.9,pro
C02704,2025-03-12,W11,2025-03-15,page_view,306.0,free
C02705,2025-02-19,W08,2025-02-23,page_view,59.0,free
C02705,2025-02-19,W08,2025-02-25,page_view,260.6,basic
C02705,2025-02-19,W08,2025-02-21,feature_use,144.0,free
C02705,2025-02-19,W08,2025-03-09,page_view,114.6,basic
C02705,2025-02-19,W08,2025-04-08,feature_use,75.8,free
C02705,2025-02-19,W08,2025-04-16,feature_use,215.7,basic
C02705,2025-02-19,W08,2025-04-20,page_view,47.8,free
C02705,2025-02-19,W08,2025-04-22,page_view,814.1,pro
C02706,2025-01-08,W02,2025-01-08,page_view,255.9,pro
C02706,2025-01-08,W02,2025-01-10,feature_use,245.1,pro
C02706,2025-01-08,W02,2025-02-01,page_view,17.3,free
C02706,2025-01-08,W02,2025-02-01,page_view,48.2,free
C02707,2025-01-22,W04,2025-01-27,page_view,112.1,basic
C02707,2025-01-22,W04,2025-02-03,page_view,331.1,pro
C02707,2025-01-22,W04,2025-01-29,feature_use,99.1,pro
C02707,2025-01-22,W04,2025-01-29,page_view,71.8,free
C02708,2025-01-29,W05,2025-01-31,page_view,162.9,free
C02708,2025-01-29,W05,2025-02-01,page_view,127.7,pro
C02708,2025-01-29,W05,2025-01-30,page_view,57.2,free
C02708,2025-01-29,W05,2025-02-03,page_view,150.4,free
C02708,2025-01-29,W05,2025-02-10,page_view,65.1,free
C02708,2025-01-29,W05,2025-04-13,page_view,52.5,basic
C02709,2025-01-08,W02,2025-01-10,page_view,132.5,free
C02709,2025-01-08,W02,2025-01-09,settings_change,20.1,free
C02709,2025-01-08,W02,2025-01-15,page_view,583.1,pro
C02709,2025-01-08,W02,2025-01-17,feature_use,52.9,free
C02709,2025-01-08,W02,2025-02-07,page_view,178.7,free
C02709,2025-01-08,W02,2025-02-27,page_view,118.2,free
C02709,2025-01-08,W02,2025-03-03,page_view,87.3,basic
C02709,2025-01-08,W02,2025-04-01,page_view,88.0,free
C02710,2025-02-05,W06,2025-02-11,page_view,202.2,free
C02711,2025-02-12,W07,2025-02-16,page_view,134.5,basic
C02711,2025-02-12,W07,2025-02-15,feature_use,331.4,free
C02711,2025-02-12,W07,2025-02-17,feature_use,545.5,free
C02712,2025-02-19,W08,2025-02-25,feature_use,175.5,basic
C02713,2025-03-19,W12,2025-03-25,page_view,237.8,basic
C02713,2025-03-19,W12,2025-03-20,settings_change,40.1,pro
C02713,2025-03-19,W12,2025-04-15,page_view,658.6,free
C02714,2025-01-22,W04,2025-01-28,page_view,812.2,free
C02714,2025-01-22,W04,2025-02-01,feature_use,248.7,free
C02714,2025-01-22,W04,2025-02-01,feature_use,109.4,free
C02714,2025-01-22,W04,2025-01-30,page_view,143.0,basic
C02715,2025-01-29,W05,2025-02-04,feature_use,440.2,free
C02715,2025-01-29,W05,2025-02-07,page_view,864.7,free
C02716,2025-01-15,W03,2025-01-15,page_view,1544.4,basic
C02716,2025-01-15,W03,2025-01-29,feature_use,83.7,free
C02717,2025-01-29,W05,2025-01-30,page_view,81.6,basic
C02717,2025-01-29,W05,2025-02-15,feature_use,99.0,pro
C02717,2025-01-29,W05,2025-02-12,page_view,1475.8,free
C02717,2025-01-29,W05,2025-02-15,page_view,134.0,free
C02717,2025-01-29,W05,2025-02-23,page_view,484.0,basic
C02717,2025-01-29,W05,2025-03-25,page_view,227.4,basic
C02718,2025-02-05,W06,2025-02-11,page_view,67.8,basic
C02719,2025-01-22,W04,2025-01-27,search,95.8,free
C02719,2025-01-22,W04,2025-01-22,page_view,605.1,basic
C02719,2025-01-22,W04,2025-01-26,page_view,38.8,free
C02719,2025-01-22,W04,2025-01-28,feature_use,344.4,free
C02719,2025-01-22,W04,2025-02-09,page_view,314.4,free
C02719,2025-01-22,W04,2025-02-11,page_view,138.8,basic
C02719,2025-01-22,W04,2025-02-08,feature_use,33.8,basic
C02720,2025-03-12,W11,2025-03-17,page_view,514.8,free
C02720,2025-03-12,W11,2025-03-13,feature_use,886.9,pro
C02720,2025-03-12,W11,2025-03-13,search,448.1,pro
C02720,2025-03-12,W11,2025-03-13,feature_use,204.6,free
C02720,2025-03-12,W11,2025-03-23,feature_use,54.9,free
C02720,2025-03-12,W11,2025-03-20,page_view,231.9,free
C02720,2025-03-12,W11,2025-03-23,page_view,134.5,free
C02720,2025-03-12,W11,2025-03-23,page_view,43.6,pro
C02720,2025-03-12,W11,2025-03-30,feature_use,20.0,free
C02720,2025-03-12,W11,2025-03-26,page_view,369.0,free
C02720,2025-03-12,W11,2025-04-01,feature_use,167.1,free
C02720,2025-03-12,W11,2025-03-30,page_view,266.6,free
C02720,2025-03-12,W11,2025-03-30,page_view,347.5,free
C02720,2025-03-12,W11,2025-04-07,feature_use,235.5,free
C02720,2025-03-12,W11,2025-04-06,page_view,99.5,free
C02720,2025-03-12,W11,2025-04-08,search,122.6,free
C02720,2025-03-12,W11,2025-04-04,feature_use,179.2,basic
C02720,2025-03-12,W11,2025-04-02,search,98.0,free
C02720,2025-03-12,W11,2025-04-05,page_view,143.8,free
C02720,2025-03-12,W11,2025-04-10,page_view,140.1,basic
C02720,2025-03-12,W11,2025-04-27,search,63.6,pro
C02721,2025-02-05,W06,2025-02-09,page_view,119.1,free
C02721,2025-02-05,W06,2025-02-09,feature_use,70.3,basic
C02721,2025-02-05,W06,2025-02-15,search,244.1,pro
C02722,2025-02-26,W09,2025-02-27,page_view,1818.5,free
C02723,2025-01-22,W04,2025-01-27,feature_use,109.7,pro
C02723,2025-01-22,W04,2025-01-22,search,235.8,free
C02723,2025-01-22,W04,2025-02-01,settings_change,218.1,free
C02724,2025-02-12,W07,2025-02-15,feature_use,77.5,pro
C02724,2025-02-12,W07,2025-02-18,page_view,254.9,free
C02724,2025-02-12,W07,2025-02-17,feature_use,76.8,free
C02724,2025-02-12,W07,2025-02-18,feature_use,302.5,free
C02724,2025-02-12,W07,2025-02-24,page_view,146.9,free
C02724,2025-02-12,W07,2025-03-03,feature_use,333.5,free
C02724,2025-02-12,W07,2025-04-24,page_view,71.5,free
C02724,2025-02-12,W07,2025-04-29,search,1077.8,pro
C02724,2025-02-12,W07,2025-04-25,page_view,77.5,free
C02725,2025-02-19,W08,2025-02-24,search,158.5,basic
C02725,2025-02-19,W08,2025-03-19,page_view,18.1,pro
C02725,2025-02-19,W08,2025-03-20,settings_change,30.0,basic
C02725,2025-02-19,W08,2025-03-25,search,47.9,free
C02725,2025-02-19,W08,2025-03-24,page_view,205.9,pro
C02725,2025-02-19,W08,2025-03-19,feature_use,121.3,free
C02725,2025-02-19,W08,2025-05-12,page_view,270.3,free
C02726,2025-03-19,W12,2025-03-19,page_view,2462.0,free
C02726,2025-03-19,W12,2025-05-01,page_view,119.6,free
C02727,2025-03-05,W10,2025-03-11,page_view,180.5,basic
C02727,2025-03-05,W10,2025-03-07,feature_use,608.0,free
C02727,2025-03-05,W10,2025-03-09,settings_change,59.6,free
C02728,2025-01-15,W03,2025-01-20,page_view,93.6,free
C02728,2025-01-15,W03,2025-02-23,page_view,446.6,basic
C02728,2025-01-15,W03,2025-02-25,page_view,144.1,basic
C02728,2025-01-15,W03,2025-03-22,page_view,131.9,basic
C02729,2025-02-12,W07,2025-02-12,search,83.3,free
C02729,2025-02-12,W07,2025-02-12,page_view,71.4,free
C02729,2025-02-12,W07,2025-02-18,page_view,49.6,free
C02729,2025-02-12,W07,2025-02-17,page_view,192.8,free
C02729,2025-02-12,W07,2025-03-08,page_view,190.2,free
C02729,2025-02-12,W07,2025-03-09,feature_use,413.4,basic
C02729,2025-02-12,W07,2025-03-05,page_view,130.2,basic
C02729,2025-02-12,W07,2025-03-09,page_view,54.2,pro
C02729,2025-02-12,W07,2025-03-22,feature_use,81.2,basic
C02729,2025-02-12,W07,2025-03-22,search,67.6,pro
C02729,2025-02-12,W07,2025-03-20,page_view,450.1,free
C02730,2025-02-26,W09,2025-03-03,feature_use,104.6,basic
C02730,2025-02-26,W09,2025-02-27,feature_use,54.8,pro
C02730,2025-02-26,W09,2025-03-01,page_view,194.8,free
C02731,2025-03-12,W11,2025-03-13,feature_use,72.5,basic
C02731,2025-03-12,W11,2025-03-16,feature_use,149.3,free
C02731,2025-03-12,W11,2025-03-17,page_view,98.0,basic
C02731,2025-03-12,W11,2025-03-12,feature_use,321.7,basic
C02731,2025-03-12,W11,2025-03-17,page_view,358.8,free
C02731,2025-03-12,W11,2025-04-22,search,126.2,pro
C02731,2025-03-12,W11,2025-04-20,page_view,163.9,pro
C02732,2025-03-05,W10,2025-03-09,page_view,111.9,free
C02732,2025-03-05,W10,2025-04-24,settings_change,258.0,free
C02733,2025-01-01,W01,2025-01-07,page_view,112.5,free
C02733,2025-01-01,W01,2025-01-01,feature_use,280.7,free
C02733,2025-01-01,W01,2025-01-15,feature_use,63.0,basic
C02734,2025-03-19,W12,2025-03-21,page_view,44.9,basic
C02734,2025-03-19,W12,2025-03-29,search,334.8,free
C02734,2025-03-19,W12,2025-04-01,settings_change,403.6,free
C02735,2025-01-01,W01,2025-01-03,settings_change,95.9,pro
C02736,2025-02-12,W07,2025-02-15,page_view,399.5,pro
C02736,2025-02-12,W07,2025-03-24,page_view,131.8,basic
C02737,2025-01-08,W02,2025-01-11,page_view,369.6,basic
C02738,2025-02-19,W08,2025-02-21,search,66.8,free
C02738,2025-02-19,W08,2025-02-21,settings_change,100.0,free
C02738,2025-02-19,W08,2025-03-13,feature_use,141.1,pro
C02739,2025-02-05,W06,2025-02-08,page_view,581.9,free
C02739,2025-02-05,W06,2025-02-11,page_view,217.7,free
C02739,2025-02-05,W06,2025-02-18,page_view,206.6,free
C02740,2025-01-08,W02,2025-01-12,page_view,278.2,basic
C02740,2025-01-08,W02,2025-02-24,search,750.8,free
C02740,2025-01-08,W02,2025-02-19,feature_use,334.3,pro
C02740,2025-01-08,W02,2025-02-25,page_view,97.5,pro
C02740,2025-01-08,W02,2025-02-20,page_view,92.8,pro
C02740,2025-01-08,W02,2025-03-29,page_view,302.1,basic
C02740,2025-01-08,W02,2025-03-30,feature_use,3391.7,basic
C02740,2025-01-08,W02,2025-03-29,settings_change,226.4,free
C02740,2025-01-08,W02,2025-03-31,feature_use,171.0,free
C02741,2025-01-22,W04,2025-01-23,page_view,146.8,free
C02741,2025-01-22,W04,2025-01-23,page_view,66.0,pro
C02741,2025-01-22,W04,2025-01-26,search,480.6,basic
C02741,2025-01-22,W04,2025-02-04,page_view,79.8,pro
C02741,2025-01-22,W04,2025-02-17,page_view,627.0,basic
C02741,2025-01-22,W04,2025-03-15,search,118.4,basic
C02741,2025-01-22,W04,2025-03-18,search,19.9,free
C02742,2025-02-12,W07,2025-02-15,feature_use,805.8,free
C02743,2025-03-19,W12,2025-03-24,page_view,122.7,pro
C02743,2025-03-19,W12,2025-04-06,feature_use,600.5,basic
C02743,2025-03-19,W12,2025-05-07,feature_use,299.7,pro
C02743,2025-03-19,W12,2025-05-11,page_view,147.3,basic
C02744,2025-02-19,W08,2025-02-23,page_view,46.9,basic
C02744,2025-02-19,W08,2025-02-22,feature_use,158.2,free
C02744,2025-02-19,W08,2025-03-01,page_view,217.3,basic
C02744,2025-02-19,W08,2025-03-02,feature_use,135.5,basic
C02744,2025-02-19,W08,2025-02-27,feature_use,183.5,free
C02744,2025-02-19,W08,2025-02-26,feature_use,220.1,free
C02744,2025-02-19,W08,2025-02-28,feature_use,25.7,free
C02744,2025-02-19,W08,2025-03-14,page_view,121.3,free
C02744,2025-02-19,W08,2025-03-20,feature_use,40.1,free
C02744,2025-02-19,W08,2025-04-01,page_view,405.3,basic
C02744,2025-02-19,W08,2025-04-01,page_view,326.2,pro
C02744,2025-02-19,W08,2025-05-05,feature_use,15.9,free
C02745,2025-01-29,W05,2025-02-03,feature_use,21.1,free
C02745,2025-01-29,W05,2025-02-14,page_view,39.2,pro
C02745,2025-01-29,W05,2025-02-13,page_view,743.6,free
C02745,2025-01-29,W05,2025-03-19,feature_use,160.9,free
C02745,2025-01-29,W05,2025-03-25,page_view,186.3,basic
C02746,2025-01-08,W02,2025-01-09,feature_use,104.4,basic
C02746,2025-01-08,W02,2025-02-05,page_view,278.3,basic
C02747,2025-01-08,W02,2025-01-08,search,290.8,basic
C02747,2025-01-08,W02,2025-02-07,page_view,273.1,free
C02747,2025-01-08,W02,2025-02-17,search,135.5,pro
C02748,2025-01-22,W04,2025-01-23,search,284.6,free
C02748,2025-01-22,W04,2025-04-05,feature_use,140.2,basic
C02749,2025-01-15,W03,2025-01-17,page_view,152.8,free
C02749,2025-01-15,W03,2025-01-17,search,29.3,free
C02749,2025-01-15,W03,2025-03-05,page_view,250.8,free
C02749,2025-01-15,W03,2025-04-01,feature_use,316.7,free
C02750,2025-02-12,W07,2025-02-12,page_view,378.7,free
C02750,2025-02-12,W07,2025-02-12,feature_use,61.4,free
C02750,2025-02-12,W07,2025-02-14,search,62.2,basic
C02750,2025-02-12,W07,2025-03-27,feature_use,141.3,free
C02750,2025-02-12,W07,2025-04-21,feature_use,158.2,free
C02750,2025-02-12,W07,2025-04-16,page_view,263.4,basic
C02751,2025-01-29,W05,2025-02-03,page_view,38.3,basic
C02751,2025-01-29,W05,2025-03-15,page_view,165.6,free
C02751,2025-01-29,W05,2025-03-18,page_view,104.1,free
C02752,2025-01-29,W05,2025-01-31,search,307.2,free
C02752,2025-01-29,W05,2025-04-01,page_view,198.9,basic
C02752,2025-01-29,W05,2025-03-27,feature_use,499.3,free
C02752,2025-01-29,W05,2025-03-31,feature_use,50.3,pro
C02753,2025-03-05,W10,2025-03-05,feature_use,526.4,pro
C02753,2025-03-05,W10,2025-03-22,page_view,103.2,free
C02753,2025-03-05,W10,2025-03-24,settings_change,311.7,pro
C02753,2025-03-05,W10,2025-03-28,page_view,160.2,basic
C02753,2025-03-05,W10,2025-04-30,page_view,95.0,free
C02753,2025-03-05,W10,2025-04-30,page_view,49.3,free
C02753,2025-03-05,W10,2025-04-30,feature_use,108.9,pro
C02754,2025-02-19,W08,2025-02-24,feature_use,132.1,free
C02754,2025-02-19,W08,2025-02-28,page_view,17.8,basic
C02754,2025-02-19,W08,2025-03-20,page_view,393.4,free
C02754,2025-02-19,W08,2025-03-20,page_view,219.4,pro
C02754,2025-02-19,W08,2025-03-21,page_view,25.5,basic
C02754,2025-02-19,W08,2025-03-20,page_view,506.2,free
C02754,2025-02-19,W08,2025-04-10,page_view,172.5,basic
C02755,2025-01-01,W01,2025-01-06,page_view,79.9,free
C02755,2025-01-01,W01,2025-01-02,page_view,241.6,free
C02755,2025-01-01,W01,2025-01-28,search,60.9,basic
C02755,2025-01-01,W01,2025-02-07,page_view,150.0,free
C02755,2025-01-01,W01,2025-02-24,settings_change,131.1,free
C02755,2025-01-01,W01,2025-03-24,page_view,672.4,free
C02756,2025-02-05,W06,2025-02-10,feature_use,87.0,free
C02756,2025-02-05,W06,2025-03-11,settings_change,98.2,free
C02756,2025-02-05,W06,2025-03-05,search,110.9,pro
C02757,2025-03-19,W12,2025-03-21,feature_use,24.1,free
C02758,2025-02-05,W06,2025-02-06,page_view,151.5,free
C02758,2025-02-05,W06,2025-03-03,page_view,107.5,pro
C02758,2025-02-05,W06,2025-03-01,feature_use,317.4,pro
C02758,2025-02-05,W06,2025-03-08,page_view,196.0,free
C02759,2025-01-22,W04,2025-01-23,feature_use,179.1,pro
C02759,2025-01-22,W04,2025-02-15,settings_change,52.9,free
C02759,2025-01-22,W04,2025-02-13,page_view,399.0,free
C02760,2025-02-12,W07,2025-02-13,feature_use,145.3,basic
C02760,2025-02-12,W07,2025-03-02,page_view,159.3,free
C02761,2025-03-12,W11,2025-03-14,feature_use,301.9,basic
C02762,2025-02-26,W09,2025-03-03,page_view,134.7,pro
C02763,2025-02-26,W09,2025-03-02,feature_use,496.4,basic
C02763,2025-02-26,W09,2025-03-03,page_view,102.3,pro
C02763,2025-02-26,W09,2025-03-13,search,569.1,free
C02763,2025-02-26,W09,2025-03-17,page_view,266.4,pro
C02763,2025-02-26,W09,2025-04-29,page_view,50.8,basic
C02763,2025-02-26,W09,2025-04-24,page_view,14.3,free
C02764,2025-02-19,W08,2025-02-19,page_view,171.7,free
C02764,2025-02-19,W08,2025-02-24,page_view,20.3,pro
C02764,2025-02-19,W08,2025-04-28,feature_use,212.4,free
C02764,2025-02-19,W08,2025-04-27,page_view,995.0,pro
C02764,2025-02-19,W08,2025-04-26,search,1070.6,free
C02765,2025-01-01,W01,2025-01-06,feature_use,29.2,pro
C02766,2025-03-12,W11,2025-03-17,page_view,232.3,basic
C02766,2025-03-12,W11,2025-03-13,feature_use,101.8,basic
C02766,2025-03-12,W11,2025-03-14,page_view,151.2,pro
C02766,2025-03-12,W11,2025-03-19,feature_use,6.3,free
C02766,2025-03-12,W11,2025-03-21,feature_use,1284.9,free
C02766,2025-03-12,W11,2025-03-23,feature_use,221.5,free
C02766,2025-03-12,W11,2025-03-27,search,29.6,basic
C02766,2025-03-12,W11,2025-03-27,search,71.1,basic
C02766,2025-03-12,W11,2025-04-01,page_view,423.2,free
C02766,2025-03-12,W11,2025-03-26,search,235.6,pro
C02766,2025-03-12,W11,2025-03-28,feature_use,345.8,pro
C02766,2025-03-12,W11,2025-03-30,page_view,660.0,basic
C02767,2025-03-19,W12,2025-03-24,page_view,119.9,basic
C02767,2025-03-19,W12,2025-03-21,search,450.8,basic
C02767,2025-03-19,W12,2025-03-22,settings_change,180.4,free
C02767,2025-03-19,W12,2025-03-22,settings_change,284.4,free
C02767,2025-03-19,W12,2025-04-22,feature_use,292.1,basic
C02767,2025-03-19,W12,2025-04-27,feature_use,88.4,free
C02768,2025-02-26,W09,2025-02-27,feature_use,1039.4,basic
C02768,2025-02-26,W09,2025-03-24,search,64.7,pro
C02768,2025-02-26,W09,2025-03-25,page_view,168.1,basic
C02769,2025-03-19,W12,2025-03-21,settings_change,58.6,free
C02769,2025-03-19,W12,2025-03-23,page_view,497.1,basic
C02769,2025-03-19,W12,2025-03-19,page_view,38.0,pro
C02769,2025-03-19,W12,2025-03-23,search,30.1,free
C02770,2025-01-22,W04,2025-01-22,page_view,72.6,free
C02771,2025-01-15,W03,2025-01-20,page_view,49.5,basic
C02772,2025-03-19,W12,2025-03-25,search,564.9,free
C02772,2025-03-19,W12,2025-04-26,page_view,115.8,basic
C02772,2025-03-19,W12,2025-04-30,page_view,243.1,pro
C02773,2025-01-08,W02,2025-01-12,page_view,91.6,free
C02773,2025-01-08,W02,2025-01-21,search,113.1,free
C02774,2025-01-22,W04,2025-01-25,feature_use,247.5,basic
C02774,2025-01-22,W04,2025-02-16,page_view,162.3,basic
C02775,2025-02-12,W07,2025-02-18,feature_use,341.8,free
C02775,2025-02-12,W07,2025-02-26,page_view,111.5,basic
C02776,2025-03-05,W10,2025-03-08,settings_change,85.3,free
C02776,2025-03-05,W10,2025-03-08,page_view,87.9,free
C02776,2025-03-05,W10,2025-03-09,feature_use,425.5,pro
C02776,2025-03-05,W10,2025-03-08,search,56.2,basic
C02776,2025-03-05,W10,2025-04-04,page_view,234.4,pro
C02776,2025-03-05,W10,2025-04-02,page_view,282.1,free
C02777,2025-01-01,W01,2025-01-03,page_view,652.4,free
C02777,2025-01-01,W01,2025-01-03,search,304.1,basic
C02777,2025-01-01,W01,2025-02-09,page_view,81.9,free
C02778,2025-01-08,W02,2025-01-10,page_view,23.8,free
C02778,2025-01-08,W02,2025-02-13,page_view,109.4,basic
C02779,2025-01-01,W01,2025-01-03,feature_use,75.2,basic
C02779,2025-01-01,W01,2025-01-01,feature_use,135.8,pro
C02779,2025-01-01,W01,2025-01-25,feature_use,219.7,basic
C02779,2025-01-01,W01,2025-02-02,feature_use,172.4,pro
C02779,2025-01-01,W01,2025-02-02,settings_change,292.8,basic
C02779,2025-01-01,W01,2025-03-23,page_view,579.7,free
C02779,2025-01-01,W01,2025-03-25,search,57.2,free
C02779,2025-01-01,W01,2025-03-21,search,132.6,basic
C02779,2025-01-01,W01,2025-03-21,page_view,62.5,basic
C02779,2025-01-01,W01,2025-03-19,feature_use,291.0,free
C02780,2025-02-05,W06,2025-02-05,feature_use,101.0,basic
C02780,2025-02-05,W06,2025-02-05,page_view,230.9,free
C02780,2025-02-05,W06,2025-02-05,feature_use,426.6,basic
C02780,2025-02-05,W06,2025-02-19,feature_use,250.6,free
C02780,2025-02-05,W06,2025-02-23,page_view,206.8,basic
C02780,2025-02-05,W06,2025-02-26,page_view,232.1,free
C02780,2025-02-05,W06,2025-03-22,page_view,137.2,pro
C02780,2025-02-05,W06,2025-03-24,feature_use,101.4,free
C02780,2025-02-05,W06,2025-03-19,page_view,64.1,free
C02781,2025-03-05,W10,2025-03-10,page_view,102.8,pro
C02781,2025-03-05,W10,2025-03-11,page_view,52.7,basic
C02781,2025-03-05,W10,2025-03-06,page_view,73.3,free
C02782,2025-02-12,W07,2025-02-15,page_view,700.4,basic
C02782,2025-02-12,W07,2025-03-04,page_view,86.5,pro
C02782,2025-02-12,W07,2025-03-01,page_view,422.1,free
C02783,2025-02-19,W08,2025-02-20,feature_use,594.6,pro
C02783,2025-02-19,W08,2025-02-21,feature_use,77.6,pro
C02783,2025-02-19,W08,2025-03-02,page_view,50.4,free
C02783,2025-02-19,W08,2025-02-27,page_view,109.2,free
C02784,2025-01-08,W02,2025-01-11,settings_change,15.4,basic
C02784,2025-01-08,W02,2025-01-19,search,1090.9,free
C02784,2025-01-08,W02,2025-01-19,page_view,86.3,basic
C02784,2025-01-08,W02,2025-01-16,feature_use,718.9,basic
C02784,2025-01-08,W02,2025-02-02,search,83.6,pro
C02784,2025-01-08,W02,2025-01-30,feature_use,134.5,pro
C02784,2025-01-08,W02,2025-02-11,feature_use,417.2,pro
C02784,2025-01-08,W02,2025-02-13,page_view,86.0,basic
C02784,2025-01-08,W02,2025-02-14,settings_change,40.7,basic
C02784,2025-01-08,W02,2025-02-17,page_view,97.5,free
C02784,2025-01-08,W02,2025-02-24,page_view,218.9,pro
C02784,2025-01-08,W02,2025-02-21,feature_use,184.1,free
C02784,2025-01-08,W02,2025-03-06,page_view,100.0,basic
C02784,2025-01-08,W02,2025-03-08,feature_use,71.0,free
C02784,2025-01-08,W02,2025-03-10,settings_change,425.7,basic
C02784,2025-01-08,W02,2025-03-11,feature_use,113.4,pro
C02784,2025-01-08,W02,2025-03-10,page_view,22.4,basic
C02784,2025-01-08,W02,2025-03-06,settings_change,319.1,pro
C02784,2025-01-08,W02,2025-03-11,page_view,61.2,basic
C02784,2025-01-08,W02,2025-03-07,page_view,134.3,free
C02784,2025-01-08,W02,2025-03-11,feature_use,91.3,basic
C02784,2025-01-08,W02,2025-03-22,feature_use,406.7,free
C02785,2025-01-01,W01,2025-01-05,feature_use,228.3,pro
C02785,2025-01-01,W01,2025-01-16,page_view,63.2,basic
C02785,2025-01-01,W01,2025-01-18,feature_use,107.8,free
C02785,2025-01-01,W01,2025-03-10,feature_use,1160.4,free
C02786,2025-03-12,W11,2025-03-12,feature_use,135.5,basic
C02787,2025-03-19,W12,2025-03-20,feature_use,157.2,free
C02787,2025-03-19,W12,2025-04-04,page_view,195.0,pro
C02787,2025-03-19,W12,2025-04-13,feature_use,92.2,basic
C02788,2025-01-08,W02,2025-01-09,feature_use,104.8,basic
C02788,2025-01-08,W02,2025-01-20,page_view,146.2,free
C02788,2025-01-08,W02,2025-01-16,page_view,127.4,basic
C02789,2025-02-19,W08,2025-02-21,page_view,34.5,basic
C02789,2025-02-19,W08,2025-02-23,page_view,209.9,free
C02789,2025-02-19,W08,2025-03-04,feature_use,62.5,free
C02789,2025-02-19,W08,2025-03-02,page_view,294.6,pro
C02789,2025-02-19,W08,2025-03-03,search,463.5,pro
C02789,2025-02-19,W08,2025-02-28,search,1424.3,free
C02789,2025-02-19,W08,2025-03-04,feature_use,25.4,free
C02789,2025-02-19,W08,2025-03-03,search,520.5,free
C02789,2025-02-19,W08,2025-03-10,page_view,27.6,pro
C02789,2025-02-19,W08,2025-03-07,feature_use,99.5,pro
C02790,2025-01-29,W05,2025-02-04,page_view,288.7,basic
C02790,2025-01-29,W05,2025-02-06,search,227.7,free
C02790,2025-01-29,W05,2025-02-07,page_view,479.0,basic
C02790,2025-01-29,W05,2025-03-20,feature_use,145.7,free
C02791,2025-03-12,W11,2025-03-12,search,51.6,free
C02791,2025-03-12,W11,2025-03-14,page_view,63.6,pro
C02791,2025-03-12,W11,2025-03-20,page_view,192.2,pro
C02791,2025-03-12,W11,2025-03-30,search,33.4,pro
C02791,2025-03-12,W11,2025-03-27,page_view,90.9,free
C02791,2025-03-12,W11,2025-03-26,page_view,107.0,free
C02792,2025-02-05,W06,2025-02-11,settings_change,48.2,basic
C02793,2025-01-22,W04,2025-01-23,page_view,162.2,free
C02793,2025-01-22,W04,2025-01-22,page_view,34.3,free
C02793,2025-01-22,W04,2025-01-31,search,163.1,free
C02793,2025-01-22,W04,2025-01-30,feature_use,252.4,free
C02793,2025-01-22,W04,2025-02-01,search,779.8,free
C02793,2025-01-22,W04,2025-02-07,page_view,886.3,free
C02793,2025-01-22,W04,2025-02-15,feature_use,55.6,basic
C02793,2025-01-22,W04,2025-02-16,search,1838.4,free
C02793,2025-01-22,W04,2025-02-18,page_view,572.0,free
C02793,2025-01-22,W04,2025-02-16,page_view,1218.2,pro
C02793,2025-01-22,W04,2025-02-14,page_view,348.9,pro
C02793,2025-01-22,W04,2025-02-18,search,14.3,basic
C02793,2025-01-22,W04,2025-02-23,page_view,377.5,free
C02793,2025-01-22,W04,2025-02-22,page_view,432.4,free
C02793,2025-01-22,W04,2025-02-21,search,40.8,free
C02794,2025-01-15,W03,2025-01-15,feature_use,107.2,free
C02794,2025-01-15,W03,2025-01-20,search,152.7,free
C02795,2025-03-12,W11,2025-03-17,feature_use,617.2,free
C02795,2025-03-12,W11,2025-04-02,page_view,14.6,free
C02795,2025-03-12,W11,2025-04-11,search,127.8,free
C02795,2025-03-12,W11,2025-04-13,page_view,126.5,basic
C02795,2025-03-12,W11,2025-04-15,search,83.8,free
C02795,2025-03-12,W11,2025-05-11,page_view,278.8,pro
C02795,2025-03-12,W11,2025-05-12,page_view,95.9,free
C02795,2025-03-12,W11,2025-05-07,feature_use,91.2,pro
C02796,2025-02-26,W09,2025-03-02,page_view,106.3,basic
C02796,2025-02-26,W09,2025-03-09,page_view,558.0,pro
C02796,2025-02-26,W09,2025-03-21,page_view,510.9,free
C02797,2025-01-29,W05,2025-01-31,page_view,234.0,free
C02797,2025-01-29,W05,2025-01-30,page_view,267.0,basic
C02797,2025-01-29,W05,2025-02-14,page_view,168.6,free
C02797,2025-01-29,W05,2025-02-16,feature_use,6.1,free
C02797,2025-01-29,W05,2025-04-19,page_view,88.9,free
C02798,2025-02-12,W07,2025-02-13,page_view,95.5,basic
C02798,2025-02-12,W07,2025-03-12,feature_use,66.9,basic
C02799,2025-03-19,W12,2025-03-20,page_view,136.2,free
C02799,2025-03-19,W12,2025-03-23,page_view,305.6,free
C02799,2025-03-19,W12,2025-03-29,feature_use,42.0,basic
C02799,2025-03-19,W12,2025-03-28,search,125.9,free
C02799,2025-03-19,W12,2025-03-30,page_view,383.9,free
C02799,2025-03-19,W12,2025-04-02,search,120.0,free
C02799,2025-03-19,W12,2025-04-10,search,173.2,free
C02799,2025-03-19,W12,2025-04-14,page_view,626.3,pro
C02799,2025-03-19,W12,2025-04-11,feature_use,438.4,free
C02799,2025-03-19,W12,2025-04-10,feature_use,420.9,pro
C02799,2025-03-19,W12,2025-04-13,page_view,87.9,free
C02799,2025-03-19,W12,2025-04-17,search,116.5,pro
C02799,2025-03-19,W12,2025-04-19,feature_use,95.2,free
C02799,2025-03-19,W12,2025-04-17,page_view,92.9,basic
C02799,2025-03-19,W12,2025-05-13,page_view,134.9,free
C02799,2025-03-19,W12,2025-05-20,page_view,280.8,free
C02800,2025-02-12,W07,2025-02-18,page_view,407.8,free
C02800,2025-02-12,W07,2025-03-01,page_view,128.5,pro
C02800,2025-02-12,W07,2025-03-16,page_view,696.0,pro
C02800,2025-02-12,W07,2025-04-20,feature_use,153.3,free
C02800,2025-02-12,W07,2025-04-19,page_view,49.3,free
C02800,2025-02-12,W07,2025-04-16,search,149.3,free
C02801,2025-02-12,W07,2025-02-15,search,1020.4,free
C02801,2025-02-12,W07,2025-02-13,feature_use,163.8,basic
C02801,2025-02-12,W07,2025-02-13,search,334.6,free
C02801,2025-02-12,W07,2025-02-25,feature_use,16.3,free
C02802,2025-02-19,W08,2025-02-21,feature_use,79.8,free
C02802,2025-02-19,W08,2025-03-16,page_view,16.3,free
C02802,2025-02-19,W08,2025-03-23,page_view,353.0,free
C02802,2025-02-19,W08,2025-03-23,page_view,100.6,free
C02802,2025-02-19,W08,2025-05-10,page_view,490.6,free
C02802,2025-02-19,W08,2025-05-11,page_view,1026.1,free
C02803,2025-01-15,W03,2025-01-21,page_view,580.8,basic
C02803,2025-01-15,W03,2025-01-19,search,97.6,basic
C02803,2025-01-15,W03,2025-01-16,feature_use,44.6,pro
C02804,2025-01-01,W01,2025-01-03,page_view,281.9,pro
C02804,2025-01-01,W01,2025-01-31,page_view,39.2,free
C02804,2025-01-01,W01,2025-01-30,page_view,340.0,free
C02804,2025-01-01,W01,2025-01-29,page_view,844.8,free
C02804,2025-01-01,W01,2025-02-01,page_view,241.0,free
C02804,2025-01-01,W01,2025-01-29,feature_use,94.9,free
C02804,2025-01-01,W01,2025-02-04,page_view,956.1,pro
C02804,2025-01-01,W01,2025-03-13,page_view,31.2,basic
C02805,2025-01-22,W04,2025-01-28,page_view,196.4,free
C02805,2025-01-22,W04,2025-01-25,page_view,193.0,free
C02805,2025-01-22,W04,2025-03-09,page_view,468.0,basic
C02806,2025-01-01,W01,2025-01-05,feature_use,407.4,basic
C02806,2025-01-01,W01,2025-01-03,search,24.8,free
C02806,2025-01-01,W01,2025-01-13,settings_change,138.3,basic
C02806,2025-01-01,W01,2025-01-21,search,113.9,pro
C02806,2025-01-01,W01,2025-01-20,search,442.4,free
C02806,2025-01-01,W01,2025-02-05,feature_use,50.0,free
C02807,2025-01-22,W04,2025-01-23,feature_use,578.8,free
C02807,2025-01-22,W04,2025-02-25,feature_use,546.9,free
C02808,2025-03-12,W11,2025-03-15,settings_change,200.9,pro
C02808,2025-03-12,W11,2025-03-14,settings_change,32.2,free
C02809,2025-01-08,W02,2025-01-08,settings_change,74.3,basic
C02809,2025-01-08,W02,2025-02-01,page_view,199.9,free
C02809,2025-01-08,W02,2025-02-23,search,177.6,basic
C02810,2025-02-19,W08,2025-02-24,search,583.9,basic
C02810,2025-02-19,W08,2025-02-19,search,184.6,basic
C02810,2025-02-19,W08,2025-04-26,page_view,112.3,free
C02810,2025-02-19,W08,2025-04-28,settings_change,275.7,pro
C02810,2025-02-19,W08,2025-04-26,feature_use,58.6,basic
C02811,2025-02-05,W06,2025-02-08,search,171.7,free
C02812,2025-01-29,W05,2025-01-30,page_view,224.9,basic
C02812,2025-01-29,W05,2025-03-04,page_view,241.2,basic
C02812,2025-01-29,W05,2025-03-10,page_view,405.1,basic
C02812,2025-01-29,W05,2025-03-06,page_view,78.2,free
C02813,2025-01-08,W02,2025-01-09,page_view,45.8,basic
C02813,2025-01-08,W02,2025-01-22,page_view,149.9,pro
C02813,2025-01-08,W02,2025-01-25,page_view,32.8,free
C02813,2025-01-08,W02,2025-03-12,feature_use,90.2,free
C02814,2025-03-05,W10,2025-03-08,page_view,1049.2,free
C02814,2025-03-05,W10,2025-03-24,page_view,557.6,basic
C02814,2025-03-05,W10,2025-04-15,page_view,199.5,basic
C02815,2025-01-15,W03,2025-01-18,page_view,253.7,pro
C02815,2025-01-15,W03,2025-01-18,page_view,52.0,free
C02815,2025-01-15,W03,2025-01-23,feature_use,627.0,basic
C02815,2025-01-15,W03,2025-01-22,page_view,279.7,free
C02815,2025-01-15,W03,2025-01-23,page_view,579.8,free
C02815,2025-01-15,W03,2025-02-15,feature_use,172.6,free
C02815,2025-01-15,W03,2025-03-13,feature_use,237.1,pro
C02815,2025-01-15,W03,2025-03-13,page_view,241.3,free
C02815,2025-01-15,W03,2025-03-13,page_view,103.7,pro
C02815,2025-01-15,W03,2025-03-14,feature_use,22.5,basic
C02816,2025-02-26,W09,2025-03-01,page_view,256.2,basic
C02816,2025-02-26,W09,2025-03-01,search,624.9,pro
C02816,2025-02-26,W09,2025-03-01,page_view,165.6,free
C02816,2025-02-26,W09,2025-03-16,page_view,182.3,free
C02816,2025-02-26,W09,2025-03-20,page_view,86.6,pro
C02816,2025-02-26,W09,2025-03-26,settings_change,113.5,basic
C02816,2025-02-26,W09,2025-03-28,search,84.1,free
C02816,2025-02-26,W09,2025-03-28,search,83.9,pro
C02816,2025-02-26,W09,2025-05-10,page_view,29.0,basic
C02816,2025-02-26,W09,2025-05-15,page_view,44.0,free
C02816,2025-02-26,W09,2025-05-14,feature_use,118.5,pro
C02817,2025-01-29,W05,2025-02-02,page_view,67.6,basic
C02817,2025-01-29,W05,2025-01-29,page_view,30.1,basic
C02817,2025-01-29,W05,2025-02-12,page_view,67.3,free
C02817,2025-01-29,W05,2025-02-21,page_view,73.1,pro
C02818,2025-01-08,W02,2025-01-11,page_view,172.7,free
C02818,2025-01-08,W02,2025-02-12,search,773.4,basic
C02819,2025-01-01,W01,2025-01-05,feature_use,187.0,free
C02820,2025-01-29,W05,2025-02-01,feature_use,38.3,basic
C02820,2025-01-29,W05,2025-02-02,feature_use,295.0,basic
C02820,2025-01-29,W05,2025-03-15,settings_change,286.7,free
C02820,2025-01-29,W05,2025-03-18,page_view,136.4,basic
C02820,2025-01-29,W05,2025-03-14,page_view,192.1,pro
C02820,2025-01-29,W05,2025-03-20,page_view,46.5,pro
C02821,2025-01-15,W03,2025-01-20,page_view,69.4,pro
C02821,2025-01-15,W03,2025-01-16,feature_use,55.7,pro
C02821,2025-01-15,W03,2025-01-16,page_view,311.2,basic
C02821,2025-01-15,W03,2025-01-26,feature_use,421.1,free
C02821,2025-01-15,W03,2025-01-24,page_view,51.1,basic
C02821,2025-01-15,W03,2025-01-27,feature_use,146.2,free
C02821,2025-01-15,W03,2025-01-24,page_view,279.7,free
C02821,2025-01-15,W03,2025-01-24,page_view,252.0,basic
C02821,2025-01-15,W03,2025-03-25,feature_use,422.8,free
C02821,2025-01-15,W03,2025-03-19,feature_use,106.6,basic
C02821,2025-01-15,W03,2025-03-24,feature_use,86.1,basic
C02821,2025-01-15,W03,2025-04-02,page_view,103.0,pro
C02822,2025-01-29,W05,2025-01-31,page_view,56.5,basic
C02822,2025-01-29,W05,2025-02-18,feature_use,250.8,free
C02823,2025-02-19,W08,2025-02-22,feature_use,102.0,free
C02823,2025-02-19,W08,2025-02-27,page_view,149.3,basic
C02824,2025-01-22,W04,2025-01-24,feature_use,113.1,free
C02825,2025-02-05,W06,2025-02-06,settings_change,10.9,basic
C02825,2025-02-05,W06,2025-02-19,page_view,227.2,free
C02825,2025-02-05,W06,2025-02-25,page_view,216.8,free
C02826,2025-02-19,W08,2025-02-21,settings_change,100.1,basic
C02826,2025-02-19,W08,2025-02-23,feature_use,13.0,basic
C02826,2025-02-19,W08,2025-02-23,page_view,91.3,free
C02826,2025-02-19,W08,2025-02-19,feature_use,113.5,pro
C02826,2025-02-19,W08,2025-02-27,page_view,167.0,pro
C02826,2025-02-19,W08,2025-03-21,feature_use,115.7,basic
C02826,2025-02-19,W08,2025-04-26,page_view,1069.9,free
C02826,2025-02-19,W08,2025-04-26,feature_use,389.6,free
C02827,2025-01-15,W03,2025-01-19,page_view,35.4,basic
C02827,2025-01-15,W03,2025-01-15,feature_use,153.3,free
C02827,2025-01-15,W03,2025-01-15,page_view,134.5,free
C02827,2025-01-15,W03,2025-01-16,page_view,135.5,pro
C02828,2025-03-05,W10,2025-03-09,search,160.0,free
C02828,2025-03-05,W10,2025-03-10,feature_use,75.8,basic
C02828,2025-03-05,W10,2025-03-31,page_view,43.8,pro
C02828,2025-03-05,W10,2025-03-29,search,196.8,basic
C02829,2025-03-19,W12,2025-03-20,feature_use,193.7,free
C02829,2025-03-19,W12,2025-03-25,page_view,213.5,free
C02829,2025-03-19,W12,2025-03-23,feature_use,143.8,basic
C02829,2025-03-19,W12,2025-03-22,page_view,1090.4,free
C02829,2025-03-19,W12,2025-04-18,feature_use,141.6,pro
C02829,2025-03-19,W12,2025-04-22,page_view,1112.8,basic
C02829,2025-03-19,W12,2025-05-26,page_view,146.9,free
C02829,2025-03-19,W12,2025-05-24,page_view,39.6,free
C02829,2025-03-19,W12,2025-05-24,search,114.1,free
C02829,2025-03-19,W12,2025-05-27,feature_use,225.3,free
C02829,2025-03-19,W12,2025-05-27,page_view,98.1,basic
C02830,2025-02-19,W08,2025-02-20,search,103.5,basic
C02830,2025-02-19,W08,2025-04-10,feature_use,43.7,pro
C02831,2025-01-01,W01,2025-01-01,feature_use,975.6,free
C02831,2025-01-01,W01,2025-01-05,page_view,123.8,free
C02831,2025-01-01,W01,2025-01-26,feature_use,146.9,free
C02831,2025-01-01,W01,2025-01-26,feature_use,291.9,free
C02831,2025-01-01,W01,2025-02-09,page_view,101.6,free
C02831,2025-01-01,W01,2025-02-08,page_view,365.7,free
C02832,2025-03-05,W10,2025-03-08,search,80.3,basic
C02833,2025-01-22,W04,2025-01-24,page_view,625.6,basic
C02833,2025-01-22,W04,2025-01-26,feature_use,67.3,free
C02833,2025-01-22,W04,2025-01-30,feature_use,352.6,free
C02833,2025-01-22,W04,2025-01-31,feature_use,333.2,basic
C02833,2025-01-22,W04,2025-02-02,feature_use,129.9,pro
C02833,2025-01-22,W04,2025-03-08,feature_use,28.4,free
C02833,2025-01-22,W04,2025-03-06,search,73.8,basic
C02834,2025-02-05,W06,2025-02-11,feature_use,113.3,free
C02834,2025-02-05,W06,2025-02-16,page_view,30.3,basic
C02834,2025-02-05,W06,2025-02-18,feature_use,399.0,free
C02834,2025-02-05,W06,2025-02-18,page_view,21.7,basic
C02835,2025-03-12,W11,2025-03-17,page_view,229.5,free
C02835,2025-03-12,W11,2025-04-09,page_view,453.9,free
C02836,2025-01-22,W04,2025-01-25,search,16.2,free
C02836,2025-01-22,W04,2025-02-03,page_view,1111.6,pro
C02836,2025-01-22,W04,2025-02-02,search,52.0,basic
C02836,2025-01-22,W04,2025-01-30,page_view,1770.7,free
C02836,2025-01-22,W04,2025-02-11,feature_use,246.1,basic
C02836,2025-01-22,W04,2025-02-12,page_view,235.8,pro
C02836,2025-01-22,W04,2025-04-13,page_view,174.3,free
C02837,2025-02-12,W07,2025-02-13,page_view,130.1,pro
C02837,2025-02-12,W07,2025-02-19,feature_use,169.3,free
C02837,2025-02-12,W07,2025-02-23,page_view,64.5,free
C02837,2025-02-12,W07,2025-02-28,feature_use,297.1,free
C02837,2025-02-12,W07,2025-03-04,page_view,96.6,basic
C02837,2025-02-12,W07,2025-02-27,feature_use,62.8,free
C02837,2025-02-12,W07,2025-02-28,page_view,68.5,pro
C02837,2025-02-12,W07,2025-03-17,search,565.6,pro
C02837,2025-02-12,W07,2025-03-12,page_view,380.1,basic
C02837,2025-02-12,W07,2025-03-16,feature_use,190.2,free
C02837,2025-02-12,W07,2025-03-26,page_view,201.1,basic
C02837,2025-02-12,W07,2025-03-26,search,346.8,free
C02837,2025-02-12,W07,2025-03-28,feature_use,264.6,free
C02837,2025-02-12,W07,2025-03-27,feature_use,262.9,pro
C02838,2025-01-22,W04,2025-01-26,search,20.0,free
C02838,2025-01-22,W04,2025-01-24,page_view,160.6,free
C02838,2025-01-22,W04,2025-02-04,feature_use,384.1,pro
C02839,2025-02-05,W06,2025-02-09,search,101.5,free
C02839,2025-02-05,W06,2025-02-17,page_view,212.8,pro
C02839,2025-02-05,W06,2025-03-16,page_view,461.2,pro
C02839,2025-02-05,W06,2025-03-17,search,717.3,free
C02839,2025-02-05,W06,2025-03-23,search,119.9,basic
C02839,2025-02-05,W06,2025-03-23,search,260.3,basic
C02839,2025-02-05,W06,2025-03-20,search,35.2,basic
C02839,2025-02-05,W06,2025-03-19,page_view,144.9,free
C02839,2025-02-05,W06,2025-03-19,page_view,237.0,basic
C02840,2025-03-05,W10,2025-03-11,feature_use,371.1,basic
C02840,2025-03-05,W10,2025-03-23,feature_use,136.7,basic
C02840,2025-03-05,W10,2025-03-22,feature_use,262.2,basic
C02840,2025-03-05,W10,2025-05-13,feature_use,199.0,free
C02840,2025-03-05,W10,2025-05-20,page_view,270.7,free
C02840,2025-03-05,W10,2025-05-16,page_view,71.4,free
C02841,2025-01-22,W04,2025-01-23,feature_use,394.9,free
C02841,2025-01-22,W04,2025-01-22,page_view,3236.4,basic
C02841,2025-01-22,W04,2025-01-24,search,92.9,basic
C02841,2025-01-22,W04,2025-01-25,feature_use,57.5,basic
C02841,2025-01-22,W04,2025-01-30,page_view,152.6,free
C02841,2025-01-22,W04,2025-02-23,page_view,157.7,pro
C02842,2025-02-05,W06,2025-02-09,feature_use,251.0,basic
C02842,2025-02-05,W06,2025-02-10,page_view,152.2,free
C02842,2025-02-05,W06,2025-02-11,search,27.7,free
C02842,2025-02-05,W06,2025-03-05,page_view,445.0,free
C02842,2025-02-05,W06,2025-03-10,page_view,1007.1,pro
C02843,2025-02-19,W08,2025-02-25,feature_use,200.5,basic
C02843,2025-02-19,W08,2025-02-22,feature_use,77.7,basic
C02843,2025-02-19,W08,2025-04-18,settings_change,41.2,free
C02844,2025-01-08,W02,2025-01-09,page_view,757.8,pro
C02844,2025-01-08,W02,2025-01-13,feature_use,102.9,free
C02844,2025-01-08,W02,2025-01-18,feature_use,80.0,basic
C02844,2025-01-08,W02,2025-01-18,page_view,52.7,free
C02844,2025-01-08,W02,2025-01-15,feature_use,376.9,free
C02844,2025-01-08,W02,2025-01-20,page_view,45.6,free
C02844,2025-01-08,W02,2025-01-21,feature_use,351.3,free
C02844,2025-01-08,W02,2025-01-19,feature_use,261.1,free
C02844,2025-01-08,W02,2025-02-13,feature_use,428.1,free
C02844,2025-01-08,W02,2025-02-17,page_view,60.3,free
C02844,2025-01-08,W02,2025-02-23,feature_use,38.2,basic
C02844,2025-01-08,W02,2025-02-23,search,287.5,free
C02845,2025-01-29,W05,2025-02-04,search,267.8,basic
C02845,2025-01-29,W05,2025-01-30,feature_use,335.8,basic
C02845,2025-01-29,W05,2025-02-08,feature_use,498.7,free
C02845,2025-01-29,W05,2025-02-22,feature_use,75.9,basic
C02845,2025-01-29,W05,2025-02-23,page_view,246.7,free
C02845,2025-01-29,W05,2025-02-24,page_view,34.2,pro
C02845,2025-01-29,W05,2025-02-28,feature_use,26.9,pro
C02845,2025-01-29,W05,2025-04-03,page_view,31.8,pro
C02846,2025-03-19,W12,2025-03-24,settings_change,118.4,pro
C02846,2025-03-19,W12,2025-05-08,page_view,25.3,pro
C02846,2025-03-19,W12,2025-05-09,page_view,300.2,basic
C02846,2025-03-19,W12,2025-05-11,page_view,756.6,basic
C02846,2025-03-19,W12,2025-05-11,page_view,255.9,basic
C02846,2025-03-19,W12,2025-05-13,feature_use,48.0,free
C02847,2025-02-12,W07,2025-02-15,page_view,85.0,free
C02847,2025-02-12,W07,2025-03-01,page_view,91.9,free
C02847,2025-02-12,W07,2025-03-24,feature_use,231.2,free
C02848,2025-01-29,W05,2025-01-29,page_view,41.1,free
C02848,2025-01-29,W05,2025-02-11,search,341.4,pro
C02849,2025-02-12,W07,2025-02-13,page_view,65.5,free
C02849,2025-02-12,W07,2025-02-15,page_view,79.3,free
C02849,2025-02-12,W07,2025-03-19,page_view,93.6,pro
C02850,2025-01-15,W03,2025-01-16,feature_use,965.6,basic
C02850,2025-01-15,W03,2025-03-25,page_view,178.3,free
C02851,2025-03-12,W11,2025-03-16,feature_use,203.0,free
C02852,2025-01-22,W04,2025-01-25,page_view,175.3,free
C02852,2025-01-22,W04,2025-01-28,page_view,328.9,basic
C02852,2025-01-22,W04,2025-02-04,feature_use,37.1,free
C02852,2025-01-22,W04,2025-04-10,page_view,1255.3,free
C02853,2025-01-29,W05,2025-01-31,settings_change,40.8,basic
C02853,2025-01-29,W05,2025-03-03,feature_use,461.7,free
C02853,2025-01-29,W05,2025-03-12,page_view,183.8,basic
C02854,2025-03-19,W12,2025-03-21,feature_use,300.9,pro
C02855,2025-03-12,W11,2025-03-13,settings_change,21.8,free
C02855,2025-03-12,W11,2025-05-19,page_view,109.2,free
C02856,2025-01-15,W03,2025-01-19,page_view,30.2,pro
C02856,2025-01-15,W03,2025-01-21,page_view,511.6,basic
C02857,2025-02-05,W06,2025-02-07,page_view,178.1,basic
C02857,2025-02-05,W06,2025-02-13,settings_change,162.4,free
C02857,2025-02-05,W06,2025-02-16,search,76.5,basic
C02857,2025-02-05,W06,2025-02-15,feature_use,44.1,free
C02857,2025-02-05,W06,2025-04-04,page_view,460.0,free
C02857,2025-02-05,W06,2025-04-07,feature_use,107.0,pro
C02857,2025-02-05,W06,2025-04-04,settings_change,131.3,free
C02857,2025-02-05,W06,2025-04-02,page_view,528.4,pro
C02858,2025-03-05,W10,2025-03-07,page_view,2421.9,pro
C02858,2025-03-05,W10,2025-03-09,feature_use,300.1,basic
C02858,2025-03-05,W10,2025-03-09,search,230.1,free
C02858,2025-03-05,W10,2025-03-09,page_view,106.6,basic
C02858,2025-03-05,W10,2025-03-05,feature_use,47.0,pro
C02858,2025-03-05,W10,2025-03-10,feature_use,181.6,pro
C02858,2025-03-05,W10,2025-04-12,page_view,209.4,basic
C02859,2025-03-19,W12,2025-03-23,settings_change,97.7,free
C02860,2025-02-12,W07,2025-02-12,page_view,73.6,free
C02860,2025-02-12,W07,2025-03-31,feature_use,226.0,basic
C02861,2025-02-05,W06,2025-02-05,page_view,83.7,pro
C02861,2025-02-05,W06,2025-03-20,search,377.8,pro
C02862,2025-02-05,W06,2025-02-10,feature_use,106.4,pro
C02863,2025-01-29,W05,2025-02-04,feature_use,794.4,free
C02863,2025-01-29,W05,2025-02-12,search,116.8,basic
C02863,2025-01-29,W05,2025-02-13,page_view,275.6,basic
C02863,2025-01-29,W05,2025-03-01,feature_use,17.8,free
C02863,2025-01-29,W05,2025-03-04,search,674.4,free
C02863,2025-01-29,W05,2025-03-03,feature_use,232.0,pro
C02864,2025-02-05,W06,2025-02-11,search,199.1,basic
C02864,2025-02-05,W06,2025-02-10,feature_use,62.6,free
C02864,2025-02-05,W06,2025-02-07,page_view,102.6,free
C02864,2025-02-05,W06,2025-02-07,feature_use,115.3,basic
C02864,2025-02-05,W06,2025-02-13,page_view,87.0,basic
C02865,2025-02-05,W06,2025-02-10,search,41.7,pro
C02865,2025-02-05,W06,2025-02-28,page_view,81.9,pro
C02865,2025-02-05,W06,2025-03-24,page_view,268.9,free
C02866,2025-03-05,W10,2025-03-10,page_view,246.3,basic
C02866,2025-03-05,W10,2025-03-06,page_view,38.9,free
C02866,2025-03-05,W10,2025-03-11,page_view,330.8,free
C02866,2025-03-05,W10,2025-04-02,page_view,53.7,basic
C02867,2025-02-19,W08,2025-02-19,feature_use,456.1,free
C02867,2025-02-19,W08,2025-03-04,page_view,125.6,free
C02867,2025-02-19,W08,2025-03-12,page_view,52.4,pro
C02867,2025-02-19,W08,2025-03-12,feature_use,111.7,basic
C02867,2025-02-19,W08,2025-03-22,page_view,116.5,free
C02867,2025-02-19,W08,2025-03-25,feature_use,132.3,free
C02868,2025-01-01,W01,2025-01-06,page_view,321.6,pro
C02869,2025-01-08,W02,2025-01-08,feature_use,383.6,basic
C02869,2025-01-08,W02,2025-01-14,page_view,153.2,free
C02870,2025-02-05,W06,2025-02-07,page_view,33.6,free
C02871,2025-02-05,W06,2025-02-09,feature_use,67.8,basic
C02871,2025-02-05,W06,2025-03-11,feature_use,169.4,free
C02871,2025-02-05,W06,2025-03-31,search,14.8,free
C02872,2025-02-12,W07,2025-02-16,page_view,179.5,free
C02873,2025-01-01,W01,2025-01-04,settings_change,44.0,pro
C02873,2025-01-01,W01,2025-01-05,settings_change,619.0,free
C02874,2025-02-05,W06,2025-02-06,page_view,4042.9,free
C02875,2025-02-19,W08,2025-02-23,page_view,91.5,free
C02875,2025-02-19,W08,2025-02-23,page_view,209.4,basic
C02875,2025-02-19,W08,2025-02-23,page_view,29.3,free
C02876,2025-01-15,W03,2025-01-20,feature_use,87.7,free
C02876,2025-01-15,W03,2025-01-18,page_view,531.4,basic
C02876,2025-01-15,W03,2025-02-10,search,104.2,free
C02876,2025-01-15,W03,2025-02-24,page_view,1334.2,free
C02876,2025-01-15,W03,2025-04-06,feature_use,204.9,basic
C02877,2025-01-22,W04,2025-01-22,page_view,236.9,pro
C02878,2025-01-01,W01,2025-01-03,search,306.5,basic
C02878,2025-01-01,W01,2025-01-03,page_view,144.4,free
C02878,2025-01-01,W01,2025-02-27,page_view,148.4,free
C02879,2025-01-15,W03,2025-01-16,search,375.7,basic
C02879,2025-01-15,W03,2025-01-17,page_view,23.6,pro
C02879,2025-01-15,W03,2025-02-06,page_view,452.9,free
C02879,2025-01-15,W03,2025-02-09,feature_use,11.4,free
C02879,2025-01-15,W03,2025-02-10,page_view,78.9,basic
C02879,2025-01-15,W03,2025-02-12,search,263.5,free
C02879,2025-01-15,W03,2025-02-12,feature_use,195.5,free
C02879,2025-01-15,W03,2025-02-16,settings_change,114.3,basic
C02880,2025-02-12,W07,2025-02-14,feature_use,136.5,basic
C02880,2025-02-12,W07,2025-02-14,page_view,142.6,free
C02880,2025-02-12,W07,2025-02-13,search,232.1,basic
C02880,2025-02-12,W07,2025-04-16,page_view,281.6,free
C02881,2025-02-26,W09,2025-03-03,search,149.3,free
C02881,2025-02-26,W09,2025-03-07,feature_use,148.0,free
C02881,2025-02-26,W09,2025-03-06,feature_use,18.1,basic
C02881,2025-02-26,W09,2025-03-07,page_view,14.5,pro
C02881,2025-02-26,W09,2025-03-19,feature_use,24.9,free
C02881,2025-02-26,W09,2025-03-22,page_view,81.6,free
C02881,2025-02-26,W09,2025-03-30,page_view,94.5,basic
C02881,2025-02-26,W09,2025-03-29,feature_use,172.3,basic
C02881,2025-02-26,W09,2025-04-14,feature_use,53.3,pro
C02881,2025-02-26,W09,2025-05-07,page_view,42.5,basic
C02882,2025-01-08,W02,2025-01-10,feature_use,340.3,free
C02883,2025-03-19,W12,2025-03-20,search,89.2,basic
C02883,2025-03-19,W12,2025-03-23,page_view,521.2,basic
C02883,2025-03-19,W12,2025-03-25,feature_use,66.7,free
C02883,2025-03-19,W12,2025-03-23,search,181.1,pro
C02883,2025-03-19,W12,2025-03-27,search,74.1,free
C02883,2025-03-19,W12,2025-03-28,page_view,115.2,free
C02883,2025-03-19,W12,2025-04-01,page_view,180.0,pro
C02883,2025-03-19,W12,2025-05-12,search,81.1,free
C02884,2025-02-05,W06,2025-02-09,feature_use,150.5,free
C02884,2025-02-05,W06,2025-02-10,page_view,124.7,basic
C02884,2025-02-05,W06,2025-03-24,page_view,64.4,free
C02885,2025-02-12,W07,2025-02-18,feature_use,84.8,basic
C02885,2025-02-12,W07,2025-02-13,feature_use,174.5,basic
C02885,2025-02-12,W07,2025-02-28,page_view,144.8,pro
C02885,2025-02-12,W07,2025-03-02,page_view,126.7,free
C02886,2025-01-08,W02,2025-01-09,feature_use,276.4,free
C02886,2025-01-08,W02,2025-01-10,settings_change,109.8,basic
C02886,2025-01-08,W02,2025-01-11,settings_change,161.0,free
C02886,2025-01-08,W02,2025-01-10,page_view,20.4,basic
C02886,2025-01-08,W02,2025-01-13,page_view,337.6,free
C02886,2025-01-08,W02,2025-01-26,feature_use,446.5,basic
C02886,2025-01-08,W02,2025-02-07,page_view,168.4,basic
C02886,2025-01-08,W02,2025-03-05,page_view,91.2,free
C02886,2025-01-08,W02,2025-03-10,page_view,76.8,free
C02886,2025-01-08,W02,2025-03-26,feature_use,106.4,basic
C02887,2025-02-19,W08,2025-02-25,feature_use,41.5,pro
C02887,2025-02-19,W08,2025-03-21,search,251.6,basic
C02888,2025-01-08,W02,2025-01-13,page_view,15.0,free
C02889,2025-03-19,W12,2025-03-19,page_view,26.2,pro
C02889,2025-03-19,W12,2025-03-28,page_view,103.7,basic
C02889,2025-03-19,W12,2025-03-31,feature_use,15.3,pro
C02889,2025-03-19,W12,2025-03-29,page_view,28.3,free
C02889,2025-03-19,W12,2025-04-03,settings_change,1033.4,free
C02889,2025-03-19,W12,2025-04-22,settings_change,650.1,basic
C02889,2025-03-19,W12,2025-04-20,page_view,101.1,free
C02889,2025-03-19,W12,2025-05-14,search,280.7,free
C02889,2025-03-19,W12,2025-05-18,feature_use,81.9,free
C02889,2025-03-19,W12,2025-05-19,page_view,72.6,basic
C02889,2025-03-19,W12,2025-05-31,search,339.9,pro
C02889,2025-03-19,W12,2025-05-31,feature_use,65.0,basic
C02889,2025-03-19,W12,2025-06-02,page_view,351.8,pro
C02890,2025-03-05,W10,2025-03-09,feature_use,419.7,free
C02890,2025-03-05,W10,2025-03-07,feature_use,184.2,pro
C02890,2025-03-05,W10,2025-04-03,page_view,179.4,pro
C02890,2025-03-05,W10,2025-04-26,page_view,59.8,basic
C02890,2025-03-05,W10,2025-04-26,feature_use,239.6,free
C02890,2025-03-05,W10,2025-04-28,page_view,109.5,free
C02890,2025-03-05,W10,2025-05-21,page_view,31.6,basic
C02891,2025-01-29,W05,2025-02-02,page_view,497.2,pro
C02891,2025-01-29,W05,2025-02-16,feature_use,685.7,pro
C02891,2025-01-29,W05,2025-03-01,page_view,111.0,basic
C02892,2025-03-05,W10,2025-03-08,feature_use,66.8,basic
C02892,2025-03-05,W10,2025-03-10,search,24.3,free
C02893,2025-03-05,W10,2025-03-08,page_view,256.8,basic
C02893,2025-03-05,W10,2025-03-15,feature_use,125.0,pro
C02893,2025-03-05,W10,2025-03-28,page_view,57.1,basic
C02893,2025-03-05,W10,2025-03-30,page_view,181.6,free
C02893,2025-03-05,W10,2025-03-26,page_view,128.0,pro
C02894,2025-02-05,W06,2025-02-10,page_view,69.8,free
C02894,2025-02-05,W06,2025-02-15,page_view,707.6,free
C02894,2025-02-05,W06,2025-04-02,page_view,216.3,pro
C02894,2025-02-05,W06,2025-04-02,search,212.0,pro
C02895,2025-01-01,W01,2025-01-02,page_view,24.4,free
C02895,2025-01-01,W01,2025-02-03,feature_use,247.5,free
C02895,2025-01-01,W01,2025-02-03,feature_use,63.5,basic
C02895,2025-01-01,W01,2025-02-04,page_view,655.4,free
C02895,2025-01-01,W01,2025-02-27,feature_use,62.4,basic
C02895,2025-01-01,W01,2025-03-02,search,343.2,basic
C02896,2025-02-12,W07,2025-02-13,feature_use,139.3,pro
C02896,2025-02-12,W07,2025-02-21,page_view,40.0,free
C02896,2025-02-12,W07,2025-02-25,page_view,38.1,free
C02896,2025-02-12,W07,2025-03-09,feature_use,71.5,free
C02896,2025-02-12,W07,2025-04-26,settings_change,764.2,free
C02897,2025-02-05,W06,2025-02-10,feature_use,60.4,basic
C02897,2025-02-05,W06,2025-02-06,feature_use,1115.5,free
C02897,2025-02-05,W06,2025-02-17,feature_use,85.5,basic
C02897,2025-02-05,W06,2025-02-13,feature_use,1484.1,free
C02897,2025-02-05,W06,2025-02-16,page_view,645.9,basic
C02897,2025-02-05,W06,2025-02-17,page_view,162.5,pro
C02897,2025-02-05,W06,2025-03-05,page_view,313.0,pro
C02897,2025-02-05,W06,2025-03-10,feature_use,551.2,free
C02897,2025-02-05,W06,2025-03-07,feature_use,115.9,basic
C02897,2025-02-05,W06,2025-03-19,page_view,628.3,basic
C02897,2025-02-05,W06,2025-03-21,settings_change,129.0,basic
C02897,2025-02-05,W06,2025-04-11,search,82.0,basic
C02897,2025-02-05,W06,2025-04-10,search,480.1,basic
C02898,2025-01-22,W04,2025-01-28,page_view,26.5,basic
C02899,2025-01-08,W02,2025-01-09,page_view,95.2,basic
C02899,2025-01-08,W02,2025-01-13,page_view,80.4,pro
C02900,2025-02-05,W06,2025-02-09,page_view,47.0,free
C02900,2025-02-05,W06,2025-02-08,page_view,258.0,free
C02900,2025-02-05,W06,2025-02-24,page_view,106.9,free
C02900,2025-02-05,W06,2025-02-20,feature_use,57.7,basic
C02900,2025-02-05,W06,2025-04-12,search,196.4,free
C02900,2025-02-05,W06,2025-04-14,page_view,471.8,free
C02900,2025-02-05,W06,2025-04-10,feature_use,22.5,free
C02901,2025-02-26,W09,2025-02-27,feature_use,362.4,basic
C02901,2025-02-26,W09,2025-02-27,page_view,45.8,pro
C02901,2025-02-26,W09,2025-02-28,search,62.2,free
C02902,2025-02-19,W08,2025-02-20,page_view,123.5,free
C02903,2025-03-05,W10,2025-03-11,settings_change,142.6,basic
C02903,2025-03-05,W10,2025-03-26,page_view,98.1,basic
C02903,2025-03-05,W10,2025-04-09,feature_use,1403.3,pro
C02903,2025-03-05,W10,2025-04-10,page_view,163.7,free
C02904,2025-02-05,W06,2025-02-10,page_view,499.5,pro
C02905,2025-01-29,W05,2025-02-03,page_view,219.7,free
C02905,2025-01-29,W05,2025-02-02,page_view,53.8,free
C02905,2025-01-29,W05,2025-02-06,feature_use,218.9,free
C02905,2025-01-29,W05,2025-02-06,feature_use,66.9,free
C02905,2025-01-29,W05,2025-02-06,feature_use,55.6,pro
C02906,2025-03-05,W10,2025-03-05,page_view,56.2,basic
C02907,2025-02-12,W07,2025-02-17,feature_use,686.3,free
C02907,2025-02-12,W07,2025-02-19,page_view,41.0,basic
C02907,2025-02-12,W07,2025-03-06,settings_change,72.1,free
C02907,2025-02-12,W07,2025-03-09,search,50.4,basic
C02907,2025-02-12,W07,2025-03-10,page_view,352.4,free
C02907,2025-02-12,W07,2025-03-09,feature_use,154.7,basic
C02907,2025-02-12,W07,2025-03-21,feature_use,697.5,free
C02907,2025-02-12,W07,2025-03-19,page_view,76.9,free
C02907,2025-02-12,W07,2025-03-21,page_view,126.5,basic
C02907,2025-02-12,W07,2025-04-13,page_view,153.4,basic
C02907,2025-02-12,W07,2025-04-20,page_view,161.3,basic
C02907,2025-02-12,W07,2025-04-18,page_view,70.2,free
C02908,2025-01-15,W03,2025-01-20,search,269.4,basic
C02909,2025-02-26,W09,2025-02-26,page_view,340.4,free
C02909,2025-02-26,W09,2025-03-17,feature_use,93.0,free
C02909,2025-02-26,W09,2025-05-02,page_view,66.9,basic
C02910,2025-02-05,W06,2025-02-09,page_view,238.7,pro
C02911,2025-03-12,W11,2025-03-16,search,19.8,pro
C02911,2025-03-12,W11,2025-03-19,feature_use,1058.6,free
C02911,2025-03-12,W11,2025-05-07,page_view,112.0,free
C02912,2025-01-08,W02,2025-01-09,search,106.9,free
C02912,2025-01-08,W02,2025-01-09,feature_use,89.2,basic
C02913,2025-01-29,W05,2025-01-30,page_view,581.9,free
C02913,2025-01-29,W05,2025-02-02,feature_use,502.0,basic
C02913,2025-01-29,W05,2025-02-08,feature_use,219.3,free
C02914,2025-02-26,W09,2025-03-03,page_view,164.2,pro
C02914,2025-02-26,W09,2025-02-28,feature_use,487.2,free
C02915,2025-02-05,W06,2025-02-05,page_view,138.4,free
C02916,2025-02-26,W09,2025-03-01,search,45.8,free
C02916,2025-02-26,W09,2025-03-30,search,109.9,free
C02917,2025-01-01,W01,2025-01-04,page_view,86.9,basic
C02917,2025-01-01,W01,2025-01-17,search,280.8,basic
C02918,2025-03-12,W11,2025-03-17,feature_use,174.1,pro
C02918,2025-03-12,W11,2025-03-24,page_view,109.8,basic
C02919,2025-01-08,W02,2025-01-10,page_view,269.9,free
C02919,2025-01-08,W02,2025-01-19,page_view,677.7,pro
C02919,2025-01-08,W02,2025-01-15,page_view,389.9,free
C02920,2025-02-26,W09,2025-02-28,page_view,332.9,free
C02920,2025-02-26,W09,2025-02-26,page_view,42.2,free
C02920,2025-02-26,W09,2025-03-02,feature_use,197.6,basic
C02920,2025-02-26,W09,2025-02-26,search,144.7,basic
C02920,2025-02-26,W09,2025-03-11,feature_use,197.5,basic
C02920,2025-02-26,W09,2025-03-07,feature_use,630.4,pro
C02920,2025-02-26,W09,2025-03-11,feature_use,42.5,free
C02920,2025-02-26,W09,2025-03-11,feature_use,236.4,free
C02920,2025-02-26,W09,2025-03-19,page_view,268.7,free
C02920,2025-02-26,W09,2025-03-25,feature_use,331.7,free
C02920,2025-02-26,W09,2025-03-21,page_view,140.9,pro
C02920,2025-02-26,W09,2025-04-03,search,149.6,free
C02920,2025-02-26,W09,2025-04-02,page_view,94.3,basic
C02920,2025-02-26,W09,2025-04-16,page_view,597.0,free
C02920,2025-02-26,W09,2025-04-22,search,26.7,pro
C02920,2025-02-26,W09,2025-04-17,page_view,154.5,basic
C02920,2025-02-26,W09,2025-04-20,page_view,166.0,free
C02920,2025-02-26,W09,2025-04-16,page_view,162.0,free
C02921,2025-02-26,W09,2025-02-28,feature_use,87.4,basic
C02922,2025-01-01,W01,2025-01-02,search,96.3,free
C02922,2025-01-01,W01,2025-01-05,page_view,23.2,pro
C02922,2025-01-01,W01,2025-01-07,feature_use,81.0,pro
C02923,2025-03-12,W11,2025-03-17,page_view,57.7,basic
C02923,2025-03-12,W11,2025-05-27,page_view,72.9,basic
C02924,2025-01-29,W05,2025-01-31,page_view,1470.1,pro
C02924,2025-01-29,W05,2025-01-30,feature_use,176.5,free
C02924,2025-01-29,W05,2025-02-12,search,171.9,pro
C02924,2025-01-29,W05,2025-03-11,page_view,131.6,basic
C02925,2025-02-05,W06,2025-02-11,page_view,248.2,free
C02925,2025-02-05,W06,2025-02-10,search,100.1,free
C02925,2025-02-05,W06,2025-02-11,page_view,256.7,free
C02925,2025-02-05,W06,2025-02-05,feature_use,68.5,basic
C02925,2025-02-05,W06,2025-02-09,search,139.5,free
C02925,2025-02-05,W06,2025-04-05,settings_change,66.3,basic
C02926,2025-01-29,W05,2025-02-04,page_view,84.0,free
C02926,2025-01-29,W05,2025-01-30,page_view,236.5,free
C02926,2025-01-29,W05,2025-01-29,page_view,13.6,free
C02927,2025-03-12,W11,2025-03-18,page_view,237.7,pro
C02927,2025-03-12,W11,2025-04-20,page_view,180.8,free
C02927,2025-03-12,W11,2025-04-17,page_view,56.4,free
C02928,2025-03-05,W10,2025-03-05,page_view,50.3,free
C02928,2025-03-05,W10,2025-03-25,feature_use,91.4,pro
C02928,2025-03-05,W10,2025-03-25,page_view,406.9,basic
C02928,2025-03-05,W10,2025-04-13,page_view,150.6,basic
C02928,2025-03-05,W10,2025-04-13,page_view,650.8,free
C02928,2025-03-05,W10,2025-04-10,page_view,569.4,basic
C02929,2025-01-15,W03,2025-01-19,search,293.7,basic
C02929,2025-01-15,W03,2025-01-28,page_view,79.6,basic
C02929,2025-01-15,W03,2025-03-25,page_view,90.1,free
C02930,2025-02-05,W06,2025-02-05,feature_use,142.0,free
C02931,2025-02-26,W09,2025-02-27,page_view,31.0,free
C02931,2025-02-26,W09,2025-03-04,search,55.4,basic
C02931,2025-02-26,W09,2025-03-13,page_view,156.6,free
C02931,2025-02-26,W09,2025-03-14,settings_change,112.2,free
C02931,2025-02-26,W09,2025-03-14,page_view,72.6,free
C02931,2025-02-26,W09,2025-04-14,search,178.6,basic
C02931,2025-02-26,W09,2025-05-05,search,318.7,free
C02932,2025-03-05,W10,2025-03-10,page_view,313.8,free
C02932,2025-03-05,W10,2025-03-14,search,72.6,free
C02932,2025-03-05,W10,2025-03-12,page_view,222.4,basic
C02932,2025-03-05,W10,2025-03-22,feature_use,88.6,pro
C02932,2025-03-05,W10,2025-03-19,feature_use,117.8,free
C02932,2025-03-05,W10,2025-03-25,feature_use,268.8,free
C02932,2025-03-05,W10,2025-03-20,page_view,763.0,pro
C02932,2025-03-05,W10,2025-04-10,page_view,131.0,free
C02932,2025-03-05,W10,2025-04-11,page_view,28.5,pro
C02933,2025-01-22,W04,2025-01-26,page_view,375.2,free
C02933,2025-01-22,W04,2025-01-23,search,95.1,free
C02933,2025-01-22,W04,2025-01-22,search,141.7,basic
C02933,2025-01-22,W04,2025-02-04,page_view,30.0,free
C02933,2025-01-22,W04,2025-02-03,feature_use,183.5,free
C02933,2025-01-22,W04,2025-02-08,page_view,182.7,free
C02933,2025-01-22,W04,2025-02-05,settings_change,2887.3,pro
C02933,2025-01-22,W04,2025-02-10,page_view,136.4,free
C02933,2025-01-22,W04,2025-02-14,page_view,237.2,pro
C02933,2025-01-22,W04,2025-02-21,feature_use,152.9,free
C02933,2025-01-22,W04,2025-02-21,page_view,315.2,basic
C02933,2025-01-22,W04,2025-02-22,search,198.5,pro
C02933,2025-01-22,W04,2025-02-22,settings_change,267.4,free
C02933,2025-01-22,W04,2025-03-10,feature_use,220.4,free
C02933,2025-01-22,W04,2025-03-06,page_view,164.9,free
C02933,2025-01-22,W04,2025-03-26,feature_use,58.1,free
C02934,2025-01-08,W02,2025-01-10,feature_use,64.2,free
C02935,2025-01-15,W03,2025-01-21,page_view,118.4,free
C02936,2025-02-12,W07,2025-02-17,search,127.7,free
C02936,2025-02-12,W07,2025-02-13,feature_use,40.3,free
C02936,2025-02-12,W07,2025-02-25,search,73.1,pro
C02936,2025-02-12,W07,2025-02-20,settings_change,435.7,basic
C02936,2025-02-12,W07,2025-03-13,page_view,116.5,pro
C02936,2025-02-12,W07,2025-03-20,page_view,114.2,basic
C02937,2025-01-01,W01,2025-01-05,page_view,102.2,pro
C02937,2025-01-01,W01,2025-01-11,page_view,378.9,basic
C02937,2025-01-01,W01,2025-01-16,search,99.2,free
C02937,2025-01-01,W01,2025-01-21,feature_use,151.9,basic
C02937,2025-01-01,W01,2025-01-15,page_view,129.3,basic
C02937,2025-01-01,W01,2025-01-18,feature_use,49.5,basic
C02937,2025-01-01,W01,2025-01-17,feature_use,48.8,free
C02937,2025-01-01,W01,2025-01-23,page_view,761.8,free
C02937,2025-01-01,W01,2025-02-18,feature_use,168.5,free
C02937,2025-01-01,W01,2025-02-12,page_view,39.7,free
C02937,2025-01-01,W01,2025-02-22,page_view,263.5,free
C02937,2025-01-01,W01,2025-02-19,feature_use,275.0,basic
C02937,2025-01-01,W01,2025-03-08,feature_use,146.3,basic
C02937,2025-01-01,W01,2025-03-07,feature_use,296.7,free
C02937,2025-01-01,W01,2025-03-22,page_view,165.6,free
C02937,2025-01-01,W01,2025-03-21,page_view,179.7,free
C02937,2025-01-01,W01,2025-03-24,page_view,298.1,pro
C02937,2025-01-01,W01,2025-03-24,feature_use,41.3,basic
C02937,2025-01-01,W01,2025-03-19,page_view,77.2,pro
C02937,2025-01-01,W01,2025-03-21,page_view,267.7,basic
C02937,2025-01-01,W01,2025-03-25,page_view,121.4,free
C02938,2025-02-12,W07,2025-02-17,page_view,195.4,pro
C02939,2025-03-05,W10,2025-03-05,page_view,246.1,free
C02939,2025-03-05,W10,2025-03-07,search,100.6,free
C02939,2025-03-05,W10,2025-03-07,page_view,135.6,pro
C02939,2025-03-05,W10,2025-04-05,page_view,19.3,free
C02940,2025-03-05,W10,2025-03-10,page_view,1299.0,free
C02940,2025-03-05,W10,2025-04-07,feature_use,35.7,free
C02940,2025-03-05,W10,2025-04-05,page_view,108.8,free
C02940,2025-03-05,W10,2025-04-08,page_view,73.6,free
C02940,2025-03-05,W10,2025-04-13,feature_use,157.4,free
C02941,2025-03-19,W12,2025-03-19,page_view,117.5,basic
C02942,2025-02-12,W07,2025-02-16,page_view,47.4,free
C02942,2025-02-12,W07,2025-02-16,feature_use,67.2,free
C02942,2025-02-12,W07,2025-02-13,page_view,634.8,basic
C02942,2025-02-12,W07,2025-02-17,settings_change,282.9,free
C02942,2025-02-12,W07,2025-02-23,page_view,601.2,free
C02943,2025-03-05,W10,2025-03-10,search,1008.9,free
C02944,2025-03-05,W10,2025-03-09,feature_use,177.9,pro
C02944,2025-03-05,W10,2025-03-25,page_view,73.1,free
C02945,2025-02-05,W06,2025-02-11,page_view,198.0,free
C02945,2025-02-05,W06,2025-02-05,feature_use,210.3,free
C02945,2025-02-05,W06,2025-02-10,page_view,412.6,basic
C02945,2025-02-05,W06,2025-04-13,page_view,593.1,basic
C02946,2025-01-08,W02,2025-01-12,feature_use,154.6,free
C02946,2025-01-08,W02,2025-01-13,page_view,57.1,basic
C02947,2025-01-01,W01,2025-01-04,feature_use,366.5,free
C02947,2025-01-01,W01,2025-02-01,feature_use,111.5,basic
C02947,2025-01-01,W01,2025-03-07,page_view,149.1,free
C02947,2025-01-01,W01,2025-03-08,feature_use,578.1,free
C02947,2025-01-01,W01,2025-03-09,feature_use,460.2,free
C02948,2025-01-15,W03,2025-01-15,feature_use,630.8,free
C02948,2025-01-15,W03,2025-02-26,settings_change,152.4,free
C02948,2025-01-15,W03,2025-02-27,feature_use,32.5,free
C02948,2025-01-15,W03,2025-03-01,page_view,25.7,pro
C02948,2025-01-15,W03,2025-03-04,page_view,145.2,basic
C02948,2025-01-15,W03,2025-02-27,search,317.5,free
C02949,2025-02-26,W09,2025-03-01,search,52.0,free
C02949,2025-02-26,W09,2025-03-02,settings_change,76.3,basic
C02949,2025-02-26,W09,2025-03-03,page_view,125.5,basic
C02949,2025-02-26,W09,2025-03-14,page_view,267.3,basic
C02950,2025-03-05,W10,2025-03-05,search,83.1,free
C02950,2025-03-05,W10,2025-03-23,settings_change,39.8,basic
C02950,2025-03-05,W10,2025-03-23,page_view,180.6,pro
C02950,2025-03-05,W10,2025-03-21,feature_use,298.3,free
C02950,2025-03-05,W10,2025-03-19,page_view,170.5,basic
C02950,2025-03-05,W10,2025-04-02,page_view,151.3,basic
C02950,2025-03-05,W10,2025-04-03,page_view,108.9,pro
C02950,2025-03-05,W10,2025-04-02,feature_use,22.8,pro
C02950,2025-03-05,W10,2025-04-05,page_view,934.8,basic
C02950,2025-03-05,W10,2025-04-02,page_view,135.6,pro
C02950,2025-03-05,W10,2025-04-02,settings_change,978.6,free
C02950,2025-03-05,W10,2025-04-15,page_view,80.9,pro
C02950,2025-03-05,W10,2025-04-29,page_view,134.4,free
C02950,2025-03-05,W10,2025-04-27,feature_use,99.5,free
C02950,2025-03-05,W10,2025-04-25,page_view,44.3,free
C02950,2025-03-05,W10,2025-04-24,page_view,370.5,free
C02950,2025-03-05,W10,2025-05-23,search,427.9,free
C02951,2025-01-29,W05,2025-02-04,feature_use,202.7,basic
C02951,2025-01-29,W05,2025-03-29,search,244.4,free
C02951,2025-01-29,W05,2025-03-28,page_view,866.9,free
C02952,2025-01-29,W05,2025-01-31,page_view,165.1,free
C02952,2025-01-29,W05,2025-02-27,search,76.2,free
C02952,2025-01-29,W05,2025-02-27,settings_change,1048.9,basic
C02952,2025-01-29,W05,2025-03-04,feature_use,232.0,free
C02953,2025-03-05,W10,2025-03-11,page_view,137.4,free
C02953,2025-03-05,W10,2025-03-06,page_view,51.9,basic
C02953,2025-03-05,W10,2025-03-17,feature_use,241.9,free
C02954,2025-03-05,W10,2025-03-06,search,114.3,free
C02954,2025-03-05,W10,2025-03-24,page_view,139.6,basic
C02954,2025-03-05,W10,2025-03-20,feature_use,117.8,free
C02955,2025-01-22,W04,2025-01-28,page_view,34.3,free
C02955,2025-01-22,W04,2025-02-04,page_view,548.6,basic
C02955,2025-01-22,W04,2025-02-10,page_view,217.3,free
C02955,2025-01-22,W04,2025-02-10,feature_use,1192.6,basic
C02955,2025-01-22,W04,2025-02-16,feature_use,290.1,basic
C02955,2025-01-22,W04,2025-03-01,page_view,746.6,basic
C02955,2025-01-22,W04,2025-03-02,feature_use,246.7,free
C02955,2025-01-22,W04,2025-03-01,settings_change,106.6,basic
C02955,2025-01-22,W04,2025-03-01,feature_use,197.0,pro
C02956,2025-01-22,W04,2025-01-24,feature_use,49.4,pro
C02956,2025-01-22,W04,2025-02-05,page_view,623.9,free
C02956,2025-01-22,W04,2025-02-11,settings_change,146.8,pro
C02956,2025-01-22,W04,2025-02-08,page_view,63.6,pro
C02956,2025-01-22,W04,2025-02-05,page_view,92.6,pro
C02956,2025-01-22,W04,2025-03-01,page_view,194.2,basic
C02956,2025-01-22,W04,2025-02-26,page_view,557.8,pro
C02956,2025-01-22,W04,2025-03-04,page_view,241.6,free
C02956,2025-01-22,W04,2025-02-26,page_view,565.8,free
C02956,2025-01-22,W04,2025-03-05,feature_use,47.1,basic
C02956,2025-01-22,W04,2025-03-22,page_view,220.7,pro
C02956,2025-01-22,W04,2025-03-22,feature_use,454.8,basic
C02956,2025-01-22,W04,2025-03-21,page_view,173.0,free
C02957,2025-02-12,W07,2025-02-15,feature_use,273.7,basic
C02957,2025-02-12,W07,2025-02-27,page_view,133.2,pro
C02957,2025-02-12,W07,2025-03-04,feature_use,105.0,free
C02957,2025-02-12,W07,2025-03-05,page_view,211.3,free
C02957,2025-02-12,W07,2025-04-22,feature_use,14.4,pro
C02957,2025-02-12,W07,2025-04-22,page_view,153.2,pro
C02958,2025-03-12,W11,2025-03-14,feature_use,481.6,free
C02958,2025-03-12,W11,2025-03-16,page_view,147.1,free
C02958,2025-03-12,W11,2025-03-14,page_view,512.0,free
C02958,2025-03-12,W11,2025-03-19,feature_use,325.9,pro
C02958,2025-03-12,W11,2025-03-20,search,438.9,free
C02958,2025-03-12,W11,2025-04-28,page_view,204.9,pro
C02959,2025-03-05,W10,2025-03-07,feature_use,18.3,pro
C02959,2025-03-05,W10,2025-03-19,feature_use,690.9,basic
C02959,2025-03-05,W10,2025-05-19,search,104.0,free
C02959,2025-03-05,W10,2025-05-17,feature_use,101.2,free
C02959,2025-03-05,W10,2025-05-16,page_view,21.0,free
C02959,2025-03-05,W10,2025-05-19,feature_use,181.1,pro
C02960,2025-01-08,W02,2025-01-11,page_view,70.1,free
C02961,2025-02-12,W07,2025-02-18,page_view,246.3,free
C02961,2025-02-12,W07,2025-02-13,page_view,126.5,basic
C02961,2025-02-12,W07,2025-02-21,feature_use,911.0,free
C02961,2025-02-12,W07,2025-03-21,page_view,226.3,free
C02961,2025-02-12,W07,2025-03-23,search,224.2,free
C02961,2025-02-12,W07,2025-04-24,page_view,89.2,free
C02961,2025-02-12,W07,2025-04-29,search,118.4,pro
C02961,2025-02-12,W07,2025-04-28,page_view,581.2,basic
C02962,2025-01-22,W04,2025-01-24,page_view,92.7,pro
C02962,2025-01-22,W04,2025-01-22,feature_use,60.6,free
C02962,2025-01-22,W04,2025-01-27,settings_change,88.9,pro
C02962,2025-01-22,W04,2025-01-29,search,183.3,basic
C02962,2025-01-22,W04,2025-02-06,feature_use,80.4,free
C02963,2025-02-05,W06,2025-02-07,feature_use,313.6,free
C02963,2025-02-05,W06,2025-02-10,feature_use,194.3,free
C02963,2025-02-05,W06,2025-03-08,page_view,127.7,free
C02963,2025-02-05,W06,2025-03-05,search,81.9,pro
C02963,2025-02-05,W06,2025-03-05,page_view,29.4,pro
C02963,2025-02-05,W06,2025-03-06,feature_use,111.7,free
C02963,2025-02-05,W06,2025-03-09,feature_use,508.8,free
C02963,2025-02-05,W06,2025-03-09,page_view,161.2,free
C02964,2025-01-01,W01,2025-01-04,search,210.1,pro
C02964,2025-01-01,W01,2025-01-15,page_view,1166.7,basic
C02964,2025-01-01,W01,2025-01-18,feature_use,49.2,free
C02965,2025-03-19,W12,2025-03-25,search,240.0,free
C02965,2025-03-19,W12,2025-04-28,settings_change,752.2,pro
C02965,2025-03-19,W12,2025-05-01,page_view,426.4,free
C02965,2025-03-19,W12,2025-04-30,search,251.2,free
C02965,2025-03-19,W12,2025-05-12,feature_use,68.2,free
C02965,2025-03-19,W12,2025-05-11,feature_use,162.4,basic
C02965,2025-03-19,W12,2025-05-17,page_view,43.2,basic
C02965,2025-03-19,W12,2025-06-02,page_view,330.2,free
C02965,2025-03-19,W12,2025-05-28,page_view,469.3,basic
C02966,2025-02-12,W07,2025-02-15,page_view,737.3,free
C02966,2025-02-12,W07,2025-02-23,feature_use,95.4,free
C02966,2025-02-12,W07,2025-02-25,page_view,53.8,free
C02967,2025-01-15,W03,2025-01-21,feature_use,78.6,free
C02967,2025-01-15,W03,2025-02-28,page_view,70.2,basic
C02968,2025-02-26,W09,2025-03-02,page_view,36.0,free
C02968,2025-02-26,W09,2025-03-18,feature_use,118.0,free
C02968,2025-02-26,W09,2025-03-31,page_view,108.8,free
C02968,2025-02-26,W09,2025-03-28,page_view,23.7,basic
C02968,2025-02-26,W09,2025-03-28,page_view,688.1,free
C02969,2025-01-29,W05,2025-01-30,page_view,201.3,free
C02969,2025-01-29,W05,2025-04-02,page_view,60.6,pro
C02970,2025-03-19,W12,2025-03-23,settings_change,291.8,free
C02970,2025-03-19,W12,2025-06-06,page_view,79.8,free
C02971,2025-02-05,W06,2025-02-09,feature_use,107.9,pro
C02971,2025-02-05,W06,2025-02-15,feature_use,247.1,basic
C02972,2025-03-05,W10,2025-03-11,search,688.6,basic
C02972,2025-03-05,W10,2025-03-18,page_view,150.8,free
C02972,2025-03-05,W10,2025-03-13,feature_use,54.3,free
C02972,2025-03-05,W10,2025-03-14,search,96.7,free
C02972,2025-03-05,W10,2025-03-16,feature_use,381.5,free
C02972,2025-03-05,W10,2025-03-26,page_view,84.7,free
C02972,2025-03-05,W10,2025-04-05,search,180.9,basic
C02973,2025-02-05,W06,2025-02-06,feature_use,118.4,pro
C02973,2025-02-05,W06,2025-02-08,settings_change,87.7,basic
C02973,2025-02-05,W06,2025-02-21,search,112.0,basic
C02974,2025-02-12,W07,2025-02-14,page_view,310.5,free
C02975,2025-01-15,W03,2025-01-18,feature_use,15.4,basic
C02975,2025-01-15,W03,2025-01-21,search,114.6,basic
C02975,2025-01-15,W03,2025-01-22,page_view,82.2,free
C02975,2025-01-15,W03,2025-01-26,settings_change,615.9,basic
C02975,2025-01-15,W03,2025-03-26,page_view,150.6,free
C02976,2025-03-12,W11,2025-03-14,feature_use,507.7,basic
C02976,2025-03-12,W11,2025-04-12,page_view,19.4,pro
C02976,2025-03-12,W11,2025-05-21,feature_use,274.1,pro
C02976,2025-03-12,W11,2025-05-24,search,159.8,basic
C02977,2025-01-01,W01,2025-01-05,page_view,445.6,free
C02977,2025-01-01,W01,2025-01-19,page_view,281.3,free
C02977,2025-01-01,W01,2025-01-20,feature_use,193.5,basic
C02977,2025-01-01,W01,2025-01-20,settings_change,139.1,free
C02977,2025-01-01,W01,2025-01-17,search,171.2,basic
C02977,2025-01-01,W01,2025-02-15,search,113.5,basic
C02978,2025-01-01,W01,2025-01-04,settings_change,138.0,free
C02978,2025-01-01,W01,2025-03-07,page_view,430.5,free
C02978,2025-01-01,W01,2025-03-11,page_view,433.0,free
C02978,2025-01-01,W01,2025-03-25,page_view,544.9,pro
C02978,2025-01-01,W01,2025-03-23,feature_use,99.9,pro
C02979,2025-02-12,W07,2025-02-13,search,18.5,free
C02979,2025-02-12,W07,2025-02-15,search,108.6,basic
C02979,2025-02-12,W07,2025-03-14,settings_change,65.8,free
C02979,2025-02-12,W07,2025-03-14,search,374.6,pro
C02979,2025-02-12,W07,2025-03-16,page_view,165.2,pro
C02979,2025-02-12,W07,2025-04-23,page_view,354.6,basic
C02979,2025-02-12,W07,2025-04-23,page_view,205.7,basic
C02979,2025-02-12,W07,2025-04-29,page_view,136.6,free
C02979,2025-02-12,W07,2025-04-26,search,27.5,basic
C02979,2025-02-12,W07,2025-04-27,page_view,114.2,free
C02980,2025-03-12,W11,2025-03-16,page_view,194.6,basic
C02981,2025-03-19,W12,2025-03-20,page_view,917.8,basic
C02981,2025-03-19,W12,2025-06-01,feature_use,101.2,basic
C02982,2025-03-05,W10,2025-03-05,feature_use,243.8,pro
C02982,2025-03-05,W10,2025-03-14,page_view,54.3,free
C02982,2025-03-05,W10,2025-03-16,page_view,110.4,free
C02982,2025-03-05,W10,2025-03-14,feature_use,207.8,pro
C02982,2025-03-05,W10,2025-03-14,page_view,575.3,free
C02982,2025-03-05,W10,2025-04-03,page_view,69.7,pro
C02983,2025-01-08,W02,2025-01-12,search,79.3,basic
C02983,2025-01-08,W02,2025-02-09,feature_use,114.9,free
C02983,2025-01-08,W02,2025-02-10,page_view,55.8,free
C02983,2025-01-08,W02,2025-02-10,feature_use,698.9,basic
C02984,2025-02-12,W07,2025-02-13,page_view,53.4,free
C02985,2025-03-19,W12,2025-03-21,page_view,353.9,free
C02986,2025-02-19,W08,2025-02-20,page_view,96.7,free
C02986,2025-02-19,W08,2025-02-20,page_view,239.1,basic
C02987,2025-01-01,W01,2025-01-06,search,58.9,free
C02987,2025-01-01,W01,2025-01-31,page_view,107.0,free
C02987,2025-01-01,W01,2025-01-29,settings_change,194.0,free
C02988,2025-01-29,W05,2025-02-03,search,65.6,free
C02988,2025-01-29,W05,2025-01-30,page_view,32.3,basic
C02988,2025-01-29,W05,2025-02-15,page_view,87.6,free
C02988,2025-01-29,W05,2025-02-14,page_view,102.9,free
C02988,2025-01-29,W05,2025-02-12,feature_use,681.9,free
C02988,2025-01-29,W05,2025-02-15,feature_use,334.0,pro
C02988,2025-01-29,W05,2025-02-19,page_view,54.1,basic
C02988,2025-01-29,W05,2025-02-24,page_view,159.4,free
C02988,2025-01-29,W05,2025-02-24,feature_use,35.4,pro
C02988,2025-01-29,W05,2025-03-06,page_view,107.2,pro
C02988,2025-01-29,W05,2025-03-08,search,69.9,basic
C02988,2025-01-29,W05,2025-03-07,page_view,356.0,basic
C02988,2025-01-29,W05,2025-03-11,search,34.2,pro
C02988,2025-01-29,W05,2025-03-05,feature_use,127.8,basic
C02989,2025-03-05,W10,2025-03-09,feature_use,31.6,free
C02989,2025-03-05,W10,2025-03-07,feature_use,161.1,free
C02989,2025-03-05,W10,2025-03-08,page_view,187.5,free
C02989,2025-03-05,W10,2025-03-05,feature_use,132.6,pro
C02990,2025-01-08,W02,2025-01-11,settings_change,566.1,basic
C02990,2025-01-08,W02,2025-01-16,feature_use,151.3,free
C02990,2025-01-08,W02,2025-01-18,page_view,16.5,free
C02990,2025-01-08,W02,2025-01-17,search,82.9,basic
C02990,2025-01-08,W02,2025-01-16,feature_use,1633.9,free
C02990,2025-01-08,W02,2025-01-24,search,137.3,free
C02990,2025-01-08,W02,2025-01-23,search,114.9,pro
C02990,2025-01-08,W02,2025-02-08,page_view,326.2,basic
C02990,2025-01-08,W02,2025-02-21,page_view,455.6,basic
C02990,2025-01-08,W02,2025-02-25,page_view,107.3,basic
C02991,2025-01-15,W03,2025-01-18,page_view,119.0,basic
C02991,2025-01-15,W03,2025-01-23,page_view,129.1,free
C02991,2025-01-15,W03,2025-03-15,page_view,129.1,free
C02992,2025-01-29,W05,2025-02-01,feature_use,80.2,free
C02992,2025-01-29,W05,2025-02-19,page_view,501.7,free
C02993,2025-03-05,W10,2025-03-09,page_view,315.5,free
C02993,2025-03-05,W10,2025-03-30,page_view,440.6,free
C02993,2025-03-05,W10,2025-03-26,feature_use,1613.4,free
C02993,2025-03-05,W10,2025-03-29,page_view,340.4,free
C02993,2025-03-05,W10,2025-04-15,page_view,606.6,pro
C02994,2025-01-29,W05,2025-01-31,page_view,574.9,basic
C02995,2025-01-08,W02,2025-01-14,search,382.6,free
C02995,2025-01-08,W02,2025-01-13,page_view,315.5,free
C02995,2025-01-08,W02,2025-02-27,feature_use,351.6,free
C02996,2025-01-22,W04,2025-01-23,feature_use,263.8,basic
C02996,2025-01-22,W04,2025-01-27,feature_use,62.7,basic
C02996,2025-01-22,W04,2025-01-22,page_view,136.1,free
C02996,2025-01-22,W04,2025-01-28,page_view,95.1,basic
C02996,2025-01-22,W04,2025-02-08,settings_change,59.7,basic
C02996,2025-01-22,W04,2025-02-08,page_view,40.9,pro
C02997,2025-02-12,W07,2025-02-17,page_view,70.7,free
C02997,2025-02-12,W07,2025-02-16,page_view,481.0,basic
C02998,2025-02-05,W06,2025-02-08,feature_use,188.4,basic
C02998,2025-02-05,W06,2025-02-07,page_view,132.8,basic
C02998,2025-02-05,W06,2025-02-06,page_view,95.8,free
C02998,2025-02-05,W06,2025-02-13,settings_change,147.6,basic
C02998,2025-02-05,W06,2025-02-18,page_view,112.9,free
C02998,2025-02-05,W06,2025-02-16,page_view,22.3,free
C02998,2025-02-05,W06,2025-02-23,search,225.8,basic
C02998,2025-02-05,W06,2025-02-19,page_view,30.1,basic
C02998,2025-02-05,W06,2025-02-27,page_view,70.5,free
C02998,2025-02-05,W06,2025-02-28,feature_use,64.4,free
C02998,2025-02-05,W06,2025-02-28,page_view,18.5,free
C02998,2025-02-05,W06,2025-03-01,page_view,271.6,pro
C02998,2025-02-05,W06,2025-03-04,search,122.2,free
C02998,2025-02-05,W06,2025-03-10,feature_use,148.5,free
C02998,2025-02-05,W06,2025-03-11,page_view,66.0,free
C02998,2025-02-05,W06,2025-03-09,page_view,160.7,basic
C02998,2025-02-05,W06,2025-03-07,page_view,71.4,basic
C02998,2025-02-05,W06,2025-03-08,feature_use,71.1,basic
C02998,2025-02-05,W06,2025-04-05,page_view,244.1,pro
C02998,2025-02-05,W06,2025-04-06,page_view,364.7,basic
C02998,2025-02-05,W06,2025-04-08,search,763.6,free
C02998,2025-02-05,W06,2025-04-07,feature_use,55.1,basic
C02998,2025-02-05,W06,2025-04-02,search,103.9,free
C02998,2025-02-05,W06,2025-04-02,feature_use,169.5,basic
C02998,2025-02-05,W06,2025-04-07,feature_use,145.2,basic
C02999,2025-01-15,W03,2025-01-21,page_view,249.6,basic
C02999,2025-01-15,W03,2025-01-15,feature_use,259.4,pro
C02999,2025-01-15,W03,2025-01-16,feature_use,112.6,basic
C02999,2025-01-15,W03,2025-01-26,feature_use,179.1,pro
C02999,2025-01-15,W03,2025-02-25,feature_use,35.7,basic
C02999,2025-01-15,W03,2025-03-12,search,36.9,pro
C02999,2025-01-15,W03,2025-03-18,page_view,22.0,free
C03000,2025-01-22,W04,2025-01-26,page_view,79.6,free
