Rating Period ,Calendar Year,Model,County,Health Plan,Category of Aid, Lower Bound , Midpoint , Upper Bound 
1/21-12/21,2021,Regional,Alpine,Anthem Blue Cross,Child,$66.06 ,$68.98 ,$72.09 
1/21-12/21,2021,Regional,Alpine,Anthem Blue Cross,Adult,$261.19 ,$268.96 ,$277.12 
1/21-12/21,2021,Regional,Alpine,Anthem Blue Cross,Adult Expansion,$330.63 ,$340.08 ,$349.98 
1/21-12/21,2021,Regional,Alpine,Anthem Blue Cross,SPD,$927.25 ,$950.32 ,$974.40 
1/21-12/21,2021,Regional,Alpine,Anthem Blue Cross,SPD Dual,$150.41 ,$155.69 ,$161.24 
1/21-12/21,2021,Regional,Alpine,Anthem Blue Cross,Maternity,"$10,630.12 ","$10,955.83 ","$11,293.84 "
1/21-12/21,2021,Regional,Amador,Anthem Blue Cross,Child,$66.06 ,$68.98 ,$72.09 
1/21-12/21,2021,Regional,Amador,Anthem Blue Cross,Adult,$261.19 ,$268.96 ,$277.12 
1/21-12/21,2021,Regional,Amador,Anthem Blue Cross,Adult Expansion,$330.63 ,$340.08 ,$349.98 
1/21-12/21,2021,Regional,Amador,Anthem Blue Cross,SPD,$927.25 ,$950.32 ,$974.40 
1/21-12/21,2021,Regional,Amador,Anthem Blue Cross,SPD Dual,$150.41 ,$155.69 ,$161.24 
1/21-12/21,2021,Regional,Amador,Anthem Blue Cross,Maternity,"$10,630.12 ","$10,955.83 ","$11,293.84 "
1/21-12/21,2021,Regional,Butte,Anthem Blue Cross,Child,$66.06 ,$68.98 ,$72.09 
1/21-12/21,2021,Regional,Butte,Anthem Blue Cross,Adult,$261.19 ,$268.96 ,$277.12 
1/21-12/21,2021,Regional,Butte,Anthem Blue Cross,Adult Expansion,$330.63 ,$340.08 ,$349.98 
1/21-12/21,2021,Regional,Butte,Anthem Blue Cross,SPD,$927.25 ,$950.32 ,$974.40 
1/21-12/21,2021,Regional,Butte,Anthem Blue Cross,SPD Dual,$150.41 ,$155.69 ,$161.24 
1/21-12/21,2021,Regional,Butte,Anthem Blue Cross,Maternity,"$10,630.12 ","$10,955.83 ","$11,293.84 "
1/21-12/21,2021,Regional,Calaveras,Anthem Blue Cross,Child,$66.06 ,$68.98 ,$72.09 
1/21-12/21,2021,Regional,Calaveras,Anthem Blue Cross,Adult,$261.19 ,$268.96 ,$277.12 
1/21-12/21,2021,Regional,Calaveras,Anthem Blue Cross,Adult Expansion,$330.63 ,$340.08 ,$349.98 
1/21-12/21,2021,Regional,Calaveras,Anthem Blue Cross,SPD,$927.25 ,$950.32 ,$974.40 
1/21-12/21,2021,Regional,Calaveras,Anthem Blue Cross,SPD Dual,$150.41 ,$155.69 ,$161.24 
1/21-12/21,2021,Regional,Calaveras,Anthem Blue Cross,Maternity,"$10,630.12 ","$10,955.83 ","$11,293.84 "
1/21-12/21,2021,Regional,Colusa,Anthem Blue Cross,Child,$66.06 ,$68.98 ,$72.09 
1/21-12/21,2021,Regional,Colusa,Anthem Blue Cross,Adult,$261.19 ,$268.96 ,$277.12 
1/21-12/21,2021,Regional,Colusa,Anthem Blue Cross,Adult Expansion,$330.63 ,$340.08 ,$349.98 
1/21-12/21,2021,Regional,Colusa,Anthem Blue Cross,SPD,$927.25 ,$950.32 ,$974.40 
1/21-12/21,2021,Regional,Colusa,Anthem Blue Cross,SPD Dual,$150.41 ,$155.69 ,$161.24 
1/21-12/21,2021,Regional,Colusa,Anthem Blue Cross,Maternity,"$10,630.12 ","$10,955.83 ","$11,293.84 "
1/21-12/21,2021,Regional,El Dorado,Anthem Blue Cross,Child,$66.06 ,$68.98 ,$72.09 
1/21-12/21,2021,Regional,El Dorado,Anthem Blue Cross,Adult,$261.19 ,$268.96 ,$277.12 
1/21-12/21,2021,Regional,El Dorado,Anthem Blue Cross,Adult Expansion,$330.63 ,$340.08 ,$349.98 
1/21-12/21,2021,Regional,El Dorado,Anthem Blue Cross,SPD,$927.25 ,$950.32 ,$974.40 
1/21-12/21,2021,Regional,El Dorado,Anthem Blue Cross,SPD Dual,$150.41 ,$155.69 ,$161.24 
1/21-12/21,2021,Regional,El Dorado,Anthem Blue Cross,Maternity,"$10,630.12 ","$10,955.83 ","$11,293.84 "
1/21-12/21,2021,Regional,Glenn,Anthem Blue Cross,Child,$66.06 ,$68.98 ,$72.09 
1/21-12/21,2021,Regional,Glenn,Anthem Blue Cross,Adult,$261.19 ,$268.96 ,$277.12 
1/21-12/21,2021,Regional,Glenn,Anthem Blue Cross,Adult Expansion,$330.63 ,$340.08 ,$349.98 
1/21-12/21,2021,Regional,Glenn,Anthem Blue Cross,SPD,$927.25 ,$950.32 ,$974.40 
1/21-12/21,2021,Regional,Glenn,Anthem Blue Cross,SPD Dual,$150.41 ,$155.69 ,$161.24 
1/21-12/21,2021,Regional,Glenn,Anthem Blue Cross,Maternity,"$10,630.12 ","$10,955.83 ","$11,293.84 "
1/21-12/21,2021,Regional,Inyo,Anthem Blue Cross,Child,$66.06 ,$68.98 ,$72.09 
1/21-12/21,2021,Regional,Inyo,Anthem Blue Cross,Adult,$261.19 ,$268.96 ,$277.12 
1/21-12/21,2021,Regional,Inyo,Anthem Blue Cross,Adult Expansion,$330.63 ,$340.08 ,$349.98 
1/21-12/21,2021,Regional,Inyo,Anthem Blue Cross,SPD,$927.25 ,$950.32 ,$974.40 
1/21-12/21,2021,Regional,Inyo,Anthem Blue Cross,SPD Dual,$150.41 ,$155.69 ,$161.24 
1/21-12/21,2021,Regional,Inyo,Anthem Blue Cross,Maternity,"$10,630.12 ","$10,955.83 ","$11,293.84 "
1/21-12/21,2021,Regional,Mariposa,Anthem Blue Cross,Child,$66.06 ,$68.98 ,$72.09 
1/21-12/21,2021,Regional,Mariposa,Anthem Blue Cross,Adult,$261.19 ,$268.96 ,$277.12 
1/21-12/21,2021,Regional,Mariposa,Anthem Blue Cross,Adult Expansion,$330.63 ,$340.08 ,$349.98 
1/21-12/21,2021,Regional,Mariposa,Anthem Blue Cross,SPD,$927.25 ,$950.32 ,$974.40 
1/21-12/21,2021,Regional,Mariposa,Anthem Blue Cross,SPD Dual,$150.41 ,$155.69 ,$161.24 
1/21-12/21,2021,Regional,Mariposa,Anthem Blue Cross,Maternity,"$10,630.12 ","$10,955.83 ","$11,293.84 "
1/21-12/21,2021,Regional,Mono,Anthem Blue Cross,Child,$66.06 ,$68.98 ,$72.09 
1/21-12/21,2021,Regional,Mono,Anthem Blue Cross,Adult,$261.19 ,$268.96 ,$277.12 
1/21-12/21,2021,Regional,Mono,Anthem Blue Cross,Adult Expansion,$330.63 ,$340.08 ,$349.98 
1/21-12/21,2021,Regional,Mono,Anthem Blue Cross,SPD,$927.25 ,$950.32 ,$974.40 
1/21-12/21,2021,Regional,Mono,Anthem Blue Cross,SPD Dual,$150.41 ,$155.69 ,$161.24 
1/21-12/21,2021,Regional,Mono,Anthem Blue Cross,Maternity,"$10,630.12 ","$10,955.83 ","$11,293.84 "
1/21-12/21,2021,Regional,Nevada,Anthem Blue Cross,Child,$66.06 ,$68.98 ,$72.09 
1/21-12/21,2021,Regional,Nevada,Anthem Blue Cross,Adult,$261.19 ,$268.96 ,$277.12 
1/21-12/21,2021,Regional,Nevada,Anthem Blue Cross,Adult Expansion,$330.63 ,$340.08 ,$349.98 
1/21-12/21,2021,Regional,Nevada,Anthem Blue Cross,SPD,$927.25 ,$950.32 ,$974.40 
1/21-12/21,2021,Regional,Nevada,Anthem Blue Cross,SPD Dual,$150.41 ,$155.69 ,$161.24 
1/21-12/21,2021,Regional,Nevada,Anthem Blue Cross,Maternity,"$10,630.12 ","$10,955.83 ","$11,293.84 "
1/21-12/21,2021,Regional,Placer,Anthem Blue Cross,Child,$66.06 ,$68.98 ,$72.09 
1/21-12/21,2021,Regional,Placer,Anthem Blue Cross,Adult,$261.19 ,$268.96 ,$277.12 
1/21-12/21,2021,Regional,Placer,Anthem Blue Cross,Adult Expansion,$330.63 ,$340.08 ,$349.98 
1/21-12/21,2021,Regional,Placer,Anthem Blue Cross,SPD,$927.25 ,$950.32 ,$974.40 
1/21-12/21,2021,Regional,Placer,Anthem Blue Cross,SPD Dual,$150.41 ,$155.69 ,$161.24 
1/21-12/21,2021,Regional,Placer,Anthem Blue Cross,Maternity,"$10,630.12 ","$10,955.83 ","$11,293.84 "
1/21-12/21,2021,Regional,Plumas,Anthem Blue Cross,Child,$66.06 ,$68.98 ,$72.09 
1/21-12/21,2021,Regional,Plumas,Anthem Blue Cross,Adult,$261.19 ,$268.96 ,$277.12 
1/21-12/21,2021,Regional,Plumas,Anthem Blue Cross,Adult Expansion,$330.63 ,$340.08 ,$349.98 
1/21-12/21,2021,Regional,Plumas,Anthem Blue Cross,SPD,$927.25 ,$950.32 ,$974.40 
1/21-12/21,2021,Regional,Plumas,Anthem Blue Cross,SPD Dual,$150.41 ,$155.69 ,$161.24 
1/21-12/21,2021,Regional,Plumas,Anthem Blue Cross,Maternity,"$10,630.12 ","$10,955.83 ","$11,293.84 "
1/21-12/21,2021,Regional,Sierra,Anthem Blue Cross,Child,$66.06 ,$68.98 ,$72.09 
1/21-12/21,2021,Regional,Sierra,Anthem Blue Cross,Adult,$261.19 ,$268.96 ,$277.12 
1/21-12/21,2021,Regional,Sierra,Anthem Blue Cross,Adult Expansion,$330.63 ,$340.08 ,$349.98 
1/21-12/21,2021,Regional,Sierra,Anthem Blue Cross,SPD,$927.25 ,$950.32 ,$974.40 
1/21-12/21,2021,Regional,Sierra,Anthem Blue Cross,SPD Dual,$150.41 ,$155.69 ,$161.24 
1/21-12/21,2021,Regional,Sierra,Anthem Blue Cross,Maternity,"$10,630.12 ","$10,955.83 ","$11,293.84 "
1/21-12/21,2021,Regional,Sutter,Anthem Blue Cross,Child,$66.06 ,$68.98 ,$72.09 
1/21-12/21,2021,Regional,Sutter,Anthem Blue Cross,Adult,$261.19 ,$268.96 ,$277.12 
1/21-12/21,2021,Regional,Sutter,Anthem Blue Cross,Adult Expansion,$330.63 ,$340.08 ,$349.98 
1/21-12/21,2021,Regional,Sutter,Anthem Blue Cross,SPD,$927.25 ,$950.32 ,$974.40 
1/21-12/21,2021,Regional,Sutter,Anthem Blue Cross,SPD Dual,$150.41 ,$155.69 ,$161.24 
1/21-12/21,2021,Regional,Sutter,Anthem Blue Cross,Maternity,"$10,630.12 ","$10,955.83 ","$11,293.84 "
1/21-12/21,2021,Regional,Tehama,Anthem Blue Cross,Child,$66.06 ,$68.98 ,$72.09 
1/21-12/21,2021,Regional,Tehama,Anthem Blue Cross,Adult,$261.19 ,$268.96 ,$277.12 
1/21-12/21,2021,Regional,Tehama,Anthem Blue Cross,Adult Expansion,$330.63 ,$340.08 ,$349.98 
1/21-12/21,2021,Regional,Tehama,Anthem Blue Cross,SPD,$927.25 ,$950.32 ,$974.40 
1/21-12/21,2021,Regional,Tehama,Anthem Blue Cross,SPD Dual,$150.41 ,$155.69 ,$161.24 
1/21-12/21,2021,Regional,Tehama,Anthem Blue Cross,Maternity,"$10,630.12 ","$10,955.83 ","$11,293.84 "
1/21-12/21,2021,Regional,Tuolumne,Anthem Blue Cross,Child,$66.06 ,$68.98 ,$72.09 
1/21-12/21,2021,Regional,Tuolumne,Anthem Blue Cross,Adult,$261.19 ,$268.96 ,$277.12 
1/21-12/21,2021,Regional,Tuolumne,Anthem Blue Cross,Adult Expansion,$330.63 ,$340.08 ,$349.98 
1/21-12/21,2021,Regional,Tuolumne,Anthem Blue Cross,SPD,$927.25 ,$950.32 ,$974.40 
1/21-12/21,2021,Regional,Tuolumne,Anthem Blue Cross,SPD Dual,$150.41 ,$155.69 ,$161.24 
1/21-12/21,2021,Regional,Tuolumne,Anthem Blue Cross,Maternity,"$10,630.12 ","$10,955.83 ","$11,293.84 "
1/21-12/21,2021,Regional,Yuba,Anthem Blue Cross,Child,$66.06 ,$68.98 ,$72.09 
1/21-12/21,2021,Regional,Yuba,Anthem Blue Cross,Adult,$261.19 ,$268.96 ,$277.12 
1/21-12/21,2021,Regional,Yuba,Anthem Blue Cross,Adult Expansion,$330.63 ,$340.08 ,$349.98 
1/21-12/21,2021,Regional,Yuba,Anthem Blue Cross,SPD,$927.25 ,$950.32 ,$974.40 
1/21-12/21,2021,Regional,Yuba,Anthem Blue Cross,SPD Dual,$150.41 ,$155.69 ,$161.24 
1/21-12/21,2021,Regional,Yuba,Anthem Blue Cross,Maternity,"$10,630.12 ","$10,955.83 ","$11,293.84 "
1/21-12/21,2021,Regional,Alpine,CA Health & Wellness,Child,$70.78 ,$73.93 ,$77.28 
1/21-12/21,2021,Regional,Alpine,CA Health & Wellness,Adult,$301.19 ,$310.12 ,$319.49 
1/21-12/21,2021,Regional,Alpine,CA Health & Wellness,Adult Expansion,$386.59 ,$397.55 ,$409.04 
1/21-12/21,2021,Regional,Alpine,CA Health & Wellness,SPD,"$1,085.70 ","$1,112.46 ","$1,140.39 "
1/21-12/21,2021,Regional,Alpine,CA Health & Wellness,SPD Dual,$182.43 ,$189.11 ,$196.13 
1/21-12/21,2021,Regional,Alpine,CA Health & Wellness,Maternity,"$10,630.12 ","$10,955.83 ","$11,293.84 "
1/21-12/21,2021,Regional,Amador,CA Health & Wellness,Child,$70.78 ,$73.93 ,$77.28 
1/21-12/21,2021,Regional,Amador,CA Health & Wellness,Adult,$301.19 ,$310.12 ,$319.49 
1/21-12/21,2021,Regional,Amador,CA Health & Wellness,Adult Expansion,$386.59 ,$397.55 ,$409.04 
1/21-12/21,2021,Regional,Amador,CA Health & Wellness,SPD,"$1,085.70 ","$1,112.46 ","$1,140.39 "
1/21-12/21,2021,Regional,Amador,CA Health & Wellness,SPD Dual,$182.43 ,$189.11 ,$196.13 
1/21-12/21,2021,Regional,Amador,CA Health & Wellness,Maternity,"$10,630.12 ","$10,955.83 ","$11,293.84 "
1/21-12/21,2021,Regional,Butte,CA Health & Wellness,Child,$70.78 ,$73.93 ,$77.28 
1/21-12/21,2021,Regional,Butte,CA Health & Wellness,Adult,$301.19 ,$310.12 ,$319.49 
1/21-12/21,2021,Regional,Butte,CA Health & Wellness,Adult Expansion,$386.59 ,$397.55 ,$409.04 
1/21-12/21,2021,Regional,Butte,CA Health & Wellness,SPD,"$1,085.70 ","$1,112.46 ","$1,140.39 "
1/21-12/21,2021,Regional,Butte,CA Health & Wellness,SPD Dual,$182.43 ,$189.11 ,$196.13 
1/21-12/21,2021,Regional,Butte,CA Health & Wellness,Maternity,"$10,630.12 ","$10,955.83 ","$11,293.84 "
1/21-12/21,2021,Regional,Calaveras,CA Health & Wellness,Child,$70.78 ,$73.93 ,$77.28 
1/21-12/21,2021,Regional,Calaveras,CA Health & Wellness,Adult,$301.19 ,$310.12 ,$319.49 
1/21-12/21,2021,Regional,Calaveras,CA Health & Wellness,Adult Expansion,$386.59 ,$397.55 ,$409.04 
1/21-12/21,2021,Regional,Calaveras,CA Health & Wellness,SPD,"$1,085.70 ","$1,112.46 ","$1,140.39 "
1/21-12/21,2021,Regional,Calaveras,CA Health & Wellness,SPD Dual,$182.43 ,$189.11 ,$196.13 
1/21-12/21,2021,Regional,Calaveras,CA Health & Wellness,Maternity,"$10,630.12 ","$10,955.83 ","$11,293.84 "
1/21-12/21,2021,Regional,Colusa,CA Health & Wellness,Child,$70.78 ,$73.93 ,$77.28 
1/21-12/21,2021,Regional,Colusa,CA Health & Wellness,Adult,$301.19 ,$310.12 ,$319.49 
1/21-12/21,2021,Regional,Colusa,CA Health & Wellness,Adult Expansion,$386.59 ,$397.55 ,$409.04 
1/21-12/21,2021,Regional,Colusa,CA Health & Wellness,SPD,"$1,085.70 ","$1,112.46 ","$1,140.39 "
1/21-12/21,2021,Regional,Colusa,CA Health & Wellness,SPD Dual,$182.43 ,$189.11 ,$196.13 
1/21-12/21,2021,Regional,Colusa,CA Health & Wellness,Maternity,"$10,630.12 ","$10,955.83 ","$11,293.84 "
1/21-12/21,2021,Regional,El Dorado,CA Health & Wellness,Child,$70.78 ,$73.93 ,$77.28 
1/21-12/21,2021,Regional,El Dorado,CA Health & Wellness,Adult,$301.19 ,$310.12 ,$319.49 
1/21-12/21,2021,Regional,El Dorado,CA Health & Wellness,Adult Expansion,$386.59 ,$397.55 ,$409.04 
1/21-12/21,2021,Regional,El Dorado,CA Health & Wellness,SPD,"$1,085.70 ","$1,112.46 ","$1,140.39 "
1/21-12/21,2021,Regional,El Dorado,CA Health & Wellness,SPD Dual,$182.43 ,$189.11 ,$196.13 
1/21-12/21,2021,Regional,El Dorado,CA Health & Wellness,Maternity,"$10,630.12 ","$10,955.83 ","$11,293.84 "
1/21-12/21,2021,Regional,Glenn,CA Health & Wellness,Child,$70.78 ,$73.93 ,$77.28 
1/21-12/21,2021,Regional,Glenn,CA Health & Wellness,Adult,$301.19 ,$310.12 ,$319.49 
1/21-12/21,2021,Regional,Glenn,CA Health & Wellness,Adult Expansion,$386.59 ,$397.55 ,$409.04 
1/21-12/21,2021,Regional,Glenn,CA Health & Wellness,SPD,"$1,085.70 ","$1,112.46 ","$1,140.39 "
1/21-12/21,2021,Regional,Glenn,CA Health & Wellness,SPD Dual,$182.43 ,$189.11 ,$196.13 
1/21-12/21,2021,Regional,Glenn,CA Health & Wellness,Maternity,"$10,630.12 ","$10,955.83 ","$11,293.84 "
1/21-12/21,2021,Regional,Inyo,CA Health & Wellness,Child,$70.78 ,$73.93 ,$77.28 
1/21-12/21,2021,Regional,Inyo,CA Health & Wellness,Adult,$301.19 ,$310.12 ,$319.49 
1/21-12/21,2021,Regional,Inyo,CA Health & Wellness,Adult Expansion,$386.59 ,$397.55 ,$409.04 
1/21-12/21,2021,Regional,Inyo,CA Health & Wellness,SPD,"$1,085.70 ","$1,112.46 ","$1,140.39 "
1/21-12/21,2021,Regional,Inyo,CA Health & Wellness,SPD Dual,$182.43 ,$189.11 ,$196.13 
1/21-12/21,2021,Regional,Inyo,CA Health & Wellness,Maternity,"$10,630.12 ","$10,955.83 ","$11,293.84 "
1/21-12/21,2021,Regional,Mariposa,CA Health & Wellness,Child,$70.78 ,$73.93 ,$77.28 
1/21-12/21,2021,Regional,Mariposa,CA Health & Wellness,Adult,$301.19 ,$310.12 ,$319.49 
1/21-12/21,2021,Regional,Mariposa,CA Health & Wellness,Adult Expansion,$386.59 ,$397.55 ,$409.04 
1/21-12/21,2021,Regional,Mariposa,CA Health & Wellness,SPD,"$1,085.70 ","$1,112.46 ","$1,140.39 "
1/21-12/21,2021,Regional,Mariposa,CA Health & Wellness,SPD Dual,$182.43 ,$189.11 ,$196.13 
1/21-12/21,2021,Regional,Mariposa,CA Health & Wellness,Maternity,"$10,630.12 ","$10,955.83 ","$11,293.84 "
1/21-12/21,2021,Regional,Mono,CA Health & Wellness,Child,$70.78 ,$73.93 ,$77.28 
1/21-12/21,2021,Regional,Mono,CA Health & Wellness,Adult,$301.19 ,$310.12 ,$319.49 
1/21-12/21,2021,Regional,Mono,CA Health & Wellness,Adult Expansion,$386.59 ,$397.55 ,$409.04 
1/21-12/21,2021,Regional,Mono,CA Health & Wellness,SPD,"$1,085.70 ","$1,112.46 ","$1,140.39 "
1/21-12/21,2021,Regional,Mono,CA Health & Wellness,SPD Dual,$182.43 ,$189.11 ,$196.13 
1/21-12/21,2021,Regional,Mono,CA Health & Wellness,Maternity,"$10,630.12 ","$10,955.83 ","$11,293.84 "
1/21-12/21,2021,Regional,Nevada,CA Health & Wellness,Child,$70.78 ,$73.93 ,$77.28 
1/21-12/21,2021,Regional,Nevada,CA Health & Wellness,Adult,$301.19 ,$310.12 ,$319.49 
1/21-12/21,2021,Regional,Nevada,CA Health & Wellness,Adult Expansion,$386.59 ,$397.55 ,$409.04 
1/21-12/21,2021,Regional,Nevada,CA Health & Wellness,SPD,"$1,085.70 ","$1,112.46 ","$1,140.39 "
1/21-12/21,2021,Regional,Nevada,CA Health & Wellness,SPD Dual,$182.43 ,$189.11 ,$196.13 
1/21-12/21,2021,Regional,Nevada,CA Health & Wellness,Maternity,"$10,630.12 ","$10,955.83 ","$11,293.84 "
1/21-12/21,2021,Regional,Placer,CA Health & Wellness,Child,$70.78 ,$73.93 ,$77.28 
1/21-12/21,2021,Regional,Placer,CA Health & Wellness,Adult,$301.19 ,$310.12 ,$319.49 
1/21-12/21,2021,Regional,Placer,CA Health & Wellness,Adult Expansion,$386.59 ,$397.55 ,$409.04 
1/21-12/21,2021,Regional,Placer,CA Health & Wellness,SPD,"$1,085.70 ","$1,112.46 ","$1,140.39 "
1/21-12/21,2021,Regional,Placer,CA Health & Wellness,SPD Dual,$182.43 ,$189.11 ,$196.13 
1/21-12/21,2021,Regional,Placer,CA Health & Wellness,Maternity,"$10,630.12 ","$10,955.83 ","$11,293.84 "
1/21-12/21,2021,Regional,Plumas,CA Health & Wellness,Child,$70.78 ,$73.93 ,$77.28 
1/21-12/21,2021,Regional,Plumas,CA Health & Wellness,Adult,$301.19 ,$310.12 ,$319.49 
1/21-12/21,2021,Regional,Plumas,CA Health & Wellness,Adult Expansion,$386.59 ,$397.55 ,$409.04 
1/21-12/21,2021,Regional,Plumas,CA Health & Wellness,SPD,"$1,085.70 ","$1,112.46 ","$1,140.39 "
1/21-12/21,2021,Regional,Plumas,CA Health & Wellness,SPD Dual,$182.43 ,$189.11 ,$196.13 
1/21-12/21,2021,Regional,Plumas,CA Health & Wellness,Maternity,"$10,630.12 ","$10,955.83 ","$11,293.84 "
1/21-12/21,2021,Regional,Sierra,CA Health & Wellness,Child,$70.78 ,$73.93 ,$77.28 
1/21-12/21,2021,Regional,Sierra,CA Health & Wellness,Adult,$301.19 ,$310.12 ,$319.49 
1/21-12/21,2021,Regional,Sierra,CA Health & Wellness,Adult Expansion,$386.59 ,$397.55 ,$409.04 
1/21-12/21,2021,Regional,Sierra,CA Health & Wellness,SPD,"$1,085.70 ","$1,112.46 ","$1,140.39 "
1/21-12/21,2021,Regional,Sierra,CA Health & Wellness,SPD Dual,$182.43 ,$189.11 ,$196.13 
1/21-12/21,2021,Regional,Sierra,CA Health & Wellness,Maternity,"$10,630.12 ","$10,955.83 ","$11,293.84 "
1/21-12/21,2021,Regional,Sutter,CA Health & Wellness,Child,$70.78 ,$73.93 ,$77.28 
1/21-12/21,2021,Regional,Sutter,CA Health & Wellness,Adult,$301.19 ,$310.12 ,$319.49 
1/21-12/21,2021,Regional,Sutter,CA Health & Wellness,Adult Expansion,$386.59 ,$397.55 ,$409.04 
1/21-12/21,2021,Regional,Sutter,CA Health & Wellness,SPD,"$1,085.70 ","$1,112.46 ","$1,140.39 "
1/21-12/21,2021,Regional,Sutter,CA Health & Wellness,SPD Dual,$182.43 ,$189.11 ,$196.13 
1/21-12/21,2021,Regional,Sutter,CA Health & Wellness,Maternity,"$10,630.12 ","$10,955.83 ","$11,293.84 "
1/21-12/21,2021,Regional,Tehama,CA Health & Wellness,Child,$70.78 ,$73.93 ,$77.28 
1/21-12/21,2021,Regional,Tehama,CA Health & Wellness,Adult,$301.19 ,$310.12 ,$319.49 
1/21-12/21,2021,Regional,Tehama,CA Health & Wellness,Adult Expansion,$386.59 ,$397.55 ,$409.04 
1/21-12/21,2021,Regional,Tehama,CA Health & Wellness,SPD,"$1,085.70 ","$1,112.46 ","$1,140.39 "
1/21-12/21,2021,Regional,Tehama,CA Health & Wellness,SPD Dual,$182.43 ,$189.11 ,$196.13 
1/21-12/21,2021,Regional,Tehama,CA Health & Wellness,Maternity,"$10,630.12 ","$10,955.83 ","$11,293.84 "
1/21-12/21,2021,Regional,Tuolumne,CA Health & Wellness,Child,$70.78 ,$73.93 ,$77.28 
1/21-12/21,2021,Regional,Tuolumne,CA Health & Wellness,Adult,$301.19 ,$310.12 ,$319.49 
1/21-12/21,2021,Regional,Tuolumne,CA Health & Wellness,Adult Expansion,$386.59 ,$397.55 ,$409.04 
1/21-12/21,2021,Regional,Tuolumne,CA Health & Wellness,SPD,"$1,085.70 ","$1,112.46 ","$1,140.39 "
1/21-12/21,2021,Regional,Tuolumne,CA Health & Wellness,SPD Dual,$182.43 ,$189.11 ,$196.13 
1/21-12/21,2021,Regional,Tuolumne,CA Health & Wellness,Maternity,"$10,630.12 ","$10,955.83 ","$11,293.84 "
1/21-12/21,2021,Regional,Yuba,CA Health & Wellness,Child,$70.78 ,$73.93 ,$77.28 
1/21-12/21,2021,Regional,Yuba,CA Health & Wellness,Adult,$301.19 ,$310.12 ,$319.49 
1/21-12/21,2021,Regional,Yuba,CA Health & Wellness,Adult Expansion,$386.59 ,$397.55 ,$409.04 
1/21-12/21,2021,Regional,Yuba,CA Health & Wellness,SPD,"$1,085.70 ","$1,112.46 ","$1,140.39 "
1/21-12/21,2021,Regional,Yuba,CA Health & Wellness,SPD Dual,$182.43 ,$189.11 ,$196.13 
1/21-12/21,2021,Regional,Yuba,CA Health & Wellness,Maternity,"$10,630.12 ","$10,955.83 ","$11,293.84 "
1/21-12/21,2021,Regional,Amador,Kaiser Foundation HP,Child,$64.98 ,$67.65 ,$70.48 
1/21-12/21,2021,Regional,Amador,Kaiser Foundation HP,Adult,$259.89 ,$267.35 ,$275.17 
1/21-12/21,2021,Regional,Amador,Kaiser Foundation HP,Adult Expansion,$345.46 ,$354.94 ,$364.87 
1/21-12/21,2021,Regional,Amador,Kaiser Foundation HP,SPD,$810.52 ,$830.32 ,$850.97 
1/21-12/21,2021,Regional,Amador,Kaiser Foundation HP,SPD Dual,$118.80 ,$123.16 ,$127.76 
1/21-12/21,2021,Regional,Amador,Kaiser Foundation HP,Maternity,"$10,630.12 ","$10,955.83 ","$11,293.84 "
1/21-12/21,2021,Regional,El Dorado,Kaiser Foundation HP,Child,$64.98 ,$67.65 ,$70.48 
1/21-12/21,2021,Regional,El Dorado,Kaiser Foundation HP,Adult,$259.89 ,$267.35 ,$275.17 
1/21-12/21,2021,Regional,El Dorado,Kaiser Foundation HP,Adult Expansion,$345.46 ,$354.94 ,$364.87 
1/21-12/21,2021,Regional,El Dorado,Kaiser Foundation HP,SPD,$810.52 ,$830.32 ,$850.97 
1/21-12/21,2021,Regional,El Dorado,Kaiser Foundation HP,SPD Dual,$118.80 ,$123.16 ,$127.76 
1/21-12/21,2021,Regional,El Dorado,Kaiser Foundation HP,Maternity,"$10,630.12 ","$10,955.83 ","$11,293.84 "
1/21-12/21,2021,Regional,Placer,Kaiser Foundation HP,Child,$64.98 ,$67.65 ,$70.48 
1/21-12/21,2021,Regional,Placer,Kaiser Foundation HP,Adult,$259.89 ,$267.35 ,$275.17 
1/21-12/21,2021,Regional,Placer,Kaiser Foundation HP,Adult Expansion,$345.46 ,$354.94 ,$364.87 
1/21-12/21,2021,Regional,Placer,Kaiser Foundation HP,SPD,$810.52 ,$830.32 ,$850.97 
1/21-12/21,2021,Regional,Placer,Kaiser Foundation HP,SPD Dual,$118.80 ,$123.16 ,$127.76 
1/21-12/21,2021,Regional,Placer,Kaiser Foundation HP,Maternity,"$10,630.12 ","$10,955.83 ","$11,293.84 "
1/21-12/21,2021,Regional,San Benito,Anthem Blue Cross,Child,$58.08 ,$60.48 ,$63.03 
1/21-12/21,2021,Regional,San Benito,Anthem Blue Cross,Adult,$266.93 ,$274.63 ,$282.70 
1/21-12/21,2021,Regional,San Benito,Anthem Blue Cross,Adult Expansion,$274.44 ,$282.01 ,$289.93 
1/21-12/21,2021,Regional,San Benito,Anthem Blue Cross,SPD,$654.61 ,$671.64 ,$689.40 
1/21-12/21,2021,Regional,San Benito,Anthem Blue Cross,SPD Dual,$130.71 ,$135.25 ,$140.02 
1/21-12/21,2021,Regional,San Benito,Anthem Blue Cross,Maternity,"$9,776.26 ","$10,075.81 ","$10,386.67 "
1/21-12/21,2021,Regional,Imperial,CA Health & Wellness,Health Homes Non-Dual,$307.89 ,$312.45 ,$327.12 
1/21-12/21,2021,Regional,Imperial,CA Health & Wellness,Health Homes Dual,$78.66 ,$81.25 ,$84.08 
1/21-12/21,2021,Regional,Imperial,Molina Healthcare,Health Homes Non-Dual,$337.92 ,$342.61 ,$359.37 
1/21-12/21,2021,Regional,Imperial,Molina Healthcare,Health Homes Dual,$80.87 ,$83.48 ,$86.32 
1/21-12/21,2021,Regional,Imperial,Molina Healthcare,Hep C 340B,"$1,722.85 ","$1,722.85 ","$1,759.31 "
1/21-12/21,2021,Regional,Imperial,Molina Healthcare,Hep C Non-340B,"$2,184.11 ","$2,184.11 ","$2,285.16 "
1/21-12/21,2021,Regional,Imperial,CA Health & Wellness,Hep C 340B,"$1,722.85 ","$1,722.85 ","$1,759.31 "
1/21-12/21,2021,Regional,Imperial,CA Health & Wellness,Hep C Non-340B,"$2,184.11 ","$2,184.11 ","$2,285.16 "
1/21-12/21,2021,Regional,San Benito,Anthem Blue Cross,Hep C 340B,"$1,722.85 ","$1,722.85 ","$1,759.31 "
1/21-12/21,2021,Regional,San Benito,Anthem Blue Cross,Hep C Non-340B,"$2,184.11 ","$2,184.11 ","$2,285.16 "
1/21-12/21,2021,Regional,Alpine,Anthem Blue Cross,Hep C 340B,"$1,722.85 ","$1,722.85 ","$1,759.31 "
1/21-12/21,2021,Regional,Alpine,Anthem Blue Cross,Hep C Non-340B,"$2,184.11 ","$2,184.11 ","$2,285.16 "
1/21-12/21,2021,Regional,Amador,Anthem Blue Cross,Hep C 340B,"$1,722.85 ","$1,722.85 ","$1,759.31 "
1/21-12/21,2021,Regional,Amador,Anthem Blue Cross,Hep C Non-340B,"$2,184.11 ","$2,184.11 ","$2,285.16 "
1/21-12/21,2021,Regional,Butte,Anthem Blue Cross,Hep C 340B,"$1,722.85 ","$1,722.85 ","$1,759.31 "
1/21-12/21,2021,Regional,Butte,Anthem Blue Cross,Hep C Non-340B,"$2,184.11 ","$2,184.11 ","$2,285.16 "
1/21-12/21,2021,Regional,Calaveras,Anthem Blue Cross,Hep C 340B,"$1,722.85 ","$1,722.85 ","$1,759.31 "
1/21-12/21,2021,Regional,Calaveras,Anthem Blue Cross,Hep C Non-340B,"$2,184.11 ","$2,184.11 ","$2,285.16 "
1/21-12/21,2021,Regional,Colusa,Anthem Blue Cross,Hep C 340B,"$1,722.85 ","$1,722.85 ","$1,759.31 "
1/21-12/21,2021,Regional,Colusa,Anthem Blue Cross,Hep C Non-340B,"$2,184.11 ","$2,184.11 ","$2,285.16 "
1/21-12/21,2021,Regional,El Dorado,Anthem Blue Cross,Hep C 340B,"$1,722.85 ","$1,722.85 ","$1,759.31 "
1/21-12/21,2021,Regional,El Dorado,Anthem Blue Cross,Hep C Non-340B,"$2,184.11 ","$2,184.11 ","$2,285.16 "
1/21-12/21,2021,Regional,Glenn,Anthem Blue Cross,Hep C 340B,"$1,722.85 ","$1,722.85 ","$1,759.31 "
1/21-12/21,2021,Regional,Glenn,Anthem Blue Cross,Hep C Non-340B,"$2,184.11 ","$2,184.11 ","$2,285.16 "
1/21-12/21,2021,Regional,Inyo,Anthem Blue Cross,Hep C 340B,"$1,722.85 ","$1,722.85 ","$1,759.31 "
1/21-12/21,2021,Regional,Inyo,Anthem Blue Cross,Hep C Non-340B,"$2,184.11 ","$2,184.11 ","$2,285.16 "
1/21-12/21,2021,Regional,Mariposa,Anthem Blue Cross,Hep C 340B,"$1,722.85 ","$1,722.85 ","$1,759.31 "
1/21-12/21,2021,Regional,Mariposa,Anthem Blue Cross,Hep C Non-340B,"$2,184.11 ","$2,184.11 ","$2,285.16 "
1/21-12/21,2021,Regional,Mono,Anthem Blue Cross,Hep C 340B,"$1,722.85 ","$1,722.85 ","$1,759.31 "
1/21-12/21,2021,Regional,Mono,Anthem Blue Cross,Hep C Non-340B,"$2,184.11 ","$2,184.11 ","$2,285.16 "
1/21-12/21,2021,Regional,Nevada,Anthem Blue Cross,Hep C 340B,"$1,722.85 ","$1,722.85 ","$1,759.31 "
1/21-12/21,2021,Regional,Nevada,Anthem Blue Cross,Hep C Non-340B,"$2,184.11 ","$2,184.11 ","$2,285.16 "
1/21-12/21,2021,Regional,Placer,Anthem Blue Cross,Hep C 340B,"$1,722.85 ","$1,722.85 ","$1,759.31 "
1/21-12/21,2021,Regional,Placer,Anthem Blue Cross,Hep C Non-340B,"$2,184.11 ","$2,184.11 ","$2,285.16 "
1/21-12/21,2021,Regional,Plumas,Anthem Blue Cross,Hep C 340B,"$1,722.85 ","$1,722.85 ","$1,759.31 "
1/21-12/21,2021,Regional,Plumas,Anthem Blue Cross,Hep C Non-340B,"$2,184.11 ","$2,184.11 ","$2,285.16 "
1/21-12/21,2021,Regional,Sierra,Anthem Blue Cross,Hep C 340B,"$1,722.85 ","$1,722.85 ","$1,759.31 "
1/21-12/21,2021,Regional,Sierra,Anthem Blue Cross,Hep C Non-340B,"$2,184.11 ","$2,184.11 ","$2,285.16 "
1/21-12/21,2021,Regional,Sutter,Anthem Blue Cross,Hep C 340B,"$1,722.85 ","$1,722.85 ","$1,759.31 "
1/21-12/21,2021,Regional,Sutter,Anthem Blue Cross,Hep C Non-340B,"$2,184.11 ","$2,184.11 ","$2,285.16 "
1/21-12/21,2021,Regional,Tehama,Anthem Blue Cross,Hep C 340B,"$1,722.85 ","$1,722.85 ","$1,759.31 "
1/21-12/21,2021,Regional,Tehama,Anthem Blue Cross,Hep C Non-340B,"$2,184.11 ","$2,184.11 ","$2,285.16 "
1/21-12/21,2021,Regional,Tuolumne,Anthem Blue Cross,Hep C 340B,"$1,722.85 ","$1,722.85 ","$1,759.31 "
1/21-12/21,2021,Regional,Tuolumne,Anthem Blue Cross,Hep C Non-340B,"$2,184.11 ","$2,184.11 ","$2,285.16 "
1/21-12/21,2021,Regional,Yuba,Anthem Blue Cross,Hep C 340B,"$1,722.85 ","$1,722.85 ","$1,759.31 "
1/21-12/21,2021,Regional,Yuba,Anthem Blue Cross,Hep C Non-340B,"$2,184.11 ","$2,184.11 ","$2,285.16 "
1/21-12/21,2021,Regional,Alpine,CA Health & Wellness,Hep C 340B,"$1,722.85 ","$1,722.85 ","$1,759.31 "
1/21-12/21,2021,Regional,Alpine,CA Health & Wellness,Hep C Non-340B,"$2,184.11 ","$2,184.11 ","$2,285.16 "
1/21-12/21,2021,Regional,Amador,CA Health & Wellness,Hep C 340B,"$1,722.85 ","$1,722.85 ","$1,759.31 "
1/21-12/21,2021,Regional,Amador,CA Health & Wellness,Hep C Non-340B,"$2,184.11 ","$2,184.11 ","$2,285.16 "
1/21-12/21,2021,Regional,Butte,CA Health & Wellness,Hep C 340B,"$1,722.85 ","$1,722.85 ","$1,759.31 "
1/21-12/21,2021,Regional,Butte,CA Health & Wellness,Hep C Non-340B,"$2,184.11 ","$2,184.11 ","$2,285.16 "
1/21-12/21,2021,Regional,Calaveras,CA Health & Wellness,Hep C 340B,"$1,722.85 ","$1,722.85 ","$1,759.31 "
1/21-12/21,2021,Regional,Calaveras,CA Health & Wellness,Hep C Non-340B,"$2,184.11 ","$2,184.11 ","$2,285.16 "
1/21-12/21,2021,Regional,Colusa,CA Health & Wellness,Hep C 340B,"$1,722.85 ","$1,722.85 ","$1,759.31 "
1/21-12/21,2021,Regional,Colusa,CA Health & Wellness,Hep C Non-340B,"$2,184.11 ","$2,184.11 ","$2,285.16 "
1/21-12/21,2021,Regional,El Dorado,CA Health & Wellness,Hep C 340B,"$1,722.85 ","$1,722.85 ","$1,759.31 "
1/21-12/21,2021,Regional,El Dorado,CA Health & Wellness,Hep C Non-340B,"$2,184.11 ","$2,184.11 ","$2,285.16 "
1/21-12/21,2021,Regional,Glenn,CA Health & Wellness,Hep C 340B,"$1,722.85 ","$1,722.85 ","$1,759.31 "
1/21-12/21,2021,Regional,Glenn,CA Health & Wellness,Hep C Non-340B,"$2,184.11 ","$2,184.11 ","$2,285.16 "
1/21-12/21,2021,Regional,Inyo,CA Health & Wellness,Hep C 340B,"$1,722.85 ","$1,722.85 ","$1,759.31 "
1/21-12/21,2021,Regional,Inyo,CA Health & Wellness,Hep C Non-340B,"$2,184.11 ","$2,184.11 ","$2,285.16 "
1/21-12/21,2021,Regional,Mariposa,CA Health & Wellness,Hep C 340B,"$1,722.85 ","$1,722.85 ","$1,759.31 "
1/21-12/21,2021,Regional,Mariposa,CA Health & Wellness,Hep C Non-340B,"$2,184.11 ","$2,184.11 ","$2,285.16 "
1/21-12/21,2021,Regional,Mono,CA Health & Wellness,Hep C 340B,"$1,722.85 ","$1,722.85 ","$1,759.31 "
1/21-12/21,2021,Regional,Mono,CA Health & Wellness,Hep C Non-340B,"$2,184.11 ","$2,184.11 ","$2,285.16 "
1/21-12/21,2021,Regional,Nevada,CA Health & Wellness,Hep C 340B,"$1,722.85 ","$1,722.85 ","$1,759.31 "
1/21-12/21,2021,Regional,Nevada,CA Health & Wellness,Hep C Non-340B,"$2,184.11 ","$2,184.11 ","$2,285.16 "
1/21-12/21,2021,Regional,Placer,CA Health & Wellness,Hep C 340B,"$1,722.85 ","$1,722.85 ","$1,759.31 "
1/21-12/21,2021,Regional,Placer,CA Health & Wellness,Hep C Non-340B,"$2,184.11 ","$2,184.11 ","$2,285.16 "
1/21-12/21,2021,Regional,Plumas,CA Health & Wellness,Hep C 340B,"$1,722.85 ","$1,722.85 ","$1,759.31 "
1/21-12/21,2021,Regional,Plumas,CA Health & Wellness,Hep C Non-340B,"$2,184.11 ","$2,184.11 ","$2,285.16 "
1/21-12/21,2021,Regional,Sierra,CA Health & Wellness,Hep C 340B,"$1,722.85 ","$1,722.85 ","$1,759.31 "
1/21-12/21,2021,Regional,Sierra,CA Health & Wellness,Hep C Non-340B,"$2,184.11 ","$2,184.11 ","$2,285.16 "
1/21-12/21,2021,Regional,Sutter,CA Health & Wellness,Hep C 340B,"$1,722.85 ","$1,722.85 ","$1,759.31 "
1/21-12/21,2021,Regional,Sutter,CA Health & Wellness,Hep C Non-340B,"$2,184.11 ","$2,184.11 ","$2,285.16 "
1/21-12/21,2021,Regional,Tehama,CA Health & Wellness,Hep C 340B,"$1,722.85 ","$1,722.85 ","$1,759.31 "
1/21-12/21,2021,Regional,Tehama,CA Health & Wellness,Hep C Non-340B,"$2,184.11 ","$2,184.11 ","$2,285.16 "
1/21-12/21,2021,Regional,Tuolumne,CA Health & Wellness,Hep C 340B,"$1,722.85 ","$1,722.85 ","$1,759.31 "
1/21-12/21,2021,Regional,Tuolumne,CA Health & Wellness,Hep C Non-340B,"$2,184.11 ","$2,184.11 ","$2,285.16 "
1/21-12/21,2021,Regional,Yuba,CA Health & Wellness,Hep C 340B,"$1,722.85 ","$1,722.85 ","$1,759.31 "
1/21-12/21,2021,Regional,Yuba,CA Health & Wellness,Hep C Non-340B,"$2,184.11 ","$2,184.11 ","$2,285.16 "
1/21-12/21,2021,Regional,Imperial,Molina Healthcare,Behavioral Health Treatment 0-6,"$2,651.19 ","$2,725.73 ","$2,802.96 "
1/21-12/21,2021,Regional,Imperial,Molina Healthcare,Behavioral Health Treatment 7-20,"$1,975.39 ","$2,030.93 ","$2,088.47 "
1/21-12/21,2021,Regional,Imperial,CA Health & Wellness,Behavioral Health Treatment 0-6,"$2,019.15 ","$2,075.92 ","$2,134.74 "
1/21-12/21,2021,Regional,Imperial,CA Health & Wellness,Behavioral Health Treatment 7-20,"$1,821.42 ","$1,872.63 ","$1,925.69 "
1/21-12/21,2021,Regional,San Benito,Anthem Blue Cross,Behavioral Health Treatment 0-6,"$3,007.63 ","$3,092.20 ","$3,179.81 "
1/21-12/21,2021,Regional,San Benito,Anthem Blue Cross,Behavioral Health Treatment 7-20,"$2,002.30 ","$2,058.60 ","$2,116.93 "
1/21-12/21,2021,Regional,Alpine,Anthem Blue Cross,Behavioral Health Treatment 0-6,"$3,584.10 ","$3,684.87 ","$3,789.28 "
1/21-12/21,2021,Regional,Alpine,Anthem Blue Cross,Behavioral Health Treatment 7-20,"$2,292.82 ","$2,357.28 ","$2,424.08 "
1/21-12/21,2021,Regional,Amador,Anthem Blue Cross,Behavioral Health Treatment 0-6,"$3,584.10 ","$3,684.87 ","$3,789.28 "
1/21-12/21,2021,Regional,Amador,Anthem Blue Cross,Behavioral Health Treatment 7-20,"$2,292.82 ","$2,357.28 ","$2,424.08 "
1/21-12/21,2021,Regional,Butte,Anthem Blue Cross,Behavioral Health Treatment 0-6,"$3,584.10 ","$3,684.87 ","$3,789.28 "
1/21-12/21,2021,Regional,Butte,Anthem Blue Cross,Behavioral Health Treatment 7-20,"$2,292.82 ","$2,357.28 ","$2,424.08 "
1/21-12/21,2021,Regional,Calaveras,Anthem Blue Cross,Behavioral Health Treatment 0-6,"$3,584.10 ","$3,684.87 ","$3,789.28 "
1/21-12/21,2021,Regional,Calaveras,Anthem Blue Cross,Behavioral Health Treatment 7-20,"$2,292.82 ","$2,357.28 ","$2,424.08 "
1/21-12/21,2021,Regional,Colusa,Anthem Blue Cross,Behavioral Health Treatment 0-6,"$3,584.10 ","$3,684.87 ","$3,789.28 "
1/21-12/21,2021,Regional,Colusa,Anthem Blue Cross,Behavioral Health Treatment 7-20,"$2,292.82 ","$2,357.28 ","$2,424.08 "
1/21-12/21,2021,Regional,El Dorado,Anthem Blue Cross,Behavioral Health Treatment 0-6,"$3,584.10 ","$3,684.87 ","$3,789.28 "
1/21-12/21,2021,Regional,El Dorado,Anthem Blue Cross,Behavioral Health Treatment 7-20,"$2,292.82 ","$2,357.28 ","$2,424.08 "
1/21-12/21,2021,Regional,Glenn,Anthem Blue Cross,Behavioral Health Treatment 0-6,"$3,584.10 ","$3,684.87 ","$3,789.28 "
1/21-12/21,2021,Regional,Glenn,Anthem Blue Cross,Behavioral Health Treatment 7-20,"$2,292.82 ","$2,357.28 ","$2,424.08 "
1/21-12/21,2021,Regional,Inyo,Anthem Blue Cross,Behavioral Health Treatment 0-6,"$3,584.10 ","$3,684.87 ","$3,789.28 "
1/21-12/21,2021,Regional,Inyo,Anthem Blue Cross,Behavioral Health Treatment 7-20,"$2,292.82 ","$2,357.28 ","$2,424.08 "
1/21-12/21,2021,Regional,Mariposa,Anthem Blue Cross,Behavioral Health Treatment 0-6,"$3,584.10 ","$3,684.87 ","$3,789.28 "
1/21-12/21,2021,Regional,Mariposa,Anthem Blue Cross,Behavioral Health Treatment 7-20,"$2,292.82 ","$2,357.28 ","$2,424.08 "
1/21-12/21,2021,Regional,Mono,Anthem Blue Cross,Behavioral Health Treatment 0-6,"$3,584.10 ","$3,684.87 ","$3,789.28 "
1/21-12/21,2021,Regional,Mono,Anthem Blue Cross,Behavioral Health Treatment 7-20,"$2,292.82 ","$2,357.28 ","$2,424.08 "
1/21-12/21,2021,Regional,Nevada,Anthem Blue Cross,Behavioral Health Treatment 0-6,"$3,584.10 ","$3,684.87 ","$3,789.28 "
1/21-12/21,2021,Regional,Nevada,Anthem Blue Cross,Behavioral Health Treatment 7-20,"$2,292.82 ","$2,357.28 ","$2,424.08 "
1/21-12/21,2021,Regional,Placer,Anthem Blue Cross,Behavioral Health Treatment 0-6,"$3,584.10 ","$3,684.87 ","$3,789.28 "
1/21-12/21,2021,Regional,Placer,Anthem Blue Cross,Behavioral Health Treatment 7-20,"$2,292.82 ","$2,357.28 ","$2,424.08 "
1/21-12/21,2021,Regional,Plumas,Anthem Blue Cross,Behavioral Health Treatment 0-6,"$3,584.10 ","$3,684.87 ","$3,789.28 "
1/21-12/21,2021,Regional,Plumas,Anthem Blue Cross,Behavioral Health Treatment 7-20,"$2,292.82 ","$2,357.28 ","$2,424.08 "
1/21-12/21,2021,Regional,Sierra,Anthem Blue Cross,Behavioral Health Treatment 0-6,"$3,584.10 ","$3,684.87 ","$3,789.28 "
1/21-12/21,2021,Regional,Sierra,Anthem Blue Cross,Behavioral Health Treatment 7-20,"$2,292.82 ","$2,357.28 ","$2,424.08 "
1/21-12/21,2021,Regional,Sutter,Anthem Blue Cross,Behavioral Health Treatment 0-6,"$3,584.10 ","$3,684.87 ","$3,789.28 "
1/21-12/21,2021,Regional,Sutter,Anthem Blue Cross,Behavioral Health Treatment 7-20,"$2,292.82 ","$2,357.28 ","$2,424.08 "
1/21-12/21,2021,Regional,Tehama,Anthem Blue Cross,Behavioral Health Treatment 0-6,"$3,584.10 ","$3,684.87 ","$3,789.28 "
1/21-12/21,2021,Regional,Tehama,Anthem Blue Cross,Behavioral Health Treatment 7-20,"$2,292.82 ","$2,357.28 ","$2,424.08 "
1/21-12/21,2021,Regional,Tuolumne,Anthem Blue Cross,Behavioral Health Treatment 0-6,"$3,584.10 ","$3,684.87 ","$3,789.28 "
1/21-12/21,2021,Regional,Tuolumne,Anthem Blue Cross,Behavioral Health Treatment 7-20,"$2,292.82 ","$2,357.28 ","$2,424.08 "
1/21-12/21,2021,Regional,Yuba,Anthem Blue Cross,Behavioral Health Treatment 0-6,"$3,584.10 ","$3,684.87 ","$3,789.28 "
1/21-12/21,2021,Regional,Yuba,Anthem Blue Cross,Behavioral Health Treatment 7-20,"$2,292.82 ","$2,357.28 ","$2,424.08 "
1/21-12/21,2021,Regional,Alpine,CA Health & Wellness,Behavioral Health Treatment 0-6,"$2,304.24 ","$2,369.03 ","$2,436.16 "
1/21-12/21,2021,Regional,Alpine,CA Health & Wellness,Behavioral Health Treatment 7-20,"$1,650.61 ","$1,697.02 ","$1,745.11 "
1/21-12/21,2021,Regional,Amador,CA Health & Wellness,Behavioral Health Treatment 0-6,"$2,304.24 ","$2,369.03 ","$2,436.16 "
1/21-12/21,2021,Regional,Amador,CA Health & Wellness,Behavioral Health Treatment 7-20,"$1,650.61 ","$1,697.02 ","$1,745.11 "
1/21-12/21,2021,Regional,Butte,CA Health & Wellness,Behavioral Health Treatment 0-6,"$2,304.24 ","$2,369.03 ","$2,436.16 "
1/21-12/21,2021,Regional,Butte,CA Health & Wellness,Behavioral Health Treatment 7-20,"$1,650.61 ","$1,697.02 ","$1,745.11 "
1/21-12/21,2021,Regional,Calaveras,CA Health & Wellness,Behavioral Health Treatment 0-6,"$2,304.24 ","$2,369.03 ","$2,436.16 "
1/21-12/21,2021,Regional,Calaveras,CA Health & Wellness,Behavioral Health Treatment 7-20,"$1,650.61 ","$1,697.02 ","$1,745.11 "
1/21-12/21,2021,Regional,Colusa,CA Health & Wellness,Behavioral Health Treatment 0-6,"$2,304.24 ","$2,369.03 ","$2,436.16 "
1/21-12/21,2021,Regional,Colusa,CA Health & Wellness,Behavioral Health Treatment 7-20,"$1,650.61 ","$1,697.02 ","$1,745.11 "
1/21-12/21,2021,Regional,El Dorado,CA Health & Wellness,Behavioral Health Treatment 0-6,"$2,304.24 ","$2,369.03 ","$2,436.16 "
1/21-12/21,2021,Regional,El Dorado,CA Health & Wellness,Behavioral Health Treatment 7-20,"$1,650.61 ","$1,697.02 ","$1,745.11 "
1/21-12/21,2021,Regional,Glenn,CA Health & Wellness,Behavioral Health Treatment 0-6,"$2,304.24 ","$2,369.03 ","$2,436.16 "
1/21-12/21,2021,Regional,Glenn,CA Health & Wellness,Behavioral Health Treatment 7-20,"$1,650.61 ","$1,697.02 ","$1,745.11 "
1/21-12/21,2021,Regional,Inyo,CA Health & Wellness,Behavioral Health Treatment 0-6,"$2,304.24 ","$2,369.03 ","$2,436.16 "
1/21-12/21,2021,Regional,Inyo,CA Health & Wellness,Behavioral Health Treatment 7-20,"$1,650.61 ","$1,697.02 ","$1,745.11 "
1/21-12/21,2021,Regional,Mariposa,CA Health & Wellness,Behavioral Health Treatment 0-6,"$2,304.24 ","$2,369.03 ","$2,436.16 "
1/21-12/21,2021,Regional,Mariposa,CA Health & Wellness,Behavioral Health Treatment 7-20,"$1,650.61 ","$1,697.02 ","$1,745.11 "
1/21-12/21,2021,Regional,Mono,CA Health & Wellness,Behavioral Health Treatment 0-6,"$2,304.24 ","$2,369.03 ","$2,436.16 "
1/21-12/21,2021,Regional,Mono,CA Health & Wellness,Behavioral Health Treatment 7-20,"$1,650.61 ","$1,697.02 ","$1,745.11 "
1/21-12/21,2021,Regional,Nevada,CA Health & Wellness,Behavioral Health Treatment 0-6,"$2,304.24 ","$2,369.03 ","$2,436.16 "
1/21-12/21,2021,Regional,Nevada,CA Health & Wellness,Behavioral Health Treatment 7-20,"$1,650.61 ","$1,697.02 ","$1,745.11 "
1/21-12/21,2021,Regional,Placer,CA Health & Wellness,Behavioral Health Treatment 0-6,"$2,304.24 ","$2,369.03 ","$2,436.16 "
1/21-12/21,2021,Regional,Placer,CA Health & Wellness,Behavioral Health Treatment 7-20,"$1,650.61 ","$1,697.02 ","$1,745.11 "
1/21-12/21,2021,Regional,Plumas,CA Health & Wellness,Behavioral Health Treatment 0-6,"$2,304.24 ","$2,369.03 ","$2,436.16 "
1/21-12/21,2021,Regional,Plumas,CA Health & Wellness,Behavioral Health Treatment 7-20,"$1,650.61 ","$1,697.02 ","$1,745.11 "
1/21-12/21,2021,Regional,Sierra,CA Health & Wellness,Behavioral Health Treatment 0-6,"$2,304.24 ","$2,369.03 ","$2,436.16 "
1/21-12/21,2021,Regional,Sierra,CA Health & Wellness,Behavioral Health Treatment 7-20,"$1,650.61 ","$1,697.02 ","$1,745.11 "
1/21-12/21,2021,Regional,Sutter,CA Health & Wellness,Behavioral Health Treatment 0-6,"$2,304.24 ","$2,369.03 ","$2,436.16 "
1/21-12/21,2021,Regional,Sutter,CA Health & Wellness,Behavioral Health Treatment 7-20,"$1,650.61 ","$1,697.02 ","$1,745.11 "
1/21-12/21,2021,Regional,Tehama,CA Health & Wellness,Behavioral Health Treatment 0-6,"$2,304.24 ","$2,369.03 ","$2,436.16 "
1/21-12/21,2021,Regional,Tehama,CA Health & Wellness,Behavioral Health Treatment 7-20,"$1,650.61 ","$1,697.02 ","$1,745.11 "
1/21-12/21,2021,Regional,Tuolumne,CA Health & Wellness,Behavioral Health Treatment 0-6,"$2,304.24 ","$2,369.03 ","$2,436.16 "
1/21-12/21,2021,Regional,Tuolumne,CA Health & Wellness,Behavioral Health Treatment 7-20,"$1,650.61 ","$1,697.02 ","$1,745.11 "
1/21-12/21,2021,Regional,Yuba,CA Health & Wellness,Behavioral Health Treatment 0-6,"$2,304.24 ","$2,369.03 ","$2,436.16 "
1/21-12/21,2021,Regional,Yuba,CA Health & Wellness,Behavioral Health Treatment 7-20,"$1,650.61 ","$1,697.02 ","$1,745.11 "
1/21-12/21,2021,Regional,Placer,Kaiser Foundation HP,Hep C 340B,"$1,722.85 ","$1,722.85 ","$1,759.31 "
1/21-12/21,2021,Regional,Placer,Kaiser Foundation HP,Hep C Non-340B,"$2,184.11 ","$2,184.11 ","$2,285.16 "
1/21-12/21,2021,Regional,El Dorado,Kaiser Foundation HP,Hep C 340B,"$1,722.85 ","$1,722.85 ","$1,759.31 "
1/21-12/21,2021,Regional,El Dorado,Kaiser Foundation HP,Hep C Non-340B,"$2,184.11 ","$2,184.11 ","$2,285.16 "
1/21-12/21,2021,Regional,Amador,Kaiser Foundation HP,Hep C 340B,"$1,722.85 ","$1,722.85 ","$1,759.31 "
1/21-12/21,2021,Regional,Amador,Kaiser Foundation HP,Hep C Non-340B,"$2,184.11 ","$2,184.11 ","$2,285.16 "
1/21-12/21,2021,Regional,Amador,Kaiser Foundation HP,Behavioral Health Treatment 0-6,"$3,073.91 ","$3,160.34 ","$3,249.89 "
1/21-12/21,2021,Regional,Amador,Kaiser Foundation HP,Behavioral Health Treatment 7-20,"$2,084.80 ","$2,143.42 ","$2,204.15 "
1/21-12/21,2021,Regional,El Dorado,Kaiser Foundation HP,Behavioral Health Treatment 0-6,"$3,073.91 ","$3,160.34 ","$3,249.89 "
1/21-12/21,2021,Regional,El Dorado,Kaiser Foundation HP,Behavioral Health Treatment 7-20,"$2,084.80 ","$2,143.42 ","$2,204.15 "
1/21-12/21,2021,Regional,Placer,Kaiser Foundation HP,Behavioral Health Treatment 0-6,"$3,073.91 ","$3,160.34 ","$3,249.89 "
1/21-12/21,2021,Regional,Placer,Kaiser Foundation HP,Behavioral Health Treatment 7-20,"$2,084.80 ","$2,143.42 ","$2,204.15 "
1/21-12/21,2021,Regional Model,Imperial,CA Health & Wellness,Child,$78.15 ,$81.14 ,$84.32 
1/21-12/21,2021,Regional Model,Imperial,CA Health & Wellness,Adult,$227.67 ,$234.17 ,$241.00 
1/21-12/21,2021,Regional Model,Imperial,CA Health & Wellness,Adult Expansion,$324.67 ,$333.10 ,$341.92 
1/21-12/21,2021,Regional Model,Imperial,CA Health & Wellness,SPD,$974.44 ,$996.10 ,"$1,018.69 "
1/21-12/21,2021,Regional Model,Imperial,CA Health & Wellness,SPD Dual,$240.58 ,$248.18 ,$256.14 
1/21-12/21,2021,Regional Model,Imperial,CA Health & Wellness,Maternity,"$8,505.94 ","$8,766.57 ","$9,037.06 "
1/21-12/21,2021,Regional,Imperial,Molina Healthcare,Child,$71.64 ,$74.48 ,$77.48 
1/21-12/21,2021,Regional,Imperial,Molina Healthcare,Adult,$184.69 ,$190.22 ,$196.03 
1/21-12/21,2021,Regional,Imperial,Molina Healthcare,Adult Expansion,$304.55 ,$312.81 ,$321.47 
1/21-12/21,2021,Regional,Imperial,Molina Healthcare,SPD,$974.50 ,$997.43 ,"$1,021.34 "
1/21-12/21,2021,Regional,Imperial,Molina Healthcare,SPD Dual,$287.11 ,$295.71 ,$304.72 
1/21-12/21,2021,Regional,Imperial,Molina Healthcare,Maternity,"$8,505.94 ","$8,766.57 ","$9,037.06 "
1/22-12/22,2022,Regional,Imperial,Molina Healthcare,Child,$73.23 ,$76.53 ,$80.03 
1/22-12/22,2022,Regional,Imperial,Molina Healthcare,Adult,$151.89 ,$157.67 ,$163.75 
1/22-12/22,2022,Regional,Imperial,Molina Healthcare,Adult Expansion,$230.63 ,$238.86 ,$247.48 
1/22-12/22,2022,Regional,Imperial,Molina Healthcare,SPD,$750.79 ,$774.74 ,$799.71 
1/22-12/22,2022,Regional,Imperial,Molina Healthcare,SPD Dual,$240.38 ,$248.61 ,$257.25 
1/22-12/22,2022,Regional,Imperial,Molina Healthcare,Maternity,"$8,575.96 ","$8,839.50 ","$9,113.04 "
1/22-12/22,2022,Regional,Imperial,Molina Healthcare,Behavioral Health Treatment 0-6,"$2,726.97 ","$2,817.88 ","$2,912.41 "
1/22-12/22,2022,Regional,Imperial,Molina Healthcare,Behavioral Health Treatment 7-20,"$2,027.24 ","$2,094.83 ","$2,165.10 "
1/22-12/22,2022,Regional,Amador,Kaiser Foundation Health Plan,Child,$64.67 ,$67.68 ,$70.87 
1/22-12/22,2022,Regional,Amador,Kaiser Foundation Health Plan,Adult,$245.02 ,$253.68 ,$262.75 
1/22-12/22,2022,Regional,Amador,Kaiser Foundation Health Plan,Adult Expansion,$252.39 ,$261.18 ,$270.39 
1/22-12/22,2022,Regional,Amador,Kaiser Foundation Health Plan,SPD,$589.61 ,$608.48 ,$628.19 
1/22-12/22,2022,Regional,Amador,Kaiser Foundation Health Plan,SPD Dual,$110.71 ,$114.92 ,$119.36 
1/22-12/22,2022,Regional,Amador,Kaiser Foundation Health Plan,Maternity,"$11,430.81 ","$11,782.07 ","$12,146.67 "
1/22-12/22,2022,Regional,Amador,Kaiser Foundation Health Plan,Behavioral Health Treatment 0-6,"$3,217.90 ","$3,325.18 ","$3,436.74 "
1/22-12/22,2022,Regional,Amador,Kaiser Foundation Health Plan,Behavioral Health Treatment 7-20,"$2,162.48 ","$2,234.57 ","$2,309.54 "
1/22-12/22,2022,Regional,El Dorado,Kaiser Foundation Health Plan,Child,$64.67 ,$67.68 ,$70.87 
1/22-12/22,2022,Regional,El Dorado,Kaiser Foundation Health Plan,Adult,$245.02 ,$253.68 ,$262.75 
1/22-12/22,2022,Regional,El Dorado,Kaiser Foundation Health Plan,Adult Expansion,$252.39 ,$261.18 ,$270.39 
1/22-12/22,2022,Regional,El Dorado,Kaiser Foundation Health Plan,SPD,$589.61 ,$608.48 ,$628.19 
1/22-12/22,2022,Regional,El Dorado,Kaiser Foundation Health Plan,SPD Dual,$110.71 ,$114.92 ,$119.36 
1/22-12/22,2022,Regional,El Dorado,Kaiser Foundation Health Plan,Maternity,"$11,430.81 ","$11,782.07 ","$12,146.67 "
1/22-12/22,2022,Regional,El Dorado,Kaiser Foundation Health Plan,Behavioral Health Treatment 0-6,"$3,217.90 ","$3,325.18 ","$3,436.74 "
1/22-12/22,2022,Regional,El Dorado,Kaiser Foundation Health Plan,Behavioral Health Treatment 7-20,"$2,162.48 ","$2,234.57 ","$2,309.54 "
1/22-12/22,2022,Regional,Placer,Kaiser Foundation Health Plan,Child,$64.67 ,$67.68 ,$70.87 
1/22-12/22,2022,Regional,Placer,Kaiser Foundation Health Plan,Adult,$245.02 ,$253.68 ,$262.75 
1/22-12/22,2022,Regional,Placer,Kaiser Foundation Health Plan,Adult Expansion,$252.39 ,$261.18 ,$270.39 
1/22-12/22,2022,Regional,Placer,Kaiser Foundation Health Plan,SPD,$589.61 ,$608.48 ,$628.19 
1/22-12/22,2022,Regional,Placer,Kaiser Foundation Health Plan,SPD Dual,$110.71 ,$114.92 ,$119.36 
1/22-12/22,2022,Regional,Placer,Kaiser Foundation Health Plan,Maternity,"$11,430.81 ","$11,782.07 ","$12,146.67 "
1/22-12/22,2022,Regional,Placer,Kaiser Foundation Health Plan,Behavioral Health Treatment 0-6,"$3,217.90 ","$3,325.18 ","$3,436.74 "
1/22-12/22,2022,Regional,Placer,Kaiser Foundation Health Plan,Behavioral Health Treatment 7-20,"$2,162.48 ","$2,234.57 ","$2,309.54 "
1/22-12/22,2022,Regional,Imperial,CA Health & Wellness,Child,$74.31 ,$77.66 ,$81.20 
1/22-12/22,2022,Regional,Imperial,CA Health & Wellness,Adult,$171.72 ,$178.19 ,$184.98 
1/22-12/22,2022,Regional,Imperial,CA Health & Wellness,Adult Expansion,$232.57 ,$240.85 ,$249.52 
1/22-12/22,2022,Regional,Imperial,CA Health & Wellness,SPD,$718.84 ,$741.82 ,$765.81 
1/22-12/22,2022,Regional,Imperial,CA Health & Wellness,SPD Dual,$279.01 ,$288.45 ,$298.33 
1/22-12/22,2022,Regional,Imperial,CA Health & Wellness,Maternity,"$8,575.96 ","$8,839.50 ","$9,113.04 "
1/22-12/22,2022,Regional,Imperial,CA Health & Wellness,Behavioral Health Treatment 0-6,"$2,081.53 ","$2,150.93 ","$2,223.09 "
1/22-12/22,2022,Regional,Imperial,CA Health & Wellness,Behavioral Health Treatment 7-20,"$1,868.68 ","$1,930.98 ","$1,995.76 "
1/22-12/22,2022,Regional,Alpine,CA Health & Wellness,Child,$68.17 ,$71.63 ,$75.30 
1/22-12/22,2022,Regional,Alpine,CA Health & Wellness,Adult,$262.38 ,$271.95 ,$282.00 
1/22-12/22,2022,Regional,Alpine,CA Health & Wellness,Adult Expansion,$330.90 ,$342.53 ,$354.72 
1/22-12/22,2022,Regional,Alpine,CA Health & Wellness,SPD,$929.39 ,$959.34 ,$990.60 
1/22-12/22,2022,Regional,Alpine,CA Health & Wellness,SPD Dual,$212.13 ,$219.76 ,$227.78 
1/22-12/22,2022,Regional,Alpine,CA Health & Wellness,Maternity,"$11,430.81 ","$11,782.07 ","$12,146.67 "
1/22-12/22,2022,Regional,Alpine,CA Health & Wellness,Behavioral Health Treatment 0-6,"$2,369.74 ","$2,448.75 ","$2,530.90 "
1/22-12/22,2022,Regional,Alpine,CA Health & Wellness,Behavioral Health Treatment 7-20,"$1,697.35 ","$1,753.93 ","$1,812.77 "
1/22-12/22,2022,Regional,Amador,CA Health & Wellness,Child,$68.17 ,$71.63 ,$75.30 
1/22-12/22,2022,Regional,Amador,CA Health & Wellness,Adult,$262.38 ,$271.95 ,$282.00 
1/22-12/22,2022,Regional,Amador,CA Health & Wellness,Adult Expansion,$330.90 ,$342.53 ,$354.72 
1/22-12/22,2022,Regional,Amador,CA Health & Wellness,SPD,$929.39 ,$959.34 ,$990.60 
1/22-12/22,2022,Regional,Amador,CA Health & Wellness,SPD Dual,$212.13 ,$219.76 ,$227.78 
1/22-12/22,2022,Regional,Amador,CA Health & Wellness,Maternity,"$11,430.81 ","$11,782.07 ","$12,146.67 "
1/22-12/22,2022,Regional,Amador,CA Health & Wellness,Behavioral Health Treatment 0-6,"$2,369.74 ","$2,448.75 ","$2,530.90 "
1/22-12/22,2022,Regional,Amador,CA Health & Wellness,Behavioral Health Treatment 7-20,"$1,697.35 ","$1,753.93 ","$1,812.77 "
1/22-12/22,2022,Regional,Butte,CA Health & Wellness,Child,$68.17 ,$71.63 ,$75.30 
1/22-12/22,2022,Regional,Butte,CA Health & Wellness,Adult,$262.38 ,$271.95 ,$282.00 
1/22-12/22,2022,Regional,Butte,CA Health & Wellness,Adult Expansion,$330.90 ,$342.53 ,$354.72 
1/22-12/22,2022,Regional,Butte,CA Health & Wellness,SPD,$929.39 ,$959.34 ,$990.60 
1/22-12/22,2022,Regional,Butte,CA Health & Wellness,SPD Dual,$212.13 ,$219.76 ,$227.78 
1/22-12/22,2022,Regional,Butte,CA Health & Wellness,Maternity,"$11,430.81 ","$11,782.07 ","$12,146.67 "
1/22-12/22,2022,Regional,Butte,CA Health & Wellness,Behavioral Health Treatment 0-6,"$2,369.74 ","$2,448.75 ","$2,530.90 "
1/22-12/22,2022,Regional,Butte,CA Health & Wellness,Behavioral Health Treatment 7-20,"$1,697.35 ","$1,753.93 ","$1,812.77 "
1/22-12/22,2022,Regional,Calaveras,CA Health & Wellness,Child,$68.17 ,$71.63 ,$75.30 
1/22-12/22,2022,Regional,Calaveras,CA Health & Wellness,Adult,$262.38 ,$271.95 ,$282.00 
1/22-12/22,2022,Regional,Calaveras,CA Health & Wellness,Adult Expansion,$330.90 ,$342.53 ,$354.72 
1/22-12/22,2022,Regional,Calaveras,CA Health & Wellness,SPD,$929.39 ,$959.34 ,$990.60 
1/22-12/22,2022,Regional,Calaveras,CA Health & Wellness,SPD Dual,$212.13 ,$219.76 ,$227.78 
1/22-12/22,2022,Regional,Calaveras,CA Health & Wellness,Maternity,"$11,430.81 ","$11,782.07 ","$12,146.67 "
1/22-12/22,2022,Regional,Calaveras,CA Health & Wellness,Behavioral Health Treatment 0-6,"$2,369.74 ","$2,448.75 ","$2,530.90 "
1/22-12/22,2022,Regional,Calaveras,CA Health & Wellness,Behavioral Health Treatment 7-20,"$1,697.35 ","$1,753.93 ","$1,812.77 "
1/22-12/22,2022,Regional,Colusa,CA Health & Wellness,Child,$68.17 ,$71.63 ,$75.30 
1/22-12/22,2022,Regional,Colusa,CA Health & Wellness,Adult,$262.38 ,$271.95 ,$282.00 
1/22-12/22,2022,Regional,Colusa,CA Health & Wellness,Adult Expansion,$330.90 ,$342.53 ,$354.72 
1/22-12/22,2022,Regional,Colusa,CA Health & Wellness,SPD,$929.39 ,$959.34 ,$990.60 
1/22-12/22,2022,Regional,Colusa,CA Health & Wellness,SPD Dual,$212.13 ,$219.76 ,$227.78 
1/22-12/22,2022,Regional,Colusa,CA Health & Wellness,Maternity,"$11,430.81 ","$11,782.07 ","$12,146.67 "
1/22-12/22,2022,Regional,Colusa,CA Health & Wellness,Behavioral Health Treatment 0-6,"$2,369.74 ","$2,448.75 ","$2,530.90 "
1/22-12/22,2022,Regional,Colusa,CA Health & Wellness,Behavioral Health Treatment 7-20,"$1,697.35 ","$1,753.93 ","$1,812.77 "
1/22-12/22,2022,Regional,El Dorado,CA Health & Wellness,Child,$68.17 ,$71.63 ,$75.30 
1/22-12/22,2022,Regional,El Dorado,CA Health & Wellness,Adult,$262.38 ,$271.95 ,$282.00 
1/22-12/22,2022,Regional,El Dorado,CA Health & Wellness,Adult Expansion,$330.90 ,$342.53 ,$354.72 
1/22-12/22,2022,Regional,El Dorado,CA Health & Wellness,SPD,$929.39 ,$959.34 ,$990.60 
1/22-12/22,2022,Regional,El Dorado,CA Health & Wellness,SPD Dual,$212.13 ,$219.76 ,$227.78 
1/22-12/22,2022,Regional,El Dorado,CA Health & Wellness,Maternity,"$11,430.81 ","$11,782.07 ","$12,146.67 "
1/22-12/22,2022,Regional,El Dorado,CA Health & Wellness,Behavioral Health Treatment 0-6,"$2,369.74 ","$2,448.75 ","$2,530.90 "
1/22-12/22,2022,Regional,El Dorado,CA Health & Wellness,Behavioral Health Treatment 7-20,"$1,697.35 ","$1,753.93 ","$1,812.77 "
1/22-12/22,2022,Regional,Glenn,CA Health & Wellness,Child,$68.17 ,$71.63 ,$75.30 
1/22-12/22,2022,Regional,Glenn,CA Health & Wellness,Adult,$262.38 ,$271.95 ,$282.00 
1/22-12/22,2022,Regional,Glenn,CA Health & Wellness,Adult Expansion,$330.90 ,$342.53 ,$354.72 
1/22-12/22,2022,Regional,Glenn,CA Health & Wellness,SPD,$929.39 ,$959.34 ,$990.60 
1/22-12/22,2022,Regional,Glenn,CA Health & Wellness,SPD Dual,$212.13 ,$219.76 ,$227.78 
1/22-12/22,2022,Regional,Glenn,CA Health & Wellness,Maternity,"$11,430.81 ","$11,782.07 ","$12,146.67 "
1/22-12/22,2022,Regional,Glenn,CA Health & Wellness,Behavioral Health Treatment 0-6,"$2,369.74 ","$2,448.75 ","$2,530.90 "
1/22-12/22,2022,Regional,Glenn,CA Health & Wellness,Behavioral Health Treatment 7-20,"$1,697.35 ","$1,753.93 ","$1,812.77 "
1/22-12/22,2022,Regional,Inyo,CA Health & Wellness,Child,$68.17 ,$71.63 ,$75.30 
1/22-12/22,2022,Regional,Inyo,CA Health & Wellness,Adult,$262.38 ,$271.95 ,$282.00 
1/22-12/22,2022,Regional,Inyo,CA Health & Wellness,Adult Expansion,$330.90 ,$342.53 ,$354.72 
1/22-12/22,2022,Regional,Inyo,CA Health & Wellness,SPD,$929.39 ,$959.34 ,$990.60 
1/22-12/22,2022,Regional,Inyo,CA Health & Wellness,SPD Dual,$212.13 ,$219.76 ,$227.78 
1/22-12/22,2022,Regional,Inyo,CA Health & Wellness,Maternity,"$11,430.81 ","$11,782.07 ","$12,146.67 "
1/22-12/22,2022,Regional,Inyo,CA Health & Wellness,Behavioral Health Treatment 0-6,"$2,369.74 ","$2,448.75 ","$2,530.90 "
1/22-12/22,2022,Regional,Inyo,CA Health & Wellness,Behavioral Health Treatment 7-20,"$1,697.35 ","$1,753.93 ","$1,812.77 "
1/22-12/22,2022,Regional,Mariposa,CA Health & Wellness,Child,$68.17 ,$71.63 ,$75.30 
1/22-12/22,2022,Regional,Mariposa,CA Health & Wellness,Adult,$262.38 ,$271.95 ,$282.00 
1/22-12/22,2022,Regional,Mariposa,CA Health & Wellness,Adult Expansion,$330.90 ,$342.53 ,$354.72 
1/22-12/22,2022,Regional,Mariposa,CA Health & Wellness,SPD,$929.39 ,$959.34 ,$990.60 
1/22-12/22,2022,Regional,Mariposa,CA Health & Wellness,SPD Dual,$212.13 ,$219.76 ,$227.78 
1/22-12/22,2022,Regional,Mariposa,CA Health & Wellness,Maternity,"$11,430.81 ","$11,782.07 ","$12,146.67 "
1/22-12/22,2022,Regional,Mariposa,CA Health & Wellness,Behavioral Health Treatment 0-6,"$2,369.74 ","$2,448.75 ","$2,530.90 "
1/22-12/22,2022,Regional,Mariposa,CA Health & Wellness,Behavioral Health Treatment 7-20,"$1,697.35 ","$1,753.93 ","$1,812.77 "
1/22-12/22,2022,Regional,Mono,CA Health & Wellness,Child,$68.17 ,$71.63 ,$75.30 
1/22-12/22,2022,Regional,Mono,CA Health & Wellness,Adult,$262.38 ,$271.95 ,$282.00 
1/22-12/22,2022,Regional,Mono,CA Health & Wellness,Adult Expansion,$330.90 ,$342.53 ,$354.72 
1/22-12/22,2022,Regional,Mono,CA Health & Wellness,SPD,$929.39 ,$959.34 ,$990.60 
1/22-12/22,2022,Regional,Mono,CA Health & Wellness,SPD Dual,$212.13 ,$219.76 ,$227.78 
1/22-12/22,2022,Regional,Mono,CA Health & Wellness,Maternity,"$11,430.81 ","$11,782.07 ","$12,146.67 "
1/22-12/22,2022,Regional,Mono,CA Health & Wellness,Behavioral Health Treatment 0-6,"$2,369.74 ","$2,448.75 ","$2,530.90 "
1/22-12/22,2022,Regional,Mono,CA Health & Wellness,Behavioral Health Treatment 7-20,"$1,697.35 ","$1,753.93 ","$1,812.77 "
1/22-12/22,2022,Regional,Nevada,CA Health & Wellness,Child,$68.17 ,$71.63 ,$75.30 
1/22-12/22,2022,Regional,Nevada,CA Health & Wellness,Adult,$262.38 ,$271.95 ,$282.00 
1/22-12/22,2022,Regional,Nevada,CA Health & Wellness,Adult Expansion,$330.90 ,$342.53 ,$354.72 
1/22-12/22,2022,Regional,Nevada,CA Health & Wellness,SPD,$929.39 ,$959.34 ,$990.60 
1/22-12/22,2022,Regional,Nevada,CA Health & Wellness,SPD Dual,$212.13 ,$219.76 ,$227.78 
1/22-12/22,2022,Regional,Nevada,CA Health & Wellness,Maternity,"$11,430.81 ","$11,782.07 ","$12,146.67 "
1/22-12/22,2022,Regional,Nevada,CA Health & Wellness,Behavioral Health Treatment 0-6,"$2,369.74 ","$2,448.75 ","$2,530.90 "
1/22-12/22,2022,Regional,Nevada,CA Health & Wellness,Behavioral Health Treatment 7-20,"$1,697.35 ","$1,753.93 ","$1,812.77 "
1/22-12/22,2022,Regional,Placer,CA Health & Wellness,Child,$68.17 ,$71.63 ,$75.30 
1/22-12/22,2022,Regional,Placer,CA Health & Wellness,Adult,$262.38 ,$271.95 ,$282.00 
1/22-12/22,2022,Regional,Placer,CA Health & Wellness,Adult Expansion,$330.90 ,$342.53 ,$354.72 
1/22-12/22,2022,Regional,Placer,CA Health & Wellness,SPD,$929.39 ,$959.34 ,$990.60 
1/22-12/22,2022,Regional,Placer,CA Health & Wellness,SPD Dual,$212.13 ,$219.76 ,$227.78 
1/22-12/22,2022,Regional,Placer,CA Health & Wellness,Maternity,"$11,430.81 ","$11,782.07 ","$12,146.67 "
1/22-12/22,2022,Regional,Placer,CA Health & Wellness,Behavioral Health Treatment 0-6,"$2,369.74 ","$2,448.75 ","$2,530.90 "
1/22-12/22,2022,Regional,Placer,CA Health & Wellness,Behavioral Health Treatment 7-20,"$1,697.35 ","$1,753.93 ","$1,812.77 "
1/22-12/22,2022,Regional,Plumas,CA Health & Wellness,Child,$68.17 ,$71.63 ,$75.30 
1/22-12/22,2022,Regional,Plumas,CA Health & Wellness,Adult,$262.38 ,$271.95 ,$282.00 
1/22-12/22,2022,Regional,Plumas,CA Health & Wellness,Adult Expansion,$330.90 ,$342.53 ,$354.72 
1/22-12/22,2022,Regional,Plumas,CA Health & Wellness,SPD,$929.39 ,$959.34 ,$990.60 
1/22-12/22,2022,Regional,Plumas,CA Health & Wellness,SPD Dual,$212.13 ,$219.76 ,$227.78 
1/22-12/22,2022,Regional,Plumas,CA Health & Wellness,Maternity,"$11,430.81 ","$11,782.07 ","$12,146.67 "
1/22-12/22,2022,Regional,Plumas,CA Health & Wellness,Behavioral Health Treatment 0-6,"$2,369.74 ","$2,448.75 ","$2,530.90 "
1/22-12/22,2022,Regional,Plumas,CA Health & Wellness,Behavioral Health Treatment 7-20,"$1,697.35 ","$1,753.93 ","$1,812.77 "
1/22-12/22,2022,Regional,Sierra,CA Health & Wellness,Child,$68.17 ,$71.63 ,$75.30 
1/22-12/22,2022,Regional,Sierra,CA Health & Wellness,Adult,$262.38 ,$271.95 ,$282.00 
1/22-12/22,2022,Regional,Sierra,CA Health & Wellness,Adult Expansion,$330.90 ,$342.53 ,$354.72 
1/22-12/22,2022,Regional,Sierra,CA Health & Wellness,SPD,$929.39 ,$959.34 ,$990.60 
1/22-12/22,2022,Regional,Sierra,CA Health & Wellness,SPD Dual,$212.13 ,$219.76 ,$227.78 
1/22-12/22,2022,Regional,Sierra,CA Health & Wellness,Maternity,"$11,430.81 ","$11,782.07 ","$12,146.67 "
1/22-12/22,2022,Regional,Sierra,CA Health & Wellness,Behavioral Health Treatment 0-6,"$2,369.74 ","$2,448.75 ","$2,530.90 "
1/22-12/22,2022,Regional,Sierra,CA Health & Wellness,Behavioral Health Treatment 7-20,"$1,697.35 ","$1,753.93 ","$1,812.77 "
1/22-12/22,2022,Regional,Sutter,CA Health & Wellness,Child,$68.17 ,$71.63 ,$75.30 
1/22-12/22,2022,Regional,Sutter,CA Health & Wellness,Adult,$262.38 ,$271.95 ,$282.00 
1/22-12/22,2022,Regional,Sutter,CA Health & Wellness,Adult Expansion,$330.90 ,$342.53 ,$354.72 
1/22-12/22,2022,Regional,Sutter,CA Health & Wellness,SPD,$929.39 ,$959.34 ,$990.60 
1/22-12/22,2022,Regional,Sutter,CA Health & Wellness,SPD Dual,$212.13 ,$219.76 ,$227.78 
1/22-12/22,2022,Regional,Sutter,CA Health & Wellness,Maternity,"$11,430.81 ","$11,782.07 ","$12,146.67 "
1/22-12/22,2022,Regional,Sutter,CA Health & Wellness,Behavioral Health Treatment 0-6,"$2,369.74 ","$2,448.75 ","$2,530.90 "
1/22-12/22,2022,Regional,Sutter,CA Health & Wellness,Behavioral Health Treatment 7-20,"$1,697.35 ","$1,753.93 ","$1,812.77 "
1/22-12/22,2022,Regional,Tehama,CA Health & Wellness,Child,$68.17 ,$71.63 ,$75.30 
1/22-12/22,2022,Regional,Tehama,CA Health & Wellness,Adult,$262.38 ,$271.95 ,$282.00 
1/22-12/22,2022,Regional,Tehama,CA Health & Wellness,Adult Expansion,$330.90 ,$342.53 ,$354.72 
1/22-12/22,2022,Regional,Tehama,CA Health & Wellness,SPD,$929.39 ,$959.34 ,$990.60 
1/22-12/22,2022,Regional,Tehama,CA Health & Wellness,SPD Dual,$212.13 ,$219.76 ,$227.78 
1/22-12/22,2022,Regional,Tehama,CA Health & Wellness,Maternity,"$11,430.81 ","$11,782.07 ","$12,146.67 "
1/22-12/22,2022,Regional,Tehama,CA Health & Wellness,Behavioral Health Treatment 0-6,"$2,369.74 ","$2,448.75 ","$2,530.90 "
1/22-12/22,2022,Regional,Tehama,CA Health & Wellness,Behavioral Health Treatment 7-20,"$1,697.35 ","$1,753.93 ","$1,812.77 "
1/22-12/22,2022,Regional,Tuolumne,CA Health & Wellness,Child,$68.17 ,$71.63 ,$75.30 
1/22-12/22,2022,Regional,Tuolumne,CA Health & Wellness,Adult,$262.38 ,$271.95 ,$282.00 
1/22-12/22,2022,Regional,Tuolumne,CA Health & Wellness,Adult Expansion,$330.90 ,$342.53 ,$354.72 
1/22-12/22,2022,Regional,Tuolumne,CA Health & Wellness,SPD,$929.39 ,$959.34 ,$990.60 
1/22-12/22,2022,Regional,Tuolumne,CA Health & Wellness,SPD Dual,$212.13 ,$219.76 ,$227.78 
1/22-12/22,2022,Regional,Tuolumne,CA Health & Wellness,Maternity,"$11,430.81 ","$11,782.07 ","$12,146.67 "
1/22-12/22,2022,Regional,Tuolumne,CA Health & Wellness,Behavioral Health Treatment 0-6,"$2,369.74 ","$2,448.75 ","$2,530.90 "
1/22-12/22,2022,Regional,Tuolumne,CA Health & Wellness,Behavioral Health Treatment 7-20,"$1,697.35 ","$1,753.93 ","$1,812.77 "
1/22-12/22,2022,Regional,Yuba,CA Health & Wellness,Child,$68.17 ,$71.63 ,$75.30 
1/22-12/22,2022,Regional,Yuba,CA Health & Wellness,Adult,$262.38 ,$271.95 ,$282.00 
1/22-12/22,2022,Regional,Yuba,CA Health & Wellness,Adult Expansion,$330.90 ,$342.53 ,$354.72 
1/22-12/22,2022,Regional,Yuba,CA Health & Wellness,SPD,$929.39 ,$959.34 ,$990.60 
1/22-12/22,2022,Regional,Yuba,CA Health & Wellness,SPD Dual,$212.13 ,$219.76 ,$227.78 
1/22-12/22,2022,Regional,Yuba,CA Health & Wellness,Maternity,"$11,430.81 ","$11,782.07 ","$12,146.67 "
1/22-12/22,2022,Regional,Yuba,CA Health & Wellness,Behavioral Health Treatment 0-6,"$2,369.74 ","$2,448.75 ","$2,530.90 "
1/22-12/22,2022,Regional,Yuba,CA Health & Wellness,Behavioral Health Treatment 7-20,"$1,697.35 ","$1,753.93 ","$1,812.77 "
1/22-12/22,2022,Regional,Alpine,Anthem Blue Cross,Child,$63.50 ,$66.72 ,$70.14 
1/22-12/22,2022,Regional,Alpine,Anthem Blue Cross,Adult,$225.44 ,$233.64 ,$242.25 
1/22-12/22,2022,Regional,Alpine,Anthem Blue Cross,Adult Expansion,$279.41 ,$289.21 ,$299.49 
1/22-12/22,2022,Regional,Alpine,Anthem Blue Cross,SPD,$758.36 ,$782.77 ,$808.26 
1/22-12/22,2022,Regional,Alpine,Anthem Blue Cross,SPD Dual,$174.45 ,$180.67 ,$187.20 
1/22-12/22,2022,Regional,Alpine,Anthem Blue Cross,Maternity,"$11,430.81 ","$11,782.07 ","$12,146.67 "
1/22-12/22,2022,Regional,Alpine,Anthem Blue Cross,Behavioral Health Treatment 0-6,"$3,665.62 ","$3,787.83 ","$3,914.90 "
1/22-12/22,2022,Regional,Alpine,Anthem Blue Cross,Behavioral Health Treatment 7-20,"$2,349.28 ","$2,427.60 ","$2,509.04 "
1/22-12/22,2022,Regional,Amador,Anthem Blue Cross,Child,$63.50 ,$66.72 ,$70.14 
1/22-12/22,2022,Regional,Amador,Anthem Blue Cross,Adult,$225.44 ,$233.64 ,$242.25 
1/22-12/22,2022,Regional,Amador,Anthem Blue Cross,Adult Expansion,$279.41 ,$289.21 ,$299.49 
1/22-12/22,2022,Regional,Amador,Anthem Blue Cross,SPD,$758.36 ,$782.77 ,$808.26 
1/22-12/22,2022,Regional,Amador,Anthem Blue Cross,SPD Dual,$174.45 ,$180.67 ,$187.20 
1/22-12/22,2022,Regional,Amador,Anthem Blue Cross,Maternity,"$11,430.81 ","$11,782.07 ","$12,146.67 "
1/22-12/22,2022,Regional,Amador,Anthem Blue Cross,Behavioral Health Treatment 0-6,"$3,665.62 ","$3,787.83 ","$3,914.90 "
1/22-12/22,2022,Regional,Amador,Anthem Blue Cross,Behavioral Health Treatment 7-20,"$2,349.28 ","$2,427.60 ","$2,509.04 "
1/22-12/22,2022,Regional,Butte,Anthem Blue Cross,Child,$63.50 ,$66.72 ,$70.14 
1/22-12/22,2022,Regional,Butte,Anthem Blue Cross,Adult,$225.44 ,$233.64 ,$242.25 
1/22-12/22,2022,Regional,Butte,Anthem Blue Cross,Adult Expansion,$279.41 ,$289.21 ,$299.49 
1/22-12/22,2022,Regional,Butte,Anthem Blue Cross,SPD,$758.36 ,$782.77 ,$808.26 
1/22-12/22,2022,Regional,Butte,Anthem Blue Cross,SPD Dual,$174.45 ,$180.67 ,$187.20 
1/22-12/22,2022,Regional,Butte,Anthem Blue Cross,Maternity,"$11,430.81 ","$11,782.07 ","$12,146.67 "
1/22-12/22,2022,Regional,Butte,Anthem Blue Cross,Behavioral Health Treatment 0-6,"$3,665.62 ","$3,787.83 ","$3,914.90 "
1/22-12/22,2022,Regional,Butte,Anthem Blue Cross,Behavioral Health Treatment 7-20,"$2,349.28 ","$2,427.60 ","$2,509.04 "
1/22-12/22,2022,Regional,Calaveras,Anthem Blue Cross,Child,$63.50 ,$66.72 ,$70.14 
1/22-12/22,2022,Regional,Calaveras,Anthem Blue Cross,Adult,$225.44 ,$233.64 ,$242.25 
1/22-12/22,2022,Regional,Calaveras,Anthem Blue Cross,Adult Expansion,$279.41 ,$289.21 ,$299.49 
1/22-12/22,2022,Regional,Calaveras,Anthem Blue Cross,SPD,$758.36 ,$782.77 ,$808.26 
1/22-12/22,2022,Regional,Calaveras,Anthem Blue Cross,SPD Dual,$174.45 ,$180.67 ,$187.20 
1/22-12/22,2022,Regional,Calaveras,Anthem Blue Cross,Maternity,"$11,430.81 ","$11,782.07 ","$12,146.67 "
1/22-12/22,2022,Regional,Calaveras,Anthem Blue Cross,Behavioral Health Treatment 0-6,"$3,665.62 ","$3,787.83 ","$3,914.90 "
1/22-12/22,2022,Regional,Calaveras,Anthem Blue Cross,Behavioral Health Treatment 7-20,"$2,349.28 ","$2,427.60 ","$2,509.04 "
1/22-12/22,2022,Regional,Colusa,Anthem Blue Cross,Child,$63.50 ,$66.72 ,$70.14 
1/22-12/22,2022,Regional,Colusa,Anthem Blue Cross,Adult,$225.44 ,$233.64 ,$242.25 
1/22-12/22,2022,Regional,Colusa,Anthem Blue Cross,Adult Expansion,$279.41 ,$289.21 ,$299.49 
1/22-12/22,2022,Regional,Colusa,Anthem Blue Cross,SPD,$758.36 ,$782.77 ,$808.26 
1/22-12/22,2022,Regional,Colusa,Anthem Blue Cross,SPD Dual,$174.45 ,$180.67 ,$187.20 
1/22-12/22,2022,Regional,Colusa,Anthem Blue Cross,Maternity,"$11,430.81 ","$11,782.07 ","$12,146.67 "
1/22-12/22,2022,Regional,Colusa,Anthem Blue Cross,Behavioral Health Treatment 0-6,"$3,665.62 ","$3,787.83 ","$3,914.90 "
1/22-12/22,2022,Regional,Colusa,Anthem Blue Cross,Behavioral Health Treatment 7-20,"$2,349.28 ","$2,427.60 ","$2,509.04 "
1/22-12/22,2022,Regional,El Dorado,Anthem Blue Cross,Child,$63.50 ,$66.72 ,$70.14 
1/22-12/22,2022,Regional,El Dorado,Anthem Blue Cross,Adult,$225.44 ,$233.64 ,$242.25 
1/22-12/22,2022,Regional,El Dorado,Anthem Blue Cross,Adult Expansion,$279.41 ,$289.21 ,$299.49 
1/22-12/22,2022,Regional,El Dorado,Anthem Blue Cross,SPD,$758.36 ,$782.77 ,$808.26 
1/22-12/22,2022,Regional,El Dorado,Anthem Blue Cross,SPD Dual,$174.45 ,$180.67 ,$187.20 
1/22-12/22,2022,Regional,El Dorado,Anthem Blue Cross,Maternity,"$11,430.81 ","$11,782.07 ","$12,146.67 "
1/22-12/22,2022,Regional,El Dorado,Anthem Blue Cross,Behavioral Health Treatment 0-6,"$3,665.62 ","$3,787.83 ","$3,914.90 "
1/22-12/22,2022,Regional,El Dorado,Anthem Blue Cross,Behavioral Health Treatment 7-20,"$2,349.28 ","$2,427.60 ","$2,509.04 "
1/22-12/22,2022,Regional,Glenn,Anthem Blue Cross,Child,$63.50 ,$66.72 ,$70.14 
1/22-12/22,2022,Regional,Glenn,Anthem Blue Cross,Adult,$225.44 ,$233.64 ,$242.25 
1/22-12/22,2022,Regional,Glenn,Anthem Blue Cross,Adult Expansion,$279.41 ,$289.21 ,$299.49 
1/22-12/22,2022,Regional,Glenn,Anthem Blue Cross,SPD,$758.36 ,$782.77 ,$808.26 
1/22-12/22,2022,Regional,Glenn,Anthem Blue Cross,SPD Dual,$174.45 ,$180.67 ,$187.20 
1/22-12/22,2022,Regional,Glenn,Anthem Blue Cross,Maternity,"$11,430.81 ","$11,782.07 ","$12,146.67 "
1/22-12/22,2022,Regional,Glenn,Anthem Blue Cross,Behavioral Health Treatment 0-6,"$3,665.62 ","$3,787.83 ","$3,914.90 "
1/22-12/22,2022,Regional,Glenn,Anthem Blue Cross,Behavioral Health Treatment 7-20,"$2,349.28 ","$2,427.60 ","$2,509.04 "
1/22-12/22,2022,Regional,Inyo,Anthem Blue Cross,Child,$63.50 ,$66.72 ,$70.14 
1/22-12/22,2022,Regional,Inyo,Anthem Blue Cross,Adult,$225.44 ,$233.64 ,$242.25 
1/22-12/22,2022,Regional,Inyo,Anthem Blue Cross,Adult Expansion,$279.41 ,$289.21 ,$299.49 
1/22-12/22,2022,Regional,Inyo,Anthem Blue Cross,SPD,$758.36 ,$782.77 ,$808.26 
1/22-12/22,2022,Regional,Inyo,Anthem Blue Cross,SPD Dual,$174.45 ,$180.67 ,$187.20 
1/22-12/22,2022,Regional,Inyo,Anthem Blue Cross,Maternity,"$11,430.81 ","$11,782.07 ","$12,146.67 "
1/22-12/22,2022,Regional,Inyo,Anthem Blue Cross,Behavioral Health Treatment 0-6,"$3,665.62 ","$3,787.83 ","$3,914.90 "
1/22-12/22,2022,Regional,Inyo,Anthem Blue Cross,Behavioral Health Treatment 7-20,"$2,349.28 ","$2,427.60 ","$2,509.04 "
1/22-12/22,2022,Regional,Mariposa,Anthem Blue Cross,Child,$63.50 ,$66.72 ,$70.14 
1/22-12/22,2022,Regional,Mariposa,Anthem Blue Cross,Adult,$225.44 ,$233.64 ,$242.25 
1/22-12/22,2022,Regional,Mariposa,Anthem Blue Cross,Adult Expansion,$279.41 ,$289.21 ,$299.49 
1/22-12/22,2022,Regional,Mariposa,Anthem Blue Cross,SPD,$758.36 ,$782.77 ,$808.26 
1/22-12/22,2022,Regional,Mariposa,Anthem Blue Cross,SPD Dual,$174.45 ,$180.67 ,$187.20 
1/22-12/22,2022,Regional,Mariposa,Anthem Blue Cross,Maternity,"$11,430.81 ","$11,782.07 ","$12,146.67 "
1/22-12/22,2022,Regional,Mariposa,Anthem Blue Cross,Behavioral Health Treatment 0-6,"$3,665.62 ","$3,787.83 ","$3,914.90 "
1/22-12/22,2022,Regional,Mariposa,Anthem Blue Cross,Behavioral Health Treatment 7-20,"$2,349.28 ","$2,427.60 ","$2,509.04 "
1/22-12/22,2022,Regional,Mono,Anthem Blue Cross,Child,$63.50 ,$66.72 ,$70.14 
1/22-12/22,2022,Regional,Mono,Anthem Blue Cross,Adult,$225.44 ,$233.64 ,$242.25 
1/22-12/22,2022,Regional,Mono,Anthem Blue Cross,Adult Expansion,$279.41 ,$289.21 ,$299.49 
1/22-12/22,2022,Regional,Mono,Anthem Blue Cross,SPD,$758.36 ,$782.77 ,$808.26 
1/22-12/22,2022,Regional,Mono,Anthem Blue Cross,SPD Dual,$174.45 ,$180.67 ,$187.20 
1/22-12/22,2022,Regional,Mono,Anthem Blue Cross,Maternity,"$11,430.81 ","$11,782.07 ","$12,146.67 "
1/22-12/22,2022,Regional,Mono,Anthem Blue Cross,Behavioral Health Treatment 0-6,"$3,665.62 ","$3,787.83 ","$3,914.90 "
1/22-12/22,2022,Regional,Mono,Anthem Blue Cross,Behavioral Health Treatment 7-20,"$2,349.28 ","$2,427.60 ","$2,509.04 "
1/22-12/22,2022,Regional,Nevada,Anthem Blue Cross,Child,$63.50 ,$66.72 ,$70.14 
1/22-12/22,2022,Regional,Nevada,Anthem Blue Cross,Adult,$225.44 ,$233.64 ,$242.25 
1/22-12/22,2022,Regional,Nevada,Anthem Blue Cross,Adult Expansion,$279.41 ,$289.21 ,$299.49 
1/22-12/22,2022,Regional,Nevada,Anthem Blue Cross,SPD,$758.36 ,$782.77 ,$808.26 
1/22-12/22,2022,Regional,Nevada,Anthem Blue Cross,SPD Dual,$174.45 ,$180.67 ,$187.20 
1/22-12/22,2022,Regional,Nevada,Anthem Blue Cross,Maternity,"$11,430.81 ","$11,782.07 ","$12,146.67 "
1/22-12/22,2022,Regional,Nevada,Anthem Blue Cross,Behavioral Health Treatment 0-6,"$3,665.62 ","$3,787.83 ","$3,914.90 "
1/22-12/22,2022,Regional,Nevada,Anthem Blue Cross,Behavioral Health Treatment 7-20,"$2,349.28 ","$2,427.60 ","$2,509.04 "
1/22-12/22,2022,Regional,Placer,Anthem Blue Cross,Child,$63.50 ,$66.72 ,$70.14 
1/22-12/22,2022,Regional,Placer,Anthem Blue Cross,Adult,$225.44 ,$233.64 ,$242.25 
1/22-12/22,2022,Regional,Placer,Anthem Blue Cross,Adult Expansion,$279.41 ,$289.21 ,$299.49 
1/22-12/22,2022,Regional,Placer,Anthem Blue Cross,SPD,$758.36 ,$782.77 ,$808.26 
1/22-12/22,2022,Regional,Placer,Anthem Blue Cross,SPD Dual,$174.45 ,$180.67 ,$187.20 
1/22-12/22,2022,Regional,Placer,Anthem Blue Cross,Maternity,"$11,430.81 ","$11,782.07 ","$12,146.67 "
1/22-12/22,2022,Regional,Placer,Anthem Blue Cross,Behavioral Health Treatment 0-6,"$3,665.62 ","$3,787.83 ","$3,914.90 "
1/22-12/22,2022,Regional,Placer,Anthem Blue Cross,Behavioral Health Treatment 7-20,"$2,349.28 ","$2,427.60 ","$2,509.04 "
1/22-12/22,2022,Regional,Plumas,Anthem Blue Cross,Child,$63.50 ,$66.72 ,$70.14 
1/22-12/22,2022,Regional,Plumas,Anthem Blue Cross,Adult,$225.44 ,$233.64 ,$242.25 
1/22-12/22,2022,Regional,Plumas,Anthem Blue Cross,Adult Expansion,$279.41 ,$289.21 ,$299.49 
1/22-12/22,2022,Regional,Plumas,Anthem Blue Cross,SPD,$758.36 ,$782.77 ,$808.26 
1/22-12/22,2022,Regional,Plumas,Anthem Blue Cross,SPD Dual,$174.45 ,$180.67 ,$187.20 
1/22-12/22,2022,Regional,Plumas,Anthem Blue Cross,Maternity,"$11,430.81 ","$11,782.07 ","$12,146.67 "
1/22-12/22,2022,Regional,Plumas,Anthem Blue Cross,Behavioral Health Treatment 0-6,"$3,665.62 ","$3,787.83 ","$3,914.90 "
1/22-12/22,2022,Regional,Plumas,Anthem Blue Cross,Behavioral Health Treatment 7-20,"$2,349.28 ","$2,427.60 ","$2,509.04 "
1/22-12/22,2022,Regional,Sierra,Anthem Blue Cross,Child,$63.50 ,$66.72 ,$70.14 
1/22-12/22,2022,Regional,Sierra,Anthem Blue Cross,Adult,$225.44 ,$233.64 ,$242.25 
1/22-12/22,2022,Regional,Sierra,Anthem Blue Cross,Adult Expansion,$279.41 ,$289.21 ,$299.49 
1/22-12/22,2022,Regional,Sierra,Anthem Blue Cross,SPD,$758.36 ,$782.77 ,$808.26 
1/22-12/22,2022,Regional,Sierra,Anthem Blue Cross,SPD Dual,$174.45 ,$180.67 ,$187.20 
1/22-12/22,2022,Regional,Sierra,Anthem Blue Cross,Maternity,"$11,430.81 ","$11,782.07 ","$12,146.67 "
1/22-12/22,2022,Regional,Sierra,Anthem Blue Cross,Behavioral Health Treatment 0-6,"$3,665.62 ","$3,787.83 ","$3,914.90 "
1/22-12/22,2022,Regional,Sierra,Anthem Blue Cross,Behavioral Health Treatment 7-20,"$2,349.28 ","$2,427.60 ","$2,509.04 "
1/22-12/22,2022,Regional,Sutter,Anthem Blue Cross,Child,$63.50 ,$66.72 ,$70.14 
1/22-12/22,2022,Regional,Sutter,Anthem Blue Cross,Adult,$225.44 ,$233.64 ,$242.25 
1/22-12/22,2022,Regional,Sutter,Anthem Blue Cross,Adult Expansion,$279.41 ,$289.21 ,$299.49 
1/22-12/22,2022,Regional,Sutter,Anthem Blue Cross,SPD,$758.36 ,$782.77 ,$808.26 
1/22-12/22,2022,Regional,Sutter,Anthem Blue Cross,SPD Dual,$174.45 ,$180.67 ,$187.20 
1/22-12/22,2022,Regional,Sutter,Anthem Blue Cross,Maternity,"$11,430.81 ","$11,782.07 ","$12,146.67 "
1/22-12/22,2022,Regional,Sutter,Anthem Blue Cross,Behavioral Health Treatment 0-6,"$3,665.62 ","$3,787.83 ","$3,914.90 "
1/22-12/22,2022,Regional,Sutter,Anthem Blue Cross,Behavioral Health Treatment 7-20,"$2,349.28 ","$2,427.60 ","$2,509.04 "
1/22-12/22,2022,Regional,Tehama,Anthem Blue Cross,Child,$63.50 ,$66.72 ,$70.14 
1/22-12/22,2022,Regional,Tehama,Anthem Blue Cross,Adult,$225.44 ,$233.64 ,$242.25 
1/22-12/22,2022,Regional,Tehama,Anthem Blue Cross,Adult Expansion,$279.41 ,$289.21 ,$299.49 
1/22-12/22,2022,Regional,Tehama,Anthem Blue Cross,SPD,$758.36 ,$782.77 ,$808.26 
1/22-12/22,2022,Regional,Tehama,Anthem Blue Cross,SPD Dual,$174.45 ,$180.67 ,$187.20 
1/22-12/22,2022,Regional,Tehama,Anthem Blue Cross,Maternity,"$11,430.81 ","$11,782.07 ","$12,146.67 "
1/22-12/22,2022,Regional,Tehama,Anthem Blue Cross,Behavioral Health Treatment 0-6,"$3,665.62 ","$3,787.83 ","$3,914.90 "
1/22-12/22,2022,Regional,Tehama,Anthem Blue Cross,Behavioral Health Treatment 7-20,"$2,349.28 ","$2,427.60 ","$2,509.04 "
1/22-12/22,2022,Regional,Tuolumne,Anthem Blue Cross,Child,$63.50 ,$66.72 ,$70.14 
1/22-12/22,2022,Regional,Tuolumne,Anthem Blue Cross,Adult,$225.44 ,$233.64 ,$242.25 
1/22-12/22,2022,Regional,Tuolumne,Anthem Blue Cross,Adult Expansion,$279.41 ,$289.21 ,$299.49 
1/22-12/22,2022,Regional,Tuolumne,Anthem Blue Cross,SPD,$758.36 ,$782.77 ,$808.26 
1/22-12/22,2022,Regional,Tuolumne,Anthem Blue Cross,SPD Dual,$174.45 ,$180.67 ,$187.20 
1/22-12/22,2022,Regional,Tuolumne,Anthem Blue Cross,Maternity,"$11,430.81 ","$11,782.07 ","$12,146.67 "
1/22-12/22,2022,Regional,Tuolumne,Anthem Blue Cross,Behavioral Health Treatment 0-6,"$3,665.62 ","$3,787.83 ","$3,914.90 "
1/22-12/22,2022,Regional,Tuolumne,Anthem Blue Cross,Behavioral Health Treatment 7-20,"$2,349.28 ","$2,427.60 ","$2,509.04 "
1/22-12/22,2022,Regional,Yuba,Anthem Blue Cross,Child,$63.50 ,$66.72 ,$70.14 
1/22-12/22,2022,Regional,Yuba,Anthem Blue Cross,Adult,$225.44 ,$233.64 ,$242.25 
1/22-12/22,2022,Regional,Yuba,Anthem Blue Cross,Adult Expansion,$279.41 ,$289.21 ,$299.49 
1/22-12/22,2022,Regional,Yuba,Anthem Blue Cross,SPD,$758.36 ,$782.77 ,$808.26 
1/22-12/22,2022,Regional,Yuba,Anthem Blue Cross,SPD Dual,$174.45 ,$180.67 ,$187.20 
1/22-12/22,2022,Regional,Yuba,Anthem Blue Cross,Maternity,"$11,430.81 ","$11,782.07 ","$12,146.67 "
1/22-12/22,2022,Regional,Yuba,Anthem Blue Cross,Behavioral Health Treatment 0-6,"$3,665.62 ","$3,787.83 ","$3,914.90 "
1/22-12/22,2022,Regional,Yuba,Anthem Blue Cross,Behavioral Health Treatment 7-20,"$2,349.28 ","$2,427.60 ","$2,509.04 "
1/22-12/22,2022,Regional,San Benito,Anthem Blue Cross,Child,$54.82 ,$57.46 ,$60.26 
1/22-12/22,2022,Regional,San Benito,Anthem Blue Cross,Adult,$198.05 ,$205.19 ,$212.69 
1/22-12/22,2022,Regional,San Benito,Anthem Blue Cross,Adult Expansion,$269.46 ,$278.75 ,$288.47 
1/22-12/22,2022,Regional,San Benito,Anthem Blue Cross,SPD,$536.65 ,$553.80 ,$571.70 
1/22-12/22,2022,Regional,San Benito,Anthem Blue Cross,SPD Dual,$167.01 ,$172.78 ,$178.83 
1/22-12/22,2022,Regional,San Benito,Anthem Blue Cross,Maternity,"$11,493.51 ","$11,846.69 ","$12,213.29 "
1/22-12/22,2022,Regional,San Benito,Anthem Blue Cross,Behavioral Health Treatment 0-6,"$3,094.78 ","$3,197.95 ","$3,305.24 "
1/22-12/22,2022,Regional,San Benito,Anthem Blue Cross,Behavioral Health Treatment 7-20,"$2,051.60 ","$2,119.99 ","$2,191.11 "
1/23 - 12/23,2023,Regional,Alpine,Anthem Blue Cross,Child - UIS Federal,$20.21 ,$21.60 ,$23.08 
1/23 - 12/23,2023,Regional,Alpine,Anthem Blue Cross,Adult - UIS Federal,$169.05 ,$174.89 ,$181.00 
1/23 - 12/23,2023,Regional,Alpine,Anthem Blue Cross,ACA Optional Expansion - UIS Federal,$238.57 ,$246.48 ,$254.75 
1/23 - 12/23,2023,Regional,Alpine,Anthem Blue Cross,SPD - UIS Federal,$676.66 ,$697.70 ,$719.62 
1/23 - 12/23,2023,Regional,Alpine,Anthem Blue Cross,SPD/Full-Dual - UIS Federal,$127.25 ,$131.67 ,$136.31 
1/23 - 12/23,2023,Regional,Alpine,Anthem Blue Cross,LTC - UIS Federal,"$1,654.53 ","$1,693.76 ","$1,734.51 "
1/23 - 12/23,2023,Regional,Alpine,Anthem Blue Cross,LTC/Full-Dual - UIS Federal,$137.77 ,$141.74 ,$145.89 
1/23 - 12/23,2023,Regional,Alpine,Anthem Blue Cross,Child - SIS,$63.73 ,$67.16 ,$70.80 
1/23 - 12/23,2023,Regional,Alpine,Anthem Blue Cross,Adult - SIS,$217.15 ,$224.95 ,$233.13 
1/23 - 12/23,2023,Regional,Alpine,Anthem Blue Cross,ACA Optional Expansion - SIS,$294.50 ,$304.59 ,$315.16 
1/23 - 12/23,2023,Regional,Alpine,Anthem Blue Cross,SPD - SIS,$759.18 ,$783.67 ,$809.19 
1/23 - 12/23,2023,Regional,Alpine,Anthem Blue Cross,SPD/Full-Dual - SIS,$212.24 ,$218.29 ,$224.63 
1/23 - 12/23,2023,Regional,Alpine,Anthem Blue Cross,LTC - SIS,"$10,610.47 ","$10,759.37 ","$10,912.62 "
1/23 - 12/23,2023,Regional,Alpine,Anthem Blue Cross,LTC/Full-Dual - SIS ,"$8,558.24 ","$8,656.20 ","$8,756.54 "
1/23 - 12/23,2023,Regional,Alpine,Anthem Blue Cross,Maternity - UIS Federal,"$11,596.02 ","$11,848.72 ","$12,109.71 "
1/23 - 12/23,2023,Regional,Alpine,Anthem Blue Cross,Maternity - SIS,"$11,596.02 ","$11,848.72 ","$12,109.71 "
1/23 - 12/23,2023,Regional,Alpine,Anthem Blue Cross,Child - UIS State-Only,$38.90 ,$40.69 ,$42.57 
1/23 - 12/23,2023,Regional,Alpine,Anthem Blue Cross,Adult - UIS State-Only,$134.30 ,$138.93 ,$143.78 
1/23 - 12/23,2023,Regional,Alpine,Anthem Blue Cross,ACA Optional Expansion - UIS State-Only,$201.24 ,$207.66 ,$214.37 
1/23 - 12/23,2023,Regional,Alpine,Anthem Blue Cross,SPD - UIS State-Only,$422.76 ,$435.36 ,$448.49 
1/23 - 12/23,2023,Regional,Alpine,Anthem Blue Cross,SPD/Full-Dual - UIS State-Only,$217.89 ,$223.22 ,$228.78 
1/23 - 12/23,2023,Regional,Alpine,Anthem Blue Cross,LTC - UIS State-Only,"$8,974.30 ","$9,084.52 ","$9,197.59 "
1/23 - 12/23,2023,Regional,Alpine,Anthem Blue Cross,LTC/Full-Dual - UIS State-Only,"$8,420.47 ","$8,514.46 ","$8,610.65 "
1/23 - 12/23,2023,Regional,Alpine,California Health and Wellness,Child - UIS Federal,$28.76 ,$30.58 ,$32.52 
1/23 - 12/23,2023,Regional,Alpine,California Health and Wellness,Adult - UIS Federal,$240.11 ,$248.13 ,$256.51 
1/23 - 12/23,2023,Regional,Alpine,California Health and Wellness,ACA Optional Expansion - UIS Federal,$348.87 ,$360.08 ,$371.78 
1/23 - 12/23,2023,Regional,Alpine,California Health and Wellness,SPD - UIS Federal,$995.02 ,"$1,025.22 ","$1,056.67 "
1/23 - 12/23,2023,Regional,Alpine,California Health and Wellness,SPD/Full-Dual - UIS Federal,$159.54 ,$164.99 ,$170.70 
1/23 - 12/23,2023,Regional,Alpine,California Health and Wellness,LTC - UIS Federal,"$1,655.52 ","$1,694.37 ","$1,734.71 "
1/23 - 12/23,2023,Regional,Alpine,California Health and Wellness,LTC/Full-Dual - UIS Federal,$139.55 ,$143.71 ,$148.07 
1/23 - 12/23,2023,Regional,Alpine,California Health and Wellness,Child - SIS,$69.64 ,$73.30 ,$77.18 
1/23 - 12/23,2023,Regional,Alpine,California Health and Wellness,Adult - SIS,$271.10 ,$280.75 ,$290.87 
1/23 - 12/23,2023,Regional,Alpine,California Health and Wellness,ACA Optional Expansion - SIS,$356.87 ,$369.04 ,$381.78 
1/23 - 12/23,2023,Regional,Alpine,California Health and Wellness,SPD - SIS,$945.55 ,$975.72 ,"$1,007.18 "
1/23 - 12/23,2023,Regional,Alpine,California Health and Wellness,SPD/Full-Dual - SIS,$235.55 ,$242.37 ,$249.53 
1/23 - 12/23,2023,Regional,Alpine,California Health and Wellness,LTC - SIS,"$10,609.33 ","$10,757.21 ","$10,909.38 "
1/23 - 12/23,2023,Regional,Alpine,California Health and Wellness,LTC/Full-Dual - SIS ,"$8,559.18 ","$8,657.08 ","$8,757.37 "
1/23 - 12/23,2023,Regional,Alpine,California Health and Wellness,Maternity - UIS Federal,"$11,596.02 ","$11,848.72 ","$12,109.71 "
1/23 - 12/23,2023,Regional,Alpine,California Health and Wellness,Maternity - SIS,"$11,596.02 ","$11,848.72 ","$12,109.71 "
1/23 - 12/23,2023,Regional,Alpine,California Health and Wellness,Child - UIS State-Only,$34.56 ,$36.21 ,$37.95 
1/23 - 12/23,2023,Regional,Alpine,California Health and Wellness,Adult - UIS State-Only,$158.49 ,$163.77 ,$169.29 
1/23 - 12/23,2023,Regional,Alpine,California Health and Wellness,ACA Optional Expansion - UIS State-Only,$226.00 ,$233.08 ,$240.48 
1/23 - 12/23,2023,Regional,Alpine,California Health and Wellness,SPD - UIS State-Only,$529.77 ,$545.22 ,$561.31 
1/23 - 12/23,2023,Regional,Alpine,California Health and Wellness,SPD/Full-Dual - UIS State-Only,$239.71 ,$245.59 ,$251.73 
1/23 - 12/23,2023,Regional,Alpine,California Health and Wellness,LTC - UIS State-Only,"$8,972.13 ","$9,081.71 ","$9,194.09 "
1/23 - 12/23,2023,Regional,Alpine,California Health and Wellness,LTC/Full-Dual - UIS State-Only,"$8,419.63 ","$8,513.37 ","$8,609.30 "
1/23 - 12/23,2023,Regional,Amador,Anthem Blue Cross,Child - UIS Federal,$20.21 ,$21.60 ,$23.08 
1/23 - 12/23,2023,Regional,Amador,Anthem Blue Cross,Adult - UIS Federal,$169.05 ,$174.89 ,$181.00 
1/23 - 12/23,2023,Regional,Amador,Anthem Blue Cross,ACA Optional Expansion - UIS Federal,$238.57 ,$246.48 ,$254.75 
1/23 - 12/23,2023,Regional,Amador,Anthem Blue Cross,SPD - UIS Federal,$676.66 ,$697.70 ,$719.62 
1/23 - 12/23,2023,Regional,Amador,Anthem Blue Cross,SPD/Full-Dual - UIS Federal,$127.25 ,$131.67 ,$136.31 
1/23 - 12/23,2023,Regional,Amador,Anthem Blue Cross,LTC - UIS Federal,"$1,654.53 ","$1,693.76 ","$1,734.51 "
1/23 - 12/23,2023,Regional,Amador,Anthem Blue Cross,LTC/Full-Dual - UIS Federal,$137.77 ,$141.74 ,$145.89 
1/23 - 12/23,2023,Regional,Amador,Anthem Blue Cross,Child - SIS,$63.73 ,$67.16 ,$70.80 
1/23 - 12/23,2023,Regional,Amador,Anthem Blue Cross,Adult - SIS,$217.15 ,$224.95 ,$233.13 
1/23 - 12/23,2023,Regional,Amador,Anthem Blue Cross,ACA Optional Expansion - SIS,$294.50 ,$304.59 ,$315.16 
1/23 - 12/23,2023,Regional,Amador,Anthem Blue Cross,SPD - SIS,$759.18 ,$783.67 ,$809.19 
1/23 - 12/23,2023,Regional,Amador,Anthem Blue Cross,SPD/Full-Dual - SIS,$212.24 ,$218.29 ,$224.63 
1/23 - 12/23,2023,Regional,Amador,Anthem Blue Cross,LTC - SIS,"$10,610.47 ","$10,759.37 ","$10,912.62 "
1/23 - 12/23,2023,Regional,Amador,Anthem Blue Cross,LTC/Full-Dual - SIS ,"$8,558.24 ","$8,656.20 ","$8,756.54 "
1/23 - 12/23,2023,Regional,Amador,Anthem Blue Cross,Maternity - UIS Federal,"$11,596.02 ","$11,848.72 ","$12,109.71 "
1/23 - 12/23,2023,Regional,Amador,Anthem Blue Cross,Maternity - SIS,"$11,596.02 ","$11,848.72 ","$12,109.71 "
1/23 - 12/23,2023,Regional,Amador,Anthem Blue Cross,Child - UIS State-Only,$38.90 ,$40.69 ,$42.57 
1/23 - 12/23,2023,Regional,Amador,Anthem Blue Cross,Adult - UIS State-Only,$134.30 ,$138.93 ,$143.78 
1/23 - 12/23,2023,Regional,Amador,Anthem Blue Cross,ACA Optional Expansion - UIS State-Only,$201.24 ,$207.66 ,$214.37 
1/23 - 12/23,2023,Regional,Amador,Anthem Blue Cross,SPD - UIS State-Only,$422.76 ,$435.36 ,$448.49 
1/23 - 12/23,2023,Regional,Amador,Anthem Blue Cross,SPD/Full-Dual - UIS State-Only,$217.89 ,$223.22 ,$228.78 
1/23 - 12/23,2023,Regional,Amador,Anthem Blue Cross,LTC - UIS State-Only,"$8,974.30 ","$9,084.52 ","$9,197.59 "
1/23 - 12/23,2023,Regional,Amador,Anthem Blue Cross,LTC/Full-Dual - UIS State-Only,"$8,420.47 ","$8,514.46 ","$8,610.65 "
1/23 - 12/23,2023,Regional,Amador,California Health and Wellness,Child - UIS Federal,$28.76 ,$30.58 ,$32.52 
1/23 - 12/23,2023,Regional,Amador,California Health and Wellness,Adult - UIS Federal,$240.11 ,$248.13 ,$256.51 
1/23 - 12/23,2023,Regional,Amador,California Health and Wellness,ACA Optional Expansion - UIS Federal,$348.87 ,$360.08 ,$371.78 
1/23 - 12/23,2023,Regional,Amador,California Health and Wellness,SPD - UIS Federal,$995.02 ,"$1,025.22 ","$1,056.67 "
1/23 - 12/23,2023,Regional,Amador,California Health and Wellness,SPD/Full-Dual - UIS Federal,$159.54 ,$164.99 ,$170.70 
1/23 - 12/23,2023,Regional,Amador,California Health and Wellness,LTC - UIS Federal,"$1,655.52 ","$1,694.37 ","$1,734.71 "
1/23 - 12/23,2023,Regional,Amador,California Health and Wellness,LTC/Full-Dual - UIS Federal,$139.55 ,$143.71 ,$148.07 
1/23 - 12/23,2023,Regional,Amador,California Health and Wellness,Child - SIS,$69.64 ,$73.30 ,$77.18 
1/23 - 12/23,2023,Regional,Amador,California Health and Wellness,Adult - SIS,$271.10 ,$280.75 ,$290.87 
1/23 - 12/23,2023,Regional,Amador,California Health and Wellness,ACA Optional Expansion - SIS,$356.87 ,$369.04 ,$381.78 
1/23 - 12/23,2023,Regional,Amador,California Health and Wellness,SPD - SIS,$945.55 ,$975.72 ,"$1,007.18 "
1/23 - 12/23,2023,Regional,Amador,California Health and Wellness,SPD/Full-Dual - SIS,$235.55 ,$242.37 ,$249.53 
1/23 - 12/23,2023,Regional,Amador,California Health and Wellness,LTC - SIS,"$10,609.33 ","$10,757.21 ","$10,909.38 "
1/23 - 12/23,2023,Regional,Amador,California Health and Wellness,LTC/Full-Dual - SIS ,"$8,559.18 ","$8,657.08 ","$8,757.37 "
1/23 - 12/23,2023,Regional,Amador,California Health and Wellness,Maternity - UIS Federal,"$11,596.02 ","$11,848.72 ","$12,109.71 "
1/23 - 12/23,2023,Regional,Amador,California Health and Wellness,Maternity - SIS,"$11,596.02 ","$11,848.72 ","$12,109.71 "
1/23 - 12/23,2023,Regional,Amador,California Health and Wellness,Child - UIS State-Only,$34.56 ,$36.21 ,$37.95 
1/23 - 12/23,2023,Regional,Amador,California Health and Wellness,Adult - UIS State-Only,$158.49 ,$163.77 ,$169.29 
1/23 - 12/23,2023,Regional,Amador,California Health and Wellness,ACA Optional Expansion - UIS State-Only,$226.00 ,$233.08 ,$240.48 
1/23 - 12/23,2023,Regional,Amador,California Health and Wellness,SPD - UIS State-Only,$529.77 ,$545.22 ,$561.31 
1/23 - 12/23,2023,Regional,Amador,California Health and Wellness,SPD/Full-Dual - UIS State-Only,$239.71 ,$245.59 ,$251.73 
1/23 - 12/23,2023,Regional,Amador,California Health and Wellness,LTC - UIS State-Only,"$8,972.13 ","$9,081.71 ","$9,194.09 "
1/23 - 12/23,2023,Regional,Amador,California Health and Wellness,LTC/Full-Dual - UIS State-Only,"$8,419.63 ","$8,513.37 ","$8,609.30 "
1/23 - 12/23,2023,Regional,Amador,Kaiser Foundation Health Plan,Child - UIS Federal,$22.55 ,$23.93 ,$25.41 
1/23 - 12/23,2023,Regional,Amador,Kaiser Foundation Health Plan,Adult - UIS Federal,$202.32 ,$208.96 ,$215.90 
1/23 - 12/23,2023,Regional,Amador,Kaiser Foundation Health Plan,ACA Optional Expansion - UIS Federal,$278.20 ,$287.05 ,$296.29 
1/23 - 12/23,2023,Regional,Amador,Kaiser Foundation Health Plan,SPD - UIS Federal,$625.37 ,$644.38 ,$664.19 
1/23 - 12/23,2023,Regional,Amador,Kaiser Foundation Health Plan,SPD/Full-Dual - UIS Federal,$141.99 ,$146.69 ,$151.61 
1/23 - 12/23,2023,Regional,Amador,Kaiser Foundation Health Plan,LTC - UIS Federal,"$1,717.21 ","$1,757.81 ","$1,799.96 "
1/23 - 12/23,2023,Regional,Amador,Kaiser Foundation Health Plan,LTC/Full-Dual - UIS Federal,$241.84 ,$248.79 ,$256.04 
1/23 - 12/23,2023,Regional,Amador,Kaiser Foundation Health Plan,Child - SIS,$97.74 ,$101.85 ,$106.19 
1/23 - 12/23,2023,Regional,Amador,Kaiser Foundation Health Plan,Adult - SIS,$237.28 ,$245.47 ,$254.05 
1/23 - 12/23,2023,Regional,Amador,Kaiser Foundation Health Plan,ACA Optional Expansion - SIS,$293.91 ,$303.66 ,$313.87 
1/23 - 12/23,2023,Regional,Amador,Kaiser Foundation Health Plan,SPD - SIS,$851.61 ,$876.35 ,$902.13 
1/23 - 12/23,2023,Regional,Amador,Kaiser Foundation Health Plan,SPD/Full-Dual - SIS,$217.43 ,$223.35 ,$229.56 
1/23 - 12/23,2023,Regional,Amador,Kaiser Foundation Health Plan,LTC - SIS,"$10,428.45 ","$10,575.40 ","$10,726.63 "
1/23 - 12/23,2023,Regional,Amador,Kaiser Foundation Health Plan,LTC/Full-Dual - SIS ,"$8,495.76 ","$8,597.73 ","$8,702.30 "
1/23 - 12/23,2023,Regional,Amador,Kaiser Foundation Health Plan,Maternity - UIS Federal,"$11,596.02 ","$11,848.72 ","$12,109.71 "
1/23 - 12/23,2023,Regional,Amador,Kaiser Foundation Health Plan,Maternity - SIS,"$11,596.02 ","$11,848.72 ","$12,109.71 "
1/23 - 12/23,2023,Regional,Amador,Kaiser Foundation Health Plan,Child - UIS State-Only,$48.49 ,$50.45 ,$52.51 
1/23 - 12/23,2023,Regional,Amador,Kaiser Foundation Health Plan,Adult - UIS State-Only,$144.43 ,$149.19 ,$154.16 
1/23 - 12/23,2023,Regional,Amador,Kaiser Foundation Health Plan,ACA Optional Expansion - UIS State-Only,$217.54 ,$224.24 ,$231.23 
1/23 - 12/23,2023,Regional,Amador,Kaiser Foundation Health Plan,SPD - UIS State-Only,$371.06 ,$381.89 ,$393.18 
1/23 - 12/23,2023,Regional,Amador,Kaiser Foundation Health Plan,SPD/Full-Dual - UIS State-Only,$219.60 ,$224.70 ,$230.02 
1/23 - 12/23,2023,Regional,Amador,Kaiser Foundation Health Plan,LTC - UIS State-Only,"$8,721.42 ","$8,828.07 ","$8,937.45 "
1/23 - 12/23,2023,Regional,Amador,Kaiser Foundation Health Plan,LTC/Full-Dual - UIS State-Only,"$8,253.92 ","$8,348.94 ","$8,446.26 "
1/23 - 12/23,2023,Regional,Butte,Anthem Blue Cross,Child - UIS Federal,$20.21 ,$21.60 ,$23.08 
1/23 - 12/23,2023,Regional,Butte,Anthem Blue Cross,Adult - UIS Federal,$169.05 ,$174.89 ,$181.00 
1/23 - 12/23,2023,Regional,Butte,Anthem Blue Cross,ACA Optional Expansion - UIS Federal,$238.57 ,$246.48 ,$254.75 
1/23 - 12/23,2023,Regional,Butte,Anthem Blue Cross,SPD - UIS Federal,$676.66 ,$697.70 ,$719.62 
1/23 - 12/23,2023,Regional,Butte,Anthem Blue Cross,SPD/Full-Dual - UIS Federal,$127.25 ,$131.67 ,$136.31 
1/23 - 12/23,2023,Regional,Butte,Anthem Blue Cross,LTC - UIS Federal,"$1,654.53 ","$1,693.76 ","$1,734.51 "
1/23 - 12/23,2023,Regional,Butte,Anthem Blue Cross,LTC/Full-Dual - UIS Federal,$137.77 ,$141.74 ,$145.89 
1/23 - 12/23,2023,Regional,Butte,Anthem Blue Cross,Child - SIS,$63.73 ,$67.16 ,$70.80 
1/23 - 12/23,2023,Regional,Butte,Anthem Blue Cross,Adult - SIS,$217.15 ,$224.95 ,$233.13 
1/23 - 12/23,2023,Regional,Butte,Anthem Blue Cross,ACA Optional Expansion - SIS,$294.50 ,$304.59 ,$315.16 
1/23 - 12/23,2023,Regional,Butte,Anthem Blue Cross,SPD - SIS,$759.18 ,$783.67 ,$809.19 
1/23 - 12/23,2023,Regional,Butte,Anthem Blue Cross,SPD/Full-Dual - SIS,$212.24 ,$218.29 ,$224.63 
1/23 - 12/23,2023,Regional,Butte,Anthem Blue Cross,LTC - SIS,"$10,610.47 ","$10,759.37 ","$10,912.62 "
1/23 - 12/23,2023,Regional,Butte,Anthem Blue Cross,LTC/Full-Dual - SIS ,"$8,558.24 ","$8,656.20 ","$8,756.54 "
1/23 - 12/23,2023,Regional,Butte,Anthem Blue Cross,Maternity - UIS Federal,"$11,596.02 ","$11,848.72 ","$12,109.71 "
1/23 - 12/23,2023,Regional,Butte,Anthem Blue Cross,Maternity - SIS,"$11,596.02 ","$11,848.72 ","$12,109.71 "
1/23 - 12/23,2023,Regional,Butte,Anthem Blue Cross,Child - UIS State-Only,$38.90 ,$40.69 ,$42.57 
1/23 - 12/23,2023,Regional,Butte,Anthem Blue Cross,Adult - UIS State-Only,$134.30 ,$138.93 ,$143.78 
1/23 - 12/23,2023,Regional,Butte,Anthem Blue Cross,ACA Optional Expansion - UIS State-Only,$201.24 ,$207.66 ,$214.37 
1/23 - 12/23,2023,Regional,Butte,Anthem Blue Cross,SPD - UIS State-Only,$422.76 ,$435.36 ,$448.49 
1/23 - 12/23,2023,Regional,Butte,Anthem Blue Cross,SPD/Full-Dual - UIS State-Only,$217.89 ,$223.22 ,$228.78 
1/23 - 12/23,2023,Regional,Butte,Anthem Blue Cross,LTC - UIS State-Only,"$8,974.30 ","$9,084.52 ","$9,197.59 "
1/23 - 12/23,2023,Regional,Butte,Anthem Blue Cross,LTC/Full-Dual - UIS State-Only,"$8,420.47 ","$8,514.46 ","$8,610.65 "
1/23 - 12/23,2023,Regional,Butte,California Health and Wellness,Child - UIS Federal,$28.76 ,$30.58 ,$32.52 
1/23 - 12/23,2023,Regional,Butte,California Health and Wellness,Adult - UIS Federal,$240.11 ,$248.13 ,$256.51 
1/23 - 12/23,2023,Regional,Butte,California Health and Wellness,ACA Optional Expansion - UIS Federal,$348.87 ,$360.08 ,$371.78 
1/23 - 12/23,2023,Regional,Butte,California Health and Wellness,SPD - UIS Federal,$995.02 ,"$1,025.22 ","$1,056.67 "
1/23 - 12/23,2023,Regional,Butte,California Health and Wellness,SPD/Full-Dual - UIS Federal,$159.54 ,$164.99 ,$170.70 
1/23 - 12/23,2023,Regional,Butte,California Health and Wellness,LTC - UIS Federal,"$1,655.52 ","$1,694.37 ","$1,734.71 "
1/23 - 12/23,2023,Regional,Butte,California Health and Wellness,LTC/Full-Dual - UIS Federal,$139.55 ,$143.71 ,$148.07 
1/23 - 12/23,2023,Regional,Butte,California Health and Wellness,Child - SIS,$69.64 ,$73.30 ,$77.18 
1/23 - 12/23,2023,Regional,Butte,California Health and Wellness,Adult - SIS,$271.10 ,$280.75 ,$290.87 
1/23 - 12/23,2023,Regional,Butte,California Health and Wellness,ACA Optional Expansion - SIS,$356.87 ,$369.04 ,$381.78 
1/23 - 12/23,2023,Regional,Butte,California Health and Wellness,SPD - SIS,$945.55 ,$975.72 ,"$1,007.18 "
1/23 - 12/23,2023,Regional,Butte,California Health and Wellness,SPD/Full-Dual - SIS,$235.55 ,$242.37 ,$249.53 
1/23 - 12/23,2023,Regional,Butte,California Health and Wellness,LTC - SIS,"$10,609.33 ","$10,757.21 ","$10,909.38 "
1/23 - 12/23,2023,Regional,Butte,California Health and Wellness,LTC/Full-Dual - SIS ,"$8,559.18 ","$8,657.08 ","$8,757.37 "
1/23 - 12/23,2023,Regional,Butte,California Health and Wellness,Maternity - UIS Federal,"$11,596.02 ","$11,848.72 ","$12,109.71 "
1/23 - 12/23,2023,Regional,Butte,California Health and Wellness,Maternity - SIS,"$11,596.02 ","$11,848.72 ","$12,109.71 "
1/23 - 12/23,2023,Regional,Butte,California Health and Wellness,Child - UIS State-Only,$34.56 ,$36.21 ,$37.95 
1/23 - 12/23,2023,Regional,Butte,California Health and Wellness,Adult - UIS State-Only,$158.49 ,$163.77 ,$169.29 
1/23 - 12/23,2023,Regional,Butte,California Health and Wellness,ACA Optional Expansion - UIS State-Only,$226.00 ,$233.08 ,$240.48 
1/23 - 12/23,2023,Regional,Butte,California Health and Wellness,SPD - UIS State-Only,$529.77 ,$545.22 ,$561.31 
1/23 - 12/23,2023,Regional,Butte,California Health and Wellness,SPD/Full-Dual - UIS State-Only,$239.71 ,$245.59 ,$251.73 
1/23 - 12/23,2023,Regional,Butte,California Health and Wellness,LTC - UIS State-Only,"$8,972.13 ","$9,081.71 ","$9,194.09 "
1/23 - 12/23,2023,Regional,Butte,California Health and Wellness,LTC/Full-Dual - UIS State-Only,"$8,419.63 ","$8,513.37 ","$8,609.30 "
1/23 - 12/23,2023,Regional,Calaveras,Anthem Blue Cross,Child - UIS Federal,$20.21 ,$21.60 ,$23.08 
1/23 - 12/23,2023,Regional,Calaveras,Anthem Blue Cross,Adult - UIS Federal,$169.05 ,$174.89 ,$181.00 
1/23 - 12/23,2023,Regional,Calaveras,Anthem Blue Cross,ACA Optional Expansion - UIS Federal,$238.57 ,$246.48 ,$254.75 
1/23 - 12/23,2023,Regional,Calaveras,Anthem Blue Cross,SPD - UIS Federal,$676.66 ,$697.70 ,$719.62 
1/23 - 12/23,2023,Regional,Calaveras,Anthem Blue Cross,SPD/Full-Dual - UIS Federal,$127.25 ,$131.67 ,$136.31 
1/23 - 12/23,2023,Regional,Calaveras,Anthem Blue Cross,LTC - UIS Federal,"$1,654.53 ","$1,693.76 ","$1,734.51 "
1/23 - 12/23,2023,Regional,Calaveras,Anthem Blue Cross,LTC/Full-Dual - UIS Federal,$137.77 ,$141.74 ,$145.89 
1/23 - 12/23,2023,Regional,Calaveras,Anthem Blue Cross,Child - SIS,$63.73 ,$67.16 ,$70.80 
1/23 - 12/23,2023,Regional,Calaveras,Anthem Blue Cross,Adult - SIS,$217.15 ,$224.95 ,$233.13 
1/23 - 12/23,2023,Regional,Calaveras,Anthem Blue Cross,ACA Optional Expansion - SIS,$294.50 ,$304.59 ,$315.16 
1/23 - 12/23,2023,Regional,Calaveras,Anthem Blue Cross,SPD - SIS,$759.18 ,$783.67 ,$809.19 
1/23 - 12/23,2023,Regional,Calaveras,Anthem Blue Cross,SPD/Full-Dual - SIS,$212.24 ,$218.29 ,$224.63 
1/23 - 12/23,2023,Regional,Calaveras,Anthem Blue Cross,LTC - SIS,"$10,610.47 ","$10,759.37 ","$10,912.62 "
1/23 - 12/23,2023,Regional,Calaveras,Anthem Blue Cross,LTC/Full-Dual - SIS ,"$8,558.24 ","$8,656.20 ","$8,756.54 "
1/23 - 12/23,2023,Regional,Calaveras,Anthem Blue Cross,Maternity - UIS Federal,"$11,596.02 ","$11,848.72 ","$12,109.71 "
1/23 - 12/23,2023,Regional,Calaveras,Anthem Blue Cross,Maternity - SIS,"$11,596.02 ","$11,848.72 ","$12,109.71 "
1/23 - 12/23,2023,Regional,Calaveras,Anthem Blue Cross,Child - UIS State-Only,$38.90 ,$40.69 ,$42.57 
1/23 - 12/23,2023,Regional,Calaveras,Anthem Blue Cross,Adult - UIS State-Only,$134.30 ,$138.93 ,$143.78 
1/23 - 12/23,2023,Regional,Calaveras,Anthem Blue Cross,ACA Optional Expansion - UIS State-Only,$201.24 ,$207.66 ,$214.37 
1/23 - 12/23,2023,Regional,Calaveras,Anthem Blue Cross,SPD - UIS State-Only,$422.76 ,$435.36 ,$448.49 
1/23 - 12/23,2023,Regional,Calaveras,Anthem Blue Cross,SPD/Full-Dual - UIS State-Only,$217.89 ,$223.22 ,$228.78 
1/23 - 12/23,2023,Regional,Calaveras,Anthem Blue Cross,LTC - UIS State-Only,"$8,974.30 ","$9,084.52 ","$9,197.59 "
1/23 - 12/23,2023,Regional,Calaveras,Anthem Blue Cross,LTC/Full-Dual - UIS State-Only,"$8,420.47 ","$8,514.46 ","$8,610.65 "
1/23 - 12/23,2023,Regional,Calaveras,California Health and Wellness,Child - UIS Federal,$28.76 ,$30.58 ,$32.52 
1/23 - 12/23,2023,Regional,Calaveras,California Health and Wellness,Adult - UIS Federal,$240.11 ,$248.13 ,$256.51 
1/23 - 12/23,2023,Regional,Calaveras,California Health and Wellness,ACA Optional Expansion - UIS Federal,$348.87 ,$360.08 ,$371.78 
1/23 - 12/23,2023,Regional,Calaveras,California Health and Wellness,SPD - UIS Federal,$995.02 ,"$1,025.22 ","$1,056.67 "
1/23 - 12/23,2023,Regional,Calaveras,California Health and Wellness,SPD/Full-Dual - UIS Federal,$159.54 ,$164.99 ,$170.70 
1/23 - 12/23,2023,Regional,Calaveras,California Health and Wellness,LTC - UIS Federal,"$1,655.52 ","$1,694.37 ","$1,734.71 "
1/23 - 12/23,2023,Regional,Calaveras,California Health and Wellness,LTC/Full-Dual - UIS Federal,$139.55 ,$143.71 ,$148.07 
1/23 - 12/23,2023,Regional,Calaveras,California Health and Wellness,Child - SIS,$69.64 ,$73.30 ,$77.18 
1/23 - 12/23,2023,Regional,Calaveras,California Health and Wellness,Adult - SIS,$271.10 ,$280.75 ,$290.87 
1/23 - 12/23,2023,Regional,Calaveras,California Health and Wellness,ACA Optional Expansion - SIS,$356.87 ,$369.04 ,$381.78 
1/23 - 12/23,2023,Regional,Calaveras,California Health and Wellness,SPD - SIS,$945.55 ,$975.72 ,"$1,007.18 "
1/23 - 12/23,2023,Regional,Calaveras,California Health and Wellness,SPD/Full-Dual - SIS,$235.55 ,$242.37 ,$249.53 
1/23 - 12/23,2023,Regional,Calaveras,California Health and Wellness,LTC - SIS,"$10,609.33 ","$10,757.21 ","$10,909.38 "
1/23 - 12/23,2023,Regional,Calaveras,California Health and Wellness,LTC/Full-Dual - SIS ,"$8,559.18 ","$8,657.08 ","$8,757.37 "
1/23 - 12/23,2023,Regional,Calaveras,California Health and Wellness,Maternity - UIS Federal,"$11,596.02 ","$11,848.72 ","$12,109.71 "
1/23 - 12/23,2023,Regional,Calaveras,California Health and Wellness,Maternity - SIS,"$11,596.02 ","$11,848.72 ","$12,109.71 "
1/23 - 12/23,2023,Regional,Calaveras,California Health and Wellness,Child - UIS State-Only,$34.56 ,$36.21 ,$37.95 
1/23 - 12/23,2023,Regional,Calaveras,California Health and Wellness,Adult - UIS State-Only,$158.49 ,$163.77 ,$169.29 
1/23 - 12/23,2023,Regional,Calaveras,California Health and Wellness,ACA Optional Expansion - UIS State-Only,$226.00 ,$233.08 ,$240.48 
1/23 - 12/23,2023,Regional,Calaveras,California Health and Wellness,SPD - UIS State-Only,$529.77 ,$545.22 ,$561.31 
1/23 - 12/23,2023,Regional,Calaveras,California Health and Wellness,SPD/Full-Dual - UIS State-Only,$239.71 ,$245.59 ,$251.73 
1/23 - 12/23,2023,Regional,Calaveras,California Health and Wellness,LTC - UIS State-Only,"$8,972.13 ","$9,081.71 ","$9,194.09 "
1/23 - 12/23,2023,Regional,Calaveras,California Health and Wellness,LTC/Full-Dual - UIS State-Only,"$8,419.63 ","$8,513.37 ","$8,609.30 "
1/23 - 12/23,2023,Regional,Colusa,Anthem Blue Cross,Child - UIS Federal,$20.21 ,$21.60 ,$23.08 
1/23 - 12/23,2023,Regional,Colusa,Anthem Blue Cross,Adult - UIS Federal,$169.05 ,$174.89 ,$181.00 
1/23 - 12/23,2023,Regional,Colusa,Anthem Blue Cross,ACA Optional Expansion - UIS Federal,$238.57 ,$246.48 ,$254.75 
1/23 - 12/23,2023,Regional,Colusa,Anthem Blue Cross,SPD - UIS Federal,$676.66 ,$697.70 ,$719.62 
1/23 - 12/23,2023,Regional,Colusa,Anthem Blue Cross,SPD/Full-Dual - UIS Federal,$127.25 ,$131.67 ,$136.31 
1/23 - 12/23,2023,Regional,Colusa,Anthem Blue Cross,LTC - UIS Federal,"$1,654.53 ","$1,693.76 ","$1,734.51 "
1/23 - 12/23,2023,Regional,Colusa,Anthem Blue Cross,LTC/Full-Dual - UIS Federal,$137.77 ,$141.74 ,$145.89 
1/23 - 12/23,2023,Regional,Colusa,Anthem Blue Cross,Child - SIS,$63.73 ,$67.16 ,$70.80 
1/23 - 12/23,2023,Regional,Colusa,Anthem Blue Cross,Adult - SIS,$217.15 ,$224.95 ,$233.13 
1/23 - 12/23,2023,Regional,Colusa,Anthem Blue Cross,ACA Optional Expansion - SIS,$294.50 ,$304.59 ,$315.16 
1/23 - 12/23,2023,Regional,Colusa,Anthem Blue Cross,SPD - SIS,$759.18 ,$783.67 ,$809.19 
1/23 - 12/23,2023,Regional,Colusa,Anthem Blue Cross,SPD/Full-Dual - SIS,$212.24 ,$218.29 ,$224.63 
1/23 - 12/23,2023,Regional,Colusa,Anthem Blue Cross,LTC - SIS,"$10,610.47 ","$10,759.37 ","$10,912.62 "
1/23 - 12/23,2023,Regional,Colusa,Anthem Blue Cross,LTC/Full-Dual - SIS ,"$8,558.24 ","$8,656.20 ","$8,756.54 "
1/23 - 12/23,2023,Regional,Colusa,Anthem Blue Cross,Maternity - UIS Federal,"$11,596.02 ","$11,848.72 ","$12,109.71 "
1/23 - 12/23,2023,Regional,Colusa,Anthem Blue Cross,Maternity - SIS,"$11,596.02 ","$11,848.72 ","$12,109.71 "
1/23 - 12/23,2023,Regional,Colusa,Anthem Blue Cross,Child - UIS State-Only,$38.90 ,$40.69 ,$42.57 
1/23 - 12/23,2023,Regional,Colusa,Anthem Blue Cross,Adult - UIS State-Only,$134.30 ,$138.93 ,$143.78 
1/23 - 12/23,2023,Regional,Colusa,Anthem Blue Cross,ACA Optional Expansion - UIS State-Only,$201.24 ,$207.66 ,$214.37 
1/23 - 12/23,2023,Regional,Colusa,Anthem Blue Cross,SPD - UIS State-Only,$422.76 ,$435.36 ,$448.49 
1/23 - 12/23,2023,Regional,Colusa,Anthem Blue Cross,SPD/Full-Dual - UIS State-Only,$217.89 ,$223.22 ,$228.78 
1/23 - 12/23,2023,Regional,Colusa,Anthem Blue Cross,LTC - UIS State-Only,"$8,974.30 ","$9,084.52 ","$9,197.59 "
1/23 - 12/23,2023,Regional,Colusa,Anthem Blue Cross,LTC/Full-Dual - UIS State-Only,"$8,420.47 ","$8,514.46 ","$8,610.65 "
1/23 - 12/23,2023,Regional,Colusa,California Health and Wellness,Child - UIS Federal,$28.76 ,$30.58 ,$32.52 
1/23 - 12/23,2023,Regional,Colusa,California Health and Wellness,Adult - UIS Federal,$240.11 ,$248.13 ,$256.51 
1/23 - 12/23,2023,Regional,Colusa,California Health and Wellness,ACA Optional Expansion - UIS Federal,$348.87 ,$360.08 ,$371.78 
1/23 - 12/23,2023,Regional,Colusa,California Health and Wellness,SPD - UIS Federal,$995.02 ,"$1,025.22 ","$1,056.67 "
1/23 - 12/23,2023,Regional,Colusa,California Health and Wellness,SPD/Full-Dual - UIS Federal,$159.54 ,$164.99 ,$170.70 
1/23 - 12/23,2023,Regional,Colusa,California Health and Wellness,LTC - UIS Federal,"$1,655.52 ","$1,694.37 ","$1,734.71 "
1/23 - 12/23,2023,Regional,Colusa,California Health and Wellness,LTC/Full-Dual - UIS Federal,$139.55 ,$143.71 ,$148.07 
1/23 - 12/23,2023,Regional,Colusa,California Health and Wellness,Child - SIS,$69.64 ,$73.30 ,$77.18 
1/23 - 12/23,2023,Regional,Colusa,California Health and Wellness,Adult - SIS,$271.10 ,$280.75 ,$290.87 
1/23 - 12/23,2023,Regional,Colusa,California Health and Wellness,ACA Optional Expansion - SIS,$356.87 ,$369.04 ,$381.78 
1/23 - 12/23,2023,Regional,Colusa,California Health and Wellness,SPD - SIS,$945.55 ,$975.72 ,"$1,007.18 "
1/23 - 12/23,2023,Regional,Colusa,California Health and Wellness,SPD/Full-Dual - SIS,$235.55 ,$242.37 ,$249.53 
1/23 - 12/23,2023,Regional,Colusa,California Health and Wellness,LTC - SIS,"$10,609.33 ","$10,757.21 ","$10,909.38 "
1/23 - 12/23,2023,Regional,Colusa,California Health and Wellness,LTC/Full-Dual - SIS ,"$8,559.18 ","$8,657.08 ","$8,757.37 "
1/23 - 12/23,2023,Regional,Colusa,California Health and Wellness,Maternity - UIS Federal,"$11,596.02 ","$11,848.72 ","$12,109.71 "
1/23 - 12/23,2023,Regional,Colusa,California Health and Wellness,Maternity - SIS,"$11,596.02 ","$11,848.72 ","$12,109.71 "
1/23 - 12/23,2023,Regional,Colusa,California Health and Wellness,Child - UIS State-Only,$34.56 ,$36.21 ,$37.95 
1/23 - 12/23,2023,Regional,Colusa,California Health and Wellness,Adult - UIS State-Only,$158.49 ,$163.77 ,$169.29 
1/23 - 12/23,2023,Regional,Colusa,California Health and Wellness,ACA Optional Expansion - UIS State-Only,$226.00 ,$233.08 ,$240.48 
1/23 - 12/23,2023,Regional,Colusa,California Health and Wellness,SPD - UIS State-Only,$529.77 ,$545.22 ,$561.31 
1/23 - 12/23,2023,Regional,Colusa,California Health and Wellness,SPD/Full-Dual - UIS State-Only,$239.71 ,$245.59 ,$251.73 
1/23 - 12/23,2023,Regional,Colusa,California Health and Wellness,LTC - UIS State-Only,"$8,972.13 ","$9,081.71 ","$9,194.09 "
1/23 - 12/23,2023,Regional,Colusa,California Health and Wellness,LTC/Full-Dual - UIS State-Only,"$8,419.63 ","$8,513.37 ","$8,609.30 "
1/23 - 12/23,2023,Regional,El Dorado,Anthem Blue Cross,Child - UIS Federal,$20.21 ,$21.60 ,$23.08 
1/23 - 12/23,2023,Regional,El Dorado,Anthem Blue Cross,Adult - UIS Federal,$169.05 ,$174.89 ,$181.00 
1/23 - 12/23,2023,Regional,El Dorado,Anthem Blue Cross,ACA Optional Expansion - UIS Federal,$238.57 ,$246.48 ,$254.75 
1/23 - 12/23,2023,Regional,El Dorado,Anthem Blue Cross,SPD - UIS Federal,$676.66 ,$697.70 ,$719.62 
1/23 - 12/23,2023,Regional,El Dorado,Anthem Blue Cross,SPD/Full-Dual - UIS Federal,$127.25 ,$131.67 ,$136.31 
1/23 - 12/23,2023,Regional,El Dorado,Anthem Blue Cross,LTC - UIS Federal,"$1,654.53 ","$1,693.76 ","$1,734.51 "
1/23 - 12/23,2023,Regional,El Dorado,Anthem Blue Cross,LTC/Full-Dual - UIS Federal,$137.77 ,$141.74 ,$145.89 
1/23 - 12/23,2023,Regional,El Dorado,Anthem Blue Cross,Child - SIS,$63.73 ,$67.16 ,$70.80 
1/23 - 12/23,2023,Regional,El Dorado,Anthem Blue Cross,Adult - SIS,$217.15 ,$224.95 ,$233.13 
1/23 - 12/23,2023,Regional,El Dorado,Anthem Blue Cross,ACA Optional Expansion - SIS,$294.50 ,$304.59 ,$315.16 
1/23 - 12/23,2023,Regional,El Dorado,Anthem Blue Cross,SPD - SIS,$759.18 ,$783.67 ,$809.19 
1/23 - 12/23,2023,Regional,El Dorado,Anthem Blue Cross,SPD/Full-Dual - SIS,$212.24 ,$218.29 ,$224.63 
1/23 - 12/23,2023,Regional,El Dorado,Anthem Blue Cross,LTC - SIS,"$10,610.47 ","$10,759.37 ","$10,912.62 "
1/23 - 12/23,2023,Regional,El Dorado,Anthem Blue Cross,LTC/Full-Dual - SIS ,"$8,558.24 ","$8,656.20 ","$8,756.54 "
1/23 - 12/23,2023,Regional,El Dorado,Anthem Blue Cross,Maternity - UIS Federal,"$11,596.02 ","$11,848.72 ","$12,109.71 "
1/23 - 12/23,2023,Regional,El Dorado,Anthem Blue Cross,Maternity - SIS,"$11,596.02 ","$11,848.72 ","$12,109.71 "
1/23 - 12/23,2023,Regional,El Dorado,Anthem Blue Cross,Child - UIS State-Only,$38.90 ,$40.69 ,$42.57 
1/23 - 12/23,2023,Regional,El Dorado,Anthem Blue Cross,Adult - UIS State-Only,$134.30 ,$138.93 ,$143.78 
1/23 - 12/23,2023,Regional,El Dorado,Anthem Blue Cross,ACA Optional Expansion - UIS State-Only,$201.24 ,$207.66 ,$214.37 
1/23 - 12/23,2023,Regional,El Dorado,Anthem Blue Cross,SPD - UIS State-Only,$422.76 ,$435.36 ,$448.49 
1/23 - 12/23,2023,Regional,El Dorado,Anthem Blue Cross,SPD/Full-Dual - UIS State-Only,$217.89 ,$223.22 ,$228.78 
1/23 - 12/23,2023,Regional,El Dorado,Anthem Blue Cross,LTC - UIS State-Only,"$8,974.30 ","$9,084.52 ","$9,197.59 "
1/23 - 12/23,2023,Regional,El Dorado,Anthem Blue Cross,LTC/Full-Dual - UIS State-Only,"$8,420.47 ","$8,514.46 ","$8,610.65 "
1/23 - 12/23,2023,Regional,El Dorado,California Health and Wellness,Child - UIS Federal,$28.76 ,$30.58 ,$32.52 
1/23 - 12/23,2023,Regional,El Dorado,California Health and Wellness,Adult - UIS Federal,$240.11 ,$248.13 ,$256.51 
1/23 - 12/23,2023,Regional,El Dorado,California Health and Wellness,ACA Optional Expansion - UIS Federal,$348.87 ,$360.08 ,$371.78 
1/23 - 12/23,2023,Regional,El Dorado,California Health and Wellness,SPD - UIS Federal,$995.02 ,"$1,025.22 ","$1,056.67 "
1/23 - 12/23,2023,Regional,El Dorado,California Health and Wellness,SPD/Full-Dual - UIS Federal,$159.54 ,$164.99 ,$170.70 
1/23 - 12/23,2023,Regional,El Dorado,California Health and Wellness,LTC - UIS Federal,"$1,655.52 ","$1,694.37 ","$1,734.71 "
1/23 - 12/23,2023,Regional,El Dorado,California Health and Wellness,LTC/Full-Dual - UIS Federal,$139.55 ,$143.71 ,$148.07 
1/23 - 12/23,2023,Regional,El Dorado,California Health and Wellness,Child - SIS,$69.64 ,$73.30 ,$77.18 
1/23 - 12/23,2023,Regional,El Dorado,California Health and Wellness,Adult - SIS,$271.10 ,$280.75 ,$290.87 
1/23 - 12/23,2023,Regional,El Dorado,California Health and Wellness,ACA Optional Expansion - SIS,$356.87 ,$369.04 ,$381.78 
1/23 - 12/23,2023,Regional,El Dorado,California Health and Wellness,SPD - SIS,$945.55 ,$975.72 ,"$1,007.18 "
1/23 - 12/23,2023,Regional,El Dorado,California Health and Wellness,SPD/Full-Dual - SIS,$235.55 ,$242.37 ,$249.53 
1/23 - 12/23,2023,Regional,El Dorado,California Health and Wellness,LTC - SIS,"$10,609.33 ","$10,757.21 ","$10,909.38 "
1/23 - 12/23,2023,Regional,El Dorado,California Health and Wellness,LTC/Full-Dual - SIS ,"$8,559.18 ","$8,657.08 ","$8,757.37 "
1/23 - 12/23,2023,Regional,El Dorado,California Health and Wellness,Maternity - UIS Federal,"$11,596.02 ","$11,848.72 ","$12,109.71 "
1/23 - 12/23,2023,Regional,El Dorado,California Health and Wellness,Maternity - SIS,"$11,596.02 ","$11,848.72 ","$12,109.71 "
1/23 - 12/23,2023,Regional,El Dorado,California Health and Wellness,Child - UIS State-Only,$34.56 ,$36.21 ,$37.95 
1/23 - 12/23,2023,Regional,El Dorado,California Health and Wellness,Adult - UIS State-Only,$158.49 ,$163.77 ,$169.29 
1/23 - 12/23,2023,Regional,El Dorado,California Health and Wellness,ACA Optional Expansion - UIS State-Only,$226.00 ,$233.08 ,$240.48 
1/23 - 12/23,2023,Regional,El Dorado,California Health and Wellness,SPD - UIS State-Only,$529.77 ,$545.22 ,$561.31 
1/23 - 12/23,2023,Regional,El Dorado,California Health and Wellness,SPD/Full-Dual - UIS State-Only,$239.71 ,$245.59 ,$251.73 
1/23 - 12/23,2023,Regional,El Dorado,California Health and Wellness,LTC - UIS State-Only,"$8,972.13 ","$9,081.71 ","$9,194.09 "
1/23 - 12/23,2023,Regional,El Dorado,California Health and Wellness,LTC/Full-Dual - UIS State-Only,"$8,419.63 ","$8,513.37 ","$8,609.30 "
1/23 - 12/23,2023,Regional,El Dorado,Kaiser Foundation Health Plan,Child - UIS Federal,$22.55 ,$23.93 ,$25.41 
1/23 - 12/23,2023,Regional,El Dorado,Kaiser Foundation Health Plan,Adult - UIS Federal,$202.32 ,$208.96 ,$215.90 
1/23 - 12/23,2023,Regional,El Dorado,Kaiser Foundation Health Plan,ACA Optional Expansion - UIS Federal,$278.20 ,$287.05 ,$296.29 
1/23 - 12/23,2023,Regional,El Dorado,Kaiser Foundation Health Plan,SPD - UIS Federal,$625.37 ,$644.38 ,$664.19 
1/23 - 12/23,2023,Regional,El Dorado,Kaiser Foundation Health Plan,SPD/Full-Dual - UIS Federal,$141.99 ,$146.69 ,$151.61 
1/23 - 12/23,2023,Regional,El Dorado,Kaiser Foundation Health Plan,LTC - UIS Federal,"$1,717.21 ","$1,757.81 ","$1,799.96 "
1/23 - 12/23,2023,Regional,El Dorado,Kaiser Foundation Health Plan,LTC/Full-Dual - UIS Federal,$241.84 ,$248.79 ,$256.04 
1/23 - 12/23,2023,Regional,El Dorado,Kaiser Foundation Health Plan,Child - SIS,$97.74 ,$101.85 ,$106.19 
1/23 - 12/23,2023,Regional,El Dorado,Kaiser Foundation Health Plan,Adult - SIS,$237.28 ,$245.47 ,$254.05 
1/23 - 12/23,2023,Regional,El Dorado,Kaiser Foundation Health Plan,ACA Optional Expansion - SIS,$293.91 ,$303.66 ,$313.87 
1/23 - 12/23,2023,Regional,El Dorado,Kaiser Foundation Health Plan,SPD - SIS,$851.61 ,$876.35 ,$902.13 
1/23 - 12/23,2023,Regional,El Dorado,Kaiser Foundation Health Plan,SPD/Full-Dual - SIS,$217.43 ,$223.35 ,$229.56 
1/23 - 12/23,2023,Regional,El Dorado,Kaiser Foundation Health Plan,LTC - SIS,"$10,428.45 ","$10,575.40 ","$10,726.63 "
1/23 - 12/23,2023,Regional,El Dorado,Kaiser Foundation Health Plan,LTC/Full-Dual - SIS ,"$8,495.76 ","$8,597.73 ","$8,702.30 "
1/23 - 12/23,2023,Regional,El Dorado,Kaiser Foundation Health Plan,Maternity - UIS Federal,"$11,596.02 ","$11,848.72 ","$12,109.71 "
1/23 - 12/23,2023,Regional,El Dorado,Kaiser Foundation Health Plan,Maternity - SIS,"$11,596.02 ","$11,848.72 ","$12,109.71 "
1/23 - 12/23,2023,Regional,El Dorado,Kaiser Foundation Health Plan,Child - UIS State-Only,$48.49 ,$50.45 ,$52.51 
1/23 - 12/23,2023,Regional,El Dorado,Kaiser Foundation Health Plan,Adult - UIS State-Only,$144.43 ,$149.19 ,$154.16 
1/23 - 12/23,2023,Regional,El Dorado,Kaiser Foundation Health Plan,ACA Optional Expansion - UIS State-Only,$217.54 ,$224.24 ,$231.23 
1/23 - 12/23,2023,Regional,El Dorado,Kaiser Foundation Health Plan,SPD - UIS State-Only,$371.06 ,$381.89 ,$393.18 
1/23 - 12/23,2023,Regional,El Dorado,Kaiser Foundation Health Plan,SPD/Full-Dual - UIS State-Only,$219.60 ,$224.70 ,$230.02 
1/23 - 12/23,2023,Regional,El Dorado,Kaiser Foundation Health Plan,LTC - UIS State-Only,"$8,721.42 ","$8,828.07 ","$8,937.45 "
1/23 - 12/23,2023,Regional,El Dorado,Kaiser Foundation Health Plan,LTC/Full-Dual - UIS State-Only,"$8,253.92 ","$8,348.94 ","$8,446.26 "
1/23 - 12/23,2023,Regional,Glenn,Anthem Blue Cross,Child - UIS Federal,$20.21 ,$21.60 ,$23.08 
1/23 - 12/23,2023,Regional,Glenn,Anthem Blue Cross,Adult - UIS Federal,$169.05 ,$174.89 ,$181.00 
1/23 - 12/23,2023,Regional,Glenn,Anthem Blue Cross,ACA Optional Expansion - UIS Federal,$238.57 ,$246.48 ,$254.75 
1/23 - 12/23,2023,Regional,Glenn,Anthem Blue Cross,SPD - UIS Federal,$676.66 ,$697.70 ,$719.62 
1/23 - 12/23,2023,Regional,Glenn,Anthem Blue Cross,SPD/Full-Dual - UIS Federal,$127.25 ,$131.67 ,$136.31 
1/23 - 12/23,2023,Regional,Glenn,Anthem Blue Cross,LTC - UIS Federal,"$1,654.53 ","$1,693.76 ","$1,734.51 "
1/23 - 12/23,2023,Regional,Glenn,Anthem Blue Cross,LTC/Full-Dual - UIS Federal,$137.77 ,$141.74 ,$145.89 
1/23 - 12/23,2023,Regional,Glenn,Anthem Blue Cross,Child - SIS,$63.73 ,$67.16 ,$70.80 
1/23 - 12/23,2023,Regional,Glenn,Anthem Blue Cross,Adult - SIS,$217.15 ,$224.95 ,$233.13 
1/23 - 12/23,2023,Regional,Glenn,Anthem Blue Cross,ACA Optional Expansion - SIS,$294.50 ,$304.59 ,$315.16 
1/23 - 12/23,2023,Regional,Glenn,Anthem Blue Cross,SPD - SIS,$759.18 ,$783.67 ,$809.19 
1/23 - 12/23,2023,Regional,Glenn,Anthem Blue Cross,SPD/Full-Dual - SIS,$212.24 ,$218.29 ,$224.63 
1/23 - 12/23,2023,Regional,Glenn,Anthem Blue Cross,LTC - SIS,"$10,610.47 ","$10,759.37 ","$10,912.62 "
1/23 - 12/23,2023,Regional,Glenn,Anthem Blue Cross,LTC/Full-Dual - SIS ,"$8,558.24 ","$8,656.20 ","$8,756.54 "
1/23 - 12/23,2023,Regional,Glenn,Anthem Blue Cross,Maternity - UIS Federal,"$11,596.02 ","$11,848.72 ","$12,109.71 "
1/23 - 12/23,2023,Regional,Glenn,Anthem Blue Cross,Maternity - SIS,"$11,596.02 ","$11,848.72 ","$12,109.71 "
1/23 - 12/23,2023,Regional,Glenn,Anthem Blue Cross,Child - UIS State-Only,$38.90 ,$40.69 ,$42.57 
1/23 - 12/23,2023,Regional,Glenn,Anthem Blue Cross,Adult - UIS State-Only,$134.30 ,$138.93 ,$143.78 
1/23 - 12/23,2023,Regional,Glenn,Anthem Blue Cross,ACA Optional Expansion - UIS State-Only,$201.24 ,$207.66 ,$214.37 
1/23 - 12/23,2023,Regional,Glenn,Anthem Blue Cross,SPD - UIS State-Only,$422.76 ,$435.36 ,$448.49 
1/23 - 12/23,2023,Regional,Glenn,Anthem Blue Cross,SPD/Full-Dual - UIS State-Only,$217.89 ,$223.22 ,$228.78 
1/23 - 12/23,2023,Regional,Glenn,Anthem Blue Cross,LTC - UIS State-Only,"$8,974.30 ","$9,084.52 ","$9,197.59 "
1/23 - 12/23,2023,Regional,Glenn,Anthem Blue Cross,LTC/Full-Dual - UIS State-Only,"$8,420.47 ","$8,514.46 ","$8,610.65 "
1/23 - 12/23,2023,Regional,Glenn,California Health and Wellness,Child - UIS Federal,$28.76 ,$30.58 ,$32.52 
1/23 - 12/23,2023,Regional,Glenn,California Health and Wellness,Adult - UIS Federal,$240.11 ,$248.13 ,$256.51 
1/23 - 12/23,2023,Regional,Glenn,California Health and Wellness,ACA Optional Expansion - UIS Federal,$348.87 ,$360.08 ,$371.78 
1/23 - 12/23,2023,Regional,Glenn,California Health and Wellness,SPD - UIS Federal,$995.02 ,"$1,025.22 ","$1,056.67 "
1/23 - 12/23,2023,Regional,Glenn,California Health and Wellness,SPD/Full-Dual - UIS Federal,$159.54 ,$164.99 ,$170.70 
1/23 - 12/23,2023,Regional,Glenn,California Health and Wellness,LTC - UIS Federal,"$1,655.52 ","$1,694.37 ","$1,734.71 "
1/23 - 12/23,2023,Regional,Glenn,California Health and Wellness,LTC/Full-Dual - UIS Federal,$139.55 ,$143.71 ,$148.07 
1/23 - 12/23,2023,Regional,Glenn,California Health and Wellness,Child - SIS,$69.64 ,$73.30 ,$77.18 
1/23 - 12/23,2023,Regional,Glenn,California Health and Wellness,Adult - SIS,$271.10 ,$280.75 ,$290.87 
1/23 - 12/23,2023,Regional,Glenn,California Health and Wellness,ACA Optional Expansion - SIS,$356.87 ,$369.04 ,$381.78 
1/23 - 12/23,2023,Regional,Glenn,California Health and Wellness,SPD - SIS,$945.55 ,$975.72 ,"$1,007.18 "
1/23 - 12/23,2023,Regional,Glenn,California Health and Wellness,SPD/Full-Dual - SIS,$235.55 ,$242.37 ,$249.53 
1/23 - 12/23,2023,Regional,Glenn,California Health and Wellness,LTC - SIS,"$10,609.33 ","$10,757.21 ","$10,909.38 "
1/23 - 12/23,2023,Regional,Glenn,California Health and Wellness,LTC/Full-Dual - SIS ,"$8,559.18 ","$8,657.08 ","$8,757.37 "
1/23 - 12/23,2023,Regional,Glenn,California Health and Wellness,Maternity - UIS Federal,"$11,596.02 ","$11,848.72 ","$12,109.71 "
1/23 - 12/23,2023,Regional,Glenn,California Health and Wellness,Maternity - SIS,"$11,596.02 ","$11,848.72 ","$12,109.71 "
1/23 - 12/23,2023,Regional,Glenn,California Health and Wellness,Child - UIS State-Only,$34.56 ,$36.21 ,$37.95 
1/23 - 12/23,2023,Regional,Glenn,California Health and Wellness,Adult - UIS State-Only,$158.49 ,$163.77 ,$169.29 
1/23 - 12/23,2023,Regional,Glenn,California Health and Wellness,ACA Optional Expansion - UIS State-Only,$226.00 ,$233.08 ,$240.48 
1/23 - 12/23,2023,Regional,Glenn,California Health and Wellness,SPD - UIS State-Only,$529.77 ,$545.22 ,$561.31 
1/23 - 12/23,2023,Regional,Glenn,California Health and Wellness,SPD/Full-Dual - UIS State-Only,$239.71 ,$245.59 ,$251.73 
1/23 - 12/23,2023,Regional,Glenn,California Health and Wellness,LTC - UIS State-Only,"$8,972.13 ","$9,081.71 ","$9,194.09 "
1/23 - 12/23,2023,Regional,Glenn,California Health and Wellness,LTC/Full-Dual - UIS State-Only,"$8,419.63 ","$8,513.37 ","$8,609.30 "
1/23 - 12/23,2023,Regional,Inyo,Anthem Blue Cross,Child - UIS Federal,$20.21 ,$21.60 ,$23.08 
1/23 - 12/23,2023,Regional,Inyo,Anthem Blue Cross,Adult - UIS Federal,$169.05 ,$174.89 ,$181.00 
1/23 - 12/23,2023,Regional,Inyo,Anthem Blue Cross,ACA Optional Expansion - UIS Federal,$238.57 ,$246.48 ,$254.75 
1/23 - 12/23,2023,Regional,Inyo,Anthem Blue Cross,SPD - UIS Federal,$676.66 ,$697.70 ,$719.62 
1/23 - 12/23,2023,Regional,Inyo,Anthem Blue Cross,SPD/Full-Dual - UIS Federal,$127.25 ,$131.67 ,$136.31 
1/23 - 12/23,2023,Regional,Inyo,Anthem Blue Cross,LTC - UIS Federal,"$1,654.53 ","$1,693.76 ","$1,734.51 "
1/23 - 12/23,2023,Regional,Inyo,Anthem Blue Cross,LTC/Full-Dual - UIS Federal,$137.77 ,$141.74 ,$145.89 
1/23 - 12/23,2023,Regional,Inyo,Anthem Blue Cross,Child - SIS,$63.73 ,$67.16 ,$70.80 
1/23 - 12/23,2023,Regional,Inyo,Anthem Blue Cross,Adult - SIS,$217.15 ,$224.95 ,$233.13 
1/23 - 12/23,2023,Regional,Inyo,Anthem Blue Cross,ACA Optional Expansion - SIS,$294.50 ,$304.59 ,$315.16 
1/23 - 12/23,2023,Regional,Inyo,Anthem Blue Cross,SPD - SIS,$759.18 ,$783.67 ,$809.19 
1/23 - 12/23,2023,Regional,Inyo,Anthem Blue Cross,SPD/Full-Dual - SIS,$212.24 ,$218.29 ,$224.63 
1/23 - 12/23,2023,Regional,Inyo,Anthem Blue Cross,LTC - SIS,"$10,610.47 ","$10,759.37 ","$10,912.62 "
1/23 - 12/23,2023,Regional,Inyo,Anthem Blue Cross,LTC/Full-Dual - SIS ,"$8,558.24 ","$8,656.20 ","$8,756.54 "
1/23 - 12/23,2023,Regional,Inyo,Anthem Blue Cross,Maternity - UIS Federal,"$11,596.02 ","$11,848.72 ","$12,109.71 "
1/23 - 12/23,2023,Regional,Inyo,Anthem Blue Cross,Maternity - SIS,"$11,596.02 ","$11,848.72 ","$12,109.71 "
1/23 - 12/23,2023,Regional,Inyo,Anthem Blue Cross,Child - UIS State-Only,$38.90 ,$40.69 ,$42.57 
1/23 - 12/23,2023,Regional,Inyo,Anthem Blue Cross,Adult - UIS State-Only,$134.30 ,$138.93 ,$143.78 
1/23 - 12/23,2023,Regional,Inyo,Anthem Blue Cross,ACA Optional Expansion - UIS State-Only,$201.24 ,$207.66 ,$214.37 
1/23 - 12/23,2023,Regional,Inyo,Anthem Blue Cross,SPD - UIS State-Only,$422.76 ,$435.36 ,$448.49 
1/23 - 12/23,2023,Regional,Inyo,Anthem Blue Cross,SPD/Full-Dual - UIS State-Only,$217.89 ,$223.22 ,$228.78 
1/23 - 12/23,2023,Regional,Inyo,Anthem Blue Cross,LTC - UIS State-Only,"$8,974.30 ","$9,084.52 ","$9,197.59 "
1/23 - 12/23,2023,Regional,Inyo,Anthem Blue Cross,LTC/Full-Dual - UIS State-Only,"$8,420.47 ","$8,514.46 ","$8,610.65 "
1/23 - 12/23,2023,Regional,Mariposa,Anthem Blue Cross,Child - UIS Federal,$20.21 ,$21.60 ,$23.08 
1/23 - 12/23,2023,Regional,Mariposa,Anthem Blue Cross,Adult - UIS Federal,$169.05 ,$174.89 ,$181.00 
1/23 - 12/23,2023,Regional,Mariposa,Anthem Blue Cross,ACA Optional Expansion - UIS Federal,$238.57 ,$246.48 ,$254.75 
1/23 - 12/23,2023,Regional,Mariposa,Anthem Blue Cross,SPD - UIS Federal,$676.66 ,$697.70 ,$719.62 
1/23 - 12/23,2023,Regional,Mariposa,Anthem Blue Cross,SPD/Full-Dual - UIS Federal,$127.25 ,$131.67 ,$136.31 
1/23 - 12/23,2023,Regional,Mariposa,Anthem Blue Cross,LTC - UIS Federal,"$1,654.53 ","$1,693.76 ","$1,734.51 "
1/23 - 12/23,2023,Regional,Mariposa,Anthem Blue Cross,LTC/Full-Dual - UIS Federal,$137.77 ,$141.74 ,$145.89 
1/23 - 12/23,2023,Regional,Mariposa,Anthem Blue Cross,Child - SIS,$63.73 ,$67.16 ,$70.80 
1/23 - 12/23,2023,Regional,Mariposa,Anthem Blue Cross,Adult - SIS,$217.15 ,$224.95 ,$233.13 
1/23 - 12/23,2023,Regional,Mariposa,Anthem Blue Cross,ACA Optional Expansion - SIS,$294.50 ,$304.59 ,$315.16 
1/23 - 12/23,2023,Regional,Mariposa,Anthem Blue Cross,SPD - SIS,$759.18 ,$783.67 ,$809.19 
1/23 - 12/23,2023,Regional,Mariposa,Anthem Blue Cross,SPD/Full-Dual - SIS,$212.24 ,$218.29 ,$224.63 
1/23 - 12/23,2023,Regional,Mariposa,Anthem Blue Cross,LTC - SIS,"$10,610.47 ","$10,759.37 ","$10,912.62 "
1/23 - 12/23,2023,Regional,Mariposa,Anthem Blue Cross,LTC/Full-Dual - SIS ,"$8,558.24 ","$8,656.20 ","$8,756.54 "
1/23 - 12/23,2023,Regional,Mariposa,Anthem Blue Cross,Maternity - UIS Federal,"$11,596.02 ","$11,848.72 ","$12,109.71 "
1/23 - 12/23,2023,Regional,Mariposa,Anthem Blue Cross,Maternity - SIS,"$11,596.02 ","$11,848.72 ","$12,109.71 "
1/23 - 12/23,2023,Regional,Mariposa,Anthem Blue Cross,Child - UIS State-Only,$38.90 ,$40.69 ,$42.57 
1/23 - 12/23,2023,Regional,Mariposa,Anthem Blue Cross,Adult - UIS State-Only,$134.30 ,$138.93 ,$143.78 
1/23 - 12/23,2023,Regional,Mariposa,Anthem Blue Cross,ACA Optional Expansion - UIS State-Only,$201.24 ,$207.66 ,$214.37 
1/23 - 12/23,2023,Regional,Mariposa,Anthem Blue Cross,SPD - UIS State-Only,$422.76 ,$435.36 ,$448.49 
1/23 - 12/23,2023,Regional,Mariposa,Anthem Blue Cross,SPD/Full-Dual - UIS State-Only,$217.89 ,$223.22 ,$228.78 
1/23 - 12/23,2023,Regional,Mariposa,Anthem Blue Cross,LTC - UIS State-Only,"$8,974.30 ","$9,084.52 ","$9,197.59 "
1/23 - 12/23,2023,Regional,Mariposa,Anthem Blue Cross,LTC/Full-Dual - UIS State-Only,"$8,420.47 ","$8,514.46 ","$8,610.65 "
1/23 - 12/23,2023,Regional,Mariposa,California Health and Wellness,Child - UIS Federal,$28.76 ,$30.58 ,$32.52 
1/23 - 12/23,2023,Regional,Mariposa,California Health and Wellness,Adult - UIS Federal,$240.11 ,$248.13 ,$256.51 
1/23 - 12/23,2023,Regional,Mariposa,California Health and Wellness,ACA Optional Expansion - UIS Federal,$348.87 ,$360.08 ,$371.78 
1/23 - 12/23,2023,Regional,Mariposa,California Health and Wellness,SPD - UIS Federal,$995.02 ,"$1,025.22 ","$1,056.67 "
1/23 - 12/23,2023,Regional,Mariposa,California Health and Wellness,SPD/Full-Dual - UIS Federal,$159.54 ,$164.99 ,$170.70 
1/23 - 12/23,2023,Regional,Mariposa,California Health and Wellness,LTC - UIS Federal,"$1,655.52 ","$1,694.37 ","$1,734.71 "
1/23 - 12/23,2023,Regional,Mariposa,California Health and Wellness,LTC/Full-Dual - UIS Federal,$139.55 ,$143.71 ,$148.07 
1/23 - 12/23,2023,Regional,Mariposa,California Health and Wellness,Child - SIS,$69.64 ,$73.30 ,$77.18 
1/23 - 12/23,2023,Regional,Mariposa,California Health and Wellness,Adult - SIS,$271.10 ,$280.75 ,$290.87 
1/23 - 12/23,2023,Regional,Mariposa,California Health and Wellness,ACA Optional Expansion - SIS,$356.87 ,$369.04 ,$381.78 
1/23 - 12/23,2023,Regional,Mariposa,California Health and Wellness,SPD - SIS,$945.55 ,$975.72 ,"$1,007.18 "
1/23 - 12/23,2023,Regional,Mariposa,California Health and Wellness,SPD/Full-Dual - SIS,$235.55 ,$242.37 ,$249.53 
1/23 - 12/23,2023,Regional,Mariposa,California Health and Wellness,LTC - SIS,"$10,609.33 ","$10,757.21 ","$10,909.38 "
1/23 - 12/23,2023,Regional,Mariposa,California Health and Wellness,LTC/Full-Dual - SIS ,"$8,559.18 ","$8,657.08 ","$8,757.37 "
1/23 - 12/23,2023,Regional,Mariposa,California Health and Wellness,Maternity - UIS Federal,"$11,596.02 ","$11,848.72 ","$12,109.71 "
1/23 - 12/23,2023,Regional,Mariposa,California Health and Wellness,Maternity - SIS,"$11,596.02 ","$11,848.72 ","$12,109.71 "
1/23 - 12/23,2023,Regional,Mariposa,California Health and Wellness,Child - UIS State-Only,$34.56 ,$36.21 ,$37.95 
1/23 - 12/23,2023,Regional,Mariposa,California Health and Wellness,Adult - UIS State-Only,$158.49 ,$163.77 ,$169.29 
1/23 - 12/23,2023,Regional,Mariposa,California Health and Wellness,ACA Optional Expansion - UIS State-Only,$226.00 ,$233.08 ,$240.48 
1/23 - 12/23,2023,Regional,Mariposa,California Health and Wellness,SPD - UIS State-Only,$529.77 ,$545.22 ,$561.31 
1/23 - 12/23,2023,Regional,Mariposa,California Health and Wellness,SPD/Full-Dual - UIS State-Only,$239.71 ,$245.59 ,$251.73 
1/23 - 12/23,2023,Regional,Mariposa,California Health and Wellness,LTC - UIS State-Only,"$8,972.13 ","$9,081.71 ","$9,194.09 "
1/23 - 12/23,2023,Regional,Mariposa,California Health and Wellness,LTC/Full-Dual - UIS State-Only,"$8,419.63 ","$8,513.37 ","$8,609.30 "
1/23 - 12/23,2023,Regional,Mono,Anthem Blue Cross,Child - UIS Federal,$20.21 ,$21.60 ,$23.08 
1/23 - 12/23,2023,Regional,Mono,Anthem Blue Cross,Adult - UIS Federal,$169.05 ,$174.89 ,$181.00 
1/23 - 12/23,2023,Regional,Mono,Anthem Blue Cross,ACA Optional Expansion - UIS Federal,$238.57 ,$246.48 ,$254.75 
1/23 - 12/23,2023,Regional,Mono,Anthem Blue Cross,SPD - UIS Federal,$676.66 ,$697.70 ,$719.62 
1/23 - 12/23,2023,Regional,Mono,Anthem Blue Cross,SPD/Full-Dual - UIS Federal,$127.25 ,$131.67 ,$136.31 
1/23 - 12/23,2023,Regional,Mono,Anthem Blue Cross,LTC - UIS Federal,"$1,654.53 ","$1,693.76 ","$1,734.51 "
1/23 - 12/23,2023,Regional,Mono,Anthem Blue Cross,LTC/Full-Dual - UIS Federal,$137.77 ,$141.74 ,$145.89 
1/23 - 12/23,2023,Regional,Mono,Anthem Blue Cross,Child - SIS,$63.73 ,$67.16 ,$70.80 
1/23 - 12/23,2023,Regional,Mono,Anthem Blue Cross,Adult - SIS,$217.15 ,$224.95 ,$233.13 
1/23 - 12/23,2023,Regional,Mono,Anthem Blue Cross,ACA Optional Expansion - SIS,$294.50 ,$304.59 ,$315.16 
1/23 - 12/23,2023,Regional,Mono,Anthem Blue Cross,SPD - SIS,$759.18 ,$783.67 ,$809.19 
1/23 - 12/23,2023,Regional,Mono,Anthem Blue Cross,SPD/Full-Dual - SIS,$212.24 ,$218.29 ,$224.63 
1/23 - 12/23,2023,Regional,Mono,Anthem Blue Cross,LTC - SIS,"$10,610.47 ","$10,759.37 ","$10,912.62 "
1/23 - 12/23,2023,Regional,Mono,Anthem Blue Cross,LTC/Full-Dual - SIS ,"$8,558.24 ","$8,656.20 ","$8,756.54 "
1/23 - 12/23,2023,Regional,Mono,Anthem Blue Cross,Maternity - UIS Federal,"$11,596.02 ","$11,848.72 ","$12,109.71 "
1/23 - 12/23,2023,Regional,Mono,Anthem Blue Cross,Maternity - SIS,"$11,596.02 ","$11,848.72 ","$12,109.71 "
1/23 - 12/23,2023,Regional,Mono,Anthem Blue Cross,Child - UIS State-Only,$38.90 ,$40.69 ,$42.57 
1/23 - 12/23,2023,Regional,Mono,Anthem Blue Cross,Adult - UIS State-Only,$134.30 ,$138.93 ,$143.78 
1/23 - 12/23,2023,Regional,Mono,Anthem Blue Cross,ACA Optional Expansion - UIS State-Only,$201.24 ,$207.66 ,$214.37 
1/23 - 12/23,2023,Regional,Mono,Anthem Blue Cross,SPD - UIS State-Only,$422.76 ,$435.36 ,$448.49 
1/23 - 12/23,2023,Regional,Mono,Anthem Blue Cross,SPD/Full-Dual - UIS State-Only,$217.89 ,$223.22 ,$228.78 
1/23 - 12/23,2023,Regional,Mono,Anthem Blue Cross,LTC - UIS State-Only,"$8,974.30 ","$9,084.52 ","$9,197.59 "
1/23 - 12/23,2023,Regional,Mono,Anthem Blue Cross,LTC/Full-Dual - UIS State-Only,"$8,420.47 ","$8,514.46 ","$8,610.65 "
1/23 - 12/23,2023,Regional,Mono,California Health and Wellness,Child - UIS Federal,$28.76 ,$30.58 ,$32.52 
1/23 - 12/23,2023,Regional,Mono,California Health and Wellness,Adult - UIS Federal,$240.11 ,$248.13 ,$256.51 
1/23 - 12/23,2023,Regional,Mono,California Health and Wellness,ACA Optional Expansion - UIS Federal,$348.87 ,$360.08 ,$371.78 
1/23 - 12/23,2023,Regional,Mono,California Health and Wellness,SPD - UIS Federal,$995.02 ,"$1,025.22 ","$1,056.67 "
1/23 - 12/23,2023,Regional,Mono,California Health and Wellness,SPD/Full-Dual - UIS Federal,$159.54 ,$164.99 ,$170.70 
1/23 - 12/23,2023,Regional,Mono,California Health and Wellness,LTC - UIS Federal,"$1,655.52 ","$1,694.37 ","$1,734.71 "
1/23 - 12/23,2023,Regional,Mono,California Health and Wellness,LTC/Full-Dual - UIS Federal,$139.55 ,$143.71 ,$148.07 
1/23 - 12/23,2023,Regional,Mono,California Health and Wellness,Child - SIS,$69.64 ,$73.30 ,$77.18 
1/23 - 12/23,2023,Regional,Mono,California Health and Wellness,Adult - SIS,$271.10 ,$280.75 ,$290.87 
1/23 - 12/23,2023,Regional,Mono,California Health and Wellness,ACA Optional Expansion - SIS,$356.87 ,$369.04 ,$381.78 
1/23 - 12/23,2023,Regional,Mono,California Health and Wellness,SPD - SIS,$945.55 ,$975.72 ,"$1,007.18 "
1/23 - 12/23,2023,Regional,Mono,California Health and Wellness,SPD/Full-Dual - SIS,$235.55 ,$242.37 ,$249.53 
1/23 - 12/23,2023,Regional,Mono,California Health and Wellness,LTC - SIS,"$10,609.33 ","$10,757.21 ","$10,909.38 "
1/23 - 12/23,2023,Regional,Mono,California Health and Wellness,LTC/Full-Dual - SIS ,"$8,559.18 ","$8,657.08 ","$8,757.37 "
1/23 - 12/23,2023,Regional,Mono,California Health and Wellness,Maternity - UIS Federal,"$11,596.02 ","$11,848.72 ","$12,109.71 "
1/23 - 12/23,2023,Regional,Mono,California Health and Wellness,Maternity - SIS,"$11,596.02 ","$11,848.72 ","$12,109.71 "
1/23 - 12/23,2023,Regional,Mono,California Health and Wellness,Child - UIS State-Only,$34.56 ,$36.21 ,$37.95 
1/23 - 12/23,2023,Regional,Mono,California Health and Wellness,Adult - UIS State-Only,$158.49 ,$163.77 ,$169.29 
1/23 - 12/23,2023,Regional,Mono,California Health and Wellness,ACA Optional Expansion - UIS State-Only,$226.00 ,$233.08 ,$240.48 
1/23 - 12/23,2023,Regional,Mono,California Health and Wellness,SPD - UIS State-Only,$529.77 ,$545.22 ,$561.31 
1/23 - 12/23,2023,Regional,Mono,California Health and Wellness,SPD/Full-Dual - UIS State-Only,$239.71 ,$245.59 ,$251.73 
1/23 - 12/23,2023,Regional,Mono,California Health and Wellness,LTC - UIS State-Only,"$8,972.13 ","$9,081.71 ","$9,194.09 "
1/23 - 12/23,2023,Regional,Mono,California Health and Wellness,LTC/Full-Dual - UIS State-Only,"$8,419.63 ","$8,513.37 ","$8,609.30 "
1/23 - 12/23,2023,Regional,Nevada,Anthem Blue Cross,Child - UIS Federal,$20.21 ,$21.60 ,$23.08 
1/23 - 12/23,2023,Regional,Nevada,Anthem Blue Cross,Adult - UIS Federal,$169.05 ,$174.89 ,$181.00 
1/23 - 12/23,2023,Regional,Nevada,Anthem Blue Cross,ACA Optional Expansion - UIS Federal,$238.57 ,$246.48 ,$254.75 
1/23 - 12/23,2023,Regional,Nevada,Anthem Blue Cross,SPD - UIS Federal,$676.66 ,$697.70 ,$719.62 
1/23 - 12/23,2023,Regional,Nevada,Anthem Blue Cross,SPD/Full-Dual - UIS Federal,$127.25 ,$131.67 ,$136.31 
1/23 - 12/23,2023,Regional,Nevada,Anthem Blue Cross,LTC - UIS Federal,"$1,654.53 ","$1,693.76 ","$1,734.51 "
1/23 - 12/23,2023,Regional,Nevada,Anthem Blue Cross,LTC/Full-Dual - UIS Federal,$137.77 ,$141.74 ,$145.89 
1/23 - 12/23,2023,Regional,Nevada,Anthem Blue Cross,Child - SIS,$63.73 ,$67.16 ,$70.80 
1/23 - 12/23,2023,Regional,Nevada,Anthem Blue Cross,Adult - SIS,$217.15 ,$224.95 ,$233.13 
1/23 - 12/23,2023,Regional,Nevada,Anthem Blue Cross,ACA Optional Expansion - SIS,$294.50 ,$304.59 ,$315.16 
1/23 - 12/23,2023,Regional,Nevada,Anthem Blue Cross,SPD - SIS,$759.18 ,$783.67 ,$809.19 
1/23 - 12/23,2023,Regional,Nevada,Anthem Blue Cross,SPD/Full-Dual - SIS,$212.24 ,$218.29 ,$224.63 
1/23 - 12/23,2023,Regional,Nevada,Anthem Blue Cross,LTC - SIS,"$10,610.47 ","$10,759.37 ","$10,912.62 "
1/23 - 12/23,2023,Regional,Nevada,Anthem Blue Cross,LTC/Full-Dual - SIS ,"$8,558.24 ","$8,656.20 ","$8,756.54 "
1/23 - 12/23,2023,Regional,Nevada,Anthem Blue Cross,Maternity - UIS Federal,"$11,596.02 ","$11,848.72 ","$12,109.71 "
1/23 - 12/23,2023,Regional,Nevada,Anthem Blue Cross,Maternity - SIS,"$11,596.02 ","$11,848.72 ","$12,109.71 "
1/23 - 12/23,2023,Regional,Nevada,Anthem Blue Cross,Child - UIS State-Only,$38.90 ,$40.69 ,$42.57 
1/23 - 12/23,2023,Regional,Nevada,Anthem Blue Cross,Adult - UIS State-Only,$134.30 ,$138.93 ,$143.78 
1/23 - 12/23,2023,Regional,Nevada,Anthem Blue Cross,ACA Optional Expansion - UIS State-Only,$201.24 ,$207.66 ,$214.37 
1/23 - 12/23,2023,Regional,Nevada,Anthem Blue Cross,SPD - UIS State-Only,$422.76 ,$435.36 ,$448.49 
1/23 - 12/23,2023,Regional,Nevada,Anthem Blue Cross,SPD/Full-Dual - UIS State-Only,$217.89 ,$223.22 ,$228.78 
1/23 - 12/23,2023,Regional,Nevada,Anthem Blue Cross,LTC - UIS State-Only,"$8,974.30 ","$9,084.52 ","$9,197.59 "
1/23 - 12/23,2023,Regional,Nevada,Anthem Blue Cross,LTC/Full-Dual - UIS State-Only,"$8,420.47 ","$8,514.46 ","$8,610.65 "
1/23 - 12/23,2023,Regional,Nevada,California Health and Wellness,Child - UIS Federal,$28.76 ,$30.58 ,$32.52 
1/23 - 12/23,2023,Regional,Nevada,California Health and Wellness,Adult - UIS Federal,$240.11 ,$248.13 ,$256.51 
1/23 - 12/23,2023,Regional,Nevada,California Health and Wellness,ACA Optional Expansion - UIS Federal,$348.87 ,$360.08 ,$371.78 
1/23 - 12/23,2023,Regional,Nevada,California Health and Wellness,SPD - UIS Federal,$995.02 ,"$1,025.22 ","$1,056.67 "
1/23 - 12/23,2023,Regional,Nevada,California Health and Wellness,SPD/Full-Dual - UIS Federal,$159.54 ,$164.99 ,$170.70 
1/23 - 12/23,2023,Regional,Nevada,California Health and Wellness,LTC - UIS Federal,"$1,655.52 ","$1,694.37 ","$1,734.71 "
1/23 - 12/23,2023,Regional,Nevada,California Health and Wellness,LTC/Full-Dual - UIS Federal,$139.55 ,$143.71 ,$148.07 
1/23 - 12/23,2023,Regional,Nevada,California Health and Wellness,Child - SIS,$69.64 ,$73.30 ,$77.18 
1/23 - 12/23,2023,Regional,Nevada,California Health and Wellness,Adult - SIS,$271.10 ,$280.75 ,$290.87 
1/23 - 12/23,2023,Regional,Nevada,California Health and Wellness,ACA Optional Expansion - SIS,$356.87 ,$369.04 ,$381.78 
1/23 - 12/23,2023,Regional,Nevada,California Health and Wellness,SPD - SIS,$945.55 ,$975.72 ,"$1,007.18 "
1/23 - 12/23,2023,Regional,Nevada,California Health and Wellness,SPD/Full-Dual - SIS,$235.55 ,$242.37 ,$249.53 
1/23 - 12/23,2023,Regional,Nevada,California Health and Wellness,LTC - SIS,"$10,609.33 ","$10,757.21 ","$10,909.38 "
1/23 - 12/23,2023,Regional,Nevada,California Health and Wellness,LTC/Full-Dual - SIS ,"$8,559.18 ","$8,657.08 ","$8,757.37 "
1/23 - 12/23,2023,Regional,Nevada,California Health and Wellness,Maternity - UIS Federal,"$11,596.02 ","$11,848.72 ","$12,109.71 "
1/23 - 12/23,2023,Regional,Nevada,California Health and Wellness,Maternity - SIS,"$11,596.02 ","$11,848.72 ","$12,109.71 "
1/23 - 12/23,2023,Regional,Nevada,California Health and Wellness,Child - UIS State-Only,$34.56 ,$36.21 ,$37.95 
1/23 - 12/23,2023,Regional,Nevada,California Health and Wellness,Adult - UIS State-Only,$158.49 ,$163.77 ,$169.29 
1/23 - 12/23,2023,Regional,Nevada,California Health and Wellness,ACA Optional Expansion - UIS State-Only,$226.00 ,$233.08 ,$240.48 
1/23 - 12/23,2023,Regional,Nevada,California Health and Wellness,SPD - UIS State-Only,$529.77 ,$545.22 ,$561.31 
1/23 - 12/23,2023,Regional,Nevada,California Health and Wellness,SPD/Full-Dual - UIS State-Only,$239.71 ,$245.59 ,$251.73 
1/23 - 12/23,2023,Regional,Nevada,California Health and Wellness,LTC - UIS State-Only,"$8,972.13 ","$9,081.71 ","$9,194.09 "
1/23 - 12/23,2023,Regional,Nevada,California Health and Wellness,LTC/Full-Dual - UIS State-Only,"$8,419.63 ","$8,513.37 ","$8,609.30 "
1/23 - 12/23,2023,Regional,Placer,Anthem Blue Cross,Child - UIS Federal,$20.21 ,$21.60 ,$23.08 
1/23 - 12/23,2023,Regional,Placer,Anthem Blue Cross,Adult - UIS Federal,$169.05 ,$174.89 ,$181.00 
1/23 - 12/23,2023,Regional,Placer,Anthem Blue Cross,ACA Optional Expansion - UIS Federal,$238.57 ,$246.48 ,$254.75 
1/23 - 12/23,2023,Regional,Placer,Anthem Blue Cross,SPD - UIS Federal,$676.66 ,$697.70 ,$719.62 
1/23 - 12/23,2023,Regional,Placer,Anthem Blue Cross,SPD/Full-Dual - UIS Federal,$127.25 ,$131.67 ,$136.31 
1/23 - 12/23,2023,Regional,Placer,Anthem Blue Cross,LTC - UIS Federal,"$1,654.53 ","$1,693.76 ","$1,734.51 "
1/23 - 12/23,2023,Regional,Placer,Anthem Blue Cross,LTC/Full-Dual - UIS Federal,$137.77 ,$141.74 ,$145.89 
1/23 - 12/23,2023,Regional,Placer,Anthem Blue Cross,Child - SIS,$63.73 ,$67.16 ,$70.80 
1/23 - 12/23,2023,Regional,Placer,Anthem Blue Cross,Adult - SIS,$217.15 ,$224.95 ,$233.13 
1/23 - 12/23,2023,Regional,Placer,Anthem Blue Cross,ACA Optional Expansion - SIS,$294.50 ,$304.59 ,$315.16 
1/23 - 12/23,2023,Regional,Placer,Anthem Blue Cross,SPD - SIS,$759.18 ,$783.67 ,$809.19 
1/23 - 12/23,2023,Regional,Placer,Anthem Blue Cross,SPD/Full-Dual - SIS,$212.24 ,$218.29 ,$224.63 
1/23 - 12/23,2023,Regional,Placer,Anthem Blue Cross,LTC - SIS,"$10,610.47 ","$10,759.37 ","$10,912.62 "
1/23 - 12/23,2023,Regional,Placer,Anthem Blue Cross,LTC/Full-Dual - SIS ,"$8,558.24 ","$8,656.20 ","$8,756.54 "
1/23 - 12/23,2023,Regional,Placer,Anthem Blue Cross,Maternity - UIS Federal,"$11,596.02 ","$11,848.72 ","$12,109.71 "
1/23 - 12/23,2023,Regional,Placer,Anthem Blue Cross,Maternity - SIS,"$11,596.02 ","$11,848.72 ","$12,109.71 "
1/23 - 12/23,2023,Regional,Placer,Anthem Blue Cross,Child - UIS State-Only,$38.90 ,$40.69 ,$42.57 
1/23 - 12/23,2023,Regional,Placer,Anthem Blue Cross,Adult - UIS State-Only,$134.30 ,$138.93 ,$143.78 
1/23 - 12/23,2023,Regional,Placer,Anthem Blue Cross,ACA Optional Expansion - UIS State-Only,$201.24 ,$207.66 ,$214.37 
1/23 - 12/23,2023,Regional,Placer,Anthem Blue Cross,SPD - UIS State-Only,$422.76 ,$435.36 ,$448.49 
1/23 - 12/23,2023,Regional,Placer,Anthem Blue Cross,SPD/Full-Dual - UIS State-Only,$217.89 ,$223.22 ,$228.78 
1/23 - 12/23,2023,Regional,Placer,Anthem Blue Cross,LTC - UIS State-Only,"$8,974.30 ","$9,084.52 ","$9,197.59 "
1/23 - 12/23,2023,Regional,Placer,Anthem Blue Cross,LTC/Full-Dual - UIS State-Only,"$8,420.47 ","$8,514.46 ","$8,610.65 "
1/23 - 12/23,2023,Regional,Placer,California Health and Wellness,Child - UIS Federal,$28.76 ,$30.58 ,$32.52 
1/23 - 12/23,2023,Regional,Placer,California Health and Wellness,Adult - UIS Federal,$240.11 ,$248.13 ,$256.51 
1/23 - 12/23,2023,Regional,Placer,California Health and Wellness,ACA Optional Expansion - UIS Federal,$348.87 ,$360.08 ,$371.78 
1/23 - 12/23,2023,Regional,Placer,California Health and Wellness,SPD - UIS Federal,$995.02 ,"$1,025.22 ","$1,056.67 "
1/23 - 12/23,2023,Regional,Placer,California Health and Wellness,SPD/Full-Dual - UIS Federal,$159.54 ,$164.99 ,$170.70 
1/23 - 12/23,2023,Regional,Placer,California Health and Wellness,LTC - UIS Federal,"$1,655.52 ","$1,694.37 ","$1,734.71 "
1/23 - 12/23,2023,Regional,Placer,California Health and Wellness,LTC/Full-Dual - UIS Federal,$139.55 ,$143.71 ,$148.07 
1/23 - 12/23,2023,Regional,Placer,California Health and Wellness,Child - SIS,$69.64 ,$73.30 ,$77.18 
1/23 - 12/23,2023,Regional,Placer,California Health and Wellness,Adult - SIS,$271.10 ,$280.75 ,$290.87 
1/23 - 12/23,2023,Regional,Placer,California Health and Wellness,ACA Optional Expansion - SIS,$356.87 ,$369.04 ,$381.78 
1/23 - 12/23,2023,Regional,Placer,California Health and Wellness,SPD - SIS,$945.55 ,$975.72 ,"$1,007.18 "
1/23 - 12/23,2023,Regional,Placer,California Health and Wellness,SPD/Full-Dual - SIS,$235.55 ,$242.37 ,$249.53 
1/23 - 12/23,2023,Regional,Placer,California Health and Wellness,LTC - SIS,"$10,609.33 ","$10,757.21 ","$10,909.38 "
1/23 - 12/23,2023,Regional,Placer,California Health and Wellness,LTC/Full-Dual - SIS ,"$8,559.18 ","$8,657.08 ","$8,757.37 "
1/23 - 12/23,2023,Regional,Placer,California Health and Wellness,Maternity - UIS Federal,"$11,596.02 ","$11,848.72 ","$12,109.71 "
1/23 - 12/23,2023,Regional,Placer,California Health and Wellness,Maternity - SIS,"$11,596.02 ","$11,848.72 ","$12,109.71 "
1/23 - 12/23,2023,Regional,Placer,California Health and Wellness,Child - UIS State-Only,$34.56 ,$36.21 ,$37.95 
1/23 - 12/23,2023,Regional,Placer,California Health and Wellness,Adult - UIS State-Only,$158.49 ,$163.77 ,$169.29 
1/23 - 12/23,2023,Regional,Placer,California Health and Wellness,ACA Optional Expansion - UIS State-Only,$226.00 ,$233.08 ,$240.48 
1/23 - 12/23,2023,Regional,Placer,California Health and Wellness,SPD - UIS State-Only,$529.77 ,$545.22 ,$561.31 
1/23 - 12/23,2023,Regional,Placer,California Health and Wellness,SPD/Full-Dual - UIS State-Only,$239.71 ,$245.59 ,$251.73 
1/23 - 12/23,2023,Regional,Placer,California Health and Wellness,LTC - UIS State-Only,"$8,972.13 ","$9,081.71 ","$9,194.09 "
1/23 - 12/23,2023,Regional,Placer,California Health and Wellness,LTC/Full-Dual - UIS State-Only,"$8,419.63 ","$8,513.37 ","$8,609.30 "
1/23 - 12/23,2023,Regional,Placer,Kaiser Foundation Health Plan,Child - UIS Federal,$22.55 ,$23.93 ,$25.41 
1/23 - 12/23,2023,Regional,Placer,Kaiser Foundation Health Plan,Adult - UIS Federal,$202.32 ,$208.96 ,$215.90 
1/23 - 12/23,2023,Regional,Placer,Kaiser Foundation Health Plan,ACA Optional Expansion - UIS Federal,$278.20 ,$287.05 ,$296.29 
1/23 - 12/23,2023,Regional,Placer,Kaiser Foundation Health Plan,SPD - UIS Federal,$625.37 ,$644.38 ,$664.19 
1/23 - 12/23,2023,Regional,Placer,Kaiser Foundation Health Plan,SPD/Full-Dual - UIS Federal,$141.99 ,$146.69 ,$151.61 
1/23 - 12/23,2023,Regional,Placer,Kaiser Foundation Health Plan,LTC - UIS Federal,"$1,717.21 ","$1,757.81 ","$1,799.96 "
1/23 - 12/23,2023,Regional,Placer,Kaiser Foundation Health Plan,LTC/Full-Dual - UIS Federal,$241.84 ,$248.79 ,$256.04 
1/23 - 12/23,2023,Regional,Placer,Kaiser Foundation Health Plan,Child - SIS,$97.74 ,$101.85 ,$106.19 
1/23 - 12/23,2023,Regional,Placer,Kaiser Foundation Health Plan,Adult - SIS,$237.28 ,$245.47 ,$254.05 
1/23 - 12/23,2023,Regional,Placer,Kaiser Foundation Health Plan,ACA Optional Expansion - SIS,$293.91 ,$303.66 ,$313.87 
1/23 - 12/23,2023,Regional,Placer,Kaiser Foundation Health Plan,SPD - SIS,$851.61 ,$876.35 ,$902.13 
1/23 - 12/23,2023,Regional,Placer,Kaiser Foundation Health Plan,SPD/Full-Dual - SIS,$217.43 ,$223.35 ,$229.56 
1/23 - 12/23,2023,Regional,Placer,Kaiser Foundation Health Plan,LTC - SIS,"$10,428.45 ","$10,575.40 ","$10,726.63 "
1/23 - 12/23,2023,Regional,Placer,Kaiser Foundation Health Plan,LTC/Full-Dual - SIS ,"$8,495.76 ","$8,597.73 ","$8,702.30 "
1/23 - 12/23,2023,Regional,Placer,Kaiser Foundation Health Plan,Maternity - UIS Federal,"$11,596.02 ","$11,848.72 ","$12,109.71 "
1/23 - 12/23,2023,Regional,Placer,Kaiser Foundation Health Plan,Maternity - SIS,"$11,596.02 ","$11,848.72 ","$12,109.71 "
1/23 - 12/23,2023,Regional,Placer,Kaiser Foundation Health Plan,Child - UIS State-Only,$48.49 ,$50.45 ,$52.51 
1/23 - 12/23,2023,Regional,Placer,Kaiser Foundation Health Plan,Adult - UIS State-Only,$144.43 ,$149.19 ,$154.16 
1/23 - 12/23,2023,Regional,Placer,Kaiser Foundation Health Plan,ACA Optional Expansion - UIS State-Only,$217.54 ,$224.24 ,$231.23 
1/23 - 12/23,2023,Regional,Placer,Kaiser Foundation Health Plan,SPD - UIS State-Only,$371.06 ,$381.89 ,$393.18 
1/23 - 12/23,2023,Regional,Placer,Kaiser Foundation Health Plan,SPD/Full-Dual - UIS State-Only,$219.60 ,$224.70 ,$230.02 
1/23 - 12/23,2023,Regional,Placer,Kaiser Foundation Health Plan,LTC - UIS State-Only,"$8,721.42 ","$8,828.07 ","$8,937.45 "
1/23 - 12/23,2023,Regional,Placer,Kaiser Foundation Health Plan,LTC/Full-Dual - UIS State-Only,"$8,253.92 ","$8,348.94 ","$8,446.26 "
1/23 - 12/23,2023,Regional,Plumas,Anthem Blue Cross,Child - UIS Federal,$20.21 ,$21.60 ,$23.08 
1/23 - 12/23,2023,Regional,Plumas,Anthem Blue Cross,Adult - UIS Federal,$169.05 ,$174.89 ,$181.00 
1/23 - 12/23,2023,Regional,Plumas,Anthem Blue Cross,ACA Optional Expansion - UIS Federal,$238.57 ,$246.48 ,$254.75 
1/23 - 12/23,2023,Regional,Plumas,Anthem Blue Cross,SPD - UIS Federal,$676.66 ,$697.70 ,$719.62 
1/23 - 12/23,2023,Regional,Plumas,Anthem Blue Cross,SPD/Full-Dual - UIS Federal,$127.25 ,$131.67 ,$136.31 
1/23 - 12/23,2023,Regional,Plumas,Anthem Blue Cross,LTC - UIS Federal,"$1,654.53 ","$1,693.76 ","$1,734.51 "
1/23 - 12/23,2023,Regional,Plumas,Anthem Blue Cross,LTC/Full-Dual - UIS Federal,$137.77 ,$141.74 ,$145.89 
1/23 - 12/23,2023,Regional,Plumas,Anthem Blue Cross,Child - SIS,$63.73 ,$67.16 ,$70.80 
1/23 - 12/23,2023,Regional,Plumas,Anthem Blue Cross,Adult - SIS,$217.15 ,$224.95 ,$233.13 
1/23 - 12/23,2023,Regional,Plumas,Anthem Blue Cross,ACA Optional Expansion - SIS,$294.50 ,$304.59 ,$315.16 
1/23 - 12/23,2023,Regional,Plumas,Anthem Blue Cross,SPD - SIS,$759.18 ,$783.67 ,$809.19 
1/23 - 12/23,2023,Regional,Plumas,Anthem Blue Cross,SPD/Full-Dual - SIS,$212.24 ,$218.29 ,$224.63 
1/23 - 12/23,2023,Regional,Plumas,Anthem Blue Cross,LTC - SIS,"$10,610.47 ","$10,759.37 ","$10,912.62 "
1/23 - 12/23,2023,Regional,Plumas,Anthem Blue Cross,LTC/Full-Dual - SIS ,"$8,558.24 ","$8,656.20 ","$8,756.54 "
1/23 - 12/23,2023,Regional,Plumas,Anthem Blue Cross,Maternity - UIS Federal,"$11,596.02 ","$11,848.72 ","$12,109.71 "
1/23 - 12/23,2023,Regional,Plumas,Anthem Blue Cross,Maternity - SIS,"$11,596.02 ","$11,848.72 ","$12,109.71 "
1/23 - 12/23,2023,Regional,Plumas,Anthem Blue Cross,Child - UIS State-Only,$38.90 ,$40.69 ,$42.57 
1/23 - 12/23,2023,Regional,Plumas,Anthem Blue Cross,Adult - UIS State-Only,$134.30 ,$138.93 ,$143.78 
1/23 - 12/23,2023,Regional,Plumas,Anthem Blue Cross,ACA Optional Expansion - UIS State-Only,$201.24 ,$207.66 ,$214.37 
1/23 - 12/23,2023,Regional,Plumas,Anthem Blue Cross,SPD - UIS State-Only,$422.76 ,$435.36 ,$448.49 
1/23 - 12/23,2023,Regional,Plumas,Anthem Blue Cross,SPD/Full-Dual - UIS State-Only,$217.89 ,$223.22 ,$228.78 
1/23 - 12/23,2023,Regional,Plumas,Anthem Blue Cross,LTC - UIS State-Only,"$8,974.30 ","$9,084.52 ","$9,197.59 "
1/23 - 12/23,2023,Regional,Plumas,Anthem Blue Cross,LTC/Full-Dual - UIS State-Only,"$8,420.47 ","$8,514.46 ","$8,610.65 "
1/23 - 12/23,2023,Regional,Plumas,California Health and Wellness,Child - UIS Federal,$28.76 ,$30.58 ,$32.52 
1/23 - 12/23,2023,Regional,Plumas,California Health and Wellness,Adult - UIS Federal,$240.11 ,$248.13 ,$256.51 
1/23 - 12/23,2023,Regional,Plumas,California Health and Wellness,ACA Optional Expansion - UIS Federal,$348.87 ,$360.08 ,$371.78 
1/23 - 12/23,2023,Regional,Plumas,California Health and Wellness,SPD - UIS Federal,$995.02 ,"$1,025.22 ","$1,056.67 "
1/23 - 12/23,2023,Regional,Plumas,California Health and Wellness,SPD/Full-Dual - UIS Federal,$159.54 ,$164.99 ,$170.70 
1/23 - 12/23,2023,Regional,Plumas,California Health and Wellness,LTC - UIS Federal,"$1,655.52 ","$1,694.37 ","$1,734.71 "
1/23 - 12/23,2023,Regional,Plumas,California Health and Wellness,LTC/Full-Dual - UIS Federal,$139.55 ,$143.71 ,$148.07 
1/23 - 12/23,2023,Regional,Plumas,California Health and Wellness,Child - SIS,$69.64 ,$73.30 ,$77.18 
1/23 - 12/23,2023,Regional,Plumas,California Health and Wellness,Adult - SIS,$271.10 ,$280.75 ,$290.87 
1/23 - 12/23,2023,Regional,Plumas,California Health and Wellness,ACA Optional Expansion - SIS,$356.87 ,$369.04 ,$381.78 
1/23 - 12/23,2023,Regional,Plumas,California Health and Wellness,SPD - SIS,$945.55 ,$975.72 ,"$1,007.18 "
1/23 - 12/23,2023,Regional,Plumas,California Health and Wellness,SPD/Full-Dual - SIS,$235.55 ,$242.37 ,$249.53 
1/23 - 12/23,2023,Regional,Plumas,California Health and Wellness,LTC - SIS,"$10,609.33 ","$10,757.21 ","$10,909.38 "
1/23 - 12/23,2023,Regional,Plumas,California Health and Wellness,LTC/Full-Dual - SIS ,"$8,559.18 ","$8,657.08 ","$8,757.37 "
1/23 - 12/23,2023,Regional,Plumas,California Health and Wellness,Maternity - UIS Federal,"$11,596.02 ","$11,848.72 ","$12,109.71 "
1/23 - 12/23,2023,Regional,Plumas,California Health and Wellness,Maternity - SIS,"$11,596.02 ","$11,848.72 ","$12,109.71 "
1/23 - 12/23,2023,Regional,Plumas,California Health and Wellness,Child - UIS State-Only,$34.56 ,$36.21 ,$37.95 
1/23 - 12/23,2023,Regional,Plumas,California Health and Wellness,Adult - UIS State-Only,$158.49 ,$163.77 ,$169.29 
1/23 - 12/23,2023,Regional,Plumas,California Health and Wellness,ACA Optional Expansion - UIS State-Only,$226.00 ,$233.08 ,$240.48 
1/23 - 12/23,2023,Regional,Plumas,California Health and Wellness,SPD - UIS State-Only,$529.77 ,$545.22 ,$561.31 
1/23 - 12/23,2023,Regional,Plumas,California Health and Wellness,SPD/Full-Dual - UIS State-Only,$239.71 ,$245.59 ,$251.73 
1/23 - 12/23,2023,Regional,Plumas,California Health and Wellness,LTC - UIS State-Only,"$8,972.13 ","$9,081.71 ","$9,194.09 "
1/23 - 12/23,2023,Regional,Plumas,California Health and Wellness,LTC/Full-Dual - UIS State-Only,"$8,419.63 ","$8,513.37 ","$8,609.30 "
1/23 - 12/23,2023,Regional,Sierra,Anthem Blue Cross,Child - UIS Federal,$20.21 ,$21.60 ,$23.08 
1/23 - 12/23,2023,Regional,Sierra,Anthem Blue Cross,Adult - UIS Federal,$169.05 ,$174.89 ,$181.00 
1/23 - 12/23,2023,Regional,Sierra,Anthem Blue Cross,ACA Optional Expansion - UIS Federal,$238.57 ,$246.48 ,$254.75 
1/23 - 12/23,2023,Regional,Sierra,Anthem Blue Cross,SPD - UIS Federal,$676.66 ,$697.70 ,$719.62 
1/23 - 12/23,2023,Regional,Sierra,Anthem Blue Cross,SPD/Full-Dual - UIS Federal,$127.25 ,$131.67 ,$136.31 
1/23 - 12/23,2023,Regional,Sierra,Anthem Blue Cross,LTC - UIS Federal,"$1,654.53 ","$1,693.76 ","$1,734.51 "
1/23 - 12/23,2023,Regional,Sierra,Anthem Blue Cross,LTC/Full-Dual - UIS Federal,$137.77 ,$141.74 ,$145.89 
1/23 - 12/23,2023,Regional,Sierra,Anthem Blue Cross,Child - SIS,$63.73 ,$67.16 ,$70.80 
1/23 - 12/23,2023,Regional,Sierra,Anthem Blue Cross,Adult - SIS,$217.15 ,$224.95 ,$233.13 
1/23 - 12/23,2023,Regional,Sierra,Anthem Blue Cross,ACA Optional Expansion - SIS,$294.50 ,$304.59 ,$315.16 
1/23 - 12/23,2023,Regional,Sierra,Anthem Blue Cross,SPD - SIS,$759.18 ,$783.67 ,$809.19 
1/23 - 12/23,2023,Regional,Sierra,Anthem Blue Cross,SPD/Full-Dual - SIS,$212.24 ,$218.29 ,$224.63 
1/23 - 12/23,2023,Regional,Sierra,Anthem Blue Cross,LTC - SIS,"$10,610.47 ","$10,759.37 ","$10,912.62 "
1/23 - 12/23,2023,Regional,Sierra,Anthem Blue Cross,LTC/Full-Dual - SIS ,"$8,558.24 ","$8,656.20 ","$8,756.54 "
1/23 - 12/23,2023,Regional,Sierra,Anthem Blue Cross,Maternity - UIS Federal,"$11,596.02 ","$11,848.72 ","$12,109.71 "
1/23 - 12/23,2023,Regional,Sierra,Anthem Blue Cross,Maternity - SIS,"$11,596.02 ","$11,848.72 ","$12,109.71 "
1/23 - 12/23,2023,Regional,Sierra,Anthem Blue Cross,Child - UIS State-Only,$38.90 ,$40.69 ,$42.57 
1/23 - 12/23,2023,Regional,Sierra,Anthem Blue Cross,Adult - UIS State-Only,$134.30 ,$138.93 ,$143.78 
1/23 - 12/23,2023,Regional,Sierra,Anthem Blue Cross,ACA Optional Expansion - UIS State-Only,$201.24 ,$207.66 ,$214.37 
1/23 - 12/23,2023,Regional,Sierra,Anthem Blue Cross,SPD - UIS State-Only,$422.76 ,$435.36 ,$448.49 
1/23 - 12/23,2023,Regional,Sierra,Anthem Blue Cross,SPD/Full-Dual - UIS State-Only,$217.89 ,$223.22 ,$228.78 
1/23 - 12/23,2023,Regional,Sierra,Anthem Blue Cross,LTC - UIS State-Only,"$8,974.30 ","$9,084.52 ","$9,197.59 "
1/23 - 12/23,2023,Regional,Sierra,Anthem Blue Cross,LTC/Full-Dual - UIS State-Only,"$8,420.47 ","$8,514.46 ","$8,610.65 "
1/23 - 12/23,2023,Regional,Sierra,California Health and Wellness,Child - UIS Federal,$28.76 ,$30.58 ,$32.52 
1/23 - 12/23,2023,Regional,Sierra,California Health and Wellness,Adult - UIS Federal,$240.11 ,$248.13 ,$256.51 
1/23 - 12/23,2023,Regional,Sierra,California Health and Wellness,ACA Optional Expansion - UIS Federal,$348.87 ,$360.08 ,$371.78 
1/23 - 12/23,2023,Regional,Sierra,California Health and Wellness,SPD - UIS Federal,$995.02 ,"$1,025.22 ","$1,056.67 "
1/23 - 12/23,2023,Regional,Sierra,California Health and Wellness,SPD/Full-Dual - UIS Federal,$159.54 ,$164.99 ,$170.70 
1/23 - 12/23,2023,Regional,Sierra,California Health and Wellness,LTC - UIS Federal,"$1,655.52 ","$1,694.37 ","$1,734.71 "
1/23 - 12/23,2023,Regional,Sierra,California Health and Wellness,LTC/Full-Dual - UIS Federal,$139.55 ,$143.71 ,$148.07 
1/23 - 12/23,2023,Regional,Sierra,California Health and Wellness,Child - SIS,$69.64 ,$73.30 ,$77.18 
1/23 - 12/23,2023,Regional,Sierra,California Health and Wellness,Adult - SIS,$271.10 ,$280.75 ,$290.87 
1/23 - 12/23,2023,Regional,Sierra,California Health and Wellness,ACA Optional Expansion - SIS,$356.87 ,$369.04 ,$381.78 
1/23 - 12/23,2023,Regional,Sierra,California Health and Wellness,SPD - SIS,$945.55 ,$975.72 ,"$1,007.18 "
1/23 - 12/23,2023,Regional,Sierra,California Health and Wellness,SPD/Full-Dual - SIS,$235.55 ,$242.37 ,$249.53 
1/23 - 12/23,2023,Regional,Sierra,California Health and Wellness,LTC - SIS,"$10,609.33 ","$10,757.21 ","$10,909.38 "
1/23 - 12/23,2023,Regional,Sierra,California Health and Wellness,LTC/Full-Dual - SIS ,"$8,559.18 ","$8,657.08 ","$8,757.37 "
1/23 - 12/23,2023,Regional,Sierra,California Health and Wellness,Maternity - UIS Federal,"$11,596.02 ","$11,848.72 ","$12,109.71 "
1/23 - 12/23,2023,Regional,Sierra,California Health and Wellness,Maternity - SIS,"$11,596.02 ","$11,848.72 ","$12,109.71 "
1/23 - 12/23,2023,Regional,Sierra,California Health and Wellness,Child - UIS State-Only,$34.56 ,$36.21 ,$37.95 
1/23 - 12/23,2023,Regional,Sierra,California Health and Wellness,Adult - UIS State-Only,$158.49 ,$163.77 ,$169.29 
1/23 - 12/23,2023,Regional,Sierra,California Health and Wellness,ACA Optional Expansion - UIS State-Only,$226.00 ,$233.08 ,$240.48 
1/23 - 12/23,2023,Regional,Sierra,California Health and Wellness,SPD - UIS State-Only,$529.77 ,$545.22 ,$561.31 
1/23 - 12/23,2023,Regional,Sierra,California Health and Wellness,SPD/Full-Dual - UIS State-Only,$239.71 ,$245.59 ,$251.73 
1/23 - 12/23,2023,Regional,Sierra,California Health and Wellness,LTC - UIS State-Only,"$8,972.13 ","$9,081.71 ","$9,194.09 "
1/23 - 12/23,2023,Regional,Sierra,California Health and Wellness,LTC/Full-Dual - UIS State-Only,"$8,419.63 ","$8,513.37 ","$8,609.30 "
1/23 - 12/23,2023,Regional,Sutter,Anthem Blue Cross,Child - UIS Federal,$20.21 ,$21.60 ,$23.08 
1/23 - 12/23,2023,Regional,Sutter,Anthem Blue Cross,Adult - UIS Federal,$169.05 ,$174.89 ,$181.00 
1/23 - 12/23,2023,Regional,Sutter,Anthem Blue Cross,ACA Optional Expansion - UIS Federal,$238.57 ,$246.48 ,$254.75 
1/23 - 12/23,2023,Regional,Sutter,Anthem Blue Cross,SPD - UIS Federal,$676.66 ,$697.70 ,$719.62 
1/23 - 12/23,2023,Regional,Sutter,Anthem Blue Cross,SPD/Full-Dual - UIS Federal,$127.25 ,$131.67 ,$136.31 
1/23 - 12/23,2023,Regional,Sutter,Anthem Blue Cross,LTC - UIS Federal,"$1,654.53 ","$1,693.76 ","$1,734.51 "
1/23 - 12/23,2023,Regional,Sutter,Anthem Blue Cross,LTC/Full-Dual - UIS Federal,$137.77 ,$141.74 ,$145.89 
1/23 - 12/23,2023,Regional,Sutter,Anthem Blue Cross,Child - SIS,$63.73 ,$67.16 ,$70.80 
1/23 - 12/23,2023,Regional,Sutter,Anthem Blue Cross,Adult - SIS,$217.15 ,$224.95 ,$233.13 
1/23 - 12/23,2023,Regional,Sutter,Anthem Blue Cross,ACA Optional Expansion - SIS,$294.50 ,$304.59 ,$315.16 
1/23 - 12/23,2023,Regional,Sutter,Anthem Blue Cross,SPD - SIS,$759.18 ,$783.67 ,$809.19 
1/23 - 12/23,2023,Regional,Sutter,Anthem Blue Cross,SPD/Full-Dual - SIS,$212.24 ,$218.29 ,$224.63 
1/23 - 12/23,2023,Regional,Sutter,Anthem Blue Cross,LTC - SIS,"$10,610.47 ","$10,759.37 ","$10,912.62 "
1/23 - 12/23,2023,Regional,Sutter,Anthem Blue Cross,LTC/Full-Dual - SIS ,"$8,558.24 ","$8,656.20 ","$8,756.54 "
1/23 - 12/23,2023,Regional,Sutter,Anthem Blue Cross,Maternity - UIS Federal,"$11,596.02 ","$11,848.72 ","$12,109.71 "
1/23 - 12/23,2023,Regional,Sutter,Anthem Blue Cross,Maternity - SIS,"$11,596.02 ","$11,848.72 ","$12,109.71 "
1/23 - 12/23,2023,Regional,Sutter,Anthem Blue Cross,Child - UIS State-Only,$38.90 ,$40.69 ,$42.57 
1/23 - 12/23,2023,Regional,Sutter,Anthem Blue Cross,Adult - UIS State-Only,$134.30 ,$138.93 ,$143.78 
1/23 - 12/23,2023,Regional,Sutter,Anthem Blue Cross,ACA Optional Expansion - UIS State-Only,$201.24 ,$207.66 ,$214.37 
1/23 - 12/23,2023,Regional,Sutter,Anthem Blue Cross,SPD - UIS State-Only,$422.76 ,$435.36 ,$448.49 
1/23 - 12/23,2023,Regional,Sutter,Anthem Blue Cross,SPD/Full-Dual - UIS State-Only,$217.89 ,$223.22 ,$228.78 
1/23 - 12/23,2023,Regional,Sutter,Anthem Blue Cross,LTC - UIS State-Only,"$8,974.30 ","$9,084.52 ","$9,197.59 "
1/23 - 12/23,2023,Regional,Sutter,Anthem Blue Cross,LTC/Full-Dual - UIS State-Only,"$8,420.47 ","$8,514.46 ","$8,610.65 "
1/23 - 12/23,2023,Regional,Sutter,California Health and Wellness,Child - UIS Federal,$28.76 ,$30.58 ,$32.52 
1/23 - 12/23,2023,Regional,Sutter,California Health and Wellness,Adult - UIS Federal,$240.11 ,$248.13 ,$256.51 
1/23 - 12/23,2023,Regional,Sutter,California Health and Wellness,ACA Optional Expansion - UIS Federal,$348.87 ,$360.08 ,$371.78 
1/23 - 12/23,2023,Regional,Sutter,California Health and Wellness,SPD - UIS Federal,$995.02 ,"$1,025.22 ","$1,056.67 "
1/23 - 12/23,2023,Regional,Sutter,California Health and Wellness,SPD/Full-Dual - UIS Federal,$159.54 ,$164.99 ,$170.70 
1/23 - 12/23,2023,Regional,Sutter,California Health and Wellness,LTC - UIS Federal,"$1,655.52 ","$1,694.37 ","$1,734.71 "
1/23 - 12/23,2023,Regional,Sutter,California Health and Wellness,LTC/Full-Dual - UIS Federal,$139.55 ,$143.71 ,$148.07 
1/23 - 12/23,2023,Regional,Sutter,California Health and Wellness,Child - SIS,$69.64 ,$73.30 ,$77.18 
1/23 - 12/23,2023,Regional,Sutter,California Health and Wellness,Adult - SIS,$271.10 ,$280.75 ,$290.87 
1/23 - 12/23,2023,Regional,Sutter,California Health and Wellness,ACA Optional Expansion - SIS,$356.87 ,$369.04 ,$381.78 
1/23 - 12/23,2023,Regional,Sutter,California Health and Wellness,SPD - SIS,$945.55 ,$975.72 ,"$1,007.18 "
1/23 - 12/23,2023,Regional,Sutter,California Health and Wellness,SPD/Full-Dual - SIS,$235.55 ,$242.37 ,$249.53 
1/23 - 12/23,2023,Regional,Sutter,California Health and Wellness,LTC - SIS,"$10,609.33 ","$10,757.21 ","$10,909.38 "
1/23 - 12/23,2023,Regional,Sutter,California Health and Wellness,LTC/Full-Dual - SIS ,"$8,559.18 ","$8,657.08 ","$8,757.37 "
1/23 - 12/23,2023,Regional,Sutter,California Health and Wellness,Maternity - UIS Federal,"$11,596.02 ","$11,848.72 ","$12,109.71 "
1/23 - 12/23,2023,Regional,Sutter,California Health and Wellness,Maternity - SIS,"$11,596.02 ","$11,848.72 ","$12,109.71 "
1/23 - 12/23,2023,Regional,Sutter,California Health and Wellness,Child - UIS State-Only,$34.56 ,$36.21 ,$37.95 
1/23 - 12/23,2023,Regional,Sutter,California Health and Wellness,Adult - UIS State-Only,$158.49 ,$163.77 ,$169.29 
1/23 - 12/23,2023,Regional,Sutter,California Health and Wellness,ACA Optional Expansion - UIS State-Only,$226.00 ,$233.08 ,$240.48 
1/23 - 12/23,2023,Regional,Sutter,California Health and Wellness,SPD - UIS State-Only,$529.77 ,$545.22 ,$561.31 
1/23 - 12/23,2023,Regional,Sutter,California Health and Wellness,SPD/Full-Dual - UIS State-Only,$239.71 ,$245.59 ,$251.73 
1/23 - 12/23,2023,Regional,Sutter,California Health and Wellness,LTC - UIS State-Only,"$8,972.13 ","$9,081.71 ","$9,194.09 "
1/23 - 12/23,2023,Regional,Sutter,California Health and Wellness,LTC/Full-Dual - UIS State-Only,"$8,419.63 ","$8,513.37 ","$8,609.30 "
1/23 - 12/23,2023,Regional,Tehama,Anthem Blue Cross,Child - UIS Federal,$20.21 ,$21.60 ,$23.08 
1/23 - 12/23,2023,Regional,Tehama,Anthem Blue Cross,Adult - UIS Federal,$169.05 ,$174.89 ,$181.00 
1/23 - 12/23,2023,Regional,Tehama,Anthem Blue Cross,ACA Optional Expansion - UIS Federal,$238.57 ,$246.48 ,$254.75 
1/23 - 12/23,2023,Regional,Tehama,Anthem Blue Cross,SPD - UIS Federal,$676.66 ,$697.70 ,$719.62 
1/23 - 12/23,2023,Regional,Tehama,Anthem Blue Cross,SPD/Full-Dual - UIS Federal,$127.25 ,$131.67 ,$136.31 
1/23 - 12/23,2023,Regional,Tehama,Anthem Blue Cross,LTC - UIS Federal,"$1,654.53 ","$1,693.76 ","$1,734.51 "
1/23 - 12/23,2023,Regional,Tehama,Anthem Blue Cross,LTC/Full-Dual - UIS Federal,$137.77 ,$141.74 ,$145.89 
1/23 - 12/23,2023,Regional,Tehama,Anthem Blue Cross,Child - SIS,$63.73 ,$67.16 ,$70.80 
1/23 - 12/23,2023,Regional,Tehama,Anthem Blue Cross,Adult - SIS,$217.15 ,$224.95 ,$233.13 
1/23 - 12/23,2023,Regional,Tehama,Anthem Blue Cross,ACA Optional Expansion - SIS,$294.50 ,$304.59 ,$315.16 
1/23 - 12/23,2023,Regional,Tehama,Anthem Blue Cross,SPD - SIS,$759.18 ,$783.67 ,$809.19 
1/23 - 12/23,2023,Regional,Tehama,Anthem Blue Cross,SPD/Full-Dual - SIS,$212.24 ,$218.29 ,$224.63 
1/23 - 12/23,2023,Regional,Tehama,Anthem Blue Cross,LTC - SIS,"$10,610.47 ","$10,759.37 ","$10,912.62 "
1/23 - 12/23,2023,Regional,Tehama,Anthem Blue Cross,LTC/Full-Dual - SIS ,"$8,558.24 ","$8,656.20 ","$8,756.54 "
1/23 - 12/23,2023,Regional,Tehama,Anthem Blue Cross,Maternity - UIS Federal,"$11,596.02 ","$11,848.72 ","$12,109.71 "
1/23 - 12/23,2023,Regional,Tehama,Anthem Blue Cross,Maternity - SIS,"$11,596.02 ","$11,848.72 ","$12,109.71 "
1/23 - 12/23,2023,Regional,Tehama,Anthem Blue Cross,Child - UIS State-Only,$38.90 ,$40.69 ,$42.57 
1/23 - 12/23,2023,Regional,Tehama,Anthem Blue Cross,Adult - UIS State-Only,$134.30 ,$138.93 ,$143.78 
1/23 - 12/23,2023,Regional,Tehama,Anthem Blue Cross,ACA Optional Expansion - UIS State-Only,$201.24 ,$207.66 ,$214.37 
1/23 - 12/23,2023,Regional,Tehama,Anthem Blue Cross,SPD - UIS State-Only,$422.76 ,$435.36 ,$448.49 
1/23 - 12/23,2023,Regional,Tehama,Anthem Blue Cross,SPD/Full-Dual - UIS State-Only,$217.89 ,$223.22 ,$228.78 
1/23 - 12/23,2023,Regional,Tehama,Anthem Blue Cross,LTC - UIS State-Only,"$8,974.30 ","$9,084.52 ","$9,197.59 "
1/23 - 12/23,2023,Regional,Tehama,Anthem Blue Cross,LTC/Full-Dual - UIS State-Only,"$8,420.47 ","$8,514.46 ","$8,610.65 "
1/23 - 12/23,2023,Regional,Tehama,California Health and Wellness,Child - UIS Federal,$28.76 ,$30.58 ,$32.52 
1/23 - 12/23,2023,Regional,Tehama,California Health and Wellness,Adult - UIS Federal,$240.11 ,$248.13 ,$256.51 
1/23 - 12/23,2023,Regional,Tehama,California Health and Wellness,ACA Optional Expansion - UIS Federal,$348.87 ,$360.08 ,$371.78 
1/23 - 12/23,2023,Regional,Tehama,California Health and Wellness,SPD - UIS Federal,$995.02 ,"$1,025.22 ","$1,056.67 "
1/23 - 12/23,2023,Regional,Tehama,California Health and Wellness,SPD/Full-Dual - UIS Federal,$159.54 ,$164.99 ,$170.70 
1/23 - 12/23,2023,Regional,Tehama,California Health and Wellness,LTC - UIS Federal,"$1,655.52 ","$1,694.37 ","$1,734.71 "
1/23 - 12/23,2023,Regional,Tehama,California Health and Wellness,LTC/Full-Dual - UIS Federal,$139.55 ,$143.71 ,$148.07 
1/23 - 12/23,2023,Regional,Tehama,California Health and Wellness,Child - SIS,$69.64 ,$73.30 ,$77.18 
1/23 - 12/23,2023,Regional,Tehama,California Health and Wellness,Adult - SIS,$271.10 ,$280.75 ,$290.87 
1/23 - 12/23,2023,Regional,Tehama,California Health and Wellness,ACA Optional Expansion - SIS,$356.87 ,$369.04 ,$381.78 
1/23 - 12/23,2023,Regional,Tehama,California Health and Wellness,SPD - SIS,$945.55 ,$975.72 ,"$1,007.18 "
1/23 - 12/23,2023,Regional,Tehama,California Health and Wellness,SPD/Full-Dual - SIS,$235.55 ,$242.37 ,$249.53 
1/23 - 12/23,2023,Regional,Tehama,California Health and Wellness,LTC - SIS,"$10,609.33 ","$10,757.21 ","$10,909.38 "
1/23 - 12/23,2023,Regional,Tehama,California Health and Wellness,LTC/Full-Dual - SIS ,"$8,559.18 ","$8,657.08 ","$8,757.37 "
1/23 - 12/23,2023,Regional,Tehama,California Health and Wellness,Maternity - UIS Federal,"$11,596.02 ","$11,848.72 ","$12,109.71 "
1/23 - 12/23,2023,Regional,Tehama,California Health and Wellness,Maternity - SIS,"$11,596.02 ","$11,848.72 ","$12,109.71 "
1/23 - 12/23,2023,Regional,Tehama,California Health and Wellness,Child - UIS State-Only,$34.56 ,$36.21 ,$37.95 
1/23 - 12/23,2023,Regional,Tehama,California Health and Wellness,Adult - UIS State-Only,$158.49 ,$163.77 ,$169.29 
1/23 - 12/23,2023,Regional,Tehama,California Health and Wellness,ACA Optional Expansion - UIS State-Only,$226.00 ,$233.08 ,$240.48 
1/23 - 12/23,2023,Regional,Tehama,California Health and Wellness,SPD - UIS State-Only,$529.77 ,$545.22 ,$561.31 
1/23 - 12/23,2023,Regional,Tehama,California Health and Wellness,SPD/Full-Dual - UIS State-Only,$239.71 ,$245.59 ,$251.73 
1/23 - 12/23,2023,Regional,Tehama,California Health and Wellness,LTC - UIS State-Only,"$8,972.13 ","$9,081.71 ","$9,194.09 "
1/23 - 12/23,2023,Regional,Tehama,California Health and Wellness,LTC/Full-Dual - UIS State-Only,"$8,419.63 ","$8,513.37 ","$8,609.30 "
1/23 - 12/23,2023,Regional,Tuolumne,Anthem Blue Cross,Child - UIS Federal,$20.21 ,$21.60 ,$23.08 
1/23 - 12/23,2023,Regional,Tuolumne,Anthem Blue Cross,Adult - UIS Federal,$169.05 ,$174.89 ,$181.00 
1/23 - 12/23,2023,Regional,Tuolumne,Anthem Blue Cross,ACA Optional Expansion - UIS Federal,$238.57 ,$246.48 ,$254.75 
1/23 - 12/23,2023,Regional,Tuolumne,Anthem Blue Cross,SPD - UIS Federal,$676.66 ,$697.70 ,$719.62 
1/23 - 12/23,2023,Regional,Tuolumne,Anthem Blue Cross,SPD/Full-Dual - UIS Federal,$127.25 ,$131.67 ,$136.31 
1/23 - 12/23,2023,Regional,Tuolumne,Anthem Blue Cross,LTC - UIS Federal,"$1,654.53 ","$1,693.76 ","$1,734.51 "
1/23 - 12/23,2023,Regional,Tuolumne,Anthem Blue Cross,LTC/Full-Dual - UIS Federal,$137.77 ,$141.74 ,$145.89 
1/23 - 12/23,2023,Regional,Tuolumne,Anthem Blue Cross,Child - SIS,$63.73 ,$67.16 ,$70.80 
1/23 - 12/23,2023,Regional,Tuolumne,Anthem Blue Cross,Adult - SIS,$217.15 ,$224.95 ,$233.13 
1/23 - 12/23,2023,Regional,Tuolumne,Anthem Blue Cross,ACA Optional Expansion - SIS,$294.50 ,$304.59 ,$315.16 
1/23 - 12/23,2023,Regional,Tuolumne,Anthem Blue Cross,SPD - SIS,$759.18 ,$783.67 ,$809.19 
1/23 - 12/23,2023,Regional,Tuolumne,Anthem Blue Cross,SPD/Full-Dual - SIS,$212.24 ,$218.29 ,$224.63 
1/23 - 12/23,2023,Regional,Tuolumne,Anthem Blue Cross,LTC - SIS,"$10,610.47 ","$10,759.37 ","$10,912.62 "
1/23 - 12/23,2023,Regional,Tuolumne,Anthem Blue Cross,LTC/Full-Dual - SIS ,"$8,558.24 ","$8,656.20 ","$8,756.54 "
1/23 - 12/23,2023,Regional,Tuolumne,Anthem Blue Cross,Maternity - UIS Federal,"$11,596.02 ","$11,848.72 ","$12,109.71 "
1/23 - 12/23,2023,Regional,Tuolumne,Anthem Blue Cross,Maternity - SIS,"$11,596.02 ","$11,848.72 ","$12,109.71 "
1/23 - 12/23,2023,Regional,Tuolumne,Anthem Blue Cross,Child - UIS State-Only,$38.90 ,$40.69 ,$42.57 
1/23 - 12/23,2023,Regional,Tuolumne,Anthem Blue Cross,Adult - UIS State-Only,$134.30 ,$138.93 ,$143.78 
1/23 - 12/23,2023,Regional,Tuolumne,Anthem Blue Cross,ACA Optional Expansion - UIS State-Only,$201.24 ,$207.66 ,$214.37 
1/23 - 12/23,2023,Regional,Tuolumne,Anthem Blue Cross,SPD - UIS State-Only,$422.76 ,$435.36 ,$448.49 
1/23 - 12/23,2023,Regional,Tuolumne,Anthem Blue Cross,SPD/Full-Dual - UIS State-Only,$217.89 ,$223.22 ,$228.78 
1/23 - 12/23,2023,Regional,Tuolumne,Anthem Blue Cross,LTC - UIS State-Only,"$8,974.30 ","$9,084.52 ","$9,197.59 "
1/23 - 12/23,2023,Regional,Tuolumne,Anthem Blue Cross,LTC/Full-Dual - UIS State-Only,"$8,420.47 ","$8,514.46 ","$8,610.65 "
1/23 - 12/23,2023,Regional,Tuolumne,California Health and Wellness,Child - UIS Federal,$28.76 ,$30.58 ,$32.52 
1/23 - 12/23,2023,Regional,Tuolumne,California Health and Wellness,Adult - UIS Federal,$240.11 ,$248.13 ,$256.51 
1/23 - 12/23,2023,Regional,Tuolumne,California Health and Wellness,ACA Optional Expansion - UIS Federal,$348.87 ,$360.08 ,$371.78 
1/23 - 12/23,2023,Regional,Tuolumne,California Health and Wellness,SPD - UIS Federal,$995.02 ,"$1,025.22 ","$1,056.67 "
1/23 - 12/23,2023,Regional,Tuolumne,California Health and Wellness,SPD/Full-Dual - UIS Federal,$159.54 ,$164.99 ,$170.70 
1/23 - 12/23,2023,Regional,Tuolumne,California Health and Wellness,LTC - UIS Federal,"$1,655.52 ","$1,694.37 ","$1,734.71 "
1/23 - 12/23,2023,Regional,Tuolumne,California Health and Wellness,LTC/Full-Dual - UIS Federal,$139.55 ,$143.71 ,$148.07 
1/23 - 12/23,2023,Regional,Tuolumne,California Health and Wellness,Child - SIS,$69.64 ,$73.30 ,$77.18 
1/23 - 12/23,2023,Regional,Tuolumne,California Health and Wellness,Adult - SIS,$271.10 ,$280.75 ,$290.87 
1/23 - 12/23,2023,Regional,Tuolumne,California Health and Wellness,ACA Optional Expansion - SIS,$356.87 ,$369.04 ,$381.78 
1/23 - 12/23,2023,Regional,Tuolumne,California Health and Wellness,SPD - SIS,$945.55 ,$975.72 ,"$1,007.18 "
1/23 - 12/23,2023,Regional,Tuolumne,California Health and Wellness,SPD/Full-Dual - SIS,$235.55 ,$242.37 ,$249.53 
1/23 - 12/23,2023,Regional,Tuolumne,California Health and Wellness,LTC - SIS,"$10,609.33 ","$10,757.21 ","$10,909.38 "
1/23 - 12/23,2023,Regional,Tuolumne,California Health and Wellness,LTC/Full-Dual - SIS ,"$8,559.18 ","$8,657.08 ","$8,757.37 "
1/23 - 12/23,2023,Regional,Tuolumne,California Health and Wellness,Maternity - UIS Federal,"$11,596.02 ","$11,848.72 ","$12,109.71 "
1/23 - 12/23,2023,Regional,Tuolumne,California Health and Wellness,Maternity - SIS,"$11,596.02 ","$11,848.72 ","$12,109.71 "
1/23 - 12/23,2023,Regional,Tuolumne,California Health and Wellness,Child - UIS State-Only,$34.56 ,$36.21 ,$37.95 
1/23 - 12/23,2023,Regional,Tuolumne,California Health and Wellness,Adult - UIS State-Only,$158.49 ,$163.77 ,$169.29 
1/23 - 12/23,2023,Regional,Tuolumne,California Health and Wellness,ACA Optional Expansion - UIS State-Only,$226.00 ,$233.08 ,$240.48 
1/23 - 12/23,2023,Regional,Tuolumne,California Health and Wellness,SPD - UIS State-Only,$529.77 ,$545.22 ,$561.31 
1/23 - 12/23,2023,Regional,Tuolumne,California Health and Wellness,SPD/Full-Dual - UIS State-Only,$239.71 ,$245.59 ,$251.73 
1/23 - 12/23,2023,Regional,Tuolumne,California Health and Wellness,LTC - UIS State-Only,"$8,972.13 ","$9,081.71 ","$9,194.09 "
1/23 - 12/23,2023,Regional,Tuolumne,California Health and Wellness,LTC/Full-Dual - UIS State-Only,"$8,419.63 ","$8,513.37 ","$8,609.30 "
1/23 - 12/23,2023,Regional,Yuba,Anthem Blue Cross,Child - UIS Federal,$20.21 ,$21.60 ,$23.08 
1/23 - 12/23,2023,Regional,Yuba,Anthem Blue Cross,Adult - UIS Federal,$169.05 ,$174.89 ,$181.00 
1/23 - 12/23,2023,Regional,Yuba,Anthem Blue Cross,ACA Optional Expansion - UIS Federal,$238.57 ,$246.48 ,$254.75 
1/23 - 12/23,2023,Regional,Yuba,Anthem Blue Cross,SPD - UIS Federal,$676.66 ,$697.70 ,$719.62 
1/23 - 12/23,2023,Regional,Yuba,Anthem Blue Cross,SPD/Full-Dual - UIS Federal,$127.25 ,$131.67 ,$136.31 
1/23 - 12/23,2023,Regional,Yuba,Anthem Blue Cross,LTC - UIS Federal,"$1,654.53 ","$1,693.76 ","$1,734.51 "
1/23 - 12/23,2023,Regional,Yuba,Anthem Blue Cross,LTC/Full-Dual - UIS Federal,$137.77 ,$141.74 ,$145.89 
1/23 - 12/23,2023,Regional,Yuba,Anthem Blue Cross,Child - SIS,$63.73 ,$67.16 ,$70.80 
1/23 - 12/23,2023,Regional,Yuba,Anthem Blue Cross,Adult - SIS,$217.15 ,$224.95 ,$233.13 
1/23 - 12/23,2023,Regional,Yuba,Anthem Blue Cross,ACA Optional Expansion - SIS,$294.50 ,$304.59 ,$315.16 
1/23 - 12/23,2023,Regional,Yuba,Anthem Blue Cross,SPD - SIS,$759.18 ,$783.67 ,$809.19 
1/23 - 12/23,2023,Regional,Yuba,Anthem Blue Cross,SPD/Full-Dual - SIS,$212.24 ,$218.29 ,$224.63 
1/23 - 12/23,2023,Regional,Yuba,Anthem Blue Cross,LTC - SIS,"$10,610.47 ","$10,759.37 ","$10,912.62 "
1/23 - 12/23,2023,Regional,Yuba,Anthem Blue Cross,LTC/Full-Dual - SIS ,"$8,558.24 ","$8,656.20 ","$8,756.54 "
1/23 - 12/23,2023,Regional,Yuba,Anthem Blue Cross,Maternity - UIS Federal,"$11,596.02 ","$11,848.72 ","$12,109.71 "
1/23 - 12/23,2023,Regional,Yuba,Anthem Blue Cross,Maternity - SIS,"$11,596.02 ","$11,848.72 ","$12,109.71 "
1/23 - 12/23,2023,Regional,Yuba,Anthem Blue Cross,Child - UIS State-Only,$38.90 ,$40.69 ,$42.57 
1/23 - 12/23,2023,Regional,Yuba,Anthem Blue Cross,Adult - UIS State-Only,$134.30 ,$138.93 ,$143.78 
1/23 - 12/23,2023,Regional,Yuba,Anthem Blue Cross,ACA Optional Expansion - UIS State-Only,$201.24 ,$207.66 ,$214.37 
1/23 - 12/23,2023,Regional,Yuba,Anthem Blue Cross,SPD - UIS State-Only,$422.76 ,$435.36 ,$448.49 
1/23 - 12/23,2023,Regional,Yuba,Anthem Blue Cross,SPD/Full-Dual - UIS State-Only,$217.89 ,$223.22 ,$228.78 
1/23 - 12/23,2023,Regional,Yuba,Anthem Blue Cross,LTC - UIS State-Only,"$8,974.30 ","$9,084.52 ","$9,197.59 "
1/23 - 12/23,2023,Regional,Yuba,Anthem Blue Cross,LTC/Full-Dual - UIS State-Only,"$8,420.47 ","$8,514.46 ","$8,610.65 "
1/23 - 12/23,2023,Regional,Yuba,California Health and Wellness,Child - UIS Federal,$28.76 ,$30.58 ,$32.52 
1/23 - 12/23,2023,Regional,Yuba,California Health and Wellness,Adult - UIS Federal,$240.11 ,$248.13 ,$256.51 
1/23 - 12/23,2023,Regional,Yuba,California Health and Wellness,ACA Optional Expansion - UIS Federal,$348.87 ,$360.08 ,$371.78 
1/23 - 12/23,2023,Regional,Yuba,California Health and Wellness,SPD - UIS Federal,$995.02 ,"$1,025.22 ","$1,056.67 "
1/23 - 12/23,2023,Regional,Yuba,California Health and Wellness,SPD/Full-Dual - UIS Federal,$159.54 ,$164.99 ,$170.70 
1/23 - 12/23,2023,Regional,Yuba,California Health and Wellness,LTC - UIS Federal,"$1,655.52 ","$1,694.37 ","$1,734.71 "
1/23 - 12/23,2023,Regional,Yuba,California Health and Wellness,LTC/Full-Dual - UIS Federal,$139.55 ,$143.71 ,$148.07 
1/23 - 12/23,2023,Regional,Yuba,California Health and Wellness,Child - SIS,$69.64 ,$73.30 ,$77.18 
1/23 - 12/23,2023,Regional,Yuba,California Health and Wellness,Adult - SIS,$271.10 ,$280.75 ,$290.87 
1/23 - 12/23,2023,Regional,Yuba,California Health and Wellness,ACA Optional Expansion - SIS,$356.87 ,$369.04 ,$381.78 
1/23 - 12/23,2023,Regional,Yuba,California Health and Wellness,SPD - SIS,$945.55 ,$975.72 ,"$1,007.18 "
1/23 - 12/23,2023,Regional,Yuba,California Health and Wellness,SPD/Full-Dual - SIS,$235.55 ,$242.37 ,$249.53 
1/23 - 12/23,2023,Regional,Yuba,California Health and Wellness,LTC - SIS,"$10,609.33 ","$10,757.21 ","$10,909.38 "
1/23 - 12/23,2023,Regional,Yuba,California Health and Wellness,LTC/Full-Dual - SIS ,"$8,559.18 ","$8,657.08 ","$8,757.37 "
1/23 - 12/23,2023,Regional,Yuba,California Health and Wellness,Maternity - UIS Federal,"$11,596.02 ","$11,848.72 ","$12,109.71 "
1/23 - 12/23,2023,Regional,Yuba,California Health and Wellness,Maternity - SIS,"$11,596.02 ","$11,848.72 ","$12,109.71 "
1/23 - 12/23,2023,Regional,Yuba,California Health and Wellness,Child - UIS State-Only,$34.56 ,$36.21 ,$37.95 
1/23 - 12/23,2023,Regional,Yuba,California Health and Wellness,Adult - UIS State-Only,$158.49 ,$163.77 ,$169.29 
1/23 - 12/23,2023,Regional,Yuba,California Health and Wellness,ACA Optional Expansion - UIS State-Only,$226.00 ,$233.08 ,$240.48 
1/23 - 12/23,2023,Regional,Yuba,California Health and Wellness,SPD - UIS State-Only,$529.77 ,$545.22 ,$561.31 
1/23 - 12/23,2023,Regional,Yuba,California Health and Wellness,SPD/Full-Dual - UIS State-Only,$239.71 ,$245.59 ,$251.73 
1/23 - 12/23,2023,Regional,Yuba,California Health and Wellness,LTC - UIS State-Only,"$8,972.13 ","$9,081.71 ","$9,194.09 "
1/23 - 12/23,2023,Regional,Yuba,California Health and Wellness,LTC/Full-Dual - UIS State-Only,"$8,419.63 ","$8,513.37 ","$8,609.30 "
1/24-12/24,2024,Regional,Amador,Anthem Blue Cross,Child - SIS,$90.07 ,-,$99.32 
1/24-12/24,2024,Regional,Amador,Anthem Blue Cross,Adult - SIS,$300.13 ,-,$322.36 
1/24-12/24,2024,Regional,Amador,Anthem Blue Cross,ACA Optional Expansion - SIS,$356.13 ,-,$381.70 
1/24-12/24,2024,Regional,Amador,Anthem Blue Cross,SPD - SIS,"$1,097.28 ",-,"$1,164.96 "
1/24-12/24,2024,Regional,Amador,Anthem Blue Cross,SPD/Full-Dual - SIS,$249.76 ,-,$265.22 
1/24-12/24,2024,Regional,Amador,Anthem Blue Cross,LTC - SIS,"$9,674.67 ",-,"$10,041.40 "
1/24-12/24,2024,Regional,Amador,Anthem Blue Cross,LTC/Full-Dual - SIS,"$8,994.40 ",-,"$9,312.16 "
1/24-12/24,2024,Regional,Amador,Anthem Blue Cross,Maternity - SIS,"$12,552.78 ",-,"$13,107.41 "
1/24-12/24,2024,Regional,Amador,Anthem Blue Cross,Child - UIS Federally Eligible,$27.21 ,-,$30.83 
1/24-12/24,2024,Regional,Amador,Anthem Blue Cross,Adult - UIS Federally Eligible,$207.89 ,-,$222.68 
1/24-12/24,2024,Regional,Amador,Anthem Blue Cross,ACA Optional Expansion - UIS Federally Eligible,$239.85 ,-,$256.62 
1/24-12/24,2024,Regional,Amador,Anthem Blue Cross,SPD - UIS Federally Eligible,$489.19 ,-,$521.35 
1/24-12/24,2024,Regional,Amador,Anthem Blue Cross,SPD/Full-Dual - UIS Federally Eligible,$80.27 ,-,$86.85 
1/24-12/24,2024,Regional,Amador,Anthem Blue Cross,LTC - UIS Federally Eligible,$563.92 ,-,$600.69 
1/24-12/24,2024,Regional,Amador,Anthem Blue Cross,LTC/Full-Dual - UIS Federally Eligible,$22.36 ,-,$25.58 
1/24-12/24,2024,Regional,Amador,Anthem Blue Cross,Maternity - UIS Federally Eligible,"$12,552.78 ",-,"$13,107.41 "
1/24-12/24,2024,Regional,Amador,Anthem Blue Cross,Child - UIS State-Only,$48.16 ,-,$52.85 
1/24-12/24,2024,Regional,Amador,Anthem Blue Cross,Adult - UIS State-Only,$155.59 ,-,$166.89 
1/24-12/24,2024,Regional,Amador,Anthem Blue Cross,ACA Optional Expansion - UIS State-Only,$185.04 ,-,$198.08 
1/24-12/24,2024,Regional,Amador,Anthem Blue Cross,SPD - UIS State-Only,$342.45 ,-,$364.98 
1/24-12/24,2024,Regional,Amador,Anthem Blue Cross,SPD/Full-Dual - UIS State-Only,$95.31 ,-,$102.72 
1/24-12/24,2024,Regional,Amador,Anthem Blue Cross,LTC - UIS State-Only,"$9,061.82 ",-,"$9,388.76 "
1/24-12/24,2024,Regional,Amador,Anthem Blue Cross,LTC/Full-Dual - UIS State-Only,"$8,917.80 ",-,"$9,230.16 "
1/24-12/24,2024,Regional,Calaveras,Anthem Blue Cross,Child - SIS,$90.07 ,-,$99.32 
1/24-12/24,2024,Regional,Calaveras,Anthem Blue Cross,Adult - SIS,$300.13 ,-,$322.36 
1/24-12/24,2024,Regional,Calaveras,Anthem Blue Cross,ACA Optional Expansion - SIS,$356.13 ,-,$381.70 
1/24-12/24,2024,Regional,Calaveras,Anthem Blue Cross,SPD - SIS,"$1,097.28 ",-,"$1,164.96 "
1/24-12/24,2024,Regional,Calaveras,Anthem Blue Cross,SPD/Full-Dual - SIS,$249.76 ,-,$265.22 
1/24-12/24,2024,Regional,Calaveras,Anthem Blue Cross,LTC - SIS,"$9,674.67 ",-,"$10,041.40 "
1/24-12/24,2024,Regional,Calaveras,Anthem Blue Cross,LTC/Full-Dual - SIS,"$8,994.40 ",-,"$9,312.16 "
1/24-12/24,2024,Regional,Calaveras,Anthem Blue Cross,Maternity - SIS,"$12,552.78 ",-,"$13,107.41 "
1/24-12/24,2024,Regional,Calaveras,Anthem Blue Cross,Child - UIS Federally Eligible,$27.21 ,-,$30.83 
1/24-12/24,2024,Regional,Calaveras,Anthem Blue Cross,Adult - UIS Federally Eligible,$207.89 ,-,$222.68 
1/24-12/24,2024,Regional,Calaveras,Anthem Blue Cross,ACA Optional Expansion - UIS Federally Eligible,$239.85 ,-,$256.62 
1/24-12/24,2024,Regional,Calaveras,Anthem Blue Cross,SPD - UIS Federally Eligible,$489.19 ,-,$521.35 
1/24-12/24,2024,Regional,Calaveras,Anthem Blue Cross,SPD/Full-Dual - UIS Federally Eligible,$80.27 ,-,$86.85 
1/24-12/24,2024,Regional,Calaveras,Anthem Blue Cross,LTC - UIS Federally Eligible,$563.92 ,-,$600.69 
1/24-12/24,2024,Regional,Calaveras,Anthem Blue Cross,LTC/Full-Dual - UIS Federally Eligible,$22.36 ,-,$25.58 
1/24-12/24,2024,Regional,Calaveras,Anthem Blue Cross,Maternity - UIS Federally Eligible,"$12,552.78 ",-,"$13,107.41 "
1/24-12/24,2024,Regional,Calaveras,Anthem Blue Cross,Child - UIS State-Only,$48.16 ,-,$52.85 
1/24-12/24,2024,Regional,Calaveras,Anthem Blue Cross,Adult - UIS State-Only,$155.59 ,-,$166.89 
1/24-12/24,2024,Regional,Calaveras,Anthem Blue Cross,ACA Optional Expansion - UIS State-Only,$185.04 ,-,$198.08 
1/24-12/24,2024,Regional,Calaveras,Anthem Blue Cross,SPD - UIS State-Only,$342.45 ,-,$364.98 
1/24-12/24,2024,Regional,Calaveras,Anthem Blue Cross,SPD/Full-Dual - UIS State-Only,$95.31 ,-,$102.72 
1/24-12/24,2024,Regional,Calaveras,Anthem Blue Cross,LTC - UIS State-Only,"$9,061.82 ",-,"$9,388.76 "
1/24-12/24,2024,Regional,Calaveras,Anthem Blue Cross,LTC/Full-Dual - UIS State-Only,"$8,917.80 ",-,"$9,230.16 "
1/24-12/24,2024,Regional,Inyo,Anthem Blue Cross,Child - SIS,$90.07 ,-,$99.32 
1/24-12/24,2024,Regional,Inyo,Anthem Blue Cross,Adult - SIS,$300.13 ,-,$322.36 
1/24-12/24,2024,Regional,Inyo,Anthem Blue Cross,ACA Optional Expansion - SIS,$356.13 ,-,$381.70 
1/24-12/24,2024,Regional,Inyo,Anthem Blue Cross,SPD - SIS,"$1,097.28 ",-,"$1,164.96 "
1/24-12/24,2024,Regional,Inyo,Anthem Blue Cross,SPD/Full-Dual - SIS,$249.76 ,-,$265.22 
1/24-12/24,2024,Regional,Inyo,Anthem Blue Cross,LTC - SIS,"$9,674.67 ",-,"$10,041.40 "
1/24-12/24,2024,Regional,Inyo,Anthem Blue Cross,LTC/Full-Dual - SIS,"$8,994.40 ",-,"$9,312.16 "
1/24-12/24,2024,Regional,Inyo,Anthem Blue Cross,Maternity - SIS,"$12,552.78 ",-,"$13,107.41 "
1/24-12/24,2024,Regional,Inyo,Anthem Blue Cross,Child - UIS Federally Eligible,$27.21 ,-,$30.83 
1/24-12/24,2024,Regional,Inyo,Anthem Blue Cross,Adult - UIS Federally Eligible,$207.89 ,-,$222.68 
1/24-12/24,2024,Regional,Inyo,Anthem Blue Cross,ACA Optional Expansion - UIS Federally Eligible,$239.85 ,-,$256.62 
1/24-12/24,2024,Regional,Inyo,Anthem Blue Cross,SPD - UIS Federally Eligible,$489.19 ,-,$521.35 
1/24-12/24,2024,Regional,Inyo,Anthem Blue Cross,SPD/Full-Dual - UIS Federally Eligible,$80.27 ,-,$86.85 
1/24-12/24,2024,Regional,Inyo,Anthem Blue Cross,LTC - UIS Federally Eligible,$563.92 ,-,$600.69 
1/24-12/24,2024,Regional,Inyo,Anthem Blue Cross,LTC/Full-Dual - UIS Federally Eligible,$22.36 ,-,$25.58 
1/24-12/24,2024,Regional,Inyo,Anthem Blue Cross,Maternity - UIS Federally Eligible,"$12,552.78 ",-,"$13,107.41 "
1/24-12/24,2024,Regional,Inyo,Anthem Blue Cross,Child - UIS State-Only,$48.16 ,-,$52.85 
1/24-12/24,2024,Regional,Inyo,Anthem Blue Cross,Adult - UIS State-Only,$155.59 ,-,$166.89 
1/24-12/24,2024,Regional,Inyo,Anthem Blue Cross,ACA Optional Expansion - UIS State-Only,$185.04 ,-,$198.08 
1/24-12/24,2024,Regional,Inyo,Anthem Blue Cross,SPD - UIS State-Only,$342.45 ,-,$364.98 
1/24-12/24,2024,Regional,Inyo,Anthem Blue Cross,SPD/Full-Dual - UIS State-Only,$95.31 ,-,$102.72 
1/24-12/24,2024,Regional,Inyo,Anthem Blue Cross,LTC - UIS State-Only,"$9,061.82 ",-,"$9,388.76 "
1/24-12/24,2024,Regional,Inyo,Anthem Blue Cross,LTC/Full-Dual - UIS State-Only,"$8,917.80 ",-,"$9,230.16 "
1/24-12/24,2024,Regional,Mono,Anthem Blue Cross,Child - SIS,$90.07 ,-,$99.32 
1/24-12/24,2024,Regional,Mono,Anthem Blue Cross,Adult - SIS,$300.13 ,-,$322.36 
1/24-12/24,2024,Regional,Mono,Anthem Blue Cross,ACA Optional Expansion - SIS,$356.13 ,-,$381.70 
1/24-12/24,2024,Regional,Mono,Anthem Blue Cross,SPD - SIS,"$1,097.28 ",-,"$1,164.96 "
1/24-12/24,2024,Regional,Mono,Anthem Blue Cross,SPD/Full-Dual - SIS,$249.76 ,-,$265.22 
1/24-12/24,2024,Regional,Mono,Anthem Blue Cross,LTC - SIS,"$9,674.67 ",-,"$10,041.40 "
1/24-12/24,2024,Regional,Mono,Anthem Blue Cross,LTC/Full-Dual - SIS,"$8,994.40 ",-,"$9,312.16 "
1/24-12/24,2024,Regional,Mono,Anthem Blue Cross,Maternity - SIS,"$12,552.78 ",-,"$13,107.41 "
1/24-12/24,2024,Regional,Mono,Anthem Blue Cross,Child - UIS Federally Eligible,$27.21 ,-,$30.83 
1/24-12/24,2024,Regional,Mono,Anthem Blue Cross,Adult - UIS Federally Eligible,$207.89 ,-,$222.68 
1/24-12/24,2024,Regional,Mono,Anthem Blue Cross,ACA Optional Expansion - UIS Federally Eligible,$239.85 ,-,$256.62 
1/24-12/24,2024,Regional,Mono,Anthem Blue Cross,SPD - UIS Federally Eligible,$489.19 ,-,$521.35 
1/24-12/24,2024,Regional,Mono,Anthem Blue Cross,SPD/Full-Dual - UIS Federally Eligible,$80.27 ,-,$86.85 
1/24-12/24,2024,Regional,Mono,Anthem Blue Cross,LTC - UIS Federally Eligible,$563.92 ,-,$600.69 
1/24-12/24,2024,Regional,Mono,Anthem Blue Cross,LTC/Full-Dual - UIS Federally Eligible,$22.36 ,-,$25.58 
1/24-12/24,2024,Regional,Mono,Anthem Blue Cross,Maternity - UIS Federally Eligible,"$12,552.78 ",-,"$13,107.41 "
1/24-12/24,2024,Regional,Mono,Anthem Blue Cross,Child - UIS State-Only,$48.16 ,-,$52.85 
1/24-12/24,2024,Regional,Mono,Anthem Blue Cross,Adult - UIS State-Only,$155.59 ,-,$166.89 
1/24-12/24,2024,Regional,Mono,Anthem Blue Cross,ACA Optional Expansion - UIS State-Only,$185.04 ,-,$198.08 
1/24-12/24,2024,Regional,Mono,Anthem Blue Cross,SPD - UIS State-Only,$342.45 ,-,$364.98 
1/24-12/24,2024,Regional,Mono,Anthem Blue Cross,SPD/Full-Dual - UIS State-Only,$95.31 ,-,$102.72 
1/24-12/24,2024,Regional,Mono,Anthem Blue Cross,LTC - UIS State-Only,"$9,061.82 ",-,"$9,388.76 "
1/24-12/24,2024,Regional,Mono,Anthem Blue Cross,LTC/Full-Dual - UIS State-Only,"$8,917.80 ",-,"$9,230.16 "
1/24-12/24,2024,Regional,Tuolumne,Anthem Blue Cross,Child - SIS,$90.07 ,-,$99.32 
1/24-12/24,2024,Regional,Tuolumne,Anthem Blue Cross,Adult - SIS,$300.13 ,-,$322.36 
1/24-12/24,2024,Regional,Tuolumne,Anthem Blue Cross,ACA Optional Expansion - SIS,$356.13 ,-,$381.70 
1/24-12/24,2024,Regional,Tuolumne,Anthem Blue Cross,SPD - SIS,"$1,097.28 ",-,"$1,164.96 "
1/24-12/24,2024,Regional,Tuolumne,Anthem Blue Cross,SPD/Full-Dual - SIS,$249.76 ,-,$265.22 
1/24-12/24,2024,Regional,Tuolumne,Anthem Blue Cross,LTC - SIS,"$9,674.67 ",-,"$10,041.40 "
1/24-12/24,2024,Regional,Tuolumne,Anthem Blue Cross,LTC/Full-Dual - SIS,"$8,994.40 ",-,"$9,312.16 "
1/24-12/24,2024,Regional,Tuolumne,Anthem Blue Cross,Maternity - SIS,"$12,552.78 ",-,"$13,107.41 "
1/24-12/24,2024,Regional,Tuolumne,Anthem Blue Cross,Child - UIS Federally Eligible,$27.21 ,-,$30.83 
1/24-12/24,2024,Regional,Tuolumne,Anthem Blue Cross,Adult - UIS Federally Eligible,$207.89 ,-,$222.68 
1/24-12/24,2024,Regional,Tuolumne,Anthem Blue Cross,ACA Optional Expansion - UIS Federally Eligible,$239.85 ,-,$256.62 
1/24-12/24,2024,Regional,Tuolumne,Anthem Blue Cross,SPD - UIS Federally Eligible,$489.19 ,-,$521.35 
1/24-12/24,2024,Regional,Tuolumne,Anthem Blue Cross,SPD/Full-Dual - UIS Federally Eligible,$80.27 ,-,$86.85 
1/24-12/24,2024,Regional,Tuolumne,Anthem Blue Cross,LTC - UIS Federally Eligible,$563.92 ,-,$600.69 
1/24-12/24,2024,Regional,Tuolumne,Anthem Blue Cross,LTC/Full-Dual - UIS Federally Eligible,$22.36 ,-,$25.58 
1/24-12/24,2024,Regional,Tuolumne,Anthem Blue Cross,Maternity - UIS Federally Eligible,"$12,552.78 ",-,"$13,107.41 "
1/24-12/24,2024,Regional,Tuolumne,Anthem Blue Cross,Child - UIS State-Only,$48.16 ,-,$52.85 
1/24-12/24,2024,Regional,Tuolumne,Anthem Blue Cross,Adult - UIS State-Only,$155.59 ,-,$166.89 
1/24-12/24,2024,Regional,Tuolumne,Anthem Blue Cross,ACA Optional Expansion - UIS State-Only,$185.04 ,-,$198.08 
1/24-12/24,2024,Regional,Tuolumne,Anthem Blue Cross,SPD - UIS State-Only,$342.45 ,-,$364.98 
1/24-12/24,2024,Regional,Tuolumne,Anthem Blue Cross,SPD/Full-Dual - UIS State-Only,$95.31 ,-,$102.72 
1/24-12/24,2024,Regional,Tuolumne,Anthem Blue Cross,LTC - UIS State-Only,"$9,061.82 ",-,"$9,388.76 "
1/24-12/24,2024,Regional,Tuolumne,Anthem Blue Cross,LTC/Full-Dual - UIS State-Only,"$8,917.80 ",-,"$9,230.16 "
1/24-12/24,2024,Regional,Amador,Health Net of California,Child - SIS,$86.06 ,-,$94.89 
1/24-12/24,2024,Regional,Amador,Health Net of California,Adult - SIS,$288.95 ,-,$310.35 
1/24-12/24,2024,Regional,Amador,Health Net of California,ACA Optional Expansion - SIS,$352.83 ,-,$378.16 
1/24-12/24,2024,Regional,Amador,Health Net of California,SPD - SIS,"$1,076.15 ",-,"$1,142.46 "
1/24-12/24,2024,Regional,Amador,Health Net of California,SPD/Full-Dual - SIS,$242.70 ,-,$257.92 
1/24-12/24,2024,Regional,Amador,Health Net of California,LTC - SIS,"$9,674.67 ",-,"$10,041.40 "
1/24-12/24,2024,Regional,Amador,Health Net of California,LTC/Full-Dual - SIS,"$8,994.40 ",-,"$9,312.16 "
1/24-12/24,2024,Regional,Amador,Health Net of California,Maternity - SIS,"$12,552.78 ",-,"$13,107.41 "
1/24-12/24,2024,Regional,Amador,Health Net of California,Child - UIS Federally Eligible,$27.21 ,-,$30.83 
1/24-12/24,2024,Regional,Amador,Health Net of California,Adult - UIS Federally Eligible,$207.89 ,-,$222.68 
1/24-12/24,2024,Regional,Amador,Health Net of California,ACA Optional Expansion - UIS Federally Eligible,$239.85 ,-,$256.62 
1/24-12/24,2024,Regional,Amador,Health Net of California,SPD - UIS Federally Eligible,$489.19 ,-,$521.35 
1/24-12/24,2024,Regional,Amador,Health Net of California,SPD/Full-Dual - UIS Federally Eligible,$80.27 ,-,$86.85 
1/24-12/24,2024,Regional,Amador,Health Net of California,LTC - UIS Federally Eligible,$563.92 ,-,$600.69 
1/24-12/24,2024,Regional,Amador,Health Net of California,LTC/Full-Dual - UIS Federally Eligible,$22.36 ,-,$25.58 
1/24-12/24,2024,Regional,Amador,Health Net of California,Maternity - UIS Federally Eligible,"$12,552.78 ",-,"$13,107.41 "
1/24-12/24,2024,Regional,Amador,Health Net of California,Child - UIS State-Only,$48.16 ,-,$52.85 
1/24-12/24,2024,Regional,Amador,Health Net of California,Adult - UIS State-Only,$155.59 ,-,$166.89 
1/24-12/24,2024,Regional,Amador,Health Net of California,ACA Optional Expansion - UIS State-Only,$185.04 ,-,$198.08 
1/24-12/24,2024,Regional,Amador,Health Net of California,SPD - UIS State-Only,$342.45 ,-,$364.98 
1/24-12/24,2024,Regional,Amador,Health Net of California,SPD/Full-Dual - UIS State-Only,$95.31 ,-,$102.72 
1/24-12/24,2024,Regional,Amador,Health Net of California,LTC - UIS State-Only,"$9,061.82 ",-,"$9,388.76 "
1/24-12/24,2024,Regional,Amador,Health Net of California,LTC/Full-Dual - UIS State-Only,"$8,917.80 ",-,"$9,230.16 "
1/24-12/24,2024,Regional,Calaveras,Health Net of California,Child - SIS,$86.06 ,-,$94.89 
1/24-12/24,2024,Regional,Calaveras,Health Net of California,Adult - SIS,$288.95 ,-,$310.35 
1/24-12/24,2024,Regional,Calaveras,Health Net of California,ACA Optional Expansion - SIS,$352.83 ,-,$378.16 
1/24-12/24,2024,Regional,Calaveras,Health Net of California,SPD - SIS,"$1,076.15 ",-,"$1,142.46 "
1/24-12/24,2024,Regional,Calaveras,Health Net of California,SPD/Full-Dual - SIS,$242.70 ,-,$257.92 
1/24-12/24,2024,Regional,Calaveras,Health Net of California,LTC - SIS,"$9,674.67 ",-,"$10,041.40 "
1/24-12/24,2024,Regional,Calaveras,Health Net of California,LTC/Full-Dual - SIS,"$8,994.40 ",-,"$9,312.16 "
1/24-12/24,2024,Regional,Calaveras,Health Net of California,Maternity - SIS,"$12,552.78 ",-,"$13,107.41 "
1/24-12/24,2024,Regional,Calaveras,Health Net of California,Child - UIS Federally Eligible,$27.21 ,-,$30.83 
1/24-12/24,2024,Regional,Calaveras,Health Net of California,Adult - UIS Federally Eligible,$207.89 ,-,$222.68 
1/24-12/24,2024,Regional,Calaveras,Health Net of California,ACA Optional Expansion - UIS Federally Eligible,$239.85 ,-,$256.62 
1/24-12/24,2024,Regional,Calaveras,Health Net of California,SPD - UIS Federally Eligible,$489.19 ,-,$521.35 
1/24-12/24,2024,Regional,Calaveras,Health Net of California,SPD/Full-Dual - UIS Federally Eligible,$80.27 ,-,$86.85 
1/24-12/24,2024,Regional,Calaveras,Health Net of California,LTC - UIS Federally Eligible,$563.92 ,-,$600.69 
1/24-12/24,2024,Regional,Calaveras,Health Net of California,LTC/Full-Dual - UIS Federally Eligible,$22.36 ,-,$25.58 
1/24-12/24,2024,Regional,Calaveras,Health Net of California,Maternity - UIS Federally Eligible,"$12,552.78 ",-,"$13,107.41 "
1/24-12/24,2024,Regional,Calaveras,Health Net of California,Child - UIS State-Only,$48.16 ,-,$52.85 
1/24-12/24,2024,Regional,Calaveras,Health Net of California,Adult - UIS State-Only,$155.59 ,-,$166.89 
1/24-12/24,2024,Regional,Calaveras,Health Net of California,ACA Optional Expansion - UIS State-Only,$185.04 ,-,$198.08 
1/24-12/24,2024,Regional,Calaveras,Health Net of California,SPD - UIS State-Only,$342.45 ,-,$364.98 
1/24-12/24,2024,Regional,Calaveras,Health Net of California,SPD/Full-Dual - UIS State-Only,$95.31 ,-,$102.72 
1/24-12/24,2024,Regional,Calaveras,Health Net of California,LTC - UIS State-Only,"$9,061.82 ",-,"$9,388.76 "
1/24-12/24,2024,Regional,Calaveras,Health Net of California,LTC/Full-Dual - UIS State-Only,"$8,917.80 ",-,"$9,230.16 "
1/24-12/24,2024,Regional,Inyo,Health Net of California,Child - SIS,$86.06 ,-,$94.89 
1/24-12/24,2024,Regional,Inyo,Health Net of California,Adult - SIS,$288.95 ,-,$310.35 
1/24-12/24,2024,Regional,Inyo,Health Net of California,ACA Optional Expansion - SIS,$352.83 ,-,$378.16 
1/24-12/24,2024,Regional,Inyo,Health Net of California,SPD - SIS,"$1,076.15 ",-,"$1,142.46 "
1/24-12/24,2024,Regional,Inyo,Health Net of California,SPD/Full-Dual - SIS,$242.70 ,-,$257.92 
1/24-12/24,2024,Regional,Inyo,Health Net of California,LTC - SIS,"$9,674.67 ",-,"$10,041.40 "
1/24-12/24,2024,Regional,Inyo,Health Net of California,LTC/Full-Dual - SIS,"$8,994.40 ",-,"$9,312.16 "
1/24-12/24,2024,Regional,Inyo,Health Net of California,Maternity - SIS,"$12,552.78 ",-,"$13,107.41 "
1/24-12/24,2024,Regional,Inyo,Health Net of California,Child - UIS Federally Eligible,$27.21 ,-,$30.83 
1/24-12/24,2024,Regional,Inyo,Health Net of California,Adult - UIS Federally Eligible,$207.89 ,-,$222.68 
1/24-12/24,2024,Regional,Inyo,Health Net of California,ACA Optional Expansion - UIS Federally Eligible,$239.85 ,-,$256.62 
1/24-12/24,2024,Regional,Inyo,Health Net of California,SPD - UIS Federally Eligible,$489.19 ,-,$521.35 
1/24-12/24,2024,Regional,Inyo,Health Net of California,SPD/Full-Dual - UIS Federally Eligible,$80.27 ,-,$86.85 
1/24-12/24,2024,Regional,Inyo,Health Net of California,LTC - UIS Federally Eligible,$563.92 ,-,$600.69 
1/24-12/24,2024,Regional,Inyo,Health Net of California,LTC/Full-Dual - UIS Federally Eligible,$22.36 ,-,$25.58 
1/24-12/24,2024,Regional,Inyo,Health Net of California,Maternity - UIS Federally Eligible,"$12,552.78 ",-,"$13,107.41 "
1/24-12/24,2024,Regional,Inyo,Health Net of California,Child - UIS State-Only,$48.16 ,-,$52.85 
1/24-12/24,2024,Regional,Inyo,Health Net of California,Adult - UIS State-Only,$155.59 ,-,$166.89 
1/24-12/24,2024,Regional,Inyo,Health Net of California,ACA Optional Expansion - UIS State-Only,$185.04 ,-,$198.08 
1/24-12/24,2024,Regional,Inyo,Health Net of California,SPD - UIS State-Only,$342.45 ,-,$364.98 
1/24-12/24,2024,Regional,Inyo,Health Net of California,SPD/Full-Dual - UIS State-Only,$95.31 ,-,$102.72 
1/24-12/24,2024,Regional,Inyo,Health Net of California,LTC - UIS State-Only,"$9,061.82 ",-,"$9,388.76 "
1/24-12/24,2024,Regional,Inyo,Health Net of California,LTC/Full-Dual - UIS State-Only,"$8,917.80 ",-,"$9,230.16 "
1/24-12/24,2024,Regional,Mono,Health Net of California,Child - SIS,$86.06 ,-,$94.89 
1/24-12/24,2024,Regional,Mono,Health Net of California,Adult - SIS,$288.95 ,-,$310.35 
1/24-12/24,2024,Regional,Mono,Health Net of California,ACA Optional Expansion - SIS,$352.83 ,-,$378.16 
1/24-12/24,2024,Regional,Mono,Health Net of California,SPD - SIS,"$1,076.15 ",-,"$1,142.46 "
1/24-12/24,2024,Regional,Mono,Health Net of California,SPD/Full-Dual - SIS,$242.70 ,-,$257.92 
1/24-12/24,2024,Regional,Mono,Health Net of California,LTC - SIS,"$9,674.67 ",-,"$10,041.40 "
1/24-12/24,2024,Regional,Mono,Health Net of California,LTC/Full-Dual - SIS,"$8,994.40 ",-,"$9,312.16 "
1/24-12/24,2024,Regional,Mono,Health Net of California,Maternity - SIS,"$12,552.78 ",-,"$13,107.41 "
1/24-12/24,2024,Regional,Mono,Health Net of California,Child - UIS Federally Eligible,$27.21 ,-,$30.83 
1/24-12/24,2024,Regional,Mono,Health Net of California,Adult - UIS Federally Eligible,$207.89 ,-,$222.68 
1/24-12/24,2024,Regional,Mono,Health Net of California,ACA Optional Expansion - UIS Federally Eligible,$239.85 ,-,$256.62 
1/24-12/24,2024,Regional,Mono,Health Net of California,SPD - UIS Federally Eligible,$489.19 ,-,$521.35 
1/24-12/24,2024,Regional,Mono,Health Net of California,SPD/Full-Dual - UIS Federally Eligible,$80.27 ,-,$86.85 
1/24-12/24,2024,Regional,Mono,Health Net of California,LTC - UIS Federally Eligible,$563.92 ,-,$600.69 
1/24-12/24,2024,Regional,Mono,Health Net of California,LTC/Full-Dual - UIS Federally Eligible,$22.36 ,-,$25.58 
1/24-12/24,2024,Regional,Mono,Health Net of California,Maternity - UIS Federally Eligible,"$12,552.78 ",-,"$13,107.41 "
1/24-12/24,2024,Regional,Mono,Health Net of California,Child - UIS State-Only,$48.16 ,-,$52.85 
1/24-12/24,2024,Regional,Mono,Health Net of California,Adult - UIS State-Only,$155.59 ,-,$166.89 
1/24-12/24,2024,Regional,Mono,Health Net of California,ACA Optional Expansion - UIS State-Only,$185.04 ,-,$198.08 
1/24-12/24,2024,Regional,Mono,Health Net of California,SPD - UIS State-Only,$342.45 ,-,$364.98 
1/24-12/24,2024,Regional,Mono,Health Net of California,SPD/Full-Dual - UIS State-Only,$95.31 ,-,$102.72 
1/24-12/24,2024,Regional,Mono,Health Net of California,LTC - UIS State-Only,"$9,061.82 ",-,"$9,388.76 "
1/24-12/24,2024,Regional,Mono,Health Net of California,LTC/Full-Dual - UIS State-Only,"$8,917.80 ",-,"$9,230.16 "
1/24-12/24,2024,Regional,Tuolumne,Health Net of California,Child - SIS,$86.06 ,-,$94.89 
1/24-12/24,2024,Regional,Tuolumne,Health Net of California,Adult - SIS,$288.95 ,-,$310.35 
1/24-12/24,2024,Regional,Tuolumne,Health Net of California,ACA Optional Expansion - SIS,$352.83 ,-,$378.16 
1/24-12/24,2024,Regional,Tuolumne,Health Net of California,SPD - SIS,"$1,076.15 ",-,"$1,142.46 "
1/24-12/24,2024,Regional,Tuolumne,Health Net of California,SPD/Full-Dual - SIS,$242.70 ,-,$257.92 
1/24-12/24,2024,Regional,Tuolumne,Health Net of California,LTC - SIS,"$9,674.67 ",-,"$10,041.40 "
1/24-12/24,2024,Regional,Tuolumne,Health Net of California,LTC/Full-Dual - SIS,"$8,994.40 ",-,"$9,312.16 "
1/24-12/24,2024,Regional,Tuolumne,Health Net of California,Maternity - SIS,"$12,552.78 ",-,"$13,107.41 "
1/24-12/24,2024,Regional,Tuolumne,Health Net of California,Child - UIS Federally Eligible,$27.21 ,-,$30.83 
1/24-12/24,2024,Regional,Tuolumne,Health Net of California,Adult - UIS Federally Eligible,$207.89 ,-,$222.68 
1/24-12/24,2024,Regional,Tuolumne,Health Net of California,ACA Optional Expansion - UIS Federally Eligible,$239.85 ,-,$256.62 
1/24-12/24,2024,Regional,Tuolumne,Health Net of California,SPD - UIS Federally Eligible,$489.19 ,-,$521.35 
1/24-12/24,2024,Regional,Tuolumne,Health Net of California,SPD/Full-Dual - UIS Federally Eligible,$80.27 ,-,$86.85 
1/24-12/24,2024,Regional,Tuolumne,Health Net of California,LTC - UIS Federally Eligible,$563.92 ,-,$600.69 
1/24-12/24,2024,Regional,Tuolumne,Health Net of California,LTC/Full-Dual - UIS Federally Eligible,$22.36 ,-,$25.58 
1/24-12/24,2024,Regional,Tuolumne,Health Net of California,Maternity - UIS Federally Eligible,"$12,552.78 ",-,"$13,107.41 "
1/24-12/24,2024,Regional,Tuolumne,Health Net of California,Child - UIS State-Only,$48.16 ,-,$52.85 
1/24-12/24,2024,Regional,Tuolumne,Health Net of California,Adult - UIS State-Only,$155.59 ,-,$166.89 
1/24-12/24,2024,Regional,Tuolumne,Health Net of California,ACA Optional Expansion - UIS State-Only,$185.04 ,-,$198.08 
1/24-12/24,2024,Regional,Tuolumne,Health Net of California,SPD - UIS State-Only,$342.45 ,-,$364.98 
1/24-12/24,2024,Regional,Tuolumne,Health Net of California,SPD/Full-Dual - UIS State-Only,$95.31 ,-,$102.72 
1/24-12/24,2024,Regional,Tuolumne,Health Net of California,LTC - UIS State-Only,"$9,061.82 ",-,"$9,388.76 "
1/24-12/24,2024,Regional,Tuolumne,Health Net of California,LTC/Full-Dual - UIS State-Only,"$8,917.80 ",-,"$9,230.16 "
1/24-12/24,2024,Regional,Amador,Kaiser Permanente,Child - SIS,$88.47 ,-,$97.55 
1/24-12/24,2024,Regional,Amador,Kaiser Permanente,Adult - SIS,$295.72 ,-,$317.63 
1/24-12/24,2024,Regional,Amador,Kaiser Permanente,ACA Optional Expansion - SIS,$354.74 ,-,$380.21 
1/24-12/24,2024,Regional,Amador,Kaiser Permanente,SPD - SIS,"$1,088.04 ",-,"$1,155.12 "
1/24-12/24,2024,Regional,Amador,Kaiser Permanente,SPD/Full-Dual - SIS,$246.99 ,-,$262.37 
1/24-12/24,2024,Regional,Amador,Kaiser Permanente,LTC - SIS,"$9,674.67 ",-,"$10,041.40 "
1/24-12/24,2024,Regional,Amador,Kaiser Permanente,LTC/Full-Dual - SIS,"$8,994.40 ",-,"$9,312.16 "
1/24-12/24,2024,Regional,Amador,Kaiser Permanente,Maternity - SIS,"$12,552.78 ",-,"$13,107.41 "
1/24-12/24,2024,Regional,Amador,Kaiser Permanente,Child - UIS Federally Eligible,$27.21 ,-,$30.83 
1/24-12/24,2024,Regional,Amador,Kaiser Permanente,Adult - UIS Federally Eligible,$207.89 ,-,$222.68 
1/24-12/24,2024,Regional,Amador,Kaiser Permanente,ACA Optional Expansion - UIS Federally Eligible,$239.85 ,-,$256.62 
1/24-12/24,2024,Regional,Amador,Kaiser Permanente,SPD - UIS Federally Eligible,$489.19 ,-,$521.35 
1/24-12/24,2024,Regional,Amador,Kaiser Permanente,SPD/Full-Dual - UIS Federally Eligible,$80.27 ,-,$86.85 
1/24-12/24,2024,Regional,Amador,Kaiser Permanente,LTC - UIS Federally Eligible,$563.92 ,-,$600.69 
1/24-12/24,2024,Regional,Amador,Kaiser Permanente,LTC/Full-Dual - UIS Federally Eligible,$22.36 ,-,$25.58 
1/24-12/24,2024,Regional,Amador,Kaiser Permanente,Maternity - UIS Federally Eligible,"$12,552.78 ",-,"$13,107.41 "
1/24-12/24,2024,Regional,Amador,Kaiser Permanente,Child - UIS State-Only,$48.16 ,-,$52.85 
1/24-12/24,2024,Regional,Amador,Kaiser Permanente,Adult - UIS State-Only,$155.59 ,-,$166.89 
1/24-12/24,2024,Regional,Amador,Kaiser Permanente,ACA Optional Expansion - UIS State-Only,$185.04 ,-,$198.08 
1/24-12/24,2024,Regional,Amador,Kaiser Permanente,SPD - UIS State-Only,$342.45 ,-,$364.98 
1/24-12/24,2024,Regional,Amador,Kaiser Permanente,SPD/Full-Dual - UIS State-Only,$95.31 ,-,$102.72 
1/24-12/24,2024,Regional,Amador,Kaiser Permanente,LTC - UIS State-Only,"$9,061.82 ",-,"$9,388.76 "
1/24-12/24,2024,Regional,Amador,Kaiser Permanente,LTC/Full-Dual - UIS State-Only,"$8,917.80 ",-,"$9,230.16 "
1/25-12/25,2025,Regional,Amador,Anthem Blue Cross,Child - SIS,$110.28 ,-,$121.31 
1/25-12/25,2025,Regional,Amador,Anthem Blue Cross,Adult - SIS,$299.24 ,-,$321.98 
1/25-12/25,2025,Regional,Amador,Anthem Blue Cross,ACA Optional Expansion - SIS,$409.88 ,-,$439.32 
1/25-12/25,2025,Regional,Amador,Anthem Blue Cross,SPD - SIS,"$1,199.34 ",-,"$1,272.91 "
1/25-12/25,2025,Regional,Amador,Anthem Blue Cross,SPD/Full-Dual - SIS,$693.99 ,-,$725.61 
1/25-12/25,2025,Regional,Amador,Anthem Blue Cross,LTC - SIS,"$1,199.34 ",-,"$1,272.91 "
1/25-12/25,2025,Regional,Amador,Anthem Blue Cross,LTC/Full-Dual - SIS,$693.99 ,-,$725.61 
1/25-12/25,2025,Regional,Amador,Anthem Blue Cross,Maternity - SIS,"$12,078.47 ",-,"$12,611.22 "
1/25-12/25,2025,Regional,Amador,Anthem Blue Cross,Child - UIS Federally Eligible,$22.22 ,-,$25.28 
1/25-12/25,2025,Regional,Amador,Anthem Blue Cross,Adult - UIS Federally Eligible,$127.34 ,-,$137.01 
1/25-12/25,2025,Regional,Amador,Anthem Blue Cross,ACA Optional Expansion - UIS Federally Eligible,$160.59 ,-,$172.36 
1/25-12/25,2025,Regional,Amador,Anthem Blue Cross,SPD - UIS Federally Eligible,$407.18 ,-,$434.49 
1/25-12/25,2025,Regional,Amador,Anthem Blue Cross,SPD/Full-Dual - UIS Federally Eligible,$116.21 ,-,$125.19 
1/25-12/25,2025,Regional,Amador,Anthem Blue Cross,LTC - UIS Federally Eligible,$407.18 ,-,$434.49 
1/25-12/25,2025,Regional,Amador,Anthem Blue Cross,LTC/Full-Dual - UIS Federally Eligible,$116.21 ,-,$125.19 
1/25-12/25,2025,Regional,Amador,Anthem Blue Cross,Maternity - UIS Federally Eligible,"$12,078.47 ",-,"$12,611.22 "
1/25-12/25,2025,Regional,Amador,Anthem Blue Cross,Child - UIS State-Only,$63.82 ,-,$70.21 
1/25-12/25,2025,Regional,Amador,Anthem Blue Cross,Adult - UIS State-Only,$172.37 ,-,$185.54 
1/25-12/25,2025,Regional,Amador,Anthem Blue Cross,ACA Optional Expansion - UIS State-Only,$222.16 ,-,$238.34 
1/25-12/25,2025,Regional,Amador,Anthem Blue Cross,SPD - UIS State-Only,$776.85 ,-,$821.35 
1/25-12/25,2025,Regional,Amador,Anthem Blue Cross,SPD/Full-Dual - UIS State-Only,$473.66 ,-,$497.21 
1/25-12/25,2025,Regional,Amador,Anthem Blue Cross,LTC - UIS State-Only,$776.85 ,-,$821.35 
1/25-12/25,2025,Regional,Amador,Anthem Blue Cross,LTC/Full-Dual - UIS State-Only,$473.66 ,-,$497.21 
1/25-12/25,2025,Regional,Calaveras,Anthem Blue Cross,Child - SIS,$110.28 ,-,$121.31 
1/25-12/25,2025,Regional,Calaveras,Anthem Blue Cross,Adult - SIS,$299.24 ,-,$321.98 
1/25-12/25,2025,Regional,Calaveras,Anthem Blue Cross,ACA Optional Expansion - SIS,$409.88 ,-,$439.32 
1/25-12/25,2025,Regional,Calaveras,Anthem Blue Cross,SPD - SIS,"$1,199.34 ",-,"$1,272.91 "
1/25-12/25,2025,Regional,Calaveras,Anthem Blue Cross,SPD/Full-Dual - SIS,$693.99 ,-,$725.61 
1/25-12/25,2025,Regional,Calaveras,Anthem Blue Cross,LTC - SIS,"$1,199.34 ",-,"$1,272.91 "
1/25-12/25,2025,Regional,Calaveras,Anthem Blue Cross,LTC/Full-Dual - SIS,$693.99 ,-,$725.61 
1/25-12/25,2025,Regional,Calaveras,Anthem Blue Cross,Maternity - SIS,"$12,078.47 ",-,"$12,611.22 "
1/25-12/25,2025,Regional,Calaveras,Anthem Blue Cross,Child - UIS Federally Eligible,$22.22 ,-,$25.28 
1/25-12/25,2025,Regional,Calaveras,Anthem Blue Cross,Adult - UIS Federally Eligible,$127.34 ,-,$137.01 
1/25-12/25,2025,Regional,Calaveras,Anthem Blue Cross,ACA Optional Expansion - UIS Federally Eligible,$160.59 ,-,$172.36 
1/25-12/25,2025,Regional,Calaveras,Anthem Blue Cross,SPD - UIS Federally Eligible,$407.18 ,-,$434.49 
1/25-12/25,2025,Regional,Calaveras,Anthem Blue Cross,SPD/Full-Dual - UIS Federally Eligible,$116.21 ,-,$125.19 
1/25-12/25,2025,Regional,Calaveras,Anthem Blue Cross,LTC - UIS Federally Eligible,$407.18 ,-,$434.49 
1/25-12/25,2025,Regional,Calaveras,Anthem Blue Cross,LTC/Full-Dual - UIS Federally Eligible,$116.21 ,-,$125.19 
1/25-12/25,2025,Regional,Calaveras,Anthem Blue Cross,Maternity - UIS Federally Eligible,"$12,078.47 ",-,"$12,611.22 "
1/25-12/25,2025,Regional,Calaveras,Anthem Blue Cross,Child - UIS State-Only,$63.82 ,-,$70.21 
1/25-12/25,2025,Regional,Calaveras,Anthem Blue Cross,Adult - UIS State-Only,$172.37 ,-,$185.54 
1/25-12/25,2025,Regional,Calaveras,Anthem Blue Cross,ACA Optional Expansion - UIS State-Only,$222.16 ,-,$238.34 
1/25-12/25,2025,Regional,Calaveras,Anthem Blue Cross,SPD - UIS State-Only,$776.85 ,-,$821.35 
1/25-12/25,2025,Regional,Calaveras,Anthem Blue Cross,SPD/Full-Dual - UIS State-Only,$473.66 ,-,$497.21 
1/25-12/25,2025,Regional,Calaveras,Anthem Blue Cross,LTC - UIS State-Only,$776.85 ,-,$821.35 
1/25-12/25,2025,Regional,Calaveras,Anthem Blue Cross,LTC/Full-Dual - UIS State-Only,$473.66 ,-,$497.21 
1/25-12/25,2025,Regional,Inyo,Anthem Blue Cross,Child - SIS,$110.28 ,-,$121.31 
1/25-12/25,2025,Regional,Inyo,Anthem Blue Cross,Adult - SIS,$299.24 ,-,$321.98 
1/25-12/25,2025,Regional,Inyo,Anthem Blue Cross,ACA Optional Expansion - SIS,$409.88 ,-,$439.32 
1/25-12/25,2025,Regional,Inyo,Anthem Blue Cross,SPD - SIS,"$1,199.34 ",-,"$1,272.91 "
1/25-12/25,2025,Regional,Inyo,Anthem Blue Cross,SPD/Full-Dual - SIS,$693.99 ,-,$725.61 
1/25-12/25,2025,Regional,Inyo,Anthem Blue Cross,LTC - SIS,"$1,199.34 ",-,"$1,272.91 "
1/25-12/25,2025,Regional,Inyo,Anthem Blue Cross,LTC/Full-Dual - SIS,$693.99 ,-,$725.61 
1/25-12/25,2025,Regional,Inyo,Anthem Blue Cross,Maternity - SIS,"$12,078.47 ",-,"$12,611.22 "
1/25-12/25,2025,Regional,Inyo,Anthem Blue Cross,Child - UIS Federally Eligible,$22.22 ,-,$25.28 
1/25-12/25,2025,Regional,Inyo,Anthem Blue Cross,Adult - UIS Federally Eligible,$127.34 ,-,$137.01 
1/25-12/25,2025,Regional,Inyo,Anthem Blue Cross,ACA Optional Expansion - UIS Federally Eligible,$160.59 ,-,$172.36 
1/25-12/25,2025,Regional,Inyo,Anthem Blue Cross,SPD - UIS Federally Eligible,$407.18 ,-,$434.49 
1/25-12/25,2025,Regional,Inyo,Anthem Blue Cross,SPD/Full-Dual - UIS Federally Eligible,$116.21 ,-,$125.19 
1/25-12/25,2025,Regional,Inyo,Anthem Blue Cross,LTC - UIS Federally Eligible,$407.18 ,-,$434.49 
1/25-12/25,2025,Regional,Inyo,Anthem Blue Cross,LTC/Full-Dual - UIS Federally Eligible,$116.21 ,-,$125.19 
1/25-12/25,2025,Regional,Inyo,Anthem Blue Cross,Maternity - UIS Federally Eligible,"$12,078.47 ",-,"$12,611.22 "
1/25-12/25,2025,Regional,Inyo,Anthem Blue Cross,Child - UIS State-Only,$63.82 ,-,$70.21 
1/25-12/25,2025,Regional,Inyo,Anthem Blue Cross,Adult - UIS State-Only,$172.37 ,-,$185.54 
1/25-12/25,2025,Regional,Inyo,Anthem Blue Cross,ACA Optional Expansion - UIS State-Only,$222.16 ,-,$238.34 
1/25-12/25,2025,Regional,Inyo,Anthem Blue Cross,SPD - UIS State-Only,$776.85 ,-,$821.35 
1/25-12/25,2025,Regional,Inyo,Anthem Blue Cross,SPD/Full-Dual - UIS State-Only,$473.66 ,-,$497.21 
1/25-12/25,2025,Regional,Inyo,Anthem Blue Cross,LTC - UIS State-Only,$776.85 ,-,$821.35 
1/25-12/25,2025,Regional,Inyo,Anthem Blue Cross,LTC/Full-Dual - UIS State-Only,$473.66 ,-,$497.21 
1/25-12/25,2025,Regional,Mono,Anthem Blue Cross,Child - SIS,$110.28 ,-,$121.31 
1/25-12/25,2025,Regional,Mono,Anthem Blue Cross,Adult - SIS,$299.24 ,-,$321.98 
1/25-12/25,2025,Regional,Mono,Anthem Blue Cross,ACA Optional Expansion - SIS,$409.88 ,-,$439.32 
1/25-12/25,2025,Regional,Mono,Anthem Blue Cross,SPD - SIS,"$1,199.34 ",-,"$1,272.91 "
1/25-12/25,2025,Regional,Mono,Anthem Blue Cross,SPD/Full-Dual - SIS,$693.99 ,-,$725.61 
1/25-12/25,2025,Regional,Mono,Anthem Blue Cross,LTC - SIS,"$1,199.34 ",-,"$1,272.91 "
1/25-12/25,2025,Regional,Mono,Anthem Blue Cross,LTC/Full-Dual - SIS,$693.99 ,-,$725.61 
1/25-12/25,2025,Regional,Mono,Anthem Blue Cross,Maternity - SIS,"$12,078.47 ",-,"$12,611.22 "
1/25-12/25,2025,Regional,Mono,Anthem Blue Cross,Child - UIS Federally Eligible,$22.22 ,-,$25.28 
1/25-12/25,2025,Regional,Mono,Anthem Blue Cross,Adult - UIS Federally Eligible,$127.34 ,-,$137.01 
1/25-12/25,2025,Regional,Mono,Anthem Blue Cross,ACA Optional Expansion - UIS Federally Eligible,$160.59 ,-,$172.36 
1/25-12/25,2025,Regional,Mono,Anthem Blue Cross,SPD - UIS Federally Eligible,$407.18 ,-,$434.49 
1/25-12/25,2025,Regional,Mono,Anthem Blue Cross,SPD/Full-Dual - UIS Federally Eligible,$116.21 ,-,$125.19 
1/25-12/25,2025,Regional,Mono,Anthem Blue Cross,LTC - UIS Federally Eligible,$407.18 ,-,$434.49 
1/25-12/25,2025,Regional,Mono,Anthem Blue Cross,LTC/Full-Dual - UIS Federally Eligible,$116.21 ,-,$125.19 
1/25-12/25,2025,Regional,Mono,Anthem Blue Cross,Maternity - UIS Federally Eligible,"$12,078.47 ",-,"$12,611.22 "
1/25-12/25,2025,Regional,Mono,Anthem Blue Cross,Child - UIS State-Only,$63.82 ,-,$70.21 
1/25-12/25,2025,Regional,Mono,Anthem Blue Cross,Adult - UIS State-Only,$172.37 ,-,$185.54 
1/25-12/25,2025,Regional,Mono,Anthem Blue Cross,ACA Optional Expansion - UIS State-Only,$222.16 ,-,$238.34 
1/25-12/25,2025,Regional,Mono,Anthem Blue Cross,SPD - UIS State-Only,$776.85 ,-,$821.35 
1/25-12/25,2025,Regional,Mono,Anthem Blue Cross,SPD/Full-Dual - UIS State-Only,$473.66 ,-,$497.21 
1/25-12/25,2025,Regional,Mono,Anthem Blue Cross,LTC - UIS State-Only,$776.85 ,-,$821.35 
1/25-12/25,2025,Regional,Mono,Anthem Blue Cross,LTC/Full-Dual - UIS State-Only,$473.66 ,-,$497.21 
1/25-12/25,2025,Regional,Tuolumne,Anthem Blue Cross,Child - SIS,$110.28 ,-,$121.31 
1/25-12/25,2025,Regional,Tuolumne,Anthem Blue Cross,Adult - SIS,$299.24 ,-,$321.98 
1/25-12/25,2025,Regional,Tuolumne,Anthem Blue Cross,ACA Optional Expansion - SIS,$409.88 ,-,$439.32 
1/25-12/25,2025,Regional,Tuolumne,Anthem Blue Cross,SPD - SIS,"$1,199.34 ",-,"$1,272.91 "
1/25-12/25,2025,Regional,Tuolumne,Anthem Blue Cross,SPD/Full-Dual - SIS,$693.99 ,-,$725.61 
1/25-12/25,2025,Regional,Tuolumne,Anthem Blue Cross,LTC - SIS,"$1,199.34 ",-,"$1,272.91 "
1/25-12/25,2025,Regional,Tuolumne,Anthem Blue Cross,LTC/Full-Dual - SIS,$693.99 ,-,$725.61 
1/25-12/25,2025,Regional,Tuolumne,Anthem Blue Cross,Maternity - SIS,"$12,078.47 ",-,"$12,611.22 "
1/25-12/25,2025,Regional,Tuolumne,Anthem Blue Cross,Child - UIS Federally Eligible,$22.22 ,-,$25.28 
1/25-12/25,2025,Regional,Tuolumne,Anthem Blue Cross,Adult - UIS Federally Eligible,$127.34 ,-,$137.01 
1/25-12/25,2025,Regional,Tuolumne,Anthem Blue Cross,ACA Optional Expansion - UIS Federally Eligible,$160.59 ,-,$172.36 
1/25-12/25,2025,Regional,Tuolumne,Anthem Blue Cross,SPD - UIS Federally Eligible,$407.18 ,-,$434.49 
1/25-12/25,2025,Regional,Tuolumne,Anthem Blue Cross,SPD/Full-Dual - UIS Federally Eligible,$116.21 ,-,$125.19 
1/25-12/25,2025,Regional,Tuolumne,Anthem Blue Cross,LTC - UIS Federally Eligible,$407.18 ,-,$434.49 
1/25-12/25,2025,Regional,Tuolumne,Anthem Blue Cross,LTC/Full-Dual - UIS Federally Eligible,$116.21 ,-,$125.19 
1/25-12/25,2025,Regional,Tuolumne,Anthem Blue Cross,Maternity - UIS Federally Eligible,"$12,078.47 ",-,"$12,611.22 "
1/25-12/25,2025,Regional,Tuolumne,Anthem Blue Cross,Child - UIS State-Only,$63.82 ,-,$70.21 
1/25-12/25,2025,Regional,Tuolumne,Anthem Blue Cross,Adult - UIS State-Only,$172.37 ,-,$185.54 
1/25-12/25,2025,Regional,Tuolumne,Anthem Blue Cross,ACA Optional Expansion - UIS State-Only,$222.16 ,-,$238.34 
1/25-12/25,2025,Regional,Tuolumne,Anthem Blue Cross,SPD - UIS State-Only,$776.85 ,-,$821.35 
1/25-12/25,2025,Regional,Tuolumne,Anthem Blue Cross,SPD/Full-Dual - UIS State-Only,$473.66 ,-,$497.21 
1/25-12/25,2025,Regional,Tuolumne,Anthem Blue Cross,LTC - UIS State-Only,$776.85 ,-,$821.35 
1/25-12/25,2025,Regional,Tuolumne,Anthem Blue Cross,LTC/Full-Dual - UIS State-Only,$473.66 ,-,$497.21 
1/25-12/25,2025,Regional,Amador,Health Net of California,Child - SIS,$104.33 ,-,$114.73 
1/25-12/25,2025,Regional,Amador,Health Net of California,Adult - SIS,$294.83 ,-,$317.23 
1/25-12/25,2025,Regional,Amador,Health Net of California,ACA Optional Expansion - SIS,$407.79 ,-,$437.15 
1/25-12/25,2025,Regional,Amador,Health Net of California,SPD - SIS,"$1,078.09 ",-,"$1,143.98 "
1/25-12/25,2025,Regional,Amador,Health Net of California,SPD/Full-Dual - SIS,$825.42 ,-,$861.53 
1/25-12/25,2025,Regional,Amador,Health Net of California,LTC - SIS,"$1,078.09 ",-,"$1,143.98 "
1/25-12/25,2025,Regional,Amador,Health Net of California,LTC/Full-Dual - SIS,$825.42 ,-,$861.53 
1/25-12/25,2025,Regional,Amador,Health Net of California,Maternity - SIS,"$12,078.47 ",-,"$12,611.22 "
1/25-12/25,2025,Regional,Amador,Health Net of California,Child - UIS Federally Eligible,$22.22 ,-,$25.28 
1/25-12/25,2025,Regional,Amador,Health Net of California,Adult - UIS Federally Eligible,$127.34 ,-,$137.01 
1/25-12/25,2025,Regional,Amador,Health Net of California,ACA Optional Expansion - UIS Federally Eligible,$160.59 ,-,$172.36 
1/25-12/25,2025,Regional,Amador,Health Net of California,SPD - UIS Federally Eligible,$407.18 ,-,$434.49 
1/25-12/25,2025,Regional,Amador,Health Net of California,SPD/Full-Dual - UIS Federally Eligible,$116.21 ,-,$125.19 
1/25-12/25,2025,Regional,Amador,Health Net of California,LTC - UIS Federally Eligible,$407.18 ,-,$434.49 
1/25-12/25,2025,Regional,Amador,Health Net of California,LTC/Full-Dual - UIS Federally Eligible,$116.21 ,-,$125.19 
1/25-12/25,2025,Regional,Amador,Health Net of California,Maternity - UIS Federally Eligible,"$12,078.47 ",-,"$12,611.22 "
1/25-12/25,2025,Regional,Amador,Health Net of California,Child - UIS State-Only,$63.82 ,-,$70.21 
1/25-12/25,2025,Regional,Amador,Health Net of California,Adult - UIS State-Only,$172.37 ,-,$185.54 
1/25-12/25,2025,Regional,Amador,Health Net of California,ACA Optional Expansion - UIS State-Only,$222.16 ,-,$238.34 
1/25-12/25,2025,Regional,Amador,Health Net of California,SPD - UIS State-Only,$776.85 ,-,$821.35 
1/25-12/25,2025,Regional,Amador,Health Net of California,SPD/Full-Dual - UIS State-Only,$473.66 ,-,$497.21 
1/25-12/25,2025,Regional,Amador,Health Net of California,LTC - UIS State-Only,$776.85 ,-,$821.35 
1/25-12/25,2025,Regional,Amador,Health Net of California,LTC/Full-Dual - UIS State-Only,$473.66 ,-,$497.21 
1/25-12/25,2025,Regional,Calaveras,Health Net of California,Child - SIS,$104.33 ,-,$114.73 
1/25-12/25,2025,Regional,Calaveras,Health Net of California,Adult - SIS,$294.83 ,-,$317.23 
1/25-12/25,2025,Regional,Calaveras,Health Net of California,ACA Optional Expansion - SIS,$407.79 ,-,$437.15 
1/25-12/25,2025,Regional,Calaveras,Health Net of California,SPD - SIS,"$1,078.09 ",-,"$1,143.98 "
1/25-12/25,2025,Regional,Calaveras,Health Net of California,SPD/Full-Dual - SIS,$825.42 ,-,$861.53 
1/25-12/25,2025,Regional,Calaveras,Health Net of California,LTC - SIS,"$1,078.09 ",-,"$1,143.98 "
1/25-12/25,2025,Regional,Calaveras,Health Net of California,LTC/Full-Dual - SIS,$825.42 ,-,$861.53 
1/25-12/25,2025,Regional,Calaveras,Health Net of California,Maternity - SIS,"$12,078.47 ",-,"$12,611.22 "
1/25-12/25,2025,Regional,Calaveras,Health Net of California,Child - UIS Federally Eligible,$22.22 ,-,$25.28 
1/25-12/25,2025,Regional,Calaveras,Health Net of California,Adult - UIS Federally Eligible,$127.34 ,-,$137.01 
1/25-12/25,2025,Regional,Calaveras,Health Net of California,ACA Optional Expansion - UIS Federally Eligible,$160.59 ,-,$172.36 
1/25-12/25,2025,Regional,Calaveras,Health Net of California,SPD - UIS Federally Eligible,$407.18 ,-,$434.49 
1/25-12/25,2025,Regional,Calaveras,Health Net of California,SPD/Full-Dual - UIS Federally Eligible,$116.21 ,-,$125.19 
1/25-12/25,2025,Regional,Calaveras,Health Net of California,LTC - UIS Federally Eligible,$407.18 ,-,$434.49 
1/25-12/25,2025,Regional,Calaveras,Health Net of California,LTC/Full-Dual - UIS Federally Eligible,$116.21 ,-,$125.19 
1/25-12/25,2025,Regional,Calaveras,Health Net of California,Maternity - UIS Federally Eligible,"$12,078.47 ",-,"$12,611.22 "
1/25-12/25,2025,Regional,Calaveras,Health Net of California,Child - UIS State-Only,$63.82 ,-,$70.21 
1/25-12/25,2025,Regional,Calaveras,Health Net of California,Adult - UIS State-Only,$172.37 ,-,$185.54 
1/25-12/25,2025,Regional,Calaveras,Health Net of California,ACA Optional Expansion - UIS State-Only,$222.16 ,-,$238.34 
1/25-12/25,2025,Regional,Calaveras,Health Net of California,SPD - UIS State-Only,$776.85 ,-,$821.35 
1/25-12/25,2025,Regional,Calaveras,Health Net of California,SPD/Full-Dual - UIS State-Only,$473.66 ,-,$497.21 
1/25-12/25,2025,Regional,Calaveras,Health Net of California,LTC - UIS State-Only,$776.85 ,-,$821.35 
1/25-12/25,2025,Regional,Calaveras,Health Net of California,LTC/Full-Dual - UIS State-Only,$473.66 ,-,$497.21 
1/25-12/25,2025,Regional,Inyo,Health Net of California,Child - SIS,$104.33 ,-,$114.73 
1/25-12/25,2025,Regional,Inyo,Health Net of California,Adult - SIS,$294.83 ,-,$317.23 
1/25-12/25,2025,Regional,Inyo,Health Net of California,ACA Optional Expansion - SIS,$407.79 ,-,$437.15 
1/25-12/25,2025,Regional,Inyo,Health Net of California,SPD - SIS,"$1,078.09 ",-,"$1,143.98 "
1/25-12/25,2025,Regional,Inyo,Health Net of California,SPD/Full-Dual - SIS,$825.42 ,-,$861.53 
1/25-12/25,2025,Regional,Inyo,Health Net of California,LTC - SIS,"$1,078.09 ",-,"$1,143.98 "
1/25-12/25,2025,Regional,Inyo,Health Net of California,LTC/Full-Dual - SIS,$825.42 ,-,$861.53 
1/25-12/25,2025,Regional,Inyo,Health Net of California,Maternity - SIS,"$12,078.47 ",-,"$12,611.22 "
1/25-12/25,2025,Regional,Inyo,Health Net of California,Child - UIS Federally Eligible,$22.22 ,-,$25.28 
1/25-12/25,2025,Regional,Inyo,Health Net of California,Adult - UIS Federally Eligible,$127.34 ,-,$137.01 
1/25-12/25,2025,Regional,Inyo,Health Net of California,ACA Optional Expansion - UIS Federally Eligible,$160.59 ,-,$172.36 
1/25-12/25,2025,Regional,Inyo,Health Net of California,SPD - UIS Federally Eligible,$407.18 ,-,$434.49 
1/25-12/25,2025,Regional,Inyo,Health Net of California,SPD/Full-Dual - UIS Federally Eligible,$116.21 ,-,$125.19 
1/25-12/25,2025,Regional,Inyo,Health Net of California,LTC - UIS Federally Eligible,$407.18 ,-,$434.49 
1/25-12/25,2025,Regional,Inyo,Health Net of California,LTC/Full-Dual - UIS Federally Eligible,$116.21 ,-,$125.19 
1/25-12/25,2025,Regional,Inyo,Health Net of California,Maternity - UIS Federally Eligible,"$12,078.47 ",-,"$12,611.22 "
1/25-12/25,2025,Regional,Inyo,Health Net of California,Child - UIS State-Only,$63.82 ,-,$70.21 
1/25-12/25,2025,Regional,Inyo,Health Net of California,Adult - UIS State-Only,$172.37 ,-,$185.54 
1/25-12/25,2025,Regional,Inyo,Health Net of California,ACA Optional Expansion - UIS State-Only,$222.16 ,-,$238.34 
1/25-12/25,2025,Regional,Inyo,Health Net of California,SPD - UIS State-Only,$776.85 ,-,$821.35 
1/25-12/25,2025,Regional,Inyo,Health Net of California,SPD/Full-Dual - UIS State-Only,$473.66 ,-,$497.21 
1/25-12/25,2025,Regional,Inyo,Health Net of California,LTC - UIS State-Only,$776.85 ,-,$821.35 
1/25-12/25,2025,Regional,Inyo,Health Net of California,LTC/Full-Dual - UIS State-Only,$473.66 ,-,$497.21 
1/25-12/25,2025,Regional,Mono,Health Net of California,Child - SIS,$104.33 ,-,$114.73 
1/25-12/25,2025,Regional,Mono,Health Net of California,Adult - SIS,$294.83 ,-,$317.23 
1/25-12/25,2025,Regional,Mono,Health Net of California,ACA Optional Expansion - SIS,$407.79 ,-,$437.15 
1/25-12/25,2025,Regional,Mono,Health Net of California,SPD - SIS,"$1,078.09 ",-,"$1,143.98 "
1/25-12/25,2025,Regional,Mono,Health Net of California,SPD/Full-Dual - SIS,$825.42 ,-,$861.53 
1/25-12/25,2025,Regional,Mono,Health Net of California,LTC - SIS,"$1,078.09 ",-,"$1,143.98 "
1/25-12/25,2025,Regional,Mono,Health Net of California,LTC/Full-Dual - SIS,$825.42 ,-,$861.53 
1/25-12/25,2025,Regional,Mono,Health Net of California,Maternity - SIS,"$12,078.47 ",-,"$12,611.22 "
1/25-12/25,2025,Regional,Mono,Health Net of California,Child - UIS Federally Eligible,$22.22 ,-,$25.28 
1/25-12/25,2025,Regional,Mono,Health Net of California,Adult - UIS Federally Eligible,$127.34 ,-,$137.01 
1/25-12/25,2025,Regional,Mono,Health Net of California,ACA Optional Expansion - UIS Federally Eligible,$160.59 ,-,$172.36 
1/25-12/25,2025,Regional,Mono,Health Net of California,SPD - UIS Federally Eligible,$407.18 ,-,$434.49 
1/25-12/25,2025,Regional,Mono,Health Net of California,SPD/Full-Dual - UIS Federally Eligible,$116.21 ,-,$125.19 
1/25-12/25,2025,Regional,Mono,Health Net of California,LTC - UIS Federally Eligible,$407.18 ,-,$434.49 
1/25-12/25,2025,Regional,Mono,Health Net of California,LTC/Full-Dual - UIS Federally Eligible,$116.21 ,-,$125.19 
1/25-12/25,2025,Regional,Mono,Health Net of California,Maternity - UIS Federally Eligible,"$12,078.47 ",-,"$12,611.22 "
1/25-12/25,2025,Regional,Mono,Health Net of California,Child - UIS State-Only,$63.82 ,-,$70.21 
1/25-12/25,2025,Regional,Mono,Health Net of California,Adult - UIS State-Only,$172.37 ,-,$185.54 
1/25-12/25,2025,Regional,Mono,Health Net of California,ACA Optional Expansion - UIS State-Only,$222.16 ,-,$238.34 
1/25-12/25,2025,Regional,Mono,Health Net of California,SPD - UIS State-Only,$776.85 ,-,$821.35 
1/25-12/25,2025,Regional,Mono,Health Net of California,SPD/Full-Dual - UIS State-Only,$473.66 ,-,$497.21 
1/25-12/25,2025,Regional,Mono,Health Net of California,LTC - UIS State-Only,$776.85 ,-,$821.35 
1/25-12/25,2025,Regional,Mono,Health Net of California,LTC/Full-Dual - UIS State-Only,$473.66 ,-,$497.21 
1/25-12/25,2025,Regional,Tuolumne,Health Net of California,Child - SIS,$104.33 ,-,$114.73 
1/25-12/25,2025,Regional,Tuolumne,Health Net of California,Adult - SIS,$294.83 ,-,$317.23 
1/25-12/25,2025,Regional,Tuolumne,Health Net of California,ACA Optional Expansion - SIS,$407.79 ,-,$437.15 
1/25-12/25,2025,Regional,Tuolumne,Health Net of California,SPD - SIS,"$1,078.09 ",-,"$1,143.98 "
1/25-12/25,2025,Regional,Tuolumne,Health Net of California,SPD/Full-Dual - SIS,$825.42 ,-,$861.53 
1/25-12/25,2025,Regional,Tuolumne,Health Net of California,LTC - SIS,"$1,078.09 ",-,"$1,143.98 "
1/25-12/25,2025,Regional,Tuolumne,Health Net of California,LTC/Full-Dual - SIS,$825.42 ,-,$861.53 
1/25-12/25,2025,Regional,Tuolumne,Health Net of California,Maternity - SIS,"$12,078.47 ",-,"$12,611.22 "
1/25-12/25,2025,Regional,Tuolumne,Health Net of California,Child - UIS Federally Eligible,$22.22 ,-,$25.28 
1/25-12/25,2025,Regional,Tuolumne,Health Net of California,Adult - UIS Federally Eligible,$127.34 ,-,$137.01 
1/25-12/25,2025,Regional,Tuolumne,Health Net of California,ACA Optional Expansion - UIS Federally Eligible,$160.59 ,-,$172.36 
1/25-12/25,2025,Regional,Tuolumne,Health Net of California,SPD - UIS Federally Eligible,$407.18 ,-,$434.49 
1/25-12/25,2025,Regional,Tuolumne,Health Net of California,SPD/Full-Dual - UIS Federally Eligible,$116.21 ,-,$125.19 
1/25-12/25,2025,Regional,Tuolumne,Health Net of California,LTC - UIS Federally Eligible,$407.18 ,-,$434.49 
1/25-12/25,2025,Regional,Tuolumne,Health Net of California,LTC/Full-Dual - UIS Federally Eligible,$116.21 ,-,$125.19 
1/25-12/25,2025,Regional,Tuolumne,Health Net of California,Maternity - UIS Federally Eligible,"$12,078.47 ",-,"$12,611.22 "
1/25-12/25,2025,Regional,Tuolumne,Health Net of California,Child - UIS State-Only,$63.82 ,-,$70.21 
1/25-12/25,2025,Regional,Tuolumne,Health Net of California,Adult - UIS State-Only,$172.37 ,-,$185.54 
1/25-12/25,2025,Regional,Tuolumne,Health Net of California,ACA Optional Expansion - UIS State-Only,$222.16 ,-,$238.34 
1/25-12/25,2025,Regional,Tuolumne,Health Net of California,SPD - UIS State-Only,$776.85 ,-,$821.35 
1/25-12/25,2025,Regional,Tuolumne,Health Net of California,SPD/Full-Dual - UIS State-Only,$473.66 ,-,$497.21 
1/25-12/25,2025,Regional,Tuolumne,Health Net of California,LTC - UIS State-Only,$776.85 ,-,$821.35 
1/25-12/25,2025,Regional,Tuolumne,Health Net of California,LTC/Full-Dual - UIS State-Only,$473.66 ,-,$497.21 
1/25-12/25,2025,Regional,Amador,Kaiser Permanente,Child - SIS,$107.92 ,-,$118.70 
1/25-12/25,2025,Regional,Amador,Kaiser Permanente,Adult - SIS,$297.51 ,-,$320.11 
1/25-12/25,2025,Regional,Amador,Kaiser Permanente,ACA Optional Expansion - SIS,$409.00 ,-,$438.40 
1/25-12/25,2025,Regional,Amador,Kaiser Permanente,SPD - SIS,"$1,147.54 ",-,"$1,217.83 "
1/25-12/25,2025,Regional,Amador,Kaiser Permanente,SPD/Full-Dual - SIS,$746.27 ,-,$779.67 
1/25-12/25,2025,Regional,Amador,Kaiser Permanente,LTC - SIS,"$1,147.54 ",-,"$1,217.83 "
1/25-12/25,2025,Regional,Amador,Kaiser Permanente,LTC/Full-Dual - SIS,$746.27 ,-,$779.67 
1/25-12/25,2025,Regional,Amador,Kaiser Permanente,Maternity - SIS,"$12,078.47 ",-,"$12,611.22 "
1/25-12/25,2025,Regional,Amador,Kaiser Permanente,Child - UIS Federally Eligible,$22.22 ,-,$25.28 
1/25-12/25,2025,Regional,Amador,Kaiser Permanente,Adult - UIS Federally Eligible,$127.34 ,-,$137.01 
1/25-12/25,2025,Regional,Amador,Kaiser Permanente,ACA Optional Expansion - UIS Federally Eligible,$160.59 ,-,$172.36 
1/25-12/25,2025,Regional,Amador,Kaiser Permanente,SPD - UIS Federally Eligible,$407.18 ,-,$434.49 
1/25-12/25,2025,Regional,Amador,Kaiser Permanente,SPD/Full-Dual - UIS Federally Eligible,$116.21 ,-,$125.19 
1/25-12/25,2025,Regional,Amador,Kaiser Permanente,LTC - UIS Federally Eligible,$407.18 ,-,$434.49 
1/25-12/25,2025,Regional,Amador,Kaiser Permanente,LTC/Full-Dual - UIS Federally Eligible,$116.21 ,-,$125.19 
1/25-12/25,2025,Regional,Amador,Kaiser Permanente,Maternity - UIS Federally Eligible,"$12,078.47 ",-,"$12,611.22 "
1/25-12/25,2025,Regional,Amador,Kaiser Permanente,Child - UIS State-Only,$63.82 ,-,$70.21 
1/25-12/25,2025,Regional,Amador,Kaiser Permanente,Adult - UIS State-Only,$172.37 ,-,$185.54 
1/25-12/25,2025,Regional,Amador,Kaiser Permanente,ACA Optional Expansion - UIS State-Only,$222.16 ,-,$238.34 
1/25-12/25,2025,Regional,Amador,Kaiser Permanente,SPD - UIS State-Only,$776.85 ,-,$821.35 
1/25-12/25,2025,Regional,Amador,Kaiser Permanente,SPD/Full-Dual - UIS State-Only,$473.66 ,-,$497.21 
1/25-12/25,2025,Regional,Amador,Kaiser Permanente,LTC - UIS State-Only,$776.85 ,-,$821.35 
1/25-12/25,2025,Regional,Amador,Kaiser Permanente,LTC/Full-Dual - UIS State-Only,$473.66 ,-,$497.21 
1/26-12/26,2026,Regional,Amador,Anthem Blue Cross,Child - SIS,$97.47 ,-,$106.49 
1/26-12/26,2026,Regional,Amador,Anthem Blue Cross,Adult - SIS,$310.17 ,-,$330.87 
1/26-12/26,2026,Regional,Amador,Anthem Blue Cross,ACA Optional Expansion - SIS,$428.66 ,-,$455.79 
1/26-12/26,2026,Regional,Amador,Anthem Blue Cross,SPD - SIS,"$1,506.09 ",-,"$1,588.51 "
1/26-12/26,2026,Regional,Amador,Anthem Blue Cross,SPD/Full-Dual - SIS,$805.63 ,-,$839.69 
1/26-12/26,2026,Regional,Amador,Anthem Blue Cross,LTC - SIS,"$1,506.09 ",-,"$1,588.51 "
1/26-12/26,2026,Regional,Amador,Anthem Blue Cross,LTC/Full-Dual - SIS,$805.63 ,-,$839.69 
1/26-12/26,2026,Regional,Amador,Anthem Blue Cross,Maternity - SIS,"$16,447.13 ",-,"$17,110.95 "
1/26-12/26,2026,Regional,Amador,Anthem Blue Cross,Child - UIS Federally Eligible,$23.90 ,-,$26.51 
1/26-12/26,2026,Regional,Amador,Anthem Blue Cross,Adult - UIS Federally Eligible,$125.04 ,-,$133.31 
1/26-12/26,2026,Regional,Amador,Anthem Blue Cross,ACA Optional Expansion - UIS Federally Eligible,$144.89 ,-,$154.28 
1/26-12/26,2026,Regional,Amador,Anthem Blue Cross,SPD - UIS Federally Eligible,$485.84 ,-,$514.36 
1/26-12/26,2026,Regional,Amador,Anthem Blue Cross,SPD/Full-Dual - UIS Federally Eligible,$132.37 ,-,$141.07 
1/26-12/26,2026,Regional,Amador,Anthem Blue Cross,LTC - UIS Federally Eligible,$485.84 ,-,$514.36 
1/26-12/26,2026,Regional,Amador,Anthem Blue Cross,LTC/Full-Dual - UIS Federally Eligible,$132.37 ,-,$141.07 
1/26-12/26,2026,Regional,Amador,Anthem Blue Cross,Maternity - UIS Federally Eligible,"$16,447.13 ",-,"$17,110.95 "
1/26-12/26,2026,Regional,Amador,Anthem Blue Cross,Child - UIS State-Only,$72.01 ,-,$78.26 
1/26-12/26,2026,Regional,Amador,Anthem Blue Cross,Adult - UIS State-Only,$158.13 ,-,$169.15 
1/26-12/26,2026,Regional,Amador,Anthem Blue Cross,ACA Optional Expansion - UIS State-Only,$277.32 ,-,$294.12 
1/26-12/26,2026,Regional,Amador,Anthem Blue Cross,SPD - UIS State-Only,$994.20 ,-,"$1,043.63 "
1/26-12/26,2026,Regional,Amador,Anthem Blue Cross,SPD/Full-Dual - UIS State-Only,$665.01 ,-,$693.65 
1/26-12/26,2026,Regional,Amador,Anthem Blue Cross,LTC - UIS State-Only,$994.20 ,-,"$1,043.63 "
1/26-12/26,2026,Regional,Amador,Anthem Blue Cross,LTC/Full-Dual - UIS State-Only,$665.01 ,-,$693.65 
1/26-12/26,2026,Regional,Calaveras,Anthem Blue Cross,Child - SIS,$97.47 ,-,$106.49 
1/26-12/26,2026,Regional,Calaveras,Anthem Blue Cross,Adult - SIS,$310.17 ,-,$330.87 
1/26-12/26,2026,Regional,Calaveras,Anthem Blue Cross,ACA Optional Expansion - SIS,$428.66 ,-,$455.79 
1/26-12/26,2026,Regional,Calaveras,Anthem Blue Cross,SPD - SIS,"$1,506.09 ",-,"$1,588.51 "
1/26-12/26,2026,Regional,Calaveras,Anthem Blue Cross,SPD/Full-Dual - SIS,$805.63 ,-,$839.69 
1/26-12/26,2026,Regional,Calaveras,Anthem Blue Cross,LTC - SIS,"$1,506.09 ",-,"$1,588.51 "
1/26-12/26,2026,Regional,Calaveras,Anthem Blue Cross,LTC/Full-Dual - SIS,$805.63 ,-,$839.69 
1/26-12/26,2026,Regional,Calaveras,Anthem Blue Cross,Maternity - SIS,"$16,447.13 ",-,"$17,110.95 "
1/26-12/26,2026,Regional,Calaveras,Anthem Blue Cross,Child - UIS Federally Eligible,$23.90 ,-,$26.51 
1/26-12/26,2026,Regional,Calaveras,Anthem Blue Cross,Adult - UIS Federally Eligible,$125.04 ,-,$133.31 
1/26-12/26,2026,Regional,Calaveras,Anthem Blue Cross,ACA Optional Expansion - UIS Federally Eligible,$144.89 ,-,$154.28 
1/26-12/26,2026,Regional,Calaveras,Anthem Blue Cross,SPD - UIS Federally Eligible,$485.84 ,-,$514.36 
1/26-12/26,2026,Regional,Calaveras,Anthem Blue Cross,SPD/Full-Dual - UIS Federally Eligible,$132.37 ,-,$141.07 
1/26-12/26,2026,Regional,Calaveras,Anthem Blue Cross,LTC - UIS Federally Eligible,$485.84 ,-,$514.36 
1/26-12/26,2026,Regional,Calaveras,Anthem Blue Cross,LTC/Full-Dual - UIS Federally Eligible,$132.37 ,-,$141.07 
1/26-12/26,2026,Regional,Calaveras,Anthem Blue Cross,Maternity - UIS Federally Eligible,"$16,447.13 ",-,"$17,110.95 "
1/26-12/26,2026,Regional,Calaveras,Anthem Blue Cross,Child - UIS State-Only,$72.01 ,-,$78.26 
1/26-12/26,2026,Regional,Calaveras,Anthem Blue Cross,Adult - UIS State-Only,$158.13 ,-,$169.15 
1/26-12/26,2026,Regional,Calaveras,Anthem Blue Cross,ACA Optional Expansion - UIS State-Only,$277.32 ,-,$294.12 
1/26-12/26,2026,Regional,Calaveras,Anthem Blue Cross,SPD - UIS State-Only,$994.20 ,-,"$1,043.63 "
1/26-12/26,2026,Regional,Calaveras,Anthem Blue Cross,SPD/Full-Dual - UIS State-Only,$665.01 ,-,$693.65 
1/26-12/26,2026,Regional,Calaveras,Anthem Blue Cross,LTC - UIS State-Only,$994.20 ,-,"$1,043.63 "
1/26-12/26,2026,Regional,Calaveras,Anthem Blue Cross,LTC/Full-Dual - UIS State-Only,$665.01 ,-,$693.65 
1/26-12/26,2026,Regional,Inyo,Anthem Blue Cross,Child - SIS,$97.47 ,-,$106.49 
1/26-12/26,2026,Regional,Inyo,Anthem Blue Cross,Adult - SIS,$310.17 ,-,$330.87 
1/26-12/26,2026,Regional,Inyo,Anthem Blue Cross,ACA Optional Expansion - SIS,$428.66 ,-,$455.79 
1/26-12/26,2026,Regional,Inyo,Anthem Blue Cross,SPD - SIS,"$1,506.09 ",-,"$1,588.51 "
1/26-12/26,2026,Regional,Inyo,Anthem Blue Cross,SPD/Full-Dual - SIS,$805.63 ,-,$839.69 
1/26-12/26,2026,Regional,Inyo,Anthem Blue Cross,LTC - SIS,"$1,506.09 ",-,"$1,588.51 "
1/26-12/26,2026,Regional,Inyo,Anthem Blue Cross,LTC/Full-Dual - SIS,$805.63 ,-,$839.69 
1/26-12/26,2026,Regional,Inyo,Anthem Blue Cross,Maternity - SIS,"$16,447.13 ",-,"$17,110.95 "
1/26-12/26,2026,Regional,Inyo,Anthem Blue Cross,Child - UIS Federally Eligible,$23.90 ,-,$26.51 
1/26-12/26,2026,Regional,Inyo,Anthem Blue Cross,Adult - UIS Federally Eligible,$125.04 ,-,$133.31 
1/26-12/26,2026,Regional,Inyo,Anthem Blue Cross,ACA Optional Expansion - UIS Federally Eligible,$144.89 ,-,$154.28 
1/26-12/26,2026,Regional,Inyo,Anthem Blue Cross,SPD - UIS Federally Eligible,$485.84 ,-,$514.36 
1/26-12/26,2026,Regional,Inyo,Anthem Blue Cross,SPD/Full-Dual - UIS Federally Eligible,$132.37 ,-,$141.07 
1/26-12/26,2026,Regional,Inyo,Anthem Blue Cross,LTC - UIS Federally Eligible,$485.84 ,-,$514.36 
1/26-12/26,2026,Regional,Inyo,Anthem Blue Cross,LTC/Full-Dual - UIS Federally Eligible,$132.37 ,-,$141.07 
1/26-12/26,2026,Regional,Inyo,Anthem Blue Cross,Maternity - UIS Federally Eligible,"$16,447.13 ",-,"$17,110.95 "
1/26-12/26,2026,Regional,Inyo,Anthem Blue Cross,Child - UIS State-Only,$72.01 ,-,$78.26 
1/26-12/26,2026,Regional,Inyo,Anthem Blue Cross,Adult - UIS State-Only,$158.13 ,-,$169.15 
1/26-12/26,2026,Regional,Inyo,Anthem Blue Cross,ACA Optional Expansion - UIS State-Only,$277.32 ,-,$294.12 
1/26-12/26,2026,Regional,Inyo,Anthem Blue Cross,SPD - UIS State-Only,$994.20 ,-,"$1,043.63 "
1/26-12/26,2026,Regional,Inyo,Anthem Blue Cross,SPD/Full-Dual - UIS State-Only,$665.01 ,-,$693.65 
1/26-12/26,2026,Regional,Inyo,Anthem Blue Cross,LTC - UIS State-Only,$994.20 ,-,"$1,043.63 "
1/26-12/26,2026,Regional,Inyo,Anthem Blue Cross,LTC/Full-Dual - UIS State-Only,$665.01 ,-,$693.65 
1/26-12/26,2026,Regional,Mono,Anthem Blue Cross,Child - SIS,$97.47 ,-,$106.49 
1/26-12/26,2026,Regional,Mono,Anthem Blue Cross,Adult - SIS,$310.17 ,-,$330.87 
1/26-12/26,2026,Regional,Mono,Anthem Blue Cross,ACA Optional Expansion - SIS,$428.66 ,-,$455.79 
1/26-12/26,2026,Regional,Mono,Anthem Blue Cross,SPD - SIS,"$1,506.09 ",-,"$1,588.51 "
1/26-12/26,2026,Regional,Mono,Anthem Blue Cross,SPD/Full-Dual - SIS,$805.63 ,-,$839.69 
1/26-12/26,2026,Regional,Mono,Anthem Blue Cross,LTC - SIS,"$1,506.09 ",-,"$1,588.51 "
1/26-12/26,2026,Regional,Mono,Anthem Blue Cross,LTC/Full-Dual - SIS,$805.63 ,-,$839.69 
1/26-12/26,2026,Regional,Mono,Anthem Blue Cross,Maternity - SIS,"$16,447.13 ",-,"$17,110.95 "
1/26-12/26,2026,Regional,Mono,Anthem Blue Cross,Child - UIS Federally Eligible,$23.90 ,-,$26.51 
1/26-12/26,2026,Regional,Mono,Anthem Blue Cross,Adult - UIS Federally Eligible,$125.04 ,-,$133.31 
1/26-12/26,2026,Regional,Mono,Anthem Blue Cross,ACA Optional Expansion - UIS Federally Eligible,$144.89 ,-,$154.28 
1/26-12/26,2026,Regional,Mono,Anthem Blue Cross,SPD - UIS Federally Eligible,$485.84 ,-,$514.36 
1/26-12/26,2026,Regional,Mono,Anthem Blue Cross,SPD/Full-Dual - UIS Federally Eligible,$132.37 ,-,$141.07 
1/26-12/26,2026,Regional,Mono,Anthem Blue Cross,LTC - UIS Federally Eligible,$485.84 ,-,$514.36 
1/26-12/26,2026,Regional,Mono,Anthem Blue Cross,LTC/Full-Dual - UIS Federally Eligible,$132.37 ,-,$141.07 
1/26-12/26,2026,Regional,Mono,Anthem Blue Cross,Maternity - UIS Federally Eligible,"$16,447.13 ",-,"$17,110.95 "
1/26-12/26,2026,Regional,Mono,Anthem Blue Cross,Child - UIS State-Only,$72.01 ,-,$78.26 
1/26-12/26,2026,Regional,Mono,Anthem Blue Cross,Adult - UIS State-Only,$158.13 ,-,$169.15 
1/26-12/26,2026,Regional,Mono,Anthem Blue Cross,ACA Optional Expansion - UIS State-Only,$277.32 ,-,$294.12 
1/26-12/26,2026,Regional,Mono,Anthem Blue Cross,SPD - UIS State-Only,$994.20 ,-,"$1,043.63 "
1/26-12/26,2026,Regional,Mono,Anthem Blue Cross,SPD/Full-Dual - UIS State-Only,$665.01 ,-,$693.65 
1/26-12/26,2026,Regional,Mono,Anthem Blue Cross,LTC - UIS State-Only,$994.20 ,-,"$1,043.63 "
1/26-12/26,2026,Regional,Mono,Anthem Blue Cross,LTC/Full-Dual - UIS State-Only,$665.01 ,-,$693.65 
1/26-12/26,2026,Regional,Tuolumne,Anthem Blue Cross,Child - SIS,$97.47 ,-,$106.49 
1/26-12/26,2026,Regional,Tuolumne,Anthem Blue Cross,Adult - SIS,$310.17 ,-,$330.87 
1/26-12/26,2026,Regional,Tuolumne,Anthem Blue Cross,ACA Optional Expansion - SIS,$428.66 ,-,$455.79 
1/26-12/26,2026,Regional,Tuolumne,Anthem Blue Cross,SPD - SIS,"$1,506.09 ",-,"$1,588.51 "
1/26-12/26,2026,Regional,Tuolumne,Anthem Blue Cross,SPD/Full-Dual - SIS,$805.63 ,-,$839.69 
1/26-12/26,2026,Regional,Tuolumne,Anthem Blue Cross,LTC - SIS,"$1,506.09 ",-,"$1,588.51 "
1/26-12/26,2026,Regional,Tuolumne,Anthem Blue Cross,LTC/Full-Dual - SIS,$805.63 ,-,$839.69 
1/26-12/26,2026,Regional,Tuolumne,Anthem Blue Cross,Maternity - SIS,"$16,447.13 ",-,"$17,110.95 "
1/26-12/26,2026,Regional,Tuolumne,Anthem Blue Cross,Child - UIS Federally Eligible,$23.90 ,-,$26.51 
1/26-12/26,2026,Regional,Tuolumne,Anthem Blue Cross,Adult - UIS Federally Eligible,$125.04 ,-,$133.31 
1/26-12/26,2026,Regional,Tuolumne,Anthem Blue Cross,ACA Optional Expansion - UIS Federally Eligible,$144.89 ,-,$154.28 
1/26-12/26,2026,Regional,Tuolumne,Anthem Blue Cross,SPD - UIS Federally Eligible,$485.84 ,-,$514.36 
1/26-12/26,2026,Regional,Tuolumne,Anthem Blue Cross,SPD/Full-Dual - UIS Federally Eligible,$132.37 ,-,$141.07 
1/26-12/26,2026,Regional,Tuolumne,Anthem Blue Cross,LTC - UIS Federally Eligible,$485.84 ,-,$514.36 
1/26-12/26,2026,Regional,Tuolumne,Anthem Blue Cross,LTC/Full-Dual - UIS Federally Eligible,$132.37 ,-,$141.07 
1/26-12/26,2026,Regional,Tuolumne,Anthem Blue Cross,Maternity - UIS Federally Eligible,"$16,447.13 ",-,"$17,110.95 "
1/26-12/26,2026,Regional,Tuolumne,Anthem Blue Cross,Child - UIS State-Only,$72.01 ,-,$78.26 
1/26-12/26,2026,Regional,Tuolumne,Anthem Blue Cross,Adult - UIS State-Only,$158.13 ,-,$169.15 
1/26-12/26,2026,Regional,Tuolumne,Anthem Blue Cross,ACA Optional Expansion - UIS State-Only,$277.32 ,-,$294.12 
1/26-12/26,2026,Regional,Tuolumne,Anthem Blue Cross,SPD - UIS State-Only,$994.20 ,-,"$1,043.63 "
1/26-12/26,2026,Regional,Tuolumne,Anthem Blue Cross,SPD/Full-Dual - UIS State-Only,$665.01 ,-,$693.65 
1/26-12/26,2026,Regional,Tuolumne,Anthem Blue Cross,LTC - UIS State-Only,$994.20 ,-,"$1,043.63 "
1/26-12/26,2026,Regional,Tuolumne,Anthem Blue Cross,LTC/Full-Dual - UIS State-Only,$665.01 ,-,$693.65 
1/26-12/26,2026,Regional,Amador,Health Net of California,Child - SIS,$85.77 ,-,$93.93 
1/26-12/26,2026,Regional,Amador,Health Net of California,Adult - SIS,$334.78 ,-,$357.12 
1/26-12/26,2026,Regional,Amador,Health Net of California,ACA Optional Expansion - SIS,$436.08 ,-,$463.71 
1/26-12/26,2026,Regional,Amador,Health Net of California,SPD - SIS,"$1,313.15 ",-,"$1,384.47 "
1/26-12/26,2026,Regional,Amador,Health Net of California,SPD/Full-Dual - SIS,$835.31 ,-,$870.23 
1/26-12/26,2026,Regional,Amador,Health Net of California,LTC - SIS,"$1,313.15 ",-,"$1,384.47 "
1/26-12/26,2026,Regional,Amador,Health Net of California,LTC/Full-Dual - SIS,$835.31 ,-,$870.23 
1/26-12/26,2026,Regional,Amador,Health Net of California,Maternity - SIS,"$16,447.13 ",-,"$17,110.95 "
1/26-12/26,2026,Regional,Amador,Health Net of California,Child - UIS Federally Eligible,$23.90 ,-,$26.51 
1/26-12/26,2026,Regional,Amador,Health Net of California,Adult - UIS Federally Eligible,$125.04 ,-,$133.31 
1/26-12/26,2026,Regional,Amador,Health Net of California,ACA Optional Expansion - UIS Federally Eligible,$144.89 ,-,$154.28 
1/26-12/26,2026,Regional,Amador,Health Net of California,SPD - UIS Federally Eligible,$485.84 ,-,$514.36 
1/26-12/26,2026,Regional,Amador,Health Net of California,SPD/Full-Dual - UIS Federally Eligible,$132.37 ,-,$141.07 
1/26-12/26,2026,Regional,Amador,Health Net of California,LTC - UIS Federally Eligible,$485.84 ,-,$514.36 
1/26-12/26,2026,Regional,Amador,Health Net of California,LTC/Full-Dual - UIS Federally Eligible,$132.37 ,-,$141.07 
1/26-12/26,2026,Regional,Amador,Health Net of California,Maternity - UIS Federally Eligible,"$16,447.13 ",-,"$17,110.95 "
1/26-12/26,2026,Regional,Amador,Health Net of California,Child - UIS State-Only,$72.01 ,-,$78.26 
1/26-12/26,2026,Regional,Amador,Health Net of California,Adult - UIS State-Only,$158.13 ,-,$169.15 
1/26-12/26,2026,Regional,Amador,Health Net of California,ACA Optional Expansion - UIS State-Only,$277.32 ,-,$294.12 
1/26-12/26,2026,Regional,Amador,Health Net of California,SPD - UIS State-Only,$994.20 ,-,"$1,043.63 "
1/26-12/26,2026,Regional,Amador,Health Net of California,SPD/Full-Dual - UIS State-Only,$665.01 ,-,$693.65 
1/26-12/26,2026,Regional,Amador,Health Net of California,LTC - UIS State-Only,$994.20 ,-,"$1,043.63 "
1/26-12/26,2026,Regional,Amador,Health Net of California,LTC/Full-Dual - UIS State-Only,$665.01 ,-,$693.65 
1/26-12/26,2026,Regional,Calaveras,Health Net of California,Child - SIS,$85.77 ,-,$93.93 
1/26-12/26,2026,Regional,Calaveras,Health Net of California,Adult - SIS,$334.78 ,-,$357.12 
1/26-12/26,2026,Regional,Calaveras,Health Net of California,ACA Optional Expansion - SIS,$436.08 ,-,$463.71 
1/26-12/26,2026,Regional,Calaveras,Health Net of California,SPD - SIS,"$1,313.15 ",-,"$1,384.47 "
1/26-12/26,2026,Regional,Calaveras,Health Net of California,SPD/Full-Dual - SIS,$835.31 ,-,$870.23 
1/26-12/26,2026,Regional,Calaveras,Health Net of California,LTC - SIS,"$1,313.15 ",-,"$1,384.47 "
1/26-12/26,2026,Regional,Calaveras,Health Net of California,LTC/Full-Dual - SIS,$835.31 ,-,$870.23 
1/26-12/26,2026,Regional,Calaveras,Health Net of California,Maternity - SIS,"$16,447.13 ",-,"$17,110.95 "
1/26-12/26,2026,Regional,Calaveras,Health Net of California,Child - UIS Federally Eligible,$23.90 ,-,$26.51 
1/26-12/26,2026,Regional,Calaveras,Health Net of California,Adult - UIS Federally Eligible,$125.04 ,-,$133.31 
1/26-12/26,2026,Regional,Calaveras,Health Net of California,ACA Optional Expansion - UIS Federally Eligible,$144.89 ,-,$154.28 
1/26-12/26,2026,Regional,Calaveras,Health Net of California,SPD - UIS Federally Eligible,$485.84 ,-,$514.36 
1/26-12/26,2026,Regional,Calaveras,Health Net of California,SPD/Full-Dual - UIS Federally Eligible,$132.37 ,-,$141.07 
1/26-12/26,2026,Regional,Calaveras,Health Net of California,LTC - UIS Federally Eligible,$485.84 ,-,$514.36 
1/26-12/26,2026,Regional,Calaveras,Health Net of California,LTC/Full-Dual - UIS Federally Eligible,$132.37 ,-,$141.07 
1/26-12/26,2026,Regional,Calaveras,Health Net of California,Maternity - UIS Federally Eligible,"$16,447.13 ",-,"$17,110.95 "
1/26-12/26,2026,Regional,Calaveras,Health Net of California,Child - UIS State-Only,$72.01 ,-,$78.26 
1/26-12/26,2026,Regional,Calaveras,Health Net of California,Adult - UIS State-Only,$158.13 ,-,$169.15 
1/26-12/26,2026,Regional,Calaveras,Health Net of California,ACA Optional Expansion - UIS State-Only,$277.32 ,-,$294.12 
1/26-12/26,2026,Regional,Calaveras,Health Net of California,SPD - UIS State-Only,$994.20 ,-,"$1,043.63 "
1/26-12/26,2026,Regional,Calaveras,Health Net of California,SPD/Full-Dual - UIS State-Only,$665.01 ,-,$693.65 
1/26-12/26,2026,Regional,Calaveras,Health Net of California,LTC - UIS State-Only,$994.20 ,-,"$1,043.63 "
1/26-12/26,2026,Regional,Calaveras,Health Net of California,LTC/Full-Dual - UIS State-Only,$665.01 ,-,$693.65 
1/26-12/26,2026,Regional,Inyo,Health Net of California,Child - SIS,$85.77 ,-,$93.93 
1/26-12/26,2026,Regional,Inyo,Health Net of California,Adult - SIS,$334.78 ,-,$357.12 
1/26-12/26,2026,Regional,Inyo,Health Net of California,ACA Optional Expansion - SIS,$436.08 ,-,$463.71 
1/26-12/26,2026,Regional,Inyo,Health Net of California,SPD - SIS,"$1,313.15 ",-,"$1,384.47 "
1/26-12/26,2026,Regional,Inyo,Health Net of California,SPD/Full-Dual - SIS,$835.31 ,-,$870.23 
1/26-12/26,2026,Regional,Inyo,Health Net of California,LTC - SIS,"$1,313.15 ",-,"$1,384.47 "
1/26-12/26,2026,Regional,Inyo,Health Net of California,LTC/Full-Dual - SIS,$835.31 ,-,$870.23 
1/26-12/26,2026,Regional,Inyo,Health Net of California,Maternity - SIS,"$16,447.13 ",-,"$17,110.95 "
1/26-12/26,2026,Regional,Inyo,Health Net of California,Child - UIS Federally Eligible,$23.90 ,-,$26.51 
1/26-12/26,2026,Regional,Inyo,Health Net of California,Adult - UIS Federally Eligible,$125.04 ,-,$133.31 
1/26-12/26,2026,Regional,Inyo,Health Net of California,ACA Optional Expansion - UIS Federally Eligible,$144.89 ,-,$154.28 
1/26-12/26,2026,Regional,Inyo,Health Net of California,SPD - UIS Federally Eligible,$485.84 ,-,$514.36 
1/26-12/26,2026,Regional,Inyo,Health Net of California,SPD/Full-Dual - UIS Federally Eligible,$132.37 ,-,$141.07 
1/26-12/26,2026,Regional,Inyo,Health Net of California,LTC - UIS Federally Eligible,$485.84 ,-,$514.36 
1/26-12/26,2026,Regional,Inyo,Health Net of California,LTC/Full-Dual - UIS Federally Eligible,$132.37 ,-,$141.07 
1/26-12/26,2026,Regional,Inyo,Health Net of California,Maternity - UIS Federally Eligible,"$16,447.13 ",-,"$17,110.95 "
1/26-12/26,2026,Regional,Inyo,Health Net of California,Child - UIS State-Only,$72.01 ,-,$78.26 
1/26-12/26,2026,Regional,Inyo,Health Net of California,Adult - UIS State-Only,$158.13 ,-,$169.15 
1/26-12/26,2026,Regional,Inyo,Health Net of California,ACA Optional Expansion - UIS State-Only,$277.32 ,-,$294.12 
1/26-12/26,2026,Regional,Inyo,Health Net of California,SPD - UIS State-Only,$994.20 ,-,"$1,043.63 "
1/26-12/26,2026,Regional,Inyo,Health Net of California,SPD/Full-Dual - UIS State-Only,$665.01 ,-,$693.65 
1/26-12/26,2026,Regional,Inyo,Health Net of California,LTC - UIS State-Only,$994.20 ,-,"$1,043.63 "
1/26-12/26,2026,Regional,Inyo,Health Net of California,LTC/Full-Dual - UIS State-Only,$665.01 ,-,$693.65 
1/26-12/26,2026,Regional,Mono,Health Net of California,Child - SIS,$85.77 ,-,$93.93 
1/26-12/26,2026,Regional,Mono,Health Net of California,Adult - SIS,$334.78 ,-,$357.12 
1/26-12/26,2026,Regional,Mono,Health Net of California,ACA Optional Expansion - SIS,$436.08 ,-,$463.71 
1/26-12/26,2026,Regional,Mono,Health Net of California,SPD - SIS,"$1,313.15 ",-,"$1,384.47 "
1/26-12/26,2026,Regional,Mono,Health Net of California,SPD/Full-Dual - SIS,$835.31 ,-,$870.23 
1/26-12/26,2026,Regional,Mono,Health Net of California,LTC - SIS,"$1,313.15 ",-,"$1,384.47 "
1/26-12/26,2026,Regional,Mono,Health Net of California,LTC/Full-Dual - SIS,$835.31 ,-,$870.23 
1/26-12/26,2026,Regional,Mono,Health Net of California,Maternity - SIS,"$16,447.13 ",-,"$17,110.95 "
1/26-12/26,2026,Regional,Mono,Health Net of California,Child - UIS Federally Eligible,$23.90 ,-,$26.51 
1/26-12/26,2026,Regional,Mono,Health Net of California,Adult - UIS Federally Eligible,$125.04 ,-,$133.31 
1/26-12/26,2026,Regional,Mono,Health Net of California,ACA Optional Expansion - UIS Federally Eligible,$144.89 ,-,$154.28 
1/26-12/26,2026,Regional,Mono,Health Net of California,SPD - UIS Federally Eligible,$485.84 ,-,$514.36 
1/26-12/26,2026,Regional,Mono,Health Net of California,SPD/Full-Dual - UIS Federally Eligible,$132.37 ,-,$141.07 
1/26-12/26,2026,Regional,Mono,Health Net of California,LTC - UIS Federally Eligible,$485.84 ,-,$514.36 
1/26-12/26,2026,Regional,Mono,Health Net of California,LTC/Full-Dual - UIS Federally Eligible,$132.37 ,-,$141.07 
1/26-12/26,2026,Regional,Mono,Health Net of California,Maternity - UIS Federally Eligible,"$16,447.13 ",-,"$17,110.95 "
1/26-12/26,2026,Regional,Mono,Health Net of California,Child - UIS State-Only,$72.01 ,-,$78.26 
1/26-12/26,2026,Regional,Mono,Health Net of California,Adult - UIS State-Only,$158.13 ,-,$169.15 
1/26-12/26,2026,Regional,Mono,Health Net of California,ACA Optional Expansion - UIS State-Only,$277.32 ,-,$294.12 
1/26-12/26,2026,Regional,Mono,Health Net of California,SPD - UIS State-Only,$994.20 ,-,"$1,043.63 "
1/26-12/26,2026,Regional,Mono,Health Net of California,SPD/Full-Dual - UIS State-Only,$665.01 ,-,$693.65 
1/26-12/26,2026,Regional,Mono,Health Net of California,LTC - UIS State-Only,$994.20 ,-,"$1,043.63 "
1/26-12/26,2026,Regional,Mono,Health Net of California,LTC/Full-Dual - UIS State-Only,$665.01 ,-,$693.65 
1/26-12/26,2026,Regional,Tuolumne,Health Net of California,Child - SIS,$85.77 ,-,$93.93 
1/26-12/26,2026,Regional,Tuolumne,Health Net of California,Adult - SIS,$334.78 ,-,$357.12 
1/26-12/26,2026,Regional,Tuolumne,Health Net of California,ACA Optional Expansion - SIS,$436.08 ,-,$463.71 
1/26-12/26,2026,Regional,Tuolumne,Health Net of California,SPD - SIS,"$1,313.15 ",-,"$1,384.47 "
1/26-12/26,2026,Regional,Tuolumne,Health Net of California,SPD/Full-Dual - SIS,$835.31 ,-,$870.23 
1/26-12/26,2026,Regional,Tuolumne,Health Net of California,LTC - SIS,"$1,313.15 ",-,"$1,384.47 "
1/26-12/26,2026,Regional,Tuolumne,Health Net of California,LTC/Full-Dual - SIS,$835.31 ,-,$870.23 
1/26-12/26,2026,Regional,Tuolumne,Health Net of California,Maternity - SIS,"$16,447.13 ",-,"$17,110.95 "
1/26-12/26,2026,Regional,Tuolumne,Health Net of California,Child - UIS Federally Eligible,$23.90 ,-,$26.51 
1/26-12/26,2026,Regional,Tuolumne,Health Net of California,Adult - UIS Federally Eligible,$125.04 ,-,$133.31 
1/26-12/26,2026,Regional,Tuolumne,Health Net of California,ACA Optional Expansion - UIS Federally Eligible,$144.89 ,-,$154.28 
1/26-12/26,2026,Regional,Tuolumne,Health Net of California,SPD - UIS Federally Eligible,$485.84 ,-,$514.36 
1/26-12/26,2026,Regional,Tuolumne,Health Net of California,SPD/Full-Dual - UIS Federally Eligible,$132.37 ,-,$141.07 
1/26-12/26,2026,Regional,Tuolumne,Health Net of California,LTC - UIS Federally Eligible,$485.84 ,-,$514.36 
1/26-12/26,2026,Regional,Tuolumne,Health Net of California,LTC/Full-Dual - UIS Federally Eligible,$132.37 ,-,$141.07 
1/26-12/26,2026,Regional,Tuolumne,Health Net of California,Maternity - UIS Federally Eligible,"$16,447.13 ",-,"$17,110.95 "
1/26-12/26,2026,Regional,Tuolumne,Health Net of California,Child - UIS State-Only,$72.01 ,-,$78.26 
1/26-12/26,2026,Regional,Tuolumne,Health Net of California,Adult - UIS State-Only,$158.13 ,-,$169.15 
1/26-12/26,2026,Regional,Tuolumne,Health Net of California,ACA Optional Expansion - UIS State-Only,$277.32 ,-,$294.12 
1/26-12/26,2026,Regional,Tuolumne,Health Net of California,SPD - UIS State-Only,$994.20 ,-,"$1,043.63 "
1/26-12/26,2026,Regional,Tuolumne,Health Net of California,SPD/Full-Dual - UIS State-Only,$665.01 ,-,$693.65 
1/26-12/26,2026,Regional,Tuolumne,Health Net of California,LTC - UIS State-Only,$994.20 ,-,"$1,043.63 "
1/26-12/26,2026,Regional,Tuolumne,Health Net of California,LTC/Full-Dual - UIS State-Only,$665.01 ,-,$693.65 
1/26-12/26,2026,Regional,Amador,Kaiser Permanente,Child - SIS,$92.94 ,-,$101.63 
1/26-12/26,2026,Regional,Amador,Kaiser Permanente,Adult - SIS,$319.66 ,-,$340.99 
1/26-12/26,2026,Regional,Amador,Kaiser Permanente,ACA Optional Expansion - SIS,$431.81 ,-,$459.15 
1/26-12/26,2026,Regional,Amador,Kaiser Permanente,SPD - SIS,"$1,423.23 ",-,"$1,500.88 "
1/26-12/26,2026,Regional,Amador,Kaiser Permanente,SPD/Full-Dual - SIS,$817.47 ,-,$851.88 
1/26-12/26,2026,Regional,Amador,Kaiser Permanente,LTC - SIS,"$1,423.23 ",-,"$1,500.88 "
1/26-12/26,2026,Regional,Amador,Kaiser Permanente,LTC/Full-Dual - SIS,$817.47 ,-,$851.88 
1/26-12/26,2026,Regional,Amador,Kaiser Permanente,Maternity - SIS,"$16,447.13 ",-,"$17,110.95 "
1/26-12/26,2026,Regional,Amador,Kaiser Permanente,Child - UIS Federally Eligible,$23.90 ,-,$26.51 
1/26-12/26,2026,Regional,Amador,Kaiser Permanente,Adult - UIS Federally Eligible,$125.04 ,-,$133.31 
1/26-12/26,2026,Regional,Amador,Kaiser Permanente,ACA Optional Expansion - UIS Federally Eligible,$144.89 ,-,$154.28 
1/26-12/26,2026,Regional,Amador,Kaiser Permanente,SPD - UIS Federally Eligible,$485.84 ,-,$514.36 
1/26-12/26,2026,Regional,Amador,Kaiser Permanente,SPD/Full-Dual - UIS Federally Eligible,$132.37 ,-,$141.07 
1/26-12/26,2026,Regional,Amador,Kaiser Permanente,LTC - UIS Federally Eligible,$485.84 ,-,$514.36 
1/26-12/26,2026,Regional,Amador,Kaiser Permanente,LTC/Full-Dual - UIS Federally Eligible,$132.37 ,-,$141.07 
1/26-12/26,2026,Regional,Amador,Kaiser Permanente,Maternity - UIS Federally Eligible,"$16,447.13 ",-,"$17,110.95 "
1/26-12/26,2026,Regional,Amador,Kaiser Permanente,Child - UIS State-Only,$72.01 ,-,$78.26 
1/26-12/26,2026,Regional,Amador,Kaiser Permanente,Adult - UIS State-Only,$158.13 ,-,$169.15 
1/26-12/26,2026,Regional,Amador,Kaiser Permanente,ACA Optional Expansion - UIS State-Only,$277.32 ,-,$294.12 
1/26-12/26,2026,Regional,Amador,Kaiser Permanente,SPD - UIS State-Only,$994.20 ,-,"$1,043.63 "
1/26-12/26,2026,Regional,Amador,Kaiser Permanente,SPD/Full-Dual - UIS State-Only,$665.01 ,-,$693.65 
1/26-12/26,2026,Regional,Amador,Kaiser Permanente,LTC - UIS State-Only,$994.20 ,-,"$1,043.63 "
1/26-12/26,2026,Regional,Amador,Kaiser Permanente,LTC/Full-Dual - UIS State-Only,$665.01 ,-,$693.65 
