fips,n_obgyn,n_connected,n_hubs,n_isolated,mean_degree,median_degree,max_degree,mean_betweenness,mean_eigenvector,mean_weighted_degree,n_subspecialties,dominant_state,pct_connected,pct_isolated,pct_hub,county_name,total_births,morbidity_births,morbidity_rate,state,obgyn_per_10k_births,target,target_label
01003,29,14,4,15,3.5517241379310347,0.0,21,1.3604258299895105e-05,4.747491600527233e-09,65.48275862068965,4,AL,48.3,51.7,13.8,"Baldwin County, AL",2247,43.0,0.0191366266132621,AL,129.06,False,Other
01015,12,9,1,3,6.333333333333333,4.0,28,0.0046788734199271825,1.2554063308605306e-07,106.66666666666667,2,AL,75.0,25.0,8.3,"Calhoun County, AL",1357,16.0,0.0117907148120854,AL,88.43,False,Other
01055,8,6,0,2,1.875,1.5,5,4.871329735076458e-05,5.882196179680819e-13,34.125,2,AL,75.0,25.0,0.0,"Etowah County, AL",1214,11.0,0.0090609555189456,AL,65.9,False,Other
01069,30,23,4,7,10.533333333333333,3.0,94,0.0008508020308977542,1.1300408282201877e-05,183.16666666666666,3,AL,76.7,23.3,13.3,"Houston County, AL",1333,0.0,0.0,AL,225.06,False,Other
01073,220,74,3,146,1.5363636363636364,0.0,20,2.468310839854573e-05,3.519548204825752e-08,28.145454545454545,7,AL,33.6,66.4,1.4,"Jefferson County, AL",8655,50.0,0.0057770075101097,AL,254.19,False,Other
01081,20,13,3,7,5.7,3.5,22,6.93903321075162e-05,3.2611228095770547e-13,90.2,3,AL,65.0,35.0,15.0,"Lee County, AL",1898,26.0,0.0136986301369863,AL,105.37,False,Other
01089,78,20,3,58,1.7307692307692308,0.0,45,6.0315543559799135e-05,5.073571983920593e-07,28.397435897435898,6,AL,25.6,74.4,3.8,"Madison County, AL",4228,82.0,0.0193945127719962,AL,184.48,False,Other
01097,104,34,3,70,1.9615384615384615,0.0,27,5.814717625883176e-05,6.99251430612492e-09,33.72115384615385,7,AL,32.7,67.3,2.9,"Mobile County, AL",5504,76.0,0.0138081395348837,AL,188.95,False,Other
01101,42,18,3,24,3.0238095238095237,0.0,24,0.00011951652294540092,3.304555221829525e-08,48.19047619047619,3,AL,42.9,57.1,7.1,"Montgomery County, AL",3139,27.0,0.0086014654348518,AL,133.8,False,Other
01103,14,6,2,8,6.071428571428571,0.0,30,9.38251014094512e-05,3.9918472668042875e-14,116.5,3,AL,42.9,57.1,14.3,"Morgan County, AL",1470,28.0,0.019047619047619,AL,95.24,False,Other
01117,12,3,0,9,0.5833333333333334,0.0,3,0.0,2.145706060193865e-14,7.75,3,AL,25.0,75.0,0.0,"Shelby County, AL",2387,17.0,0.0071219103477167,AL,50.27,False,Other
01125,17,7,1,10,3.3529411764705883,0.0,34,8.924235976920108e-05,4.134078405262944e-11,55.23529411764706,1,AL,41.2,58.8,5.9,"Tuscaloosa County, AL",2591,43.0,0.0165959089154766,AL,65.61,False,Other
02020,87,5,0,82,0.2413793103448276,0.0,8,0.0,-2.1086301733895897e-20,3.7471264367816093,7,AK,5.7,94.3,0.0,"Anchorage Borough, AK",4518,86.0,0.0190349712262062,AK,192.56,True,Target (High Risk + Weak Network)
04003,8,3,0,5,0.75,0.0,3,0.0,4.572129439059367e-20,9.625,1,AZ,37.5,62.5,0.0,"Cochise County, AZ",1529,16.0,0.0104643557880967,AZ,52.32,False,Other
04005,37,6,1,31,0.6756756756756757,0.0,18,1.205145312144996e-08,4.4076805791355166e-20,9.64864864864865,2,AZ,16.2,83.8,2.7,"Coconino County, AZ",1612,22.0,0.0136476426799007,AZ,229.53,False,Other
04013,725,69,13,656,0.8717241379310345,0.0,142,4.162067348083363e-05,3.1109532107877427e-13,16.104827586206895,9,AZ,9.5,90.5,1.8,"Maricopa County, AZ",54126,411.0,0.0075933931936592,AZ,133.95,False,Other
04015,12,6,2,6,6.0,2.0,25,4.391476478346538e-08,-6.481384526032956e-19,104.91666666666667,3,AZ,50.0,50.0,16.7,"Mohave County, AZ",1802,0.0,0.0,AZ,66.59,False,Other
04017,6,1,0,5,0.5,0.0,3,0.0,1.1302446794760522e-19,6.666666666666667,1,AZ,16.7,83.3,0.0,"Navajo County, AZ",1497,21.0,0.0140280561122244,AZ,40.08,False,Other
04019,182,29,5,153,1.1538461538461537,0.0,57,0.00011055306998055742,1.319584235297296e-19,22.626373626373628,7,AZ,15.9,84.1,2.7,"Pima County, AZ",11421,197.0,0.017248927414412,AZ,159.36,False,Other
04021,23,0,0,23,0.0,0.0,0,0.0,0.0,0.0,4,AZ,0.0,100.0,0.0,"Pinal County, AZ",4470,47.0,0.0105145413870246,AZ,51.45,False,Other
04025,17,8,2,9,4.235294117647059,0.0,24,1.2354753395529232e-05,1.877828311181133e-14,70.29411764705883,3,AZ,47.1,52.9,11.8,"Yavapai County, AZ",1868,17.0,0.0091006423982869,AZ,91.01,False,Other
04027,24,9,0,15,1.1666666666666667,0.0,7,5.3844568712769994e-05,3.572156546512192e-15,19.0,2,AZ,37.5,62.5,0.0,"Yuma County, AZ",3007,64.0,0.0212836714333222,AZ,79.81,False,Other
05007,36,9,3,27,2.5,0.0,25,8.539695186981957e-05,-1.5797211312627022e-19,40.611111111111114,4,AR,25.0,75.0,8.3,"Benton County, AR",3622,53.0,0.0146327995582551,AR,99.39,False,Other
05045,22,12,0,10,2.1818181818181817,1.0,11,3.609194827498865e-05,3.3232214677386705e-08,31.954545454545453,2,AR,54.5,45.5,0.0,"Faulkner County, AR",1534,31.0,0.0202086049543676,AR,143.42,False,Other
05119,129,39,4,90,4.930232558139535,0.0,448,9.561058693589739e-05,3.6230420608631775e-08,138.1782945736434,8,AR,30.2,69.8,3.1,"Pulaski County, AR",5348,23.0,0.0043006731488406,AR,241.21,False,Other
05125,5,1,0,4,1.6,0.0,8,0.00011334873718847999,9.014366078356632e-12,21.6,2,AR,20.0,80.0,0.0,"Saline County, AR",1326,0.0,0.0,AR,37.71,False,Other
05131,27,11,2,16,2.3333333333333335,0.0,25,2.8514820146235825e-05,7.837127389172337e-16,39.7037037037037,3,AR,40.7,59.3,7.4,"Sebastian County, AR",1721,32.0,0.0185938407902382,AR,156.89,False,Other
05143,35,11,0,24,0.8285714285714286,0.0,7,5.78748341862784e-06,3.4901881781176983e-16,13.0,4,AR,31.4,68.6,0.0,"Washington County, AR",3280,36.0,0.0109756097560975,AR,106.71,False,Other
06001,376,48,4,328,0.6329787234042553,0.0,37,8.824437495642949e-05,2.8111577378473773e-16,11.034574468085106,8,CA,12.8,87.2,1.1,"Alameda County, CA",19573,267.0,0.0136412404843406,CA,192.1,False,Other
06007,33,12,3,21,3.303030303030303,0.0,23,3.209340145776482e-05,2.3310171552255425e-19,51.303030303030305,5,CA,36.4,63.6,9.1,"Butte County, CA",2490,25.0,0.0100401606425702,CA,132.53,False,Other
06013,179,24,1,155,0.7039106145251397,0.0,16,8.637378059133804e-05,1.5224192644793987e-18,11.318435754189943,8,CA,13.4,86.6,0.6,"Contra Costa County, CA",12340,252.0,0.0204213938411669,CA,145.06,True,Target (High Risk + Weak Network)
06017,17,8,0,9,1.7058823529411764,0.0,6,0.0,2.926160022446796e-19,26.235294117647058,2,CA,47.1,52.9,0.0,"El Dorado County, CA",1601,14.0,0.0087445346658338,CA,106.18,False,Other
06019,145,44,1,101,0.8413793103448276,0.0,16,6.229722905528782e-06,-1.5074355210456689e-19,14.248275862068965,6,CA,30.3,69.7,0.7,"Fresno County, CA",15129,50.0,0.0033049110978914,CA,95.84,False,Other
06023,13,5,2,8,4.153846153846154,0.0,30,9.354624450915703e-08,1.060020256708161e-18,90.15384615384616,3,CA,38.5,61.5,15.4,"Humboldt County, CA",1482,31.0,0.0209176788124156,CA,87.72,False,Other
06025,16,6,2,10,4.6875,0.0,40,0.0,1.0393143565260837e-18,86.375,3,CA,37.5,62.5,12.5,"Imperial County, CA",2939,0.0,0.0,CA,54.44,False,Other
06029,101,18,0,83,0.45544554455445546,0.0,9,2.2299201809917832e-06,4.3299376055079355e-19,6.198019801980198,9,CA,17.8,82.2,0.0,"Kern County, CA",13728,87.0,0.0063374125874125,CA,73.57,False,Other
06031,4,3,0,1,2.5,1.0,8,4.053670595396805e-08,-1.321170948824154e-19,33.5,2,CA,75.0,25.0,0.0,"Kings County, CA",2248,0.0,0.0,CA,17.79,False,Other
06037,1670,237,34,1433,1.0568862275449102,0.0,133,8.741902457334383e-05,4.755623230800571e-16,20.678443113772456,9,CA,14.2,85.8,2.0,"Los Angeles County, CA",123092,1105.0,0.0089770253143989,CA,135.67,False,Other
06039,17,3,0,14,0.5882352941176471,0.0,5,8.345792402287539e-09,5.606913838046379e-20,9.294117647058824,4,CA,17.6,82.4,0.0,"Madera County, CA",2355,84.0,0.0356687898089171,CA,72.19,False,Other
06041,61,16,5,45,2.7540983606557377,0.0,34,8.624361401350094e-05,2.3671094895544817e-15,46.24590163934426,4,CA,26.2,73.8,8.2,"Marin County, CA",2252,20.0,0.0088809946714031,CA,270.87,False,Other
06047,20,8,0,12,1.2,0.0,7,4.322226272341843e-07,9.259042644059073e-20,17.25,3,CA,40.0,60.0,0.0,"Merced County, CA",4117,31.0,0.0075297546757347,CA,48.58,False,Other
06053,65,22,7,43,4.153846153846154,0.0,58,0.00011249410389565595,2.6516262475092773e-18,77.44615384615385,3,CA,33.8,66.2,10.8,"Monterey County, CA",6219,75.0,0.0120598166907863,CA,104.52,False,Other
06055,22,8,1,14,2.727272727272727,0.0,18,8.101690619660152e-05,-1.3276821080978297e-19,45.54545454545455,2,CA,36.4,63.6,4.5,"Napa County, CA",1406,21.0,0.0149359886201991,CA,156.47,False,Other
06059,566,95,9,471,0.7756183745583038,0.0,30,4.788010451193725e-07,6.5775549762078346e-21,12.740282685512367,8,CA,16.8,83.2,1.6,"Orange County, CA",38106,289.0,0.0075841074896341,CA,148.53,False,Other
06061,67,10,1,57,1.044776119402985,0.0,53,4.023600829935335e-05,-1.405579974376777e-19,16.98507462686567,5,CA,14.9,85.1,1.5,"Placer County, CA",3732,55.0,0.0147374062165058,CA,179.53,False,Other
06065,191,28,10,163,1.743455497382199,0.0,55,4.2966515372148754e-05,-2.0115276651021942e-19,32.00523560209424,8,CA,14.7,85.3,5.2,"Riverside County, CA",30661,223.0,0.0072730830696976,CA,62.29,False,Other
06067,334,37,4,297,0.5239520958083832,0.0,29,9.911588707893975e-06,4.7466174254976475e-20,9.583832335329342,7,CA,11.1,88.9,1.2,"Sacramento County, CA",19588,235.0,0.0119971411068,CA,170.51,False,Other
06071,255,25,2,230,0.4823529411764706,0.0,26,2.1484454155598305e-06,2.2007023841502967e-16,8.098039215686274,8,CA,9.8,90.2,0.8,"San Bernardino County, CA",31032,651.0,0.0209783449342614,CA,82.17,True,Target (High Risk + Weak Network)
06073,646,52,0,594,0.23839009287925697,0.0,13,4.3501658517938616e-08,6.84835487358117e-21,3.7476780185758516,7,CA,8.0,92.0,0.0,"San Diego County, CA",42720,743.0,0.0173923220973782,CA,151.22,True,Target (High Risk + Weak Network)
06075,296,42,3,254,0.6621621621621622,0.0,24,1.7480119196420877e-05,7.462865510676371e-20,10.243243243243244,7,CA,14.2,85.8,1.0,"San Francisco County, CA",9062,119.0,0.0131317589935996,CA,326.64,False,Other
06077,84,23,1,61,0.9285714285714286,0.0,19,1.0182434471770546e-07,7.464644584979857e-20,15.571428571428571,4,CA,27.4,72.6,1.2,"San Joaquin County, CA",10268,48.0,0.0046747175691468,CA,81.81,False,Other
06079,45,17,0,28,1.0,0.0,12,1.7749071769918901e-06,1.3969596870657703e-19,13.933333333333334,6,CA,37.8,62.2,0.0,"San Luis Obispo County, CA",2581,19.0,0.0073614877954281,CA,174.35,False,Other
06081,132,27,0,105,0.6287878787878788,0.0,12,3.920800281436105e-06,4.898025714138341e-19,10.924242424242424,6,CA,20.5,79.5,0.0,"San Mateo County, CA",8960,62.0,0.0069196428571428,CA,147.32,False,Other
06083,92,16,2,76,0.9782608695652174,0.0,30,3.745239137051396e-09,1.1072775238287558e-19,15.630434782608695,7,CA,17.4,82.6,2.2,"Santa Barbara County, CA",5501,45.0,0.0081803308489365,CA,167.24,False,Other
06085,562,86,3,476,0.5604982206405694,0.0,88,7.874038743447565e-06,5.528033438798122e-19,10.692170818505337,7,CA,15.3,84.7,0.5,"Santa Clara County, CA",23042,348.0,0.015102855654891,CA,243.9,False,Other
06087,48,15,0,33,0.7916666666666666,0.0,6,3.916296202997246e-06,3.9643793016412685e-18,15.604166666666666,4,CA,31.2,68.8,0.0,"Santa Cruz County, CA",2799,21.0,0.007502679528403,CA,171.49,False,Other
06089,16,7,2,9,5.8125,0.0,52,0.001196804439812875,1.7124542863764778e-18,91.8125,2,CA,43.8,56.2,12.5,"Shasta County, CA",2048,0.0,0.0,CA,78.12,False,Other
06095,70,8,0,62,0.35714285714285715,0.0,7,1.3707197570434624e-06,2.3555547610155936e-20,6.0285714285714285,4,CA,11.4,88.6,0.0,"Solano County, CA",5259,64.0,0.012169613995056,CA,133.11,False,Other
06097,56,15,4,41,2.232142857142857,0.0,26,5.226701523939613e-05,2.9915038889934238e-18,35.785714285714285,4,CA,26.8,73.2,7.1,"Sonoma County, CA",4962,66.0,0.0133010882708585,CA,112.86,False,Other
06099,72,18,1,54,3.4444444444444446,0.0,200,5.300737313286237e-07,9.626132456987457e-16,67.43055555555556,5,CA,25.0,75.0,1.4,"Stanislaus County, CA",7862,24.0,0.0030526583566522,CA,91.58,False,Other
06107,54,16,0,38,1.0,0.0,12,2.345874187150929e-08,-2.886186343328492e-19,17.0,3,CA,29.6,70.4,0.0,"Tulare County, CA",7146,27.0,0.0037783375314861,CA,75.57,False,Other
06111,129,27,1,102,0.9767441860465116,0.0,39,1.727664980617056e-05,-6.435175458657245e-20,14.868217054263566,9,CA,20.9,79.1,0.8,"Ventura County, CA",9592,127.0,0.0132402001668056,CA,134.49,False,Other
06113,26,5,1,21,1.5384615384615385,0.0,35,0.0,-3.865354276380545e-20,26.923076923076923,2,CA,19.2,80.8,3.8,"Yolo County, CA",2423,29.0,0.0119686339248865,CA,107.3,False,Other
08001,201,20,1,181,0.38308457711442784,0.0,19,5.2536377616958595e-08,1.9744927424618856e-19,10.492537313432836,7,CO,10.0,90.0,0.5,"Adams County, CO",6672,76.0,0.0113908872901678,CO,301.26,False,Other
08005,137,7,0,130,0.24087591240875914,0.0,11,3.131485192307735e-07,4.032238274372835e-19,3.8905109489051095,5,CO,5.1,94.9,0.0,"Arapahoe County, CO",7910,121.0,0.0152970922882427,CO,173.2,False,Other
08013,93,12,0,81,0.21505376344086022,0.0,4,2.1793927932240885e-10,-4.8786156075916114e-20,3.0,3,CO,12.9,87.1,0.0,"Boulder County, CO",2729,41.0,0.0150238182484426,CO,340.78,False,Other
08031,223,20,1,203,1.8789237668161436,0.0,379,3.0547952625849014e-07,2.113367819803606e-09,44.152466367713004,7,CO,9.0,91.0,0.4,"Denver County, CO",10006,171.0,0.0170897461523086,CO,222.87,True,Target (High Risk + Weak Network)
08035,99,5,1,94,0.36363636363636365,0.0,28,1.0932626757282293e-07,1.0273984416468077e-15,5.646464646464646,6,CO,5.1,94.9,1.0,"Douglas County, CO",3488,68.0,0.0194954128440367,CO,283.83,True,Target (High Risk + Weak Network)
08041,113,13,1,100,0.584070796460177,0.0,39,4.5038791438236184e-07,1.8786541897255586e-09,10.256637168141593,6,CO,11.5,88.5,0.9,"El Paso County, CO",9490,83.0,0.0087460484720758,CO,119.07,False,Other
08059,70,1,0,69,0.02857142857142857,0.0,2,0.0,3.14899017507556e-21,0.35714285714285715,4,CO,1.4,98.6,0.0,"Jefferson County, CO",6104,67.0,0.0109764089121887,CO,114.68,False,Other
08069,47,10,0,37,0.5531914893617021,0.0,9,0.0,-5.509845793334067e-20,8.574468085106384,5,CO,21.3,78.7,0.0,"Larimer County, CO",3375,35.0,0.0103703703703703,CO,139.26,False,Other
08077,29,5,1,24,0.9655172413793104,0.0,20,1.817162680695119e-08,-1.7858139880576675e-21,15.241379310344827,4,CO,17.2,82.8,3.4,"Mesa County, CO",1770,16.0,0.0090395480225988,CO,163.84,False,Other
08101,24,8,0,16,0.7916666666666666,0.0,6,2.2084059597838843e-07,2.0866108569303407e-15,11.333333333333334,3,CO,33.3,66.7,0.0,"Pueblo County, CO",1883,19.0,0.0100902814657461,CO,127.46,False,Other
08123,22,3,1,19,1.0,0.0,20,2.763866315043276e-08,3.0670901890456854e-20,13.454545454545455,3,CO,13.6,86.4,4.5,"Weld County, CO",4306,50.0,0.011611704598235,CO,51.09,False,Other
09001,295,91,2,204,1.0983050847457627,0.0,59,0.0001204903471798699,4.2468162744158035e-16,20.840677966101694,9,CT,30.8,69.2,0.7,"Fairfield County, CT",10064,108.0,0.0107313195548489,CT,293.12,False,Other
09003,238,87,0,151,0.773109243697479,0.0,8,7.581896914036862e-06,-6.611139007230162e-19,14.823529411764707,7,CT,36.6,63.4,0.0,"Hartford County, CT",9442,94.0,0.0099555178987502,CT,252.07,False,Other
09005,14,11,0,3,3.642857142857143,3.0,11,9.437813789782775e-06,-8.67143602032323e-19,61.642857142857146,1,CT,78.6,21.4,0.0,"Litchfield County, CT",1422,23.0,0.0161744022503516,CT,98.45,False,Other
09007,23,8,0,15,2.5217391304347827,0.0,13,5.780269899214003e-05,-6.845879687921257e-19,43.17391304347826,3,CT,34.8,65.2,0.0,"Middlesex County, CT",1277,22.0,0.0172278778386844,CT,180.11,False,Other
09009,243,58,2,185,0.8559670781893004,0.0,29,5.597710902253134e-05,-1.5008863982751775e-19,13.469135802469136,7,CT,23.9,76.1,0.8,"New Haven County, CT",8886,131.0,0.0147422912446545,CT,273.46,False,Other
09011,36,16,1,20,2.25,0.0,22,1.7324374707071387e-05,-1.805638225487502e-19,34.833333333333336,3,CT,44.4,55.6,2.8,"New London County, CT",2647,22.0,0.0083112958065734,CT,136.0,False,Other
09013,10,5,0,5,1.1,0.5,3,5.7724269278446795e-05,-7.000220292987572e-19,17.4,2,CT,50.0,50.0,0.0,"Tolland County, CT",1175,20.0,0.0170212765957446,CT,85.11,False,Other
09015,13,3,0,10,0.6923076923076923,0.0,5,1.0913728526068321e-08,7.650524829284234e-20,9.538461538461538,2,CT,23.1,76.9,0.0,"Windham County, CT",1102,25.0,0.0226860254083484,CT,117.97,False,Other
10001,15,9,3,6,7.133333333333334,3.0,29,0.0031540884681553294,-3.164536520271737e-19,104.2,3,DE,60.0,40.0,20.0,"Kent County, DE",2190,53.0,0.0242009132420091,DE,68.49,False,Other
10003,112,29,2,83,1.7053571428571428,0.0,55,0.0004685715204798586,2.0979086427587668e-19,26.339285714285715,7,DE,25.9,74.1,1.8,"New Castle County, DE",6501,189.0,0.0290724503922473,DE,172.28,False,Other
10005,31,15,7,16,10.612903225806452,0.0,83,0.00018296187747502822,-1.613632944991331e-19,207.38709677419354,3,DE,48.4,51.6,22.6,"Sussex County, DE",2301,48.0,0.0208604954367666,DE,134.72,False,Other
11001,297,18,2,279,0.26262626262626265,0.0,17,3.2313350621555334e-07,2.4159351083055314e-20,3.7104377104377106,7,DC,6.1,93.9,0.7,"District of Columbia, DC",9858,71.0,0.0072022722661797,DC,301.28,False,Other
12001,43,11,3,32,3.3488372093023258,0.0,65,7.164627098840864e-08,-2.934232128417503e-19,51.72093023255814,5,FL,25.6,74.4,7.0,"Alachua County, FL",2862,10.0,0.0034940600978336,FL,150.24,False,Other
12005,24,8,1,16,1.9583333333333333,0.0,26,0.0,5.815377982207998e-20,36.041666666666664,4,FL,33.3,66.7,4.2,"Bay County, FL",2343,15.0,0.0064020486555697,FL,102.43,False,Other
12009,78,29,7,49,4.012820512820513,0.0,63,5.9079631860350955e-05,3.5331226124620022e-19,63.46153846153846,7,FL,37.2,62.8,9.0,"Brevard County, FL",5273,16.0,0.0030343258107339,FL,147.92,False,Other
12011,362,58,4,304,0.925414364640884,0.0,60,5.682909892739234e-05,6.981476012743092e-19,15.149171270718233,8,FL,16.0,84.0,1.1,"Broward County, FL",22563,85.0,0.0037672295350795,FL,160.44,False,Other
12015,13,6,1,7,7.461538461538462,0.0,73,0.00015328771604941288,2.9745634163766734e-17,140.23076923076923,2,FL,46.2,53.8,7.7,"Charlotte County, FL",1037,0.0,0.0,FL,125.36,False,Other
12017,12,8,2,4,9.083333333333334,1.5,48,0.0001572900197337497,-6.323489271227713e-19,144.75,2,FL,66.7,33.3,16.7,"Citrus County, FL",1064,0.0,0.0,FL,112.78,False,Other
12019,28,6,0,22,0.5,0.0,4,3.619348745890005e-09,-8.760536658502098e-20,8.678571428571429,3,FL,21.4,78.6,0.0,"Clay County, FL",2209,14.0,0.0063377093707559,FL,126.75,False,Other
12021,67,24,5,43,3.08955223880597,0.0,35,0.0001821533268147772,6.589231431831013e-12,49.1044776119403,6,FL,35.8,64.2,7.5,"Collier County, FL",3322,40.0,0.012040939193257,FL,201.69,False,Other
12031,230,49,11,181,1.6565217391304348,0.0,30,3.22626649035449e-07,5.0151236026319096e-20,25.38695652173913,7,FL,21.3,78.7,4.8,"Duval County, FL",13292,144.0,0.0108335841107433,FL,173.04,False,Other
12033,104,28,2,76,1.0384615384615385,0.0,20,2.6638835987389043e-05,1.8826725529080894e-05,15.788461538461538,6,FL,26.9,73.1,1.9,"Escambia County, FL",3967,23.0,0.0057978321149483,FL,262.16,False,Other
12053,18,5,1,13,2.611111111111111,0.0,25,0.0017360538649926146,2.932740260027281e-20,40.611111111111114,3,FL,27.8,72.2,5.6,"Hernando County, FL",1585,10.0,0.0063091482649842,FL,113.56,False,Other
12057,365,45,3,320,0.5260273972602739,0.0,26,7.224084655188847e-05,1.1925069283809839e-20,8.098630136986301,8,FL,12.3,87.7,0.8,"Hillsborough County, FL",17325,102.0,0.0058874458874458,FL,210.68,False,Other
12061,22,7,5,15,10.954545454545455,0.0,74,0.0014151904987130765,-1.2398993872018468e-18,199.4090909090909,3,FL,31.8,68.2,22.7,"Indian River County, FL",1245,14.0,0.0112449799196787,FL,176.71,False,Other
12069,36,16,3,20,4.833333333333333,0.0,62,0.00024301515538086772,1.38300383726429e-19,82.52777777777777,4,FL,44.4,55.6,8.3,"Lake County, FL",3269,18.0,0.0055062710308962,FL,110.13,False,Other
12071,108,30,5,78,1.6203703703703705,0.0,27,1.173767533037615e-05,2.799983189758309e-13,24.694444444444443,7,FL,27.8,72.2,4.6,"Lee County, FL",6750,31.0,0.0045925925925925,FL,160.0,False,Other
12073,47,6,1,41,0.9148936170212766,0.0,29,3.931772983165958e-06,-2.808769097791456e-20,14.085106382978724,4,FL,12.8,87.2,2.1,"Leon County, FL",2989,16.0,0.0053529608564737,FL,157.24,False,Other
12081,56,18,3,38,2.375,0.0,23,3.813164871232094e-05,7.152032720252076e-19,41.089285714285715,5,FL,32.1,67.9,5.4,"Manatee County, FL",3445,27.0,0.0078374455732946,FL,162.55,False,Other
12083,26,14,3,12,11.384615384615385,1.0,101,0.0003616655672011545,-1.4255559699670404e-18,229.92307692307693,3,FL,53.8,46.2,11.5,"Marion County, FL",3472,11.0,0.0031682027649769,FL,74.88,False,Other
12085,30,13,2,17,5.1,0.0,85,0.0006043795019553837,1.659830279414643e-19,81.9,2,FL,43.3,56.7,6.7,"Martin County, FL",1273,18.0,0.01413982717989,FL,235.66,False,Other
12086,482,44,5,438,0.9336099585062241,0.0,241,1.4723171290472733e-05,2.103103795704447e-13,16.647302904564317,9,FL,9.1,90.9,1.0,"Miami-Dade County, FL",32697,141.0,0.0043123222313973,FL,147.41,False,Other
12091,43,8,2,35,8.348837209302326,0.0,311,0.0002526305649086942,0.01716872841291825,399.3255813953488,3,FL,18.6,81.4,4.7,"Okaloosa County, FL",2784,24.0,0.0086206896551724,FL,154.45,False,Other
12095,404,59,4,345,0.7648514851485149,0.0,64,5.2855492916270525e-05,1.373204771530258e-06,12.680693069306932,8,FL,14.6,85.4,1.0,"Orange County, FL",16653,96.0,0.0057647270762024,FL,242.6,False,Other
12097,72,19,1,53,0.75,0.0,14,0.00026070523980922594,6.838727933481137e-13,13.23611111111111,6,FL,26.4,73.6,1.4,"Osceola County, FL",4328,10.0,0.0023105360443622,FL,166.36,False,Other
12099,278,77,16,201,3.2841726618705036,0.0,202,0.0003220148869971685,5.219454257269473e-16,52.388489208633096,8,FL,27.7,72.3,5.8,"Palm Beach County, FL",14965,115.0,0.0076845973939191,FL,185.77,False,Other
12101,45,13,1,32,2.8444444444444446,0.0,105,0.0003974259928388697,-2.178679034178763e-19,47.62222222222222,5,FL,28.9,71.1,2.2,"Pasco County, FL",5108,64.0,0.0125293657008613,FL,88.1,False,Other
12103,162,36,4,126,1.1358024691358024,0.0,36,2.0416596214088343e-05,7.548886552991531e-11,18.820987654320987,8,FL,22.2,77.8,2.5,"Pinellas County, FL",8480,72.0,0.0084905660377358,FL,191.04,False,Other
12105,76,20,6,56,3.3552631578947367,0.0,73,7.695224680815946e-05,-2.004202319868866e-19,60.85526315789474,6,FL,26.3,73.7,7.9,"Polk County, FL",7804,54.0,0.0069195284469502,FL,97.39,False,Other
12109,37,8,3,29,2.945945945945946,0.0,49,1.290449644916336e-05,1.7514040152028008e-19,47.972972972972975,4,FL,21.6,78.4,8.1,"St. Johns County, FL",2120,18.0,0.0084905660377358,FL,174.53,False,Other
12111,22,8,3,14,2.6818181818181817,0.0,20,0.0006891555339463861,-3.9750289790102655e-19,40.5,3,FL,36.4,63.6,13.6,"St. Lucie County, FL",2999,28.0,0.0093364454818272,FL,73.36,False,Other
12113,12,5,2,7,5.25,0.0,28,7.78493362600827e-05,0.00033778738856135994,99.16666666666667,2,FL,41.7,58.3,16.7,"Santa Rosa County, FL",1906,12.0,0.0062959076600209,FL,62.96,False,Other
12115,92,33,11,59,5.967391304347826,0.0,64,0.00018387551162484303,5.700708454405514e-13,115.20652173913044,7,FL,35.9,64.1,12.0,"Sarasota County, FL",2926,30.0,0.010252904989747,FL,314.42,False,Other
12117,52,13,0,39,0.6538461538461539,0.0,12,3.236967706216305e-05,6.53750445850519e-20,9.403846153846153,4,FL,25.0,75.0,0.0,"Seminole County, FL",4753,17.0,0.0035766884073216,FL,109.4,False,Other
12127,43,14,4,29,3.813953488372093,0.0,51,6.725567213198658e-05,-1.1382841619979496e-20,56.81395348837209,5,FL,32.6,67.4,9.3,"Volusia County, FL",5032,37.0,0.0073529411764705,FL,85.45,False,Other
13015,5,2,0,3,2.2,0.0,6,0.00010766211295489476,2.0891735466141314e-15,40.2,2,GA,40.0,60.0,0.0,"Bartow County, GA",1338,0.0,0.0,GA,37.37,False,Other
13021,80,20,3,60,1.2125,0.0,22,2.031720815280458e-05,1.5205873291571604e-08,19.9875,8,GA,25.0,75.0,3.8,"Bibb County, GA",2191,17.0,0.0077590141487905,GA,365.13,False,Other
13045,25,8,1,17,1.76,0.0,19,5.888767273932685e-05,2.0534444185439857e-08,25.56,3,GA,32.0,68.0,4.0,"Carroll County, GA",1615,11.0,0.0068111455108359,GA,154.8,False,Other
13051,72,16,1,56,1.0833333333333333,0.0,20,2.120168248108317e-05,-1.4841528070721027e-19,19.36111111111111,7,GA,22.2,77.8,1.4,"Chatham County, GA",3975,21.0,0.0052830188679245,GA,181.13,False,Other
13057,25,8,0,17,0.96,0.0,8,0.002067687099971824,4.2035712790296345e-08,14.64,2,GA,32.0,68.0,0.0,"Cherokee County, GA",2700,43.0,0.0159259259259259,GA,92.59,False,Other
13059,38,7,0,31,0.6052631578947368,0.0,9,2.318957379793247e-05,2.501754090309305e-08,11.289473684210526,5,GA,18.4,81.6,0.0,"Clarke County, GA",1392,20.0,0.014367816091954,GA,272.99,False,Other
13063,24,2,0,22,0.125,0.0,2,4.4421473607889985e-07,-3.538987750197083e-20,1.8333333333333333,3,GA,8.3,91.7,0.0,"Clayton County, GA",3809,25.0,0.0065634024678393,GA,63.01,False,Other
13067,148,12,1,136,0.28378378378378377,0.0,19,4.1084499277670325e-10,2.4608753567593685e-13,4.5608108108108105,7,GA,8.1,91.9,0.7,"Cobb County, GA",9579,111.0,0.0115878484184152,GA,154.5,False,Other
13073,5,2,0,3,1.2,0.0,4,0.0,7.21524739365126e-19,19.2,2,GA,40.0,60.0,0.0,"Columbia County, GA",1831,26.0,0.014199890770071,GA,27.31,False,Other
13077,22,5,1,17,1.4545454545454546,0.0,20,9.21288771681092e-10,1.8768802330836214e-08,22.227272727272727,3,GA,22.7,77.3,4.5,"Coweta County, GA",1634,11.0,0.0067319461444308,GA,134.64,False,Other
13089,122,16,1,106,0.5737704918032787,0.0,20,0.0004299946700666987,1.5976152746046768e-09,9.885245901639344,6,GA,13.1,86.9,0.8,"DeKalb County, GA",11060,66.0,0.0059674502712477,GA,110.31,False,Other
13097,18,4,0,14,0.7777777777777778,0.0,11,0.0,7.28918305210209e-20,10.38888888888889,4,GA,22.2,77.8,0.0,"Douglas County, GA",1693,17.0,0.0100413467217956,GA,106.32,False,Other
13113,42,12,2,30,2.0714285714285716,0.0,52,2.0075321043869047e-05,2.085315109587802e-19,33.5,4,GA,28.6,71.4,4.8,"Fayette County, GA",911,0.0,0.0,GA,461.03,False,Other
13117,12,1,0,11,0.16666666666666666,0.0,2,0.0,-1.1840346692642418e-19,2.4166666666666665,3,GA,8.3,91.7,0.0,"Forsyth County, GA",2297,28.0,0.0121898127993034,GA,52.24,False,Other
13121,486,51,3,435,0.39094650205761317,0.0,23,5.055828048147176e-06,2.258144884201947e-09,6.113168724279835,8,GA,10.5,89.5,0.6,"Fulton County, GA",13123,101.0,0.0076964108816581,GA,370.34,False,Other
13135,138,21,1,117,0.644927536231884,0.0,19,8.706271021261553e-06,1.1574424701320674e-09,11.130434782608695,7,GA,15.2,84.8,0.7,"Gwinnett County, GA",11365,62.0,0.0054553453585569,GA,121.43,False,Other
13139,43,12,0,31,0.813953488372093,0.0,5,1.871998697935302e-05,2.6391048943693055e-08,13.55813953488372,6,GA,27.9,72.1,0.0,"Hall County, GA",2574,0.0,0.0,GA,167.06,False,Other
13151,36,3,0,33,0.08333333333333333,0.0,1,0.0,9.919847478153414e-09,2.111111111111111,4,GA,8.3,91.7,0.0,"Henry County, GA",2511,15.0,0.005973715651135,GA,143.37,False,Other
13153,14,7,1,7,3.142857142857143,0.5,21,1.0973865397538492e-06,-1.2559006994807106e-19,50.357142857142854,2,GA,50.0,50.0,7.1,"Houston County, GA",1956,0.0,0.0,GA,71.57,False,Other
13185,12,8,4,4,10.916666666666666,6.5,59,3.479400594382257e-07,-1.753578390551859e-18,173.25,2,GA,66.7,33.3,33.3,"Lowndes County, GA",1605,35.0,0.0218068535825545,GA,74.77,False,Other
13215,49,17,1,32,1.6326530612244898,0.0,19,1.5230219522702904e-05,1.0737568016629802e-08,27.897959183673468,7,GA,34.7,65.3,2.0,"Muscogee County, GA",2912,43.0,0.0147664835164835,GA,168.27,False,Other
13223,5,1,0,4,0.4,0.0,2,0.0,2.5059725118218532e-11,19.6,2,GA,20.0,80.0,0.0,"Paulding County, GA",1644,0.0,0.0,GA,30.41,False,Other
13245,122,20,4,102,1.5,0.0,42,2.1079640876199367e-07,1.7116506572829656e-19,26.098360655737704,7,GA,16.4,83.6,3.3,"Richmond County, GA",3061,29.0,0.0094740280953936,GA,398.56,False,Other
13313,16,8,0,8,2.5625,0.5,10,3.697982113518144e-05,1.4102735656892459e-07,41.125,2,GA,50.0,50.0,0.0,"Whitfield County, GA",1424,0.0,0.0,GA,112.36,False,Other
15001,26,7,1,19,2.0384615384615383,0.0,15,0.0,3.976976450449033e-19,46.5,2,HI,26.9,73.1,3.8,"Hawaii County, HI",2349,20.0,0.0085142613878246,HI,110.69,False,Other
15003,277,54,3,223,1.032490974729242,0.0,28,0.0,-1.5517786192809575e-20,17.99638989169675,7,HI,19.5,80.5,1.1,"Honolulu County, HI",12983,217.0,0.0167141646768851,HI,213.36,False,Other
15009,34,4,0,30,0.3235294117647059,0.0,4,0.0,-6.787389183553099e-20,4.705882352941177,1,HI,11.8,88.2,0.0,"Maui County, HI",1882,0.0,0.0,HI,180.66,False,Other
16001,108,7,0,101,0.28703703703703703,0.0,12,0.0,-1.1786207222469047e-20,4.212962962962963,7,ID,6.5,93.5,0.0,"Ada County, ID",5045,70.0,0.0138751238850346,ID,214.07,False,Other
16019,23,10,0,13,2.260869565217391,0.0,8,0.0,8.873128026262077e-20,35.56521739130435,3,ID,43.5,56.5,0.0,"Bonneville County, ID",1910,21.0,0.0109947643979057,ID,120.42,False,Other
16027,29,2,0,27,0.10344827586206896,0.0,2,0.0,3.1756658190591485e-20,1.2413793103448276,3,ID,6.9,93.1,0.0,"Canyon County, ID",3129,45.0,0.0143815915627996,ID,92.68,False,Other
16055,22,2,0,20,0.09090909090909091,0.0,1,0.0,-1.8065156074210845e-20,1.0,5,ID,9.1,90.9,0.0,"Kootenai County, ID",1754,21.0,0.0119726339794754,ID,125.43,False,Other
17019,62,12,0,50,0.8064516129032258,0.0,12,2.849556077140496e-08,-8.784103981515735e-20,12.5,3,IL,19.4,80.6,0.0,"Champaign County, IL",2395,45.0,0.0187891440501043,IL,258.87,False,Other
17031,1505,203,24,1302,0.7627906976744186,0.0,55,9.999517369063514e-05,2.5243747467112207e-10,12.60265780730897,9,IL,13.5,86.5,1.6,"Cook County, IL",66779,1193.0,0.017864897647464,IL,225.37,True,Target (High Risk + Weak Network)
17037,14,3,0,11,0.5714285714285714,0.0,3,0.0,1.9510443393984322e-19,8.285714285714286,2,IL,21.4,78.6,0.0,"DeKalb County, IL",1093,24.0,0.0219579139981701,IL,128.09,False,Other
17043,252,46,2,206,0.5674603174603174,0.0,29,4.317722193902358e-06,-5.6272727255347434e-21,8.746031746031745,6,IL,18.3,81.7,0.8,"DuPage County, IL",10832,158.0,0.014586410635155,IL,232.64,False,Other
17089,69,14,2,55,1.2318840579710144,0.0,35,2.326674736846744e-05,1.4930412158367904e-19,26.52173913043478,5,IL,20.3,79.7,2.9,"Kane County, IL",6710,64.0,0.0095380029806259,IL,102.83,False,Other
17091,11,4,0,7,1.6363636363636365,0.0,5,0.0001107075865378252,-1.1887068857242044e-19,20.818181818181817,1,IL,36.4,63.6,0.0,"Kankakee County, IL",1354,16.0,0.0118168389955686,IL,81.24,False,Other
17093,2,0,0,2,0.0,0.0,0,0.0,0.0,0.0,1,IL,0.0,100.0,0.0,"Kendall County, IL",1595,14.0,0.0087774294670846,IL,12.54,False,Other
17097,126,34,3,92,1.4761904761904763,0.0,27,1.1450654272330064e-05,-1.7024808168920178e-20,24.071428571428573,6,IL,27.0,73.0,2.4,"Lake County, IL",7660,107.0,0.0139686684073107,IL,164.49,False,Other
17099,9,6,0,3,2.7777777777777777,1.0,9,1.1845726295437329e-06,3.370700214165823e-15,41.888888888888886,2,IL,66.7,33.3,0.0,"LaSalle County, IL",1262,16.0,0.0126782884310618,IL,71.32,False,Other
17111,30,15,0,15,0.9666666666666667,0.5,6,7.670963551198624e-05,1.9418194607040896e-19,13.466666666666667,4,IL,50.0,50.0,0.0,"McHenry County, IL",3090,18.0,0.0058252427184466,IL,97.09,False,Other
17113,20,6,0,14,0.95,0.0,5,0.0,-3.801568977936028e-20,14.6,1,IL,30.0,70.0,0.0,"McLean County, IL",2020,28.0,0.0138613861386138,IL,99.01,False,Other
17115,16,2,0,14,0.9375,0.0,8,5.700474274776758e-09,-2.5276191233391455e-19,15.3125,3,IL,12.5,87.5,0.0,"Macon County, IL",1327,24.0,0.0180859080633006,IL,120.57,True,Target (High Risk + Weak Network)
17119,30,11,0,19,1.2,0.0,7,7.193238471531071e-06,1.1061670464578316e-19,17.066666666666666,3,IL,36.7,63.3,0.0,"Madison County, IL",3051,51.0,0.0167158308751229,IL,98.33,False,Other
17143,37,15,2,22,2.5675675675675675,0.0,41,6.792637213908159e-08,1.5617009097670967e-19,42.7027027027027,6,IL,40.5,59.5,5.4,"Peoria County, IL",2536,60.0,0.0236593059936908,IL,145.9,False,Other
17161,18,7,1,11,1.8888888888888888,0.0,21,0.0,-4.142916387585678e-19,33.111111111111114,2,IL,38.9,61.1,5.6,"Rock Island County, IL",1776,26.0,0.0146396396396396,IL,101.35,False,Other
17163,34,14,0,20,1.6470588235294117,0.0,12,1.1601843695233598e-05,5.316012293868699e-16,24.529411764705884,2,IL,41.2,58.8,0.0,"St. Clair County, IL",3228,40.0,0.0123915737298636,IL,105.33,False,Other
17167,85,19,0,66,0.49411764705882355,0.0,5,4.1776652253736474e-07,-3.159647909179921e-20,7.070588235294117,6,IL,22.4,77.6,0.0,"Sangamon County, IL",2245,49.0,0.021826280623608,IL,378.62,True,Target (High Risk + Weak Network)
17179,3,2,1,1,5.0,1.0,14,6.148067069685155e-07,-2.0417442794774816e-20,82.66666666666667,1,IL,66.7,33.3,33.3,"Tazewell County, IL",1496,29.0,0.0193850267379679,IL,20.05,True,Target (High Risk + Weak Network)
17197,44,7,1,37,1.1136363636363635,0.0,23,5.727099520277955e-05,-1.5485175438470218e-19,14.977272727272727,5,IL,15.9,84.1,2.3,"Will County, IL",7804,158.0,0.0202460276781137,IL,56.38,False,Other
17201,53,7,0,46,0.4528301886792453,0.0,10,0.0,-5.487181696423755e-20,5.811320754716981,5,IL,13.2,86.8,0.0,"Winnebago County, IL",3711,64.0,0.0172460253300997,IL,142.82,True,Target (High Risk + Weak Network)
18003,82,18,1,64,0.573170731707317,0.0,16,5.296952788841307e-05,5.5816902758287503e-08,11.304878048780488,6,IN,22.0,78.0,1.2,"Allen County, IN",5151,68.0,0.0132013201320132,IN,159.19,False,Other
18019,14,5,0,9,1.5714285714285714,0.0,8,8.39688909046481e-08,-3.502506662237083e-21,21.142857142857142,3,IN,35.7,64.3,0.0,"Clark County, IN",1448,15.0,0.0103591160220994,IN,96.69,False,Other
18035,15,8,1,7,13.066666666666666,1.0,177,0.00025918223930494424,8.258819368597801e-14,255.46666666666667,2,IN,53.3,46.7,6.7,"Delaware County, IN",1174,16.0,0.0136286201022146,IN,127.77,False,Other
18039,30,10,1,20,1.6666666666666667,0.0,25,5.699460857124655e-06,-1.828379721381727e-19,31.833333333333332,4,IN,33.3,66.7,3.3,"Elkhart County, IN",3126,48.0,0.0153550863723608,IN,95.97,False,Other
18057,106,23,3,83,3.3773584905660377,0.0,219,0.00011351280461933135,4.458988801859532e-09,65.26415094339623,6,IN,21.7,78.3,2.8,"Hamilton County, IN",3798,49.0,0.0129015271195365,IN,279.09,False,Other
18063,37,4,0,33,0.3783783783783784,0.0,6,8.666090380969926e-07,-3.3948001551868334e-20,4.918918918918919,4,IN,10.8,89.2,0.0,"Hendricks County, IN",1760,27.0,0.015340909090909,IN,210.23,False,Other
18081,11,3,0,8,0.7272727272727273,0.0,6,4.786095168883273e-06,3.4716388744940297e-12,9.818181818181818,3,IN,27.3,72.7,0.0,"Johnson County, IN",1871,25.0,0.0133618385889898,IN,58.79,False,Other
18089,92,34,1,58,1.1956521739130435,0.0,29,0.0005911172717442579,1.4735684058400524e-14,18.91304347826087,6,IN,37.0,63.0,1.1,"Lake County, IN",5657,65.0,0.0114901891461905,IN,162.63,False,Other
18091,17,6,0,11,1.1176470588235294,0.0,6,6.354724786313227e-07,2.686597708092696e-19,15.352941176470589,1,IN,35.3,64.7,0.0,"La Porte County, IN",1305,15.0,0.0114942528735632,IN,130.27,False,Other
18095,14,5,0,9,0.7857142857142857,0.0,5,0.0,9.953315101113118e-14,11.357142857142858,2,IN,35.7,64.3,0.0,"Madison County, IN",1506,14.0,0.0092961487383798,IN,92.96,False,Other
18097,268,46,5,222,1.2388059701492538,0.0,80,5.8708956620984414e-05,1.8072622703890955e-08,28.425373134328357,7,IN,17.2,82.8,1.9,"Marion County, IN",14294,200.0,0.01399188470687,IN,187.49,False,Other
18105,35,12,1,23,1.2,0.0,14,3.197882823128545e-05,1.7218020980192693e-08,21.228571428571428,3,IN,34.3,65.7,2.9,"Monroe County, IN",1301,0.0,0.0,IN,269.02,False,Other
18127,17,7,0,10,1.411764705882353,0.0,8,0.0,6.800635089721246e-21,20.41176470588235,1,IN,41.2,58.8,0.0,"Porter County, IN",1750,19.0,0.0108571428571428,IN,97.14,False,Other
18141,46,7,0,39,0.6304347826086957,0.0,9,5.970351800828989e-07,-5.437195948258153e-20,9.891304347826088,2,IN,15.2,84.8,0.0,"St. Joseph County, IN",3577,36.0,0.0100642996924797,IN,128.6,False,Other
18157,30,6,0,24,0.6666666666666666,0.0,5,0.0,-1.1973237448939205e-20,9.2,3,IN,20.0,80.0,0.0,"Tippecanoe County, IN",2359,30.0,0.0127172530733361,IN,127.17,False,Other
18163,20,4,0,16,0.45,0.0,3,3.1983460997680784e-06,7.354242100067127e-16,8.1,3,IN,20.0,80.0,0.0,"Vanderburgh County, IN",2269,25.0,0.0110180696342,IN,88.14,False,Other
18167,14,3,0,11,1.0714285714285714,0.0,10,5.676586573053883e-06,2.838211104973021e-16,15.428571428571429,4,IN,21.4,78.6,0.0,"Vigo County, IN",1288,0.0,0.0,IN,108.7,False,Other
19013,16,5,0,11,0.6875,0.0,5,0.0,-6.148070624112413e-20,12.5,2,IA,31.2,68.8,0.0,"Black Hawk County, IA",1671,23.0,0.0137642130460801,IA,95.75,False,Other
19103,121,17,3,104,0.9338842975206612,0.0,33,9.547901815604043e-09,1.3471826768359054e-19,16.68595041322314,7,IA,14.0,86.0,2.5,"Johnson County, IA",1857,42.0,0.0226171243941841,IA,651.59,True,Target (High Risk + Weak Network)
19113,33,10,1,23,1.5757575757575757,0.0,20,0.0,1.0000680113376276e-19,24.03030303030303,4,IA,30.3,69.7,3.0,"Linn County, IA",2800,23.0,0.0082142857142857,IA,117.86,False,Other
19153,83,13,2,70,1.2891566265060241,0.0,52,1.8094999464994172e-07,1.9457793937982872e-16,24.55421686746988,7,IA,15.7,84.3,2.4,"Polk County, IA",6921,132.0,0.0190723883831816,IA,119.92,False,Other
19163,28,9,1,19,1.7142857142857142,0.0,27,0.0,-2.7701525334540466e-19,27.392857142857142,3,IA,32.1,67.9,3.6,"Scott County, IA",2213,32.0,0.0144600090375056,IA,126.53,False,Other
19193,17,5,0,12,0.7058823529411765,0.0,5,0.0,2.220965739010492e-19,9.470588235294118,3,IA,29.4,70.6,0.0,"Woodbury County, IA",1549,30.0,0.0193673337637185,IA,109.75,False,Other
20045,9,4,0,5,0.7777777777777778,0.0,3,0.0006007006839762667,3.2280631140222137e-15,10.333333333333334,1,KS,44.4,55.6,0.0,"Douglas County, KS",1177,14.0,0.0118946474086661,KS,76.47,False,Other
20091,139,17,3,122,0.6834532374100719,0.0,20,5.971265789220144e-06,1.1345217637527122e-12,9.899280575539569,7,KS,12.2,87.8,2.2,"Johnson County, KS",7360,53.0,0.0072010869565217,KS,188.86,False,Other
20173,99,11,0,88,0.2828282828282828,0.0,9,2.6615008959675994e-09,-4.905989195859496e-20,5.313131313131313,7,KS,11.1,88.9,0.0,"Sedgwick County, KS",7309,85.0,0.0116294978793268,KS,135.45,False,Other
20177,19,4,0,15,0.3684210526315789,0.0,3,0.0,-3.6724627204546297e-20,5.105263157894737,4,KS,21.1,78.9,0.0,"Shawnee County, KS",2189,11.0,0.0050251256281407,KS,86.8,False,Other
20209,8,1,0,7,0.25,0.0,2,0.0,7.35264102732792e-21,3.0,1,KS,12.5,87.5,0.0,"Wyandotte County, KS",2695,18.0,0.0066790352504638,KS,29.68,False,Other
21015,18,2,0,16,0.1111111111111111,0.0,1,0.0,3.8791166359817114e-17,1.3888888888888888,3,KY,11.1,88.9,0.0,"Boone County, KY",1681,33.0,0.0196311719214753,KY,107.08,True,Target (High Risk + Weak Network)
21067,79,24,1,55,1.7848101265822784,0.0,36,8.99778137153042e-05,6.139136618545293e-09,32.58227848101266,6,KY,30.4,69.6,1.3,"Fayette County, KY",4090,44.0,0.0107579462102689,KY,193.15,False,Other
21093,17,7,0,10,1.1176470588235294,0.0,7,5.044435379154083e-06,9.478726711552132e-08,18.176470588235293,3,KY,41.2,58.8,0.0,"Hardin County, KY",1441,0.0,0.0,KY,117.97,False,Other
21111,221,51,5,170,1.009049773755656,0.0,38,8.993966993531054e-06,8.589126035769874e-10,20.592760180995477,7,KY,23.1,76.9,2.3,"Jefferson County, KY",9889,90.0,0.0091010213368389,KY,223.48,False,Other
21117,45,7,1,38,0.8444444444444444,0.0,17,2.3243296786157778e-05,1.2513633646162152e-16,16.8,4,KY,15.6,84.4,2.2,"Kenton County, KY",2329,56.0,0.0240446543580936,KY,193.22,False,Other
21227,30,10,0,20,0.7,0.0,7,6.041320410672266e-06,2.7906175630021132e-08,10.8,3,KY,33.3,66.7,0.0,"Warren County, KY",1640,0.0,0.0,KY,182.93,False,Other
22005,1,0,0,1,0.0,0.0,0,0.0,0.0,0.0,1,LA,0.0,100.0,0.0,"Ascension Parish, LA",1751,40.0,0.0228440890919474,LA,5.71,True,Target (High Risk + Weak Network)
22015,11,4,0,7,0.9090909090909091,0.0,6,3.6851550867243685e-09,-1.2272289323815982e-19,14.636363636363637,1,LA,36.4,63.6,0.0,"Bossier Parish, LA",1751,12.0,0.0068532267275842,LA,62.82,False,Other
22017,92,28,4,64,2.0543478260869565,0.0,28,3.2076137307296753e-06,4.950349531160404e-12,34.71739130434783,6,LA,30.4,69.6,4.3,"Caddo Parish, LA",3364,30.0,0.0089179548156956,LA,273.48,False,Other
22019,33,16,1,17,2.515151515151515,0.0,15,5.183784821990716e-06,2.100595436345255e-19,35.84848484848485,3,LA,48.5,51.5,3.0,"Calcasieu Parish, LA",3034,0.0,0.0,LA,108.77,False,Other
22033,127,21,0,106,0.6850393700787402,0.0,11,1.5959333052743325e-10,5.191809806510555e-20,10.417322834645669,6,LA,16.5,83.5,0.0,"East Baton Rouge Parish, LA",6125,117.0,0.0191020408163265,LA,207.35,False,Other
22051,128,22,1,106,0.46875,0.0,16,1.4844404486702755e-05,-4.6264252996778424e-20,6.7890625,6,LA,17.2,82.8,0.8,"Jefferson Parish, LA",5887,85.0,0.0144385935111262,LA,217.43,False,Other
22055,61,27,0,34,1.0491803278688525,0.0,10,4.1073540417789354e-05,1.0633976460663069e-19,18.62295081967213,7,LA,44.3,55.7,0.0,"Lafayette Parish, LA",3369,0.0,0.0,LA,181.06,False,Other
22071,133,22,0,111,0.48120300751879697,0.0,10,0.0,6.088407519362537e-15,7.12781954887218,7,LA,16.5,83.5,0.0,"Orleans Parish, LA",4835,70.0,0.014477766287487,LA,275.08,False,Other
22073,23,11,0,12,2.608695652173913,0.0,12,2.0268352976984027e-08,-5.907600267962914e-19,39.17391304347826,1,LA,47.8,52.2,0.0,"Ouachita Parish, LA",2224,0.0,0.0,LA,103.42,False,Other
22079,28,14,0,14,2.4642857142857144,0.5,8,8.324502115547012e-09,5.021287326550311e-06,39.357142857142854,4,LA,50.0,50.0,0.0,"Rapides Parish, LA",1840,0.0,0.0,LA,152.17,False,Other
22103,51,13,0,38,0.9607843137254902,0.0,12,2.1063190348630456e-07,2.8792196840648015e-12,14.431372549019608,5,LA,25.5,74.5,0.0,"St. Tammany Parish, LA",3089,20.0,0.0064745872450631,LA,165.1,False,Other
22105,20,9,0,11,1.7,0.0,8,0.0,-1.9687633621166482e-19,25.35,3,LA,45.0,55.0,0.0,"Tangipahoa Parish, LA",1984,19.0,0.0095766129032258,LA,100.81,False,Other
22109,16,7,3,9,5.9375,0.0,37,1.4567878702207266e-08,-3.353819839636636e-19,90.9375,3,LA,43.8,56.2,18.8,"Terrebonne Parish, LA",1570,0.0,0.0,LA,101.91,False,Other
23001,18,5,0,13,1.2222222222222223,0.0,7,5.6300980491622294e-09,6.077800187424543e-20,16.88888888888889,1,ME,27.8,72.2,0.0,"Androscoggin County, ME",1247,21.0,0.0168404170008019,ME,144.35,False,Other
23005,104,22,0,82,0.6634615384615384,0.0,8,4.87220023485193e-09,-1.5786665404418997e-19,9.528846153846153,6,ME,21.2,78.8,0.0,"Cumberland County, ME",2830,38.0,0.0134275618374558,ME,367.49,False,Other
23011,21,6,2,15,1.9523809523809523,0.0,19,1.2354043719304548e-07,-1.6610118548383412e-19,30.761904761904763,2,ME,28.6,71.4,9.5,"Kennebec County, ME",1164,14.0,0.0120274914089347,ME,180.41,False,Other
23019,20,7,0,13,0.85,0.0,6,5.067088244246007e-09,2.3001143756453355e-20,14.95,3,ME,35.0,65.0,0.0,"Penobscot County, ME",1483,19.0,0.0128118678354686,ME,134.86,False,Other
23031,23,10,0,13,1.1304347826086956,0.0,6,0.0,-8.722190446480217e-20,17.47826086956522,4,ME,43.5,56.5,0.0,"York County, ME",1898,28.0,0.0147523709167544,ME,121.18,False,Other
24003,101,13,0,88,0.43564356435643564,0.0,5,1.0562621375678754e-06,3.3207028771448643e-19,7.148514851485149,9,MD,12.9,87.1,0.0,"Anne Arundel County, MD",6967,55.0,0.0078943591215731,MD,144.97,False,Other
24005,206,25,4,181,0.7281553398058253,0.0,22,1.5295000945752498e-05,2.412191247735404e-20,10.563106796116505,7,MD,12.1,87.9,1.9,"Baltimore County, MD",9838,112.0,0.0113844277292132,MD,209.39,False,Other
24013,19,3,0,16,0.15789473684210525,0.0,1,0.0,1.0051436480997505e-19,2.3684210526315788,2,MD,15.8,84.2,0.0,"Carroll County, MD",1737,75.0,0.0431778929188255,MD,109.38,True,Target (High Risk + Weak Network)
24015,7,5,2,2,32.142857142857146,1.0,198,0.005755233845562086,1.0410288011126535e-14,689.7142857142857,1,MD,71.4,28.6,28.6,"Cecil County, MD",1106,23.0,0.0207956600361663,MD,63.29,False,Other
24017,12,1,0,11,0.16666666666666666,0.0,2,1.6890294147486687e-09,-7.302957156603088e-20,2.5,2,MD,8.3,91.7,0.0,"Charles County, MD",1812,16.0,0.0088300220750551,MD,66.23,False,Other
24021,31,5,0,26,0.8387096774193549,0.0,12,0.0,5.1710849341859314e-20,11.741935483870968,4,MD,16.1,83.9,0.0,"Frederick County, MD",2839,28.0,0.0098626276858048,MD,109.19,False,Other
24025,20,4,0,16,0.75,0.0,11,3.151728887921e-05,-1.877102071201629e-19,11.15,4,MD,20.0,80.0,0.0,"Harford County, MD",2699,24.0,0.0088921822897369,MD,74.1,False,Other
24027,85,9,1,76,0.611764705882353,0.0,30,0.00010736871463591302,1.9464497540657827e-15,8.847058823529412,4,MD,10.6,89.4,1.2,"Howard County, MD",3569,61.0,0.0170916223031661,MD,238.16,True,Target (High Risk + Weak Network)
24031,309,32,3,277,0.5469255663430421,0.0,28,1.0350634627081161e-07,1.1539701593777728e-15,8.783171521035598,8,MD,10.4,89.6,1.0,"Montgomery County, MD",13123,152.0,0.0115827173664558,MD,235.46,False,Other
24033,107,13,0,94,0.37383177570093457,0.0,8,7.969061773287083e-07,-6.309288020940524e-21,5.738317757009346,5,MD,12.1,87.9,0.0,"Prince George's County, MD",12296,148.0,0.0120364346128822,MD,87.02,False,Other
24037,10,5,0,5,2.8,0.5,9,0.00011753415207822,2.4904479258612587e-20,43.4,2,MD,50.0,50.0,0.0,"St. Mary's County, MD",1425,24.0,0.0168421052631578,MD,70.18,False,Other
24043,25,7,1,18,1.52,0.0,17,3.838015319721695e-06,7.876615802646503e-20,22.08,4,MD,28.0,72.0,4.0,"Washington County, MD",1694,30.0,0.0177095631641086,MD,147.58,False,Other
24510,210,33,4,177,1.3952380952380952,0.0,87,3.253950234981092e-05,1.685548525610937e-16,22.176190476190477,7,MD,15.7,84.3,1.9,"Baltimore city, MD",8504,129.0,0.0151693320790216,MD,246.94,False,Other
25001,32,16,6,16,6.65625,0.5,44,3.730643719826122e-07,-1.2719522612285304e-19,104.5625,3,MA,50.0,50.0,18.8,"Barnstable County, MA",1601,0.0,0.0,MA,199.88,False,Other
25003,20,11,3,9,4.35,1.5,20,4.7630629495912455e-08,-4.790595810662655e-19,72.4,2,MA,55.0,45.0,15.0,"Berkshire County, MA",1027,12.0,0.0116845180136319,MA,194.74,False,Other
25005,65,38,4,27,4.846153846153846,1.0,35,7.820466040965527e-07,-3.7979065107524684e-19,73.06153846153846,5,MA,58.5,41.5,6.2,"Bristol County, MA",5643,55.0,0.0097465886939571,MA,115.19,False,Other
25009,91,35,3,56,2.0,0.0,24,1.2106109049827537e-05,3.563715214060755e-09,28.835164835164836,6,MA,38.5,61.5,3.3,"Essex County, MA",8386,75.0,0.0089434772239446,MA,108.51,False,Other
25013,103,42,6,61,2.4757281553398056,0.0,30,6.037214265377377e-07,-2.6969180223809823e-20,39.24271844660194,8,MA,40.8,59.2,5.8,"Hampden County, MA",4956,63.0,0.0127118644067796,MA,207.83,False,Other
25015,21,9,0,12,1.9047619047619047,0.0,9,1.2547075652418681e-08,2.618992256098233e-19,28.238095238095237,2,MA,42.9,57.1,0.0,"Hampshire County, MA",1009,21.0,0.020812685827552,MA,208.13,False,Other
25017,235,42,3,193,1.4340425531914893,0.0,177,2.2976549927951248e-07,9.237058514150858e-20,30.88936170212766,8,MA,17.9,82.1,1.3,"Middlesex County, MA",17198,217.0,0.0126177462495639,MA,136.64,False,Other
25021,208,29,1,179,0.5192307692307693,0.0,22,1.1030661331704768e-07,-2.4481361473595936e-20,7.225961538461538,7,MA,13.9,86.1,0.5,"Norfolk County, MA",7341,123.0,0.0167552104617899,MA,283.34,False,Other
25023,54,19,1,35,1.6296296296296295,0.0,15,4.841884322279517e-08,-2.5426336439157965e-20,22.833333333333332,4,MA,35.2,64.8,1.9,"Plymouth County, MA",5135,91.0,0.0177215189873417,MA,105.16,False,Other
25025,496,46,2,450,0.5060483870967742,0.0,24,5.859842372781268e-08,-1.9097430522301288e-20,7.008064516129032,9,MA,9.3,90.7,0.4,"Suffolk County, MA",9384,188.0,0.0200341005967604,MA,528.56,True,Target (High Risk + Weak Network)
25027,189,44,0,145,0.7037037037037037,0.0,9,1.9764325151630451e-07,1.9270337823594934e-13,10.925925925925926,8,MA,23.3,76.7,0.0,"Worcester County, MA",8678,225.0,0.0259276330951832,MA,217.79,False,Other
26005,3,0,0,3,0.0,0.0,0,0.0,0.0,0.0,2,MI,0.0,100.0,0.0,"Allegan County, MI",1364,12.0,0.0087976539589442,MI,21.99,False,Other
26017,9,5,0,4,1.8888888888888888,2.0,6,7.096175581164074e-06,5.982158715126984e-19,27.0,1,MI,55.6,44.4,0.0,"Bay County, MI",1061,17.0,0.0160226201696512,MI,84.83,False,Other
26021,19,3,0,16,0.631578947368421,0.0,5,2.9813680473719392e-05,-8.103056255195187e-20,8.894736842105264,2,MI,15.8,84.2,0.0,"Berrien County, MI",1720,15.0,0.0087209302325581,MI,110.47,False,Other
26025,22,2,0,20,0.5909090909090909,0.0,11,1.0134176488492013e-08,5.429265180771754e-20,13.590909090909092,2,MI,9.1,90.9,0.0,"Calhoun County, MI",1660,12.0,0.0072289156626506,MI,132.53,False,Other
26045,1,0,0,1,0.0,0.0,0,0.0,0.0,0.0,1,MI,0.0,100.0,0.0,"Eaton County, MI",1139,0.0,0.0,MI,8.78,False,Other
26049,70,12,0,58,0.5285714285714286,0.0,11,0.00021846997080781345,4.7372971606383775e-20,7.171428571428572,6,MI,17.1,82.9,0.0,"Genesee County, MI",4819,31.0,0.0064328698900186,MI,145.26,False,Other
26065,86,17,1,69,0.813953488372093,0.0,35,0.00017134111435468686,3.153800018237078e-21,15.011627906976743,5,MI,19.8,80.2,1.2,"Ingham County, MI",3414,28.0,0.0082015231400117,MI,251.9,False,Other
26075,14,4,1,10,1.8571428571428572,0.0,17,1.751475245110714e-05,1.0136787687499064e-19,32.142857142857146,3,MI,28.6,71.4,7.1,"Jackson County, MI",1778,11.0,0.0061867266591676,MI,78.74,False,Other
26077,54,4,1,50,0.5185185185185185,0.0,22,1.9893013107039874e-08,3.3823071685898573e-20,7.796296296296297,6,MI,7.4,92.6,1.9,"Kalamazoo County, MI",3163,51.0,0.0161239329750237,MI,170.72,False,Other
26081,224,35,1,189,0.5089285714285714,0.0,18,8.647438507398462e-06,7.473099383572422e-10,7.651785714285714,7,MI,15.6,84.4,0.4,"Kent County, MI",8811,60.0,0.006809669731018,MI,254.23,False,Other
26093,22,3,1,19,0.8181818181818182,0.0,14,4.361381045138289e-06,1.753715247989423e-21,14.0,4,MI,13.6,86.4,4.5,"Livingston County, MI",1783,26.0,0.0145821648906337,MI,123.39,False,Other
26099,134,38,0,96,0.8432835820895522,0.0,8,6.975177211269263e-05,-3.4341093377714506e-21,14.58955223880597,4,MI,28.4,71.6,0.0,"Macomb County, MI",9416,161.0,0.0170985556499575,MI,142.31,False,Other
26115,9,4,1,5,4.777777777777778,0.0,29,3.678931269244374e-05,-1.7973441110751346e-20,80.77777777777777,2,MI,44.4,55.6,11.1,"Monroe County, MI",1526,11.0,0.0072083879423328,MI,58.98,False,Other
26121,34,5,1,29,1.1176470588235294,0.0,20,2.4804291147624776e-05,-1.2113061684855216e-19,18.08823529411765,4,MI,14.7,85.3,2.9,"Muskegon County, MI",2127,38.0,0.0178655383168782,MI,159.85,False,Other
26125,458,85,2,373,0.6462882096069869,0.0,51,0.00011867798492492249,4.473214555960793e-11,11.12227074235808,8,MI,18.6,81.4,0.4,"Oakland County, MI",13665,188.0,0.0137577753384559,MI,335.16,False,Other
26139,33,2,0,31,0.09090909090909091,0.0,2,3.876783151233333e-06,-1.6746658858660765e-20,1.2424242424242424,2,MI,6.1,93.9,0.0,"Ottawa County, MI",3441,25.0,0.007265329845975,MI,95.9,False,Other
26145,61,15,2,46,1.2295081967213115,0.0,22,2.024891529421019e-05,-1.110767324202203e-19,21.75409836065574,6,MI,24.6,75.4,3.3,"Saginaw County, MI",2190,30.0,0.0136986301369863,MI,278.54,False,Other
26147,15,5,0,10,0.6,0.0,3,3.5537178886311993e-06,1.4246959143215513e-19,8.066666666666666,2,MI,33.3,66.7,0.0,"St. Clair County, MI",1589,16.0,0.0100692259282567,MI,94.4,False,Other
26161,249,31,2,218,0.6626506024096386,0.0,42,6.497974271814638e-06,5.27229031341742e-16,10.686746987951807,7,MI,12.4,87.6,0.8,"Washtenaw County, MI",3692,72.0,0.0195016251354279,MI,674.43,True,Target (High Risk + Weak Network)
26163,399,54,4,345,0.5137844611528822,0.0,21,5.237515968666108e-05,2.446132794239265e-16,7.56390977443609,8,MI,13.5,86.5,1.0,"Wayne County, MI",23149,273.0,0.0117931660114907,MI,172.36,False,Other
27003,44,2,1,42,0.5681818181818182,0.0,24,0.0,5.605759729814614e-21,13.022727272727273,4,MN,4.5,95.5,2.3,"Anoka County, MN",4223,36.0,0.0085247454416291,MN,104.19,False,Other
27037,50,2,0,48,0.06,0.0,2,0.0,4.6273900275601614e-20,1.04,4,MN,4.0,96.0,0.0,"Dakota County, MN",5291,86.0,0.0162540162540162,MN,94.5,False,Other
27053,412,24,0,388,0.19902912621359223,0.0,12,1.324002281036966e-07,2.659617791885378e-20,3.162621359223301,7,MN,5.8,94.2,0.0,"Hennepin County, MN",16495,239.0,0.0144892391633828,MN,249.77,False,Other
27109,155,30,1,125,0.6258064516129033,0.0,21,1.931050984435661e-06,3.794775542890911e-16,11.819354838709678,7,MN,19.4,80.6,0.6,"Olmsted County, MN",2122,30.0,0.0141376060320452,MN,730.44,False,Other
27123,101,1,0,100,0.06930693069306931,0.0,7,0.0,9.069217134239475e-21,0.8217821782178217,5,MN,1.0,99.0,0.0,"Ramsey County, MN",7731,141.0,0.0182382615444315,MN,130.64,True,Target (High Risk + Weak Network)
27137,40,5,0,35,0.575,0.0,13,0.0,7.293404849737056e-20,9.7,3,MN,12.5,87.5,0.0,"St. Louis County, MN",1976,61.0,0.0308704453441295,MN,202.43,True,Target (High Risk + Weak Network)
27139,16,5,0,11,1.1875,0.0,8,0.0,-1.0268722693459509e-19,17.8125,2,MN,31.2,68.8,0.0,"Scott County, MN",1893,21.0,0.011093502377179,MN,84.52,False,Other
27145,28,2,0,26,0.5357142857142857,0.0,13,8.686436990136011e-09,-1.8596860173485625e-20,10.857142857142858,2,MN,7.1,92.9,0.0,"Stearns County, MN",2038,27.0,0.0132482826300294,MN,137.39,False,Other
27163,41,5,0,36,0.4634146341463415,0.0,13,3.115641332620532e-07,2.0675160552029313e-06,6.7317073170731705,4,MN,12.2,87.8,0.0,"Washington County, MN",2898,53.0,0.0182884748102139,MN,141.48,True,Target (High Risk + Weak Network)
27171,10,0,0,10,0.0,0.0,0,0.0,0.0,0.0,1,MN,0.0,100.0,0.0,"Wright County, MN",1787,23.0,0.012870733072188,MN,55.96,False,Other
28033,20,8,0,12,1.05,0.0,11,4.533017143302478e-06,5.5799522500696815e-08,18.0,2,MS,40.0,60.0,0.0,"DeSoto County, MS",2191,16.0,0.0073026015518028,MS,91.28,False,Other
28047,28,10,1,18,1.6785714285714286,0.0,15,0.00014236563518008283,1.4753526828537728e-08,24.321428571428573,2,MS,35.7,64.3,3.6,"Harrison County, MS",2790,31.0,0.0111111111111111,MS,100.36,False,Other
28049,86,25,3,61,1.686046511627907,0.0,32,2.3631799738054437e-05,4.695233444075877e-12,28.174418604651162,6,MS,29.1,70.9,3.5,"Hinds County, MS",3123,20.0,0.0064040986231187,MS,275.38,False,Other
28059,18,9,0,9,2.3333333333333335,0.5,10,1.1652426262416057e-05,5.8321781882709946e-08,39.05555555555556,4,MS,50.0,50.0,0.0,"Jackson County, MS",1651,16.0,0.0096910963052695,MS,109.02,False,Other
28121,53,20,2,33,1.2830188679245282,0.0,23,0.00015603719013249223,2.8306628747321467e-08,30.37735849056604,6,MS,37.7,62.3,3.8,"Rankin County, MS",1802,0.0,0.0,MS,294.12,False,Other
29019,63,10,2,53,1.2698412698412698,0.0,23,5.848771057391468e-05,5.008410642251913e-19,22.047619047619047,6,MO,15.9,84.1,3.2,"Boone County, MO",2093,33.0,0.0157668418537983,MO,301.0,False,Other
29047,44,7,0,37,0.6136363636363636,0.0,8,2.533544122123003e-08,1.2928043568735966e-19,7.9772727272727275,4,MO,15.9,84.1,0.0,"Clay County, MO",2962,60.0,0.0202565833896016,MO,148.55,False,Other
29071,13,6,0,7,1.6153846153846154,0.0,7,1.1077434453959344e-05,3.488494825711733e-12,21.615384615384617,2,MO,46.2,53.8,0.0,"Franklin County, MO",1248,15.0,0.0120192307692307,MO,104.17,False,Other
29077,66,24,2,42,2.242424242424242,0.0,28,0.00012211636604193992,1.2043217550787742e-14,41.92424242424242,5,MO,36.4,63.6,3.0,"Greene County, MO",3579,38.0,0.0106174909192511,MO,184.41,False,Other
29095,141,31,1,110,0.7092198581560284,0.0,19,9.504563821547401e-07,7.020907850369673e-15,12.070921985815604,7,MO,22.0,78.0,0.7,"Jackson County, MO",9408,136.0,0.0144557823129251,MO,149.87,False,Other
29097,26,11,2,15,4.038461538461538,0.0,57,0.00048723392549652116,4.208161240864418e-15,72.34615384615384,4,MO,42.3,57.7,7.7,"Jasper County, MO",1669,22.0,0.0131815458358298,MO,155.78,False,Other
29099,7,1,0,6,0.14285714285714285,0.0,1,0.0,1.0298493208909034e-19,2.0,1,MO,14.3,85.7,0.0,"Jefferson County, MO",2633,43.0,0.0163311811621724,MO,26.59,False,Other
29183,48,9,0,39,0.5625,0.0,11,1.6007354020925284e-05,8.537857221406959e-16,8.395833333333334,2,MO,18.8,81.2,0.0,"St. Charles County, MO",4487,78.0,0.0173835524849565,MO,106.98,False,Other
29189,367,91,2,276,0.8528610354223434,0.0,23,2.1854204325112312e-05,2.1059095639950694e-07,13.23433242506812,7,MO,24.8,75.2,0.5,"St. Louis County, MO",11692,166.0,0.0141977420458433,MO,313.89,False,Other
29510,170,22,7,148,1.6235294117647059,0.0,66,1.547114182681234e-05,1.905037087513776e-09,28.605882352941176,7,MO,12.9,87.1,4.1,"St. Louis city, MO",4317,39.0,0.0090340514246004,MO,393.79,False,Other
30063,23,5,0,18,0.34782608695652173,0.0,2,0.0,-1.2553212954316122e-20,4.304347826086956,3,MT,21.7,78.3,0.0,"Missoula County, MT",1187,15.0,0.012636899747262,MT,193.77,False,Other
30111,35,5,0,30,0.5142857142857142,0.0,6,3.0460439045410273e-07,6.634319526951294e-20,7.3428571428571425,5,MT,14.3,85.7,0.0,"Yellowstone County, MT",1935,32.0,0.0165374677002583,MT,180.88,False,Other
31055,164,25,2,139,0.8902439024390244,0.0,24,1.0115638360769161e-07,-4.8434395725686637e-20,13.652439024390244,8,NE,15.2,84.8,1.2,"Douglas County, NE",8832,160.0,0.0181159420289855,NE,185.69,False,Other
31109,48,13,1,35,1.4375,0.0,14,4.820067692339013e-07,4.319602325359537e-20,23.416666666666668,4,NE,27.1,72.9,2.1,"Lancaster County, NE",4019,100.0,0.0248818113958696,NE,119.43,False,Other
31153,27,2,0,25,0.07407407407407407,0.0,1,0.0,5.897256791414675e-20,0.9629629629629629,3,NE,7.4,92.6,0.0,"Sarpy County, NE",2464,49.0,0.0198863636363636,NE,109.58,True,Target (High Risk + Weak Network)
32003,325,35,1,290,0.5723076923076923,0.0,86,2.613058429955786e-08,1.5191283770120412e-18,12.31076923076923,8,NV,10.8,89.2,0.3,"Clark County, NV",27388,225.0,0.008215276763546,NV,118.67,False,Other
32031,86,9,0,77,0.3488372093023256,0.0,11,0.0,5.462760985012854e-20,5.232558139534884,7,NV,10.5,89.5,0.0,"Washoe County, NV",5387,64.0,0.0118804529422684,NV,159.64,False,Other
33011,100,39,0,61,1.1,0.0,12,4.3536422194561685e-07,6.71873340571275e-20,15.34,5,NH,39.0,61.0,0.0,"Hillsborough County, NH",4240,74.0,0.0174528301886792,NH,235.85,False,Other
33013,31,7,1,24,0.8709677419354839,0.0,17,0.0001708765645851871,-2.511594697966972e-20,12.774193548387096,1,NH,22.6,77.4,3.2,"Merrimack County, NH",1284,0.0,0.0,NH,241.43,False,Other
33015,40,18,2,22,2.9,0.0,25,2.2723357231321214e-06,4.922315302146908e-19,46.4,3,NH,45.0,55.0,5.0,"Rockingham County, NH",2654,45.0,0.0169555388093443,NH,150.72,False,Other
33017,24,15,1,9,2.875,1.0,15,1.0345305165335596e-07,4.1281246710579014e-19,41.666666666666664,2,NH,62.5,37.5,4.2,"Strafford County, NH",1211,15.0,0.0123864574731626,NH,198.18,False,Other
34001,39,11,1,28,3.076923076923077,0.0,79,0.000482382810963151,-8.625689923524909e-20,53.82051282051282,3,NJ,28.2,71.8,2.6,"Atlantic County, NJ",2836,34.0,0.0119887165021156,NJ,137.52,False,Other
34003,225,49,5,176,1.2044444444444444,0.0,33,0.0001846477233214132,-3.365402583973728e-19,23.95111111111111,8,NJ,21.8,78.2,2.2,"Bergen County, NJ",9464,97.0,0.0102493660185967,NJ,237.74,False,Other
34005,97,20,2,77,1.1443298969072164,0.0,32,1.757402021964614e-05,4.242521774131514e-20,16.61855670103093,4,NJ,20.6,79.4,2.1,"Burlington County, NJ",4419,52.0,0.0117673681828467,NJ,219.51,False,Other
34007,195,28,3,167,0.8871794871794871,0.0,22,2.489561796162898e-05,-8.127656435095223e-20,13.246153846153845,8,NJ,14.4,85.6,1.5,"Camden County, NJ",6226,100.0,0.0160616768390619,NJ,313.2,False,Other
34011,13,3,0,10,0.46153846153846156,0.0,3,9.245487165655022e-07,-3.448933156375102e-20,8.538461538461538,3,NJ,23.1,76.9,0.0,"Cumberland County, NJ",1876,59.0,0.0314498933901919,NJ,69.3,True,Target (High Risk + Weak Network)
34013,205,46,3,159,0.8390243902439024,0.0,38,5.4148471019120575e-05,-1.148016326122393e-19,15.804878048780488,8,NJ,22.4,77.6,1.5,"Essex County, NJ",10442,85.0,0.0081402030262401,NJ,196.32,False,Other
34015,43,8,2,35,1.441860465116279,0.0,34,4.880454421891395e-05,-1.1559814119876612e-19,20.372093023255815,4,NJ,18.6,81.4,4.7,"Gloucester County, NJ",2837,48.0,0.0169192809305604,NJ,151.57,False,Other
34017,76,13,1,63,0.6710526315789473,0.0,23,7.87398844270263e-06,-1.391251449616057e-20,10.157894736842104,4,NJ,17.1,82.9,1.3,"Hudson County, NJ",10383,123.0,0.0118462872002311,NJ,73.2,False,Other
34019,17,6,1,11,3.1176470588235294,0.0,17,0.0,3.513287611955916e-19,47.529411764705884,3,NJ,35.3,64.7,5.9,"Hunterdon County, NJ",927,30.0,0.0323624595469255,NJ,183.39,False,Other
34021,110,19,1,91,0.7,0.0,35,1.284000161091752e-05,7.111241152764614e-20,10.818181818181818,7,NJ,17.3,82.7,0.9,"Mercer County, NJ",4280,66.0,0.0154205607476635,NJ,257.01,False,Other
34023,175,23,2,152,0.6342857142857142,0.0,26,9.982446535884202e-05,-1.0076007645214884e-20,11.268571428571429,8,NJ,13.1,86.9,1.1,"Middlesex County, NJ",9332,103.0,0.0110372910415773,NJ,187.53,False,Other
34025,182,48,5,134,1.6428571428571428,0.0,43,0.00010142011631676949,-1.0531460188624216e-19,26.318681318681318,8,NJ,26.4,73.6,2.7,"Monmouth County, NJ",5960,69.0,0.0115771812080536,NJ,305.37,False,Other
34027,112,34,2,78,1.4732142857142858,0.0,25,6.673749726685058e-05,-4.597488822775941e-20,23.723214285714285,7,NJ,30.4,69.6,1.8,"Morris County, NJ",4633,79.0,0.0170515864450679,NJ,241.74,False,Other
34029,47,20,3,27,3.5106382978723403,0.0,45,0.0002579917996122962,3.164544805879019e-14,53.91489361702128,5,NJ,42.6,57.4,6.4,"Ocean County, NJ",8566,94.0,0.0109736166238617,NJ,54.87,False,Other
34031,86,17,1,69,0.5581395348837209,0.0,15,1.0008182750101601e-05,-4.343342204507694e-20,9.348837209302326,5,NJ,19.8,80.2,1.2,"Passaic County, NJ",6842,95.0,0.0138848289973691,NJ,125.69,False,Other
34035,79,13,0,66,0.7215189873417721,0.0,9,0.00017544937458688464,2.616603102760375e-21,11.60759493670886,5,NJ,16.5,83.5,0.0,"Somerset County, NJ",3251,50.0,0.0153798831128883,NJ,243.0,False,Other
34037,10,2,0,8,1.7,0.0,9,1.7534152160388879e-06,-1.5240726752632736e-19,25.1,3,NJ,20.0,80.0,0.0,"Sussex County, NJ",1180,15.0,0.0127118644067796,NJ,84.75,False,Other
34039,77,18,2,59,0.922077922077922,0.0,18,0.00017007231750940652,-2.0802774864005527e-19,14.766233766233766,5,NJ,23.4,76.6,2.6,"Union County, NJ",6756,95.0,0.0140615748963883,NJ,113.97,False,Other
34041,9,3,2,6,10.0,0.0,64,0.0008648332882884445,4.17085631849654e-19,184.66666666666666,3,NJ,33.3,66.7,22.2,"Warren County, NJ",958,20.0,0.0208768267223382,NJ,93.95,False,Other
35001,161,19,0,142,0.3105590062111801,0.0,8,5.287396428778441e-09,-3.264016893657383e-20,5.236024844720497,6,NM,11.8,88.2,0.0,"Bernalillo County, NM",7574,234.0,0.0308951676789015,NM,212.57,True,Target (High Risk + Weak Network)
35013,25,9,0,16,0.8,0.0,5,0.0,-8.435741541335482e-20,12.56,3,NM,36.0,64.0,0.0,"Dona Ana County, NM",2839,160.0,0.0563578724903134,NM,88.06,False,Other
35043,11,2,0,9,0.2727272727272727,0.0,2,0.0,2.30265362358659e-19,6.0,4,NM,18.2,81.8,0.0,"Sandoval County, NM",1464,28.0,0.0191256830601092,NM,75.14,True,Target (High Risk + Weak Network)
35045,17,1,0,16,0.29411764705882354,0.0,5,0.0,-3.0776823617997373e-20,4.0,1,NM,5.9,94.1,0.0,"San Juan County, NM",1726,15.0,0.0086906141367323,NM,98.49,False,Other
35049,18,4,0,14,0.2777777777777778,0.0,2,0.0,9.22959098084285e-20,3.8333333333333335,3,NM,22.2,77.8,0.0,"Santa Fe County, NM",1290,18.0,0.013953488372093,NM,139.53,False,Other
36001,102,32,4,70,1.8235294117647058,0.0,28,1.794676548730007e-07,9.346486354109891e-21,31.058823529411764,7,NY,31.4,68.6,3.9,"Albany County, NY",3045,82.0,0.0269293924466338,NY,334.98,False,Other
36005,234,15,0,219,0.17094017094017094,0.0,13,6.844466889918453e-07,1.8686688707633177e-20,3.91025641025641,7,NY,6.4,93.6,0.0,"Bronx County, NY",21161,160.0,0.0075610793440763,NY,110.58,False,Other
36007,29,11,3,18,2.5517241379310347,0.0,18,6.157385852663078e-07,3.624207158361312e-20,41.41379310344828,2,NY,37.9,62.1,10.3,"Broome County, NY",1985,31.0,0.015617128463476,NY,146.1,False,Other
36013,14,8,0,6,1.6428571428571428,1.0,6,2.316383197369603e-08,3.667388580405508e-20,21.571428571428573,2,NY,57.1,42.9,0.0,"Chautauqua County, NY",1345,52.0,0.0386617100371747,NY,104.09,False,Other
36027,61,20,1,41,3.8688524590163933,0.0,193,5.339548071149725e-07,-2.2150147317534755e-19,85.9672131147541,6,NY,32.8,67.2,1.6,"Dutchess County, NY",2519,43.0,0.0170702659785629,NY,242.16,False,Other
36029,205,14,0,191,0.23902439024390243,0.0,12,2.5706203775687057e-09,5.18290621729463e-20,3.658536585365854,7,NY,6.8,93.2,0.0,"Erie County, NY",9916,448.0,0.045179507866075,NY,206.74,True,Target (High Risk + Weak Network)
36045,15,2,1,13,1.6,0.0,23,0.0,-1.542570491385707e-19,23.266666666666666,2,NY,13.3,86.7,6.7,"Jefferson County, NY",1891,26.0,0.0137493389740877,NY,79.32,False,Other
36047,430,53,3,377,0.5465116279069767,0.0,47,1.64424751011959e-05,7.64411428149721e-18,11.034883720930232,8,NY,12.3,87.7,0.7,"Kings County, NY",40802,405.0,0.0099259840203911,NY,105.39,False,Other
36055,204,38,4,166,1.0931372549019607,0.0,33,1.9664475283875458e-05,6.527368630229306e-17,17.323529411764707,6,NY,18.6,81.4,2.0,"Monroe County, NY",8004,231.0,0.0288605697151424,NY,254.87,False,Other
36059,438,77,6,361,0.7876712328767124,0.0,42,4.8337452804888956e-05,1.3262385535150118e-20,13.52283105022831,9,NY,17.6,82.4,1.4,"Nassau County, NY",14329,290.0,0.0202386768092679,NY,305.67,False,Other
36061,1154,116,8,1038,0.3968804159445407,0.0,30,7.105596872100403e-06,9.120444657141892e-16,6.740034662045061,9,NY,10.1,89.9,0.7,"New York County, NY",17587,315.0,0.0179109569568431,NY,656.17,True,Target (High Risk + Weak Network)
36063,20,7,1,13,2.35,0.0,15,3.445620006087284e-08,1.4093780323945871e-19,36.95,2,NY,35.0,65.0,5.0,"Niagara County, NY",2139,86.0,0.0402057035998129,NY,93.5,False,Other
36065,32,13,2,19,1.84375,0.0,20,1.624001782280845e-06,1.0086096886161548e-19,30.03125,2,NY,40.6,59.4,6.2,"Oneida County, NY",2497,44.0,0.0176211453744493,NY,128.15,False,Other
36067,132,32,8,100,3.128787878787879,0.0,78,8.956334385252505e-07,2.9016484149995447e-19,57.56818181818182,8,NY,24.2,75.8,6.1,"Onondaga County, NY",5242,134.0,0.0255627623044639,NY,251.81,False,Other
36069,14,5,0,9,1.1428571428571428,0.0,8,6.514827742602007e-09,1.609661232724759e-19,16.428571428571427,2,NY,35.7,64.3,0.0,"Ontario County, NY",997,28.0,0.0280842527582748,NY,140.42,False,Other
36071,74,27,1,47,2.0135135135135136,0.0,19,4.980221534492077e-05,5.530331434702472e-20,33.2972972972973,3,NY,36.5,63.5,1.4,"Orange County, NY",4993,41.0,0.0082114960945323,NY,148.21,False,Other
36075,4,3,1,1,11.75,3.5,40,6.274744275791304e-07,1.5502236462745354e-18,195.75,1,NY,75.0,25.0,25.0,"Oswego County, NY",1331,31.0,0.0232907588279489,NY,30.05,True,Target (High Risk + Weak Network)
36081,287,40,1,247,0.42857142857142855,0.0,14,2.1426615197106996e-05,3.1082029005185337e-20,6.689895470383275,7,NY,13.9,86.1,0.3,"Queens County, NY",30377,427.0,0.0140566876255061,NY,94.48,False,Other
36083,16,7,0,9,1.5,0.0,6,8.345916595626859e-07,-2.363897631910617e-19,23.0625,2,NY,43.8,56.2,0.0,"Rensselaer County, NY",1726,40.0,0.0231749710312862,NY,92.7,False,Other
36085,87,24,2,63,1.3563218390804597,0.0,27,4.5415088842911104e-07,7.711117747448338e-20,21.0,6,NY,27.6,72.4,2.3,"Richmond County, NY",5464,37.0,0.0067715959004392,NY,159.22,False,Other
36087,44,12,2,32,2.5681818181818183,0.0,59,0.00013578752883974164,2.6632166600498573e-19,46.29545454545455,6,NY,27.3,72.7,4.5,"Rockland County, NY",5440,50.0,0.0091911764705882,NY,80.88,False,Other
36089,26,10,0,16,1.5384615384615385,0.0,10,1.5902861566556696e-07,2.9574331365153387e-19,28.384615384615383,1,NY,38.5,61.5,0.0,"St. Lawrence County, NY",1083,20.0,0.0184672206832871,NY,240.07,False,Other
36091,16,5,0,11,1.0625,0.0,6,8.626717735828826e-07,-2.872769799006428e-20,15.0,2,NY,31.2,68.8,0.0,"Saratoga County, NY",2210,54.0,0.0244343891402714,NY,72.4,False,Other
36093,22,9,0,13,1.3181818181818181,0.0,7,1.8425775433621842e-09,-2.50462964626632e-19,25.727272727272727,2,NY,40.9,59.1,0.0,"Schenectady County, NY",1770,40.0,0.0225988700564971,NY,124.29,False,Other
36103,266,78,9,188,2.0225563909774436,0.0,99,0.00014902004106034895,2.5875071703108033e-19,33.15413533834587,8,NY,29.3,70.7,3.4,"Suffolk County, NY",15559,809.0,0.0519956295391734,NY,170.96,False,Other
36109,11,3,0,8,0.45454545454545453,0.0,3,1.842577543362184e-08,-3.0586500597560227e-20,5.363636363636363,2,NY,27.3,72.7,0.0,"Tompkins County, NY",787,28.0,0.0355781448538754,NY,139.77,True,Target (High Risk + Weak Network)
36111,9,5,0,4,2.5555555555555554,3.0,7,1.0584584332424991e-07,5.3154832339138666e-20,36.111111111111114,2,NY,55.6,44.4,0.0,"Ulster County, NY",1482,20.0,0.0134952766531713,NY,60.73,False,Other
36119,285,55,1,230,0.6947368421052632,0.0,18,0.00011640210065387045,-4.884506072616279e-20,10.056140350877193,7,NY,19.3,80.7,0.4,"Westchester County, NY",10280,93.0,0.0090466926070038,NY,277.24,False,Other
37001,15,1,0,14,0.26666666666666666,0.0,4,0.0,-2.1648303814895962e-20,4.133333333333334,3,NC,6.7,93.3,0.0,"Alamance County, NC",1856,17.0,0.0091594827586206,NC,80.82,False,Other
37019,18,4,1,14,2.0,0.0,26,2.028580628092778e-05,-2.2941794281504986e-20,30.833333333333332,2,NC,22.2,77.8,5.6,"Brunswick County, NC",978,25.0,0.025562372188139,NC,184.05,False,Other
37021,89,32,5,57,2.5280898876404496,0.0,34,2.9112593030215265e-05,3.138806460596629e-09,43.97752808988764,5,NC,36.0,64.0,5.6,"Buncombe County, NC",2595,37.0,0.0142581888246628,NC,342.97,False,Other
37025,40,9,1,31,1.55,0.0,48,3.15965888102325e-05,-1.0334969578597257e-20,22.65,4,NC,22.5,77.5,2.5,"Cabarrus County, NC",2477,19.0,0.0076705692369802,NC,161.49,False,Other
37035,30,9,0,21,0.9333333333333333,0.0,10,4.661721184706326e-08,-6.60804761400993e-21,15.2,2,NC,30.0,70.0,0.0,"Catawba County, NC",1664,10.0,0.0060096153846153,NC,180.29,False,Other
37049,17,8,2,9,9.294117647058824,0.0,72,8.518311853802427e-05,-2.1480779893384242e-19,159.2941176470588,2,NC,47.1,52.9,11.8,"Craven County, NC",1438,18.0,0.0125173852573018,NC,118.22,False,Other
37051,79,19,0,60,0.7974683544303798,0.0,10,4.451199703247074e-05,1.878360649823805e-09,11.822784810126583,7,NC,24.1,75.9,0.0,"Cumberland County, NC",5446,33.0,0.0060594932060227,NC,145.06,False,Other
37057,13,3,0,10,0.6153846153846154,0.0,4,0.0,-2.6211091060133476e-19,8.615384615384615,1,NC,23.1,76.9,0.0,"Davidson County, NC",1771,28.0,0.0158102766798418,NC,73.4,False,Other
37063,74,11,1,63,0.8918918918918919,0.0,38,5.47793323702271e-10,5.873437626867465e-20,15.95945945945946,6,NC,14.9,85.1,1.4,"Durham County, NC",4346,48.0,0.0110446387482742,NC,170.27,False,Other
37067,90,22,1,68,0.8777777777777778,0.0,21,1.661329332346704e-05,7.538537136272254e-17,11.61111111111111,7,NC,24.4,75.6,1.1,"Forsyth County, NC",4496,80.0,0.0177935943060498,NC,200.18,False,Other
37071,28,6,0,22,0.6785714285714286,0.0,6,1.1581915986848016e-08,-1.4193716315527795e-19,10.0,2,NC,21.4,78.6,0.0,"Gaston County, NC",2524,35.0,0.0138668779714738,NC,110.94,False,Other
37081,101,12,1,89,0.49504950495049505,0.0,20,6.936123599770794e-05,8.146912728047025e-20,8.693069306930694,6,NC,11.9,88.1,1.0,"Guilford County, NC",6259,202.0,0.0322735261223837,NC,161.37,True,Target (High Risk + Weak Network)
37085,3,2,0,1,1.6666666666666667,1.0,4,0.0,2.2472699077650715e-20,23.333333333333332,1,NC,66.7,33.3,0.0,"Harnett County, NC",1861,19.0,0.0102095647501343,NC,16.12,False,Other
37089,20,9,1,11,2.25,0.0,16,9.595038299304236e-06,1.1265000998897346e-14,32.95,3,NC,45.0,55.0,5.0,"Henderson County, NC",1089,11.0,0.0101010101010101,NC,183.65,False,Other
37097,31,5,0,26,0.45161290322580644,0.0,5,3.439081827707612e-06,1.1264707014800992e-08,6.419354838709677,2,NC,16.1,83.9,0.0,"Iredell County, NC",1923,31.0,0.016120644825793,NC,161.21,False,Other
37101,10,3,0,7,2.1,0.0,13,0.0,-3.953629200252041e-19,36.6,1,NC,30.0,70.0,0.0,"Johnston County, NC",2336,21.0,0.0089897260273972,NC,42.81,False,Other
37119,373,31,4,342,0.4772117962466488,0.0,28,1.1863507141285257e-06,6.881395536169204e-10,7.257372654155496,7,NC,8.3,91.7,1.1,"Mecklenburg County, NC",14881,195.0,0.0131039580673341,NC,250.66,False,Other
37129,65,21,4,44,2.3076923076923075,0.0,30,2.4236116937836916e-05,4.908152614652308e-15,40.13846153846154,6,NC,32.3,67.7,6.2,"New Hanover County, NC",2241,47.0,0.0209727800089245,NC,290.05,False,Other
37133,30,4,0,26,0.5666666666666667,0.0,12,2.0302809177041873e-05,-8.290286005862352e-21,8.933333333333334,3,NC,13.3,86.7,0.0,"Onslow County, NC",3960,58.0,0.0146464646464646,NC,75.76,False,Other
37135,93,5,0,88,0.13978494623655913,0.0,4,0.0,6.8208547446442e-13,2.204301075268817,6,NC,5.4,94.6,0.0,"Orange County, NC",1166,20.0,0.0171526586620926,NC,797.6,True,Target (High Risk + Weak Network)
37147,61,21,1,40,2.4262295081967213,0.0,46,6.357085844210518e-05,-4.46650620068061e-19,37.59016393442623,7,NC,34.4,65.6,1.6,"Pitt County, NC",2023,0.0,0.0,NC,301.53,False,Other
37151,7,0,0,7,0.0,0.0,0,0.0,0.0,0.0,1,NC,0.0,100.0,0.0,"Randolph County, NC",1600,24.0,0.015,NC,43.75,False,Other
37155,17,10,2,7,3.764705882352941,1.0,20,2.5156602812609587e-06,3.092532038753559e-19,71.82352941176471,3,NC,58.8,41.2,11.8,"Robeson County, NC",1775,10.0,0.0056338028169014,NC,95.77,False,Other
37159,9,5,0,4,1.0,1.0,3,6.0582107048199295e-05,1.0228492825135598e-19,17.555555555555557,1,NC,55.6,44.4,0.0,"Rowan County, NC",1651,14.0,0.0084797092671108,NC,54.51,False,Other
37179,18,3,0,15,0.2777777777777778,0.0,3,1.8016313757319133e-08,-8.253534433080111e-21,3.2222222222222223,1,NC,16.7,83.3,0.0,"Union County, NC",2415,32.0,0.0132505175983436,NC,74.53,False,Other
37183,254,20,0,234,0.12992125984251968,0.0,5,4.197304592871495e-08,1.506845194453678e-16,1.8661417322834646,7,NC,7.9,92.1,0.0,"Wake County, NC",13018,120.0,0.0092180058380703,NC,195.11,False,Other
37191,16,5,0,11,0.8125,0.0,6,1.3326442082366998e-06,1.1302501648824996e-19,11.9375,2,NC,31.2,68.8,0.0,"Wayne County, NC",1636,0.0,0.0,NC,97.8,False,Other
38017,38,8,0,30,0.3684210526315789,0.0,4,0.0,9.280547450137155e-20,4.894736842105263,4,ND,21.1,78.9,0.0,"Cass County, ND",2639,105.0,0.039787798408488,ND,143.99,True,Target (High Risk + Weak Network)
39003,17,10,1,7,2.9411764705882355,1.0,27,1.031301489711246e-06,6.675974566808318e-19,45.1764705882353,2,OH,58.8,41.2,5.9,"Allen County, OH",1257,17.0,0.0135242641209228,OH,135.24,False,Other
39007,2,1,0,1,1.0,1.0,2,0.0,-3.178258699030227e-19,11.0,1,OH,50.0,50.0,0.0,"Ashtabula County, OH",1075,16.0,0.0148837209302325,OH,18.6,False,Other
39017,61,15,0,46,0.4426229508196721,0.0,6,1.7610208324264808e-07,9.185995746167169e-09,7.245901639344262,6,OH,24.6,75.4,0.0,"Butler County, OH",4452,107.0,0.0240341419586702,OH,137.02,True,Target (High Risk + Weak Network)
39023,14,2,0,12,0.2857142857142857,0.0,3,1.4477394983560017e-09,1.884103734331938e-19,3.642857142857143,3,OH,14.3,85.7,0.0,"Clark County, OH",1532,15.0,0.0097911227154047,OH,91.38,False,Other
39025,16,3,0,13,0.625,0.0,8,8.867404427430513e-09,1.2259108625555085e-15,8.125,3,OH,18.8,81.2,0.0,"Clermont County, OH",2293,71.0,0.0309638028783253,OH,69.78,False,Other
39029,7,3,0,4,1.7142857142857142,0.0,6,0.0,-2.1366402609897e-20,27.428571428571427,2,OH,42.9,57.1,0.0,"Columbiana County, OH",1070,17.0,0.0158878504672897,OH,65.42,False,Other
39035,264,46,4,218,0.8674242424242424,0.0,25,3.3234148892266698e-06,2.071999266717067e-09,13.761363636363637,8,OH,17.4,82.6,1.5,"Cuyahoga County, OH",14758,351.0,0.0237837105298821,OH,178.89,False,Other
39041,20,2,0,18,0.1,0.0,1,0.0,6.713426054724603e-20,1.25,3,OH,10.0,90.0,0.0,"Delaware County, OH",2079,40.0,0.0192400192400192,OH,96.2,True,Target (High Risk + Weak Network)
39045,16,7,1,9,1.625,0.0,14,2.1133980552042715e-06,2.4110443379280408e-12,24.5625,1,OH,43.8,56.2,6.2,"Fairfield County, OH",1629,35.0,0.0214855739717618,OH,98.22,False,Other
39049,368,35,6,333,0.6331521739130435,0.0,47,3.635360430013943e-07,9.501118045134001e-14,10.83695652173913,7,OH,9.5,90.5,1.6,"Franklin County, OH",19045,476.0,0.0249934365975321,OH,193.23,True,Target (High Risk + Weak Network)
39057,15,0,0,15,0.0,0.0,0,0.0,0.0,0.0,2,OH,0.0,100.0,0.0,"Greene County, OH",1808,25.0,0.0138274336283185,OH,82.96,False,Other
39061,269,33,3,236,1.100371747211896,0.0,136,3.052263264259551e-05,3.072148426407761e-09,19.130111524163567,7,OH,12.3,87.7,1.1,"Hamilton County, OH",10820,315.0,0.0291127541589648,OH,248.61,True,Target (High Risk + Weak Network)
39085,24,12,0,12,1.0416666666666667,0.5,6,6.088951040168951e-07,-2.241898155350654e-20,15.583333333333334,2,OH,50.0,50.0,0.0,"Lake County, OH",2163,47.0,0.0217290799815071,OH,110.96,False,Other
39089,14,6,0,8,1.9285714285714286,0.0,6,0.0,-1.1632968091381818e-20,29.928571428571427,4,OH,42.9,57.1,0.0,"Licking County, OH",2075,34.0,0.0163855421686747,OH,67.47,False,Other
39093,26,6,0,20,0.6153846153846154,0.0,5,7.015968338186777e-09,-3.222577918781507e-20,9.192307692307692,2,OH,23.1,76.9,0.0,"Lorain County, OH",3295,57.0,0.017298937784522,OH,78.91,False,Other
39095,95,21,2,74,1.6736842105263159,0.0,72,5.205055278545476e-07,1.686865133609343e-13,26.88421052631579,6,OH,22.1,77.9,2.1,"Lucas County, OH",5627,92.0,0.0163497423138439,OH,168.83,False,Other
39099,36,16,2,20,1.8888888888888888,0.0,25,4.053670595396805e-08,-3.3496784334866095e-19,33.388888888888886,4,OH,44.4,55.6,5.6,"Mahoning County, OH",2506,27.0,0.0107741420590582,OH,143.66,False,Other
39103,15,3,0,12,0.4666666666666667,0.0,3,1.4214871554524797e-06,-1.2097956182737398e-19,6.133333333333334,2,OH,20.0,80.0,0.0,"Medina County, OH",1816,32.0,0.0176211453744493,OH,82.6,True,Target (High Risk + Weak Network)
39109,11,4,0,7,0.5454545454545454,0.0,2,3.6851550867243685e-09,-2.176411141373146e-20,6.818181818181818,1,OH,36.4,63.6,0.0,"Miami County, OH",1227,15.0,0.0122249388753056,OH,89.65,False,Other
39113,149,33,1,116,0.6040268456375839,0.0,23,1.2106600100346162e-08,2.657177243980929e-16,9.496644295302014,6,OH,22.1,77.9,0.7,"Montgomery County, OH",6631,61.0,0.0091992158045543,OH,224.7,False,Other
39133,5,1,0,4,0.4,0.0,2,0.0,9.114123597531388e-20,5.0,1,OH,20.0,80.0,0.0,"Portage County, OH",1441,27.0,0.018736988202637,OH,34.7,True,Target (High Risk + Weak Network)
39139,16,7,4,9,4.8125,0.0,18,0.0,-1.196373411025777e-18,94.4375,2,OH,43.8,56.2,25.0,"Richland County, OH",1328,12.0,0.0090361445783132,OH,120.48,False,Other
39151,49,14,0,35,0.8367346938775511,0.0,7,2.828469339930954e-06,-2.7072413215758653e-20,11.551020408163266,6,OH,28.6,71.4,0.0,"Stark County, OH",4236,43.0,0.0101510859301227,OH,115.68,False,Other
39153,119,12,0,107,0.3025210084033613,0.0,13,9.406900293434452e-06,2.860006565935922e-20,4.46218487394958,6,OH,10.1,89.9,0.0,"Summit County, OH",5996,95.0,0.0158438959306204,OH,198.47,False,Other
39155,14,8,1,6,4.714285714285714,1.0,18,4.1984445452324044e-08,-5.437880603412949e-19,68.07142857142857,3,OH,57.1,42.9,7.1,"Trumbull County, OH",2101,30.0,0.014278914802475,OH,66.63,False,Other
39165,19,4,0,15,0.42105263157894735,0.0,3,0.0,9.844866309234744e-20,6.2105263157894735,3,OH,21.1,78.9,0.0,"Warren County, OH",2400,70.0,0.0291666666666666,OH,79.17,True,Target (High Risk + Weak Network)
39169,17,6,0,11,0.35294117647058826,0.0,1,0.0,9.255048121920647e-20,6.176470588235294,2,OH,35.3,64.7,0.0,"Wayne County, OH",1487,17.0,0.011432414256893,OH,114.32,False,Other
39173,11,0,0,11,0.0,0.0,0,0.0,0.0,0.0,2,OH,0.0,100.0,0.0,"Wood County, OH",1365,34.0,0.0249084249084249,OH,80.59,True,Target (High Risk + Weak Network)
40017,6,1,1,5,3.6666666666666665,0.0,22,0.0,3.1066738878980376e-19,78.0,1,OK,16.7,83.3,16.7,"Canadian County, OK",1781,0.0,0.0,OK,33.69,False,Other
40027,27,10,0,17,1.1111111111111112,0.0,6,1.5869369701238606e-06,1.957422264249994e-18,16.555555555555557,3,OK,37.0,63.0,0.0,"Cleveland County, OK",3016,27.0,0.0089522546419098,OK,89.52,False,Other
40031,19,6,0,13,1.0,0.0,11,0.0,2.6902077571242793e-19,16.68421052631579,3,OK,31.6,68.4,0.0,"Comanche County, OK",1757,19.0,0.0108138873079112,OK,108.14,False,Other
40109,245,37,5,208,1.2285714285714286,0.0,58,0.0,5.261778677599567e-13,31.281632653061223,7,OK,15.1,84.9,2.0,"Oklahoma County, OK",12197,137.0,0.0112322702303845,OK,200.87,False,Other
40143,154,28,5,126,2.4220779220779223,0.0,166,1.6241004917920962e-07,-8.511634479520441e-19,56.285714285714285,8,OK,18.2,81.8,3.2,"Tulsa County, OK",9639,62.0,0.0064322025106338,OK,159.77,False,Other
41005,63,2,0,61,0.047619047619047616,0.0,2,0.0,-9.062311703708678e-22,0.5555555555555556,5,OR,3.2,96.8,0.0,"Clackamas County, OR",4199,64.0,0.0152417242200523,OR,150.04,False,Other
41017,46,8,1,38,0.782608695652174,0.0,21,4.494286964461675e-07,4.07532460203498e-20,12.021739130434783,4,OR,17.4,82.6,2.2,"Deschutes County, OR",1806,16.0,0.0088593576965669,OR,254.71,False,Other
41019,8,5,1,3,3.875,2.0,14,5.067088244246006e-09,-2.9047608793704835e-19,60.625,2,OR,62.5,37.5,12.5,"Douglas County, OR",1087,0.0,0.0,OR,73.6,False,Other
41029,43,11,1,32,0.9534883720930233,0.0,16,0.0,-9.566382595835539e-20,14.627906976744185,4,OR,25.6,74.4,2.3,"Jackson County, OR",2294,25.0,0.0108979947689625,OR,187.45,False,Other
41039,66,5,0,61,0.5909090909090909,0.0,12,0.0,-6.102032456698777e-20,9.43939393939394,6,OR,7.6,92.4,0.0,"Lane County, OR",3554,38.0,0.0106921778277996,OR,185.71,False,Other
41043,18,2,0,16,0.1111111111111111,0.0,1,0.0,3.6334910175216814e-20,1.5555555555555556,2,OR,11.1,88.9,0.0,"Linn County, OR",1521,22.0,0.0144641683103221,OR,118.34,False,Other
41047,50,4,0,46,0.24,0.0,6,0.0,-2.2258479530573163e-21,3.22,3,OR,8.0,92.0,0.0,"Marion County, OR",4539,70.0,0.0154218990967173,OR,110.16,False,Other
41051,278,16,1,262,0.22661870503597123,0.0,16,8.019851897367781e-10,5.765397463318705e-14,3.2446043165467624,7,OR,5.8,94.2,0.4,"Multnomah County, OR",9081,175.0,0.0192710053958815,OR,306.13,True,Target (High Risk + Weak Network)
41067,160,11,0,149,0.21875,0.0,6,0.0,1.7056191555400743e-20,3.59375,8,OR,6.9,93.1,0.0,"Washington County, OR",6983,126.0,0.0180438207074323,OR,229.13,True,Target (High Risk + Weak Network)
42001,7,3,0,4,2.2857142857142856,0.0,13,6.080505893095208e-08,-5.200126013305093e-19,35.42857142857143,2,PA,42.9,57.1,0.0,"Adams County, PA",922,20.0,0.0216919739696312,PA,75.92,False,Other
42003,349,36,5,313,0.5759312320916905,0.0,30,4.5651319323865e-06,-3.728546117166834e-21,8.899713467048711,9,PA,10.3,89.7,1.4,"Allegheny County, PA",13164,334.0,0.025372227286539,PA,265.12,True,Target (High Risk + Weak Network)
42007,15,5,0,10,0.3333333333333333,0.0,1,0.0,-1.2410127301467563e-19,4.0,2,PA,33.3,66.7,0.0,"Beaver County, PA",1676,67.0,0.0399761336515513,PA,89.5,True,Target (High Risk + Weak Network)
42011,75,28,4,47,2.1466666666666665,0.0,31,3.594254594585167e-08,1.9166016343516158e-19,35.84,6,PA,37.3,62.7,5.3,"Berks County, PA",4786,130.0,0.0271625574592561,PA,156.71,False,Other
42013,19,7,0,12,1.894736842105263,0.0,10,0.0,5.564696485358349e-20,30.05263157894737,1,PA,36.8,63.2,0.0,"Blair County, PA",1270,10.0,0.0078740157480314,PA,149.61,False,Other
42017,68,29,2,39,2.4558823529411766,0.0,37,9.649822465144965e-07,-1.3807590010263061e-19,40.75,5,PA,42.6,57.4,2.9,"Bucks County, PA",5958,36.0,0.0060422960725075,PA,114.13,False,Other
42019,14,5,0,9,1.2857142857142858,0.0,6,0.0,-4.841993943544892e-21,19.857142857142858,3,PA,35.7,64.3,0.0,"Butler County, PA",1833,36.0,0.0196399345335515,PA,76.38,False,Other
42021,11,3,0,8,1.2727272727272727,0.0,7,3.878625728777397e-06,-4.2950145952237e-20,20.636363636363637,2,PA,27.3,72.7,0.0,"Cambria County, PA",1357,13.0,0.0095799557848194,PA,81.06,False,Other
42027,25,12,2,13,2.88,0.0,31,2.1079087096063384e-08,-2.0763615596628982e-19,47.32,4,PA,48.0,52.0,8.0,"Centre County, PA",1208,28.0,0.0231788079470198,PA,206.95,False,Other
42029,83,35,4,48,2.433734939759036,0.0,28,4.358724095186468e-05,-3.0776354461893867e-19,40.55421686746988,6,PA,42.2,57.8,4.8,"Chester County, PA",5325,78.0,0.0146478873239436,PA,155.87,False,Other
42041,49,10,1,39,1.183673469387755,0.0,35,4.330809299367811e-07,3.084770679042494e-20,16.857142857142858,7,PA,20.4,79.6,2.0,"Cumberland County, PA",2683,33.0,0.012299664554603,PA,182.63,False,Other
42043,105,11,2,94,0.5904761904761905,0.0,18,9.937927356492638e-07,1.5819065273495722e-21,9.352380952380953,6,PA,10.5,89.5,1.9,"Dauphin County, PA",3437,17.0,0.0049461739889438,PA,305.5,False,Other
42045,120,31,4,89,2.5166666666666666,0.0,148,0.00010604895380312003,3.567056895708532e-18,44.34166666666667,7,PA,25.8,74.2,3.3,"Delaware County, PA",6575,133.0,0.0202281368821292,PA,182.51,False,Other
42049,45,15,2,30,2.577777777777778,0.0,32,4.729282361296272e-08,2.6036859535264277e-19,40.28888888888889,4,PA,33.3,66.7,4.4,"Erie County, PA",3064,36.0,0.0117493472584856,PA,146.87,False,Other
42051,13,7,0,6,2.5384615384615383,1.0,9,0.0007766539395131893,-8.760065268588475e-20,34.53846153846154,2,PA,53.8,46.2,0.0,"Fayette County, PA",1351,32.0,0.0236861584011843,PA,96.23,False,Other
42055,18,7,0,11,1.7777777777777777,0.0,11,6.080505893095208e-08,-2.520745807012186e-19,27.27777777777778,2,PA,38.9,61.1,0.0,"Franklin County, PA",1875,40.0,0.0213333333333333,PA,96.0,False,Other
42069,32,12,2,20,2.9375,0.0,33,5.367281553415788e-05,9.305542196691845e-20,45.34375,4,PA,37.5,62.5,6.2,"Lackawanna County, PA",2246,11.0,0.0048975957257346,PA,142.48,False,Other
42071,84,18,0,66,0.5476190476190477,0.0,8,1.592513448191602e-08,-6.702560755404688e-20,6.904761904761905,6,PA,21.4,78.6,0.0,"Lancaster County, PA",7000,245.0,0.035,PA,120.0,False,Other
42075,27,10,3,17,4.0,0.0,32,1.677769218650344e-07,-2.7665935111727185e-19,72.88888888888889,3,PA,37.0,63.0,11.1,"Lebanon County, PA",1592,28.0,0.0175879396984924,PA,169.6,False,Other
42077,148,25,1,123,0.7364864864864865,0.0,24,5.736570105985176e-05,-7.578964732102365e-20,12.77027027027027,7,PA,16.9,83.1,0.7,"Lehigh County, PA",4253,24.0,0.0056430754761344,PA,347.99,False,Other
42079,54,22,4,32,3.111111111111111,0.0,32,0.0002091169275537536,-1.1147844781988525e-19,51.68518518518518,3,PA,40.7,59.3,7.4,"Luzerne County, PA",3193,32.0,0.0100219229564672,PA,169.12,False,Other
42081,15,9,3,6,6.266666666666667,1.0,36,0.00040482694819480544,1.3396504808809945e-19,108.26666666666667,3,PA,60.0,40.0,20.0,"Lycoming County, PA",1222,16.0,0.0130932896890343,PA,122.75,False,Other
42085,22,7,1,15,2.3181818181818183,0.0,18,2.2571574906186755e-07,3.280507568362871e-19,37.31818181818182,2,PA,31.8,68.2,4.5,"Mercer County, PA",1165,32.0,0.0274678111587982,PA,188.84,False,Other
42089,15,9,4,6,11.466666666666667,3.0,70,0.00011310497646334286,3.2888908383034256e-19,191.73333333333332,3,PA,60.0,40.0,26.7,"Monroe County, PA",1477,37.0,0.0250507786052809,PA,101.56,False,Other
42091,240,55,6,185,1.3291666666666666,0.0,32,0.00017584768673997833,-4.6198089211868875e-20,20.475,7,PA,22.9,77.1,2.5,"Montgomery County, PA",8695,316.0,0.0363427257044278,PA,276.02,False,Other
42095,102,21,4,81,1.6568627450980393,0.0,31,0.00010545661764151435,-7.551635563281196e-21,25.441176470588236,5,PA,20.6,79.4,3.9,"Northampton County, PA",2831,20.0,0.0070646414694454,PA,360.3,False,Other
42101,527,79,7,448,0.8273244781783681,0.0,28,3.717803797077262e-05,2.2846044473878275e-19,12.44212523719165,9,PA,15.0,85.0,1.3,"Philadelphia County, PA",21506,328.0,0.0152515577048265,PA,245.05,False,Other
42107,9,6,2,3,7.222222222222222,3.0,25,8.062300406400313e-08,2.2088739945969087e-19,119.55555555555556,2,PA,66.7,33.3,22.2,"Schuylkill County, PA",1367,105.0,0.0768105340160936,PA,65.84,False,Other
42125,22,7,0,15,1.7272727272727273,0.0,12,0.0,-2.3073329282928172e-20,25.5,2,PA,31.8,68.2,0.0,"Washington County, PA",2044,28.0,0.0136986301369863,PA,107.63,False,Other
42129,31,6,0,25,0.5161290322580645,0.0,7,0.0,-1.168322738130513e-21,7.064516129032258,4,PA,19.4,80.6,0.0,"Westmoreland County, PA",2939,67.0,0.0227968696835658,PA,105.48,True,Target (High Risk + Weak Network)
42133,111,27,5,84,2.135135135135135,0.0,34,3.180305439639961e-06,2.293932874887563e-20,34.765765765765764,6,PA,24.3,75.7,4.5,"York County, PA",4974,54.0,0.0108564535585042,PA,223.16,False,Other
44003,23,3,1,20,1.0,0.0,15,3.313435095367823e-07,-2.2553238335513025e-19,15.826086956521738,2,RI,13.0,87.0,4.3,"Kent County, RI",1565,20.0,0.0127795527156549,RI,146.96,False,Other
44007,219,42,5,177,0.9360730593607306,0.0,30,1.0462727415744491e-07,1.8092720012008784e-18,13.45662100456621,7,RI,19.2,80.8,2.3,"Providence County, RI",7275,139.0,0.0191065292096219,RI,301.03,False,Other
44009,15,11,2,4,5.866666666666666,2.0,42,6.215628246275101e-07,-1.2328704929606419e-19,96.33333333333333,2,RI,73.3,26.7,13.3,"Washington County, RI",929,13.0,0.0139935414424111,RI,161.46,False,Other
45003,10,6,2,4,10.6,1.5,75,1.4633750849382466e-06,-2.789515227955496e-19,227.9,2,SC,60.0,40.0,20.0,"Aiken County, SC",1965,22.0,0.0111959287531806,SC,50.89,False,Other
45007,19,7,1,12,2.1578947368421053,0.0,22,1.9468286412103074e-07,-8.160587930979282e-20,36.89473684210526,3,SC,36.8,63.2,5.3,"Anderson County, SC",2318,64.0,0.0276100086281276,SC,81.97,False,Other
45013,34,14,5,20,5.911764705882353,0.0,55,0.0003343501287671451,1.575506082548829e-08,105.61764705882354,3,SC,41.2,58.8,14.7,"Beaufort County, SC",1958,0.0,0.0,SC,173.65,False,Other
45015,2,0,0,2,0.0,0.0,0,0.0,0.0,0.0,1,SC,0.0,100.0,0.0,"Berkeley County, SC",2754,47.0,0.0170660856935366,SC,7.26,True,Target (High Risk + Weak Network)
45019,102,34,3,68,1.696078431372549,0.0,38,8.329645281082288e-05,2.1723133426343493e-19,30.84313725490196,7,SC,33.3,66.7,2.9,"Charleston County, SC",5015,85.0,0.0169491525423728,SC,203.39,False,Other
45035,15,5,0,10,0.4666666666666667,0.0,2,1.3863553436257071e-06,2.06429011651912e-19,7.0,2,SC,33.3,66.7,0.0,"Dorchester County, SC",1800,27.0,0.015,SC,83.33,False,Other
45041,36,14,1,22,2.4444444444444446,0.0,24,2.9022029423815714e-05,7.196207115374497e-15,41.55555555555556,3,SC,38.9,61.1,2.8,"Florence County, SC",1657,0.0,0.0,SC,217.26,False,Other
45045,212,27,2,185,0.589622641509434,0.0,30,7.817497369526832e-07,1.6880568357506457e-13,10.55188679245283,9,SC,12.7,87.3,0.9,"Greenville County, SC",6298,89.0,0.0141314703080342,SC,336.61,False,Other
45051,44,22,4,22,3.659090909090909,0.5,23,0.0002108230930354213,3.476380918845104e-16,61.20454545454545,4,SC,50.0,50.0,9.1,"Horry County, SC",3118,45.0,0.014432328415651,SC,141.12,False,Other
45063,67,21,2,46,2.0,0.0,37,3.2614401716958553e-06,-7.906629532401695e-20,34.507462686567166,3,SC,31.3,68.7,3.0,"Lexington County, SC",3264,47.0,0.0143995098039215,SC,205.27,False,Other
45077,8,3,0,5,1.375,0.0,6,5.067088244246007e-09,-3.7747229193967214e-19,22.125,3,SC,37.5,62.5,0.0,"Pickens County, SC",1225,19.0,0.0155102040816326,SC,65.31,False,Other
45079,110,19,2,91,1.0636363636363637,0.0,33,1.8339788481598272e-07,-7.235447996985445e-20,18.345454545454544,5,SC,17.3,82.7,1.8,"Richland County, SC",4810,55.0,0.0114345114345114,SC,228.69,False,Other
45083,41,24,3,17,3.4390243902439024,2.0,21,1.5225158319580802e-06,-2.1280679744327603e-19,61.609756097560975,5,SC,58.5,41.5,7.3,"Spartanburg County, SC",3690,14.0,0.0037940379403794,SC,111.11,False,Other
45085,13,8,0,5,2.230769230769231,3.0,6,3.0402529465476034e-08,1.8646440321590723e-19,30.153846153846153,2,SC,61.5,38.5,0.0,"Sumter County, SC",1375,0.0,0.0,SC,94.55,False,Other
45091,23,6,1,17,1.6956521739130435,0.0,21,1.3218491071946106e-08,-1.0517753639750941e-19,24.47826086956522,2,SC,26.1,73.9,4.3,"York County, SC",3011,36.0,0.0119561607439388,SC,76.39,False,Other
46099,53,10,4,43,2.188679245283019,0.0,36,0.0,1.500068583759744e-19,38.0377358490566,7,SD,18.9,81.1,7.5,"Minnehaha County, SD",2937,32.0,0.0108954715696288,SD,180.46,False,Other
46103,18,4,1,14,1.2222222222222223,0.0,18,0.0,7.326821138922303e-20,16.88888888888889,1,SD,22.2,77.8,5.6,"Pennington County, SD",1471,10.0,0.0067980965329707,SD,122.37,False,Other
47009,20,9,0,11,1.15,0.0,5,0.0003470133903401145,6.083007032203241e-08,16.7,3,TN,45.0,55.0,0.0,"Blount County, TN",1229,12.0,0.0097640358014646,TN,162.73,False,Other
47037,164,34,1,130,0.6219512195121951,0.0,15,5.944765602323507e-06,2.595554555847365e-08,11.74390243902439,6,TN,20.7,79.3,0.6,"Davidson County, TN",10023,89.0,0.0088795769729621,TN,163.62,False,Other
47065,99,45,3,54,2.3535353535353534,0.0,78,2.431826334931864e-05,1.0060174813322392e-07,42.13131313131313,6,TN,45.5,54.5,3.0,"Hamilton County, TN",4293,76.0,0.0177032378290239,TN,230.61,False,Other
47093,121,28,0,93,0.6363636363636364,0.0,13,4.617766776587761e-05,1.4501605226826555e-08,9.84297520661157,7,TN,23.1,76.9,0.0,"Knox County, TN",5272,48.0,0.0091047040971168,TN,229.51,False,Other
47125,20,8,0,12,0.55,0.0,2,0.0,4.767375040281178e-13,7.9,3,TN,40.0,60.0,0.0,"Montgomery County, TN",3443,21.0,0.0060993319779262,TN,58.09,False,Other
47149,42,2,0,40,0.047619047619047616,0.0,1,0.0,4.251363204931767e-09,0.7142857142857143,3,TN,4.8,95.2,0.0,"Rutherford County, TN",4130,43.0,0.010411622276029,TN,101.69,False,Other
47157,176,51,13,125,3.6931818181818183,0.0,112,6.408280476802325e-05,3.380089123837365e-08,66.66477272727273,7,TN,29.0,71.0,7.4,"Shelby County, TN",13234,93.0,0.0070273537857034,TN,132.99,False,Other
47163,50,23,1,27,1.36,0.0,15,1.88440958132912e-05,6.9091044281138675e-12,24.9,3,TN,46.0,54.0,2.0,"Sullivan County, TN",1492,13.0,0.0087131367292225,TN,335.12,False,Other
47165,19,3,0,16,0.631578947368421,0.0,8,5.3907062801110535e-05,2.5450723049299212e-08,10.210526315789474,1,TN,15.8,84.2,0.0,"Sumner County, TN",2053,36.0,0.0175353141743789,TN,92.55,False,Other
47179,43,13,0,30,0.813953488372093,0.0,10,1.9829048210133683e-05,1.5297733701824083e-13,16.46511627906977,7,TN,30.2,69.8,0.0,"Washington County, TN",1292,0.0,0.0,TN,332.82,False,Other
47187,35,8,1,27,2.857142857142857,0.0,85,3.697989955440423e-05,1.3080816394753345e-08,61.371428571428574,5,TN,22.9,77.1,2.9,"Williamson County, TN",2270,0.0,0.0,TN,154.19,False,Other
47189,4,2,0,2,0.75,0.5,2,2.665288416473399e-06,1.4017427170574146e-15,14.5,2,TN,50.0,50.0,0.0,"Wilson County, TN",1527,16.0,0.0104780615586116,TN,26.2,False,Other
48027,81,18,5,63,2.271604938271605,0.0,55,2.4970861094222548e-05,1.2048644811780562e-19,38.901234567901234,8,TX,22.2,77.8,6.2,"Bell County, TX",6140,34.0,0.0055374592833876,TX,131.92,False,Other
48029,415,34,3,381,0.3927710843373494,0.0,30,2.7763736426084743e-06,4.76412773076361e-20,6.387951807228916,8,TX,8.2,91.8,0.7,"Bexar County, TX",27968,186.0,0.0066504576659038,TX,148.38,False,Other
48039,17,1,1,16,1.0,0.0,17,1.9076096919514376e-08,-3.6229870208234776e-20,20.176470588235293,2,TX,5.9,94.1,5.9,"Brazoria County, TX",4800,21.0,0.004375,TX,35.42,False,Other
48041,39,11,0,28,1.0256410256410255,0.0,10,1.0394027167684116e-09,-2.936074880180757e-19,14.35897435897436,2,TX,28.2,71.8,0.0,"Brazos County, TX",2771,31.0,0.0111872970046914,TX,140.74,False,Other
48061,32,14,1,18,2.1875,0.0,14,2.7529490430983263e-05,1.4327919667041807e-19,29.84375,3,TX,43.8,56.2,3.1,"Cameron County, TX",6893,33.0,0.0047874655447555,TX,46.42,False,Other
48085,180,36,1,144,0.45,0.0,21,4.064480383650707e-06,3.1205885047224645e-16,9.566666666666666,9,TX,20.0,80.0,0.6,"Collin County, TX",11086,74.0,0.0066750856936676,TX,162.37,False,Other
48091,16,2,0,14,0.5,0.0,6,1.998966312355049e-06,-8.865329214031963e-20,8.375,2,TX,12.5,87.5,0.0,"Comal County, TX",1448,21.0,0.0145027624309392,TX,110.5,False,Other
48113,544,87,7,457,0.6029411764705882,0.0,38,1.7213165781382504e-05,4.956336573968373e-20,11.902573529411764,7,TX,16.0,84.0,1.3,"Dallas County, TX",40379,740.0,0.0183263577602218,TX,134.72,False,Other
48121,113,19,0,94,0.3008849557522124,0.0,4,1.1944517077841356e-05,1.3646035541830963e-19,5.15929203539823,7,TX,16.8,83.2,0.0,"Denton County, TX",10195,61.0,0.0059833251593918,TX,110.84,False,Other
48135,43,9,0,34,0.813953488372093,0.0,10,0.00028718122158752113,4.0748557780176e-20,11.488372093023257,3,TX,20.9,79.1,0.0,"Ector County, TX",2814,0.0,0.0,TX,152.81,False,Other
48139,14,1,0,13,0.07142857142857142,0.0,1,0.0,-1.916448529300099e-20,0.7857142857142857,2,TX,7.1,92.9,0.0,"Ellis County, TX",2244,26.0,0.0115864527629233,TX,62.39,False,Other
48141,144,14,1,130,0.4861111111111111,0.0,24,2.181662994050364e-09,1.0143363510625014e-20,7.1875,7,TX,9.7,90.3,0.7,"El Paso County, TX",13073,126.0,0.009638185573319,TX,110.15,False,Other
48157,97,9,0,88,0.38144329896907214,0.0,13,6.644676542970021e-07,4.331609178631924e-20,7.041237113402062,6,TX,9.3,90.7,0.0,"Fort Bend County, TX",9976,37.0,0.0037089013632718,TX,97.23,False,Other
48167,16,2,0,14,0.1875,0.0,2,0.0,5.157303094139501e-15,3.5625,2,TX,12.5,87.5,0.0,"Galveston County, TX",4167,31.0,0.0074394048476121,TX,38.4,False,Other
48181,11,7,1,4,3.6363636363636362,1.0,26,3.395870412416444e-05,5.00484249426629e-20,54.36363636363637,2,TX,63.6,36.4,9.1,"Grayson County, TX",1543,0.0,0.0,TX,71.29,False,Other
48183,31,17,0,14,1.8387096774193548,1.0,8,3.6453613555857445e-05,5.982709070148164e-18,29.322580645161292,2,TX,54.8,45.2,0.0,"Gregg County, TX",1743,0.0,0.0,TX,177.85,False,Other
48187,13,7,0,6,2.8461538461538463,2.0,11,6.161891125816947e-05,3.4391026125476987e-20,39.46153846153846,3,TX,53.8,46.2,0.0,"Guadalupe County, TX",1847,13.0,0.0070384407146724,TX,70.38,False,Other
48201,1086,120,3,966,0.38950276243093923,0.0,39,2.868285178770058e-05,1.8496959583326493e-10,6.176795580110498,9,TX,11.0,89.0,0.3,"Harris County, TX",72420,291.0,0.0040182270091135,TX,149.96,False,Other
48209,26,1,0,25,0.038461538461538464,0.0,1,0.0,6.025965996542814e-21,0.5,1,TX,3.8,96.2,0.0,"Hays County, TX",2502,24.0,0.0095923261390887,TX,103.92,False,Other
48215,87,27,4,60,1.9195402298850575,0.0,50,5.3084913172890103e-05,-1.1834349926814249e-20,31.735632183908045,5,TX,31.0,69.0,4.6,"Hidalgo County, TX",14982,216.0,0.014417300760913,TX,58.07,False,Other
48245,29,6,0,23,0.7241379310344828,0.0,8,2.3063987870361134e-08,2.2219544895116172e-20,9.586206896551724,3,TX,20.7,79.3,0.0,"Jefferson County, TX",3578,23.0,0.0064281721632196,TX,81.05,False,Other
48251,16,3,0,13,0.5,0.0,4,2.5335441221230034e-09,-1.5462940769431502e-20,6.3125,3,TX,18.8,81.2,0.0,"Johnson County, TX",2100,16.0,0.0076190476190476,TX,76.19,False,Other
48257,3,0,0,3,0.0,0.0,0,0.0,0.0,0.0,2,TX,0.0,100.0,0.0,"Kaufman County, TX",1663,19.0,0.0114251352976548,TX,18.04,False,Other
48303,36,8,2,28,2.8055555555555554,0.0,51,3.416437331198795e-05,1.8260250169585556e-19,51.19444444444444,5,TX,22.2,77.8,5.6,"Lubbock County, TX",4273,116.0,0.0271472033699976,TX,84.25,False,Other
48309,45,14,0,31,0.6666666666666666,0.0,8,4.504078439329783e-10,4.270292122602279e-20,11.422222222222222,3,TX,31.1,68.9,0.0,"McLennan County, TX",3376,47.0,0.0139218009478672,TX,133.29,False,Other
48329,18,9,1,9,2.1666666666666665,0.5,14,2.2506879961327994e-05,1.473087400706378e-19,32.111111111111114,3,TX,50.0,50.0,5.6,"Midland County, TX",2904,19.0,0.0065426997245179,TX,61.98,False,Other
48339,85,16,2,69,0.9764705882352941,0.0,23,4.266130624837502e-06,1.2795070604043192e-19,15.48235294117647,7,TX,18.8,81.2,2.4,"Montgomery County, TX",7347,33.0,0.004491629236423,TX,115.69,False,Other
48355,48,16,2,32,3.625,0.0,111,2.2970800040581892e-07,-1.1050130690053883e-20,80.47916666666667,5,TX,33.3,66.7,4.2,"Nueces County, TX",4738,15.0,0.0031658927817644,TX,101.31,False,Other
48367,8,2,0,6,0.25,0.0,1,0.0,9.907816717165614e-20,3.25,1,TX,25.0,75.0,0.0,"Parker County, TX",1538,0.0,0.0,TX,52.02,False,Other
48375,38,13,1,25,1.368421052631579,0.0,19,1.03165916652831e-05,9.977354801638113e-20,19.842105263157894,5,TX,34.2,65.8,2.6,"Potter County, TX",1886,24.0,0.0127253446447507,TX,201.48,False,Other
48381,4,2,0,2,0.75,0.5,2,0.0,4.394821754277439e-19,10.25,2,TX,50.0,50.0,0.0,"Randall County, TX",1640,21.0,0.0128048780487804,TX,24.39,False,Other
48423,54,16,3,38,2.1296296296296298,0.0,27,4.961993080661644e-06,8.564209475184225e-20,35.46296296296296,4,TX,29.6,70.4,5.6,"Smith County, TX",3160,22.0,0.0069620253164556,TX,170.89,False,Other
48439,349,56,3,293,0.9684813753581661,0.0,124,7.047442807545719e-05,1.1841662750567543e-19,17.945558739255013,7,TX,16.0,84.0,0.9,"Tarrant County, TX",28745,245.0,0.0085232214298138,TX,121.41,False,Other
48441,20,10,0,10,1.55,0.5,6,3.242936476317444e-08,1.131772747745461e-19,29.5,3,TX,50.0,50.0,0.0,"Taylor County, TX",2037,22.0,0.0108001963672066,TX,98.18,False,Other
48451,17,12,3,5,6.823529411764706,3.0,45,0.0,-4.1861007531625034e-19,119.11764705882354,2,TX,70.6,29.4,17.6,"Tom Green County, TX",1556,17.0,0.0109254498714652,TX,109.25,False,Other
48453,315,33,2,282,0.4031746031746032,0.0,41,5.6751388335555266e-08,-4.782778569952343e-20,6.968253968253968,8,TX,10.5,89.5,0.6,"Travis County, TX",15992,114.0,0.007128564282141,TX,196.97,False,Other
48479,19,6,0,13,1.1578947368421053,0.0,11,0.0008840630644318186,6.602893741468667e-15,18.210526315789473,2,TX,31.6,68.4,0.0,"Webb County, TX",5189,0.0,0.0,TX,36.62,False,Other
48485,20,10,0,10,1.3,0.5,9,2.665288416473399e-06,-6.81599298790815e-21,27.3,3,TX,50.0,50.0,0.0,"Wichita County, TX",1631,0.0,0.0,TX,122.62,False,Other
48491,88,10,0,78,0.3522727272727273,0.0,7,1.3819331575216383e-09,2.7899571031856293e-09,5.113636363636363,6,TX,11.4,88.6,0.0,"Williamson County, TX",6535,47.0,0.0071920428462127,TX,134.66,False,Other
49005,17,2,0,15,0.11764705882352941,0.0,1,0.0,6.442258659799619e-21,2.235294117647059,1,UT,11.8,88.2,0.0,"Cache County, UT",2286,34.0,0.0148731408573928,UT,74.37,False,Other
49011,36,5,0,31,0.1388888888888889,0.0,1,0.0,3.920673424598759e-20,1.6666666666666667,3,UT,13.9,86.1,0.0,"Davis County, UT",5698,115.0,0.0201825201825201,UT,63.18,True,Target (High Risk + Weak Network)
49035,198,6,1,192,0.5252525252525253,0.0,86,9.622349393113628e-09,-4.1573809100441284e-20,11.06060606060606,6,UT,3.0,97.0,0.5,"Salt Lake County, UT",17612,339.0,0.0192482398364751,UT,112.42,True,Target (High Risk + Weak Network)
49049,73,9,1,64,0.5616438356164384,0.0,26,0.0,1.0578920637488439e-20,8.698630136986301,6,UT,12.3,87.7,1.4,"Utah County, UT",11971,184.0,0.0153704786567538,UT,60.98,False,Other
49053,26,8,1,18,1.3846153846153846,0.0,14,7.639609968247825e-08,4.250724383496802e-20,20.807692307692307,4,UT,30.8,69.2,3.8,"Washington County, UT",2210,13.0,0.0058823529411764,UT,117.65,False,Other
49057,33,3,0,30,0.15151515151515152,0.0,2,6.141925144540613e-10,2.5612347658487562e-21,2.4242424242424243,2,UT,9.1,90.9,0.0,"Weber County, UT",3876,54.0,0.0139318885448916,UT,85.14,False,Other
50007,78,10,2,68,1.4871794871794872,0.0,56,1.245044213436373e-05,-1.5254132602152713e-19,22.141025641025642,7,VT,12.8,87.2,2.6,"Chittenden County, VT",1552,52.0,0.0335051546391752,VT,502.58,True,Target (High Risk + Weak Network)
51013,61,7,0,54,0.21311475409836064,0.0,5,0.0,-1.9894301046861818e-20,2.918032786885246,8,VA,11.5,88.5,0.0,"Arlington County, VA",3225,0.0,0.0,VA,189.15,False,Other
51041,88,22,4,66,2.3863636363636362,0.0,51,0.0007979501215650022,3.4009951797892944e-15,42.19318181818182,6,VA,25.0,75.0,4.5,"Chesterfield County, VA",3885,17.0,0.0043758043758043,VA,226.51,False,Other
51059,318,25,2,293,0.42452830188679247,0.0,30,1.919183573867797e-06,-5.3209826262287895e-21,7.940251572327044,8,VA,7.9,92.1,0.6,"Fairfax County, VA",14525,32.0,0.0022030981067125,VA,218.93,False,Other
51087,61,14,2,47,1.0655737704918034,0.0,28,2.3297253430743053e-05,3.996795278579922e-21,17.229508196721312,7,VA,23.0,77.0,3.3,"Henrico County, VA",3903,37.0,0.0094798872662054,VA,156.29,False,Other
51107,58,2,0,56,0.05172413793103448,0.0,2,0.0,-5.5234022048716345e-21,0.603448275862069,4,VA,3.4,96.6,0.0,"Loudoun County, VA",5335,24.0,0.0044985941893158,VA,108.72,False,Other
51153,40,3,0,37,0.125,0.0,3,2.665288416473399e-07,8.667394488112896e-21,1.75,4,VA,7.5,92.5,0.0,"Prince William County, VA",6845,49.0,0.0071585098612125,VA,58.44,False,Other
51177,2,0,0,2,0.0,0.0,0,0.0,0.0,0.0,1,VA,0.0,100.0,0.0,"Spotsylvania County, VA",1542,11.0,0.0071335927367055,VA,12.97,False,Other
51179,12,0,0,12,0.0,0.0,0,0.0,0.0,0.0,3,VA,0.0,100.0,0.0,"Stafford County, VA",1711,0.0,0.0,VA,70.13,False,Other
51510,49,6,0,43,0.30612244897959184,0.0,7,1.5465994241007725e-05,1.2916081428540242e-19,5.428571428571429,5,VA,12.2,87.8,0.0,"Alexandria city, VA",2823,0.0,0.0,VA,173.57,False,Other
51550,34,9,2,25,1.4705882352941178,0.0,22,0.0008866473805341169,-1.5003892236610721e-19,23.58823529411765,5,VA,26.5,73.5,5.9,"Chesapeake city, VA",2877,23.0,0.0079944386513729,VA,118.18,False,Other
51650,8,2,0,6,0.375,0.0,2,3.997932624710098e-06,-4.134196858765013e-20,6.125,1,VA,25.0,75.0,0.0,"Hampton city, VA",1727,0.0,0.0,VA,46.32,False,Other
51700,50,12,1,38,1.0,0.0,29,8.10247678607872e-06,7.266893472675634e-16,19.4,4,VA,24.0,76.0,2.0,"Newport News city, VA",2814,13.0,0.0046197583511016,VA,177.68,False,Other
51710,85,20,2,65,2.541176470588235,0.0,75,9.546479034812331e-05,-1.0908243702208108e-19,49.16470588235294,7,VA,23.5,76.5,2.4,"Norfolk city, VA",3547,40.0,0.0112771356075556,VA,239.64,False,Other
51760,40,9,1,31,0.75,0.0,18,3.4653816502398395e-06,3.78266115015007e-12,13.325,4,VA,22.5,77.5,2.5,"Richmond city, VA",3028,30.0,0.0099075297225891,VA,132.1,False,Other
51810,50,8,0,42,0.46,0.0,9,2.8926993368751595e-06,7.79207068202422e-20,6.54,3,VA,16.0,84.0,0.0,"Virginia Beach city, VA",5925,39.0,0.0065822784810126,VA,84.39,False,Other
53005,34,8,0,26,0.6176470588235294,0.0,13,4.1728962011437695e-09,-6.711685939745889e-20,8.058823529411764,3,WA,23.5,76.5,0.0,"Benton County, WA",2759,145.0,0.0525552736498731,WA,123.23,False,Other
53011,104,6,0,98,0.3557692307692308,0.0,12,8.220376236242174e-07,3.2563806726857998e-15,5.038461538461538,6,WA,5.8,94.2,0.0,"Clark County, WA",5665,92.0,0.0162400706090026,WA,183.58,False,Other
53015,13,2,0,11,0.23076923076923078,0.0,2,0.0,7.152289131738537e-20,2.769230769230769,1,WA,15.4,84.6,0.0,"Cowlitz County, WA",1285,16.0,0.0124513618677042,WA,101.17,False,Other
53033,598,41,3,557,0.31605351170568563,0.0,51,2.553880262233689e-08,1.2438096455957477e-20,4.844481605351171,7,WA,6.9,93.1,0.5,"King County, WA",26022,561.0,0.0215586811159787,WA,229.81,True,Target (High Risk + Weak Network)
53035,25,7,1,18,1.68,0.0,35,0.0,-1.2813129107646895e-20,32.52,3,WA,28.0,72.0,4.0,"Kitsap County, WA",3147,37.0,0.0117572291070861,WA,79.44,False,Other
53053,121,15,2,106,0.8677685950413223,0.0,26,4.740533251447376e-06,1.0003776724538793e-13,14.388429752066116,7,WA,12.4,87.6,1.7,"Pierce County, WA",11756,134.0,0.0113984348417829,WA,102.93,False,Other
53057,23,4,0,19,0.391304347826087,0.0,6,0.0,2.892857368000639e-20,6.6521739130434785,1,WA,17.4,82.6,0.0,"Skagit County, WA",1515,15.0,0.0099009900990099,WA,151.82,False,Other
53061,86,3,1,83,0.23255813953488372,0.0,17,0.0,-3.605516220499556e-21,5.465116279069767,6,WA,3.5,96.5,1.2,"Snohomish County, WA",10041,120.0,0.011951000896325,WA,85.65,False,Other
53063,89,10,2,79,1.146067415730337,0.0,48,4.941834377534307e-08,-1.0041327589500524e-19,19.662921348314608,6,WA,11.2,88.8,2.2,"Spokane County, WA",6145,119.0,0.0193653376729048,WA,144.83,True,Target (High Risk + Weak Network)
53067,42,8,0,34,0.2857142857142857,0.0,3,0.0,-8.391244762986124e-20,4.4523809523809526,5,WA,19.0,81.0,0.0,"Thurston County, WA",3205,49.0,0.0152886115444617,WA,131.05,False,Other
53073,35,3,0,32,0.3142857142857143,0.0,5,0.0,3.702374256076138e-20,4.857142857142857,4,WA,8.6,91.4,0.0,"Whatcom County, WA",2279,10.0,0.0043878894251864,WA,153.58,False,Other
53077,41,8,0,33,0.5365853658536586,0.0,8,0.0,-5.0771019957994874e-21,7.121951219512195,3,WA,19.5,80.5,0.0,"Yakima County, WA",3935,48.0,0.0121982210927573,WA,104.19,False,Other
54003,10,6,0,4,2.3,3.0,5,6.396692199536159e-06,7.076656193685294e-19,33.8,2,WV,60.0,40.0,0.0,"Berkeley County, WV",1393,20.0,0.0143575017946877,WV,71.79,False,Other
54039,43,15,2,28,2.0930232558139537,0.0,36,2.1570241137968817e-05,4.908917437167872e-15,33.06976744186046,7,WV,34.9,65.1,4.7,"Kanawha County, WV",1968,32.0,0.016260162601626,WV,218.5,False,Other
55009,59,10,3,49,1.3559322033898304,0.0,24,3.7973961662288655e-06,9.582818109765165e-17,22.796610169491526,7,WI,16.9,83.1,5.1,"Brown County, WI",3336,35.0,0.0104916067146282,WI,176.86,False,Other
55025,179,17,4,162,0.8212290502793296,0.0,51,5.6007460519581e-06,4.869359168262783e-13,12.016759776536313,7,WI,9.5,90.5,2.2,"Dane County, WI",6052,153.0,0.0252808988764044,WI,295.77,True,Target (High Risk + Weak Network)
55039,12,2,0,10,0.25,0.0,2,0.0,-5.544367194162261e-20,3.5,2,WI,16.7,83.3,0.0,"Fond du Lac County, WI",1031,27.0,0.026188166828322,WI,116.39,True,Target (High Risk + Weak Network)
55059,22,2,0,20,0.18181818181818182,0.0,3,4.845978939042544e-07,1.7242354922138213e-20,2.1363636363636362,3,WI,9.1,90.9,0.0,"Kenosha County, WI",1936,44.0,0.0227272727272727,WI,113.64,True,Target (High Risk + Weak Network)
55063,38,8,1,30,0.6842105263157895,0.0,14,7.46728793888885e-09,-3.8390752188403983e-20,9.789473684210526,3,WI,21.1,78.9,2.6,"La Crosse County, WI",1188,16.0,0.0134680134680134,WI,319.87,False,Other
55073,15,2,0,13,0.26666666666666666,0.0,3,0.0,-5.842575268488898e-20,3.533333333333333,2,WI,13.3,86.7,0.0,"Marathon County, WI",1635,10.0,0.0061162079510703,WI,91.74,False,Other
55079,243,33,2,210,0.5967078189300411,0.0,41,6.194525804698147e-06,1.8959066697041685e-20,9.757201646090534,7,WI,13.6,86.4,0.8,"Milwaukee County, WI",13658,225.0,0.0164738614731293,WI,177.92,False,Other
55087,30,3,0,27,0.1,0.0,1,0.0,2.598175057358031e-21,1.2333333333333334,3,WI,10.0,90.0,0.0,"Outagamie County, WI",2319,36.0,0.0155239327296248,WI,129.37,False,Other
55101,20,12,1,8,1.85,1.0,17,5.330576832946798e-07,1.8763280578184707e-19,27.55,3,WI,60.0,40.0,5.0,"Racine County, WI",2417,43.0,0.0177906495655771,WI,82.75,False,Other
55105,22,9,0,13,1.9545454545454546,0.0,13,0.0,2.717940209518138e-19,28.136363636363637,2,WI,40.9,59.1,0.0,"Rock County, WI",2003,43.0,0.0214677983025461,WI,109.84,False,Other
55117,11,3,0,8,0.6363636363636364,0.0,5,0.0,-1.2069343714081875e-19,9.363636363636363,2,WI,27.3,72.7,0.0,"Sheboygan County, WI",1257,14.0,0.011137629276054,WI,87.51,False,Other
55127,6,2,0,4,0.6666666666666666,0.0,3,0.0,-1.1300756147401038e-19,11.5,1,WI,33.3,66.7,0.0,"Walworth County, WI",967,26.0,0.0268872802481902,WI,62.05,False,Other
55131,24,6,0,18,0.875,0.0,12,4.888895640988789e-06,8.882702210803032e-20,13.083333333333334,3,WI,25.0,75.0,0.0,"Washington County, WI",1331,23.0,0.0172802404207362,WI,180.32,False,Other
55133,77,16,2,61,1.025974025974026,0.0,26,8.747505274430267e-05,4.234990047665772e-09,18.272727272727273,5,WI,20.8,79.2,2.6,"Waukesha County, WI",4008,51.0,0.0127245508982035,WI,192.12,False,Other
55139,19,1,0,18,0.10526315789473684,0.0,2,0.0,-4.791002425540546e-20,1.3157894736842106,1,WI,5.3,94.7,0.0,"Winnebago County, WI",1905,32.0,0.0167979002624671,WI,99.74,False,Other
