Year,Contract,OrgType,ContractName,MarketingName,ParentOrg,SNP,PartC_Stars,PartD_Stars,Overall_Stars
2024,E3014,Employer/Union Only Direct Contract PDP,PSERS HOP PROGRAM,Pennsylvania Public School Employees Retirement Sy,Commonwealth of PA Pub Schools Retirement System,No,,4.5,
2024,H0022,Demo,"BUCKEYE COMMUNITY HEALTH PLAN, INC.",Buckeye Health Plan - MyCare Ohio,Centene Corporation,No,,,
2024,H0028,Local CCP,"CHA HMO, INC.",Humana,Humana Inc.,Yes,4.0,4.0,4.0
2024,H0029,Local CCP,"COORDINATED CARE OF WASHINGTON, INC.",Allwell,Centene Corporation,No,,,
2024,H0034,Local CCP,"HAMASPIK, INC.","Hamaspik, Inc.","Hamaspik of Rockland County, Inc.",Yes,,2.5,
2024,H0062,Local CCP,"SUPERIOR HEALTHPLAN, INC.",Wellcare by Allwell,Centene Corporation,No,,3.0,
2024,H0074,Local CCP,"WELLCARE OF MISSISSIPPI, INC.",Wellcare,Centene Corporation,Yes,2.5,2.5,2.5
2024,H0088,Local CCP,"WELLCARE HEALTH INSURANCE OF NEW YORK, INC.",Wellcare,Centene Corporation,No,2.0,2.5,2.0
2024,H0104,Local CCP,BLUE CROSS AND BLUE SHIELD OF ALABAMA,Blue Cross and Blue Shield of Alabama,BlueCross BlueShield of Alabama,No,4.5,3.5,4.0
2024,H0107,Local CCP,HEALTH CARE SERVICE CORPORATION,Blue Cross and Blue Shield of Montana,Health Care Service Corporation,No,4.0,3.5,3.5
2024,H0111,Local CCP,"WELLCARE OF GEORGIA, INC.",Wellcare,Centene Corporation,Yes,2.5,3.0,2.5
2024,H0137,Demo,"COMMONWEALTH CARE ALLIANCE, INC.",Commonwealth Care Alliance Massachusetts,"Commonwealth Care Alliance, Inc.",No,,,
2024,H0154,Local CCP,"VIVA HEALTH, INC.",VIVA Medicare,"Triton Health Systems, L.L.C.",Yes,5.0,4.5,5.0
2024,H0169,Local CCP,"UNITEDHEALTHCARE OF WISCONSIN, INC.",UnitedHealthcare,"UnitedHealth Group, Inc.",Yes,4.5,5.0,5.0
2024,H0174,Local CCP,"WELLCARE OF TEXAS, INC.",Wellcare,Centene Corporation,Yes,3.0,3.5,3.0
2024,H0192,Demo,"AMERIHEALTH MICHIGAN, INC.",AmeriHealth Caritas VIP Care Plus,"Independence Health Group, Inc.",No,,,
2024,H0251,Local CCP,"UNITEDHEALTHCARE PLAN OF THE RIVER VALLEY, INC.",UnitedHealthcare,"UnitedHealth Group, Inc.",Yes,4.5,4.0,4.0
2024,H0270,Local CCP,WELLCARE HEALTH INSURANCE COMPANY OF AMERICA,Wellcare,Centene Corporation,Yes,3.0,3.5,3.0
2024,H0271,Local CCP,CARE IMPROVEMENT PLUS SOUTH CENTRAL INSURANCE CO.,UnitedHealthcare,"UnitedHealth Group, Inc.",Yes,4.0,4.5,4.0
2024,H0292,Local CCP,"HUMANA HEALTH PLAN OF OHIO, INC.",Humana,Humana Inc.,No,4.5,4.0,5.0
2024,H0294,Local CCP,UNITEDHEALTHCARE INSURANCE COMPANY,UnitedHealthcare,"UnitedHealth Group, Inc.",Yes,3.5,3.5,3.5
2024,H0302,Local CCP,"MEDISUN, INC.",Blue Cross Blue Shield of Arizona (AZ Blue),Blue Cross Blue Shield of Arizona,No,3.5,4.5,4.0
2024,H0321,Local CCP,"ARIZONA PHYSICIANS IPA, INC.",UnitedHealthcare,"UnitedHealth Group, Inc.",Yes,3.5,4.0,3.5
2024,H0332,Local CCP,"KS PLAN ADMINISTRATORS, LLC",KelseyCare Advantage,"UnitedHealth Group, Inc.",No,5.0,5.0,5.0
2024,H0336,Demo,"HUMANA HEALTH PLAN, INC.",Humana,Humana Inc.,No,,,
2024,H0342,Local CCP,"CAREPARTNERS OF CONNECTICUT, INC.",CarePartners of Connecticut,"Point32Health, Inc.",No,,5.0,
2024,H0351,Local CCP,"HEALTH NET OF ARIZONA, INC.",Wellcare by Allwell,Centene Corporation,Yes,3.0,3.5,3.0
2024,H0354,Local CCP,"CIGNA HEALTHCARE OF ARIZONA, INC.",Cigna Healthcare,The Cigna Group,Yes,4.0,5.0,4.0
2024,H0363,Local CCP,"LONGEVITY HEALTH PLAN OF COLORADO, INC.",Longevity Health Plan,"Longevity Health Founders, LLC",Yes,,4.5,
2024,H0422,Local CCP,"UCARE HEALTH, INC.",UCare,UCare Minnesota,No,3.5,3.5,3.5
2024,H0423,Local CCP,"METROPLUS HEALTH PLAN, INC.",MetroPlus Health Plan,New York City Health and Hospitals Corporation,Yes,3.5,3.5,3.5
2024,H0432,Local CCP,"UNITEDHEALTHCARE OF THE MIDLANDS, INC.",UnitedHealthcare,"UnitedHealth Group, Inc.",Yes,4.0,4.0,4.0
2024,H0439,Local CCP,"CIGNA HEALTHCARE OF GEORGIA, INC.",Cigna Healthcare,The Cigna Group,Yes,4.0,3.5,4.0
2024,H0473,Local CCP,HUMANA INSURANCE COMPANY OF KENTUCKY,Humana,Humana Inc.,Yes,3.5,3.0,3.5
2024,H0480,Demo,"MERIDIAN HEALTH PLAN OF MICHIGAN, INC.",MeridianComplete (Medicare-Medicaid Plan),Centene Corporation,No,,,
2024,H0482,Local CCP,CENTENE VENTURE COMPANY MICHIGAN,Wellcare by Allwell,Centene Corporation,Yes,3.0,3.5,3.0
2024,H0504,Local CCP,CALIFORNIA PHYSICIANS' SERVICE,Blue Shield of California,California Physicians' Service,No,3.0,4.0,3.5
2024,H0523,Local CCP,AETNA HEALTH OF CALIFORNIA INC.,Aetna Medicare,CVS Health Corporation,No,2.5,3.5,3.0
2024,H0524,Local CCP,"KAISER FOUNDATION HP, INC.",Kaiser Permanente,"Kaiser Foundation Health Plan, Inc.",No,3.5,4.0,4.0
2024,H0543,Local CCP,UHC OF CALIFORNIA,UnitedHealthcare,"UnitedHealth Group, Inc.",Yes,3.5,4.0,3.5
2024,H0544,Local CCP,BLUE CROSS OF CALIFORNIA,Anthem Blue Cross,"Elevance Health, Inc.",Yes,2.5,3.5,3.0
2024,H0562,Local CCP,"HEALTH NET OF CALIFORNIA, INC.",Wellcare by Health Net,Centene Corporation,Yes,3.0,3.5,3.0
2024,H0571,Local CCP,CHINESE COMMUNITY HEALTH PLAN,CCHP (Chinese Community Health Plan),Chinese Hospital Association,Yes,3.0,3.5,3.0
2024,H0609,Local CCP,"UnitedHealthcare Benefits of Texas, Inc.",UnitedHealthcare,"UnitedHealth Group, Inc.",Yes,4.0,5.0,4.5
2024,H0624,Local CCP,"UnitedHealthcare Benefits of Texas, Inc.",UnitedHealthcare,"UnitedHealth Group, Inc.",Yes,4.0,3.5,4.0
2024,H0628,Local CCP,AETNA HEALTH OF OHIO INC.,Aetna Medicare,CVS Health Corporation,Yes,4.0,3.5,4.0
2024,H0630,Local CCP,KAISER FOUNDATION HP OF CO,Kaiser Permanente,"Kaiser Foundation Health Plan, Inc.",Yes,4.5,4.5,4.5
2024,H0672,Local CCP,"CIGNA HEALTHCARE OF COLORADO, INC.",Cigna Healthcare,The Cigna Group,Yes,3.0,3.0,3.0
2024,H0710,Local CCP,CARE IMPROVEMENT PLUS SOUTH CENTRAL INSURANCE CO.,UnitedHealthcare,"UnitedHealth Group, Inc.",Yes,5.0,5.0,5.0
2024,H0712,Local CCP,"WELLCARE OF CONNECTICUT, INC.",Wellcare,Centene Corporation,Yes,3.0,3.0,3.5
2024,H0724,Local CCP,"BUCKEYE HEALTH PLAN COMMUNITY SOLUTIONS, Inc.",Wellcare by Allwell,Centene Corporation,No,2.5,2.5,3.0
2024,H0738,Local CCP,"AmeriHealth Caritas VIP Next, Inc.",AmeriHealth Caritas VIP Care (HMO-D-SNP),"Independence Health Group, Inc.",Yes,,,
2024,H0755,Local CCP,CARE IMPROVEMENT PLUS SOUTH CENTRAL INSURANCE CO.,UnitedHealthcare,"UnitedHealth Group, Inc.",No,3.5,4.0,3.5
2024,H0764,Local CCP,"UNITEDHEALTHCARE OF NEW ENGLAND, INC.",UnitedHealthcare,"UnitedHealth Group, Inc.",Yes,,,
2024,H0783,Local CCP,"HUMANA BENEFIT PLAN OF TEXAS, INC.",Humana,Humana Inc.,No,,,
2024,H0838,Local CCP,"UNIVERSAL CARE, INC.",Brand New Day,"Bright Health Group, Inc.",Yes,3.0,2.5,2.5
2024,H0845,Local CCP,"UNITEDHEALTHCARE OF ILLINOIS, INC.",UnitedHealthcare,"UnitedHealth Group, Inc.",Yes,,,
2024,H0876,Local CCP,"Commonwealth Care Alliance Rhode Island, LLC",CCA Health Rhode Island,"Commonwealth Care Alliance, Inc.",Yes,,,
2024,H0885,Local CCP,HEALTHIER NEW JERSEY INSURANCE COMPANY,Braven Health,"NJ Collaborative Care, LLC",No,4.0,4.0,3.5
2024,H0907,Local CCP,"AMERIGROUP IOWA, INC.",Amerigroup Iowa,"Elevance Health, Inc.",Yes,3.5,3.5,3.5
2024,H0908,Local CCP,"BUCKEYE COMMUNITY HEALTH PLAN, INC.",Wellcare by Allwell,Centene Corporation,Yes,3.0,2.0,2.5
2024,H0913,Local CCP,"WELLCARE HEALTH PLANS OF NEW JERSEY, INC.",Wellcare,Centene Corporation,Yes,3.0,3.5,3.5
2024,H0927,Demo,HEALTH CARE SERVICE CORPORATION,Blue Cross Community MMAI,Health Care Service Corporation,No,,,
2024,H0969,Local CCP,WELLCARE HEALTH INSURANCE COMPANY OF NEW HAMPSHIRE,Wellcare,Centene Corporation,No,2.5,3.5,3.0
2024,H0976,Local CCP,SCAN HEALTH PLAN,SCAN Health Plan,SCAN Group,Yes,,,
2024,H0978,Local CCP,"SCAN HEALTH PLAN NEVADA, INC.",SCAN Health Plan,SCAN Group,Yes,2.5,3.5,3.0
2024,H0982,Local CCP,"SOLIS HEALTH PLANS, INC.",Solis Health Plans,"Athena Healthcare Holdings, LLC",Yes,4.0,3.5,4.0
2024,H1016,Local CCP,"AVMED, INC.",AvMed Medicare,Sentara Health Care (SHC),No,3.5,3.0,3.5
2024,H1019,Local CCP,"CAREPLUS HEALTH PLANS, INC.","CarePlus Health Plans, Inc.",Humana Inc.,Yes,4.0,4.5,4.0
2024,H1032,Local CCP,"Sunshine State Health Plan, Inc.",Wellcare,Centene Corporation,Yes,3.5,4.0,3.5
2024,H1035,Local CCP,"FLORIDA BLUE MEDICARE, INC.",Florida Blue HMO,Guidewell Mutual Holding Corporation,Yes,4.0,4.0,4.0
2024,H1036,Local CCP,"HUMANA MEDICAL PLAN, INC.",Humana,Humana Inc.,Yes,4.5,4.5,5.0
2024,H1045,Local CCP,"PREFERRED CARE PARTNERS, INC.",UnitedHealthcare,"UnitedHealth Group, Inc.",Yes,4.5,4.5,4.5
2024,H1099,Local CCP,HEALTH FIRST HEALTH PLANS,"Health First Health Plans, Inc.","Health First Shared Services, Inc.",No,4.0,4.0,4.0
2024,H1109,Local CCP,AETNA HEALTH INC.(GA),Aetna Medicare,CVS Health Corporation,No,4.5,4.0,4.0
2024,H1112,Local CCP,"WELLCARE OF GEORGIA, INC.",Wellcare,Centene Corporation,Yes,3.0,3.5,3.5
2024,H1119,Local CCP,"TSG GUARD, INC.",Valor Health Plan,"The Schroer Group, Inc.",Yes,,5.0,
2024,H1170,Local CCP,"KAISER FOUNDATION HP OF GA, INC.",Kaiser Permanente,"Kaiser Foundation Health Plan, Inc.",Yes,3.5,4.0,3.5
2024,H1181,MSA,NETWORK HEALTH INSURANCE CORPORATION,Network Health Medicare Advantage Plans,"Network Health, Inc.",No,4.0,,
2024,H1189,Local CCP,CHRISTUS HEALTH PLAN,CHRISTUS Health Advantage,CHRISTUS Health,No,3.5,3.0,3.5
2024,H1206,Local CCP,"COVENTRY HEALTH CARE OF ILLINOIS, INC.",Aetna Medicare,CVS Health Corporation,No,,,
2024,H1215,Local CCP,"NEBRASKA TOTAL CARE, INC.",Wellcare,Centene Corporation,Yes,3.0,2.5,3.0
2024,H1224,Local CCP,LOCAL INITIATIVE HEALTH AUTHORITY FOR LA COUNTY,L.A. Care Health Plan,Local Initiative Health Authority for LA County,Yes,,,
2024,H1225,Local CCP,"HOPKINS HEALTH ADVANTAGE, INC.",Johns Hopkins Advantage MD,Johns Hopkins Healthcare LLC,Yes,3.0,3.5,3.0
2024,H1230,Local CCP,"KAISER FOUNDATION HP, INC.",Kaiser Permanente,"Kaiser Foundation Health Plan, Inc.",Yes,3.5,4.0,4.0
2024,H1248,Local CCP,LOUISIANA HEALTH SERVICE & INDEMNITY COMPANY,Blue Cross and Blue Shield of Louisiana,Louisiana Health Service & Indemnity Company,No,4.5,3.5,4.0
2024,H1277,Local CCP,"ALIGN SENIOR CARE, INC.",Align Senior Care,"Innovative Long Term Care Management, Inc.",Yes,,,
2024,H1278,Local CCP,CARE IMPROVEMENT PLUS SOUTH CENTRAL INSURANCE CO.,UnitedHealthcare,"UnitedHealth Group, Inc.",No,3.5,3.5,3.5
2024,H1280,Local CCP,"ETERNALHEALTH,INC.",eternalHealth,"Eternal Health of Delaware, Inc.",No,,,
2024,H1290,Local CCP,"DEVOTED HEALTH PLAN OF FLORIDA, INC.",Devoted Health,"Devoted Health, Inc.",Yes,5.0,4.5,5.0
2024,H1302,Local CCP,"BLUE CROSS OF IDAHO CARE PLUS, INC.",Blue Cross of Idaho,"Blue Cross of Idaho Health Service, Inc.",No,4.5,,
2024,H1304,Local CCP,"REGENCE BLUESHIELD OF IDAHO, INC.",Regence BlueShield Of Idaho,"Cambia Health Solutions, Inc.",No,4.0,4.0,3.5
2024,H1339,Local CCP,"JOHNS HOPKINS HEALTH PLAN OF VIRGINIA, INC.",Johns Hopkins Advantage MD,Johns Hopkins Healthcare LLC,No,,,
2024,H1347,Local CCP,PATRIUS HEALTH INC,Patrius Health,BlueCross BlueShield of Alabama,No,,,
2024,H1350,Local CCP,"BLUE CROSS OF IDAHO CARE PLUS, INC.",Blue Cross of Idaho,"Blue Cross of Idaho Health Service, Inc.",No,4.5,4.5,4.5
2024,H1352,Local CCP,"BLUE-ADVANTAGE PLUS OF KANSAS CITY, INC.",Blue Medicare Advantage,Blue Cross and Blue Shield of Kansas City,No,4.0,3.5,4.0
2024,H1353,Local CCP,"WELLCARE OF WASHINGTON, INC.",Wellcare,Centene Corporation,Yes,2.5,2.5,2.5
2024,H1360,Local CCP,"UnitedHealthcare Benefits of Texas, Inc.",UnitedHealthcare,"UnitedHealth Group, Inc.",Yes,3.0,4.0,3.5
2024,H1365,Local CCP,"MARTIN'S POINT GENERATIONS ADVANTAGE, INC.",Martin's Point Generations Advantage,"Martin's Point Health Care, Inc.",No,4.5,4.5,4.5
2024,H1372,Local CCP,"MARQUIS ADVANTAGE, INC.",AgeRight Advantage,"Marquis Companies I, Inc.",Yes,,5.0,
2024,H1395,Local CCP,"NEBRASKA TOTAL CARE, INC.",Wellcare,Centene Corporation,Yes,2.5,3.0,2.5
2024,H1416,Local CCP,"HARMONY HEALTH PLAN,  INC.",Wellcare,Centene Corporation,Yes,3.0,3.0,3.0
2024,H1423,Local CCP,"AMERIGROUP OHIO, INC.",Amerigroup,"Elevance Health, Inc.",Yes,3.0,3.0,3.0
2024,H1426,Local CCP,"CCA HEALTH PLANS OF CALIFORNIA, INC.",CCA Health California,"Commonwealth Care Alliance, Inc.",No,,,
2024,H1463,Local CCP,"HEALTH ALLIANCE CONNECT, INC.",Health Alliance Medicare,The Carle Foundation,No,4.5,4.0,4.5
2024,H1468,Local CCP,"HUMANA BENEFIT PLAN OF ILLINOIS, INC.",Humana,Humana Inc.,Yes,4.5,5.0,4.5
2024,H1526,Local CCP,GOLD KIDNEY OF FLORIDA INC,Gold Kidney Health Plan,Gold Kidney Health Plan,Yes,,,
2024,H1537,Local CCP,CARE IMPROVEMENT PLUS SOUTH CENTRAL INSURANCE CO.,UnitedHealthcare,"UnitedHealth Group, Inc.",No,4.5,5.0,5.0
2024,H1587,Local CCP,"ARKANSAS SUPERIOR SELECT, INC.",Tribute Health Plans,"Select Founders, LLC",Yes,,5.0,
2024,H1607,Local CCP,"ANTHEM INSURANCE COMPANIES, INC.",Anthem Blue Cross and Blue Shield,"Elevance Health, Inc.",No,3.5,3.0,3.5
2024,H1608,Local CCP,COVENTRY HEALTH AND LIFE INSURANCE COMPANY,Aetna Medicare,CVS Health Corporation,Yes,4.0,4.0,4.0
2024,H1609,Local CCP,AETNA HEALTH INC. (FL),Aetna Medicare,CVS Health Corporation,Yes,3.5,4.0,4.0
2024,H1610,Local CCP,"COVENTRY HEALTH CARE OF VIRGINIA, INC.",Aetna Better Health of Virginia,CVS Health Corporation,Yes,4.0,4.0,4.0
2024,H1619,Local CCP,PARTNERS INSURANCE COMPANY INC,Jefferson Health Plans Medicare,Thomas Jefferson University,No,,,
2024,H1644,Local CCP,"LONGEVITY HEALTH PLAN OF FLORIDA, INC.",Longevity Health Plan,"Longevity Health Founders, LLC",Yes,3.5,3.0,3.0
2024,H1651,1876 Cost,"MEDICAL ASSOCIATES HEALTH PLAN, INC.","Medical Associates Health Plan, Inc.","Medical Associates Clinic, P.C.",No,5.0,,
2024,H1659,Local CCP,CARE IMPROVEMENT PLUS SOUTH CENTRAL INSURANCE CO.,UnitedHealthcare,"UnitedHealth Group, Inc.",No,4.0,4.5,4.0
2024,H1664,Local CCP,"HOME STATE HEALTH PLAN, INC.",Wellcare by Allwell,Centene Corporation,Yes,2.5,3.0,3.0
2024,H1666,Local CCP,HCSC INSURANCE SERVICES COMPANY,"Blue Cross and Blue Shield of NM, TX",Health Care Service Corporation,No,3.0,3.0,3.0
2024,H1692,Local CCP,"COVENTRY HEALTH CARE OF WEST VIRGINIA, INC.",Aetna Medicare,CVS Health Corporation,Yes,4.0,4.0,4.0
2024,H1722,Local CCP,"HEALTHFIRST HEALTH PLAN, INC.",Healthfirst Medicare Plan,"Healthfirst, Inc.",No,,3.0,
2024,H1723,Demo,"ABSOLUTE TOTAL CARE, INC.",Wellcare Prime by Absolute Total Care,Centene Corporation,No,,,
2024,H1732,Local CCP,"HEALTHPLUS HP, LLC",Empire BlueCross BlueShield,"Elevance Health, Inc.",Yes,2.5,3.0,2.5
2024,H1737,Local CCP,"HEALTH ALLIANCE - MIDWEST, INC.",Health Alliance Medicare,The Carle Foundation,No,4.0,3.5,4.0
2024,H1748,Local CCP,"SONDER HEALTH PLANS, INC.","Sonder Health Plans, Inc.","Avian Health Holdings, LLC",Yes,,,
2024,H1774,Local CCP,"CENTENE VENTURE COMPANY INDIANA, INC.",Wellcare by Allwell,Centene Corporation,No,,3.5,
2024,H1787,Local CCP,SANFORD HEALTH PLAN,Great Plains Medicare Advantage,Sanford Health,Yes,,4.0,
2024,H1799,Local CCP,"MOLINA HEALTHCARE OF KENTUCKY, INC.",Passport Advantage,"Molina Healthcare, Inc.,",Yes,3.5,3.0,3.5
2024,H1822,Local CCP,"SCAN DESERT HEALTH PLAN, INC.",SCAN Desert Health Plan,SCAN Group,Yes,2.0,3.0,2.5
2024,H1846,Local CCP,MOUNT CARMEL HEALTH INSURANCE COMPANY,MediGold,Trinity Health Corporation,No,4.0,4.0,4.0
2024,H1848,Local CCP,"WELLCARE OF ALABAMA, INC.",Wellcare,Centene Corporation,Yes,2.0,2.5,2.5
2024,H1862,Local CCP,"WELLCARE HEALTH PLANS OF VERMONT, INC.",Wellcare,Centene Corporation,No,,4.5,
2024,H1889,Local CCP,CARE IMPROVEMENT PLUS SOUTH CENTRAL INSURANCE CO.,UnitedHealthcare,"UnitedHealth Group, Inc.",Yes,4.5,4.5,4.5
2024,H1894,Local CCP,"AMERIGROUP WASHINGTON, INC.",AMERIGROUP,"Elevance Health, Inc.",Yes,3.0,3.0,3.0
2024,H1914,Local CCP,"WELLCARE HEALTH INSURANCE OF CONNECTICUT, INC.",Wellcare,Centene Corporation,Yes,3.0,3.0,3.0
2024,H1944,Local CCP,"UNITEDHEALTHCARE OF WISCONSIN, INC.",UnitedHealthcare,"UnitedHealth Group, Inc.",No,3.5,3.5,3.5
2024,H1947,Local CCP,"COMMUNITY CARE HEALTH PLAN OF LOUISIANA, INC.",Healthy Blue,"Elevance Health, Inc.",Yes,3.5,3.5,3.5
2024,H1951,Local CCP,"HUMANA HEALTH BENEFIT PLAN OF LOUISIANA, INC.",Humana,Humana Inc.,Yes,4.5,4.5,4.5
2024,H1961,Local CCP,"PEOPLES HEALTH, INC.",Peoples Health,"UnitedHealth Group, Inc.",Yes,4.5,5.0,5.0
2024,H1969,Local CCP,"REGENCE BLUESHIELD OF IDAHO, INC.",Regence BlueShield of Idaho,"Cambia Health Solutions, Inc.",No,4.0,3.5,3.5
2024,H1977,Demo,"UPPER PENINSULA HEALTH PLAN, LLC",Upper Peninsula Health Plan (UPHP) MI Health Link,"DLP Marquette General Hospital, LLC",No,,,
2024,H1993,Local CCP,"ASTIVA HEALTH, INC.",Astiva Health,"Astiva Group, LLC",Yes,3.5,3.0,3.0
2024,H1994,Local CCP,"SELECTHEALTH, INC.",Select Health,"Intermountain Health Care, Inc.",Yes,5.0,4.5,5.0
2024,H1997,Local CCP,REGENCE BLUESHIELD,Regence BlueShield,"Cambia Health Solutions, Inc.",No,3.5,3.0,3.0
2024,H2001,Local CCP,"SIERRA HEALTH AND LIFE INSURANCE COMPANY, INC.",UnitedHealthcare,"UnitedHealth Group, Inc.",No,4.5,4.0,4.5
2024,H2029,Local CCP,"HUMANA INSURANCE OF PUERTO RICO, INC.",Humana,Humana Inc.,No,,3.5,
2024,H2032,Local CCP,Baylor Scott & White Insurance Company,Baylor Scott & White Health Plan,Baylor Scott & White Holdings,No,4.0,3.5,4.0
2024,H2034,Local CCP,"COMMUNITY CARE HEALTH PLAN, INC.",Community Care,"Community Care, Inc.",Yes,,3.5,
2024,H2056,Local CCP,AETNA BETTER HEALTH OF MICHIGAN INC.,Aetna Medicare,CVS Health Corporation,No,3.5,3.0,3.0
2024,H2108,Local CCP,"BRAVO HEALTH MID-ATLANTIC, INC.",Cigna Healthcare,The Cigna Group,Yes,3.0,3.0,3.0
2024,H2117,Local CCP,"MERIDIAN HEALTH PLAN OF MICHIGAN, INC.",Wellcare,Centene Corporation,Yes,2.5,2.5,2.5
2024,H2128,Local CCP,CELTIC INSURANCE COMPANY,Wellcare,Centene Corporation,Yes,2.5,2.5,2.5
2024,H2134,Local CCP,"WESTERN SKY COMMUNITY CARE, INC.",Wellcare by Allwell,Centene Corporation,Yes,3.0,3.0,3.0
2024,H2162,Local CCP,"WELLCARE OF NEW HAMPSHIRE, INC.",Wellcare,Centene Corporation,No,,3.5,
2024,H2168,Local CCP,VILLAGE SENIOR SERVICES CORPORATION,VillageCareMAX,"Village Care of New York, Inc.",Yes,3.5,3.5,3.5
2024,H2171,Local CCP,"CARE N' CARE INSURANCE COMPANY, INC.",Care N' Care Insurance Company,Texas Health Resources,No,3.0,3.0,3.0
2024,H2172,Local CCP,KAISER FDTN HLTH PLAN OF THE MID-ATLANTIC STATES,Kaiser Permanente,"Kaiser Foundation Health Plan, Inc.",No,3.5,4.0,3.5
2024,H2174,Local CCP,"TRILLIUM COMMUNITY HEALTH PLAN, INC.",Wellcare by Trillium,Centene Corporation,Yes,3.0,3.0,3.0
2024,H2185,Local CCP,"LIFEWORKS ADVANTAGE, LLC",LifeWorks Advantage,"Innovative Long Term Care Management, Inc.",Yes,,3.0,
2024,H2224,Local CCP,"SENIOR WHOLE HEALTH, LLC",Senior Whole Health,"Molina Healthcare, Inc.,",Yes,3.5,5.0,3.5
2024,H2225,Local CCP,"COMMONWEALTH CARE ALLIANCE, INC.",Commonwealth Care Alliance Massachusetts,"Commonwealth Care Alliance, Inc.",Yes,3.5,4.0,4.0
2024,H2226,Local CCP,UNITEDHEALTHCARE INSURANCE COMPANY,UnitedHealthcare,"UnitedHealth Group, Inc.",Yes,4.5,4.5,4.5
2024,H2230,Local CCP,"BCBS  OF MASSACHUSETTS HMO BLUE, INC.",Blue Cross Blue Shield of Massachusetts,"Blue Cross and Blue Shield of Massachusetts, Inc.",No,3.5,3.5,3.5
2024,H2235,Local CCP,"BAYCARE SELECT HEALTH PLANS, INC.",BayCare Health Plans,"BayCare Health System, Inc.",No,4.5,4.5,4.5
2024,H2237,Local CCP,INDEPENDENT CARE HEALTH PLAN,iCare,Humana Inc.,Yes,3.5,3.5,3.5
2024,H2246,Local CCP,"SELECTHEALTH, INC.",Select Health,"Intermountain Health Care, Inc.",No,,,
2024,H2247,Local CCP,"UNITEDHEALTHCARE COMMUNITY PLAN, INC.",UnitedHealthcare,"UnitedHealth Group, Inc.",Yes,4.0,4.0,4.0
2024,H2256,Local CCP,TUFTS ASSOCIATED HEALTH MAINTENANCE ORGANIZATION,Tufts Health Plan,"Point32Health, Inc.",No,4.5,3.5,4.5
2024,H2261,Local CCP,"BCBS  OF MASSACHUSETTS HMO BLUE, INC.",Blue Cross Blue Shield of Massachusetts,"Blue Cross and Blue Shield of Massachusetts, Inc.",No,4.0,3.5,3.5
2024,H2272,Local CCP,"UNITEDHEALTHCARE OF NEW ENGLAND, INC.",UnitedHealthcare,"UnitedHealth Group, Inc.",Yes,,,
2024,H2292,Local CCP,CARE IMPROVEMENT PLUS SOUTH CENTRAL INSURANCE CO.,UnitedHealthcare,"UnitedHealth Group, Inc.",Yes,5.0,5.0,5.0
2024,H2293,Local CCP,SILVERSCRIPT INSURANCE COMPANY,Aetna Medicare,CVS Health Corporation,Yes,,,
2024,H2320,Local CCP,PRIORITY HEALTH,Priority Health Medicare,Corewell Health,No,4.0,4.5,4.5
2024,H2322,Local CCP,ALLIANCE HEALTH AND LIFE INSURANCE COMPANY,HAP Senior Plus (PPO),Henry Ford Health System,No,4.5,4.0,4.5
2024,H2334,Local CCP,"CLEAR SPRING HEALTH (SC), INC.",Clear Spring Health,Group 1001,No,,,
2024,H2354,Local CCP,HEALTH ALLIANCE PLAN OF MICHIGAN,HAP Senior Plus,Henry Ford Health System,Yes,4.0,4.5,4.5
2024,H2392,Local CCP,"KANSAS SUPERIOR SELECT, INC.",Kansas Health Advantage,Kansas Superior Select,Yes,,4.0,
2024,H2400,Local CCP,"SIGNATURE ADVANTAGE, LLC",Signature Advantage (HMO SNP),"SA Plan, LLC",Yes,3.5,3.0,3.0
2024,H2406,Local CCP,CARE IMPROVEMENT PLUS SOUTH CENTRAL INSURANCE CO.,UnitedHealthcare,"UnitedHealth Group, Inc.",Yes,4.0,4.5,4.0
2024,H2416,Local CCP,PRIMEWEST RURAL MN HEALTH CARE ACCESS INITIATIVE,PrimeWest Health,PrimeWest Rural MN Health Care Access Initiative,Yes,4.5,5.0,4.5
2024,H2417,Local CCP,ITASCA MEDICAL CARE,Itasca Medical Care/IMCare Classic,Itasca County,Yes,,3.5,
2024,H2419,Local CCP,SOUTH COUNTRY HEALTH ALLIANCE,South Country Health Alliance,South Country Health Alliance,Yes,4.5,4.5,4.5
2024,H2422,Local CCP,"HEALTHPARTNERS, INC.",HealthPartners,"HealthPartners, Inc.",Yes,3.5,4.0,3.5
2024,H2425,Local CCP,HMO Minnesota,Blue Plus,"Aware Integrated, Inc.",Yes,4.0,5.0,4.5
2024,H2450,1876 Cost,MEDICA INSURANCE COMPANY,Medica,Medica Holding Company,No,3.5,4.5,4.0
2024,H2456,Local CCP,UCARE MINNESOTA,UCare's MSHO,UCare Minnesota,Yes,3.5,4.0,4.0
2024,H2458,Local CCP,MEDICA HEALTH PLANS,Medica,Medica Holding Company,Yes,3.5,3.5,3.5
2024,H2459,Local CCP,UCARE MINNESOTA,UCare,UCare Minnesota,Yes,4.5,4.0,4.5
2024,H2461,1876 Cost,"BCBSM, Inc.",Blue Cross and Blue Shield of Minnesota,"Aware Integrated, Inc.",No,4.5,4.5,4.5
2024,H2462,1876 Cost,"GROUP HEALTH PLAN, INC. (MN)",HealthPartners,"HealthPartners, Inc.",No,4.0,,
2024,H2463,Local CCP,"HUMANA HEALTH PLAN OF TEXAS, INC.",Humana,Humana Inc.,No,4.5,3.5,4.0
2024,H2478,Local CCP,MOLINA HEALTHCARE OF NEVADA INC,Molina Healthcare of Nevada,"Molina Healthcare, Inc.,",Yes,,,
2024,H2486,Local CCP,"HUMANA MEDICAL PLAN OF UTAH, INC.",Humana,Humana Inc.,No,3.5,3.5,3.5
2024,H2491,Local CCP,"WELLCARE HEALTH INSURANCE OF ARIZONA, INC.",Wellcare,Centene Corporation,Yes,3.0,3.5,3.0
2024,H2506,Demo,Aetna Better Health Premier Plan MMAI Inc.,Aetna Better Health Premier Plan,CVS Health Corporation,No,,,
2024,H2509,Local CCP,"UNITEDHEALTHCARE OF FLORIDA, INC.",UnitedHealthcare,"UnitedHealth Group, Inc.",Yes,,,
2024,H2526,Local CCP,DEVOTED HEALTH PLAN OF OHIO INC,Devoted Health,"Devoted Health, Inc.",No,,,
2024,H2531,Demo,"UNITEDHEALTHCARE COMMUNITY PLAN OF OHIO, INC.",UnitedHealthcare Community Plan,"UnitedHealth Group, Inc.",No,,,
2024,H2533,Demo,"MOLINA HEALTHCARE OF SOUTH CAROLINA, INC.",Molina Healthcare of South Carolina,"Molina Healthcare, Inc.,",No,,,
2024,H2563,Local CCP,OPTIMA HEALTH PLAN,Sentara Medicare,Sentara Health Care (SHC),Yes,3.0,3.5,3.0
2024,H2577,Local CCP,CARE IMPROVEMENT PLUS SOUTH CENTRAL INSURANCE CO.,UnitedHealthcare,"UnitedHealth Group, Inc.",No,3.5,3.0,3.5
2024,H2582,Local CCP,ROCKY MOUNTAIN HEALTH MAINTENANCE ORGANIZATION INC,UnitedHealthcare,"UnitedHealth Group, Inc.",Yes,3.5,4.0,3.5
2024,H2591,Local CCP,"HEALTH ALLIANCE - MIDWEST, INC.",Health Alliance Medicare,The Carle Foundation,No,,,
2024,H2593,Local CCP,"AMERIGROUP TEXAS, INC.",Amerigroup,"Elevance Health, Inc.",Yes,3.0,3.0,3.0
2024,H2610,Local CCP,"ESSENCE HEALTHCARE, INC.",Essence Healthcare,Lumeris Group Holdings Corporation,No,4.5,5.0,5.0
2024,H2624,Local CCP,CARE N' CARE INSURANCE COMPANY OF NORTH CAROLINA,CARE N'' CARE INSURANCE COMPANY OF NORTH CAROLINA,"HTA Holdings, LLC",Yes,5.0,3.5,4.5
2024,H2663,Local CCP,"COVENTRY HEALTH CARE OF MISSOURI, INC",Aetna Medicare,CVS Health Corporation,No,4.5,4.0,4.5
2024,H2686,Local CCP,DEVOTED HEALTH INSURANCE COMPANY OF HAWAII INC,Devoted Health,"Devoted Health, Inc.",No,,,
2024,H2694,Local CCP,"ETERNALHEALTH, INC.",eternalHealth,"Eternal Health of Delaware, Inc.",No,,,
2024,H2697,Local CCP,"DEVOTED HEALTH PLAN OF OHIO, INC.",Devoted Health,"Devoted Health, Inc.",Yes,5.0,4.5,5.0
2024,H2715,Local CCP,MOLINA HEALTHCARE OF ILLINOIS INC,Molina Healthcare of Illinois,"Molina Healthcare, Inc.,",No,,,
2024,H2722,Local CCP,"PRIMEWELL HEALTH SERVICES OF ARKANSAS, INC.",Primewell Health Services,Louisiana Health Service & Indemnity Company,Yes,,3.0,
2024,H2737,Local CCP,"HEALTH NEW ENGLAND, INC.",Health New England Medicare Advantage Plans,"Baystate Health, Inc.",No,3.5,3.5,3.5
2024,H2752,Local CCP,CIGNA HEALTHCARE OF CONNECTICUT INC.,Cigna Healthcare,The Cigna Group,Yes,,,
2024,H2765,Local CCP,"SUMMIT HEALTH PLAN, INC.","Summit Health Plan, Inc.","Moda Partners, Inc.",No,3.5,3.0,3.5
2024,H2775,Local CCP,AMERICAN PROGRESSIVE LIFE & HLTH INS COMPANY OF NY,Wellcare,Centene Corporation,Yes,3.0,3.0,3.0
2024,H2782,Local CCP,WESTERN HEALTH ADVANTAGE,Western Health Advantage,Western Health Advantage,No,3.0,3.0,3.0
2024,H2802,Local CCP,"UNITEDHEALTHCARE OF THE MIDLANDS, INC.",UnitedHealthcare,"UnitedHealth Group, Inc.",Yes,4.0,4.5,4.0
2024,H2816,PFFS,AMERICAN PROGRESSIVE LIFE & HLTH INS COMPANY OF NY,Wellcare,Centene Corporation,No,3.5,4.5,4.0
2024,H2819,Local CCP,CALIFORNIA PHYSICIANS' SERVICE,Blue Shield of California,California Physicians' Service,Yes,,,
2024,H2836,Local CCP,"ANTHEM HEALTH PLANS, INC.",Anthem Blue Cross and Blue Shield,"Elevance Health, Inc.",Yes,3.0,3.5,3.0
2024,H2853,Local CCP,CENTENE VENTURE COMPANY TENNESSEE,Ascension Complete,Centene Corporation,No,2.5,3.5,3.0
2024,H2879,Local CCP,"MOLINA HEALTHCARE OF WISCONSIN, INC.",Molina Healthcare of Wisconsin and Massachusetts,"Molina Healthcare, Inc.,",Yes,3.0,3.0,3.0
2024,H2915,Local CCP,"PENNSYLVANIA HEALTH & WELLNESS, INC.",Wellcare by Allwell,Centene Corporation,Yes,3.5,4.0,4.0
2024,H2923,Local CCP,DEVOTED HEALTH PLAN OF OREGON INC,Devoted Health,"Devoted Health, Inc.",No,,,
2024,H2926,Local CCP,PRIMEWEST RURAL MN HEALTH CARE ACCESS INITIATIVE,PrimeWest Health,PrimeWest Rural MN Health Care Access Initiative,Yes,,,
2024,H2942,Local CCP,COX HEALTH SYSTEMS HMO INC,Cox HealthPlans,CoxHealth,No,,,
2024,H2944,PFFS,HUMANA INSURANCE COMPANY,Humana,Humana Inc.,No,3.5,3.5,3.5
2024,H2960,Local CCP,"HOMETOWN HEALTH PLAN, INC.",Senior Care Plus,Renown Health,Yes,4.0,3.0,3.5
2024,H2962,Local CCP,"ULTIMATE HEALTH PLANS, INC.",Ultimate Health Plans,"Ultimate Healthcare Holdings, LLC",Yes,4.0,4.0,4.0
2024,H3015,Local CCP,"SHARED HEALTH MISSISSIPPI, INC.",Shared Health Dual Plus,BlueCross BlueShield of Tennessee,Yes,,2.0,
2024,H3038,Local CCP,MOLINA HEALTHCARE OF CALIFORNIA,Molina Healthcare of California,"Molina Healthcare, Inc.,",Yes,,,
2024,H3041,Local CCP,DEVOTED HEALTH PLAN OF SOUTH CAROLINA INC,Devoted Health,"Devoted Health, Inc.",No,,,
2024,H3047,Local CCP,WELLCARE HEALTH INSURANCE COMPANY OF LOUISIANA,Wellcare,Centene Corporation,No,2.5,3.0,3.0
2024,H3071,Local CCP,"CLEAR SPRING HEALTH COMMUNITY CARE, INC.",Clear Spring Health,Group 1001,No,3.0,2.5,3.0
2024,H3080,Local CCP,DEVOTED HEALTH PLAN OF ALABAMA INC,Devoted Health,"Devoted Health, Inc.",Yes,,,
2024,H3113,Local CCP,"OXFORD HEALTH PLANS (NJ), INC.",UnitedHealthcare,"UnitedHealth Group, Inc.",Yes,3.5,3.5,3.5
2024,H3138,Local CCP,KAISER PERMANENTE INSURANCE COMPANY,Kaiser Permanente,"Kaiser Foundation Health Plan, Inc.",No,,,
2024,H3146,Local CCP,AETNA BETTER HEALTH INC. (GA),Aetna Medicare,CVS Health Corporation,Yes,4.0,3.5,4.0
2024,H3152,Local CCP,AETNA HEALTH INC. (NJ),Aetna Medicare,CVS Health Corporation,No,3.5,3.5,3.5
2024,H3170,Local CCP,"SAPPHIRE EDGE, INC.",Blue Cross and Blue Shield of Nebraska,Blue Cross Blue Shield of Nebraska,No,3.0,3.0,3.0
2024,H3186,Local CCP,SANFORD HEALTH PLAN OF MINNESOTA,Sanford Health Plan of Minnesota,Sanford Health,No,,,
2024,H3189,Local CCP,"ESSENCE HEALTHCARE OF OHIO, INC.",Essence Healthcare,Lumeris Group Holdings Corporation,No,,,
2024,H3192,Local CCP,AETNA HEALTH OF MICHIGAN INC.,Aetna Medicare,CVS Health Corporation,Yes,3.5,3.5,3.5
2024,H3204,Local CCP,PRESBYTERIAN HEALTH PLAN,Presbyterian Health Plan,Presbyterian Healthcare Services,Yes,3.0,3.0,3.0
2024,H3206,Local CCP,"PRESBYTERIAN INSURANCE COMPANY, INC.","Presbyterian Insurance Company, Inc.",Presbyterian Healthcare Services,No,3.0,2.5,2.5
2024,H3219,Local CCP,ALLINA HEALTH AND AETNA INSURANCE COMPANY,Allina Health Aetna Medicare,Allina Health and Aetna Insurance Holding Company,No,4.5,4.5,4.5
2024,H3239,Local CCP,"AETNA BETTER HEALTH, INC. (LA)",Aetna Medicare,CVS Health Corporation,Yes,4.0,4.0,4.0
2024,H3240,Local CCP,"AMERIGROUP NEW JERSEY, INC.",Amerigroup Community Care,"Elevance Health, Inc.",Yes,3.0,3.0,3.0
2024,H3251,Local CCP,HEALTH CARE SERVICE CORPORATION,Blue Cross and Blue Shield of New Mexico,Health Care Service Corporation,Yes,3.0,3.0,3.0
2024,H3256,Local CCP,CARE IMPROVEMENT PLUS SOUTH CENTRAL INSURANCE CO.,UnitedHealthcare,"UnitedHealth Group, Inc.",Yes,4.0,4.5,4.5
2024,H3259,Local CCP,VOLUNTEER STATE HEALTH PLAN,BlueCare Plus Tennessee,BlueCross BlueShield of Tennessee,Yes,4.0,4.0,4.0
2024,H3274,Local CCP,ALIGN SENIOR CARE CALIFORNIA INC.,Align Senior Care,"Innovative Long Term Care Management, Inc.",Yes,,,
2024,H3276,Local CCP,"CONNECTICARE INSURANCE COMPANY, INC.",ConnectiCare,"EmblemHealth, Inc.",Yes,3.0,3.0,3.0
2024,H3288,Local CCP,AETNA HEALTH AND LIFE INSURANCE COMPANY,Aetna Medicare,CVS Health Corporation,No,3.5,3.5,3.5
2024,H3291,Local CCP,"PRUITTHEALTH PREMIER, INC.",PruittHealth Premier,"UNICO Services, Inc.",Yes,,5.0,
2024,H3305,Local CCP,"MVP HEALTH PLAN, INC.",MVP HEALTH CARE,"MVP Health Care, Inc.",Yes,4.5,4.0,4.5
2024,H3307,Local CCP,"OXFORD HEALTH PLANS (NY), INC.",UnitedHealthcare,"UnitedHealth Group, Inc.",No,3.0,3.0,3.0
2024,H3312,Local CCP,AETNA HEALTH INC. (NY),Aetna Medicare,CVS Health Corporation,Yes,3.5,4.0,3.5
2024,H3330,Local CCP,HEALTH INSURANCE PLAN OF GREATER NEW YORK,EmblemHealth,"EmblemHealth, Inc.",No,3.5,3.0,3.0
2024,H3335,Local CCP,"EXCELLUS HEALTH PLAN, INC.","Excellus Health Plan, Inc","Lifetime Healthcare, Inc.",No,4.5,4.5,4.5
2024,H3342,Local CCP,"EMPIRE HEALTHCHOICE ASSURANCE, INC.",Empire BlueCross BlueShield,"Elevance Health, Inc.",No,,4.0,
2024,H3344,Local CCP,INDEPENDENT HEALTH BENEFITS CORPORATION,Independent Health,"Independent Health Association, Inc.",No,5.0,5.0,5.0
2024,H3347,Local CCP,"ELDERPLAN, INC.",Elderplan,"Elderplan, Inc.",Yes,3.5,3.5,3.5
2024,H3351,Local CCP,"EXCELLUS HEALTH PLAN, INC.","Excellus Health Plan, Inc","Lifetime Healthcare, Inc.",No,4.0,4.0,4.0
2024,H3359,Local CCP,"HEALTHFIRST HEALTH PLAN, INC.",Healthfirst Medicare Plan,"Healthfirst, Inc.",Yes,4.0,4.0,4.0
2024,H3362,Local CCP,"INDEPENDENT HEALTH ASSOCIATION, INC.",Independent Health,"Independent Health Association, Inc.",Yes,5.0,5.0,5.0
2024,H3379,Local CCP,"UNITEDHEALTHCARE OF NEW YORK, INC.",UnitedHealthcare,"UnitedHealth Group, Inc.",Yes,4.0,4.0,4.0
2024,H3384,Local CCP,Highmark Western and Northeastern New York Inc.,Highmark Blue Cross Blue Shield or Highmark Blue S,Highmark Health,No,4.0,3.5,4.0
2024,H3387,Local CCP,"UNITEDHEALTHCARE OF NEW YORK, INC.",UnitedHealthcare,"UnitedHealth Group, Inc.",Yes,3.5,3.5,3.5
2024,H3388,Local CCP,"CAPITAL DISTRICT PHYSICIANS' HEALTH PLAN, INC.",CDPHP Medicare Advantage,"Capital District Physicians' Health Plan, Inc.",Yes,5.0,3.5,4.5
2024,H3404,Local CCP,BLUE CROSS AND BLUE SHIELD OF NORTH CAROLINA,Blue Cross and Blue Shield of North Carolina,Blue Cross and Blue Shield of North Carolina,No,5.0,4.5,4.5
2024,H3407,Local CCP,"EL PASO FIRST HEALTH PLANS, INC.",El Paso Health Medicare Advantage,El Paso County Hospital District,Yes,,,
2024,H3416,Local CCP,"HEALTHPARTNERS UNITYPOINT HEALTH, INC.",HealthPartners UnityPoint Health,"HealthPartners UnityPoint Health, Inc.",No,4.0,5.0,4.5
2024,H3418,Local CCP,CARE IMPROVEMENT PLUS SOUTH CENTRAL INSURANCE CO.,UnitedHealthcare,"UnitedHealth Group, Inc.",No,3.0,3.5,3.0
2024,H3419,Local CCP,"PERENNIAL ADVANTAGE OF COLORADO, INC.",Perennial Advantage,"Perennial Consortium, LLC",Yes,,,
2024,H3443,Local CCP,"ALIGNMENT HEALTH PLAN OF ARIZONA, INC.",Alignment Health Plan,"Alignment Healthcare USA, LLC",Yes,3.5,4.0,3.5
2024,H3447,Local CCP,"HEALTHKEEPERS, INC.",Anthem HealthKeepers,"Elevance Health, Inc.",Yes,3.5,4.0,3.5
2024,H3449,Local CCP,BLUE CROSS AND BLUE SHIELD OF NORTH CAROLINA,Blue Cross and Blue Shield of North Carolina,Blue Cross and Blue Shield of North Carolina,No,4.5,3.5,4.5
2024,H3467,Local CCP,"PROCARE ADVANTAGE, LLC",ProCare Advantage,First Sacramento Capital Funding LLC,Yes,,2.5,
2024,H3471,Local CCP,HEALTH ALLIANCE NORTHWEST HEALTH PLAN,Health Alliance Northwest,The Carle Foundation,No,3.0,3.5,3.0
2024,H3499,Local CCP,COORDINATED CARE CORPORATION,Wellcare by Allwell,Centene Corporation,Yes,3.0,3.0,3.0
2024,H3528,Local CCP,"CONNECTICARE, INC.",ConnectiCare,"EmblemHealth, Inc.",No,4.0,3.5,3.5
2024,H3533,Local CCP,"HUMANA HEALTH COMPANY OF NEW YORK, INC.",Humana,Humana Inc.,Yes,3.0,3.0,3.0
2024,H3536,Local CCP,"MATTHEW THORNTON HEALTH PLAN, INC.",Anthem Blue Cross and Blue Shield,"Elevance Health, Inc.",No,3.5,3.5,3.5
2024,H3551,Local CCP,ETERNALHEALTH OF ARIZONA INC,eternalHealth,"Eternal Health of Delaware, Inc.",No,,,
2024,H3554,Local CCP,USABLE PPO INSURANCE COMPANY,Arkansas Blue Medicare,USAble Mutual Insurance Company,No,3.5,3.5,3.5
2024,H3557,Local CCP,BLUE CROSS & BLUE SHIELD OF RHODE ISLAND,Blue Cross & Blue Shield of Rhode Island,Blue Cross & Blue Shield of Rhode Island,No,4.5,4.5,4.5
2024,H3561,Local CCP,"HEALTH NET COMMUNITY SOLUTIONS, INC.",Wellcare by Health Net,Centene Corporation,Yes,3.0,3.5,3.0
2024,H3597,Local CCP,AETNA HEALTH INC. (ME),Aetna Medicare,CVS Health Corporation,Yes,4.0,4.5,4.0
2024,H3653,Local CCP,"PARAMOUNT CARE, INC.",Paramount Elite Medicare Plans,"Promedica Health System, Inc.",No,4.5,3.5,4.5
2024,H3655,Local CCP,COMMUNITY INSURANCE COMPANY,Anthem Blue Cross and Blue Shield,"Elevance Health, Inc.",Yes,3.5,3.5,3.5
2024,H3660,Local CCP,SUMMACARE INC.,SummaCare Medicare Advantage Plans,Summa Health,No,4.5,4.0,4.5
2024,H3664,Local CCP,AULTCARE HEALTH INSURING CORPORATION,PrimeTime Health Plan,Aultman Health Foundation,No,5.0,5.0,5.0
2024,H3668,Local CCP,"MOUNT CARMEL HEALTH PLAN, INC.",MediGold,Trinity Health Corporation,No,5.0,5.0,5.0
2024,H3672,Local CCP,"THE HEALTH PLAN OF WEST VIRGINIA, INC.",The Health Plan,"The Health Plan of West Virginia, Inc.",Yes,4.5,4.0,4.0
2024,H3706,Local CCP,"GLOBALHEALTH, INC.",GlobalHealth,"MHH Healthcare, L.P.",Yes,4.5,4.0,4.5
2024,H3708,Local CCP,"OKLAHOMA SUPERIOR SELECT, INC.",American Health Advantage of Oklahoma,Mitchell Family Office,Yes,,3.5,
2024,H3727,Local CCP,OH CHS SNP INC.,Communicare Advantage,"SNP Holdings, LLC",Yes,,3.5,
2024,H3748,Local CCP,"AETNA BETTER HEALTH OF WASHINGTON, INC.",Aetna Medicare,CVS Health Corporation,No,3.0,4.0,3.5
2024,H3749,Local CCP,"UNITEDHEALTHCARE OF WISCONSIN, INC.",UnitedHealthcare,"UnitedHealth Group, Inc.",No,3.5,4.0,3.5
2024,H3755,Local CCP,"COMMUNITYCARE GOVERNMENT PROGRAMS, INC.",CommunityCare Senior Health Plan (HMO),St Francis Health System & St John Health System,No,4.5,3.5,4.0
2024,H3777,Local CCP,"EXPERIENCE HEALTH, INC.","Experience Health, Inc.",Blue Cross and Blue Shield of North Carolina,No,4.5,3.5,4.5
2024,H3794,Local CCP,"UNITEDHEALTHCARE OF WISCONSIN, INC.",UnitedHealthcare,"UnitedHealth Group, Inc.",Yes,4.5,4.5,5.0
2024,H3800,Local CCP,PROVIDER PARTNERS HEALTH PLAN OF ILLINOIS,Provider Partners Health Plans,"Rifkin Managed Care Holding, LLC",Yes,3.5,3.0,3.0
2024,H3805,Local CCP,"UnitedHealthcare Benefits of Texas, Inc.",UnitedHealthcare,"UnitedHealth Group, Inc.",No,3.5,4.0,4.0
2024,H3810,Local CCP,"ALLCARE HEALTH PLAN, INC.",AllCare Advantage,"AllCare Health, Inc.",Yes,3.5,3.5,3.5
2024,H3811,Local CCP,"SAMARITAN HEALTH PLANS, INC.",Samaritan Advantage Health Plans,Samaritan Health Services,Yes,3.0,3.5,3.0
2024,H3813,Local CCP,"MODA HEALTH PLAN, INC.","Moda Health Plan, Inc.","Moda Partners, Inc.",No,3.0,3.0,3.0
2024,H3814,Local CCP,ATRIO HEALTH PLANS,ATRIO Health Plans,ATRIO Health Plans,Yes,3.5,3.5,3.0
2024,H3815,Local CCP,ALIGNMENT HEALTH PLAN,Alignment Health Plan,"Alignment Healthcare USA, LLC",Yes,3.5,4.5,4.0
2024,H3817,Local CCP,REGENCE BLUECROSS BLUESHIELD OF OREGON,Regence BlueCross BlueShield of Oregon,"Cambia Health Solutions, Inc.",No,3.5,4.0,3.5
2024,H3822,Local CCP,HEALTH CARE SERVICE CORPORATION,"Blue Cross and Blue Shield of IL, NM",Health Care Service Corporation,No,3.0,3.0,3.0
2024,H3828,Local CCP,"MOUNT CARMEL HEALTH PLAN OF IDAHO, INC.",Saint Alphonsus Health Plan,Trinity Health Corporation,No,,,
2024,H3832,Local CCP,HAWAII MEDICAL SERVICE ASSOCIATION,HMSA Akamai Advantage,Hawaii Medical Service Association,Yes,4.0,3.5,4.0
2024,H3864,Local CCP,PACIFICSOURCE COMMUNITY HEALTH PLANS,PacificSource Medicare,PacificSource,Yes,3.5,3.5,3.5
2024,H3890,Local CCP,"HOPKINS HEALTH ADVANTAGE, INC.",Johns Hopkins Advantage MD,Johns Hopkins Healthcare LLC,No,3.0,3.5,3.0
2024,H3907,Local CCP,"UPMC HEALTH PLAN, INC.",UPMC for Life,UPMC Health System,No,5.0,5.0,5.0
2024,H3909,Local CCP,QCC INSURANCE COMPANY,Independence Blue Cross,"Independence Health Group, Inc.",No,4.5,4.5,4.5
2024,H3916,Local CCP,HIGHMARK SENIOR HEALTH COMPANY,Highmark Blue Cross Blue Shield or Highmark Blue S,Highmark Health,No,4.0,4.5,4.5
2024,H3923,Local CCP,CAPITAL ADVANTAGE INSURANCE COMPANY,Capital Blue Cross,CAPITAL BLUE CROSS,No,4.0,3.5,4.0
2024,H3924,Local CCP,GEISINGER INDEMNITY INSURANCE COMPANY,Geisinger Gold,Geisinger Health,No,4.0,4.0,4.0
2024,H3928,Local CCP,AETNA HEALTH INC. (LA),Aetna Medicare,CVS Health Corporation,No,4.5,3.5,4.0
2024,H3931,Local CCP,AETNA HEALTH INC. (PA),Aetna Medicare,CVS Health Corporation,Yes,4.0,4.0,4.0
2024,H3949,Local CCP,"BRAVO HEALTH PENNSYLVANIA, INC.",Cigna Healthcare,The Cigna Group,Yes,3.5,3.5,3.5
2024,H3952,Local CCP,"KEYSTONE HEALTH PLAN EAST, INC.",Independence Blue Cross,"Independence Health Group, Inc.",No,4.0,4.5,4.5
2024,H3954,Local CCP,GEISINGER HEALTH PLAN,Geisinger Gold,Geisinger Health,Yes,4.0,4.0,4.0
2024,H3957,Local CCP,HIGHMARK CHOICE COMPANY,Highmark Blue Cross Blue Shield or Highmark Blue S,Highmark Health,No,5.0,5.0,5.0
2024,H3959,Local CCP,AETNA HEALTH INC. (PA),Aetna Medicare,CVS Health Corporation,Yes,4.5,4.5,4.5
2024,H3962,Local CCP,"KEYSTONE HEALTH PLAN CENTRAL, INC.",Capital Blue Cross,CAPITAL BLUE CROSS,No,4.5,4.0,4.0
2024,H3975,Local CCP,"WELLCARE HEALTH INSURANCE COMPANY OF KENTUCKY, INC",Wellcare,Centene Corporation,Yes,3.5,3.0,3.5
2024,H3979,Local CCP,"GHS HEALTH MAINTENANCE ORGANIZATION, INC.",Blue Cross and Blue Shield of Oklahoma,Health Care Service Corporation,No,4.0,4.0,4.0
2024,H4003,Local CCP,"MMM HEALTHCARE, LLC",Medicare y Mucho Mas,"Elevance Health, Inc.",Yes,4.0,5.0,4.0
2024,H4004,Local CCP,"MMM HEALTHCARE, LLC",PMC Medicare Choice,"Elevance Health, Inc.",Yes,4.5,4.5,4.5
2024,H4005,Local CCP,"TRIPLE S ADVANTAGE, INC.",Triple-S Advantage,Guidewell Mutual Holding Corporation,No,4.0,5.0,4.0
2024,H4007,Local CCP,"HUMANA HEALTH PLANS OF PUERTO RICO, INC.",Humana,Humana Inc.,Yes,4.5,5.0,5.0
2024,H4036,Local CCP,"ANTHEM INSURANCE COMPANIES, INC.",Anthem Blue Cross and Blue Shield,"Elevance Health, Inc.",Yes,3.5,5.0,4.0
2024,H4045,Local CCP,SANTA CLARA COUNTY HEALTH AUTHORITY,Santa Clara Family Health Plan,SANTA CLARA COUNTY HEALTH AUTHORITY,Yes,,,
2024,H4054,Local CCP,"PROVIDER PARTNERS HEALTH PLAN OF TEXAS, INC.",Provider Partners Health Plans,"Rifkin Managed Care Holding, LLC",Yes,,3.5,
2024,H4073,Local CCP,"WELLCARE HEALTH INSURANCE OF NORTH CAROLINA, INC.",Wellcare,Centene Corporation,Yes,2.5,2.5,3.0
2024,H4091,Local CCP,"SIMPRA ADVANTAGE, INC.",Simpra Advantage,"Associated Care Ventures, Inc.",Yes,,4.0,
2024,H4093,Local CCP,"PROVIDER PARTNERS HEALTH PLAN OF PENNSYLVANIA, INC",Provider Partners Health Plans,"Rifkin Managed Care Holding, LLC",Yes,,4.0,
2024,H4094,Local CCP,"UNITEDHEALTHCARE OF WISCONSIN, INC.",UnitedHealthcare,"UnitedHealth Group, Inc.",Yes,4.0,2.5,3.5
2024,H4140,Local CCP,"DOCTORS HEALTHCARE PLANS, INC.","Doctors HealthCare Plans, Inc.","DOCTORS HEALTHCARE PLANS, INC.",Yes,3.5,3.5,3.5
2024,H4141,Local CCP,"HUMANA EMPLOYERS HEALTH PLAN OF GEORGIA, INC.",Humana,Humana Inc.,Yes,4.0,4.0,4.0
2024,H4152,Local CCP,BLUE CROSS & BLUE SHIELD OF RHODE ISLAND,Blue Cross & Blue Shield of Rhode Island,Blue Cross & Blue Shield of Rhode Island,Yes,4.5,5.0,4.5
2024,H4161,Local CCP,BLUE CROSS OF CALIFORNIA PARTNERSHIP PLAN,Anthem Blue Cross Partnership Plan,"Elevance Health, Inc.",No,,,
2024,H4172,Local CCP,"NHC ADVANTAGE, LLC",NHC Advantage,"Missouri Healthcare Advisors, LLC",Yes,5.0,5.0,5.0
2024,H4198,Local CCP,"COMMUNITYCARE GOVERNMENT PROGRAMS, INC.",Integris Health Partners+ (HMO),St Francis Health System & St John Health System,No,,,
2024,H4213,PFFS,USABLE MUTUAL INSURANCE COMPANY,Arkansas Blue Medicare,USAble Mutual Insurance Company,No,3.5,3.0,3.5
2024,H4227,Local CCP,"VISTA HEALTH PLAN, INC.",VISTA Health Plan Inc.,"Independence Health Group, Inc.",Yes,3.5,3.0,3.5
2024,H4232,Local CCP,"AMERICAN HEALTH PLAN OF UT, INC.",American Health Advantage of Utah,Mitchell Family Office,Yes,,3.0,
2024,H4277,Local CCP,CommunityCare Life & Health Insurance Co.,CommunityCare Options (PPO),"CommunityCare Managed Healthcare Plans of OK, Inc.",No,,,
2024,H4279,Local CCP,"UPMC FOR YOU, INC",UPMC for Life Complete Care,UPMC Health System,Yes,4.5,5.0,5.0
2024,H4286,Local CCP,"LEON HEALTH, INC.",Leon Health Plans,"Leon Health Holdings, LLC",Yes,5.0,4.5,5.0
2024,H4343,Local CCP,"CENTENE VENTURE COMPANY ALABAMA HEALTH PLAN, INC.",Wellcare by Allwell,Centene Corporation,No,3.0,2.5,3.0
2024,H4346,Local CCP,"HMO COLORADO, INC.",Anthem Blue Cross and Blue Shield,"Elevance Health, Inc.",Yes,3.0,3.5,3.0
2024,H4407,Local CCP,"HEALTHSPRING LIFE & HEALTH INSURANCE COMPANY, INC.",Cigna Healthcare,The Cigna Group,Yes,4.0,4.0,4.0
2024,H4439,Local CCP,PROVIDER PARTNERS HEALTH PLAN OF NORTH CAROLINA,Provider Partners Health Plan of North Carolina,"Rifkin Managed Care Holding, LLC",Yes,,,
2024,H4461,Local CCP,CARITEN HEALTH PLAN INC.,Humana,Humana Inc.,Yes,5.0,4.0,5.0
2024,H4471,Local CCP,BLUE CROSS OF CALIFORNIA PARTNERSHIP PLAN LLC,Anthem Blue Cross Partnership Plan,"Elevance Health, Inc.",Yes,,,
2024,H4490,Local CCP,"AMERICAN HEALTH PLAN OF MISSOURI, INC.",American Health Advantage of Missouri,Mitchell Family Office,Yes,,2.5,
2024,H4497,Local CCP,MEDICAL MUTUAL OF OHIO,Medical Mutual of Ohio,MEDICAL MUTUAL OF OHIO,No,4.0,3.5,4.5
2024,H4506,Local CCP,"SELECTCARE OF TEXAS, INC.",Wellcare,Centene Corporation,No,3.0,4.0,3.0
2024,H4513,Local CCP,"HEALTHSPRING LIFE & HEALTH INSURANCE COMPANY, INC.",Cigna Healthcare,The Cigna Group,Yes,4.5,4.0,4.0
2024,H4514,Local CCP,"UNITEDHEALTHCARE COMMUNITY PLAN OF TEXAS, L.L.C.",UnitedHealthcare,"UnitedHealth Group, Inc.",Yes,4.0,3.5,4.0
2024,H4523,Local CCP,AETNA HEALTH INC. (TX),Aetna Medicare,CVS Health Corporation,No,4.0,4.0,4.0
2024,H4527,Local CCP,"PHYSICIANS HEALTH CHOICE OF TEXAS, LLC",UnitedHealthcare,"UnitedHealth Group, Inc.",Yes,4.0,4.5,4.5
2024,H4537,Local CCP,"WELLCARE HEALTH INSURANCE COMPANY OF OKLAHOMA, INC",Wellcare,Centene Corporation,Yes,,3.0,
2024,H4544,Local CCP,"PEOPLES HEALTH, INC.",Peoples Health,"UnitedHealth Group, Inc.",No,3.0,3.0,3.0
2024,H4604,Local CCP,"UNITEDHEALTHCARE OF THE ROCKIES, INC.",UnitedHealthcare,"UnitedHealth Group, Inc.",Yes,4.0,4.5,4.5
2024,H4605,Local CCP,REGENCE BLUECROSS BLUESHIELD OF UTAH,Regence BlueCross BlueShield of Utah,"Cambia Health Solutions, Inc.",No,4.0,3.5,4.0
2024,H4620,Local CCP,"ESSENCE HEALTHCARE OF OHIO, INC.",Essence Healthcare,Lumeris Group Holdings Corporation,No,,,
2024,H4623,Local CCP,"HUMANA REGIONAL HEALTH PLAN, INC.",Humana,Humana Inc.,No,4.0,4.5,4.0
2024,H4624,Local CCP,"ZING HEALTH OF MICHIGAN, INC.",Zing Health,"Zing Health Consolidator, Inc",Yes,3.0,3.0,3.0
2024,H4661,Local CCP,CELTIC INSURANCE COMPANY,Wellcare,Centene Corporation,Yes,,,
2024,H4676,Local CCP,"TROY HEALTH, INC.",Troy Medicare,"Troy Holdings, Inc.",Yes,2.5,2.5,2.5
2024,H4699,Local CCP,"WELLCARE HEALTH PLANS OF RHODE ISLAND, INC.",Wellcare,Centene Corporation,Yes,2.5,2.5,2.5
2024,H4704,Local CCP,ANTHEM BLUE CROSS LIFE AND HEALTH INS COMPANY,Anthem Blue Cross Life and Health Company,"Elevance Health, Inc.",Yes,,,
2024,H4711,Local CCP,"COVENTRY HEALTH CARE OF NEBRASKA, INC.",Aetna Medicare,CVS Health Corporation,Yes,3.0,3.0,3.0
2024,H4733,Local CCP,COMMUNITY HEALTH GROUP,Community Health Group,Community Health Group,Yes,,,
2024,H4739,Local CCP,"SELECT HEALTH OF SOUTH CAROLINA, INC.",First Choice VIP Care (HMO-D-SNP),"Independence Health Group, Inc.",Yes,,,
2024,H4754,Local CCP,PACIFICSOURCE COMMUNITY HEALTH PLANS,PacificSource Medicare,PacificSource,No,3.5,4.0,3.5
2024,H4801,Local CCP,GHS INSURANCE COMPANY,"Blue Cross and Blue Shield of OK, TX",Health Care Service Corporation,No,3.0,2.5,3.0
2024,H4808,Local CCP,DEVOTED HEALTH INSURANCE COMPANY OF COLORADO INC,Devoted Health,"Devoted Health, Inc.",No,,,
2024,H4835,Local CCP,AETNA BETTER HEALTH OF OKLAHOMA INC.,Aetna Medicare,CVS Health Corporation,No,3.0,3.5,3.0
2024,H4847,Local CCP,"WELLCARE OF SOUTH CAROLINA, INC.",Wellcare,Centene Corporation,Yes,3.0,3.5,3.0
2024,H4863,Local CCP,TRH HEALTH INSURANCE COMPANY,Farm Bureau Health Plans,Tennessee Rural Health Improvement Association,No,,,
2024,H4868,Local CCP,NEW YORK QUALITY HEALTHCARE CORPORATION,Wellcare,Centene Corporation,Yes,3.0,3.5,3.0
2024,H4869,Local CCP,GOLD KIDNEY OF ARIZONA,Gold Kidney Health Plan,Gold Kidney Health Plan,Yes,,,
2024,H4875,Local CCP,PRIORITY HEALTH,Priority Health Medicare,Corewell Health,No,4.5,4.5,4.5
2024,H4882,Local CCP,"HEALTHPARTNERS, INC.",HealthPartners,"HealthPartners, Inc.",No,4.5,4.0,4.5
2024,H4909,Local CCP,"ANTHEM INSURANCE COMPANIES, INC.",Anthem Blue Cross and Blue Shield,"Elevance Health, Inc.",Yes,3.5,3.0,3.0
2024,H4931,Local CCP,BANNER - UNIVERSITY CARE ADVANTAGE,Banner Medicare Advantage,Banner Health,Yes,3.5,4.0,3.5
2024,H4937,Local CCP,CALIFORNIA PHYSICIANS' SERVICE,Blue Shield of California,California Physicians' Service,No,3.0,4.5,3.5
2024,H4943,Local CCP,Scott & White Care Plans,Baylor Scott & White Health Plan,Baylor Scott & White Holdings,No,,,
2024,H4961,Local CCP,ALIGNMENT HEALTH PLAN,Alignment Health Plan,"Alignment Healthcare USA, LLC",No,3.0,4.0,3.0
2024,H4982,Local CCP,AETNA BETTER HEALTH OF CALIFORNIA INC.,Aetna Medicare,CVS Health Corporation,Yes,2.5,3.5,3.0
2024,H5008,Local CCP,CARE IMPROVEMENT PLUS SOUTH CENTRAL INSURANCE CO.,UnitedHealthcare,"UnitedHealth Group, Inc.",Yes,3.5,3.5,3.5
2024,H5009,Local CCP,REGENCE BLUESHIELD,Regence BlueShield,"Cambia Health Solutions, Inc.",No,3.0,3.5,3.0
2024,H5010,Local CCP,ASURIS NORTHWEST HEALTH,Asuris Northwest Health,"Cambia Health Solutions, Inc.",No,4.5,3.5,4.0
2024,H5015,Local CCP,"TEXAS INDEPENDENCE HEALTH PLAN, INC.",Texas Independence Health Plan,Regency ISNP Holdings LLC,Yes,4.5,4.0,4.5
2024,H5042,Local CCP,"CDPHP UNIVERSAL BENEFITS, INC.",CDPHP Medicare Advantage,"Capital District Physicians' Health Plan, Inc.",No,4.5,3.5,4.5
2024,H5050,Local CCP,KAISER FOUNDATION HEALTH PLAN OF WASHINGTON,Kaiser Permanente,"Kaiser Foundation Health Plan, Inc.",No,3.0,4.0,3.5
2024,H5087,Local CCP,"WELLCARE OF CALIFORNIA, INC.",Wellcare,Centene Corporation,No,3.0,3.0,3.0
2024,H5106,Local CCP,HIGHMARK SENIOR SOLUTIONS COMPANY,Highmark Blue Cross Blue Shield,Highmark Health,No,4.5,4.0,4.5
2024,H5117,Local CCP,"LOUISIANA HEALTHCARE CONNECTIONS, INC.",Wellcare by Allwell,Centene Corporation,No,,3.0,
2024,H5140,Local CCP,"BLUE CROSS AND BLUE SHIELD ARIZONA, INC.",Blue Cross Blue Shield of Arizona (AZ Blue),Blue Cross Blue Shield of Arizona,No,3.5,4.0,3.5
2024,H5141,Local CCP,CLOVER INSURANCE COMPANY,Clover Health,"Clover Health Holdings, Inc.",No,3.5,3.0,3.5
2024,H5163,Local CCP,VERDA HEALTH PLAN OF TEXAS INC,Verda Health Plan of Texas,"Verda Healthcare, Inc.",Yes,,,
2024,H5178,Local CCP,"HUMANA HEALTH PLAN, INC.",Humana,Humana Inc.,No,,,
2024,H5190,Local CCP,"SUNSHINE STATE HEALTH PLAN, INC.",Wellcare by Allwell,Centene Corporation,No,,3.5,
2024,H5199,Local CCP,"WELLCARE HEALTH INSURANCE OF ARIZONA, INC.",Wellcare,Centene Corporation,Yes,2.5,3.5,3.0
2024,H5209,Local CCP,"My Choice Wisconsin Health Plan, Inc.",My Choice Wisconsin Health Plan,"My Choice Wisconsin, Inc.",Yes,3.5,4.5,4.0
2024,H5211,Local CCP,"SECURITY HEALTH PLAN OF WISCONSIN, INC.","Security Health Plan of Wisconsin, Inc.","Marshfield Clinic Health System, Inc.",Yes,4.0,3.5,4.0
2024,H5215,Local CCP,NETWORK HEALTH INSURANCE CORPORATION,Network Health Medicare Advantage Plans,"Network Health, Inc.",Yes,5.0,4.5,5.0
2024,H5216,Local CCP,HUMANA INSURANCE COMPANY,Humana,Humana Inc.,Yes,4.5,4.0,4.5
2024,H5232,Local CCP,PARAMOUNT INSURANCE COMPANY,Paramount Elite Medicare Plans,"Promedica Health System, Inc.",No,,,
2024,H5244,Local CCP,SCAN HEALTH PLAN NEW MEXICO,SCAN Health Plan New Mexico,SCAN Group,Yes,,,
2024,H5253,Local CCP,"UNITEDHEALTHCARE OF WISCONSIN, INC.",UnitedHealthcare,"UnitedHealth Group, Inc.",Yes,4.5,4.5,4.5
2024,H5256,1876 Cost,MEDICAL ASSOCIATES CLINIC HEALTH PLAN,Medical Associates Clinic Health Plan of Wisconsin,"Medical Associates Clinic, P.C.",No,5.0,,
2024,H5262,Local CCP,QUARTZ HEALTH PLAN CORPORATION,Quartz Medicare Advantage,University of Wisconsin Hospitals and Clincs Autho,Yes,4.5,3.5,4.5
2024,H5264,1876 Cost,"DEAN HEALTH PLAN, INC.","Dean Health Plan, Inc.",Medica Holding Company,No,5.0,,
2024,H5273,Local CCP,"CAREPARTNERS OF CONNECTICUT, INC.",CarePartners of Connecticut,"Point32Health, Inc.",No,3.5,3.5,4.0
2024,H5280,Demo,"MOLINA HEALTHCARE OF OHIO, INC.",Molina Healthcare of Ohio,"Molina Healthcare, Inc.,",No,,,
2024,H5294,Local CCP,"SUPERIOR HEALTHPLAN, INC.",Wellcare by Allwell,Centene Corporation,Yes,3.0,3.0,3.0
2024,H5296,Local CCP,"ALIGNMENT HEALTH PLAN OF NORTH CAROLINA, INC.",Alignment Health Plan,"Alignment Healthcare USA, LLC",Yes,4.5,4.5,5.0
2024,H5299,Local CCP,DEVOTED HEALTH PLAN OF NORTH CAROLINA INC,Devoted Health,"Devoted Health, Inc.",Yes,,,
2024,H5302,Local CCP,AETNA HEALTH INC. (GA),Aetna Medicare,CVS Health Corporation,Yes,4.0,4.0,4.0
2024,H5309,Local CCP,AETNA HEALTH OF CALIFORNIA INC.,Aetna Medicare,CVS Health Corporation,No,,,
2024,H5322,Local CCP,CARE IMPROVEMENT PLUS SOUTH CENTRAL INSURANCE CO.,UnitedHealthcare,"UnitedHealth Group, Inc.",Yes,4.0,4.0,4.0
2024,H5325,Local CCP,"COVENTRY HEALTH CARE OF KANSAS, INC.",Aetna Medicare,CVS Health Corporation,Yes,4.0,4.0,4.0
2024,H5361,Local CCP,AMERIHEALTH INSURANCE COMPANY OF NEW JERSEY,AmeriHealth,"Independence Health Group, Inc.",No,,,
2024,H5373,Local CCP,"PARAMOUNT CARE OF INDIANA, INC.",Paramount Elite Medicare Plans,"Promedica Health System, Inc.",No,,,
2024,H5374,Local CCP,"LONGEVITY HEALTH PLAN OF NORTH CAROLINA, INC.",Longevity Health Plan,"Longevity Health Founders, LLC",Yes,3.5,3.0,3.0
2024,H5377,Local CCP,"HUMANA MEDICAL PLAN OF PENNSYLVANIA, INC.",Humana,Humana Inc.,No,,3.5,
2024,H5386,Local CCP,SHARP HEALTH PLAN,Sharp Health Plan,Sharp Healthcare,No,4.5,3.5,4.5
2024,H5398,Local CCP,CENTENE VENTURE COMPANY KANSAS,Wellcare by Allwell,Centene Corporation,No,3.5,4.0,3.5
2024,H5410,Local CCP,"HEALTHSPRING OF FLORIDA, INC.",Cigna Healthcare,The Cigna Group,Yes,4.5,4.5,4.5
2024,H5420,Local CCP,"Preferred Care Network, Inc.",UnitedHealthcare,"UnitedHealth Group, Inc.",Yes,4.5,4.5,5.0
2024,H5422,Local CCP,BLUE CROSS BLUE SHIELD HEALTHCARE PLAN OF GEORGIA,Anthem Blue Cross and Blue Shield,"Elevance Health, Inc.",Yes,3.0,3.5,3.5
2024,H5425,Local CCP,SCAN HEALTH PLAN,SCAN Health Plan,SCAN Group,Yes,3.5,4.0,4.0
2024,H5427,Local CCP,"FREEDOM HEALTH, INC.","Freedom Health, Inc.","Elevance Health, Inc.",Yes,4.5,5.0,4.5
2024,H5430,Local CCP,"ONE CARE BY CARE1ST HEALTH PLAN OF ARIZONA, INC.",WellCare,Centene Corporation,No,,,
2024,H5431,Local CCP,"HEALTHSUN HEALTH PLANS, INC.","HealthSun Health Plans, Inc.","Elevance Health, Inc.",Yes,4.5,4.5,5.0
2024,H5433,Local CCP,ORANGE COUNTY HEALTH AUTHORITY,CalOptima Health OneCare,Orange County Health Authority,Yes,3.0,3.5,3.0
2024,H5434,Local CCP,"BLUE CROSS AND BLUE SHIELD OF FLORIDA, INC.",Florida Blue,Guidewell Mutual Holding Corporation,No,4.0,3.0,3.5
2024,H5435,PFFS,CARE IMPROVEMENT PLUS SOUTH CENTRAL INSURANCE CO.,UnitedHealthcare,"UnitedHealth Group, Inc.",No,3.0,3.0,3.0
2024,H5439,Local CCP,HEALTH NET LIFE INSURANCE COMPANY,Wellcare by Health Net,Centene Corporation,No,2.5,3.0,2.5
2024,H5447,Local CCP,"COMMUNITY FIRST HEALTH PLANS, INC.",Community First Health Plans,Bexar County Hospital District,Yes,,,
2024,H5454,Local CCP,"CLEAR SPRING HEALTH OF ILLINOIS, INC.",Clear Spring Health,Group 1001,Yes,,,
2024,H5471,Local CCP,"SIMPLY HEALTHCARE PLANS, INC.","Simply Healthcare Plans, Inc.","Elevance Health, Inc.",Yes,4.5,4.0,5.0
2024,H5472,Local CCP,ALIGNMENT HEALTH INSURANCE COMPANY OF ARIZONA INC,Alignment Health Plan,"Alignment Healthcare USA, LLC",Yes,,,
2024,H5475,Local CCP,"MERIDIAN HEALTH PLAN OF MICHIGAN, INC.",Wellcare,Centene Corporation,Yes,2.5,3.5,3.0
2024,H5496,Local CCP,"IMPERIAL HEALTH PLAN OF CALIFORNIA, INC.","Imperial Health Plan of California, Inc.",Imperial Health Plan of California,Yes,3.0,3.5,3.5
2024,H5521,Local CCP,AETNA LIFE INSURANCE COMPANY,Aetna Medicare,CVS Health Corporation,Yes,4.5,4.0,4.0
2024,H5522,Local CCP,AETNA LIFE INSURANCE COMPANY,Aetna Medicare,CVS Health Corporation,Yes,4.0,4.5,4.5
2024,H5525,Local CCP,"HUMANA BENEFIT PLAN OF ILLINOIS, INC.",Humana,Humana Inc.,Yes,4.0,3.5,4.0
2024,H5526,Local CCP,Highmark Western and Northeastern New York Inc.,Highmark Blue Cross Blue Shield or Highmark Blue S,Highmark Health,No,4.0,4.0,4.0
2024,H5528,Local CCP,"EMBLEMHEALTH PLAN, INC.",EmblemHealth,"EmblemHealth, Inc.",No,,,
2024,H5533,Local CCP,"UPMC HEALTH NETWORK, INC.",UPMC for Life,UPMC Health System,No,5.0,4.5,5.0
2024,H5549,Local CCP,VNS CHOICE,VNS Health Medicare,Visiting Nurse Service of New York,Yes,3.5,3.5,3.5
2024,H5577,Local CCP,"MCS ADVANTAGE, INC.",MCS Classicare,"MHH Healthcare, L.P.",Yes,4.5,5.0,5.0
2024,H5580,Local CCP,MERCY CARE,Mercy Care Advantage,Mercy Care,Yes,3.5,3.5,3.5
2024,H5587,Local CCP,"HEALTH CHOICE ARIZONA, INC.",BCBSAZ Health Choice,Blue Cross Blue Shield of Arizona,Yes,3.0,4.5,3.5
2024,H5590,Local CCP,"Bridgeway Health Solutions of Arizona, Inc.",Wellcare by Allwell,Centene Corporation,Yes,3.0,3.5,3.0
2024,H5591,Local CCP,"MARTIN'S POINT GENERATIONS ADVANTAGE, INC.",Martin's Point Generations Advantage,"Martin's Point Health Care, Inc.",No,4.5,4.5,4.5
2024,H5593,Local CCP,AETNA HEALTH OF IOWA INC.,Aetna Medicare,CVS Health Corporation,Yes,4.5,4.5,5.0
2024,H5594,Local CCP,"OPTIMUM HEALTHCARE, INC.","Optimum HealthCare, Inc.","Elevance Health, Inc.",Yes,5.0,5.0,5.0
2024,H5599,Local CCP,NEW YORK QUALITY HEALTHCARE CORPORATION,Wellcare by Fidelis Care,Centene Corporation,Yes,3.0,3.5,3.0
2024,H5608,Local CCP,"DENVER HEALTH MEDICAL PLAN, INC.",Elevate Medicare Advantage,Denver Health and Hospital Authority,Yes,3.5,4.0,3.5
2024,H5619,Local CCP,"ARCADIAN HEALTH PLAN, INC.",Humana,Humana Inc.,Yes,4.0,3.5,4.0
2024,H5628,Local CCP,"MOLINA HEALTHCARE OF UTAH, INC.",Molina Healthcare of Utah & Idaho,"Molina Healthcare, Inc.,",Yes,3.0,3.5,3.0
2024,H5644,Local CCP,NETWORK HEALTH INSURANCE CORPORATION,Network Health Medicare Advantage Plans,"Network Health, Inc.",No,,,
2024,H5649,Local CCP,"CENTRAL HEALTH PLAN OF CALIFORNIA, INC.",Central Health Medicare Plan,"Bright Health Group, Inc.",Yes,3.5,3.5,3.5
2024,H5652,Local CCP,"SIERRA HEALTH AND LIFE INSURANCE COMPANY, INC.",UnitedHealthcare,"UnitedHealth Group, Inc.",Yes,5.0,5.0,5.0
2024,H5703,Local CCP,SOUTH COUNTRY HEALTH ALLIANCE,South Country Health Alliance,South Country Health Alliance,Yes,,4.5,
2024,H5774,Local CCP,"TRIPLE S ADVANTAGE, INC.",Triple S Advantage,Guidewell Mutual Holding Corporation,Yes,4.5,5.0,4.5
2024,H5779,Local CCP,"MERIDIAN HEALTH PLAN OF ILLINOIS, INC.",Wellcare,Centene Corporation,No,3.0,3.0,3.0
2024,H5793,Local CCP,AETNA HEALTH INC. (CT),Aetna Medicare,CVS Health Corporation,Yes,4.5,4.5,4.5
2024,H5810,Local CCP,MOLINA HEALTHCARE OF CALIFORNIA,Molina Healthcare of California,"Molina Healthcare, Inc.,",No,2.5,3.0,2.5
2024,H5823,Local CCP,"MOLINA HEALTHCARE OF WASHINGTON, INC.","Molina Healthcare of Washington, Inc.","Molina Healthcare, Inc.,",Yes,3.0,3.0,3.0
2024,H5826,Local CCP,COMMUNITY HEALTH PLAN OF WASHINGTON,Community Health Plan of WA Medicare Advantage,Community Health Plan of Washington,Yes,3.5,4.0,3.5
2024,H5828,Local CCP,"AMERIGROUP TENNESSEE, INC.",AMERIGROUP Community Care,"Elevance Health, Inc.",Yes,3.0,3.5,3.5
2024,H5843,Local CCP,"BANNER HEALTH PLAN, INC.",Banner Medicare Advantage,Banner Health,No,3.5,4.0,3.5
2024,H5852,Local CCP,AIDS HEALTHCARE FOUNDATION,AHF,AIDS Healthcare Foundation,Yes,3.0,3.5,3.0
2024,H5854,Local CCP,"ANTHEM HEALTH PLANS, INC.",Anthem Blue Cross and Blue Shield,"Elevance Health, Inc.",Yes,4.0,4.5,4.0
2024,H5859,Local CCP,"HEALTH PLAN OF CAREOREGON, INC.",CareOregon Advantage,"CareOregon, Inc.",Yes,3.5,3.5,3.5
2024,H5883,Local CCP,BLUE CARE NETWORK OF MICHIGAN,Blue Care Network,Blue Cross Blue Shield of Michigan Mutual Ins. Co.,No,4.0,4.0,4.5
2024,H5900,Local CCP,"WELLMARK ADVANTAGE HEALTH PLAN, INC.",Wellmark Advantage Health Plan,Blue Cross Blue Shield of Michigan Mutual Ins. Co.,No,4.0,4.0,4.0
2024,H5926,Local CCP,"MOLINA HEALTHCARE OF MICHIGAN, INC.",Molina Healthcare of Michigan,"Molina Healthcare, Inc.,",Yes,3.0,2.5,2.5
2024,H5928,Local CCP,California Physicians' Service,Blue Shield of California,California Physicians' Service,No,3.5,4.0,3.5
2024,H5932,Local CCP,"GATEWAY HEALTH PLAN, INC.",Highmark Wholecare Medicare Assured,Highmark Health,Yes,4.5,4.0,4.5
2024,H5937,Local CCP,UCARE MINNESOTA,UCare,UCare Minnesota,Yes,3.5,3.5,3.5
2024,H5938,Local CCP,CAPITAL HEALTH PLAN,Capital Health Plan,Guidewell Mutual Holding Corporation,No,4.5,4.5,4.5
2024,H5943,Local CCP,SCAN HEALTH PLAN,VillageHealth,SCAN Group,Yes,3.0,3.5,3.0
2024,H5945,Local CCP,PROMINENCE HEALTHFIRST,Prominence Health Plan,"Universal Health Services, Inc.",Yes,3.5,3.5,3.5
2024,H5959,Local CCP,"BCBSM, Inc.",Blue Cross and Blue Shield of Minnesota,"Aware Integrated, Inc.",No,4.0,5.0,4.5
2024,H5965,Local CCP,WELLCARE HEALTH INSURANCE COMPANY OF WASHINGTON,Wellcare,Centene Corporation,Yes,,2.5,
2024,H5969,Local CCP,ALOHACARE,AlohaCare,AlohaCare,Yes,3.5,3.0,3.0
2024,H5970,Local CCP,HUMANA INSURANCE COMPANY OF NEW YORK,Humana,Humana Inc.,Yes,3.5,3.5,3.5
2024,H5989,Local CCP,"HEALTHFIRST HEALTH PLAN, INC.",Healthfirst Medicare Plan,"Healthfirst, Inc.",No,3.5,3.5,3.5
2024,H5991,Local CCP,HEALTH INSURANCE PLAN OF GREATER NEW YORK,EmblemHealth,"EmblemHealth, Inc.",Yes,3.5,3.0,3.0
2024,H5992,Local CCP,"SENIOR WHOLE HEALTH OF NEW YORK, INC.",Senior Whole Health of New York,"Molina Healthcare, Inc.,",Yes,,,
2024,H5995,Local CCP,ATRIO HEALTH PLANS,ATRIO Health Plans,ATRIO Health Plans,Yes,3.5,3.5,3.0
2024,H6018,Local CCP,DEVOTED HEALTH INSURANCE COMPANY OF PENNSYLVANIA I,Devoted Health,"Devoted Health, Inc.",No,,,
2024,H6019,Local CCP,SAN MATEO HEALTH COMMISSION,HEALTH PLAN OF SAN MATEO,Health Plan of San Mateo,Yes,,,
2024,H6067,Local CCP,"CAREFIRST ADVANTAGE, INC.",CareFirst BlueCross BlueShield Medicare Advantage,"CareFirst, Inc.",No,2.5,2.5,2.5
2024,H6078,Local CCP,"Group Retiree Health Solutions, Inc.",Region 6 Rx Corp PPO,"Elevance Health, Inc.",No,4.0,4.0,4.0
2024,H6080,Demo,"MERIDIAN HEALTH PLAN OF ILLINOIS, INC.",Meridian Medicare-Medicaid Plan (MMP),Centene Corporation,No,,,
2024,H6130,MSA,FENYX HEALTH INSURANCE COMPANY,Fenyx Health,"Fenyx Health Holdings, Inc.",No,,,
2024,H6154,Local CCP,MEDICA HEALTH PLANS,Medica,Medica Holding Company,No,3.0,3.0,3.0
2024,H6158,Local CCP,"USABLE HMO, INC.",Arkansas Blue Medicare,USAble Mutual Insurance Company,No,3.5,4.0,3.5
2024,H6170,Local CCP,CHAMPION HEALTH PLAN OF CALIFORNIA INC,Champion Heath Plan,"Champion Health Plans-USA, LLC.",Yes,,,
2024,H6193,Local CCP,"WELLCARE HEALTH PLANS OF MASSACHUSETTS, INC.",Wellcare,Centene Corporation,No,,2.5,
2024,H6200,Local CCP,"ESSENCE HEALTHCARE PPO, INC.",Essence Healthcare,Lumeris Group Holdings Corporation,No,,,
2024,H6202,Local CCP,NEXTBLUE OF NORTH DAKOTA INSURANCE COMPANY,NextBlue of North Dakota,Blue Cross Blue Shield of Michigan Mutual Ins. Co.,No,4.0,4.5,4.5
2024,H6237,Local CCP,REGENCE BLUECROSS BLUESHIELD OF OREGON,Regence BlueCross BlueShield of Oregon,"Cambia Health Solutions, Inc.",No,3.5,3.5,3.5
2024,H6248,Local CCP,COMMUNITY HEALTH GROUP,Community Health Group,Community Health Group,Yes,,,
2024,H6306,Local CCP,FIRSTCAROLINACARE INSURANCE COMPANY,FirstMedicare Direct,The Carle Foundation,No,5.0,4.0,4.5
2024,H6316,Local CCP,"MISSOURI CARE, INCORPORATED",Healthy Blue,"Elevance Health, Inc.",Yes,,,
2024,H6322,Local CCP,"MCLAREN HEALTH PLAN, INC.",McLaren Medicare,McLaren Health Care Corporation,Yes,,3.0,
2024,H6328,Local CCP,"CARE N' CARE INSURANCE COMPANY, INC.",Care N' Care Insurance Company,Texas Health Resources,No,3.5,4.0,3.5
2024,H6345,Local CCP,"PRUITTHEALTH PREMIER NORTH CAROLINA, LLC",PruittHealth Premier,"UNICO Services, Inc.",Yes,3.5,4.0,4.0
2024,H6348,Local CCP,COORDINATED CARE CORPORATION,Wellcare by Allwell,Centene Corporation,Yes,2.5,2.5,3.0
2024,H6351,Local CCP,"LIBERTY ADVANTAGE, LLC",Liberty Medicare Advantage,Liberty Healthcare Insurance,Yes,,2.5,
2024,H6378,Local CCP,AMERIHEALTH CARITAS FLORIDA INC,AmeriHealth Caritas VIP Care (HMO-D-SNP),"Independence Health Group, Inc.",Yes,,,
2024,H6379,Local CCP,"CLEAR SPRING HEALTH (CO), INC.",Clear Spring Health,Group 1001,Yes,,2.5,
2024,H6396,Local CCP,"CARESOURCE OHIO, INC.",CareSource,CareSource,Yes,4.5,4.0,4.5
2024,H6399,Local CCP,AETNA BETTER HEALTH INC. (NJ),Aetna Better Health of New Jersey,CVS Health Corporation,Yes,2.5,3.5,3.0
2024,H6408,Local CCP,MOUNT CARMEL HEALTH PLAN OF CONNECTICUT INC,Trinity Health Plan Of New England,Trinity Health Corporation,No,,,
2024,H6446,Local CCP,"SILVERSUMMIT HEALTHPLAN, INC.",Wellcare by Allwell,Centene Corporation,Yes,2.5,3.5,3.0
2024,H6453,Local CCP,"HMO LOUISIANA, INC.",Blue Cross and Blue Shield of Louisiana,Louisiana Health Service & Indemnity Company,Yes,4.5,4.0,4.5
2024,H6474,Local CCP,RENAL PAYER SOLUTIONS INC,Champion Health Plan,"Champion Health Plans-USA, LLC.",Yes,,,
2024,H6502,Local CCP,MISSOURI VALLEY LIFE AND HEALTH INSURANCE COMPANY,Blue Medicare Advantage,Blue Cross and Blue Shield of Kansas City,No,3.5,4.0,4.0
2024,H6526,Local CCP,"UNITEDHEALTHCARE OF NEW MEXICO, INC.",UnitedHealthcare,"UnitedHealth Group, Inc.",No,3.0,3.0,3.0
2024,H6529,Local CCP,"SOUTHEASTERN INDIANA HEALTH ORGANIZATION, INC.",MyTruAdvantage,"SIHO Holding, Inc.",No,,3.0,
2024,H6545,Local CCP,DEVOTED HEALTH INSURANCE COMPANY OF ILLINOIS INC,Devoted Health,"Devoted Health, Inc.",No,,,
2024,H6550,Local CCP,"SUNFLOWER STATE HEALTH PLAN, INC.",Wellcare by Allwell,Centene Corporation,Yes,3.0,3.0,3.0
2024,H6586,Local CCP,"DEVOTED HEALTH INSURANCE COMPANY OF ARIZONA, INC.",Devoted Health,"Devoted Health, Inc.",No,,,
2024,H6594,Local CCP,"WELLCARE HEALTH PLANS OF VERMONT, INC.",Wellcare,Centene Corporation,No,3.0,3.0,3.0
2024,H6595,Local CCP,"UNITEDHEALTHCARE OF WISCONSIN, INC.",UnitedHealthcare,"UnitedHealth Group, Inc.",Yes,4.0,4.0,4.0
2024,H6605,Local CCP,"WELLCARE HEALTH INSURANCE OF HAWAII, INC.",Wellcare by ‘Ohana Health Plan,Centene Corporation,No,2.0,3.0,2.0
2024,H6622,Local CCP,HUMANA WI HEALTH ORGANIZATION INSURANCE CORP,Humana,Humana Inc.,Yes,4.0,4.0,4.0
2024,H6652,Local CCP,"AMERICAN HEALTH PLAN OF FL, INC.",American Health Advantage of Florida,Mitchell Family Office,Yes,,,
2024,H6672,Local CCP,"CLEAR SPRING HEALTH (GA), INC.",Clear Spring Health,Group 1001,Yes,,,
2024,H6678,Local CCP,CENTENE VENTURE INSURANCE COMPANY TEXAS,Wellcare by Allwell,Centene Corporation,No,2.5,3.0,3.0
2024,H6706,Local CCP,"UnitedHealthcare Benefits of Texas, Inc.",UnitedHealthcare,"UnitedHealth Group, Inc.",No,,,
2024,H6713,Local CCP,"WELLCARE OF ILLINOIS, INC.",Wellcare,Centene Corporation,No,2.5,3.0,2.5
2024,H6723,Local CCP,MEDICAL MUTUAL OF OHIO,Medical Mutual of Ohio,MEDICAL MUTUAL OF OHIO,No,4.5,4.0,4.5
2024,H6727,Local CCP,PHP MEDICARE,PHP Medicare,University of Michigan Health,No,,,
2024,H6743,Local CCP,ATRIO HEALTH PLANS,ATRIO Health Plans,ATRIO Health Plans,No,3.0,3.0,3.0
2024,H6750,Local CCP,"HARVARD PILGRIM HEALTH CARE OF NEW ENGLAND, INC.","Harvard Pilgrim Health Care of New England, Inc.","Point32Health, Inc.",No,3.5,3.5,3.5
2024,H6765,Local CCP,AMERICAN HEALTH PLAN OF IOWA INC,Iowa Health Advantage,Mitchell Family Office,Yes,,,
2024,H6776,Local CCP,"ELDERSERVE HEALTH, INC.",RiverSpring Health Plans,RiverSpring Living Holding Corp.,Yes,,4.0,
2024,H6813,Local CCP,DEVOTED HEALTH INSURANCE COMPANY OF TEXAS INC,Devoted Health,"Devoted Health, Inc.",No,,,
2024,H6815,Local CCP,"HEALTH NET HEALTH PLAN OF OREGON, INC.",Wellcare by Health Net,Centene Corporation,No,3.0,3.0,3.0
2024,H6830,Local CCP,CENTENE VENTURE COMPANY KANSAS,Wellcare by Allwell,Centene Corporation,No,,4.0,
2024,H6832,Local CCP,"ALIGN SENIOR CARE MI, LLC",Align Senior Care,"Innovative Long Term Care Management, Inc.",Yes,,,
2024,H6847,Local CCP,"Mass General Brigham Health Plan, Inc.",Mass General Brigham Health Plan,Mass General Brigham Incorporated,No,,,
2024,H6851,Local CCP,"BOSTON MEDICAL CENTER HEALTH PLAN, INC.",WellSense Health Plan,"BMC Health System, Inc.",No,,,
2024,H6852,Local CCP,DEVOTED HEALTH PLAN OF PENNSYLVANIA INC,Devoted Health,"Devoted Health, Inc.",No,,,
2024,H6870,Demo,"SUPERIOR HEALTHPLAN, INC.",Superior HealthPlan,Centene Corporation,No,,,
2024,H6874,Local CCP,"ASPIRUS HEALTH PLAN, INC.",Aspirus Health Plan,"Aspirus, Inc.",No,,4.5,
2024,H6876,Local CCP,"ZING HEALTH OF MICHIGAN, INC.",Zing Health,"Zing Health Consolidator, Inc",Yes,,,
2024,H6891,Local CCP,"AMERICAN HEALTH PLAN OF TX, INC.",American Health Advantage of Texas,Mitchell Family Office,Yes,,2.5,
2024,H6898,Local CCP,"VERMONT BLUE ADVANTAGE, INC.",Vermont Blue Advantage,Blue Cross Blue Shield of Michigan Mutual Ins. Co.,No,3.5,4.0,3.5
2024,H6910,Local CCP,"MOUNT CARMEL HEALTH PLAN OF IDAHO, INC.",Saint Alphonsus Health Plan,Trinity Health Corporation,No,3.5,4.0,3.5
2024,H6959,Local CCP,"ISNP VENTURES, LLC",KeyCare Advantage,"ISNP Holdings, LLC",Yes,,4.0,
2024,H6975,Local CCP,"WELLCARE OF ALABAMA, INC.",Wellcare,Centene Corporation,Yes,2.5,2.5,2.5
2024,H6988,Local CCP,"CENTERS PLAN FOR HEALTHY LIVING, LLC",Centers Plan for Healthy Living,"Centers Plan for Healthy Living, LLC",Yes,3.5,4.0,4.0
2024,H7006,Local CCP,ATRIO HEALTH PLANS,ATRIO Health Plans,ATRIO Health Plans,No,3.0,3.5,3.0
2024,H7020,Local CCP,"CIGNA HEALTHCARE OF SOUTH CAROLINA, INC.",Cigna Healthcare,The Cigna Group,No,3.5,3.5,4.0
2024,H7028,Local CCP,DEVOTED HEALTH INSURANCE COMPANY OF SOUTH CAROLINA,Devoted Health,"Devoted Health, Inc.",No,,,
2024,H7063,Local CCP,"BLUECROSS BLUESHIELD KANSAS SOLUTIONS, INC.",Blue Cross and Blue Shield of Kansas,Blue Cross Blue Shield of Kansas,No,4.0,3.5,4.0
2024,H7074,Local CCP,"ALIGNMENT HEALTH PLAN OF NORTH CAROLINA, INC.",Alignment Health Plan,"Alignment Healthcare USA, LLC",No,,,
2024,H7093,Local CCP,COMMUNITY INSURANCE COMPANY,Anthem Blue Cross and Blue Shield,"Elevance Health, Inc.",No,3.5,3.0,3.0
2024,H7115,Local CCP,MEMORIAL HERMANN HEALTH PLAN,Memorial Hermann Health Plan,Memorial Hermann Health System,Yes,3.0,3.5,3.0
2024,H7123,Local CCP,"UPMC HEALTH COVERAGE, INC.",UPMC for Life Complete Care,UPMC Health System,Yes,3.5,3.5,3.5
2024,H7147,Local CCP,DEVOTED HEALTH PLAN OF COLORADO INC,Devoted Health,"Devoted Health, Inc.",Yes,,,
2024,H7149,Local CCP,AETNA HEALTH INC. (PA),Aetna Medicare,CVS Health Corporation,Yes,4.0,4.0,4.0
2024,H7151,Local CCP,"DEVOTED HEALTH PLAN OF ILLINOIS, INC.",Devoted Health,"Devoted Health, Inc.",No,3.5,4.0,3.5
2024,H7163,Local CCP,"PRIMEWELL HEALTH SERVICES OF MISSISSIPPI, INC.",Primewell Health Services,Louisiana Health Service & Indemnity Company,Yes,,2.5,
2024,H7165,Local CCP,BLUECROSS AND BLUESHIELD OF SOUTH CAROLINA,Blue Cross Blue Shield of South Carolina,BlueCross BlueShield of South Carolina (BCBSSC),No,,,
2024,H7169,Local CCP,"BUCKEYE HEALTH PLAN COMMUNITY SOLUTIONS, INC.",Wellcare,Centene Corporation,Yes,2.5,2.0,2.5
2024,H7172,Demo,AETNA BETTER HEALTH INC. (OH),"Aetna Better Health of Ohio, MyCare Ohio",CVS Health Corporation,No,,,
2024,H7175,Local CCP,"WELLCARE HEALTH INSURANCE OF NORTH CAROLINA, INC.",Wellcare,Centene Corporation,Yes,2.5,2.5,3.0
2024,H7199,Local CCP,DEVOTED HEALTH  PLAN OF OREGON,Devoted Health,"Devoted Health, Inc.",No,,,
2024,H7220,Local CCP,"INDIANA UNIVERSITY HEALTH PLANS NFP, INC.",Indiana University Health Plans,Indiana University Health,No,4.5,4.0,4.5
2024,H7245,Local CCP,PREMERA BLUE CROSS,Premera Blue Cross Medicare Advantage,Premera,No,3.0,4.0,3.5
2024,H7273,Local CCP,BANNER HEALTH INSURANCE GROUP,Banner Medicare Advantage,Banner Health,No,,,
2024,H7284,Local CCP,"HUMANA HEALTH INSURANCE COMPANY OF FLORIDA, INC.",Humana,Humana Inc.,Yes,4.5,3.5,4.0
2024,H7301,Local CCP,"COVENTRY HEALTH CARE OF ILLINOIS, INC.",Aetna Medicare,CVS Health Corporation,No,4.0,5.0,4.0
2024,H7323,Local CCP,WELLCARE NATIONAL HEALTH INSURANCE COMPANY,Wellcare,Centene Corporation,Yes,2.5,3.0,3.0
2024,H7326,Local CCP,"WELLCARE OF SOUTH CAROLINA, INC.",Wellcare,Centene Corporation,Yes,3.0,3.5,3.5
2024,H7330,Local CCP,"ZING HEALTH, INC.",Zing Health,"Zing Health Consolidator, Inc",Yes,2.0,3.0,2.5
2024,H7360,Local CCP,"HEALTH NET OF CALIFORNIA, INC.",Wellcare by Health Net,Centene Corporation,No,,3.0,
2024,H7379,Local CCP,"CAREFIRST ADVANTAGE PPO, INC.",CareFirst BlueCross BlueShield Medicare Advantage,"CareFirst, Inc.",No,3.5,3.5,3.5
2024,H7389,Local CCP,CIGNA HEALTH AND LIFE INSURANCE COMPANY,Cigna Healthcare,The Cigna Group,Yes,,2.5,
2024,H7399,Local CCP,CENTENE VENTURE COMPANY ILLINOIS,Wellcare by Allwell,Centene Corporation,No,2.5,3.0,3.0
2024,H7404,Local CCP,CARE IMPROVEMENT PLUS SOUTH CENTRAL INSURANCE CO.,UnitedHealthcare,"UnitedHealth Group, Inc.",No,3.5,4.0,3.5
2024,H7419,Demo,"TUFTS HEALTH PUBLIC PLANS, INC.",Tufts Health Plan,"Point32Health, Inc.",No,,,
2024,H7464,Local CCP,"UNITEDHEALTHCARE OF THE MID-ATLANTIC, INC.",UnitedHealthcare,"UnitedHealth Group, Inc.",Yes,3.0,3.5,3.5
2024,H7511,Local CCP,"GOOD SAMARITAN INSURANCE PLAN OF NEBRASKA, INC.",Great Plains Medicare Advantage,Sanford Health,Yes,,4.5,
2024,H7512,Local CCP,CENTENE VENTURE COMPANY MICHIGAN,Ascension Complete,Centene Corporation,No,2.5,3.0,3.0
2024,H7518,Local CCP,"WELLCARE OF MISSOURI HEALTH INSURANCE COMPANY, INC",Wellcare,Centene Corporation,Yes,2.5,3.5,3.0
2024,H7522,Local CCP,"MMM HEALTHCARE, LLC",Medicare y Mucho Mas,"Elevance Health, Inc.",No,4.0,5.0,4.0
2024,H7524,Local CCP,EXCELLUS HEALTH PLAN COMMUNITY CARE LLC,Excellus Health Plan Community Care LLC,"Lifetime Healthcare, Inc.",Yes,,,
2024,H7539,Demo,"ZING HEALTH, INC.",Zing Health,"Zing Health Consolidator, Inc",No,,,
2024,H7557,Local CCP,"LONGEVITY HEALTH PLAN OF MICHIGAN, INC.",Longevity Health Plan,"Longevity Health Founders, LLC",Yes,,2.5,
2024,H7559,Local CCP,"Molina Healthcare of Virginia, LLC",Molina Healthcare of Virginia,"Molina Healthcare, Inc.,",Yes,2.5,3.0,3.0
2024,H7598,Local CCP,GROUP HEALTH COOPERATIVE OF EAU CLAIRE,Group Health Cooperative of Eau Claire,Group Health Cooperative of Eau Claire,Yes,,,
2024,H7605,Local CCP,DEVOTED HEALTH PLAN OF TENNESSEE INC,Devoted Health,"Devoted Health, Inc.",Yes,,,
2024,H7607,Local CCP,"CLEVER CARE OF GOLDEN STATE, INC.",Clever Care Health Plan,"Clever Care Health Plan, Inc.",Yes,3.0,3.5,3.0
2024,H7617,Local CCP,EMPHESYS INSURANCE COMPANY,Humana,Humana Inc.,No,5.0,5.0,5.0
2024,H7621,Local CCP,"HUMANA HEALTH PLAN OF CALIFORNIA, INC.",Humana,Humana Inc.,No,3.5,3.5,3.5
2024,H7646,Local CCP,PHP MEDICARE,PHP Medicare,University of Michigan Health,No,4.5,4.0,4.5
2024,H7670,Local CCP,"CENTRAL MASS HEALTH, LLC",Mass Advantage,Central Mass Health Holding LLC,No,,,
2024,H7678,Local CCP,"MOLINA HEALTHCARE OF TEXAS, INC.","Molina Healthcare of Texas, Inc.","Molina Healthcare, Inc.,",Yes,3.0,2.5,2.5
2024,H7680,Local CCP,PROMINENCE HEALTHFIRST OF TEXAS,Prominence Health Plan,"Universal Health Services, Inc.",Yes,4.0,3.0,4.0
2024,H7746,Local CCP,"MDWISE, INC",MDwise Medicare,McLaren Health Care Corporation,No,,,
2024,H7778,Local CCP,"UNITEDHEALTHCARE OF ILLINOIS, INC.",UnitedHealthcare,"UnitedHealth Group, Inc.",Yes,,,
2024,H7779,Local CCP,"AMERICAN HEALTH PLAN, INC.",American Health Advantage of Tennessee,Mitchell Family Office,Yes,,3.0,
2024,H7787,Local CCP,"HEALTHSPRING LIFE & HEALTH INSURANCE COMPANY, INC.",Cigna Healthcare,The Cigna Group,No,3.5,3.0,3.0
2024,H7813,Local CCP,"ICIRCLE SERVICES OF THE FINGER LAKES, INC.","iCircle Services of the Finger Lakes, Inc","CDS Monarch, Inc.",Yes,,,
2024,H7833,Demo,"UNITEDHEALTHCARE COMMUNITY PLAN OF TEXAS, L.L.C.",UnitedHealthcare,"UnitedHealth Group, Inc.",No,,,
2024,H7844,Demo,"MOLINA HEALTHCARE OF MICHIGAN, INC.",Molina Healthcare of Michigan,"Molina Healthcare, Inc.,",No,,,
2024,H7849,Local CCP,CIGNA HEALTH AND LIFE INSURANCE COMPANY,Cigna Healthcare,The Cigna Group,No,3.0,3.0,3.0
2024,H7917,Local CCP,"BLUECROSS BLUESHIELD OF TENNESSEE, INC.",BlueCross BlueShield of Tennessee,BlueCross BlueShield of Tennessee,No,4.5,4.0,4.5
2024,H7925,Local CCP,"CENTENE VENTURE COMPANY INDIANA, INC.",Wellcare by Allwell,Centene Corporation,No,3.5,3.5,3.5
2024,H7993,Local CCP,"DEVOTED HEALTH PLAN OF TEXAS, INC.",Devoted Health,"Devoted Health, Inc.",Yes,4.5,4.0,4.5
2024,H8003,Local CCP,BLUECROSS AND BLUESHIELD OF SOUTH CAROLINA,Blue Cross Blue Shield of South Carolina,BlueCross BlueShield of South Carolina (BCBSSC),No,4.0,4.0,4.0
2024,H8010,Local CCP,CLOVER HMO OF NEW JERSEY INC.,Clover Health,"Clover Health Holdings, Inc.",No,3.0,2.5,3.0
2024,H8014,Local CCP,CLEAR SPRING HEALTH INSURANCE COMPANY,Clear Spring Health,Group 1001,No,,,
2024,H8019,Local CCP,MEDICA CENTRAL HEALTH PLAN,Medica,Medica Holding Company,No,5.0,3.5,4.5
2024,H8026,Demo,AETNA BETTER HEALTH OF MICHIGAN INC.,Aetna Better Health Premier Plan,CVS Health Corporation,No,,,
2024,H8046,Demo,"MOLINA HEALTHCARE OF ILLINOIS, INC.",Molina Healthcare of Illinois,"Molina Healthcare, Inc.,",No,,,
2024,H8064,Local CCP,FIRSTCAROLINACARE INSURANCE COMPANY,FirstMedicare Direct,The Carle Foundation,No,,4.5,
2024,H8067,Local CCP,"PROVIDER PARTNERS HEALTH PLAN, INC.",Provider Partners Health Plans,"Rifkin Managed Care Holding, LLC",Yes,,2.5,
2024,H8070,Local CCP,UCARE MINNESOTA,UCare,UCare Minnesota,No,,,
2024,H8093,Local CCP,"GEORGIA ASSURANCE, INC.",Georgia Health Advantage,Mitchell Family Office,Yes,4.0,4.0,4.0
2024,H8095,Local CCP,"WELLMARK ADVANTAGE HEALTH PLAN, INC.",Wellmark Advantage Health Plan,Blue Cross Blue Shield of Michigan Mutual Ins. Co.,No,,4.5,
2024,H8121,Local CCP,CENTENE VENTURE COMPANY TENNESSEE,Ascension Complete,Centene Corporation,No,,4.0,
2024,H8133,Local CCP,GHS INSURANCE COMPANY,Blue Cross and Blue Shield of Texas,Health Care Service Corporation,No,3.5,3.0,3.5
2024,H8142,Local CCP,SCOTT AND WHITE HEALTH PLAN,Baylor Scott & White Health Plan,Baylor Scott & White Holdings,No,4.0,3.5,4.0
2024,H8145,PFFS,HUMANA INSURANCE COMPANY,Humana,Humana Inc.,No,3.5,4.5,4.0
2024,H8166,Local CCP,"HIGHMARK BCBSD, INC.",Highmark Blue Cross Blue Shield,Highmark Health,No,4.0,4.0,4.0
2024,H8173,Local CCP,"DEVOTED HEALTH PLAN OF ARIZONA, INC.",Devoted Health,"Devoted Health, Inc.",Yes,3.5,4.0,4.0
2024,H8176,Local CCP,"MOLINA HEALTHCARE OF SOUTH CAROLINA,INC",Molina Healthcare of South Carolina,"Molina Healthcare, Inc.,",Yes,3.5,3.0,3.5
2024,H8181,Local CCP,"SAPPHIRE EDGE, INC.",Blue Cross and Blue Shield of Nebraska,Blue Cross Blue Shield of Nebraska,No,4.0,3.5,4.0
2024,H8189,Local CCP,MANAGED HEALTH SERVICES INSURANCE CORP.,Wellcare by Allwell,Centene Corporation,Yes,3.0,3.5,3.5
2024,H8197,Demo,"MOLINA HEALTHCARE OF TEXAS, INC.",Molina Healthcare of Texas,"Molina Healthcare, Inc.,",No,,,
2024,H8211,Local CCP,CARE IMPROVEMENT PLUS SOUTH CENTRAL INSURANCE CO.,UnitedHealthcare,"UnitedHealth Group, Inc.",No,3.5,3.5,3.5
2024,H8213,Demo,"SELECT HEALTH OF SOUTH CAROLINA, INC.",FIRST CHOICE VIP CARE PLUS,"Independence Health Group, Inc.",No,,,
2024,H8225,Local CCP,CENTENE VENTURE COMPANY FLORIDA,Wellcare by Allwell,Centene Corporation,No,2.5,2.5,2.5
2024,H8244,Local CCP,"ALIGNMENT HEALTH PLAN OF NEVADA, INC.",Alignment Health Plan,"Alignment Healthcare USA, LLC",No,,,
2024,H8293,Local CCP,"CLEAR SPRING HEALTH (VA), INC.",Clear Spring Health,Group 1001,Yes,,2.5,
2024,H8298,Local CCP,"HORIZON HEALTHCARE OF NEW JERSEY, INC.",Horizon Blue Cross Blue Shield of New Jersey,"Horizon Mutual Holdings, Inc",Yes,3.5,4.0,3.5
2024,H8330,Local CCP,TUFTS ASSOCIATED HEALTH MAINTENANCE ORGANIZATION,Tufts Health Plan,"Point32Health, Inc.",Yes,4.0,5.0,4.5
2024,H8332,Local CCP,"AETNA BETTER HEALTH OF KANSAS, INC.",Aetna Medicare,CVS Health Corporation,No,3.0,3.0,3.0
2024,H8379,Local CCP,"PRIORITY HEALTH CHOICE, INC.",Priority Health Medicare,Corewell Health,Yes,4.5,3.5,4.5
2024,H8385,Local CCP,SANFORD HEALTH PLAN,Sanford Health Plan,Sanford Health,No,5.0,4.0,4.5
2024,H8390,Local CCP,CARESOURCE GEORGIA CO.,CareSource,CareSource,Yes,,,
2024,H8426,Local CCP,MOLINA HEALTHCARE OF NEBRASKA INC,Molina Healthcare of Nebraska,"Molina Healthcare, Inc.,",Yes,,,
2024,H8432,Local CCP,"EMPIRE HEALTHCHOICE HMO, INC.",Empire BlueCross BlueShield,"Elevance Health, Inc.",Yes,3.0,3.0,3.0
2024,H8452,Demo,"CARESOURCE OHIO, INC.",CareSource MyCare Ohio,CareSource,No,,,
2024,H8457,Local CCP,"LONGEVITY HEALTH PLAN OF NEW YORK, INC.",Longevity Health Plan,"Longevity Health Founders, LLC",Yes,,3.0,
2024,H8458,Local CCP,"SILVERSUMMIT HEALTHPLAN, INC.",Wellcare by Allwell,Centene Corporation,No,,3.5,
2024,H8492,Local CCP,DIGNITY CARE CORPORATION,Dignity Health Plan,CommCare Corporation,Yes,,2.5,
2024,H8547,Local CCP,ILLINOIS BLUE CROSS BLUE SHIELD INSURANCE COMPANY,Blue Cross and Blue Shield of Illinois,Health Care Service Corporation,No,,3.0,
2024,H8552,Local CCP,ANTHEM BLUE CROSS LIFE AND HEALTH INS COMPANY,Anthem Blue Cross Life and Health Insurance Co.,"Elevance Health, Inc.",Yes,2.5,2.5,2.5
2024,H8553,Local CCP,"WELLCARE HEALTH INSURANCE OF THE SOUTHWEST, INC.",Wellcare,Centene Corporation,No,2.0,3.0,2.5
2024,H8554,Local CCP,GHS INSURANCE COMPANY,"Blue Cross and Blue Shield of OK, TX",Health Care Service Corporation,Yes,3.5,3.0,3.5
2024,H8578,Local CCP,"HEALTH NEW ENGLAND, INC.",Health New England Medicare Advantage Plans,"Baystate Health, Inc.",No,3.5,4.0,3.5
2024,H8597,Local CCP,AETNA BETTER HEALTH OF TEXAS INC.,Aetna Medicare,CVS Health Corporation,Yes,3.5,3.5,4.0
2024,H8604,Local CCP,THP INSURANCE COMPANY,The Health Plan,"The Health Plan of West Virginia, Inc.",No,4.5,3.5,4.0
2024,H8634,Local CCP,HEALTH CARE SERVICE CORPORATION,"Blue Cross and Blue Shield of IL, NM",Health Care Service Corporation,Yes,3.0,3.5,3.0
2024,H8649,Local CCP,AETNA HEALTH OF UTAH INC,Aetna Medicare,CVS Health Corporation,Yes,3.5,3.5,3.5
2024,H8711,Local CCP,WELLCARE HEALTH INSURANCE COMPANY OF NEW JERSEY,Wellcare,Centene Corporation,No,2.5,3.0,3.0
2024,H8764,Local CCP,ASPIRE HEALTH PLAN,Aspire Health,Montage Health,No,3.5,3.0,3.5
2024,H8768,Local CCP,CARE IMPROVEMENT PLUS SOUTH CENTRAL INSURANCE CO.,UnitedHealthcare,"UnitedHealth Group, Inc.",No,3.5,4.0,4.0
2024,H8783,Local CCP,"UCARE HEALTH, INC.",UCare,UCare Minnesota,No,4.0,4.5,4.5
2024,H8786,Demo,"AMERIGROUP TEXAS, INC.",Amerigroup STAR+PLUS MMP,"Elevance Health, Inc.",No,,,
2024,H8794,Local CCP,"KAISER FOUNDATION HP, INC.",Kaiser Permanente,"Kaiser Foundation Health Plan, Inc.",Yes,,,
2024,H8797,Local CCP,"PERENNIAL ADVANTAGE OF OHIO, INC.",Perennial Advantage,"Perennial Consortium, LLC",Yes,,3.5,
2024,H8845,Local CCP,"MOLINA HEALTHCARE OF ARIZONA, INC.",Molina Healthcare of Arizona,"Molina Healthcare, Inc.,",Yes,,,
2024,H8849,Local CCP,AMERIGROUP INSURANCE COMPANY,Amerigroup,"Elevance Health, Inc.",Yes,3.0,3.0,3.0
2024,H8854,Local CCP,"CareFirst Advantage DSNP, Inc.",CareFirst BlueCross BlueShield Medicare Advantage,"CareFirst, Inc.",Yes,3.5,3.0,3.5
2024,H8889,Local CCP,MEDICA HEALTH PLANS,Medica,Medica Holding Company,No,4.0,4.5,4.0
2024,H8894,Local CCP,Inland Empire Health Plan,IEHP DualChoice,INLAND EMPIRE HEALTH PLAN,Yes,,,
2024,H8902,Local CCP,"SCAN HEALTH PLAN TEXAS, INC.",SCAN Health Plan,SCAN Group,Yes,,,
2024,H8908,Local CCP,"HUMANA MEDICAL PLAN OF MICHIGAN, INC.",Humana,Humana Inc.,Yes,3.5,3.5,3.5
2024,H8928,Local CCP,FALLON COMMUNITY HEALTH PLAN,Fallon Health,"Fallon Community Health Plan, Inc.",Yes,4.0,4.5,4.0
2024,H8947,Local CCP,PEAK HEALTH INSURANCE CORPORATION,Peak Health,"West Virginia United Health System, Inc.",No,,,
2024,H8967,Local CCP,SANFORD HEALTH PLAN,Great Plains Medicare Advantage,Sanford Health,Yes,,4.0,
2024,H8998,Local CCP,MOUNT CARMEL HEALTH PLAN OF CONNECTICUT INC,Trinity Health Plan Of New England,Trinity Health Corporation,No,,,
2024,H9001,Local CCP,FALLON COMMUNITY HEALTH PLAN,Fallon Health,"Fallon Community Health Plan, Inc.",No,4.5,4.0,4.5
2024,H9003,Local CCP,KAISER FOUNDATION HP OF THE N W,Kaiser Permanente,"Kaiser Foundation Health Plan, Inc.",No,3.0,4.0,3.5
2024,H9042,Local CCP,"SOUTHEASTERN INDIANA HEALTH ORGANIZATION, INC.",MyTruAdvantage,"SIHO Holding, Inc.",No,,4.0,
2024,H9047,Local CCP,PROVIDENCE HEALTH ASSURANCE,Providence Medicare Advantage Plans,Providence St Joseph Health,Yes,3.5,3.5,3.5
2024,H9065,Local CCP,"AMH HEALTH, LLC",AMH Health,"Elevance Health, Inc.",Yes,3.5,4.5,3.5
2024,H9066,Local CCP,VISITING NURSE ASSOCIATION OF CENTRAL NEW YORK,Nascentia Health Plus,VISITING NURSE ASSOCIATION OF CENTRAL NEW YORK,Yes,,,
2024,H9096,Local CCP,"DEAN HEALTH PLAN, INC.",Dean Advantage,Medica Holding Company,No,4.5,4.0,4.5
2024,H9104,Local CCP,SCAN HEALTH PLAN,SCAN Health Plan,SCAN Group,Yes,,,
2024,H9147,Local CCP,BLUE CROSS AND BLUE SHIELD OF NC SENIOR HEALTH,Blue Cross and Blue Shield of North Carolina,Blue Cross and Blue Shield of North Carolina,Yes,2.5,2.5,2.5
2024,H9153,Local CCP,"WEST VIRGINIA SENIOR ADVANTAGE, INC.",West Virginia Senior Advantage,"SNP Holdings, LLC",Yes,5.0,4.5,5.0
2024,H9179,Local CCP,TRINITY HEALTH PLAN OF MICHIGAN INC,Trinity Health Plan of Michigan,Trinity Health Corporation,No,,,
2024,H9191,Local CCP,"PROVIDER PARTNERS HEALTH PLAN OF MISSOURI, INC.",Provider Partners Health Plans,"Rifkin Managed Care Holding, LLC",Yes,3.5,4.0,3.5
2024,H9207,Local CCP,"HEALTH PARTNERS PLANS, INC.",Jefferson Health Plans,Thomas Jefferson University,Yes,4.0,3.5,3.5
2024,H9219,Local CCP,"AMH HEALTH PLANS OF MAINE, INC.",AMH Health,"Elevance Health, Inc.",No,4.0,3.5,3.5
2024,H9231,Local CCP,DEVOTED HEALTH INSURANCE COMPANY OF TENNESSEE INC,Devoted Health,"Devoted Health, Inc.",No,,,
2024,H9239,Demo,UNITEDHEALTHCARE INSURANCE COMPANY,UnitedHealthcare,"UnitedHealth Group, Inc.",No,,,
2024,H9258,Local CCP,"WELLCARE HEALTH PLANS OF RHODE ISLAND, INC.",Wellcare,Centene Corporation,No,,4.0,
2024,H9276,Local CCP,"SUNSHINE HEALTH COMMUNITY SOLUTIONS, INC.",Allwell,Centene Corporation,No,,,
2024,H9306,Local CCP,"ALTERWOOD ADVANTAGE, INC.",Alterwood Advantage,"Alterwood Health, Inc.",Yes,2.5,3.0,2.5
2024,H9335,Local CCP,"WELLCARE HEALTH PLANS OF MISSOURI, INC.",Wellcare,Centene Corporation,Yes,3.0,3.5,3.0
2024,H9357,Local CCP,CENTENE VENTURE INSURANCE COMPANY TEXAS,Wellcare by Allwell,Centene Corporation,No,2.0,3.0,2.5
2024,H9364,Local CCP,"WELLCARE OF MAINE, INC.",Wellcare,Centene Corporation,Yes,3.5,4.0,3.5
2024,H9387,Local CCP,"SUNFLOWER STATE HEALTH PLAN, INC.",Wellcare by Allwell,Centene Corporation,Yes,2.5,2.5,2.5
2024,H9403,Local CCP,"CLEAR SPRING HEALTH (SC), INC.",Clear Spring Health,Group 1001,Yes,,,
2024,H9412,Local CCP,"GEISINGER QUALITY OPTIONS, INC.",Geisinger Gold,Geisinger Health,No,,,
2024,H9414,Local CCP,"Commonwealth Care Alliance Massachusetts, LLC.",Commonwealth Care Alliance Massachusetts,"Commonwealth Care Alliance, Inc.",No,,2.0,
2024,H9428,Local CCP,"WELLCARE HEALTH INSURANCE OF TENNESSEE, INC.",Wellcare,Centene Corporation,No,2.0,2.5,2.5
2024,H9431,Local CCP,FIRST HEALTH LIFE & HEALTH INSURANCE COMPANY,Aetna Medicare,CVS Health Corporation,No,3.0,3.5,3.0
2024,H9460,Local CCP,"CIGNA HEALTHCARE OF ST LOUIS, INC.",Cigna Healthcare,The Cigna Group,No,3.5,3.0,3.5
2024,H9469,Local CCP,UNICARE LIFE AND HEALTH INSURANCE COMPANY,Simply Healthcare,"Elevance Health, Inc.",No,,,
2024,H9485,Local CCP,"Mass General Brigham Health Plan, Inc.",Mass General Brigham Health Plan,Mass General Brigham Incorporated,No,,,
2024,H9489,Local CCP,"VERMONT BLUE ADVANTAGE, INC.",Vermont Blue Advantage,Blue Cross Blue Shield of Michigan Mutual Ins. Co.,No,,5.0,
2024,H9525,Local CCP,COMPCARE HEALTH SERVICES INSURANCE CORPORATION,Anthem Blue Cross and Blue Shield,"Elevance Health, Inc.",Yes,4.0,4.0,4.0
2024,H9545,Local CCP,MOLINA HEALTHCARE OF INDIANA INC,Molina Healthcare of Indiana,"Molina Healthcare, Inc.,",Yes,,,
2024,H9572,Local CCP,BCBS OF MICHIGAN MUTUAL INSURANCE COMPANY,Blue Cross Blue Shield of Michigan,Blue Cross Blue Shield of Michigan Mutual Ins. Co.,No,4.0,4.0,4.0
2024,H9576,Demo,NEIGHBORHOOD HEALTH PLAN OF RHODE ISLAND,NEIGHBORHOOD HEALTH PLAN OF RHODE ISLAND,NEIGHBORHOOD HEALTH PLAN OF RHODE ISLAND,No,,,
2024,H9585,Local CCP,"BOSTON MEDICAL CENTER HEALTH PLAN, INC.",WellSense Health Plan,"BMC Health System, Inc.",Yes,3.5,4.5,4.0
2024,H9589,Local CCP,"CLEAR SPRING HEALTH (GA), INC.",Clear Spring Health,Group 1001,No,,,
2024,H9590,Local CCP,"LONGEVITY HEALTH PLAN OF ILLINOIS, INC.",Longevity Health,"Longevity Health Founders, LLC",Yes,,3.5,
2024,H9614,Local CCP,"ALIGNMENT HEALTH INSURANCE COMPANY OF ARIZONA, INC",Alignment Health Plan,"Alignment Healthcare USA, LLC",No,,,
2024,H9615,Local CCP,"MVP HEALTH PLAN, INC.",MVP HEALTH CARE,"MVP Health Care, Inc.",No,3.5,4.0,3.5
2024,H9630,Local CCP,"ARKANSAS HEALTH AND WELLNESS HEALTH PLAN, INC",Wellcare by Allwell,Centene Corporation,Yes,3.5,3.0,3.5
2024,H9656,Local CCP,"BLUE CROSS OF IDAHO CARE PLUS, INC.",Blue Cross of Idaho,"Blue Cross of Idaho Health Service, Inc.",Yes,,,
2024,H9662,Local CCP,"CIGNA HEALTHCARE OF CALIFORNIA, INC.",Cigna,The Cigna Group,No,,,
2024,H9678,Local CCP,"HEALTHFIRST INSURANCE COMPANY, INC.",Healthfirst Medicare Plan,"Healthfirst, Inc.",No,,,
2024,H9686,Local CCP,"ALIGNMENT HEALTH PLAN OF NEVADA, INC.",Alignment Health Plan,"Alignment Healthcare USA, LLC",Yes,3.5,4.0,3.5
2024,H9690,Local CCP,AMERICAN HEALTH PLAN OF INDIANA INC,American Health Advantage of Indiana,Mitchell Family Office,Yes,,,
2024,H9699,Local CCP,"HMO PARTNERS, INC.",Arkansas Blue Medicare,USAble Mutual Insurance Company,No,4.0,4.0,4.0
2024,H9706,Local CCP,HCSC INSURANCE SERVICES COMPANY,Blue Cross and Blue Shield of Texas,Health Care Service Corporation,Yes,3.0,3.0,3.0
2024,H9712,Demo,"HAP EMPOWERED HEALTH PLAN, INC.",HAP Empowered MI Health Link,Henry Ford Health System,No,,,
2024,H9725,Local CCP,"CIGNA HEALTHCARE OF NORTH CAROLINA, INC.",Cigna Healthcare,The Cigna Group,Yes,4.5,4.0,4.5
2024,H9730,Local CCP,"WELLCARE HEALTH INSURANCE COMPANY OF KENTUCKY, INC",Wellcare,Centene Corporation,Yes,3.5,3.5,3.5
2024,H9761,Local CCP,"WELLCARE HEALTH PLANS OF MASSACHUSETTS, INC.",Wellcare,Centene Corporation,No,2.5,2.5,2.5
2024,H9763,Local CCP,"OCHSNER HEALTH PLAN, INC.",Ochsner Health Plan,Ochsner Clinic Foundation,No,4.5,3.5,4.0
2024,H9808,Local CCP,CARE N' CARE INSURANCE COMPANY OF NORTH CAROLINA,CARE N'' CARE INSURANCE COMPANY OF NORTH CAROLINA,"HTA Holdings, LLC",No,4.5,3.5,4.0
2024,H9811,Local CCP,"MAGNOLIA HEALTH PLAN, INC.",Wellcare by Allwell,Centene Corporation,No,2.5,3.0,3.0
2024,H9826,Local CCP,"COMMUNITY HEALTH CHOICE TEXAS, INC.",Community Health Choice,Harris County Hospital District,Yes,,2.5,
2024,H9827,Local CCP,"MOUNT CARMEL HEALTH PLAN OF NEW YORK, INC.",MediGold,Trinity Health Corporation,No,,3.5,
2024,H9834,Local CCP,QUARTZ HEALTH PLAN MN CORPORATION,Quartz Medicare Advantage,University of Wisconsin Hospitals and Clincs Autho,No,5.0,4.5,5.0
2024,H9861,Local CCP,"CCA HEALTH MICHIGAN, INC.",CCA Health Michigan,"Commonwealth Care Alliance, Inc.",Yes,,2.5,
2024,H9869,Demo,"PARTNERS HEALTH PLAN, INC.",Partners Health Plan,"PHSI, Inc.",No,,,
2024,H9876,Local CCP,"Commonwealth Care Alliance Rhode Island, LLC",CCA Health Rhode Island,"Commonwealth Care Alliance, Inc.",No,,,
2024,H9884,Local CCP,DEVOTED HEALTH INSURANCE COMPANY,Devoted Health,"Devoted Health, Inc.",No,,5.0,
2024,H9888,Local CCP,DEVOTED HEALTH INSURANCE COMPANY OF ALABAMA INC,Devoted Health,"Devoted Health, Inc.",No,,,
2024,H9900,Local CCP,"WELLCARE OF OKLAHOMA, INC.",Wellcare,Centene Corporation,Yes,2.0,2.0,2.0
2024,H9904,Local CCP,"CENTRAL MASS HEALTH, LLC",Mass Advantage,Central Mass Health Holding LLC,No,,4.0,
2024,H9907,Local CCP,TUFTS ASSOCIATED HEALTH MAINTENANCE ORGANIZATION,Tufts Health Plan,"Point32Health, Inc.",No,,,
2024,H9909,Local CCP,"AMERICAN HEALTH PLAN OF MS, INC.",American Health Advantage of MS,Mitchell Family Office,Yes,,3.5,
2024,H9917,Local CCP,"ALIGN SENIOR CARE FLORIDA, INC.",Align Senior Care,"Innovative Long Term Care Management, Inc.",Yes,,,
2024,H9940,Local CCP,LONGEVITY HEALTH PLAN OF MASSACHUSETTS INC,Longevity Health Plan of Massachusetts,"Longevity Health Founders, LLC",Yes,,,
2024,H9942,Local CCP,LONGEVITY HEALTH PLAN OF NEW JERSEY INSURANCE COMP,Longevity Health Plan,"Longevity Health Founders, LLC",Yes,3.5,4.0,3.5
2024,H9943,Local CCP,ALIGNMENT HEALTH PLAN OF FLORIDA INC,Alignment Health Plan,"Alignment Healthcare USA, LLC",Yes,,,
2024,H9946,Local CCP,"SHARED HEALTH MISSISSIPPI, INC.",Shared Health Dual Freedom,BlueCross BlueShield of Tennessee,Yes,,,
2024,H9952,Local CCP,MEDICA HEALTH PLANS,Medica,Medica Holding Company,Yes,4.0,3.5,3.5
2024,H9955,Local CCP,"MOLINA HEALTHCARE OF OHIO, INC.",Molina Healthcare of Ohio,"Molina Healthcare, Inc.,",Yes,3.5,3.0,3.0
2024,H9976,Local CCP,"WESTERN SKY COMMUNITY CARE, INC.",Wellcare by Allwell,Centene Corporation,No,2.0,2.5,2.0
2024,H9986,Local CCP,"HPMP OF FLORIDA, INC.",Florida Complete Care,"Independent Living Systems, LLC",Yes,,4.0,
2024,R0110,Regional CCP,HUMANA INSURANCE COMPANY,Humana,Humana Inc.,No,4.5,4.0,4.5
2024,R0759,Regional CCP,CARE IMPROVEMENT PLUS SOUTH CENTRAL INSURANCE CO.,UnitedHealthcare,"UnitedHealth Group, Inc.",Yes,3.5,4.5,4.0
2024,R0865,Regional CCP,HUMANA INSURANCE COMPANY,Humana,Humana Inc.,No,4.5,3.5,4.0
2024,R0923,Regional CCP,HUMANA INSURANCE COMPANY,Humana,Humana Inc.,No,4.0,4.0,4.0
2024,R1390,Regional CCP,HUMANA INSURANCE COMPANY,Humana,Humana Inc.,No,3.5,3.5,3.5
2024,R1532,Regional CCP,HUMANA INSURANCE COMPANY,Humana,Humana Inc.,No,3.5,3.0,3.0
2024,R2604,Regional CCP,CARE IMPROVEMENT PLUS SOUTH CENTRAL INSURANCE CO.,UnitedHealthcare,"UnitedHealth Group, Inc.",Yes,4.0,3.0,4.0
2024,R3175,Regional CCP,UNITEDHEALTHCARE INSURANCE COMPANY,UnitedHealthcare,"UnitedHealth Group, Inc.",Yes,2.5,3.5,3.0
2024,R3332,Regional CCP,"BLUE CROSS AND BLUE SHIELD OF FLORIDA, INC.",Florida Blue,Guidewell Mutual Holding Corporation,No,4.0,3.5,3.5
2024,R3392,Regional CCP,HUMANA INSURANCE COMPANY,Humana,Humana Inc.,No,4.0,3.5,4.0
2024,R3444,Regional CCP,CARE IMPROVEMENT PLUS SOUTH CENTRAL INSURANCE CO.,UnitedHealthcare,"UnitedHealth Group, Inc.",Yes,3.5,3.0,3.5
2024,R3887,Regional CCP,HUMANA INSURANCE COMPANY,Humana,Humana Inc.,No,4.0,4.0,4.0
2024,R4182,Regional CCP,HUMANA INSURANCE COMPANY,Humana,Humana Inc.,No,3.5,3.5,3.5
2024,R4487,Regional CCP,"ANTHEM INSURANCE COMPANIES, INC.",Anthem Blue Cross and Blue Shield,"Elevance Health, Inc.",No,4.0,4.0,4.0
2024,R4845,Regional CCP,HUMANA INSURANCE COMPANY,Humana,Humana Inc.,No,3.5,2.5,3.0
2024,R5329,Regional CCP,CARE IMPROVEMENT PLUS SOUTH CENTRAL INSURANCE CO.,UnitedHealthcare,"UnitedHealth Group, Inc.",No,3.5,3.5,3.5
2024,R5342,Regional CCP,CARE IMPROVEMENT PLUS SOUTH CENTRAL INSURANCE CO.,UnitedHealthcare,"UnitedHealth Group, Inc.",No,3.0,4.0,3.5
2024,R5361,Regional CCP,HUMANA INSURANCE COMPANY,Humana,Humana Inc.,No,4.0,3.5,4.0
2024,R5495,Regional CCP,HUMANA INSURANCE COMPANY,Humana,Humana Inc.,No,4.0,3.5,4.0
2024,R5826,Regional CCP,HUMANA INSURANCE COMPANY,Humana,Humana Inc.,No,3.5,4.0,3.5
2024,R5941,Regional CCP,"ANTHEM INSURANCE COMPANIES, INC.",Anthem Blue Cross and Blue Shield,"Elevance Health, Inc.",No,3.5,4.0,3.5
2024,R6694,Regional CCP,AETNA LIFE INSURANCE COMPANY,Aetna Medicare,CVS Health Corporation,No,4.0,4.0,4.0
2024,R6801,Regional CCP,CARE IMPROVEMENT PLUS SOUTH CENTRAL INSURANCE CO.,UnitedHealthcare,"UnitedHealth Group, Inc.",Yes,3.5,3.5,3.5
2024,R7220,Regional CCP,HUMANA INSURANCE COMPANY,Humana,Humana Inc.,No,3.5,3.0,3.0
2024,R7315,Regional CCP,HUMANA INSURANCE COMPANY,Humana,Humana Inc.,No,3.5,3.5,3.5
2024,R7444,Regional CCP,CARE IMPROVEMENT PLUS SOUTH CENTRAL INSURANCE CO.,UnitedHealthcare,"UnitedHealth Group, Inc.",No,3.5,3.5,3.5
2024,S0156,PDP,NEXTBLUE OF NORTH DAKOTA INSURANCE COMPANY,NextBlue of North Dakota,Blue Cross Blue Shield of Michigan Mutual Ins. Co.,No,,,
2024,S0586,PDP,"MVP HEALTH PLAN, INC.",MVP Health Care,"MVP Health Care, Inc.",No,,,
2024,S0655,PDP,TUFTS INSURANCE COMPANY,Tufts Health Plan,"Point32Health, Inc.",No,,4.0,
2024,S1030,PDP,BCBS OF ALABAMA & UTIC INSURANCE COMPANY,BlueRx (PDP),BlueCross BlueShield of Alabama,No,,3.0,
2024,S1140,PDP,Highmark Western and Northeastern New York Inc.,Highmark Blue Cross Blue Shield or Highmark Blue S,Highmark Health,No,,4.5,
2024,S1822,PDP,"HEALTHPARTNERS, INC.",HealthPartners,"HealthPartners, Inc.",No,,5.0,
2024,S2135,PDP,BLUE CROSS BLUE SHIELD ASSOCIATION,Blue Cross Blue Shield Association,"BlueCross BlueShield Association, Federal Employee",No,,,
2024,S2465,PDP,OPTIMA HEALTH PLAN,Optima Medicare,Sentara Health Care (SHC),No,,,
2024,S2468,PDP,CALIFORNIA PHYSICIANS' SERVICE,Blue Shield of California,California Physicians' Service,No,,4.0,
2024,S2668,PDP,MEMBERS HEALTH INSURANCE COMPANY,Farm Bureau Health Plans,Tennessee Rural Health Improvement Association,No,,2.0,
2024,S2874,PDP,"HUMANA INSURANCE OF PUERTO RICO, INC.",Humana,Humana Inc.,No,,2.5,
2024,S2893,PDP,ANTHEM INSURANCE CO. & BCBSMA & BCBSRI & BCBSVT,Blue MedicareRx,"Elevance Health, Inc. & BCBSMA & BCBSRI & BCBSVT",No,,4.0,
2024,S3285,PDP,MG INSURANCE COMPANY,MG Insurance Company,"MedImpact Holdings, Inc.",No,,3.5,
2024,S3389,PDP,"UPMC HEALTH BENEFITS, INC.",UPMC Health Plan,UPMC Health System,No,,4.0,
2024,S3521,PDP,"EXCELLUS HEALTH PLAN, INC.","Excellus Health Plan, Inc","Lifetime Healthcare, Inc.",No,,4.5,
2024,S3875,PDP,GRANITE ALLIANCE INSURANCE COMPANY,Granite Alliance,"Prime Therapeutics, LLC.",No,,,
2024,S3994,PDP,HAWAII MEDICAL SERVICE ASSOCIATION (HMSA),HMSAs Medicare Rx Plan,Hawaii Medical Service Association,No,,,
2024,S4219,PDP,HEALTH ALLIANCE MEDICAL PLANS,Health Alliance Medicare Prescription Plan,The Carle Foundation,No,,3.0,
2024,S4501,PDP,INDEPENDENT HEALTH BENEFITS CORPORATION,Pharmacy Benefit Dimensions PDP,"Independent Health Association, Inc.",No,,5.0,
2024,S4802,PDP,"WELLCARE PRESCRIPTION INSURANCE, INC.",Wellcare,Centene Corporation,No,,4.0,
2024,S5450,PDP,"SECURITYCARE OF TENNESSEE, INC.",BlueScripts,BlueCross BlueShield of Tennessee,No,,,
2024,S5540,PDP,BLUE CROSS AND BLUE SHIELD OF NORTH CAROLINA,Blue Cross and Blue Shield of North Carolina,Blue Cross and Blue Shield of North Carolina,No,,3.5,
2024,S5552,PDP,HUMANA INSURANCE COMPANY OF NEW YORK,Humana,Humana Inc.,No,,3.0,
2024,S5584,PDP,BCBS OF MICHIGAN MUTUAL INSURANCE COMPANY,Blue Cross Blue Shield of Michigan,Blue Cross Blue Shield of Michigan Mutual Ins. Co.,No,,4.5,
2024,S5588,PDP,PARAMOUNT INSURANCE COMPANY,Paramount Prescription Drug Plan,"Promedica Health System, Inc.",No,,,
2024,S5593,PDP,HM HEALTH INSURANCE COMPANY,Highmark Blue Shield,Highmark Health,No,,4.0,
2024,S5596,PDP,"ANTHEM INSURANCE COMPANIES, INC.",Anthem / Anthem or Blue KC in Missouri,"Elevance Health, Inc.",No,,3.0,
2024,S5601,PDP,SILVERSCRIPT INSURANCE COMPANY,Aetna Medicare,CVS Health Corporation,No,,3.0,
2024,S5609,PDP,ASURIS NORTHWEST HEALTH,Asuris Northwest Health,"Cambia Health Solutions, Inc.",No,,3.5,
2024,S5617,PDP,CIGNA HEALTH AND LIFE INSURANCE COMPANY,Cigna,The Cigna Group,No,,3.0,
2024,S5660,PDP,MEDCO CONTAINMENT LIFE AND MEDCO CONTAINMENT NY,Express Scripts Medicare,The Cigna Group,No,,3.0,
2024,S5715,PDP,HCSC INSURANCE SERVICES COMPANY,"Blue Cross and Blue Shield of IL, NM, OK, TX",Health Care Service Corporation,No,,3.5,
2024,S5726,PDP,BLUE CROSS AND BLUE SHIELD OF KANSAS,Blue Cross and Blue Shield of Kansas or Blue KC,Blue Cross Blue Shield of Kansas,No,,4.0,
2024,S5743,PDP,"WELLMARK  IA & SD, & BCBS MN, MT, NE, ND,& WY",MedicareBlue Rx,"BCBS MN, MT, NE, ND, WY, Wellmark IA and SD",No,,4.0,
2024,S5795,PDP,USABLE MUTUAL INSURANCE COMPANY,Arkansas Blue Medicare,USAble Mutual Insurance Company,No,,3.5,
2024,S5805,PDP,UNITEDHEALTHCARE INSURANCE COMPANY OF NEW YORK,UnitedHealthcare,"UnitedHealth Group, Inc.",No,,3.0,
2024,S5820,PDP,UNITEDHEALTHCARE INSURANCE COMPANY,UnitedHealthcare,"UnitedHealth Group, Inc.",No,,3.5,
2024,S5857,PDP,PRIORITY HEALTH INSURANCE COMPANY,Priority Health Medicare,Corewell Health,No,,,
2024,S5877,PDP,EDUCATORS MUTUAL INSURANCE ASSOCIATION,EMI Health,Educators Mutual Insurance Association,No,,4.0,
2024,S5884,PDP,HUMANA INSURANCE COMPANY,Humana,Humana Inc.,No,,3.5,
2024,S5904,PDP,"BLUE CROSS AND BLUE SHIELD OF FLORIDA, INC.",Florida Blue,Guidewell Mutual Holding Corporation,No,,3.0,
2024,S5916,PDP,REGENCE BLUESHIELD OF IDAHO AND REGENCE BC BS UTAH,Regence BlueShield of Idaho and Regence BC BS Utah,"Cambia Health Solutions, Inc.",No,,3.0,
2024,S5921,PDP,UNITEDHEALTHCARE INS. CO. & UHC INS. CO. OF NY,UnitedHealthcare,"UnitedHealth Group, Inc.",No,,3.0,
2024,S5953,PDP,BLUECROSS AND BLUESHIELD OF SOUTH CAROLINA,Blue Cross Blue Shield of South Carolina,BlueCross BlueShield of South Carolina (BCBSSC),No,,3.0,
2024,S5960,PDP,UNICARE LIFE & HEALTH INSURANCE COMPANY,UniCare,"Elevance Health, Inc.",No,,3.5,
2024,S5966,PDP,"EMBLEMHEALTH PLAN, INC",EmblemHealth,"EmblemHealth, Inc.",No,,3.5,
2024,S5975,PDP,"MODA HEALTH PLAN, INC.","Moda Health Plan, Inc.","Moda Partners, Inc.",No,,4.0,
2024,S5993,PDP,HORIZON INSURANCE COMPANY,Horizon Blue Cross Blue Shield of New Jersey,"Horizon Mutual Holdings, Inc",No,,3.0,
2024,S6506,PDP,"BLUE CROSS AND BLUE SHIELD ARIZONA, INC.",Blue Cross Blue Shield of Arizona (AZ Blue),Blue Cross Blue Shield of Arizona,No,,2.0,
2024,S6875,PDP,QCC INSURANCE COMPANY,Independence Blue Cross,"Independence Health Group, Inc.",No,,4.0,
2024,S6946,PDP,CLEAR SPRING HEALTH INSURANCE COMPANY,Clear Spring Health,Group 1001,No,,2.0,
2024,S7126,PDP,OMAHA HEALTH INSURANCE COMPANY,Mutual of Omaha Rx,Mutual of Omaha Insurance Company,No,,2.0,
2024,S7694,PDP,ELIXIR INSURANCE COMPANY,Elixir Insurance,Rite Aid Corporation,No,,3.0,
2024,S8067,PDP,Avalon Insurance Company,Avalon Insurance Company,CAPITAL BLUE CROSS,No,,2.5,
2024,S8841,PDP,"OPTUM INSURANCE OF OHIO, INC.","Optum Insurance of Ohio, Inc.","UnitedHealth Group, Inc.",No,,3.5,
2024,S9409,PDP,"VERMONT BLUE ADVANTAGE, INC.",Vermont Blue Advantage,Blue Cross Blue Shield of Michigan Mutual Ins. Co.,No,,,
2024,S9701,PDP,"DEAN HEALTH INSURANCE, INC.",Navitus MedicareRx,Medica Holding Company,No,,4.0,
2024,S9854,PDP,"WELLMARK ADVANTAGE HEALTH PLAN, INC.",Wellmark Advantage Health Plan,Blue Cross Blue Shield of Michigan Mutual Ins. Co.,No,,,
2025,E3014,Employer/Union Only Direct Contract PDP,PSERS HOP PROGRAM,Pennsylvania Public School Employees Retirement Sy,Commonwealth of PA Pub Schools Retirement System,No,,4.5,
2025,H0022,Demo,"BUCKEYE COMMUNITY HEALTH PLAN, INC.",Buckeye Health Plan - MyCare Ohio,Centene Corporation,No,,,
2025,H0028,Local CCP,"CHA HMO, INC.",Humana,Humana Inc.,Yes,3.5,3.5,3.5
2025,H0029,Local CCP,"COORDINATED CARE OF WASHINGTON, INC.",Allwell,Centene Corporation,Yes,,,
2025,H0034,Local CCP,"HAMASPIK, INC.","Hamaspik, Inc.","Hamaspik of Rockland County, Inc.",Yes,2.5,2.5,2.5
2025,H0062,Local CCP,"SUPERIOR HEALTHPLAN, INC.",Wellcare by Allwell,Centene Corporation,No,,,
2025,H0074,Local CCP,"WELLCARE OF MISSISSIPPI, INC.",Wellcare,Centene Corporation,Yes,3.0,3.0,3.0
2025,H0104,Local CCP,BLUE CROSS AND BLUE SHIELD OF ALABAMA,Blue Cross and Blue Shield of Alabama,BlueCross BlueShield of Alabama,No,4.0,4.0,4.0
2025,H0107,Local CCP,HEALTH CARE SERVICE CORPORATION,Blue Cross and Blue Shield of Montana,Health Care Service Corporation,No,3.5,3.5,3.5
2025,H0111,Local CCP,"WELLCARE OF GEORGIA, INC.",Wellcare,Centene Corporation,Yes,3.0,3.0,3.0
2025,H0137,Demo,"COMMONWEALTH CARE ALLIANCE, INC.",Commonwealth Care Alliance Massachusetts,"Commonwealth Care Alliance, Inc.",No,,,
2025,H0154,Local CCP,"VIVA HEALTH, INC.",VIVA Medicare,"Triton Health Systems, L.L.C.",Yes,4.0,4.0,4.0
2025,H0169,Local CCP,"UNITEDHEALTHCARE OF WISCONSIN, INC.",UnitedHealthcare,"UnitedHealth Group, Inc.",Yes,3.5,4.0,4.0
2025,H0174,Local CCP,"WELLCARE OF TEXAS, INC.",Wellcare,Centene Corporation,Yes,3.5,3.0,3.5
2025,H0192,Demo,"AMERIHEALTH MICHIGAN, INC.",AmeriHealth Caritas VIP Care Plus,"Independence Health Group, Inc.",No,,,
2025,H0251,Local CCP,"UNITEDHEALTHCARE PLAN OF THE RIVER VALLEY, INC.",UnitedHealthcare,"UnitedHealth Group, Inc.",Yes,4.0,4.5,4.0
2025,H0270,Local CCP,WELLCARE HEALTH INSURANCE COMPANY OF AMERICA,Wellcare,Centene Corporation,No,3.5,3.5,3.5
2025,H0292,Local CCP,"HUMANA HEALTH PLAN OF OHIO, INC.",Humana,Humana Inc.,No,5.0,4.0,4.5
2025,H0294,Local CCP,UNITEDHEALTHCARE INSURANCE COMPANY,UnitedHealthcare,"UnitedHealth Group, Inc.",Yes,3.5,3.0,3.0
2025,H0302,Local CCP,"MEDISUN, INC.",Blue Cross Blue Shield of Arizona (AZ Blue),Blue Cross Blue Shield of Arizona,No,3.5,3.5,3.5
2025,H0321,Local CCP,"ARIZONA PHYSICIANS IPA, INC.",UnitedHealthcare,"UnitedHealth Group, Inc.",Yes,3.5,3.5,3.5
2025,H0332,Local CCP,"KS PLAN ADMINISTRATORS, LLC",KelseyCare Advantage,"UnitedHealth Group, Inc.",No,4.0,4.5,4.5
2025,H0336,Demo,"HUMANA HEALTH PLAN, INC.",Humana,Humana Inc.,No,,,
2025,H0342,Local CCP,"CAREPARTNERS OF CONNECTICUT, INC.",CarePartners of Connecticut,"Point32Health, Inc.",No,,3.0,
2025,H0351,Local CCP,"HEALTH NET OF ARIZONA, INC.",Wellcare by Allwell,Centene Corporation,Yes,3.0,3.5,3.0
2025,H0354,Local CCP,"CIGNA HEALTHCARE OF ARIZONA, INC.",Cigna Healthcare,The Cigna Group,Yes,3.5,3.5,4.0
2025,H0363,Local CCP,"LONGEVITY HEALTH PLAN OF COLORADO, INC.",Longevity Health Plan,"Longevity Health Founders, LLC",Yes,,4.0,
2025,H0421,Local CCP,CARE IMPROVEMENT PLUS SOUTH CENTRAL INSURANCE CO.,UnitedHealthcare,"UnitedHealth Group, Inc.",Yes,,,
2025,H0423,Local CCP,"METROPLUS HEALTH PLAN, INC.",MetroPlus Health Plan,New York City Health and Hospitals Corporation,Yes,3.0,3.0,3.0
2025,H0432,Local CCP,"UNITEDHEALTHCARE OF THE MIDLANDS, INC.",UnitedHealthcare,"UnitedHealth Group, Inc.",Yes,3.5,3.0,3.5
2025,H0439,Local CCP,"CIGNA HEALTHCARE OF GEORGIA, INC.",Cigna Healthcare,The Cigna Group,Yes,4.0,3.5,4.0
2025,H0473,Local CCP,HUMANA INSURANCE COMPANY OF KENTUCKY,Humana,Humana Inc.,No,4.0,3.5,4.0
2025,H0480,Demo,"MERIDIAN HEALTH PLAN OF MICHIGAN, INC.",MeridianComplete (Medicare-Medicaid Plan),Centene Corporation,No,,,
2025,H0504,Local CCP,CALIFORNIA PHYSICIANS' SERVICE,Blue Shield of California,California Physicians' Service,No,3.0,4.0,3.5
2025,H0523,Local CCP,AETNA HEALTH OF CALIFORNIA INC.,Aetna Medicare,CVS Health Corporation,No,3.0,3.5,3.0
2025,H0524,Local CCP,"KAISER FOUNDATION HP, INC.",Kaiser Permanente,"Kaiser Foundation Health Plan, Inc.",No,4.0,5.0,4.5
2025,H0543,Local CCP,UHC OF CALIFORNIA,UnitedHealthcare,"UnitedHealth Group, Inc.",Yes,3.0,4.0,3.5
2025,H0544,Local CCP,BLUE CROSS OF CALIFORNIA,Anthem Blue Cross,"Elevance Health, Inc.",Yes,3.0,3.0,3.0
2025,H0562,Local CCP,"HEALTH NET OF CALIFORNIA, INC.",Wellcare by Health Net,Centene Corporation,Yes,3.0,3.5,3.0
2025,H0571,Local CCP,CHINESE COMMUNITY HEALTH PLAN,CCHP (Chinese Community Health Plan),Chinese Hospital Association,Yes,2.5,3.0,2.5
2025,H0609,Local CCP,"UnitedHealthcare Benefits of Texas, Inc.",UnitedHealthcare,"UnitedHealth Group, Inc.",Yes,4.0,4.5,4.5
2025,H0624,Local CCP,"UnitedHealthcare Benefits of Texas, Inc.",UnitedHealthcare,"UnitedHealth Group, Inc.",Yes,3.0,3.5,3.5
2025,H0628,Local CCP,AETNA HEALTH OF OHIO INC.,Aetna Medicare,CVS Health Corporation,Yes,4.0,4.5,4.0
2025,H0630,Local CCP,KAISER FOUNDATION HP OF CO,Kaiser Permanente,"Kaiser Foundation Health Plan, Inc.",Yes,4.0,5.0,4.0
2025,H0672,Local CCP,"CIGNA HEALTHCARE OF COLORADO, INC.",Cigna Healthcare,The Cigna Group,Yes,2.5,2.5,2.5
2025,H0710,Local CCP,CARE IMPROVEMENT PLUS SOUTH CENTRAL INSURANCE CO.,UnitedHealthcare,"UnitedHealth Group, Inc.",Yes,4.5,5.0,5.0
2025,H0712,Local CCP,"WELLCARE OF CONNECTICUT, INC.",Wellcare,Centene Corporation,Yes,3.5,3.5,3.5
2025,H0724,Local CCP,"BUCKEYE HEALTH PLAN COMMUNITY SOLUTIONS, Inc.",Wellcare by Allwell,Centene Corporation,No,2.5,3.5,3.0
2025,H0738,Local CCP,"AmeriHealth Caritas VIP Next, Inc.",AmeriHealth Caritas VIP Care (HMO-D-SNP),"Independence Health Group, Inc.",Yes,,,
2025,H0755,Local CCP,CARE IMPROVEMENT PLUS SOUTH CENTRAL INSURANCE CO.,UnitedHealthcare,"UnitedHealth Group, Inc.",No,3.5,4.0,4.0
2025,H0764,Local CCP,"UNITEDHEALTHCARE OF NEW ENGLAND, INC.",UnitedHealthcare,"UnitedHealth Group, Inc.",Yes,,3.5,
2025,H0783,Local CCP,"HUMANA BENEFIT PLAN OF TEXAS, INC.",Humana,Humana Inc.,No,,3.0,
2025,H0845,Local CCP,"UNITEDHEALTHCARE OF ILLINOIS, INC.",UnitedHealthcare,"UnitedHealth Group, Inc.",Yes,,,
2025,H0885,Local CCP,HEALTHIER NEW JERSEY INSURANCE COMPANY,Braven Health,"Horizon Mutual Holdings, Inc",No,3.5,3.5,3.5
2025,H0907,Local CCP,"WELLPOINT IOWA, INC.",Wellpoint,"Elevance Health, Inc.",Yes,3.5,3.5,3.5
2025,H0908,Local CCP,"BUCKEYE COMMUNITY HEALTH PLAN, INC.",Wellcare by Allwell,Centene Corporation,Yes,3.0,3.5,3.5
2025,H0913,Local CCP,"WELLCARE HEALTH PLANS OF NEW JERSEY, INC.",Wellcare,Centene Corporation,Yes,3.0,3.5,3.0
2025,H0927,Demo,HEALTH CARE SERVICE CORPORATION,Blue Cross Community MMAI,Health Care Service Corporation,No,,,
2025,H0976,Local CCP,SCAN HEALTH PLAN,SCAN Health Plan,SCAN Group,Yes,,,
2025,H0978,Local CCP,"SCAN HEALTH PLAN NEVADA, INC.",SCAN Health Plan,SCAN Group,Yes,3.0,4.5,3.5
2025,H0982,Local CCP,"SOLIS HEALTH PLANS, INC.",Solis Health Plans,"Athena Healthcare Holdings, LLC",Yes,4.0,3.0,4.0
2025,H1016,Local CCP,"AVMED, INC.",AvMed Medicare,Sentara Health Care (SHC),No,4.5,4.0,4.5
2025,H1019,Local CCP,"CAREPLUS HEALTH PLANS, INC.","CarePlus Health Plans, Inc.",Humana Inc.,Yes,4.0,3.5,4.0
2025,H1032,Local CCP,"Sunshine State Health Plan, Inc.",Wellcare,Centene Corporation,Yes,3.5,4.0,3.5
2025,H1035,Local CCP,"FLORIDA BLUE MEDICARE, INC.",Florida Blue HMO,Guidewell Mutual Holding Corporation,No,3.5,3.5,3.5
2025,H1036,Local CCP,"HUMANA MEDICAL PLAN, INC.",Humana,Humana Inc.,Yes,4.0,4.0,4.0
2025,H1045,Local CCP,"PREFERRED CARE PARTNERS, INC.",UnitedHealthcare,"UnitedHealth Group, Inc.",Yes,4.0,4.0,4.5
2025,H1099,Local CCP,HEALTH FIRST HEALTH PLANS,"Health First Health Plans, Inc.","Health First Shared Services, Inc.",No,4.5,4.5,4.5
2025,H1109,Local CCP,AETNA HEALTH INC.(GA),Aetna Medicare,CVS Health Corporation,No,4.0,4.0,4.0
2025,H1112,Local CCP,"WELLCARE OF GEORGIA, INC.",Wellcare,Centene Corporation,Yes,3.0,3.5,3.0
2025,H1119,Local CCP,"TSG GUARD, INC.",Valor Health Plan,"The Schroer Group, Inc.",Yes,5.0,4.0,4.5
2025,H1170,Local CCP,"KAISER FOUNDATION HP OF GA, INC.",Kaiser Permanente,"Kaiser Foundation Health Plan, Inc.",Yes,4.5,5.0,4.5
2025,H1181,MSA,NETWORK HEALTH INSURANCE CORPORATION,Network Health Medicare Advantage Plans,"Network Health, Inc.",No,3.5,,
2025,H1189,Local CCP,CHRISTUS HEALTH PLAN,CHRISTUS Health Advantage,CHRISTUS Health,No,4.0,3.0,3.5
2025,H1206,Local CCP,"COVENTRY HEALTH CARE OF ILLINOIS, INC.",Aetna Medicare,CVS Health Corporation,Yes,,,
2025,H1215,Local CCP,"NEBRASKA TOTAL CARE, INC.",Wellcare,Centene Corporation,Yes,3.0,3.0,3.5
2025,H1224,Local CCP,LOCAL INITIATIVE HEALTH AUTHORITY FOR LA COUNTY,L.A. Care Health Plan,Local Initiative Health Authority for LA County,Yes,2.5,3.5,3.0
2025,H1225,Local CCP,"HOPKINS HEALTH ADVANTAGE, INC.",Johns Hopkins Advantage MD,Johns Hopkins Healthcare LLC,Yes,3.0,3.5,3.0
2025,H1230,Local CCP,"KAISER FOUNDATION HP, INC.",Kaiser Permanente,"Kaiser Foundation Health Plan, Inc.",Yes,4.0,5.0,4.5
2025,H1248,Local CCP,LOUISIANA HEALTH SERVICE & INDEMNITY COMPANY,Blue Cross and Blue Shield of Louisiana,Louisiana Health Service & Indemnity Company,No,4.5,5.0,4.5
2025,H1277,Local CCP,"ALIGN SENIOR CARE, INC.",Align Senior Care,"Curana Health Holdings, LLC",Yes,,,
2025,H1278,Local CCP,CARE IMPROVEMENT PLUS SOUTH CENTRAL INSURANCE CO.,UnitedHealthcare,"UnitedHealth Group, Inc.",No,3.5,4.0,4.0
2025,H1280,Local CCP,"ETERNALHEALTH, INC.",eternalHealth,"Eternal Health of Delaware, Inc.",No,,,
2025,H1285,Local CCP,"UNITEDHEALTHCARE COMMUNITY PLAN OF OHIO, INC.",UnitedHealthcare Community Plan,"UnitedHealth Group, Inc.",Yes,,,
2025,H1290,Local CCP,"DEVOTED HEALTH PLAN OF FLORIDA, INC.",Devoted Health,"Devoted Health, Inc.",Yes,4.0,3.5,4.5
2025,H1302,Local CCP,"BLUE CROSS OF IDAHO CARE PLUS, INC.",Blue Cross of Idaho,"Gemstone Holdings, Inc.",No,2.5,,
2025,H1304,Local CCP,"REGENCE BLUESHIELD OF IDAHO, INC.",Regence BlueShield of Idaho,"Cambia Health Solutions, Inc.",No,3.5,4.0,3.5
2025,H1339,Local CCP,"JOHNS HOPKINS HEALTH PLAN OF VIRGINIA, INC.",Johns Hopkins Advantage MD,Johns Hopkins Healthcare LLC,No,,,
2025,H1347,Local CCP,"PATRIUS HEALTH, INC.",Patrius Health,BlueCross BlueShield of Alabama,No,,,
2025,H1350,Local CCP,"BLUE CROSS OF IDAHO CARE PLUS, INC.",Blue Cross of Idaho,"Gemstone Holdings, Inc.",No,3.5,4.0,3.5
2025,H1360,Local CCP,"UnitedHealthcare Benefits of Texas, Inc.",UnitedHealthcare,"UnitedHealth Group, Inc.",Yes,3.0,3.5,3.5
2025,H1365,Local CCP,"MARTIN'S POINT GENERATIONS ADVANTAGE, INC.",Martin's Point Generations Advantage,"Martin's Point Health Care, Inc.",No,3.5,3.0,3.0
2025,H1372,Local CCP,"MARQUIS ADVANTAGE, INC.",AgeRight Advantage,"Marquis Companies I, Inc.",Yes,,4.0,
2025,H1395,Local CCP,"NEBRASKA TOTAL CARE, INC.",Wellcare,Centene Corporation,Yes,3.0,3.5,3.0
2025,H1416,Local CCP,"HARMONY HEALTH PLAN,  INC.",Wellcare,Centene Corporation,Yes,3.5,3.5,3.5
2025,H1423,Local CCP,"WELLPOINT OHIO, INC.",Wellpoint,"Elevance Health, Inc.",Yes,3.0,3.5,3.0
2025,H1463,Local CCP,"HEALTH ALLIANCE CONNECT, INC.",Health Alliance Medicare,The Carle Foundation,No,3.5,3.0,3.5
2025,H1468,Local CCP,"HUMANA BENEFIT PLAN OF ILLINOIS, INC.",Humana,Humana Inc.,Yes,4.0,3.0,4.0
2025,H1526,Local CCP,GOLD KIDNEY OF FLORIDA INC,Gold Kidney Health Plan,Gold Kidney Health Plan,Yes,,,
2025,H1537,Local CCP,CARE IMPROVEMENT PLUS SOUTH CENTRAL INSURANCE CO.,UnitedHealthcare,"UnitedHealth Group, Inc.",No,4.5,4.0,4.5
2025,H1587,Local CCP,"ARKANSAS SUPERIOR SELECT, INC.",Tribute Health Plans,"Select Founders, LLC",Yes,,4.5,
2025,H1607,Local CCP,"ANTHEM INSURANCE COMPANIES, INC.",Anthem Blue Cross and Blue Shield,"Elevance Health, Inc.",No,3.5,3.0,3.5
2025,H1608,Local CCP,COVENTRY HEALTH AND LIFE INSURANCE COMPANY,Aetna Medicare,CVS Health Corporation,Yes,4.0,4.5,4.0
2025,H1609,Local CCP,AETNA HEALTH INC. (FL),Aetna Medicare,CVS Health Corporation,Yes,4.0,4.0,4.0
2025,H1610,Local CCP,"COVENTRY HEALTH CARE OF VIRGINIA, INC.",Aetna Better Health of Virginia,CVS Health Corporation,Yes,3.0,3.0,3.0
2025,H1619,Local CCP,PARTNERS INSURANCE COMPANY INC,Jefferson Health Plans,Thomas Jefferson University,No,,,
2025,H1644,Local CCP,"LONGEVITY HEALTH PLAN OF FLORIDA, INC.",Longevity Health Plan,"Longevity Health Founders, LLC",Yes,3.0,3.5,3.5
2025,H1651,1876 Cost,"MEDICAL ASSOCIATES HEALTH PLAN, INC.","Medical Associates Health Plan, Inc.","Medical Associates Clinic, P.C.",No,4.5,,
2025,H1659,Local CCP,CARE IMPROVEMENT PLUS SOUTH CENTRAL INSURANCE CO.,UnitedHealthcare,"UnitedHealth Group, Inc.",No,3.5,4.0,3.5
2025,H1664,Local CCP,"HOME STATE HEALTH PLAN, INC.",Wellcare by Allwell,Centene Corporation,Yes,3.0,3.5,3.0
2025,H1666,Local CCP,HCSC INSURANCE SERVICES COMPANY,"Blue Cross and Blue Shield of NM, TX",Health Care Service Corporation,No,3.0,3.0,3.0
2025,H1692,Local CCP,"COVENTRY HEALTH CARE OF WEST VIRGINIA, INC.",Aetna Medicare,CVS Health Corporation,Yes,4.5,4.0,4.5
2025,H1722,Local CCP,"HEALTHFIRST HEALTH PLAN, INC.",Healthfirst Medicare Plan,"Healthfirst, Inc.",No,3.0,3.0,3.0
2025,H1723,Demo,"ABSOLUTE TOTAL CARE, INC.",Wellcare Prime by Absolute Total Care,Centene Corporation,No,,,
2025,H1737,Local CCP,"HEALTH ALLIANCE - MIDWEST, INC.",Health Alliance Medicare,The Carle Foundation,No,,3.5,
2025,H1748,Local CCP,"SONDER HEALTH PLANS, INC.","Sonder Health Plans, Inc.","Avian Health Holdings, LLC",Yes,,2.0,
2025,H1774,Local CCP,"CENTENE VENTURE COMPANY INDIANA, INC.",Wellcare by Allwell,Centene Corporation,No,3.5,3.5,3.5
2025,H1787,Local CCP,SANFORD HEALTH PLAN,Great Plains Medicare Advantage,Sanford Health,Yes,,5.0,
2025,H1799,Local CCP,"MOLINA HEALTHCARE OF KENTUCKY, INC.",Passport Advantage,"Molina Healthcare, Inc.",Yes,3.5,3.0,3.5
2025,H1822,Local CCP,"SCAN DESERT HEALTH PLAN, INC.",SCAN Health Plan,SCAN Group,Yes,3.0,4.0,3.5
2025,H1846,Local CCP,MOUNT CARMEL HEALTH INSURANCE COMPANY,MediGold,Trinity Health Corporation,No,4.0,4.5,4.0
2025,H1862,Local CCP,"WELLCARE HEALTH PLANS OF VERMONT, INC.",Wellcare,Centene Corporation,Yes,3.0,3.0,3.0
2025,H1889,Local CCP,CARE IMPROVEMENT PLUS SOUTH CENTRAL INSURANCE CO.,UnitedHealthcare,"UnitedHealth Group, Inc.",Yes,3.5,3.5,4.0
2025,H1894,Local CCP,"WELLPOINT WASHINGTON, INC.",Wellpoint,"Elevance Health, Inc.",Yes,2.5,3.0,2.5
2025,H1914,Local CCP,"WELLCARE HEALTH INSURANCE OF CONNECTICUT, INC.",Wellcare,Centene Corporation,Yes,3.5,3.0,3.5
2025,H1947,Local CCP,"COMMUNITY CARE HEALTH PLAN OF LOUISIANA, INC.",Healthy Blue,"Elevance Health, Inc.",Yes,3.5,3.0,3.5
2025,H1951,Local CCP,"HUMANA HEALTH BENEFIT PLAN OF LOUISIANA, INC.",Humana,Humana Inc.,Yes,4.5,3.5,4.0
2025,H1961,Local CCP,"PEOPLES HEALTH, INC.",Peoples Health,"UnitedHealth Group, Inc.",Yes,4.0,3.5,4.0
2025,H1969,Local CCP,"REGENCE BLUESHIELD OF IDAHO, INC.",Regence BlueShield of Idaho,"Cambia Health Solutions, Inc.",No,4.0,3.0,4.0
2025,H1977,Demo,"UPPER PENINSULA HEALTH PLAN, LLC",Upper Peninsula Health Plan (UPHP) MI Health Link,"DLP Marquette General Hospital, LLC",No,,,
2025,H1993,Local CCP,"ASTIVA HEALTH, INC.",Astiva Health,Astiva Health Holdings Incorporated,Yes,4.0,4.0,4.0
2025,H1994,Local CCP,"SELECTHEALTH, INC.",Select Health,"Intermountain Health Care, Inc.",Yes,4.0,3.5,4.0
2025,H1997,Local CCP,REGENCE BLUESHIELD,Regence BlueShield,"Cambia Health Solutions, Inc.",No,3.0,3.0,3.0
2025,H2001,Local CCP,"SIERRA HEALTH AND LIFE INSURANCE COMPANY, INC.",UnitedHealthcare,"UnitedHealth Group, Inc.",Yes,4.0,4.5,4.0
2025,H2029,Local CCP,"HUMANA INSURANCE OF PUERTO RICO, INC.",Humana,Humana Inc.,No,,3.0,
2025,H2032,Local CCP,Baylor Scott & White Insurance Company,Baylor Scott & White Health Plan,Baylor Scott & White Holdings,No,3.5,3.5,3.5
2025,H2034,Local CCP,"COMMUNITY CARE HEALTH PLAN, INC.",Community Care,"Community Care, Inc.",Yes,,2.5,
2025,H2041,Local CCP,DEVOTED HEALTH PLAN OF MISSOURI INC,Devoted Health,"Devoted Health, Inc.",Yes,,,
2025,H2056,Local CCP,AETNA BETTER HEALTH OF MICHIGAN INC.,Aetna Medicare,CVS Health Corporation,No,3.5,3.5,3.5
2025,H2096,Local CCP,SHARED HEALTH INSURANCE COMPANY,Shared Health Dual Freedom,BlueCross BlueShield of Tennessee,Yes,,,
2025,H2108,Local CCP,"BRAVO HEALTH MID-ATLANTIC, INC.",Cigna Healthcare,The Cigna Group,Yes,3.0,3.5,3.0
2025,H2117,Local CCP,"MERIDIAN HEALTH PLAN OF MICHIGAN, INC.",Wellcare,Centene Corporation,Yes,3.0,2.5,3.0
2025,H2128,Local CCP,CELTIC INSURANCE COMPANY,Wellcare,Centene Corporation,Yes,3.0,3.5,3.0
2025,H2162,Local CCP,"WELLCARE OF NEW HAMPSHIRE, INC.",Wellcare,Centene Corporation,No,2.5,3.0,2.5
2025,H2168,Local CCP,VILLAGE SENIOR SERVICES CORPORATION,VillageCareMAX,"Village Care of New York, Inc.",Yes,3.0,2.5,3.0
2025,H2172,Local CCP,KAISER FDTN HLTH PLAN OF THE MID-ATLANTIC STATES,Kaiser Permanente,"Kaiser Foundation Health Plan, Inc.",No,4.0,5.0,4.5
2025,H2174,Local CCP,"TRILLIUM COMMUNITY HEALTH PLAN, INC.",Wellcare by Trillium,Centene Corporation,Yes,2.5,3.0,3.0
2025,H2185,Local CCP,"LIFEWORKS ADVANTAGE, LLC",Align Senior Care,"Curana Health Holdings, LLC",Yes,,2.5,
2025,H2224,Local CCP,"SENIOR WHOLE HEALTH, LLC",Senior Whole Health,"Molina Healthcare, Inc.",Yes,3.5,4.5,3.5
2025,H2225,Local CCP,"COMMONWEALTH CARE ALLIANCE, INC.",Commonwealth Care Alliance Massachusetts,"Commonwealth Care Alliance, Inc.",Yes,4.0,3.5,3.5
2025,H2226,Local CCP,UNITEDHEALTHCARE INSURANCE COMPANY,UnitedHealthcare,"UnitedHealth Group, Inc.",Yes,3.5,3.5,3.5
2025,H2230,Local CCP,"BCBS  OF MASSACHUSETTS HMO BLUE, INC.",Blue Cross Blue Shield of Massachusetts,"Blue Cross and Blue Shield of Massachusetts, Inc.",No,3.5,3.5,3.5
2025,H2235,Local CCP,"BAYCARE SELECT HEALTH PLANS, INC.",BayCare Health Plans,"BayCare Health System, Inc.",No,4.5,4.0,4.0
2025,H2237,Local CCP,INDEPENDENT CARE HEALTH PLAN,iCare,Humana Inc.,Yes,3.5,3.5,3.5
2025,H2246,Local CCP,"SELECTHEALTH, INC.",Select Health,"Intermountain Health Care, Inc.",No,4.0,3.0,3.5
2025,H2247,Local CCP,"UNITEDHEALTHCARE COMMUNITY PLAN, INC.",UnitedHealthcare,"UnitedHealth Group, Inc.",Yes,3.5,3.0,3.5
2025,H2256,Local CCP,TUFTS ASSOCIATED HEALTH MAINTENANCE ORGANIZATION,Tufts Health Plan,"Point32Health, Inc.",No,4.0,4.0,4.0
2025,H2261,Local CCP,"BCBS  OF MASSACHUSETTS HMO BLUE, INC.",Blue Cross Blue Shield of Massachusetts,"Blue Cross and Blue Shield of Massachusetts, Inc.",No,4.0,3.5,3.5
2025,H2272,Local CCP,"UNITEDHEALTHCARE OF NEW ENGLAND, INC.",UnitedHealthcare,"UnitedHealth Group, Inc.",Yes,,5.0,
2025,H2292,Local CCP,CARE IMPROVEMENT PLUS SOUTH CENTRAL INSURANCE CO.,UnitedHealthcare,"UnitedHealth Group, Inc.",Yes,4.0,4.5,4.5
2025,H2293,Local CCP,SILVERSCRIPT INSURANCE COMPANY,Aetna Medicare,CVS Health Corporation,Yes,4.0,4.0,4.0
2025,H2320,Local CCP,PRIORITY HEALTH,Priority Health Medicare,Corewell Health,No,4.5,3.5,4.5
2025,H2322,Local CCP,ALLIANCE HEALTH AND LIFE INSURANCE COMPANY,HAP Senior Plus (PPO),Henry Ford Health System,Yes,3.5,3.5,4.0
2025,H2354,Local CCP,HEALTH ALLIANCE PLAN OF MICHIGAN,HAP Senior Plus,Henry Ford Health System,Yes,4.0,4.5,4.0
2025,H2392,Local CCP,"KANSAS SUPERIOR SELECT, INC.",Kansas Health Advantage,Kansas Superior Select,Yes,4.0,4.0,4.0
2025,H2400,Local CCP,"SIGNATURE ADVANTAGE, LLC",Signature Advantage (HMO SNP),"SA Plan, LLC",Yes,4.0,4.0,3.5
2025,H2406,Local CCP,CARE IMPROVEMENT PLUS SOUTH CENTRAL INSURANCE CO.,UnitedHealthcare,"UnitedHealth Group, Inc.",Yes,4.0,4.5,4.0
2025,H2416,Local CCP,PRIMEWEST RURAL MN HEALTH CARE ACCESS INITIATIVE,PrimeWest Health,PrimeWest Rural MN Health Care Access Initiative,Yes,4.0,4.5,4.0
2025,H2417,Local CCP,ITASCA MEDICAL CARE,Itasca Medical Care/IMCare Classic,Itasca County,Yes,,3.5,
2025,H2419,Local CCP,SOUTH COUNTRY HEALTH ALLIANCE,South Country Health Alliance,South Country Health Alliance,Yes,3.0,3.5,3.0
2025,H2422,Local CCP,"HEALTHPARTNERS, INC.",HealthPartners,"HealthPartners, Inc.",Yes,4.0,4.0,4.0
2025,H2425,Local CCP,HMO Minnesota,Blue Plus,"Aware Integrated, Inc.",Yes,3.5,3.5,3.5
2025,H2441,Local CCP,"ANTHEM INSURANCE COMPANIES, INC.",Anthem Blue Cross and Blue Shield,"Elevance Health, Inc.",Yes,,,
2025,H2445,Local CCP,"UNITEDHEALTHCARE OF THE MID-ATLANTIC, INC.",UnitedHealthcare,"UnitedHealth Group, Inc.",Yes,,,
2025,H2450,1876 Cost,MEDICA INSURANCE COMPANY,Medica,Medica Holding Company,No,4.5,3.5,4.0
2025,H2456,Local CCP,UCARE MINNESOTA,UCare's MSHO,UCare Minnesota,Yes,3.5,3.5,3.5
2025,H2458,Local CCP,MEDICA HEALTH PLANS,Medica,Medica Holding Company,Yes,3.5,3.0,3.0
2025,H2459,Local CCP,UCARE MINNESOTA,UCare,UCare Minnesota,Yes,3.5,4.0,4.0
2025,H2461,1876 Cost,"BCBSM, Inc.",Blue Cross and Blue Shield of Minnesota,"Aware Integrated, Inc.",No,4.5,4.5,4.5
2025,H2462,1876 Cost,"HEALTHPARTNERS, INC.",HealthPartners,"HealthPartners, Inc.",No,4.0,,
2025,H2463,Local CCP,"HUMANA HEALTH PLAN OF TEXAS, INC.",Humana,Humana Inc.,No,3.0,3.5,3.0
2025,H2478,Local CCP,MOLINA HEALTHCARE OF NEVADA INC,Molina Healthcare of Nevada,"Molina Healthcare, Inc.",Yes,,,
2025,H2486,Local CCP,"HUMANA MEDICAL PLAN OF UTAH, INC.",Humana,Humana Inc.,No,3.5,3.5,3.5
2025,H2491,Local CCP,"WELLCARE HEALTH INSURANCE OF ARIZONA, INC.",Wellcare,Centene Corporation,Yes,3.0,3.0,3.0
2025,H2506,Demo,AETNA BETTER HEALTH PREMIER PLAN MMAI INC.,Aetna Better Health Premier Plan,CVS Health Corporation,No,,,
2025,H2509,Local CCP,"UNITEDHEALTHCARE OF FLORIDA, INC.",UnitedHealthcare,"UnitedHealth Group, Inc.",Yes,,4.0,
2025,H2526,Local CCP,DEVOTED HEALTH PLAN OF OHIO INC,Devoted Health,"Devoted Health, Inc.",No,4.5,3.5,4.5
2025,H2531,Demo,"UNITEDHEALTHCARE COMMUNITY PLAN OF OHIO, INC.",UnitedHealthcare Community Plan,"UnitedHealth Group, Inc.",No,,,
2025,H2533,Demo,"MOLINA HEALTHCARE OF SOUTH CAROLINA, INC.",Molina Healthcare of South Carolina,"Molina Healthcare, Inc.",No,,,
2025,H2563,Local CCP,SENTARA HEALTH PLANS,Sentara Medicare,Sentara Health Care (SHC),Yes,3.0,3.5,3.0
2025,H2582,Local CCP,ROCKY MOUNTAIN HEALTH MAINTENANCE ORGANIZATION INC,UnitedHealthcare,"UnitedHealth Group, Inc.",Yes,3.0,3.5,3.0
2025,H2591,Local CCP,"HEALTH ALLIANCE - MIDWEST, INC.",Health Alliance Medicare,The Carle Foundation,No,,,
2025,H2593,Local CCP,"WELLPOINT TEXAS, INC.",Wellpoint,"Elevance Health, Inc.",Yes,3.0,3.5,3.5
2025,H2610,Local CCP,"ESSENCE HEALTHCARE, INC.",Essence Healthcare,Lumeris Group Holdings Corporation,No,5.0,4.0,4.5
2025,H2624,Local CCP,CARE N' CARE INSURANCE COMPANY OF NORTH CAROLINA,CARE N' CARE INSURANCE COMPANY OF NORTH CAROLINA,"HTA Holdings, LLC",Yes,5.0,3.0,4.0
2025,H2663,Local CCP,"COVENTRY HEALTH CARE OF MISSOURI, INC.",Aetna Medicare,CVS Health Corporation,No,4.5,4.5,4.5
2025,H2686,Local CCP,DEVOTED HEALTH INSURANCE COMPANY OF HAWAII INC,Devoted Health,"Devoted Health, Inc.",No,3.5,4.0,3.5
2025,H2694,Local CCP,"ETERNALHEALTH, INC.",eternalHealth,"Eternal Health of Delaware, Inc.",No,,,
2025,H2697,Local CCP,"DEVOTED HEALTH PLAN OF OHIO, INC.",Devoted Health,"Devoted Health, Inc.",Yes,4.0,4.5,4.5
2025,H2715,Local CCP,MOLINA HEALTHCARE OF ILLINOIS INC,Molina Healthcare of Illinois,"Molina Healthcare, Inc.",Yes,,,
2025,H2722,Local CCP,"Primewell Health Services of Arkansas, Inc.",Primewell Health Services,Louisiana Health Service & Indemnity Company,Yes,2.5,3.0,3.0
2025,H2737,Local CCP,"HEALTH NEW ENGLAND, INC.",Health New England Medicare Advantage Plans,"Baystate Health, Inc.",No,3.5,3.5,3.5
2025,H2752,Local CCP,CIGNA HEALTHCARE OF CONNECTICUT INC.,Cigna Healthcare,The Cigna Group,Yes,,2.5,
2025,H2775,Local CCP,AMERICAN PROGRESSIVE LIFE & HLTH INS COMPANY OF NY,Wellcare,Centene Corporation,Yes,3.0,2.5,2.5
2025,H2802,Local CCP,"UNITEDHEALTHCARE OF THE MIDLANDS, INC.",UnitedHealthcare,"UnitedHealth Group, Inc.",Yes,4.0,3.5,4.0
2025,H2816,PFFS,AMERICAN PROGRESSIVE LIFE & HLTH INS COMPANY OF NY,Wellcare,Centene Corporation,No,3.5,4.5,3.5
2025,H2819,Local CCP,CALIFORNIA PHYSICIANS' SERVICE,Blue Shield of California,California Physicians' Service,Yes,,,
2025,H2836,Local CCP,"ANTHEM HEALTH PLANS, INC.",Anthem Blue Cross and Blue Shield,"Elevance Health, Inc.",Yes,3.0,3.0,3.0
2025,H2853,Local CCP,CENTENE VENTURE COMPANY TENNESSEE,Ascension Complete,Centene Corporation,No,,2.5,
2025,H2875,Local CCP,HUMANA WI HEALTH ORGANIZATION INSURANCE CORP,Humana,Humana Inc.,Yes,,,
2025,H2915,Local CCP,"PENNSYLVANIA HEALTH & WELLNESS, INC.",Wellcare by Allwell,Centene Corporation,Yes,3.5,4.0,3.5
2025,H2923,Local CCP,DEVOTED HEALTH PLAN OF OREGON INC,Devoted Health,"Devoted Health, Inc.",No,,3.5,
2025,H2926,Local CCP,PRIMEWEST RURAL MN HEALTH CARE ACCESS INITIATIVE,PrimeWest Health,PrimeWest Rural MN Health Care Access Initiative,Yes,,3.5,
2025,H2942,Local CCP,COX HEALTH SYSTEMS HMO INC,Cox HealthPlans,CoxHealth,No,4.0,4.0,4.0
2025,H2960,Local CCP,"HOMETOWN HEALTH PLAN, INC.",Senior Care Plus,Renown Health,Yes,5.0,3.0,4.0
2025,H2962,Local CCP,"ULTIMATE HEALTH PLANS, INC.",Ultimate Health Plans,"Ultimate Healthcare Holdings, LLC",Yes,4.0,4.0,4.0
2025,H3015,Local CCP,"SHARED HEALTH MISSISSIPPI, INC.",Shared Health Dual Plus,BlueCross BlueShield of Tennessee,Yes,3.0,3.0,3.0
2025,H3038,Local CCP,MOLINA HEALTHCARE OF CALIFORNIA,Molina Healthcare of California,"Molina Healthcare, Inc.",Yes,,,
2025,H3041,Local CCP,DEVOTED HEALTH PLAN OF SOUTH CAROLINA INC,Devoted Health,"Devoted Health, Inc.",No,,3.5,
2025,H3047,Local CCP,WELLCARE HEALTH INSURANCE COMPANY OF LOUISIANA,Wellcare,Centene Corporation,No,3.0,3.0,3.0
2025,H3048,Local CCP,SECUR INC,SECUR Health Plan,Chapters CareNu Inc,Yes,,,
2025,H3071,Local CCP,"CLEAR SPRING HEALTH COMMUNITY CARE, INC.",Clear Spring Health,Group 1001,No,3.0,3.0,3.0
2025,H3080,Local CCP,DEVOTED HEALTH PLAN OF ALABAMA INC,Devoted Health,"Devoted Health, Inc.",Yes,3.0,3.5,3.5
2025,H3113,Local CCP,"OXFORD HEALTH PLANS (NJ), INC.",UnitedHealthcare,"UnitedHealth Group, Inc.",Yes,3.5,3.5,3.5
2025,H3124,Local CCP,PARTNERS INSURANCE COMPANY OF NEW JERSEY INC,Jefferson Health Plans,Thomas Jefferson University,No,,,
2025,H3138,Local CCP,KAISER PERMANENTE INSURANCE COMPANY,Kaiser Permanente,"Kaiser Foundation Health Plan, Inc.",No,,,
2025,H3146,Local CCP,AETNA BETTER HEALTH INC. (GA),Aetna Medicare,CVS Health Corporation,Yes,4.0,4.0,4.0
2025,H3152,Local CCP,AETNA HEALTH INC. (NJ),Aetna Medicare,CVS Health Corporation,No,4.0,4.5,4.0
2025,H3170,Local CCP,"SAPPHIRE EDGE, INC.",Blue Cross and Blue Shield of Nebraska,Blue Cross Blue Shield of Nebraska,No,3.5,3.0,3.5
2025,H3186,Local CCP,SANFORD HEALTH PLAN OF MINNESOTA,Align powered by Sanford Health Plan,Sanford Health,No,,4.0,
2025,H3189,Local CCP,"ESSENCE HEALTHCARE OF OHIO, INC.",Essence Healthcare,Lumeris Group Holdings Corporation,No,,,
2025,H3192,Local CCP,AETNA HEALTH OF MICHIGAN INC.,Aetna Medicare,CVS Health Corporation,Yes,3.5,3.5,3.5
2025,H3204,Local CCP,PRESBYTERIAN HEALTH PLAN,Presbyterian Health Plan,Presbyterian Healthcare Services,Yes,3.0,3.0,3.0
2025,H3219,Local CCP,ALLINA HEALTH AND AETNA INSURANCE COMPANY,Allina Health Aetna Medicare,Allina Health and Aetna Insurance Holding Company,No,3.5,5.0,4.0
2025,H3239,Local CCP,"AETNA BETTER HEALTH, INC. (LA)",Aetna Medicare,CVS Health Corporation,Yes,4.0,4.0,4.0
2025,H3240,Local CCP,"WELLPOINT NEW JERSEY, INC.",Wellpoint,"Elevance Health, Inc.",Yes,3.5,3.5,3.5
2025,H3251,Local CCP,HEALTH CARE SERVICE CORPORATION,Blue Cross and Blue Shield of New Mexico,Health Care Service Corporation,Yes,3.0,3.5,3.0
2025,H3256,Local CCP,CARE IMPROVEMENT PLUS SOUTH CENTRAL INSURANCE CO.,UnitedHealthcare,"UnitedHealth Group, Inc.",Yes,4.0,4.0,4.0
2025,H3259,Local CCP,VOLUNTEER STATE HEALTH PLAN,BlueCare Plus Tennessee,BlueCross BlueShield of Tennessee,Yes,4.0,4.0,4.5
2025,H3274,Local CCP,ALIGN SENIOR CARE CALIFORNIA INC.,Align Senior Care,"Curana Health Holdings, LLC",Yes,,,
2025,H3276,Local CCP,"CONNECTICARE INSURANCE COMPANY, INC.",ConnectiCare,"EmblemHealth, Inc.",Yes,4.0,4.0,3.5
2025,H3288,Local CCP,AETNA HEALTH AND LIFE INSURANCE COMPANY,Aetna Medicare,CVS Health Corporation,Yes,3.5,3.0,3.5
2025,H3291,Local CCP,"PRUITTHEALTH PREMIER, INC.",PruittHealth Premier,"UNICO Services, Inc.",Yes,,3.5,
2025,H3305,Local CCP,"MVP HEALTH PLAN, INC.",MVP HEALTH CARE,"MVP Health Care, Inc.",Yes,4.0,4.5,4.5
2025,H3307,Local CCP,"OXFORD HEALTH PLANS (NY), INC.",UnitedHealthcare,"UnitedHealth Group, Inc.",No,3.0,3.5,3.0
2025,H3312,Local CCP,AETNA HEALTH INC. (NY),Aetna Medicare,CVS Health Corporation,Yes,4.0,3.5,3.5
2025,H3330,Local CCP,HEALTH INSURANCE PLAN OF GREATER NEW YORK,EmblemHealth,"EmblemHealth, Inc.",No,3.0,4.0,3.5
2025,H3335,Local CCP,"EXCELLUS HEALTH PLAN, INC.","Excellus Health Plan, Inc","Lifetime Healthcare, Inc.",No,4.0,4.5,4.0
2025,H3342,Local CCP,"ANTHEM HEALTHCHOICE ASSURANCE, INC.",Anthem Blue Cross and Blue Shield,"Elevance Health, Inc.",No,,3.5,
2025,H3344,Local CCP,INDEPENDENT HEALTH BENEFITS CORPORATION,Independent Health,"Independent Health Association, Inc.",No,4.5,5.0,4.5
2025,H3347,Local CCP,"ELDERPLAN, INC.",Elderplan,"Elderplan, Inc.",Yes,3.5,3.5,3.5
2025,H3351,Local CCP,"EXCELLUS HEALTH PLAN, INC.","Excellus Health Plan, Inc","Lifetime Healthcare, Inc.",No,4.0,4.5,4.0
2025,H3359,Local CCP,"HEALTHFIRST HEALTH PLAN, INC.",Healthfirst Medicare Plan,"Healthfirst, Inc.",Yes,4.5,4.5,4.5
2025,H3362,Local CCP,"INDEPENDENT HEALTH ASSOCIATION, INC.",Independent Health,"Independent Health Association, Inc.",Yes,4.5,4.5,4.5
2025,H3379,Local CCP,"UNITEDHEALTHCARE OF NEW YORK, INC.",UnitedHealthcare,"UnitedHealth Group, Inc.",Yes,3.5,3.5,3.5
2025,H3384,Local CCP,Highmark Western and Northeastern New York Inc.,Highmark Blue Cross Blue Shield or Highmark Blue S,Highmark Health,No,4.5,4.5,4.5
2025,H3387,Local CCP,"UNITEDHEALTHCARE OF NEW YORK, INC.",UnitedHealthcare,"UnitedHealth Group, Inc.",Yes,3.5,4.0,3.5
2025,H3388,Local CCP,"CAPITAL DISTRICT PHYSICIANS' HEALTH PLAN, INC.",CDPHP Medicare Advantage,"Capital District Physicians' Health Plan, Inc.",No,5.0,4.0,4.5
2025,H3404,Local CCP,BLUE CROSS AND BLUE SHIELD OF NORTH CAROLINA,Blue Cross and Blue Shield of North Carolina,Blue Cross and Blue Shield of North Carolina,No,4.5,4.5,4.5
2025,H3407,Local CCP,"EL PASO FIRST HEALTH PLANS, INC.",El Paso Health Medicare Advantage,El Paso County Hospital District,Yes,,,
2025,H3418,Local CCP,CARE IMPROVEMENT PLUS SOUTH CENTRAL INSURANCE CO.,UnitedHealthcare,"UnitedHealth Group, Inc.",No,3.0,3.0,3.0
2025,H3419,Local CCP,"PERENNIAL ADVANTAGE OF COLORADO, INC.",Perennial Advantage,"Perennial Consortium, LLC",Yes,,,
2025,H3443,Local CCP,"ALIGNMENT HEALTH PLAN OF ARIZONA, INC.",Alignment Health Plan,"Alignment Healthcare USA, LLC",Yes,3.5,4.0,3.5
2025,H3447,Local CCP,"HEALTHKEEPERS, INC.",Anthem HealthKeepers,"Elevance Health, Inc.",Yes,3.5,3.0,3.5
2025,H3449,Local CCP,BLUE CROSS AND BLUE SHIELD OF NORTH CAROLINA,Blue Cross and Blue Shield of North Carolina,Blue Cross and Blue Shield of North Carolina,No,4.5,4.0,4.5
2025,H3467,Local CCP,"PROCARE ADVANTAGE, LLC",ProCare Advantage,First Sacramento Capital Funding LLC,Yes,,3.0,
2025,H3499,Local CCP,COORDINATED CARE CORPORATION,Wellcare by Allwell,Centene Corporation,No,3.0,3.5,3.5
2025,H3528,Local CCP,"CONNECTICARE, INC.",ConnectiCare,"EmblemHealth, Inc.",No,3.5,4.0,3.5
2025,H3533,Local CCP,"HUMANA HEALTH COMPANY OF NEW YORK, INC.",Humana,Humana Inc.,Yes,3.0,3.0,3.0
2025,H3536,Local CCP,"MATTHEW THORNTON HEALTH PLAN, INC.",Anthem Blue Cross and Blue Shield,"Elevance Health, Inc.",No,3.0,2.5,2.5
2025,H3551,Local CCP,ETERNALHEALTH OF ARIZONA INC,eternalHealth,"Eternal Health of Delaware, Inc.",No,,,
2025,H3554,Local CCP,USABLE PPO INSURANCE COMPANY,Arkansas Blue Medicare,USAble Mutual Insurance Company,No,3.5,3.0,3.0
2025,H3557,Local CCP,BLUE CROSS & BLUE SHIELD OF RHODE ISLAND,Blue Cross & Blue Shield of Rhode Island,Blue Cross & Blue Shield of Rhode Island,No,4.0,4.5,4.5
2025,H3561,Local CCP,"HEALTH NET COMMUNITY SOLUTIONS, INC.",Wellcare by Health Net,Centene Corporation,Yes,2.5,2.5,2.5
2025,H3597,Local CCP,AETNA HEALTH INC. (ME),Aetna Medicare,CVS Health Corporation,Yes,4.0,4.5,4.5
2025,H3653,Local CCP,"PARAMOUNT CARE, INC.",Paramount Elite Medicare Plans,MEDICAL MUTUAL OF OHIO,No,4.0,4.0,4.0
2025,H3655,Local CCP,COMMUNITY INSURANCE COMPANY,Anthem Blue Cross and Blue Shield,"Elevance Health, Inc.",Yes,4.0,3.5,3.5
2025,H3660,Local CCP,SUMMACARE INC.,SummaCare Medicare Advantage Plans,Summa Health,No,4.5,4.5,4.5
2025,H3664,Local CCP,AULTCARE HEALTH INSURING CORPORATION,PrimeTime Health Plan,Aultman Health Foundation,No,5.0,4.5,4.5
2025,H3668,Local CCP,"MOUNT CARMEL HEALTH PLAN, INC.",MediGold,Trinity Health Corporation,No,4.0,4.0,4.5
2025,H3672,Local CCP,"THE HEALTH PLAN OF WEST VIRGINIA, INC.",The Health Plan,"The Health Plan of West Virginia, Inc.",Yes,4.0,5.0,4.5
2025,H3706,Local CCP,"GLOBALHEALTH, INC.",GlobalHealth,"MHH Healthcare, L.P.",Yes,4.0,4.0,4.0
2025,H3708,Local CCP,"OKLAHOMA SUPERIOR SELECT, INC.",American Health Advantage of Oklahoma,Mitchell Family Office,Yes,,3.5,
2025,H3727,Local CCP,OH CHS SNP INC.,Communicare Advantage,"SNP Holdings, LLC",Yes,,3.5,
2025,H3748,Local CCP,"AETNA BETTER HEALTH OF WASHINGTON, INC.",Aetna Medicare,CVS Health Corporation,No,3.0,3.5,3.0
2025,H3755,Local CCP,"COMMUNITYCARE GOVERNMENT PROGRAMS, INC.",CommunityCare Senior Health Plan (HMO),St Francis Health System & St John Health System,Yes,4.5,4.0,4.0
2025,H3777,Local CCP,BLUE CROSS AND BLUE SHIELD OF NORTH CAROLINA,Experience Health,Blue Cross and Blue Shield of North Carolina,No,4.0,4.0,4.0
2025,H3794,Local CCP,"UNITEDHEALTHCARE OF WISCONSIN, INC.",UnitedHealthcare,"UnitedHealth Group, Inc.",Yes,3.5,4.0,4.0
2025,H3800,Local CCP,PROVIDER PARTNERS HEALTH PLAN OF ILLINOIS,Provider Partners Health Plans,"Rifkin Managed Care Holding, LLC",Yes,3.5,3.5,3.5
2025,H3805,Local CCP,"UnitedHealthcare Benefits of Texas, Inc.",UnitedHealthcare,"UnitedHealth Group, Inc.",Yes,3.5,3.5,4.0
2025,H3810,Local CCP,"ALLCARE HEALTH PLAN, INC.",AllCare Advantage,"AllCare Health, Inc.",Yes,3.0,3.5,3.0
2025,H3811,Local CCP,"SAMARITAN HEALTH PLANS, INC.",Samaritan Advantage Health Plans,Samaritan Health Services,Yes,3.0,3.5,3.0
2025,H3814,Local CCP,ATRIO HEALTH PLANS,ATRIO Health Plans,ATRIO Health Plans,Yes,2.5,3.0,2.5
2025,H3815,Local CCP,ALIGNMENT HEALTH PLAN,Alignment Health Plan,"Alignment Healthcare USA, LLC",Yes,3.5,4.5,4.0
2025,H3817,Local CCP,REGENCE BLUECROSS BLUESHIELD OF OREGON,Regence BlueCross BlueShield of Oregon,"Cambia Health Solutions, Inc.",No,3.5,3.5,3.5
2025,H3822,Local CCP,HEALTH CARE SERVICE CORPORATION,"Blue Cross and Blue Shield of IL, NM",Health Care Service Corporation,No,3.5,4.0,4.0
2025,H3828,Local CCP,"MOUNT CARMEL HEALTH PLAN OF IDAHO, INC.",Saint Alphonsus Health Plan,Trinity Health Corporation,No,,,
2025,H3832,Local CCP,HAWAII MEDICAL SERVICE ASSOCIATION,HMSA Akamai Advantage,Hawaii Medical Service Association,Yes,3.5,3.5,3.5
2025,H3864,Local CCP,PACIFICSOURCE COMMUNITY HEALTH PLANS,PacificSource Medicare,PacificSource,Yes,3.5,3.5,3.5
2025,H3890,Local CCP,"HOPKINS HEALTH ADVANTAGE, INC.",Johns Hopkins Advantage MD,Johns Hopkins Healthcare LLC,No,3.0,3.5,3.0
2025,H3907,Local CCP,"UPMC HEALTH PLAN, INC.",UPMC for Life,UPMC Health System,No,5.0,4.5,4.5
2025,H3909,Local CCP,QCC INSURANCE COMPANY,Independence Blue Cross,"Independence Health Group, Inc.",No,4.0,3.5,4.0
2025,H3916,Local CCP,HIGHMARK SENIOR HEALTH COMPANY,Highmark Blue Cross Blue Shield or Highmark Blue S,Highmark Health,No,4.5,4.5,4.5
2025,H3923,Local CCP,CAPITAL ADVANTAGE INSURANCE COMPANY,Capital Blue Cross,CAPITAL BLUE CROSS,No,4.5,4.0,4.5
2025,H3924,Local CCP,GEISINGER INDEMNITY INSURANCE COMPANY,Geisinger Gold,"Risant Health, Inc.",No,4.5,4.5,4.5
2025,H3928,Local CCP,AETNA HEALTH INC. (LA),Aetna Medicare,CVS Health Corporation,No,4.5,4.0,4.5
2025,H3931,Local CCP,AETNA HEALTH INC. (PA),Aetna Medicare,CVS Health Corporation,Yes,3.5,4.0,3.5
2025,H3949,Local CCP,"BRAVO HEALTH PENNSYLVANIA, INC.",Cigna Healthcare,The Cigna Group,Yes,3.5,3.5,3.5
2025,H3952,Local CCP,"KEYSTONE HEALTH PLAN EAST, INC.",Independence Blue Cross,"Independence Health Group, Inc.",No,4.5,4.0,4.5
2025,H3954,Local CCP,GEISINGER HEALTH PLAN,Geisinger Gold,"Risant Health, Inc.",Yes,4.5,4.5,4.5
2025,H3957,Local CCP,HIGHMARK CHOICE COMPANY,Highmark Blue Cross Blue Shield or Highmark Blue S,Highmark Health,No,5.0,4.5,5.0
2025,H3959,Local CCP,AETNA HEALTH INC. (PA),Aetna Medicare,CVS Health Corporation,Yes,4.5,4.5,4.5
2025,H3962,Local CCP,"KEYSTONE HEALTH PLAN CENTRAL, INC.",Capital Blue Cross,CAPITAL BLUE CROSS,No,4.5,4.5,4.5
2025,H3975,Local CCP,"WELLCARE HEALTH INSURANCE COMPANY OF KENTUCKY, INC",Wellcare,Centene Corporation,Yes,3.0,3.0,3.5
2025,H3979,Local CCP,"GHS HEALTH MAINTENANCE ORGANIZATION, INC.",Blue Cross and Blue Shield of Oklahoma,Health Care Service Corporation,No,4.0,4.0,4.0
2025,H4003,Local CCP,"MMM HEALTHCARE, LLC",Medicare y Mucho Mas,"Elevance Health, Inc.",Yes,4.0,4.5,4.5
2025,H4004,Local CCP,"MMM HEALTHCARE, LLC",PMC Medicare Choice,"Elevance Health, Inc.",Yes,4.0,3.5,4.0
2025,H4005,Local CCP,"TRIPLE S ADVANTAGE, INC.",Triple-S Advantage,Guidewell Mutual Holding Corporation,No,3.5,4.0,3.5
2025,H4007,Local CCP,"HUMANA HEALTH PLANS OF PUERTO RICO, INC.",Humana,Humana Inc.,Yes,4.0,3.5,4.0
2025,H4036,Local CCP,"ANTHEM INSURANCE COMPANIES, INC.",Anthem Blue Cross and Blue Shield,"Elevance Health, Inc.",Yes,4.0,4.5,4.0
2025,H4045,Local CCP,SANTA CLARA COUNTY HEALTH AUTHORITY,Santa Clara Family Health Plan,SANTA CLARA COUNTY HEALTH AUTHORITY,Yes,2.5,3.5,3.0
2025,H4054,Local CCP,"PROVIDER PARTNERS HEALTH PLAN OF TEXAS, INC.",Provider Partners Health Plans,"Rifkin Managed Care Holding, LLC",Yes,3.0,3.0,2.5
2025,H4073,Local CCP,"WELLCARE HEALTH INSURANCE OF NORTH CAROLINA, INC.",Wellcare,Centene Corporation,Yes,3.5,3.0,3.5
2025,H4091,Local CCP,"SIMPRA ADVANTAGE, INC.",Simpra Advantage,"Associated Care Ventures, Inc.",Yes,,4.5,
2025,H4093,Local CCP,"PROVIDER PARTNERS HEALTH PLAN OF PENNSYLVANIA, INC",Provider Partners Health Plans,"Rifkin Managed Care Holding, LLC",Yes,,2.0,
2025,H4140,Local CCP,"DOCTORS HEALTHCARE PLANS, INC.","Doctors HealthCare Plans, Inc.","DOCTORS HEALTHCARE PLANS, INC.",Yes,4.5,3.0,4.0
2025,H4141,Local CCP,"HUMANA EMPLOYERS HEALTH PLAN OF GEORGIA, INC.",Humana,Humana Inc.,Yes,4.0,3.0,4.0
2025,H4152,Local CCP,BLUE CROSS & BLUE SHIELD OF RHODE ISLAND,Blue Cross & Blue Shield of Rhode Island,Blue Cross & Blue Shield of Rhode Island,Yes,4.0,4.5,4.5
2025,H4161,Local CCP,"BLUE CROSS OF CALIFORNIA PARTNERSHIP PLAN, INC.",Anthem Blue Cross Partnership Plan,"Elevance Health, Inc.",Yes,3.0,3.5,3.0
2025,H4172,Local CCP,"NHC ADVANTAGE, LLC",NHC Advantage,"Missouri Healthcare Advisors, LLC",Yes,3.5,4.0,4.0
2025,H4213,PFFS,USABLE MUTUAL INSURANCE COMPANY,Arkansas Blue Medicare,USAble Mutual Insurance Company,No,3.5,3.0,3.5
2025,H4227,Local CCP,"VISTA HEALTH PLAN, INC.",VISTA Health Plan Inc.,"Independence Health Group, Inc.",Yes,4.0,3.5,3.5
2025,H4232,Local CCP,"AMERICAN HEALTH PLAN OF UT, INC.",American Health Advantage of Utah,Mitchell Family Office,Yes,,3.5,
2025,H4279,Local CCP,"UPMC FOR YOU, INC",UPMC for Life Complete Care,UPMC Health System,Yes,3.5,4.5,4.0
2025,H4286,Local CCP,"LEON HEALTH, INC.","Leon Health, Inc.","LMC Family Holdings, LLC",Yes,5.0,5.0,5.0
2025,H4346,Local CCP,"HMO COLORADO, INC.",Anthem Blue Cross and Blue Shield,"Elevance Health, Inc.",Yes,3.0,3.5,3.0
2025,H4407,Local CCP,"HEALTHSPRING LIFE & HEALTH INSURANCE COMPANY, INC.",Cigna Healthcare,The Cigna Group,Yes,4.5,4.0,4.0
2025,H4439,Local CCP,PROVIDER PARTNERS HEALTH PLAN OF NORTH CAROLINA,Provider Partners Health Plans,"Rifkin Managed Care Holding, LLC",Yes,,,
2025,H4444,Local CCP,PROVIDER PARTNERS HEALTH PLAN OF INDIANA,Provider Partners Health Plan of Indiana,"Rifkin Managed Care Holding, LLC",Yes,,,
2025,H4461,Local CCP,CARITEN HEALTH PLAN INC.,Humana,Humana Inc.,Yes,4.5,4.0,4.5
2025,H4471,Local CCP,"BLUE CROSS OF CALIFORNIA PARTNERSHIP PLAN, INC.",Anthem Blue Cross,"Elevance Health, Inc.",Yes,,,
2025,H4490,Local CCP,"AMERICAN HEALTH PLAN OF MISSOURI, INC.",American Health Advantage of Missouri,Mitchell Family Office,Yes,,4.0,
2025,H4497,Local CCP,MEDICAL MUTUAL OF OHIO,Medical Mutual of Ohio,MEDICAL MUTUAL OF OHIO,No,4.0,4.0,4.0
2025,H4499,Local CCP,SENTARA HEALTH PLANS,Sentara Medicare,Sentara Health Care (SHC),Yes,,,
2025,H4506,Local CCP,"SELECTCARE OF TEXAS, INC.",Wellcare,Centene Corporation,No,3.5,4.0,3.5
2025,H4513,Local CCP,"HEALTHSPRING LIFE & HEALTH INSURANCE COMPANY, INC.",Cigna Healthcare,The Cigna Group,Yes,4.5,4.0,4.5
2025,H4514,Local CCP,"UNITEDHEALTHCARE COMMUNITY PLAN OF TEXAS, L.L.C.",UnitedHealthcare,"UnitedHealth Group, Inc.",Yes,3.5,3.5,3.5
2025,H4523,Local CCP,AETNA HEALTH INC. (TX),Aetna Medicare,CVS Health Corporation,Yes,3.5,4.0,4.0
2025,H4527,Local CCP,"PHYSICIANS HEALTH CHOICE OF TEXAS, LLC",UnitedHealthcare,"UnitedHealth Group, Inc.",Yes,4.5,4.5,4.5
2025,H4537,Local CCP,"WELLCARE HEALTH INSURANCE COMPANY OF OKLAHOMA, INC",Wellcare,Centene Corporation,Yes,,3.5,
2025,H4544,Local CCP,"PEOPLES HEALTH, INC.",Peoples Health,"UnitedHealth Group, Inc.",No,3.5,3.0,3.5
2025,H4604,Local CCP,"UNITEDHEALTHCARE OF THE ROCKIES, INC.",UnitedHealthcare,"UnitedHealth Group, Inc.",Yes,3.5,4.5,3.5
2025,H4605,Local CCP,REGENCE BLUECROSS BLUESHIELD OF UTAH,Regence BlueCross BlueShield of Utah,"Cambia Health Solutions, Inc.",No,4.5,3.5,4.0
2025,H4618,Local CCP,"SONDER HEALTH PLANS, INC.","Sonder Health Plans, Inc.","Avian Health Holdings, LLC",No,,,
2025,H4620,Local CCP,"ESSENCE HEALTHCARE OF OHIO, INC.",Essence Healthcare,Lumeris Group Holdings Corporation,No,,,
2025,H4623,Local CCP,"HUMANA REGIONAL HEALTH PLAN, INC.",Humana,Humana Inc.,No,3.5,3.5,3.5
2025,H4624,Local CCP,"ZING HEALTH OF MICHIGAN, INC.",Zing Health,"Zing Health Consolidator, Inc",Yes,3.0,3.5,3.5
2025,H4647,Local CCP,"NEW CENTURY HEALTH PLAN, INC.",UCLA Health Medicare Advantage Plan,The Regents of the University of California,No,,,
2025,H4661,Local CCP,CELTIC INSURANCE COMPANY,Wellcare,Centene Corporation,Yes,,,
2025,H4676,Local CCP,"TROY HEALTH, INC.",Troy Medicare,"Troy Holdings, Inc.",Yes,3.0,3.5,3.5
2025,H4694,Local CCP,"HEALTHKEEPERS, INC.",Anthem HealthKeepers,"Elevance Health, Inc.",Yes,,,
2025,H4704,Local CCP,ANTHEM BLUE CROSS LIFE AND HEALTH INS COMPANY,Anthem Blue Cross Life and Health Insurance Compan,"Elevance Health, Inc.",Yes,,,
2025,H4711,Local CCP,"COVENTRY HEALTH CARE OF NEBRASKA, INC.",Aetna Medicare,CVS Health Corporation,Yes,3.0,3.5,3.5
2025,H4733,Local CCP,COMMUNITY HEALTH GROUP,Community Health Group,Community Health Group,Yes,3.0,3.0,3.0
2025,H4739,Local CCP,"SELECT HEALTH OF SOUTH CAROLINA, INC.",First Choice VIP Care (HMO-D-SNP),"Independence Health Group, Inc.",Yes,,,
2025,H4754,Local CCP,PACIFICSOURCE COMMUNITY HEALTH PLANS,PacificSource Medicare,PacificSource,No,3.5,3.5,3.5
2025,H4801,Local CCP,GHS INSURANCE COMPANY,"Blue Cross and Blue Shield of OK, TX",Health Care Service Corporation,No,3.5,2.5,3.0
2025,H4808,Local CCP,DEVOTED HEALTH INSURANCE COMPANY OF COLORADO INC,Devoted Health,"Devoted Health, Inc.",No,,3.0,
2025,H4835,Local CCP,AETNA BETTER HEALTH OF OKLAHOMA INC.,Aetna Medicare,CVS Health Corporation,No,3.0,3.5,3.0
2025,H4847,Local CCP,"WELLCARE OF SOUTH CAROLINA, INC.",Wellcare,Centene Corporation,Yes,3.5,3.0,3.5
2025,H4868,Local CCP,NEW YORK QUALITY HEALTHCARE CORPORATION,Wellcare,Centene Corporation,Yes,3.0,3.5,3.5
2025,H4869,Local CCP,GOLD KIDNEY OF ARIZONA,Gold Kidney Health Plan,Gold Kidney Health Plan,Yes,,,
2025,H4875,Local CCP,PRIORITY HEALTH,Priority Health Medicare,Corewell Health,No,4.5,4.5,4.5
2025,H4882,Local CCP,"HEALTHPARTNERS, INC.",HealthPartners,"HealthPartners, Inc.",No,4.0,3.5,4.0
2025,H4909,Local CCP,"ANTHEM INSURANCE COMPANIES, INC.",Anthem Blue Cross and Blue Shield,"Elevance Health, Inc.",No,3.5,3.0,3.0
2025,H4931,Local CCP,BANNER - UNIVERSITY CARE ADVANTAGE,Banner Medicare Advantage,Banner Health,Yes,3.0,3.5,3.5
2025,H4937,Local CCP,CALIFORNIA PHYSICIANS' SERVICE,Blue Shield of California,California Physicians' Service,No,2.5,3.0,2.5
2025,H4943,Local CCP,Scott & White Care Plans,Baylor Scott & White Health Plan,Baylor Scott & White Holdings,No,,,
2025,H4961,Local CCP,ALIGNMENT HEALTH PLAN,Alignment Health Plan,"Alignment Healthcare USA, LLC",No,4.5,5.0,4.5
2025,H4982,Local CCP,AETNA BETTER HEALTH OF CALIFORNIA INC.,Aetna Medicare,CVS Health Corporation,Yes,2.5,3.0,2.5
2025,H5008,Local CCP,CARE IMPROVEMENT PLUS SOUTH CENTRAL INSURANCE CO.,UnitedHealthcare,"UnitedHealth Group, Inc.",Yes,3.0,3.0,3.0
2025,H5009,Local CCP,REGENCE BLUESHIELD,Regence BlueShield,"Cambia Health Solutions, Inc.",No,3.0,3.5,3.0
2025,H5010,Local CCP,ASURIS NORTHWEST HEALTH,Asuris Northwest Health,"Cambia Health Solutions, Inc.",No,3.0,3.0,3.0
2025,H5015,Local CCP,"TEXAS INDEPENDENCE HEALTH PLAN, INC.",Texas Independence Health Plan,Regency ISNP Holdings LLC,Yes,5.0,4.5,4.5
2025,H5042,Local CCP,"CDPHP UNIVERSAL BENEFITS, INC.",CDPHP Medicare Advantage,"Capital District Physicians' Health Plan, Inc.",No,5.0,4.0,4.5
2025,H5050,Local CCP,KAISER FOUNDATION HEALTH PLAN OF WASHINGTON,Kaiser Permanente,"Kaiser Foundation Health Plan, Inc.",No,3.5,5.0,4.0
2025,H5087,Local CCP,"WELLCARE OF CALIFORNIA, INC.",Wellcare,Centene Corporation,No,3.0,3.5,3.0
2025,H5106,Local CCP,HIGHMARK SENIOR SOLUTIONS COMPANY,Highmark Blue Cross Blue Shield,Highmark Health,No,4.5,4.0,4.5
2025,H5117,Local CCP,"LOUISIANA HEALTHCARE CONNECTIONS, INC.",Wellcare by Allwell,Centene Corporation,No,,,
2025,H5141,Local CCP,CLOVER INSURANCE COMPANY,Clover Health,"Clover Health Holdings, Inc.",No,4.0,3.5,4.0
2025,H5163,Local CCP,VERDA HEALTH PLAN OF TEXAS INC,Verda Health Plan of Texas,"Verda Healthcare, Inc.",Yes,,,
2025,H5178,Local CCP,"HUMANA HEALTH PLAN, INC.",Humana,Humana Inc.,No,,,
2025,H5190,Local CCP,"SUNSHINE STATE HEALTH PLAN, INC.",Wellcare by Allwell,Centene Corporation,No,,,
2025,H5209,Local CCP,"Molina Healthcare of Wisconsin, Inc.",My Choice Wisconsin,"Molina Healthcare, Inc.",Yes,3.5,3.5,3.5
2025,H5211,Local CCP,"SECURITY HEALTH PLAN OF WISCONSIN, INC.","Security Health Plan of Wisconsin, Inc.","Marshfield Clinic Health System, Inc.",Yes,3.5,4.0,4.0
2025,H5215,Local CCP,NETWORK HEALTH INSURANCE CORPORATION,Network Health Medicare Advantage Plans,"Network Health, Inc.",Yes,5.0,5.0,5.0
2025,H5216,Local CCP,HUMANA INSURANCE COMPANY,Humana,Humana Inc.,Yes,3.5,3.5,3.5
2025,H5232,Local CCP,PARAMOUNT INSURANCE COMPANY,Paramount Elite Medicare Plans,MEDICAL MUTUAL OF OHIO,No,,,
2025,H5244,Local CCP,SCAN HEALTH PLAN NEW MEXICO,SCAN Health Plan New Mexico,SCAN Group,Yes,,,
2025,H5253,Local CCP,"UNITEDHEALTHCARE OF WISCONSIN, INC.",UnitedHealthcare,"UnitedHealth Group, Inc.",Yes,4.0,4.5,4.0
2025,H5256,1876 Cost,MEDICAL ASSOCIATES CLINIC HEALTH PLAN,Medical Associates Clinic Health Plan of Wisconsin,"Medical Associates Clinic, P.C.",No,5.0,,
2025,H5262,Local CCP,QUARTZ HEALTH PLAN CORPORATION,Quartz Medicare Advantage,University of Wisconsin Hospitals and Clincs Autho,Yes,3.5,4.0,4.0
2025,H5264,1876 Cost,"DEAN HEALTH PLAN, INC.","Dean Health Plan, Inc.",Medica Holding Company,No,5.0,,
2025,H5273,Local CCP,"CAREPARTNERS OF CONNECTICUT, INC.",CarePartners of Connecticut,"Point32Health, Inc.",No,3.5,3.5,3.5
2025,H5280,Demo,"MOLINA HEALTHCARE OF OHIO, INC.",Molina Healthcare of Ohio,"Molina Healthcare, Inc.",No,,,
2025,H5294,Local CCP,"SUPERIOR HEALTHPLAN, INC.",Wellcare by Allwell,Centene Corporation,Yes,3.0,3.5,3.5
2025,H5296,Local CCP,"ALIGNMENT HEALTH PLAN OF NORTH CAROLINA, INC.",Alignment Health Plan,"Alignment Healthcare USA, LLC",Yes,5.0,5.0,5.0
2025,H5299,Local CCP,DEVOTED HEALTH PLAN OF NORTH CAROLINA INC,Devoted Health,"Devoted Health, Inc.",Yes,4.5,4.0,4.5
2025,H5302,Local CCP,AETNA HEALTH INC. (GA),Aetna Medicare,CVS Health Corporation,Yes,4.0,4.0,4.5
2025,H5309,Local CCP,AETNA HEALTH OF CALIFORNIA INC.,Aetna Medicare,CVS Health Corporation,No,,,
2025,H5322,Local CCP,CARE IMPROVEMENT PLUS SOUTH CENTRAL INSURANCE CO.,UnitedHealthcare,"UnitedHealth Group, Inc.",Yes,3.5,3.5,4.0
2025,H5325,Local CCP,"COVENTRY HEALTH CARE OF KANSAS, INC.",Aetna Medicare,CVS Health Corporation,Yes,4.5,4.0,4.5
2025,H5361,Local CCP,AMERIHEALTH INSURANCE COMPANY OF NEW JERSEY,AmeriHealth,"Independence Health Group, Inc.",No,,,
2025,H5374,Local CCP,"LONGEVITY HEALTH PLAN OF NORTH CAROLINA, INC.",Longevity Health Plan,"Longevity Health Founders, LLC",Yes,4.0,4.0,4.0
2025,H5377,Local CCP,"HUMANA MEDICAL PLAN OF PENNSYLVANIA, INC.",Humana,Humana Inc.,No,4.0,3.5,4.0
2025,H5386,Local CCP,SHARP HEALTH PLAN,Sharp Health Plan,Sharp Healthcare,No,4.0,3.5,4.0
2025,H5398,Local CCP,CENTENE VENTURE COMPANY KANSAS,Wellcare by Allwell,Centene Corporation,No,3.0,3.5,3.0
2025,H5410,Local CCP,"HEALTHSPRING OF FLORIDA, INC.",Cigna Healthcare,The Cigna Group,Yes,3.0,2.5,3.0
2025,H5420,Local CCP,"Preferred Care Network, Inc.",UnitedHealthcare,"UnitedHealth Group, Inc.",Yes,4.5,4.0,4.5
2025,H5422,Local CCP,BLUE CROSS BLUE SHIELD HEALTHCARE PLAN OF GEORGIA,Anthem Blue Cross and Blue Shield,"Elevance Health, Inc.",Yes,3.5,3.0,3.5
2025,H5425,Local CCP,SCAN HEALTH PLAN,SCAN Health Plan,SCAN Group,Yes,4.0,5.0,4.5
2025,H5427,Local CCP,"FREEDOM HEALTH, INC.","Freedom Health, Inc.","Elevance Health, Inc.",Yes,3.5,4.0,4.0
2025,H5431,Local CCP,"HEALTHSUN HEALTH PLANS, INC.","HealthSun Health Plans, Inc.","Elevance Health, Inc.",Yes,5.0,4.0,5.0
2025,H5433,Local CCP,ORANGE COUNTY HEALTH AUTHORITY,CalOptima Health OneCare,Orange County Health Authority,Yes,3.0,3.0,2.5
2025,H5434,Local CCP,"BLUE CROSS AND BLUE SHIELD OF FLORIDA, INC.",Florida Blue,Guidewell Mutual Holding Corporation,No,3.5,3.5,3.5
2025,H5435,PFFS,CARE IMPROVEMENT PLUS SOUTH CENTRAL INSURANCE CO.,UnitedHealthcare,"UnitedHealth Group, Inc.",No,3.0,3.0,3.0
2025,H5439,Local CCP,HEALTH NET LIFE INSURANCE COMPANY,Wellcare by Health Net,Centene Corporation,No,3.5,3.5,3.0
2025,H5447,Local CCP,"COMMUNITY FIRST HEALTH PLANS, INC.",Community First,Bexar County Hospital District,Yes,,,
2025,H5453,Local CCP,DEVOTED HEALTH INSURANCE COMPANY OF GEORGIA INC,Devoted Health,"Devoted Health, Inc.",No,,,
2025,H5454,Local CCP,"CLEAR SPRING HEALTH OF ILLINOIS, INC.",Clear Spring Health,Group 1001,Yes,,,
2025,H5471,Local CCP,"SIMPLY HEALTHCARE PLANS, INC.","Simply Healthcare Plans, Inc.","Elevance Health, Inc.",Yes,4.0,3.5,4.5
2025,H5472,Local CCP,ALIGNMENT HEALTH INSURANCE COMPANY OF ARIZONA INC,Alignment Health Plan,"Alignment Healthcare USA, LLC",Yes,,,
2025,H5475,Local CCP,"MERIDIAN HEALTH PLAN OF MICHIGAN, INC.",Wellcare,Centene Corporation,Yes,3.0,3.0,3.0
2025,H5496,Local CCP,"IMPERIAL HEALTH PLAN OF CALIFORNIA, INC.","Imperial Health Plan of California, Inc.",Imperial Health Plan of California,Yes,3.5,3.5,3.5
2025,H5521,Local CCP,AETNA LIFE INSURANCE COMPANY,Aetna Medicare,CVS Health Corporation,Yes,4.0,4.5,4.5
2025,H5522,Local CCP,AETNA LIFE INSURANCE COMPANY,Aetna Medicare,CVS Health Corporation,Yes,4.0,5.0,4.5
2025,H5525,Local CCP,"HUMANA BENEFIT PLAN OF ILLINOIS, INC.",Humana,Humana Inc.,Yes,3.5,3.0,3.5
2025,H5526,Local CCP,Highmark Western and Northeastern New York Inc.,Highmark Blue Cross Blue Shield or Highmark Blue S,Highmark Health,No,4.0,4.0,4.0
2025,H5528,Local CCP,"EMBLEMHEALTH PLAN, INC.",EmblemHealth,"EmblemHealth, Inc.",No,,,
2025,H5533,Local CCP,"UPMC HEALTH NETWORK, INC.",UPMC for Life,UPMC Health System,No,4.5,4.0,4.5
2025,H5549,Local CCP,VNS CHOICE,VNS Health Medicare,Visiting Nurse Service of New York,Yes,3.0,3.5,3.5
2025,H5577,Local CCP,"MCS ADVANTAGE, INC.",MCS Classicare,"MHH Healthcare, L.P.",Yes,4.5,5.0,5.0
2025,H5580,Local CCP,MERCY CARE,Mercy Care Advantage,Mercy Care,Yes,3.0,2.5,2.5
2025,H5587,Local CCP,"HEALTH CHOICE ARIZONA, INC.",BCBSAZ Health Choice,Blue Cross Blue Shield of Arizona,Yes,2.5,4.0,3.0
2025,H5590,Local CCP,"Bridgeway Health Solutions of Arizona, Inc.",Wellcare by Allwell,Centene Corporation,Yes,3.0,3.5,3.5
2025,H5591,Local CCP,"MARTIN'S POINT GENERATIONS ADVANTAGE, INC.",Martin's Point Generations Advantage,"Martin's Point Health Care, Inc.",No,3.5,4.0,4.0
2025,H5593,Local CCP,AETNA HEALTH OF IOWA INC.,Aetna Medicare,CVS Health Corporation,Yes,4.0,4.0,4.5
2025,H5594,Local CCP,"OPTIMUM HEALTHCARE, INC.","Optimum HealthCare, Inc.","Elevance Health, Inc.",Yes,5.0,4.0,5.0
2025,H5599,Local CCP,NEW YORK QUALITY HEALTHCARE CORPORATION,Wellcare by Fidelis Care,Centene Corporation,Yes,3.0,3.5,3.5
2025,H5608,Local CCP,"DENVER HEALTH MEDICAL PLAN, INC.",Elevate Medicare Advantage,Denver Health and Hospital Authority,Yes,3.5,4.0,3.5
2025,H5619,Local CCP,"ARCADIAN HEALTH PLAN, INC.",Humana,Humana Inc.,Yes,3.5,3.5,3.5
2025,H5628,Local CCP,"MOLINA HEALTHCARE OF UTAH, INC.",Molina Healthcare of Utah & Idaho,"Molina Healthcare, Inc.",Yes,3.0,3.0,3.0
2025,H5644,Local CCP,NETWORK HEALTH INSURANCE CORPORATION,Network Health Medicare Advantage Plans,"Network Health, Inc.",No,,,
2025,H5649,Local CCP,"CENTRAL HEALTH PLAN OF CALIFORNIA, INC.",Central Health Medicare Plan,"Molina Healthcare, Inc.",Yes,2.5,2.5,2.5
2025,H5652,Local CCP,"SIERRA HEALTH AND LIFE INSURANCE COMPANY, INC.",UnitedHealthcare,"UnitedHealth Group, Inc.",Yes,4.5,5.0,5.0
2025,H5703,Local CCP,SOUTH COUNTRY HEALTH ALLIANCE,South Country Health Alliance,South Country Health Alliance,Yes,,4.0,
2025,H5718,Local CCP,DEVOTED HEALTH INSURANCE COMPANY OF KENTUCKY INC,Devoted Health,"Devoted Health, Inc.",No,,,
2025,H5774,Local CCP,"TRIPLE S ADVANTAGE, INC.",Triple S Advantage,Guidewell Mutual Holding Corporation,Yes,4.0,3.5,4.0
2025,H5779,Local CCP,"MERIDIAN HEALTH PLAN OF ILLINOIS, INC.",Wellcare,Centene Corporation,No,2.5,3.0,3.0
2025,H5793,Local CCP,AETNA HEALTH INC. (CT),Aetna Medicare,CVS Health Corporation,Yes,3.5,4.5,4.0
2025,H5810,Local CCP,MOLINA HEALTHCARE OF CALIFORNIA,Molina Healthcare of California,"Molina Healthcare, Inc.",No,3.5,3.5,3.5
2025,H5823,Local CCP,"MOLINA HEALTHCARE OF WASHINGTON, INC.","Molina Healthcare of Washington, Inc.","Molina Healthcare, Inc.",Yes,3.0,3.5,3.0
2025,H5826,Local CCP,COMMUNITY HEALTH PLAN OF WASHINGTON,Community Health Plan of WA Medicare Advantage,Community Health Plan of Washington,Yes,2.5,3.5,3.0
2025,H5828,Local CCP,"WELLPOINT TENNESSEE, INC.",Wellpoint,"Elevance Health, Inc.",Yes,3.0,3.0,3.0
2025,H5843,Local CCP,"BANNER HEALTH PLAN, INC.",Banner Medicare Advantage,Banner Health,No,3.0,4.0,3.5
2025,H5852,Local CCP,AIDS HEALTHCARE FOUNDATION,AHF,AIDS Healthcare Foundation,Yes,3.5,3.5,3.5
2025,H5854,Local CCP,"ANTHEM HEALTH PLANS, INC.",Anthem Blue Cross and Blue Shield,"Elevance Health, Inc.",Yes,3.5,3.5,3.5
2025,H5859,Local CCP,"HEALTH PLAN OF CAREOREGON, INC.",CareOregon Advantage,"CareOregon, Inc.",Yes,3.0,4.0,3.5
2025,H5883,Local CCP,BLUE CARE NETWORK OF MICHIGAN,Blue Care Network,Blue Cross Blue Shield of Michigan Mutual Ins. Co.,No,4.5,4.5,4.5
2025,H5900,Local CCP,"WELLMARK ADVANTAGE HEALTH PLAN, INC.",Wellmark Advantage Health Plan,Blue Cross Blue Shield of Michigan Mutual Ins. Co.,No,4.5,4.5,4.5
2025,H5926,Local CCP,"MOLINA HEALTHCARE OF MICHIGAN, INC.",Molina Healthcare of Michigan,"Molina Healthcare, Inc.",Yes,3.0,3.5,3.0
2025,H5928,Local CCP,California Physicians' Service,Blue Shield of California,California Physicians' Service,No,3.5,3.5,3.5
2025,H5932,Local CCP,"GATEWAY HEALTH PLAN, INC.",Highmark Wholecare Medicare Assured,Highmark Health,Yes,4.5,4.5,4.5
2025,H5937,Local CCP,UCARE MINNESOTA,UCare,UCare Minnesota,Yes,3.5,3.0,3.0
2025,H5938,Local CCP,CAPITAL HEALTH PLAN,Capital Health Plan,Guidewell Mutual Holding Corporation,No,4.5,4.5,4.5
2025,H5943,Local CCP,SCAN HEALTH PLAN,VillageHealth,SCAN Group,Yes,3.0,3.5,3.0
2025,H5945,Local CCP,PROMINENCE HEALTHFIRST,Prominence Health Plan,"Universal Health Services, Inc.",Yes,3.5,4.0,4.0
2025,H5959,Local CCP,"BCBSM, Inc.",Blue Cross and Blue Shield of Minnesota,"Aware Integrated, Inc.",No,4.0,4.5,4.0
2025,H5965,Local CCP,WELLCARE HEALTH INSURANCE COMPANY OF WASHINGTON,Wellcare,Centene Corporation,Yes,2.0,3.0,2.5
2025,H5969,Local CCP,ALOHACARE,AlohaCare,AlohaCare,Yes,2.5,3.5,3.0
2025,H5970,Local CCP,HUMANA INSURANCE COMPANY OF NEW YORK,Humana,Humana Inc.,Yes,3.5,3.0,3.5
2025,H5989,Local CCP,"HEALTHFIRST HEALTH PLAN, INC.",Healthfirst Medicare Plan,"Healthfirst, Inc.",No,3.0,3.0,3.0
2025,H5991,Local CCP,HEALTH INSURANCE PLAN OF GREATER NEW YORK,EmblemHealth,"EmblemHealth, Inc.",Yes,3.0,3.5,3.5
2025,H5992,Local CCP,"SENIOR WHOLE HEALTH OF NEW YORK, INC.",Senior Whole Health of New York,"Molina Healthcare, Inc.",Yes,,4.5,
2025,H5995,Local CCP,ATRIO HEALTH PLANS,ATRIO Health Plans,ATRIO Health Plans,No,2.5,3.5,3.0
2025,H6018,Local CCP,DEVOTED HEALTH INSURANCE COMPANY OF PENNSYLVANIA I,Devoted Health,"Devoted Health, Inc.",No,,,
2025,H6019,Local CCP,SAN MATEO HEALTH COMMISSION,HEALTH PLAN OF SAN MATEO,Health Plan of San Mateo,Yes,3.0,3.5,3.0
2025,H6078,Local CCP,"Group Retiree Health Solutions, Inc.",Blue Medicare Advantage,"Elevance Health, Inc.",No,3.5,3.0,3.0
2025,H6080,Demo,"MERIDIAN HEALTH PLAN OF ILLINOIS, INC.",Meridian Medicare-Medicaid Plan (MMP),Centene Corporation,No,,,
2025,H6130,MSA,FENYX HEALTH INSURANCE COMPANY,Fenyx Health,"Fenyx Health Holdings, Inc.",No,,,
2025,H6154,Local CCP,MEDICA HEALTH PLANS,Medica,Medica Holding Company,No,3.5,3.0,3.0
2025,H6158,Local CCP,"USABLE HMO, INC.",Arkansas Blue Medicare,USAble Mutual Insurance Company,No,3.5,3.0,3.5
2025,H6170,Local CCP,CHAMPION HEALTH PLAN OF CALIFORNIA INC,Champion Heath Plan,"Champion Health Plans-USA, LLC.",Yes,,,
2025,H6200,Local CCP,"ESSENCE HEALTHCARE PPO, INC.",Essence Healthcare,Lumeris Group Holdings Corporation,No,4.0,3.5,4.0
2025,H6202,Local CCP,NEXTBLUE OF NORTH DAKOTA INSURANCE COMPANY,NextBlue of North Dakota,Blue Cross Blue Shield of Michigan Mutual Ins. Co.,No,4.0,4.5,4.0
2025,H6237,Local CCP,REGENCE BLUECROSS BLUESHIELD OF OREGON,Regence BlueCross BlueShield of Oregon,"Cambia Health Solutions, Inc.",No,3.5,3.5,3.0
2025,H6248,Local CCP,COMMUNITY HEALTH GROUP,Community Health Group,Community Health Group,Yes,,,
2025,H6306,Local CCP,FIRSTCAROLINACARE INSURANCE COMPANY,FirstMedicare Direct,The Carle Foundation,No,4.5,3.5,4.0
2025,H6316,Local CCP,"MISSOURI CARE, INCORPORATED",Healthy Blue,"Elevance Health, Inc.",Yes,,,
2025,H6322,Local CCP,"MCLAREN HEALTH PLAN, INC.",McLaren Medicare,McLaren Health Care Corporation,No,3.0,3.0,3.0
2025,H6345,Local CCP,"PRUITTHEALTH PREMIER NORTH CAROLINA, LLC",PruittHealth Premier,"UNICO Services, Inc.",Yes,,4.5,
2025,H6348,Local CCP,COORDINATED CARE CORPORATION,Wellcare by Allwell,Centene Corporation,No,3.0,3.5,3.5
2025,H6351,Local CCP,"LIBERTY ADVANTAGE, LLC",Liberty Medicare Advantage,Liberty Healthcare Insurance,Yes,,3.5,
2025,H6378,Local CCP,AMERIHEALTH CARITAS FLORIDA INC,AmeriHealth Caritas VIP Care (HMO-D-SNP),"Independence Health Group, Inc.",Yes,,,
2025,H6379,Local CCP,"CLEAR SPRING HEALTH (CO), INC.",Clear Spring Health,Group 1001,Yes,,,
2025,H6396,Local CCP,"CARESOURCE OHIO, INC.",CareSource,CareSource,Yes,3.5,3.5,3.5
2025,H6399,Local CCP,AETNA BETTER HEALTH INC. (NJ),Aetna Better Health of New Jersey,CVS Health Corporation,Yes,3.0,3.0,3.0
2025,H6453,Local CCP,"HMO LOUISIANA, INC.",Blue Cross and Blue Shield of Louisiana,Louisiana Health Service & Indemnity Company,Yes,3.5,4.0,3.5
2025,H6474,Local CCP,RENAL PAYER SOLUTIONS INC,Champion Health Plan,"Champion Health Plans-USA, LLC.",Yes,,,
2025,H6529,Local CCP,"SOUTHEASTERN INDIANA HEALTH ORGANIZATION, INC.",MyTruAdvantage,"SIHO Holding, Inc.",No,4.5,3.5,4.0
2025,H6545,Local CCP,"Devoted Health Insurance of Illinois, Inc.",Devoted Health,"Devoted Health, Inc.",No,3.0,3.5,3.5
2025,H6550,Local CCP,"SUNFLOWER STATE HEALTH PLAN, INC.",Wellcare by Allwell,Centene Corporation,Yes,3.0,3.0,3.0
2025,H6586,Local CCP,"DEVOTED HEALTH INSURANCE COMPANY OF ARIZONA, INC.",Devoted Health,"Devoted Health, Inc.",No,,3.0,
2025,H6595,Local CCP,"UNITEDHEALTHCARE OF WISCONSIN, INC.",UnitedHealthcare,"UnitedHealth Group, Inc.",Yes,3.5,3.0,4.0
2025,H6622,Local CCP,HUMANA WI HEALTH ORGANIZATION INSURANCE CORP,Humana,Humana Inc.,Yes,3.5,3.5,3.5
2025,H6652,Local CCP,"AMERICAN HEALTH PLAN OF FL, INC.",American Health Advantage of Florida,Mitchell Family Office,Yes,,,
2025,H6672,Local CCP,"CLEAR SPRING HEALTH (GA), INC.",Clear Spring Health,Group 1001,Yes,,,
2025,H6706,Local CCP,"UnitedHealthcare Benefits of Texas, Inc.",UnitedHealthcare,"UnitedHealth Group, Inc.",No,,,
2025,H6713,Local CCP,"WELLCARE OF ILLINOIS, INC.",Wellcare,Centene Corporation,No,3.0,3.0,3.0
2025,H6723,Local CCP,MEDICAL MUTUAL OF OHIO,Medical Mutual of Ohio,MEDICAL MUTUAL OF OHIO,No,4.5,4.0,4.0
2025,H6727,Local CCP,UNIVERSITY OF MICHIGAN HEALTH MEDICARE,University of Michigan Health Plan,University of Michigan Health,No,,,
2025,H6743,Local CCP,ATRIO HEALTH PLANS,ATRIO Health Plans,ATRIO Health Plans,No,3.0,4.0,3.0
2025,H6765,Local CCP,AMERICAN HEALTH PLAN OF IOWA INC,Iowa Health Advantage,Mitchell Family Office,Yes,,5.0,
2025,H6776,Local CCP,"ELDERSERVE HEALTH, INC.",RiverSpring Health Plans,RiverSpring Living Holding Corp.,Yes,,3.0,
2025,H6813,Local CCP,DEVOTED HEALTH INSURANCE COMPANY OF TEXAS INC,Devoted Health,"Devoted Health, Inc.",No,,3.5,
2025,H6815,Local CCP,"HEALTH NET HEALTH PLAN OF OREGON, INC.",Wellcare by Health Net,Centene Corporation,No,3.0,3.0,3.0
2025,H6830,Local CCP,CENTENE VENTURE COMPANY KANSAS,Wellcare by Allwell,Centene Corporation,No,,3.0,
2025,H6832,Local CCP,"ALIGN SENIOR CARE MI, LLC",Align Senior Care,"Curana Health Holdings, LLC",Yes,,3.0,
2025,H6847,Local CCP,"Mass General Brigham Health Plan, Inc.",Mass General Brigham Health Plan,Mass General Brigham Incorporated,No,,,
2025,H6851,Local CCP,"BOSTON MEDICAL CENTER HEALTH PLAN, INC.",WellSense Health Plan,"BMC Health System, Inc.",No,2.5,3.5,2.5
2025,H6852,Local CCP,DEVOTED HEALTH PLAN OF PENNSYLVANIA INC,Devoted Health,"Devoted Health, Inc.",Yes,,4.0,
2025,H6870,Demo,"SUPERIOR HEALTHPLAN, INC.",Superior HealthPlan,Centene Corporation,No,,,
2025,H6874,Local CCP,"ASPIRUS HEALTH PLAN, INC.",Aspirus Health Plan,"Aspirus, Inc.",No,4.0,4.0,4.0
2025,H6876,Local CCP,"ZING HEALTH OF MICHIGAN, INC.",Zing Health,"Zing Health Consolidator, Inc",Yes,,,
2025,H6891,Local CCP,"AMERICAN HEALTH PLAN OF TX, INC.",American Health Advantage of Texas,Mitchell Family Office,Yes,,2.5,
2025,H6898,Local CCP,"VERMONT BLUE ADVANTAGE, INC.",Vermont Blue Advantage,Blue Cross Blue Shield of Michigan Mutual Ins. Co.,No,3.5,5.0,3.5
2025,H6910,Local CCP,"MOUNT CARMEL HEALTH PLAN OF IDAHO, INC.",Saint Alphonsus Health Plan,Trinity Health Corporation,No,4.0,4.5,4.0
2025,H6959,Local CCP,"ISNP VENTURES, LLC",KeyCare Advantage,"ISNP Holdings, LLC",Yes,,3.5,
2025,H6988,Local CCP,"CENTERS PLAN FOR HEALTHY LIVING, LLC",Centers Plan for Healthy Living,"Centers Plan for Healthy Living, LLC",Yes,3.5,3.0,3.5
2025,H7006,Local CCP,ATRIO HEALTH PLANS,ATRIO Health Plans,ATRIO Health Plans,Yes,3.0,3.5,3.0
2025,H7020,Local CCP,"CIGNA HEALTHCARE OF SOUTH CAROLINA, INC.",Cigna Healthcare,The Cigna Group,No,4.5,3.5,4.0
2025,H7028,Local CCP,DEVOTED HEALTH INSURANCE COMPANY OF SOUTH CAROLINA,Devoted Health,"Devoted Health, Inc.",No,4.5,4.5,4.5
2025,H7063,Local CCP,"BLUECROSS BLUESHIELD KANSAS SOLUTIONS, INC.",Blue Cross and Blue Shield of Kansas,Blue Cross Blue Shield of Kansas,No,3.5,3.5,3.5
2025,H7074,Local CCP,"ALIGNMENT HEALTH PLAN OF NORTH CAROLINA, INC.",Alignment Health Plan,"Alignment Healthcare USA, LLC",No,,,
2025,H7093,Local CCP,COMMUNITY INSURANCE COMPANY,Anthem Blue Cross and Blue Shield,"Elevance Health, Inc.",No,3.5,3.5,3.5
2025,H7115,Local CCP,MEMORIAL HERMANN HEALTH PLAN,Memorial Hermann Health Plan,Memorial Hermann Health System,Yes,3.5,3.5,3.5
2025,H7123,Local CCP,"UPMC HEALTH COVERAGE, INC.",UPMC for Life Complete Care,UPMC Health System,Yes,3.5,3.5,3.5
2025,H7147,Local CCP,DEVOTED HEALTH PLAN OF COLORADO INC,Devoted Health,"Devoted Health, Inc.",Yes,3.5,4.0,4.0
2025,H7149,Local CCP,AETNA HEALTH INC. (PA),Aetna Medicare,CVS Health Corporation,Yes,4.5,4.5,4.5
2025,H7151,Local CCP,"DEVOTED HEALTH PLAN OF ILLINOIS, INC.",Devoted Health,"Devoted Health, Inc.",No,3.5,4.0,4.0
2025,H7163,Local CCP,Primewell Health Services of Mississippi Inc.,Primewell Health Services,Louisiana Health Service & Indemnity Company,Yes,,4.0,
2025,H7169,Local CCP,"BUCKEYE HEALTH PLAN COMMUNITY SOLUTIONS, INC.",Wellcare,Centene Corporation,Yes,3.0,3.5,3.0
2025,H7172,Demo,AETNA BETTER HEALTH INC. (OH),"Aetna Better Health of Ohio, MyCare Ohio",CVS Health Corporation,No,,,
2025,H7175,Local CCP,"WELLCARE HEALTH INSURANCE OF NORTH CAROLINA, INC.",Wellcare,Centene Corporation,Yes,3.0,3.5,3.5
2025,H7199,Local CCP,DEVOTED HEALTH  PLAN OF OREGON,Devoted Health,"Devoted Health, Inc.",No,3.0,3.0,3.0
2025,H7220,Local CCP,"INDIANA UNIVERSITY HEALTH PLANS NFP, INC.",Indiana University Health Plans,Indiana University Health,No,3.5,3.0,3.5
2025,H7239,Local CCP,PROMINENCE HEALTHFIRST OF FLORIDA INC,Prominence Health Plan,"Universal Health Services, Inc.",Yes,,,
2025,H7284,Local CCP,"HUMANA HEALTH INSURANCE COMPANY OF FLORIDA, INC.",Humana,Humana Inc.,Yes,3.5,3.0,3.0
2025,H7301,Local CCP,"COVENTRY HEALTH CARE OF ILLINOIS, INC.",Aetna Medicare,CVS Health Corporation,No,3.5,4.5,4.0
2025,H7323,Local CCP,WELLCARE NATIONAL HEALTH INSURANCE COMPANY,Wellcare,Centene Corporation,Yes,3.0,3.0,3.0
2025,H7326,Local CCP,"WELLCARE OF SOUTH CAROLINA, INC.",Wellcare,Centene Corporation,Yes,3.5,3.5,3.5
2025,H7330,Local CCP,"ZING HEALTH, INC.",Zing Health,"Zing Health Consolidator, Inc",No,2.0,2.5,2.0
2025,H7355,Local CCP,DEVOTED HEALTH INSURANCE COMPANY OF MISSISSIPPI,Devoted Health,"Devoted Health, Inc.",Yes,,,
2025,H7379,Local CCP,"CAREFIRST ADVANTAGE PPO, INC.",CareFirst BlueCross BlueShield Medicare Advantage,"CareFirst, Inc.",No,4.0,3.5,3.5
2025,H7389,Local CCP,CIGNA HEALTH AND LIFE INSURANCE COMPANY,Cigna Healthcare,The Cigna Group,Yes,2.5,2.0,2.5
2025,H7397,Local CCP,DEVOTED HEALTH INSURANCE COMPANY OF ARKANSAS INC,Devoted Health,"Devoted Health, Inc.",Yes,,,
2025,H7419,Demo,"TUFTS HEALTH PUBLIC PLANS, INC.",Tufts Health Plan,"Point32Health, Inc.",No,,,
2025,H7464,Local CCP,"UNITEDHEALTHCARE OF THE MID-ATLANTIC, INC.",UnitedHealthcare,"UnitedHealth Group, Inc.",Yes,3.5,3.0,3.5
2025,H7471,Local CCP,DEVOTED HEALTH INSURANCE COMPANY OF INDIANA,Devoted Health,"Devoted Health, Inc.",No,,,
2025,H7511,Local CCP,"GOOD SAMARITAN INSURANCE PLAN OF NEBRASKA, INC.",Great Plains Medicare Advantage,Sanford Health,Yes,,4.0,
2025,H7512,Local CCP,CENTENE VENTURE COMPANY MICHIGAN,Ascension Complete,Centene Corporation,No,,2.5,
2025,H7518,Local CCP,"WELLCARE OF MISSOURI HEALTH INSURANCE COMPANY, INC",Wellcare,Centene Corporation,Yes,3.0,3.5,3.5
2025,H7522,Local CCP,"MMM HEALTHCARE, LLC",Medicare y Mucho Mas,"Elevance Health, Inc.",No,4.0,3.5,4.0
2025,H7524,Local CCP,EXCELLUS HEALTH PLAN COMMUNITY CARE LLC,Excellus Health Plan Community Care LLC,"Lifetime Healthcare, Inc.",Yes,,,
2025,H7557,Local CCP,"LONGEVITY HEALTH PLAN OF MICHIGAN, INC.",Longevity Health Plan,"Longevity Health Founders, LLC",Yes,,4.0,
2025,H7559,Local CCP,"Molina Healthcare of Virginia, LLC",Molina Healthcare of Virginia,"Molina Healthcare, Inc.",Yes,2.5,2.5,2.5
2025,H7598,Local CCP,GROUP HEALTH COOPERATIVE OF EAU CLAIRE,Group Health Cooperative of Eau Claire,Group Health Cooperative of Eau Claire,Yes,,,
2025,H7605,Local CCP,DEVOTED HEALTH PLAN OF TENNESSEE INC,Devoted Health,"Devoted Health, Inc.",Yes,3.5,3.5,4.0
2025,H7607,Local CCP,"CLEVER CARE OF GOLDEN STATE, INC.",Clever Care Health Plan,"Clever Care Health Plan, Inc.",Yes,3.0,2.5,3.0
2025,H7617,Local CCP,EMPHESYS INSURANCE COMPANY,Humana,Humana Inc.,No,4.5,4.5,4.5
2025,H7646,Local CCP,UNIVERSITY OF MICHIGAN HEALTH MEDICARE,University of Michigan Health Plan,University of Michigan Health,No,4.5,4.0,4.5
2025,H7670,Local CCP,"CENTRAL MASS HEALTH, LLC",Mass Advantage,Central Mass Health Holding LLC,No,3.5,4.0,3.5
2025,H7678,Local CCP,"MOLINA HEALTHCARE OF TEXAS, INC.","Molina Healthcare of Texas, Inc.","Molina Healthcare, Inc.",Yes,3.0,3.0,3.0
2025,H7680,Local CCP,PROMINENCE HEALTHFIRST OF TEXAS,Prominence Health Plan,"Universal Health Services, Inc.",Yes,4.0,3.5,4.0
2025,H7710,Local CCP,"HIGHMARK BCBSD, INC.",Highmark Blue Cross Blue Shield,Highmark Health,Yes,,,
2025,H7778,Local CCP,"UNITEDHEALTHCARE OF ILLINOIS, INC.",UnitedHealthcare,"UnitedHealth Group, Inc.",Yes,,,
2025,H7779,Local CCP,"AMERICAN HEALTH PLAN, INC.",American Health Advantage of Tennessee,Mitchell Family Office,Yes,,4.0,
2025,H7787,Local CCP,"HEALTHSPRING LIFE & HEALTH INSURANCE COMPANY, INC.",Cigna Healthcare,The Cigna Group,No,3.5,4.5,4.0
2025,H7813,Local CCP,"ICIRCLE SERVICES OF THE FINGER LAKES, INC.","iCircle Services of the Finger Lakes, Inc","CDS Monarch, Inc.",Yes,,,
2025,H7833,Demo,"UNITEDHEALTHCARE COMMUNITY PLAN OF TEXAS, L.L.C.",UnitedHealthcare,"UnitedHealth Group, Inc.",No,,,
2025,H7844,Demo,"MOLINA HEALTHCARE OF MICHIGAN, INC.",Molina Healthcare of Michigan,"Molina Healthcare, Inc.",No,,,
2025,H7849,Local CCP,CIGNA HEALTH AND LIFE INSURANCE COMPANY,Cigna Healthcare,The Cigna Group,No,3.0,3.0,3.0
2025,H7917,Local CCP,"BLUECROSS BLUESHIELD OF TENNESSEE, INC.",BlueCross BlueShield of Tennessee,BlueCross BlueShield of Tennessee,No,5.0,4.5,4.5
2025,H7925,Local CCP,"CENTENE VENTURE COMPANY INDIANA, INC.",Wellcare by Allwell,Centene Corporation,No,3.5,3.5,3.5
2025,H7980,Local CCP,"BOSTON MEDICAL CENTER HEALTH PLAN, INC.",WellSense Health Plan,"BMC Health System, Inc.",No,,,
2025,H7993,Local CCP,"DEVOTED HEALTH PLAN OF TEXAS, INC.",Devoted Health,"Devoted Health, Inc.",Yes,4.5,4.5,4.5
2025,H8003,Local CCP,BLUECROSS AND BLUESHIELD OF SOUTH CAROLINA,Blue Cross Blue Shield of South Carolina,BlueCross BlueShield of South Carolina (BCBSSC),No,4.0,4.0,4.0
2025,H8010,Local CCP,CLOVER HMO OF NEW JERSEY INC.,Clover Health,"Clover Health Holdings, Inc.",No,3.5,3.0,3.5
2025,H8014,Local CCP,CLEAR SPRING HEALTH INSURANCE COMPANY,Clear Spring Health,Group 1001,No,,,
2025,H8019,Local CCP,MEDICA CENTRAL HEALTH PLAN,Medica,Medica Holding Company,No,,3.0,
2025,H8026,Demo,AETNA BETTER HEALTH OF MICHIGAN INC.,Aetna Better Health Premier Plan,CVS Health Corporation,No,,,
2025,H8046,Demo,"MOLINA HEALTHCARE OF ILLINOIS, INC.",Molina Healthcare of Illinois,"Molina Healthcare, Inc.",No,,,
2025,H8064,Local CCP,FIRSTCAROLINACARE INSURANCE COMPANY,FirstMedicare Direct,The Carle Foundation,No,,3.0,
2025,H8067,Local CCP,"PROVIDER PARTNERS HEALTH PLAN, INC.",Provider Partners Health Plans,"Rifkin Managed Care Holding, LLC",Yes,,,
2025,H8070,Local CCP,UCARE MINNESOTA,UCare,UCare Minnesota,No,4.0,3.5,3.5
2025,H8093,Local CCP,"GEORGIA ASSURANCE, INC.",Georgia Health Advantage,Mitchell Family Office,Yes,4.5,4.5,4.5
2025,H8095,Local CCP,"WELLMARK ADVANTAGE HEALTH PLAN, INC.",Wellmark Advantage Health Plan,Blue Cross Blue Shield of Michigan Mutual Ins. Co.,No,,3.5,
2025,H8121,Local CCP,CENTENE VENTURE COMPANY TENNESSEE,Ascension Complete,Centene Corporation,No,,,
2025,H8133,Local CCP,GHS INSURANCE COMPANY,Blue Cross and Blue Shield of Texas,Health Care Service Corporation,No,3.5,3.5,3.5
2025,H8142,Local CCP,SCOTT AND WHITE HEALTH PLAN,Baylor Scott & White Health Plan,Baylor Scott & White Holdings,No,4.0,4.5,4.5
2025,H8145,PFFS,HUMANA INSURANCE COMPANY,Humana,Humana Inc.,No,4.0,3.5,4.0
2025,H8166,Local CCP,HIGHMARK BCBSD INC.,Highmark Blue Cross Blue Shield,Highmark Health,No,4.0,4.0,4.0
2025,H8173,Local CCP,"DEVOTED HEALTH PLAN OF ARIZONA, INC.",Devoted Health,"Devoted Health, Inc.",Yes,4.0,4.0,4.0
2025,H8176,Local CCP,"MOLINA HEALTHCARE OF SOUTH CAROLINA,INC",Molina Healthcare of South Carolina,"Molina Healthcare, Inc.",Yes,3.0,3.0,3.0
2025,H8181,Local CCP,"SAPPHIRE EDGE, INC.",Blue Cross and Blue Shield of Nebraska,Blue Cross Blue Shield of Nebraska,No,4.0,3.5,4.0
2025,H8189,Local CCP,MANAGED HEALTH SERVICES INSURANCE CORP.,Wellcare by Allwell,Centene Corporation,Yes,3.5,3.5,4.0
2025,H8197,Demo,"MOLINA HEALTHCARE OF TEXAS, INC.",Molina Healthcare of Texas,"Molina Healthcare, Inc.",No,,,
2025,H8211,Local CCP,CARE IMPROVEMENT PLUS SOUTH CENTRAL INSURANCE CO.,UnitedHealthcare,"UnitedHealth Group, Inc.",No,3.5,3.5,3.5
2025,H8213,Demo,"SELECT HEALTH OF SOUTH CAROLINA, INC.",FIRST CHOICE VIP CARE PLUS,"Independence Health Group, Inc.",No,,,
2025,H8298,Local CCP,"HORIZON HEALTHCARE OF NEW JERSEY, INC.",Horizon Blue Cross Blue Shield of New Jersey,"Horizon Mutual Holdings, Inc",Yes,3.5,3.5,3.5
2025,H8320,Local CCP,"Devoted of Illinois, Inc.",Devoted Health,"Devoted Health, Inc.",No,,,
2025,H8330,Local CCP,TUFTS ASSOCIATED HEALTH MAINTENANCE ORGANIZATION,Tufts Health Plan,"Point32Health, Inc.",Yes,3.0,3.5,3.0
2025,H8332,Local CCP,AETNA BETTER HEALTH OF KANSAS INC.,Aetna Medicare,CVS Health Corporation,No,4.0,3.5,4.0
2025,H8379,Local CCP,"PRIORITY HEALTH CHOICE, INC.",Priority Health Medicare,Corewell Health,Yes,3.5,3.5,4.0
2025,H8385,Local CCP,SANFORD HEALTH PLAN,Align powered by Sanford Health Plan,Sanford Health,No,4.5,4.0,4.5
2025,H8390,Local CCP,CARESOURCE GEORGIA CO.,CareSource,CareSource,Yes,,,
2025,H8432,Local CCP,"ANTHEM HEALTHCHOICE HMO, INC.",Anthem Blue Cross and Blue Shield,"Elevance Health, Inc.",Yes,3.0,3.0,3.0
2025,H8452,Demo,"CARESOURCE OHIO, INC.",CareSource MyCare Ohio,CareSource,No,,,
2025,H8457,Local CCP,"LONGEVITY HEALTH PLAN OF NEW YORK, INC.",Longevity Health Plan,"Longevity Health Founders, LLC",Yes,,3.0,
2025,H8492,Local CCP,DIGNITY CARE CORPORATION,American Health Advantage of Louisiana,Mitchell Family Office,Yes,,3.5,
2025,H8547,Local CCP,ILLINOIS BLUE CROSS BLUE SHIELD INSURANCE COMPANY,Blue Cross and Blue Shield of Illinois,Health Care Service Corporation,No,4.0,3.5,3.5
2025,H8552,Local CCP,ANTHEM BLUE CROSS LIFE AND HEALTH INS COMPANY,Anthem Blue Cross Life and Health Insurance Compan,"Elevance Health, Inc.",Yes,3.0,3.5,3.0
2025,H8553,Local CCP,"WELLCARE HEALTH INSURANCE OF THE SOUTHWEST, INC.",Wellcare,Centene Corporation,No,2.0,3.0,3.0
2025,H8554,Local CCP,GHS INSURANCE COMPANY,"Blue Cross and Blue Shield of OK, TX",Health Care Service Corporation,Yes,3.5,3.5,3.5
2025,H8578,Local CCP,"HEALTH NEW ENGLAND, INC.",Health New England Medicare Advantage Plans,"Baystate Health, Inc.",No,3.5,3.5,3.5
2025,H8597,Local CCP,AETNA BETTER HEALTH OF TEXAS INC.,Aetna Medicare,CVS Health Corporation,Yes,3.5,3.5,3.5
2025,H8604,Local CCP,THP INSURANCE COMPANY,The Health Plan,"The Health Plan of West Virginia, Inc.",No,4.5,4.0,4.5
2025,H8634,Local CCP,HEALTH CARE SERVICE CORPORATION,"Blue Cross and Blue Shield of IL, NM",Health Care Service Corporation,Yes,3.5,3.0,3.5
2025,H8649,Local CCP,AETNA HEALTH OF UTAH INC.,Aetna Medicare,CVS Health Corporation,Yes,3.5,3.5,3.5
2025,H8711,Local CCP,WELLCARE HEALTH INSURANCE COMPANY OF NEW JERSEY,Wellcare,Centene Corporation,No,,,
2025,H8764,Local CCP,ASPIRE HEALTH PLAN,Aspire Health,Montage Health,No,3.0,3.0,3.0
2025,H8768,Local CCP,CARE IMPROVEMENT PLUS SOUTH CENTRAL INSURANCE CO.,UnitedHealthcare,"UnitedHealth Group, Inc.",No,3.0,3.5,3.5
2025,H8783,Local CCP,"UCARE HEALTH, INC.",UCare,UCare Minnesota,No,4.5,4.0,4.5
2025,H8794,Local CCP,"KAISER FOUNDATION HP, INC.",Kaiser Permanente,"Kaiser Foundation Health Plan, Inc.",Yes,,,
2025,H8797,Local CCP,"PERENNIAL ADVANTAGE OF OHIO, INC.",Perennial Advantage,"Perennial Consortium, LLC",Yes,,5.0,
2025,H8823,Local CCP,SENTARA MEDICARE ADVANTAGE OF NORTH CAROLINA INC,Sentara Medicare,Sentara Health Care (SHC),No,,,
2025,H8832,Local CCP,ALIGNMENT HEALTH ADVANTAGE PLAN INC,Alignment Health Plan,"Alignment Healthcare USA, LLC",No,,,
2025,H8845,Local CCP,"MOLINA HEALTHCARE OF ARIZONA, INC.",Molina Healthcare of Arizona,"Molina Healthcare, Inc.",Yes,,3.5,
2025,H8849,Local CCP,WELLPOINT INSURANCE COMPANY,Wellpoint,"Elevance Health, Inc.",Yes,3.5,3.5,3.5
2025,H8854,Local CCP,"CAREFIRST ADVANTAGE DSNP, INC.",CareFirst BlueCross BlueShield Medicare Advantage,"CareFirst, Inc.",Yes,3.0,2.5,3.0
2025,H8879,Local CCP,"Healthy Mississippi, Inc.","Healthy Mississippi, Inc.",Singh Holdings LLC,No,,,
2025,H8889,Local CCP,MEDICA HEALTH PLANS,Medica,Medica Holding Company,Yes,3.5,4.0,3.5
2025,H8894,Local CCP,Inland Empire Health Plan,IEHP DualChoice,INLAND EMPIRE HEALTH PLAN,Yes,3.0,3.0,3.0
2025,H8902,Local CCP,"SCAN HEALTH PLAN TEXAS, INC.",SCAN Health Plan,SCAN Group,Yes,,,
2025,H8908,Local CCP,"HUMANA MEDICAL PLAN OF MICHIGAN, INC.",Humana,Humana Inc.,Yes,3.5,3.5,3.0
2025,H8917,Local CCP,DEVOTED HEALTH INSURANCE COMPANY OF WASHINGTON,Devoted Health,"Devoted Health, Inc.",No,,,
2025,H8928,Local CCP,FALLON COMMUNITY HEALTH PLAN,Fallon Health,"Fallon Community Health Plan, Inc.",Yes,3.5,4.0,3.5
2025,H8947,Local CCP,PEAK HEALTH INSURANCE CORPORATION,Peak Health,"West Virginia United Health System, Inc.",No,,,
2025,H8967,Local CCP,SANFORD HEALTH PLAN,Great Plains Medicare Advantage,Sanford Health,Yes,,,
2025,H9001,Local CCP,FALLON COMMUNITY HEALTH PLAN,Fallon Health,"Fallon Community Health Plan, Inc.",No,4.0,4.5,4.0
2025,H9003,Local CCP,KAISER FOUNDATION HP OF THE N W,Kaiser Permanente,"Kaiser Foundation Health Plan, Inc.",No,3.5,5.0,4.0
2025,H9042,Local CCP,"SOUTHEASTERN INDIANA HEALTH ORGANIZATION, INC.",MyTruAdvantage,"SIHO Holding, Inc.",No,4.5,3.0,4.0
2025,H9047,Local CCP,PROVIDENCE HEALTH ASSURANCE,Providence Medicare Advantage Plans,Providence St Joseph Health,Yes,4.0,3.5,4.0
2025,H9065,Local CCP,"AMH HEALTH, LLC",AMH Health,"Elevance Health, Inc.",Yes,3.0,3.0,3.0
2025,H9066,Local CCP,VISITING NURSE ASSOCIATION OF CENTRAL NEW YORK,Nascentia Health Plus,VISITING NURSE ASSOCIATION OF CENTRAL NEW YORK,Yes,,2.5,
2025,H9096,Local CCP,"DEAN HEALTH PLAN, INC.",Dean Advantage,Medica Holding Company,No,3.5,4.5,4.0
2025,H9147,Local CCP,BLUE CROSS AND BLUE SHIELD OF NC SENIOR HEALTH,Blue Cross and Blue Shield of North Carolina,Blue Cross and Blue Shield of North Carolina,Yes,3.0,3.0,3.5
2025,H9153,Local CCP,"WEST VIRGINIA SENIOR ADVANTAGE, INC.",West Virginia Senior Advantage,"SNP Holdings, LLC",Yes,,4.0,
2025,H9179,Local CCP,TRINITY HEALTH PLAN OF MICHIGAN INC,Trinity Health Plan of Michigan,Trinity Health Corporation,No,,,
2025,H9191,Local CCP,"PROVIDER PARTNERS HEALTH PLAN OF MISSOURI, INC.",Provider Partners Health Plans,"Rifkin Managed Care Holding, LLC",Yes,3.0,4.0,3.5
2025,H9207,Local CCP,"HEALTH PARTNERS PLANS, INC.",Jefferson Health Plans,Thomas Jefferson University,Yes,3.5,4.0,3.5
2025,H9219,Local CCP,"AMH HEALTH PLANS OF MAINE, INC.",AMH Health,"Elevance Health, Inc.",No,3.0,3.0,3.0
2025,H9231,Local CCP,DEVOTED HEALTH INSURANCE COMPANY OF TENNESSEE INC,Devoted Health,"Devoted Health, Inc.",No,,,
2025,H9239,Demo,UNITEDHEALTHCARE INSURANCE COMPANY,UnitedHealthcare,"UnitedHealth Group, Inc.",No,,,
2025,H9306,Local CCP,"ALTERWOOD ADVANTAGE, INC.",Alterwood Advantage,"LifeBridge Health, Inc.",Yes,3.5,3.0,3.5
2025,H9364,Local CCP,"WELLCARE OF MAINE, INC.",Wellcare,Centene Corporation,Yes,3.0,3.5,3.0
2025,H9387,Local CCP,"SUNFLOWER STATE HEALTH PLAN, INC.",Wellcare by Allwell,Centene Corporation,Yes,3.0,3.0,3.0
2025,H9412,Local CCP,"GEISINGER QUALITY OPTIONS, INC.",Geisinger Gold,"Risant Health, Inc.",No,,,
2025,H9431,Local CCP,FIRST HEALTH LIFE & HEALTH INSURANCE COMPANY,Aetna Medicare,CVS Health Corporation,No,3.0,3.0,3.0
2025,H9460,Local CCP,"CIGNA HEALTHCARE OF ST LOUIS, INC.",Cigna Healthcare,The Cigna Group,No,2.5,3.0,3.0
2025,H9469,Local CCP,WELLPOINT LIFE AND HEALTH INSURANCE COMPANY,Simply Healthcare,"Elevance Health, Inc.",No,,2.5,
2025,H9485,Local CCP,"Mass General Brigham Health Plan, Inc.",Mass General Brigham Health Plan,Mass General Brigham Incorporated,No,4.0,3.0,3.5
2025,H9489,Local CCP,"VERMONT BLUE ADVANTAGE, INC.",Vermont Blue Advantage,Blue Cross Blue Shield of Michigan Mutual Ins. Co.,No,,3.5,
2025,H9525,Local CCP,COMPCARE HEALTH SERVICES INSURANCE CORPORATION,Anthem Blue Cross and Blue Shield,"Elevance Health, Inc.",Yes,3.5,3.0,3.5
2025,H9529,Local CCP,WYOBLUE ADVANTAGE INC,WyoBlue Advantage,Blue Cross Blue Shield of Michigan Mutual Ins. Co.,No,,,
2025,H9572,Local CCP,BCBS OF MICHIGAN MUTUAL INSURANCE COMPANY,Blue Cross Blue Shield of Michigan,Blue Cross Blue Shield of Michigan Mutual Ins. Co.,No,4.5,4.5,4.5
2025,H9576,Demo,NEIGHBORHOOD HEALTH PLAN OF RHODE ISLAND,NEIGHBORHOOD HEALTH PLAN OF RHODE ISLAND,NEIGHBORHOOD HEALTH PLAN OF RHODE ISLAND,No,,,
2025,H9585,Local CCP,"BOSTON MEDICAL CENTER HEALTH PLAN, INC.",WellSense Health Plan,"BMC Health System, Inc.",Yes,3.5,3.5,3.5
2025,H9589,Local CCP,"CLEAR SPRING HEALTH (GA), INC.",Clear Spring Health,Group 1001,No,,,
2025,H9590,Local CCP,"LONGEVITY HEALTH PLAN OF ILLINOIS, INC.",Longevity Health,"Longevity Health Founders, LLC",Yes,,5.0,
2025,H9615,Local CCP,"MVP HEALTH PLAN, INC.",MVP HEALTH CARE,"MVP Health Care, Inc.",No,3.5,4.0,3.5
2025,H9630,Local CCP,"ARKANSAS HEALTH & WELLNESS HEALTH PLAN, INC.",Wellcare by Allwell,Centene Corporation,Yes,3.5,3.5,3.5
2025,H9656,Local CCP,"BLUE CROSS OF IDAHO CARE PLUS, INC.",Blue Cross of Idaho,"Gemstone Holdings, Inc.",Yes,,,
2025,H9678,Local CCP,"HEALTHFIRST INSURANCE COMPANY, INC.",Healthfirst Medicare Plan,"Healthfirst, Inc.",No,,2.5,
2025,H9686,Local CCP,"ALIGNMENT HEALTH PLAN OF NEVADA, INC.",Alignment Health Plan,"Alignment Healthcare USA, LLC",Yes,3.5,4.5,4.0
2025,H9690,Local CCP,AMERICAN HEALTH PLAN OF INDIANA INC,American Health Advantage of Indiana,Mitchell Family Office,Yes,,,
2025,H9699,Local CCP,"USABLE HMO, INC.",Arkansas Blue Medicare,USAble Mutual Insurance Company,No,3.5,3.0,3.5
2025,H9700,Local CCP,DEVOTED HEALTH PLAN OF NORTH CAROLINA INC,Devoted Health,"Devoted Health, Inc.",No,,,
2025,H9706,Local CCP,HCSC INSURANCE SERVICES COMPANY,Blue Cross and Blue Shield of Texas,Health Care Service Corporation,Yes,3.5,3.0,3.0
2025,H9712,Demo,HAP CareSource,HAP CareSource MI Health Link,Henry Ford Health System,No,,,
2025,H9725,Local CCP,"CIGNA HEALTHCARE OF NORTH CAROLINA, INC.",Cigna Healthcare,The Cigna Group,Yes,3.5,3.0,4.0
2025,H9730,Local CCP,"WELLCARE HEALTH INSURANCE COMPANY OF KENTUCKY, INC",Wellcare,Centene Corporation,Yes,3.5,3.5,3.5
2025,H9763,Local CCP,"OCHSNER HEALTH PLAN, INC.",Ochsner Health Plan,Ochsner Clinic Foundation,Yes,4.0,3.0,3.5
2025,H9808,Local CCP,CARE N' CARE INSURANCE COMPANY OF NORTH CAROLINA,CARE N' CARE INSURANCE COMPANY OF NORTH CAROLINA,"HTA Holdings, LLC",No,5.0,3.0,4.5
2025,H9811,Local CCP,"MAGNOLIA HEALTH PLAN, INC.",Wellcare by Allwell,Centene Corporation,No,,3.0,
2025,H9826,Local CCP,"COMMUNITY HEALTH CHOICE TEXAS, INC.",Community Health Choice,Harris County Hospital District,Yes,,2.5,
2025,H9827,Local CCP,"MOUNT CARMEL HEALTH PLAN OF NEW YORK, INC.",Trinity Health Plan New York,Trinity Health Corporation,No,,4.0,
2025,H9834,Local CCP,QUARTZ HEALTH PLAN MN CORPORATION,Quartz Medicare Advantage,University of Wisconsin Hospitals and Clincs Autho,No,4.5,3.5,4.5
2025,H9869,Demo,"PARTNERS HEALTH PLAN, INC.",Partners Health Plan,"PHSI, Inc.",No,,,
2025,H9884,Local CCP,DEVOTED HEALTH INSURANCE COMPANY,Devoted Health,"Devoted Health, Inc.",No,3.0,4.0,3.5
2025,H9888,Local CCP,DEVOTED HEALTH INSURANCE COMPANY OF ALABAMA INC,Devoted Health,"Devoted Health, Inc.",No,,2.5,
2025,H9900,Local CCP,"WELLCARE OF OKLAHOMA, INC.",Wellcare,Centene Corporation,Yes,2.5,2.5,2.5
2025,H9904,Local CCP,"CENTRAL MASS HEALTH, LLC",Mass Advantage,Central Mass Health Holding LLC,No,3.5,3.0,3.0
2025,H9907,Local CCP,TUFTS ASSOCIATED HEALTH MAINTENANCE ORGANIZATION,Tufts Health Plan,"Point32Health, Inc.",No,3.5,3.5,3.5
2025,H9909,Local CCP,"AMERICAN HEALTH PLAN OF MS, INC.",American Health Advantage of MS,Mitchell Family Office,Yes,,3.5,
2025,H9917,Local CCP,"ALIGN SENIOR CARE FLORIDA, INC.",Align Senior Care,"Curana Health Holdings, LLC",Yes,,,
2025,H9942,Local CCP,LONGEVITY HEALTH PLAN OF NEW JERSEY INSURANCE COMP,Longevity Health Plan,"Longevity Health Founders, LLC",Yes,,4.5,
2025,H9946,Local CCP,"SHARED HEALTH MISSISSIPPI, INC.",Shared Health Dual Freedom,BlueCross BlueShield of Tennessee,Yes,,,
2025,H9952,Local CCP,MEDICA HEALTH PLANS,Medica,Medica Holding Company,Yes,3.0,3.0,2.5
2025,H9955,Local CCP,"MOLINA HEALTHCARE OF OHIO, INC.",Molina Healthcare of Ohio,"Molina Healthcare, Inc.",Yes,3.0,3.0,3.0
2025,H9968,Local CCP,AMERICAN HEALTH PLAN OF PENNSYLVANIA INC,American Health Advantage of Pennsylvania,Mitchell Family Office,Yes,,,
2025,H9986,Local CCP,"HPMP OF FLORIDA, INC.",Florida Complete Care,"Independent Living Systems, LLC",Yes,,4.0,
2025,R0110,Regional CCP,HUMANA INSURANCE COMPANY,Humana,Humana Inc.,No,3.5,3.5,3.5
2025,R0759,Regional CCP,CARE IMPROVEMENT PLUS SOUTH CENTRAL INSURANCE CO.,UnitedHealthcare,"UnitedHealth Group, Inc.",Yes,4.0,4.0,4.0
2025,R1532,Regional CCP,HUMANA INSURANCE COMPANY,Humana,Humana Inc.,No,3.5,3.5,3.5
2025,R2604,Regional CCP,CARE IMPROVEMENT PLUS SOUTH CENTRAL INSURANCE CO.,UnitedHealthcare,"UnitedHealth Group, Inc.",Yes,3.5,3.5,3.5
2025,R3175,Regional CCP,UNITEDHEALTHCARE INSURANCE COMPANY,UnitedHealthcare,"UnitedHealth Group, Inc.",No,,3.5,
2025,R3444,Regional CCP,CARE IMPROVEMENT PLUS SOUTH CENTRAL INSURANCE CO.,UnitedHealthcare,"UnitedHealth Group, Inc.",Yes,3.0,3.0,3.0
2025,R4182,Regional CCP,HUMANA INSURANCE COMPANY,Humana,Humana Inc.,No,3.5,3.5,3.5
2025,R4487,Regional CCP,"ANTHEM INSURANCE COMPANIES, INC.",Anthem Blue Cross and Blue Shield,"Elevance Health, Inc.",No,4.0,3.5,3.5
2025,R5342,Regional CCP,CARE IMPROVEMENT PLUS SOUTH CENTRAL INSURANCE CO.,UnitedHealthcare,"UnitedHealth Group, Inc.",No,3.0,3.5,3.0
2025,R5361,Regional CCP,HUMANA INSURANCE COMPANY,Humana,Humana Inc.,No,3.5,3.5,3.5
2025,R5826,Regional CCP,HUMANA INSURANCE COMPANY,Humana,Humana Inc.,No,3.0,3.0,3.0
2025,R5941,Regional CCP,"ANTHEM INSURANCE COMPANIES, INC.",Anthem Blue Cross and Blue Shield,"Elevance Health, Inc.",No,3.5,3.5,3.5
2025,R6694,Regional CCP,AETNA LIFE INSURANCE COMPANY,Aetna Medicare,CVS Health Corporation,No,4.5,4.5,4.5
2025,R6801,Regional CCP,CARE IMPROVEMENT PLUS SOUTH CENTRAL INSURANCE CO.,UnitedHealthcare,"UnitedHealth Group, Inc.",Yes,3.5,3.0,3.5
2025,R7220,Regional CCP,HUMANA INSURANCE COMPANY,Humana,Humana Inc.,No,3.5,4.0,3.5
2025,R7444,Regional CCP,CARE IMPROVEMENT PLUS SOUTH CENTRAL INSURANCE CO.,UnitedHealthcare,"UnitedHealth Group, Inc.",No,3.5,3.5,3.5
2025,S0262,PDP,KAISER PERMANENTE INSURANCE COMPANY,Kaiser Permanente,"Kaiser Foundation Health Plan, Inc.",No,,,
2025,S0375,PDP,"CAREFIRST ADVANTAGE PPO, INC",CareFirst BlueCross BlueShield Group Prescription,"CareFirst, Inc.",No,,,
2025,S0586,PDP,"MVP HEALTH PLAN, INC.",MVP Health Care,"MVP Health Care, Inc.",No,,,
2025,S1030,PDP,BCBS OF ALABAMA & UTIC INSURANCE COMPANY,BlueRx (PDP),BlueCross BlueShield of Alabama,No,,3.5,
2025,S1140,PDP,Highmark Western and Northeastern New York Inc.,Highmark Blue Cross Blue Shield or Highmark Blue S,Highmark Health,No,,4.5,
2025,S1822,PDP,"HEALTHPARTNERS, INC.",HealthPartners,"HealthPartners, Inc.",No,,4.5,
2025,S2135,PDP,BLUE CROSS BLUE SHIELD ASSOCIATION,Blue Cross Blue Shield Association,"BlueCross BlueShield Association, Federal Employee",No,,,
2025,S2465,PDP,SENTARA HEALTH PLANS,Optima Medicare,Sentara Health Care (SHC),No,,,
2025,S2468,PDP,CALIFORNIA PHYSICIANS' SERVICE,Blue Shield of California,California Physicians' Service,No,,3.0,
2025,S2893,PDP,ANTHEM INSURANCE CO. & BCBSMA & BCBSRI & BCBSVT,Blue MedicareRx,"Elevance Health, Inc. & BCBSMA & BCBSRI & BCBSVT",No,,3.0,
2025,S3285,PDP,MG INSURANCE COMPANY,MG Insurance Company,"MedImpact Holdings, Inc.",No,,3.5,
2025,S3389,PDP,"UPMC HEALTH BENEFITS, INC.",UPMC Health Plan,UPMC Health System,No,,5.0,
2025,S3521,PDP,"EXCELLUS HEALTH PLAN, INC.","Excellus Health Plan, Inc","Lifetime Healthcare, Inc.",No,,4.5,
2025,S3875,PDP,GRANITE ALLIANCE INSURANCE COMPANY,Granite Alliance,"Prime Therapeutics, LLC.",No,,,
2025,S3994,PDP,HAWAII MEDICAL SERVICE ASSOCIATION (HMSA),HMSAs Medicare Rx Plan,Hawaii Medical Service Association,No,,,
2025,S4501,PDP,INDEPENDENT HEALTH BENEFITS CORPORATION,Pharmacy Benefit Dimensions PDP,"Independent Health Association, Inc.",No,,5.0,
2025,S4802,PDP,"WELLCARE PRESCRIPTION INSURANCE, INC.",Wellcare,Centene Corporation,No,,3.5,
2025,S4983,PDP,KAISER FOUNDATION HEALTH PLAN OF WASHINGTON OPTION,Kaiser Permanente,"Kaiser Foundation Health Plan, Inc.",No,,,
2025,S5450,PDP,"SECURITYCARE OF TENNESSEE, INC.",BlueScripts,BlueCross BlueShield of Tennessee,No,,,
2025,S5540,PDP,BLUE CROSS AND BLUE SHIELD OF NORTH CAROLINA,Blue Cross and Blue Shield of North Carolina,Blue Cross and Blue Shield of North Carolina,No,,3.0,
2025,S5552,PDP,HUMANA INSURANCE COMPANY OF NEW YORK,Humana,Humana Inc.,No,,2.5,
2025,S5584,PDP,BCBS OF MICHIGAN MUTUAL INSURANCE COMPANY,Blue Cross Blue Shield of Michigan,Blue Cross Blue Shield of Michigan Mutual Ins. Co.,No,,4.0,
2025,S5588,PDP,PARAMOUNT INSURANCE COMPANY,Paramount Prescription Drug Plan,MEDICAL MUTUAL OF OHIO,No,,,
2025,S5593,PDP,HM HEALTH INSURANCE COMPANY,Highmark Blue Shield,Highmark Health,No,,3.5,
2025,S5596,PDP,"ANTHEM INSURANCE COMPANIES, INC.",Anthem / Anthem or Blue KC in Missouri,"Elevance Health, Inc.",No,,3.5,
2025,S5601,PDP,SILVERSCRIPT INSURANCE COMPANY,Aetna Medicare,CVS Health Corporation,No,,2.5,
2025,S5609,PDP,ASURIS NORTHWEST HEALTH,Asuris Northwest Health,"Cambia Health Solutions, Inc.",No,,2.5,
2025,S5617,PDP,MEDCO CONTAINMENT LIFE AND MEDCO CONTAINMENT NY,Cigna Healthcare,The Cigna Group,No,,2.5,
2025,S5660,PDP,MEDCO CONTAINMENT LIFE AND MEDCO CONTAINMENT NY,Express Scripts Medicare,The Cigna Group,No,,3.5,
2025,S5715,PDP,HCSC INSURANCE SERVICES COMPANY,"Blue Cross and Blue Shield of IL, NM, OK, TX",Health Care Service Corporation,No,,3.0,
2025,S5726,PDP,BLUE CROSS AND BLUE SHIELD OF KANSAS,Blue Cross and Blue Shield of Kansas or Blue KC,Blue Cross Blue Shield of Kansas,No,,4.0,
2025,S5743,PDP,"WELLMARK  IA & SD, & BCBS MN, MT, NE, ND,& WY",MedicareBlue Rx,"BCBS MN, MT, NE, ND, WY, Wellmark IA and SD",No,,3.0,
2025,S5795,PDP,USABLE MUTUAL INSURANCE COMPANY,Arkansas Blue Medicare,USAble Mutual Insurance Company,No,,3.0,
2025,S5805,PDP,UNITEDHEALTHCARE INSURANCE COMPANY OF NEW YORK,UnitedHealthcare,"UnitedHealth Group, Inc.",No,,3.0,
2025,S5820,PDP,UNITEDHEALTHCARE INSURANCE COMPANY,UnitedHealthcare,"UnitedHealth Group, Inc.",No,,3.5,
2025,S5857,PDP,PRIORITY HEALTH INSURANCE COMPANY,Priority Health Medicare,Corewell Health,No,,,
2025,S5877,PDP,EDUCATORS MUTUAL INSURANCE ASSOCIATION,EMI Health,Educators Mutual Insurance Association,No,,3.0,
2025,S5884,PDP,HUMANA INSURANCE COMPANY,Humana,Humana Inc.,No,,3.5,
2025,S5904,PDP,"BLUE CROSS AND BLUE SHIELD OF FLORIDA, INC.",Florida Blue,Guidewell Mutual Holding Corporation,No,,2.5,
2025,S5916,PDP,REGENCE BLUESHIELD OF IDAHO AND REGENCE BC BS UTAH,Regence BlueShield of Idaho and Regence BC BS Utah,"Cambia Health Solutions, Inc.",No,,3.5,
2025,S5921,PDP,UNITEDHEALTHCARE INS. CO. & UHC INS. CO. OF NY,UnitedHealthcare,"UnitedHealth Group, Inc.",No,,2.5,
2025,S5953,PDP,BLUECROSS AND BLUESHIELD OF SOUTH CAROLINA,Blue Cross Blue Shield of South Carolina,BlueCross BlueShield of South Carolina (BCBSSC),No,,2.5,
2025,S5960,PDP,WELLPOINT LIFE AND HEALTH INSURANCE COMPANY,Wellpoint,"Elevance Health, Inc.",No,,2.5,
2025,S5966,PDP,"EMBLEMHEALTH PLAN, INC",EmblemHealth,"EmblemHealth, Inc.",No,,3.5,
2025,S5975,PDP,"MODA HEALTH PLAN, INC.","Moda Health Plan, Inc.","Moda Partners, Inc.",No,,3.0,
2025,S5993,PDP,HORIZON INSURANCE COMPANY,Horizon Blue Cross Blue Shield of New Jersey,"Horizon Mutual Holdings, Inc",No,,3.0,
2025,S6875,PDP,QCC INSURANCE COMPANY,Independence Blue Cross,"Independence Health Group, Inc.",No,,3.5,
2025,S6946,PDP,CLEAR SPRING HEALTH INSURANCE COMPANY,Clear Spring Health,Group 1001,No,,2.0,
2025,S8067,PDP,Avalon Insurance Company,Avalon Insurance Company,CAPITAL BLUE CROSS,No,,4.5,
2025,S8841,PDP,"OPTUM INSURANCE OF OHIO, INC.","Optum Insurance of Ohio, Inc.","UnitedHealth Group, Inc.",No,,4.0,
2025,S9701,PDP,"DEAN HEALTH INSURANCE, INC.",Navitus MedicareRx,Medica Holding Company,No,,4.5,
2026,E3014,Employer/Union Only Direct Contract PDP,PSERS HOP PROGRAM,Pennsylvania Public School Employees Retirement Sy,Commonwealth of PA Pub Schools Retirement System,No,,4.5,
2026,H0028,Local CCP,"CHA HMO, INC.",Humana,Humana Inc.,Yes,3.5,3.0,3.5
2026,H0029,Local CCP,"COORDINATED CARE OF WASHINGTON, INC.",Wellcare,Centene Corporation,Yes,,,
2026,H0034,Local CCP,"HAMASPIK, INC.","Hamaspik, Inc.","Hamaspik of Rockland County, Inc.",Yes,3.5,3.0,3.0
2026,H0062,Local CCP,"SUPERIOR HEALTHPLAN, INC.",Wellcare By Allwell,Centene Corporation,Yes,,,
2026,H0074,Local CCP,"WELLCARE OF MISSISSIPPI, INC.",Wellcare,Centene Corporation,Yes,3.0,3.5,3.5
2026,H0104,Local CCP,BLUE CROSS AND BLUE SHIELD OF ALABAMA,Blue Cross and Blue Shield of Alabama,BlueCross BlueShield of Alabama,No,4.0,3.5,3.5
2026,H0107,Local CCP,HEALTH CARE SERVICE CORPORATION,Blue Cross and Blue Shield of Montana,Health Care Service Corporation,No,3.5,3.5,3.5
2026,H0111,Local CCP,"WELLCARE OF GEORGIA, INC.",Wellcare,Centene Corporation,Yes,3.5,3.5,3.5
2026,H0154,Local CCP,"VIVA HEALTH, INC.",VIVA Medicare,"Triton Health Systems, L.L.C.",Yes,4.5,3.0,4.0
2026,H0169,Local CCP,"UNITEDHEALTHCARE OF WISCONSIN, INC.",UnitedHealthcare,"UnitedHealth Group, Inc.",Yes,3.5,4.5,4.0
2026,H0174,Local CCP,"WELLCARE OF TEXAS, INC.",Wellcare,Centene Corporation,Yes,3.5,3.5,4.0
2026,H0251,Local CCP,"UNITEDHEALTHCARE PLAN OF THE RIVER VALLEY, INC.",UnitedHealthcare,"UnitedHealth Group, Inc.",Yes,3.5,3.5,3.5
2026,H0270,Local CCP,WELLCARE HEALTH INSURANCE COMPANY OF AMERICA,Wellcare,Centene Corporation,No,,3.0,
2026,H0292,Local CCP,"HUMANA HEALTH PLAN OF OHIO, INC.",Humana,Humana Inc.,No,4.0,3.0,4.0
2026,H0294,Local CCP,UNITEDHEALTHCARE INSURANCE COMPANY,UnitedHealthcare,"UnitedHealth Group, Inc.",Yes,3.5,3.0,3.5
2026,H0302,Local CCP,"MEDISUN, INC.",Blue Cross Blue Shield of Arizona (AZ Blue),Blue Cross Blue Shield of Arizona,No,4.5,4.5,4.5
2026,H0321,Local CCP,"ARIZONA PHYSICIANS IPA, INC.",UnitedHealthcare,"UnitedHealth Group, Inc.",Yes,3.5,3.0,3.5
2026,H0332,Local CCP,"KS PLAN ADMINISTRATORS, LLC",KelseyCare Advantage,"UnitedHealth Group, Inc.",No,4.0,4.0,4.5
2026,H0342,Local CCP,"CAREPARTNERS OF CONNECTICUT, INC.",CarePartners of Connecticut,"Point32Health, Inc.",No,4.5,3.5,4.0
2026,H0351,Local CCP,"HEALTH NET OF ARIZONA, INC.",Wellcare By Allwell,Centene Corporation,Yes,3.0,3.5,3.5
2026,H0354,Local CCP,"BRAVO HEALTH PENNSYLVANIA, INC.",Cigna HealthCare,Health Care Service Corporation,Yes,3.5,3.0,3.5
2026,H0363,Local CCP,"LONGEVITY HEALTH PLAN OF COLORADO, INC.",Longevity Health Plan,"Longevity Health Founders, LLC",Yes,,5.0,
2026,H0413,Local CCP,DEVOTED HEALTH INSURANCE COMPANY OF DELAWARE,Devoted Health,"Devoted Health, Inc.",Yes,,,
2026,H0421,Local CCP,CARE IMPROVEMENT PLUS SOUTH CENTRAL INSURANCE CO.,UnitedHealthcare,"UnitedHealth Group, Inc.",Yes,,,
2026,H0423,Local CCP,"METROPLUS HEALTH PLAN, INC.",MetroPlus Health Plan,New York City Health and Hospitals Corporation,Yes,3.5,3.5,3.5
2026,H0432,Local CCP,"UNITEDHEALTHCARE OF THE MIDLANDS, INC.",UnitedHealthcare,"UnitedHealth Group, Inc.",Yes,3.5,3.5,3.5
2026,H0439,Local CCP,"HEALTHSPRING LIFE & HEALTH INSURANCE COMPANY, INC.",Cigna HealthCare,Health Care Service Corporation,Yes,3.5,3.5,3.5
2026,H0473,Local CCP,HUMANA INSURANCE COMPANY OF KENTUCKY,Humana,Humana Inc.,No,3.5,3.5,3.5
2026,H0504,Local CCP,CALIFORNIA PHYSICIANS' SERVICE,Blue Shield of California,California Physicians' Service,No,3.5,4.5,4.0
2026,H0523,Local CCP,AETNA HEALTH OF CALIFORNIA INC.,Aetna Medicare,CVS Health Corporation,No,3.0,3.5,3.0
2026,H0524,Local CCP,"KAISER FOUNDATION HP, INC.",Kaiser Permanente,"Kaiser Foundation Health Plan, Inc.",No,4.0,5.0,4.5
2026,H0543,Local CCP,UHC OF CALIFORNIA,UnitedHealthcare,"UnitedHealth Group, Inc.",Yes,4.0,4.5,4.0
2026,H0544,Local CCP,BLUE CROSS OF CALIFORNIA,Anthem Blue Cross,"Elevance Health, Inc.",Yes,3.0,3.5,3.0
2026,H0562,Local CCP,"HEALTH NET OF CALIFORNIA, INC.",Wellcare By Health Net,Centene Corporation,Yes,3.5,4.0,3.5
2026,H0571,Local CCP,CHINESE COMMUNITY HEALTH PLAN,CCHP (Chinese Community Health Plan),Chinese Hospital Association,Yes,3.0,3.0,3.0
2026,H0609,Local CCP,"UnitedHealthcare Benefits of Texas, Inc.",UnitedHealthcare,"UnitedHealth Group, Inc.",Yes,4.5,4.0,4.5
2026,H0624,Local CCP,"UnitedHealthcare Benefits of Texas, Inc.",UnitedHealthcare,"UnitedHealth Group, Inc.",Yes,3.5,4.5,4.0
2026,H0628,Local CCP,AETNA HEALTH OF OHIO INC.,Aetna Medicare,CVS Health Corporation,Yes,3.5,3.0,4.0
2026,H0629,Local CCP,"ANTHEM INSURANCE COMPANIES, INC.",Anthem Blue Cross and Blue Shield,"Elevance Health, Inc.",Yes,,,
2026,H0630,Local CCP,KAISER FOUNDATION HP OF CO,Kaiser Permanente,"Kaiser Foundation Health Plan, Inc.",Yes,3.5,5.0,4.5
2026,H0672,Local CCP,"CIGNA HEALTHCARE OF COLORADO, INC.",Cigna HealthCare,Health Care Service Corporation,Yes,3.0,3.0,3.0
2026,H0710,Local CCP,CARE IMPROVEMENT PLUS SOUTH CENTRAL INSURANCE CO.,UnitedHealthcare,"UnitedHealth Group, Inc.",Yes,4.0,5.0,4.5
2026,H0712,Local CCP,"WELLCARE OF CONNECTICUT, INC.",Wellcare,Centene Corporation,Yes,3.5,3.5,3.5
2026,H0724,Local CCP,"BUCKEYE HEALTH PLAN COMMUNITY SOLUTIONS, Inc.",Wellcare By Allwell,Centene Corporation,No,,,
2026,H0738,Local CCP,"AmeriHealth Caritas VIP Next, Inc.",AmeriHealth Caritas VIP Care (HMO-D-SNP),"Independence Health Group, Inc.",Yes,,,
2026,H0755,Local CCP,CARE IMPROVEMENT PLUS SOUTH CENTRAL INSURANCE CO.,UnitedHealthcare,"UnitedHealth Group, Inc.",No,3.5,3.5,3.5
2026,H0764,Local CCP,"UNITEDHEALTHCARE OF NEW ENGLAND, INC.",UnitedHealthcare,"UnitedHealth Group, Inc.",Yes,,3.0,
2026,H0777,Local CCP,"MASS GENERAL BRIGHAM HEALTH PLAN, INC",Mass General Brigham Health Plan,Mass General Brigham Incorporated,Yes,,,
2026,H0783,Local CCP,"HUMANA BENEFIT PLAN OF TEXAS, INC.",Humana,Humana Inc.,No,3.0,2.5,2.5
2026,H0816,Local CCP,"BESHP, INC.",MyAdvocate Medicare Advantage,Sanford Health,No,,,
2026,H0885,Local CCP,HEALTHIER NEW JERSEY INSURANCE COMPANY,Braven Health,"Horizon Mutual Holdings, Inc",No,3.5,4.5,4.0
2026,H0907,Local CCP,"WELLPOINT IOWA, INC.",Wellpoint,"Elevance Health, Inc.",Yes,2.5,3.5,3.0
2026,H0908,Local CCP,"BUCKEYE COMMUNITY HEALTH PLAN, INC.",Wellcare By Allwell,Centene Corporation,Yes,3.0,3.5,3.0
2026,H0913,Local CCP,"WELLCARE HEALTH PLANS OF NEW JERSEY, INC.",Wellcare,Centene Corporation,Yes,3.0,3.5,3.5
2026,H0963,Local CCP,"HUMANA MEDICAL PLAN OF MICHIGAN, INC.",Humana,Humana Inc.,Yes,,,
2026,H0976,Local CCP,SCAN HEALTH PLAN,SCAN Health Plan,SCAN Group,Yes,4.5,3.5,4.0
2026,H0978,Local CCP,"SCAN HEALTH PLAN NEVADA, INC.",SCAN Health Plan,SCAN Group,Yes,3.5,4.5,4.0
2026,H0982,Local CCP,"SOLIS HEALTH PLANS, INC.",Solis Health Plans,"Athena Healthcare Holdings, LLC",Yes,4.0,3.0,3.5
2026,H1019,Local CCP,"CAREPLUS HEALTH PLANS, INC.","CarePlus Health Plans, Inc.",Humana Inc.,Yes,4.5,3.5,4.5
2026,H1032,Local CCP,"Sunshine State Health Plan, Inc.",Wellcare,Centene Corporation,Yes,4.0,4.0,4.0
2026,H1035,Local CCP,"FLORIDA BLUE MEDICARE, INC.",Florida Blue HMO,Guidewell Mutual Holding Corporation,No,4.0,4.0,4.0
2026,H1036,Local CCP,"HUMANA MEDICAL PLAN, INC.",Humana,Humana Inc.,Yes,4.0,4.0,4.5
2026,H1045,Local CCP,"PREFERRED CARE PARTNERS, INC.",UnitedHealthcare,"UnitedHealth Group, Inc.",Yes,4.5,4.5,4.5
2026,H1099,Local CCP,HEALTH FIRST HEALTH PLANS,"Health First Health Plans, Inc.","Health First Shared Services, Inc.",No,4.5,3.5,4.0
2026,H1109,Local CCP,AETNA HEALTH INC.(GA),Aetna Medicare,CVS Health Corporation,No,4.5,4.5,4.5
2026,H1112,Local CCP,"WELLCARE OF GEORGIA, INC.",Wellcare,Centene Corporation,Yes,3.5,3.5,3.5
2026,H1119,Local CCP,"TSG GUARD, INC.",Valor Health Plan,"The Schroer Group, Inc.",Yes,3.5,4.0,4.0
2026,H1170,Local CCP,"KAISER FOUNDATION HP OF GA, INC.",Kaiser Permanente,"Kaiser Foundation Health Plan, Inc.",Yes,4.0,3.5,4.5
2026,H1181,MSA,NETWORK HEALTH INSURANCE CORPORATION,Network Health Medicare Advantage Plans,"Network Health, Inc.",No,3.5,,
2026,H1189,Local CCP,CHRISTUS HEALTH PLAN,CHRISTUS Health Advantage,CHRISTUS Health,No,4.0,3.5,3.5
2026,H1206,Local CCP,"COVENTRY HEALTH CARE OF ILLINOIS, INC.",Aetna Medicare,CVS Health Corporation,Yes,,3.0,
2026,H1212,Local CCP,"WELLPOINT WEST VIRGINIA , INC.",Wellpoint,"Elevance Health, Inc.",Yes,,,
2026,H1215,Local CCP,"NEBRASKA TOTAL CARE, INC.",Wellcare,Centene Corporation,Yes,3.0,3.5,3.0
2026,H1224,Local CCP,LOCAL INITIATIVE HEALTH AUTHORITY FOR LA COUNTY,L.A. Care Health Plan,Local Initiative Health Authority for LA County,Yes,3.0,4.0,3.0
2026,H1225,Local CCP,"HOPKINS HEALTH ADVANTAGE, INC.",Johns Hopkins Advantage MD,Johns Hopkins Healthcare LLC,Yes,4.0,3.0,3.5
2026,H1230,Local CCP,"KAISER FOUNDATION HP, INC.",Kaiser Permanente,"Kaiser Foundation Health Plan, Inc.",No,4.5,5.0,4.5
2026,H1248,Local CCP,LOUISIANA HEALTH SERVICE & INDEMNITY COMPANY,Blue Cross and Blue Shield of Louisiana,Louisiana Health Service & Indemnity Company,No,4.0,4.5,4.5
2026,H1278,Local CCP,CARE IMPROVEMENT PLUS SOUTH CENTRAL INSURANCE CO.,UnitedHealthcare,"UnitedHealth Group, Inc.",No,3.5,3.5,3.5
2026,H1280,Local CCP,"ETERNALHEALTH, INC.",eternalHealth,"Eternal Health of Delaware, Inc.",No,,,
2026,H1285,Local CCP,"UNITEDHEALTHCARE COMMUNITY PLAN OF OHIO, INC.",UnitedHealthcare Community Plan,"UnitedHealth Group, Inc.",Yes,,,
2026,H1290,Local CCP,"DEVOTED HEALTH PLAN OF FLORIDA, INC.",Devoted Health,"Devoted Health, Inc.",Yes,5.0,4.0,5.0
2026,H1302,Local CCP,"BLUE CROSS OF IDAHO HEALTH SERVICE, INC.",Blue Cross of Idaho,"Gemstone Holdings, Inc.",No,3.5,,
2026,H1304,Local CCP,"REGENCE BLUESHIELD OF IDAHO, INC.",Regence BlueShield of Idaho,"Cambia Health Solutions, Inc.",No,3.5,3.5,3.5
2026,H1339,Local CCP,"JOHNS HOPKINS HEALTH PLAN OF VIRGINIA, INC.",Johns Hopkins Advantage MD,Johns Hopkins Healthcare LLC,No,,,
2026,H1347,Local CCP,"PATRIUS HEALTH, INC.",Patrius Health,BlueCross BlueShield of Alabama,No,3.5,2.5,3.0
2026,H1350,Local CCP,"BLUE CROSS OF IDAHO HEALTH SERVICE, INC.",Blue Cross of Idaho,"Gemstone Holdings, Inc.",No,3.5,3.0,3.5
2026,H1360,Local CCP,"UnitedHealthcare Benefits of Texas, Inc.",UnitedHealthcare,"UnitedHealth Group, Inc.",Yes,3.0,3.0,3.0
2026,H1365,Local CCP,"MARTIN'S POINT GENERATIONS ADVANTAGE, INC.",Martin's Point Generations Advantage,"Martin's Point Health Care, Inc.",No,3.5,3.5,3.5
2026,H1372,Local CCP,"MARQUIS ADVANTAGE, INC.",AgeRight Advantage,"Marquis Companies I, Inc.",Yes,,4.0,
2026,H1395,Local CCP,"NEBRASKA TOTAL CARE, INC.",Wellcare,Centene Corporation,Yes,2.5,3.0,3.0
2026,H1396,Local CCP,"HUMANA BENEFIT PLAN OF SOUTH CAROLINA, INC.",Humana,Humana Inc.,Yes,,,
2026,H1416,Local CCP,"HARMONY HEALTH PLAN,  INC.",Wellcare,Centene Corporation,Yes,3.0,3.5,3.0
2026,H1423,Local CCP,"WELLPOINT HEALTH PLANS, INC.",Wellpoint,"Elevance Health, Inc.",Yes,3.0,3.0,3.0
2026,H1468,Local CCP,"HUMANA BENEFIT PLAN OF ILLINOIS, INC.",Humana,Humana Inc.,Yes,3.5,3.0,3.5
2026,H1486,Local CCP,"COMMONWEALTH CARE ALLIANCE, INC.","Commonwealth Care Alliance, Inc.",CareSource,Yes,,,
2026,H1526,Local CCP,GOLD KIDNEY OF FLORIDA INC,Gold Kidney Health Plan,Gold Kidney Health Plan,Yes,,3.0,
2026,H1537,Local CCP,UNITEDHEALTHCARE INSURANCE COMPANY,UnitedHealthcare,"UnitedHealth Group, Inc.",No,4.5,4.5,4.5
2026,H1587,Local CCP,"ARKANSAS SUPERIOR SELECT, INC.",Tribute Health Plans,"Select Founders, LLC",Yes,,4.0,
2026,H1607,Local CCP,"ANTHEM INSURANCE COMPANIES, INC.",Anthem Blue Cross and Blue Shield,"Elevance Health, Inc.",No,3.5,3.5,3.5
2026,H1608,Local CCP,COVENTRY HEALTH AND LIFE INSURANCE COMPANY,Aetna Medicare,CVS Health Corporation,Yes,3.5,3.5,3.5
2026,H1609,Local CCP,AETNA HEALTH INC. (FL),Aetna Medicare,CVS Health Corporation,Yes,4.0,4.0,4.5
2026,H1610,Local CCP,"COVENTRY HEALTH CARE OF VIRGINIA, INC.",Aetna Better Health of Virginia,CVS Health Corporation,Yes,3.0,3.0,3.0
2026,H1611,Local CCP,"MASS GENERAL BRIGHAM HEALTH PLAN, INC",Mass General Brigham Health Plan,Mass General Brigham Incorporated,Yes,,,
2026,H1619,Local CCP,PARTNERS INSURANCE COMPANY INC,Jefferson Health Plans,Thomas Jefferson University,No,,3.5,
2026,H1644,Local CCP,"LONGEVITY HEALTH PLAN OF FLORIDA, INC.",Longevity Health Plan,"Longevity Health Founders, LLC",Yes,,5.0,
2026,H1651,1876 Cost,"MEDICAL ASSOCIATES HEALTH PLAN, INC.","Medical Associates Health Plan, Inc.","Medical Associates Clinic, P.C.",No,5.0,,
2026,H1659,Local CCP,CARE IMPROVEMENT PLUS SOUTH CENTRAL INSURANCE CO.,UnitedHealthcare,"UnitedHealth Group, Inc.",No,3.0,3.5,3.0
2026,H1664,Local CCP,"HOME STATE HEALTH PLAN, INC.",Wellcare By Allwell,Centene Corporation,Yes,2.5,3.5,3.0
2026,H1666,Local CCP,HCSC INSURANCE SERVICES COMPANY,"Blue Cross and Blue Shield of NM, TX",Health Care Service Corporation,No,3.0,3.0,3.0
2026,H1671,Local CCP,IMPERIAL COUNTY LOCAL HEALTH AUTHORITY,Community Health Plan of Imperial Valley,IMPERIAL COUNTY LOCAL HEALTH AUTHORITY,Yes,,,
2026,H1692,Local CCP,"COVENTRY HEALTH CARE OF WEST VIRGINIA, INC.",Aetna Medicare,CVS Health Corporation,Yes,3.5,3.5,3.5
2026,H1722,Local CCP,"HEALTHFIRST HEALTH PLAN, INC.",Healthfirst Medicare Plan,"Healthfirst, Inc.",No,3.0,3.0,3.0
2026,H1787,Local CCP,SANFORD HEALTH PLAN,Great Plains Medicare Advantage,Sanford Health,Yes,,3.5,
2026,H1799,Local CCP,"MOLINA HEALTHCARE OF KENTUCKY, INC.",Passport Advantage,"Molina Healthcare, Inc.",Yes,3.5,4.0,3.5
2026,H1822,Local CCP,"SCAN DESERT HEALTH PLAN, INC.",SCAN Health Plan,SCAN Group,Yes,3.5,5.0,4.5
2026,H1846,Local CCP,MOUNT CARMEL HEALTH INSURANCE COMPANY,MediGold,Trinity Health Corporation,No,4.0,4.0,4.0
2026,H1862,Local CCP,"WELLCARE HEALTH PLANS OF VERMONT, INC.",Wellcare,Centene Corporation,Yes,,3.5,
2026,H1889,Local CCP,CARE IMPROVEMENT PLUS SOUTH CENTRAL INSURANCE CO.,UnitedHealthcare,"UnitedHealth Group, Inc.",Yes,4.0,4.0,4.0
2026,H1894,Local CCP,"WELLPOINT WASHINGTON, INC.",Wellpoint,"Elevance Health, Inc.",Yes,2.5,3.0,3.0
2026,H1914,Local CCP,"WELLCARE HEALTH INSURANCE OF CONNECTICUT, INC.",Wellcare,Centene Corporation,Yes,3.0,3.5,3.5
2026,H1947,Local CCP,"COMMUNITY CARE HEALTH PLAN OF LOUISIANA, INC.",Healthy Blue,"Elevance Health, Inc.",Yes,3.5,3.5,3.5
2026,H1951,Local CCP,"HUMANA HEALTH BENEFIT PLAN OF LOUISIANA, INC.",Humana,Humana Inc.,Yes,4.5,3.5,4.0
2026,H1961,Local CCP,"PEOPLES HEALTH, INC.",Peoples Health,"UnitedHealth Group, Inc.",Yes,4.5,3.5,4.0
2026,H1969,Local CCP,"REGENCE BLUESHIELD OF IDAHO, INC.",Regence BlueShield of Idaho,"Cambia Health Solutions, Inc.",No,4.0,4.0,4.0
2026,H1993,Local CCP,"ASTIVA HEALTH, INC.",Astiva Health,Astiva Health Holdings Incorporated,Yes,4.0,3.5,3.5
2026,H1994,Local CCP,"SELECTHEALTH, INC.",Select Health,"Intermountain Health Care, Inc.",Yes,4.0,3.0,3.5
2026,H1997,Local CCP,REGENCE BLUESHIELD,Regence BlueShield,"Cambia Health Solutions, Inc.",No,4.0,3.5,4.0
2026,H2001,Local CCP,"SIERRA HEALTH AND LIFE INSURANCE COMPANY, INC.",UnitedHealthcare,"UnitedHealth Group, Inc.",Yes,4.5,4.0,4.5
2026,H2029,Local CCP,"HUMANA INSURANCE OF PUERTO RICO, INC.",Humana,Humana Inc.,No,,3.0,
2026,H2032,Local CCP,Baylor Scott & White Insurance Company,Baylor Scott & White Health Plan,Baylor Scott & White Health,No,4.0,4.5,4.0
2026,H2034,Local CCP,"COMMUNITY CARE HEALTH PLAN, INC.",Community Care,"Community Care, Inc.",Yes,,3.5,
2026,H2035,Local CCP,ALAMEDA ALLIANCE FOR HEALTH,Alameda Alliance for Health,Alameda Alliance for Health,Yes,,,
2026,H2041,Local CCP,DEVOTED HEALTH PLAN OF MISSOURI INC,Devoted Health,"Devoted Health, Inc.",Yes,,,
2026,H2056,Local CCP,AETNA BETTER HEALTH OF MICHIGAN INC.,Aetna Medicare,CVS Health Corporation,No,2.5,3.0,3.0
2026,H2108,Local CCP,"BRAVO HEALTH MID-ATLANTIC, INC.",Cigna HealthCare,Health Care Service Corporation,Yes,3.0,3.0,3.0
2026,H2117,Local CCP,"MERIDIAN HEALTH PLAN OF MICHIGAN, INC.",Wellcare,Centene Corporation,Yes,3.0,3.0,3.0
2026,H2126,Local CCP,NEIGHBORHOOD HEALTH PLAN OF RHODE ISLAND,Neighborhood Health Plan of Rhode Island,NEIGHBORHOOD HEALTH PLAN OF RHODE ISLAND,Yes,,,
2026,H2162,Local CCP,"WELLCARE OF NEW HAMPSHIRE, INC.",Wellcare,Centene Corporation,No,,3.0,
2026,H2168,Local CCP,VILLAGE SENIOR SERVICES CORPORATION,VillageCareMAX,"Village Care of New York, Inc.",Yes,3.5,3.5,3.5
2026,H2172,Local CCP,KAISER FDTN HLTH PLAN OF THE MID-ATLANTIC STATES,Kaiser Permanente,"Kaiser Foundation Health Plan, Inc.",Yes,4.0,5.0,4.5
2026,H2174,Local CCP,"TRILLIUM COMMUNITY HEALTH PLAN, INC.",Wellcare By Trillium,Centene Corporation,Yes,3.0,3.0,3.0
2026,H2185,Local CCP,"LIFEWORKS ADVANTAGE, LLC",Lifeworks Advantage,"Curana Health Holdings, LLC",Yes,,4.0,
2026,H2224,Local CCP,"SENIOR WHOLE HEALTH, LLC",Molina Healthcare,"Molina Healthcare, Inc.",Yes,4.0,5.0,4.5
2026,H2225,Local CCP,"COMMONWEALTH CARE ALLIANCE, INC.",Commonwealth Care Alliance Massachusetts,CareSource,Yes,3.5,4.0,4.0
2026,H2226,Local CCP,UNITEDHEALTHCARE INSURANCE COMPANY,UnitedHealthcare,"UnitedHealth Group, Inc.",Yes,4.0,3.5,4.0
2026,H2230,Local CCP,"BCBS  OF MASSACHUSETTS HMO BLUE, INC.",Blue Cross Blue Shield of Massachusetts,"Blue Cross and Blue Shield of Massachusetts, Inc.",No,4.5,4.5,4.5
2026,H2235,Local CCP,"BAYCARE SELECT HEALTH PLANS, INC.",BayCare Health Plans,"BayCare Health System, Inc.",No,4.0,3.5,4.0
2026,H2237,Local CCP,INDEPENDENT CARE HEALTH PLAN,iCare,Humana Inc.,Yes,2.5,2.5,2.5
2026,H2247,Local CCP,"UNITEDHEALTHCARE COMMUNITY PLAN, INC.",UnitedHealthcare,"UnitedHealth Group, Inc.",Yes,3.5,3.0,3.5
2026,H2256,Local CCP,TUFTS ASSOCIATED HEALTH MAINTENANCE ORGANIZATION,Tufts Health Plan,"Point32Health, Inc.",No,4.0,4.5,4.0
2026,H2261,Local CCP,"BCBS  OF MASSACHUSETTS HMO BLUE, INC.",Blue Cross Blue Shield of Massachusetts,"Blue Cross and Blue Shield of Massachusetts, Inc.",No,4.5,4.5,4.5
2026,H2272,Local CCP,"UNITEDHEALTHCARE OF NEW ENGLAND, INC.",UnitedHealthcare,"UnitedHealth Group, Inc.",Yes,,4.5,
2026,H2292,Local CCP,CARE IMPROVEMENT PLUS SOUTH CENTRAL INSURANCE CO.,UnitedHealthcare,"UnitedHealth Group, Inc.",Yes,3.5,5.0,4.5
2026,H2293,Local CCP,SILVERSCRIPT INSURANCE COMPANY,Aetna Medicare,CVS Health Corporation,Yes,4.0,4.0,4.0
2026,H2320,Local CCP,PRIORITY HEALTH,Priority Health Medicare,Corewell Health,No,4.5,4.5,4.5
2026,H2322,Local CCP,ALLIANCE HEALTH AND LIFE INSURANCE COMPANY,HAP Senior Plus (PPO),Henry Ford Health System,Yes,4.0,3.5,4.0
2026,H2354,Local CCP,HEALTH ALLIANCE PLAN OF MICHIGAN,HAP Senior Plus,Henry Ford Health System,Yes,4.0,3.5,4.0
2026,H2385,Local CCP,UNITEDHEALTHCARE INSURANCE COMPANY,UnitedHealthcare,"UnitedHealth Group, Inc.",Yes,,,
2026,H2392,Local CCP,"KANSAS SUPERIOR SELECT, INC.",Kansas Health Advantage,Kansas Superior Select,Yes,4.5,4.5,4.5
2026,H2400,Local CCP,"SIGNATURE ADVANTAGE, LLC",Signature Advantage (HMO SNP),"BrightSpring Health Services, Inc.",Yes,3.5,3.0,3.0
2026,H2406,Local CCP,CARE IMPROVEMENT PLUS SOUTH CENTRAL INSURANCE CO.,UnitedHealthcare,"UnitedHealth Group, Inc.",Yes,4.0,3.5,4.0
2026,H2416,Local CCP,PRIMEWEST RURAL MN HEALTH CARE ACCESS INITIATIVE,PrimeWest Health,PrimeWest Rural MN Health Care Access Initiative,Yes,3.5,4.0,4.0
2026,H2417,Local CCP,ITASCA MEDICAL CARE,Itasca Medical Care/IMCare Classic,Itasca County,Yes,,4.0,
2026,H2419,Local CCP,SOUTH COUNTRY HEALTH ALLIANCE,South Country Health Alliance,South Country Health Alliance,Yes,3.5,4.0,3.5
2026,H2422,Local CCP,"HEALTHPARTNERS, INC.",HealthPartners,"HealthPartners, Inc.",Yes,3.5,4.0,3.5
2026,H2425,Local CCP,HMO Minnesota,Blue Plus,"Aware Integrated, Inc.",Yes,3.5,4.0,4.0
2026,H2441,Local CCP,"ANTHEM INSURANCE COMPANIES, INC.",Anthem Blue Cross and Blue Shield,"Elevance Health, Inc.",Yes,,,
2026,H2445,Local CCP,"UNITEDHEALTHCARE OF THE MID-ATLANTIC, INC.",UnitedHealthcare,"UnitedHealth Group, Inc.",Yes,,,
2026,H2450,1876 Cost,MEDICA INSURANCE COMPANY,Medica,Medica Holding Company,No,3.5,3.5,3.5
2026,H2456,Local CCP,UCARE MINNESOTA,UCare's MSHO,UCare Minnesota,Yes,3.0,3.5,3.0
2026,H2458,Local CCP,MEDICA HEALTH PLANS,Medica,Medica Holding Company,Yes,3.5,3.5,3.0
2026,H2459,Local CCP,UCARE MINNESOTA,UCare,UCare Minnesota,No,4.0,4.0,4.0
2026,H2461,1876 Cost,"BCBSM, Inc.",Blue Cross and Blue Shield of Minnesota,"Aware Integrated, Inc.",No,3.5,4.0,3.5
2026,H2462,1876 Cost,"HEALTHPARTNERS, INC.",HealthPartners,"HealthPartners, Inc.",No,4.0,,
2026,H2463,Local CCP,"HUMANA HEALTH PLAN OF TEXAS, INC.",Humana,Humana Inc.,No,3.5,3.0,3.0
2026,H2478,Local CCP,MOLINA HEALTHCARE OF NEVADA INC,Molina Healthcare of Nevada,"Molina Healthcare, Inc.",Yes,,,
2026,H2486,Local CCP,"HUMANA MEDICAL PLAN OF UTAH, INC.",Humana,Humana Inc.,No,3.5,3.0,3.0
2026,H2491,Local CCP,"WELLCARE HEALTH INSURANCE OF ARIZONA, INC.",Wellcare,Centene Corporation,Yes,3.5,3.5,3.5
2026,H2509,Local CCP,"UNITEDHEALTHCARE OF FLORIDA, INC.",UnitedHealthcare,"UnitedHealth Group, Inc.",Yes,3.5,4.0,3.5
2026,H2526,Local CCP,DEVOTED HEALTH PLAN OF OHIO INC,Devoted Health,"Devoted Health, Inc.",No,3.5,4.0,4.0
2026,H2563,Local CCP,SENTARA HEALTH PLANS,Sentara Medicare,Sentara Health Care (SHC),Yes,3.0,4.0,3.5
2026,H2564,Local CCP,"AMERIHEALTH CARITAS LOUISIANA, INC.",AmeriHealth Caritas VIP Care (HMO-SNP),"Independence Health Group, Inc.",Yes,,,
2026,H2593,Local CCP,"WELLPOINT TEXAS, INC.",Wellpoint,"Elevance Health, Inc.",Yes,3.0,3.5,3.5
2026,H2610,Local CCP,"ESSENCE HEALTHCARE, INC.",Essence Healthcare,Lumeris Group Holdings Corporation,No,4.5,3.5,4.5
2026,H2624,Local CCP,CARE N' CARE INSURANCE COMPANY OF NORTH CAROLINA,HealthTeam Advantage,"Risant Health, Inc.",Yes,4.0,3.0,4.0
2026,H2628,Local CCP,COMMUNITY INSURANCE COMPANY,Anthem Blue Cross and Blue Shield,"Elevance Health, Inc.",Yes,,,
2026,H2630,Local CCP,"VERDA HEALTH PLAN OF ARIZONA, INC.",Verda Health Plan of Arizona,"Verda Healthcare, Inc.",Yes,,,
2026,H2663,Local CCP,"COVENTRY HEALTH CARE OF MISSOURI, INC.",Aetna Medicare,CVS Health Corporation,Yes,3.5,3.5,4.0
2026,H2686,Local CCP,DEVOTED HEALTH INSURANCE COMPANY OF HAWAII INC,Devoted Health,"Devoted Health, Inc.",No,3.0,4.0,3.5
2026,H2687,Local CCP,"WELLPOINT SOUTH CAROLINA, INC.",Wellpoint,"Elevance Health, Inc.",No,,,
2026,H2694,Local CCP,"ETERNALHEALTH, INC.",eternalHealth,"Eternal Health of Delaware, Inc.",No,,3.0,
2026,H2697,Local CCP,"DEVOTED HEALTH PLAN OF OHIO, INC.",Devoted Health,"Devoted Health, Inc.",Yes,3.5,3.0,4.0
2026,H2704,Local CCP,"KAISER FOUNDATION HP, INC.",Kaiser Permanente,"Kaiser Foundation Health Plan, Inc.",Yes,,,
2026,H2715,Local CCP,MOLINA HEALTHCARE OF ILLINOIS INC,Molina Healthcare of Illinois,"Molina Healthcare, Inc.",Yes,,,
2026,H2737,Local CCP,"HEALTH NEW ENGLAND, INC.",Health New England Medicare Advantage Plans,"Baystate Health, Inc.",No,2.5,3.5,2.5
2026,H2752,Local CCP,"BRAVO HEALTH PENNSYLVANIA, INC.",Cigna HealthCare,Health Care Service Corporation,Yes,,,
2026,H2775,Local CCP,AMERICAN PROGRESSIVE LIFE & HLTH INS COMPANY OF NY,Wellcare,Centene Corporation,Yes,3.0,3.5,3.0
2026,H2802,Local CCP,"UNITEDHEALTHCARE OF THE MIDLANDS, INC.",UnitedHealthcare,"UnitedHealth Group, Inc.",Yes,4.0,4.5,4.0
2026,H2816,PFFS,AMERICAN PROGRESSIVE LIFE & HLTH INS COMPANY OF NY,Wellcare,Centene Corporation,No,3.0,4.5,3.5
2026,H2819,Local CCP,CALIFORNIA PHYSICIANS' SERVICE,Blue Shield of California,California Physicians' Service,Yes,3.5,4.0,3.5
2026,H2836,Local CCP,"ANTHEM HEALTH PLANS, INC.",Anthem Blue Cross and Blue Shield,"Elevance Health, Inc.",Yes,3.0,3.0,3.0
2026,H2845,Local CCP,DEVOTED HEALTH INSURANCE COMPANY OF OKLAHOMA,Devoted Health,"Devoted Health, Inc.",Yes,,,
2026,H2853,Local CCP,CENTENE VENTURE COMPANY TENNESSEE,Ascension Complete,Centene Corporation,No,,,
2026,H2875,Local CCP,HUMANA WI HEALTH ORGANIZATION INSURANCE CORP,Humana,Humana Inc.,Yes,,,
2026,H2915,Local CCP,"PENNSYLVANIA HEALTH & WELLNESS, INC.",Wellcare By Allwell,Centene Corporation,Yes,3.5,3.5,3.5
2026,H2923,Local CCP,DEVOTED HEALTH PLAN OF OREGON INC,Devoted Health,"Devoted Health, Inc.",Yes,3.5,4.0,3.5
2026,H2926,Local CCP,PRIMEWEST RURAL MN HEALTH CARE ACCESS INITIATIVE,PrimeWest Health,PrimeWest Rural MN Health Care Access Initiative,Yes,,3.0,
2026,H2942,Local CCP,COX HEALTH SYSTEMS HMO INC,Cox HealthPlans,CoxHealth,No,4.0,3.5,4.0
2026,H2960,Local CCP,"HOMETOWN HEALTH PLAN, INC.",Senior Care Plus,Renown Health,Yes,5.0,3.5,4.5
2026,H2962,Local CCP,"ULTIMATE HEALTH PLANS, INC.",Ultimate Health Plans,"Ultimate Healthcare Holdings, LLC",Yes,3.5,3.5,4.0
2026,H3038,Local CCP,MOLINA HEALTHCARE OF CALIFORNIA,Molina Healthcare of California,"Molina Healthcare, Inc.",Yes,3.0,4.0,3.0
2026,H3041,Local CCP,DEVOTED HEALTH PLAN OF SOUTH CAROLINA INC,Devoted Health,"Devoted Health, Inc.",No,,4.0,
2026,H3048,Local CCP,SECUR INC,SECUR Health Plan,Chapters CareNu Inc,Yes,,,
2026,H3071,Local CCP,"CLEAR SPRING HEALTH COMMUNITY CARE, INC.",Clear Spring Health,Group 1001,No,3.0,2.5,3.0
2026,H3080,Local CCP,DEVOTED HEALTH PLAN OF ALABAMA INC,Devoted Health,"Devoted Health, Inc.",Yes,3.5,3.5,3.5
2026,H3093,Local CCP,"MOLINA HEALTHCARE OF ILLINOIS, INC.",Molina Healthcare of Illinois,"Molina Healthcare, Inc.",Yes,,,
2026,H3113,Local CCP,"OXFORD HEALTH PLANS (NJ), INC.",UnitedHealthcare,"UnitedHealth Group, Inc.",Yes,3.5,4.0,3.5
2026,H3124,Local CCP,PARTNERS INSURANCE COMPANY OF NEW JERSEY INC,Jefferson Health Plans,Thomas Jefferson University,No,,,
2026,H3127,Local CCP,"UPPER PENINSULA HEALTH PLAN, LLC",Upper Peninsula Health Plan (UPHP) MI Coordinated,"DLP Marquette Health Plan, LLC",Yes,,,
2026,H3138,Local CCP,KAISER PERMANENTE INSURANCE COMPANY,Kaiser Permanente,"Kaiser Foundation Health Plan, Inc.",No,,,
2026,H3146,Local CCP,AETNA BETTER HEALTH INC. (GA),Aetna Medicare,CVS Health Corporation,Yes,4.0,3.5,4.0
2026,H3152,Local CCP,AETNA HEALTH INC. (NJ),Aetna Medicare,CVS Health Corporation,No,4.0,3.5,4.0
2026,H3170,Local CCP,"SAPPHIRE EDGE, INC.",Blue Cross and Blue Shield of Nebraska,Blue Cross Blue Shield of Nebraska,No,,2.5,
2026,H3186,Local CCP,SANFORD HEALTH PLAN OF MINNESOTA,Align powered by Sanford Health Plan,Sanford Health,No,4.0,2.5,3.0
2026,H3192,Local CCP,AETNA HEALTH OF MICHIGAN INC.,Aetna Medicare,CVS Health Corporation,Yes,3.0,3.0,3.0
2026,H3204,Local CCP,PRESBYTERIAN HEALTH PLAN,Presbyterian Health Plan,Presbyterian Healthcare Services,Yes,3.0,2.5,3.0
2026,H3219,Local CCP,ALLINA HEALTH AND AETNA INSURANCE COMPANY,Allina Health Aetna Medicare,Allina Health and Aetna Insurance Holding Company,Yes,4.0,3.0,4.0
2026,H3239,Local CCP,"AETNA BETTER HEALTH, INC. (LA)",Aetna Medicare,CVS Health Corporation,Yes,3.5,3.0,3.5
2026,H3240,Local CCP,"WELLPOINT NEW JERSEY, INC.",Wellpoint,"Elevance Health, Inc.",Yes,3.0,3.5,3.0
2026,H3251,Local CCP,HEALTH CARE SERVICE CORPORATION,Blue Cross and Blue Shield of New Mexico,Health Care Service Corporation,Yes,3.0,2.5,2.5
2026,H3256,Local CCP,CARE IMPROVEMENT PLUS SOUTH CENTRAL INSURANCE CO.,UnitedHealthcare,"UnitedHealth Group, Inc.",Yes,4.5,4.5,5.0
2026,H3259,Local CCP,VOLUNTEER STATE HEALTH PLAN,BlueCare Plus Tennessee,BlueCross BlueShield of Tennessee,Yes,3.5,3.5,3.5
2026,H3274,Local CCP,ALIGN SENIOR CARE CALIFORNIA INC.,Align Senior Care,"Curana Health Holdings, LLC",Yes,,,
2026,H3276,Local CCP,"CONNECTICARE INSURANCE COMPANY, INC.",ConnectiCare,"Molina Healthcare, Inc.",Yes,,4.0,
2026,H3288,Local CCP,AETNA HEALTH AND LIFE INSURANCE COMPANY,Aetna Medicare,CVS Health Corporation,Yes,3.5,3.5,3.5
2026,H3291,Local CCP,"PRUITTHEALTH PREMIER, INC.",PruittHealth Premier,"UNICO Services, Inc.",Yes,,5.0,
2026,H3305,Local CCP,"MVP HEALTH PLAN, INC.",MVP HEALTH CARE,"MVP Health Care, Inc.",Yes,4.0,4.0,4.0
2026,H3312,Local CCP,AETNA HEALTH INC. (NY),Aetna Medicare,CVS Health Corporation,Yes,3.0,3.0,3.0
2026,H3330,Local CCP,HEALTH INSURANCE PLAN OF GREATER NEW YORK,EmblemHealth,"EmblemHealth, Inc.",No,3.5,4.5,4.0
2026,H3335,Local CCP,"EXCELLUS HEALTH PLAN, INC.","Excellus Health Plan, Inc","Lifetime Healthcare, Inc.",No,3.5,4.0,3.5
2026,H3344,Local CCP,INDEPENDENT HEALTH BENEFITS CORPORATION,Independent Health,"Independent Health Association, Inc.",No,4.5,4.5,4.5
2026,H3347,Local CCP,"ELDERPLAN, INC.",Elderplan,"Elderplan, Inc.",Yes,3.0,3.5,3.5
2026,H3351,Local CCP,"EXCELLUS HEALTH PLAN, INC.","Excellus Health Plan, Inc","Lifetime Healthcare, Inc.",No,4.0,4.0,4.0
2026,H3359,Local CCP,"HEALTHFIRST HEALTH PLAN, INC.",Healthfirst Medicare Plan,"Healthfirst, Inc.",Yes,4.5,4.0,4.5
2026,H3362,Local CCP,"INDEPENDENT HEALTH ASSOCIATION, INC.",Independent Health,"Independent Health Association, Inc.",Yes,5.0,5.0,5.0
2026,H3379,Local CCP,"UNITEDHEALTHCARE OF NEW YORK, INC.",UnitedHealthcare,"UnitedHealth Group, Inc.",Yes,3.5,3.5,3.5
2026,H3384,Local CCP,Highmark Western and Northeastern New York Inc.,Highmark Blue Cross Blue Shield or Highmark Blue S,Highmark Health,No,4.0,4.5,4.0
2026,H3387,Local CCP,"UNITEDHEALTHCARE OF NEW YORK, INC.",UnitedHealthcare,"UnitedHealth Group, Inc.",Yes,3.5,4.5,4.0
2026,H3388,Local CCP,"CAPITAL DISTRICT PHYSICIANS' HEALTH PLAN, INC.",CDPHP Medicare Advantage,"Lifetime Healthcare, Inc.",No,4.5,4.0,4.5
2026,H3404,Local CCP,BLUE CROSS AND BLUE SHIELD OF NORTH CAROLINA,Blue Cross and Blue Shield of North Carolina,CuraCor Solutions Corp.,No,4.5,4.0,4.5
2026,H3407,Local CCP,"EL PASO FIRST HEALTH PLANS, INC.",El Paso Health Medicare Advantage,El Paso County Hospital District,Yes,,2.0,
2026,H3418,Local CCP,CARE IMPROVEMENT PLUS SOUTH CENTRAL INSURANCE CO.,UnitedHealthcare,"UnitedHealth Group, Inc.",No,3.0,4.0,3.5
2026,H3419,Local CCP,"PERENNIAL ADVANTAGE OF COLORADO, INC.",Perennial Advantage,"Perennial Consortium, LLC",Yes,,,
2026,H3443,Local CCP,"ALIGNMENT HEALTH PLAN OF ARIZONA, INC.",Alignment Health Plan,"Alignment Healthcare USA, LLC",Yes,3.5,3.5,4.0
2026,H3447,Local CCP,"HEALTHKEEPERS, INC.",Anthem HealthKeepers,"Elevance Health, Inc.",Yes,3.5,3.5,3.5
2026,H3449,Local CCP,BLUE CROSS AND BLUE SHIELD OF NORTH CAROLINA,Blue Cross and Blue Shield of North Carolina,CuraCor Solutions Corp.,No,4.5,4.0,4.0
2026,H3467,Local CCP,"PROCARE ADVANTAGE, LLC",ProCare Advantage,First Sacramento Capital Funding LLC,Yes,,3.0,
2026,H3499,Local CCP,COORDINATED CARE CORPORATION,Wellcare By Allwell,Centene Corporation,No,3.0,3.5,3.0
2026,H3528,Local CCP,"CONNECTICARE, INC.",ConnectiCare,"Molina Healthcare, Inc.",No,3.5,4.5,3.5
2026,H3533,Local CCP,"HUMANA HEALTH COMPANY OF NEW YORK, INC.",Humana,Humana Inc.,Yes,3.0,3.5,3.0
2026,H3536,Local CCP,"MATTHEW THORNTON HEALTH PLAN, INC.",Anthem Blue Cross and Blue Shield,"Elevance Health, Inc.",No,3.5,3.5,3.5
2026,H3551,Local CCP,ETERNALHEALTH OF ARIZONA INC,eternalHealth,"Eternal Health of Delaware, Inc.",No,,,
2026,H3557,Local CCP,BLUE CROSS & BLUE SHIELD OF RHODE ISLAND,Blue Cross & Blue Shield of Rhode Island,Blue Cross & Blue Shield of Rhode Island,No,4.0,4.0,4.5
2026,H3561,Local CCP,"HEALTH NET COMMUNITY SOLUTIONS, INC.",Wellcare By Health Net,Centene Corporation,Yes,3.5,3.5,3.5
2026,H3597,Local CCP,AETNA HEALTH INC. (ME),Aetna Medicare,CVS Health Corporation,Yes,3.5,4.5,4.0
2026,H3653,Local CCP,"PARAMOUNT CARE, INC.",Paramount Elite Medicare Plans,MEDICAL MUTUAL OF OHIO,No,4.0,3.0,3.5
2026,H3655,Local CCP,COMMUNITY INSURANCE COMPANY,Anthem Blue Cross and Blue Shield,"Elevance Health, Inc.",No,4.0,4.5,4.0
2026,H3660,Local CCP,SUMMACARE INC.,SummaCare Medicare Advantage Plans,Summa Health,No,4.0,4.5,4.5
2026,H3664,Local CCP,AULTCARE HEALTH INSURING CORPORATION,PrimeTime Health Plan,Aultman Health Foundation,No,4.5,3.5,4.5
2026,H3668,Local CCP,"MOUNT CARMEL HEALTH PLAN, INC.",MediGold,Trinity Health Corporation,No,4.0,4.0,4.5
2026,H3672,Local CCP,"THE HEALTH PLAN OF WEST VIRGINIA, INC.",The Health Plan,"The Health Plan of West Virginia, Inc.",Yes,3.5,3.5,3.5
2026,H3706,Local CCP,"GLOBALHEALTH, INC.",GlobalHealth,"MHH Healthcare, L.P.",Yes,4.0,3.5,4.0
2026,H3708,Local CCP,"OKLAHOMA SUPERIOR SELECT, INC.",American Health Advantage of Oklahoma,Mitchell Family Office,Yes,,4.0,
2026,H3727,Local CCP,OH CHS SNP INC.,Communicare Advantage,"SNP Holdings, LLC",Yes,,3.0,
2026,H3748,Local CCP,"AETNA BETTER HEALTH OF WASHINGTON, INC.",Aetna Medicare,CVS Health Corporation,No,3.5,3.5,3.0
2026,H3755,Local CCP,"COMMUNITYCARE GOVERNMENT PROGRAMS, INC.",CommunityCare Senior Health Plan (HMO),St Francis Health System & St John Health System,Yes,3.5,3.5,3.5
2026,H3777,Local CCP,BLUE CROSS AND BLUE SHIELD OF NORTH CAROLINA,Experience Health,CuraCor Solutions Corp.,No,4.0,2.5,3.5
2026,H3794,Local CCP,"UNITEDHEALTHCARE OF WISCONSIN, INC.",UnitedHealthcare,"UnitedHealth Group, Inc.",Yes,3.5,4.0,4.0
2026,H3800,Local CCP,PROVIDER PARTNERS HEALTH PLAN OF ILLINOIS,Provider Partners Health Plans,"Rifkin Managed Care Holding, LLC",Yes,4.5,3.5,4.0
2026,H3805,Local CCP,"UnitedHealthcare Benefits of Texas, Inc.",UnitedHealthcare,"UnitedHealth Group, Inc.",Yes,3.5,3.5,3.5
2026,H3810,Local CCP,"ALLCARE HEALTH PLAN, INC.",AllCare Advantage,"AllCare Health, Inc.",Yes,2.5,3.0,2.5
2026,H3811,Local CCP,"SAMARITAN HEALTH PLANS, INC.",Samaritan Advantage Health Plans,"Samaritan Health Services, Inc.",Yes,3.0,3.0,3.0
2026,H3814,Local CCP,ATRIO HEALTH PLANS,ATRIO Health Plans,ATRIO Health Plans,Yes,2.0,2.5,2.0
2026,H3815,Local CCP,ALIGNMENT HEALTH PLAN,Alignment Health Plan,"Alignment Healthcare USA, LLC",Yes,3.5,3.5,4.0
2026,H3817,Local CCP,REGENCE BLUECROSS BLUESHIELD OF OREGON,Regence BlueCross BlueShield of Oregon,"Cambia Health Solutions, Inc.",No,3.0,3.5,3.0
2026,H3822,Local CCP,HEALTH CARE SERVICE CORPORATION,"Blue Cross and Blue Shield of IL, NM",Health Care Service Corporation,No,3.5,3.0,3.0
2026,H3828,Local CCP,"MOUNT CARMEL HEALTH PLAN OF IDAHO, INC.",Saint Alphonsus Health Plan,Trinity Health Corporation,No,,,
2026,H3832,Local CCP,HAWAII MEDICAL SERVICE ASSOCIATION,HMSA Akamai Advantage,Hawaii Medical Service Association,No,3.5,3.5,3.5
2026,H3864,Local CCP,PACIFICSOURCE COMMUNITY HEALTH PLANS,PacificSource Medicare,PacificSource,Yes,3.5,3.5,3.5
2026,H3868,Local CCP,"UNITEDHEALTHCARE COMMUNITY PLAN OF TEXAS, L.L.C.",UnitedHealthcare,"UnitedHealth Group, Inc.",Yes,,,
2026,H3890,Local CCP,"HOPKINS HEALTH ADVANTAGE, INC.",Johns Hopkins Advantage MD,Johns Hopkins Healthcare LLC,No,3.5,3.0,3.0
2026,H3907,Local CCP,"UPMC HEALTH PLAN, INC.",UPMC for Life,UPMC Health System,No,4.5,5.0,4.5
2026,H3909,Local CCP,QCC INSURANCE COMPANY,Independence Blue Cross,"Independence Health Group, Inc.",No,4.0,4.5,4.0
2026,H3916,Local CCP,HIGHMARK SENIOR HEALTH COMPANY,Highmark Blue Cross Blue Shield or Highmark Blue S,Highmark Health,No,4.0,4.5,4.5
2026,H3923,Local CCP,CAPITAL ADVANTAGE INSURANCE COMPANY,Capital Blue Cross,CAPITAL BLUE CROSS,No,4.5,4.0,4.5
2026,H3924,Local CCP,GEISINGER INDEMNITY INSURANCE COMPANY,Geisinger Gold,"Risant Health, Inc.",No,4.0,4.5,4.5
2026,H3928,Local CCP,AETNA HEALTH INC. (LA),Aetna Medicare,CVS Health Corporation,No,3.5,2.0,3.0
2026,H3931,Local CCP,AETNA HEALTH INC. (PA),Aetna Medicare,CVS Health Corporation,Yes,3.0,3.0,3.0
2026,H3949,Local CCP,"BRAVO HEALTH PENNSYLVANIA, INC.",Cigna HealthCare,Health Care Service Corporation,Yes,3.0,3.5,3.0
2026,H3952,Local CCP,"KEYSTONE HEALTH PLAN EAST, INC.",Independence Blue Cross,"Independence Health Group, Inc.",No,4.0,4.0,4.0
2026,H3954,Local CCP,GEISINGER HEALTH PLAN,Geisinger Gold,"Risant Health, Inc.",Yes,4.0,5.0,4.5
2026,H3957,Local CCP,HIGHMARK CHOICE COMPANY,Highmark Blue Cross Blue Shield or Highmark Blue S,Highmark Health,No,4.5,5.0,4.5
2026,H3959,Local CCP,AETNA HEALTH INC. (PA),Aetna Medicare,CVS Health Corporation,Yes,3.5,3.5,4.0
2026,H3962,Local CCP,"KEYSTONE HEALTH PLAN CENTRAL, INC.",Capital Blue Cross,CAPITAL BLUE CROSS,No,4.0,4.0,4.5
2026,H3975,Local CCP,"WELLCARE HEALTH INSURANCE COMPANY OF KENTUCKY, INC",Wellcare,Centene Corporation,Yes,2.5,3.5,3.0
2026,H3979,Local CCP,"GHS HEALTH MAINTENANCE ORGANIZATION, INC.",Blue Cross and Blue Shield of Oklahoma,Health Care Service Corporation,No,4.0,3.0,3.5
2026,H4003,Local CCP,"MMM HEALTHCARE, LLC",Medicare y Mucho Mas (MMM),"Elevance Health, Inc.",Yes,5.0,5.0,5.0
2026,H4004,Local CCP,"MMM HEALTHCARE, LLC",Medicare y Mucho Mas (MMM),"Elevance Health, Inc.",Yes,5.0,5.0,5.0
2026,H4005,Local CCP,"TRIPLE S ADVANTAGE, INC.",Triple-S Advantage,Guidewell Mutual Holding Corporation,No,3.5,4.5,3.5
2026,H4026,Local CCP,SCAN HEALTH PLAN (WA),SCAN Health Plan,SCAN Group,No,,,
2026,H4032,Local CCP,"UNITEDHEALTHCARE OF THE ROCKIES, INC.",UnitedHealthcare,"UnitedHealth Group, Inc.",Yes,,,
2026,H4036,Local CCP,"ANTHEM INSURANCE COMPANIES, INC.",Anthem Blue Cross and Blue Shield,"Elevance Health, Inc.",No,4.0,4.5,4.0
2026,H4045,Local CCP,SANTA CLARA COUNTY HEALTH AUTHORITY,Santa Clara Family Health Plan,SANTA CLARA COUNTY HEALTH AUTHORITY,Yes,3.0,4.0,3.5
2026,H4054,Local CCP,"PROVIDER PARTNERS HEALTH PLAN OF TEXAS, INC.",Provider Partners Health Plans,"Rifkin Managed Care Holding, LLC",Yes,4.5,4.0,4.0
2026,H4057,Local CCP,KERN HEALTH SYSTEMS,Kern Family Health Care Medicare (D-SNP),Kern Health Systems (KHS),Yes,,,
2026,H4073,Local CCP,"WELLCARE HEALTH INSURANCE OF NORTH CAROLINA, INC.",Wellcare,Centene Corporation,Yes,3.5,3.0,3.5
2026,H4091,Local CCP,"SIMPRA ADVANTAGE, INC.",Simpra Advantage,"Associated Care Ventures, Inc.",Yes,,4.0,
2026,H4093,Local CCP,"PROVIDER PARTNERS HEALTH PLAN OF PENNSYLVANIA, INC",Provider Partners Health Plans,"Rifkin Managed Care Holding, LLC",Yes,,4.5,
2026,H4140,Local CCP,"DOCTORS HEALTHCARE PLANS, INC.","Doctors HealthCare Plans, Inc.","DOCTORS HEALTHCARE PLANS, INC.",Yes,4.5,3.5,4.0
2026,H4141,Local CCP,"HUMANA EMPLOYERS HEALTH PLAN OF GEORGIA, INC.",Humana,Humana Inc.,Yes,4.0,3.5,3.5
2026,H4152,Local CCP,BLUE CROSS & BLUE SHIELD OF RHODE ISLAND,Blue Cross & Blue Shield of Rhode Island,Blue Cross & Blue Shield of Rhode Island,Yes,3.5,4.0,4.0
2026,H4158,Local CCP,"BUCKEYE COMMUNITY HEALTH PLAN, INC.",Wellcare,Centene Corporation,Yes,,,
2026,H4161,Local CCP,"BLUE CROSS OF CALIFORNIA PARTNERSHIP PLAN, INC.",Anthem Blue Cross Partnership Plan,"Elevance Health, Inc.",Yes,3.0,2.5,3.0
2026,H4172,Local CCP,"NHC ADVANTAGE, LLC",NHC Advantage,"Missouri Healthcare Advisors, LLC",Yes,5.0,4.5,5.0
2026,H4193,Local CCP,HAP CARESOURCE,HAP CareSource MI Coordinated Health,Henry Ford Health System,Yes,,,
2026,H4213,PFFS,USABLE MUTUAL INSURANCE COMPANY,Arkansas Blue Medicare,USAble Mutual Insurance Company,No,3.0,3.5,3.5
2026,H4227,Local CCP,"VISTA HEALTH PLAN, INC.",VISTA Health Plan Inc.,"Independence Health Group, Inc.",Yes,4.0,3.5,4.0
2026,H4232,Local CCP,"AMERICAN HEALTH PLAN OF UT, INC.",American Health Advantage of Utah,Mitchell Family Office,Yes,,2.5,
2026,H4279,Local CCP,"UPMC FOR YOU, INC",UPMC for Life Complete Care,UPMC Health System,Yes,4.0,4.0,4.0
2026,H4286,Local CCP,"LEON HEALTH, INC.","Leon Health, Inc.","LMC Family Holdings, LLC",Yes,5.0,5.0,5.0
2026,H4329,Local CCP,"HUMANA BENEFIT PLAN OF ILLINOIS, INC.",Humana,Humana Inc.,Yes,,,
2026,H4346,Local CCP,"HMO COLORADO, INC.",Anthem Blue Cross and Blue Shield,"Elevance Health, Inc.",Yes,3.0,4.0,3.5
2026,H4348,Local CCP,DEVOTED HEALTH INSURANCE COMPANY OF KANSAS,Devoted Health,"Devoted Health, Inc.",Yes,,,
2026,H4371,Local CCP,"SENIOR WHOLE HEALTH, LLC",Molina Healthcare,"Molina Healthcare, Inc.",Yes,,,
2026,H4407,Local CCP,"HEALTHSPRING LIFE & HEALTH INSURANCE COMPANY, INC.",Cigna HealthCare,Health Care Service Corporation,Yes,4.0,3.5,4.0
2026,H4439,Local CCP,PROVIDER PARTNERS HEALTH PLAN OF NORTH CAROLINA,Provider Partners Health Plans,"Rifkin Managed Care Holding, LLC",Yes,,,
2026,H4444,Local CCP,PROVIDER PARTNERS HEALTH PLAN OF INDIANA,Provider Partners Health Plans,"Rifkin Managed Care Holding, LLC",Yes,,,
2026,H4461,Local CCP,CARITEN HEALTH PLAN INC.,Humana,Humana Inc.,Yes,4.0,3.0,4.0
2026,H4471,Local CCP,"BLUE CROSS OF CALIFORNIA PARTNERSHIP PLAN, INC.",Anthem Blue Cross,"Elevance Health, Inc.",Yes,3.0,3.0,3.0
2026,H4473,Local CCP,"DEVOTED HEALTH INSURANCE COMPANY OF UTAH, INC.",Devoted Health,"Devoted Health, Inc.",Yes,,,
2026,H4490,Local CCP,"AMERICAN HEALTH PLAN OF MISSOURI, INC.",American Health Advantage of Missouri,Mitchell Family Office,Yes,,2.5,
2026,H4497,Local CCP,MEDICAL MUTUAL OF OHIO,Medical Mutual of Ohio,MEDICAL MUTUAL OF OHIO,No,4.5,4.0,4.5
2026,H4499,Local CCP,SENTARA HEALTH PLANS,Sentara Medicare,Sentara Health Care (SHC),Yes,,,
2026,H4506,Local CCP,"SELECTCARE OF TEXAS, INC.",Wellcare,Centene Corporation,No,4.0,4.0,4.0
2026,H4513,Local CCP,"HEALTHSPRING LIFE & HEALTH INSURANCE COMPANY, INC.",Cigna HealthCare,Health Care Service Corporation,Yes,4.5,3.5,4.0
2026,H4514,Local CCP,"UNITEDHEALTHCARE COMMUNITY PLAN OF TEXAS, L.L.C.",UnitedHealthcare,"UnitedHealth Group, Inc.",Yes,4.0,3.5,4.0
2026,H4523,Local CCP,AETNA HEALTH INC. (TX),Aetna Medicare,CVS Health Corporation,Yes,4.0,3.5,4.0
2026,H4527,Local CCP,"PHYSICIANS HEALTH CHOICE OF TEXAS, LLC",UnitedHealthcare,"UnitedHealth Group, Inc.",Yes,4.5,4.0,4.5
2026,H4537,Local CCP,"WELLCARE HEALTH INSURANCE COMPANY OF OKLAHOMA, INC",Wellcare,Centene Corporation,Yes,,3.5,
2026,H4544,Local CCP,"PEOPLES HEALTH, INC.",Peoples Health,"UnitedHealth Group, Inc.",No,3.0,2.5,2.5
2026,H4604,Local CCP,"UNITEDHEALTHCARE OF THE ROCKIES, INC.",UnitedHealthcare,"UnitedHealth Group, Inc.",Yes,4.0,3.5,4.0
2026,H4605,Local CCP,REGENCE BLUECROSS BLUESHIELD OF UTAH,Regence BlueCross BlueShield of Utah,"Cambia Health Solutions, Inc.",No,3.5,3.5,3.5
2026,H4610,Local CCP,"UNITEDHEALTHCARE OF NEW ENGLAND, INC.",UnitedHealthcare,"UnitedHealth Group, Inc.",Yes,,,
2026,H4623,Local CCP,"HUMANA REGIONAL HEALTH PLAN, INC.",Humana,Humana Inc.,No,3.5,3.5,3.5
2026,H4624,Local CCP,"ZING HEALTH OF MICHIGAN, INC.",Zing Health,"Zing Health Consolidator, Inc",Yes,2.5,2.5,2.5
2026,H4647,Local CCP,"NEW CENTURY HEALTH PLAN, INC.",UCLA Health Medicare Advantage Plan,The Regents of the University of California,No,,,
2026,H4661,Local CCP,CELTIC INSURANCE COMPANY,Wellcare,Centene Corporation,Yes,,,
2026,H4676,Local CCP,"TROY HEALTH, INC.",Troy Medicare,"Troy Holdings, Inc.",Yes,3.0,3.0,3.0
2026,H4694,Local CCP,"HEALTHKEEPERS, INC.",Anthem HealthKeepers,"Elevance Health, Inc.",Yes,,,
2026,H4704,Local CCP,ANTHEM BLUE CROSS LIFE AND HEALTH INS COMPANY,Anthem Blue Cross Life and Health Insurance Compan,"Elevance Health, Inc.",Yes,2.5,3.0,2.5
2026,H4711,Local CCP,"COVENTRY HEALTH CARE OF NEBRASKA, INC.",Aetna Medicare,CVS Health Corporation,Yes,3.5,2.5,3.0
2026,H4733,Local CCP,COMMUNITY HEALTH GROUP,Community Health Group,Community Health Group,Yes,3.5,3.5,3.5
2026,H4739,Local CCP,"SELECT HEALTH OF SOUTH CAROLINA, INC.",First Choice VIP Care (HMO D-SNP),"Independence Health Group, Inc.",Yes,,3.0,
2026,H4754,Local CCP,PACIFICSOURCE COMMUNITY HEALTH PLANS,PacificSource Medicare,PacificSource,No,3.5,3.0,3.0
2026,H4808,Local CCP,DEVOTED HEALTH INSURANCE COMPANY OF COLORADO INC,Devoted Health,"Devoted Health, Inc.",No,3.5,4.0,4.0
2026,H4835,Local CCP,AETNA BETTER HEALTH OF OKLAHOMA INC.,Aetna Medicare,CVS Health Corporation,No,3.0,3.0,3.0
2026,H4847,Local CCP,"WELLCARE OF SOUTH CAROLINA, INC.",Wellcare,Centene Corporation,No,4.0,4.0,4.0
2026,H4868,Local CCP,NEW YORK QUALITY HEALTHCARE CORPORATION,Wellcare,Centene Corporation,Yes,3.0,3.0,3.0
2026,H4869,Local CCP,GOLD KIDNEY OF ARIZONA,Gold Kidney Health Plan,Gold Kidney Health Plan,Yes,3.0,3.0,3.0
2026,H4875,Local CCP,PRIORITY HEALTH,Priority Health Medicare,Corewell Health,No,4.0,4.0,4.0
2026,H4882,Local CCP,"HEALTHPARTNERS, INC.",HealthPartners,"HealthPartners, Inc.",No,4.5,4.5,4.5
2026,H4909,Local CCP,"ANTHEM INSURANCE COMPANIES, INC.",Anthem Blue Cross and Blue Shield,"Elevance Health, Inc.",No,3.0,3.5,3.5
2026,H4931,Local CCP,BANNER - UNIVERSITY CARE ADVANTAGE,Banner Medicare Advantage,Banner Health,Yes,3.5,4.0,3.5
2026,H4937,Local CCP,CALIFORNIA PHYSICIANS' SERVICE,Blue Shield of California,California Physicians' Service,No,3.0,4.5,3.5
2026,H4939,Local CCP,"ARCADIAN HEALTH PLAN, INC.",Humana,Humana Inc.,Yes,,,
2026,H4961,Local CCP,ALIGNMENT HEALTH PLAN,Alignment Health Plan,"Alignment Healthcare USA, LLC",No,4.0,4.5,4.0
2026,H4982,Local CCP,AETNA BETTER HEALTH OF CALIFORNIA INC.,Aetna Medicare,CVS Health Corporation,No,3.0,2.5,3.0
2026,H5008,Local CCP,CARE IMPROVEMENT PLUS SOUTH CENTRAL INSURANCE CO.,UnitedHealthcare,"UnitedHealth Group, Inc.",Yes,3.5,4.0,3.5
2026,H5009,Local CCP,REGENCE BLUESHIELD,Regence BlueShield,"Cambia Health Solutions, Inc.",No,3.0,3.5,3.0
2026,H5015,Local CCP,"TEXAS INDEPENDENCE HEALTH PLAN, INC.",Texas Independence Health Plan,Regency ISNP Holdings LLC,Yes,4.5,5.0,5.0
2026,H5042,Local CCP,"CDPHP UNIVERSAL BENEFITS, INC.",CDPHP Medicare Advantage,"Lifetime Healthcare, Inc.",No,4.0,4.0,4.5
2026,H5050,Local CCP,KAISER FOUNDATION HEALTH PLAN OF WASHINGTON,Kaiser Permanente,"Kaiser Foundation Health Plan, Inc.",No,3.5,5.0,4.0
2026,H5087,Local CCP,"WELLCARE OF CALIFORNIA, INC.",Wellcare,Centene Corporation,No,3.0,3.5,3.5
2026,H5106,Local CCP,HIGHMARK SENIOR SOLUTIONS COMPANY,Highmark Blue Cross Blue Shield,Highmark Health,No,3.5,3.5,3.5
2026,H5117,Local CCP,"LOUISIANA HEALTHCARE CONNECTIONS, INC.",Wellcare By Allwell,Centene Corporation,No,,,
2026,H5119,Local CCP,CONTRA COSTA COUNTY MEDICAL SERVICE DBA CONTRA COS,Contra Costa Health Care Plus (HMO D-SNP),Contra Costa Health Services,Yes,,,
2026,H5141,Local CCP,CLOVER INSURANCE COMPANY,Clover Health,"Clover Health Holdings, Inc.",No,3.5,3.0,3.5
2026,H5163,Local CCP,VERDA HEALTH PLAN OF TEXAS INC,Verda Health Plan of Texas,"Verda Healthcare, Inc.",Yes,,3.0,
2026,H5178,Local CCP,"HUMANA HEALTH PLAN, INC.",Humana,Humana Inc.,No,,,
2026,H5190,Local CCP,"SUNSHINE STATE HEALTH PLAN, INC.",Wellcare By Allwell,Centene Corporation,No,,,
2026,H5209,Local CCP,"Molina Healthcare of Wisconsin, Inc.",My Choice Wisconsin,"Molina Healthcare, Inc.",Yes,3.0,3.5,3.0
2026,H5211,Local CCP,"SECURITY HEALTH PLAN OF WISCONSIN, INC.","Security Health Plan of Wisconsin, Inc.","Marshfield Clinic Health System, Inc.",Yes,4.0,4.5,4.5
2026,H5215,Local CCP,NETWORK HEALTH INSURANCE CORPORATION,Network Health Medicare Advantage Plans,"Network Health, Inc.",Yes,4.5,4.0,4.5
2026,H5216,Local CCP,HUMANA INSURANCE COMPANY,Humana,Humana Inc.,Yes,3.5,3.0,3.5
2026,H5232,Local CCP,PARAMOUNT INSURANCE COMPANY,Paramount Elite Medicare Plans,MEDICAL MUTUAL OF OHIO,No,,,
2026,H5244,Local CCP,SCAN HEALTH PLAN (NM),SCAN Health Plan,SCAN Group,Yes,,,
2026,H5253,Local CCP,"UNITEDHEALTHCARE OF WISCONSIN, INC.",UnitedHealthcare,"UnitedHealth Group, Inc.",Yes,4.0,4.0,4.0
2026,H5256,1876 Cost,MEDICAL ASSOCIATES CLINIC HEALTH PLAN,Medical Associates Clinic Health Plan of Wisconsin,"Medical Associates Clinic, P.C.",No,4.5,,
2026,H5262,Local CCP,QUARTZ HEALTH PLAN CORPORATION,Quartz Medicare Advantage (HMO),University of Wisconsin Hospitals and Clincs Autho,Yes,4.0,3.5,4.0
2026,H5264,1876 Cost,"DEAN HEALTH PLAN, INC.","Dean Health Plan, Inc.",Medica Holding Company,No,4.5,,
2026,H5272,Local CCP,"ABSOLUTE TOTAL CARE, INC.",Wellcare By Absolute Total Care,Centene Corporation,Yes,,,
2026,H5273,Local CCP,"CAREPARTNERS OF CONNECTICUT, INC.",CarePartners of Connecticut,"Point32Health, Inc.",No,3.5,3.5,3.5
2026,H5294,Local CCP,"SUPERIOR HEALTHPLAN, INC.",Wellcare By Allwell,Centene Corporation,Yes,3.5,3.0,3.5
2026,H5296,Local CCP,"ALIGNMENT HEALTH PLAN OF NORTH CAROLINA, INC.",Alignment Health Plan,"Alignment Healthcare USA, LLC",Yes,4.5,4.5,5.0
2026,H5299,Local CCP,DEVOTED HEALTH PLAN OF NORTH CAROLINA INC,Devoted Health,"Devoted Health, Inc.",Yes,5.0,4.5,5.0
2026,H5302,Local CCP,AETNA HEALTH INC. (GA),Aetna Medicare,CVS Health Corporation,Yes,4.0,4.5,4.5
2026,H5314,Local CCP,"TUFTS HEALTH PUBLIC PLANS, INC.",Tufts Health Plan,"Point32Health, Inc.",Yes,,,
2026,H5322,Local CCP,CARE IMPROVEMENT PLUS SOUTH CENTRAL INSURANCE CO.,UnitedHealthcare,"UnitedHealth Group, Inc.",Yes,3.5,3.5,3.5
2026,H5325,Local CCP,"COVENTRY HEALTH CARE OF KANSAS, INC.",Aetna Medicare,CVS Health Corporation,Yes,3.5,3.5,3.5
2026,H5361,Local CCP,AMERIHEALTH INSURANCE COMPANY OF NEW JERSEY,AmeriHealth,"Independence Health Group, Inc.",No,3.0,2.5,2.5
2026,H5374,Local CCP,"LONGEVITY HEALTH PLAN OF NORTH CAROLINA, INC.",Longevity Health Plan,"Longevity Health Founders, LLC",Yes,5.0,5.0,5.0
2026,H5377,Local CCP,"HUMANA MEDICAL PLAN OF PENNSYLVANIA, INC.",Humana,Humana Inc.,Yes,3.5,3.0,3.5
2026,H5386,Local CCP,SHARP HEALTH PLAN,Sharp Health Plan,Sharp Healthcare,No,3.5,3.5,3.5
2026,H5397,Local CCP,"DEVOTED HEALTH PLAN OF HAWAII, INC.",Devoted Health,"Devoted Health, Inc.",Yes,,,
2026,H5410,Local CCP,"HEALTHSPRING OF FLORIDA, INC.",Cigna HealthCare,Health Care Service Corporation,Yes,3.5,3.5,3.5
2026,H5420,Local CCP,"Preferred Care Network, Inc.",UnitedHealthcare,"UnitedHealth Group, Inc.",Yes,4.5,4.0,4.5
2026,H5422,Local CCP,BLUE CROSS BLUE SHIELD HEALTHCARE PLAN OF GEORGIA,Anthem Blue Cross and Blue Shield,"Elevance Health, Inc.",Yes,3.5,3.0,3.5
2026,H5425,Local CCP,SCAN HEALTH PLAN,SCAN Health Plan,SCAN Group,Yes,4.0,4.0,4.0
2026,H5427,Local CCP,"FREEDOM HEALTH, INC.","Freedom Health, Inc.","Elevance Health, Inc.",Yes,5.0,4.5,4.5
2026,H5431,Local CCP,"HEALTHSUN HEALTH PLANS, INC.","HealthSun Health Plans, Inc.","Elevance Health, Inc.",Yes,4.5,3.5,4.5
2026,H5433,Local CCP,ORANGE COUNTY HEALTH AUTHORITY,CalOptima Health OneCare,Orange County Health Authority,Yes,2.5,3.0,3.0
2026,H5434,Local CCP,"BLUE CROSS AND BLUE SHIELD OF FLORIDA, INC.",Florida Blue,Guidewell Mutual Holding Corporation,No,3.5,3.5,3.5
2026,H5435,PFFS,CARE IMPROVEMENT PLUS SOUTH CENTRAL INSURANCE CO.,UnitedHealthcare,"UnitedHealth Group, Inc.",No,3.0,3.0,2.5
2026,H5439,Local CCP,HEALTH NET LIFE INSURANCE COMPANY,Wellcare By Health Net,Centene Corporation,No,3.0,3.0,3.0
2026,H5447,Local CCP,"COMMUNITY FIRST HEALTH PLANS, INC.",Community First,Bexar County Hospital District,Yes,,,
2026,H5453,Local CCP,DEVOTED HEALTH INSURANCE COMPANY OF GEORGIA INC,Devoted Health,"Devoted Health, Inc.",Yes,,,
2026,H5454,Local CCP,"CLEAR SPRING HEALTH OF ILLINOIS, INC.",Clear Spring Health,Group 1001,Yes,,2.5,
2026,H5471,Local CCP,"SIMPLY HEALTHCARE PLANS, INC.","Simply Healthcare Plans, Inc.","Elevance Health, Inc.",Yes,4.5,4.5,4.5
2026,H5472,Local CCP,ALIGNMENT HEALTH INSURANCE COMPANY OF ARIZONA INC,Alignment Health Plan,"Alignment Healthcare USA, LLC",Yes,4.0,5.0,4.5
2026,H5475,Local CCP,"MERIDIAN HEALTH PLAN OF MICHIGAN, INC.",Wellcare,Centene Corporation,Yes,3.0,3.0,3.0
2026,H5496,Local CCP,"IMPERIAL HEALTH PLAN OF CALIFORNIA, INC.","Imperial Health Plan of California, Inc.",Imperial Health Plan of California,Yes,3.5,3.5,3.5
2026,H5521,Local CCP,AETNA LIFE INSURANCE COMPANY,Aetna Medicare,CVS Health Corporation,Yes,4.5,5.0,4.5
2026,H5522,Local CCP,AETNA LIFE INSURANCE COMPANY,Aetna Medicare,CVS Health Corporation,No,4.5,4.5,4.5
2026,H5525,Local CCP,"HUMANA BENEFIT PLAN OF ILLINOIS, INC.",Humana,Humana Inc.,Yes,3.5,3.5,3.5
2026,H5526,Local CCP,Highmark Western and Northeastern New York Inc.,Highmark Blue Cross Blue Shield or Highmark Blue S,Highmark Health,No,4.0,4.5,4.5
2026,H5528,Local CCP,"EMBLEMHEALTH PLAN, INC.",EmblemHealth,"EmblemHealth, Inc.",No,,,
2026,H5533,Local CCP,"UPMC HEALTH NETWORK, INC.",UPMC for Life,UPMC Health System,No,4.5,4.5,4.5
2026,H5549,Local CCP,VNS CHOICE,VNS Health Medicare,Visiting Nurse Service of New York,Yes,3.5,3.5,3.5
2026,H5577,Local CCP,"MCS ADVANTAGE, INC.",MCS Classicare,"MHH Healthcare, L.P.",Yes,5.0,5.0,5.0
2026,H5580,Local CCP,MERCY CARE,Mercy Care Advantage,Mercy Care,Yes,3.0,3.0,3.0
2026,H5587,Local CCP,"HEALTH CHOICE ARIZONA, INC.",Blue Cross Blue Shield of Arizona Health Choice,Blue Cross Blue Shield of Arizona,Yes,3.0,4.5,3.5
2026,H5590,Local CCP,"Bridgeway Health Solutions of Arizona, Inc.",Wellcare By Allwell,Centene Corporation,Yes,3.0,4.0,3.5
2026,H5591,Local CCP,"MARTIN'S POINT GENERATIONS ADVANTAGE, INC.",Martin's Point Generations Advantage,"Martin's Point Health Care, Inc.",No,3.5,4.5,4.0
2026,H5593,Local CCP,AETNA HEALTH OF IOWA INC.,Aetna Medicare,CVS Health Corporation,Yes,3.5,3.5,4.0
2026,H5594,Local CCP,"OPTIMUM HEALTHCARE, INC.","Optimum HealthCare, Inc.","Elevance Health, Inc.",Yes,4.5,4.0,4.5
2026,H5599,Local CCP,NEW YORK QUALITY HEALTHCARE CORPORATION,Wellcare By Fidelis Care,Centene Corporation,Yes,2.5,3.5,3.0
2026,H5608,Local CCP,"DENVER HEALTH MEDICAL PLAN, INC.",Elevate Medicare Advantage,Denver Health and Hospital Authority,Yes,3.5,4.0,3.5
2026,H5619,Local CCP,"ARCADIAN HEALTH PLAN, INC.",Humana,Humana Inc.,Yes,3.5,3.0,3.0
2026,H5628,Local CCP,"MOLINA HEALTHCARE OF UTAH, INC.",Molina Healthcare of Utah & Idaho,"Molina Healthcare, Inc.",Yes,3.0,3.5,3.0
2026,H5644,Local CCP,NETWORK HEALTH INSURANCE CORPORATION,Network Health Medicare Advantage Plans,"Network Health, Inc.",No,,,
2026,H5649,Local CCP,"CENTRAL HEALTH PLAN OF CALIFORNIA, INC.",Central Health Medicare Plan,"Molina Healthcare, Inc.",Yes,3.0,3.5,3.0
2026,H5652,Local CCP,"SIERRA HEALTH AND LIFE INSURANCE COMPANY, INC.",UnitedHealthcare,"UnitedHealth Group, Inc.",Yes,5.0,4.5,5.0
2026,H5692,Local CCP,SANTA CRUZ MONTEREY MERCED SAN BENITO MARIPOSA MAN,Central California Alliance for Health,SANTA CRUZ MONTEREY MERCED SAN BENITO MARIPOSA MAN,Yes,,,
2026,H5703,Local CCP,SOUTH COUNTRY HEALTH ALLIANCE,South Country Health Alliance,South Country Health Alliance,Yes,,4.0,
2026,H5718,Local CCP,DEVOTED HEALTH INSURANCE COMPANY OF KENTUCKY INC,Devoted Health,"Devoted Health, Inc.",Yes,,,
2026,H5734,Local CCP,SAN JOAQUIN COUNTY HEALTH COMMISSION,Health Plan of San Joaquin / Mountain Valley Healt,SAN JOAQUIN COUNTY HEALTH COMMISSION,Yes,,,
2026,H5774,Local CCP,"TRIPLE S ADVANTAGE, INC.",Triple S Advantage,Guidewell Mutual Holding Corporation,Yes,4.5,4.5,4.5
2026,H5779,Local CCP,"MERIDIAN HEALTH PLAN OF ILLINOIS, INC.",Wellcare,Centene Corporation,No,3.0,3.5,3.0
2026,H5793,Local CCP,AETNA HEALTH INC. (CT),Aetna Medicare,CVS Health Corporation,Yes,3.5,3.5,3.5
2026,H5810,Local CCP,MOLINA HEALTHCARE OF CALIFORNIA,Molina Healthcare of California,"Molina Healthcare, Inc.",No,3.0,3.0,3.0
2026,H5823,Local CCP,"MOLINA HEALTHCARE OF WASHINGTON, INC.","Molina Healthcare of Washington, Inc.","Molina Healthcare, Inc.",Yes,2.5,4.0,3.0
2026,H5826,Local CCP,COMMUNITY HEALTH PLAN OF WASHINGTON,Community Health Plan of WA Medicare Advantage,Community Health Plan of Washington,Yes,2.5,4.0,3.0
2026,H5828,Local CCP,"WELLPOINT TENNESSEE, INC.",Wellpoint,"Elevance Health, Inc.",Yes,3.0,3.0,3.0
2026,H5843,Local CCP,"BANNER HEALTH PLAN, INC.",Banner Medicare Advantage,Banner Health,No,3.0,3.5,3.5
2026,H5852,Local CCP,AIDS HEALTHCARE FOUNDATION,AHF,AIDS Healthcare Foundation,Yes,4.0,4.0,4.0
2026,H5854,Local CCP,"ANTHEM HEALTH PLANS, INC.",Anthem Blue Cross and Blue Shield,"Elevance Health, Inc.",Yes,3.5,4.0,3.5
2026,H5859,Local CCP,"HEALTH PLAN OF CAREOREGON, INC.",CareOregon Advantage,"CareOregon, Inc.",Yes,3.0,4.0,3.5
2026,H5883,Local CCP,BLUE CARE NETWORK OF MICHIGAN,Blue Care Network,Blue Cross Blue Shield of Michigan Mutual Ins. Co.,No,4.5,3.5,4.5
2026,H5900,Local CCP,"WELLMARK ADVANTAGE HEALTH PLAN, INC.",Wellmark Advantage Health Plan,Blue Cross Blue Shield of Michigan Mutual Ins. Co.,No,3.5,4.0,3.5
2026,H5926,Local CCP,"MOLINA HEALTHCARE OF MICHIGAN, INC.",Molina Healthcare of Michigan,"Molina Healthcare, Inc.",Yes,3.0,3.5,3.0
2026,H5928,Local CCP,California Physicians' Service,Blue Shield of California,California Physicians' Service,No,3.5,4.0,3.5
2026,H5932,Local CCP,"GATEWAY HEALTH PLAN, INC.",Highmark Wholecare Medicare Assured,Highmark Health,Yes,3.5,4.0,4.0
2026,H5937,Local CCP,UCARE MINNESOTA,UCare,UCare Minnesota,Yes,3.0,3.5,3.0
2026,H5938,Local CCP,CAPITAL HEALTH PLAN,Capital Health Plan,Guidewell Mutual Holding Corporation,No,5.0,4.5,4.5
2026,H5943,Local CCP,SCAN HEALTH PLAN,VillageHealth,SCAN Group,Yes,,,
2026,H5945,Local CCP,PROMINENCE HEALTHFIRST,Prominence Health Plan,"Universal Health Services, Inc.",Yes,4.5,4.0,4.5
2026,H5959,Local CCP,"BCBSM, Inc.",Blue Cross and Blue Shield of Minnesota,"Aware Integrated, Inc.",No,4.5,4.5,4.5
2026,H5965,Local CCP,WELLCARE HEALTH INSURANCE COMPANY OF WASHINGTON,Wellcare,Centene Corporation,Yes,2.5,3.0,2.5
2026,H5969,Local CCP,ALOHACARE,AlohaCare,AlohaCare,Yes,3.0,4.5,3.5
2026,H5970,Local CCP,HUMANA INSURANCE COMPANY OF NEW YORK,Humana,Humana Inc.,Yes,3.0,3.5,3.0
2026,H5989,Local CCP,"HEALTHFIRST HEALTH PLAN, INC.",Healthfirst Medicare Plan,"Healthfirst, Inc.",No,3.5,3.5,3.5
2026,H5991,Local CCP,HEALTH INSURANCE PLAN OF GREATER NEW YORK,EmblemHealth,"EmblemHealth, Inc.",Yes,3.0,3.0,3.0
2026,H5992,Local CCP,"SENIOR WHOLE HEALTH OF NEW YORK, INC.",Senior Whole Health of New York,"Molina Healthcare, Inc.",Yes,,3.0,
2026,H5995,Local CCP,ATRIO HEALTH PLANS,ATRIO Health Plans,ATRIO Health Plans,No,2.5,3.5,2.5
2026,H6018,Local CCP,DEVOTED HEALTH INSURANCE COMPANY OF PENNSYLVANIA I,Devoted Health,"Devoted Health, Inc.",No,3.0,3.5,3.5
2026,H6019,Local CCP,SAN MATEO HEALTH COMMISSION,HEALTH PLAN OF SAN MATEO,Health Plan of San Mateo,Yes,3.0,3.5,3.0
2026,H6078,Local CCP,"Group Retiree Health Solutions, Inc.",Blue Medicare Advantage,"Elevance Health, Inc.",No,4.0,3.5,3.5
2026,H6130,MSA,FENYX HEALTH INSURANCE COMPANY,Fenyx Health,"Fenyx Health Holdings, Inc.",No,,,
2026,H6154,Local CCP,MEDICA HEALTH PLANS,Medica,Medica Holding Company,No,3.5,4.0,3.5
2026,H6158,Local CCP,"USABLE HMO, INC.",Arkansas Blue Medicare,USAble Mutual Insurance Company,No,3.0,3.0,3.0
2026,H6170,Local CCP,CHAMPION HEALTH PLAN OF CALIFORNIA INC,Champion Heath Plan,"Champion Health Plans-USA, LLC.",Yes,,,
2026,H6200,Local CCP,"ESSENCE HEALTHCARE PPO, INC.",Essence Healthcare,Lumeris Group Holdings Corporation,No,3.5,3.0,3.0
2026,H6202,Local CCP,NEXTBLUE OF NORTH DAKOTA INSURANCE COMPANY,NextBlue of North Dakota,Blue Cross Blue Shield of Michigan Mutual Ins. Co.,No,3.5,4.0,3.5
2026,H6224,Local CCP,HIGHMARK HEALTH OPTIONS WEST VIRGINIA INC.,Highmark Blue Cross Blue Shield,Highmark Health,Yes,,,
2026,H6237,Local CCP,REGENCE BLUECROSS BLUESHIELD OF OREGON,Regence BlueCross BlueShield of Oregon,"Cambia Health Solutions, Inc.",No,3.5,4.0,3.5
2026,H6248,Local CCP,COMMUNITY HEALTH GROUP,Community Health Group,Community Health Group,Yes,,,
2026,H6309,Local CCP,HEALTHPARTNERS INSURANCE COMPANY,HealthPartners,"HealthPartners, Inc.",No,,,
2026,H6316,Local CCP,"MISSOURI CARE, INCORPORATED",Healthy Blue,"Elevance Health, Inc.",Yes,,,
2026,H6322,Local CCP,"MCLAREN HEALTH PLAN, INC.",McLaren Medicare,McLaren Health Care Corporation,No,3.0,3.0,3.0
2026,H6341,Local CCP,"AMERIHEALTH MICHIGAN, INC.",AmeriHealth Caritas VIP Care,"Independence Health Group, Inc.",Yes,,,
2026,H6345,Local CCP,"PRUITTHEALTH PREMIER NORTH CAROLINA, LLC",PruittHealth Premier,"UNICO Services, Inc.",Yes,,5.0,
2026,H6348,Local CCP,COORDINATED CARE CORPORATION,Wellcare By Allwell,Centene Corporation,No,3.0,3.5,3.0
2026,H6351,Local CCP,"LIBERTY ADVANTAGE, LLC",Liberty Medicare Advantage,Liberty Healthcare Insurance,Yes,,4.5,
2026,H6368,Local CCP,"ELITE HEALTH PLAN, INC.","Elite Health Plan, Inc.","Elite Health Systems, Inc.",No,,,
2026,H6378,Local CCP,AMERIHEALTH CARITAS FLORIDA INC,AmeriHealth Caritas VIP Care (HMO-D-SNP),"Independence Health Group, Inc.",Yes,,,
2026,H6379,Local CCP,"CLEAR SPRING HEALTH (CO), INC.",Clear Spring Health,Group 1001,Yes,2.5,3.5,3.0
2026,H6396,Local CCP,"CARESOURCE OHIO, INC.",CareSource MyCare Ohio (HMO D-SNP),CareSource,Yes,4.0,4.5,4.5
2026,H6399,Local CCP,AETNA BETTER HEALTH INC. (NJ),Aetna Better Health of New Jersey,CVS Health Corporation,Yes,3.0,3.5,3.0
2026,H6453,Local CCP,"HMO LOUISIANA, INC.",Blue Cross and Blue Shield of Louisiana,Louisiana Health Service & Indemnity Company,Yes,4.0,4.5,4.0
2026,H6474,Local CCP,RENAL PAYER SOLUTIONS INC,Champion Health Plan,"Champion Health Plans-USA, LLC.",Yes,,,
2026,H6515,Local CCP,"MOLINA HEALTHCARE OF TEXAS, INC.","Molina Healthcare of Texas, Inc.","Molina Healthcare, Inc.",Yes,,,
2026,H6529,Local CCP,"SOUTHEASTERN INDIANA HEALTH ORGANIZATION, INC.",MyTruAdvantage,"SIHO Holding, Inc.",No,3.5,3.0,3.5
2026,H6545,Local CCP,"Devoted Health Insurance Company of Illinois, Inc.",Devoted Health,"Devoted Health, Inc.",No,3.5,3.0,3.5
2026,H6550,Local CCP,"SUNFLOWER STATE HEALTH PLAN, INC.",Wellcare By Allwell,Centene Corporation,Yes,2.5,3.5,3.0
2026,H6566,Local CCP,LAGNIAPPE ADVANTAGE INSURANCE COMPANY,Lagniappe Advantage,"Curana Health Holdings, LLC",Yes,,,
2026,H6586,Local CCP,"DEVOTED HEALTH INSURANCE COMPANY OF ARIZONA, INC.",Devoted Health,"Devoted Health, Inc.",No,3.0,3.0,3.0
2026,H6595,Local CCP,"UNITEDHEALTHCARE OF WISCONSIN, INC.",UnitedHealthcare,"UnitedHealth Group, Inc.",Yes,3.5,4.0,3.5
2026,H6622,Local CCP,HUMANA WI HEALTH ORGANIZATION INSURANCE CORP,Humana,Humana Inc.,Yes,3.5,3.5,3.5
2026,H6652,Local CCP,"AMERICAN HEALTH PLAN OF FL, INC.",American Health Advantage of Florida,Mitchell Family Office,Yes,,,
2026,H6672,Local CCP,"CLEAR SPRING HEALTH (GA), INC.",Clear Spring Health,Group 1001,Yes,2.5,2.0,2.5
2026,H6706,Local CCP,"UnitedHealthcare Benefits of Texas, Inc.",UnitedHealthcare,"UnitedHealth Group, Inc.",No,,,
2026,H6723,Local CCP,MEDICAL MUTUAL OF OHIO,Medical Mutual of Ohio,MEDICAL MUTUAL OF OHIO,No,4.0,4.0,4.0
2026,H6743,Local CCP,ATRIO HEALTH PLANS,ATRIO Health Plans,ATRIO Health Plans,No,2.5,3.0,2.5
2026,H6765,Local CCP,AMERICAN HEALTH PLAN OF IOWA INC,Iowa Health Advantage,Mitchell Family Office,Yes,4.0,5.0,4.5
2026,H6776,Local CCP,"ELDERSERVE HEALTH, INC.",RiverSpring Health Plans,RiverSpring Living Holding Corp.,Yes,,3.0,
2026,H6813,Local CCP,DEVOTED HEALTH INSURANCE COMPANY OF TEXAS INC,Devoted Health,"Devoted Health, Inc.",No,3.0,3.0,3.5
2026,H6815,Local CCP,"HEALTH NET HEALTH PLAN OF OREGON, INC.",Wellcare By Health Net,Centene Corporation,No,2.5,3.5,3.0
2026,H6824,Local CCP,UNITEDHEALTHCARE INSURANCE COMPANY,UnitedHealthcare,"UnitedHealth Group, Inc.",Yes,,,
2026,H6832,Local CCP,"ALIGN SENIOR CARE MI, LLC",Align Senior Care,"Curana Health Holdings, LLC",Yes,3.0,2.5,2.5
2026,H6847,Local CCP,"Mass General Brigham Health Plan, Inc.",Mass General Brigham Health Plan,Mass General Brigham Incorporated,No,3.5,4.0,3.5
2026,H6851,Local CCP,"BOSTON MEDICAL CENTER HEALTH PLAN, INC.",WellSense Health Plan,"BMC Health System, Inc.",No,3.5,3.0,3.0
2026,H6852,Local CCP,DEVOTED HEALTH PLAN OF PENNSYLVANIA INC,Devoted Health,"Devoted Health, Inc.",Yes,,3.0,
2026,H6874,Local CCP,"ASPIRUS HEALTH PLAN, INC.",Aspirus Health Plan,"Aspirus, Inc.",No,4.0,2.5,3.5
2026,H6876,Local CCP,"ZING HEALTH OF MICHIGAN, INC.",Zing Health,"Zing Health Consolidator, Inc",Yes,2.5,2.5,3.0
2026,H6891,Local CCP,"AMERICAN HEALTH PLAN OF TX, INC.",American Health Advantage of Texas,Mitchell Family Office,Yes,,2.5,
2026,H6898,Local CCP,"VERMONT BLUE ADVANTAGE, INC.",Vermont Blue Advantage,Blue Cross Blue Shield of Michigan Mutual Ins. Co.,No,3.5,4.5,3.5
2026,H6910,Local CCP,"MOUNT CARMEL HEALTH PLAN OF IDAHO, INC.",Saint Alphonsus Health Plan,Trinity Health Corporation,No,4.5,3.5,4.0
2026,H6959,Local CCP,"ISNP VENTURES, LLC",KeyCare Advantage,"ISNP Holdings, LLC",Yes,,4.0,
2026,H6971,Local CCP,"MERIDIAN HEALTH PLAN OF ILLINOIS, INC.",Wellcare By Meridian,Centene Corporation,Yes,,,
2026,H6988,Local CCP,"Anthem HP, LLC",Anthem Blue Cross and Blue Shield HP,"Elevance Health, Inc.",Yes,4.5,4.5,5.0
2026,H6994,Local CCP,DEVOTED HEALTH PLAN OF VIRGINIA INC,Devoted Health,"Devoted Health, Inc.",Yes,,,
2026,H7006,Local CCP,ATRIO HEALTH PLANS,ATRIO Health Plans,ATRIO Health Plans,Yes,2.0,3.0,2.0
2026,H7020,Local CCP,"HEALTHSPRING LIFE & HEALTH INSURANCE COMPANY, INC.",Cigna HealthCare,Health Care Service Corporation,No,4.0,4.0,4.0
2026,H7028,Local CCP,DEVOTED HEALTH INSURANCE COMPANY OF SOUTH CAROLINA,Devoted Health,"Devoted Health, Inc.",Yes,4.5,4.5,4.5
2026,H7063,Local CCP,"BLUECROSS BLUESHIELD KANSAS SOLUTIONS, INC.",Blue Cross and Blue Shield of Kansas,Blue Cross Blue Shield of Kansas,No,3.0,4.0,3.5
2026,H7074,Local CCP,"ALIGNMENT HEALTH PLAN OF NORTH CAROLINA, INC.",Alignment Health Plan,"Alignment Healthcare USA, LLC",No,,,
2026,H7093,Local CCP,COMMUNITY INSURANCE COMPANY,Anthem Blue Cross and Blue Shield,"Elevance Health, Inc.",No,3.5,3.5,3.5
2026,H7115,Local CCP,MEMORIAL HERMANN HEALTH PLAN,Memorial Hermann Health Plan,Memorial Hermann Health System,Yes,3.5,3.5,3.5
2026,H7123,Local CCP,"UPMC HEALTH COVERAGE, INC.",UPMC for Life Complete Care,UPMC Health System,Yes,3.5,3.5,3.5
2026,H7147,Local CCP,DEVOTED HEALTH PLAN OF COLORADO INC,Devoted Health,"Devoted Health, Inc.",Yes,3.5,3.5,4.0
2026,H7149,Local CCP,AETNA HEALTH INC. (PA),Aetna Medicare,CVS Health Corporation,Yes,3.5,3.0,3.5
2026,H7151,Local CCP,"DEVOTED HEALTH PLAN OF ILLINOIS, INC.",Devoted Health,"Devoted Health, Inc.",Yes,3.5,3.5,4.0
2026,H7199,Local CCP,DEVOTED HEALTH  PLAN OF OREGON,Devoted Health,"Devoted Health, Inc.",No,3.0,3.5,3.5
2026,H7220,Local CCP,"HealthKeepers, Inc.",Anthem HealthKeepers,"Elevance Health, Inc.",No,4.0,3.5,4.0
2026,H7239,Local CCP,PROMINENCE HEALTHFIRST OF FLORIDA INC,Prominence Health Plan,"Universal Health Services, Inc.",Yes,,,
2026,H7275,Local CCP,PROVIDER PARTNERS HEALTH PLAN OF KENTUCKY,Provider Partners Health Plans,"Rifkin Managed Care Holding, LLC",Yes,,,
2026,H7284,Local CCP,"HUMANA HEALTH INSURANCE COMPANY OF FLORIDA, INC.",Humana,Humana Inc.,Yes,3.5,3.0,3.5
2026,H7301,Local CCP,"COVENTRY HEALTH CARE OF ILLINOIS, INC.",Aetna Medicare,CVS Health Corporation,No,3.5,3.5,3.5
2026,H7323,Local CCP,WELLCARE NATIONAL HEALTH INSURANCE COMPANY,Wellcare,Centene Corporation,No,3.0,3.5,3.5
2026,H7326,Local CCP,"WELLCARE OF SOUTH CAROLINA, INC.",Wellcare,Centene Corporation,No,4.0,4.0,4.0
2026,H7355,Local CCP,DEVOTED HEALTH INSURANCE COMPANY OF MISSISSIPPI,Devoted Health,"Devoted Health, Inc.",Yes,,,
2026,H7379,Local CCP,"CAREFIRST ADVANTAGE PPO, INC.",CareFirst BlueCross BlueShield Medicare Advantage,"CareFirst, Inc.",No,3.5,4.0,3.5
2026,H7389,Local CCP,"HealthSpring Life & Health Insurance Company, Inc.",Cigna Healthcare,Health Care Service Corporation,No,2.5,3.0,2.5
2026,H7397,Local CCP,DEVOTED HEALTH INSURANCE COMPANY OF ARKANSAS INC,Devoted Health,"Devoted Health, Inc.",Yes,,,
2026,H7435,Local CCP,"MERIDIAN HEALTH PLAN OF MICHIGAN, INC.",Wellcare By Meridian,Centene Corporation,Yes,,,
2026,H7464,Local CCP,"UNITEDHEALTHCARE OF THE MID-ATLANTIC, INC.",UnitedHealthcare,"UnitedHealth Group, Inc.",Yes,3.5,3.5,3.5
2026,H7471,Local CCP,DEVOTED HEALTH INSURANCE COMPANY OF INDIANA,Devoted Health,"Devoted Health, Inc.",Yes,,,
2026,H7511,Local CCP,"GOOD SAMARITAN INSURANCE PLAN OF NEBRASKA, INC.",Great Plains Medicare Advantage,Sanford Health,Yes,,4.5,
2026,H7512,Local CCP,CENTENE VENTURE COMPANY MICHIGAN,Ascension Complete,Centene Corporation,No,,,
2026,H7518,Local CCP,"WELLCARE OF MISSOURI HEALTH INSURANCE COMPANY, INC",Wellcare,Centene Corporation,Yes,3.0,3.0,3.0
2026,H7522,Local CCP,"MMM HEALTHCARE, LLC",Medicare y Mucho Mas (MMM),"Elevance Health, Inc.",No,4.0,,
2026,H7524,Local CCP,EXCELLUS HEALTH PLAN COMMUNITY CARE LLC,Excellus Health Plan Community Care LLC,"Lifetime Healthcare, Inc.",Yes,,,
2026,H7557,Local CCP,"LONGEVITY HEALTH PLAN OF MICHIGAN, INC.",Longevity Health Plan,"Longevity Health Founders, LLC",Yes,,5.0,
2026,H7598,Local CCP,GROUP HEALTH COOPERATIVE OF EAU CLAIRE,Group Health Cooperative of Eau Claire,Group Health Cooperative of Eau Claire,Yes,,,
2026,H7605,Local CCP,DEVOTED HEALTH PLAN OF TENNESSEE INC,Devoted Health,"Devoted Health, Inc.",Yes,3.5,3.0,3.5
2026,H7607,Local CCP,"CLEVER CARE OF GOLDEN STATE, INC.",Clever Care Health Plan,"Clever Care Health Plan, Inc.",Yes,3.5,3.5,3.5
2026,H7617,Local CCP,EMPHESYS INSURANCE COMPANY,Humana,Humana Inc.,Yes,4.5,4.0,4.5
2026,H7620,Local CCP,SANTA BARBARA SAN LUIS OBISPO REGIONAL HEALTH AUTH,CenCal CareConnect,SANTA BARBARA SAN LUIS OBISPO REGIONAL HEALTH AUTH,Yes,,,
2026,H7635,Local CCP,NEIGHBORHOOD HEALTH PLAN OF RHODE ISLAND,Neighborhood Health Plan of Rhode Island,NEIGHBORHOOD HEALTH PLAN OF RHODE ISLAND,Yes,,,
2026,H7670,Local CCP,"CENTRAL MASS HEALTH, LLC",Mass Advantage,Central Mass Health Holding LLC,No,4.0,5.0,4.5
2026,H7678,Local CCP,"MOLINA HEALTHCARE OF TEXAS, INC.","Molina Healthcare of Texas, Inc.","Molina Healthcare, Inc.",Yes,3.5,3.5,3.5
2026,H7680,Local CCP,PROMINENCE HEALTHFIRST OF TEXAS,Prominence Health Plan,"Universal Health Services, Inc.",Yes,4.0,4.0,4.5
2026,H7710,Local CCP,"HIGHMARK BCBSD, INC.",Highmark Blue Cross Blue Shield,Highmark Health,Yes,,,
2026,H7766,Local CCP,DEVOTED HEALTH INSURANCE COMPANY OF LOUISIANA,Devoted Health,"Devoted Health, Inc.",Yes,,,
2026,H7779,Local CCP,"AMERICAN HEALTH PLAN, INC.",American Health Advantage of Tennessee,Mitchell Family Office,Yes,4.5,4.0,4.5
2026,H7787,Local CCP,"HEALTHSPRING LIFE & HEALTH INSURANCE COMPANY, INC.",Cigna HealthCare,Health Care Service Corporation,No,4.0,4.0,4.0
2026,H7813,Local CCP,"ICIRCLE SERVICES OF THE FINGER LAKES, INC.","iCircle Services of the Finger Lakes, Inc","CDS Monarch, Inc.",Yes,,,
2026,H7849,Local CCP,"HEALTHSPRING LIFE & HEALTH INSURANCE COMPANY, INC.",Cigna HealthCare,Health Care Service Corporation,No,3.0,3.0,3.0
2026,H7917,Local CCP,"BLUECROSS BLUESHIELD OF TENNESSEE, INC.",BlueCross BlueShield of Tennessee,BlueCross BlueShield of Tennessee,Yes,4.0,4.0,4.0
2026,H7980,Local CCP,"BOSTON MEDICAL CENTER HEALTH PLAN, INC.",WellSense Health Plan,"BMC Health System, Inc.",No,,,
2026,H7993,Local CCP,"DEVOTED HEALTH PLAN OF TEXAS, INC.",Devoted Health,"Devoted Health, Inc.",Yes,5.0,4.0,5.0
2026,H8003,Local CCP,BLUECROSS AND BLUESHIELD OF SOUTH CAROLINA,Blue Cross Blue Shield of South Carolina,BlueCross BlueShield of South Carolina (BCBSSC),No,4.0,4.0,4.0
2026,H8010,Local CCP,CLOVER HMO OF NEW JERSEY INC.,Clover Health,"Clover Health Holdings, Inc.",No,4.5,3.0,4.0
2026,H8051,Local CCP,SAN FRANCISCO HEALTH AUTHORITY DBA SAN FRANCISCO H,San Francisco Health Plan,SAN FRANCISCO HEALTH AUTHORITY,Yes,,,
2026,H8067,Local CCP,"PROVIDER PARTNERS HEALTH PLAN, INC.",Provider Partners Health Plans,"Rifkin Managed Care Holding, LLC",Yes,,4.5,
2026,H8070,Local CCP,UCARE MINNESOTA,UCare,UCare Minnesota,No,3.5,3.5,3.5
2026,H8093,Local CCP,"GEORGIA ASSURANCE, INC.",Georgia Health Advantage,Mitchell Family Office,Yes,4.5,5.0,5.0
2026,H8095,Local CCP,"WELLMARK ADVANTAGE HEALTH PLAN, INC.",Wellmark Advantage Health Plan,Blue Cross Blue Shield of Michigan Mutual Ins. Co.,No,,4.0,
2026,H8121,Local CCP,CENTENE VENTURE COMPANY TENNESSEE,Ascension Complete,Centene Corporation,No,,,
2026,H8133,Local CCP,GHS INSURANCE COMPANY,Blue Cross and Blue Shield of Texas,Health Care Service Corporation,No,3.5,3.0,3.0
2026,H8142,Local CCP,SCOTT AND WHITE HEALTH PLAN,Baylor Scott & White Health Plan,Baylor Scott & White Health,No,3.5,4.5,4.0
2026,H8145,PFFS,HUMANA INSURANCE COMPANY,Humana,Humana Inc.,No,3.5,3.0,3.5
2026,H8166,Local CCP,HIGHMARK BCBSD INC.,Highmark Blue Cross Blue Shield,Highmark Health,No,3.5,4.0,4.0
2026,H8173,Local CCP,"DEVOTED HEALTH PLAN OF ARIZONA, INC.",Devoted Health,"Devoted Health, Inc.",Yes,3.5,3.5,3.5
2026,H8176,Local CCP,"MOLINA HEALTHCARE OF SOUTH CAROLINA,INC",Molina Healthcare of South Carolina,"Molina Healthcare, Inc.",Yes,3.5,3.5,3.5
2026,H8181,Local CCP,"SAPPHIRE EDGE, INC.",Blue Cross and Blue Shield of Nebraska,Blue Cross Blue Shield of Nebraska,No,3.0,3.5,3.0
2026,H8189,Local CCP,MANAGED HEALTH SERVICES INSURANCE CORP.,Wellcare by Allwell,Centene Corporation,Yes,3.5,3.0,3.5
2026,H8211,Local CCP,CARE IMPROVEMENT PLUS SOUTH CENTRAL INSURANCE CO.,UnitedHealthcare,"UnitedHealth Group, Inc.",No,3.0,3.5,3.0
2026,H8212,Local CCP,"AMERIHEALTH CARITAS NORTH CAROLINA, INC.",AmeriHealth Caritas VIP Care,"Independence Health Group, Inc.",Yes,,,
2026,H8298,Local CCP,"HORIZON HEALTHCARE OF NEW JERSEY, INC.",Horizon Blue Cross Blue Shield of New Jersey,"Horizon Mutual Holdings, Inc",Yes,3.5,4.5,4.0
2026,H8320,Local CCP,"Devoted of Illinois, Inc.",Devoted Health,"Devoted Health, Inc.",Yes,,,
2026,H8330,Local CCP,TUFTS ASSOCIATED HEALTH MAINTENANCE ORGANIZATION,Tufts Health Plan,"Point32Health, Inc.",Yes,3.5,3.5,3.5
2026,H8332,Local CCP,AETNA BETTER HEALTH OF KANSAS INC.,Aetna Medicare,CVS Health Corporation,No,4.0,3.5,4.0
2026,H8379,Local CCP,"PRIORITY HEALTH CHOICE, INC.",Priority Health Medicare,Corewell Health,Yes,3.5,3.5,3.5
2026,H8385,Local CCP,SANFORD HEALTH PLAN,Align powered by Sanford Health Plan,Sanford Health,No,3.5,3.5,3.5
2026,H8390,Local CCP,CARESOURCE GEORGIA CO.,CareSource,CareSource,Yes,,,
2026,H8432,Local CCP,"ANTHEM HP, LLC.",Anthem Blue Cross and Blue Shield HP,"Elevance Health, Inc.",Yes,3.0,3.5,3.5
2026,H8457,Local CCP,"LONGEVITY HEALTH PLAN OF NEW YORK, INC.",Longevity Health Plan,"Longevity Health Founders, LLC",Yes,,4.5,
2026,H8481,Local CCP,HAWAII MEDICAL SERVICE ASSOCIATION (HMSA),HMSA Akamai Advantage Dual Care,Hawaii Medical Service Association,Yes,,,
2026,H8492,Local CCP,DIGNITY CARE CORPORATION,American Health Advantage of Louisiana,Mitchell Family Office,Yes,,2.5,
2026,H8547,Local CCP,ILLINOIS BLUE CROSS BLUE SHIELD INSURANCE COMPANY,Blue Cross and Blue Shield of Illinois,Health Care Service Corporation,No,3.5,3.0,3.5
2026,H8552,Local CCP,ANTHEM BLUE CROSS LIFE AND HEALTH INS COMPANY,Anthem Blue Cross Life and Health Insurance Compan,"Elevance Health, Inc.",Yes,2.5,3.0,2.5
2026,H8554,Local CCP,GHS INSURANCE COMPANY,"Blue Cross and Blue Shield of OK, TX",Health Care Service Corporation,Yes,3.0,3.0,3.0
2026,H8578,Local CCP,"HEALTH NEW ENGLAND, INC.",Health New England Medicare Advantage Plans,"Baystate Health, Inc.",No,3.0,3.5,3.0
2026,H8597,Local CCP,AETNA BETTER HEALTH OF TEXAS INC.,Aetna Medicare,CVS Health Corporation,Yes,3.5,3.0,3.5
2026,H8604,Local CCP,THP INSURANCE COMPANY,The Health Plan,"The Health Plan of West Virginia, Inc.",No,3.5,3.5,3.5
2026,H8634,Local CCP,HEALTH CARE SERVICE CORPORATION,"Blue Cross and Blue Shield of IL, NM, OK, TX",Health Care Service Corporation,Yes,3.0,2.5,3.0
2026,H8649,Local CCP,AETNA HEALTH OF UTAH INC.,Aetna Medicare,CVS Health Corporation,Yes,3.5,3.5,3.5
2026,H8711,Local CCP,WELLCARE HEALTH INSURANCE COMPANY OF NEW JERSEY,Wellcare,Centene Corporation,No,,,
2026,H8764,Local CCP,ASPIRE HEALTH PLAN,Aspire Health,Montage Health,No,3.0,3.0,3.0
2026,H8768,Local CCP,CARE IMPROVEMENT PLUS SOUTH CENTRAL INSURANCE CO.,UnitedHealthcare,"UnitedHealth Group, Inc.",No,3.5,3.5,3.5
2026,H8783,Local CCP,"UCARE HEALTH, INC.",UCare,UCare Minnesota,No,3.5,4.5,4.0
2026,H8794,Local CCP,"KAISER FOUNDATION HP, INC.",Kaiser Permanente,"Kaiser Foundation Health Plan, Inc.",Yes,4.5,4.0,4.0
2026,H8797,Local CCP,"PERENNIAL ADVANTAGE OF OHIO, INC.",Perennial Advantage,"Perennial Consortium, LLC",Yes,,4.0,
2026,H8832,Local CCP,ALIGNMENT HEALTH ADVANTAGE PLAN INC,Alignment Health Plan,"Alignment Healthcare USA, LLC",No,,,
2026,H8845,Local CCP,"MOLINA HEALTHCARE OF ARIZONA, INC.",Molina Healthcare of Arizona,"Molina Healthcare, Inc.",Yes,,3.5,
2026,H8849,Local CCP,WELLPOINT INSURANCE COMPANY,Wellpoint,"Elevance Health, Inc.",Yes,3.5,3.5,3.5
2026,H8854,Local CCP,"CAREFIRST ADVANTAGE DSNP, INC.",CareFirst BlueCross BlueShield Medicare Advantage,"CareFirst, Inc.",Yes,3.5,2.5,3.0
2026,H8879,Local CCP,"Healthy Mississippi, Inc.","Healthy Mississippi, Inc.",Singh Holdings LLC,No,,,
2026,H8889,Local CCP,MEDICA HEALTH PLANS,Medica,Medica Holding Company,Yes,3.5,3.5,3.5
2026,H8894,Local CCP,Inland Empire Health Plan,IEHP DualChoice,INLAND EMPIRE HEALTH PLAN,Yes,3.0,3.0,3.0
2026,H8902,Local CCP,"SCAN HEALTH PLAN TEXAS, INC.",SCAN Health Plan,SCAN Group,Yes,,4.0,
2026,H8908,Local CCP,"HUMANA MEDICAL PLAN OF MICHIGAN, INC.",Humana,Humana Inc.,Yes,3.0,2.5,3.0
2026,H8917,Local CCP,DEVOTED HEALTH INSURANCE COMPANY OF WASHINGTON,Devoted Health,"Devoted Health, Inc.",Yes,,,
2026,H8928,Local CCP,FALLON COMMUNITY HEALTH PLAN,Fallon Health,"Fallon Community Health Plan, Inc.",Yes,4.0,4.0,4.0
2026,H8947,Local CCP,PEAK HEALTH INSURANCE CORPORATION,Peak Health,"West Virginia United Health System, Inc.",No,4.0,3.5,3.5
2026,H8967,Local CCP,SANFORD HEALTH PLAN,Great Plains Medicare Advantage,Sanford Health,Yes,,,
2026,H9001,Local CCP,FALLON COMMUNITY HEALTH PLAN,Fallon Health,"Fallon Community Health Plan, Inc.",No,4.0,4.0,4.0
2026,H9003,Local CCP,KAISER FOUNDATION HP OF THE N W,Kaiser Permanente,"Kaiser Foundation Health Plan, Inc.",No,3.5,5.0,4.0
2026,H9042,Local CCP,"SOUTHEASTERN INDIANA HEALTH ORGANIZATION, INC.",MyTruAdvantage,"SIHO Holding, Inc.",No,3.5,2.5,3.0
2026,H9047,Local CCP,PROVIDENCE HEALTH ASSURANCE,Providence Medicare Advantage Plans,Providence St Joseph Health,Yes,4.0,4.0,4.0
2026,H9065,Local CCP,"AMH HEALTH, LLC",AMH Health,"Elevance Health, Inc.",Yes,3.0,4.0,3.5
2026,H9066,Local CCP,VISITING NURSE ASSOCIATION OF CENTRAL NEW YORK,Nascentia Health Plus,VISITING NURSE ASSOCIATION OF CENTRAL NEW YORK,Yes,,2.5,
2026,H9096,Local CCP,"DEAN HEALTH PLAN, INC.",Dean Advantage,Medica Holding Company,No,3.5,4.0,3.5
2026,H9147,Local CCP,BLUE CROSS AND BLUE SHIELD OF NC SENIOR HEALTH,Blue Cross and Blue Shield of North Carolina,CuraCor Solutions Corp.,Yes,3.5,3.5,3.5
2026,H9153,Local CCP,"WEST VIRGINIA SENIOR ADVANTAGE, INC.",West Virginia Senior Advantage,"SNP Holdings, LLC",Yes,2.5,3.5,3.0
2026,H9179,Local CCP,TRINITY HEALTH PLAN OF MICHIGAN INC,Trinity Health Plan of Michigan,Trinity Health Corporation,No,4.5,3.5,4.0
2026,H9191,Local CCP,"PROVIDER PARTNERS HEALTH PLAN OF MISSOURI, INC.",Provider Partners Health Plans,"Rifkin Managed Care Holding, LLC",Yes,4.5,4.5,4.5
2026,H9207,Local CCP,"HEALTH PARTNERS PLANS, INC.",Jefferson Health Plans,Thomas Jefferson University,Yes,3.5,3.5,3.5
2026,H9219,Local CCP,"AMH HEALTH PLANS OF MAINE, INC.",AMH Health,"Elevance Health, Inc.",No,,,
2026,H9231,Local CCP,DEVOTED HEALTH INSURANCE COMPANY OF TENNESSEE INC,Devoted Health,"Devoted Health, Inc.",Yes,3.0,3.5,3.5
2026,H9306,Local CCP,"ALTERWOOD ADVANTAGE, INC.",Alterwood Advantage,"LifeBridge Health, Inc.",Yes,3.5,3.0,3.5
2026,H9314,Local CCP,AETNA BETTER HEALTH OF MICHIGAN INC.,Aetna Medicare HIDE,CVS Health Corporation,Yes,,,
2026,H9326,Local CCP,WYOBLUE ADVANTAGE INC,WyoBlue Advantage,Blue Cross Blue Shield of Michigan Mutual Ins. Co.,No,,,
2026,H9364,Local CCP,"WELLCARE OF MAINE, INC.",Wellcare,Centene Corporation,Yes,3.0,4.0,3.5
2026,H9387,Local CCP,"SUNFLOWER STATE HEALTH PLAN, INC.",Wellcare By Allwell,Centene Corporation,Yes,2.5,3.0,2.5
2026,H9412,Local CCP,"GEISINGER QUALITY OPTIONS, INC.",Geisinger Gold,"Risant Health, Inc.",No,,,
2026,H9431,Local CCP,FIRST HEALTH LIFE & HEALTH INSURANCE COMPANY,Aetna Medicare,CVS Health Corporation,No,3.0,3.0,3.0
2026,H9460,Local CCP,"HEALTHSPRING LIFE & HEALTH INSURANCE COMPANY, INC.",Cigna HealthCare,Health Care Service Corporation,No,3.0,3.0,3.0
2026,H9485,Local CCP,"Mass General Brigham Health Plan, Inc.",Mass General Brigham Health Plan,Mass General Brigham Incorporated,No,3.5,3.5,3.5
2026,H9489,Local CCP,"VERMONT BLUE ADVANTAGE, INC.",Vermont Blue Advantage,Blue Cross Blue Shield of Michigan Mutual Ins. Co.,No,,3.5,
2026,H9525,Local CCP,COMPCARE HEALTH SERVICES INSURANCE CORPORATION,Anthem Blue Cross and Blue Shield,"Elevance Health, Inc.",Yes,3.5,3.5,3.5
2026,H9572,Local CCP,BCBS OF MICHIGAN MUTUAL INSURANCE COMPANY,Blue Cross Blue Shield of Michigan,Blue Cross Blue Shield of Michigan Mutual Ins. Co.,No,4.5,4.5,4.5
2026,H9589,Local CCP,"CLEAR SPRING HEALTH (GA), INC.",Clear Spring Health,Group 1001,No,,,
2026,H9590,Local CCP,"LONGEVITY HEALTH PLAN OF ILLINOIS, INC.",Longevity Health,"Longevity Health Founders, LLC",Yes,4.5,5.0,5.0
2026,H9615,Local CCP,"MVP HEALTH PLAN, INC.",MVP HEALTH CARE,"MVP Health Care, Inc.",No,3.5,4.0,3.5
2026,H9623,Local CCP,Ventura County Medi-Cal Managed Care Commission,Gold Coast Health Plan,Ventura County Medi-Cal Managed Care Commission,Yes,,,
2026,H9630,Local CCP,"ARKANSAS HEALTH & WELLNESS HEALTH PLAN, INC.",Wellcare By Allwell,Centene Corporation,Yes,3.5,3.5,3.5
2026,H9678,Local CCP,"HEALTHFIRST INSURANCE COMPANY, INC.",Healthfirst Medicare Plan,"Healthfirst, Inc.",No,3.0,3.0,3.0
2026,H9686,Local CCP,"ALIGNMENT HEALTH PLAN OF NEVADA, INC.",Alignment Health Plan,"Alignment Healthcare USA, LLC",Yes,4.5,5.0,5.0
2026,H9690,Local CCP,AMERICAN HEALTH PLAN OF INDIANA INC,American Health Advantage of Indiana,Mitchell Family Office,Yes,,,
2026,H9699,Local CCP,"USABLE HMO, INC.",Arkansas Blue Medicare,USAble Mutual Insurance Company,No,3.0,3.5,3.0
2026,H9700,Local CCP,DEVOTED HEALTH PLAN OF NORTH CAROLINA INC,Devoted Health,"Devoted Health, Inc.",No,,,
2026,H9706,Local CCP,HCSC INSURANCE SERVICES COMPANY,Blue Cross and Blue Shield of Texas,Health Care Service Corporation,Yes,3.0,2.5,2.5
2026,H9725,Local CCP,"BRAVO HEALTH PENNSYLVANIA, INC.",Cigna HealthCare,Health Care Service Corporation,Yes,4.0,4.0,4.0
2026,H9730,Local CCP,"WELLCARE HEALTH INSURANCE COMPANY OF KENTUCKY, INC",Wellcare,Centene Corporation,Yes,3.5,4.0,3.5
2026,H9771,Local CCP,AETNA BETTER HEALTH PREMIER PLAN MMAI INC.,Aetna Medicare FIDE,CVS Health Corporation,Yes,,,
2026,H9802,Local CCP,DEVOTED HEALTH INSURANCE COMPANY OF NEBRASKA,Devoted Health,"Devoted Health, Inc.",Yes,,,
2026,H9808,Local CCP,CARE N' CARE INSURANCE COMPANY OF NORTH CAROLINA,HealthTeam Advantage,"Risant Health, Inc.",No,4.0,3.0,4.0
2026,H9811,Local CCP,"MAGNOLIA HEALTH PLAN, INC.",Wellcare By Allwell,Centene Corporation,No,,,
2026,H9826,Local CCP,"COMMUNITY HEALTH CHOICE TEXAS, INC.",Community Health Choice,Harris County Hospital District,Yes,,3.0,
2026,H9827,Local CCP,"MOUNT CARMEL HEALTH PLAN OF NEW YORK, INC.",Trinity Health Plan New York,Trinity Health Corporation,No,,3.0,
2026,H9834,Local CCP,QUARTZ HEALTH PLAN MN CORPORATION,Quartz Medicare Advantage (HMO),University of Wisconsin Hospitals and Clincs Autho,No,4.0,4.0,4.0
2026,H9884,Local CCP,DEVOTED HEALTH INSURANCE COMPANY,Devoted Health,"Devoted Health, Inc.",No,4.5,4.5,4.5
2026,H9888,Local CCP,DEVOTED HEALTH INSURANCE COMPANY OF ALABAMA INC,Devoted Health,"Devoted Health, Inc.",Yes,3.5,3.5,3.5
2026,H9904,Local CCP,"CENTRAL MASS HEALTH, LLC",Mass Advantage,Central Mass Health Holding LLC,No,4.5,3.5,4.0
2026,H9907,Local CCP,TUFTS ASSOCIATED HEALTH MAINTENANCE ORGANIZATION,Tufts Health Plan,"Point32Health, Inc.",No,4.0,3.5,4.0
2026,H9909,Local CCP,"AMERICAN HEALTH PLAN OF MS, INC.",American Health Advantage of MS,Mitchell Family Office,Yes,,2.0,
2026,H9916,Local CCP,"WELLCARE HEALTH INSURANCE OF ARIZONA, INC.",Wellcare,Centene Corporation,Yes,,,
2026,H9917,Local CCP,"ALIGN SENIOR CARE FLORIDA, INC.",Align Senior Care,"Curana Health Holdings, LLC",Yes,,,
2026,H9942,Local CCP,LONGEVITY HEALTH PLAN OF NEW JERSEY INSURANCE COMP,Longevity Health Plan,"Longevity Health Founders, LLC",Yes,4.5,3.0,4.0
2026,H9955,Local CCP,"MOLINA HEALTHCARE OF OHIO, INC.",Molina Healthcare of Ohio,"Molina Healthcare, Inc.",Yes,3.0,3.0,3.0
2026,H9968,Local CCP,AMERICAN HEALTH PLAN OF PENNSYLVANIA INC,American Health Advantage of Pennsylvania,Mitchell Family Office,Yes,,,
2026,H9977,Local CCP,"DEVOTED HEALTH PLAN OF NEW MEXICO, INC.",Devoted Health,"Devoted Health, Inc.",Yes,,,
2026,H9986,Local CCP,"HPMP OF FLORIDA, INC.",Florida Complete Care,"Independent Living Systems, LLC",Yes,2.5,4.5,3.0
2026,R0110,Regional CCP,HUMANA INSURANCE COMPANY,Humana,Humana Inc.,No,3.5,3.5,3.5
2026,R0759,Regional CCP,CARE IMPROVEMENT PLUS SOUTH CENTRAL INSURANCE CO.,UnitedHealthcare,"UnitedHealth Group, Inc.",Yes,3.5,3.5,3.5
2026,R1532,Regional CCP,HUMANA INSURANCE COMPANY,Humana,Humana Inc.,No,3.0,2.5,2.5
2026,R2604,Regional CCP,CARE IMPROVEMENT PLUS SOUTH CENTRAL INSURANCE CO.,UnitedHealthcare,"UnitedHealth Group, Inc.",Yes,4.0,3.5,4.0
2026,R3175,Regional CCP,UNITEDHEALTHCARE INSURANCE COMPANY,UnitedHealthcare,"UnitedHealth Group, Inc.",No,,,
2026,R3444,Regional CCP,CARE IMPROVEMENT PLUS SOUTH CENTRAL INSURANCE CO.,UnitedHealthcare,"UnitedHealth Group, Inc.",Yes,3.0,3.5,3.0
2026,R4182,Regional CCP,HUMANA INSURANCE COMPANY,Humana,Humana Inc.,No,3.5,3.0,3.5
2026,R5342,Regional CCP,CARE IMPROVEMENT PLUS SOUTH CENTRAL INSURANCE CO.,UnitedHealthcare,"UnitedHealth Group, Inc.",No,3.5,,
2026,R5361,Regional CCP,HUMANA INSURANCE COMPANY,Humana,Humana Inc.,No,3.5,3.5,3.0
2026,R5826,Regional CCP,HUMANA INSURANCE COMPANY,Humana,Humana Inc.,No,3.5,3.5,3.5
2026,R5941,Regional CCP,"ANTHEM INSURANCE COMPANIES, INC.",Anthem Blue Cross and Blue Shield,"Elevance Health, Inc.",No,3.5,4.0,3.5
2026,R6694,Regional CCP,AETNA LIFE INSURANCE COMPANY,Aetna Medicare,CVS Health Corporation,No,3.5,4.0,4.0
2026,R6801,Regional CCP,CARE IMPROVEMENT PLUS SOUTH CENTRAL INSURANCE CO.,UnitedHealthcare,"UnitedHealth Group, Inc.",Yes,3.5,3.0,3.5
2026,R7220,Regional CCP,HUMANA INSURANCE COMPANY,Humana,Humana Inc.,No,3.0,2.5,2.5
2026,R7444,Regional CCP,CARE IMPROVEMENT PLUS SOUTH CENTRAL INSURANCE CO.,UnitedHealthcare,"UnitedHealth Group, Inc.",No,3.0,4.0,3.5
2026,S0262,PDP,KAISER PERMANENTE INSURANCE COMPANY,Kaiser Permanente,"Kaiser Foundation Health Plan, Inc.",No,,,
2026,S0375,PDP,"CAREFIRST ADVANTAGE PPO, INC",CareFirst BlueCross BlueShield Group Prescription,"CareFirst, Inc.",No,,,
2026,S0586,PDP,"MVP HEALTH PLAN, INC.",MVP Health Care,"MVP Health Care, Inc.",No,,,
2026,S1030,PDP,BCBS OF ALABAMA & UTIC INSURANCE COMPANY,BlueRx (PDP),BlueCross BlueShield of Alabama,No,,2.5,
2026,S1140,PDP,Highmark Western and Northeastern New York Inc.,Highmark Blue Cross Blue Shield or Highmark Blue S,Highmark Health,No,,4.0,
2026,S1822,PDP,"HEALTHPARTNERS, INC.",HealthPartners,"HealthPartners, Inc.",No,,4.5,
2026,S2135,PDP,BLUE CROSS BLUE SHIELD ASSOCIATION,Blue Cross Blue Shield Association,"BlueCross BlueShield Association, Federal Employee",No,,3.0,
2026,S2468,PDP,CALIFORNIA PHYSICIANS' SERVICE,Blue Shield of California,California Physicians' Service,No,,3.0,
2026,S2893,PDP,ANTHEM INSURANCE CO. & BCBSMA & BCBSRI & BCBSVT,Blue MedicareRx,"Elevance Health, Inc. & BCBSMA & BCBSRI & BCBSVT",No,,4.0,
2026,S3285,PDP,MG INSURANCE COMPANY,MG Insurance Company,"MedImpact Holdings, Inc.",No,,3.0,
2026,S3389,PDP,"UPMC HEALTH BENEFITS, INC.",UPMC Health Plan,UPMC Health System,No,,4.5,
2026,S3521,PDP,"EXCELLUS HEALTH PLAN, INC.","Excellus Health Plan, Inc","Lifetime Healthcare, Inc.",No,,4.5,
2026,S3875,PDP,GRANITE ALLIANCE INSURANCE COMPANY,Granite Alliance,"Prime Therapeutics, LLC.",No,,,
2026,S3994,PDP,HAWAII MEDICAL SERVICE ASSOCIATION (HMSA),HMSAs Medicare Rx Plan,Hawaii Medical Service Association,No,,,
2026,S4501,PDP,INDEPENDENT HEALTH BENEFITS CORPORATION,Pharmacy Benefit Dimensions PDP,"Independent Health Association, Inc.",No,,5.0,
2026,S4802,PDP,"WELLCARE PRESCRIPTION INSURANCE, INC.",Wellcare,Centene Corporation,No,,3.5,
2026,S4983,PDP,KAISER FOUNDATION HEALTH PLAN OF WASHINGTON OPTION,Kaiser Permanente,"Kaiser Foundation Health Plan, Inc.",No,,,
2026,S5450,PDP,"SECURITYCARE OF TENNESSEE, INC.",BlueScripts,BlueCross BlueShield of Tennessee,No,,,
2026,S5540,PDP,BLUE CROSS AND BLUE SHIELD OF NORTH CAROLINA,Blue Cross and Blue Shield of North Carolina,CuraCor Solutions Corp.,No,,3.0,
2026,S5584,PDP,BCBS OF MICHIGAN MUTUAL INSURANCE COMPANY,Blue Cross Blue Shield of Michigan,Blue Cross Blue Shield of Michigan Mutual Ins. Co.,No,,2.5,
2026,S5593,PDP,HM HEALTH INSURANCE COMPANY,Highmark Blue Shield,Highmark Health,No,,3.0,
2026,S5596,PDP,"ANTHEM INSURANCE COMPANIES, INC.","Anthem Insurance Companies, Inc.","Elevance Health, Inc.",No,,3.0,
2026,S5601,PDP,SILVERSCRIPT INSURANCE COMPANY,Aetna Medicare,CVS Health Corporation,No,,3.0,
2026,S5609,PDP,ASURIS NORTHWEST HEALTH,Asuris Northwest Health,"Cambia Health Solutions, Inc.",No,,3.0,
2026,S5617,PDP,MEDCO CONTAINMENT LIFE AND MEDCO CONTAINMENT NY,Cigna HealthCare,Health Care Service Corporation,No,,2.5,
2026,S5660,PDP,MEDCO CONTAINMENT LIFE AND MEDCO CONTAINMENT NY,Express Scripts Medicare,Health Care Service Corporation,No,,2.5,
2026,S5715,PDP,Health Care Service Corporation,"Blue Cross and Blue Shield of IL, NM, OK, TX",Health Care Service Corporation,No,,2.0,
2026,S5726,PDP,BLUE CROSS AND BLUE SHIELD OF KANSAS,Blue Cross and Blue Shield of Kansas,Blue Cross Blue Shield of Kansas,No,,3.5,
2026,S5743,PDP,"WELLMARK  IA & SD, & BCBS MN, MT, NE, ND,& WY",MedicareBlue Rx,"BCBS MN, MT, NE, ND, WY, Wellmark IA and SD",No,,3.5,
2026,S5795,PDP,USABLE MUTUAL INSURANCE COMPANY,Arkansas Blue Medicare,USAble Mutual Insurance Company,No,,3.0,
2026,S5805,PDP,UNITEDHEALTHCARE INSURANCE COMPANY OF NEW YORK,UnitedHealthcare,"UnitedHealth Group, Inc.",No,,3.0,
2026,S5820,PDP,UNITEDHEALTHCARE INSURANCE COMPANY,UnitedHealthcare,"UnitedHealth Group, Inc.",No,,3.0,
2026,S5857,PDP,PRIORITY HEALTH INSURANCE COMPANY,Priority Health Medicare,Corewell Health,No,,,
2026,S5877,PDP,EDUCATORS MUTUAL INSURANCE ASSOCIATION,EMI Health,Educators Mutual Insurance Association,No,,3.0,
2026,S5884,PDP,Humana Insurance Co. & Humana Insurance Co. of NY,Humana,Humana Inc.,No,,3.0,
2026,S5904,PDP,"BLUE CROSS AND BLUE SHIELD OF FLORIDA, INC.",Florida Blue,Guidewell Mutual Holding Corporation,No,,3.5,
2026,S5916,PDP,REGENCE BLUESHIELD OF IDAHO AND REGENCE BC BS UTAH,Regence BlueShield of Idaho and Regence BC BS Utah,"Cambia Health Solutions, Inc.",No,,3.0,
2026,S5921,PDP,UNITEDHEALTHCARE INS. CO. & UHC INS. CO. OF NY,UnitedHealthcare,"UnitedHealth Group, Inc.",No,,2.0,
2026,S5953,PDP,BLUECROSS AND BLUESHIELD OF SOUTH CAROLINA,Blue Cross Blue Shield of South Carolina,BlueCross BlueShield of South Carolina (BCBSSC),No,,3.5,
2026,S5960,PDP,WELLPOINT LIFE AND HEALTH INSURANCE COMPANY,Wellpoint,"Elevance Health, Inc.",No,,3.0,
2026,S5966,PDP,"EMBLEMHEALTH PLAN, INC",EmblemHealth,"EmblemHealth, Inc.",No,,2.5,
2026,S5975,PDP,"MODA HEALTH PLAN, INC.","Moda Health Plan, Inc.","Moda Partners, Inc.",No,,3.0,
2026,S5993,PDP,HORIZON INSURANCE COMPANY,Horizon Blue Cross Blue Shield of New Jersey,"Horizon Mutual Holdings, Inc",No,,3.5,
2026,S6875,PDP,QCC INSURANCE COMPANY,Independence Blue Cross,"Independence Health Group, Inc.",No,,3.0,
2026,S6939,PDP,"MASS GENERAL BRIGHAM HEALTH PLAN, INC",Mass General Brigham Health Plan,Mass General Brigham Incorporated,No,,,
2026,S8067,PDP,Avalon Insurance Company,Avalon Insurance Company,CAPITAL BLUE CROSS,No,,5.0,
2026,S8841,PDP,"OPTUM INSURANCE OF OHIO, INC.","Optum Insurance of Ohio, Inc.","UnitedHealth Group, Inc.",No,,3.0,
2026,S9701,PDP,"DEAN HEALTH INSURANCE, INC.",Navitus MedicareRx,Medica Holding Company,No,,4.5,
