ccn,discharges,total_charges,total_payments,total_medicare_payments,distinct_drgs,hospital_name,state,charge_to_payment_ratio,avg_payment_per_discharge
010001,2972,193461714.99926,42752905.9999661,36309558.0001097,91,Southeast Health Medical Center,AL,4.525112632096013,14385.230820984556
010005,787,16374595.000043001,7408886.000035,6101017.0000338,31,Marshall Medical Centers South Campus,AL,2.2101291611135125,9414.086404110547
010006,2652,148307098.00047,30459918.0000964,25358923.9999973,76,North Alabama Medical Center,AL,4.86892637071448,11485.640271529563
010007,126,1791428.0000103,1304988.0000089,1178733.9999941,7,Mizell Memorial Hospital,AL,1.37275438547947,10357.047619118253
010008,11,159035.000003,73076.0000003,58676.000000199994,1,Crenshaw Community Hospital,AL,2.176295911138364,6643.2727273
010011,1634,87152983.999969,20345810.9999099,16183132.0000722,52,St Vincent's East,AL,4.283583682181799,12451.536719651102
010012,255,18168569.999947,2962523.9999678,2596864.0000113,10,Dekalb Regional Medical Center,AL,6.132800949509431,11617.741176344314
010016,843,112450731.00012401,11799465.999931,9569318.0000063,32,Shelby Baptist Medical Center,AL,9.530154246029573,13996.994068720047
010019,997,25469740.000015,7760003.9999934,6440613.9999459,39,Helen Keller Memorial Hospital,AL,3.2821812978494167,7783.354062179939
010021,36,710942.000004,383517.0,340448.9999988,2,Dale Medical Center,AL,1.8537431196113863,10653.25
010022,63,903624.9999840001,540871.0000029,454759.0000002,1,Floyd Cherokee Medical Center,AL,1.6706848767620284,8585.2539683
010023,1553,94483134.999792,29120526.9998902,22780997.999938,65,Baptist Medical Center South,AL,3.2445544340646117,18751.14423689002
010024,1619,82171389.000249,17604726.0001287,14054853.999951601,58,Jackson Hospital & Clinic Inc,AL,4.667575570312669,10873.827053816369
010029,1539,51065252.000128,20522188.999940798,15951522.0000565,51,East Alabama Medical Center,AL,2.4882945966570778,13334.755685471604
010033,7815,1038080447.995868,235861978.9994726,166723126.0000403,226,University Of Alabama Hospital,AL,4.401219952445957,30180.675495773845
010035,1819,54349499.000104,17357172.9999569,14711367.999970801,58,Cullman Regional Medical Center,AL,3.131241418187107,9542.151181944419
010036,348,16483600.000023,3093911.9999908,2673458.0000125,16,Andalusia Health,AL,5.327753342716928,8890.551724111494
010039,9321,714239852.000382,135005936.9999261,111129802.0001406,212,Huntsville Hospital,AL,5.290432908893281,14484.061474082833
010040,1080,165110727.000827,10456929.9999958,8727183.9999485,38,Gadsden Regional Medical Center,AL,15.789598572515388,9682.342592588704
010044,18,341499.00000600005,297640.000008,273639.999996,1,Marion Regional Medical Center,AL,1.1473558661363432,16535.555556
010045,47,922700.0000080001,599583.9999972,543583.9999844,3,Fayette Medical Center,AL,1.5389003042314489,12757.106382919148
010046,1275,83369036.000113,12256334.0000605,10355671.000007499,46,Riverview Regional Medical Center,AL,6.802118480101918,9612.810980439608
010049,346,31972065.99991,3253990.0000201,2633892.0000263,15,Medical Center Enterprise,AL,9.825496083181728,9404.595375780635
010055,1961,237771011.99933898,22863772.9999379,18450677.999964,70,Flowers Hospital,AL,10.399465215123715,11659.241713379857
010056,2553,137594497.999867,31226151.9999021,25536402.9998998,85,St Vincent's Birmingham,AL,4.406386608260229,12231.160203643596
010061,211,5201642.999984,2242913.9999859,1974129.9999998,12,Highlands Medical Center,AL,2.3191450942910428,10629.924170549288
010062,25,323493.0,317537.0,299937.0,1,Wiregrass Medical Center,AL,1.0187568692782258,12701.48
010065,168,3045110.0000259,1926455.9999749,1666375.0000189,6,Russell Medical Center,AL,1.5806797560211991,11466.999999850595
010069,40,960530.999998,485505.0000018,432914.9999999,3,Medical Center Barbour,AL,1.9784162881833118,12137.625000045
010073,71,516326.0000001,851136.000006,772606.0000080001,1,Clay County Hospital,AL,0.6066316076355133,11987.830986
010078,1827,117148528.99994099,20184625.0000499,17053999.9998958,56,Northeast Alabama Regional Medical Center,AL,5.803849662783003,11047.961138505692
010079,594,15749989.9999,5870971.999953,4956588.9999393,27,Athens Limestone Hospital,AL,2.6826886587137677,9883.79124571212
010083,999,104255461.00034499,11278702.000023,9225343.0000339,42,South Baldwin Regional Medical Center,AL,9.24356907382892,11289.991992015015
010085,1323,36211254.000017,13613295.0001632,11302054.0000491,42,Decatur Morgan Hospital-Decatur Campus,AL,2.659991868212868,10289.716553411337
010086,138,3992802.9999720003,1418310.0000158001,1223906.9999751,6,Northwest Medical Center,AL,2.8151835634857822,10277.608695766667
010087,662,32685699.00005,16241855.999964,10669365.000022,33,Usa Health University Hospital,AL,2.012436201880034,24534.52567970393
010089,455,49058985.000024,5817609.9999863,4986218.9999874,17,Walker Baptist Medical Center,AL,8.432841837135786,12785.956043925935
010090,1452,59088378.999873005,16867706.0000469,14256357.0000182,51,Providence Hospital,AL,3.503047717319042,11616.877410500621
010092,3458,146314805.999973,45810810.9998501,38022437.9999539,97,Dch Regional Medical Center,AL,3.193892507173727,13247.776460338375
010097,47,233940.9999996,504359.99999,443610.9999977,2,Elmore Community Hospital,AL,0.4638373384174764,10731.063829574468
010099,43,686972.999992,349292.9999996,308093.0000005,3,D W Mcmillan Memorial Hospital,AL,1.9667528407176404,8123.093023246512
010100,1950,76094629.999963,23933907.000113398,19235955.0000382,67,Thomas Hospital,AL,3.1793651575399897,12273.798461596614
010101,108,9243849.999985,1359506.0000048,1183786.0000204002,4,Citizens Baptist Medical Center,AL,6.799418318089337,12588.018518562963
010103,899,110109648.99950299,14995026.9998779,10248073.9999475,37,Princeton Baptist Medical Center,AL,7.343077741733948,16679.674082177866
010104,4275,763299323.00072,61372370.9999048,46891432.9997881,133,Grandview Medical Center,AL,12.437181594335081,14356.110175416326
010108,375,10620924.000020001,3300791.0000093,2552326.9999844,16,Prattville Baptist Hospital,AL,3.217690547505151,8802.109333358134
010112,125,2962161.000008,1627460.9999714,1445218.9999807999,6,Whitfield Regional Hospital,AL,1.8201118183846219,13019.6879997712
010113,3063,134322826.999836,39570790.9998723,32865805.999901,103,Mobile Infirmary Medical Center,AL,3.394494363286028,12918.965393363465
010114,477,16248700.999978,5160419.9999639,4243872.9999743,21,"Medical West, An Affiliate Of Uab Health System",AL,3.148716771133293,10818.490565962054
010118,243,18690683.000236,2684193.000033,2286034.0000086,11,Vaughan Regional Medical Center Parkway Campus,AL,6.963241093321611,11046.061728530864
010120,14,148860.000002,78677.0000002,57920.9999998,1,Monroe County Hospital,AL,1.8920396049877546,5619.7857143
010125,194,5479708.000043,1781875.0000181,1541541.999988,8,Lakeland Community Hospital,AL,3.075248263759993,9184.92268050567
010126,28,555541.999994,347007.0000045,314272.0000047,2,Troy Regional Medical Center,AL,1.600953294852253,12393.107143017856
010128,30,188422.9999999,226547.0,180422.0000003,2,Jackson Medical Center,AL,0.8317170388480095,7551.566666666667
010129,100,2704166.000012,1115295.9999995,982793.0000058,5,North Baldwin Infirmary,AL,2.424617321332823,11152.959999995
010130,216,5978290.999996,1949661.9999986999,1617813.9999984,10,St Vincent's St Clair,AL,3.0663217521806274,9026.212962956944
010131,1628,255916156.000258,18139834.0000033,14585306.999967601,55,Crestwood Medical Center,AL,14.10796570686432,11142.404176906204
010138,12,140952.999996,69776.0000004,56175.9999996,1,Hill Hospital Of Sumter County,AL,2.020078536963884,5814.6666667
010139,722,128307118.00011,9390043.9999831,7727965.9999079,28,Brookwood Baptist Medical Center,AL,13.664165790952728,13005.601108009834
010144,1037,51207091.0004806,16061234.0001286,14553733.000039,38,Springhill Memorial Hospital,AL,3.1882413891778545,15488.171649111477
010148,130,1223278.0000057,919945.999999,753628.9999995,7,Evergreen Medical Center,AL,1.3297280492627064,7076.5076923
010149,863,30064988.00004,9219832.999977201,7041685.0000429,33,Baptist Medical Center East,AL,3.2609037495705553,10683.468134388413
010157,56,1236900.000022,468561.9999981,403747.0000003,2,North Alabama Shoals Hospital,AL,2.639778727312534,8367.178571394643
010158,63,1561427.999987,406326.9999988,327835.9999993,3,Russellville Hospital,AL,3.8427867210193054,6449.634920615873
010164,174,5908737.0000059,1669421.9999954,1412309.0000156001,10,Coosa Valley Medical Center,AL,3.539390879012126,9594.37931031839
010168,311,19788048.000014,7238857.9999996,5669445.0000149,10,Jack Hughston Memorial Hospital,AL,2.7335869829212136,23276.070739548555
010169,17,266826.000003,113566.9999999,92766.9999993,1,Atmore Community Hospital,AL,2.3495029366209814,6680.4117647
010173,12,254909.00000400003,159783.999996,147027.999996,1,St Vincent's Chilton,AL,1.5953349522504217,13315.333333
010175,17,363167.000002,167243.9999993,143244.0000007,1,Eamc - Lanier,AL,2.1714799933242452,9837.8823529
020001,3716,544072619.999246,96855876.9998195,78126265.0000177,119,Providence Alaska Medical Center,AK,5.617342352909157,26064.552475731834
020006,1421,169414066.999501,30467073.0000601,26399385.000131,48,Mat-Su Regional Medical Center,AK,5.560562611287497,21440.586206938846
020008,134,7464139.000015,3700397.0000030003,3460568.000003,7,Bartlett Regional Hospital,AK,2.017118433511039,27614.90298509702
020012,701,49389354.000057,17012375.000067,15288197.000032,26,Fairbanks Memorial Hospital,AK,2.9031428004533457,24268.72325259201
020017,1881,396210561.000771,47972720.9999382,36479651.0001661,56,Alaska Regional Hospital,AK,8.259080426171394,25503.83891543764
020018,52,1518537.000003,1368011.999996,1297743.999988,3,Yukon Kuskokwim Delta Reg Hospital,AK,1.1100319295499164,26307.923076846153
020024,569,38393805.999956,14004027.000011,12867238.9999386,23,Central Peninsula General Hospital,AK,2.7416261051143245,24611.64674870123
020026,913,86237316.000358,22299853.999917,21009338.9999928,34,Alaska Native Medical Center,AK,3.8671695339655128,24424.812705276014
030002,2301,304301794.999718,62799642.0001829,55235803.0000551,96,Banner - University Medical Center Phoenix,AZ,4.845597607050559,27292.325945320685
030006,5144,313596581.999904,80557013.0000847,71432269.9998924,142,Tucson Medical Center,AZ,3.8928526557901826,15660.383553671209
030007,837,60480117.999918,13857832.9999827,12012921.9999349,37,Verde Valley Medical Center,AZ,4.364327236444075,16556.550776562366
030010,824,124924758.999487,13183574.9999354,11615513.999973001,34,St. Mary's Hospital,AZ,9.475787788979783,15999.484223222573
030011,1178,239555340.000408,19490600.9999585,16865399.0000293,51,St Joseph's Hospital,AZ,12.290813402876497,16545.50169775764
030012,3183,174446655.999875,40710894.0000678,35786358.9999641,88,Yavapai Regional Medical Center,AZ,4.28501167278676,12790.10179078473
030013,2279,159179973.999999,34773510.9998379,31506644.0001379,67,Yuma Regional Medical Center,AZ,4.577621569496995,15258.232119279464
030014,1911,218633161.000697,28604643.9998841,24998252.9998752,69,Honorhealth John C. Lincoln Medical Center,AZ,7.643275022111195,14968.416535784458
030016,727,43582071.000014,10646246.000026999,9546096.0000923,24,Banner Casa Grande Medical Center,AZ,4.0936562051922785,14644.079779954607
030022,169,13175251.999937,5994856.999993,5646003.000007,9,Valleywise Health Medical Center,AZ,2.1977591792351983,35472.52662717752
030023,2058,143732737.000348,53019967.0000662,48729918.9999288,78,Flagstaff Medical Center,AZ,2.7109171342971328,25762.860544249852
030024,3595,513141512.00049603,105922802.9998608,85109991.9999126,120,St. Joseph's Hospital And Medical Center,AZ,4.844485771408168,29463.922948500916
030030,221,23967430.999976,2977522.9999957,2629951.0000063,11,Abrazo Central Campus,AZ,8.049452850577683,13472.954751111765
030036,5685,607496439.997649,80752992.0000153,70923126.0000894,152,Chandler Regional Medical Center,AZ,7.522896984393269,14204.57203166496
030037,13,598320.0000049999,138925.00000600002,126124.99999970001,1,Tempe St Lukes Hospital,AZ,4.306784235948599,10686.538462
030038,3446,358987805.000414,48201115.9999834,40622689.000057,121,Honorhealth Scottsdale Osborn Medical Center,AZ,7.447707331102825,13987.555426576726
030043,815,41249725.999917,11598836.9999756,10331081.9999423,26,Canyon Vista Medical Center,AZ,3.556367418561342,14231.701840460859
030055,961,88825669.00012,13438400.000098301,11601996.0000594,30,Kingman Regional Medical Center,AZ,6.609839638608037,13983.766909571594
030061,3729,275878890.999102,49965495.0001859,43902004.0000259,100,Banner Boswell Medical Center,AZ,5.521388129909963,13399.167337137544
030062,852,35854839.999916,14679900.0001196,13454445.0001292,27,Summit Healthcare Regional Medical Center,AZ,2.4424444307947524,17229.929577605166
030064,2338,224224657.999657,64950826.0000338,51858293.0002311,86,Banner - University Medical Center Tucson Campus,AZ,3.4522218085346643,27780.5072711864
030065,3375,277805690.000515,55994033.9998376,48151738.9998546,114,Banner Desert Medical Center,AZ,4.961344453255872,16590.82488884077
030069,1007,117931373.999038,14081894.9999734,12413973.0000947,40,Havasu Regional Medical Center,AZ,8.374680680353089,13984.0069513142
030071,223,3233842.000005,2793143.9999944,2534475.9999997,14,Fort Defiance Indian Hospital,AZ,1.157778474726503,12525.309417015247
030073,101,1315272.0000089998,1828409.999995,1710010.000005,6,Tuba City Regional Health Care Corporation,AZ,0.7193528803783596,18103.06930688119
030078,11,138655.999999,156794.0,145594.00000200002,1,Phoenix Indian Medical Center,AZ,0.8843195530377438,14254.0
030083,470,79232693.000583,8226366.999991899,7380943.0000157,18,Abrazo Scottsdale Campus,AZ,9.631553394184944,17502.908510621062
030084,229,4350847.000009,3499570.9999774,3253303.0000045,13,Chinle Comprehensive Health Care Facility,AZ,1.243251529983846,15281.969432215721
030085,2506,287279915.999755,33485466.9999928,28807628.0000862,93,Northwest Medical Center,AZ,8.579241734923894,13362.11771747518
030087,5052,558280223.001261,73963103.0001508,64240307.0002383,148,Honorhealth Scottsdale Shea Medical Center,AZ,7.548090877151581,14640.36084721908
030088,2639,164052657.000088,32410017.0000249,27886257.9999342,70,Banner Baywood Medical Center,AZ,5.061788674777985,12281.173550596779
030089,2445,189335511.999711,40430935.0000177,34829693.999995,76,Banner Thunderbird Medical Center,AZ,4.682936766108132,16536.16973415857
030092,2163,241986618.000369,31939289.999961,26960249.0000066,79,Honorhealth Deer Valley Medical Center,AZ,7.5764557697013455,14766.19972258946
030093,4024,235383671.000213,48989757.0001404,42919752.9996907,100,Banner Del E. Webb Medical Center,AZ,4.804752777188472,12174.392892679025
030094,2132,482106331.999041,46754021.9999069,42600710.0001352,73,Abrazo Arrowhead Campus,AZ,10.31154778512961,21929.653846110177
030101,773,128226772.999661,8776177.9999887,7440544.9999236,31,Western Arizona Regional Medical Center,AZ,14.610776239933386,11353.399741253168
030103,8922,772323624.000179,263317262.9999276,168957775.9997881,208,Mayo Clinic Hospital,AZ,2.9330535157521798,29513.255211827796
030105,1189,131572966.99953,23994070.9999968,20699395.9999894,38,Banner Heart Hospital,AZ,5.483561626517965,20180.042893184862
030107,375,40581672.00005,7010577.000065,6066187.000007,8,Arizona Spine And Joint Hospital,AZ,5.788635086623218,18694.872000173335
030108,184,19207693.999555,4284609.999979001,3744176.000006,7,The Core Institute Specialty Hospital,AZ,4.482950373464361,23285.92391292935
030110,1354,180539910.001064,18675415.9999991,16454206.9998846,48,Abrazo West Campus,AZ,9.667249714869683,13792.774002953543
030111,496,26008410.999971,9025559.00001,7822180.000061201,17,Banner-University Medical Center South Campus,AZ,2.881639907283547,18196.691532278226
030112,71,6233253.000025,963655.999978,826461.999989,1,Arizona Specialty Hospital,AZ,6.468338286865131,13572.619718
030113,65,894015.999993,789182.9999889999,701226.999998,4,Whiteriver Phs Indian Hospital,AZ,1.1328373773959415,12141.276922907691
030114,1270,101368379.000116,13635582.0000767,11691855.0000141,44,Oro Valley Hospital,AZ,7.43410724966091,10736.678740217874
030115,1092,80310750.000001,16973344.9998586,14501899.0000539,37,Banner Estrella Medical Center,AZ,4.731580604805361,15543.356226976739
030117,22,1442014.999997,205446.99999779998,113241.0000007,2,Valley View Medical Center,AZ,7.01891485401316,9338.4999999
030119,2757,225442021.999874,30733827.0000249,26405590.000084702,84,Mercy Gilbert Medical Center,AZ,7.335305882983312,11147.561479878455
030121,597,45767887.000023,9350628.999978099,8113878.9999852,26,"Mountain Vista Medical Center, Lp",AZ,4.89463190124752,15662.695142341874
030122,1088,96853757.999694,19817093.0000688,17760916.9998805,40,Banner Gateway Medical Center,AZ,4.887384744036765,18214.239889769116
030123,2274,179571912.999486,29601171.999964,25020713.0000204,78,Honorhealth Scottsdale Thompson Peak Med Ctr,AZ,6.06637848662561,13017.226033405452
030130,418,25230899.000018,5604093.0000969,4780474.9999756,14,Banner Ironwood Medical Center,AZ,4.502227032917143,13406.921052863398
030131,514,46576943.000128,9542861.999933,8758862.00003,9,O.A.S.I.S. Hospital,AZ,4.880814896040099,18565.879377301557
030134,107,4073590.000025,1294186.0000024,1104065.0000028,5,Banner Goldfield Medical Center,AZ,3.1476078399993863,12095.196261704674
030139,241,11976393.000001,1966834.9999984,1623531.0000076,13,Dignity Health Arizona General Hospital,AZ,6.089170164254115,8161.141078831535
030146,372,22796293.999973,4015989.9999978,3432767.9999754,15,Honorhealth Sonoran Crossing Medical Center,AZ,5.676382162302567,10795.672043004839
030147,307,15466994.999982,3187728.0000293003,2711401.9999845,12,Banner Ocotillo Medical Center,AZ,4.852043524365891,10383.478827457004
030148,678,48212933.000023,8354097.0000645,7345073.0000282,24,Northwest Medical Center Sahuarita,AZ,5.771172276267651,12321.676991245575
040001,88,5334255.999937,1136430.0000014,1002546.9999952,6,Siloam Springs Regional Hospital,AR,4.693871157863158,12913.977272743183
040002,94,1439013.0000106,1114489.999982,1004177.9999883999,6,Johnson Regional Medical Center,AR,1.2911852058195599,11856.276595553192
040004,3006,205759733.999555,43102273.9998944,36468623.9999387,96,Washington Regional Medical Center,AR,4.7737558811875935,14338.747172286894
040007,3328,261161707.998894,64061056.9998655,58532054.9998982,94,Chi St Vincent Infirmary,AR,4.076762392469458,19249.115685055738
040010,2469,120839325.999918,31102194.9999055,26788756.9998653,81,Mercy Hospital Northwest Arkansas,AR,3.8852346594922045,12597.081814461522
040011,216,1872809.9999822,1770477.9999942,1517962.0000063,11,Chambers Memorial Hospital,AR,1.0577990802417965,8196.657407380555
040014,2265,58211619.000121996,24444234.9999855,21920941.0000129,66,Unity Health White County Medical Center,AR,2.38140481795223,10792.15673288543
040015,61,940382.999994,508125.0000001,452125.000001,4,Mena Regional Health System,AR,1.8506922509103367,8329.918032788524
040016,3061,236183995.99938002,82416229.9999156,67912598.0000371,115,Uams Medical Center,AR,2.865746176446337,26924.60960467677
040017,300,8289668.9999939995,3336380.0000289,2938457.0000010002,13,North Arkansas Regional Medical Center,AR,2.4846297483866326,11121.266666763
040019,29,1171497.000004,404519.999993,358487.00001,1,Forrest City Medical Center,AR,2.8960175022848613,13948.965517
040020,3964,133563853.9998063,48450861.0000404,42747998.0002951,113,St Bernards Medical Center,AR,2.7566869038652366,12222.719727558122
040022,1232,120331264.999754,13826977.0000068,11093303.9999829,42,Northwest Medical Center,AR,8.70264447533939,11223.195616888637
040026,3145,120952811.999915,36024432.9997618,31623726.9997004,82,Chi St. Vincent Hospital Hot Springs,AR,3.357521602094744,11454.509697857487
040027,2042,52085810.999974,20156391.9999798,17464022.0000346,74,Baxter Health,AR,2.5840840463921415,9870.906953956808
040029,1694,82622973.000097,18376279.0001266,15779925.0000763,57,"Conway Regional Medical Center, Inc",AR,4.496175368230303,10847.862455800827
040036,2960,152654703.00036898,42632868.0000477,33987501.0002281,76,Baptist Health Medical Center North Little Rock,AR,3.580681060448436,14402.99594596206
040039,316,8776951.000006,2931807.0000202,2490938.9999862,11,Arkansas Methodist Medical Center,AR,2.993700130992772,9277.87025322848
040041,603,44555072.999932,6358364.9999762,5477251.0000585,20,St Marys Regional Medical Center,AR,7.007316031731235,10544.5522387665
040047,23,255264.000009,211984.9999992,192784.9999991,1,St Bernards Five Rivers Medical Center,AR,1.2041606717926425,9216.7391304
040050,70,2497850.000006,867114.9999992,791960.0000038999,4,Ouachita County Medical Center,AR,2.8806444358687195,12387.357142845714
040051,358,8585488.000002,3093853.0000043,2713261.9999938,14,Baptist Health Medical Center-Drew County,AR,2.7750148439470355,8642.04748604553
040055,2594,157556868.999948,28597471.0001466,23697087.9999838,74,Baptist Health - Fort Smith,AR,5.509468616967574,11024.468388645568
040062,3227,114252583.000172,36251834.9997639,31528661.9999154,83,Mercy Hospital Fort Smith,AR,3.1516358551481907,11233.91230237493
040067,85,1192844.9999996,699282.0000015,577355.0000025,5,Magnolia Regional Medical Center,AR,1.705813963461152,8226.847058841176
040069,49,1417111.000006,388298.9999998,327999.0,4,Great River Medical Center,AR,3.649535538352481,7924.469387751021
040071,1009,49728525.999893,12681973.9999003,10747986.9999334,38,Jefferson Regional Medical Center,AR,3.9211975990712444,12568.854311100396
040072,37,1006818.999995,422146.9999923,373835.0000032,3,Baptist Health Medical Center-Stuttgart,AR,2.3849962217269445,11409.37837817027
040076,66,1996675.000008,729483.9999936,659934.0000096,2,Baptist Health Medical Center-Hot Springs County,AR,2.737105954380792,11052.787878690908
040078,733,93988581.999512,8343214.9999382,7300547.9999896,30,National Park Medical Center,AR,11.265271481102692,11382.285129520054
040084,628,22072723.000032,5856044.0000213,5070209.9999958,23,Saline Memorial Hospital,AR,3.769220825518339,9324.910828059395
040088,473,37955595.00007,4716188.9999646,4090988.9999647997,20,South Arkansas Regional Hospital Llc,AR,8.047937646340062,9970.801268424102
040114,5858,444150886.999993,95324549.9999843,79918594.0001848,165,Baptist Health Medical Center-Little Rock,AR,4.659354667817118,16272.541823145151
040118,2923,123501533.99931,28383439.0000271,24008518.000065,78,Nea Baptist Memorial Hospital,AR,4.351182885174417,9710.37940473045
040119,1886,55380889.9994624,21547689.9999211,18110014.000074,52,White River Medical Center,AR,2.570154387763384,11425.074231135259
040134,1859,96368799.9995482,30959340.999942,27803373.9999863,46,"Arkansas Heart Hospital, Llc",AR,3.1127535951016765,16653.760623960196
040137,694,48241521.00013,10280969.000026401,9145407.999921601,28,St Vincent Medical Center/North,AR,4.692312660412274,14814.076368914122
040147,643,32071526.999897,10054330.9998787,8820004.0001097,13,Arkansas Surgical Hospital,AR,3.189822077698051,15636.595645223484
040153,39,1087722.999998,451285.99999399995,400218.0000039,3,Wadley Regional Medical Center At Hope,AR,2.4102741942193235,11571.43589728205
040154,730,33427421.999971,6976311.9999638,5938251.0000122,24,Baptist Health Medical Center- Conway,AR,4.79156064123056,9556.591780772329
040156,39,1365720.000008,431957.99999609997,374309.9999999,3,"Baptist Memorial Hospital-Crittenden, Inc",AR,3.1616962760739025,11075.846153746154
040161,416,15326654.999979999,4721326.9999921005,3688248.0000056,17,Arkansas Heart Hospital-Encore,AR,3.246260002750422,11349.343749981012
050002,475,49672388.000043,9074559.999932,8370551.0000321,18,St Rose Hospital,CA,5.473806774148302,19104.336841962107
050006,1808,208832380.999187,34634745.000116296,30826272.9999027,53,Providence St Joseph Hospital,CA,6.029563116416355,19156.38550891388
050007,2627,241947454.999992,57413621.0000989,49696525.0003801,77,Mills-Peninsula Medical Center,CA,4.214112449022772,21855.204035058585
050008,511,38458529.000026,10043486.9999299,9084144.0000467,21,California Pacific Medical Ctr-Davies Campus Hosp,CA,3.8292008542744598,19654.57338538141
050009,1436,174654131.999537,27996959.0000687,25539710.000046298,47,Providence Queen Of The Valley Medical Center,CA,6.238325098061844,19496.48955436539
050013,860,181495817.999667,24707110.000014998,23421943.9999375,37,Adventist Health St Helena,CA,7.345894278997293,28729.197674436044
050014,603,41588043.999991,11384637.9999511,10383026.9999048,20,Sutter Amador Hospital,CA,3.6529966082513674,18879.99668316932
050017,2229,388749262.000297,58234487.999863,51740226.0000272,71,Mercy General Hospital,CA,6.67558478407523,26125.835800746074
050022,2704,769548699.999988,69745600.9998967,56463556.9999237,87,Riverside Community Hospital,CA,11.033652143898333,25793.49149404464
050024,535,28494894.999996,8220686.999948001,7444128.9999796,20,Paradise Valley Hospital,CA,3.466242541551119,15365.770093360748
050025,5930,1063930677.9976931,263512278.999946,207366902.0000647,188,Uc San Diego Health Hillcrest - Hillcrest Med Ctr,CA,4.037499436593279,44437.14654299258
050026,5331,598031761.000735,92403836.9999994,78700418.999909,138,Grossmont Hospital,CA,6.4719364521706915,17333.302757456277
050028,70,4486959.000001,1012682.000004,919925.9999985,4,Mad River Community Hospital,CA,4.430768000204681,14466.885714342858
050030,3013,127897673.999983,43349504.9997411,40076373.9998418,63,Oroville Hospital,CA,2.9503837241220365,14387.489213322635
050036,2152,248709628.000021,39440786.0000771,36376088.000037596,64,Bakersfield Memorial Hospital,CA,6.30589938039102,18327.502788139915
050038,3873,553853335.00204,116354239.000136,107615867.999872,104,Santa Clara Valley Medical Center,CA,4.760061513542215,30042.406145142268
050039,6971,862691585.9978011,104906381.0001047,94872568.99963179,163,Enloe Health,CA,8.22344244242817,15048.971596629564
050040,407,25933289.000021,13887100.999968,13024109.000057999,15,Lac/Olive View-Ucla Medical Center,CA,1.8674371994616268,34120.64127756265
050042,682,50809167.999876,10624308.000070801,9750726.9999524,24,St Elizabeth Community Hospital,CA,4.782350812828224,15578.164222977714
050043,3134,317886238.999159,73816031.99986,63536759.9997948,82,Alta Bates Summit Medical Center,CA,4.306466093974841,23553.296745328655
050045,837,51851886.999957,12299467.0000924,11280424.0000444,28,El Centro Regional Medical Center,CA,4.215783253011489,14694.703703814099
050047,2601,369536014.001214,114537597.999874,88198541.9999651,101,California Pacific Medical Center- Van Ness Campus,CA,3.22632934908955,44035.985390186084
050054,147,13309498.000320999,2541511.0000010002,2365095.000012,5,San Gorgonio Memorial Hospital,CA,5.236844538668438,17289.19047619728
050055,933,73412593.000061,21057439.000052,18251375.9999672,31,California Pacific Medical Center - Mission Bernal,CA,3.4863020617027414,22569.60235804073
050056,1539,157360677.99956,32054877.0000913,29582455.0001796,48,Antelope Valley Hospital,CA,4.909102536849909,20828.380117018387
050057,3889,255458625.999733,70999421.0000825,63592796.9997798,117,Kaweah Health Medical Center,CA,3.5980381586412684,18256.472357953844
050058,1398,150175002.999026,24328496.9999187,22547636.000069797,40,Glendale Mem Hospital & Hlth Center,CA,6.172802331337109,17402.358369040558
050060,5032,589577929.000212,114894126.0002357,101340318.9998008,150,Community Regional Medical Center,CA,5.131488871754875,22832.695945992786
050063,1393,136022705.99903,27966631.000048,25944797.0000199,41,Hollywood Presbyterian Medical Center,CA,4.863750159924394,20076.547738727924
050067,54,2886530.9999860004,671952.9999904,615952.9999936,3,Oak Valley Hospital District,CA,4.295733481400097,12443.574073896298
050069,2716,243551981.000248,67151840.9996234,51150727.9999066,80,Providence St. Joseph Hospital,CA,3.626884644929003,24724.53645052408
050070,93,7752837.000036,2533263.0000070003,1349116.9999794,4,Kaiser Foundation Hospital - South San Francisco,CA,3.060415361537502,27239.387096849467
050071,240,27614515.000244,10162120.99997,4910201.0000196,9,Kaiser Foundation Hospital-Santa Clara,CA,2.7173967915089303,42342.170833208336
050072,86,7054108.9999979995,2366340.999997,997916.000002,4,Kaiser Foundation Hospital - Walnut Creek,CA,2.981019641719829,27515.593023220932
050073,198,20976665.00015,5731732.000002,4392018.999948001,7,Kaiser Foundation Hospital And Rehab Center,CA,3.6597428142388164,28948.141414151512
050075,800,71887013.000355,20291339.000074003,15973217.000001699,26,Kaiser Foundation Hospital - Oakland/Richmond,CA,3.5427436799559078,25364.173750092505
050076,94,6686661.00006,6755475.000003,1766666.0000021,6,Kaiser Foundation Hospital - San Francisco,CA,0.9898135956475349,71866.75531918085
050077,3319,456719698.99886197,65635276.9996845,57991872.0002412,99,Scripps Mercy Hospital,CA,6.958448564192962,19775.61825841654
050078,610,39174683.000011005,8282886.0000517,7320938.9999699,21,Providence Little Co Of Mary Med Ctr San Pedro,CA,4.729593404975812,13578.501639429016
050082,3344,338047372.99901,56860214.0002763,51306855.000029,83,St Johns Regional Medical Center,CA,5.945235679158143,17003.652512044348
050084,2883,558412100.9966689,82506076.9994968,76707138.999712,72,St Joseph's Medical Center Of Stockton,CA,6.768132982496242,28618.132847553523
050089,93,10056884.000076,1625419.999973,1531463.999987,5,Community Hospital Of San Bernardino,CA,6.187252525650635,17477.634408311827
050090,144,13542249.999715999,2323278.9999696,2151587.0000039,8,Sonoma Valley Hospital,CA,5.828938323762751,16133.881944233332
050091,208,18324105.999599,3011823.9999538,2824974.9999693,6,Community Hospital Of Huntington Park,CA,6.084056040419388,14479.923076700961
050093,5223,350109962.000646,93535044.000083,81585309.9998806,126,Saint Agnes Medical Center,CA,3.743088654561763,17908.29867893605
050099,2128,255471591.000406,30336079.9998816,27042256.0000492,72,San Antonio Regional Hospital,CA,8.421377811549913,14255.676691673683
050100,3919,484699792.999453,77260341.9999853,57464743.0000444,132,Sharp Memorial Hospital,CA,6.273591087644231,19714.300076546388
050101,648,60072064.000964,14257449.0000032,12515172.9999923,23,Sutter Solano Medical Center,CA,4.213380949211217,22002.23611111605
050102,432,49266995.000092,7049356.0000404,6385428.9999249,16,"Doctors Hospital Of Riverside, Llc",CA,6.988864656545882,16317.953703797222
050103,896,132790490.000754,17895042.0000882,16301820.9999683,28,Adventist Health White Memorial,CA,7.420518487752055,19972.14508938415
050104,1232,109101832.00104299,23190276.0000401,21645013.0000775,40,Saint Francis Medical Center,CA,4.704637064296016,18823.27597405852
050107,3727,349047211.99828,64860317.0001421,58602027.999972105,95,Marian Regional Medical Center,CA,5.381521832486809,17402.82184066061
050108,4379,570663226.999573,135001795.0001544,116551707.0001949,129,"Sutter Medical Center, Sacramento",CA,4.227078810314487,30829.366293709616
050110,391,14966582.000069,5521391.9999552,4972029.0000094,19,Lompoc Valley Medical Center,CA,2.710653762708831,14121.207161010741
050112,3260,410244187.000859,91706157.00015621,81487401.9999485,101,Santa Monica - Ucla Med Ctr & Orthopaedic Hospital,CA,4.473463946375599,28130.723006182885
050113,28,1753883.000004,633361.0000090001,600804.999997,2,San Mateo Medical Center,CA,2.7691679784184333,22620.035714607144
050115,2539,350665972.999005,41579797.999902196,37701290.9999183,79,Palomar Health Downtown Campus,CA,8.433566055319217,16376.446632493973
050116,2349,424196620.000253,48403163.999711,44858108.999854,61,Northridge Hospital Medical Center,CA,8.763820067687844,20605.85951456407
050118,419,83139643.00071,6229337.000012,5673129.999984,15,Doctors Hospital Of Manteca,CA,13.346467368927037,14867.152744658712
050121,1319,88223967.000067,20333462.9999777,18576097.000042602,40,Adventist Health Hanford,CA,4.338855953861069,15415.817285805686
050122,260,49237831.999861,5861682.9999440005,5231960.9999695,12,Dameron Hospital,CA,8.399947933098975,22544.934615169233
050124,1157,115475588.99969201,16106532.999948401,14459190.000115499,39,Usc Verdugo Hills Hospital,CA,7.169487623442111,13920.944684484357
050125,1773,573623457.99685,44429230.0001752,35640165.0001083,52,Regional Medical Center Of San Jose,CA,12.91094754499657,25058.787366145065
050126,1132,81301955.999979,21520117.0000967,20117606.999992,36,Valley Presbyterian Hospital,CA,3.7779513930901802,19010.704063689664
050127,372,38501843.999251,6996424.0000455,6547021.0000059,13,Woodland Memorial Hospital,CA,5.503074713453703,18807.591397971773
050128,980,72832728.999956,14798554.9999856,13450869.0000965,36,Tri-City Medical Center,CA,4.92161085998105,15100.566326515918
050129,1206,131528194.000362,18663477.0000593,16122518.999968,49,St Bernardine Medical Center,CA,7.047357467204214,15475.519900546682
050131,516,37570928.000065,10418811.999871299,8207699.000070499,13,Novato Community Hospital,CA,3.606066411461221,20191.496123781588
050132,1238,142436964.998856,19687816.9998982,17894820.9999184,36,San Gabriel Valley Medical Center,CA,7.23477696890379,15902.921647736834
050133,3134,367130744.001932,58158376.0004463,53296030.9999232,80,Adventist Health And Rideout,CA,6.312603089176952,18557.235481954784
050135,4793,323409570.998819,74970225.999459,69823846.9996904,75,Southern California Hospital At Hollywood,CA,4.313840150370532,15641.607761205716
050136,400,41524237.000244,6481909.000016,5859792.0000219,17,Petaluma Valley Hospital,CA,6.406174014498121,16204.77250004
050137,145,7175263.999964001,3522094.000029,1938370.9999796,5,Kaiser Foundation Hospital - Panorama City,CA,2.0372153610621755,24290.30344847586
050138,305,25007790.000022,11868161.000076,4600739.0000182,12,Kaiser Foundation Hospital - Los Angeles,CA,2.10713268886914,38912.00327893771
050139,236,17119827.999979,4735601.999932,3341385.9999748003,10,Kaiser Foundation Hospital - Downey,CA,3.61513235280854,20066.11016920339
050140,435,31620444.00005,9866080.99996,5724257.0000113,16,Kaiser Foundation Hospital Fontana,CA,3.2049649704049865,22680.64597691954
050145,4629,654873034.000168,112401723.9999579,102064917.9998672,127,Community Hospital Of The Monterey Peninsula,CA,5.826183182033874,24282.074746156384
050149,403,35629185.999679,8011931.0000122,7411534.9999668,17,California Hospital Medical Center La,CA,4.447016081344778,19880.72208439752
050150,1248,108148265.000337,18938601.0002296,17296407.0000021,38,Sierra Nevada Memorial Hospital,CA,5.710467473232361,15175.161057876283
050152,268,44362259.000072,7060948.0,6697615.0000330005,13,Saint Francis Memorial Hospital,CA,6.282762456269611,26346.82089552239
050158,413,27124357.000114,6079154.0000324,5547350.0000703,15,Encino Hospital Medical Center,CA,4.461863772487001,14719.501210732204
050159,889,93140536.999985,16194799.000122,14688903.9999958,30,Ventura County Medical Center,CA,5.7512623033656265,18216.871766166478
050167,407,54486724.0001,9123935.00007,8253167.000047401,16,San Joaquin General Hospital,CA,5.971844823497972,22417.530712702704
050168,2930,259734903.999817,55088417.0002653,47174075.9997112,78,Providence St. Jude Medical Center,CA,4.714873255453432,18801.50750862297
050169,2318,281822277.000389,35947201.0002136,31894219.0002101,72,Pih Health Hospital-Whittier,CA,7.839894878010512,15507.852027702158
050174,3214,469891095.000119,76746145.9999933,69749297.0000964,104,Providence Santa Rosa Memorial Hospital,CA,6.122666993599393,23878.70130678074
050179,1570,303094896.000698,24516076.999836802,21758069.9999859,48,Emanuel Medical Center,CA,12.363107523390289,15615.33566868586
050180,5259,1004504942.997917,119715672.9998211,102155502.0001302,147,John Muir Medical Center - Walnut Creek Campus,CA,8.39075551118038,22763.96139947159
050191,767,97765138.00029701,17841601.000115998,16402823.9998367,26,St Mary Medical Center,CA,5.479616879654544,23261.53976547066
050194,579,65655824.99937,10123301.9999885,9181506.0000444,21,Watsonville Community Hospital,CA,6.48561358729045,17484.113989617443
050195,2734,356339871.000771,52534985.9999415,48451047.0000001,74,Washington Hospital,CA,6.782905985759048,19215.43013896909
050197,1036,195995798.999204,26953637.0000001,24986406.0000642,38,Sequoia Hospital,CA,7.271590064049734,26017.02413127423
050204,858,145063577.001222,14592375.9999936,13132822.0000717,32,Palmdale Regional Medical Center,CA,9.941052574391287,17007.431235423777
050211,504,59953720.999743,10158421.9999156,9433809.9999949,19,Alameda Hospital,CA,5.901873440603385,20155.599206181745
050222,2351,301753142.999274,39721061.0000695,34044574.0000031,76,Sharp Chula Vista Medical Center,CA,7.596804702642411,16895.389621467246
050224,7873,625013492.999958,126753895.0003199,113987704.0002234,180,Hoag Memorial Hospital Presbyterian,CA,4.9309213969194445,16099.821542019548
050226,614,64669155.001117,10911559.0000406,10032125.999894401,21,Ahmc Anaheim Regional Medical Center,CA,5.926665016509224,17771.26872970782
050228,1623,268663221.999697,62388328.000024,56765473.999978,68,Zuckerberg San Francisco General Hosp & Trauma Ctr,CA,4.306305852588222,38440.12815774738
050230,751,51648029.000058,12811763.000104401,11995691.0000044,23,Garden Grove Hospital & Medical Center,CA,4.031297566122409,17059.604527435953
050231,2061,402216158.997589,41115918.0000415,37800617.0001462,61,Pomona Valley Hospital Medical Center,CA,9.78249248860704,19949.499272218098
050232,1460,165809065.000281,24360842.0000109,22124568.0000016,49,French Hospital Medical Center,CA,6.806376602262222,16685.508219185547
050234,328,25793491.999791,4241790.999961,3597512.9999757,15,Sharp Coronado Hospital And Hlthcr Ctr,CA,6.080802189459158,12932.289634027438
050235,3969,462962742.998085,73213841.0001625,64565078.9998644,99,Providence Saint Joseph Medical Ctr,CA,6.323431972337819,18446.420005079995
050236,1654,185564271.99870002,24678881.0000526,22149519.9999093,52,Adventist Health Simi Valley,CA,7.519152590358717,14920.726118532408
050238,2599,292444395.00029,35942955.9998545,31363129.9998872,75,Usc Arcadia Hospital,CA,8.13634791199349,13829.532897212197
050239,5063,690837191.999138,99988091.9998877,91877598.9996031,117,Glendale Adventist Medical Center,CA,6.909194666900073,19748.783725042013
050242,2902,490900788.002104,60140747.999771096,55613742.9997971,76,Dominican Hospital,CA,8.162532132190515,20723.89662293973
050243,1813,436660246.999436,36306341.9999227,30783477.000053,68,Desert Regional Medical Center,CA,12.027106641599028,20025.56094866117
050245,766,73505758.000582,15115069.000024,13438231.999954,35,Arrowhead Regional Medical Center,CA,4.863077899311295,19732.466057472586
050248,690,69537628.999792,13068763.000052001,11672971.9999727,31,Natividad Medical Center,CA,5.320903669269639,18940.23623195942
050254,1042,97831471.99927,15075427.0000346,13486180.999956401,36,Marshall Medical Center,CA,6.489466069454979,14467.780230359502
050257,285,9050927.999974,3441353.9999868,3109819.9999965997,9,Good Samaritan Hospital,CA,2.63004852160188,12074.926315743158
050261,841,41315425.000118,12398221.999951301,11251664.000032,27,Sierra View Medical Center,CA,3.3323669313455015,14742.237812070513
050262,4145,846533180.000389,245792774.000589,196285129.9996504,137,Ronald Reagan Ucla Medical Center,CA,3.4440930309788538,59298.61857674042
050272,778,104229376.00061099,13257990.000070801,12160625.9999099,28,Redlands Community Hospital,CA,7.861627290415393,17041.118252019023
050276,208,11081183.999995,5231669.9999939995,4973659.000014001,10,Contra Costa Regional Medical Center,CA,2.1180968983150144,25152.259615355768
050278,2045,240354425.999537,39711631.9999237,34796592.0001747,60,Providence Holy Cross Medical Center,CA,6.052494291848766,19418.890953507922
050279,118,13170426.999873,2176889.000055,2047376.99997,3,Hi-Desert Medical Center,CA,6.05011417648775,18448.211864872883
050280,4165,480571593.997258,80280402.00006801,73152529.0003417,117,Mercy Medical Center Redding,CA,5.986163273034569,19275.006482609366
050281,469,49271262.000628,6460994.999990201,5893591.0000528,16,Alhambra Hospital Medical Center,CA,7.625955754601688,13776.10874198337
050283,1592,264245390.999033,38470375.9999002,35337521.9999633,56,Stanford Health Care - Valleycare,CA,6.868801880171863,24164.80904516344
050289,428,61405236.999914,9997463.9999504,8606871.999942701,18,Ahmc Seton Medical Center,CA,6.1420813318476215,23358.56074754766
050290,3399,290793859.99949,65197250.9999307,58019178.9996214,87,Saint John's Health Center,CA,4.460216581827953,19181.303618691
050291,1795,174972875.99918202,41829603.0000273,36293559.9999092,58,Sutter Santa Rosa Regional Hospital,CA,4.182991552634813,23303.40000001521
050292,1486,144274734.999249,29802035.000039,27217992.9999034,51,Riverside University Health System-Medical Center,CA,4.841103468238334,20055.205249016824
050295,1414,135945384.00063,22791378.0000516,20711351.9998441,41,Mercy Hospital,CA,5.964772467918448,16118.371994378784
050298,83,10370202.000054,1577123.000001,1458682.000001,4,Barstow Community Hospital,CA,6.575392027157948,19001.481927722893
050300,1443,114247467.999789,23889841.0000763,21319882.0000321,51,St Mary Medical Center,CA,4.782261547886573,16555.676368729244
050301,595,49221685.000159,10372572.9998804,9280681.0000723,20,Adventist Health Ukiah Valley,CA,4.745368868527274,17432.89579811832
050305,1259,110931860.99991201,27072332.9999495,24355986.0000099,40,Alta Bates Summit Medical Center - Alta Bates Camp,CA,4.097609947399766,21503.044479705717
050308,4870,802412280.997207,106171755.9998022,97238845.000143,130,El Camino Hospital,CA,7.557681168979648,21801.18193014419
050309,6798,628190647.999617,125498295.0001528,107599768.9998006,161,Sutter Roseville Medical Center,CA,5.005571175280526,18461.061341593526
050313,555,47284752.000155,10391167.9999665,9416216.9999466,20,Sutter Tracy Community Hospital,CA,4.550475172791686,18722.825225164866
050315,351,22571282.000073,7645326.99993,6850130.000027,13,Kern Medical Center,CA,2.9522977892612916,21781.558404358973
050320,1525,186191201.000319,43803325.999918,40717037.000027,56,Highland Hospital,CA,4.2506178868852915,28723.49245896262
050324,5439,877599335.002681,110681370.9998265,97941103.000107,143,Scripps Memorial Hospital La Jolla,CA,7.929060934780584,20349.58098912052
050327,3162,596623595.000839,112726298.9999243,91557793.9999854,107,Loma Linda University Medical Center,CA,5.292674382942703,35650.315939255
050329,735,80061753.999412,11168707.000084,10131482.9999288,27,Corona Regional Medical Center,CA,7.1683995290421585,15195.519728005442
050334,3096,432978299.001348,65320296.000068,59164899.999836996,91,Salinas Valley Memorial Hospital,CA,6.628541594497632,21098.28682172739
050335,1291,143296446.000302,25098107.0001986,23141228.9999381,40,Adventist Health Sonora,CA,5.709452350297498,19440.82649124601
050336,1630,246127616.00069702,25732331.999931,23606714.99994,39,Adventist Health Lodi Memorial,CA,9.564916852516786,15786.706748423927
050342,411,18612616.99997,5621720.9999816,5105026.9999413,14,Pioneers Memorial Healthcare District,CA,3.3108396877096746,13678.153284626764
050348,3591,466007016.001916,118918600.9999559,99719276.99983141,126,University Of California Irvine Medical Center,CA,3.918705838139559,33115.73405735335
050350,448,21749004.999957,5999251.0000706,5492782.9999987,19,Adventist Health White Memorial Montebello,CA,3.6252867232427937,13391.185268014731
050351,4706,632088491.002272,75076956.0001651,66424939.0000704,123,Torrance Memorial Medical Center,CA,8.419207765973916,15953.454313677243
050352,128,15878354.000034,3216494.999989,3056584.0000006002,8,Barton Memorial Hospital,CA,4.936539307565627,25128.867187414064
050353,1999,199582829.001109,33855601.999922104,28850271.000060398,64,Providence Little Company Of Mary Med Ctr Torrance,CA,5.8951197796325765,16936.269134528316
050357,272,25117889.000023,4999464.999988,4597496.000008101,9,Goleta Valley Cottage Hospital,CA,5.024115380362357,18380.386029367648
050360,2584,413758091.997306,51179440.0002773,47305148.0001985,87,Marinhealth Medical Center,CA,8.08445914990598,19806.284829828677
050367,2439,554645137.002353,52904269.9999778,49158694.9999035,71,Northbay Medical Center,CA,10.483938952424554,21690.967609666994
050373,1297,110877440.000292,44608914.00005,41029276.999883,52,Los Angeles General Medical Center,CA,2.4855444810911047,34393.919814996145
050376,872,76610516.999946,31020651.999947,28330850.000055,37,Lac/Harbor-Ucla Med Center,CA,2.469661727293059,35574.142201774084
050378,157,4758683.999937,2310599.0000207,2084048.9999562001,3,Pacifica Hospital Of The Valley,CA,2.059502319482683,14717.191082934396
050380,3638,922664661.999371,71899141.9997624,59263973.9999632,104,Good Samaritan Hospital,CA,12.832763178209,19763.370533194724
050382,2781,204813802.999946,46450685.0000115,41157003.9998556,73,Emanate Health Inter-Community Hospital,CA,4.409274115115746,16702.871269331717
050390,899,61350166.999841,16909726.9999041,15021858.9999141,27,Hemet Global Medical Center,CA,3.628099199956861,18809.48498320812
050393,848,72029833.00108701,11936080.0000677,10707064.999965299,28,Pih Health Downey Hospital,CA,6.034630548779705,14075.566037815684
050394,2159,146065758.999891,42817831.9999775,38298702.999946296,79,Community Memorial Hospital - Ventura,CA,3.411330097235371,19832.251968493514
050396,4842,523607027.001587,102985363.9998989,91426757.0001106,141,Santa Barbara Cottage Hospital,CA,5.084285831160446,21269.178851693287
050407,103,7072954.999977,1790733.000004,1660909.0000172,5,Chinese Hospital,CA,3.9497540950891064,17385.757281592232
050411,196,10852588.000056999,3835360.000008,1924681.0000248,8,Kaiser Foundation Hospital - South Bay,CA,2.829613908481697,19568.16326534694
050414,1435,131832508.001001,21108206.000141,18841352.9998354,45,Mercy Hospital Of Folsom,CA,6.245557201787797,14709.551219610452
050417,472,30936399.999975,9775484.999933401,8913630.000057401,15,Sutter Coast Hospital,CA,3.164692084350369,20710.773304943647
050424,1620,261759116.001998,43013285.9999642,35816829.999952,55,Scripps Green Hospital,CA,6.085541011728699,26551.41111108901
050425,392,35276191.999959,12086644.000101,6938233.0000502,16,Kaiser Foundation Hospital - Sacramento,CA,2.9186093343747213,30833.275510461735
050426,1297,88712323.999681,24495340.9998056,22333315.0001428,32,West Anaheim Medical Center,CA,3.6215998789477983,18886.15343084472
050438,4318,605126985.001333,84826630.0000019,77848876.9998803,118,Huntington Hospital,CA,7.133691212315276,19644.888837425176
050441,11001,4737539095.00101,603800995.000308,510276908.0005099,270,Stanford Health Care,CA,7.84619292487021,54886.00990821816
050444,2161,249536611.00083598,35790918.0001281,32167051.0001378,55,Mercy Medical Center,CA,6.972065119982195,16562.20175850444
050454,7943,2340374013.995859,465493485.000046,395298159.0008986,218,Ucsf Medical Center,CA,5.027726680203973,58604.24084099786
050455,1823,206854907.001417,29198030.0002498,26251272.9999995,52,Adventist Health Bakersfield,CA,7.084550122033826,16016.472847092595
050457,733,112272136.000034,19109303.999988,17442746.9999151,25,St Mary's Medical Center,CA,5.8752603443905915,26069.991814444747
050464,2815,905622922.99594,60594880.0003146,53603881.0000037,91,Doctors Medical Center,CA,14.94553538172265,21525.712255884406
050468,694,65875950.999593996,12062595.9999965,11246974.9998433,23,Memorial Hospital Of Gardena,CA,5.461175272686999,17381.262247833572
050471,1763,181477393.000207,37071402.9998813,34908152.0000841,57,Pih Health Good Samaritan Hospital,CA,4.895347311262757,21027.4549063422
050481,2114,463007689.999537,36117144.0000098,30891055.9997163,68,West Hills Hospital & Medical Center,CA,12.819609712202366,17084.74172185894
050485,2098,386067283.000985,52255969.9999062,45352700.0000374,78,Memorialcare Long Beach Medical Center,CA,7.388003380315743,24907.516682510104
050488,1758,180410853.000268,36622680.999852,32227025.000132002,60,Eden Medical Center,CA,4.926205511851988,20832.01422062116
050492,3832,331370763.001016,56125140.999882296,49406469.0000888,107,Clovis Community Medical Center,CA,5.904141300985079,14646.435542766778
050496,3438,782053695.002794,96682174.0001102,79762157.9998665,110,John Muir Medical Center - Concord Campus,CA,8.08891300894726,28121.632926151888
050498,708,46484650.000218004,11105146.0000574,10027713.9999268,23,Sutter Auburn Faith Hospital,CA,4.1858657238705135,15685.234463357909
050503,3369,346094806.996443,50255311.0001194,42809015.999806404,93,Scripps Memorial Hospital - Encinitas,CA,6.886730976465764,14916.981596948472
050506,552,100177269.000306,9616588.0000317,8665495.0000265,23,Tenet Health Central Coast Sierra Vista Rmc,CA,10.417132251061995,17421.355072521197
050510,30,1816065.0,841479.9999899999,407337.0,1,Kaiser Foundation Hospital,CA,2.158179635905288,28049.333333
050512,71,6729718.000086,2001531.999995,1073643.000008,3,Kaiser Foundation Hospital - Fremont,CA,3.3622834908973784,28190.59154922535
050515,443,34225053.000025,9483913.0000229,5132763.999977499,18,Kaiser Foundation Hospital - Zion,CA,3.608748097957284,21408.38148989368
050516,3362,385596076.001902,62381909.0002578,56907344.9998578,105,Mercy San Juan Medical Center,CA,6.181216352329142,18554.999702634683
050517,262,16962592.999985002,4649845.0000254,4343909.9999887,10,Victor Valley Global Medical Center,CA,3.6479910620445075,17747.500000096945
050523,1044,97979447.999898,20657569.999979,17990778.9999676,30,Sutter Delta Medical Center,CA,4.74302872990374,19786.94444442433
050526,362,26506664.000081003,5672152.9999972,5277303.9999653,14,Huntington Beach Hospital,CA,4.673122181311768,15668.930939218786
050528,182,10499790.999972,6460754.000018,6149372.000008,8,Memorial Hospital Los Banos,CA,1.6251649575177678,35498.64835174725
050534,444,83226288.999635,8138071.9999279,7537474.000025299,17,John F Kennedy Memorial Hospital,CA,10.226782092905095,18328.990990828603
050537,566,39056041.999934,9131504.0001061,7862098.9999853,19,Sutter Davis Hospital,CA,4.277065639951557,16133.399293473674
050541,103,12144859.000051001,4704866.000016,2078471.0000025001,6,Kaiser Foundation Hospital - Redwood City,CA,2.581340042417722,45678.31067976699
050543,78,2348561.0000010002,1094348.0000196,843365.000017,2,College Hospital Costa Mesa,CA,2.146082416159153,14030.102564353845
050549,5209,1108504743.001842,94621412.9997756,79514388.0001948,143,Los Robles Hospital & Medical Center,CA,11.715157360886915,18164.98617772617
050551,1667,334644060.000863,25322944.0000584,22116565.0000754,59,Uci Health  Los Alamitos,CA,13.215053510369538,15190.728254384165
050557,4409,431816170.999056,81376539.0000732,71554464.999899,123,Memorial Medical Center,CA,5.306396368106385,18456.915173525333
050561,257,25544476.000072,7132739.99995,5857587.9999868,9,Kaiser Foundation Hospital - West La,CA,3.5812991922109965,27753.852139883267
050567,3824,397171601.00022,72977911.0000563,62115545.9998331,114,Providence Mission Hospital,CA,5.442353659587675,19084.181746876646
050570,1876,402004473.998149,33011969.0000188,30259479.0001209,57,Uci Health  Fountain Valley,CA,12.177537001743822,17596.9984008629
050573,7098,741402965.002833,134799100.9997477,119846382.0000258,174,Eisenhower Medical Center,CA,5.5000586762386545,18991.138489679866
050580,543,24905845.999915,7931450.9999796,7179103.0000591995,19,La Palma Intercommunity Hospital,CA,3.140137409911384,14606.723756868509
050581,1040,250499986.000914,20796465.9999452,19160139.9997853,37,Lakewood Regional Medical Center,CA,12.045315103132141,19996.60192302423
050586,350,22864780.000086002,6393252.0000306005,5837320.0000158,11,Chino Valley Medical Center,CA,3.576392734085339,18266.434285801715
050588,375,27480688.999901,6996139.9999226,6439921.999965999,12,San Dimas Community Hospital,CA,3.92797871400587,18656.373333126932
050589,279,49867562.000159994,3721134.0000162,3308039.9999984,10,Uci Health  Placentia Linda,CA,13.401173405726022,13337.39784952043
050590,1044,106841920.001523,19142413.9998346,17695242.0001476,27,Methodist Hospital Of Sacramento,CA,5.5814235342755705,18335.645593711302
050597,707,57095591.999905996,10891690.9999288,9192053.0000468,27,Emanate Health Foothill Presbyterian Hospital,CA,5.242123743712453,15405.503535967186
050599,6318,1419618827.002641,257654315.000969,211786694.9999867,191,University Of California Davis Medical Center,CA,5.509780913225932,40780.99319420212
050603,1635,174374392.999329,24477625.0000572,20645229.9999,55,Memorialcare Saddleback Medical Center,CA,7.1238281082793575,14971.02446486679
050604,209,19106493.999974,6232534.000042999,3621378.9999753,7,Kaiser Foundation Hospital-San Jose,CA,3.065606060045911,29820.736842311002
050608,177,6427868.999982,3102020.000008,2887549.000031,7,Adventist Health Delano,CA,2.0721558855086113,17525.53672320904
050609,211,12760138.000012001,4862157.999991,2652419.0000372,7,Kaiser Foundation Hospital - Orange County - Anahe,CA,2.6243774883571493,23043.40284355924
050624,1450,191339377.999495,21880414.9999492,18843345.0000855,47,Henry Mayo Newhall  Hospital,CA,8.744778286880722,15089.94137927531
050625,15385,6031323630.99436,553192338.0003303,476059155.0007233,272,Cedars-Sinai Medical Center,CA,10.902760607271388,35956.603054945095
050633,956,159209516.998936,12272621.9999486,10514917.000004299,33,Tenet Health Central Coast Twin Cities Comm Hosp,CA,12.972738588347527,12837.470711243306
050636,719,89131758.999769,9924151.0000488,9016890.999890199,23,Palomar Medical Center Poway,CA,8.981298148257792,13802.713491027538
050641,78,5886803.0000060005,1354719.9999850001,1272098.999985,3,East Los Angeles Doctors Hospital,CA,4.345402001942232,17368.20512801282
050663,2366,108588370.000195,34670087.9998629,32149354.9999291,45,Los Angeles Community Hospital,CA,3.132047717924004,14653.460693095056
050668,30,1925295.000005,602580.0000100001,573780.999999,2,Laguna Honda Hospital & Rehabilitation Center,CA,3.195086129597811,20086.000000333337
050674,408,44937116.999909,12578164.999998,8389274.0000658,14,Kaiser Foundation Hosp So Sacramento,CA,3.5726289963532953,30828.835784308823
050677,96,5677669.000018,1724192.000008,1124966.9999926002,4,Kaiser Foundation Hospital - Woodland Hills,CA,3.2929447532476988,17960.333333416667
050678,1865,251770691.00265798,32265065.0000013,27631634.0000327,63,Memorialcare Orange Coast Medical Center,CA,7.803198010065929,17300.30294906236
050684,100,5033877.999985,1364028.000011,1256871.9999952,5,Menifee Global Medical Center,CA,3.690450635869942,13640.28000011
050686,112,9633003.999986,3076141.0000210004,2000928.9999922998,5,"Kaiser Foundation Hospital, Riverside",CA,3.131522254643151,27465.544643044646
050689,685,142011023.00062,12039489.0000656,10706252.999979,29,San Ramon Regional Medical Center,CA,11.795436085355966,17575.89635046073
050690,64,4444057.000005,1500973.000004,718993.9999996,3,Kaiser Foundation Hospital-Santa Rosa,CA,2.9607841047061854,23452.7031250625
050696,2920,731648710.003103,169744575.999512,137553546.0000751,110,Keck Hospital Of Usc,CA,4.310292129777428,58131.70410942192
050697,51,3892610.999982,837794.999991,753615.000006,1,Patients' Hospital Of Redding,CA,4.646257139304741,16427.352941
050701,1194,118201467.00018801,17482878.0000012,14927026.9999368,44,Southwest Healthcare Rancho Springs Hospital,CA,6.760984490092529,14642.276381910553
050704,943,87968695.000812,16837431.000079,15736629.99996,23,Mission Community Hospital,CA,5.224591269321268,17855.176034018026
050708,463,31610743.00007,13904985.000006,13065027.999977,9,Fresno Surgical Hospital,CA,2.2733388781114368,30032.365010812093
050709,1146,80530096.999958,18209856.999946002,16675814.9998972,35,Desert Valley Hospital,CA,4.422335496659683,15889.92757412391
050710,95,6499670.999989999,2361140.000001,860593.9999795001,4,Kaiser Foundation Hospital - Fresno,CA,2.75276815436071,24854.105263168418
050714,17,1714288.99997,410495.999993,315042.999992,1,Sutter Maternity & Surgery Center Of Santa Cruz,CA,4.17614057140443,24146.823529
050717,13,962313.999998,578017.000002,562557.0000049999,1,Lac/Rancho Los Amigos National Rehabilitation  Ctr,CA,1.6648541478791632,44462.846154
050723,180,9931018.000005001,3676106.999999,2377490.0000054,6,Kaiser Foundation Hospital - Baldwin Park,CA,2.7015040639480032,20422.816666661114
050724,379,27710581.999834,5458717.9999901,4947297.9999776995,15,Bakersfield Heart Hospital,CA,5.076390097433913,14402.949868047757
050726,51,5718661.00016,1008607.000008,931803.9999960001,2,Stanislaus Surgical Hospital,CA,5.669860510699055,19776.607843294118
050735,440,39596124.999681,6205789.9999768,5579946.9999854,16,Whittier Hospital Medical Center,CA,6.380513198130944,14104.068181765455
050736,183,28222232.000161,2731341.0000101,2531144.9999857,10,Monterey Park Hospital,CA,10.332738387501465,14925.360655792898
050737,911,143899952.000765,13337138.0000272,12183330.0000417,35,Garfield Medical Center,CA,10.789417639711873,14640.107574124258
050738,259,24337936.999995,4653764.000072001,4343661.999953,7,Greater El Monte Community Hospital,CA,5.2297316751813065,17968.200772478765
050739,2247,165307188.000202,39487298.9999855,37066619.9999258,61,Centinela Hospital Medical Center,CA,4.186338194472675,17573.34178904562
050740,1056,136929078.998846,18921405.9998647,17222824.9999845,34,Cedar-Sinai Marina Del Rey Hospital,CA,7.236728549655618,17917.998105932482
050744,37,2716908.0000020005,783021.00001,733908.999986,1,Anaheim Global Medical Center,CA,3.469776672614531,21162.72973
050745,166,10683023.000004001,2283444.999976,2071221.0000053,6,Chapman Global Medical Center,CA,4.678467403469882,13755.692770939759
050746,676,61251928.000013,12187521.9999738,11265507.9999734,29,Orange County Global Medical Center,CA,5.025790148329142,18028.878698186094
050747,65,4861045.0000020005,1073040.000016,973528.9999983,3,South Coast Global Medical Center,CA,4.5301619696651745,16508.307692553844
050748,152,11810486.000007,3491730.999975,1555967.0000095002,6,Kaiser Foundation Hospital Manteca,CA,3.382415770313223,22971.914473519737
050755,1230,69895587.999716,20371773.000102,18771830.9999949,38,Sherman Oaks Hospital,CA,3.431001710031132,16562.41707325366
050757,415,25408419.000091,6973079.9999696,6422912.0000566,15,Alvarado Hospital Medical Center,CA,3.6437871070175265,16802.6024095653
050758,314,19543486.999968,5952914.000032499,5535581.999939401,11,Montclair Hospital Medical Center,CA,3.2830118157025794,18958.324840867834
050760,265,23775462.999977,8400004.000012,4696681.9999696,9,Kaiser Foundation Hospital - Antioch,CA,2.83041091408326,31698.128301932073
050761,2614,234215476.999657,40372139.9999964,35820635.0000408,75,Providence Cedars Sinai Tarzana Medical Center,CA,5.801413474729799,15444.58301453573
050763,2756,100888361.99991,33047220.0001641,29752101.000122797,19,L A Downtown Medical Center,CA,3.052854733300079,11991.008708332402
050764,2067,192600729.000441,36946420.9999244,33852561.0001945,63,Shasta Regional Medical Center,CA,5.212973917036108,17874.41751326773
050765,58,2756377.999996,1758701.000003,649242.0000060999,3,Kaiser Foundation Hospital-Moreno Valley,CA,1.5672806235916725,30322.431034534482
050766,40,2569703.0,673522.0,602677.0,1,Sutter Surgical Hospital - North Valley,CA,3.8153215485166037,16838.05
050767,64,7334542.999853,1545436.0000180001,1180666.9999972999,3,Kaiser Foundation Hospital - Vacaville,CA,4.745937715808078,24147.437500281252
050769,828,115288512.000626,23268481.99977,20636918.999971,12,Hoag Orthopedic Institute,CA,4.95470705831887,28102.031400688407
050770,1491,134923816.00007,26183779.000153102,24131432.0000781,51,Loma Linda University Medical Center-Murrieta,CA,5.1529542775044455,17561.21998668887
050771,349,35643839.000289,6706547.0000543995,6353123.0000503,11,Coast Plaza Hospital,CA,5.314782555016744,19216.467048866474
050772,300,24285792.99995,8368155.000037,4797207.9999942,11,Kaiser Foundation Hospital - Roseville,CA,2.90216816010729,27893.850000123333
050775,1353,148271526.000066,25571132.0001387,21476692.0000452,54,Temecula Valley Hospital,CA,5.798395080798995,18899.58019226807
050776,457,20941946.999942,6407989.9999366,5800510.9999358,19,College Medical Center,CA,3.268099201176843,14021.859956097593
050777,145,11510101.99992,4721851.999972001,2413452.9999889997,5,Kaiser Foundation Hospital - San Leandro,CA,2.437624474462192,32564.49655153104
050779,562,131144119.99960001,11917957.000007,11302601.000025,18,"Martin Luther King, Jr. Community Hospital",CA,11.003909478740608,21206.329181507117
050780,707,53039149.999838,10112250.000142701,9356589.999922201,20,Foothill Regional Medical Center,CA,5.245039432281592,14303.041018589392
050782,16,899893.0,255200.0,244000.0,1,Casa Colina Hospital,CA,3.5262264890282133,15950.0
050783,123,4151594.0000119996,2429743.0000139996,2280774.0000116,6,Colusa Medical Center,CA,1.7086556067814904,19754.008130195118
050784,178,9849034.00004,2591136.0000422997,2355515.0000149,7,Adventist Health Tulare,CA,3.801048651973195,14556.943820462358
050785,128,20783398.999964,3560890.000009,3358785.000002,6,Docs Surgical Hospital,CA,5.836574283370582,27819.45312507031
050854,72,2166053.999976,774892.000008,690935.9999976,1,"Anaheim Community Hospital, Llc",CA,2.7952979253284815,10762.388889
060001,629,34805113.000075,10650541.0000418,9476728.0000032,26,Banner North Colorado Medical Center,CO,3.2679197235087307,16932.497615328775
060003,175,12551446.000031,2125319.9999955,1920690.9999901,7,Longmont United Hospital,CO,5.905673498606128,12144.685714259998
060004,114,6932047.0000289995,1527070.0000116,1328784.0000013001,3,Intermountain Health Platte Valley Hospital,CO,4.539442854601519,13395.350877294737
060006,201,6640958.000050999,2248960.0000352003,1988292.000006,8,Montrose Regional Health,CO,2.9529017856907442,11188.855721568161
060008,109,4127763.9999940004,1331955.9999883,1200756.9999944,5,San Luis Valley Health,CO,3.0990242921164506,12219.779816406422
060009,1128,96574658.999871,14393619.0000871,12152877.0001293,43,Lutheran Medical Center,CO,6.709546709502773,12760.300531992109
060010,1848,112805630.999699,23769165.9999917,20090636.0000672,66,Poudre Valley Hospital,CO,4.74588090300427,12862.102813848323
060011,313,19641394.999941,7457780.000026,6545461.999968,14,Denver Health Medical Center,CO,2.6336785209368636,23826.773163022364
060012,119,9447185.999996,2045235.0000039998,1622703.9999850001,5,St Mary-Corwin Hospital,CO,4.61912005220795,17186.84873952941
060013,696,56786553.000069,14581364.999896,12649066.9999422,30,Mercy Hospital,CO,3.8944607038143566,20950.23706881609
060014,616,278105695.000824,24268150.9998692,18921723.9999264,29,Presbyterian/St Luke's Medical Center,CO,11.45969855727051,39396.349025761694
060015,2082,246970082.999989,39072272.000247,32553434.000156898,78,St Anthony Hospital,CO,6.320852879976566,18766.701248917867
060020,2140,203037428.999951,30780648.999844402,26854549.9998177,72,"Parkview Medical Center, Inc",CO,6.596268616720114,14383.480841048786
060022,5144,531891896.998335,80420163.999744,70080694.0001403,154,University Colo Health Memorial Hospital Central,CO,6.613912115374798,15633.779937741834
060023,1730,147941473.999877,35108496.0000681,30918174.0001233,68,St Marys Medical Center,CO,4.213836844494565,20293.928323738786
060024,5573,1061216711.001015,164042549.99976,135256043.99991632,186,University Of Colorado Hospital Authority,CO,6.469155173475221,29435.232370314014
060027,1519,174025918.000772,23481393.0000367,20986669.0000165,63,Foothills Hospital,CO,7.411226327181696,15458.454904566624
060028,756,125567161.00061698,21277843.0000466,18222268.9999855,21,Saint Joseph Hospital,CO,5.9013106262858495,28145.294973606615
060030,153,4962534.000004,1807424.0000116,1523388.0000117999,7,Banner Mckee Medical Center,CO,2.745639097396156,11813.228758245752
060031,4192,430054516.000721,68834546.0001358,56964782.9998994,126,Penrose Hospital,CO,6.247655297964377,16420.454675604913
060032,713,129758422.99931,10739944.9999505,8716122.9999772,25,Rose Medical Center,CO,12.081851722695792,15063.036465568724
060034,2326,635548486.99932,46552213.00005,38626516.0,79,Swedish Medical Center,CO,13.652379683832375,20013.849097184007
060044,67,3493451.0000170004,1111842.999995,1030330.999996,4,St Elizabeth Hospital,CO,3.1420362407576525,16594.671641716417
060049,30,2491296.999996,853907.000006,810706.000006,2,Uchealth Yampa Valley Medical Center,CO,2.9175273185235566,28463.566666866667
060054,209,18303241.999989,3827868.000004,3426359.9999838,10,Community Hospital,CO,4.781576062698576,18315.15789475598
060064,704,94255838.999911,16165854.000015501,12272245.000059899,26,Adventhealth Porter,CO,5.830551172849923,22962.860795476565
060065,366,59910571.000495,5407062.0000173,4369193.9999604,15,North Suburban Medical Center,CO,11.080059929089645,14773.39344267022
060071,133,5407337.0,1340596.999991,1167886.0000012,8,Delta County Memorial Hospital,CO,4.033529091916737,10079.676691661654
060075,398,28080517.999977,7488283.999998501,6923017.9999759,18,Valley View Hospital Association,CO,3.7499269525545,18814.78391959422
060076,70,1353677.9999930002,1433475.9999839999,1339075.9999850001,2,Sterling Regional Medcenter,CO,0.944332517606231,20478.228571199998
060096,120,13048704.999958001,6344668.000029,6154264.999946999,7,Vail Health Hospital,CO,2.0566411039787043,52872.233333575
060100,1788,327270616.997998,30614355.9999056,24976161.9999744,61,"Medical Center Of Aurora, The",CO,10.690102937295402,17122.123042452797
060103,192,32781309.000407,6291030.000023,5303512.000013,6,Adventhealth Avista,CO,5.210801569899865,32765.78125011979
060104,736,51535336.000052,10095989.9999349,7927769.0000843,27,St Anthony North Hospital,CO,5.104535166970678,13717.377717302854
060107,12,692904.0,177474.0,100112.0000004,1,National Jewish Health,CO,3.904256398120288,14789.5
060112,1717,387187431.001939,35216865.0000512,27458678.0000068,59,Sky Ridge Medical Center,CO,10.994375308573778,20510.695981392662
060113,1316,122954465.000588,18356799.0001409,15130646.9999269,46,Adventhealth Littleton,CO,6.6980340635447515,13948.935410441414
060114,1055,100014273.000049,16528375.9999544,12535016.0000511,38,Adventhealth Parker,CO,6.051064726523944,15666.707108961516
060116,391,30870390.999982,4870402.9999861,3871288.999975,16,Intermountain Health Good Samaritan Hospital,CO,6.338364812946711,12456.273657253452
060117,26,2753584.9999450003,603137.999997,561537.999997,2,"Animas Surgical Hospital, Llc",CO,4.5654311284626345,23197.6153845
060118,11,509780.000004,173205.000001,144654.99999500002,1,St Anthony Summit Hospital,CO,2.9432175745564892,15745.909091000001
060119,2471,240606018.999808,49873924.9999408,43575069.0001085,89,Medical Center Of The Rockies,CO,4.824284814160779,20183.700930773288
060124,227,45688261.999910004,8696558.999932,6829780.999981999,6,Orthocolorado Hosp At St Anthony Med Campus,CO,5.253602258119246,38310.83259881938
060125,352,25833332.999994002,4438744.999975599,3589542.0000298,15,Adventhealth Castle Rock,CO,5.819963300468041,12610.071022657952
060128,579,40556990.000086,6642515.9999813,5626327.999983599,30,Longs Peak Hospital,CO,6.105666888901762,11472.393782351122
060130,17,1655276.999998,253107.00000300002,225907.00000300002,1,Uchealth Grandview Hospital,CO,6.539830980488016,14888.647059
060131,527,29686347.000018,6567192.0000169,5870196.9999367,21,Uchealth Greeley Hospital,CO,4.5204018703795485,12461.464895667741
060132,779,54541564.000122,7828510.999991,6660613.0000089,33,Uchealth Highlands Ranch Hospital,CO,6.967041880657089,10049.436456984595
070002,2762,182841734.000271,52433195.9999582,44015134.9999334,88,Saint Francis Hospital & Medical Center,CT,3.487136927537599,18983.77842141861
070003,370,11287620.999921,4591926.999994501,4074780.9999518,13,Day Kimball Hospital,CT,2.4581446961013356,12410.61351349865
070004,235,6736283.0,4299704.0000171,3984014.9999931,8,Sharon Hospital,CT,1.5666852880973223,18296.61276603021
070005,1583,107084421.000229,24559966.0001936,21399644.0000657,50,Waterbury Hospital,CT,4.360120897536458,15514.823752491218
070006,2514,192441689.00009102,43366249.0001855,38481325.99988,90,Stamford Hospital,CT,4.437591293617944,17249.900159182776
070007,2016,80096843.999999,27429409.000007402,23222107.9999494,59,Lawrence & Memorial Hospital,CT,2.920108267734729,13605.857638892561
070008,114,2454967.0000010002,1310670.0000243,1130260.0000054,5,Johnson Memorial Hospital,CT,1.873062632054968,11497.105263371053
070010,3743,204633042.000109,67058344.9997303,57272939.9999231,105,Bridgeport Hospital,CT,3.0515671390478247,17915.667913366364
070011,1118,42453773.000001,12815813.999959901,11299598.0001207,34,Charlotte Hungerford Hospital,CT,3.3126083914867857,11463.161001753042
070012,17,564099.999997,234076.999998,214876.99999299998,1,Rockville General Hospital,CT,2.409890762449193,13769.235294
070016,962,41837697.00008,14373624.0000284,12267391.000111701,33,Saint Mary's Hospital,CT,2.9107271068171348,14941.397089426611
070017,1582,84674066.000199,24853506.9999837,19589776.0001438,47,Midstate Medical Center,CT,3.4069262740366795,15710.181415918902
070018,2192,118656159.000082,32070447.0000705,27417733.9998765,66,Greenwich Hospital Association -,CT,3.699859842920841,14630.678375944572
070020,2136,98446629.999872,27096849.0001527,23540662.999835998,56,Middlesex Hospital,CT,3.6331394103911205,12685.790730408567
070021,366,11867951.000068,5678631.999969,5063557.999990799,16,Windham Comm Mem Hosp & Hatch Hosp,CT,2.0899313426425215,15515.387978057377
070022,10315,980942207.998873,297638341.9998473,238280687.9998622,239,Yale-New Haven Hospital,CT,3.2957521581657523,28854.904701875646
070024,1919,100286539.000226,27826494.9999642,22024429.0000777,58,William W Backus Hospital,CT,3.6039946461225183,14500.518499199687
070025,7668,675087028.999666,189173243.0000092,146107167.9997412,196,Hartford Hospital,CT,3.5686179413842005,24670.480307773763
070027,728,34331990.000020996,10473225.9999607,9194028.0000654,25,Manchester Memorial Hospital,CT,3.278072105018055,14386.299450495468
070028,1705,142614863.999884,38267119.9999797,32256530.0000954,60,St Vincent's Medical Center,CT,3.7268251177501646,22444.058651014486
070029,475,18949744.000022,5554544.0000119,4824268.0000136,16,Bristol Hospital,CT,3.411575099590786,11693.776842130317
070031,747,40718856.00007,9719626.9999592,8328935.9999377,30,Griffin Hospital,CT,4.189343479975201,13011.54886206051
070033,5117,271501745.00000703,92036194.00044121,80406346.9999749,119,Danbury Hospital,CT,2.949945376910148,17986.358022364904
070034,2218,122487043.999998,35726466.0001494,30874982.0000729,60,Norwalk Hospital,CT,3.428467959844833,16107.513976622813
070035,1950,114885727.000222,32735332.999967597,26645352.0000366,60,"Hospital Of Central Connecticut, The",CT,3.509532864698084,16787.350256393638
070036,1384,81500958.000033,31388776.999886103,26721327.0000722,44,John Dempsey Hospital,CT,2.596499952843933,22679.752167547762
080001,16792,1013237138.000246,322298877.0005548,258261837.9995322,292,Christianacare,DE,3.1437811618515252,19193.59677230555
080003,295,11791356.000020001,4025275.999963,3203884.0000048997,13,St Francis Hospital,DE,2.9293285727806953,13645.003389705085
080004,3299,169842352.999926,48590348.999979,40911836.9999661,87,"Bayhealth Medical Center, Kent Campus",DE,3.495392737352008,14728.811458011214
080006,981,22727939.999871,15745180.0001009,14103628.0000308,33,"Tidalhealth Nanticoke, Inc.",DE,1.4434855619132556,16050.132517941793
080007,4162,211609949.999955,50410948.9999014,41571649.999852896,110,Beebe Medical Center,DE,4.197698202435524,12112.193416602931
080009,1347,56909169.000056,16442489.9999166,13639603.0000121,45,"Bayhealth Hospital, Sussex Campus",DE,3.4611040663758748,12206.748329559465
090001,2242,464128246.999853,65215444.9998827,52044760.0000409,83,George Washington Univ Hospital,DC,7.116845511070082,29088.06645846686
090003,737,47018488.999908,18821557.000067998,12977122.9999936,30,Howard University Hospital,DC,2.4981189919483353,25538.06919954952
090004,3434,487119001.00118,132469408.0000333,89237544.9999544,126,Medstar Georgetown University Hospital,DC,3.6772188262595504,38575.8322655892
090005,2351,121324237.9998,30785257.999694802,26214114.0001649,70,Sibley Memorial Hospital,DC,3.9409849350946735,13094.537643426118
090008,394,21085402.999966,6684112.0000088,5936429.0000056,13,United Medical Center,DC,3.154555608873436,16964.75126905787
090011,7088,958091576.002034,251570998.0000368,197605384.999729,181,Medstar Washington Hospital Center,DC,3.8084341343746377,35492.52229120158
100001,2601,214646121.999794,49743450.0002146,41872007.0001315,81,Uf Health Jacksonville,FL,4.315063028375957,19124.74048451157
100002,3733,336692427.001052,49461385.9999369,42350866.9999141,101,Bethesda Hospital East,FL,6.807177360567323,13249.768550746558
100006,12218,1760437189.002049,210733552.00071,174868436.9996874,252,Orlando Health Orlando Regional Medical Center,FL,8.353853348403284,17247.79440176052
100007,31055,3814882187.996034,529833533.9994354,399628403.9991828,382,Adventhealth Orlando,FL,7.200152393525358,17061.134567684283
100008,3962,478022916.999913,68980606.9999799,58381245.0000805,118,Baptist Hospital Of Miami,FL,6.9298160423559665,17410.55199393738
100012,6856,595553923.001216,104507650.9997487,87884318.9998889,155,Lee Memorial Hospital,FL,5.698663373484953,15243.239644070698
100014,1237,54002734.000236996,12092664.0000018,9944235.0000835,38,Adventhealth New Smyrna Beach,FL,4.465743363102535,9775.799514956992
100017,3028,193456759.000328,43589259.0001583,36316168.999814,99,Halifax Health Medical Center,FL,4.438174987090866,14395.395970990192
100018,10293,686260733.0002561,137265107.0000338,116566976.9997561,222,Naples Community Hospital,FL,4.9995279062441345,13335.772563881646
100019,6278,602539916.99938,92744975.9998399,83508482.0000234,166,Holmes Regional Medical Center,FL,6.496739154910344,14773.013061459047
100022,4360,448581656.999633,150483988.999976,119601781.999816,118,Jackson Memorial Hospital,FL,2.9809261435760086,34514.67637614129
100023,2859,434889641.997485,40894676.999997996,34123608.0000753,79,Hca Florida Citrus Hospital,FL,10.634382611641762,14303.839454353969
100025,4334,257501029.00011,62879549.0001862,53591219.9997464,128,Ascension Sacred Heart Pensacola,FL,4.095147517666634,14508.433087260313
100026,1795,123253902.000113,23238422.0000674,20350653.0000775,66,Ascension Sacred Heart Bay,FL,5.303884317091561,12946.196100316101
100028,682,33135267.000091,7649098.9999222,6664853.0000248,26,Parrish Medical Center,FL,4.331917654671226,11215.687683170381
100029,1383,167265474.999408,19245657.000106998,17400096.000014,45,Steward North Shore Medical Center,FL,8.691076381465079,13915.87635582574
100030,2133,181297155.000116,23283731.9998968,19587515.9999881,67,Orlando Health-Health Central Hospital,FL,7.786430242407857,10915.954992919267
100032,1463,154055038.999656,19750858.000062,16908408.999960702,58,Orlando Health Bayfront Hospital,FL,7.7999162871391405,13500.244702708134
100034,3304,261411762.999251,55493190.0001796,45386506.9999617,108,"Mount Sinai Medical Center Of Florida, Inc",FL,4.710699871432962,16795.759685284385
100035,3046,477976924.000336,46920549.9999205,41004048.0000151,95,Manatee Memorial Hospital,FL,10.186942054198978,15403.988837793993
100038,2943,443625783.000359,61019364.9999198,50716198.0000172,99,Memorial Regional Hospital,FL,7.270245814602332,20733.729187876248
100039,1593,142481325.999827,31449396.0001916,26624119.0000507,62,Broward Health Medical Center,FL,4.5304948304558526,19742.244821212553
100040,2974,300204337.998939,46641882.9999127,40672085.999829896,87,Ascension St Vincent's Riverside,FL,6.436368317280434,15683.215534604136
100043,788,42952750.000175,8371383.9999519,7161078.0000021,29,Mease Dunedin Hospital,FL,5.130901891541685,10623.583756284137
100044,9479,535788366.999497,102999744.99992931,89210751.0002082,194,Cleveland Clinic Martin North Hospital,FL,5.201841684169846,10866.098217104052
100045,1465,74279179.999805,15530315.0001017,12884986.0000635,49,Adventhealth Deland,FL,4.782850830734508,10600.897610990922
100046,1619,121062476.99978,17419204.000118,14624609.9999849,58,Adventhealth Zephyrhills,FL,6.949943120188495,10759.23656585423
100047,698,52583111.999963,8043804.9999886,7039627.0000119,29,Shorepoint Health Punta Gorda,FL,6.5370943229028455,11524.075931215759
100048,51,1486950.999997,379934.9999995,314778.9999998,4,Jay Hospital,FL,3.9136983957754796,7449.705882343137
100049,627,68904324.999361,8011477.0000203,7246010.0000029,22,Hca Florida Highlands Hospital,FL,8.600701843016761,12777.475279139235
100050,417,33094850.000415,9672533.999996,6338679.0000236,15,Larkin Community Hospital Palm Springs Campus,FL,3.421528422689306,23195.525179846525
100051,3481,284939371.997687,33901413.0000928,28237579.0001131,89,Orlando Health South Lake Hospital,FL,8.404940879511631,9738.98678543315
100052,2551,164724273.999772,31718029.000156,27414945.9999559,76,Winter Haven Hospital,FL,5.193395655163877,12433.566836595845
100053,411,50301338.999642,5526195.9999936,5039968.0000561,15,Steward Hialeah Hospital,FL,9.10234436123877,13445.73236008175
100054,540,63663129.999935,4529781.0000034,3859752.9999749,25,Hca Florida Twin Cities Hospital,FL,14.054350530387056,8388.483333339631
100055,852,49371202.000157,8709379.000062,7333879.0000706,32,Adventhealth North Pinellas,FL,5.668739642608909,10222.275821669014
100057,4643,272104199.000556,52125399.0000167,42926146.000101,114,Adventhealth Waterman,FL,5.220184482433772,11226.663579585762
100062,3196,276912009.000534,36083532.000012696,30869328.999998398,89,Adventhealth Ocala,FL,7.674193562881721,11290.216520654785
100063,1266,64447335.000101,13684598.9999354,11857456.000031801,39,Morton Plant North Bay Hospital,FL,4.709479247466823,10809.319905162243
100067,3539,216700031.00029,42479504.0000808,36856322.0001886,97,St Anthonys Hospital,FL,5.101284398233036,12003.250635795648
100068,4849,358877990.000564,65323078.0003394,55614175.0004085,134,Adventhealth Daytona Beach,FL,5.493892832158022,13471.45349563609
100069,654,94170515.000146,12347432.9999687,10594198.9999504,30,Adventhealth Carrollwood,FL,7.626728162880877,18879.866972429205
100071,1124,76829398.0000138,10599414.0000022,9124760.0000141,41,Tampa General Hospital Brooksville,FL,7.248457131686512,9430.083629895196
100072,1813,98949724.999905,19126844.0001552,16006333.0000115,56,Adventhealth Fish Memorial,FL,5.173343025075235,10549.831219059679
100073,3373,201457973.999656,47910207.0000835,39237267.9999477,98,Holy Cross Hospital,FL,4.204907192308831,14204.034094302846
100075,8256,562434621.000194,112334941.0003512,96326346.0000478,169,St Josephs Hospital,FL,5.0067647340326245,13606.460876980524
100077,1950,232323115.999791,24041082.0000257,21397650.9999388,66,Shorepoint Health Port Charlotte,FL,9.663588186236487,12328.76000001318
100080,5276,783106282.000066,77468530.0000827,66101487.0000453,124,Hca Florida Jfk Hospital,FL,10.108701972261898,14683.193707369732
100084,3628,216381786.000222,43337688.9998677,38574475.999901,100,Uf Health Leesburg Hospital,FL,4.992923965116889,11945.338754098044
100086,1614,100748110.999679,21007038.0000238,18335114.999935,56,Broward Health North,FL,4.795921776290634,13015.513011167162
100087,16826,1447697895.999957,232227909.999777,201548435.9999606,286,Sarasota Memorial Hospital,FL,6.23395308514531,13801.730060607215
100088,12245,1087764177.001832,173594992.0001477,142024548.9998577,248,Baptist Medical Center Jacksonville,FL,6.266103442666748,14176.806206627007
100090,3041,197569349.999987,42243993.0000332,37639664.0001151,92,Flagler Hospital,FL,4.676862577830456,13891.480762917856
100092,1127,94257363.00037101,12683985.0000312,11215067.999978501,44,Rockledge Regional Medical Center,FL,7.431210538339423,11254.645075449156
100093,3190,247764511.000062,48334274.0002168,42854665.9997348,94,Baptist Hospital,FL,5.12606253274748,15151.810031415924
100099,337,35388791.000051,4205110.9999577,3444650.0000066,14,Adventhealth Lake Wales,FL,8.415661560516947,12478.074183850742
100105,4452,183181094.999913,51100218.9999585,45059050.9999305,119,Cleveland Clinic Indian River Hospital,FL,3.5847418775262345,11478.036612748989
100107,158,7174630.000010001,1729442.0000201,1480720.9999811999,7,Lehigh Regional Medical Center,FL,4.148523049588604,10945.83544316519
100109,2658,195885886.000376,30650470.9999212,26456352.0000422,60,Adventhealth Sebring,FL,6.3909584293461466,11531.403686953046
100110,1651,291505714.000286,27081525.000072498,22357097.9999813,66,Hca Florida Osceola Hospital,FL,10.764006605961283,16403.10417932919
100113,7915,786652607.00017,186692879.0004093,152082770.0006175,208,Uf Health Shands Hospital,FL,4.213618704752233,23587.224131447794
100117,1757,113870502.99998601,15176482.999998901,12309900.9999509,59,Baptist Medical Center - Beaches,FL,7.503089022667126,8637.725099600968
100118,2299,128518249.999484,31841144.9999833,27019632.0001164,66,Adventhealth Palm Coast,FL,4.036232051314467,13849.997825134102
100121,217,11005530.999989,2504559.9999775,2184105.9999692,10,Bartow Regional Medical Center,FL,4.394197384006719,11541.751151970047
100122,1138,115118158.000239,11426031.0000625,9797947.9999697,39,North Okaloosa Medical Center,FL,10.0750783889532,10040.449033446836
100124,550,35226478.999993,5152894.0000319,4305685.9999703,20,Santa Rosa Medical Center,FL,6.836251434587035,9368.89818187618
100125,367,29239636.000061,6416442.999984,5957787.000012,16,Homestead Hospital,FL,4.556985233116528,17483.49591276294
100126,585,85707257.000724,5716239.0000203,4814037.999967,28,Hca Florida Pasadena Hospital,FL,14.993644772449093,9771.34871798342
100127,5820,403680379.000314,76694339.0000307,66308754.0002676,152,Morton Plant Hospital,FL,5.2634964231213,13177.721477668505
100128,7204,1188494413.998144,169883012.9996867,137302545.9997573,199,Tampa General Hospital,FL,6.995957941953478,23581.761937768835
100130,12,576780.999996,260640.99999599997,232953.0,1,Lakeside Medical Center,FL,2.212932731246626,21720.083333
100131,2287,304795993.999662,32950968.0001264,28084019.0000347,77,Hca Florida Aventura Hospital,FL,9.249986039818095,14407.94403153756
100132,584,31871282.000042,6854678.0000369,5844672.0000045,24,South Florida Baptist Hospital,FL,4.649566617114681,11737.462328830308
100134,29,442131.99998599995,492525.00001,462125.000012,1,Ed Fraser Memorial Hospital,FL,0.8976843814568257,16983.62069
100135,3509,290859719.999841,53036202.0001477,44249019.9998942,112,Tallahassee Memorial Hospital,FL,5.484173244513832,15114.335138258108
100137,920,96090651.000735,10746229.9998798,8767945.9999117,36,Adventhealth Heart Of Florida,FL,8.941801078313958,11680.684782478043
100140,722,36135472.999924004,6835159.9999705,5615385.0000497,31,Baptist Medical Center - Nassau,FL,5.286704773564915,9466.980609377424
100142,455,7589188.9999796,4187348.9999902,3586724.9999964,20,Jackson Hospital,FL,1.8124089967178187,9202.964835143297
100150,425,28123301.000067998,6196616.9999907,5261771.9999751,16,Lower Keys Medical Center,FL,4.538492696919982,14580.275294095763
100151,7960,759298094.9989309,236853878.9998952,150772087.000198,207,Mayo Clinic,FL,3.205765927098314,29755.51243717276
100154,1433,139072556.000207,22088232.0000072,18378238.0000603,54,South Miami Hospital,FL,6.2962285075673625,15413.979064903839
100156,1918,140996943.00008,24139369.0000443,21148778.0002578,53,Hca Florida Lake City Hospital,FL,5.840953961962354,12585.698123067936
100157,7915,499399858.999222,95543826.0003258,82591954.9998999,183,Lakeland Regional Medical Center,FL,5.226919204570257,12071.235123224991
100161,934,92071983.999699,10725707.000002,9190269.0000242,44,Hca Florida Lake Monroe Hospital,FL,8.584234493789717,11483.626338331906
100166,1994,238088096.999222,22203853.999944102,18072876.0000087,71,Hca Florida Sarasota Doctors Hospital,FL,10.722827532545539,11135.332998968957
100167,855,134128630.000591,11166781.9999576,9517426.999951001,32,Hca Florida Mercy Hospital,FL,12.011395046585513,13060.563742640468
100168,6890,522900245.0005,88584737.0000762,75485833.9999723,177,Boca Raton Regional Hospital,FL,5.902825505933942,12857.001015976228
100173,3455,401393738.000768,50399601.0001781,43186928.0001693,98,Adventhealth Tampa,FL,7.964224518351833,14587.438784422025
100175,82,2800919.999972,1228020.99999,1112875.000017,4,Desoto Memorial Hospital,FL,2.2808404742221904,14975.865853536585
100176,2367,362520689.000177,26868790.9998993,23089537.9999944,85,Palm Beach Gardens Medical Center,FL,13.492259067463648,11351.411491296705
100177,1299,76818358.999852,14833202.9999073,12852583.9999829,50,Cape Canaveral Hospital,FL,5.178811279015872,11418.93995373926
100179,2394,413667222.99905,35049880.0001183,30684600.0001927,80,Hca Florida Memorial Hospital,FL,11.802243631009688,14640.718462873141
100180,396,71488054.000406,5450682.0000354,4665894.0000021,16,Hca Florida St Petersburg Hospital,FL,13.115432894441781,13764.348484937878
100181,706,34230531.999857,15866737.000154998,10097259.0000938,13,Larkin Community Hospital,FL,2.1573769073958062,22474.13172826487
100183,333,37396086.99979,3624465.0000017,3245617.0000191,12,Steward Coral Gables Hospital,FL,10.317684678917429,10884.279279284385
100187,910,110421002.99953699,16843396.9999339,14049821.0000241,36,Steward Palmetto General Hospital,FL,6.555744248026116,18509.227472454833
100189,1168,161414934.000489,15310281.999838801,12559798.0000538,46,Hca Florida Northwest Hospital,FL,10.542910574879581,13108.11815054692
100191,1779,250586878.000584,22794084.0000532,17381453.9998677,57,Hca Florida Trinity Hospital,FL,10.993505069122284,12812.863406437998
100200,470,17065912.999997,5188526.0000446,4582880.999984,18,Broward Health Imperial Point,FL,3.2891640130261086,11039.41702137149
100204,7663,1218962078.003881,109336601.9999204,90505069.0000698,194,Hca Florida North Florida Hospital,FL,11.148710090741329,14268.119796413988
100206,725,78727952.999856,8549289.0000441,7449056.9999873005,25,Hca Florida South Tampa Hospital,FL,9.208713496461506,11792.122758681517
100209,1066,211415758.000037,20688439.0000516,18243908.0000102,36,Hca Florida Kendall Hospital,FL,10.21902899486567,19407.54127584578
100211,450,27977523.999959,4491271.9999665,3884733.9999908,16,Adventhealth Dade City,FL,6.229309647727343,9980.604444370001
100212,8911,1135612865.002027,117185315.0002463,102764201.0002624,202,Hca Florida Ocala Hospital,FL,9.69074380181203,13150.635731146482
100213,2365,323718504.999383,32761881.999823097,26536670.000011,82,Hca Florida Blake Hospital,FL,9.880949604822181,13852.804228255009
100217,626,59748335.999998,6290876.9999827,5462028.9999947,27,Sebastian River Medical Center,FL,9.497616310120563,10049.324281122523
100220,8246,680748163.998541,106249734.9997554,88565466.0002792,202,Gulf Coast Medical Center Lee Mem Health System,FL,6.407057523485665,12885.003031743317
100223,3218,531722758.000813,41371606.9999362,34986944.9999472,103,Hca Florida Fort Walton-Destin Hospital,FL,12.852359300465002,12856.310441248042
100224,821,108277796.999292,8845710.9999284,7730877.999929599,32,Hca Florida Woodmont Hospital,FL,12.24071157198878,10774.313032799513
100226,2878,547061733.000706,41761045.0000159,36561511.0000548,86,Hca Florida Orange Park Hospital,FL,13.099809475565031,14510.439541353682
100228,2018,325172447.99937,27584767.0000076,23043292.9998702,67,Hca Florida Westside Hospital,FL,11.788116535451628,13669.35926660436
100230,529,40779758.999997,6223183.9999831,5424333.9999942,23,Memorial Hospital Pembroke,FL,6.552876951751345,11764.052930024764
100231,3295,373932138.998802,37856607.9999388,31695628.9998529,107,Hca Florida West Hospital,FL,9.877592281891882,11489.107131999635
100232,856,60753696.999916,8481159.9999908,7326305.0000194,30,Hca Florida Putnam Hospital,FL,7.163371166206262,9907.897196250935
100236,2898,506402420.999078,35094717.0000842,30536470.0001024,98,Hca Florida Fawcett Hospital,FL,14.429591240124918,12109.978260898619
100238,1520,209800078.001124,18474021.0000881,15808751.000010699,54,Hca Florida Northside Hospital,FL,11.356492341332919,12153.961184268486
100242,2713,349102755.997357,32442001.000179,27477239.0000485,83,Hca Florida Gulf Coast Hospital,FL,10.760826867474384,11957.980464496499
100243,2691,386666372.999869,39839556.999907,32604981.9999278,89,Hca Florida Brandon Hospital,FL,9.705589171103775,14804.740616836492
100244,3510,211093046.999879,37110680.0000673,30967607.000196002,87,Cape Coral Hospital,FL,5.688202075507541,10572.84330486248
100246,3221,541385769.999421,47273713.9998622,39390188.9998553,109,Hca Florida Lawnwood Hospital,FL,11.45215224682789,14676.719652239119
100248,1936,378853356.999669,39427637.0000036,33910429.9997602,68,Hca Florida Largo Hospital,FL,9.608827356294125,20365.514979340704
100249,1282,111318398.000054,11934028.9999616,10192931.9999935,46,Tampa General Hospital Crystal River,FL,9.327813599280862,9308.91497656911
100252,510,39066365.000217,5258182.0000019,4522437.9999642,22,Hca Florida Raulerson Hospital,FL,7.429633474117648,10310.160784317452
100253,4257,249543402.999888,49234141.9998273,42820274.000133,121,Jupiter Medical Center,FL,5.068503133471145,11565.455015228401
100254,1714,160825381.000063,20131356.000093,15965628.9999716,57,Hca Florida Capital Hospital,FL,7.988800207960162,11745.24854147783
100256,2338,392800070.001007,35779922.0000623,30015524.9998291,80,Hca Florida Bayonet Point Hospital,FL,10.978226000613502,15303.644995749488
100258,5977,1026946687.999806,74596047.9997465,64328925.999958,154,Delray Medical Center,FL,13.766770700819109,12480.516647104985
100259,1384,164287919.999156,11314958.9999713,9466412.999925,50,Hca Florida South Shore Hospital,FL,14.519532947452369,8175.548410383887
100260,2848,375036294.998531,32568949.999924302,26010548.9998511,85,Hca Florida St Lucie Hospital,FL,11.515148477289033,11435.726825816117
100264,3802,576456172.000626,45804362.9999113,39563980.9997604,106,Hca Florida Oak Hill Hospital,FL,12.585180411781783,12047.438979461152
100265,3783,214683366.999688,39965560.9999084,33902714.9998963,90,Mease Countryside Hospital,FL,5.371709082231575,10564.515199552843
100266,716,34641476.000083,8512002.9998897,7522295.0000535995,28,Gulf Breeze Hospital,FL,4.069720840151477,11888.272346214664
100267,1140,110600719.000448,9659656.9999699,8029476.9999778,45,Hca Florida Englewood Hospital,FL,11.44975634236212,8473.383333306929
100268,868,99100764.000068,9369491.0000712,8131416.0000515,32,West Boca Medical Center,FL,10.576963465711735,10794.34447012811
100269,1058,120612350.000155,13572290.9999585,11523427.0001228,40,Hca Florida Palms West Hospital,FL,8.886661065587512,12828.252362909736
100275,1506,179287932.9999,16915084.9999643,14362673.0000301,52,Wellington Regional Medical Center,FL,10.599292465883465,11231.796148714675
100276,1017,61283488.000174,12294821.0000018,10732134.9999518,40,Broward Health Coral Springs,FL,4.984496154939143,12089.30285152586
100281,2342,271419757.999995,32317796.9998985,25394673.0000599,75,Memorial Hospital West,FL,8.398461008986702,13799.230145131725
100284,642,27981528.999959998,7244515.9999556,5981540.000000101,23,Keralty Hospital,FL,3.862442846441569,11284.292834821807
100285,447,42950106.999967,5513793.9999786,4825192.999994,20,Memorial Hospital Miramar,FL,7.7895741117883075,12335.109619638926
100286,4925,660313525.000249,57949507.00032,48505973.9999239,132,Physicians Regional Medical Center - Pine Ridge,FL,11.394635764487223,11766.397360471066
100287,1367,213755171.000842,16595317.9999465,14248724.9999794,55,Good Samaritan Medical Center,FL,12.880450437980828,12139.954645169348
100288,882,151660939.99940202,14410337.0000326,12421151.0000543,40,St Mary's Medical Center,FL,10.52445477153372,16338.250566930386
100289,2701,202676510.000113,50570569.9998902,41101131.0001532,89,Cleveland Clinic Hospital,FL,4.007795640835234,18722.90633094787
100290,4430,218729136.000169,40889580.9998423,35328046.9998112,105,Uf Health The Villages Hospital,FL,5.349263324586588,9230.153724569369
100291,575,78033133.999897,7420373.0000043,6430279.0000192,25,Melbourne Regional Medical Center,FL,10.516066240854979,12904.996521746609
100292,890,61064408.999784,11769583.000044,10425919.0000218,35,Sacred Heart Hospital On The Emerald Coast,FL,5.188323919339854,13224.25056184719
100296,715,69236641.999308,10227685.000030499,8609742.000029199,24,Doctors Hospital,FL,6.769532108106726,14304.454545497201
100299,1753,214459042.999434,18851030.9999827,16269215.0000439,61,Lakewood Ranch Medical Center,FL,11.376515321609244,10753.583000560582
100302,795,59983816.000554994,7354069.0000219,6417213.0000368,32,Orlando Health St Cloud Hospital,FL,8.156547892109302,9250.401257889182
100307,921,64187470.999914005,12577062.0000201,11362457.9999951,35,Ascension St Vincent's Southside,FL,5.103534593358244,13655.876221520195
100313,34,833044.000004,436456.0,394855.99999599997,2,Ascension Sacred Heart Gulf,FL,1.908655167998607,12836.941176470587
100314,958,84832067.999821,13331253.9999617,11433836.9998881,28,West Kendall Baptist Hospital,FL,6.363397471840588,13915.713987433925
100315,1682,91351587.999748,14434297.0000745,12306678.0000427,63,Viera Hospital,FL,6.328786777719518,8581.627229532996
100316,1596,80462953.000158,14859685.0000396,12896553.0000434,55,Palm Bay Hospital,FL,5.414849170755879,9310.579573959649
100319,1841,147458024.000114,21661584.9999762,16854115.9999099,57,Adventhealth Wesley Chapel,FL,6.807351539616146,11766.20586636404
100320,271,32855136.000215,2949577.9999722,2538753.0000068,12,Hca Florida Poinciana Hospital,FL,11.138927670509023,10884.051660414023
100321,1289,70111119.999855,13642466.000033401,12061302.0000921,41,Ascension St Vincent's Clay County,FL,5.139182314962951,10583.75950351699
100329,368,30530337.999894,3902036.0000031,3214818.9999904,16,Oviedo Medical Center,FL,7.824207157460809,10603.358695660598
100330,85,6264921.000134,1426890.0000004,1314890.0000232,4,Halifax Health /Uf Health Medical Center Of Delton,FL,4.390612450947335,16786.941176475295
100350,94,10792931.00014,896877.9999973,777547.9999994,4,Ucf Lake Nona Hospital,FL,12.033889782303158,9541.255319120213
100359,3776,214465157.00009,33888256.9998458,29069671.9999133,105,Sarasota Memorial Hospital - Venice,FL,6.3285980450710655,8974.644332586282
100360,83,12362753.000150999,1080859.0000162,892333.0000177999,5,Hca Florida University Hospital,FL,11.437896154785875,13022.397590556626
100361,192,8842674.999971999,1641652.999997,1406393.9999990999,7,Ascension St Vincent's St Johns County,FL,5.386445856699411,8550.276041651041
100362,54,2889454.000002,782259.9999930001,429842.0000002,3,Baycare Hospital Wesley Chapel,FL,3.69372587122933,14486.296296166667
100363,194,8543258.999994,1853942.9999706,1376178.9999990999,8,Adventhealth Palm Coast Parkway,FL,4.6081562378829775,9556.4072163433
110001,1621,107228275.999793,20988838.0000512,17385912.0000065,54,Hamilton Medical Center,GA,5.108823842440988,12948.080197440593
110002,289,12709145.999978,3230878.9999794,2846272.9999984,17,Upson Regional Medical Center,GA,3.9336496353032824,11179.512110655363
110003,806,49431298.999947004,8746671.9999269,7565246.0000826,25,Memorial Satilla Health,GA,5.651440799467514,10851.950372117743
110005,3594,310341526.000865,47622049.9999753,40174550.0000173,99,Northside Hospital Forsyth,GA,6.51676116423014,13250.43127433926
110006,1321,72199559.99978499,22487363.0000376,18720663.9998908,52,St Mary's Hospital,GA,3.2106725897413706,17022.984859983044
110007,1902,103543380.000098,31878326.000013098,26730713.9999791,64,Phoebe Putney Memorial Hospital,GA,3.2480808433935793,16760.42376446535
110008,3281,287138249.999882,46197471.999869496,39096345.0001315,99,Northside Hospital Cherokee,GA,6.215453737396997,14080.302346805698
110010,4204,507716269.00224197,155628822.9999587,114663748.0001976,146,Emory University Hospital,GA,3.262353715817646,37019.22526164574
110011,1496,77868308.000063,18952220.9998556,16086516.0000079,44,Tanner Medical Center - Carrollton,GA,4.108663992502847,12668.596925037165
110015,384,15722244.000028,4561498.0000028,3981176.999941,15,Tanner Medical Center Villa Rica,GA,3.4467282458565913,11878.901041673957
110016,1058,82177640.000202,14673083.000025,11314415.9999321,35,Wellstar West Georgia Medical Center,GA,5.60057078666167,13868.698487736296
110018,754,40513498.000003,8969743.0001058,7462302.9999712,27,Piedmont Newton Hospital,GA,4.516684368718829,11896.210875471883
110023,518,41136599.00003,6826968.9999494,5598881.9999457,19,Adventhealth Gordon,GA,6.02560213768876,13179.476833879151
110024,1070,53191620.999991,13260672.000059899,11456188.9999657,36,Candler Hospital,GA,4.011231180422134,12393.151401925139
110025,2265,82146511.999788,32817169.0000616,29299570.9998678,68,Southeast Georgia Health System- Brunswick Campus,GA,2.5031565641641365,14488.816335568035
110027,162,3862963.000014,1915093.999991,1683615.0000296999,6,"St Mary's Sacred Heart Hospital, Inc",GA,2.0171140424606597,11821.567901179013
110028,4067,205001201.999675,53908517.0000081,45676133.9999367,109,Piedmont Augusta Hospital,GA,3.8027609255072665,13255.106220803566
110029,8105,790836768.000958,142371401.9997629,113581353.00003031,191,"Northeast Georgia Medical Center, Inc",GA,5.554744540636574,17565.873164683886
110030,1051,94349476.000014,11802121.000016,9696527.0000223,35,Piedmont Cartersville Medical Center,GA,7.994281366873471,11229.4205518706
110031,822,73417937.000015,11548161.0000137,9563707.999929499,28,Wellstar Spalding Medical Center,GA,6.357543595030231,14048.857664250243
110032,90,1836280.999983,868386.9999952,767587.000005,6,Stephens County Hospital,GA,2.1145883114246877,9648.74444439111
110034,2135,202091105.999798,58205384.99999,44593712.0000027,82,"Wellstar Mcg Health, Affiliated With Med Col",GA,3.4720345205144287,27262.475409831382
110035,7821,928536841.999153,159486126.9999774,129736607.9995105,193,Wellstar Kennestone Regional Medical Center,GA,5.822053989682027,20392.03771895888
110036,4138,424302167.999652,75548922.9999587,61480430.9997767,126,Memorial Health University Medical Center,GA,5.61625700474756,18257.352102454977
110038,817,33218014.999988,10561140.9999239,9305099.0000479,29,Archbold Memorial,GA,3.1453055119922517,12926.733170041492
110041,68,1808778.9999989998,612475.9999991,507623.9999997,5,Northeast Georgia Medical Center Habersham,GA,2.953224289607524,9006.999999986765
110042,1869,140920566.000856,20058877.0000223,15247131.999911,55,Wellstar Paulding Medical Center,GA,7.025346733054864,10732.411449985178
110043,2013,115665625.999884,24245455.0000919,20814925.0000185,69,St Joseph's Hospital - Savannah,GA,4.7706106566960935,12044.438648828564
110044,191,6742743.000008,2143960.0000195,1858888.9999876,10,Phoebe Sumter Medical Center,GA,3.1449947759970676,11224.92146607068
110045,88,3547067.000002,1050596.9999826,948285.0000078001,6,Northeast Georgia Medical Center Barrow,GA,3.376239414409851,11938.602272529546
110046,559,32274104.999921,6346335.9999505,5308458.0000107,20,"Piedmont Walton Hospital, Inc",GA,5.085470577065685,11353.01610009034
110050,123,6228063.000006,1356722.9999823999,1118618.0000139,6,Adventhealth Murray,GA,4.5905192143766955,11030.268292539837
110051,618,15829472.000007,5641005.9999966,4737527.999994,25,Union General Hospital,GA,2.8061434432114662,9127.841423942718
110054,2168,128044112.999629,30222408.9998876,24386758.9999401,68,Atrium Health Floyd Medical Center,GA,4.2367275553747294,13940.22555345369
110064,1794,120025026.999582,29817236.9998807,24743496.000223298,59,Piedmont Columbus Regional Midtown,GA,4.0253571113937285,16620.533444749555
110069,2537,87030014.999949,28302094.9999199,24066913.999864303,73,Houston Healthcare,GA,3.0750379079780243,11155.73314935747
110074,4375,292014032.00029397,65256599.0001719,53009651.9999833,117,Piedmont Athens Regional Medical Center,GA,4.474858274479256,14915.79405718215
110075,1110,74125366.999852,13634734.0000467,11271314.9998856,36,East Georgia Regional Medical Center,GA,5.43650994581912,12283.544144186217
110076,1147,64964872.000322,17183674.999974,14813851.0001129,42,Emory Decatur Hospital,GA,3.7806157297795897,14981.408020901483
110078,1927,170168885.999441,44782546.0001294,37554143.0002092,70,Emory University Hospital Midtown,GA,3.799893065457897,23239.51530883726
110079,2369,340951951.999925,81794685.999765,65642381.000035,83,Grady Memorial Hospital,GA,4.168387564944068,34527.094132446175
110082,3147,208953132.999502,49201777.0000172,40571989.9999771,101,"Saint Joseph's Hospital Of Atlanta, Inc",GA,4.246861510701716,15634.501747701685
110083,5652,754384020.002089,148492352.9997074,92288673.999929,154,Piedmont Hospital,GA,5.080288679940142,26272.532377867552
110086,23,273889.0,266057.999997,236618.0000042,2,Washington County Regional Medical Center,GA,1.0294334318197098,11567.739130304346
110087,3745,386867639.998858,75653616.00022429,63922311.0001941,106,Northside Hospital Gwinnett,GA,5.113670178008557,20201.232576828916
110089,307,10757438.000004001,2701493.9999984,2331159.9999821,16,"Coffee Regional Medical Center, Inc",GA,3.9820329047595044,8799.654723121825
110091,1018,62602757.99995799,13616331.0001437,11392025.9999846,36,Piedmont Rockdale Hospital,GA,4.597623104145846,13375.57072705668
110092,35,867556.000004,475706.999996,414797.0000019,3,Dodge County Hospital,GA,1.823719222149968,13591.628571314286
110095,1165,45619687.000073,13309829.0000306,11439100.9999156,45,Tift Regional Medical Center,GA,3.427518640545128,11424.745922773047
110104,152,4199945.999987,1850662.0000067,1558706.0000235,6,Crisp Regional Hospital,GA,2.269428993501674,12175.407894780921
110105,710,22342704.000002,7759834.0000053,6521190.999952801,27,Colquitt Regional Medical Center,GA,2.8792760257483265,10929.343661979296
110107,3466,314864794.000296,64759466.0000155,51984026.0000091,116,Atrium Health Navicent The Medical Center,GA,4.8620659410659846,18684.208309294718
110109,120,2843367.9999860004,1572347.9999986,1416690.000011,6,Emanuel Medical Center,GA,1.8083579461979995,13102.899999988333
110111,25,522062.99999199994,356142.00000400003,317007.999999,2,Piedmont Mcduffie Hospital,GA,1.4658843943880149,14245.68000016
110113,14,5683863.9999400005,1604746.00006,1473161.99996,1,Burke Medical Center,GA,3.54190881281367,114624.71429
110122,2383,95954028.000308,27884055.9998977,24007863.000024498,73,Sgmc Health,GA,3.441179002102852,11701.24045316731
110124,147,4412247.000003,1374171.999997,1155388.9999976,10,Wayne Memorial Hospital,GA,3.2108404188213937,9348.108843517006
110125,937,84677637.999573,9178199.9999922,7732211.0000461005,30,Fairview Park Hospital,GA,9.225952583256518,9795.304162211525
110128,399,15282099.000045,4368367.9999981,3618478.9999629,17,Memorial Health Meadows Hospital,GA,3.4983543053267594,10948.290726812282
110129,1414,86714813.000177,18860460.999926,15617215.999999,51,St Francis Hospital- Emory Healthcare,GA,4.597703788922085,13338.374115930694
110132,52,1371123.999984,609330.999995,545375.0000039,4,Memorial Hospital And Manor,GA,2.250212117872308,11717.903846057692
110135,52,704685.0000004,436893.9999967,379382.0000002,4,Taylor Regional Hospital,GA,1.6129427275396842,8401.80769224423
110142,27,1545044.999997,316809.99999599997,291296.0,2,Evans Memorial Hospital,GA,4.876882042916915,11733.703703555555
110143,1950,211424260.99908102,35613685.0001594,29550208.9999786,66,Wellstar Cobb Medical Center,GA,5.936601646196813,18263.428205209948
110146,85,1944810.999994,1551717.9999907,1428062.9999860001,5,Southeast Georgia Health System- Camden Campus,GA,1.2533276020550486,18255.50588224353
110150,247,7983150.000010999,2638371.9999603,2348812.0000152,11,Navicent Health Baldwin,GA,3.025786356181434,10681.668016033604
110161,2537,278708773.000156,52215289.9998476,46600493.999903396,95,Northside Hospital,GA,5.3376850535728035,20581.509657015213
110164,1370,116975537.00007,19342435.0000999,16343029.0000119,50,Piedmont Macon Medical Center,GA,6.047611740686519,14118.565693503577
110165,273,17919369.999913998,4951282.000032,4618864.000045,11,Southern Regional Medical Center,GA,3.6191374273972245,18136.56410268132
110168,2358,319678586.999804,32347633.0000942,28586118.0000068,70,Adventhealth Redmond,GA,9.882595953740203,13718.249787995845
110177,1580,314121484.998917,28798544.0000967,25277183.0001584,64,Doctors Hospital,GA,10.907547443990996,18226.926582339685
110184,863,82985267.00062901,13898262.000017501,11011904.0000134,33,Wellstar Douglas Hospital,GA,5.970909672052844,16104.590961781578
110191,2249,150052219.000001,30512815.0002383,25300831.0000953,55,Piedmont Henry Hospital,GA,4.917678653996005,13567.281013889862
110192,1203,97007235.999917,14683484.9999625,11896409.0000032,39,Piedmont Eastside Medical Center,GA,6.606553961826143,12205.723191988778
110194,22,311312.00000999996,195507.9999994,169908.0000002,1,Donalsonville Hospital Inc,GA,1.5923235878376094,8886.7272727
110198,1344,125641345.000179,20336710.9998969,17724645.0000634,45,Wellstar North Fulton Hospital,GA,6.178056274724854,15131.481398732813
110200,1073,56556522.000163,12119620.000052,9138567.0000175,38,Piedmont Columbus Regional Northside,GA,4.66652601318526,11295.079217196644
110201,177,7791131.000012,1917826.9999921,1493244.9999998999,9,Piedmont Macon North Hospital,GA,4.062478523894018,10835.18079091582
110209,777,9626399.9996965,6940131.0000293,6233007.0000012,3,Turning Point Hospital,GA,1.38706315481017,8931.957528995239
110215,3144,214363680.000071,41293717.9996893,33604314.0002326,79,Piedmont Fayette Hospital,GA,5.191193488599982,13134.134223819752
110225,875,42572505.999995,10469107.9999359,9015083.9999054,28,Piedmont Mountainside Hospital Inc,GA,4.066488377066667,11964.6948570696
110226,283,11220010.000024,3675150.0000337,3210594.0000125,12,Emory Hillandale Hospital,GA,3.0529393357879586,12986.395759836396
110229,1763,131940734.000342,23843922.0000471,19695647.9999253,48,"Piedmont Newnan Hospital, Inc",GA,5.53351642402124,13524.629608648384
110230,1409,67097530.000071,15862449.9999147,13057718.0000467,52,Emory Johns Creek Hospital,GA,4.2299600629431025,11257.948899868488
110233,11,1946098.0,234201.0,221401.99999500002,1,"Southeastern Regional Medical Center, Inc",GA,8.309520454652201,21291.0
110236,86,2206381.000008,955761.9999919999,827670.0000074,5,Chi Memorial Hospital- Georgia,GA,2.3085046277488206,11113.511627813952
110237,98,4004367.000003,961683.9999955001,848884.0000072999,6,Northeast Georgia Medical Center Lumpkin,GA,4.163911430388503,9813.102040770409
110252,560,39141740.000071,5796456.000052299,4821193.9999619,23,Northside Hospital Duluth,GA,6.752701995791538,10350.814285807677
120001,5174,497345560.998626,138520068.99953818,96774326.00015199,151,The Queens Medical Center,HI,3.5904224174208585,26772.336490053767
120002,662,36177979.000002004,18008847.0001266,15709657.9999548,25,Maui Memorial Medical Center,HI,2.008900347687316,27203.696374813597
120004,74,2640056.000009,1166810.9999980999,982911.0000079001,4,Wahiawa General Hospital,HI,2.26262522380514,15767.716216190538
120005,966,51050071.999768,19766504.999997,17340228.0000228,35,Hilo Medical Center,HI,2.582655456782863,20462.220496891307
120006,675,30113716.000099998,10731510.000031501,8968726.000044,23,Adventist Health Castle,HI,2.8061024031111748,15898.53333338
120007,454,26224760.000152,9563378.0000731,8344940.999912499,13,Kuakini Medical Center,HI,2.7422067809043567,21064.709251262335
120011,242,14839815.000009,6551062.999981999,3090718.0000424003,9,Kaiser Foundation Hospital,HI,2.2652529826151535,27070.508264388427
120014,293,12036412.999956999,5431020.999977,4657104.9999986,12,Wilcox Memorial Hospital,HI,2.2162339272869636,18535.907849750853
120019,107,4806490.999982,2611126.000012,2266454.0000010002,6,Kona Community Hospital,HI,1.8407732908943923,24403.04672908411
120022,1202,90808389.000065,28326487.9999305,23898557.9999328,48,Straub Clinic And Hospital,HI,3.2057764803136837,23566.129783636025
120026,972,53790125.000013,17404673.9999929,13257869.999897901,37,Pali Momi Medical Center,HI,3.0905563068883075,17906.04320986924
120028,62,4409044.999978,1476647.000006,1014040.0000084001,4,"North Hawaii Community Hospital, Inc",HI,2.9858490214384923,23816.887096870967
130002,1164,67681868.000093,15560783.0000687,13463014.999995,38,St Luke's Magic Valley Rmc,ID,4.349515573849605,13368.37027497311
130003,645,31797008.999979,10270103.9999631,9272151.999997899,28,St Joseph Regional Medical Center,ID,3.0960746843550218,15922.641860407906
130006,3796,289588444.999395,63208875.000127,55861371.9999957,116,St Luke's Regional Medical Center,ID,4.581452288129051,16651.442307725763
130007,2545,174481944.00007,45131715.0001178,39150070.9999964,96,Saint Alphonsus Regional Medical Center,ID,3.8660605740245986,17733.48330063568
130013,578,35152525.000037,8368882.9999727,6848823.9999632,28,Saint Alphonsus Medical Center - Nampa,ID,4.2003843284882425,14479.036332132699
130014,242,11849850.000007,3087065.999973,2617523.0000014,7,West Valley Medical Center,ID,3.8385476695706022,12756.471074268595
130018,1355,154986795.999711,23623733.0000217,20439836.00006,52,Eastern Idaho Regional Medical Center,ID,6.560639506024245,17434.489298909004
130025,11,351816.99999599997,144700.00000499998,127852.000001,1,Madison Memorial Hospital,ID,2.4313545264951157,13154.545454999998
130028,1167,102472584.99949099,20722265.9999936,18076918.0000701,41,Portneuf Medical Center,ID,4.945047274247066,17756.868894596057
130049,3612,198032689.99988902,56933219.9999233,51355762.9998315,117,Kootenai Health,ID,3.4783328608526936,15762.24252489571
130063,45,3834779.000015,993789.000014,931389.0000110001,3,Treasure Valley Hospital,ID,3.858745669313081,22084.20000031111
130065,107,7932402.000023,2199428.999968,1985913.999995,5,Mountain View Hospital,ID,3.6065733425077187,20555.411214654207
130066,186,34532497.00011,7218016.999988,6653926.000018001,4,Northwest Specialty Hospital,ID,4.784208322059564,38806.54301068817
130071,467,23623974.000047,6482221.0000193,5685881.0000016,17,St Luke's Nampa Medical Center,ID,3.644425884272792,13880.558886550964
130074,406,16632318.000025,4751355.0000079,4226818.0000289,23,"Idaho Falls Community Hospital, Llc",ID,3.5005420558971796,11702.844827605666
140001,301,10731949.999996,3887445.9999738,3130171.0000015,13,Graham Hospital Association,IL,2.760668572648554,12915.10298994618
140002,1169,47703614.000073,11583888.0000304,9749736.9999389,42,Alton Memorial Hospital,IL,4.118100416712231,9909.228400368178
140007,3268,244889401.999514,40990964.9999961,34198939.9998998,95,Presence Saint Joseph Medical Center,IL,5.9742287599117825,12543.134944919248
140008,937,54204172.999917,10140011.9999766,8656862.0000148,34,Loyola Gottlieb Memorial Hospital,IL,5.345572865203916,10821.784418331483
140010,13011,751201688.998903,199484644.0003816,170365551.9996746,239,Northshore University Healthsystem Evanston Hosp,IL,3.7657118559835916,15331.999385164983
140011,1285,56819210.999983,13159560.000010101,11020715.0000542,39,Herrin Hospital,IL,4.317713586163928,10240.90272374327
140012,408,16951793.999956,4362710.0000314005,3752433.0000122,15,Katherine Shaw Bethea Hospital,IL,3.88561100779882,10692.91666674363
140013,575,33027217.999972,5842168.0000397,5038559.0000802,23,Carle Health Proctor Hospital,IL,5.65324687680114,10160.292173982089
140015,3510,263763822.999762,47421154.9998401,39834483.000200704,92,Blessing Hospital,IL,5.562155181598833,13510.300569755014
140018,230,19458113.000059,5538362.999988,5022105.000011,12,Mt Sinai Hospital Medical Center,IL,3.5133329108440816,24079.839130382607
140019,13,228226.000002,91312.0,78512.0000002,1,Hshs Good Shepherd Hospital Inc,IL,2.4994086210136675,7024.0
140029,2227,121118434.000007,29477581.000004,22096046.0000543,64,Rush Copley Medical Center,IL,4.108832200308111,13236.45307588864
140030,2829,154749705.999689,35471843.0000008,27163361.0000436,81,Advocate Sherman Hospital,IL,4.362606871024027,12538.650759986143
140032,961,26411877.999946002,10802317.9999702,9549181.0000629,26,St Anthonys Memorial Hospital,IL,2.445019485634367,11240.70551505744
140034,774,24742773.999915,8092759.0000877995,7155553.0000084005,22,Ssm Health St Mary's Hospital -Centralia,IL,3.0573966183407366,10455.76098202558
140043,812,44772609.999965005,8774251.0000104,7419032.0000313,31,Cgh Medical Center,IL,5.102727286911662,10805.727832525123
140046,1987,91308922.00005,21819905.0000254,18532969.9999317,60,Good Samaritan Regional Hlth Center,IL,4.184661757232385,10981.331152503975
140048,2381,126130772.999839,32556714.9999508,25607823.0000443,69,Advocate Trinity Hospital,IL,3.874186108765261,13673.546829042754
140049,405,23766928.999982,6008731.0000209,4955988.0000305,18,West Suburban Medical Center,IL,3.955399068438799,14836.372839557778
140052,311,9225442.99995,3186258.9999669,2653510.999953,12,Osf Saint Anthony's Health Center,IL,2.8953838969292316,10245.205787674919
140053,4030,296938038.000004,61727633.9999958,51299423.0000729,113,St Johns Hospital,IL,4.810455524668647,15317.030769229727
140054,1135,68926352.00014299,16945429.0000368,12838212.9999477,43,Macneal  Hospital,IL,4.0675483636320635,14929.893392102906
140059,85,2284246.999994,1122099.0000089998,1000478.9999975,5,Jersey Community Hospital,IL,2.035691146659679,13201.164705988233
140062,7268,381542603.00031,86421468.9999317,69487215.00008771,161,Palos Community Hospital,IL,4.414905317110631,11890.68093009517
140063,891,24994661.000060998,9940548.9999475,8527459.0000118,36,Rush Oak Park Hospital,IL,2.5144145459363467,11156.620650895062
140064,874,33892029.999978,11796837.0000125,10362345.999945201,30,St Mary Medical Center,IL,2.8729760358596192,13497.525171639016
140065,1971,87273525.000162,25642950.9999694,20941584.0001753,60,Uchicago Medicine Adventhealth La Grange,IL,3.4034119162130034,13010.122272942364
140067,7010,675373733.99954,134488328.0001009,103140280.0003445,197,Saint Francis Medical Center,IL,5.021801847362049,19185.210841669174
140068,147,5875264.99993,1675442.9999946998,1516285.9999891,6,Roseland Community Hospital,IL,3.506693453581283,11397.571428535373
140077,39,414513.000018,501225.00000299996,463625.000007,1,Touchette Regional Hospital Inc,IL,0.8269998503975641,12851.923077
140080,1061,82331380.000013,18046897.000016302,15421563.9999737,38,Presence Saint Francis Hospital,IL,4.562079564145494,17009.327992475308
140082,575,40411090.999908,11028300.9999858,9363380.0000812,23,Louis A Weiss Memorial Hospital,IL,3.6643079473402147,19179.65391301878
140083,218,4643060.000077,2804606.9999939995,2539765.000024,3,Loretto Hospital,IL,1.6555118061414429,12865.169724743117
140084,880,71538074.999779,9851177.0000878,8809236.0000926,33,Vista Medical Center East,IL,7.2618809913923394,11194.519318281591
140088,6110,1038527021.000521,240844333.9996749,169172406.9998597,196,The University Of Chicago Medical Center,IL,4.312025961972279,39418.05793775366
140089,180,4923672.999987,2392768.0000184,2167275.0000198,8,Mc Donough District Hospital,IL,2.057731046198017,13293.155555657779
140091,4843,325980061.99976397,66351279.9999976,55533574.9998392,144,The Carle Foundation Hospital,IL,4.912943081124822,13700.450134213834
140093,609,28503554.999943003,5943132.000018001,4552031.9999685,23,Osf Sacred Heart Medical Center,IL,4.79604945672697,9758.837438453204
140095,41,1582151.000009,643526.999994,529590.999997,3,Saint Anthony Hospital,IL,2.4585619562563057,15695.780487658536
140101,919,51006100.000148,9437813.9998969,8207945.9999942,29,Morris Hospital & Healthcare Centers,IL,5.404440053671877,10269.656147874755
140103,95,3342904.000007,1260829.9999984,1126434.0000021001,4,St Bernard Hospital,IL,2.651351887257792,13271.894736825263
140110,714,24362590.999974,8054099.0001049,6564908.0000306,19,Osf Saint Elizabeth Medical Center,IL,3.024868579298155,11280.250700427032
140113,336,22412354.000047,4381291.9999839,3432036.9999955,14,Osf Heart Of Mary Medical Center,IL,5.115466853186082,13039.559523761607
140114,1219,66893537.00017,18799328.000059698,15638272.9999522,43,Swedish Hospital,IL,3.5582940517851265,15421.926169039949
140115,423,7039326.000105999,4275773.9999007005,3884010.9999914,6,Thorek Memorial Hospital,IL,1.6463278929778513,10108.212765722696
140116,6592,409158423.000106,91463846.999629,72015992.0000957,157,Northwestern Medicine Mchenry Hospital,IL,4.473444277953513,13874.976789992264
140117,2945,280856467.001877,51826771.9999128,42944651.9996976,83,Presence Resurrection Medical Center,IL,5.419138722402962,17598.22478774628
140119,5710,423176448.999461,167789153.9999352,136367748.9997348,189,Rush University Medical Center,IL,2.522072725866562,29385.140805592855
140120,323,14167767.000013,3179799.0000166,2704743.0000386,11,Carle Health Pekin Hospital,IL,4.4555542661467085,9844.578947419814
140122,1515,78456325.000007,21393737.9999017,17990178.9999215,56,Uchicago Medicine Adventhealth Hinsdale,IL,3.667256512179755,14121.279207855909
140124,472,21318263.00006,32122985.999994,30408885.999923002,24,John H Stroger Jr Hospital,IL,0.6636451231546153,68057.17372880084
140125,181,13459468.000103,1976716.000032,1711776.0000108,5,Gateway Regional Medical Center,IL,6.809004429510923,10921.082873104973
140127,1229,47046414.000058,13676239.0000174,11628233.9999648,49,Carle Bromenn Medical Center,IL,3.440011102467436,11127.9406021297
140130,2945,214965060.001032,41201961.9998821,33963687.0000809,94,Northwestern Lake Forest Hospital,IL,5.21735008642664,13990.47945666625
140133,316,17165262.000007,3731425.0000259997,3361203.0000028,14,Holy Cross Hospital,IL,4.600189471820389,11808.306962107594
140135,1804,87447841.999786,20962415.0000421,17285635.0000081,57,Decatur Memorial Hospital,IL,4.171649211200636,11619.963968981208
140137,32,610715.0,402022.0,368422.0,2,Hshs Holy Family Hospital,IL,1.5191084070026017,12563.1875
140143,91,4133895.999997,987657.9999962,902945.9999925001,4,St Margaret's Health Spring Valley,IL,4.185554108824012,10853.384615342857
140145,211,5111176.999986,2480678.0000147,2213477.9999996,8,St Josephs Hospital,IL,2.06039518226699,11756.767772581517
140147,319,9718021.00003,3380756.0000033,3001481.9999732003,14,Carle Richland Memorial Hospital,IL,2.8745112040089595,10597.981191232915
140148,4581,337344663.999653,71715873.9998137,53289549.999893904,143,Memorial Medical Center,IL,4.703905079655437,15655.069635410107
140150,1250,141798476.999777,45927075.999907,31629102.000023898,54,University Of Illinois Hospital And Clinics,IL,3.087470166837186,36741.6607999256
140155,886,76965140.000425,11035367.9999777,9203968.9999217,36,Presence St Marys Hospital,IL,6.97440629080793,12455.268622999662
140158,167,8771932.000002999,3238575.0000155,2994805.0000366,8,Insight Hospital And Medical Center Chicago,IL,2.7085776923372213,19392.664670751496
140160,450,18348364.000028,4536178.0000174,3682422.9999973997,20,Fhn Memorial Hospital,IL,4.04489506363234,10080.395555594221
140161,256,8785891.000003,3840082.9999924,3361174.0000127004,9,Saint James Hospital,IL,2.2879429949874495,15000.324218720312
140162,1428,75881071.000164,16114999.999995,12835010.0000985,47,St Joseph Medical Center,IL,4.7087229910138095,11285.01400559874
140164,1494,81495352.000364,18401533.0000778,15706584.9999972,53,Memorial Hospital Of Carbondale,IL,4.428726237103151,12316.956492689289
140166,715,37767707.999989,7361145.9999948,6268816.9999497,29,St Marys Hospital,IL,5.1306831843867355,10295.30909090182
140172,1782,109523695.00015199,31318847.0001485,24197079.9999602,53,Franciscan Health Olympia & Chicago Heights,IL,3.4970538666264654,17575.110550027217
140174,690,55999395.999936,9038413.0000698,7844010.9999728,26,Presence Mercy Medical Center,IL,6.1957111275512124,13099.14927546348
140177,132,4867577.0000106,1255440.9999955,1068498.9999961,9,Jackson Park Hospital,IL,3.877184989201442,9510.916666632576
140179,2203,112351354.000155,27570653.9998668,23199626.0000515,62,Osf Little Company Of Mary Medical Center,IL,4.075034056163405,12515.049477924103
140180,1034,68570119.999966,14626610.0001129,12431837.0000689,23,Presence Saints Mary And Elizabeth Medical Center,IL,4.688039128645443,14145.657640341296
140181,148,6539949.000004,1655182.0000029,1454983.0000189,3,South Shore Hospital,IL,3.9511963034835698,11183.662162181756
140182,1157,81889320.99986,24986335.000054,18301551.000037,51,Advocate Illinois Masonic Medical Center,IL,3.2773642472848867,21595.795159942958
140184,428,37085948.999873,4135601.0000634,3652685.9999878,17,Heartland Regional Medical Center,IL,8.967487192140746,9662.619159026635
140185,3415,189260033.999991,37865133.0002993,32088006.9998224,87,Memorial Hospital,IL,4.998266716731063,11087.886676515167
140186,1737,79961745.99962799,22718365.0001251,19626086.0001749,50,Riverside Medical Center,IL,3.519696333745306,13079.081750215946
140187,2275,128418784.99984899,28406812.9999904,24230642.0001781,67,Hshs St Elizabeth's Hospital,IL,4.520703712869599,12486.51120878699
140189,1873,81147201.999957,19193214.9999611,16198434.0000282,55,Sarah Bush Lincoln Health Center,IL,4.227910852878033,10247.311799231768
140191,1221,66510653.000153,16787579.9999237,14606661.9999574,45,Ingalls Memorial Hospital,IL,3.961896413923585,13749.041768979278
140197,246,2364232.0000219997,2477350.00007,2168429.999998,2,Methodist Hospital Of Chicago,IL,0.9543391123398777,10070.528455569105
140200,5088,369547182.001543,74506962.9997189,52761697.9999455,121,Elmhurst Memorial Hospital,IL,4.959901291412685,14643.664111579974
140202,4216,275707002.999821,56976274.0001929,45440162.9998574,103,Advocate Condell Medical Center,IL,4.838979168748162,13514.296489609322
140206,370,14780403.000031,4980386.999941699,4216620.000025299,11,Humboldt Park Health,IL,2.9677217855166718,13460.505405247835
140208,6549,529082003.000248,160050488.00030398,115155633.0000281,172,Advocate Christ Hospital & Medical Center,IL,3.3057193989889186,24438.92014052588
140209,1718,132183209.000139,25477952.9999656,21637759.0000535,60,Carle Health Methodist Hospital,IL,5.188140860465418,14830.007566918277
140210,114,2978964.000003,1532219.9999905,1373553.0000231,6,Harrisburg Medical Center,IL,1.944214277337112,13440.52631570614
140211,2862,172204263.000236,35816442.9998618,27670937.0001758,90,Northwestern Medicine Delnor Community Hospital,IL,4.8079666370248,12514.480433215163
140213,5771,194728574.999469,71961078.9999373,58862470.9999258,145,Silver Cross Hospital  And Medical Centers,IL,2.7060263368151927,12469.429734870439
140217,605,47713429.000098,7318798.9999901,6105583.0000269,23,Presence Saint Joseph Hospital - Elgin,IL,6.51929763341807,12097.188429735703
140223,6253,449538444.00006497,121704754.0002926,95586767.0002724,155,Advocate Lutheran General Hospital,IL,3.693680232071988,19463.418199311145
140224,928,51839571.999932,13959290.0000028,8970963.000007,29,Presence Saint Joseph Hospital - Chicago,IL,3.713625263170376,15042.338362071981
140228,2224,202009939.001202,35145024.0000779,25682768.0000396,68,Swedish American Hospital,IL,5.747895889920411,15802.618705071
140231,5660,393863489.000877,82742507.9996186,58551463.9998958,154,Edward Hospital,IL,4.76011059518153,14618.817667777139
140233,2814,199060743.000344,44490430.0001135,33480273.0001602,92,Saint Anthony Medical Center,IL,4.474237335980708,15810.387349009774
140239,1169,75055106.000265,17148011.9999732,13589323.9999671,46,Javon Bea Hospital,IL,4.376898383345096,14668.95808380941
140242,5585,529281983.001152,96762249.0002514,70847624.0001982,157,Northwestern Medicine Central Dupage Hospital,IL,5.469922293763313,17325.380304431765
140251,493,26255323.000026,5299320.999975501,4620495.9999942,23,Community First Medical Center,IL,4.954469261278451,10749.129817394525
140252,7225,293495417.000619,89304230.0001881,76093950.0000307,173,Northwest Community Hospital 1,IL,3.2864671359912156,12360.447058849564
140258,3850,301783825.000987,63846431.0000482,54385838.999992,123,Alexian Brothers Medical Center 1,IL,4.726714089950606,16583.488571441092
140275,270,7713428.000003,3059823.9999824,2686478.9999581,12,Genesis Health System,IL,2.520873095984399,11332.681481416295
140276,3386,385010888.999833,120811879.99993199,82291955.9999917,130,Loyola University Medical Center,IL,3.1868628234247303,35679.82279974365
140280,1724,73496998.9995128,21142257.9999741,17292520.0000243,51,Trinity Rock Island,IL,3.476307923193579,12263.490719242518
140281,9228,1479341276.99733,321964468.999918,244158176.0002131,224,Northwestern Memorial Hospital,IL,4.594734573018076,34889.95112699588
140286,1349,82094859.999853,16271568.9998495,13267940.9999759,46,Northwestern Medicine Kishwaukee Hospital,IL,5.045294648636054,12061.948850889177
140288,3578,230512623.000096,55658198.9996873,43164553.999967,105,Advocate Good Samaritan Hospital,IL,4.141575314023205,15555.673281075266
140289,1056,45229360.000017,9820049.9999806,8315204.0000294,36,Anderson Hospital,IL,4.605817689330131,9299.289772708902
140290,2332,154128292.999741,32080718.000071302,26878537.9999829,73,St Alexius Medical Center,IL,4.804390381767591,13756.740137251845
140291,2962,134221693.99976,37115993.9999238,29595077.999982,87,Advocate Good Shepherd Hospital,IL,3.61627642250496,12530.720459123499
140292,548,21415762.999947,6581732.0000601,5728071.999989601,16,Uchicago Medicine Adventhealth Glenoaks,IL,3.2538187516221333,12010.45985412427
140294,31,2178194.0,468978.999995,427379.000001,2,Crossroads Community Hospital,IL,4.644544851737972,15128.354838548388
140300,25,606860.0,2478055.0,2413511.0,1,Provident Hospital Of Chicago,IL,0.2448936766940201,99122.2
140304,679,27712463.999993,7951623.9999849,6889161.9999502,27,Uchicago Medicine Adventhealth Bolingbrook,IL,3.4851325968186657,11710.7864506405
150001,246,9649078.999974,2405814.0000203,2049668.9999927,11,Johnson Memorial Hospital,IN,4.0107335811881475,9779.731707399593
150002,1644,98493468.999896,20145630.9999373,18133122.0000266,56,Methodist Hospitals Inc,IN,4.88907341746717,12254.033454949697
150005,1060,43591037.000001,12291017.999903,10125966.0000459,35,Hendricks Regional Health,IN,3.5465766139423938,11595.299999908491
150006,810,48211708.000167,8523207.0000138,7394490.0000015,32,Northwest Health-La Porte,IN,5.656522011032812,10522.477777794815
150007,639,25874283.000036,6221286.0000203,5326822.9999862,26,Community Howard Regional Health Inc,IN,4.15899269057098,9735.971831017683
150008,502,22683304.999934003,5844453.0000713,5118557.0000041,16,St Catherine Hospital Inc,IN,3.8811681776989695,11642.336653528486
150009,1188,54449075.000098,11476598.0000685,9583098.9999383,41,"Norton Clark Hospital, Llc",IN,4.74435673356974,9660.436026993688
150010,630,27260821.999909,6466188.9999319,5667439.9999898,25,Ascension St Vincent Kokomo,IN,4.2159024427210685,10263.792063383968
150011,626,13010297.999998,6305297.9999997,5475911.0000324,24,Marion General Hospital,IN,2.063391452711453,10072.361022363739
150012,1916,92083747.999995,24947686.9999983,20402849.9999827,61,Saint Joseph Regional Medical Center,IN,3.6910735652568216,13020.71346555235
150015,1482,87676701.999796,17254587.9999662,14152784.9999871,56,Franciscan Health Michigan City,IN,5.08135586894151,11642.771929801755
150017,2422,326603274.999283,39966090.0000992,35337503.0001105,86,Lutheran Hospital Of Indiana,IN,8.172009696181748,16501.27580516069
150018,1753,96183010.000054,22098344.000019,18990227.9999563,65,Elkhart General Hospital,IN,4.3524985401608065,12606.014831727894
150021,6469,394695266.999527,90425612.0003438,79299028.0003438,161,Parkview Regional Medical Center,IN,4.364861439898536,13978.29834601079
150022,202,6738225.000007,2474415.0000022,2165231.9999929,8,Franciscan Health Crawfordsville,IN,2.7231588072336326,12249.579207931682
150023,3955,162830946.99979,46694531.9999641,41634374.0000308,104,Union Hospital Inc,IN,3.4871523500849135,11806.455625781062
150024,572,36833017.999992,11122211.999996,10223498.000093,22,Eskenazi Health,IN,3.3116630037267085,19444.426573419583
150026,619,28470727.999908,7606920.9999936,6441751.9999735,28,Goshen Hospital,IN,3.7427400652553056,12289.048465256219
150030,242,10996601.999992,3233914.9999989998,2885871.9999947,10,Henry County Memorial Hospital,IN,3.4003992065330726,13363.285123962809
150034,1725,78823381.00008,18924590.0000339,15761610.9999239,59,St Mary Medical Center Inc,IN,4.165130182473639,10970.776811613856
150035,2861,293808313.000434,34864772.9999478,28828011.0000988,79,Northwest  Health- Porter,IN,8.427082344717228,12186.219154123664
150037,380,13519219.00006,4015760.9999743,3475829.9999563,16,Hancock Regional Hospital,IN,3.3665397418189276,10567.792105195527
150042,1148,40593751.999895,13117906.9999685,11220886.0000863,40,Good Samaritan Hospital,IN,3.0945296379973173,11426.748257812284
150044,3572,264353640.000193,39299600.0000306,33389621.9998774,96,Baptist Health Floyd,IN,6.726624189558855,11002.127659583035
150045,119,3206454.000027,1299622.9999831999,1155353.9999965,6,Parkview Dekalb Hospital,IN,2.467218570361135,10921.20168053109
150046,618,54041340.999925,7164908.9999585,6011354.9999382,25,Terre Haute Regional Hospital,IN,7.54250207507702,11593.703883427994
150047,37,2897848.000008,599748.000001,539203.00001,2,Lutheran Downtown Hospital,IN,4.8317760125972375,16209.405405432433
150048,3278,126440711.00012,46501990.0001017,39671189.0000097,88,Reid Health,IN,2.7190387121033632,14186.08602809692
150051,2002,145068691.000229,26044477.0000884,22797834.0000395,57,Iu Health Bloomington Hospital,IN,5.570036633860477,13009.229270773427
150056,6237,796508442.9985139,149996932.00008,128757396.0001388,197,Indiana University Health,IN,5.310164897226626,24049.532146878304
150057,456,28396544.000025,7505676.9999532,6243150.9999822,14,Franciscan Health Mooresville,IN,3.7833421289248204,16459.81798235351
150058,2648,157631445.999675,34924390.0000312,30354177.9999563,88,Memorial Hospital Of South Bend,IN,4.513506062655186,13188.969033244412
150059,352,13274919.999974001,3507184.9999693,3015406.9999919,15,Riverview Health,IN,3.7850640898869616,9963.593749912783
150061,76,2285431.999997,915529.9999969,829261.9999979,5,Daviess Community Hospital,IN,2.4962939499576624,12046.447368380263
150065,118,4451118.999974,1776075.0000078,1544161.9999898002,5,Schneck Medical Center,IN,2.506154863929987,15051.483050913559
150069,435,13434152.999976,4348276.9999904,3777854.9999949,17,Norton-King's Daughters' Health,IN,3.089534774349854,9996.0390804377
150072,117,3675479.00001,1737492.000004,1574099.000009,6,Memorial Hospital,IN,2.1153933370637326,14850.358974393162
150074,2533,173866461.000876,40862431.0001057,35485853.9999477,78,Community Hospital East,IN,4.254922106822922,16132.02960920083
150075,56,2351786.000007,640422.000004,573265.9999994,4,Bluffton Regional Medical Center,IN,3.6722442389429326,11436.107142928571
150076,130,3590438.000023,1478463.0000153,1301116.0000151,7,Saint Joseph Regional Medical Center - Plymouth,IN,2.428493645079954,11372.79230781
150082,10089,462248110.001166,132182578.9998098,109961030.0002399,213,Deaconess Hospital Inc,IN,3.4970426019742824,13101.653186620062
150084,4809,512464006.00197697,100822176.999841,91054555.0000843,157,Ascension St Vincent Hospital,IN,5.082850036086655,20965.3102515785
150086,766,23737904.999988,8013600.0000192,5935629.9999676,29,St Elizabeth Dearborn Hospital,IN,2.9622023809437863,10461.618798980679
150088,498,27107332.000002,5886965.0000244,5251566.0000022,20,Ascension St Vincent Anderson,IN,4.604636174988241,11821.214859486747
150089,3236,224041129.000736,44457245.0001106,38420731.9999359,95,Indiana University Health Ball Memorial Hospital,IN,5.039473971006945,13738.332818328367
150090,1122,61378988.999901,18452363.9999679,15623190.9998572,36,Franciscan Health Dyer,IN,3.326348266271345,16445.957219222728
150091,142,3830546.0,1596962.9999892,1451450.9999898,7,Parkview Huntington Hospital,IN,2.398644176493698,11246.218309783098
150097,394,12909598.999954998,4112123.9999569003,3580224.0000044,17,Major Hospital,IN,3.1393992496554834,10436.862944053046
150100,2557,187152855.000222,37483175.0000763,33141071.9998287,79,Ascension St Vincent Evansville,IN,4.992982985028377,14659.043801359523
150101,95,2876872.999994,1314228.999994,1195822.999999,4,Parkview Whitley Hospital,IN,2.189019569654249,13833.989473621052
150102,47,1239382.000002,480304.00000400003,413891.9999987,3,Northwest Health- Starke,IN,2.580411572653316,10219.234042638298
150104,356,11133265.999977,3811842.0000128,3337321.0000002002,18,Witham Health Services,IN,2.9207050029722152,10707.421348350563
150109,1538,115193266.000132,22344727.0000388,18348335.9998761,50,Franciscan Health Lafayette,IN,5.155277394972513,14528.431079349024
150112,2032,70161369.000098,23070576.9999008,19046798.9999026,59,Columbus Regional Hospital,IN,3.0411622995124783,11353.630413337007
150113,754,30306466.999976,7665890.0000248,6539401.9999461,28,Community Hospital Of Anderson And Madison County,IN,3.953417933192096,10166.962864754378
150115,889,28720182.000008002,9028009.999882199,7475195.0,28,Memorial Hospital And Health Care Center,IN,3.1812306366943273,10155.241844636894
150125,4813,267399997.000304,64918323.0001097,55157974.0000875,129,Community Hospital,IN,4.119021943925633,13488.120299212487
150126,2202,115854461.000113,27594431.9999717,22971888.9999991,70,Franciscan Health Crown Point,IN,4.198472394729191,12531.531335137011
150128,1442,67490024.99999,15315026.9999914,13062539.9999942,55,Community Hospital South,IN,4.406784591370808,10620.684466013454
150133,331,24281210.999998,3154595.0000035,2772452.9999874,14,Lutheran Kosciusko Hospital,IN,7.697092970720825,9530.498489436555
150146,123,3549164.9999869997,1799175.0000160001,1669706.9999858001,5,Parkview Noble Hospital,IN,1.9726624702741182,14627.439024520327
150150,94,6784229.000003,1151930.9999848,995697.9999962,5,Dupont Hospital Llc,IN,5.8894404266336435,12254.585106221275
150153,1418,189733584.000677,33202803.9999244,30786101.0000327,29,Ascension St Vincent Heart Center,IN,5.714384363474513,23415.23554296502
150157,502,39914687.999822,7297026.0000108,6386536.999964301,22,Ascension St Vincent Carmel,IN,5.469993939964436,14535.908366555377
150158,1546,95437428.00011,17466851.0001223,14928367.9999696,56,Iu Health West Hospital,IN,5.463917222368345,11298.092496844956
150160,460,26813657.000081,8377969.9999359995,7167275.999887001,8,Orthoindy Hospital,IN,3.20049570484089,18212.978260730433
150161,981,51573967.999907,10159307.9999497,8686468.000025,39,Indiana University Health North Hospital,IN,5.076523716001361,10356.073394444138
150162,4860,396102529.00014,78997666.9999249,64757529.0002599,129,Franciscan Health Indianapolis,IN,5.014104138043932,16254.663991754094
150165,683,32397631.999949,7585712.9999838,6162565.9999448005,27,Franciscan Health Munster,IN,4.2708749988324355,11106.461200561933
150166,190,79222157.9999,6693870.0000020005,6343224.000010001,6,Pinnacle Hospital,IN,11.83503085657121,35230.894736852635
150167,91,17529160.999866,3100912.000013,2697565.999997,5,Orthopaedic Hospital At Parkview North Llc,IN,5.652905016263769,34075.9560440989
150168,242,66525109.00022,5788929.999992,4430112.999981,10,The Orthopaedic Hospital Of Lutheran Health Networ,IN,11.49177982810501,23921.19834707438
150169,2320,130721550.000198,29356969.0000057,25104034.999983698,82,Community Hospital North,IN,4.452828560066014,12653.865948278319
150172,13,308371.000002,119444.0,87678.0000005,1,Physicians' Medical Center Llc,IN,2.5817203040922942,9188.0
150173,2279,121387247.99976501,24469107.9999725,20996846.9999016,69,Indiana University Health Arnett Hospital,IN,4.960836659836617,10736.774023682536
150177,33,5102723.00009,807764.999995,762965.000002,2,Unity Physicians Hospital,IN,6.317088509803701,24477.727272575758
150179,74,834510.999989,752080.000015,649423.0000187,3,Community Fairbanks Recovery Center,IN,1.1096040314492555,10163.243243445946
150181,55,1945241.0000029998,636032.9999994,547206.9999994,4,Ascension St Vincent Fishers,IN,3.058396341077955,11564.236363625454
150183,231,6663488.999966,2331882.0000142,1945554.0000332,7,Monroe Hospital,IN,2.8575584012936432,10094.727272788745
150193,52,5096389.999805,1041467.0000150001,881526.000004,2,Franciscan Health Orthopedic Hospital Carmel,IN,4.893472380528233,20028.21153875
160001,215,4500001.999979001,2753701.9999825,2457431.9999861,11,Unitypoint Health - Marshalltown,IA,1.6341644811267153,12807.916278988372
160005,132,2790354.000011,1080078.0000001001,888008.0000006,7,St Anthony Regional Hospital & Nursing Home,IA,2.583474526849673,8182.4090909098495
160013,159,3235653.0000059996,2419678.999983,2234896.0000056,6,Trinity Muscatine,IA,1.3372240698161748,15218.106918132076
160016,657,23970860.99992,7758248.000018099,6660252.9999839,25,Trinity Regional Medical Center,IA,3.089726056690129,11808.596651473516
160028,626,28602674.999896,7548592.999979001,6540668.0000462,22,Chi Health Mercy Council Bluffs,IA,3.7891399099111016,12058.45527153195
160029,1022,47116810.000054,10985193.0001134,9543759.0000351,39,University Of Iowa Health Care Medical Center Down,IA,4.289119908914446,10748.721135140313
160030,1889,62472346.000069,17427175.0000434,14136612.9999548,67,Mary Greeley Medical Center,IA,3.5847660908846914,9225.608787741345
160032,104,3057855.000012,1198491.0000001001,1049716.9999986999,3,Mercyone Newton Medical Center,IA,2.5514209118063835,11523.951923077886
160033,3264,130663248.000356,38477437.0001206,33369857.9999933,96,Genesis Medical Center-Davenport,IA,3.395840736480095,11788.430453468322
160040,88,6522927.999997,1055741.999997,860353.9999985,3,Mercyone Cedar Falls Medical Center,IA,6.178524677445376,11997.06818178409
160045,2424,107779204.9998868,31097369.9999353,26488718.0000168,83,St Lukes Hospital,IA,3.4658623864368927,12828.94801977529
160047,1164,34809674.999953,11508031.9999907,10049900.0000287,40,Methodist Jennie Edmundson,IA,3.024815624424848,9886.625429545275
160057,1351,48736779.000002995,17838052.000142,16062314.9999013,44,Southeast Iowa Regional Medical Center,IA,2.732180565434781,13203.591413872688
160058,5905,717752708.001525,162115647.99984092,137444222.9997503,186,University Of Iowa Hospital & Clinics,IA,4.427411646297274,27453.962404714803
160064,2702,138047047.999947,33003466.9998798,28314143.9999382,80,Mercyone North Iowa Medical Center,IA,4.182804430832972,12214.458549178313
160067,760,32920940.99984,8549329.0000542,7124574.0000233,33,Mercyone Waterloo Medical Center,IA,3.850704657597256,11249.117105334473
160069,2680,98224899.999974,29195378.0000027,24907720.9998501,77,Mercyone Dubuque Medical Center,IA,3.3643989812348005,10893.797761195037
160079,2266,83832642.000044,23369169.9999932,20229806.000085298,77,Mercy Medical Center - Cedar Rapids,IA,3.587317906458312,10312.961165045543
160080,577,21390131.999976,7029488.99996,6194445.9999645,23,Mercyone Clinton Medical Center,IA,3.0429142146886807,12182.823223500865
160082,7252,434276585.999985,97646843.99990539,79161100.9999872,166,Unitypoint Health - Des Moines Iowa Methodist Medi,IA,4.4474206048114135,13464.815774945586
160083,4927,411134002.999546,78610165.0000978,69420550.0002284,144,Mercyone Des Moines Medical Center,IA,5.230036128267057,15954.975644428212
160089,126,5102447.999989999,1719687.999973,1548850.0000066,6,Ottumwa Regional Health Center,IA,2.9670777490277946,13648.317460103175
160101,117,5201574.999964001,2105720.999975,1731341.000006,4,Broadlawns Medical Center,IA,2.4702109158933,17997.61538440171
160104,330,11159484.999968,3441367.9999821,2905758.9999682,15,Trinity Bettendorf,IA,3.2427467797765437,10428.387878733636
160110,1642,56583988.9999495,19254751.999948,16327293.9999585,59,Allen Hospital,IA,2.9387025602875756,11726.401948811204
160112,440,12629430.9999711,5944132.9999826,5327927.0000114,17,Spencer Municipal Hospital,IA,2.1246884953630865,13509.393181778636
160117,967,27121668.000055,9567555.0000699,8029963.9999144,35,Finley Hospital,IA,2.8347543337725107,9894.058945263598
160124,240,5334843.000019,2458307.9999951,2152390.9999765004,11,Lakes Regional Healthcare,IA,2.1701279904835498,10242.949999979583
160146,1147,34311110.9998383,12338268.00003,10490894.0000673,39,St Lukes Regional Medical Center,IA,2.780869324588741,10756.990409790758
160147,115,2669335.9999989998,1197498.9999926,996891.0000005,4,Grinnell Regional Medical Center,IA,2.229092466896002,10413.034782544348
160153,1101,51479487.999816,15778654.000096,12823391.9999138,46,Mercyone Siouxland Medical Center,IA,3.2626032613113125,14331.202543229792
170006,324,8419122.000047,3834447.9999841,3396569.999979,11,Ascension Via Christi Hospital Pittsburg Inc,KS,2.1956542376065373,11834.716049333641
170009,171,6172968.000019,1775678.0000186,1557656.9999723,5,Saint John Hospital,KS,3.476400563589986,10384.0818714538
170012,1448,75559800.000052,20184361.9999922,17547993.9999834,52,Salina Regional Health Center,KS,3.743482206674712,13939.476519331629
170013,1403,73340438.999755,21758795.9999741,20001383.9999601,45,Hays Medical Center,KS,3.370611085275228,15508.764076959445
170014,250,11136761.999962,3807559.9999798,3506842.9999706997,10,Adventhealth Ottawa,KS,2.9249078149841585,15230.2399999192
170016,1523,83646143.000015,16540688.9999269,14108756.9999575,52,University Of Kansas Hlth System St Francis Campus,KS,5.056992668224684,10860.596848277675
170017,12,331014.99999599997,182771.000004,163614.999996,1,Susan B Allen Memorial Hospital,KS,1.8110914750630878,15230.916667
170020,1312,56052152.000117,16362024.0001265,14520502.000126,41,Hutchinson Regional Medical Center Inc,KS,3.4257468391247707,12471.054878145198
170023,360,17922139.000096,7196913.9999741,6591040.000027601,14,Centura St. Catherine Hospital-Garden City,KS,2.4902533224880132,19991.427777705834
170027,356,13382850.999981001,7099858.9999906,6453215.9999629995,13,Pratt Regional Medical Center,KS,1.8849460249842593,19943.424157276968
170040,9186,1374795882.002737,229845962.9995129,195232760.9995705,235,University Of Kansas Hospital,KS,5.981379285768228,25021.332788973756
170049,2092,92328830.999985,21490610.0000155,18467838.0000454,67,Olathe Medical Center,KS,4.296240590654169,10272.758126202438
170068,260,11231579.000023,3723933.9999862,3274935.9999784,11,Southwest Medical Center,KS,3.016052110500514,14322.823076870001
170074,84,2286734.9999989998,716230.9999965,605039.0000086001,5,"Stormont Vail Health Flint Hills, Llc",KS,3.1927339084878685,8526.559523767857
170075,12,127155.0,75219.9999996,59220.0,1,"Mercy Hospital, Inc",KS,1.6904413719845277,6268.3333333
170086,5170,323722814.999859,69577165.0000604,55756476.0000415,132,Stormont Vail Hospital,KS,4.652716376121074,13457.865570611295
170103,416,13308272.999963999,4507071.0000155,3809593.0000129,18,Nmc Health,KS,2.9527542388212282,10834.305288498797
170104,2562,198122685.000222,30303158.0000999,26438504.9999411,77,Adventhealth Shawnee Mission,KS,6.538021053765052,11827.930523067876
170105,117,3413229.000011,1588449.0000006,1437932.999989,6,Mcpherson Hospital Inc,KS,2.1487809806986,13576.487179492307
170109,14,268262.000006,87264.9999998,69708.9999998,1,Miami County Medical Center,KS,3.074107603353175,6233.2142857
170120,161,4123019.99998,2289360.9999775,2078293.0000002,8,Labette Health,KS,1.8009479501138181,14219.63354023292
170122,6053,405662571.000395,101462167.9998108,89231964.999697,158,"Ascension Via Christi Hospitals Wichita, Inc.",KS,3.9981658089658745,16762.294399440078
170123,5881,1105593492.005195,93689653.0001609,77629907.00011949,149,Wesley Medical Center,KS,11.800593305680149,15930.90511820454
170137,1437,62529734.999778,17846706.0000699,15467748.000074899,44,Lmh,KS,3.503712954061836,12419.419624265764
170142,657,20545809.00001,7262793.0000265,6229181.9999809,23,"Ascension Via Christi Hospital Manhattan, Inc",KS,2.8289129264643824,11054.47945209513
170145,74,1473698.999991,865044.9999915,772333.0000008,4,"Coffeyville Regional Medical Center, Inc",KS,1.7036096388112532,11689.797297182433
170146,811,41124578.99988,10015237.000013199,8947946.0000472,28,Providence Medical Center,KS,4.106201281090582,12349.244143049567
170150,12,294660.0,97733.0000004,72972.9999996,1,South Central Ks  Med Center,KS,3.014948891354957,8144.4166667
170175,125,4612291.000015,1589155.0000056,1424104.0000208002,4,Centura St Catherine Hospital - Dodge City,KS,2.902354395888851,12713.2400000448
170176,1837,216809957.999065,26125175.0000068,22569070.9998446,65,Overland Park Reg Med Ctr,KS,8.298890170075744,14221.652150248665
170182,1850,163571996.99975,23530900.9999039,18967038.0001078,64,Menorah Medical Center,KS,6.951369902938184,12719.405945894
170183,75,2769038.000017,1067147.99998,811212.9999909999,3,Kansas Surgery & Recovery Center,KS,2.5948022205625607,14228.639999733334
170185,1478,94113754.999869,12909866.9999866,9888708.0000493,51,Saint Luke's South Hospital,KS,7.29006387129834,8734.686738827198
170186,626,22353112.0000766,10036139.000038799,9091159.0000063,25,Kansas Heart Hospital,KS,2.2272620975048456,16032.17092657955
170187,367,11819001.000068001,5379679.000105999,4499497.999984,2,Salina Surgical Hospital,KS,2.1969714177807123,14658.52588584741
170188,561,31437495.999735,7231409.999983,6292193.0002150005,3,Kansas City Orthopaedic Institute,KS,4.347353558961379,12890.213903713011
170190,77,4487125.000015,1053597.0000139999,730354.000004,2,Manhattan Surgical Hospital Llc,KS,4.258862734001118,13683.07792225974
170191,155,5297319.999975,2695844.0000055,2472618.0000317004,7,University  Of Ks Hlth System Great Bend Campus,KS,1.9649950071162101,17392.541935519355
170194,19,1565720.9999990002,242828.999996,215192.999992,1,Ascentist Hospital,KS,6.4478336608263085,12780.473684
170196,684,47880318.000257,14229735.0001019,12294970.9999543,10,"Kansas Spine & Specialty Hospital, Llc",KS,3.364807426133665,20803.706140499853
170197,346,10614479.000032,4837900.0000046,4174118.9999969,19,Kansas Medical Center Llc,KS,2.1940261270431196,13982.369942209825
170198,239,10000344.000040999,2989887.999957,2497697.9999965,3,"Summit Surgical, Llc",KS,3.344721942823551,12509.991631619247
170200,706,25839777.000043,6390113.999982201,5359035.9999105,22,"Ascension Via Christi Hospital St. Teresa, Inc.",KS,4.043711426762492,9051.152974479037
170203,93,9456771.999944001,2477487.000023,2269307.9999752,3,Mercy Specialty Hospital Southeast Kansas,KS,3.8170823902834643,26639.645161537635
170204,199,5360094.000031,2045009.9999606,1773511.000017,8,"Rock Regional Hospital, Llc",KS,2.621060043781825,10276.43216060603
180001,1058,29846462.999988,10380175.9999615,7914242.9999803,34,St Elizabeth Ft Thomas,KY,2.875333038678603,9811.13043474622
180002,295,12824243.000021,2916828.0000104,2533195.9999842998,12,Whitesburg Arh Hospital,KY,4.396640117269607,9887.552542408135
180004,130,3475245.999991,1551041.9999940998,1400686.0000226,6,Owensboro Health Muhlenberg Community Hospital,KY,2.2405879402390263,11931.092307646923
180005,177,10053401.000026,1841310.0000072,1644967.0000153,7,Highlands Arh Regional Medical Center,KY,5.459917667305716,10402.881355972882
180009,3713,168745250.999933,44253005.9999248,37145846.999805,103,King's Daughters' Medical Center,KY,3.8131929614051474,11918.39644490299
180010,2228,143755216.99989,38021361.0000042,33427191.0000307,72,Saint Joseph Hospital,KY,3.7809066592822416,17065.24281867334
180011,628,27950871.999906,6836337.999997,5955614.0000331,19,Chi Saint Joseph London,KY,4.088573736394875,10885.88853502707
180012,2510,133786886.99976501,26469108.0000316,22885295.9997743,69,Baptist Health Hardin,KY,5.054453931715616,10545.461354594263
180013,2504,141381705.000141,34142758.000089,28676961.0000747,74,The Medical Center At Bowling Green,KY,4.140898781515321,13635.2867412496
180016,103,3276590.9999989998,1474399.0000049998,1349642.999999,5,Uofl Health - Shelbyville Hospital,KY,2.2223231296195185,14314.553398106795
180017,866,19913974.000078,8884303.000036,7491742.0000093,32,T J Samson Community Hospital,KY,2.2414784817669218,10259.01039265127
180018,473,13995822.99986,5554368.9999888,4906184.0000674,13,St Claire Regional Medical Center,KY,2.519786315941239,11742.852008432981
180019,186,13326806.999914,2586622.9999901,2291922.9999652,9,Meadowview Regional Medical Center,KY,5.152203084858136,13906.575268763978
180020,105,4521285.999995001,1185515.0000096,1042321.0000201,5,Middlesboro Appalachian Regional Healthcare Hospit,KY,3.8137737607355353,11290.619047710477
180024,73,3212276.000004,772921.9999876,671781.9999882,4,Spring View Hospital,KY,4.156015742928179,10587.972602569864
180025,227,9148181.0,2851331.999962,2472185.9999995,6,Flaget Memorial Hospital,KY,3.2083885707177973,12560.933920537445
180027,639,26723722.000067,6913416.000018001,5978842.000018,30,Murray-Calloway County Hospital,KY,3.865487336505921,10819.117370920188
180029,495,41396840.99986,6924440.0000109,6233246.0000394005,17,Hazard Arh Regional Medical Center,KY,5.978366626008,13988.767676789697
180035,4945,241946573.000188,70835006.0001151,52507841.9997569,140,St Elizabeth Medical Center North,KY,3.415635667480495,14324.571486373125
180038,2720,109103562.000343,38740876.9998383,34028504.000003904,91,Owensboro Health Regional Hospital,KY,2.8162388270352885,14242.96948523467
180040,3408,278382594.9997201,64470409.9998763,54370110.9999971,111,Uofl Health - Jewish Hospital,KY,4.317990144629982,18917.37382625478
180043,133,6374078.000031,1824091.000037,1646296.9999807999,6,Adventhealth Manchester,KY,3.4943859708214706,13714.969925090227
180044,2154,188612060.999714,39096133.9999153,34188972.9998859,63,Pikeville Medical Center,KY,4.82431487983243,18150.480037100882
180045,1620,57514118.000041,19815998.0000223,13761815.0001022,53,St Elizabeth Florence,KY,2.9024083470323463,12232.097530877963
180046,32,1112094.999989,323562.9999952,271344.00000510004,2,Bourbon Community Hospital,KY,3.4370277195028405,10111.34374985
180048,970,34131361.000034,10486938.9999657,9180603.9999274,36,Ephraim Mcdowell Regional Medical Center,KY,3.2546542895067505,10811.277319552268
180049,355,15293259.999982,3650519.0000287,3162669.0000251,12,Baptist Health Richmond,KY,4.18933855702758,10283.152112756901
180050,220,10096129.999963,2602804.0000044,2348715.9999714,8,Harlan Arh Hospital,KY,3.878943631539652,11830.927272747273
180051,518,21030253.000102,5273667.0000446,4605519.9999973,21,Jennie Stuart Medical Center,KY,3.987785538966367,10180.824324410425
180056,636,19074063.000005,7064673.0000208,6143076.9999764,25,Deaconess Henderson Hospital,KY,2.6999215674878143,11107.976415127045
180064,173,5457187.9999710005,2087691.9999658,1892032.9999864,6,Chi Saint Joseph Mount Sterling,KY,2.6139813727601573,12067.583814831214
180066,42,2140651.000006,538992.000008,438321.99999599997,2,Logan Memorial Hospital,KY,3.9715821384625887,12833.142857333332
180067,4462,510562115.001298,126583384.9998955,90470801.0001146,161,University Of Kentucky Hospital,KY,4.0334054504998385,28369.203272051884
180069,263,10041715.000014,2622282.0000162,2351088.9999928,12,Tug Valley Arh Regional Medical Center,KY,3.8293802878378314,9970.653992457033
180070,148,4311875.000014,1825067.0000042,1669954.9999944,5,Owensboro Health Twin Lakes Medical Center,KY,2.3625844969001557,12331.533783812163
180078,133,6410138.000009,1252809.0000087,1114184.9999849,6,Paintsville Arh Hospital,KY,5.116612348701587,9419.616541418796
180079,119,2205179.999974,1155306.0000063,996983.0000118,5,Harrison Memorial Hospital,KY,1.90874106077695,9708.453781565546
180080,811,44570024.000023,8753752.999959001,7488892.9999067,25,Baptist Health Corbin,KY,5.091533197273415,10793.77681869174
180087,220,4344153.999989,2157768.9999971,1858357.999989,11,Taylor Regional Hospital,KY,2.0132618459134592,9808.040909077727
180088,11355,928544957.000007,175108427.9994375,151119968.9998524,231,Norton Hospital / Norton Healthcare Pavilion / Nor,KY,5.30268569941699,15421.261822935932
180092,282,18247956.999978,2788419.9999546,2375540.9999858,11,Clark Regional Medical Center,KY,6.5441924101373194,9888.01418423617
180093,852,58578197.999923,10815994.0000672,9437804.0000373,33,Baptist Health Deaconess Madisonville,KY,5.41588669516265,12694.828638576526
180095,30,544524.0,222189.9999996,149317.0000002,2,Crittenden Community Hospital,KY,2.45071335344066,7406.33333332
180101,98,6673789.000001,1014574.9999875,860839.000015,4,Georgetown Community Hospital,KY,6.577915876187787,10352.806122321428
180102,1925,98012884.000082,19286641.9999322,16454947.0000225,65,Mercy Health Lourdes Hospital,KY,5.081905082306529,10019.034805159585
180103,3807,337494138.000007,48165568.9999447,40082585.0000769,106,Baptist Health Lexington,KY,7.006958393876639,12651.843708942659
180104,2107,185544048.999747,26029713.0000661,21790192.9999613,74,Baptist Health Paducah,KY,7.1281634568646925,12353.921689637447
180105,160,1830763.0000112,897120.9999977,734097.0000004,8,Monroe County Medical Center,KY,2.0407091128352737,5607.006249985625
180106,25,407097.00000400003,158917.9999996,134962.0000003,2,The Medical Center At Albany,KY,2.5616796083830953,6356.7199999839995
180115,42,912491.999994,253018.999999,202718.0000002,3,Rockcastle Regional Hospital & Respiratory Care Ct,KY,3.6064169093926006,6024.261904738095
180116,323,19316320.000004,2819153.0000066,2383455.0000253,14,Jackson Purchase Medical Center,KY,6.8518168400078965,8728.027863797523
180124,1005,73436042.99995,9728038.9999019,8038788.9999677995,41,Tristar Greenview Regional Hospital,KY,7.548905077445778,9679.640795922289
180127,532,39679893.000020996,6169020.9999889,5012566.9999418,19,Frankfort Regional Medical Center,KY,6.432121563549937,11595.90413531748
180128,108,6435743.0,1185940.9999797,1065394.9999949,5,Three Rivers Medical Center,KY,5.426697449628744,10980.935184997223
180130,7146,583568587.000227,87297452.9998957,71375681.0001715,182,Baptist Health Louisville,KY,6.684829476077889,12216.268261950141
180132,1317,109450205.999996,14795118.9999458,12565110.0000395,47,Lake Cumberland Regional Hospital,KY,7.397723938577105,11233.955201173729
180138,54,2249850.000008,680147.0000041,588528.0000095,3,Baptist Health La Grange,KY,3.3078878536469873,12595.314814890742
180139,149,9090859.000027,1673720.9999862001,1497508.9999708,5,Kentucky River Medical Center,KY,5.431525923437631,11233.026845544968
180141,1300,138643865.000111,31116097.9999724,26799507.9999389,60,University Of Louisville Hospital,KY,4.4556957302369335,23935.459999978768
180143,240,8694588.999955,2916181.0000374997,2460814.0000256,8,Chi Saint Joseph East,KY,2.9814984048806283,12150.754166822915
190002,3920,275884813.000014,49974414.000075,43656643.9999532,121,Ochsner Lafayette General Medical Center,LA,5.520521221111267,12748.575000019133
190004,837,39447607.00007,7623614.0000216,6144569.0000234,32,Thibodaux Regional Medical Center,LA,5.174397208457594,9108.260454028195
190005,198,25853464.999865,8097373.000034001,6555152.000035,9,University Medical Center New Orleans,LA,3.1928213013969398,40895.82323249496
190006,146,5797136.00003,3092983.999966,2438646.0000010002,7,Ochsner University Hospital And Clinics,LA,1.8742858029959821,21184.821917575344
190007,129,4352079.999976,1965719.0000141,1825470.9999894,7,Natchitoches Regional Medical Center,LA,2.213988876306727,15238.131783055038
190008,1070,40947899.000081,14375793.9999553,12708558.0000407,38,Terrebonne General Health System,LA,2.848392165344629,13435.321495285327
190011,146,5671566.999992,1653557.9999966,1428505.999993,9,Ochsner Lsu Health Monroe,LA,3.42991718464285,11325.739726004109
190013,191,4736945.9999979995,2000435.0000167,1762211.0000412,5,West Calcasieu Cameron Hospital,LA,2.3679579691209436,10473.481675480105
190014,76,3700134.00001,1001366.0000110001,926165.9999876,4,Ochsner St Mary,LA,3.695086511794243,13175.868421197369
190015,1637,131017916.000204,17173537.9998904,14754982.0000569,46,"North Oaks Medical Center, L L C",LA,7.62905791462657,10490.860109890285
190017,570,30235635.999952,7624561.9999436,6917381.000022,27,Opelousas General Health System,LA,3.965557103499933,13376.424561304562
190019,3038,168775120.00041202,33719085.9999454,28815992.9999685,81,Christus St Frances Cabrini Hospital,LA,5.005329029401488,11099.106649093286
190020,238,8779680.999984,2424692.9999884004,2054117.9999792,10,Lane Regional Medical Center,LA,3.620945414543615,10187.785714236976
190025,78,2815539.000007,716016.9999901,645216.9999984,5,Savoy Medical Center,LA,3.9322236763176415,9179.705128078205
190026,2647,368687064.999205,38353643.9999164,33738170.99965,84,Rapides Regional Medical Center,LA,9.61283013942583,14489.476388332601
190027,1338,91167800.000099,18992314.9998644,16573603.0000061,47,Christus Ochsner St Patrick Hospital,LA,4.800246836720532,14194.555306326158
190034,110,3733115.999989,1017968.9999922,894413.0000033,8,Abbeville General Hospital,LA,3.6672197287123716,9254.263636292728
190036,4687,389127912.999777,99721721.9999083,69201160.0000465,144,Ochsner Medical Center,LA,3.902137921366168,21276.236825241795
190039,559,34908642.0,6586234.9999928,5253280.0000197,26,West Jefferson Medical Center,LA,5.300242399495032,11782.173524137388
190040,1346,66836266.00009,11277428.9999824,9409876.9999367,47,Slidell Memorial Hospital,LA,5.926551698990463,8378.476225841307
190041,2749,165833087.000554,28033768.0000924,23770527.0000257,82,Christus Shreveport-Bossier Health System,LA,5.915476185720286,10197.805747578173
190044,302,9019434.000018,2604079.0000044,2230369.9999853,16,Ochsner Acadia General Hospital,LA,3.4635792539330645,8622.778145709934
190045,1726,95549858.000281,17624154.0000331,14726082.0000212,64,St Tammany Parish Hospital,LA,5.42152877239393,10210.981460042352
190046,427,42512476.999954,4872262.0000046,4087582.0000034003,23,Touro Infirmary,LA,8.725408650009763,11410.449648722717
190050,137,4013811.999981,1199542.0000011,1016064.000001,9,Beauregard Memorial Hospital,LA,3.3461204359474865,8755.78102190584
190053,280,6702639.000016,2586929.999986,2292929.9999695,11,Ochsner American Legion Hospital,LA,2.5909626468641496,9239.035714235713
190054,594,21764672.00005,6220560.0000511,5290328.9999809,21,Iberia Medical Center,LA,3.498828401280787,10472.323232409259
190060,1571,82034168.000107,20104716.0000602,17929826.0000332,52,Lake Charles Memorial Hospital,LA,4.080344532091941,12797.400381960662
190064,3944,213639161.999739,69143070.9999107,54830536.0001744,125,Our Lady Of The Lake Regional Medical Center,LA,3.089813034194199,17531.20461458182
190065,2347,82026483.9999422,33005390.9999555,27345721.9998275,75,Baton Rouge General Medical Center,LA,2.485245031639007,14062.799744335536
190081,59,871323.9999950001,493655.9999999,404853.9999981,4,West Carroll Memorial Hospital,LA,1.7650428638468418,8367.050847455932
190086,460,20476527.99997,3491313.0000288,2969452.9999973,20,Northern Louisiana Medical Center,LA,5.86499348520201,7589.810869627827
190088,53,808433.9999790001,426815.9999903,364189.9999995,3,Springhill Medical Center,LA,1.8941042510059907,8053.132075288679
190090,92,1907979.0000139999,760086.9999958,654755.000005,5,Winn Parish Medical Center,LA,2.510211331103601,8261.815217345651
190098,792,65516071.999709,23840276.0000618,21081926.0000041,37,Ochsner Lsu Health Shreveport,LA,2.748125566983334,30101.358585936614
190099,85,1695117.999981,587202.9999935001,494091.0000018,5,Avoyelles Hospital,LA,2.886766586682568,6908.2705881588245
190102,3955,196318095.000144,51234548.9997524,41926699.0000138,110,"Our Lady Of Lourdes Regional Medical Center, Inc",LA,3.8317521834942423,12954.373956953832
190106,44,1356314.000004,458720.99999599997,418721.0,2,Oakdale Community Hospital,LA,2.9567296897587574,10425.477272636363
190111,7703,450189929.000402,96506621.9997032,79783497.9998243,174,"Willis Knighton Medical Center, Inc",LA,4.664860500472045,12528.446319577204
190114,172,4798748.999989,1700942.0000018,1463748.0000041,8,Claiborne Memorial Medical Center,LA,2.8212302359421555,9889.19767442907
190116,49,922635.000005,469433.0000002,426534.9999996,3,Morehouse General Hospital,LA,1.965424245855334,9580.26530612653
190118,12,207053.00000400003,125070.0,112269.9999996,1,Desoto Regional Health System,LA,1.655496921755817,10422.5
190125,2319,133740947.99966401,27919673.999853,23203591.9999514,66,St Francis Medical Center,LA,4.790204498819297,12039.5316946326
190140,102,1665972.999999,1236960.0000127,1123381.0000076,6,Franklin Medical Center,LA,1.3468285150545654,12127.05882365392
190144,228,8893632.999986,2244282.9999834998,1969301.9999695,8,Minden Medical Center,LA,3.9627947990745316,9843.3464911557
190145,47,1490015.000002,324017.0000001,276653.999999,2,Lasalle General Hospital,LA,4.598570445382619,6893.978723406383
190151,24,433779.0,165528.9999996,140358.9999996,2,Richardson Medical Center,LA,2.6205619559173816,6897.04166665
190160,1595,106041790.000203,15902461.0000289,13610464.9999608,53,Glenwood Regional Medical Center,LA,6.668262855668081,9970.194984344138
190164,204,12698291.000008002,2197741.0000045,1885865.0000181,8,Byrd Regional Hospital,LA,5.777883290152024,10773.24019610049
190167,274,10283175.000002,1878321.0000027,1556132.9999993,13,Mercy Regional Medical Center,LA,5.474663276398028,6855.186131396715
190176,2834,347300193.000924,53657186.999934204,34255283.9998703,97,East Jefferson General Hospital,LA,6.472575481852037,18933.375793907624
190183,38,786461.0000080001,615350.999994,536401.000002,2,Leonard J Chabert Medical Center,LA,1.2780689395412839,16193.447368263156
190184,49,619241.999996,412150.0000055,361234.00000490004,4,Citizens Medical Center,LA,1.5024675481929792,8411.224489908163
190190,13,159137.99999500002,102875.9999995,93276.0000003,1,"Caldwell Memorial Hospital, Inc",LA,1.5468914032016552,7913.538461499999
190201,11,554080.000001,162982.00000499998,123869.00000200002,1,Christus Ochsner Lake Area Hospital,LA,3.3996392238652238,14816.545454999998
190202,614,19057780.999956,5753087.9999766,4819014.9999748,26,Ochsner Medical Center - Baton Rouge,LA,3.312617675939168,9369.850162828337
190204,41,2140380.000008,450674.9999984,396274.9999982,3,"Ochsner Medical Center - Northshore, L L C",LA,4.749276085905806,10992.073170692682
190208,52,580183.0000080001,332775.0000006,281574.9999991,3,East Carroll Parish Hospital,LA,1.7434693111169828,6399.519230780769
190218,30,589114.999994,191780.0000006,161092.0,2,Sabine Medical Center,LA,3.07182709350379,6392.666666686667
190245,11,785161.999996,180620.0,163020.0,1,Monroe Surgical Hospital,LA,4.347037980267966,16420.0
190251,13,1149949.000005,406315.0,388714.999998,1,Surgical Specialty Center Of Baton Rouge,LA,2.830190861782115,31255.0
190256,69,9180136.000053,1311128.00001,1133912.0000035001,3,Sterling Surgical Hospital,LA,7.001708452556106,19001.855072608698
190259,88,9048126.000069,1979580.9999988,1581027.9999898,6,Lafayette Surgical Specialty Hospital,LA,4.570727845980783,22495.23863635
190266,310,34274792.999772996,7953126.000038,6758100.000066,5,The Spine Hospital Of Louisiana,LA,4.309600149627861,25655.245161412902
190267,121,19121176.000186,2842997.000023,2586740.999979,6,Avala,LA,6.7257109311164625,23495.842975396692
190270,32,1513037.0,302004.0,239248.0,1,Our Lady Of The Lake Surgical Hospital,LA,5.00998993390816,9437.625
190274,346,10194549.999979999,4137758.0000342997,3040736.0000211997,16,Ochsner Medical Center-Kenner,LA,2.463785943956967,11958.83815038815
190278,316,37504308.999060005,8329682.000037,7341013.000019,6,Specialists Hospital Shreveport,LA,4.502489890837779,26359.75316467405
190298,53,8774537.999809999,1501690.9999890001,1409933.0000129999,2,Christus Central Louisiana Surgical Hospital,LA,5.843104873022661,28333.792452622645
190300,47,7943750.999989999,447732.9999982,374133.0000016,3,"St Charles Surgical Hospital, Llc",LA,17.742161064790704,9526.234042514894
190303,87,9945415.000082,2148431.0000239997,1878399.999999,3,Cypress Pointe Surgical Hospital,LA,4.62915262345912,24694.609195678157
190308,39,944982.999995,394864.9999995,334480.0000002,2,St Bernard Parish Hospital,LA,2.3931799475673876,10124.74358973077
190312,70,2048018.0,903308.9999998,825944.9999834,3,Our Lady Of The Angels Hospital,LA,2.2672396710322307,12904.41428571143
190313,27,1554503.000002,415927.99999599997,328923.999995,2,New Orleans East Hospital,LA,3.737432921123247,15404.740740592591
190316,180,3742523.9999929997,1767269.9999777,1545879.9999972999,6,The General,LA,2.1176866013909725,9818.166666542778
190318,155,6380504.000017,1242640.0000240998,1048283.9999986,8,Acadian Medical Center,LA,5.134635936307585,8017.032258219999
200001,646,19891454.000102,8151362.0000086,7182267.9999431,26,St Joseph Hospital,ME,2.440261394363422,12618.20743035387
200008,286,12861139.999921,3616129.9999936,3044985.9999792,12,Northern Light Health,ME,3.5566033300638424,12643.811188788812
200009,4897,395823185.001156,121337710.9998863,91496806.999978,153,Maine Medical Center,ME,3.262161299561081,24777.968347944927
200018,152,5107582.999984,1848589.000004,1666233.000012,8,Northern Light A R Gould Hospital,ME,2.7629629950048105,12161.769736868422
200019,1204,43276585.00002,13855629.999979999,11370041.0000329,41,Southern Maine Health Care,ME,3.123393523072027,11507.99833885382
200020,392,14126089.999974001,4145685.0000358,3446461.0000305,16,York Hospital,ME,3.4074200041373177,10575.727040907654
200021,789,26302064.000049,8546446.9999883,7077410.0000275,34,Mid Coast Hospital,ME,3.07754368570764,10831.99873255805
200024,899,32969073.999986,11724826.000092499,9834937.9999777,30,Central Maine Medical Center,ME,2.8119030508193386,13042.075639702445
200031,104,2096954.0000180001,1095975.9999957,956863.0000081,6,Cary Medical Center,ME,1.9133210946464405,10538.230769189424
200033,2514,174707526.999759,42414945.9998266,35583220.0000068,84,Northern Light Eastern Maine Medical Center,ME,4.119008591935334,16871.498011068656
200034,263,8571776.000024,3033604.999982,2572717.0000055,9,St Mary's Regional Medical Center,ME,2.8256071571858765,11534.619771794676
200037,133,4026134.999988,2231271.0,2035105.9999821,6,Franklin Memorial Hospital,ME,1.8044132693823385,16776.473684210527
200039,928,44872255.999997,14614520.999944901,12197372.0000809,39,Mainegeneral Medical Center,ME,3.0703884171206277,15748.406249940626
200041,50,1657425.999979,1049125.999994,961805.9999930001,2,Northern Light Inland Hospital,ME,1.579815961084254,20982.519999879998
200050,192,8080161.999953,3572332.999991,3273362.9999989998,9,Northern Light Maine Coast Hospital,ME,2.261872563384588,18605.901041619793
200052,75,1665515.9999850001,1385937.0000160001,1294425.000004,3,Northern Maine Medical Center,ME,1.2017256195380976,18479.160000213335
200063,281,11645638.99996,4328313.0000021,3889147.9999895003,11,Penobscot Bay Medical Center,ME,2.6905722853117022,15403.249110327759
210001,4795,85255271.0002069,77986280.0000729,70927698.9999284,126,Meritus Medical Center,MD,1.0932085874608612,16264.083420244608
210002,5048,368690719.00049,370759282.998569,358191339.0006518,175,University Of Maryland Medical Center,MD,0.9944207357902163,73446.76763046137
210003,1389,41249031.000058,36660323.9999333,33960314.0000088,50,University Of Md Capital Region Medical Center,MD,1.1251682063730002,26393.32181420684
210004,2476,54660602.0001346,49158316.9999218,43823155.999854796,69,Holy Cross Hospital,MD,1.111929889711675,19853.92447492803
210005,5251,84597199.000208,76862070.9997509,68849337.9999467,124,Frederick Health Hospital,MD,1.1006364764811265,14637.606360645763
210006,1296,23971138.0001009,22050163.0001736,20072182.999954402,41,University Of Md Harford Memorial Hospital,MD,1.0871184036105392,17014.014660627778
210008,1230,36659256.999941,31450467.9999905,27889893.9999823,53,Mercy Medical Center Inc,MD,1.165618807324332,25569.486178854066
210009,8803,443111996.999573,386027250.0009745,363435208.0003282,232,"Johns Hopkins Hospital, The",MD,1.1478775060528872,43851.78348301425
210011,2560,66344374.000049,57548885.0001076,53624429.9998103,79,Saint Agnes Hospital,MD,1.1528350896794084,22480.033203167033
210012,3790,149212483.000161,129111010.00004101,119896024.000078,114,Sinai Hospital Of Baltimore,MD,1.1556913930122117,34066.229551462005
210015,5370,109563785.9993868,99832060.0002836,88385115.0002621,123,Medstar Franklin Square Medical Center,MD,1.097480969530986,18590.700186272552
210016,2793,66781093.9997905,60281255.9999173,55311210.0000207,82,Adventist Healthcare White Oak Medical Center,MD,1.1078251919615296,21582.977443579413
210017,350,6701211.0000075,5997184.0000331,5480890.9999897,15,Garrett Regional Medical Center,MD,1.1173929297434453,17134.811428666002
210018,2057,36248249.9999207,32140932.9998296,28681316.9999933,62,Medstar Montgomery Medical Center,MD,1.1277908454030527,15625.149732537482
210019,5748,128052449.0000429,117030989.0003415,106841132.0003281,143,"Tidalhealth Peninsula Regional, Inc",MD,1.094175569170566,20360.29732086665
210022,5250,95949931.0001991,86558849.0001139,75969000.0001121,140,Suburban Hospital,MD,1.108493609937822,16487.399809545506
210023,7584,129949235.00037271,119655457.000446,108391923.0004134,166,"Luminis Health Anne Arundel Medical Center, Inc",MD,1.086028487609122,15777.354562295095
210024,3113,101180146.000116,90065376.0001226,81165672.99997461,91,Medstar Union Memorial Hospital,MD,1.123407801017544,28932.019274051592
210027,3545,74686074.000176,66596962.9998556,61963090.0001459,95,U P M C Western Maryland,MD,1.121463661944133,18786.167277815402
210028,1670,29006915.9998573,25280757.0000724,22481256.0000087,47,Medstar Saint Mary's Hospital,MD,1.1473911164833484,15138.177844354732
210029,4000,124555446.9998888,107977995.9999912,101180568.9996818,106,Johns Hopkins Bayview Medical Center,MD,1.1535261962066692,26994.4989999978
210030,82,2407195.000004,2186983.9999909997,2008348.0000149999,5,Umd Shore Medical Ctr At Chestertown,MD,1.100691637439463,26670.536585256094
210032,1418,23023261.9998944,20066773.000129,18268203.999904398,46,Union Hospital Of Cecil County,MD,1.1473325581420786,14151.461918285613
210033,3588,63463509.9999793,57009871.999914,50413055.0001733,87,Carroll Hospital Center,MD,1.1132021134879069,15889.039018928093
210034,1330,26706984.999782998,24439706.00004,22485328.0000072,41,Medstar Harbor Hospital,MD,1.092770305818707,18375.718797022557
210035,1645,35374561.9999775,32877670.999914896,30488840.9998283,47,University Of Md Charles Regional  Medical Center,MD,1.0759448867308474,19986.426139765896
210037,2171,48947709.000002,43561717.999948,40745823.0,61,University Of Md Shore Medical Center At Easton,MD,1.1236404634009252,20065.27775216398
210038,405,15472278.999978,13680318.999892,12505526.999974001,16,University Of Md Medical Center Midtown Campus,MD,1.1309881736018106,33778.565431832096
210039,1666,25645927.999827802,23360005.000175,20852844.000305198,45,Calverthealth Medical Center,MD,1.0978562718473595,14021.611644762905
210040,2426,54123674.000107,48204431.000054,44013762.000075,63,Northwest Hospital Center,MD,1.1227945829304855,19869.922094004123
210043,4857,97441987.0000687,88815576.0001086,81293028.0002244,126,Umd Baltimore Washington  Medical Center,MD,1.0971272313760545,18286.09759112798
210044,3381,65859403.9998,57656552.9998966,51627523.9998383,95,Greater Baltimore Medical Center,MD,1.1422709227851013,17053.106477342975
210048,4827,71402430.0004044,65889150.9999281,58362287.0000022,119,Johns Hopkins Howard County Medical Center,MD,1.0836750651178115,13650.124507961074
210049,4419,76698242.0000525,67711932.9998086,60964927.0001606,115,University Of Md Upper Chesapeake Medical Center,MD,1.1327138157504573,15322.908576557727
210051,2892,56522075.0001305,52685144.9999205,47778766.000026,76,"Luminis Health Doctors Community Medical Ctr, Inc",MD,1.0728275494015587,18217.546680470437
210056,3234,76627078.999798,68978370.99998939,63542610.0002149,82,Medstar Good Samaritan Hospital,MD,1.1108855991947069,21329.119047615768
210057,3750,86398041.0001412,75209077.9999024,67905628.9998437,101,Adventist Healthcare Shady Grove Medical Center,MD,1.148771442195493,20055.754133307306
210058,539,25368156.999919,22372064.999967,21244638.000056,12,Umd Rehabilitation &  Orthopaedic Institute,MD,1.133921119930432,41506.61410012431
210060,427,8272391.999985101,7285545.999954999,6525880.0000574,16,Adventist Healthcare Fort Washington Medical Ctr,MD,1.1354525796743575,17062.16861816159
210061,960,14294121.999916099,13074592.0000061,11768751.9999735,30,Atlantic General Hospital,MD,1.0932748035204027,13619.36666667302
210062,2781,56960522.9998966,50922720.999741,44820686.0000568,79,Medstar Southern Maryland Hospital Center,MD,1.1185679374868107,18310.938870816615
210063,3986,90901568.9996103,80869272.9999862,73557716.9997638,110,University Of Md St Joseph Medical Center,MD,1.124055721381665,20288.327395882137
210064,599,37403323.000023,33381447.000040002,31071722.00025,12,Levindale Hebrew Geriatric Center And Hospital,MD,1.1204823745351176,55728.62604347246
210065,1162,20569515.9999871,18770081.0000206,16636264.9999531,42,Holy Cross Germantown Hospital,MD,1.0958671941780391,16153.25387265112
220001,1792,57765754.999725,21134480.9997761,18360339.0000627,53,Health Alliance - Clinton Hospital,MA,2.7332469153293606,11793.795200767912
220002,2393,47947799.0000627,36567551.999971904,32077287.000165097,76,Mount Auburn Hospital,MA,1.3112116173404098,15281.049728362685
220008,2299,46388417.000119,25495819.0000054,22147370.9998824,65,Sturdy Memorial Hospital,MA,1.819451926612327,11089.960417575207
220010,2292,59686048.000134,31297430.0000487,27417319.9997787,65,Lawrence General Hospital,MA,1.9070590780150678,13655.074171050917
220011,636,16107517.000025,14204562.000016,12904581.000038,23,Cambridge Health Alliance,MA,1.1339678759547007,22334.21698115723
220012,7658,253040688.999386,136423029.9998829,124768449.99981649,166,Cape Cod Hospital,MA,1.854823844622152,17814.44633061934
220015,1385,37160364.999984,15911412.9999833,13699086.999923,47,"Cooley Dickinson Hospital Inc,the",MA,2.335453488638816,11488.384837533069
220016,1037,19170455.000137,10299408.9999805,8751556.0000237,31,Baystate Franklin Medical Center,MA,1.8613160231012573,9931.927675969624
220017,166,3899423.999985,2696829.999988,2325870.0000117,7,Carney Hospital,MA,1.4459287385568802,16245.963855349397
220019,926,19574333.999915,9635620.0000747,8439937.9999619,30,Umass Memorial Healh - Harrington Hospital,MA,2.0314555783398736,10405.637149108747
220020,2231,63181029.999942,26767409.9999986,23384038.9998579,74,Saint Anne's Hospital,MA,2.360371436756313,11997.942626624204
220024,1004,19307688.9999469,12188100.0000898,10759880.999984499,29,Holyoke Medical Center,MA,1.5841426473203077,12139.541832758765
220029,1539,22837132.0000293,15787491.000055,13709146.0000057,49,Anna Jaques Hospital,MA,1.4465333345209659,10258.278752472384
220030,1014,17782167.0000674,10633497.000005899,9266506.000076499,25,Baystate Wing Hospital And Medical Centers,MA,1.6722783671314843,10486.68343195848
220031,1834,101745307.000271,54910121.000057,47034058.9998586,75,Boston Medical Center Corporation-,MA,1.8529426842852048,29940.08778629062
220033,5621,117851832.0002421,65247629.9999748,56098991.9999206,128,Beverly Hospital Corporation,MA,1.8062239502076567,11607.833125773848
220035,5747,211450236.000154,76604901.999947,66033425.0001211,134,North Shore Medical Center -,MA,2.7602703022882307,13329.546198007134
220036,1791,111936952.0000795,56456562.999949396,51395934.0000166,73,St Elizabeth's Medical Center,MA,1.9827092910381354,31522.369067531767
220046,3918,121120829.0000836,67727664.000097,62514520.0000193,97,Berkshire Medical Center Inc - 1,MA,1.7883509019284958,17286.284839228436
220049,947,26506351.999997,10394793.9999695,8999482.9999556,34,Marlborough Hospital,MA,2.5499641455208035,10976.551214328932
220052,83,4986820.9999939995,1551535.999995,1423135.0000149999,4,Signature Healthcare Brockton Hospital,MA,3.2141187829415947,18693.204819216866
220060,4493,103569194.0001247,55479489.999796204,48560011.0001328,110,Beth Israel Deaconess Hospital - Plymouth,MA,1.8668014792584635,12347.983529890096
220062,1413,19000020.000241898,14425142.0001561,12967219.999981299,4,Adcare Hospital Of Worcester Inc,MA,1.3171461327754201,10208.876150145861
220063,4420,126243764.000413,57546891.9999969,49234696.0001161,115,Lowell General Hospital,MA,2.193754686185655,13019.65882352871
220065,847,12700932.0000665,8017636.0000128,6915515.0000466,30,Baystate Noble Hospital,MA,1.584124297990857,9465.92207793719
220066,1213,32075516.000099998,15810850.000003,14076681.0000478,45,Mercy Medical Ctr,MA,2.028702821169887,13034.501236605936
220070,2227,45032065.999977,26554379.9999329,21236146.9999984,63,Melrosewakefield Healthcare,MA,1.6958432469555227,11923.834755246025
220071,13872,1838126124.000045,487733372.9986323,399221705.0000865,295,Massachusetts General Hospital,MA,3.7687109920304747,35159.55687706404
220073,2460,47564701.9998308,26820678.9998764,23491321.0000482,67,Morton Hospital,MA,1.773433923878288,10902.715040600162
220074,9461,369879055.999584,134536899.00004292,117726690.0000762,189,"Southcoast Hospital Group, Inc",MA,2.7492759142565495,14220.156325974307
220075,141,8472236.000071999,4492491.000011,3779076.0000139996,7,Massachusetts Eye And Ear Infirmary -,MA,1.8858659928425576,31861.638297950354
220077,10466,426441429.000396,213712174.9997667,187702000.9999098,225,Baystate Medical Center,MA,1.9954007253019699,20419.661284135935
220080,2283,48991566.0001272,27475713.999963403,24275879.999950502,66,Holy Family Hospital,MA,1.7830861829538789,12034.916338135525
220083,1963,33173794.0000499,20716532.9999689,18304568.9998958,52,Beth Israel Deaconess Hospital - Needham,MA,1.6013197768226806,10553.50636778854
220084,1562,33616259.0000506,16184375.999948,14021095.9999629,52,Emerson Hospital -,MA,2.077080945237469,10361.316261170296
220086,8825,398050833.9993109,254568213.9994708,222264821.0001561,237,Beth Israel Deaconess Medical Center,MA,1.563631325944481,28846.256543849384
220088,1766,75996280.000563,40456483.000024,37060465.999773,18,New England Baptist Hospital,MA,1.8784697622014725,22908.540770115513
220090,3036,58025710.9999146,34710409.9998853,30641037.0001881,83,Milford Regional Medical Center,MA,1.6717091788920484,11432.941370186198
220095,655,12514133.999921,7625650.9999514,6845044.9999881,21,Heywood Hospital -,MA,1.6410577929675454,11642.215267101374
220098,224,4587258.000014,2570781.9999947,2182937.9999731,9,Nashoba Valley Medical Center,MA,1.7843823397018717,11476.705357119195
220100,11049,253140987.9993365,130822688.9996748,112540089.0004296,223,South Shore Hospital,MA,1.9349930041566856,11840.22888946283
220101,5579,211393669.999974,75884563.9999352,63607991.9996821,133,Newton-Wellesley Hospital,MA,2.785726883798852,13601.821831857895
220105,3119,55396658.9998269,32612212.9999036,27324590.0,78,Winchester Hospital,MA,1.6986476508046433,10455.983648574414
220108,2135,41446167.9999026,24094255.0001249,21283542.9997911,56,Beth Israel Deaconess Hospital-Milton Inc,MA,1.720168064946924,11285.365339636955
220110,11654,1616517144.003049,423789464.0000064,347522163.0000032,276,Brigham And Women's Hospital,MA,3.8144344806151778,36364.29243178363
220111,4041,93928935.9996865,48373592.0000411,41752519.0000382,100,Good Samaritan Medical Center,MA,1.9417399476889516,11970.698342004725
220116,2740,236590309.000067,98873629.0000701,83611592.0001925,108,Tufts Medical Center,MA,2.392855520655556,36085.266058419744
220119,2565,106406073.000048,35414935.0002768,29695160.999795,78,Brigham And Women's Faulkner Hospital,MA,3.004553672037414,13806.992202836958
220135,2442,69555943.00003,28878263.9998958,25605625.0000404,59,Falmouth Hospital,MA,2.4085915621618033,11825.660933618263
220163,8956,762819910.001115,243893525.9998891,206775180.9995851,217,Umass Memorial Medical Center Inc,MA,3.127675926918461,27232.41692718726
220171,7996,298890322.000546,179143606.00001448,148146919.9996525,188,"Lahey Hospital & Medical Center, Burlington",MA,1.6684397990767352,22404.15282641502
220175,1488,93902809.000032,21431055.9999232,19156964.0001781,50,Metrowest Medical Center,MA,4.3816230520963835,14402.591397797849
220176,1968,144632995.999983,32977303.0000169,28748461.0000853,66,St Vincent Hospital,MA,4.385834584468866,16756.759654480134
220177,73,1705661.9999850001,1373396.999999,1290197.000004,5,Nantucket Cottage Hospital,MA,1.2419293183152738,18813.657534232876
230002,3736,136751012.0003,46923857.9998995,37096821.9998694,95,Trinity Health Livonia Hospital,MI,2.9143173180814093,12559.919164855326
230003,93,2251563.0000030003,1072741.9999965,853362.9999944,4,Corewell Health Zeeland Hospital,MI,2.0988858458141344,11534.86021501613
230005,498,20824193.000021,6099597.9999993,5340510.0000422,18,Promedica Charles And Virginia Hickman Hospital,MI,3.4140271211354243,12248.188755018675
230015,58,1452483.999988,693785.000006,625988.0000048,3,Three Rivers Health,MI,2.09356500929746,11961.810344931035
230017,3390,150176097.999562,51781780.0001413,42505167.0001217,114,Bronson Methodist Hospital,MI,2.900172570335593,15274.861356973835
230019,5992,273044950.000049,85967449.9996427,74887125.9999155,148,Ascension Providence Hospital,MI,3.176143412433239,14347.037716896311
230020,3042,210546589.000308,46626727.0000194,39108109.000045,101,Beaumont Hospital - Dearborn,MI,4.515577278246882,15327.655161084616
230021,1786,70877332.999943,23948995.9999335,19898867.999897,59,Corewell Health Lakeland Hospitals St Joseph Hospi,MI,2.959511663876841,13409.292273199047
230022,281,7655146.999969,2845543.9999974,2428767.0000056,12,Promedica Coldwater Regional Hospital,MI,2.6902226779751057,10126.491103193595
230024,1013,79547259.000031,17302128.9999986,15045962.000024099,40,Sinai-Grace Hospital,MI,4.59754166669532,17080.087857846593
230029,3097,134987050.999966,43620800.0000104,35689142.000090696,89,Trinity Health Oakland Hospital,MI,3.0945569774037573,14084.856312563901
230030,452,10332843.999933,5298451.0000113,4501233.0000101,19,Mymichigan Medical Center Alma,MI,1.9501631703135434,11722.236725688716
230031,480,21391198.999996,5459611.9999844,4856602.9999428,17,Lake Huron Medical Center,MI,3.918080442356915,11374.191666634168
230035,266,6073430.999972,3016678.0000142,2578238.9999704,11,Corewell Health United Hospital,MI,2.0132844804594363,11340.894736895489
230036,752,19582315.00008,9601281.0000326,8562739.99996,23,Mymichigan Medical Center Alpena,MI,2.0395523264045194,12767.660904298671
230037,137,3296492.000005,1704122.0000032,1479314.000005,9,Hillsdale Hospital,MI,1.934422535475048,12438.846715351825
230038,6744,393519789.000228,139079554.0002874,100964556.0001719,187,Corewell Health Grand Rapids Hospitals Butterworth,MI,2.8294582322245208,20622.709667895524
230041,2090,101580956.000487,25408831.9999827,22513105.99995,76,Mclaren Bay Region,MI,3.9978601141743217,12157.335885159186
230046,7172,774880065.999694,220013408.9998964,172298595.0000056,207,University Of Michigan Health,MI,3.521967454265748,30676.71625765427
230047,3842,162143895.000245,51432833.999906,42654142.9998883,111,Henry Ford Health Macomb Hospital,MI,3.152536665596559,13386.994794353463
230053,4147,340126979.998883,121008895.0000916,93658559.0000506,140,Henry Ford Health Hospital,MI,2.810760151132903,29179.863756954812
230054,922,70988648.000409,17076097.000001,15263910.0000086,44,Up Health System - Marquette,MI,4.157194000502859,18520.712581345986
230055,238,8469455.999979999,3239333.0000094,2875729.9999882,9,Marshfield Medical Center,MI,2.614567875533458,13610.642857182353
230058,199,5296191.000004,2882246.0000006,2498426.0000287,7,Munson Healthcare Grayling Hospital,MI,1.8375221962326942,14483.648241209044
230059,1351,52683391.000051,22460144.0001747,15728296.0000768,50,Trinity Health Grand Rapids Hospital,MI,2.3456390573293393,16624.829015673353
230066,1917,88647416.999801,32886175.999968298,28397501.0001943,69,Trinity Health Muskegon Hospital,MI,2.6955830011943758,17155.02138756823
230069,707,19792556.999974,9391168.000023201,7755888.000055401,25,Trinity Health Livingston Hospital,MI,2.107571390472953,13283.123055195476
230070,3586,148498059.999925,45633130.9998895,40125963.9999415,105,Covenant Medical Center,MI,3.254172061967095,12725.357222501256
230071,290,5450621.9999090005,2543421.9999916,2299021.9999955,2,Straith Hospital For Special Surgery,MI,2.14302699273931,8770.420689626206
230072,438,14921838.000055,3899770.9999995,3100501.9999944,22,Holland Community Hospital,MI,3.8263369823656093,8903.586757989726
230075,1148,39326463.000052,12645619.999983601,10361460.0000577,44,Bronson Battle Creek Hospital,MI,3.1098880877412887,11015.348432041465
230077,975,47651670.000003,13333995.0000109,11710871.000004001,42,Ascension St Mary's Hospital,MI,3.573697905238756,13675.892307703487
230080,143,3942188.000044,1698548.9999815999,1518524.0000052,5,Mclaren Central Michigan,MI,2.3209150869870134,11877.965034836363
230081,319,8778435.000032,3946479.9999960996,3497466.9999976,13,Munson Healthcare Cadillac Hospital,MI,2.2243708317388347,12371.410658294983
230089,1607,66252036.000192,16718129.0000652,13135021.000093501,56,"Beaumont Hospital, Grosse Pointe",MI,3.962885798999016,10403.31611702875
230092,3093,168039705.999494,43594545.0000621,36306004.0001016,92,Henry Ford Health Jackson Hospital,MI,3.8546039647679455,14094.582929215034
230093,204,4623845.000043,2353221.9999681,2086501.9999688999,6,Corwell Health Big Rapids Hospital,MI,1.9648996142759505,11535.40196062794
230095,240,4134750.0000241995,3028974.0000318997,2742299.9999883,9,Mymichigan Medical Center West Branch,MI,1.3650661907235435,12620.725000132916
230097,3775,190505340.000179,65653610.0002118,57574505.0000716,125,Munson Medical Center,MI,2.9016734951751233,17391.684768268027
230099,905,25720452.000045,10018154.9999523,8572718.0000779,28,Promedica Monroe Regional Hospital,MI,2.567384114157494,11069.784530334033
230100,161,2408810.0000243,2084098.0000275,1869864.9999809,8,Ascension St Joseph Hospital,MI,1.1558045734857552,12944.70807470497
230104,475,54195758.000261,12449390.000031,10689578.999951,25,Harper University Hospital,MI,4.3532862252789934,26209.24210532842
230105,1293,43154347.000045,17987755.0000539,16012136.999967901,52,Mclaren Northern Michigan,MI,2.399095773759187,13911.643464852204
230108,70,2563070.000004,1147545.999992,1062833.999987,4,Up Health System Portage,MI,2.233522664905693,16393.5142856
230110,215,6266984.999983001,2804586.0000019004,2507613.9999841,8,Corewell Health Ludington Hospital,MI,2.234549056430701,13044.586046520466
230117,1441,97390101.99969299,25807210.9998825,22462485.0000091,53,Ascension Borgess Hospital,MI,3.773755405035298,17909.23733510236
230121,424,18224068.999987997,4183459.9999747,3630719.9999871003,13,Memorial Healthcare,MI,4.356219253942481,9866.650943336557
230130,9567,697693817.001156,167160732.99977142,134490185.0002479,226,Corewell Health William Beaumont University Hospit,MI,4.173790126908035,17472.638549155577
230132,1072,63544432.000006996,17192890.9999481,15270221.0000374,45,Hurley Medical Center,MI,3.6959713174589903,16038.144589503823
230133,132,2956465.9999829996,1619941.9999966,1467234.9999941,6,Munson Healthcare Otsego Memorial Hospital,MI,1.8250443534331506,12272.287878762121
230141,2460,119359264.000312,35305496.9999719,30945238.0001297,77,Mclaren Flint,MI,3.3807558069613637,14351.828048769064
230142,609,30325704.999991998,7176128.0000721,6090376.999996699,24,Beaumont Hospital - Wayne,MI,4.225914727229965,11783.461412269458
230144,21,1198827.0,253682.999997,168634.9999992,1,Forest Health Medical Center,MI,4.72568914753522,12080.142857
230146,2029,85757276.999908,23919902.000144,19635732.9999618,68,Henry Ford Health Wyandotte Hospital,MI,3.5851851315858956,11789.010349997043
230151,1879,104338155.999855,27841679.0000718,23021307.0000045,65,Beaumont Hospital - Farmington Hills,MI,3.7475525811351362,14817.285258154232
230156,7150,334899919.000278,106560516.0000778,86803946.9996368,184,Trinity Health Ann Arbor Hospital,MI,3.1428143516125004,14903.568671339552
230165,3220,171480755.000332,61622311.0000597,52054810.0000861,102,Ascension St John Hospital,MI,2.782770594244118,19137.363664614815
230167,1191,54057968.000059,16820658.9999645,14414777.9999824,47,Mclaren Greater Lansing,MI,3.2137841924132156,14123.139378643578
230174,41,1046790.999999,379287.00000420003,322855.0000036,3,Trinity Health Grand Haven Hospital,MI,2.759891586021689,9250.90243912683
230176,1706,88807628.999802,18885453.9998297,15401290.9999301,56,Beaumont Hospital - Trenton,MI,4.70243548291732,11070.019929560198
230180,43,772631.999999,504479.0,458079.00000390003,3,Mymichigan Medical Center Clare,MI,1.531544425038505,11732.06976744186
230193,797,27741164.000127003,10445954.0000084,9447754.9999809,29,Mclaren Lapeer Region,MI,2.655685062379625,13106.592220838646
230195,3544,155202115.999363,48901596.9997849,42129759.0002077,101,Ascension Macomb Oakland Hosp-Warren Campus,MI,3.1737637525425946,13798.419017997998
230197,2491,112823963.999995,36049526.9999866,31736102.9999234,77,Ascension Genesys Hospital,MI,3.129693324409969,14471.909674824004
230207,267,9383895.999993999,4214856.9999469,3880755.9999658996,11,Mclaren Oakland,MI,2.2263853791747192,15785.981273209361
230208,25,525826.999997,312232.99999100005,271381.9999996,2,Sparrow Carson Hospital,MI,1.684085282504273,12489.319999640002
230216,1440,46235648.000128,15394508.0000275,13365980.0000091,49,Mclaren Port Huron,MI,3.0033858828125855,10690.630555574653
230217,194,9922998.000032,2583304.9999647,2317070.9999609,9,Oaklawn Hospital,MI,3.8412026455132455,13316.005154457216
230222,2492,112531689.000532,42232572.0001749,37903515.9999448,84,Mymichigan Medical Center Midland,MI,2.6645710566731755,16947.260032172915
230227,1736,73128116.000073,24141490.0000232,20899722.9998444,60,Mclaren Macomb,MI,3.029146751091284,13906.38824886129
230230,2620,172036800.00012,40816781.0000083,33771195.0000277,75,Edward W Sparrow Hospital,MI,4.214854669702763,15578.924045804695
230236,560,29215609.999946002,10425823.0000496,8254618.9999653995,21,University Of Michigan Health - West,MI,2.8022353726710123,18617.541071517142
230239,147,3325101.000008,2421371.0000325,2109495.0000066003,7,Mymichigan Medical Center-Sault,MI,1.3732307027561534,16471.911564846938
230241,45,803187.0,491543.0,432253.0,2,Ascension River District Hospital,MI,1.6340116734446426,10923.177777777777
230244,984,42758860.000058,13469905.0000438,11801044.999999,34,Garden City Hospital,MI,3.1743995224850483,13688.927845572967
230254,1674,63800653.000065,19650586.9999678,17378115.9998772,64,Ascension Providence Rochester Hospital,MI,3.2467555803890007,11738.701911569771
230259,785,23067160.000031002,7893647.9999815,6320881.0000063,32,Chelsea Hospital,MI,2.9222433024737184,10055.602547747134
230269,8645,432181758.001292,95946539.9997183,78037914.9995415,182,"Beaumont Hospital, Troy",MI,4.504401701224046,11098.500867520914
230270,765,35726560.999928996,8707125.9999731,7514439.0000363,27,Beaumont Hospital - Taylor,MI,4.103140462196064,11381.864052252418
230273,747,94179947.99964601,17285833.000027902,15664222.0000161,31,Detroit Receiving Hospital & Univ Health Center,MI,5.448389325495276,23140.33868812303
230275,12,77319.9999996,80712.9999996,59790.0,1,Healthsource Saginaw,MI,0.9579621622289245,6726.0833333
230277,740,60132287.000018,10775015.999924,8837921.0000123,28,Huron Valley-Sinai Hospital,MI,5.580714404548646,14560.832432329731
230279,204,2598779.999938,1838199.0000840002,1616540.0000037998,2,Ascension Brighton Center For Recovery,MI,1.41376423326269,9010.779412176471
230297,107,32076812.000779998,11605121.000034,11365727.999957,5,Karmanos Cancer Center,MI,2.7640221933649824,108459.0747666729
230301,205,2614706.0000082003,2151033.0000051,1833591.0000059,5,Surgeons Choice Medical Center,MI,1.2155582922261077,10492.843902463903
230302,2563,108696644.999985,30390236.9999455,24112450.999998,83,Henry Ford Health West Bloomfield Hospital,MI,3.576696193589406,11857.291065136753
230303,62,1571132.000006,1292296.000006,1200432.999986,2,Munson Healthcare Manistee Hospital,MI,1.215767904565754,20843.483871064516
240001,2589,144380895.999979,43454365.999999404,36365319.0001481,90,North Memorial Health,MN,3.322586641811342,16784.22788721491
240002,4163,225156671.99951202,71560058.9999062,63570302.0001964,127,Essentia Health St Mary's Medical Center,MN,3.1464014304377135,17189.540956018784
240004,932,98378860.999891,31510901.000063,25187555.0000906,42,Hennepin County Medical Center,MN,3.1220580141359435,33809.9796138015
240006,69,1632169.00001,965987.999996,856050.000002,4,Olmsted Medical Center,MN,1.689636931324984,13999.82608689855
240010,14843,1449646651.999055,559296018.0008014,417129359.0003272,312,Mayo Clinic Hospital Rochester,MN,2.591913057383823,37680.79350541005
240014,95,3903250.000002,1136550.9999976,1032638.9999997,5,Northfield City Hospital,MN,3.4342937536549107,11963.694736816842
240018,235,5735281.000044,2967793.000023,2619067.9999459,12,Mayo Clinic Health System - Red Wing,MN,1.932507085231198,12628.906383076595
240019,315,10691713.999952,4449508.000004101,3722614.9999434,10,Essentia Health Duluth,MN,2.4028980282633823,14125.42222223524
240020,197,6069126.999999,2506940.000011,2255340.9999899,8,Cambridge Medical Center,MN,2.420930297483135,12725.583756401014
240022,112,2889890.999991,1572008.999998,1444501.999981,5,Sanford Worthington Medical Center,MN,1.8383425285699235,14035.794642839286
240030,345,13633051.00003,5652536.0000025,5114931.9999977,13,Alomere Health,MN,2.4118468241553828,16384.162318847826
240036,4987,262008048.99991,107168264.0001152,95516965.0000931,145,St Cloud Hospital,MN,2.4448287134671545,21489.52556649593
240038,3714,243185791.999679,58381115.0000096,51367940.9999379,116,United Hospital,MN,4.165487281283323,15719.201669361766
240040,283,17711101.000027,3678532.999997,3301970.9999876004,7,University Medical Center-Mesabi/ Mesaba Clinics,MN,4.814718530468925,12998.349823310955
240043,561,15404003.999982,7290662.0000547,6423220.0000265,19,Mayo Clinic Health System Southeast Mn Region,MN,2.1128402331456906,12995.832442165241
240044,94,1835243.999984,1231737.9999956,1120563.9999863,6,Winona Health Services,MN,1.4899629628951578,13103.595744634042
240047,2599,112898311.000081,34664071.0000963,30450331.9999632,90,St Lukes Hospital,MN,3.2569259103977535,13337.464794188649
240050,243,10284325.000001,2962039.9999654,2324773.0000266,11,M Health Fairview Lakes Medical Center,MN,3.472041228383524,12189.465020433745
240052,178,6323868.000001,2345972.9999881,2081149.9999954998,7,Lake Region Healthcare Corporation,MN,2.695626931781857,13179.623595438765
240053,4683,228750658.000341,63651724.0002096,52771804.0001396,139,Park Nicollet Methodist Hospital,MN,3.593785739402561,13592.082852916848
240056,1036,43995375.999927,12196318.999833599,10491734.9999366,30,Ridgeview Medical Center,MN,3.6072667499535926,11772.508687098069
240057,5694,519739740.00226396,121647121.0000911,106961241.0001249,163,Abbott Northwestern Hospital,MN,4.272519856856084,21364.088689864962
240064,281,11571127.000022,3471629.0000003,3057399.0000037,12,Grand Itasca Clinic And Hospital,MN,3.333054021619534,12354.551601424555
240066,583,21090861.999948,6826899.0000046,5972721.9999564,26,Lakeview Memorial Hospital,MN,3.0893765968902995,11709.946826766038
240069,170,5973703.999993,2274064.0000316002,2046164.9999664999,7,Owatonna Hospital,MN,2.626884731436754,13376.847059009413
240071,210,5224285.999987,2608569.0000541,2335868.9999751,9,Allina Health Faribault Medical Center,MN,2.002740199656843,12421.757143114763
240075,787,25120932.000077,9575750.999936,8471180.000025399,31,Essentia Health St Joseph's Medical Center,MN,2.623390269885349,12167.409148584498
240076,164,5235793.000022,2228173.0000243,2005195.0000401,5,Buffalo Hospital,MN,2.349814399494518,13586.420731855489
240078,2856,210968008.999813,46563936.9999061,38119182.0000624,98,M Health Fairview Southdale Hospital,MN,4.53071674330799,16303.899509771043
240080,3188,534183615.000807,133551362.9999634,99881947.0001499,116,M Health Fairview University Of Mn,MN,3.9998364898825733,41891.89554578526
240084,244,7887331.000007,3345622.9999933,3003835.0000073,10,Essentia Health Virginia,MN,2.357507405951835,13711.56967210369
240088,250,5534938.999973999,3607810.0000259997,3266906.0000274996,9,Centracare- Rice Memorial Hospital,MN,1.534154791946946,14431.240000103999
240093,1475,67271174.999768,23109440.0000996,19544937.0000293,51,Mayo Clinic Health System - Mankato,MN,2.9109824815953167,15667.416949220067
240100,756,33680277.999917,9147155.0000493,7928177.0000628,27,Sanford Bemidji Medical Center,MN,3.6820495552699692,12099.411375726588
240101,214,4956421.999987001,3251135.000031,2957225.9999856,10,Essentia Health St Marys - Detroit Lakes,MN,1.5245205135867137,15192.219626313085
240104,555,19546360.00003,6957407.9999446,6053192.9999794,24,St Francis Regional Medical Center,MN,2.809431328475438,12535.870270170451
240106,4390,263119849.99983,83303563.0001339,71280137.0001731,140,Regions Hospital,MN,3.158566578951816,18975.754669734375
240115,4286,233076796.00069,56707016.9996948,49043541.0001328,123,Mercy Hospital,MN,4.110193205929778,13230.755249578815
240141,138,7142885.000010001,2140847.9999915,1891294.0000276002,5,M Health Fairview Northland Medical Center,MN,3.336474611947397,15513.391304286231
240166,199,3840643.9999589,2692103.9999846998,2449717.000007,11,Mayo Clinic Health System - Fairmont,MN,1.4266328492438358,13528.160803943216
240187,232,5245854.000032,3298188.9999936,2930411.0000175,10,Hutchinson Health,MN,1.5905255884493519,14216.331896524138
240207,1500,83706690.000085,20398274.9999683,16555085.000081299,55,M Health Fairview Ridges Hospital,MN,4.103616114608469,13598.849999978867
240210,1398,111655646.000339,23335293.9999536,19824464.0001417,51,M Health Fairview St John's Hospital,MN,4.784839908190615,16691.912732441775
240213,713,40746959.999992,11270647.9999492,9165602.9999777,29,M Health Fairview Woodwinds Hospital,MN,3.6153165283997564,15807.360448736606
240214,602,20332109.000047,7608680.0000078995,6465033.9999919,25,Maple Grove Hospital,MN,2.672225537153079,12639.003322272258
250001,3451,258257215.0001876,86747451.0001531,71540425.0001776,120,University Of Mississippi Med Center,MS,2.9771158924281456,25136.902636961197
250002,169,3308402.999988,1700434.0000065,1482802.0000041,9,Tishomingo Health Services Inc,MS,1.9456227057182776,10061.739645008875
250004,6185,316466199.000435,89282155.0003814,78487051.0003012,158,North Mississippi Medical Center,MS,3.5445627292383692,14435.271624960613
250006,617,22147456.000028003,6742365.9999122,5881038.0000707,21,Baptist Memorial Hospital Union County,MS,3.284819601949288,10927.659643293679
250007,173,18434413.000096,1766773.0000107,1488989.9999982,10,Merit Health Biloxi,MS,10.43394539082517,10212.560693703468
250009,1910,78868098.99978401,23278556.9998165,19494301.0000114,54,Magnolia Regional Health Center,MS,3.3880149444145404,12187.726177914397
250019,3328,424285677.000348,38684060.9999391,33138505.0000411,87,Memorial Hospital At Gulfport,MS,10.96797145989962,11623.816406231701
250020,223,4393253.000004,2141689.9999834998,1868374.0000037001,12,Webster General Hospital/ Swing Bed,MS,2.051302009178661,9603.991031316142
250025,286,7900379.999988,2675448.9999879,2278513.9999846,15,North Mississippi Medical Center-Gilmore Amory,MS,2.9529174355495957,9354.716783174475
250027,11,120134.999996,103295.9999995,88896.0000005,1,Winston Medical Center & Swingbed,MS,1.1630169609334486,9390.5454545
250031,792,98357650.000044,8946753.9999837,7815959.9999458995,30,Merit Health River Region,MS,10.993668765255332,11296.406565635985
250034,3765,153836845.99968,42160167.0001437,35014837.999977,86,Baptist Memorial Hospital North Ms,MS,3.648867092940018,11197.919521950518
250036,53,1292385.0000089998,550256.9999991,489983.0000024,4,George Regional Health System,MS,2.348693428727147,10382.20754715283
250038,114,8805555.999967,1512877.0000177,1365319.0000051,7,Merit Health Madison,MS,5.820404434639418,13270.850877348246
250040,2374,165955227.999893,27198369.0000143,23610424.0000159,78,Singing River Health System,MS,6.101661022387252,11456.76874474065
250042,21,1310387.999991,310417.000005,288816.99999599997,1,Delta Health-Northwest Regional,MS,4.221379627951733,14781.761905
250043,96,823997.999995,854364.9999913999,724784.9999975,5,Neshoba County General Hospital,MS,0.9644566432418162,8899.635416577083
250044,153,4935507.000016,1933891.0000084,1748378.99998,7,Baptist Memorial Hospital Booneville,MS,2.552112295881496,12639.810457571242
250048,5250,253335915.999973,69546846.9998656,59681474.0001296,134,St Dominic-Jackson Memorial Hospital,MS,3.6426657271818885,13247.018476164878
250049,12,168512.000004,96858.0,73929.9999996,1,Beacham Memorial Hospital,MS,1.7397840137520908,8071.5
250050,241,6991790.000006,2956894.0000106,2667870.9999952,12,Och Regional Medical Center,MS,2.3645724195662527,12269.269709587552
250057,386,8205226.999988999,4778093.9999394,4324825.0000299,16,King's Daughters Medical Center-Brookhaven,MS,1.717259434429935,12378.481865127978
250058,1141,25637104.9999338,9986740.0000041,8493458.0000011,39,South Central Reg Med Ctr,MS,2.5671144938111214,8752.620508329623
250061,52,285428.9999999,293575.0000012,226462.9999987,4,Yalobusha General Hospital,MS,0.9722524056841805,5645.673076946154
250067,94,1866849.999992,1108192.9999861,988236.999985,5,North Mississippi Medical Center-West Point,MS,1.6845892367262885,11789.287233894682
250069,668,20410949.999956,7607106.0000148,6652233.000064,28,Ochsner Rush Hospital,MS,2.6831425774685265,11387.883233555089
250072,324,27278793.00018,3722687.9999888,3183823.0000219,6,Merit Health Central,MS,7.327714006723655,11489.77777774321
250077,141,1912872.000026,1284427.9999949,1117869.9999970999,7,Wayne General Hospital,MS,1.4892792745358987,9109.418439680143
250078,5521,270415125.000373,78961076.9999848,70190081.9996333,133,Forrest General Hospital,MS,3.424663584571232,14301.95200144626
250082,480,14798970.00004,5210077.0000198,4365030.999989,23,Delta Health System - The Medical Center,MS,2.8404513023480766,10854.327083374583
250084,325,37496942.000494,4380168.9999993,3874484.0000256,15,Merit Health Natchez,MS,8.560615355366425,13477.443076920921
250085,71,1949336.000002,829163.999993,755609.0000130001,3,Marion General Hospital,MS,2.3509655508662424,11678.366197084506
250093,413,24668819.000018,3914094.0000155,3419405.0000019,16,Bolivar Medical Center,MS,6.3025617166885395,9477.225181635593
250094,940,114451536.999552,12843345.000045,10292636.9999115,37,Merit Health Wesley,MS,8.911349574363298,13663.132978771277
250095,58,1003288.0000037,643318.0000003,572561.9999924,4,South Sunflower County Hospital,MS,1.5595521965858754,11091.689655177586
250096,155,16770722.000146998,2130338.999982,1794394.0000017001,9,Merit Health Rankin,MS,7.872325484483315,13744.12258052903
250097,842,24616222.999988,8926702.0000297,7868931.000020999,29,Southwest Ms Regional Medical Center,MS,2.7575943500641222,10601.78384801627
250099,67,1698312.000002,729798.9999992,643398.9999984,4,Greenwood Leflore Hospital,MS,2.3270955427506226,10892.52238804776
250100,2007,86285449.000218,24638251.9998628,20359248.9999977,52,Bmh-Golden Triangle,MS,3.5020929650649926,12276.159441884804
250102,4908,320164844.999388,62902688.9999588,53733729.000237,137,Mississippi Baptist Medical Center,MS,5.089843535935287,12816.358801947596
250104,1745,66521322.000112,18892576.9999699,16442239.0000905,61,Anderson Regional Medical Center,MS,3.5210295556936453,10826.691690527163
250117,133,4719339.999994,1325582.9999596002,1165537.0000154,5,Highland Community  Hospital,MS,3.5601995500378565,9966.789473380451
250123,310,29511514.000155002,3119221.9999758,2742653.9999863002,16,Singing River Gulfport,MS,9.461177819463943,10062.006451534839
250124,57,884235.000002,433253.999999,362015.9999989,3,Magee General Hospital,MS,2.040915952314441,7600.947368403508
250128,32,277444.0,351869.0,309363.0,1,Panola Medical Center,MS,0.7884866242834692,10995.90625
250138,650,130079408.000283,10333630.0000336,8582087.9999667,27,Merit Health River Oaks,MS,12.587968409925654,15897.892307744001
250141,3782,200593599.000002,42443566.9998954,35541106.0002094,106,Baptist Memorial Hospital Desoto,MS,4.726124903698512,11222.519037518616
250151,113,1299600.0000104,727747.0000014999,622575.000002,2,Alliance Health Center,MS,1.7857854446775068,6440.238938066371
250162,37,856460.999997,527145.9999919999,495145.999986,2,Ochsner Medical Center-Hancock,MS,1.624713077610373,14247.18918897297
250167,721,28060463.000005,8054480.9999898,6633321.0000889,21,Methodist Healthcare - Olive Branch Hospital,MS,3.4838325399290824,11171.263522870735
250168,243,4986333.000022,2651169.0000034003,2301367.9999917,10,University Of Mississippi Medical Center- Grenada,MS,1.880805410751108,10910.160493841153
260001,1995,92053280.999989,23156175.0001482,20527899.9999311,63,Mercy Hospital Joplin,MO,3.9753232560817953,11607.10526323218
260005,972,33873887.000103995,10402235.000008099,9002182.0000053,34,Ssm Health St Joseph Hospital-St Charles,MO,3.256404705342421,10701.887860090637
260006,3905,187420728.999738,64697926.9996579,58156217.000159,106,Mosaic Life Care At St Joseph,MO,2.8968583336639058,16567.971062652472
260009,516,15066295.999995,5662502.9999825,4961406.9999482,21,Bothwell Regional Health Center,MO,2.6607131157443207,10973.8430232219
260011,674,25857360.000055,8191959.9999927,7068515.9999629,25,Ssm Health St. Mary's Hospital - Jefferson City,MO,3.156431427897358,12154.243323431307
260017,1129,63267656.99982,13898343.0000666,12486449.00001,40,Phelps Health,MO,4.552172658245434,12310.312666135165
260020,5850,317211701.000508,84697484.9999782,74040471.9999637,163,Mercy Hospital St Louis,MO,3.7452316441342934,14478.202564098838
260022,281,26458808.999959,5724340.0000057,5377019.9999701,10,Northeast Regional Medical Center,MO,4.622158886427545,20371.31672599893
260023,1729,67679272.000144,18999205.0001239,16575681.0000456,56,Mercy Hospital Jefferson,MO,3.562215997969528,10988.551185728109
260024,91,1958869.0000089998,976817.0000042,877566.9999948,6,Texas County Memorial Hospital,MO,2.005359243338903,10734.252747298902
260025,1192,49604743.000025004,14912851.0001019,13353562.9999815,34,Hannibal Regional Hospital,MO,3.326308497260923,12510.781040353942
260027,1417,313759792.999806,31082112.9999935,24660041.0000784,65,Research Medical Center,MO,10.094545148840801,21935.15384614926
260032,10161,1209945889.001078,300792099.0001183,258861008.999526,275,Barnes Jewish Hospital,MO,4.022532151021035,29602.60791261867
260034,19,521114.000008,268266.999991,247511.00000300002,1,Bates County Memorial Hospital,MO,1.9425199522322265,14119.315789
260040,4808,311739437.000068,73189671.0001345,61472574.000022404,139,Cox Medical Centers,MO,4.259336498445186,15222.477329478888
260047,700,20836397.999946,7114218.9999621995,6104415.9999963995,28,Capital Region Medical Center,MO,2.9288384290751677,10163.169999946
260048,216,6228421.000023,5343432.000019,4991189.999968,9,University Health Truman Medical Center,MO,1.1656218325602072,24738.111111199072
260050,136,3277562.9999740003,2388535.0000010002,2235066.999976,6,Mosaic Medical Center - Maryville,MO,1.3722063942846254,17562.75735294853
260052,822,29443899.000017002,9045670.9999777,7809425.9999894,29,Mercy Hospital Washington,MO,3.255026520430556,11004.465936712531
260057,266,7713351.000012999,2371837.9999931,2053494.9999914002,13,Cameron Regional Medical Center,MO,3.2520564220808668,8916.684210500376
260059,174,4189953.000026,2277522.0000137,2063439.9999890998,9,Mercy Hospital Lebanon,MO,1.839698145616506,13089.206896630461
260062,1006,65507909.000027,10576213.0000115,8384528.9999993,41,Saint Lukes North Hospital,MO,6.193890856770356,10513.134194842445
260065,4677,257536075.99918902,62602692.00018,55537633.0000648,129,Mercy Hospital Springfield,MO,4.113817916942749,13385.223861488133
260068,3440,178628580.999798,45157056.0001151,39636263.0000403,99,Boone Hospital Center,MO,3.9557180388230515,13127.051162824157
260070,24,430496.99999499996,196661.000001,171681.0000008,2,Pemiscot County Memorial Hospital,MO,2.1890308703444554,8194.208333375
260074,103,8890557.999973,1959701.00004,1853408.999993,3,Moberly Regional Medical Center,MO,4.536691056335395,19026.223301359223
260077,4940,203661099.999842,60744697.9998168,52206907.999881,135,Mercy Hospital South,MO,3.3527387032273372,12296.497570813117
260078,596,21367316.000016,5761597.0000231,4997317.9999853,27,Ozarks Healthcare,MO,3.708575243969742,9667.109060441442
260081,1506,54203903.999874,16667029.0000023,14244776.9999534,48,Ssm Health St Clare Hospital - Fenton,MO,3.252163537956676,11067.084329350797
260085,755,59462752.999888,8712613.9999669,7698044.0000566,31,St Joseph Medical Center,MO,6.824903869276649,11539.886092671391
260091,1163,44637935.000122,17325486.9999741,15220289.999972101,43,Ssm Health St Mary's Hospital - St Louis,MO,2.576431762073339,14897.23731726062
260094,806,37093479.000037,7996377.9999899,6756494.9999455,30,Cox Medical Center Branson,MO,4.638785084957696,9921.064516116501
260095,2360,284959461.99839,29069176.9999103,23833862.0001915,79,Centerpoint Medical Center,MO,9.802804599499646,12317.447881317923
260096,3898,255711451.999289,51099358.0001629,44578253.000028804,109,North Kansas City Hospital,MO,5.004200874666054,13109.122113946358
260097,211,7749578.000028,3756665.000002,3506206.999945,7,Western Missouri Medical Center,MO,2.062887694277737,17804.099526075828
260102,84,1767602.000012,2023512.0,1873203.000009,4,University Health Lakewood Medical Center,MO,0.8735317606280566,24089.428571428572
260104,2172,117171020.99988,31940970.0000413,28045600.0000418,68,Ssm Health Depaul Hospital St Louis,MO,3.6683613866369273,14705.787292836694
260105,1783,217191097.000031,60378071.999997,45943116.0000279,78,Ssm Health Saint Louis University Hospital,MO,3.597185034329049,33863.19237240437
260108,4895,267135975.000503,60642334.9997878,52291813.0000882,133,Missouri Baptist Medical Center,MO,4.405107009837892,12388.628191989335
260110,1274,88055758.999774,16253427.0000186,14198691.0000651,44,Mercy Hospital Southeast,MO,5.417673392797299,12757.791993735165
260113,354,15359462.999992,3996544.0000185,3541538.9999806997,17,Missouri Delta Medical Center,MO,3.843186262911381,11289.67231643644
260119,1783,185257486.000501,18935757.0000231,16778781.0001054,49,Poplar Bluff Regional Medical Center,MO,9.783473985237295,10620.166573204207
260137,2676,196971890.000103,32751037.9999738,27739603.0000041,90,Freeman Health System - Freeman West,MO,6.014218236388738,12238.803437957324
260138,3665,498131133.999956,88477092.9998685,71608074.0000368,138,St Lukes Hospital Of Kansas City,MO,5.630057646680326,24141.089495189222
260141,3532,304768247.000431,64307089.999893904,57021098.9999788,122,University Of Missouri Health Care,MO,4.7392635400067675,18206.990373695895
260142,145,3714256.000004,1479625.0000011,1309141.0000008,6,Fitzgibbon Hospital,MO,2.5102684801900743,10204.310344835172
260160,181,2846378.9999911,2008974.000008,1799844.9999631,7,Mercy Hospital Stoddard,MO,1.4168321740250323,11099.303867447514
260162,541,21612914.00002,6383096.0000085,5595281.0000034,24,Barnes-Jewish West County Hospital,MO,3.385960981942183,11798.698706115527
260163,726,23315038.999911,8520090.0000296,7551488.9999642,25,Parkland Health Center,MO,2.7364780184047355,11735.661157065564
260175,275,8285858.000011,3247517.0000039,2840510.0000097,12,Golden Valley Memorial Hospital,MO,2.551444072502484,11809.152727286908
260176,133,8302701.99997,1784226.9999948,1434704.0000068,5,St Luke's Des Peres Hospital,MO,4.6533888344892205,13415.240601464662
260177,1356,65873873.000003,14274168.0000202,12176069.9999721,55,Liberty Hospital,MO,4.614901057624499,10526.672566386578
260179,4306,218110693.999942,56045690.0002067,48623952.9999957,122,St Lukes Hospital,MO,3.891658644922341,13015.719925733094
260180,1739,117503792.000089,26343932.9998875,23598937.9999373,52,Christian Hospital Northeast-Northwest,MO,4.460373931280147,15148.897642258482
260183,1925,162956199.00035802,24237410.9999422,21524951.9999166,62,Saint Francis Medical Center,MO,6.723333568950356,12590.86285711283
260186,853,32761059.999962,10290979.9999744,9180450.0000585,34,Lake Regional Health System,MO,3.183473294092836,12064.4548651517
260190,826,71713181.999617,8516135.999903,6850784.999946,34,Lee's Summit Medical Center,MO,8.420859178438885,10310.092009567798
260191,1210,50536896.000066,12011067.999963399,10098527.9999765,43,Barnes-Jewish St Peters Hospital,MO,4.2075272573779445,9926.502479308594
260193,363,22234940.0,3886121.000016,3224343.9999295,13,St Mary's Medical Center,MO,5.72162832807019,10705.567493157025
260195,147,5269996.999977,2563794.0000091,2332621.0000275,7,Citizens Memorial Hospital,MO,2.0555461944127704,17440.775510265987
260200,1716,56866360.999956,15932439.9999702,13397061.0000568,59,Ssm Health St Joseph Hospital-Lake Saint Louis,MO,3.5692185879916924,9284.638694621328
260210,118,4731871.00001,1292511.000018,1159041.999999,1,South City Hospital,MO,3.6609908928775865,10953.483051
260214,450,33084566.000057,4004540.0000022,3322241.0000053,19,Belton Regional Medical Center,MO,8.261764397418636,8898.977777782666
260216,2841,210548749.999896,26843758.9999367,20521080.0000649,82,Saint Luke's East Hospital,MO,7.843489803361463,9448.700809551812
260219,345,12261262.000002999,3448681.0000023,2945282.0000346,16,Progress West Hospital,MO,3.5553482621311807,9996.17681160087
270003,1071,33318014.999949,11661947.9999786,9819217.9998903,42,St Peters Health,MT,2.8569853852898452,10888.840336114472
270004,3751,147617756.0001436,61820732.000113696,55286959.0000014,128,Billings Clinic Hospital,MT,2.387835782984131,16481.133564413143
270012,1778,81149443.000264,22147123.0000548,18783547.0000411,70,Benefis Hospitals Inc,MT,3.664107658591286,12456.199662573003
270014,2602,116329069.999809,48845552.999826096,42731168.9999737,87,St Patrick Hospital,MT,2.381569310930376,18772.31091461418
270017,431,22891820.000101,7522659.9999421,6923506.9999631,13,Intermountain Health St James Hospital,MT,3.043048602525861,17453.967517267054
270023,343,16530749.000007,4509287.0000347,3940060.0000178,17,Community Medical Center,MT,3.6659341044115825,13146.609329547231
270032,95,3352587.000008,1409268.999997,1256541.000003,5,Northern Montana Hospital,MT,2.3789546211653962,14834.41052628421
270049,2270,138023925.000023,40381763.000025004,36076077.0001354,78,St Vincent Healthcare,MT,3.4179766990346,17789.3229075
270051,1421,74716764.999998,22285854.0000602,20271435.0000085,56,Logan Health Medical Center,MT,3.3526543339912473,15683.218860000141
270057,1055,39715431.999839,13669970.9999919,12112133.000039,40,Bozeman Health Deaconess Regional Medical Center,MT,2.9053047734967787,12957.318483404644
270086,210,13934572.000047,2891427.99996,2384832.0000126,10,Great Falls Clinic Hospital,MT,4.819269924839826,13768.704761714287
280003,8288,525526433.999219,132837245.0004155,111402603.0003176,215,Bryan Medical Center,NE,3.9561678202342665,16027.659869741254
280009,958,60706292.000314,14804554.999896301,12762966.000018701,37,Chi Health Good Samaritan,NE,4.100514470089727,15453.606471708039
280013,5445,607189626.001165,158473478.9998148,128656018.999855,190,The Nebraska Medical Center,NE,3.831490479248421,29104.4038567153
280020,901,54994539.000041,15263141.0000937,13289223.9999903,31,Chi Health St Elizabeth,NE,3.603094474440313,16940.223085564594
280023,637,31031355.999904,7757749.999895301,6522190.0000124,20,Chi Health St Francis,NE,4.000045889635887,12178.571428407065
280032,352,16597061.000002,3977149.9999813,3469108.9999984996,16,Mary Lanning Healthcare,NE,4.173104107232575,11298.721590855966
280040,4271,224381220.0,64475460.9998224,57136681.000043,143,Methodist Hospital,NE,3.4801026083492146,15096.104191014376
280060,2481,184013168.99902698,55335966.9998836,48898091.0002154,78,Chi Health Creighton University Medical Center - B,NE,3.3253809226721214,22303.896412689883
280061,829,48966569.000091,11725080.0000567,10531319.9999709,32,Regional West Medical Center,NE,4.176224725106712,14143.642943373583
280065,1349,62317560.99984,14082156.0000121,12346196.9999972,52,Great Plains Health,NE,4.425285517344536,10438.959229067532
280077,457,22516020.000017,6218117.0000136,5496257.0000217,20,Methodist Fremont Health,NE,3.6210351140011925,13606.382932196062
280081,807,38996267.999912,10865362.9999986,9584699.0001124,28,Chi Health Immanuel,NE,3.5890441948342664,13463.89467162156
280105,144,4613728.0000020005,1393016.9999895,1220261.0000041998,6,Chi Health Midlands,NE,3.31203998230946,9673.72916659375
280111,305,11298645.999962,4398074.0000197,3993647.0000006002,15,"Columbus Community Hospital, Inc",NE,2.5689986116448678,14419.914754162952
280125,890,45153469.000149004,14715441.0000633,13055821.0001497,34,Faith Regional Health Services,NE,3.0684414418809993,16534.203370857642
280127,27,1013141.9999910002,385612.000005,340926.0,2,Lincoln Surgical Hospital,NE,2.627361181648557,14281.925926111111
280128,942,74935376.00028,20796573.000132002,18489175.0001439,26,Chi Health Nebraska Heart,NE,3.603255978752093,22077.041401414015
280129,59,3375001.9999949997,1283728.000012,1194169.999997,3,Orthonebraska Hospital,NE,2.6290631660004693,21758.101695118647
280130,1418,70166421.000184,16351844.000065599,13999252.9998584,43,Chi Health Lakeside,NE,4.291040264321413,11531.624823741608
280131,156,14687482.999733001,3656370.9999935,3363345.9999855002,5,Midwest Surgical Hospital Llc,NE,4.0169564302307155,23438.275640983975
280132,1415,59653277.999724,13860137.9999652,11502173.9999931,50,"Bellevue Medical Center, Llc",NE,4.3039454585426045,9795.150530010742
280133,203,44617040.00028,7349618.000039,6283032.000032,3,"Nebraska Spine Hospital, Llc",NE,6.070661087425665,36205.014778517245
280134,831,51470708.999968,11311779.0000549,9921361.9999784,36,Kearney Regional Medical Center,NE,4.550186933436217,13612.249097538988
280139,269,9318933.0,2983789.0000104,2458081.0000339,14,Grand Island Regional Medical Center,NE,3.1231876650686488,11092.15241639554
290001,7180,531628406.001343,127855688.9998227,104848544.0000556,196,Renown Regional Medical Center,NV,4.158034813781968,17807.199025044945
290003,4723,1140382874.000524,88877377.9996832,77765950.9998883,132,Sunrise Hospital And Medical Center,NV,12.83096891094817,18817.992377658946
290005,878,37903615.000248,11877191.0000563,10886261.9997368,19,North Vista Hospital,NV,3.1912945577846084,13527.552391863668
290007,1812,249935269.000682,46619217.999939,33151650.0000523,67,University Medical Center,NV,5.361206809625357,25728.04525382947
290008,302,14873295.999987,4852952.0000241,3968538.9999848,10,Northeastern Nevada Regional Hospital,NV,3.0647935524425423,16069.377483523509
290009,1304,79579591.000291,21818260.9999462,19819965.000127,42,Saint Mary's Regional Medical Center,NV,3.64738468388875,16731.795245357516
290012,12,557205.0,219446.00000400003,217845.99999599997,1,Saint Rose Dominican Hospitals - Rose De Lima,NV,2.539144026274543,18287.166667
290019,2372,135399697.999902,38222109.000322,34409123.9998274,68,Carson Tahoe Regional Medical Center,NV,3.54244445273183,16113.87394617285
290021,1728,391669893.999951,31017866.0000537,24995146.000008,62,Valley Hospital Medical Center,NV,12.627235348791336,17950.15393521626
290022,16,7851163.0,337354.0,179302.0,1,Desert Springs Hospital,NV,23.272772814313747,21084.625
290032,625,76913959.999746,9024291.9999741,8006930.0000008,25,Northern Nevada Medical Center,NV,8.522991055693536,14438.86719995856
290039,4816,904292606.998742,91665277.0000417,76742001.9999924,127,Mountainview Hospital,NV,9.865159813986388,19033.487749178094
290041,2363,480464316.999705,31250660.0001143,25855603.000152398,79,Summerlin Hospital Medical Center,NV,15.374533433788205,13224.993652185485
290045,4134,572101295.001007,64740676.9999279,56387619.0000398,106,Saint Rose Dominican Hospitals - Siena Campus,NV,8.836813600229174,15660.541122382172
290046,1933,386060572.001195,32248958.0001574,26842898.9999757,68,Spring Valley Hospital Medical Center,NV,11.971257241840519,16683.371960764303
290047,1997,308618212.999207,34237960.0000366,28472347.0000107,73,Southern Hills Hospital And Medical Center,NV,9.013919433251196,17144.69704558668
290049,895,39983349.000112996,10459331.9999817,8705774.0000703,31,Renown South Meadows Medical Center,NV,3.8227440337664924,11686.404469253295
290053,878,106414636.99933,13557881.9999814,11269973.9999946,39,Saint Rose Dominican Hospitals - San Martin Campus,NV,7.848913052899855,15441.779043258997
290054,2226,449160388.002597,28704936.0001012,24181597.999961,70,Centennial Hills Hospital Medical Center,NV,15.647496583898095,12895.299191420127
290057,2583,464206098.000402,33132892.000089098,27957391.0001304,75,Henderson Hospital,NV,14.010431024226731,12827.29074722768
290058,24,1119652.999992,282060.9999996,247395.0,2,Dignity Health St Rose Dominican N L V  Campus,NV,3.969542049392109,11752.54166665
290061,237,31350059.000231,3829016.9999985,2865124.9999973997,12,Northern Nevada Sierra Medical Center,NV,8.187495380731734,16156.189873411393
300001,3076,199721984.000294,45801727.0000026,40856771.0001401,104,Concord Hospital,NH,4.360577582593832,14890.028283485892
300003,4999,440553205.000334,150663180.9998719,128692421.0000693,160,Mary Hitchcock Memorial Hospital,NH,2.9240933456775253,30138.663932760934
300005,789,33810915.000024,11710179.9999141,10582998.9999703,23,Concord Hospital- Laconia,NH,2.8873095887742135,14841.799746405704
300011,1083,39821764.999974,12275416.9999514,9723691.9999377,38,St Joseph Hospital,NH,3.244025437191393,11334.641735873869
300012,2317,83532983.000112,27593346.9999368,23978968.0000475,74,Elliot Hospital,NH,3.027287084828938,11909.083728932585
300014,115,5615450.999965,1414010.0000255,1193577.9999738,4,Frisbie Memorial Hospital,NH,3.971295110970737,12295.739130656522
300017,839,55409020.999966,8450969.9999851,6590732.9999915995,28,Parkland Medical Center,NH,6.556527948870212,10072.669845035876
300018,2438,101168986.000076,25444764.9999625,21689136.9999209,76,Wentworth-Douglass Hospital,NH,3.976023594646093,10436.73707955804
300019,728,24698933.000068,10468056.9999569,9323818.0000472,24,Cheshire Medical Center,NH,2.359457251729685,14379.199175764972
300020,1580,51827985.000061,18739011.9999879,15259416.0000021,53,Southern Nh Medical Center,NH,2.7657800208513907,11860.134177207532
300023,1263,53495512.00016,16280261.0001221,14286312.9999353,39,Exeter Hospital Inc,NH,3.2859124309959644,12890.151227333412
300029,2346,282871645.000969,38988308.0000846,32028350.0000385,87,Portsmouth Regional Hospital,NH,7.2552942025685025,16619.057118535635
300034,3086,226053732.999377,51354652.9998056,46021270.0001142,91,Catholic Medical Center,NH,4.401815995139383,16641.17077116189
310001,7693,1092199435.000367,234734046.999632,191391213.000101,192,Hackensack University Medical Center,NJ,4.652922952425726,30512.679968754972
310002,932,168730063.999879,34702023.999927,25772360.9999477,40,Newark Beth Israel Medical Center,NJ,4.862254259297209,37233.931330393774
310003,776,67842675.999053,17444259.000055,12953912.9999288,25,Palisades Medical Center,NJ,3.8891119421489386,22479.715206256442
310005,2137,106650962.999859,27692575.99978,23632556.000079602,58,Hunterdon Medical Center,NJ,3.851247460716774,12958.622367702386
310006,563,36360025.999962,9838597.9999855,8248420.000016001,20,St Mary's General Hospital,NJ,3.6956511486713444,17475.307282389873
310008,2381,134060066.000269,31543545.9999404,26840319.9999409,74,Holy Name Medical Center,NJ,4.24999985735663,13248.024359487777
310009,1270,131473484.000272,19721599.0000284,17347838.999957398,52,Clara Maass Medical Center,NJ,6.666471821077118,15528.818110258584
310010,3709,290622027.000244,48696130.999818,42269242.0000266,98,Penn Medicine Princeton Medical Center,NJ,5.968072227367103,13129.180641633324
310011,1869,107612383.0,19239975.9999739,16827208.0000156,55,"Cape Regional Medical Center, Inc",NJ,5.593166176514252,10294.262172270679
310012,6790,544605583.998939,105104248.9998727,92435426.9999225,175,Valley Hospital,NJ,5.181575332883057,15479.270839451061
310014,4898,630693215.001907,125509929.0001529,105767282.000312,167,Cooper University Hospital,NJ,5.0250463849847185,25624.730298112067
310015,11468,1542810067.997806,265459631.0007336,215048045.0000692,231,Morristown Medical Center,NJ,5.81184439299376,23147.857603830973
310016,255,93724876.99929,5088624.999982,4417210.0000054,9,Carepoint Health-Christ Hospital,NJ,18.418507357021106,19955.392156792157
310017,2866,281930830.00181997,35375162.0000146,30461664.000040498,78,Chilton Medical Center,NJ,7.96973961565755,12343.04326588088
310019,2617,377156675.999422,66085171.0001751,56486698.0002074,87,St Joseph's University Medical Center Inc,NJ,5.707130212289572,25252.262514396294
310022,7697,859364627.00286,87323680.99988429,72701251.9998231,169,West Jersey Hospital,NJ,9.841140652373538,11345.157983614952
310024,965,103129878.001374,14107420.9999604,11599920.9999143,30,Robert Wood Johnson University Hospital At Rahway,NJ,7.310328230912191,14619.089119129949
310025,643,183678321.00012,11550394.000002999,9058289.999968,25,Carepoint Health - Bayonne Medical Center,NJ,15.902342465553325,17963.28771384603
310027,536,46424245.000326,10802603.000004,9760864.999991301,24,Trinitas Regional Medical Center,NJ,4.297505425341357,20154.110074634325
310028,2322,327806750.999188,25672473.0001498,20943150.000061102,62,Newton Medical Center,NJ,12.768803028725562,11056.189922545134
310029,2567,491124051.001028,60499478.0001455,48699159.000062004,90,Virtua Our Lady Of Lourdes Hospital,NJ,8.117822950469867,23568.164394291198
310031,961,160217941.999653,28998100.9998852,26402763.0000751,35,Deborah Heart And Lung Center,NJ,5.5251184206954544,30174.922996758796
310032,3077,234836732.000252,51547384.9997122,41577024.0000423,83,Inspira Medical Center Vineland,NJ,4.555744816183462,16752.481312873642
310034,3155,245993210.999656,39178477.999967396,32187113.000105202,92,Riverview Medical Center,NJ,6.2787842600690285,12417.901109339904
310038,6248,1170997444.99901,178335558.999844,136120847.0000302,185,Robert Wood Johnson University Hospital,NJ,6.56625886371901,28542.823143380923
310039,2283,182021022.001593,32824892.999989603,26154929.9998564,64,Raritan Bay Medical Center,NJ,5.545212957789403,14377.964520363383
310040,116,37233402.99998,2750135.0,2315445.000012,4,Carepoint Health-Hoboken University Medical Center,NJ,13.53875464294662,23708.060344827587
310041,7488,651305333.998301,94100043.9999957,76707395.0000845,155,Community Medical Center,NJ,6.921413703040679,12566.779380341306
310044,1296,440813721.00046,19106167.0000327,15726302.9999475,49,Capital Health Medical Center - Hopewell,NJ,23.07180299427434,14742.412808667208
310045,3495,466216320.999853,65435603.9998934,56905265.0002746,93,Englewood Hospital,NJ,7.1248111502204905,18722.63347636435
310047,2129,140684605.000024,21763475.9999184,18712446.9999588,67,Shore Medical Center,NJ,6.464252539463432,10222.393611986097
310048,3607,379415568.001567,45915187.0000678,36297666.9999663,100,Robert Wood Johnson University Hospital Somerset,NJ,8.26340025580222,12729.466869993845
310050,2600,158404090.999983,35535481.0000712,30922766.9999827,74,Saint Clare's Hospital,NJ,4.457631824363532,13667.492692335076
310051,4722,463056986.002029,85008609.9999401,65643028.9996882,134,Overlook Medical Center,NJ,5.447177480050025,18002.670478598073
310052,5779,508087321.001243,86554176.9997595,68363221.0002889,137,Ocean University Medical Center,NJ,5.870165237694477,14977.3623463851
310054,2016,143931007.000548,31938805.9998124,25726828.000109702,65,"Hackensack Meridian Health, Mountainside Medical",NJ,4.506461731894217,15842.66170625615
310057,2737,303685273.999731,31584792.0000041,26981831.000042498,88,Virtua Mount Holly Hospital,NJ,9.614920813779353,11539.931311656595
310058,202,7137079.00003,6371673.000055,6029346.999925001,4,Bergen New Bridge Medical Center,NJ,1.1201263781064084,31542.935643836634
310060,1101,108200185.000156,15991238.999972,13213831.0001166,35,St Luke's Warren Hospital,NJ,6.766216488937815,14524.286103516804
310061,717,72974912.999793,7507507.9999393,6471293.0000086,28,Virtua Willingboro Hospital,NJ,9.720257774002107,10470.722454587587
310064,5908,485391827.999871,88004093.99985321,74709070.0002053,150,Atlanticare Regional Medical Center - City Campus,NJ,5.515559628404113,14895.750507761206
310069,3440,269618250.00021297,49337765.9999561,41114151.0000169,96,Inspira Medical Center Mullica Hill,NJ,5.464743782692813,14342.373837196541
310070,1493,243829610.998034,24543843.0000321,19858958.9999021,55,Saint Peter's University Hospital,NJ,9.934451218487467,16439.278633645077
310073,8364,1013265082.9966431,183840139.0003559,146726050.0003663,206,Jersey Shore University Medical Center,NJ,5.511664038693321,21979.930535671436
310074,1178,109485884.999225,22995850.999964602,19463096.999998398,50,Jersey City Medical Center,NJ,4.761114733235727,19521.095925267065
310075,1669,151462854.000034,30005423.9999435,24105018.999929,66,Monmouth Medical Center,NJ,5.047849148884522,17978.085080852907
310076,5114,671850991.999746,133142657.9997168,95113594.9998374,144,Cooperman Barnabas Medical Center,NJ,5.046098689130684,26034.9350801167
310083,164,13830981.000076,2671842.0000102,2509260.9999968,7,Carewell Health Medical Center,NJ,5.176571443978798,16291.719512257316
310084,1294,116763617.000417,17063891.0001425,14517921.0000179,32,Monmouth Medical Center-Southern Campus,NJ,6.842731062888406,13186.932766725271
310086,7428,707742999.000397,107454797.0003261,88385870.9992729,140,Jefferson Stratford Hospital,NJ,6.586425350542974,14466.181610167756
310091,251,15711604.000007,2548849.999994,2279957.9999901997,10,Salem Medical Center,NJ,6.164193263645952,10154.780876470119
310092,897,348481555.99967,16457988.000035001,13146527.0000369,35,Capital Health Regional Medical Center,NJ,21.17400717505256,18347.81270906912
310096,380,36333362.000279,8647098.000003,6809720.0000198,18,Saint Michael's Medical Center,NJ,4.201798337461469,22755.521052639477
310108,4094,425416222.996898,69841925.9999085,59044168.0003451,95,Jfk University Medical Center,NJ,6.091129603119125,17059.581338521864
310110,1627,161103347.000552,18715503.0001287,15588792.0000536,54,Robert Wood Johnson University Hospital Hamilton,NJ,8.60801587857105,11503.0749847134
310111,3645,248753815.00047898,46045457.9999065,39813686.0000733,94,Centrastate Medical Center,NJ,5.402352931335466,12632.498765406448
310112,1988,153019723.999785,24595929.0000439,20879184.0001362,55,Bayshore Medical Center,NJ,6.221343540205857,12372.197686138783
310113,2748,194027431.999955,29420903.0001909,24690142.9999004,75,Southern Ocean Medical Center,NJ,6.594883644417577,10706.29657939989
310115,1062,107817299.00047,10841857.0000619,9167878.0000039,39,Hackettstown Medical Center,NJ,9.944541696118518,10208.904896480131
310118,165,29397344.999838002,3787495.9999885,3381359.0000077,9,Hudson Regional Hospital,NJ,7.761683444662981,22954.521212051517
310119,595,87340929.999462,24239307.000041,20479243.000018,27,University Hospital,NJ,3.603276694309547,40738.33109250588
310130,615,40891066.99994,7005221.9999832995,5818424.0000077,25,Hackensack Meridian Health Pascack Valley Medical,NJ,5.837226429089254,11390.604878021626
310131,25,13863697.999929998,1434196.000002,1232642.999998,2,Hackensack Meridian Ltach,NJ,9.666529539833235,57367.84000008
320001,1519,83578286.00003201,44379255.99989,36261428.0000152,59,Unm Hospital,NM,1.8832737078836825,29216.10006576037
320002,2181,130332526.99985799,39306160.000069,35490310.0001908,72,Christus St Vincent Regional Medical Center,NM,3.3158295544420824,18022.081613970196
320003,15,1260915.0,364099.99999499996,346500.0,1,Alta Vista Regional Hospital,NM,3.4631007965320397,24273.333333
320004,530,75081824.999945,9233219.9999913,7808750.9999727,20,Gerald Champion Regional Medical Center,NM,8.13170540721609,17421.16981130434
320005,1495,72244535.999971,22933176.9999663,20538987.0000467,39,San Juan Regional Medical Center Inc,NM,3.1502192653062053,15339.917725729967
320006,626,41750194.99996,6100459.9999831,5182315.9999776,23,Eastern New Mexico Medical Center,NM,6.843778174117305,9745.143769941054
320009,2085,294049256.999365,37494538.999884,31323503.9999842,74,Lovelace Medical Center,NM,7.842455590673476,17982.992326083455
320011,70,2012458.0,1618974.0,1287677.0,2,Presbyterian Espanola Hospital,NM,1.243045286706272,23128.2
320017,168,13080281.000038,2223002.9999973997,1867721.9999908,10,Lovelace Women's Hospital,NM,5.884059085864166,13232.160714270236
320018,1013,89081081.999805,13064028.000053,10484350.9999647,42,Memorial Medical Center,NM,6.818806726336136,12896.375123448173
320021,5494,258103387.999382,81869374.9999489,64634489.9997385,136,Presbyterian Hospital,NM,3.152624384875823,14901.597196932818
320022,305,11595242.999964999,3745643.000006,3114561.9999915,10,Plains Regional Medical Center,NM,3.095661545947231,12280.796721331148
320030,39,1540462.999999,575028.9999930001,523844.000001,2,Artesia General Hospital,NM,2.678930975686013,14744.333333153847
320033,57,3459652.99999,1361266.00001,1233438.9999954,4,Los Alamos Medical Center,NM,2.541496665577914,23881.859649298247
320038,46,2279408.000006,687519.999996,613733.9999875,2,Rehoboth Mckinley Christian Health Care Services,NM,3.3154060973051864,14946.086956434781
320059,187,4227746.000022,2752334.0000131,2529177.9999762,10,Northern Navajo Medical Center,NM,1.5360584870883685,14718.363636433689
320061,212,5216806.999983,2766931.9999794,2512663.9999973,13,Gallup Indian Medical Center,NM,1.8854120737415445,13051.56603763868
320063,289,15621151.999953,3711455.0000072,3316791.0000152,13,Carlsbad Medical Center,NM,4.208902438510691,12842.404844315572
320065,88,3459944.0,1479252.9999890001,1361108.000002,4,Covenant Health Hobbs Hospital,NM,2.3389805530397627,16809.693181693183
320074,179,13866121.999987999,1949590.9999910002,1637731.0000003,7,Lovelace Westside Hospital,NM,7.112323559173185,10891.569832351955
320085,1052,80892089.99994001,13768928.9999794,12225217.999992501,43,Mountain View Regional Medical Center,NM,5.87497328224011,13088.335551311216
320086,51,2288810.000015,362642.9999987,285676.9999996,4,Lovelace Regional Hospital - Roswell,NM,6.311468855108757,7110.647058798039
320089,289,7864403.000018,3335116.9999898,2914621.0000475002,12,Unm Sandoval Regional Medical Center,NM,2.358059102586821,11540.197231798616
320090,92,3076402.000007,1161180.0000052,1028064.9999942,5,Presbyterian Santa Fe Medical Center,NM,2.6493756351239455,12621.521739186957
320091,288,14508382.000138,4538949.9999723,4017633.0000235997,13,Three Crosses Regional Hospital Llc,NM,3.1964181143715047,15760.243055459374
330005,5718,342893641.000398,123878642.0000099,105052618.0003013,148,Kaleida Health,NY,2.7679803028545518,21664.68030780166
330006,168,10964044.999987999,3260877.0000010002,2998325.9999972,7,St Joseph's Medical Center,NY,3.3622994672858364,19409.982142863097
330008,96,1490613.0000129999,1245995.9999916,1128867.9999982,5,Wyoming County Community Hospital,NY,1.1963224601227043,12979.1249999125
330009,785,39723879.000017,27012813.000039,23916566.999963,34,Bronxcare Hospital Center,NY,1.470556916821645,34411.22675164204
330011,1067,40866345.999947,13647741.0000798,11932860.9999447,40,"Our Lady Of Lourdes Memorial Hospital, Inc",NY,2.994367053104836,12790.76007505136
330013,5869,441910664.99976003,142421530.9998754,111508387.9999785,174,Albany Medical Center Hospital,NY,3.1028360803125103,24266.745782906015
330014,1047,41590917.000104,26577987.999931,21701693.9998352,40,Jamaica Hospital Medical Center,NY,1.5648632620427092,25384.89780318147
330019,2255,101292225.000191,32724213.0001458,29871610.9999718,68,"New York Community Hospital Of Brooklyn, Inc.",NY,3.0953295958481784,14511.846119798582
330023,5750,329998053.999126,117912075.999828,103943814.0005206,140,Vassar Brothers Medical Center,NY,2.798679025883722,20506.447999970085
330024,9877,1582926678.003826,416583989.0001077,332226395.9997561,224,Mount Sinai Hospital,NY,3.799778003478229,42177.17819176953
330027,1574,101165194.000049,33554677.999964,27044200.0000787,56,Nassau University Medical Center,NY,3.014935622393919,21318.092757283353
330028,1166,133535246.00000401,31004787.999969,26731782.0000305,44,Richmond University Medical Center,NY,4.306923369388545,26590.72727270069
330030,407,10510641.999992,4015856.9999628,3372266.9999884,16,Newark-Wayne Community Hospital,NY,2.6172849282455433,9866.970515879117
330033,138,4509883.999966,2164121.999969,1951115.9999996,5,Chenango Memorial Hospital,NY,2.083932421568933,15682.043478036232
330043,4377,533833521.99834,94111664.0000664,81928004.9999574,125,South Shore University  Hospital,NY,5.672341761994171,21501.40827052008
330044,2027,93029469.999629,22759935.0000697,19176687.0000006,56,"Mvhs, Inc",NY,4.0874224816258975,11228.38431182521
330045,6139,434786948.000784,88666585.9997441,76939847.999994,132,Huntington Hospital,NY,4.903616656696794,14443.164358974442
330046,5168,690701564.998372,140723440.99974412,119427385.9999205,145,Mount Sinai West,NY,4.908219697382385,27229.767995306524
330047,434,14060485.000045,4707544.9999896,4031331.0000285003,18,St Mary's Healthcare,NY,2.9867977895221527,10846.87788016037
330049,1031,34851577.999953,13766957.999976799,11789173.9999196,39,Northern Dutchess Hospital,NY,2.531538049292497,13353.014548959069
330055,4697,519865625.996906,104692325.9998963,88888880.9996856,111,New York-Presbyterian/Queens,NY,4.965651694446266,22289.19012133198
330056,909,110760999.999623,23067894.999908,17961432.0000749,38,Brooklyn Hospital Center - Downtown Campus,NY,4.801521768677408,25377.222222121014
330057,4623,243174537.000465,67455222.0000361,53637640.0000565,130,St Peter's Hospital,NY,3.6049771950989182,14591.222582746292
330058,346,8967714.000001,4195687.9999791,3409485.0000141,15,Geneva General Hospital,NY,2.137364360754582,12126.265895893353
330059,9402,1695436938.006271,296167506.0000235,227328786.9995142,195,Montefiore Medical Center,NY,5.724587956675221,31500.47925973447
330065,150,3670501.9999845996,1538911.0000027,1180378.9999986,6,Niagara Falls Memorial Medical Center,NY,2.3851294844069346,10259.406666684667
330073,468,11843715.999928,5375527.9999847,4450995.9999364,16,United Memorial Medical Center,NY,2.2032656140869715,11486.170940138249
330074,420,8318026.9999798,4389726.9999722,3717197.000017,18,F F Thompson Hospital,NY,1.8948848071947246,10451.730952314761
330078,416,11291239.000011,5141145.0000396,3962484.9999651,19,Sisters Of Charity Hospital,NY,2.196249862613101,12358.521634710576
330079,297,13645152.999975,5069377.99996,4501807.9999832,8,Adirondack Medical Center - Saranac Lake,NY,2.691681898663439,17068.612794478115
330080,325,22723756.999998,12887183.999922,12052607.999959,16,Lincoln Medical & Mental Health Center,NY,1.7632833519049262,39652.87384591385
330084,67,1636931.000005,786084.9999949,707373.0000029,5,The University Of Vermont Health Network-Alice Hy,NY,2.0823842205558183,11732.611940222387
330085,277,5540251.000008,3569167.0000041,3170702.9999981998,10,Aurelia Osborn Fox Memorial Hospital,NY,1.5522532288350854,12885.079422397474
330086,30,2020144.9999950002,526746.0,447844.000005,2,Montefiore Mount Vernon Hospital,NY,3.8351406560182713,17558.2
330090,992,28774460.000036,12413077.0000264,9888564.9999839,39,Arnot Ogden Medical Center,NY,2.3180763319179287,12513.182459704032
330094,604,20897361.999977,6703251.000012,5826037.9999773,24,Columbia Memorial Hospital,NY,3.117496569938913,11098.097682139072
330096,234,3958063.9999599997,3010348.0000226,2688254.9999908004,7,Jones Memorial Hospital,NY,1.3148194162038027,12864.735042831624
330101,27533,5444252719.014839,1004331126.9988244,817367126.9991555,389,New York-Presbyterian Hospital,NY,5.420774655549645,36477.35905999435
330102,542,15292940.99997,7019719.0000422,5507036.999959,28,Kenmore Mercy Hospital,NY,2.1785688287348917,12951.51107018856
330103,906,18878935.00013,9789428.9999019,8329810.9999276,29,Olean General Hospital,NY,1.9285021629268866,10805.1092714149
330104,2344,220209299.999916,34924564.0001921,30655626.0002188,65,Nyack Hospital,NY,6.305284154691373,14899.558020559769
330106,12609,1978325729.0011091,313042224.9998456,248887281.99984398,250,North Shore University Hospital,NY,6.319676934963278,24826.887540633328
330107,3758,251641547.000153,54358903.9999215,46897150.9998008,95,Peconic Bay Medical Center,NY,4.629260865901866,14464.849387951437
330111,20,220183.0,148367.0,117000.0,1,Bertrand Chaffee Hospital,NY,1.4840429475557233,7418.35
330115,256,6096477.000008,3161102.9999756003,2891329.0000495003,9,Oneida Health,NY,1.9285916972825805,12348.058593654689
330119,4079,576423280.999617,118874947.000318,99365972.0001106,124,Lenox Hill Hospital,NY,4.848988752845248,29143.159352860508
330125,2536,137683164.999863,49448590.0000075,42037321.9999315,92,Rochester General Hospital,NY,2.7843698879956356,19498.655362778984
330126,5541,402612200.99953,90713650.99997,75380592.9999102,121,Garnet Health Medical Center,NY,4.438275789381062,16371.350117301932
330127,1775,122271501.000021,49238856.999896996,44208848.000078,57,Jacobi Medical Center,NY,2.4832319117455706,27740.201126702534
330128,969,73897468.999951,37164420.000063,34411572.999981,39,Elmhurst Hospital Center,NY,1.988392903745726,38353.37461306811
330135,453,40895657.999899,5498863.9999527,4743640.00003,18,Bon Secours Community Hospital,NY,7.437110283187723,12138.772626827153
330136,1594,52839883.0000351,31410790.9999658,28065441.999935098,58,Mary Imogene Bassett Hospital,NY,1.6822207056196907,19705.640526954707
330140,3553,211520563.99997,69924027.9999889,56698068.0001153,101,St Joseph's Hospital Health Center,NY,3.025005424458722,19680.278074863185
330141,2754,438273435.00224,48359800.0000758,42598628.9997558,70,Long Island Community Hospital,NY,9.062763597069322,17559.840232416776
330151,134,2239434.9999989998,1943640.000002,1795015.9999776,6,St James Hospital,NY,1.1521861044209294,14504.776119417911
330153,1529,96511980.999811,24779082.0002201,21054771.0000532,47,Ellis Hospital,NY,3.894897357333646,16206.07063454552
330157,786,30291361.999953,13087726.0000755,12040315.9999858,32,Samaritan Medical Center,NY,2.3144862598573854,16651.050890681297
330158,3331,405946721.997457,49417048.000230804,44026098.9998762,91,Good Samaritan Hospital Of Suffern,NY,8.21471007324357,14835.499249543922
330160,7154,701122325.998258,157514096.0001802,136186131.9999795,174,Staten Island University Hospital,NY,4.451171950969111,22017.62594355329
330162,1624,99117971.999901,25359035.999792602,19404971.999820698,55,Northern Westchester Hospital,NY,3.908585957317606,15615.169950611207
330164,1751,53574083.000241004,23695772.9999897,18974470.9999071,56,Highland Hospital,NY,2.2609130750984274,13532.708737858195
330169,4277,512385249.997012,90817976.9998026,74377457.0000315,114,Mount Sinai Beth Israel,NY,5.641892353516371,21234.037175544214
330175,479,13042476.999939,5669135.9999440005,4959828.0000379,16,Guthrie Cortland Regional Medical Center,NY,2.3006110631439842,11835.356993620042
330180,1619,54851267.999945,19720722.9999585,16648518.000085,47,Samaritan Hospital,NY,2.7814024871228313,12180.804817763126
330181,1228,78615503.000176,17923856.9999678,15694678.9999574,44,Glen Cove Hospital,NY,4.38608180149603,14595.974755674102
330182,9765,1121290177.998358,190462715.0004276,151704333.999763,203,"St Francis Hospital, Roslyn",NY,5.887189931088826,19504.63031238378
330184,1042,76043040.999836,20242775.000041902,16443591.0001108,35,Montefiore New Rochelle Hospital,NY,3.7565522019425988,19426.847408869387
330185,3289,298198083.999605,61276400.0000975,46236516.0000415,94,John T Mather Memorial Hospital  Of Port Jefferson,NY,4.8664426108441505,18630.708422042415
330188,228,6799873.999972001,2890114.0000319,2456516.0000065,10,Mount St Mary's Hospital And Health Center,NY,2.352804768219159,12675.93859663114
330191,1690,55119096.000085,17692937.000045,15067080.9999699,55,Glens Falls Hospital,NY,3.1153163547660183,10469.193491150889
330193,1152,40064142.000332795,29793876.9998758,23864640.0000241,34,Flushing Hospital Medical Center,NY,1.3447105927335274,25862.740451281075
330194,5373,689359797.002015,160212480.0003539,139131369.0004122,120,Maimonides Medical Center,NY,4.302784633260107,29818.068118435494
330195,10589,1351423128.007153,227402813.0007987,188024123.9992688,216,Long Island Jewish Medical Center,NY,5.942860205526158,21475.381339200936
330196,2478,197443671.000012,64830513.000151,58799212.999952406,63,South Brooklyn Health,NY,3.04553615053998,26162.434624758273
330197,646,19151618.000032,8097867.0000211,7162578.000029,23,Canton-Potsdam Hospital,NY,2.365020072567517,12535.39783285
330198,4821,674691996.999408,94470056.0003666,81273988.9994677,113,Mount Sinai South Nassau,NY,7.141860877025306,19595.531217665754
330199,61,3652054.999989,3131078.000004,3003286.000006,3,Metropolitan Hospital Center,NY,1.166389020006635,51329.147541049184
330202,863,73529374.000481,34576154.000002995,31514518.999994,33,Kings County Hospital Center,NY,2.12659204376735,40065.068366168016
330203,2555,81325242.999928,36383058.0000499,29048565.0000406,82,Crouse Hospital,NY,2.2352503464611595,14239.944422720117
330204,879,93476737.00037101,43268465.000114,38714687.000056,42,Bellevue Hospital Center,NY,2.160389489207087,49224.64732663709
330205,283,29451048.999941,3219306.0000018002,2828348.0000168,13,St Anthony Community Hospital,NY,9.148260215066394,11375.639575978093
330208,1804,92961775.999808,28515350.000171002,24983811.0000115,51,St John's Riverside Hospital,NY,3.2600608443961065,15806.735033354214
330211,247,5278907.000018001,2928085.9999989998,2597591.0000079,12,Claxton-Hepburn Medical Center,NY,1.8028524435483808,11854.599190279352
330214,25756,5533415481.98664,835026980.00064,687553387.9980049,346,Nyu Langone Hospitals,NY,6.626630773034901,32420.677900319926
330215,365,15080159.999907,4988278.9999519,4604498.9999714,11,"Rome Memorial Hospital, Inc",NY,3.0231187950899323,13666.517808087397
330218,411,9296175.999988,5246627.9999784,4681587.9999609,14,Oswego Hospital,NY,1.7718382168559068,12765.518248122627
330219,1385,65829885.00006,25227819.0000447,17555855.9999872,57,Erie County Medical Center,NY,2.609416414472585,18215.031768985344
330221,623,24901381.000016,12211322.9999677,10243039.000023201,26,Wyckoff Heights Medical Center,NY,2.03920418779209,19600.839486304496
330222,1534,79680099.999934,17566036.9999915,14217077.0000451,51,Saratoga Hospital,NY,4.536031661550785,11451.132333762385
330223,209,3877097.9999976996,2953644.0000133,2717419.0000286,9,"Slhs Massena, Inc",NY,1.3126490531628867,14132.26794264737
330224,1619,154672538.000682,19651165.0001188,16378768.999905,57,Healthalliance Hospital Marys Avenue Campus,NY,7.870909332843469,12137.841260110437
330226,1762,52727802.000148,21929177.0001125,18443556.0000283,60,Unity Hospital Of Rochester,NY,2.4044587719766,12445.616912663167
330229,123,3030836.0000170004,1468822.0000089,1264189.9999839,7,"Brooks-Tlc Hospital System, Inc",NY,2.0634467620982226,11941.642276495122
330231,647,42403389.000094995,24944603.000089,23226991.000041,26,Queens Hospital Center,NY,1.6999023395940076,38554.255023321486
330233,1619,89096004.999661,44441424.000021,38312569.0001002,55,Brookdale Hospital Medical Center,NY,2.0047963584519453,27449.922174194566
330234,4097,1115551910.996958,123433730.0000225,104115374.9996351,144,Westchester Medical Center,NY,9.037658596209923,30127.832560415547
330235,845,21938382.000085,9623836.000001501,8570097.9999369,28,Auburn  Community  Hospital,NY,2.279588097727515,11389.155029587575
330238,147,1949522.9999839,1948011.0000009,1744543.9999708,6,Nicholas H Noyes Memorial Hospital,NY,1.000776176306499,13251.775510210204
330239,587,12523340.000071999,6056481.9999504,5225537.9999411,23,Upmc Chautauqua At Wca,NY,2.067758147415374,10317.686541653151
330240,405,30091568.00003,13250051.000044001,11832603.999982,17,Harlem Hospital Center,NY,2.271052994432253,32716.175308750622
330241,4405,507784351.998913,89976591.999807,71585259.0000107,141,University Hospital S U N Y Health Science Center,NY,5.643516171406027,20426.014074871055
330245,1321,82813404.999974,18237708.9999181,15145603.0000334,46,St Elizabeth Medical Center,NY,4.540778943251364,13805.987130899393
330246,1226,75769464.99986699,14386700.000020301,12022071.999921,43,St Charles Hospital,NY,5.266632723262463,11734.665579135644
330250,1850,107267665.000042,28444430.0000331,24878554.999966,60,The University Of Vermont Health Network  - Champl,NY,3.771130762680679,15375.36756758546
330259,1662,127243633.000088,23365553.0000399,20666912.0001537,57,Mercy Medical Center,NY,5.445778792390264,14058.696149241818
330261,1534,138992391.999987,23836034.999848798,20514684.0000245,54,Phelps Hospital,NY,5.831187611566634,15538.484354529855
330264,1760,161132250.999396,23925197.9999458,21159144.9998506,64,St Luke's Cornwall Hospital,NY,6.734834587356854,13593.862499969206
330265,108,2122053.9999965,1097304.9999906,932973.999996,6,Clifton Springs Hospital And Clinic,NY,1.9338780011160785,10160.231481394443
330267,1942,113056754.999948,26280452.000032198,21384802.0000486,56,Hudson Valley Hospital Center,NY,4.301933429448225,13532.673532457362
330270,2845,423602405.998088,106355017.000019,73226861.999909,32,Hospital For Special Surgery,NY,3.9829094851069633,37383.13427065694
330273,742,28236016.000118,9809563.0000389,8238325.999965901,22,Putnam Hospital Center,NY,2.8784173158382313,13220.43531002547
330276,247,7874549.000027999,3095290.9999853997,2834398.9999984,10,Nathan Littauer Hospital,NY,2.5440415780180743,12531.542510062347
330277,510,19567671.999981,5157847.0000189,4300786.9999936,20,Corning Hospital,NY,3.793767438217787,10113.425490233138
330279,2190,71767879.000233,33672173.9999543,25707644.9999642,80,Mercy Hospital Of Buffalo,NY,2.131370519774886,15375.421917787351
330285,3805,298128405.0001254,124914525.0001058,92490936.9998451,132,Strong Memorial Hospital,NY,2.3866592375856444,32829.04730620389
330286,5744,597459538.9989129,108472155.0000307,89207320.0001953,161,Good Samaritan Hospital Medical Center,NY,5.507953068681487,18884.428098891138
330304,6067,482673601.000773,96417130.9999074,83750192.00042,135,White Plains Hospital Center,NY,5.0060979412593865,15892.060491166541
330307,764,21875028.000065,9756878.0000802,8611940.000059,32,Cayuga Medical Center At Ithaca,NY,2.242011020316662,12770.782722618063
330331,2781,201385399.000056,43947078.999730796,36225234.9999801,74,Plainview Hospital,NY,4.582452431054397,15802.617403714778
330332,2067,128896126.000007,25087305.999847,20777685.0000139,67,St Joseph Hospital,NY,5.137902252270256,12137.06144162893
330350,522,46996888.000264,20070871.000009,13659313.0000723,27,Suny Health Science Center At Brooklyn University,NY,2.341547011100959,38449.94444446169
330386,556,38185738.999986,8303623.0000331,7410624.999948401,15,Garnet Health  Medical Center Catskills,NY,4.598684092453834,14934.573741066726
330393,12556,1458090647.004885,309941836.0006558,254591531.999947,258,Stony Brook University Hospital,NY,4.704400883144411,24684.75915902005
330394,2297,111093819.999991,39904115.9999403,33401369.000092,77,"United Health Services Hospitals, Inc",NY,2.7840190721217133,17372.27514146291
330395,1628,117509726.999863,49524250.999728,37644688.0000447,54,St John's Episcopal Hospital At South Shore,NY,2.3727714125451063,30420.30159688452
330396,187,12791690.000018,7856370.999988999,7184318.0000060005,9,Woodhull Medical & Mental Health Center,NY,1.628193220513124,42012.6791443262
330399,330,18882784.000056,11261410.0,9846662.000024,16,St Barnabas Hospital,NY,1.6767690724390638,34125.48484848485
330401,3418,206457234.000405,38533450.9998302,32999824.0001484,91,St Catherine Of Siena Hospital Medical Center,NY,5.357870334565019,11273.683733127618
330406,222,5866304.000076,2120364.9999361997,1921643.9999968999,2,Sunnyview Hospital And Rehabilitation Center,NY,2.7666481951232513,9551.193693406305
340001,4344,288197458.00025,61485706.0000202,49533832.9999374,125,Atrium Health Cabarrus,NC,4.687226946701324,14154.168047886786
340002,9198,713244100.998664,144163355.0000732,120665656.0000189,217,Memorial Mission Hospital And Asheville Surgery Ce,NC,4.947471574855496,15673.337138516328
340003,503,9971488.99996,4862283.0000223,4205323.9999418,18,Northern Regional Hospital,NC,2.0507833459949305,9666.566600441947
340004,1272,51291971.999918,14075693.0000033,11904641.9999607,47,High Point Regional Hospital,NC,3.6440104227838708,11065.796383650393
340008,616,27639519.999972,7190559.999964301,6257482.0000147,24,Scotland Memorial Hospital,NC,3.8438619523526993,11672.98701292906
340010,1734,54223764.000064,21320026.0000578,18536600.0000412,54,Unc Health Wayne,NC,2.543325416203385,12295.28604386263
340013,468,27598334.999935,6101310.9998948,5446209.0000381,14,Rutherford Regional Medical Center,NC,4.523345064759174,13036.98931601453
340014,6121,343966500.001054,86463159.9998804,74933516.9999384,145,Novant Health Forsyth Medical Center,NC,3.978185622657439,14125.659205992552
340015,1055,48480901.000105,11275407.0000479,9750770.9999662,39,Novant Health Rowan Medical Center,NC,4.299702973018983,10687.589573505118
340016,373,20423685.000031,4477618.9999832995,3988636.0000124,13,Harris Regional Hospital,NC,4.5612824584019265,12004.340482528953
340017,1744,64161790.999941,18765167.9999993,15861898.999928601,60,Margaret R Pardee Memorial Hospital,NC,3.4191961937107833,10759.844036696846
340020,412,22246911.000010002,4047265.0000084,3466807.0000064997,17,Central Carolina Hospital,NC,5.496776465085392,9823.458737884466
340021,1799,102838452.999768,20526289.9999116,16964632.9999599,57,Atrium Health Cleveland,NC,5.01008477421935,11409.833240640133
340023,652,20339138.000027,6840000.9999847,5914318.9999683,24,Adventhealth Hendersonville,NC,2.973557752414436,10490.799079731136
340024,261,5671635.000018,3676559.0000313,2800818.0000144,10,Sampson Regional Medical Center,NC,1.542647622401739,14086.432950311493
340027,930,20005844.999863,9899169.0000637,8732075.0000306,26,Unc Lenoir Health Care,NC,2.0209620625462867,10644.26774200398
340028,4551,204348114.000203,62049837.9997061,54611438.0001911,114,Cape Fear Valley Medical Center,NC,3.29329004857629,13634.330476753701
340030,7508,809863863.997326,250906183.9996861,192713769.999883,212,Duke University Hospital,NC,3.2277556937310847,33418.51145440678
340032,3491,205166867.999753,44671157.0001615,37941399.9998952,95,Caromont Regional Medical Center,NC,4.592826373380284,12796.09195077671
340039,1038,46806792.000041,10389183.0000095,8687030.9999872,36,Iredell Memorial Hospital Inc,NC,4.505339062753847,10008.8468208184
340040,8906,502633492.000822,172023279.9995755,130776087.9999985,218,Ecu Health Medical Center,NC,2.9218922694769125,19315.43678414277
340041,364,10651003.999979,3775586.0000178,3237455.9999679,17,Caldwell Memorial Hospital,NC,2.8210201012316465,10372.489011037911
340042,763,25722560.000021,8676039.000011299,7570290.0000285,23,Onslow Memorial Hospital,NC,2.964781509164205,11370.955439071166
340047,4900,490449931.000104,138978214.0001933,96823269.9999893,172,North Carolina Baptist Hospital,NC,3.528969878684884,28362.90081636598
340049,118,8251453.999993,2259886.000009,1992453.999973,5,North Carolina Specialty Hospital,NC,3.6512700197975203,19151.57627126271
340050,1099,30487669.999997,14911233.9999982,11558896.0000655,38,Southeastern Regional Medical Center,NC,2.0446107947873853,13568.001819834577
340051,702,24410431.000006,9378139.000018999,8137003.0000462,29,Watauga Medical Center,NC,2.6029077837251666,13359.172364699429
340053,3080,260296939.000363,54469596.9999785,47296625.0000626,101,Novant Health Presbyterian Medical Center,NC,4.778756468502341,17684.93409090211
340060,46,989868.999994,532593.0000072,456111.0000074,2,Unc Rockingham,NC,1.8585843223260878,11578.108695808696
340061,4740,396480489.999687,154486801.999996,114264140.0001362,169,Unc Hospitals,NC,2.5664359988479615,32592.152320674264
340064,462,15621193.999985,4618624.9999571,3947165.0000547,21,Wilkes Regional Medical Center,NC,3.3822174348707894,9997.023809430952
340068,312,10463958.000005,3043070.0000191,2599804.9999913,13,Columbus Regional Healthcare System,NC,3.438618894714654,9753.429487240704
340069,5073,379483221.000804,84613886.9999778,70996849.9998945,147,Wakemed,NC,4.484881081055922,16679.260201060082
340070,1163,37363620.00004,14150131.0000956,11758189.9999876,41,Alamance Regional Medical Center,NC,2.640514070137412,12166.922614011693
340071,519,14564682.999989001,6461619.999972699,5210896.999986,20,Betsy Johnson Regional  Hospital,NC,2.2540296396337975,12450.13487470655
340073,2050,107553968.999938,29087761.0000559,24602708.0000536,66,Duke Health Raleigh Hospital,NC,3.697567818978274,14189.151707344343
340075,795,38317625.000011005,10400878.0000768,8382969.9999167,28,Carolinas Healthcare System-Blue Ridge,NC,3.6840759981732374,13082.865408901636
340084,20,508319.0,299487.0,286731.0,1,Atrium Health Anson,NC,1.697299048038813,14974.35
340085,115,3861312.000023,1565064.999967,1389721.0000159,5,Novant Health Thomasville Medical Center,NC,2.4671895417151473,13609.260869278261
340087,201,5890262.00001,2552976.0000311,2129114.9999949,9,Mission Hospital Mcdowell,NC,2.3072140121717735,12701.373134483085
340090,1929,86830293.999925,21461522.9999775,17846400.999881398,59,Johnston Health,NC,4.045858907590857,11125.724727826593
340091,5260,238337780.999589,81573168.999824,65241773.0001688,128,Cone Health,NC,2.921766849588781,15508.207034187073
340096,277,10661636.99997,3442567.0000529,2986591.999965,8,Lexington Memorial Hospital Inc,NC,3.097002033600557,12428.039711382311
340097,252,8677012.000010999,2678167.0000077,2332080.0000161,8,Hugh Chatham Memorial Hospital,NC,3.2399069960857747,10627.646825427382
340098,4318,280985424.000235,51445758.9997302,41891503.9999147,123,Atrium Health Pineville,NC,5.461780124610633,11914.256368626726
340099,405,11291222.00001,4259977.0000084,3785947.0000102,20,Vidant Roanoke Chowan Hospital,NC,2.6505359066463825,10518.461728415801
340107,386,13077740.999915,5075624.0000591,4476725.0000109,16,Vidant Edgecombe Hospital,NC,2.5765779734201595,13149.284974246373
340109,1258,46814073.999983996,17440254.000040498,15601133.9998806,36,Sentara Albemarle Medical Center,NC,2.684254139869482,13863.476947567962
340113,7080,889602653.998682,211230713.9993992,160380951.000253,220,Carolinas Medical Center/Behav Health,NC,4.211521313142048,29834.84661008463
340114,6723,317147994.000201,93195020.0001668,78673125.0002681,171,Rex Hospital,NC,3.403057309281476,13862.118102062592
340115,4825,312094204.999613,64385659.0002158,55243435.0001796,121,Firsthealth Moore Regional Hospital,NC,4.84726272660449,13344.178031132808
340116,1282,114213950.999696,15628597.0000394,13282849.9999827,42,Frye Regional Medical Center,NC,7.308010501480591,12190.793291762402
340119,533,22244315.000117,5574921.000012999,4794317.9999614,19,Atrium Health Stanly,NC,3.9900682000812444,10459.514071318948
340120,398,9752068.000063,4695571.000062101,3978017.0000551003,14,Vidant Duplin  Hospital,NC,2.0768651991278646,11797.917085583167
340123,374,23308875.000041,4426534.999967299,3952557.0000120997,16,Randolph Hospital,NC,5.265715734815876,11835.65508012647
340126,688,40433471.000037,8607916.9999111,7756975.9999807,20,Wilson Medical Center,NC,4.697242201621436,12511.507267312645
340127,93,3299677.000011,1195155.0000116,1077811.9999864,4,Granville Health Systems,NC,2.7608778777472156,12851.129032382796
340129,444,34465013.000066996,5128319.000018099,4396949.0000222,19,Lake Norman Regional Medical Center,NC,6.720528305658318,11550.268018058783
340130,2071,105717844.000056,23023547.9998664,19461740.0001068,62,Atrium Health Union,NC,4.5917268702751395,11117.1163688394
340131,3702,168370752.00032198,54657634.000143796,48830794.9998463,99,Carolina East Medical Center,NC,3.080461770443247,14764.352782318692
340132,446,22169163.000001,4855297.9999804,4351630.0000528,18,Maria Parham Medical Center,NC,4.5659737054431035,10886.318385606279
340133,65,3271408.0,936091.999993,859423.9999842,2,Martin General Hospital,NC,3.494750516001059,14401.41538450769
340141,9682,594610799.999512,168686316.9999069,147106026.0005667,224,Novant Health New Hanover Regional Medical Center,NC,3.524949803722611,17422.67269158303
340142,1369,33237938.0000057,16497726.0000351,14583394.0000173,40,Carteret General Hospital,NC,2.0146981468800598,12050.932067227975
340143,941,42357737.000076,12779778.9999968,11283539.9999972,36,Catawba Valley Medical Center,NC,3.314434232398433,13581.061636553453
340145,716,29491787.999975998,8453430.0000105,7376235.999944299,27,Atrium Health Lincoln,NC,3.4887362881030977,11806.466480461591
340147,2319,85652634.999768,23628038.0000202,19794960.0000879,76,Unc Health Nash,NC,3.625042206199888,10188.890901259248
340151,490,13626551.999999,5403976.999980399,4651946.9999695,18,Ecu Health North Hospital,NC,2.521578459724833,11028.524489755917
340155,1845,65681642.000001,22738969.0000056,18829680.9999802,62,Duke Regional Hospital,NC,2.888505718970144,12324.64444444748
340158,1036,39312091.000033,10604027.0000066,9199964.000022499,33,Novant Health Brunswick Medical Center,NC,3.707279413755598,10235.547297303667
340159,62,3289619.0,867021.0000100001,769210.000001,2,Person Memorial Hospital,NC,3.7941630017751105,13984.209677580646
340166,527,27199312.99999,6418947.0000207,5550025.9999586,25,Atrium Health University City,NC,4.2373481195439515,12180.165085428273
340168,412,2244700.0,2322352.0,1896534.9999996,2,Wilmington Treatment Center,NC,0.9665632083336204,5636.776699029127
340171,1575,74161550.000161,16698649.9999575,14057503.9999406,51,Novant Health Matthews Medical Center,NC,4.441170394034833,10602.317460290476
340173,2235,112030985.999523,21602956.9999346,17144427.0001145,69,Wakemed,NC,5.18590978077039,9665.752572677673
340183,1388,65895830.000037,15388367.9999809,12558543.0000351,49,Novant Health Huntersville Medical Center,NC,4.282184439579219,11086.72046108134
340184,949,40481713.99996,9950319.9999586,8782052.9999457,33,Haywood Regional Medical Center,NC,4.068383127389715,10485.057955699263
340187,161,3357219.999993,1366203.9999791998,1187545.9999763002,6,Davie Medical Center,NC,2.4573343366320937,8485.739130305588
340188,121,2552289.000016,1263075.0000069,1079895.9999942,7,Cape Fear Valley Hoke Hospital,NC,2.020694733093488,10438.636363693387
340190,227,8235179.9999750005,2099891.9999814,1735548.9999818,9,Novant Health Mint Hill Medical Center,NC,3.921715973987207,9250.625550578856
340195,46,1652342.9999930002,452939.999989,387518.0000007,3,Novant Health Ballantyne Medical Center,NC,3.6480394755003505,9846.521738891304
350002,1403,57866706.000051,18934805.9999148,16510463.9998879,45,Chi St Alexius Health,ND,3.056102396840579,13495.94155375253
350006,1442,60905226.000036,18768513.9999627,15681740.999998,47,Trinity Hospitals,ND,3.2450744901891033,13015.613037422121
350011,6255,324698284.001146,105311116.9997725,87914100.000049,188,Sanford,ND,3.0832289434537805,16836.30967222582
350015,3307,143700802.999823,48197792.0001281,40179705.9999255,102,Sanford Medical Center Bismarck,ND,2.981481039617771,14574.475960123404
350019,2585,150188727.000096,44148811.9998668,38208639.0000704,84,Altru Hospital,ND,3.401874709574272,17078.844100528742
350070,2164,97772361.000197,31943526.0000409,28020033.000080697,72,Essentia Health Fargo,ND,3.0607879981712665,14761.333641423706
360001,1905,98528816.999805,20688314.9999359,16780072.9999672,67,Mercy Health-Anderson Hospital,OH,4.762534648187167,10860.007873982098
360002,325,5840814.999989,3063010.9999862,2653863.9999678,13,University Hospitals Samaritan Medical Center,OH,1.9068867202942839,9424.649230726769
360003,2768,346111146.00076,84952173.0002578,60490571.000161104,119,"University Of Cincinnati Medical Center, Llc",OH,4.074188261196211,30690.81394517984
360006,8482,731120098.00108,173345535.9999435,136318046.0001044,210,Riverside Methodist Hospital,OH,4.217703639056031,20436.870549392064
360008,1753,81535092.999697,22916359.0000493,20004583.9999447,60,Southern Ohio Medical Center,OH,3.557942734250305,13072.652025127953
360009,1070,49886654.000047,12530539.9999554,10944367.9999957,45,Lima Memorial Health System,OH,3.981205438889669,11710.78504668729
360010,630,14315886.999995,6230280.9999715,5410518.000018801,17,Union Hospital,OH,2.297791544243428,9889.334920589681
360011,1305,50908937.000034995,14811262.0000052,12003709.9999315,42,Marion General Hospital,OH,3.437177534231527,11349.626053643831
360012,1412,81789034.00022,19004308.0000534,15010437.999991,53,Mount Carmel St Ann's,OH,4.303710190341589,13459.141643097308
360013,152,3082364.99999,1325910.9999985,1137286.9999946,10,Wilson Memorial Hospital,OH,2.3247148564221027,8723.098684200659
360014,471,14041087.000044,8070438.9999766,7017936.0000551,16,Ohiohealth O'bleness Hospital,OH,1.7398170037695238,17134.69002118174
360016,1725,98111420.999955,26004620.9999985,20163461.9999882,62,The Jewish Hospital-Mercy Health,OH,3.772845641548118,15075.142608694781
360017,2131,181685099.9997,45116334.9999504,36142179.000034,80,Grant Medical Center,OH,4.027035884007416,21171.43829185847
360020,3691,338833748.001327,55326425.0000661,42860758.0000587,111,Summa Health System,OH,6.1242660808270575,14989.548902754295
360025,1506,32661790.0000275,10729400.0000234,7741916.9999691,54,Firelands Regional Medical Center,OH,3.0441394672541118,7124.435590984994
360026,53,1765970.000006,484250.9999928,388932.0000005,3,Kettering Health Greene Memorial,OH,3.6468071310792483,9136.811320618868
360027,3254,157324087.999629,45682903.0001358,35107386.000094,93,Akron General Medical Center,OH,3.4438286025553437,14038.999078099509
360029,217,5094986.9999816,2169690.9999972,1881482.9999859,10,Wood County Hospital,OH,2.3482546592985707,9998.576036853456
360032,200,4166493.0000210004,2025356.9999969,1747967.9999812,10,Grand Lake Health System,OH,2.057164736896941,10126.7849999845
360035,3599,245505934.999913,58235499.0003307,46764259.9999813,117,Mount Carmel East,OH,4.2157436480198935,16181.022228488664
360036,545,10931550.0000546,4834512.0000048,4078781.999994,25,Wooster Community Hospital,OH,2.2611485916352563,8870.664220192293
360039,2687,118436905.99980201,41844119.9999043,37093468.0000204,72,Genesis Hospital,OH,2.830431276845418,15572.802381802865
360040,477,15180772.999993399,4962712.9999916,4330999.000014,24,Knox Community Hospital,OH,3.0589665370572696,10404.010482162685
360041,1705,62308015.999906,16393214.0000177,13380142.0000804,58,Parma Community General Hospital,OH,3.8008419825324506,9614.788269805103
360044,121,2863876.000002,1387462.0000233,1256306.0000008,6,Wayne Hospital,OH,2.0641113053574847,11466.628099366117
360046,123,2774347.999996,1182241.000001,992683.0000014,6,Mccullough-Hyde Memorial Hospital,OH,2.3466856588408396,9611.715447162602
360048,1175,104529119.00032,23399260.9999848,15644642.0000504,54,University Of Toledo Medical Center,OH,4.467197446978685,19914.26468083813
360051,8271,600970807.999519,125329568.0004544,99497555.999961,211,Miami Valley Hospital,OH,4.795123908807698,15152.891790648579
360054,576,20582070.000053,5710993.0000473,4798925.999994,22,Holzer Medical Center,OH,3.6039389296892037,9914.918402859896
360055,727,49351367.999717,8839209.999970399,6743827.9999800995,30,Trumbull Regional Medical Center,OH,5.583232890708815,12158.473177400823
360056,1915,102165379.999706,21401722.0001005,17517934.9999591,66,Mercy Health - Fairfield Hospital,OH,4.773699050909372,11175.833942611227
360058,382,6450301.9999675,3435997.9999961,2893250.9999849,17,Mercer County Joint Township Community Hospital,OH,1.8772717562626116,8994.759162293456
360059,1174,66899377.999894,17466032.0000443,12636331.9999694,53,Metrohealth System,OH,3.8302562367757207,14877.369676358008
360064,3013,185026462.000079,43232057.9999589,34787223.9999814,99,Mh St Elizabeth Youngstown Hospital,OH,4.279843952842932,14348.509127102192
360065,582,14807016.000053,7315025.0000449,6506209.9999490995,25,Fisher-Titus Hospital,OH,2.024192125107175,12568.771477740378
360066,3269,219394865.999583,41201464.0001524,33508524.0000512,97,Mercy Health-St Rita's Medical Center,OH,5.324928890846487,12603.690425253106
360068,6397,643950370.997938,119009947.0004563,95590082.0001867,180,Toledo Hospital The,OH,5.4108953682289185,18604.0248554723
360070,1945,82031717.00005999,22724167.9999181,18251362.0000824,58,Mercy Medical Center,OH,3.6098886876894962,11683.376863711104
360071,68,1631556.999996,873101.9999988,802702.0000044,4,Van Wert County Hospital,OH,1.8686900270509543,12839.735294099999
360072,1240,51520982.000176,15991943.9999461,13696189.9999745,46,Fairfield Medical Center,OH,3.221683492660407,12896.729032214598
360075,985,32050350.000101,19231879.0001133,13828177.000057299,36,Uh Regional Hospitals,OH,1.666522028342222,19524.75025392213
360076,1333,63496716.000014,14291222.0000305,11787441.9999482,53,Atrium Medical Center,OH,4.443057143740297,10721.09677421643
360077,3449,160037426.999268,44355627.0000732,35241428.0000573,106,Fairview Hospital,OH,3.6080524123580506,12860.431139481938
360078,633,24251973.999997,6545881.000042,5590947.9999669,25,University Hospitals Portage Medical Center,OH,3.704921308505516,10341.044233873617
360079,3765,309517989.000727,63802843.0000313,51756949.0000637,118,Kettering Health Main Campus,OH,4.851162964643678,16946.306241708182
360080,100,2451442.999995,823309.0000009,721339.9999997,5,East Ohio Regional Hospital,OH,2.977549134033905,8233.090000009
360082,446,13106850.999997001,4064055.99998,3358973.9999943003,19,Euclid Hospital,OH,3.2250665345313902,9112.233183811659
360084,2336,118042394.000158,35530970.0001052,27343511.9999245,67,Aultman Hospital,OH,3.322239556077655,15210.175513743665
360085,6725,597843736.999828,157958484.9997254,123662286.9998166,194,Ohio State University Hospitals,OH,3.784815592532856,23488.250557579984
360086,1488,85601761.000039,17209900.9999261,14260735.9999696,51,Mercy Health - Springfield Regional Medical Center,OH,4.973983348329927,11565.793682746036
360087,258,12263303.000007,5516012.0000057,4366778.000040701,12,Lutheran Hospital,OH,2.2232190575354673,21379.891472890307
360089,462,13661821.000025,4391527.0000134,3742698.9999912,18,Mercy Health - Tiffin Hospital,OH,3.110950018065086,9505.469696998702
360090,62,2108246.000008,886895.000009,781581.0000066999,4,Mclaren St Luke's,OH,2.377108902391609,14304.75806466129
360091,1573,49289114.00015,14055623.0000734,11191091.999936601,45,Medina Hospital,OH,3.506718556686716,8935.5518118712
360092,281,6302920.000035999,3011967.9999842998,2493368.0000371,12,Memorial Hospital,OH,2.0926251540749616,10718.747330904982
360095,1191,30622494.000081,11468503.000047501,9540546.9999598,53,Blanchard Valley Hospital,OH,2.6701387269074406,9629.305625564653
360096,469,19172136.000117,5786850.9999677995,4643746.0000538,15,East Liverpool City Hospital,OH,3.3130516061712463,12338.701492468655
360098,2057,92326277.999927,18922487.9999027,16317198.9999835,61,Lake Health,OH,4.879182800929865,9199.070490959017
360107,108,4555980.999994,1000396.0000023,825217.0000007,4,Bellevue Hospital,OH,4.554177545675438,9262.925925947222
360109,128,7935387.999979,2035978.0000271,1900022.0000159,4,Coshocton Regional Medical Center,OH,3.897580425659499,15906.07812521172
360112,5585,571004285.998697,88351637.0000727,67913757.9996559,157,Mercy Health St Vincent Medical Center,OH,6.4628602863150935,15819.451566709526
360118,2357,118191543.000619,29101959.9999861,24553675.000018198,68,Ohiohealth Mansfield Hospital,OH,4.061291507536793,12347.034365713238
360121,120,3551259.999986,1595618.0000019,1445216.9999958999,8,Community Hospitals And Wellness Centers,OH,2.225632952236545,13296.8166666825
360123,1573,57278927.99992,24860810.9999534,21535628.9999359,57,Uh St John Medical Center,OH,2.303984693018557,15804.711379499937
360125,964,24911490.000101,9658258.0000278,8521789.9999721,33,Ashtabula County Medical Center,OH,2.5792943199518272,10018.939834053734
360131,127,2767189.999995,1624974.9999994999,1331084.9999932,7,Alliance Community Hospital,OH,1.702912352495178,12795.078740153542
360132,632,34209080.00003,6600601.0000062,5393918.9999901,21,Fort Hamilton Hughes Memorial Hospital,OH,5.182721997587473,10443.988924060443
360133,1463,107965516.999878,22560985.999919802,18349373.0000358,54,Kettering Health Dayton,OH,4.785496387447862,15421.04306214614
360134,1830,91008387.999959,32939670.000031,24341229.0000126,65,Good Samaritan Hospital,OH,2.76288098817849,17999.819672148085
360137,3319,361712626.00046,104148014.0001038,85179351.00004,132,Uh Cleveland Medical Center,OH,3.4730631157316116,31379.33534200175
360143,1129,35391243.000075,10484352.9999818,8626554.00004,35,Marymount Hospital,OH,3.3756248955120487,9286.406554456864
360144,1011,32734017.999903,11135419.0000798,8820911.9999574,32,South Pointe Hospital,OH,2.9396305607959987,11014.262116795055
360145,1137,39820121.999996,10371554.0000587,8947126.0000623,44,University Hospitals - Elyria Medical Center,OH,3.8393592705365687,9121.859278855496
360147,2303,99675798.000388,21862529.0000513,18062288.0000056,66,Marietta Memorial Hospital,OH,4.5592071255870765,9493.065132458229
360148,97,1233443.9999880001,828220.000001,674053.999997,6,Pomerene Hospital,OH,1.4892709666350858,8538.350515474227
360150,159,13239690.000079,2087519.9999636,1630337.9999773,10,Summa Western Reserve Hospital,OH,6.342305702608771,13129.056603544654
360152,800,44289243.999937005,13480189.9999922,10476845.0000374,28,Doctors Hospital,OH,3.2855059164568625,16850.23749999025
360155,2877,113779064.000015,28847491.0000043,23573452.0001795,78,Southwest General Health Center,OH,3.944158055201336,10026.934654155126
360156,203,5778373.000017,1432853.0000027,1228584.9999982999,8,Memorial Hospital,OH,4.03277447163534,7058.3891625748765
360159,1644,109058122.000478,23100579.0000383,19275893.9999281,48,Adena Regional Medical Center,OH,4.721012490652169,14051.447080315267
360161,1060,54562369.000065,11420587.9999914,9542027.0000137,40,Mh St Joseph Warren Hospital,OH,4.7775446413184754,10774.139622633396
360163,3805,292138590.000003,76846024.9997674,62367888.9998878,111,Christ Hospital,OH,3.8016096473550487,20196.06438890076
360170,317,6524755.999973,3555259.9999867,2940665.9999833,13,Berger Hospital,OH,1.8352401793391788,11215.331230241954
360172,913,45674429.999936,9984770.0000693,8004804.0000254,38,Mercy Health-Lorain Hospital,OH,4.574409826127091,10936.22124870679
360174,1097,47575467.000094995,10507117.0000594,8346137.9999687,42,Upper Valley Medical Center,OH,4.527927784550799,9578.04649048259
360175,123,2795399.999994,1359565.9999905,1175710.0000133999,6,Clinton Memorial Hospital,OH,2.0560973134173204,11053.382113743903
360179,4806,225216201.999744,73741525.999846,58420732.999964,127,Bethesda North,OH,3.054129934878407,15343.63836867374
360180,10908,1429195477.002968,395582578.0008421,298793214.0004402,252,Cleveland Clinic,OH,3.612887817824792,36265.36285302916
360185,261,5323426.999988,2737494.999979,2345780.0000053,14,Salem Regional Medical Center,OH,1.9446344194341312,10488.486589957854
360189,56,1809127.000008,782674.000008,643329.000004,3,Madison Health,OH,2.311469398484565,13976.321428714286
360197,123,3308691.000003,1751490.0000005001,1553947.9999928,8,Mary Rutan Hospital,OH,1.8890721614180241,14239.756097565041
360203,310,9439748.000008,4269052.9999947995,3906828.0000432003,12,Southeastern Ohio Regional Medical Center,OH,2.2112042178955145,13771.138709660643
360210,257,7278162.000035,3204487.0000144998,2822402.0000099,9,Grady Memorial Hospital,OH,2.2712409193740113,12468.821011729571
360211,1018,32463540.000138,13101498.0000951,10830491.0000509,33,Trinity Medical Ctr East &trinity Medical Ctr West,OH,2.477849479494815,12869.840864533497
360218,1151,37674467.999826,11546024.9999863,9492686.000030601,44,Licking Memorial Hospital,OH,3.2629816755005034,10031.298870535447
360230,5229,217919492.999415,58419479.9998941,47299558.0001844,139,Hillcrest Hospital,OH,3.7302538981827644,11172.208835321113
360234,1846,90084645.999997,19605444.9999837,15781226.999859199,62,Mercy Health - West Hospital,OH,4.594878922670303,10620.50108341479
360236,863,34714358.999907,8647125.0000411,7018111.9999894,30,Mercy Health - Clermont Hospital,OH,4.014555011028753,10019.843568993163
360239,788,37888414.000005,8728277.9999642,6949138.0000121,28,Kettering Health Miamisburg,OH,4.340880755649671,11076.494923812437
360245,113,3662674.0000010002,1300131.9999756,1175230.0000166001,2,Glenbeigh Health Sources,OH,2.817155488880928,11505.592920138053
360247,26,209999.9999994,139944.000001,117688.000001,1,"Woods At Parkside,the",OH,1.500600240081028,5382.461538500001
360259,230,13611764.999995,2751834.9999704,2338319.0000103,8,Bay Park Community Hospital,OH,4.946432108081122,11964.499999871303
360263,244,20319606.000127,3491831.9999359995,3059638.0000037,4,Institute For Orthopaedic Surgery,OH,5.819182022645829,14310.786884983605
360266,275,29126392.000376,7466858.000057,5488945.999971,6,Mount Carmel New Albany Surgical Hospital,OH,3.900756114573715,27152.21090929818
360270,185,3608446.000008,1611209.0000034,1347059.9999904,8,Mercy Health - Defiance Hospital,OH,2.2395890291081946,8709.237837856217
360276,2216,87420313.000079,21692341.9999744,17124821.0000136,63,Mh St Elizabeth Boardman Hospital,OH,4.030008055385729,9788.962996378339
360348,938,46953662.000043,14526555.9999741,10815513.9999571,33,Dublin Methodist Hospital,OH,3.232263862138191,15486.733475452133
360351,680,51645779.000446,11408517.999913,9259523.000068,12,Crystal Clinic Orthopaedic Center,OH,4.526948986786877,16777.232352813233
360352,54,7174650.999877,1274821.000008,1116724.0000003,3,Surgical Hospital At Southwoods,OH,5.627967377249022,23607.796296444445
360354,1600,70259358.000044,14238273.9999223,11450758.9999798,55,"West Chester Hospital, Llc",OH,4.9345417850806506,8898.921249951438
360359,1727,62094604.999832,16920804.99997,14605965.0000244,61,University Hospitals Ahuja Medical Center,OH,3.66971931890605,9797.80254775333
360360,1614,97002028.999921,19534478.9999928,15434491.9999144,53,Soin Medical Center,OH,4.965682934259815,12103.146840144238
360364,1732,50068560.999993,14880877.9999076,12204865.999878,52,Cleveland Clinic Avon Hospital,OH,3.3646241169576077,8591.730946828868
360365,101,4067319.9999989998,1085423.9999929,886414.0000058999,7,Avita Ontario,OH,3.747217677170953,10746.772277157426
360367,12,625661.000004,176934.0,157734.0,1,Lake Health Beachwood Medical Center,OH,3.5361264652582323,14744.5
360368,202,8853668.000027,1954193.0000101998,1622768.0000147,8,Kettering Health Troy,OH,4.530600611086412,9674.222772327723
370001,3580,443061146.999761,59104724.0001224,50773638.0000493,110,Hillcrest Medical Center,OK,7.496205328678017,16509.69944137497
370002,177,10576145.000053,2262685.9999810997,1971234.9999735,9,Integris Health Woodward,OK,4.674154964560413,12783.536723057061
370004,109,3857183.000013,1262010.9999958999,1121383.0000019,6,Integris Miami Hospital,OK,3.0563782724758592,11578.082568769723
370006,258,18779252.999994,2872227.9999758,2400421.9999842,13,Integris Health Ponca City,OK,6.538218066306792,11132.666666572868
370008,3474,229890473.999971,41428572.0001064,34666670.9998087,98,Norman Regional,OK,5.549080330342561,11925.32297066966
370013,4485,215986719.000525,54665070.0002186,47866200.9998523,115,"Mercy Hospital Oklahoma City, Inc",OK,3.9510919678628653,12188.421404731014
370014,1468,177796402.000128,13137489.0000591,11216033.9999922,45,Alliancehealth Durant,OK,13.533514813928916,8949.243188051158
370015,56,1382725.000004,630347.9999992,555191.9999988,3,Hillcrest Hospital Pryor,OK,2.1935898900381297,11256.2142857
370016,413,31649791.999691002,4120362.9999820003,3515252.9999949,21,Integris Bass Baptist Health Center,OK,7.681311573720389,9976.665859520583
370018,1045,30414832.00005,11264435.9999383,9965689.9999846,36,Ascension St John Jane Phillips,OK,2.700075884866015,10779.364593242391
370019,104,3275871.000024,1149166.0000119,1024454.0000012,5,Great Plains Regional Medical Center,OK,2.8506508198032985,11049.6730770375
370020,909,31770536.000175,10832804.0000625,9699621.0000434,27,Mercy Hospital Ada,OK,2.932808163056555,11917.276127681518
370022,436,12944748.99993,5996733.0000379,5395075.9999863,16,Jackson County Memorial Hospital Authority,OK,2.158633542605313,13753.974770729128
370023,1179,48044031.000017,11319317.000062,9795741.0000597,34,"Duncan Regional Hospital, Inc",OK,4.244428440316129,9600.777777830364
370025,2456,82958572.999942,25421514.0001204,22004753.9997424,52,Saint Francis Hospital Muskogee,OK,3.2633214921640423,10350.779316009935
370026,715,57003733.000314,7386752.0000106,6399870.9999837,29,St Mary's Regional Medical Center,OK,7.7170227185415445,10331.121678336503
370028,5579,751164311.997129,110282200.0002052,91638144.9999401,158,"Integris Baptist Medical Center, Inc",OK,6.81129241161068,19767.377666285214
370034,491,12686215.000034,5683832.9999885,4861089.999970799,15,Mcalester Regional Health Center,OK,2.231982361209358,11576.0346231945
370037,3895,303250923.999367,64114909.0001488,55691540.000115,105,Ssm Health St Anthony Hospital - Oklahoma City,OK,4.7298035469201585,16460.823876803286
370039,205,9207303.999992,2228427.9999967,1893883.9999727,10,Hillcrest Hospital Claremore,OK,4.131748479199524,10870.38048778878
370041,357,29561616.999741003,4678956.000026,3975584.0000159997,3,Center For Orthopaedic Reconstruction And Excellen,OK,6.317994227681718,13106.319327803922
370047,1456,55300367.000087,17103976.0000232,15280126.999898098,34,"Mercy Hospital Ardmore, Inc",OK,3.233187827205323,11747.236263752198
370049,1311,61100893.000048004,15597354.0000392,13616139.9998902,40,Stillwater Medical Center,OK,3.9173883595829424,11897.29519453791
370054,237,6033302.00001,2938543.0000077,2606036.0000023004,12,Grady Memorial Hospital,OK,2.0531610393294195,12398.915611846836
370056,2668,118388697.00016001,30943199.0000832,27172626.0002619,66,Comanche County Memorial Hospital,OK,3.826000569619246,11597.900674693854
370057,12,143660.000004,95870.0000004,85958.0000004,1,Muscogee (Creek) Nation Medical Center,OK,1.498487535239393,7989.1666667
370078,705,31972595.99985,12989690.000031,10583455.9999897,30,Oklahoma State University Medical Center,OK,2.4613825272022427,18425.09219862553
370083,64,1105280.999996,469627.9999999,397271.9999999,5,Pushmataha County Town Of Antlers Hospital,OK,2.3535244917173492,7337.9374999984375
370089,514,19013526.000025,6725823.9999613,5925189.9999389,21,Northeastern Health System,OK,2.826943732118831,13085.260700313813
370091,8875,542010627.000532,135339687.00037462,112172117.0005056,198,"Saint Francis Hospital, Inc",OK,4.004816613762611,15249.542197225308
370093,4257,803937968.0005571,110531007.0000365,88506685.000303,160,O U Health University Of Oklahoma Medical Center,OK,7.273415757447063,25964.530655399692
370094,1062,122911017.999096,13018164.0000304,11112406.9999855,39,Ssm Health St Anthony Hospital - Midwest,OK,9.441501735483513,12258.15819211902
370097,317,12760396.999928,2752099.9999768,2294649.0000235,13,Southwestern Medical Center,OK,4.636603684472065,8681.703469958358
370099,55,1428353.000001,618296.000007,552696.0000066999,4,Hillcrest Hospital Cushing,OK,2.3101443321399926,11241.745454672728
370100,99,1138181.999991,671727.0000008,567422.9999994,5,Choctaw Memorial Hospital,OK,1.6944115689701984,6785.121212129293
370106,1520,135599782.000397,22030604.999936,18712352.000042498,43,Integris Southwest Medical Center,OK,6.155063921339924,14493.819078905262
370112,60,1179330.999999,487091.0000001,423134.99999519996,4,Sequoyah County-City Of Sallisaw Hospital Authorit,OK,2.421171813888489,8118.183333335
370113,157,7805455.999973,1833068.0000092,1637642.0000013998,7,Integris Grove Hospital,OK,4.258137723168931,11675.592356746498
370114,4512,271281176.999879,76929210.0002229,64593414.999944404,130,Ascension St John Medical Center,OK,3.526374143177773,17049.91356387919
370149,827,25617387.99999,9410563.9999762,8305287.000039199,24,Ssm Health St Anthony Hospital - Shawnee,OK,2.7221947590022015,11379.158403840627
370158,24,276561.9999964,178774.9999995,146819.0000004,2,Purcell Municipal Hospital,OK,1.5469836386361262,7448.9583333125
370166,113,1176104.9999864,1125210.0000431,999948.9999958001,2,Wagoner Community Hospital,OK,1.0452315567239452,9957.610619850442
370171,309,4684721.9999796,3702395.999994,3299920.0000104997,17,W W Hastings Indian Hospital,OK,1.2653216997823011,11981.864077650485
370172,12,242460.0,128067.999996,110468.0000004,1,Choctaw Nation Health Services Authority,OK,1.8932129806631857,10672.333333
370180,176,2777577.000017,2662315.0000204,2461514.9999992,7,Chickasaw Nation Medical Center,OK,1.0432939002318344,15126.789772843184
370183,12,293904.99999599997,128166.999996,115367.0000004,1,Hillcrest Hospital Henryetta,OK,2.2931409801678475,10680.583333
370192,48,7842843.999840001,1432038.000012,1319686.000008,2,Northwest Surgical Hospital,OK,5.476701037105356,29834.125000250002
370201,48,4173240.999996,808696.000008,637708.999992,2,Surgical Hospital Of Oklahoma,OK,5.1604570814678405,16847.8333335
370202,1722,104255156.000316,18894652.0000142,15890709.0000288,57,Hillcrest Hospital South,OK,5.517707126875776,10972.504065048897
370203,207,33703249.000325,5483203.9999961,4932312.0000011,7,"Community Hospital, Llc",OK,6.146634157756847,26488.908212541544
370206,634,97454747.001128,18827725.000056,15077313.0000561,9,Oklahoma Spine Hospital,OK,5.176129723630345,29696.727129425864
370210,380,18659456.000014,6285256.0000032,5444424.9999726,10,"Oklahoma Surgical Hospital, Llc",OK,2.9687662682322724,16540.147368429472
370211,516,30430516.000041,4794199.0000093,4017676.9999913,20,Integris Canadian Valley Hospital,OK,6.347361884640577,9291.083333351356
370212,75,2450378.0000290005,987038.999977,848922.999974,2,Oklahoma Center For Orthopaedic & Multi-Sp,OK,2.4825543875025193,13160.519999693333
370215,2233,197221869.999723,41532484.9999799,36608042.0002526,46,"Oklahoma Heart Hospital, Llc",OK,4.748617136677915,18599.41110612624
370216,207,22215375.000143,5653897.000046,4910120.000006,6,Tulsa Spine & Specialty Hospital,OK,3.9292146637907015,27313.51207751691
370218,1068,37826008.000039,11383906.999970399,9076760.0000723,33,"Saint Francis Hospital South, Llc",OK,3.3227615088683837,10659.088951283145
370220,54,3168276.000012,623007.99999,546208.000002,1,Onecore Health,OK,5.085449946168997,11537.185185
370222,718,38833751.000068,11607772.999977,10167876.0001738,12,Mcbride Orthopedic Hospital,OK,3.34549538487227,16166.814763199165
370227,185,4197831.000017,1892029.0000228,1584375.0000258,8,Ascension St John Owasso,OK,2.218692736721485,10227.183783907027
370228,56,3649764.0000090003,562660.0000034999,444034.9999993,4,"Bailey Medical Center, Llc",OK,6.486624249078125,10047.500000062499
370234,1467,108949753.999515,23307166.0001118,20638632.9999418,40,"Oklahoma Heart Hospital South, Llc",OK,4.674517442360534,15887.638718549284
370235,268,11808056.999983,2919040.9999651,2368791.9999926,7,Ascension St John Broken Arrow,OK,4.045183675091983,10891.944029720522
370236,575,35993806.000199,5965761.0000278,5113315.9999955,25,Integris Health Edmond Hospital,OK,6.0333972480679785,10375.236521787478
370237,201,3865486.000035,2261037.0000203997,1980112.9999910998,8,"Saint Francis Hospital Vinita, Inc",OK,1.7096075827154198,11248.940298608954
370240,29,807197.000002,169646.9999995,137646.9999993,2,Integris Community Hospital - Council Crossing,OK,4.75809769700837,5849.896551706896
370243,17,672008.999992,117708.9999995,98508.9999996,1,Valley Community Hospital,OK,5.709070674246274,6924.0588235
380001,182,6463612.000035,3437150.000007,3150613.0000092,8,Adventist Health Columbia Gorge,OR,1.8805149615297083,18885.439560478022
380002,892,49112960.999962,11006485.0000553,9602423.9999923,31,Asante Three Rivers Medical Center,OR,4.462183976057319,12339.108744456615
380004,3837,234440682.000047,87817932.9999839,69511600.0001176,118,Providence St Vincent Medical Center,OR,2.6696219552342453,22887.1339588178
380005,83,3502151.999987,1110773.0000115,922271.9999857999,5,Asante Ashland Community Hospital,OR,3.152896226277324,13382.807229054217
380007,998,84600387.00010501,28084645.0000251,25719930.999937598,47,Legacy Emanuel Medical Center,OR,3.0123359935662135,28140.926853732566
380009,3184,428102843.000087,139972823.000001,117418740.999868,140,Ohsu Hospital And Clinics,OR,3.0584711647923535,43961.31375628173
380014,1136,60852301.999804,22239456.0000762,18936304.0000393,50,Good Samaritan Regional Medical Center,OR,2.7362315876609347,19576.985915560035
380017,844,64110178.000016004,21896323.9999546,15266077.9999117,38,Legacy Good Samaritan Medical Center,OR,2.927896846984404,25943.511848287442
380018,3020,280287960.999398,68099398.9999409,58599117.0000156,110,Asante Rogue Regional Medical Center,OR,4.115865413138833,22549.4698675301
380020,636,48639816.999908,11439555.0000456,9859374.0000319,26,Mckenzie-Willamette Medical Center,OR,4.251897648091566,17986.721698184905
380021,372,21052616.000027,5787196.9999840995,5146147.0000283,15,Hillsboro Medical Center,OR,3.6377914904373987,15556.981182752956
380022,159,6677001.999978,2427905.0,1924617.9999827999,7,Samaritan Albany General Hospital,OR,2.7501084268033553,15269.842767295597
380025,380,17819723.000013,5514798.9999952,4835764.9999824,15,Legacy Mount Hood Medical Center,OR,3.2312552098505334,14512.62894735579
380027,967,43777695.999977,13909332.9999942,12286975.0000244,33,Mercy Medical Center,OR,3.1473612717443213,14384.00517062482
380037,265,8538032.000082,4045033.999954,3340501.0000008,10,Providence Newberg Medical Center,OR,2.110744186619715,15264.279245109434
380038,333,11317313.000011,4691239.0000099,3965587.9999732003,13,Providence Willamette Falls Medical Center,OR,2.4124358191912876,14087.804804834534
380047,4303,266519779.00018,96736241.0001047,87096186.9999436,143,St Charles Bend Campus,OR,2.755118208489118,22481.11573323372
380050,944,51427194.999843,15886285.9999247,14022874.9999896,36,Sky Lakes Medical Center,OR,3.2372069217491592,16828.692796530402
380051,3052,172458584.000506,54470421.9999486,46666907.000029,86,Salem Hospital,OR,3.16609597775227,17847.451507191545
380052,121,4425376.99998,1774641.0000094,1614770.0000250002,6,Saint Alphonsus Medical Center - Ontario,OR,2.4936744952678085,14666.454545532231
380060,789,57058799.00004,13908509.9999784,12557240.9999604,27,Adventist Health Portland,OR,4.102437931894115,17628.02281366084
380061,2246,120449569.999394,45354018.999833696,36190986.9998173,81,Providence Portland Medical Center,OR,2.6557639798103816,20193.240872588467
380071,356,14206198.000018999,4188538.0000336003,3447709.9999744,16,Willamette Valley Medical Center,OR,3.391684162804548,11765.556179869664
380075,840,49739413.000014,16651639.0000177,14136332.9999202,34,Providence Medford Medical Center,OR,2.9870580907958146,19823.379761925833
380082,193,6944068.999952001,3315390.999995,2784902.9999787,7,Providence Milwaukie Hospital,OR,2.0944947368085614,17178.191709818653
380089,871,35642534.999902,11362810.9999747,9633809.9999476,41,Legacy Meridian Park Medical Center,OR,3.136770909943091,13045.707233036395
380090,1621,71310683.000072,27657354.9999062,24914815.0000994,54,Bay Area Hospital,OR,2.5783623560645568,17061.909315179644
380091,281,13705147.000051,5328312.9999954,4324623.0000019,13,Kaiser Sunnyside Medical Center,OR,2.5721362465123256,18961.96797151388
380102,3372,259822848.999259,63396869.0000549,52533149.000109,112,Sacred Heart Medical Center - Riverbend,OR,4.098354589073382,18800.969454346057
380103,89,3067631.000005,1425119.0000004,1006977.9999896,5,Kaiser Foundation Hospital Westside,OR,2.1525437524895388,16012.57303371236
390001,3802,415440871.998245,52265024.000152,42371492.9996557,111,Geisinger Community Medical Center,PA,7.948735888785525,13746.718569214097
390002,186,10537293.000004,2398130.999989,1621649.0000093,9,Upmc Mckeesport,PA,4.393960546797624,12893.1774192957
390003,279,11615527.00001,3018788.0000075996,2382261.9999966,13,Geisinger-Bloomsburg Hospital,PA,3.8477451877974733,10820.028673862364
390004,1756,104098512.00005,19930385.0000703,17110213.9999548,70,Penn State Health Holy Spirit Medical Center,PA,5.223105925935841,11349.877562682403
390006,5177,761429850.999559,114777484.999911,86022850.9997822,162,Geisinger Medical Center,PA,6.633965285091841,22170.655785186595
390009,1874,160881923.000159,25955697.9999604,21785596.9999229,65,Saint Vincent Hospital,PA,6.198327742925829,13850.42582708666
390012,1578,54806165.999822,14760578.9998494,12518944.000023501,45,Lansdale Hospital,PA,3.7130092254769393,9353.979087357035
390013,924,50820274.999938,8982197.0000096,7680754.9999321,38,Evangelical Community Hospital,PA,5.657889155613453,9720.992424252814
390016,496,12685819.000047,4853419.0000341,3955374.0000224,22,Upmc Jameson,PA,2.6137901961396426,9785.118951681654
390026,1460,154006504.00067002,20103399.0000037,17518361.9999691,49,Temple Health - Chestnut Hill Hospital,PA,7.66071966241339,13769.451369865548
390027,4057,1023574373.9986479,120855381.0001785,96645342.0000884,129,Temple University Hospital,PA,8.469414977866283,29789.347054517748
390028,809,76365077.000284,14594732.0000345,10366532.9999809,42,Upmc Mercy,PA,5.232372680779852,18040.459826989492
390030,792,40390654.000109,8150231.000061899,6884611.999942901,30,Lehigh Valley Hospital-Schuylkill,PA,4.955768002134202,10290.695707148863
390032,278,10890062.999995,2977620.9999873,2236289.0000050003,10,Allegheny Valley Hospital,PA,3.657303263256623,10710.866906429137
390035,985,104322258.999168,11956702.9999248,10271884.9999991,30,St Luke's Hospital - Upper Bucks Campus,PA,8.72500211804409,12138.784771497258
390036,667,13969218.0001185,6852335.0000198,5473699.0000347,28,Heritage Valley Beaver,PA,2.038606985805296,10273.36581712114
390037,353,7520927.0000525005,3814009.9999927,3351469.999996,17,Heritage Valley Sewickley,PA,1.9719211538687356,10804.5609064949
390039,158,3740139.000003,1823022.0000045998,1595584.9999941,8,Upmc Somerset,PA,2.0516148461146178,11538.113924079746
390041,936,20993560.000064,8723735.0000749,7338118.0000203,32,Uniontown Hospital,PA,2.406487588158484,9320.229700934722
390042,868,16443422.0000901,8120981.9999899,6388855.9999613,39,"Washington Hospital, The",PA,2.0248070984654998,9355.970046071314
390044,6861,400802045.000083,98447154.99998869,81832940.0000394,162,Reading Hospital,PA,4.071240504615182,14348.805567699852
390045,2024,134371351.999991,26939995.9999659,23094507.9999851,74,Upmc Williamsport,PA,4.987801482975762,13310.274703540465
390046,5978,473685913.000646,126798344.0002216,95473542.0005559,164,Wellspan York Hospital,PA,3.735742108744087,21210.83037808993
390048,833,36245310.999968,9352795.999895401,7420768.000033299,28,Geisinger-Lewistown Hospital,PA,3.8753449770927704,11227.846338409845
390049,6778,1047797615.003873,133070275.9998217,105653328.0001057,183,St Luke's Hospital Bethlehem,PA,7.874016996893258,19632.675715524005
390050,2907,344643576.999962,93264907.0001026,63343351.9999386,121,Allegheny General Hospital,PA,3.6953189370529564,32082.871345064534
390056,180,3361653.9999789,1915489.9999811,1637493.9999916,9,Penn Highlands Huntingdon,PA,1.754983842260763,10641.61111100611
390057,1685,75368468.000066,17626964.9999877,14695656.0000113,57,Grand View Health,PA,4.275748434294763,10461.106824918515
390058,957,37172576.999967,8853757.9999869,7622828.0000084005,36,Upmc Carlisle,PA,4.198508362214327,9251.575757562068
390062,146,4354552.0000048,1533989.9999839999,1318415.999975,8,Conemaugh Nason Medical Center,PA,2.8387095092211942,10506.78082180822
390063,2906,352760569.000571,46921582.9998527,39483650.0001662,109,Upmc Hamot,PA,7.518087550492028,16146.449759068377
390065,1124,45813404.000163,13289772.000071399,10261444.9999189,35,Gettysburg Hospital,PA,3.4472678688480785,11823.64056945854
390066,1263,55640245.999999,17013283.0000606,13803373.9998441,38,Wellspan Good Samaritan Hospital,PA,3.27040031014595,13470.53285832193
390067,6370,399910089.000306,106430511.0000187,87497206.9998427,164,Upmc Pinnacle Hospitals,PA,3.7574759835573444,16708.086499218007
390068,322,11497677.000012,3432884.999966,2905449.000031,14,Upmc Lititz,PA,3.34927531802722,10661.133540267081
390070,182,13674098.000087999,3087955.9999958,2348207.9999748,10,Lower Bucks Hospital,PA,4.428203640241828,16966.791208768132
390073,1954,100631682.000098,25983181.000135,22279279.9999588,69,Upmc Altoona,PA,3.872954662463197,13297.43142279171
390079,2541,137188682.999491,37861853.0000043,31495747.0000896,88,Robert Packer Hospital,PA,3.623401184286343,14900.375049194923
390086,1464,36803444.000145,15654027.9999451,13011510.9999392,52,Penn Highlands Dubois,PA,2.351052649214252,10692.642076465232
390090,330,39410710.000124,7730076.0000429,5923678.9999822,21,West Penn Hospital,PA,5.098359964365845,23424.47272740273
390091,629,19138635.999952,4854679.0000383,3958453.9999654,24,Upmc Northwest,PA,3.942307205028594,7718.090620092687
390093,78,1425179.0,1131764.000002,944391.0,4,Clarion Hospital,PA,1.2592545795744357,14509.794871820513
390096,1300,74293147.999918,16314063.9999931,12976030.9999739,45,Penn State Health St. Joseph,PA,4.553932606856845,12549.279999994693
390097,1726,54584783.999959,15454286.9999741,13004058.9999798,58,Holy Redeemer Hospital And Medical Center,PA,3.5320156795360718,8953.816338339571
390100,6607,362444056.999644,98925966.0000093,80320208.0000046,174,Lancaster General Hospital,PA,3.6637909302761815,14972.902376269003
390101,799,38640657.000091,9014353.0000168,6801504.0000305,34,Upmc Memorial,PA,4.286570206427348,11282.04380477697
390102,1008,71330189.999561,12742678.0000445,9125689.000023799,44,Upmc St Margaret,PA,5.597739344846656,12641.545634964783
390104,22,360024.000006,244669.00000400003,225069.000002,1,Upmc Kane,PA,1.471473705292105,11121.318182
390107,2048,158559778.999926,21988306.000012502,17854521.999908898,79,Upmc Passavant,PA,7.211095706956045,10736.477539068605
390110,1116,52066645.000190005,16198677.0000726,12962814.999972701,44,Conemaugh Memorial Medical Center,PA,3.2142529294186586,14514.943548452151
390111,7294,2071083021.999947,319346307.00035703,255707905.00017262,208,Hospital Of Univ Of Pennsylvania,PA,6.485382722768207,43782.05470254415
390112,36,759286.999998,328202.0000034,285045.999999,2,Chan Soon- Shiong Medical Center At Windber,PA,2.313474628399992,9116.722222316668
390113,750,26200025.999969,8411959.9999228,7052399.9999771,32,Meadville Medical Center,PA,3.114616094252641,11215.946666563734
390114,228,18130602.999936,3720101.9999818997,2607163.9999994,12,Magee Womens Hospital Of Upmc Health System,PA,4.873684377477879,16316.236842025875
390115,4688,263732402.999917,73825130.999631,61945115.000301205,117,Jefferson Health-Northeast,PA,3.572393295194223,15747.681527225042
390116,232,21231204.999932,5246324.000001,4068225.9999857,7,Suburban Community Hospital,PA,4.046872629278701,22613.46551724569
390117,125,3018703.999996,1535694.0000123,1382937.9999787002,5,Upmc Bedford Memorial,PA,1.9656936863540666,12285.5520000984
390123,1299,87341084.999873,12362164.9999698,10501003.9999592,48,Pottstown Hospital,PA,7.06519327319174,9516.678213987529
390125,611,21106764.999925,6052783.0000027,5276630.9999914,30,Wayne Memorial Hospital,PA,3.487117413579106,9906.355155487234
390127,1256,86860654.00005099,14928457.9999435,12421404.999957701,47,Phoenixville Hospital,PA,5.818461223548992,11885.714968107883
390133,15423,1804900799.002005,259623906.999922,211339370.9998148,275,Lehigh Valley Hospital,PA,6.951982272582268,16833.554237173183
390137,2357,182207352.000137,24526334.0000967,19559500.9999675,75,Wilkes-Barre General Hospital,PA,7.429049608450191,10405.74204501345
390138,396,13234836.999944,4951485.9999153,4239612.9999597,14,Wellspan Waynesboro Hospital,PA,2.672902033888492,12503.752525038637
390139,3598,269908762.002338,48393780.0002031,39875123.9998716,98,"Bryn Mawr Hospital, The",PA,5.577344071928359,13450.188993941942
390142,1882,138557341.000113,47654208.000095,33830922.0000599,73,Albert Einstein Medical Center,PA,2.907557313717957,25321.045696118494
390145,1379,46891747.9998719,16155882.0000135,14229049.0000703,46,Excela Health Westmoreland Hospital,PA,2.902456702755858,11715.650471365845
390146,342,8177795.0000249995,3720514.0000282996,3247966.0000139,12,Warren General Hospital,PA,2.1980282831788287,10878.695906515495
390147,275,8974608.000016,2672919.0000004,2180050.0000195,16,Penn Highlands Mon Valley,PA,3.3576056738025573,9719.70545454691
390151,2965,116107330.000315,38510621.9999744,32196147.9998551,79,Wellspan Chambersburg Hospital,PA,3.0149429941794286,12988.405396281416
390153,4316,366808716.999268,51494049.9999132,43318939.9997876,123,Paoli Hospital,PA,7.123322345006584,11930.966172361725
390156,933,53157940.999707,16732224.0000656,12302004.000007201,32,Mercy Catholic Medical Center- Mercy Fitzgerald,PA,3.1769799997596606,17933.787781420793
390160,96,3909753.999987,914076.0000042999,756435.0000009,4,Canonsburg General Hospital,PA,4.277274537312661,9521.62500004479
390162,163,11490643.000036001,1948845.9999792,1719509.0000066,9,St Luke's Hospital - Easton Campus,PA,5.896126733543153,11956.110429320246
390163,112,2437072.000012,950370.0000045,817400.9999948,7,Acmh Hospital,PA,2.5643402043419514,8485.446428611607
390164,6444,1863813863.013278,192046888.0001888,140721802.000332,207,Upmc Presbyterian Shadyside,PA,9.704993829483172,29802.434512754313
390168,765,35516157.000171,9811264.9999912,8585404.9999746,36,Butler Memorial Hospital,PA,3.6199365729294692,12825.183006524445
390173,475,13470858.000086,4530919.0000273,3836048.9999846,20,Indiana Regional Medical Center,PA,2.9730961864480108,9538.776842162737
390174,7136,884408732.000106,223472862.999524,164920873.9999079,206,Thomas Jefferson University Hospital,PA,3.9575665704072076,31316.2644337898
390178,297,11308488.000002,2708101.9999991,2300328.0000257,15,Upmc Horizon,PA,4.175798400505505,9118.188552185522
390179,4961,259146744.99988002,54040473.0001395,46414389.9998639,134,Chester County Hospital,PA,4.795419629269549,10893.060471707216
390180,1359,196022501.000577,28673348.9999653,22231533.0002306,47,Crozer Chester Medical Center,PA,6.836400624175928,21098.858719621265
390183,467,25929976.999983,5603836.0001023,4618430.000061301,15,St Luke's Miners Memorial Hospital,PA,4.627183414987455,11999.648822488865
390184,32,531214.0,321579.0,268067.0,1,Penn Highlands Connellsville,PA,1.6518926919979227,10049.34375
390185,981,57404977.999725,10172434.0000396,8809181.0000127,38,Lehigh Valley Hospital - Hazleton,PA,5.643190017207438,10369.453618796739
390195,4338,507896687.002389,97349356.9998784,83909417.0002578,117,Lankenau Medical Center,PA,5.217257747301026,22441.068925744214
390198,76,1291965.9999930002,905269.9999824,583278.9999983001,3,Millcreek Community Hospital,PA,1.427160957524405,11911.447368189474
390199,45,581757.000011,531087.000007,479794.9999935,3,Punxsutawney Area Hospital,PA,1.095408096984735,11801.93333348889
390201,1269,86275669.999907,14500781.0000533,12193284.0000321,56,Lehigh Valley Hospital - Pocono,PA,5.949725742330009,11426.935382232703
390203,4395,206221595.999877,54868028.000083,48336319.9997534,116,Doylestown Hospital,PA,3.7585020551415673,12484.192946549032
390204,1072,53670029.000164,15534694.9999619,12372272.0001827,37,Nazareth Hospital,PA,3.454849226218837,14491.319962651025
390211,567,27036693.000077,6199989.0000153,5327081.0000286,27,Sharon Regional Health System,PA,4.360764672326077,10934.724867751851
390217,175,5497456.0000105,1748291.9999809,1491684.0000021001,9,Excela Health Frick Hospital,PA,3.144472433707046,9990.239999890857
390219,522,14564945.000013,6717738.9999056,5492950.999989,22,Excela Health Latrobe Hospital,PA,2.1681320158788053,12869.231800585441
390222,2788,219336640.000377,32578384.9999236,27309709.0000142,78,Riddle Memorial Hospital,PA,6.732581740957735,11685.217001407318
390223,2851,522680222.000975,85826981.0001035,75386432.9999625,104,Penn Presbyterian Medical Center,PA,6.0899290166147715,30104.167309752193
390225,867,50155968.99988,10632539.9999311,8718598.9999868,32,Wellspan Ephrata Community Hospital,PA,4.7172142310496845,12263.598615837487
390226,1873,221191772.999885,36879608.9998752,30908120.9999689,67,Pennsylvania Hospital,PA,5.997671314807961,19690.127602709665
390228,1864,66064195.000113,17502428.0000417,14698449.9999364,64,St Clair Hospital,PA,3.774573162075319,9389.71459229705
390231,7996,468348140.000498,123783776.0001305,103775594.9999126,183,Abington Memorial Hospital,PA,3.7835987488376848,15480.71235619441
390233,1316,58553109.999887,15605501.9999102,12234989.999952901,45,Upmc Hanover,PA,3.7520811570319195,11858.284194460639
390237,2244,199742873.000011,28299694.9999892,23790480.0000825,60,Regional Hospital Of Scranton,PA,7.058128117638272,12611.272281635116
390256,3847,398204399.000302,97017848.9999977,76904928.0000321,134,Milton S Hershey Medical Center,PA,4.104444729549832,25219.092539640682
390258,4371,223035515.000469,56787803.9999971,46460587.0000175,111,St Mary Medical Center,PA,3.9275249136325185,12991.947838022672
390265,1079,58467910.999943,11277781.0000605,9623812.0000373,46,Jefferson Hospital,PA,5.184345306902958,10452.067655292401
390266,107,4001511.000014,1160456.0000017001,1033208.0000044,6,Grove City Hospital,PA,3.448222939954757,10845.383177585982
390267,1529,78558277.000037,18286030.0000756,14429262.000056101,59,Forbes Hospital,PA,4.2960815988879055,11959.470242037673
390268,1606,69138834.000324,22893748.0000107,19994927.0001188,55,Mount Nittany Medical Center,PA,3.0199875529464064,14255.13574097802
390270,3958,461426822.001732,59472877.0000704,47846641.0000487,111,Geisinger Wyoming Valley Medical Center,PA,7.758609390986512,15025.992167779283
390272,145,6835501.000012999,1947416.9999806,1821014.999963,2,Valley Forge Medical Center,PA,3.5100345740440253,13430.462068831725
390278,47,362433.0,390566.00000400003,331409.9999994,2,Eagleville Hospital,PA,0.9279686403739396,8309.91489370213
390304,233,15798825.999992002,3680876.0000274,2662356.9999671998,10,Roxborough Memorial Hospital,PA,4.292137523750976,15797.751073078969
390307,28,1399463.000012,321251.0,264413.0000008,1,Edgewood Surgical Hospital,PA,4.356291497962652,11473.25
390316,86,8393398.000059001,1551391.000012,1345142.000008,4,Surgical Institute Of Reading,PA,5.410240229570803,18039.430232697676
390322,237,15216898.000027,3644092.9999400005,3250881.000024,4,Rothman Orthopaedic Specialty Hospital Llc,PA,4.17577103555742,15375.919830970466
390323,220,8346470.999900001,2606454.00004,2212826.9999,1,Advanced Surgical Hospital,PA,3.2022322280661437,11847.518182
390324,72,6215445.000041001,1416236.000015,1302636.000014,4,Physician's Care Surgical Hospital,PA,4.388707108119812,19669.944444652778
390325,358,16519005.000075,5129441.999945,4292384.999966,4,Oss Orthopaedic Hospital,PA,3.220429239720836,14328.050279175977
390326,3123,272371904.999746,44485247.000229,32435058.9999014,85,St Luke's Hospital - Anderson Campus,PA,6.122746828815942,14244.395453163304
390327,11,1468185.0000399998,408694.999999,391094.999999,1,Wellspan Surgery And Rehabilitation Hospital,PA,3.592373285808714,37154.090909
390328,773,47682675.999992,7516674.9999914,5830436.0000112,35,Upmc East,PA,6.343586226629002,9724.029754193272
390329,2188,122484058.999849,31478324.9999814,25831703.000110902,84,Einstein Medical Center Montgomery,PA,3.891060245420345,14386.803016444881
390330,1778,152807920.999139,18025894.9999399,14496192.0000449,57,St Luke's Hospital - Monroe Campus,PA,8.477133645771735,10138.298650134926
390332,828,45097634.000177994,8206510.0000511,6889520.9999148,26,Geisinger St. Luke's  Hospital,PA,5.495348692671694,9911.243961414371
390334,543,23022256.000081,5495561.0000317,3467632.9999913,26,Ahn Wexford Hospital,PA,4.189245829488236,10120.738489929467
390335,867,72921400.999323,9768019.0000358,6423062.9999455,31,St Luke's Hospital - Carbon Campus,PA,7.4653213716164695,11266.457900848674
390336,450,18447548.999964,7278323.0000041,3245632.9999824,19,Penn State Health Hampden Medical Center,PA,2.534587843924158,16174.051111120221
390337,85,2344316.999983,1129809.0000041001,578254.9999996,4,Geisinger Medical Center Muncy,PA,2.0749675387383997,13291.870588283531
390338,377,31777518.000191003,5461980.9999716,3156233.9999808,18,Lehigh Valley Hospital - Dickson City,PA,5.817947371174713,14488.013262524139
390339,619,37711047.000035,6145334.0000051,4583126.999999899,30,Penn State Health Lancaster Medical Center,PA,6.136533343835128,9927.84168013748
410004,345,13171173.000034,4695425.9999944,3879705.9999772,16,Roger Williams Medical Center,RI,2.8051071404489623,13609.930434766376
410005,393,13043338.99998,4845830.000024701,4350351.0000198,17,Our Lady Of Fatima Hospital,RI,2.69166252219197,12330.356234159543
410006,700,19537281.999921,7323119.9999649,6043485.0000138,31,Newport Hospital,RI,2.6678904619908788,10461.599999949858
410007,5012,311460499.999724,122653009.0004411,100799716.0000956,155,Rhode Island Hospital,RI,2.5393628948687583,24471.869313735257
410008,983,33401746.999969,10699740.999956701,9216943.0000513,39,South County Hospital Inc,RI,3.121734161612339,10884.782299040387
410009,1918,64406479.999995,24181346.0000696,18919407.9999129,64,Kent County Memorial Hospital,RI,2.6634778725638193,12607.583941642128
410011,580,28863386.999945,7621369.9999497,6654965.0000555,21,Landmark Medical Center,RI,3.7871651684848646,13140.293103361551
410012,3450,138444626.00006598,52226934.0000091,42223850.999973,97,The Miriam Hospital,RI,2.650828134005375,15138.241739133071
410013,577,17925863.999955,5942525.9999846,5069619.0000088,22,Westerly Hospital,RI,3.0165394312118203,10299.005199280069
420002,2595,267032092.999031,28959968.9999738,24922967.9998913,78,Piedmont Medical Center,SC,9.220731313603014,11159.910982648864
420004,7719,780245190.998467,236521395.999984,169591907.9999977,217,Musc Medical Center,SC,3.2988355565029717,30641.45562896541
420005,105,4894594.000022,1423201.0000170001,1287924.0000200002,4,Mcleod Medical Center - Dillon,SC,3.439144576179706,13554.295238257144
420007,5778,375872401.00033903,92222460.0001028,77391011.0000712,166,Spartanburg Medical Center,SC,4.075714321651364,15960.96573210502
420009,1422,62398446.999869,17971997.0000653,15352578.999959601,46,Prisma Health Oconee Memorial Hospital,SC,3.4719818281542265,12638.535161789945
420010,371,25970129.999999,4091595.0000911,3506529.0000515003,13,Carolina Pines Regional Medical Center,SC,6.347189787704006,11028.557951728033
420011,12,459827.000004,159284.000004,144927.999996,1,Cannon Memorial Hospital,SC,2.8868373470810162,13273.666667
420015,716,29288281.000114,7602388.999996,6342623.0000347,23,Prisma Health Baptist Easley Hospital,SC,3.8525101780676327,10617.86173183799
420018,3774,337749683.998839,83601509.0003688,67749498.99988261,117,Prisma Health Richland Hospital,SC,4.0399950675214376,22151.963169149127
420020,456,17757778.999994,5321103.0000013,4510123.0000175,21,Tidelands Health,SC,3.337236471458955,11669.08552631864
420023,4085,286540275.000017,47705123.0001996,39580898.0003212,111,St Francis-Downtown,SC,6.006488548385423,11678.120685483378
420026,1936,131268606.99935201,26097391.0000499,21982794.000048,66,Musc Health Columbia Medical Center Downtown,SC,5.0299513464430605,13480.057334736519
420027,3604,308413035.999014,52143202.0000522,43413557.9999084,95,Anmed Health,SC,5.914731435148637,14468.147058838013
420030,329,17882627.999934003,4016940.9999668,3521717.0000104997,12,Colleton Medical Center,SC,4.451802503467639,12209.547112361095
420033,746,26746206.000013,9227859.0000469,6911072.9999901,29,Prisma Health Greer Memorial Hospital,SC,2.898419449178522,12369.784182368498
420036,631,89024195.000026,8708958.000013601,7587950.9999178,28,Musc Health Lancaster Medical Center,SC,10.222140811781038,13801.83518227195
420037,338,13562733.999959,3073877.0000179,2418141.9999997,13,Prisma Health Hillcrest Hospital,SC,4.412256573662518,9094.310650940533
420038,392,15325227.000071,4888091.0000467,4205724.000041099,15,Prisma Health Laurens County Hospital,SC,3.135217204410594,12469.619898078317
420043,122,5516531.999989,1286883.0000089998,1136481.9999948,7,Cherokee Medical Center,SC,4.286739353888753,10548.22131154918
420048,520,25134110.999912,5399252.0000398,4777578.9999392,21,Kershaw Medical Center,SC,4.655109818865045,10383.176923153462
420049,1447,63962213.000133,15559563.9999804,13039858.999986399,58,Conway Medical Center,SC,4.110797256286459,10752.981340691362
420051,5775,395173147.000321,79079052.9999043,64623615.9996443,153,Mcleod Regional Medical Center-Pee Dee,SC,4.997191190450892,13693.34251080594
420053,270,9243331.999961,4435090.999989999,3811189.000018,9,Newberry County Memorial Hospital,SC,2.084135815923922,16426.262962925925
420055,96,3859252.000012,1051632.9999984,920798.9999931,5,Musc Health Marion Medical Center,SC,3.6697707280181127,10954.51041665
420065,1319,69005252.000056,18451757.9999714,16075965.0000233,49,Bon Secours-St Francis Xavier Hospital,SC,3.739765717725268,13989.202426058682
420067,1562,48282338.999908,17934750.0000733,15490249.0000099,59,Beaufort County Memorial Hospital,SC,2.692111069276721,11481.914212594942
420068,43,2349051.000005,664411.0000004,600340.0000002,2,The Regional Medical Center Of Orangeburg- Calhoun,SC,3.535538996199018,15451.418604660465
420070,1440,53485277.999910004,14212411.0000875,11782267.0000814,49,Prisma Health Tuomey Hospital,SC,3.7632797137361647,9869.729861171874
420071,1862,102372426.999676,31155735.0000723,25649833.999876298,63,Self Regional Healthcare,SC,3.285829302356001,16732.403329791785
420072,45,1364443.000012,632132.999997,576998.0000069999,3,Hampton Regional Medical Center,SC,2.1584745615534637,14047.399999933334
420073,7870,597755496.999931,109078954.9997932,89582111.9998416,169,Lexington Medical Center,SC,5.480025885846305,13860.095933900026
420078,6335,507872299.998775,131644547.00001849,104250623.0002993,186,Prisma Health Greenville Memorial Hospital,SC,3.857906093130494,20780.512549332045
420079,4611,739480611.00023,72708826.9999544,58620337.0002096,130,Trident Medical Center,SC,10.170437916715308,15768.559314672393
420080,1611,130534047.999802,24508291.000056602,21857564.9999784,53,Hilton Head Regional Medical Center,SC,5.326117924725985,15213.091868439853
420082,1634,132924342.00076701,18671177.9999203,15566243.9999045,54,Aiken Regional Medical Center,SC,7.119226328479885,11426.669522595044
420085,6252,866683157.995019,94520162.0000539,80809560.999949,167,Grand Strand Regional Medical Center,SC,9.169294039027617,15118.388035837155
420086,996,52011259.999819,12802480.0001008,10716301.0000671,36,Prisma Health Baptist,SC,4.0625925601453385,12853.895582430523
420087,3563,235833198.00085402,49920746.0000847,43383427.0001091,107,Roper Hospital,SC,4.724152119049942,14010.874543947431
420089,462,88067634.000148,10096079.0000304,8372895.9999687,17,East Cooper Medical Center,SC,8.722954129012146,21852.984848550648
420091,2005,163882078.999819,20503146.999968998,17410645.9999467,65,Musc Health Florence Medical Center,SC,7.993020729942911,10226.00847878753
420098,1934,72684500.000341,20607113.9999524,16998464.0001099,65,Tidelands Waccamaw Community Hospital,SC,3.5271557191613003,10655.17786967549
420101,507,32532387.999942,5063751.9999533,4330462.9999683,21,Coastal Carolina Hospital,SC,6.424561866426719,9987.676528507494
420102,105,9274492.000053,1727190.999997,1334757.0000129999,4,Prisma Health  Patewood Hospital,SC,5.369696808325836,16449.438095209523
420103,380,22351310.999839,4327455.9999951,3390734.9999648,17,Pelham Medical Center,SC,5.165000175591458,11388.042105250264
420104,710,28276801.999916,6517788.9999773,5442672.0000312,27,Mount Pleasant Hospital,SC,4.338404020138498,9179.984507010282
420105,2910,157428061.000224,29988989.9998471,25538605.0001618,81,Mcleod Loris  Hospital,SC,5.24952861036756,10305.494845308282
420106,673,39784297.000203,9966751.9999868,7651007.9999824,29,Prisma Health Baptist Parkridge,SC,3.9917013085361903,14809.438335790192
420107,355,15349455.999963,4213420.9999838,3762678.0000309,14,Mcleod Health Cheraw,SC,3.642991289031411,11868.79154925014
420108,13,249315.999998,145601.99999799998,131201.99999399998,1,Union Medical Center,SC,1.7123116440806079,11200.153846
420109,244,9676277.999997001,2956382.9999986,2516239.9999891,14,Mcleod Health Clarendon,SC,3.273012326211314,12116.323770486066
420110,583,21567902.999984,5386524.0000183005,4274934.999991,23,Roper St Francis Hospital-Berkely Inc,SC,4.004048436414787,9239.32075474837
430005,570,14151421.999931,6544262.0000427,5752043.0000138,25,Prairie Lakes Hospital,SD,2.1624167858558634,11481.161403583685
430008,232,5644182.9999710005,2158712.999987,1845450.0000078,9,Brookings Health System,SD,2.614605554330284,9304.79741373707
430012,622,27032627.000009,8247760.0000807,7144356.9999612,27,Avera Sacred Heart Hospital,SD,3.277571971025406,13260.064308811416
430014,960,54468816.999824,12629362.999896301,11196510.0000115,32,Avera St Lukes,SD,4.312871282603187,13155.586458225314
430015,278,12706032.999992002,3946953.9999734997,3575348.9999636,10,Avera St Mary's Hospital,SD,3.219199666395228,14197.676258897482
430016,5463,372854083.998843,80961653.0000865,68475300.9998378,149,Avera Mckennan Hospital & University Health Center,SD,4.605317087565451,14819.998718668588
430027,5463,412931185.00095,90154666.0001027,75032998.0000556,155,Sanford Usd Medical Center,SD,4.580253062004352,16502.776130350117
430048,125,4723224.999978,2092616.0000109999,1935816.0000178001,7,Monument Health Spearfish Hospital,SD,2.2570911241972595,16740.928000088
430077,4381,324855146.999625,88649191.0000054,77139765.00017379,129,Monument Health Rapid City Hospital,SD,3.6645021047017257,20234.92147911559
430089,246,21670863.000298,5863126.999972,5016201.000031,5,Dunes Surgical Hospital,SD,3.69612716906891,23833.849593382114
430090,313,29656952.999968998,6223378.9999636,5759558.9999379,9,Sioux Falls Specialty Hospital Llp,SD,4.765410077088742,19882.99999988371
430091,759,43270852.999885,13619825.000052001,11958126.000014,10,Black Hills Surgical Hospital Llp,SD,3.1770491177177234,17944.43346515415
430095,1448,168583103.999106,30530091.000059,27762757.0000889,41,Avera Heart Hospital Of South Dakota,SD,5.521867065472559,21084.316988991024
430097,181,4731775.999995,1811760.0000015,1596545.0000027,10,Sanford Aberdeen Medical Center,SD,2.6117013290894393,10009.723756914364
430098,33,528165.999999,362975.9999958,319419.9999942,2,Pine Ridge Ihs Hospital,SD,1.4550989597249167,10999.272727145455
440001,33,1030445.000013,446387.000004,412830.999999,1,Unicoi County  Hospital,TN,2.308411759311464,13526.878788
440002,6931,358605290.000014,103543203.9999546,90977401.99997,150,Jackson-Madison County General Hospital,TN,3.463339708902298,14939.143557921598
440003,1138,74700436.000207,10997032.9998935,8966480.0000227,36,Sumner Regional Medical Center,TN,6.792780925630617,9663.47363786775
440006,1674,227841401.000315,24142850.00014,19531397.000038702,59,Tristar Skyline Medical Center,TN,9.437220584934828,14422.25209088411
440007,57,899127.000001,712832.999988,643959.9999927001,3,Unity Medical Center,TN,1.2613431196593536,12505.842105052632
440008,240,6632637.00001,3655847.9999900004,3314119.000013,3,Henderson County Community Hospital,TN,1.814254039015884,15232.699999958335
440009,951,24051702.000072,9757514.0000074,8582024.9999804,32,Cumberland Medical Center,TN,2.4649415824618606,10260.267087284332
440010,31,730467.999999,230341.000001,195141.0000007,2,Wayne Medical Center,TN,3.171246109011547,7430.354838741936
440011,1223,47544363.999878,12473346.0000783,10383936.0000469,44,Blount Memorial Hospital,TN,3.8116768347145618,10198.97465255789
440012,2287,111705767.000006,26395098.9999625,21025003.000166,73,Bristol Regional Medical Center,TN,4.232064710201113,11541.36379534871
440015,5774,307076752.998693,105224390.000034,80084673.9998482,168,University Of Tn Medical Center (The),TN,2.918303950239994,18223.82923450537
440016,189,4487528.00004,2278236.9999726,2037350.9999738,7,Baptist Memorial Hospital - Carroll County,TN,1.9697371257222014,12054.164021019047
440017,2403,175744445.000092,34728465.0000133,28299492.9998386,80,Holston Valley Medical Center,TN,5.060530173159819,14452.128589268956
440018,243,10158533.00005,2418616.9999847,2024289.9999986999,9,Sycamore Shoals Hospital,TN,4.200141237787654,9953.15637853786
440020,206,11201291.000033999,2496571.9999550004,2228774.9999995,7,Southern Tennessee Regional Health System Pulaski,TN,4.486668519968941,12119.281553179613
440029,1823,60866593.999894,19271508.0000353,15900275.9999937,60,Williamson Medical Center,TN,3.1583721419093154,10571.31541417186
440030,788,21366561.999943,8132153.0000632,6984447.0,29,Morristown Hamblen Hospital Association,TN,2.6274176100445907,10319.991116831472
440031,357,7239280.0000599995,3525798.0000163997,2960977.9999989,15,Roane Medical Center,TN,2.0532316372141364,9876.184873995517
440033,145,6786448.999991,1620989.9999785,1441412.9999886001,9,Tennova Healthcare Lafollette Medical Center,TN,4.1866075670306495,11179.24137916207
440034,1228,32695711.9999521,12262591.0000816,10339968.999933,40,Methodist Medical Center Of Oak Ridge,TN,2.666297196060321,9985.82328996873
440035,1681,133551724.000317,17800508.9999925,15052587.0000345,52,Tennova Healthcare-Clarksville,TN,7.502691299466395,10589.237953594587
440039,8776,1198748674.999565,266479132.0000355,177071977.9996692,238,Vanderbilt University Medical Center,TN,4.498471103543692,30364.531905200034
440046,809,55271077.999815,9093102.9999483,7432148.9999453,30,Tristar Horizon Medical Center,TN,6.078351691400532,11239.929542581336
440048,10105,812542823.999714,164736654.999856,130065055.9998686,221,Baptist Memorial Hospital,TN,4.93237418229977,16302.489361687876
440049,9416,672452759.999631,179660870.0006427,136807889.9999772,203,Methodist Hospitals Of Memphis,TN,3.7429004991305317,19080.381265998585
440050,641,26360090.000053,6439455.9999794,5503645.9999339,25,Greeneville Community Hospital,TN,4.093527465695445,10045.953198095787
440053,3897,193970155.999885,50407928.9997211,41928367.9998188,108,Ascension Saint Thomas Rutherford Hospital,TN,3.848008832121593,12935.06004611781
440056,228,11152144.000017,1943272.0000017001,1666635.9999818,9,Tennova Healthcare Jefferson Memorial Hospital,TN,5.738848704662674,8523.122807025
440057,138,2910842.999977,1680523.0000048,1502504.0000296999,5,Claiborne Medical Center,TN,1.7321054219244163,12177.702898585507
440058,323,19306335.999931,3599529.0000357,3047911.0000109,12,Southern Tennessee Regional Hlth System Winchester,TN,5.363572845152663,11144.052631689474
440059,3219,120312066.999804,41728923.0001202,35179675.9999729,89,Cookeville Regional Medical Center,TN,2.883181696289105,12963.31873256297
440060,13,278346.99999599997,112980.0000004,96980.0,1,West Tennessee Healthcare Milan Hospital,TN,2.4636838378032793,8690.7692308
440061,99,3086395.999995,1127195.9999988,1012816.000002,5,West Tennessee Healthcare Volunteer Hospital,TN,2.7381183041798285,11385.81818180606
440063,3795,251401428.000381,52003036.000148,42327261.9999658,116,Johnson City Medical Center,TN,4.834360593863511,13703.039789235308
440065,273,13555746.999967,3091501.9999949,2645022.0000297,11,Tristar Northcrest Medical Center,TN,4.3848417371198085,11324.183150164468
440068,302,18034215.000014998,3219034.9999821996,2815244.0000107,13,Starr Regional Medical Center Athens,TN,5.6023668584264295,10659.056291331786
440072,526,19898659.999939002,5207789.999953,4462011.9999559,17,West Tennessee Healthcare Dyersburg Hospital,TN,3.820941320621336,9900.741444777566
440073,2309,114422399.999984,25446351.9998821,21875034.999959,70,Maury Regional Hospital,TN,4.496613109828637,11020.507578987483
440081,422,9697106.9999535,4688884.0000493005,3893897.999935,16,Leconte Medical Center,TN,2.0681055449125085,11111.099526183176
440082,7539,770298050.000149,141993270.0002783,118221275.9997336,176,Ascension Saint Thomas Hospital,TN,5.424891264203151,18834.496617625453
440084,244,8297262.00002,2493035.0000093,2194008.9999958,11,Sweetwater Hospital Association,TN,3.3281771014001196,10217.356557415165
440091,6236,353451316.001039,81622326.9997539,66612540.9999126,155,"Memorial Healthcare System, Inc",TN,4.330326382413781,13088.89143677901
440102,98,2019459.000021,1212912.999992,1100942.0000117999,5,Lincoln Medical Center,TN,1.664966077562298,12376.66326522449
440104,3380,230693074.999492,63954018.9998526,52400156.0001506,127,Erlanger Medical Center,TN,3.607170880066563,18921.307396406093
440109,132,3339528.9999989998,1635157.0000105998,1456914.0000089,6,Hardin Medical Center,TN,2.0423292686741097,12387.553030383333
440110,316,6852514.999986,3136223.0000058003,2647589.0000079,14,Fort Loudon Medical Center,TN,2.1849578298396914,9924.756329132279
440120,2370,208845483.999576,30434730.0000276,26158892.9998327,77,Tennova Healthcare North Knoxville Medical Center,TN,6.862077764428553,12841.658227859747
440125,2131,67163473.999985,24704661.0000209,20619900.9999648,75,Fort Sanders Regional Medical Center,TN,2.7186559653633044,11592.98967621816
440130,254,9903834.000022,2338411.0000195,2052785.9999668999,10,Baptist Memorial Hospital Union City,TN,4.235283703309389,9206.34251976181
440131,177,5766442.99997,2550196.000003,2269761.000002,7,Baptist Memorial Hospital Tipton,TN,2.2611763958390716,14407.887005666666
440132,230,7133926.999979001,2333155.9999905,1963667.0000112,12,Henry County Medical Center,TN,3.0576296655723185,10144.156521697827
440137,125,7264112.9999979995,1845310.0000176001,1624876.9999942002,6,Vanderbilt Bedford Hospital,TN,3.936527195933863,14762.4800001408
440144,740,45587269.000075996,8449852.999963,7371022.000004999,28,Vanderbilt Tullahoma-Harton Hospital,TN,5.395036931444324,11418.72027022027
440148,11,278443.0,130128.00000200002,104255.9999998,1,Ascension Saint Thomas Dekalb,TN,2.1397623877698915,11829.818182
440150,1553,149432377.000446,18650440.9998472,14227580.000116,54,Tristar Summit Medical Center,TN,8.012270433802088,12009.298776463103
440151,293,9699225.999993,3390657.0000192,3039539.9999853,11,Ascension Saint Thomas River Park Hospital,TN,2.860574219078508,11572.208191191809
440152,367,49120832.000135,15711402.999998,13909226.999977,20,Regional One Health,TN,3.1264446593433606,42810.362397814715
440153,146,10315182.000033,1965711.0000217,1744545.0000284999,4,Tennova Healthcare - Newport Medical Center,TN,5.247557753870802,13463.77397275137
440156,2304,233014411.999895,32619869.000082202,27254477.0000995,69,Parkridge Medical Center,TN,7.143327644856814,14157.9292535079
440161,3612,678927725.998883,78231009.0001269,62458475.9999982,120,Tristar Centennial Medical Center,TN,8.678498905693287,21658.640365483636
440173,3812,206008046.0005806,53713244.9998576,46557125.0000463,111,Parkwest Medical Center,TN,3.8353304850810406,14090.567943299475
440175,248,20734065.999732,2621048.0000077,2265269.9999765,9,Southern Tennessee Regional Health System Lawrence,TN,7.910601408166156,10568.74193551492
440176,51,1783815.999996,576462.000003,445893.9999906,2,Indian Path Community Hospital,TN,3.0944207944092006,11303.176470647059
440183,1076,157021602.999465,16573238.999957,13548458.0000716,49,St Francis Hospital,TN,9.47440648142903,15402.63847579647
440184,597,24774861.000127,5991804.0000123,4781946.9999755,25,Franklin Woods Community Hospital,TN,4.13479162537295,10036.52261308593
440185,1271,120722269.999763,13979824.0001192,11531949.999945201,41,Tennova Healthcare-Cleveland,TN,8.63546422320722,10999.074744389614
440187,246,12984192.000022,2505386.0000153,2195006.9999704,11,Livingston Regional Hospital,TN,5.182511596992523,10184.495935021543
440192,40,852394.999997,554192.000008,501909.00000400003,3,Saint Thomas Highlands Hospital,TN,1.5380860784433832,13854.800000199999
440193,1001,52375434.000104,9785816.0000284,7998873.0000109,39,Vanderbilt Wilson County Hospital,TN,5.3521784999791535,9776.039960068332
440194,1035,94439107.001127,11521657.0000522,9324783.0001413,38,Tristar Hendersonville Medical Center,TN,8.196660167951462,11132.035748842705
440197,315,23426381.000024002,4750859.0000139,3871150.9999752995,13,Tristar Southern Hills Medical Center,TN,4.930977955766623,15082.09206353619
440200,12,345510.99999599997,164679.0,156723.0,1,Ascension Saint Thomas Stones River Hospital,TN,2.098087795019401,13723.25
440218,264,25167540.999634,7498369.0000599995,6278358.000085,6,Saint Thomas Hospital For Specialty Surgery,TN,3.356402038821058,28402.912879015148
440227,385,34237844.000003,6446239.9999975,4814793.999983599,16,Tristar Stonecrest Medical Center,TN,5.3112890615329675,16743.480519474026
440228,1320,129236746.00030799,13588364.0001478,11501390.000005601,44,Saint Francis Bartlett Medical Center,TN,9.510839273874492,10294.215151627122
440238,56,1512646.0000089998,584133.000001,502604.00000680005,3,Haywood County Community Hospital,TN,2.589557515165913,10430.946428589286
440239,11,1431513.9999600002,90879.9999998,67680.9999998,1,Select Specialty Hospital - West Tennessee,TN,15.751694541848048,8261.8181818
450002,345,57787426.999776006,4737667.0000141,3992075.0000016,18,The Hospitals Of Providence Memorial Campus,TX,12.197443805063552,13732.3681159829
450007,1080,41435969.999993004,10486732.000016,8878966.0000112,37,Peterson Regional Medical Center,TX,3.95127576445453,9709.937037051852
450010,4653,208261624.000116,58895406.000145204,49832069.0000411,112,United Regional Health Care System,TX,3.5361268075748136,12657.512572565056
450011,3077,211512425.000432,39092918.9997634,34461383.9999134,81,Chi St Joseph Health Regional Hospital,TX,5.410504777136548,12704.881052896782
450015,1009,107732139.00037001,55667025.000007,50680542.999976,41,Parkland Health And Hospital System,TX,1.9352954284939146,55170.49058474431
450018,3662,219811224.999955,82318523.9998134,62348625.9998821,106,University Of Texas Medical Branch,TX,2.6702522630319914,22479.116329823428
450021,5926,529327728.999631,162524921.9998551,120556271.9999135,172,Baylor University Medical Center,TX,3.2569019107119024,27425.737765753478
450023,1163,34266255.999961,11493151.9999959,9848232.9999941,40,Citizens Medical Center,TX,2.9814498233359505,9882.331900254429
450024,574,40643135.000020996,18878415.999907,17083614.000083,29,University Medical Center Of El Paso,TX,2.152889045363828,32889.22648067422
450028,597,107700450.999453,8641522.9999574,7596912.0000173,22,Valley Baptist Medical Center- Brownsville,TX,12.463133061149513,14474.912897751088
450029,1507,173688392.000589,21804562.0000323,18833834.9999673,53,Laredo Medical Center,TX,7.965690482584871,14468.853351049966
450032,2937,202924521.999753,39745760.9997331,35084744.9997515,77,Christus Good Shepherd Medical Center,TX,5.105563886451078,13532.775280808
450033,1348,228208902.99971,18668873.0000537,16162766.9998502,46,Vhs Harlingen Hospital Company Llc,TX,12.224032109439792,13849.312314579896
450034,2365,151793987.999716,30553370.0001685,27164212.0000203,73,Christus Southeast Texas- St Elizabeth,TX,4.968158602434982,12918.972515927484
450035,52,3610475.000027,1006749.999987,879399.999997,3,St Joseph Medical Center,TX,3.5862676931448934,19360.576922826924
450039,861,61229443.000005,33434412.999984,31214088.000039,35,Jps Health Network,TX,1.8313299832730516,38832.07084783275
450040,3783,613258118.000944,56990156.000014596,45622394.000057496,101,Covenant Medical Center,TX,10.760772755224375,15064.80465239614
450042,2140,109831314.999806,28618184.9999296,25244343.9998557,71,Ascension Providence Depaul,TX,3.8378155358236796,13372.983644826916
450044,7206,701400999.998092,199933579.0001372,147584680.0004649,202,Ut Southwestern University Hospital,TX,3.5081700808127416,27745.431446036248
450046,2553,236646867.000279,44026462.999951,39181885.9999139,78,Christus Spohn Hospital Corpus Christi,TX,5.375105127126438,17244.991382667842
450051,1237,120285920.999641,29919866.000025,22533844.000065,48,Methodist Dallas Medical Center,TX,4.020269375522621,24187.44219888844
450054,5075,348895792.999968,100982518.0002493,76577219.0001545,157,Baylor Scott & White Medical  Center - Temple,TX,3.455011816987042,19898.033103497397
450055,49,929906.000004,626846.000007,564205.9999934,3,Rolling Plains Memorial Hospital,TX,1.4834680288198627,12792.775510346939
450056,2098,390372356.000502,49322171.9998688,40544368.999994,78,Ascension Seton Medical Center Austin,TX,7.91474381950455,23509.13822682021
450058,7144,1122929598.000748,106973356.9999517,91826651.0003658,173,Baptist Medical Center,TX,10.497282963656595,14973.874160127618
450064,1343,82772105.00003,18290777.0000662,15097981.9999813,50,Texas Health Arlington Memorial Hospital,TX,4.525346572194851,13619.342516802828
450068,4452,709501834.996159,152782737.0002743,118107367.9999843,143,Memorial Hermann Texas Medical Center,TX,4.643861269450129,34317.77560653062
450072,442,21744595.999982,4561470.999981,4027025.0000277003,17,Chi St Luke's Health Brazosport,TX,4.767013974236068,10320.07013570362
450079,1458,68612173.999939,18800553.9999205,16158875.9999622,52,Baylor Scott And White Medical Center  Irving,TX,3.6494761803417672,12894.75582984945
450080,277,8487795.999963,3197081.0000095,2840673.9999978,14,Titus Regional Medical Center,TX,2.654857978242584,11541.808664294223
450082,75,4537826.999997,1200404.999996,1117423.9999870001,3,Christus Spohn Hospital Beeville,TX,3.7802466667600694,16005.399999946667
450083,4626,502743292.998991,66561113.0001794,58552750.9999085,143,Ut Health East Texas Tyler Regional Hospital,TX,7.553108269052472,14388.480977124816
450087,905,90108191.000001,10125803.999991199,7816884.9999659,36,Medical City North Hills,TX,8.898867783741352,11188.733701647734
450090,268,9041580.000033,3440618.000003,3025349.0000037,13,North Texas Medical Center,TX,2.6278941748328695,12838.126865682834
450092,207,21640550.000076998,2714557.999963,2423417.0000264,9,Fort Duncan Medical Center,TX,7.972034489729807,13113.80676310628
450097,592,100152523.99961,10234837.0000614,9056613.0000039,24,Hca Houston Healthcare Southeast,TX,9.785453739909016,17288.57601361723
450101,1925,88812616.000035,26208083.000027,21136950.0001281,53,Baylor Scott & White Medical Center Hillcrest,TX,3.3887490359345818,13614.588571442599
450102,5915,662014962.000263,82850417.00014819,73714136.0000641,149,Christus Mother Frances Hospital,TX,7.9904843689450455,14006.83296705802
450104,634,19246721.000031002,6504405.9999874,5667371.0000203,28,Guadalupe Regional Medical Center,TX,2.9590282341028966,10259.315457393375
450107,1873,352464718.999151,34384789.9998202,25976747.000145,63,Las Palmas Medical Center A Campus Of Lpds Healthc,TX,10.25059972740837,18358.136679028405
450108,34,833607.000014,188438.9999992,148526.9999994,2,Connally Memorial Medical Center,TX,4.423749860790702,5542.323529388235
450119,1750,341999964.999086,27140550.999925,24506311.9999158,51,South Texas Health System Behavioral,TX,12.601069337171198,15508.886285671428
450124,512,73547164.000229,16020091.999976,13204202.999988,27,Dell Seton  Med Center At The University Of Tx,TX,4.590932686300377,31289.242187453125
450128,462,31488600.000033,6909546.999941399,5813795.000001499,14,Knapp Medical Center,TX,4.557259687255916,14955.729437102596
450132,1591,87170780.999894,25237755.000100702,21695207.9999436,53,Medical Center Hospital,TX,3.4539831692456864,15862.825267190887
450133,1267,75701512.999934,15777744.9999416,13645624.9999795,41,Midland Memorial Hospital,TX,4.7979931859853355,12452.837411161485
450135,6965,550620637.000157,122371732.999832,97273320.9998923,187,Texas Health Harris Methodist Fort Worth,TX,4.499573745522693,17569.52376164135
450137,2896,219476750.000217,59264842.9998896,43740941.0000471,90,Baylor Scott And White All Saints Medical Center,TX,3.703321208505114,20464.379488912153
450144,11,268874.999998,152508.99999500002,134908.99999500002,1,Permian Regional Medical Center Andrews County Ho,TX,1.7630107076094854,13864.454545000002
450147,961,121984480.000212,10211044.0000441,8639135.9999669,34,Detar Healthcare System,TX,11.94632791707539,10625.43600420822
450148,281,13581660.000009,3269238.9999914,2823028.0000295,11,Texas Health Harris Methodist Hospital Cleburne,TX,4.154379658399012,11634.302491072598
450152,769,35323907.000103,9404021.9999608,8253464.000075201,28,Adventhealth Central Texas,TX,3.7562552491104593,12228.89726912978
450154,113,3579314.999986,1722502.9999880001,1594502.9999854001,4,Val Verde Regional Medical Center,TX,2.0779731588339385,15243.38938042478
450163,65,4362241.000009,968846.000008,880002.000002,4,Christus Spohn Hospital Kleberg,TX,4.502512267143572,14905.323077046152
450165,157,10056931.000048,2096219.9999883003,1919507.0000327001,6,Methodist Hospital | Atascosa,TX,4.797650532913593,13351.71974514841
450176,696,47976936.999886,8463977.0000237,7699573.9999753,23,Mission Regional Medical Center,TX,5.6683680732770965,12160.886494286926
450184,10244,823472432.000754,196107965.9999337,163428918.9995636,204,Memorial Hermann Hospital System,TX,4.199076910527094,19143.690550559713
450193,2973,554367882.001595,106908405.9997711,80787069.9999883,111,Chi St Luke's Health Baylor College Of Medicine Me,TX,5.185447082643641,35959.77329289307
450194,54,5138019.0,891139.000005,826070.999995,3,Ut Health East Texas Jacksonville Hospital,TX,5.765676286158693,16502.574074166667
450196,1889,80851395.000086,20373241.000017602,18170668.9999109,53,Paris Regional Health,TX,3.9685092322824898,10785.199047124193
450200,636,34369888.999987,6781722.9999706,5853739.9999601,28,Wadley Regional Medical Center,TX,5.068017228090265,10663.086477941195
450203,1262,138980417.999336,18254948.000190903,15440433.0001075,34,Medical City Weatherford,TX,7.613301226488435,14465.093502528449
450209,1412,187951047.000489,21873696.9999497,19050118.0000638,49,Northwest Texas Hospital,TX,8.592559684854425,15491.286827159845
450211,1062,81833516.999977,13379251.9999474,12018726.9998898,41,Chi St Lukes Health Memorial Lufkin,TX,6.116449335157056,12598.165724997552
450213,2619,235608184.000391,104327922.999926,77715080.999908,98,University Health System,TX,2.258342514885091,39835.022145828945
450222,1315,179913149.999632,17164856.000023,14793109.000074,42,Hca Houston Healthcare Conroe,TX,10.48148321194136,13053.122433477567
450229,5610,749933639.998394,81335994.9999995,71891144.9998827,146,Hendrick Medical Center,TX,9.22019383912865,14498.394830659447
450231,5011,364973796.999773,65909108.000332,54286117.999917,145,Bsa Hospital,TX,5.5375320357534585,13152.885252510876
450236,532,35284188.999996,6024635.0000463,5413918.999979001,19,Christus Mother Frances Hospital Sulphur Springs,TX,5.856651730723079,11324.501879786278
450237,4368,291169705.000669,59947742.9998552,51189669.9997357,112,Christus Santa Rosa Medical Center,TX,4.857058671939865,13724.300137329486
450241,14,5856830.0,1517687.99994,1494350.99996,1,Faith Community Hospital,TX,3.859047446004411,108406.28571
450271,847,49096003.000093,7675755.0000852,6748414.999941,31,Medical City Decatur,TX,6.396244147910927,9062.28453374876
450272,456,24117951.999934,5216298.9999728,4531914.9999731,21,Christus Santa Rosa Hospital-San Marcos,TX,4.623575450728526,11439.252192922806
450289,353,13540700.000028,44587099.00068,43036300.00051,17,Harris Health System,TX,0.303690984690919,126309.06232487252
450292,57,2302590.000005,644984.9999896,574584.9999915999,4,Texas Health Presbyterian Hospital Kaufman,TX,3.5699899998327522,11315.526315607018
450324,4948,542990847.998095,63071035.0002807,55270325.0000311,120,Texoma Medical Center,TX,8.609195139982695,12746.773443872413
450330,197,7862147.999973999,2845873.000011,2632048.9999496,8,Oakbend Medical Center,TX,2.762648930554389,14446.05583761929
450346,1886,142451249.999746,25581686.9998146,22981491.0000196,60,Baptist Beaumont Hospital,TX,5.568485377871225,13563.990986115907
450347,296,10355376.000044,2895313.9999973997,2434410.9999975,15,Huntsville Memorial Hospital,TX,3.576598600377472,9781.466216207431
450351,187,7684716.000009,2738808.999978,2384520.0000029,9,Texas Health Harris Methodist Hospital Stephenvill,TX,2.8058605036242867,14646.037433037432
450352,1261,48997048.000068,13971147.9999121,12317228.9999946,44,Hunt Regional Healthcare,TX,3.5070166031006376,11079.419508257019
450358,9862,1900813054.009667,281606502.9993178,221987512.0000252,222,Houston Methodist Hospital,TX,6.74989048109543,28554.70523213525
450369,39,565497.9999999,350640.9999992,290881.9999996,2,Childress Regional Medical Center,TX,1.6127549259818168,8990.794871774358
450370,78,880624.0000090001,747519.9999935,664256.0000064999,5,Columbus Community Hospital,TX,1.1780607876935165,9583.589743506409
450372,1365,65493483.999979,16079700.0000297,13522018.0000439,42,Baylor Scott & White Medical Center- Waxahachie,TX,4.073053850498332,11780.000000021759
450379,274,9406840.000036001,3926541.9999700002,3569298.00009,4,Dallas Medical Center,TX,2.3957059417950632,14330.445255364964
450388,17527,2568311414.997154,279563555.9996562,225769463.99923968,295,Methodist Hospital,TX,9.186860589941533,15950.451075463925
450389,589,44066520.999901,6342396.000074999,5517878.9999768,22,Ut Health East Texas Athens Hospital,TX,6.947929615145429,10768.07470301358
450395,80,4507562.999994,1299542.000004,1188814.999997,4,Chi St Lukes Health Memorial Livingston,TX,3.4685781605982156,16244.27500005
450400,72,4875019.999915,1470036.999988,1148544.0000025001,4,Parkview Regional Hospital,TX,3.316256665617801,20417.180555388888
450403,2108,290706848.000331,26530427.9999439,21654609.000072602,71,Medical City Mckinney,TX,10.957488058652718,12585.592030333919
450411,36,619741.0000140001,443201.99999549997,408001.99999650003,2,Eastland Memorial Hospital,TX,1.398326271136621,12311.166666541665
450419,138,6336063.999955,1568183.9999662,1349486.0000256998,6,Texas Health Harris Methodist Hospital Azle,TX,4.040383016337091,11363.652173668115
450422,32,2028507.00001,660288.999998,481088.0000062,2,Baylor Scott And White Medical Center Uptown,TX,3.0721502251531443,20634.0312499375
450424,1805,163370092.000884,25853757.000075497,22972254.00003,50,Houston Methodist Baytown Hospital,TX,6.319007794511526,14323.411080374237
450431,5073,888182396.999181,92651428.0001066,78345827.999971,137,St David's Medical Center,TX,9.586278551455884,18263.636507018844
450447,299,23220769.000052,3847838.0000259,3364603.9999765,11,Navarro Regional Hospital,TX,6.034757440384887,12869.02341145786
450462,4622,357762073.999361,80639766.9999309,68725964.9998244,139,Texas Health Presbyterian Hospital  Dallas,TX,4.436546474640329,17446.942232784706
450465,118,2414491.9999989998,1612450.999998,1480939.0000136,6,Matagorda Regional Medical Center,TX,1.4974048823821589,13664.838983033898
450469,160,7565393.999978,1595909.0000081002,1403612.0000112,8,Wilson N Jones Regional Medical Center,TX,4.740492095689417,9974.431250050626
450475,25,1361157.0,327396.999994,303397.0000022,2,Ut Health East Texas Henderson Hospital,TX,4.157512133663244,13095.87999976
450484,1141,105053693.000314,11403026.000128001,9736985.0001325,41,Woodland Heights Medical Center,TX,9.212790797735158,9993.887817815952
450508,256,13565444.999927001,3327525.0000337,3046961.0000054,9,Nacogdoches Memorial Hospital,TX,4.076737214533209,12998.14453138164
450518,371,20289524.000013,3663740.0000167,3210207.9999887003,14,The Medical Center Of Southeast Texas,TX,5.537926817929361,9875.309973090836
450537,1969,159202102.99971,31173413.000243798,25790854.9999964,68,Methodist Richardson Medical Center,TX,5.1069834091783575,15832.10411388715
450539,55,1941570.000008,866053.0000209999,784696.999991,3,Covenant Hospital Plainview,TX,2.2418604865532723,15746.4181822
450563,3314,163643637.999901,34770398.0000472,27365069.9999934,101,Baylor Scott & White Medical Center  Grapevine,TX,4.706406811900136,10491.972842500663
450565,58,1535883.000005,731525.9999790001,666058.0000066,4,Palo Pinto General Hospital,TX,2.0995603711270556,12612.517241017242
450571,3422,201059632.99989,38483457.0001363,32568703.999825202,99,Shannon Medical Center,TX,5.224573067829584,11245.896259537201
450573,46,1308561.000003,720494.999998,650767.999998,3,Christus Jasper Memorial Hospital,TX,1.8161971977690787,15662.934782565217
450578,14,167144.000002,231752.99999600003,215797.000006,1,Hemphill County Hospital,TX,0.7212161223582212,16553.785714
450584,20,683416.0,355700.0,330100.0,1,Wilbarger General Hospital,TX,1.9213269609221253,17785.0
450587,571,47761673.000083,7390322.9999701,6643806.0000013,23,Hendrick Medical Center Brownwood,TX,6.46273146657815,12942.772329194571
450596,382,45053904.999451,4994792.9999494,4299963.9999647,15,Lake Granbury Medical Center,TX,9.020174609820149,13075.374345417278
450597,32,1126399.0000069998,462185.999997,430229.99999200006,2,Cuero Regional Hospital,TX,2.437111898703793,14443.31249990625
450604,278,10109827.999971,3582487.000051,3161249.0000513,11,Hill Country Memorial Hospital,TX,2.822013869087893,12886.64388507554
450610,2254,192091021.99967,48816087.999997504,40851118.000152,70,Memorial Hermann Memorial City Medical Center,TX,3.9349941765034475,21657.536823423914
450617,3340,576347701.00162,51139547.9998337,42354171.9999843,103,Hca Houston Healthcare Clear Lake,TX,11.27009767476815,15311.241916117875
450634,2117,306277882.99931,26416079.9999662,22027682.0000402,72,Medical City Denton,TX,11.594372934958628,12478.072744433728
450638,585,114917736.000881,10999322.999969501,9667254.9999499,25,Hca Houston Healthcare Northwest,TX,10.447709918255846,18802.261538409402
450639,1571,92129129.999895,19635168.0000606,15267160.999975,46,Texas Health Heb,TX,4.6920469435051775,12498.51559520089
450641,88,1475808.0000119999,1315594.9999799998,1235024.9999858,3,Nocona General Hospital,TX,1.1217798790923008,14949.943181590907
450643,505,59467475.999534994,6794281.0000355,6121809.0000843005,16,Doctors Hospital Of Laredo,TX,8.752578234433383,13454.021782248516
450644,465,62089606.999646,7849897.0000071,6625174.000001499,14,Hca Houston Healthcare West,TX,7.909607858496722,16881.49892474645
450647,3366,897033237.998404,75149706.0000911,57031715.0001596,118,Medical City Dallas,TX,11.936616731372396,22326.115864554697
450651,4875,1257565659.001434,100782207.9997222,80983381.0000224,150,Medical City Plano,TX,12.478052266972565,20673.273435840452
450653,45,2357531.9999949997,664788.000014,618431.0000014,2,"Scenic Mountain Medical Center, A Steward Family H",TX,3.546291449221935,14773.066666977778
450654,64,1188047.999998,924456.9999956,852145.0000041,3,Starr County Memorial Hospital,TX,1.2851306226289103,14444.64062493125
450656,724,89519505.999991,7929478.999968801,6937004.0000033,25,Nacogdoches Medical Center,TX,11.289456217784702,10952.319060730388
450658,15,557529.0,185599.000005,169599.0,1,Freestone Medical Center,TX,3.0039439866862443,12373.266667
450659,307,125416506.999684,10514462.000074001,9386022.9999804,13,Hca Houston Healthcare Medical Center,TX,11.928000405422676,34249.06188949186
450661,263,23055963.000115998,3676979.999998,3228971.9999756,9,Odessa Regional Medical Center,TX,6.2703531159072226,13980.912547520913
450662,612,97619466.001126,8218683.00009,7018908.0000168,25,Valley Regional Medical Center,TX,11.877750486307479,13429.220588382354
450668,665,145307315.00069,10107787.0000159,9060663.999995701,31,Sierra Medical Center,TX,14.375779287836343,15199.67969927203
450669,658,74682498.000689,8490827.000045,6745467.0000471,27,Medical City Lewisville,TX,8.795668313615764,12903.992401284195
450670,850,116060870.000452,10854954.9999793,9407509.0000138,34,Hca Houston Healthcare Tomball,TX,10.691971546696722,12770.535294093295
450672,2009,465854629.001453,45107033.0000393,32497258.999878302,78,Medical City Fort Worth,TX,10.327760396057242,22452.480338496418
450675,1608,259768785.999408,25939039.9999745,20947883.9999989,54,Medical City Arlington,TX,10.014587509779211,16131.243781078669
450677,1301,80361710.000105,15537738.999865599,13326262.9999711,39,Texas Health Huguley Hospital Fort Worth South,TX,5.172033717441136,11942.920061387855
450678,325,27502972.00017,5038770.9999698,4663752.0000218,12,White Rock Medical Center,TX,5.458269883734514,15503.910769137847
450684,1493,95244093.999714,23132449.999814,19116743.9999833,46,Memorial Hermann Northeast Hospital,TX,4.117337074130921,15493.938378977897
450686,2410,231087987.000147,49487503.9998922,42474629.9997714,93,University Medical Center,TX,4.6696230022158804,20534.234024851536
450688,683,43229838.999834,8675719.9999039,7630124.0000481,23,Dallas Regional Medical Center,TX,4.98285318109769,12702.371888585505
450690,69,2121995.999985,926275.000003,645081.000001,3,University Of Texas Health Science Center At Tyler,TX,2.2908920136872175,13424.27536236232
450694,129,3099258.999993,1899393.999997,1759485.999973,5,El Campo Memorial Hospital,TX,1.631709376779065,14723.984496100775
450697,48,3426497.999996,704881.9999919999,635364.9999836,2,Texas Vista Medical Center,TX,4.861094481111575,14685.0416665
450702,1670,283768693.000292,25020530.9999843,22095946.9999014,56,Longview Regional Medical Center,TX,11.341433681022599,14982.353892206169
450709,1230,96128011.999915,14289657.0000843,12572612.9999934,39,Houston Methodist Clear Lake Hospital,TX,6.727104226458893,11617.607317141707
450711,677,88135606.000744,9889458.9999721,8543002.0000658,20,Rio Grande Regional Hospital,TX,8.912075574709663,14607.7680944935
450713,3544,510067746.997721,54853631.9999195,45229620.0001945,117,St David's South Austin Medical Center,TX,9.29870508845193,15477.88713316013
450718,1922,315728163.999491,29700842.999966,24581128.0000672,79,Round Rock Medical Center,TX,10.63027618441175,15453.09209155359
450723,1472,108079610.000185,21646895.0000201,17934944.999956902,42,Methodist Charlton Medical Center,TX,4.992845856187903,14705.771059796265
450730,223,10145836.000067,3186705.9999826,2790343.9999889,11,Carrollton Regional Medical Center,TX,3.183800451037026,14290.161434899552
450742,1399,63381280.999848,16160050.9998882,13558125.9999677,51,Baylor Scott And White Medical Center Lake Pointe,TX,3.922096594886148,11551.144388769264
450743,1898,114699544.99993199,24854153.9999758,20382057.0001633,64,Texas Health Presbyterian Hospital Denton,TX,4.614904413968131,13094.917808206428
450747,306,21129807.99998,3151745.0000211,2764936.9999692,13,Palestine Regional Medical Center,TX,6.704161662773651,10299.820261506862
450771,2767,179243204.999379,39096740.99995,31997517.999724,84,Texas Health Presbyterian Hospital Plano,TX,4.584607320584809,14129.649801210697
450774,111,8907972.999986,1844864.9999784,1403704.9999814,4,Tops Surgical Specialty Hospital,TX,4.8285229543030495,16620.40540521081
450775,4744,909977686.001112,74264014.9994099,61305300.0002014,121,Hca Houston Healthcare Kingwood,TX,12.25327887279381,15654.303330398378
450779,2074,129693478.000269,26361320.0000392,20907383.9998757,61,Texas Health Harris Methodist Hospital Southwest F,TX,4.919840053535867,12710.376084879075
450788,2180,350930892.001035,31766058.0000331,26454301.000174202,74,"Corpus Christi Medical Center,the",TX,11.047354128758101,14571.586238547294
450801,3127,227261424.999951,40161661.0001644,34732194.9998532,86,Christus St Michael Health System,TX,5.658665984930771,12843.511672582155
450804,724,203281601.998538,18741232.000008002,15214113.000055,11,Texas Orthopedic Hospital,TX,10.846757673052187,25885.6795580221
450808,85,13889327.0001,2537116.999995,2311769.999992,4,Northwest Hills Surgical Hospital,TX,5.474452695767429,29848.435294058825
450809,1871,192766248.000857,27236862.9999495,20346173.0001534,64,North Austin Medical Center,TX,7.0774027097472425,14557.382683030197
450820,4589,432095655.00190103,61115317.9996465,53161968.00004,115,Houston Methodist Sugarland Hospital,TX,7.070169462333491,13317.78557412214
450822,161,20180174.000234,2350602.999984,1944135.9999964,6,Medical City Las Colinas,TX,8.585105183806608,14600.018633440994
450827,162,5837136.9999939995,3786584.9999614004,3465513.0000071004,6,Kell West Regional Hospital,TX,1.5415306932377069,23373.981481243212
450828,122,8661459.999999,1977942.999992,1758217.9999766,6,Christus Spohn Hospital Alice,TX,4.379024066939255,16212.647540918033
450833,34,2105639.999989,453593.00000390003,415725.9999935,2,Ennis Regional Medical Center,TX,4.642135129887136,13340.970588350001
450834,195,8086674.999978,2699275.99994,2225018.9999985998,3,"Physicians Centre,the",TX,2.9958681513701277,13842.441025333334
450840,366,15631660.999999,3380976.999984,2715199.0000109,15,Texas Health Presbyterian Hospital Allen,TX,4.62341536191254,9237.642076459017
450844,3591,313110038.00251,49578721.999833204,43240639.0001153,99,Houston Methodist Willowbrook Hospital,TX,6.315411639766822,13806.383180126206
450847,1723,109203104.99969299,26286654.9999759,22160058.9999879,50,Memorial Hermann Katy Hospital,TX,4.154317276191783,15256.329077176959
450848,1154,76585819.999841,17010022.9998271,14564317.9999459,35,Memorial Hermann Sugar Land Hospital,TX,4.502393676987942,14740.054592571145
450851,1001,100878106.000348,21366142.9998617,18238444.9999356,30,Baylor Scott And White Heart And Vascular Hospital,TX,4.721399927024779,21344.79820166004
450853,52,6142620.000024,1357260.999991,1125197.9999854,4,Baylor Medical Center At Frisco,TX,4.525747074486581,26101.173076749998
450855,499,33504572.999887,6119417.0000319,5344209.0000232,18,Harlingen Medical Center,TX,5.475124999605738,12263.360721506813
450856,462,35032610.000173,8699525.9998719,6631019.999972099,8,South Texas Spine And Surgical Hospital,TX,4.02695618136998,18830.142856865587
450862,1347,102128903.999893,17382207.0000666,14924222.0000044,51,St Luke's The Woodlands Hospital,TX,5.875485431711962,12904.385300717595
450864,637,45062256.999953,13587548.9999608,11175948.000046201,9,Baylor Scott & White Texas Spine & Joint Hospital,TX,3.3164374973060267,21330.532182042072
450867,397,26309592.000072,5272860.9999805,4543292.0000285,20,Ascension Seton Northwest,TX,4.989623659749289,13281.765743023929
450869,1023,61997810.00021,18016751.999999102,14107773.9999418,34,Doctors Hosptal At Renaissance,TX,3.4411202418845024,17611.6832844566
450874,90,7979057.000003,2616795.999998,1698152.0000260002,3,Baylor Scott And White Surgical Hospital Las Colin,TX,3.049170435910594,29075.51111108889
450875,148,11941107.000065,3207975.000004,2280211.9999974,5,Quail Creek Surgical Hospital,TX,3.722319220084356,21675.506756783783
450876,174,16917700.000038,2986650.9999953,2705426.9999973997,10,Lubbock Heart Hospital Lp,TX,5.664438195177349,17164.66091951322
450880,291,23418082.000257,7052659.0000909995,5972381.999983,7,Baylor Scott And White Surgical Hospital Fortworth,TX,3.32046140327426,24235.941581068728
450883,50,4407606.999987,1135545.000008,1020331.0000100001,3,Baylor Medical Center At Trophy Club,TX,3.881490385635045,22710.90000016
450885,540,21983113.999949,5782556.999972,4850147.0000528,21,Baylor Scott &  White Medical Center - Centennial,TX,3.8016251288237104,10708.438888837036
450888,44,5266402.000119999,1555671.0000029998,941091.999997,3,Texas Health Harris Methodist Hospital Southlake,TX,3.385292905832817,35356.15909097727
450889,131,9150978.000054,2419752.999994,1919514.000012,3,Texas Institute For Surgery At Presbyterian Hospit,TX,3.7817818595851276,18471.396946519082
450890,2338,106598041.999862,24636847.0000646,20397583.9999582,75,Baylor Regional Medical Center At Plano,TX,4.326772902375961,10537.573567179043
450893,404,49859611.0004,11535482.0000141,9389545.0000006,10,The Heart Hospital Baylor Denton,TX,4.32228241527654,28553.173267361635
460001,2409,160483478.000066,42661779.0000095,37087975.0002449,79,Utah Valley Hospital,UT,3.7617624431468335,17709.331257787257
460003,145,12614229.999898,2902172.999995,2663851.000003,4,Holy Cross Hospital - Salt Lake,UT,4.3464776220851515,20014.98620686207
460004,1931,123048453.99965,31715708.0001359,27148953.0000145,65,Mckay-Dee Hospital,UT,3.879732213423164,16424.499223270792
460005,556,40934609.999932,6847510.000066,5814040.9999513,20,Ogden Regional Medical Center,UT,5.9780285095658785,12315.665467744604
460006,372,21350777.999973,6557393.9999863,5891432.9999899,16,Lds Hospital,UT,3.2559852282808697,17627.403225769624
460007,157,4969356.999992,2067796.9999930998,1839229.0000007,8,Cedar City Hospital,UT,2.403213178086912,13170.68152861847
460009,4880,370426424.000755,139222009.0000471,117764359.9998386,173,University Of Utah Hospitals And Clinics,UT,2.660688684650641,28529.100204927683
460010,3715,301538380.000672,83011225.0002349,62252338.000082396,116,Intermountain Medical Center,UT,3.632501267145723,22344.878869511413
460011,301,17010590.999977,4185417.9999979,3470099.999997,10,Castleview Hospital,UT,4.064251408099629,13905.043189361793
460013,181,12827161.999961,2818665.0000029,2417591.0000005,8,Mountain View Hospital,UT,4.550793372021082,15572.734806645856
460014,88,3181675.000016,1152198.000012,1022391.9999996,3,Mountain West Medical Center,UT,2.761396044762153,13093.159091045456
460015,379,14042893.999953,5092748.0000101,4339082.0000519,14,Logan Regional Hospital,UT,2.7574295841705005,13437.32981533008
460017,36,1580064.0000119999,561867.999984,512355.999996,1,Brigham City Community Hospital,UT,2.8121622873290426,15607.444444
460019,128,3287430.9999829996,1714074.0000074,1503860.0000006,8,Uintah Basin Medical Center,UT,1.9179049445757925,13391.203125057813
460021,4039,207647147.000058,67868985.9999742,60169397.0001086,114,St George Regional Hospital,UT,3.0595292377012515,16803.413221087943
460023,308,9432142.000043,3524202.9999926,3031121.0000003,11,American Fork Hospital,UT,2.676390094459032,11442.217532443507
460026,13,272895.000001,225427.00000600002,186879.99999500002,1,Sevier Valley Hospital,UT,1.210569275169951,17340.538462
460030,80,2463794.999994,1130969.000004,992657.9999976,5,Ashley Regional Medical Center,UT,2.1784814614594086,14137.11250005
460041,286,11962925.999993,3712757.999973,3146207.0000408,11,Holy Cross Hospital-Davis,UT,3.2221130491349013,12981.671328576924
460042,232,17611800.000094,3942608.0000045,3207694.0000216,10,Lakeview Hospital,UT,4.467043134918282,16994.000000019398
460044,203,6616880.9999669995,2142752.0000295,1797712.0000181,9,Alta View Hospital,UT,3.0880293192473522,10555.428571573892
460047,1543,178815466.99992,26942443.0002014,20936022.9999791,56,St Mark's Hospital,UT,6.63694331648334,17461.077770707325
460051,546,25369104.999964,7404790.000071,6278378.9999776,22,Holy Cross Hospital-Jordan Valley,UT,3.4260397661136572,13561.886447016484
460052,74,3588498.0000130003,851631.0000071,710355.9999959001,4,Timpanogos Regional Hospital,UT,4.213677050251908,11508.527027122973
460057,61,1687261.999991,812488.0000006,719362.9999995,4,Park City Hospital,UT,2.07666082451649,13319.475409845902
460058,198,6067862.999997,2343282.0000296,1893222.0000048,8,Riverton Hospital,UT,2.5894719457241386,11834.757575907071
460060,107,8238030.000080001,1533265.9999969,1345094.0000054,7,Lone Peak Hospital,UT,5.372864199751808,14329.588785017759
460061,118,3285132.0000219997,1296393.0000041001,1102815.0000211,5,Layton Hospital,UT,2.534055645172112,10986.38135596695
460062,48,1258060.000001,516494.9999886,408499.9999979,3,Spanish Fork Hospital,UT,2.435764141044478,10760.3124997625
470001,1243,40331637.999956995,9805567.999965,8004340.00001532,38,Central Vermont Medical Center,VT,4.113136332347188,7888.630732071601
470003,5037,332246154.000474,77163445.9998682,59028285.0001797,155,University Of Vermont Medical Center,VT,4.305745417344911,15319.32618619579
470005,1502,60511623.000115,13103841.9999613,10713927.9999795,48,Rutland Regional Medical Center,VT,4.617853527255114,8724.26231688502
470011,349,11507136.999961,3781929.0000363,3329007.0000339,13,Brattleboro Memorial Hospital,VT,3.0426634132609447,10836.47277947364
470012,673,17640437.99994,5381123.0000039,4467199.0000342,23,Southwestern Vermont Medical Center,VT,3.2782075414234564,7995.725111447103
470024,502,11187741.999964,7334544.9999491,6670127.000046,21,Northwestern Medical Center Inc,VT,1.5253491525434284,14610.647410257172
490002,164,4472749.000031,2064173.000001,1822682.9999766,7,Russell County Hospital,VA,2.1668479337869613,12586.420731713415
490004,2969,104586193.999917,44118796.9998816,37949490.9997832,73,Sentara Rmh Medical Center,VA,2.370558607937512,14859.817110098216
490005,6749,234725224.9997588,92534684.0000778,79146460.9999903,163,Winchester Medical Center,VA,2.5366188639014693,13710.87331457665
490007,5042,521281662.997532,139683979.0001543,109423179.9996231,146,Sentara Norfolk General Hospital,VA,3.7318643607435913,27704.081515302318
490009,6018,721991616.999806,219057922.999779,154146773.9999002,193,Uva Health Sciences Center,VA,3.295893648186076,36400.45247586889
490013,720,22458511.999991,7504700.0000243,6492399.000061,25,Sentara Halifax Regional Hospital,VA,2.9925929084331524,10423.194444478195
490017,1350,58341877.000044,18356339.9999909,15498123.9999278,53,Bon Secours Maryview Medical Center,VA,3.178295727801562,13597.288888882147
490018,2575,101508533.000171,31273548.9998918,26054820.0000987,84,Augusta Health,VA,3.2458271045771685,12145.067572773514
490019,646,21397364.000076,7872276.0000247,6850873.0000154,19,Uva Health Culpeper Medical Center,VA,2.7180657791989082,12186.185758552167
490020,704,53668451.000215,6380671.9999552,5284357.0000492,28,Tricities Hospital,VA,8.411096981727288,9063.454545390909
490021,6183,382380454.999363,88759288.9997651,75270251.9999392,154,"Centra  Health, Inc",VA,4.308061266695985,14355.37586928111
490022,6110,227852689.999858,81164026.0001597,68419590.9998403,147,"Mary Washington Hospital, Inc",VA,2.807311332725285,13283.801309355105
490023,483,24416747.000088,4565560.0000093,3907845.0000004,21,Fauquier Hospital,VA,5.348028938408051,9452.505176002693
490024,6745,560902067.000397,127981704.0002521,99676505.0004507,182,Carilion Roanoke Memorial Hospital,VA,4.382673846874957,18974.3074870648
490032,5619,758725185.999248,186510379.000051,128170008.9999322,170,Medical College Of Virginia Hospitals,VA,4.068005169830472,33192.806371249506
490033,545,10556690.999961,6752942.999976,5573387.9999865,24,Warren Memorial Hospital,VA,1.5632726353529889,12390.721100873394
490037,371,8505790.000063,3787539.9999514,3244782.0000507003,16,Riverside Shore Memorial Hospital,VA,2.2457294180845992,10209.002695286792
490038,126,4025406.000022,1689747.0000141,1476126.0000083,5,Smyth County Community Hospital,VA,2.3822536746556793,13410.690476302381
490040,3214,135204317.999903,42989120.0000296,35299679.000032604,90,Inova Alexandria Hospital,VA,3.145082244061053,13375.581829505165
490041,555,27803063.99986,6386220.0000094995,5347489.0000067,26,Bon Secours Mary Immaculate Hospital,VA,4.353602600571017,11506.702702719818
490042,1218,61018954.999927,15523967.9998967,12265908.9999618,39,Carilion New River Valley Medical Center,VA,3.9306287542162566,12745.458127994007
490043,3646,139681469.999973,45513902.0003874,36600220.0001237,92,Inova Loudoun Hospital,VA,3.068984724684429,12483.242457593911
490044,2579,121260634.00033799,29228286.0001287,24089483.9997611,67,Sentara Obici Hospital,VA,4.148742557117583,11333.185730953355
490045,951,40641583.999983,12371297.9998618,10370528.0000364,33,Uva Health Prince William Medical Center,VA,3.2851511620233387,13008.725551905152
490046,4040,199842826.999671,50814851.0001324,41438682.9999759,96,Sentara Leigh Hospital,VA,3.932764203109645,12577.933415874355
490048,3823,390396361.00026,52968500.0001505,39792179.9998661,111,Lewisgale Medical Center,VA,7.370349566235607,13855.21841489681
490050,3560,176162687.000401,53024739.999895304,44831202.0002016,110,Virginia Hospital Center,VA,3.3222734708505657,14894.58988761104
490052,5117,228570589.0002956,75897186.9999683,58830430.0001391,137,Riverside Regional Medical Center,VA,3.011581825824336,14832.360171969573
490053,1095,47324263.9999,13389122.999989899,10579489.9999787,39,Johnston Memorial Hospital,VA,3.5345305289925038,12227.509589031872
490057,4119,229965371.99984398,50994419.0002475,43005473.9999009,109,Sentara Virginia Beach General Hospital,VA,4.509618434886528,12380.291090130493
490059,4222,321372463.999307,62906002.0001738,53287049.0000661,133,Bon Secours St Marys Hospital,VA,5.108772673208815,14899.57413552198
490060,312,20136505.999952998,3352035.9999602,2666957.9999898,11,Clinch Valley Medical Center,VA,6.007246342280359,10743.705128077563
490063,10967,706329971.997534,266330259.9998811,198881578.0000704,225,Inova Fairfax Hospital,VA,2.652083064079348,24284.695905888675
490066,1816,92009726.999942,19900066.999808602,15976682.999963,50,Sentara Williamsburg Regional Medical Center,VA,4.623588805044071,10958.186673903416
490067,2327,267493304.99974298,26699188.999871798,23291254.0000271,65,Bon Secours Southside Medical Center,VA,10.018780158491984,11473.652342016243
490069,4145,255144521.000621,53807899.0001174,42936590.9998971,113,Bon Secours Memorial Regional Medical Center,VA,4.7417670219769095,12981.399035010229
490075,1884,135081313.000171,24605603.0001422,19798253.9999481,50,Sovah Health Danville,VA,5.4898598908301635,13060.29883234724
490077,2082,76288983.000295,24182816.9997924,19448418.0001121,63,Sentara Martha Jefferson Hospital,VA,3.154677265305771,11615.185878862825
490084,347,9386492.000023,4167334.0000044997,3641650.0000081,13,Vcu Health Tappahannock Hospital,VA,2.2523973360457465,12009.608069177233
490088,359,10602042.000020001,3901302.999963,3427623.9999647,14,Bedford Memorial Hospital,VA,2.7175643625015926,10867.139275662952
490089,394,12331073.000014,4550874.0000159005,3742958.0000096,17,Carilion Franklin Memorial Hospital,VA,2.709605451605761,11550.44162440584
490090,566,20188765.000046,6120456.9999003,5359466.999957399,15,"Southside Community Hospital, Inc",VA,3.2985714956211387,10813.528268375088
490092,106,4324545.000014,1514037.000008,1378250.0000076,4,Bon Secours Southampton Memorial Hospital,VA,2.856300737690789,14283.367924603774
490093,1419,73383921.999951,17975842.9999385,15283834.000012401,40,Sentara Careplex Hospital,VA,4.08236331393204,12667.965468596547
490094,93,2766771.999987,1242737.0000129999,1136024.000004,1,Bon Secours Richmond Community Hospital,VA,2.226353604952663,13362.763441
490097,43,2904926.999998,542415.000012,471844.00000480004,2,Southern Virginia Regional Medical Center,VA,5.35554326472117,12614.302325860464
490098,652,24913099.000019,7188068.0000632,6214952.0000494,22,Community Memorial Hospital,VA,3.4658963993941008,11024.644171876073
490101,1964,69514811.999842,25980773.99998,20846608.000144,58,Inova Fair Oaks Hospital,VA,2.6756251372609423,13228.499999989815
490107,2181,214990116.999703,33930078.9999033,26039999.9998893,74,Reston Hospital Center,VA,6.336269273063459,15557.12012833714
490110,1085,58085003.000067,14677661.9999304,11102327.0000338,32,Lewisgale Hospital Montgomery,VA,3.957374342067724,13527.799078276867
490111,225,10468048.000043001,3014997.0000088,2677085.0000204,9,Wythe County Community Hospital,VA,3.4719928411247,13399.986666705778
490112,7590,1480732529.99962,107376622.0000316,87322875.0002169,183,Cjw Medical Center,VA,13.79008300334857,14147.117523060817
490113,1860,95701938.999973,24085545.9999366,20435849.0001637,56,Sentara Northern Virginia Medical Center,VA,3.9734178747795426,12949.218279535806
490114,463,14135021.999956,7027819.0000195,5118868.000059799,16,Lonesome Pine Hospital,VA,2.0112956807676436,15178.874730063715
490115,319,17812707.999914,4504371.9999955995,4069885.0000078003,11,Twin County Regional Hospital,VA,3.95453750265995,14120.288401240125
490116,245,13266825.999973,3229413.000044,2833004.9999860004,9,Lewisgale Hospital Pulaski,VA,4.108123055116283,13181.277551199999
490117,39,1698250.000012,554798.000003,513599.00000939996,3,Carilion Tazewell Community Hospital,VA,3.061024012348309,14225.589743666667
490118,4080,741237908.000913,60176803.999962404,46169448.0000384,124,Henrico Doctors' Hospital,VA,12.31766824973583,14749.216666657452
490119,3359,168709667.000307,41416514.9997518,34123227.9999398,83,Sentara Princess Anne Hospital,VA,4.073487762099685,12330.013396770408
490120,3503,136059640.99989,42089873.0001501,36357416.999811,93,Chesapeake General Hospital,VA,3.2325980408495125,12015.379103668312
490122,1240,54258170.999971,17038118.000017,14290498.0000598,38,Inova Mount Vernon Hospital,VA,3.1845166819432094,13740.417741949192
490126,233,11077416.999978,2913634.0000562,2525074.9999772003,8,Lewisgale Hospital Alleghany,VA,3.8019246754274323,12504.866953030902
490127,73,3210034.000023,1023618.999998,928962.0000137,2,Buchanan General Hospital,VA,3.1359656278647345,14022.178082164384
490130,595,16544259.00005,5893948.9999605,4767924.9999339,19,Riverside Walter Reed Hospital,VA,2.8069905253949226,9905.796638589076
490136,2362,106962218.999811,26857504.9999601,21397108.9999158,76,Bon Secours St Francis Medical Center,VA,3.98258211252199,11370.662574072861
490140,593,12416475.000014,5797861.9999768995,4782146.9999598,25,"Stafford Hospital, Llc",VA,2.1415609754187788,9777.170320365767
490141,1162,61027697.999938,12775270.0000598,10604291.0000314,43,Spotsylvania Regional Medical Center,VA,4.77701825477288,10994.208261669364
490143,529,13439483.000004001,4496433.0000121,3612615.0000025,22,Riverside Doctors' Hospital Of Williamsburg,VA,2.9889209958133116,8499.8733459586
490144,598,21455573.999995,6071774.00006,5132362.0000508,22,Uva Health Haymarket Medical Center,VA,3.5336582026575725,10153.468227525085
490145,162,12148965.000178,2553113.0000086,2093306.9999967,8,Stonesprings Hospital Center,VA,4.758490908995049,15759.956790176542
490147,25,5621059.99999,803849.0000009999,653447.9999984,2,Inova Specialty Hospital,VA,6.9926814612980905,32153.960000039995
500002,1141,56310655.000014,15289064.9999125,12749684.0000878,39,Providence St Mary Medical Center,WA,3.683067277190349,13399.706397819895
500003,1336,82395338.999951,18287875.9999117,15598030.0000163,53,Skagit Valley Hospital,WA,4.5054624714400315,13688.529940053668
500005,2922,288126331.999495,78770882.9999584,63207597.9999857,108,Virginia Mason Medical Center,WA,3.6577771001963657,26957.865503065845
500007,428,15254645.000019,7832772.9999888,7042763.0000202,19,Island Hospital,WA,1.9475408006897192,18300.871495300933
500008,6086,619104529.999509,180708632.9999407,138647188.0003706,191,University Of Washington Medical Ctr,WA,3.4259820337399827,29692.51281628996
500011,679,48801612.000062004,9267648.0000871,7909275.0000472,25,St Anne Hospital,WA,5.265803362363715,13648.966126785124
500014,3624,296321378.999932,68781846.0000678,50863413.999953,116,Providence Regional Medical Center Everett,WA,4.308133558957401,18979.538079488906
500015,629,34618598.999934,9091338.000037901,7550589.000069801,23,Multicare Auburn Medical Center,WA,3.807866234847905,14453.63751993307
500016,2384,136071714.00002,36971101.0001043,30911327.0000498,82,Confluence Health Hospital,WA,3.6804885523867985,15508.01216447328
500019,727,48812484.999909,10632153.9999045,9054638.000008,27,Providence Centralia Hospital,WA,4.5910250171646725,14624.696010872765
500021,647,65830872.999742,10035156.9998884,8522266.999951899,24,St Clare Hospital,WA,6.560024222887006,15510.289026102628
500024,3715,389956999.000425,77479197.0000573,62858716.0000636,120,Providence St Peter Hospital,WA,5.033054214541441,20855.773082115018
500025,1785,339866470.000233,70468477.9998927,55341799.9997858,49,Swedish Medical Center / Cherry Hill,WA,4.822957436383833,39478.138935514115
500026,1206,82017625.999942,18139655.0000601,14370963.9999118,36,Swedish Edmonds Hospital,WA,4.521454570093547,15041.173300215672
500027,2380,260146432.001024,52392202.0000535,41840340.0001649,87,Swedish Medical Center,WA,4.965365494673393,22013.53025212332
500030,3386,277408720.999902,59214199.9998867,48677963.999942,100,Peacehealth St Joseph Medical Center,WA,4.68483439783756,17487.950383900385
500031,779,44195191.0003,10649004.000042,9538480.9999921,31,Grays Harbor Community Hospital,WA,4.150171321198273,13670.094993635432
500033,373,18769886.999934,4970174.9999947995,4312357.9999929,13,Samaritan Hospital,WA,3.776504247829028,13324.865951728685
500036,2179,100514562.000009,26895171.9998761,23256160.0000062,64,Yakima Valley Memorial,WA,3.737271581697713,12342.896741567738
500037,31,3928357.999926,918684.00001,753028.999998,2,Astria Toppenish Hospital,WA,4.2760709883738475,29634.967742258064
500039,3940,505119292.002654,81557021.9999868,72315081.0000341,102,St Michael Medical Center,WA,6.193449437164783,20699.751776646397
500041,886,58075129.999892,12735366.0000428,10420546.9999228,31,Peacehealth St John Medical Center,WA,4.560146131622509,14374.002257384649
500044,1769,145647359.00064,32647921.9999657,27846056.000057798,65,Multicare Deaconess Hospital,WA,4.461152504615547,18455.580553965912
500050,2940,270723424.999808,59499158.0001178,50254721.000009,92,Peacehealth Southwest Medical Cente,WA,4.550037918171414,20237.808843577484
500051,2187,166090663.99996,31978879.000074,27764528.9997991,80,Overlake Hospital Medical Center,WA,5.193761294746313,14622.258344798354
500053,947,53188720.999997005,13211151.9999903,11540541.9999575,35,Trios,WA,4.026047160765091,13950.530095026716
500054,4141,390513436.001062,104456011.0000227,82587703.999962,122,Prov Sacred Hrt Med Ctr & Childs Hosp.,WA,3.7385444098662464,25224.82757788522
500058,4484,305245448.000305,71802913.9998436,61725232.0002323,135,Kadlec Regional Medical Center,WA,4.251156826322813,16013.138715397768
500060,135,6676517.00001,2100602.99999,1893335.999965,6,Cascade Valley Hospital,WA,3.1783811600963072,15560.022222148147
500064,1851,292728058.000616,75070905.000005,62045561.0001019,75,Harborview Medical Center,WA,3.8993543237636006,40556.94489465425
500072,929,29272913.000029,12743929.000036899,11221540.0000693,29,Olympic Medical Center,WA,2.29700848144589,13717.899892397092
500077,1108,69427490.000275,16285541.999984,13779619.0001051,34,Providence Holy Family Hospital,WA,4.263136590746763,14698.142599263538
500079,4104,246276075.999637,57201101.9998734,46963104.9999463,101,Multicare Good Samaritan Hospital,WA,4.305442856681014,13937.890350846345
500084,65,1903824.9999900002,1039092.999997,943834.999986,5,Evergreenhealth Monroe,WA,1.832198850339187,15986.0461538
500088,2512,183396244.00029,45303610.0001193,37070180.9999168,82,Valley Medical Center,WA,4.048159605819648,18034.87659240418
500108,2791,405824950.001429,62053455.0000659,51391878.9999698,97,St Joseph Medical Center,WA,6.539925133918781,22233.412755308455
500119,763,33989035.999978,9060879.000050899,7781361.0001042,24,Multicare Valley Hospital,WA,3.7511852878497844,11875.332896528045
500124,2628,171043833.00015602,36564096.9999844,31451150.000108,89,Evergreenhealth Medical Center,WA,4.6779176031676375,13913.278919324353
500129,3614,299429757.000371,72829338.99992889,59813409.0000898,105,Tacoma General Allenmore Hospital,WA,4.111389188918265,20152.003043699195
500139,689,51201687.00013,10573532.0000223,8691622.9999777,31,Multicare Capital Medical Center,WA,4.842439309780499,15346.200290308127
500141,1030,94262532.000272,16695354.999984499,13467813.0000464,34,St Francis Community Hospital,WA,5.64603340272546,16209.082524256795
500150,1192,66399139.000051,17945512.9999704,15917342.0000508,44,Legacy Salmon Creek Medical Center,WA,3.7000412860953333,15054.960570444966
500151,1772,134121288.000139,21706036.9998683,17466934.999844,51,St Anthony Hospital,WA,6.178985505320606,12249.456546201072
500152,920,72470553.999891,15589387.9999842,12798622.9999521,34,Swedish Issaquah,WA,4.648710648549157,16944.986956504563
500154,313,7755388.999981999,3952275.9999885,3421403.9999466,13,Multicare Covington Medical Center,WA,1.9622589616728603,12627.079872167731
510001,6599,514454097.000876,138099109.0001241,100985319.9997986,211,"West Virginia University Hospitals, Inc",WV,3.7252528327348853,20927.278223992136
510002,382,12753516.999990001,4406026.0000329,3896220.9999665,13,"Camc Greenbrier Valley Medical Center, Inc",WV,2.8945623561673877,11534.099476525917
510006,2690,110087474.999674,30737134.000119902,24837705.0000786,83,"United Hospital Center, Inc",WV,3.581579043747038,11426.443866215577
510007,3089,174098258.999852,43448345.9999177,36026993.9999383,100,St Mary's Medical Center,WV,4.007016952962531,14065.505341507835
510008,1247,41921384.999905996,14286230.0000779,11516451.000033699,44,Berkeley Medical Center,WV,2.934391018461652,11456.479550984683
510012,66,2354846.99998,707500.0000005,619990.000005,3,Rivers Health,WV,3.3284056536796265,10719.696969704546
510013,426,8079652.9999555005,3458711.9999617,2754909.9999924,19,Reynolds Memorial Hospital,WV,2.336029423682854,8119.04225343122
510022,6933,602257717.99901,120487076.9996124,93112319.99967091,167,Charleston Area Medical Center,WV,4.998525426929789,17378.77931625738
510023,1400,43179216.999999,11505388.9999439,9845052.0000233,47,"Weirton Medical Center, Inc",WV,3.7529558540097634,8218.13499995993
510024,1504,97232214.999641,20607790.9999684,17744299.0000113,55,Mon Health Medical Center,WV,4.718225985492094,13701.988696787499
510029,1311,56719186.99993,13722539.0000256,11371527.0000011,51,Thomas Memorial Hospital,WV,4.133286631564625,10467.230358524484
510030,210,4663987.999994,2674730.0000046,2354618.9999882,9,Davis Medical Center,WV,1.7437229178219782,12736.809523831427
510031,45,1004961.999996,482730.9999948,442730.9999916,2,Saint Francis Hospital,WV,2.081826110208015,10727.35555544
510038,91,3652766.999984,1062497.000008,878535.0000044,5,Stonewall Jackson Memorial Hospital,WV,3.4379080599347542,11675.791208879122
510046,1567,46040240.000087,16057169.9999433,13564739.000012,49,Princeton Community Hospital,WV,2.867269886303102,10247.077217577089
510048,740,31576741.000063002,8741340.9999312,7593820.999942,23,Logan Regional Medical Center,WV,3.6123451768225876,11812.622972879999
510050,2144,77084890.999882,24710151.9998382,20127635.999876,70,"Wheeling Hospital, Inc",WV,3.1195636109558027,11525.2574626111
510055,1259,83915745.999934,19937421.0000452,15028445.999927001,53,"Cabell Huntington Hospital, Inc",WV,4.208956915728657,15835.91818907482
510058,3060,119595045.999913,30371664.0000174,25120942.999885,83,Camden Clark Medical Center,WV,3.937717933394907,9925.38039216255
510062,760,33805209.999964,9071164.000092,8168020.0000214,26,Beckley Arh Hospital,WV,3.7266672722068686,11935.74210538421
510070,2086,96164101.000247,22300762.9999526,18152874.0002009,67,Raleigh General Hospital,WV,4.3121439836139865,10690.68216680374
510072,73,3799140.0000010002,726580.000005,650223.0000012,5,Wetzel County Hospital,WV,5.228797929993746,9953.150685
510091,17,418065.999999,193858.000005,168258.0000006,1,Camc Charleston Surgical Hospital,WV,2.156557892829892,11403.411765
520002,284,9959851.999993,3299688.9999914,2847966.9999948,11,Aspirus Stevens Point Hospital,WI,3.018421433055951,11618.623239406339
520004,932,34706878.999906,12743766.9998972,10479318.9999845,34,Mayo Clinic Health System In La Crosse,WI,2.723439545009413,13673.56974237897
520008,2159,104662247.000253,22561364.0001004,18921418.9999941,67,Prohealth Waukesha Memorial Hospital,WI,4.6390035194586305,10449.913849050672
520009,737,21322008.9999695,8675617.9999809,7505067.9999677995,31,Ascension Ne Wisconsin - St Elizabeth Campus,WI,2.457693388530528,11771.530529146405
520011,204,4901185.999991,2585511.000016,2316346.9999836,8,Marshfield Medical Center - Rice Lake,WI,1.8956353308729568,12674.073529490197
520013,993,43791216.999895,12937869.9999302,11399068.0000501,38,Sacred Heart Hospital,WI,3.3847315671073566,13029.073514531923
520017,106,1537703.9999868,822485.0000009,684409.9999994,4,St Josephs Hospital,WI,1.8695830318913016,7759.292452838679
520019,254,9460263.999964,3408792.0000028,3025075.0000135,10,Aspirus Rhinelander Hospital,WI,2.7752541076006487,13420.440944892913
520021,756,34054000.999955,8135192.9999562,6882024.9999912,32,Froedtert South - Froedtert Pleasant Prairie,WI,4.186010215140359,10760.837301529366
520028,494,20060051.000031,6034238.000011301,5156544.9999822,22,Ssm Health Monroe Hospital,WI,3.3243718593786706,12215.05668018482
520030,2349,144088625.999939,42609278.9999203,35888653.0000306,77,Aspirus Wausau Hospital,WI,3.3816255374846524,18139.326947603364
520033,206,6427209.000015,2426349.9999631,2118948.0000163,9,Aspirus Riverview Hospital & Clinics Inc,WI,2.648920807019904,11778.3980580733
520034,166,5066649.999987001,2208014.9999853997,1961792.9999636002,6,Aurora Medical Ctr Manitowoc County,WI,2.2946628532960616,13301.295180634937
520035,792,29595166.000119,8530251.9999608,6891149.999986799,26,Aurora Medical Center Sheboygan County,WI,3.4694363074215158,10770.520201970709
520037,1472,82801437.999965,27176326.0000114,24291600.000023,63,Marshfield Medical Center,WI,3.046822370320781,18462.177989138178
520038,95,3634069.9999700002,1224386.999989,1081701.0000137999,4,Aurora Medical Ctr Washington County,WI,2.968073003064104,12888.284210410526
520041,153,4343800.00003,2088171.9999734,1841013.9999805,6,Aspirus Divine Savior Hospital,WI,2.0801926278512175,13648.183006362091
520044,91,3017380.999986,992592.9999911999,785359.0000038,5,St Nicholas Hospital,WI,3.039897520950431,10907.61538451868
520045,488,19441957.999972,7124648.0000314005,6145001.0000353,24,Thedacare Regional Medical Center - Neenah Inc,WI,2.7288306734432797,14599.68852465451
520049,664,30803960.0001902,12080268.0000242,10998499.9999907,24,Bellin Memorial Hospital,WI,2.5499401172332012,18193.174698831626
520051,1411,88469975.999602,22274574.9999509,19042381.9999867,54,Ascension Columbia St Mary's Hospital Milwaukee Ca,WI,3.971791874807803,15786.37491137555
520057,306,11521228.999982,3892135.000005,3383319.9999791,11,Ssm Health St Clare Hospital - Baraboo,WI,2.9601308793161594,12719.39542485294
520059,363,16933763.999927998,4146464.0000154,3529288.0000166,14,Aurora Medical Center Burlington,WI,4.0839047438649185,11422.76584026281
520062,360,14042789.000014,3142964.9999892,2649815.9999789,15,Prohealth Oconomowoc Memorial Hospital,WI,4.4680068025136315,8730.458333303333
520063,463,19976560.000041,4621521.0000212,3808886.0000282996,17,Froedtert West Bend Hospital,WI,4.322507676574307,9981.686825099783
520066,864,59646787.000273,11409868.0000442,9314094.9999786,36,Mercy Health System Corp,WI,5.227649171755706,13205.865740791898
520070,3387,171848317.000059,54547284.000022404,46040957.0000381,113,Mayo Clinic Health System In Eau Claire,WI,3.150446812347035,16104.896368474285
520071,151,5149745.000014001,1803873.0000097998,1619482.9999819999,5,Fort Memorial Hospital,WI,2.854826808753179,11946.178808011919
520075,746,49024077.999895,11933915.0000713,10222515.9999606,33,St Vincent Hospital,WI,4.107962726364492,15997.205093929357
520076,89,2616050.999987,1254811.9999938998,1114627.9999994999,5,Marshfield Medical Center - Beaver Dam,WI,2.084815095806956,14099.011235886515
520078,106,3398409.000011,1371669.999998,1228840.9999894,5,Ascension St Francis Hospital,WI,2.477570406887921,12940.283018849057
520083,5381,365099314.000862,88341241.9996594,77308815.9998577,159,Ssm Health St Mary's Hospital - Madison,WI,4.132829760331756,16417.253670258204
520087,2327,93438893.0004076,39604315.9999553,34175866.0000871,78,Gundersen Lutheran Medical Center,WI,2.359310864010707,17019.474000840266
520088,638,28068092.000071,8657716.0000325,7567518.0000299,27,Ssm Health St Agnes Hospital-Fond Du Lac,WI,3.2419742112083183,13570.087774345611
520089,2780,149429228.000059,34893878.000066,29585038.9999885,89,Unitypoint Health - Meriter,WI,4.28239096840358,12551.754676282733
520091,124,4177264.999993,1798792.000002,1590053.9999884,6,Howard Young Medical Ctr,WI,2.322261273114599,14506.387096790322
520095,128,4542262.999999,1630436.9999811,1266936.9999957,6,Sauk Prairie Hospital,WI,2.7859175178505233,12737.789062352344
520096,827,28590520.999937,9728329.0000166,8364422.0000562,35,Ascension All Saints Hospital,WI,2.938893308387105,11763.396614288513
520097,224,9256370.99997,2625483.9999881,1995488.9999958999,12,St Marys Hospital Medical Ctr,WI,3.5255865204327868,11720.91071423259
520098,7388,746163527.001623,223504166.0006234,158782153.9999608,214,University Of Wi  Hospitals & Clinics Authority,WI,3.3384770420768883,30252.323497647998
520100,661,37492027.999858,9176698.00001,8177885.000010099,25,Beloit Memorial Hospital,WI,4.085568469161472,13883.052950090772
520102,403,16254457.000026999,4876922.999999,4228042.9999783,15,Aurora Lakeland Medical Center,WI,3.332932875919987,12101.545905704714
520103,1322,62276965.999856,16076488.0000065,13159925.9999518,47,Froedtert Menomonee Falls Hospital,WI,3.8737917137020736,12160.732223908095
520107,140,4462121.999974,1429546.0000115,1237790.9999877,8,Froedtert Holy Family Memorial Hospital,WI,3.1213560108860468,10211.042857225
520109,59,2719914.0000010002,902753.9999942,827597.9999984999,3,Mile Bluff Medical Center,WI,3.012907170744716,15300.915254138983
520113,491,17625304.999944,5196869.9999551,4622445.9999517,22,Aurora Medical Center Bay Area,WI,3.3915231668477914,10584.256619053156
520116,293,9765862.000023,3259126.9999827,2696991.9999944,17,Watertown Regional Medical Center,WI,2.9964656179629814,11123.300341237884
520136,1215,45620914.999909,14933014.9999988,12172017.999943,48,Ascension Se Wisconsin Hospital - St Joseph Campus,WI,3.055037110718275,12290.547325101894
520138,6561,689625582.002407,141952775.0003358,110039827.9997619,170,Aurora St Lukes Medical Center,WI,4.858133854732854,21635.84438352931
520139,1094,49928063.999969,11129955.9999771,9065475.9999552,39,Aurora West Allis Medical Center,WI,4.48591746454988,10173.634369266088
520160,712,26701593.999919,9756329.0000001,8308101.9999999,35,Thedacare Regional Medical Center - Appleton Inc,WI,2.7368484601040746,13702.709269663063
520177,6166,555602124.000312,154030906.0001614,115623149.9999377,191,Froedtert Memorial Lutheran Hospital,WI,3.607082100781318,24980.68537141768
520189,1276,62471225.000028,15491950.9999117,12707733.0000285,40,Aurora Medical Ctr Kenosha,WI,4.032495648894324,12141.027429397884
520193,814,49188356.999877,11897647.9999127,9731553.9999428,32,Aurora Baycare Medical Ctr,WI,4.1342925089259595,14616.275184167936
520194,316,21975256.000083003,4421899.999934,3802764.999874,3,Orthopaedic Hospital Of Wisconsin,WI,4.969641104595536,13993.354430170886
520196,55,3454005.9999949997,969942.999997,883586.999997,3,Oakleaf Surgical Hospital,WI,3.561040184841463,17635.327272672726
520198,319,12624202.999978,3871803.0000376,3183421.9999993,15,Aurora Medical Ctr Oshkosh,WI,3.2605488966911294,12137.313479741691
520202,632,24416781.000031002,7490575.0000027,6549517.0000735,26,Marshfield Medical Center - Weston,WI,3.259667115010824,11852.175632915665
520205,121,6648366.000012,1773031.999994,1344486.000037,2,Midwest Orthopedic Specialty Hospital,WI,3.7497157411905135,14653.157024743801
520206,621,25738348.000040002,6790205.9999537,5344217.9999829,25,Aurora Medical Center Summit,WI,3.790510626660738,10934.309178669404
520207,1399,77915034.000128,15615579.999927599,13061840.999972,52,Aurora Medical Center,WI,4.989570288166642,11161.95854176383
520208,477,20410483.999984,4605814.0000071,3982014.0000267,17,Ssm Health St Mary's Hospital - Janesville,WI,4.4314607580663345,9655.794549281132
520210,200,7076057.000018001,2224409.0000069,1921548.0000037998,11,Marshfield Medical Center - Eau Claire,WI,3.181095293174974,11122.0450000345
520212,98,2595052.9999949997,970246.0000032,851977.9999994,5,Marshfield Medical Center - Minocqua,WI,2.674634061863116,9900.469387787756
520213,12,180669.0,142914.999996,126915.0,1,Froedtert Community Hospital,WI,1.2641710107760324,11909.583333
530002,215,7140473.999989,4260766.0,3913682.9999944,7,Campbell County Memorial Hospital,WY,1.6758662644202944,19817.51627906977
530006,384,10953666.99996,6644326.999918,6071252.9999752,16,Sheridan Memorial Hospital,WY,1.6485743401995692,17302.93489561979
530008,250,16408900.999987999,3656183.0000012,3281861.0000262,9,Sagewest Health Care,WY,4.487986788402718,14624.7320000048
530011,219,6986207.000026,3927458.9999914,3556889.9999973997,10,Memorial Hospital Sweetwater County,WY,1.7788109309457583,17933.602739686758
530012,2241,125097417.000013,37854535.0000249,33994122.9999792,75,Wyoming Medical Center,WY,3.304687721033443,16891.804997779964
530014,2095,111545559.999863,37071526.9998517,32670501.0000504,55,Cheyenne Regional Medical Center,WY,3.0089281188851276,17695.23961806764
530015,245,12327154.999883002,6136974.9999484,5687215.0000509005,14,St Johns Medical Center,WY,2.008669580695155,25048.877550809797
530025,115,4628141.999992,2613201.999997,2441945.999985,7,Ivinson Memorial Hospital,WY,1.7710617089675091,22723.495652147827
530032,36,968554.9999919999,572888.000004,521776.00000800006,2,Evanston Regional Hospital,WY,1.6906533213913317,15913.555555666668
670005,61,2467178.000024,798725.999972,599111.9999987,1,Memorial Hermann Surgical Hospital Kingwood,TX,3.0888915599473274,13093.868852
670006,171,32467380.00028,4690457.000051999,3881520.000002,6,The Hospital At Westlake Medical Center,TX,6.922007812867714,27429.573099719295
670008,213,23305740.000002004,3420044.9999079998,2712246.000006,3,Houston Physicians' Hospital,TX,6.814454195962022,16056.549295342722
670023,1645,110993688.000151,21208506.000001,16721797.9999674,55,Methodist Mansfield Medical Center,TX,5.233451521768943,12892.708814590273
670025,2860,366661812.00128,84136747.9999176,70098988.9997372,52,Baylor Sott & White The Heart Hospital Plano,TX,4.3579270736924505,29418.443356614545
670031,185,12334271.000055,1908961.0000052,1588337.9999993,6,St Luke's Patients Medical Center,TX,6.46124829162115,10318.708108136216
670034,2591,167675532.999698,40616901.0000132,34070874.9999941,85,Scott & White Hospital-Round Rock,TX,4.128220737462061,15676.148591282594
670041,1380,165126065.998913,18091394.0000004,14485014.9999788,50,Ascension Seton Williamson,TX,9.12732683832486,13109.705797101738
670043,650,49876282.999993004,6811167.9999408,5310442.9999605,21,Cedar Park Regional Medical Center,TX,7.322721007678347,10478.719999908923
670044,529,25790990.999968998,5175556.9999317,4226322.0000185,19,Texas Health Presbyterian Hospital Rockwall,TX,4.9832300176211675,9783.661625579773
670047,699,109979801.00001399,9772326.0000418,8163050.999994201,28,The Hospitals Of Providence East Campus,TX,11.254209182086596,13980.437768300142
670049,350,24484153.99989,7834593.0000599995,6745141.000047,7,North Central Surgical Center Llp,TX,3.125134132647668,22384.551428742856
670053,250,22650122.999878,3988725.000031,3454661.0000304,9,St Luke's Sugar Land Hospital,TX,5.678537126450674,15954.900000124
670054,42,5110416.999954,503578.000001,418262.0000026,3,Foundation Surgical Hospital Of San Antonio,TX,10.148213384905322,11989.95238097619
670055,3536,403819004.000243,45047501.0001371,36105663.0000055,124,Methodist Hospital  Stone Oak,TX,8.964293135794902,12739.677884654157
670056,1278,127876871.00004101,17057831.0000054,14650217.0000211,46,Ascension  Seton Hays,TX,7.496666545705636,13347.285602508138
670059,123,15739438.999852,3098053.9999949997,2805344.999984,7,St Lukes Lakeside Hospital,TX,5.080427584502208,25187.43089426829
670060,338,15307116.999956999,3062434.0000188,2573696.0000235,14,Baylor Scott And White Medical Center Sunnyvale,TX,4.99835000521253,9060.455621357396
670067,639,44852634.000125,10230196.0002,7736292.000101999,7,Baylor Scott And White Orthopedic And Spine Hospi,TX,4.384337699810261,16009.696400938967
670068,785,49376942.999965,11323978.9999592,8582658.9999952,29,Texas Health Presbyterian Hospital Flower Mound,TX,4.360388075617492,14425.45095536204
670069,82,4062251.999982,1262476.999999,904416.999994,2,Methodist Mckinney Hospital,TX,3.2176839657159833,15396.06097559756
670071,255,28255906.000072,6670741.999989,6196491.9999899,7,Texas Health Heart & Vascular Hospital Arlington,TX,4.235796557582139,26159.77254897647
670073,209,19194730.99998,8487297.999993,3976791.999969,7,Methodist Hospital For Surgery,TX,2.2615832506406433,40609.081339679426
670075,301,24209968.999977,4314153.9999868,3849068.0000256,11,St Luke's Hospital At The Vintage,TX,5.611753544275674,14332.737541484386
670076,41,2829502.0,439656.0000001,347981.9999995,3,Baylor Scott And White Surgical Hospital At Sherma,TX,6.435717924921658,10723.317073173172
670077,2351,206387844.999772,33473526.9998147,29293477.9998422,70,Houston Methodist West Hospital,TX,6.165703572286079,14237.995321061124
670078,141,7700156.999995,1008748.0000087,820694.9999921,8,Baptist Neighborhood Hospital Thousand Oaks,TX,7.63338019002624,7154.241134813475
670080,479,18008044.000088,5407668.999993,4765962.9999456,19,Seton Medical Center Harker Heights,TX,3.33009361336859,11289.496868461378
670082,2266,111208584.000059,23602352.0000392,19072226.0000567,77,Baylor Scott And White  Medical Center  Mckinney,TX,4.7117585569384905,10415.86584291227
670085,627,32291872.000118002,8120279.0000482,6296257.0000255,26,Texas Health Harris Methodist Hospital Alliance,TX,3.976694889415293,12951.003189869536
670088,1523,85784423.00022501,21025160.0000547,18019392.999938,56,Baylor Scott & White Medical Center- College Stati,TX,4.080084194365314,13805.095206864542
670090,16,526027.0,166694.0,140694.0,1,Crescent Medical Center Lancaster,TX,3.155644474306214,10418.375
670098,525,52650476.999606006,5816883.0000249,5078924.0000019,19,Resolute Health Hospital,TX,9.051321300321947,11079.777142904572
670103,433,46402283.000424996,5907722.9999461,4853866.0000289,18,Medical City Alliance,TX,7.854512305476806,13643.702078397459
670106,211,28091788.999640003,2855330.999986,2587800.9999923,7,Hca Houston Healthcare Pearland,TX,9.838365149181563,13532.374407516587
670108,431,18796124.999974,4110791.0000529,3471235.9999789,17,Baylor Scott & White Medical Center - Marble Falls,TX,4.5723864335920075,9537.798143974245
670112,174,32143237.99984,4573231.00002,3742641.9999601,7,Legent Orthopedic + Spine,TX,7.02856208219078,26282.93678172414
670120,433,56117870.999662,5748147.000077,4846484.0000223,15,The Hospitals Of Providence Transmountain Campus,TX,9.762775899591688,13275.166281933025
670122,3696,328941386.000123,48468621.9998228,41937913.9999371,106,Houston Methodist The Woodlands Hospital,TX,6.786687395431329,13113.80465363171
670128,91,2987419.999994,728159.0000014,548179.0000016,7,Baylor Scott & White Medical Center  Pflugerville,TX,4.102702843730911,8001.747252762638
670136,29,893584.0000100001,265091.9999993,229936.0000008,2,Baylor Scott & White Medical Center- Austin,TX,3.3708448388195786,9141.103448251724
670260,402,19344139.999946,4071324.9999925997,3355884.9999762,17,Texas Health Hospital Frisco,TX,4.751313147435088,10127.674129334826
670265,29,6869951.00011,821401.000007,725064.999999,2,Legent Orthopedic Hospital,TX,8.363699338144773,28324.172414034485
670266,11,3236564.0000100005,280438.999995,270839.000003,1,Townsen Memorial Hospital,TX,11.541062405969589,25494.454545
670280,75,38824694.99998,2291073.0000130003,2170428.999989,3,North Houston Surgical Hospital Llc,TX,16.946075048573178,30547.64000017334
670300,160,8238101.999999,1861323.0000235,1281859.9999857,7,Methodist Midlothian Medical Center,TX,4.42593896916064,11633.268750146875
670309,40,2021113.000005,448790.0,403114.9999995,2,Texas Health Hospital Mansfield,TX,4.503471556864012,11219.75
