2026 Disenrollment Reasons View: Medicare Report Card Master Table,,,,,,,,
Contract Number,Organization Marketing Name,Contract Name,Parent Organization,Problems Getting the Plan to Provide and Pay for Needed Care,Problems with Coverage of Doctors and Hospitals,Financial Reasons for Disenrollment,Problems with Prescription Drug Benefits and Coverage,Problems Getting Information and Help from the Plan
E3014 ,Pennsylvania Public School Employees Retirement Sy ,PSERS HOP PROGRAM ,Commonwealth of PA Pub Schools Retirement System ,Not Applicable ,Not Applicable ,Not Available ,Not Available ,Not Available
H0028 ,Humana ,"CHA HMO, INC. ",Humana Inc. ,15%,20%,13%,Not Available ,12%
H0029 ,Wellcare ,"COORDINATED CARE OF WASHINGTON, INC. ",Centene Corporation ,Not Available ,Not Available ,Not Available ,Not Available ,Not Available
H0034 ,"Hamaspik, Inc. ","HAMASPIK, INC. ","Hamaspik of Rockland County, Inc. ",Not Available ,Not Available ,Not Available ,Not Available ,Not Available
H0062 ,Wellcare By Allwell ,"SUPERIOR HEALTHPLAN, INC. ",Centene Corporation ,Not Available ,Not Available ,Not Available ,Not Available ,Not Available
H0074 ,Wellcare ,"WELLCARE OF MISSISSIPPI, INC. ",Centene Corporation ,Not Available ,Not Available ,Not Available ,Not Available ,Not Available
H0104 ,Blue Cross and Blue Shield of Alabama ,BLUE CROSS AND BLUE SHIELD OF ALABAMA ,BlueCross BlueShield of Alabama ,7%,7%,36%,Not Available ,6%
H0107 ,Blue Cross and Blue Shield of Montana ,HEALTH CARE SERVICE CORPORATION ,Health Care Service Corporation ,9%,14%,23%,10%,13%
H0111 ,Wellcare ,"WELLCARE OF GEORGIA, INC. ",Centene Corporation ,26%,25%,24%,16%,16%
H0154 ,VIVA Medicare ,"VIVA HEALTH, INC. ","Triton Health Systems, L.L.C. ",9%,16%,9%,5%,5%
H0169 ,UnitedHealthcare ,"UNITEDHEALTHCARE OF WISCONSIN, INC. ","UnitedHealth Group, Inc. ",Not Available ,Not Available ,Not Available ,Not Available ,Not Available
H0174 ,Wellcare ,"WELLCARE OF TEXAS, INC. ",Centene Corporation ,Not Available ,Not Available ,Not Available ,Not Available ,Not Available
H0251 ,UnitedHealthcare ,"UNITEDHEALTHCARE PLAN OF THE RIVER VALLEY, INC. ","UnitedHealth Group, Inc. ",Not Available ,Not Available ,Not Available ,Not Available ,Not Available
H0270 ,Wellcare ,WELLCARE HEALTH INSURANCE COMPANY OF AMERICA ,Centene Corporation ,Not Available ,Not Available ,Not Available ,Not Available ,Not Available
H0292 ,Humana ,"HUMANA HEALTH PLAN OF OHIO, INC. ",Humana Inc. ,Not Available ,Not Available ,Not Available ,Not Available ,Not Available
H0294 ,UnitedHealthcare ,UNITEDHEALTHCARE INSURANCE COMPANY ,"UnitedHealth Group, Inc. ",13%,28%,18%,Not Available ,10%
H0302 ,Blue Cross Blue Shield of Arizona (AZ Blue) ,"MEDISUN, INC. ",Blue Cross Blue Shield of Arizona ,Not Available ,22%,16%,7%,10%
H0321 ,UnitedHealthcare ,"ARIZONA PHYSICIANS IPA, INC. ","UnitedHealth Group, Inc. ",Not Available ,Not Available ,Not Available ,Not Available ,Not Available
H0332 ,KelseyCare Advantage ,"KS PLAN ADMINISTRATORS, LLC ","UnitedHealth Group, Inc. ",12%,11%,16%,Not Available ,13%
H0342 ,CarePartners of Connecticut ,"CAREPARTNERS OF CONNECTICUT, INC. ","Point32Health, Inc. ",Not Available ,Not Available ,Not Available ,Not Available ,Not Available
H0351 ,Wellcare By Allwell ,"HEALTH NET OF ARIZONA, INC. ",Centene Corporation ,26%,20%,27%,16%,19%
H0354 ,Cigna HealthCare ,"BRAVO HEALTH PENNSYLVANIA, INC. ",Health Care Service Corporation ,24%,31%,16%,10%,14%
H0363 ,Longevity Health Plan ,"LONGEVITY HEALTH PLAN OF COLORADO, INC. ","Longevity Health Founders, LLC ",Not Available ,Not Available ,Not Available ,Not Available ,Not Available
H0413 ,Devoted Health ,DEVOTED HEALTH INSURANCE COMPANY OF DELAWARE ,"Devoted Health, Inc. ",Plan too new to be measured ,Plan too new to be measured ,Plan too new to be measured ,Plan too new to be measured ,Plan too new to be measured
H0421 ,UnitedHealthcare ,CARE IMPROVEMENT PLUS SOUTH CENTRAL INSURANCE CO. ,"UnitedHealth Group, Inc. ",Plan too new to be measured ,Plan too new to be measured ,Plan too new to be measured ,Plan too new to be measured ,Plan too new to be measured
H0423 ,MetroPlus Health Plan ,"METROPLUS HEALTH PLAN, INC. ",New York City Health and Hospitals Corporation ,Not Available ,Not Available ,Not Available ,Not Available ,Not Available
H0432 ,UnitedHealthcare ,"UNITEDHEALTHCARE OF THE MIDLANDS, INC. ","UnitedHealth Group, Inc. ",13%,15%,16%,Not Available ,8%
H0439 ,Cigna HealthCare ,"HEALTHSPRING LIFE & HEALTH INSURANCE COMPANY, INC. ",Health Care Service Corporation ,Not Available ,10%,15%,Not Available ,5%
H0473 ,Humana ,HUMANA INSURANCE COMPANY OF KENTUCKY ,Humana Inc. ,14%,39%,19%,Not Available ,7%
H0504 ,Blue Shield of California ,CALIFORNIA PHYSICIANS' SERVICE ,California Physicians' Service ,9%,31%,19%,7%,7%
H0523 ,Aetna Medicare ,AETNA HEALTH OF CALIFORNIA INC. ,CVS Health Corporation ,21%,41%,13%,Not Available ,15%
H0524 ,Kaiser Permanente ,"KAISER FOUNDATION HP, INC. ","Kaiser Foundation Health Plan, Inc. ",20%,17%,17%,9%,16%
H0543 ,UnitedHealthcare ,UHC OF CALIFORNIA ,"UnitedHealth Group, Inc. ",Not Available ,Not Available ,Not Available ,Not Available ,Not Available
H0544 ,Anthem Blue Cross ,BLUE CROSS OF CALIFORNIA ,"Elevance Health, Inc. ",17%,32%,11%,Not Available ,13%
H0562 ,Wellcare By Health Net ,"HEALTH NET OF CALIFORNIA, INC. ",Centene Corporation ,11%,28%,20%,Not Available ,11%
H0571 ,CCHP (Chinese Community Health Plan) ,CHINESE COMMUNITY HEALTH PLAN ,Chinese Hospital Association ,Not Available ,Not Available ,Not Available ,Not Available ,Not Available
H0609 ,UnitedHealthcare ,"UnitedHealthcare Benefits of Texas, Inc. ","UnitedHealth Group, Inc. ",12%,17%,18%,Not Available ,11%
H0624 ,UnitedHealthcare ,"UnitedHealthcare Benefits of Texas, Inc. ","UnitedHealth Group, Inc. ",Not Available ,Not Available ,Not Available ,Not Available ,Not Available
H0628 ,Aetna Medicare ,AETNA HEALTH OF OHIO INC. ,CVS Health Corporation ,11%,14%,14%,9%,8%
H0629 ,Anthem Blue Cross and Blue Shield ,"ANTHEM INSURANCE COMPANIES, INC. ","Elevance Health, Inc. ",Plan too new to be measured ,Plan too new to be measured ,Plan too new to be measured ,Plan too new to be measured ,Plan too new to be measured
H0630 ,Kaiser Permanente ,KAISER FOUNDATION HP OF CO ,"Kaiser Foundation Health Plan, Inc. ",33%,24%,14%,8%,18%
H0672 ,Cigna HealthCare ,"CIGNA HEALTHCARE OF COLORADO, INC. ",Health Care Service Corporation ,Not Available ,36%,13%,Not Available ,14%
H0710 ,UnitedHealthcare ,CARE IMPROVEMENT PLUS SOUTH CENTRAL INSURANCE CO. ,"UnitedHealth Group, Inc. ",Not Available ,Not Available ,Not Available ,Not Available ,Not Available
H0712 ,Wellcare ,"WELLCARE OF CONNECTICUT, INC. ",Centene Corporation ,28%,28%,11%,Not Available ,10%
H0724 ,Wellcare By Allwell ,"BUCKEYE HEALTH PLAN COMMUNITY SOLUTIONS, Inc. ",Centene Corporation ,Not Available ,Not Available ,Not Available ,Not Available ,Not Available
H0738 ,AmeriHealth Caritas VIP Care (HMO-D-SNP) ,"AmeriHealth Caritas VIP Next, Inc. ","Independence Health Group, Inc. ",Not Available ,Not Available ,Not Available ,Not Available ,Not Available
H0755 ,UnitedHealthcare ,CARE IMPROVEMENT PLUS SOUTH CENTRAL INSURANCE CO. ,"UnitedHealth Group, Inc. ",14%,12%,29%,5%,9%
H0764 ,UnitedHealthcare ,"UNITEDHEALTHCARE OF NEW ENGLAND, INC. ","UnitedHealth Group, Inc. ",Not Available ,Not Available ,Not Available ,Not Available ,Not Available
H0777 ,Mass General Brigham Health Plan ,"MASS GENERAL BRIGHAM HEALTH PLAN, INC ",Mass General Brigham Incorporated ,Plan too new to be measured ,Plan too new to be measured ,Plan too new to be measured ,Plan too new to be measured ,Plan too new to be measured
H0783 ,Humana ,"HUMANA BENEFIT PLAN OF TEXAS, INC. ",Humana Inc. ,15%,39%,15%,Not Available ,Not Available
H0816 ,MyAdvocate Medicare Advantage ,"BESHP, INC. ",Sanford Health ,Plan too new to be measured ,Plan too new to be measured ,Plan too new to be measured ,Plan too new to be measured ,Plan too new to be measured
H0885 ,Braven Health ,HEALTHIER NEW JERSEY INSURANCE COMPANY ,"Horizon Mutual Holdings, Inc ",18%,18%,29%,18%,14%
H0907 ,Wellpoint ,"WELLPOINT IOWA, INC. ","Elevance Health, Inc. ",22%,28%,14%,Not Available ,15%
H0908 ,Wellcare By Allwell ,"BUCKEYE COMMUNITY HEALTH PLAN, INC. ",Centene Corporation ,19%,26%,18%,Not Available ,16%
H0913 ,Wellcare ,"WELLCARE HEALTH PLANS OF NEW JERSEY, INC. ",Centene Corporation ,Not Available ,Not Available ,Not Available ,Not Available ,Not Available
H0963 ,Humana ,"HUMANA MEDICAL PLAN OF MICHIGAN, INC. ",Humana Inc. ,Plan too new to be measured ,Plan too new to be measured ,Plan too new to be measured ,Plan too new to be measured ,Plan too new to be measured
H0976 ,SCAN Health Plan ,SCAN HEALTH PLAN ,SCAN Group ,Not Available ,Not Available ,Not Available ,Not Available ,Not Available
H0978 ,SCAN Health Plan ,"SCAN HEALTH PLAN NEVADA, INC. ",SCAN Group ,Not Available ,Not Available ,Not Available ,Not Available ,Not Available
H0982 ,Solis Health Plans ,"SOLIS HEALTH PLANS, INC. ","Athena Healthcare Holdings, LLC ",Not Available ,Not Available ,Not Available ,Not Available ,Not Available
H1019 ,"CarePlus Health Plans, Inc. ","CAREPLUS HEALTH PLANS, INC. ",Humana Inc. ,15%,22%,11%,8%,8%
H1032 ,Wellcare ,"Sunshine State Health Plan, Inc. ",Centene Corporation ,13%,30%,17%,Not Available ,14%
H1035 ,Florida Blue HMO ,"FLORIDA BLUE MEDICARE, INC. ",Guidewell Mutual Holding Corporation ,16%,34%,12%,5%,10%
H1036 ,Humana ,"HUMANA MEDICAL PLAN, INC. ",Humana Inc. ,16%,22%,13%,Not Available ,11%
H1045 ,UnitedHealthcare ,"PREFERRED CARE PARTNERS, INC. ","UnitedHealth Group, Inc. ",14%,17%,10%,7%,10%
H1099 ,"Health First Health Plans, Inc. ",HEALTH FIRST HEALTH PLANS ,"Health First Shared Services, Inc. ",15%,29%,25%,Not Available ,8%
H1109 ,Aetna Medicare ,AETNA HEALTH INC.(GA) ,CVS Health Corporation ,Not Available ,Not Available ,Not Available ,Not Available ,Not Available
H1112 ,Wellcare ,"WELLCARE OF GEORGIA, INC. ",Centene Corporation ,21%,21%,12%,Not Available ,16%
H1119 ,Valor Health Plan ,"TSG GUARD, INC. ","The Schroer Group, Inc. ",Not Available ,Not Available ,Not Available ,Not Available ,Not Available
H1170 ,Kaiser Permanente ,"KAISER FOUNDATION HP OF GA, INC. ","Kaiser Foundation Health Plan, Inc. ",28%,35%,13%,7%,18%
H1181 ,Network Health Medicare Advantage Plans ,NETWORK HEALTH INSURANCE CORPORATION ,"Network Health, Inc. ",Not Available ,Not Available ,Not Available ,Not Available ,Not Available
H1189 ,CHRISTUS Health Advantage ,CHRISTUS HEALTH PLAN ,CHRISTUS Health ,Not Available ,42%,14%,Not Available ,13%
H1206 ,Aetna Medicare ,"COVENTRY HEALTH CARE OF ILLINOIS, INC. ",CVS Health Corporation ,Not Available ,Not Available ,Not Available ,Not Available ,Not Available
H1212 ,Wellpoint ,"WELLPOINT WEST VIRGINIA , INC. ","Elevance Health, Inc. ",Plan too new to be measured ,Plan too new to be measured ,Plan too new to be measured ,Plan too new to be measured ,Plan too new to be measured
H1215 ,Wellcare ,"NEBRASKA TOTAL CARE, INC. ",Centene Corporation ,16%,25%,10%,Not Available ,13%
H1224 ,L.A. Care Health Plan ,LOCAL INITIATIVE HEALTH AUTHORITY FOR LA COUNTY ,Local Initiative Health Authority for LA County ,Not Available ,Not Available ,Not Available ,Not Available ,Not Available
H1225 ,Johns Hopkins Advantage MD ,"HOPKINS HEALTH ADVANTAGE, INC. ",Johns Hopkins Healthcare LLC ,31%,27%,27%,16%,13%
H1230 ,Kaiser Permanente ,"KAISER FOUNDATION HP, INC. ","Kaiser Foundation Health Plan, Inc. ",21%,20%,34%,Not Available ,11%
H1248 ,Blue Cross and Blue Shield of Louisiana ,LOUISIANA HEALTH SERVICE & INDEMNITY COMPANY ,Louisiana Health Service & Indemnity Company ,Not Available ,Not Available ,Not Available ,Not Available ,Not Available
H1278 ,UnitedHealthcare ,CARE IMPROVEMENT PLUS SOUTH CENTRAL INSURANCE CO. ,"UnitedHealth Group, Inc. ",10%,11%,27%,Not Available ,6%
H1280 ,eternalHealth ,"ETERNALHEALTH, INC. ","Eternal Health of Delaware, Inc. ",Not Available ,Not Available ,Not Available ,Not Available ,Not Available
H1285 ,UnitedHealthcare Community Plan ,"UNITEDHEALTHCARE COMMUNITY PLAN OF OHIO, INC. ","UnitedHealth Group, Inc. ",Plan too new to be measured ,Plan too new to be measured ,Plan too new to be measured ,Plan too new to be measured ,Plan too new to be measured
H1290 ,Devoted Health ,"DEVOTED HEALTH PLAN OF FLORIDA, INC. ","Devoted Health, Inc. ",10%,34%,18%,17%,9%
H1302 ,Blue Cross of Idaho ,"BLUE CROSS OF IDAHO HEALTH SERVICE, INC. ","Gemstone Holdings, Inc. ",Not Available ,Not Available ,Not Available ,Not Available ,Not Available
H1304 ,Regence BlueShield of Idaho ,"REGENCE BLUESHIELD OF IDAHO, INC. ","Cambia Health Solutions, Inc. ",Not Available ,6%,Not Available ,Not Available ,9%
H1339 ,Johns Hopkins Advantage MD ,"JOHNS HOPKINS HEALTH PLAN OF VIRGINIA, INC. ",Johns Hopkins Healthcare LLC ,Not Available ,Not Available ,Not Available ,Not Available ,Not Available
H1347 ,Patrius Health ,"PATRIUS HEALTH, INC. ",BlueCross BlueShield of Alabama ,Not Available ,Not Available ,Not Available ,Not Available ,Not Available
H1350 ,Blue Cross of Idaho ,"BLUE CROSS OF IDAHO HEALTH SERVICE, INC. ","Gemstone Holdings, Inc. ",7%,13%,29%,7%,6%
H1360 ,UnitedHealthcare ,"UnitedHealthcare Benefits of Texas, Inc. ","UnitedHealth Group, Inc. ",Not Available ,Not Available ,Not Available ,Not Available ,Not Available
H1365 ,Martin's Point Generations Advantage ,"MARTIN'S POINT GENERATIONS ADVANTAGE, INC. ","Martin's Point Health Care, Inc. ",Not Available ,Not Available ,Not Available ,Not Available ,Not Available
H1372 ,AgeRight Advantage ,"MARQUIS ADVANTAGE, INC. ","Marquis Companies I, Inc. ",Not Available ,Not Available ,Not Available ,Not Available ,Not Available
H1395 ,Wellcare ,"NEBRASKA TOTAL CARE, INC. ",Centene Corporation ,Not Available ,29%,22%,Not Available ,11%
H1396 ,Humana ,"HUMANA BENEFIT PLAN OF SOUTH CAROLINA, INC. ",Humana Inc. ,Plan too new to be measured ,Plan too new to be measured ,Plan too new to be measured ,Plan too new to be measured ,Plan too new to be measured
H1416 ,Wellcare ,"HARMONY HEALTH PLAN,  INC. ",Centene Corporation ,Not Available ,33%,14%,Not Available ,Not Available
H1423 ,Wellpoint ,"WELLPOINT HEALTH PLANS, INC. ","Elevance Health, Inc. ",34%,35%,17%,Not Available ,22%
H1468 ,Humana ,"HUMANA BENEFIT PLAN OF ILLINOIS, INC. ",Humana Inc. ,20%,32%,14%,Not Available ,9%
H1486 ,"Commonwealth Care Alliance, Inc. ","COMMONWEALTH CARE ALLIANCE, INC. ",CareSource ,Plan too new to be measured ,Plan too new to be measured ,Plan too new to be measured ,Plan too new to be measured ,Plan too new to be measured
H1526 ,Gold Kidney Health Plan ,GOLD KIDNEY OF FLORIDA INC ,Gold Kidney Health Plan ,Not Available ,Not Available ,Not Available ,Not Available ,Not Available
H1537 ,UnitedHealthcare ,UNITEDHEALTHCARE INSURANCE COMPANY ,"UnitedHealth Group, Inc. ",Not Available ,Not Available ,Not Available ,Not Available ,Not Available
H1587 ,Tribute Health Plans ,"ARKANSAS SUPERIOR SELECT, INC. ","Select Founders, LLC ",Not Available ,Not Available ,Not Available ,Not Available ,Not Available
H1607 ,Anthem Blue Cross and Blue Shield ,"ANTHEM INSURANCE COMPANIES, INC. ","Elevance Health, Inc. ",11%,6%,32%,7%,8%
H1608 ,Aetna Medicare ,COVENTRY HEALTH AND LIFE INSURANCE COMPANY ,CVS Health Corporation ,11%,18%,18%,Not Available ,9%
H1609 ,Aetna Medicare ,AETNA HEALTH INC. (FL) ,CVS Health Corporation ,20%,37%,15%,Not Available ,14%
H1610 ,Aetna Better Health of Virginia ,"COVENTRY HEALTH CARE OF VIRGINIA, INC. ",CVS Health Corporation ,Not Available ,28%,8%,Not Available ,17%
H1611 ,Mass General Brigham Health Plan ,"MASS GENERAL BRIGHAM HEALTH PLAN, INC ",Mass General Brigham Incorporated ,Plan too new to be measured ,Plan too new to be measured ,Plan too new to be measured ,Plan too new to be measured ,Plan too new to be measured
H1619 ,Jefferson Health Plans ,PARTNERS INSURANCE COMPANY INC ,Thomas Jefferson University ,Not Available ,Not Available ,Not Available ,Not Available ,Not Available
H1644 ,Longevity Health Plan ,"LONGEVITY HEALTH PLAN OF FLORIDA, INC. ","Longevity Health Founders, LLC ",Not Available ,Not Available ,Not Available ,Not Available ,Not Available
H1651 ,"Medical Associates Health Plan, Inc. ","MEDICAL ASSOCIATES HEALTH PLAN, INC. ","Medical Associates Clinic, P.C. ",Not Available ,Not Available ,Not Available ,Not Available ,Not Available
H1659 ,UnitedHealthcare ,CARE IMPROVEMENT PLUS SOUTH CENTRAL INSURANCE CO. ,"UnitedHealth Group, Inc. ",Not Available ,Not Available ,Not Available ,Not Available ,Not Available
H1664 ,Wellcare By Allwell ,"HOME STATE HEALTH PLAN, INC. ",Centene Corporation ,17%,21%,17%,Not Available ,18%
H1666 ,"Blue Cross and Blue Shield of NM, TX ",HCSC INSURANCE SERVICES COMPANY ,Health Care Service Corporation ,Not Available ,21%,33%,Not Available ,16%
H1671 ,Community Health Plan of Imperial Valley ,IMPERIAL COUNTY LOCAL HEALTH AUTHORITY ,IMPERIAL COUNTY LOCAL HEALTH AUTHORITY ,Plan too new to be measured ,Plan too new to be measured ,Plan too new to be measured ,Plan too new to be measured ,Plan too new to be measured
H1692 ,Aetna Medicare ,"COVENTRY HEALTH CARE OF WEST VIRGINIA, INC. ",CVS Health Corporation ,11%,13%,17%,Not Available ,11%
H1722 ,Healthfirst Medicare Plan ,"HEALTHFIRST HEALTH PLAN, INC. ","Healthfirst, Inc. ",Not Available ,Not Available ,Not Available ,Not Available ,Not Available
H1787 ,Great Plains Medicare Advantage ,SANFORD HEALTH PLAN ,Sanford Health ,Not Available ,Not Available ,Not Available ,Not Available ,Not Available
H1799 ,Passport Advantage ,"MOLINA HEALTHCARE OF KENTUCKY, INC. ","Molina Healthcare, Inc. ",Not Available ,Not Available ,Not Available ,Not Available ,Not Available
H1822 ,SCAN Health Plan ,"SCAN DESERT HEALTH PLAN, INC. ",SCAN Group ,34%,42%,11%,8%,20%
H1846 ,MediGold ,MOUNT CARMEL HEALTH INSURANCE COMPANY ,Trinity Health Corporation ,Not Available ,Not Available ,Not Available ,Not Available ,Not Available
H1862 ,Wellcare ,"WELLCARE HEALTH PLANS OF VERMONT, INC. ",Centene Corporation ,Not Available ,Not Available ,Not Available ,Not Available ,Not Available
H1889 ,UnitedHealthcare ,CARE IMPROVEMENT PLUS SOUTH CENTRAL INSURANCE CO. ,"UnitedHealth Group, Inc. ",8%,20%,13%,3%,10%
H1894 ,Wellpoint ,"WELLPOINT WASHINGTON, INC. ","Elevance Health, Inc. ",Not Available ,Not Available ,Not Available ,Not Available ,Not Available
H1914 ,Wellcare ,"WELLCARE HEALTH INSURANCE OF CONNECTICUT, INC. ",Centene Corporation ,Not Available ,14%,20%,Not Available ,18%
H1947 ,Healthy Blue ,"COMMUNITY CARE HEALTH PLAN OF LOUISIANA, INC. ","Elevance Health, Inc. ",Not Available ,Not Available ,Not Available ,Not Available ,Not Available
H1951 ,Humana ,"HUMANA HEALTH BENEFIT PLAN OF LOUISIANA, INC. ",Humana Inc. ,14%,18%,21%,Not Available ,8%
H1961 ,Peoples Health ,"PEOPLES HEALTH, INC. ","UnitedHealth Group, Inc. ",13%,18%,12%,7%,11%
H1969 ,Regence BlueShield of Idaho ,"REGENCE BLUESHIELD OF IDAHO, INC. ","Cambia Health Solutions, Inc. ",31%,20%,21%,Not Available ,8%
H1993 ,Astiva Health ,"ASTIVA HEALTH, INC. ",Astiva Health Holdings Incorporated ,Not Available ,Not Available ,Not Available ,Not Available ,Not Available
H1994 ,Select Health ,"SELECTHEALTH, INC. ","Intermountain Health Care, Inc. ",11%,48%,15%,Not Available ,10%
H1997 ,Regence BlueShield ,REGENCE BLUESHIELD ,"Cambia Health Solutions, Inc. ",Not Available ,Not Available ,Not Available ,Not Available ,Not Available
H2001 ,UnitedHealthcare ,"SIERRA HEALTH AND LIFE INSURANCE COMPANY, INC. ","UnitedHealth Group, Inc. ",14%,13%,21%,Not Available ,9%
H2029 ,Humana ,"HUMANA INSURANCE OF PUERTO RICO, INC. ",Humana Inc. ,Not Available ,Not Available ,Not Available ,Not Available ,Not Available
H2032 ,Baylor Scott & White Health Plan ,Baylor Scott & White Insurance Company ,Baylor Scott & White Health ,Not Available ,Not Available ,Not Available ,Not Available ,Not Available
H2034 ,Community Care ,"COMMUNITY CARE HEALTH PLAN, INC. ","Community Care, Inc. ",Not Available ,Not Available ,Not Available ,Not Available ,Not Available
H2035 ,Alameda Alliance for Health ,ALAMEDA ALLIANCE FOR HEALTH ,Alameda Alliance for Health ,Plan too new to be measured ,Plan too new to be measured ,Plan too new to be measured ,Plan too new to be measured ,Plan too new to be measured
H2041 ,Devoted Health ,DEVOTED HEALTH PLAN OF MISSOURI INC ,"Devoted Health, Inc. ",Plan too new to be measured ,Plan too new to be measured ,Plan too new to be measured ,Plan too new to be measured ,Plan too new to be measured
H2056 ,Aetna Medicare ,AETNA BETTER HEALTH OF MICHIGAN INC. ,CVS Health Corporation ,12%,23%,20%,7%,10%
H2108 ,Cigna HealthCare ,"BRAVO HEALTH MID-ATLANTIC, INC. ",Health Care Service Corporation ,29%,47%,21%,Not Available ,19%
H2117 ,Wellcare ,"MERIDIAN HEALTH PLAN OF MICHIGAN, INC. ",Centene Corporation ,30%,44%,14%,17%,17%
H2126 ,Neighborhood Health Plan of Rhode Island ,NEIGHBORHOOD HEALTH PLAN OF RHODE ISLAND ,NEIGHBORHOOD HEALTH PLAN OF RHODE ISLAND ,Plan too new to be measured ,Plan too new to be measured ,Plan too new to be measured ,Plan too new to be measured ,Plan too new to be measured
H2162 ,Wellcare ,"WELLCARE OF NEW HAMPSHIRE, INC. ",Centene Corporation ,Not Available ,Not Available ,Not Available ,Not Available ,Not Available
H2168 ,VillageCareMAX ,VILLAGE SENIOR SERVICES CORPORATION ,"Village Care of New York, Inc. ",Not Available ,Not Available ,Not Available ,Not Available ,Not Available
H2172 ,Kaiser Permanente ,KAISER FDTN HLTH PLAN OF THE MID-ATLANTIC STATES ,"Kaiser Foundation Health Plan, Inc. ",24%,33%,16%,Not Available ,21%
H2174 ,Wellcare By Trillium ,"TRILLIUM COMMUNITY HEALTH PLAN, INC. ",Centene Corporation ,Not Available ,Not Available ,Not Available ,Not Available ,Not Available
H2185 ,Lifeworks Advantage ,"LIFEWORKS ADVANTAGE, LLC ","Curana Health Holdings, LLC ",Not Available ,Not Available ,Not Available ,Not Available ,Not Available
H2224 ,Molina Healthcare ,"SENIOR WHOLE HEALTH, LLC ","Molina Healthcare, Inc. ",Not Available ,Not Available ,Not Available ,Not Available ,Not Available
H2225 ,Commonwealth Care Alliance Massachusetts ,"COMMONWEALTH CARE ALLIANCE, INC. ",CareSource ,Not Available ,Not Available ,Not Available ,Not Available ,Not Available
H2226 ,UnitedHealthcare ,UNITEDHEALTHCARE INSURANCE COMPANY ,"UnitedHealth Group, Inc. ",Not Available ,Not Available ,Not Available ,Not Available ,Not Available
H2230 ,Blue Cross Blue Shield of Massachusetts ,"BCBS  OF MASSACHUSETTS HMO BLUE, INC. ","Blue Cross and Blue Shield of Massachusetts, Inc. ",Not Available ,Not Available ,Not Available ,Not Available ,Not Available
H2235 ,BayCare Health Plans ,"BAYCARE SELECT HEALTH PLANS, INC. ","BayCare Health System, Inc. ",15%,29%,18%,7%,11%
H2237 ,iCare ,INDEPENDENT CARE HEALTH PLAN ,Humana Inc. ,11%,17%,4%,Not Available ,12%
H2247 ,UnitedHealthcare ,"UNITEDHEALTHCARE COMMUNITY PLAN, INC. ","UnitedHealth Group, Inc. ",Not Available ,33%,Not Available ,Not Available ,12%
H2256 ,Tufts Health Plan ,TUFTS ASSOCIATED HEALTH MAINTENANCE ORGANIZATION ,"Point32Health, Inc. ",12%,38%,21%,7%,7%
H2261 ,Blue Cross Blue Shield of Massachusetts ,"BCBS  OF MASSACHUSETTS HMO BLUE, INC. ","Blue Cross and Blue Shield of Massachusetts, Inc. ",14%,26%,19%,6%,3%
H2272 ,UnitedHealthcare ,"UNITEDHEALTHCARE OF NEW ENGLAND, INC. ","UnitedHealth Group, Inc. ",Not Available ,Not Available ,Not Available ,Not Available ,Not Available
H2292 ,UnitedHealthcare ,CARE IMPROVEMENT PLUS SOUTH CENTRAL INSURANCE CO. ,"UnitedHealth Group, Inc. ",Not Available ,Not Available ,Not Available ,Not Available ,Not Available
H2293 ,Aetna Medicare ,SILVERSCRIPT INSURANCE COMPANY ,CVS Health Corporation ,12%,9%,17%,Not Available ,10%
H2320 ,Priority Health Medicare ,PRIORITY HEALTH ,Corewell Health ,6%,4%,23%,4%,6%
H2322 ,HAP Senior Plus (PPO) ,ALLIANCE HEALTH AND LIFE INSURANCE COMPANY ,Henry Ford Health System ,9%,15%,25%,Not Available ,6%
H2354 ,HAP Senior Plus ,HEALTH ALLIANCE PLAN OF MICHIGAN ,Henry Ford Health System ,15%,25%,22%,Not Available ,6%
H2385 ,UnitedHealthcare ,UNITEDHEALTHCARE INSURANCE COMPANY ,"UnitedHealth Group, Inc. ",Plan too new to be measured ,Plan too new to be measured ,Plan too new to be measured ,Plan too new to be measured ,Plan too new to be measured
H2392 ,Kansas Health Advantage ,"KANSAS SUPERIOR SELECT, INC. ",Kansas Superior Select ,Not Available ,Not Available ,Not Available ,Not Available ,Not Available
H2400 ,Signature Advantage (HMO SNP) ,"SIGNATURE ADVANTAGE, LLC ","BrightSpring Health Services, Inc. ",Not Available ,Not Available ,Not Available ,Not Available ,Not Available
H2406 ,UnitedHealthcare ,CARE IMPROVEMENT PLUS SOUTH CENTRAL INSURANCE CO. ,"UnitedHealth Group, Inc. ",15%,18%,18%,5%,7%
H2416 ,PrimeWest Health ,PRIMEWEST RURAL MN HEALTH CARE ACCESS INITIATIVE ,PrimeWest Rural MN Health Care Access Initiative ,Not Available ,Not Available ,Not Available ,Not Available ,Not Available
H2417 ,Itasca Medical Care/IMCare Classic ,ITASCA MEDICAL CARE ,Itasca County ,Not Available ,Not Available ,Not Available ,Not Available ,Not Available
H2419 ,South Country Health Alliance ,SOUTH COUNTRY HEALTH ALLIANCE ,South Country Health Alliance ,Not Available ,Not Available ,Not Available ,Not Available ,Not Available
H2422 ,HealthPartners ,"HEALTHPARTNERS, INC. ","HealthPartners, Inc. ",7%,11%,15%,Not Available ,6%
H2425 ,Blue Plus ,HMO Minnesota ,"Aware Integrated, Inc. ",11%,12%,12%,Not Available ,Not Available
H2441 ,Anthem Blue Cross and Blue Shield ,"ANTHEM INSURANCE COMPANIES, INC. ","Elevance Health, Inc. ",Plan too new to be measured ,Plan too new to be measured ,Plan too new to be measured ,Plan too new to be measured ,Plan too new to be measured
H2445 ,UnitedHealthcare ,"UNITEDHEALTHCARE OF THE MID-ATLANTIC, INC. ","UnitedHealth Group, Inc. ",Plan too new to be measured ,Plan too new to be measured ,Plan too new to be measured ,Plan too new to be measured ,Plan too new to be measured
H2450 ,Medica ,MEDICA INSURANCE COMPANY ,Medica Holding Company ,5%,3%,43%,4%,4%
H2456 ,UCare's MSHO ,UCARE MINNESOTA ,UCare Minnesota ,Not Available ,Not Available ,Not Available ,Not Available ,Not Available
H2458 ,Medica ,MEDICA HEALTH PLANS ,Medica Holding Company ,Not Available ,Not Available ,Not Available ,Not Available ,Not Available
H2459 ,UCare ,UCARE MINNESOTA ,UCare Minnesota ,7%,10%,22%,6%,3%
H2461 ,Blue Cross and Blue Shield of Minnesota ,"BCBSM, Inc. ","Aware Integrated, Inc. ",2%,5%,39%,7%,4%
H2462 ,HealthPartners ,"HEALTHPARTNERS, INC. ","HealthPartners, Inc. ",Not Available ,Not Available ,Not Available ,Not Available ,Not Available
H2463 ,Humana ,"HUMANA HEALTH PLAN OF TEXAS, INC. ",Humana Inc. ,Not Available ,Not Available ,Not Available ,Not Available ,Not Available
H2478 ,Molina Healthcare of Nevada ,MOLINA HEALTHCARE OF NEVADA INC ,"Molina Healthcare, Inc. ",Not Available ,Not Available ,Not Available ,Not Available ,Not Available
H2486 ,Humana ,"HUMANA MEDICAL PLAN OF UTAH, INC. ",Humana Inc. ,12%,16%,21%,Not Available ,12%
H2491 ,Wellcare ,"WELLCARE HEALTH INSURANCE OF ARIZONA, INC. ",Centene Corporation ,25%,22%,28%,Not Available ,15%
H2509 ,UnitedHealthcare ,"UNITEDHEALTHCARE OF FLORIDA, INC. ","UnitedHealth Group, Inc. ",Not Available ,Not Available ,Not Available ,Not Available ,Not Available
H2526 ,Devoted Health ,DEVOTED HEALTH PLAN OF OHIO INC ,"Devoted Health, Inc. ",13%,23%,18%,7%,9%
H2563 ,Sentara Medicare ,SENTARA HEALTH PLANS ,Sentara Health Care (SHC) ,15%,27%,16%,Not Available ,11%
H2564 ,AmeriHealth Caritas VIP Care (HMO-SNP) ,"AMERIHEALTH CARITAS LOUISIANA, INC. ","Independence Health Group, Inc. ",Plan too new to be measured ,Plan too new to be measured ,Plan too new to be measured ,Plan too new to be measured ,Plan too new to be measured
H2593 ,Wellpoint ,"WELLPOINT TEXAS, INC. ","Elevance Health, Inc. ",Not Available ,Not Available ,Not Available ,Not Available ,Not Available
H2610 ,Essence Healthcare ,"ESSENCE HEALTHCARE, INC. ",Lumeris Group Holdings Corporation ,14%,21%,14%,5%,6%
H2624 ,HealthTeam Advantage ,CARE N' CARE INSURANCE COMPANY OF NORTH CAROLINA ,"Risant Health, Inc. ",Not Available ,Not Available ,Not Available ,Not Available ,Not Available
H2628 ,Anthem Blue Cross and Blue Shield ,COMMUNITY INSURANCE COMPANY ,"Elevance Health, Inc. ",Plan too new to be measured ,Plan too new to be measured ,Plan too new to be measured ,Plan too new to be measured ,Plan too new to be measured
H2630 ,Verda Health Plan of Arizona ,"VERDA HEALTH PLAN OF ARIZONA, INC. ","Verda Healthcare, Inc. ",Plan too new to be measured ,Plan too new to be measured ,Plan too new to be measured ,Plan too new to be measured ,Plan too new to be measured
H2663 ,Aetna Medicare ,"COVENTRY HEALTH CARE OF MISSOURI, INC. ",CVS Health Corporation ,15%,9%,18%,Not Available ,11%
H2686 ,Devoted Health ,DEVOTED HEALTH INSURANCE COMPANY OF HAWAII INC ,"Devoted Health, Inc. ",9%,25%,19%,Not Available ,9%
H2687 ,Wellpoint ,"WELLPOINT SOUTH CAROLINA, INC. ","Elevance Health, Inc. ",Plan too new to be measured ,Plan too new to be measured ,Plan too new to be measured ,Plan too new to be measured ,Plan too new to be measured
H2694 ,eternalHealth ,"ETERNALHEALTH, INC. ","Eternal Health of Delaware, Inc. ",Not Available ,Not Available ,Not Available ,Not Available ,Not Available
H2697 ,Devoted Health ,"DEVOTED HEALTH PLAN OF OHIO, INC. ","Devoted Health, Inc. ",10%,16%,18%,8%,8%
H2704 ,Kaiser Permanente ,"KAISER FOUNDATION HP, INC. ","Kaiser Foundation Health Plan, Inc. ",Plan too new to be measured ,Plan too new to be measured ,Plan too new to be measured ,Plan too new to be measured ,Plan too new to be measured
H2715 ,Molina Healthcare of Illinois ,MOLINA HEALTHCARE OF ILLINOIS INC ,"Molina Healthcare, Inc. ",Not Available ,Not Available ,Not Available ,Not Available ,Not Available
H2737 ,Health New England Medicare Advantage Plans ,"HEALTH NEW ENGLAND, INC. ","Baystate Health, Inc. ",Not Available ,Not Available ,Not Available ,Not Available ,Not Available
H2752 ,Cigna HealthCare ,"BRAVO HEALTH PENNSYLVANIA, INC. ",Health Care Service Corporation ,Not Available ,Not Available ,Not Available ,Not Available ,Not Available
H2775 ,Wellcare ,AMERICAN PROGRESSIVE LIFE & HLTH INS COMPANY OF NY ,Centene Corporation ,22%,32%,21%,Not Available ,17%
H2802 ,UnitedHealthcare ,"UNITEDHEALTHCARE OF THE MIDLANDS, INC. ","UnitedHealth Group, Inc. ",11%,17%,21%,8%,7%
H2816 ,Wellcare ,AMERICAN PROGRESSIVE LIFE & HLTH INS COMPANY OF NY ,Centene Corporation ,Not Available ,Not Available ,Not Available ,Not Available ,Not Available
H2819 ,Blue Shield of California ,CALIFORNIA PHYSICIANS' SERVICE ,California Physicians' Service ,Not Available ,Not Available ,Not Available ,Not Available ,Not Available
H2836 ,Anthem Blue Cross and Blue Shield ,"ANTHEM HEALTH PLANS, INC. ","Elevance Health, Inc. ",16%,14%,26%,Not Available ,13%
H2845 ,Devoted Health ,DEVOTED HEALTH INSURANCE COMPANY OF OKLAHOMA ,"Devoted Health, Inc. ",Plan too new to be measured ,Plan too new to be measured ,Plan too new to be measured ,Plan too new to be measured ,Plan too new to be measured
H2853 ,Ascension Complete ,CENTENE VENTURE COMPANY TENNESSEE ,Centene Corporation ,Not Available ,Not Available ,Not Available ,Not Available ,Not Available
H2875 ,Humana ,HUMANA WI HEALTH ORGANIZATION INSURANCE CORP ,Humana Inc. ,Plan too new to be measured ,Plan too new to be measured ,Plan too new to be measured ,Plan too new to be measured ,Plan too new to be measured
H2915 ,Wellcare By Allwell ,"PENNSYLVANIA HEALTH & WELLNESS, INC. ",Centene Corporation ,13%,26%,8%,Not Available ,13%
H2923 ,Devoted Health ,DEVOTED HEALTH PLAN OF OREGON INC ,"Devoted Health, Inc. ",Not Available ,Not Available ,Not Available ,Not Available ,Not Available
H2926 ,PrimeWest Health ,PRIMEWEST RURAL MN HEALTH CARE ACCESS INITIATIVE ,PrimeWest Rural MN Health Care Access Initiative ,Not Available ,Not Available ,Not Available ,Not Available ,Not Available
H2942 ,Cox HealthPlans ,COX HEALTH SYSTEMS HMO INC ,CoxHealth ,Not Available ,Not Available ,Not Available ,Not Available ,Not Available
H2960 ,Senior Care Plus ,"HOMETOWN HEALTH PLAN, INC. ",Renown Health ,20%,30%,26%,8%,13%
H2962 ,Ultimate Health Plans ,"ULTIMATE HEALTH PLANS, INC. ","Ultimate Healthcare Holdings, LLC ",12%,25%,7%,6%,10%
H3038 ,Molina Healthcare of California ,MOLINA HEALTHCARE OF CALIFORNIA ,"Molina Healthcare, Inc. ",Not Available ,Not Available ,Not Available ,Not Available ,Not Available
H3041 ,Devoted Health ,DEVOTED HEALTH PLAN OF SOUTH CAROLINA INC ,"Devoted Health, Inc. ",Not Available ,Not Available ,Not Available ,Not Available ,Not Available
H3048 ,SECUR Health Plan ,SECUR INC ,Chapters CareNu Inc ,Plan too new to be measured ,Plan too new to be measured ,Plan too new to be measured ,Plan too new to be measured ,Plan too new to be measured
H3071 ,Clear Spring Health ,"CLEAR SPRING HEALTH COMMUNITY CARE, INC. ",Group 1001 ,26%,39%,8%,Not Available ,Not Available
H3080 ,Devoted Health ,DEVOTED HEALTH PLAN OF ALABAMA INC ,"Devoted Health, Inc. ",22%,34%,20%,Not Available ,10%
H3093 ,Molina Healthcare of Illinois ,"MOLINA HEALTHCARE OF ILLINOIS, INC. ","Molina Healthcare, Inc. ",Plan too new to be measured ,Plan too new to be measured ,Plan too new to be measured ,Plan too new to be measured ,Plan too new to be measured
H3113 ,UnitedHealthcare ,"OXFORD HEALTH PLANS (NJ), INC. ","UnitedHealth Group, Inc. ",Not Available ,Not Available ,Not Available ,Not Available ,Not Available
H3124 ,Jefferson Health Plans ,PARTNERS INSURANCE COMPANY OF NEW JERSEY INC ,Thomas Jefferson University ,Plan too new to be measured ,Plan too new to be measured ,Plan too new to be measured ,Plan too new to be measured ,Plan too new to be measured
H3127 ,Upper Peninsula Health Plan (UPHP) MI Coordinated ,"UPPER PENINSULA HEALTH PLAN, LLC ","DLP Marquette Health Plan, LLC ",Plan too new to be measured ,Plan too new to be measured ,Plan too new to be measured ,Plan too new to be measured ,Plan too new to be measured
H3138 ,Kaiser Permanente ,KAISER PERMANENTE INSURANCE COMPANY ,"Kaiser Foundation Health Plan, Inc. ",Not Available ,Not Available ,Not Available ,Not Available ,Not Available
H3146 ,Aetna Medicare ,AETNA BETTER HEALTH INC. (GA) ,CVS Health Corporation ,12%,16%,18%,Not Available ,13%
H3152 ,Aetna Medicare ,AETNA HEALTH INC. (NJ) ,CVS Health Corporation ,11%,17%,21%,Not Available ,9%
H3170 ,Blue Cross and Blue Shield of Nebraska ,"SAPPHIRE EDGE, INC. ",Blue Cross Blue Shield of Nebraska ,Not Available ,Not Available ,Not Available ,Not Available ,Not Available
H3186 ,Align powered by Sanford Health Plan ,SANFORD HEALTH PLAN OF MINNESOTA ,Sanford Health ,Not Available ,Not Available ,Not Available ,Not Available ,Not Available
H3192 ,Aetna Medicare ,AETNA HEALTH OF MICHIGAN INC. ,CVS Health Corporation ,14%,17%,15%,Not Available ,14%
H3204 ,Presbyterian Health Plan ,PRESBYTERIAN HEALTH PLAN ,Presbyterian Healthcare Services ,17%,19%,25%,18%,16%
H3219 ,Allina Health Aetna Medicare ,ALLINA HEALTH AND AETNA INSURANCE COMPANY ,Allina Health and Aetna Insurance Holding Company ,14%,29%,17%,Not Available ,12%
H3239 ,Aetna Medicare ,"AETNA BETTER HEALTH, INC. (LA) ",CVS Health Corporation ,Not Available ,24%,11%,Not Available ,14%
H3240 ,Wellpoint ,"WELLPOINT NEW JERSEY, INC. ","Elevance Health, Inc. ",Not Available ,Not Available ,Not Available ,Not Available ,Not Available
H3251 ,Blue Cross and Blue Shield of New Mexico ,HEALTH CARE SERVICE CORPORATION ,Health Care Service Corporation ,37%,25%,15%,Not Available ,20%
H3256 ,UnitedHealthcare ,CARE IMPROVEMENT PLUS SOUTH CENTRAL INSURANCE CO. ,"UnitedHealth Group, Inc. ",10%,18%,9%,6%,7%
H3259 ,BlueCare Plus Tennessee ,VOLUNTEER STATE HEALTH PLAN ,BlueCross BlueShield of Tennessee ,Not Available ,19%,7%,Not Available ,8%
H3274 ,Align Senior Care ,ALIGN SENIOR CARE CALIFORNIA INC. ,"Curana Health Holdings, LLC ",Not Available ,Not Available ,Not Available ,Not Available ,Not Available
H3276 ,ConnectiCare ,"CONNECTICARE INSURANCE COMPANY, INC. ","Molina Healthcare, Inc. ",Not Available ,Not Available ,Not Available ,Not Available ,Not Available
H3288 ,Aetna Medicare ,AETNA HEALTH AND LIFE INSURANCE COMPANY ,CVS Health Corporation ,11%,15%,25%,Not Available ,12%
H3291 ,PruittHealth Premier ,"PRUITTHEALTH PREMIER, INC. ","UNICO Services, Inc. ",Not Available ,Not Available ,Not Available ,Not Available ,Not Available
H3305 ,MVP HEALTH CARE ,"MVP HEALTH PLAN, INC. ","MVP Health Care, Inc. ",12%,14%,26%,8%,5%
H3312 ,Aetna Medicare ,AETNA HEALTH INC. (NY) ,CVS Health Corporation ,12%,24%,13%,6%,9%
H3330 ,EmblemHealth ,HEALTH INSURANCE PLAN OF GREATER NEW YORK ,"EmblemHealth, Inc. ",Not Available ,Not Available ,Not Available ,Not Available ,Not Available
H3335 ,"Excellus Health Plan, Inc ","EXCELLUS HEALTH PLAN, INC. ","Lifetime Healthcare, Inc. ",10%,26%,20%,Not Available ,9%
H3344 ,Independent Health ,INDEPENDENT HEALTH BENEFITS CORPORATION ,"Independent Health Association, Inc. ",Not Available ,Not Available ,Not Available ,Not Available ,Not Available
H3347 ,Elderplan ,"ELDERPLAN, INC. ","Elderplan, Inc. ",Not Available ,Not Available ,Not Available ,Not Available ,Not Available
H3351 ,"Excellus Health Plan, Inc ","EXCELLUS HEALTH PLAN, INC. ","Lifetime Healthcare, Inc. ",8%,8%,29%,8%,5%
H3359 ,Healthfirst Medicare Plan ,"HEALTHFIRST HEALTH PLAN, INC. ","Healthfirst, Inc. ",Not Available ,Not Available ,Not Available ,Not Available ,Not Available
H3362 ,Independent Health ,"INDEPENDENT HEALTH ASSOCIATION, INC. ","Independent Health Association, Inc. ",10%,11%,39%,Not Available ,8%
H3379 ,UnitedHealthcare ,"UNITEDHEALTHCARE OF NEW YORK, INC. ","UnitedHealth Group, Inc. ",12%,16%,28%,Not Available ,8%
H3384 ,Highmark Blue Cross Blue Shield or Highmark Blue S ,Highmark Western and Northeastern New York Inc. ,Highmark Health ,5%,19%,20%,10%,9%
H3387 ,UnitedHealthcare ,"UNITEDHEALTHCARE OF NEW YORK, INC. ","UnitedHealth Group, Inc. ",Not Available ,Not Available ,Not Available ,Not Available ,Not Available
H3388 ,CDPHP Medicare Advantage ,"CAPITAL DISTRICT PHYSICIANS' HEALTH PLAN, INC. ","Lifetime Healthcare, Inc. ",9%,23%,17%,6%,5%
H3404 ,Blue Cross and Blue Shield of North Carolina ,BLUE CROSS AND BLUE SHIELD OF NORTH CAROLINA ,CuraCor Solutions Corp. ,3%,6%,26%,Not Available ,8%
H3407 ,El Paso Health Medicare Advantage ,"EL PASO FIRST HEALTH PLANS, INC. ",El Paso County Hospital District ,Not Available ,Not Available ,Not Available ,Not Available ,Not Available
H3418 ,UnitedHealthcare ,CARE IMPROVEMENT PLUS SOUTH CENTRAL INSURANCE CO. ,"UnitedHealth Group, Inc. ",12%,16%,35%,Not Available ,12%
H3419 ,Perennial Advantage ,"PERENNIAL ADVANTAGE OF COLORADO, INC. ","Perennial Consortium, LLC ",Not Available ,Not Available ,Not Available ,Not Available ,Not Available
H3443 ,Alignment Health Plan ,"ALIGNMENT HEALTH PLAN OF ARIZONA, INC. ","Alignment Healthcare USA, LLC ",25%,35%,11%,Not Available ,18%
H3447 ,Anthem HealthKeepers ,"HEALTHKEEPERS, INC. ","Elevance Health, Inc. ",16%,19%,14%,Not Available ,8%
H3449 ,Blue Cross and Blue Shield of North Carolina ,BLUE CROSS AND BLUE SHIELD OF NORTH CAROLINA ,CuraCor Solutions Corp. ,11%,13%,22%,16%,10%
H3467 ,ProCare Advantage ,"PROCARE ADVANTAGE, LLC ",First Sacramento Capital Funding LLC ,Not Available ,Not Available ,Not Available ,Not Available ,Not Available
H3499 ,Wellcare By Allwell ,COORDINATED CARE CORPORATION ,Centene Corporation ,20%,33%,18%,Not Available ,12%
H3528 ,ConnectiCare ,"CONNECTICARE, INC. ","Molina Healthcare, Inc. ",12%,8%,28%,Not Available ,9%
H3533 ,Humana ,"HUMANA HEALTH COMPANY OF NEW YORK, INC. ",Humana Inc. ,Not Available ,41%,18%,Not Available ,9%
H3536 ,Anthem Blue Cross and Blue Shield ,"MATTHEW THORNTON HEALTH PLAN, INC. ","Elevance Health, Inc. ",21%,27%,38%,16%,17%
H3551 ,eternalHealth ,ETERNALHEALTH OF ARIZONA INC ,"Eternal Health of Delaware, Inc. ",Not Available ,Not Available ,Not Available ,Not Available ,Not Available
H3557 ,Blue Cross & Blue Shield of Rhode Island ,BLUE CROSS & BLUE SHIELD OF RHODE ISLAND ,Blue Cross & Blue Shield of Rhode Island ,Not Available ,Not Available ,Not Available ,Not Available ,Not Available
H3561 ,Wellcare By Health Net ,"HEALTH NET COMMUNITY SOLUTIONS, INC. ",Centene Corporation ,18%,27%,7%,Not Available ,14%
H3597 ,Aetna Medicare ,AETNA HEALTH INC. (ME) ,CVS Health Corporation ,14%,11%,18%,Not Available ,11%
H3653 ,Paramount Elite Medicare Plans ,"PARAMOUNT CARE, INC. ",MEDICAL MUTUAL OF OHIO ,12%,23%,22%,Not Available ,10%
H3655 ,Anthem Blue Cross and Blue Shield ,COMMUNITY INSURANCE COMPANY ,"Elevance Health, Inc. ",12%,37%,11%,9%,10%
H3660 ,SummaCare Medicare Advantage Plans ,SUMMACARE INC. ,Summa Health ,13%,14%,34%,Not Available ,9%
H3664 ,PrimeTime Health Plan ,AULTCARE HEALTH INSURING CORPORATION ,Aultman Health Foundation ,10%,9%,25%,Not Available ,Not Available
H3668 ,MediGold ,"MOUNT CARMEL HEALTH PLAN, INC. ",Trinity Health Corporation ,13%,30%,25%,7%,8%
H3672 ,The Health Plan ,"THE HEALTH PLAN OF WEST VIRGINIA, INC. ","The Health Plan of West Virginia, Inc. ",7%,9%,9%,Not Available ,6%
H3706 ,GlobalHealth ,"GLOBALHEALTH, INC. ","MHH Healthcare, L.P. ",Not Available ,29%,18%,Not Available ,19%
H3708 ,American Health Advantage of Oklahoma ,"OKLAHOMA SUPERIOR SELECT, INC. ",Mitchell Family Office ,Not Available ,Not Available ,Not Available ,Not Available ,Not Available
H3727 ,Communicare Advantage ,OH CHS SNP INC. ,"SNP Holdings, LLC ",Not Available ,Not Available ,Not Available ,Not Available ,Not Available
H3748 ,Aetna Medicare ,"AETNA BETTER HEALTH OF WASHINGTON, INC. ",CVS Health Corporation ,8%,12%,17%,6%,7%
H3755 ,CommunityCare Senior Health Plan (HMO) ,"COMMUNITYCARE GOVERNMENT PROGRAMS, INC. ",St Francis Health System & St John Health System ,19%,21%,14%,16%,9%
H3777 ,Experience Health ,BLUE CROSS AND BLUE SHIELD OF NORTH CAROLINA ,CuraCor Solutions Corp. ,18%,14%,35%,6%,13%
H3794 ,UnitedHealthcare ,"UNITEDHEALTHCARE OF WISCONSIN, INC. ","UnitedHealth Group, Inc. ",14%,20%,13%,6%,11%
H3800 ,Provider Partners Health Plans ,PROVIDER PARTNERS HEALTH PLAN OF ILLINOIS ,"Rifkin Managed Care Holding, LLC ",Not Available ,Not Available ,Not Available ,Not Available ,Not Available
H3805 ,UnitedHealthcare ,"UnitedHealthcare Benefits of Texas, Inc. ","UnitedHealth Group, Inc. ",15%,26%,16%,Not Available ,11%
H3810 ,AllCare Advantage ,"ALLCARE HEALTH PLAN, INC. ","AllCare Health, Inc. ",Not Available ,Not Available ,Not Available ,Not Available ,Not Available
H3811 ,Samaritan Advantage Health Plans ,"SAMARITAN HEALTH PLANS, INC. ","Samaritan Health Services, Inc. ",Not Available ,Not Available ,Not Available ,Not Available ,Not Available
H3814 ,ATRIO Health Plans ,ATRIO HEALTH PLANS ,ATRIO Health Plans ,Not Available ,Not Available ,Not Available ,Not Available ,Not Available
H3815 ,Alignment Health Plan ,ALIGNMENT HEALTH PLAN ,"Alignment Healthcare USA, LLC ",19%,31%,14%,Not Available ,14%
H3817 ,Regence BlueCross BlueShield of Oregon ,REGENCE BLUECROSS BLUESHIELD OF OREGON ,"Cambia Health Solutions, Inc. ",8%,19%,25%,8%,5%
H3822 ,"Blue Cross and Blue Shield of IL, NM ",HEALTH CARE SERVICE CORPORATION ,Health Care Service Corporation ,23%,30%,17%,Not Available ,13%
H3828 ,Saint Alphonsus Health Plan ,"MOUNT CARMEL HEALTH PLAN OF IDAHO, INC. ",Trinity Health Corporation ,Not Available ,Not Available ,Not Available ,Not Available ,Not Available
H3832 ,HMSA Akamai Advantage ,HAWAII MEDICAL SERVICE ASSOCIATION ,Hawaii Medical Service Association ,17%,5%,34%,16%,12%
H3864 ,PacificSource Medicare ,PACIFICSOURCE COMMUNITY HEALTH PLANS ,PacificSource ,9%,27%,23%,6%,5%
H3868 ,UnitedHealthcare ,"UNITEDHEALTHCARE COMMUNITY PLAN OF TEXAS, L.L.C. ","UnitedHealth Group, Inc. ",Plan too new to be measured ,Plan too new to be measured ,Plan too new to be measured ,Plan too new to be measured ,Plan too new to be measured
H3890 ,Johns Hopkins Advantage MD ,"HOPKINS HEALTH ADVANTAGE, INC. ",Johns Hopkins Healthcare LLC ,Not Available ,23%,40%,Not Available ,10%
H3907 ,UPMC for Life ,"UPMC HEALTH PLAN, INC. ",UPMC Health System ,5%,10%,22%,4%,4%
H3909 ,Independence Blue Cross ,QCC INSURANCE COMPANY ,"Independence Health Group, Inc. ",15%,6%,20%,Not Available ,11%
H3916 ,Highmark Blue Cross Blue Shield or Highmark Blue S ,HIGHMARK SENIOR HEALTH COMPANY ,Highmark Health ,10%,9%,21%,Not Available ,10%
H3923 ,Capital Blue Cross ,CAPITAL ADVANTAGE INSURANCE COMPANY ,CAPITAL BLUE CROSS ,12%,10%,35%,Not Available ,10%
H3924 ,Geisinger Gold ,GEISINGER INDEMNITY INSURANCE COMPANY ,"Risant Health, Inc. ",5%,6%,26%,6%,2%
H3928 ,Aetna Medicare ,AETNA HEALTH INC. (LA) ,CVS Health Corporation ,16%,14%,33%,Not Available ,Not Available
H3931 ,Aetna Medicare ,AETNA HEALTH INC. (PA) ,CVS Health Corporation ,Not Available ,18%,20%,Not Available ,14%
H3949 ,Cigna HealthCare ,"BRAVO HEALTH PENNSYLVANIA, INC. ",Health Care Service Corporation ,15%,30%,15%,6%,7%
H3952 ,Independence Blue Cross ,"KEYSTONE HEALTH PLAN EAST, INC. ","Independence Health Group, Inc. ",10%,14%,22%,7%,6%
H3954 ,Geisinger Gold ,GEISINGER HEALTH PLAN ,"Risant Health, Inc. ",11%,12%,25%,4%,4%
H3957 ,Highmark Blue Cross Blue Shield or Highmark Blue S ,HIGHMARK CHOICE COMPANY ,Highmark Health ,9%,15%,23%,5%,4%
H3959 ,Aetna Medicare ,AETNA HEALTH INC. (PA) ,CVS Health Corporation ,6%,11%,23%,Not Available ,11%
H3962 ,Capital Blue Cross ,"KEYSTONE HEALTH PLAN CENTRAL, INC. ",CAPITAL BLUE CROSS ,Not Available ,Not Available ,Not Available ,Not Available ,Not Available
H3975 ,Wellcare ,"WELLCARE HEALTH INSURANCE COMPANY OF KENTUCKY, INC ",Centene Corporation ,15%,33%,23%,Not Available ,12%
H3979 ,Blue Cross and Blue Shield of Oklahoma ,"GHS HEALTH MAINTENANCE ORGANIZATION, INC. ",Health Care Service Corporation ,Not Available ,Not Available ,Not Available ,Not Available ,Not Available
H4003 ,Medicare y Mucho Mas (MMM) ,"MMM HEALTHCARE, LLC ","Elevance Health, Inc. ",8%,12%,13%,4%,5%
H4004 ,Medicare y Mucho Mas (MMM) ,"MMM HEALTHCARE, LLC ","Elevance Health, Inc. ",10%,19%,18%,Not Available ,14%
H4005 ,Triple-S Advantage ,"TRIPLE S ADVANTAGE, INC. ",Guidewell Mutual Holding Corporation ,Not Available ,Not Available ,Not Available ,Not Available ,Not Available
H4026 ,SCAN Health Plan ,SCAN HEALTH PLAN (WA) ,SCAN Group ,Plan too new to be measured ,Plan too new to be measured ,Plan too new to be measured ,Plan too new to be measured ,Plan too new to be measured
H4032 ,UnitedHealthcare ,"UNITEDHEALTHCARE OF THE ROCKIES, INC. ","UnitedHealth Group, Inc. ",Plan too new to be measured ,Plan too new to be measured ,Plan too new to be measured ,Plan too new to be measured ,Plan too new to be measured
H4036 ,Anthem Blue Cross and Blue Shield ,"ANTHEM INSURANCE COMPANIES, INC. ","Elevance Health, Inc. ",Not Available ,17%,23%,Not Available ,8%
H4045 ,Santa Clara Family Health Plan ,SANTA CLARA COUNTY HEALTH AUTHORITY ,SANTA CLARA COUNTY HEALTH AUTHORITY ,Not Available ,Not Available ,Not Available ,Not Available ,Not Available
H4054 ,Provider Partners Health Plans ,"PROVIDER PARTNERS HEALTH PLAN OF TEXAS, INC. ","Rifkin Managed Care Holding, LLC ",Not Available ,Not Available ,Not Available ,Not Available ,Not Available
H4057 ,Kern Family Health Care Medicare (D-SNP) ,KERN HEALTH SYSTEMS ,Kern Health Systems (KHS) ,Plan too new to be measured ,Plan too new to be measured ,Plan too new to be measured ,Plan too new to be measured ,Plan too new to be measured
H4073 ,Wellcare ,"WELLCARE HEALTH INSURANCE OF NORTH CAROLINA, INC. ",Centene Corporation ,29%,33%,16%,Not Available ,20%
H4091 ,Simpra Advantage ,"SIMPRA ADVANTAGE, INC. ","Associated Care Ventures, Inc. ",Not Available ,Not Available ,Not Available ,Not Available ,Not Available
H4093 ,Provider Partners Health Plans ,"PROVIDER PARTNERS HEALTH PLAN OF PENNSYLVANIA, INC ","Rifkin Managed Care Holding, LLC ",Not Available ,Not Available ,Not Available ,Not Available ,Not Available
H4140 ,"Doctors HealthCare Plans, Inc. ","DOCTORS HEALTHCARE PLANS, INC. ","DOCTORS HEALTHCARE PLANS, INC. ",Not Available ,Not Available ,Not Available ,Not Available ,Not Available
H4141 ,Humana ,"HUMANA EMPLOYERS HEALTH PLAN OF GEORGIA, INC. ",Humana Inc. ,12%,17%,12%,4%,7%
H4152 ,Blue Cross & Blue Shield of Rhode Island ,BLUE CROSS & BLUE SHIELD OF RHODE ISLAND ,Blue Cross & Blue Shield of Rhode Island ,13%,7%,19%,Not Available ,11%
H4158 ,Wellcare ,"BUCKEYE COMMUNITY HEALTH PLAN, INC. ",Centene Corporation ,Plan too new to be measured ,Plan too new to be measured ,Plan too new to be measured ,Plan too new to be measured ,Plan too new to be measured
H4161 ,Anthem Blue Cross Partnership Plan ,"BLUE CROSS OF CALIFORNIA PARTNERSHIP PLAN, INC. ","Elevance Health, Inc. ",18%,32%,11%,Not Available ,Not Available
H4172 ,NHC Advantage ,"NHC ADVANTAGE, LLC ","Missouri Healthcare Advisors, LLC ",Not Available ,Not Available ,Not Available ,Not Available ,Not Available
H4193 ,HAP CareSource MI Coordinated Health ,HAP CARESOURCE ,Henry Ford Health System ,Plan too new to be measured ,Plan too new to be measured ,Plan too new to be measured ,Plan too new to be measured ,Plan too new to be measured
H4213 ,Arkansas Blue Medicare ,USABLE MUTUAL INSURANCE COMPANY ,USAble Mutual Insurance Company ,Not Available ,Not Available ,Not Available ,Not Available ,Not Available
H4227 ,VISTA Health Plan Inc. ,"VISTA HEALTH PLAN, INC. ","Independence Health Group, Inc. ",9%,38%,6%,Not Available ,Not Available
H4232 ,American Health Advantage of Utah ,"AMERICAN HEALTH PLAN OF UT, INC. ",Mitchell Family Office ,Not Available ,Not Available ,Not Available ,Not Available ,Not Available
H4279 ,UPMC for Life Complete Care ,"UPMC FOR YOU, INC ",UPMC Health System ,6%,16%,5%,3%,5%
H4286 ,"Leon Health, Inc. ","LEON HEALTH, INC. ","LMC Family Holdings, LLC ",Not Available ,Not Available ,Not Available ,Not Available ,Not Available
H4329 ,Humana ,"HUMANA BENEFIT PLAN OF ILLINOIS, INC. ",Humana Inc. ,Plan too new to be measured ,Plan too new to be measured ,Plan too new to be measured ,Plan too new to be measured ,Plan too new to be measured
H4346 ,Anthem Blue Cross and Blue Shield ,"HMO COLORADO, INC. ","Elevance Health, Inc. ",31%,41%,19%,Not Available ,17%
H4348 ,Devoted Health ,DEVOTED HEALTH INSURANCE COMPANY OF KANSAS ,"Devoted Health, Inc. ",Plan too new to be measured ,Plan too new to be measured ,Plan too new to be measured ,Plan too new to be measured ,Plan too new to be measured
H4371 ,Molina Healthcare ,"SENIOR WHOLE HEALTH, LLC ","Molina Healthcare, Inc. ",Plan too new to be measured ,Plan too new to be measured ,Plan too new to be measured ,Plan too new to be measured ,Plan too new to be measured
H4407 ,Cigna HealthCare ,"HEALTHSPRING LIFE & HEALTH INSURANCE COMPANY, INC. ",Health Care Service Corporation ,16%,27%,15%,Not Available ,10%
H4439 ,Provider Partners Health Plans ,PROVIDER PARTNERS HEALTH PLAN OF NORTH CAROLINA ,"Rifkin Managed Care Holding, LLC ",Not Available ,Not Available ,Not Available ,Not Available ,Not Available
H4444 ,Provider Partners Health Plans ,PROVIDER PARTNERS HEALTH PLAN OF INDIANA ,"Rifkin Managed Care Holding, LLC ",Plan too new to be measured ,Plan too new to be measured ,Plan too new to be measured ,Plan too new to be measured ,Plan too new to be measured
H4461 ,Humana ,CARITEN HEALTH PLAN INC. ,Humana Inc. ,14%,24%,15%,Not Available ,10%
H4471 ,Anthem Blue Cross ,"BLUE CROSS OF CALIFORNIA PARTNERSHIP PLAN, INC. ","Elevance Health, Inc. ",Not Available ,Not Available ,Not Available ,Not Available ,Not Available
H4473 ,Devoted Health ,"DEVOTED HEALTH INSURANCE COMPANY OF UTAH, INC. ","Devoted Health, Inc. ",Plan too new to be measured ,Plan too new to be measured ,Plan too new to be measured ,Plan too new to be measured ,Plan too new to be measured
H4490 ,American Health Advantage of Missouri ,"AMERICAN HEALTH PLAN OF MISSOURI, INC. ",Mitchell Family Office ,Not Available ,Not Available ,Not Available ,Not Available ,Not Available
H4497 ,Medical Mutual of Ohio ,MEDICAL MUTUAL OF OHIO ,MEDICAL MUTUAL OF OHIO ,10%,18%,26%,Not Available ,7%
H4499 ,Sentara Medicare ,SENTARA HEALTH PLANS ,Sentara Health Care (SHC) ,Plan too new to be measured ,Plan too new to be measured ,Plan too new to be measured ,Plan too new to be measured ,Plan too new to be measured
H4506 ,Wellcare ,"SELECTCARE OF TEXAS, INC. ",Centene Corporation ,24%,28%,15%,Not Available ,13%
H4513 ,Cigna HealthCare ,"HEALTHSPRING LIFE & HEALTH INSURANCE COMPANY, INC. ",Health Care Service Corporation ,Not Available ,29%,17%,Not Available ,17%
H4514 ,UnitedHealthcare ,"UNITEDHEALTHCARE COMMUNITY PLAN OF TEXAS, L.L.C. ","UnitedHealth Group, Inc. ",12%,22%,15%,Not Available ,4%
H4523 ,Aetna Medicare ,AETNA HEALTH INC. (TX) ,CVS Health Corporation ,Not Available ,Not Available ,Not Available ,Not Available ,Not Available
H4527 ,UnitedHealthcare ,"PHYSICIANS HEALTH CHOICE OF TEXAS, LLC ","UnitedHealth Group, Inc. ",8%,22%,18%,Not Available ,10%
H4537 ,Wellcare ,"WELLCARE HEALTH INSURANCE COMPANY OF OKLAHOMA, INC ",Centene Corporation ,Not Available ,Not Available ,Not Available ,Not Available ,Not Available
H4544 ,Peoples Health ,"PEOPLES HEALTH, INC. ","UnitedHealth Group, Inc. ",18%,18%,18%,Not Available ,14%
H4604 ,UnitedHealthcare ,"UNITEDHEALTHCARE OF THE ROCKIES, INC. ","UnitedHealth Group, Inc. ",20%,14%,25%,Not Available ,13%
H4605 ,Regence BlueCross BlueShield of Utah ,REGENCE BLUECROSS BLUESHIELD OF UTAH ,"Cambia Health Solutions, Inc. ",Not Available ,Not Available ,Not Available ,Not Available ,Not Available
H4610 ,UnitedHealthcare ,"UNITEDHEALTHCARE OF NEW ENGLAND, INC. ","UnitedHealth Group, Inc. ",Plan too new to be measured ,Plan too new to be measured ,Plan too new to be measured ,Plan too new to be measured ,Plan too new to be measured
H4623 ,Humana ,"HUMANA REGIONAL HEALTH PLAN, INC. ",Humana Inc. ,7%,13%,11%,7%,7%
H4624 ,Zing Health ,"ZING HEALTH OF MICHIGAN, INC. ","Zing Health Consolidator, Inc ",Not Available ,30%,11%,5%,Not Available
H4647 ,UCLA Health Medicare Advantage Plan ,"NEW CENTURY HEALTH PLAN, INC. ",The Regents of the University of California ,Plan too new to be measured ,Plan too new to be measured ,Plan too new to be measured ,Plan too new to be measured ,Plan too new to be measured
H4661 ,Wellcare ,CELTIC INSURANCE COMPANY ,Centene Corporation ,Not Available ,Not Available ,Not Available ,Not Available ,Not Available
H4676 ,Troy Medicare ,"TROY HEALTH, INC. ","Troy Holdings, Inc. ",Not Available ,Not Available ,Not Available ,Not Available ,Not Available
H4694 ,Anthem HealthKeepers ,"HEALTHKEEPERS, INC. ","Elevance Health, Inc. ",Plan too new to be measured ,Plan too new to be measured ,Plan too new to be measured ,Plan too new to be measured ,Plan too new to be measured
H4704 ,Anthem Blue Cross Life and Health Insurance Compan ,ANTHEM BLUE CROSS LIFE AND HEALTH INS COMPANY ,"Elevance Health, Inc. ",Not Available ,Not Available ,Not Available ,Not Available ,Not Available
H4711 ,Aetna Medicare ,"COVENTRY HEALTH CARE OF NEBRASKA, INC. ",CVS Health Corporation ,11%,18%,7%,Not Available ,Not Available
H4733 ,Community Health Group ,COMMUNITY HEALTH GROUP ,Community Health Group ,Not Available ,Not Available ,Not Available ,Not Available ,Not Available
H4739 ,First Choice VIP Care (HMO D-SNP) ,"SELECT HEALTH OF SOUTH CAROLINA, INC. ","Independence Health Group, Inc. ",Not Available ,Not Available ,Not Available ,Not Available ,Not Available
H4754 ,PacificSource Medicare ,PACIFICSOURCE COMMUNITY HEALTH PLANS ,PacificSource ,Not Available ,Not Available ,Not Available ,Not Available ,Not Available
H4808 ,Devoted Health ,DEVOTED HEALTH INSURANCE COMPANY OF COLORADO INC ,"Devoted Health, Inc. ",25%,31%,17%,Not Available ,Not Available
H4835 ,Aetna Medicare ,AETNA BETTER HEALTH OF OKLAHOMA INC. ,CVS Health Corporation ,9%,7%,26%,Not Available ,8%
H4847 ,Wellcare ,"WELLCARE OF SOUTH CAROLINA, INC. ",Centene Corporation ,15%,19%,17%,Not Available ,11%
H4868 ,Wellcare ,NEW YORK QUALITY HEALTHCARE CORPORATION ,Centene Corporation ,Not Available ,Not Available ,Not Available ,Not Available ,Not Available
H4869 ,Gold Kidney Health Plan ,GOLD KIDNEY OF ARIZONA ,Gold Kidney Health Plan ,Not Available ,Not Available ,Not Available ,Not Available ,Not Available
H4875 ,Priority Health Medicare ,PRIORITY HEALTH ,Corewell Health ,8%,7%,26%,8%,5%
H4882 ,HealthPartners ,"HEALTHPARTNERS, INC. ","HealthPartners, Inc. ",10%,19%,24%,6%,8%
H4909 ,Anthem Blue Cross and Blue Shield ,"ANTHEM INSURANCE COMPANIES, INC. ","Elevance Health, Inc. ",Not Available ,19%,15%,Not Available ,10%
H4931 ,Banner Medicare Advantage ,BANNER - UNIVERSITY CARE ADVANTAGE ,Banner Health ,Not Available ,Not Available ,Not Available ,Not Available ,Not Available
H4937 ,Blue Shield of California ,CALIFORNIA PHYSICIANS' SERVICE ,California Physicians' Service ,Not Available ,Not Available ,Not Available ,Not Available ,Not Available
H4939 ,Humana ,"ARCADIAN HEALTH PLAN, INC. ",Humana Inc. ,Plan too new to be measured ,Plan too new to be measured ,Plan too new to be measured ,Plan too new to be measured ,Plan too new to be measured
H4961 ,Alignment Health Plan ,ALIGNMENT HEALTH PLAN ,"Alignment Healthcare USA, LLC ",Not Available ,Not Available ,Not Available ,Not Available ,Not Available
H4982 ,Aetna Medicare ,AETNA BETTER HEALTH OF CALIFORNIA INC. ,CVS Health Corporation ,17%,39%,8%,Not Available ,13%
H5008 ,UnitedHealthcare ,CARE IMPROVEMENT PLUS SOUTH CENTRAL INSURANCE CO. ,"UnitedHealth Group, Inc. ",Not Available ,30%,8%,Not Available ,13%
H5009 ,Regence BlueShield ,REGENCE BLUESHIELD ,"Cambia Health Solutions, Inc. ",15%,19%,34%,Not Available ,6%
H5015 ,Texas Independence Health Plan ,"TEXAS INDEPENDENCE HEALTH PLAN, INC. ",Regency ISNP Holdings LLC ,Not Available ,Not Available ,Not Available ,Not Available ,Not Available
H5042 ,CDPHP Medicare Advantage ,"CDPHP UNIVERSAL BENEFITS, INC. ","Lifetime Healthcare, Inc. ",6%,18%,19%,Not Available ,3%
H5050 ,Kaiser Permanente ,KAISER FOUNDATION HEALTH PLAN OF WASHINGTON ,"Kaiser Foundation Health Plan, Inc. ",27%,33%,20%,Not Available ,12%
H5087 ,Wellcare ,"WELLCARE OF CALIFORNIA, INC. ",Centene Corporation ,21%,25%,21%,Not Available ,15%
H5106 ,Highmark Blue Cross Blue Shield ,HIGHMARK SENIOR SOLUTIONS COMPANY ,Highmark Health ,Not Available ,6%,32%,17%,9%
H5117 ,Wellcare By Allwell ,"LOUISIANA HEALTHCARE CONNECTIONS, INC. ",Centene Corporation ,Not Available ,Not Available ,Not Available ,Not Available ,Not Available
H5119 ,Contra Costa Health Care Plus (HMO D-SNP) ,CONTRA COSTA COUNTY MEDICAL SERVICE DBA CONTRA COS ,Contra Costa Health Services ,Plan too new to be measured ,Plan too new to be measured ,Plan too new to be measured ,Plan too new to be measured ,Plan too new to be measured
H5141 ,Clover Health ,CLOVER INSURANCE COMPANY ,"Clover Health Holdings, Inc. ",19%,29%,22%,Not Available ,17%
H5163 ,Verda Health Plan of Texas ,VERDA HEALTH PLAN OF TEXAS INC ,"Verda Healthcare, Inc. ",Not Available ,Not Available ,Not Available ,Not Available ,Not Available
H5178 ,Humana ,"HUMANA HEALTH PLAN, INC. ",Humana Inc. ,Not Available ,Not Available ,Not Available ,Not Available ,Not Available
H5190 ,Wellcare By Allwell ,"SUNSHINE STATE HEALTH PLAN, INC. ",Centene Corporation ,Not Available ,Not Available ,Not Available ,Not Available ,Not Available
H5209 ,My Choice Wisconsin ,"Molina Healthcare of Wisconsin, Inc. ","Molina Healthcare, Inc. ",Not Available ,Not Available ,Not Available ,Not Available ,Not Available
H5211 ,"Security Health Plan of Wisconsin, Inc. ","SECURITY HEALTH PLAN OF WISCONSIN, INC. ","Marshfield Clinic Health System, Inc. ",9%,12%,30%,Not Available ,5%
H5215 ,Network Health Medicare Advantage Plans ,NETWORK HEALTH INSURANCE CORPORATION ,"Network Health, Inc. ",9%,16%,24%,11%,8%
H5216 ,Humana ,HUMANA INSURANCE COMPANY ,Humana Inc. ,14%,24%,18%,9%,11%
H5232 ,Paramount Elite Medicare Plans ,PARAMOUNT INSURANCE COMPANY ,MEDICAL MUTUAL OF OHIO ,Not Available ,Not Available ,Not Available ,Not Available ,Not Available
H5244 ,SCAN Health Plan ,SCAN HEALTH PLAN (NM) ,SCAN Group ,Not Available ,Not Available ,Not Available ,Not Available ,Not Available
H5253 ,UnitedHealthcare ,"UNITEDHEALTHCARE OF WISCONSIN, INC. ","UnitedHealth Group, Inc. ",9%,22%,14%,Not Available ,9%
H5256 ,Medical Associates Clinic Health Plan of Wisconsin ,MEDICAL ASSOCIATES CLINIC HEALTH PLAN ,"Medical Associates Clinic, P.C. ",Not Available ,Not Available ,Not Available ,Not Available ,Not Available
H5262 ,Quartz Medicare Advantage (HMO) ,QUARTZ HEALTH PLAN CORPORATION ,University of Wisconsin Hospitals and Clincs Autho ,16%,16%,34%,Not Available ,9%
H5264 ,"Dean Health Plan, Inc. ","DEAN HEALTH PLAN, INC. ",Medica Holding Company ,Not Available ,Not Available ,Not Available ,Not Available ,Not Available
H5272 ,Wellcare By Absolute Total Care ,"ABSOLUTE TOTAL CARE, INC. ",Centene Corporation ,Plan too new to be measured ,Plan too new to be measured ,Plan too new to be measured ,Plan too new to be measured ,Plan too new to be measured
H5273 ,CarePartners of Connecticut ,"CAREPARTNERS OF CONNECTICUT, INC. ","Point32Health, Inc. ",18%,24%,17%,7%,11%
H5294 ,Wellcare By Allwell ,"SUPERIOR HEALTHPLAN, INC. ",Centene Corporation ,Not Available ,29%,27%,Not Available ,Not Available
H5296 ,Alignment Health Plan ,"ALIGNMENT HEALTH PLAN OF NORTH CAROLINA, INC. ","Alignment Healthcare USA, LLC ",34%,38%,9%,Not Available ,Not Available
H5299 ,Devoted Health ,DEVOTED HEALTH PLAN OF NORTH CAROLINA INC ,"Devoted Health, Inc. ",11%,16%,21%,Not Available ,Not Available
H5302 ,Aetna Medicare ,AETNA HEALTH INC. (GA) ,CVS Health Corporation ,Not Available ,Not Available ,Not Available ,Not Available ,Not Available
H5314 ,Tufts Health Plan ,"TUFTS HEALTH PUBLIC PLANS, INC. ","Point32Health, Inc. ",Plan too new to be measured ,Plan too new to be measured ,Plan too new to be measured ,Plan too new to be measured ,Plan too new to be measured
H5322 ,UnitedHealthcare ,CARE IMPROVEMENT PLUS SOUTH CENTRAL INSURANCE CO. ,"UnitedHealth Group, Inc. ",6%,17%,11%,5%,8%
H5325 ,Aetna Medicare ,"COVENTRY HEALTH CARE OF KANSAS, INC. ",CVS Health Corporation ,Not Available ,26%,11%,Not Available ,10%
H5361 ,AmeriHealth ,AMERIHEALTH INSURANCE COMPANY OF NEW JERSEY ,"Independence Health Group, Inc. ",Not Available ,Not Available ,Not Available ,Not Available ,Not Available
H5374 ,Longevity Health Plan ,"LONGEVITY HEALTH PLAN OF NORTH CAROLINA, INC. ","Longevity Health Founders, LLC ",Not Available ,Not Available ,Not Available ,Not Available ,Not Available
H5377 ,Humana ,"HUMANA MEDICAL PLAN OF PENNSYLVANIA, INC. ",Humana Inc. ,6%,5%,20%,9%,6%
H5386 ,Sharp Health Plan ,SHARP HEALTH PLAN ,Sharp Healthcare ,18%,25%,18%,Not Available ,16%
H5397 ,Devoted Health ,"DEVOTED HEALTH PLAN OF HAWAII, INC. ","Devoted Health, Inc. ",Plan too new to be measured ,Plan too new to be measured ,Plan too new to be measured ,Plan too new to be measured ,Plan too new to be measured
H5410 ,Cigna HealthCare ,"HEALTHSPRING OF FLORIDA, INC. ",Health Care Service Corporation ,26%,39%,20%,Not Available ,13%
H5420 ,UnitedHealthcare ,"Preferred Care Network, Inc. ","UnitedHealth Group, Inc. ",Not Available ,Not Available ,Not Available ,Not Available ,Not Available
H5422 ,Anthem Blue Cross and Blue Shield ,BLUE CROSS BLUE SHIELD HEALTHCARE PLAN OF GEORGIA ,"Elevance Health, Inc. ",Not Available ,21%,25%,Not Available ,14%
H5425 ,SCAN Health Plan ,SCAN HEALTH PLAN ,SCAN Group ,17%,33%,6%,8%,12%
H5427 ,"Freedom Health, Inc. ","FREEDOM HEALTH, INC. ","Elevance Health, Inc. ",21%,24%,13%,9%,10%
H5431 ,"HealthSun Health Plans, Inc. ","HEALTHSUN HEALTH PLANS, INC. ","Elevance Health, Inc. ",Not Available ,Not Available ,Not Available ,Not Available ,Not Available
H5433 ,CalOptima Health OneCare ,ORANGE COUNTY HEALTH AUTHORITY ,Orange County Health Authority ,Not Available ,Not Available ,Not Available ,Not Available ,Not Available
H5434 ,Florida Blue ,"BLUE CROSS AND BLUE SHIELD OF FLORIDA, INC. ",Guidewell Mutual Holding Corporation ,10%,36%,20%,Not Available ,7%
H5435 ,UnitedHealthcare ,CARE IMPROVEMENT PLUS SOUTH CENTRAL INSURANCE CO. ,"UnitedHealth Group, Inc. ",Not Available ,Not Available ,Not Available ,Not Available ,Not Available
H5439 ,Wellcare By Health Net ,HEALTH NET LIFE INSURANCE COMPANY ,Centene Corporation ,Not Available ,23%,20%,Not Available ,19%
H5447 ,Community First ,"COMMUNITY FIRST HEALTH PLANS, INC. ",Bexar County Hospital District ,Not Available ,Not Available ,Not Available ,Not Available ,Not Available
H5453 ,Devoted Health ,DEVOTED HEALTH INSURANCE COMPANY OF GEORGIA INC ,"Devoted Health, Inc. ",Plan too new to be measured ,Plan too new to be measured ,Plan too new to be measured ,Plan too new to be measured ,Plan too new to be measured
H5454 ,Clear Spring Health ,"CLEAR SPRING HEALTH OF ILLINOIS, INC. ",Group 1001 ,Not Available ,Not Available ,Not Available ,Not Available ,Not Available
H5471 ,"Simply Healthcare Plans, Inc. ","SIMPLY HEALTHCARE PLANS, INC. ","Elevance Health, Inc. ",Not Available ,Not Available ,Not Available ,Not Available ,Not Available
H5472 ,Alignment Health Plan ,ALIGNMENT HEALTH INSURANCE COMPANY OF ARIZONA INC ,"Alignment Healthcare USA, LLC ",17%,29%,11%,Not Available ,Not Available
H5475 ,Wellcare ,"MERIDIAN HEALTH PLAN OF MICHIGAN, INC. ",Centene Corporation ,17%,40%,15%,Not Available ,16%
H5496 ,"Imperial Health Plan of California, Inc. ","IMPERIAL HEALTH PLAN OF CALIFORNIA, INC. ",Imperial Health Plan of California ,36%,60%,9%,Not Available ,23%
H5521 ,Aetna Medicare ,AETNA LIFE INSURANCE COMPANY ,CVS Health Corporation ,15%,15%,23%,9%,7%
H5522 ,Aetna Medicare ,AETNA LIFE INSURANCE COMPANY ,CVS Health Corporation ,7%,8%,23%,6%,8%
H5525 ,Humana ,"HUMANA BENEFIT PLAN OF ILLINOIS, INC. ",Humana Inc. ,17%,17%,28%,Not Available ,8%
H5526 ,Highmark Blue Cross Blue Shield or Highmark Blue S ,Highmark Western and Northeastern New York Inc. ,Highmark Health ,9%,20%,23%,Not Available ,10%
H5528 ,EmblemHealth ,"EMBLEMHEALTH PLAN, INC. ","EmblemHealth, Inc. ",Not Available ,Not Available ,Not Available ,Not Available ,Not Available
H5533 ,UPMC for Life ,"UPMC HEALTH NETWORK, INC. ",UPMC Health System ,9%,11%,25%,Not Available ,7%
H5549 ,VNS Health Medicare ,VNS CHOICE ,Visiting Nurse Service of New York ,Not Available ,Not Available ,Not Available ,Not Available ,Not Available
H5577 ,MCS Classicare ,"MCS ADVANTAGE, INC. ","MHH Healthcare, L.P. ",11%,20%,18%,Not Available ,13%
H5580 ,Mercy Care Advantage ,MERCY CARE ,Mercy Care ,Not Available ,Not Available ,Not Available ,Not Available ,Not Available
H5587 ,Blue Cross Blue Shield of Arizona Health Choice ,"HEALTH CHOICE ARIZONA, INC. ",Blue Cross Blue Shield of Arizona ,Not Available ,Not Available ,Not Available ,Not Available ,Not Available
H5590 ,Wellcare By Allwell ,"Bridgeway Health Solutions of Arizona, Inc. ",Centene Corporation ,Not Available ,21%,8%,Not Available ,15%
H5591 ,Martin's Point Generations Advantage ,"MARTIN'S POINT GENERATIONS ADVANTAGE, INC. ","Martin's Point Health Care, Inc. ",7%,6%,31%,10%,7%
H5593 ,Aetna Medicare ,AETNA HEALTH OF IOWA INC. ,CVS Health Corporation ,8%,23%,13%,Not Available ,9%
H5594 ,"Optimum HealthCare, Inc. ","OPTIMUM HEALTHCARE, INC. ","Elevance Health, Inc. ",16%,22%,10%,Not Available ,12%
H5599 ,Wellcare By Fidelis Care ,NEW YORK QUALITY HEALTHCARE CORPORATION ,Centene Corporation ,Not Available ,Not Available ,Not Available ,Not Available ,Not Available
H5608 ,Elevate Medicare Advantage ,"DENVER HEALTH MEDICAL PLAN, INC. ",Denver Health and Hospital Authority ,Not Available ,Not Available ,Not Available ,Not Available ,Not Available
H5619 ,Humana ,"ARCADIAN HEALTH PLAN, INC. ",Humana Inc. ,13%,21%,15%,Not Available ,6%
H5628 ,Molina Healthcare of Utah & Idaho ,"MOLINA HEALTHCARE OF UTAH, INC. ","Molina Healthcare, Inc. ",Not Available ,23%,7%,Not Available ,16%
H5644 ,Network Health Medicare Advantage Plans ,NETWORK HEALTH INSURANCE CORPORATION ,"Network Health, Inc. ",Not Available ,Not Available ,Not Available ,Not Available ,Not Available
H5649 ,Central Health Medicare Plan ,"CENTRAL HEALTH PLAN OF CALIFORNIA, INC. ","Molina Healthcare, Inc. ",Not Available ,Not Available ,Not Available ,Not Available ,Not Available
H5652 ,UnitedHealthcare ,"SIERRA HEALTH AND LIFE INSURANCE COMPANY, INC. ","UnitedHealth Group, Inc. ",Not Available ,Not Available ,Not Available ,Not Available ,Not Available
H5692 ,Central California Alliance for Health ,SANTA CRUZ MONTEREY MERCED SAN BENITO MARIPOSA MAN ,SANTA CRUZ MONTEREY MERCED SAN BENITO MARIPOSA MAN ,Plan too new to be measured ,Plan too new to be measured ,Plan too new to be measured ,Plan too new to be measured ,Plan too new to be measured
H5703 ,South Country Health Alliance ,SOUTH COUNTRY HEALTH ALLIANCE ,South Country Health Alliance ,Not Available ,Not Available ,Not Available ,Not Available ,Not Available
H5718 ,Devoted Health ,DEVOTED HEALTH INSURANCE COMPANY OF KENTUCKY INC ,"Devoted Health, Inc. ",Plan too new to be measured ,Plan too new to be measured ,Plan too new to be measured ,Plan too new to be measured ,Plan too new to be measured
H5734 ,Health Plan of San Joaquin / Mountain Valley Healt ,SAN JOAQUIN COUNTY HEALTH COMMISSION ,SAN JOAQUIN COUNTY HEALTH COMMISSION ,Plan too new to be measured ,Plan too new to be measured ,Plan too new to be measured ,Plan too new to be measured ,Plan too new to be measured
H5774 ,Triple S Advantage ,"TRIPLE S ADVANTAGE, INC. ",Guidewell Mutual Holding Corporation ,12%,10%,25%,15%,11%
H5779 ,Wellcare ,"MERIDIAN HEALTH PLAN OF ILLINOIS, INC. ",Centene Corporation ,15%,27%,10%,Not Available ,12%
H5793 ,Aetna Medicare ,AETNA HEALTH INC. (CT) ,CVS Health Corporation ,12%,15%,18%,20%,18%
H5810 ,Molina Healthcare of California ,MOLINA HEALTHCARE OF CALIFORNIA ,"Molina Healthcare, Inc. ",Not Available ,Not Available ,Not Available ,Not Available ,Not Available
H5823 ,"Molina Healthcare of Washington, Inc. ","MOLINA HEALTHCARE OF WASHINGTON, INC. ","Molina Healthcare, Inc. ",28%,24%,16%,Not Available ,18%
H5826 ,Community Health Plan of WA Medicare Advantage ,COMMUNITY HEALTH PLAN OF WASHINGTON ,Community Health Plan of Washington ,17%,23%,14%,Not Available ,14%
H5828 ,Wellpoint ,"WELLPOINT TENNESSEE, INC. ","Elevance Health, Inc. ",12%,14%,22%,Not Available ,17%
H5843 ,Banner Medicare Advantage ,"BANNER HEALTH PLAN, INC. ",Banner Health ,13%,19%,17%,Not Available ,9%
H5852 ,AHF ,AIDS HEALTHCARE FOUNDATION ,AIDS Healthcare Foundation ,Not Available ,Not Available ,Not Available ,Not Available ,Not Available
H5854 ,Anthem Blue Cross and Blue Shield ,"ANTHEM HEALTH PLANS, INC. ","Elevance Health, Inc. ",16%,28%,20%,Not Available ,12%
H5859 ,CareOregon Advantage ,"HEALTH PLAN OF CAREOREGON, INC. ","CareOregon, Inc. ",Not Available ,Not Available ,Not Available ,Not Available ,Not Available
H5883 ,Blue Care Network ,BLUE CARE NETWORK OF MICHIGAN ,Blue Cross Blue Shield of Michigan Mutual Ins. Co. ,10%,17%,27%,Not Available ,6%
H5900 ,Wellmark Advantage Health Plan ,"WELLMARK ADVANTAGE HEALTH PLAN, INC. ",Blue Cross Blue Shield of Michigan Mutual Ins. Co. ,13%,6%,30%,Not Available ,10%
H5926 ,Molina Healthcare of Michigan ,"MOLINA HEALTHCARE OF MICHIGAN, INC. ","Molina Healthcare, Inc. ",Not Available ,26%,15%,Not Available ,14%
H5928 ,Blue Shield of California ,California Physicians' Service ,California Physicians' Service ,17%,27%,29%,Not Available ,13%
H5932 ,Highmark Wholecare Medicare Assured ,"GATEWAY HEALTH PLAN, INC. ",Highmark Health ,Not Available ,Not Available ,Not Available ,Not Available ,Not Available
H5937 ,UCare ,UCARE MINNESOTA ,UCare Minnesota ,Not Available ,Not Available ,Not Available ,Not Available ,Not Available
H5938 ,Capital Health Plan ,CAPITAL HEALTH PLAN ,Guidewell Mutual Holding Corporation ,14%,14%,29%,Not Available ,10%
H5943 ,VillageHealth ,SCAN HEALTH PLAN ,SCAN Group ,Not Available ,Not Available ,Not Available ,Not Available ,Not Available
H5945 ,Prominence Health Plan ,PROMINENCE HEALTHFIRST ,"Universal Health Services, Inc. ",29%,36%,14%,Not Available ,16%
H5959 ,Blue Cross and Blue Shield of Minnesota ,"BCBSM, Inc. ","Aware Integrated, Inc. ",7%,5%,34%,5%,3%
H5965 ,Wellcare ,WELLCARE HEALTH INSURANCE COMPANY OF WASHINGTON ,Centene Corporation ,36%,44%,17%,Not Available ,16%
H5969 ,AlohaCare ,ALOHACARE ,AlohaCare ,Not Available ,Not Available ,Not Available ,Not Available ,Not Available
H5970 ,Humana ,HUMANA INSURANCE COMPANY OF NEW YORK ,Humana Inc. ,Not Available ,51%,13%,Not Available ,10%
H5989 ,Healthfirst Medicare Plan ,"HEALTHFIRST HEALTH PLAN, INC. ","Healthfirst, Inc. ",Not Available ,Not Available ,Not Available ,Not Available ,Not Available
H5991 ,EmblemHealth ,HEALTH INSURANCE PLAN OF GREATER NEW YORK ,"EmblemHealth, Inc. ",Not Available ,Not Available ,Not Available ,Not Available ,Not Available
H5992 ,Senior Whole Health of New York ,"SENIOR WHOLE HEALTH OF NEW YORK, INC. ","Molina Healthcare, Inc. ",Not Available ,Not Available ,Not Available ,Not Available ,Not Available
H5995 ,ATRIO Health Plans ,ATRIO HEALTH PLANS ,ATRIO Health Plans ,Not Available ,Not Available ,Not Available ,Not Available ,Not Available
H6018 ,Devoted Health ,DEVOTED HEALTH INSURANCE COMPANY OF PENNSYLVANIA I ,"Devoted Health, Inc. ",17%,31%,22%,Not Available ,Not Available
H6019 ,HEALTH PLAN OF SAN MATEO ,SAN MATEO HEALTH COMMISSION ,Health Plan of San Mateo ,Not Available ,Not Available ,Not Available ,Not Available ,Not Available
H6078 ,Blue Medicare Advantage ,"Group Retiree Health Solutions, Inc. ","Elevance Health, Inc. ",Not Available ,Not Available ,Not Available ,Not Available ,Not Available
H6130 ,Fenyx Health ,FENYX HEALTH INSURANCE COMPANY ,"Fenyx Health Holdings, Inc. ",Not Available ,Not Available ,Not Available ,Not Available ,Not Available
H6154 ,Medica ,MEDICA HEALTH PLANS ,Medica Holding Company ,6%,6%,14%,Not Available ,4%
H6158 ,Arkansas Blue Medicare ,"USABLE HMO, INC. ",USAble Mutual Insurance Company ,Not Available ,5%,33%,Not Available ,7%
H6170 ,Champion Heath Plan ,CHAMPION HEALTH PLAN OF CALIFORNIA INC ,"Champion Health Plans-USA, LLC. ",Not Available ,Not Available ,Not Available ,Not Available ,Not Available
H6200 ,Essence Healthcare ,"ESSENCE HEALTHCARE PPO, INC. ",Lumeris Group Holdings Corporation ,18%,28%,13%,Not Available ,14%
H6202 ,NextBlue of North Dakota ,NEXTBLUE OF NORTH DAKOTA INSURANCE COMPANY ,Blue Cross Blue Shield of Michigan Mutual Ins. Co. ,22%,16%,24%,Not Available ,13%
H6224 ,Highmark Blue Cross Blue Shield ,HIGHMARK HEALTH OPTIONS WEST VIRGINIA INC. ,Highmark Health ,Plan too new to be measured ,Plan too new to be measured ,Plan too new to be measured ,Plan too new to be measured ,Plan too new to be measured
H6237 ,Regence BlueCross BlueShield of Oregon ,REGENCE BLUECROSS BLUESHIELD OF OREGON ,"Cambia Health Solutions, Inc. ",8%,37%,6%,6%,5%
H6248 ,Community Health Group ,COMMUNITY HEALTH GROUP ,Community Health Group ,Not Available ,Not Available ,Not Available ,Not Available ,Not Available
H6309 ,HealthPartners ,HEALTHPARTNERS INSURANCE COMPANY ,"HealthPartners, Inc. ",Plan too new to be measured ,Plan too new to be measured ,Plan too new to be measured ,Plan too new to be measured ,Plan too new to be measured
H6316 ,Healthy Blue ,"MISSOURI CARE, INCORPORATED ","Elevance Health, Inc. ",Not Available ,Not Available ,Not Available ,Not Available ,Not Available
H6322 ,McLaren Medicare ,"MCLAREN HEALTH PLAN, INC. ",McLaren Health Care Corporation ,Not Available ,Not Available ,Not Available ,Not Available ,Not Available
H6341 ,AmeriHealth Caritas VIP Care ,"AMERIHEALTH MICHIGAN, INC. ","Independence Health Group, Inc. ",Plan too new to be measured ,Plan too new to be measured ,Plan too new to be measured ,Plan too new to be measured ,Plan too new to be measured
H6345 ,PruittHealth Premier ,"PRUITTHEALTH PREMIER NORTH CAROLINA, LLC ","UNICO Services, Inc. ",Not Available ,Not Available ,Not Available ,Not Available ,Not Available
H6348 ,Wellcare By Allwell ,COORDINATED CARE CORPORATION ,Centene Corporation ,20%,33%,16%,Not Available ,12%
H6351 ,Liberty Medicare Advantage ,"LIBERTY ADVANTAGE, LLC ",Liberty Healthcare Insurance ,Not Available ,Not Available ,Not Available ,Not Available ,Not Available
H6368 ,"Elite Health Plan, Inc. ","ELITE HEALTH PLAN, INC. ","Elite Health Systems, Inc. ",Plan too new to be measured ,Plan too new to be measured ,Plan too new to be measured ,Plan too new to be measured ,Plan too new to be measured
H6378 ,AmeriHealth Caritas VIP Care (HMO-D-SNP) ,AMERIHEALTH CARITAS FLORIDA INC ,"Independence Health Group, Inc. ",Not Available ,Not Available ,Not Available ,Not Available ,Not Available
H6379 ,Clear Spring Health ,"CLEAR SPRING HEALTH (CO), INC. ",Group 1001 ,Not Available ,Not Available ,Not Available ,Not Available ,Not Available
H6396 ,CareSource MyCare Ohio (HMO D-SNP) ,"CARESOURCE OHIO, INC. ",CareSource ,Not Available ,23%,12%,Not Available ,12%
H6399 ,Aetna Better Health of New Jersey ,AETNA BETTER HEALTH INC. (NJ) ,CVS Health Corporation ,Not Available ,26%,7%,Not Available ,Not Available
H6453 ,Blue Cross and Blue Shield of Louisiana ,"HMO LOUISIANA, INC. ",Louisiana Health Service & Indemnity Company ,16%,20%,35%,Not Available ,10%
H6474 ,Champion Health Plan ,RENAL PAYER SOLUTIONS INC ,"Champion Health Plans-USA, LLC. ",Not Available ,Not Available ,Not Available ,Not Available ,Not Available
H6515 ,"Molina Healthcare of Texas, Inc. ","MOLINA HEALTHCARE OF TEXAS, INC. ","Molina Healthcare, Inc. ",Plan too new to be measured ,Plan too new to be measured ,Plan too new to be measured ,Plan too new to be measured ,Plan too new to be measured
H6529 ,MyTruAdvantage ,"SOUTHEASTERN INDIANA HEALTH ORGANIZATION, INC. ","SIHO Holding, Inc. ",Not Available ,Not Available ,Not Available ,Not Available ,Not Available
H6545 ,Devoted Health ,"Devoted Health Insurance Company of Illinois, Inc. ","Devoted Health, Inc. ",Not Available ,Not Available ,Not Available ,Not Available ,Not Available
H6550 ,Wellcare By Allwell ,"SUNFLOWER STATE HEALTH PLAN, INC. ",Centene Corporation ,10%,40%,14%,6%,11%
H6566 ,Lagniappe Advantage ,LAGNIAPPE ADVANTAGE INSURANCE COMPANY ,"Curana Health Holdings, LLC ",Plan too new to be measured ,Plan too new to be measured ,Plan too new to be measured ,Plan too new to be measured ,Plan too new to be measured
H6586 ,Devoted Health ,"DEVOTED HEALTH INSURANCE COMPANY OF ARIZONA, INC. ","Devoted Health, Inc. ",Not Available ,Not Available ,21%,Not Available ,24%
H6595 ,UnitedHealthcare ,"UNITEDHEALTHCARE OF WISCONSIN, INC. ","UnitedHealth Group, Inc. ",Not Available ,Not Available ,Not Available ,Not Available ,Not Available
H6622 ,Humana ,HUMANA WI HEALTH ORGANIZATION INSURANCE CORP ,Humana Inc. ,9%,22%,13%,6%,6%
H6652 ,American Health Advantage of Florida ,"AMERICAN HEALTH PLAN OF FL, INC. ",Mitchell Family Office ,Not Available ,Not Available ,Not Available ,Not Available ,Not Available
H6672 ,Clear Spring Health ,"CLEAR SPRING HEALTH (GA), INC. ",Group 1001 ,38%,52%,14%,Not Available ,27%
H6706 ,UnitedHealthcare ,"UnitedHealthcare Benefits of Texas, Inc. ","UnitedHealth Group, Inc. ",Not Available ,Not Available ,Not Available ,Not Available ,Not Available
H6723 ,Medical Mutual of Ohio ,MEDICAL MUTUAL OF OHIO ,MEDICAL MUTUAL OF OHIO ,29%,37%,11%,Not Available ,11%
H6743 ,ATRIO Health Plans ,ATRIO HEALTH PLANS ,ATRIO Health Plans ,8%,33%,10%,2%,5%
H6765 ,Iowa Health Advantage ,AMERICAN HEALTH PLAN OF IOWA INC ,Mitchell Family Office ,Not Available ,Not Available ,Not Available ,Not Available ,Not Available
H6776 ,RiverSpring Health Plans ,"ELDERSERVE HEALTH, INC. ",RiverSpring Living Holding Corp. ,Not Available ,Not Available ,Not Available ,Not Available ,Not Available
H6813 ,Devoted Health ,DEVOTED HEALTH INSURANCE COMPANY OF TEXAS INC ,"Devoted Health, Inc. ",Not Available ,40%,18%,Not Available ,Not Available
H6815 ,Wellcare By Health Net ,"HEALTH NET HEALTH PLAN OF OREGON, INC. ",Centene Corporation ,16%,16%,19%,9%,14%
H6824 ,UnitedHealthcare ,UNITEDHEALTHCARE INSURANCE COMPANY ,"UnitedHealth Group, Inc. ",Plan too new to be measured ,Plan too new to be measured ,Plan too new to be measured ,Plan too new to be measured ,Plan too new to be measured
H6832 ,Align Senior Care ,"ALIGN SENIOR CARE MI, LLC ","Curana Health Holdings, LLC ",Not Available ,Not Available ,Not Available ,Not Available ,Not Available
H6847 ,Mass General Brigham Health Plan ,"Mass General Brigham Health Plan, Inc. ",Mass General Brigham Incorporated ,Not Available ,Not Available ,Not Available ,Not Available ,Not Available
H6851 ,WellSense Health Plan ,"BOSTON MEDICAL CENTER HEALTH PLAN, INC. ","BMC Health System, Inc. ",Not Available ,Not Available ,Not Available ,Not Available ,Not Available
H6852 ,Devoted Health ,DEVOTED HEALTH PLAN OF PENNSYLVANIA INC ,"Devoted Health, Inc. ",Not Available ,Not Available ,Not Available ,Not Available ,Not Available
H6874 ,Aspirus Health Plan ,"ASPIRUS HEALTH PLAN, INC. ","Aspirus, Inc. ",Not Available ,Not Available ,Not Available ,Not Available ,Not Available
H6876 ,Zing Health ,"ZING HEALTH OF MICHIGAN, INC. ","Zing Health Consolidator, Inc ",Not Available ,Not Available ,Not Available ,Not Available ,Not Available
H6891 ,American Health Advantage of Texas ,"AMERICAN HEALTH PLAN OF TX, INC. ",Mitchell Family Office ,Not Available ,Not Available ,Not Available ,Not Available ,Not Available
H6898 ,Vermont Blue Advantage ,"VERMONT BLUE ADVANTAGE, INC. ",Blue Cross Blue Shield of Michigan Mutual Ins. Co. ,Not Available ,Not Available ,Not Available ,Not Available ,Not Available
H6910 ,Saint Alphonsus Health Plan ,"MOUNT CARMEL HEALTH PLAN OF IDAHO, INC. ",Trinity Health Corporation ,Not Available ,Not Available ,Not Available ,Not Available ,Not Available
H6959 ,KeyCare Advantage ,"ISNP VENTURES, LLC ","ISNP Holdings, LLC ",Not Available ,Not Available ,Not Available ,Not Available ,Not Available
H6971 ,Wellcare By Meridian ,"MERIDIAN HEALTH PLAN OF ILLINOIS, INC. ",Centene Corporation ,Plan too new to be measured ,Plan too new to be measured ,Plan too new to be measured ,Plan too new to be measured ,Plan too new to be measured
H6988 ,Anthem Blue Cross and Blue Shield HP ,"Anthem HP, LLC ","Elevance Health, Inc. ",Not Available ,Not Available ,Not Available ,Not Available ,Not Available
H6994 ,Devoted Health ,DEVOTED HEALTH PLAN OF VIRGINIA INC ,"Devoted Health, Inc. ",Plan too new to be measured ,Plan too new to be measured ,Plan too new to be measured ,Plan too new to be measured ,Plan too new to be measured
H7006 ,ATRIO Health Plans ,ATRIO HEALTH PLANS ,ATRIO Health Plans ,16%,53%,9%,Not Available ,11%
H7020 ,Cigna HealthCare ,"HEALTHSPRING LIFE & HEALTH INSURANCE COMPANY, INC. ",Health Care Service Corporation ,Not Available ,Not Available ,Not Available ,Not Available ,Not Available
H7028 ,Devoted Health ,DEVOTED HEALTH INSURANCE COMPANY OF SOUTH CAROLINA ,"Devoted Health, Inc. ",13%,19%,20%,Not Available ,11%
H7063 ,Blue Cross and Blue Shield of Kansas ,"BLUECROSS BLUESHIELD KANSAS SOLUTIONS, INC. ",Blue Cross Blue Shield of Kansas ,13%,17%,25%,9%,11%
H7074 ,Alignment Health Plan ,"ALIGNMENT HEALTH PLAN OF NORTH CAROLINA, INC. ","Alignment Healthcare USA, LLC ",Not Available ,Not Available ,Not Available ,Not Available ,Not Available
H7093 ,Anthem Blue Cross and Blue Shield ,COMMUNITY INSURANCE COMPANY ,"Elevance Health, Inc. ",10%,9%,21%,Not Available ,10%
H7115 ,Memorial Hermann Health Plan ,MEMORIAL HERMANN HEALTH PLAN ,Memorial Hermann Health System ,25%,41%,16%,Not Available ,19%
H7123 ,UPMC for Life Complete Care ,"UPMC HEALTH COVERAGE, INC. ",UPMC Health System ,Not Available ,Not Available ,Not Available ,Not Available ,Not Available
H7147 ,Devoted Health ,DEVOTED HEALTH PLAN OF COLORADO INC ,"Devoted Health, Inc. ",21%,22%,12%,Not Available ,15%
H7149 ,Aetna Medicare ,AETNA HEALTH INC. (PA) ,CVS Health Corporation ,17%,52%,12%,10%,9%
H7151 ,Devoted Health ,"DEVOTED HEALTH PLAN OF ILLINOIS, INC. ","Devoted Health, Inc. ",14%,20%,18%,Not Available ,9%
H7199 ,Devoted Health ,DEVOTED HEALTH  PLAN OF OREGON ,"Devoted Health, Inc. ",11%,33%,17%,7%,8%
H7220 ,Anthem HealthKeepers ,"HealthKeepers, Inc. ","Elevance Health, Inc. ",9%,34%,24%,8%,9%
H7239 ,Prominence Health Plan ,PROMINENCE HEALTHFIRST OF FLORIDA INC ,"Universal Health Services, Inc. ",Plan too new to be measured ,Plan too new to be measured ,Plan too new to be measured ,Plan too new to be measured ,Plan too new to be measured
H7275 ,Provider Partners Health Plans ,PROVIDER PARTNERS HEALTH PLAN OF KENTUCKY ,"Rifkin Managed Care Holding, LLC ",Plan too new to be measured ,Plan too new to be measured ,Plan too new to be measured ,Plan too new to be measured ,Plan too new to be measured
H7284 ,Humana ,"HUMANA HEALTH INSURANCE COMPANY OF FLORIDA, INC. ",Humana Inc. ,10%,12%,17%,7%,5%
H7301 ,Aetna Medicare ,"COVENTRY HEALTH CARE OF ILLINOIS, INC. ",CVS Health Corporation ,11%,25%,18%,Not Available ,9%
H7323 ,Wellcare ,WELLCARE NATIONAL HEALTH INSURANCE COMPANY ,Centene Corporation ,25%,39%,23%,Not Available ,16%
H7326 ,Wellcare ,"WELLCARE OF SOUTH CAROLINA, INC. ",Centene Corporation ,15%,12%,17%,Not Available ,15%
H7355 ,Devoted Health ,DEVOTED HEALTH INSURANCE COMPANY OF MISSISSIPPI ,"Devoted Health, Inc. ",Plan too new to be measured ,Plan too new to be measured ,Plan too new to be measured ,Plan too new to be measured ,Plan too new to be measured
H7379 ,CareFirst BlueCross BlueShield Medicare Advantage ,"CAREFIRST ADVANTAGE PPO, INC. ","CareFirst, Inc. ",Not Available ,Not Available ,Not Available ,Not Available ,Not Available
H7389 ,Cigna Healthcare ,"HealthSpring Life & Health Insurance Company, Inc. ",Health Care Service Corporation ,28%,37%,15%,Not Available ,19%
H7397 ,Devoted Health ,DEVOTED HEALTH INSURANCE COMPANY OF ARKANSAS INC ,"Devoted Health, Inc. ",Plan too new to be measured ,Plan too new to be measured ,Plan too new to be measured ,Plan too new to be measured ,Plan too new to be measured
H7435 ,Wellcare By Meridian ,"MERIDIAN HEALTH PLAN OF MICHIGAN, INC. ",Centene Corporation ,Plan too new to be measured ,Plan too new to be measured ,Plan too new to be measured ,Plan too new to be measured ,Plan too new to be measured
H7464 ,UnitedHealthcare ,"UNITEDHEALTHCARE OF THE MID-ATLANTIC, INC. ","UnitedHealth Group, Inc. ",Not Available ,Not Available ,Not Available ,Not Available ,Not Available
H7471 ,Devoted Health ,DEVOTED HEALTH INSURANCE COMPANY OF INDIANA ,"Devoted Health, Inc. ",Plan too new to be measured ,Plan too new to be measured ,Plan too new to be measured ,Plan too new to be measured ,Plan too new to be measured
H7511 ,Great Plains Medicare Advantage ,"GOOD SAMARITAN INSURANCE PLAN OF NEBRASKA, INC. ",Sanford Health ,Not Available ,Not Available ,Not Available ,Not Available ,Not Available
H7512 ,Ascension Complete ,CENTENE VENTURE COMPANY MICHIGAN ,Centene Corporation ,Not Available ,Not Available ,Not Available ,Not Available ,Not Available
H7518 ,Wellcare ,"WELLCARE OF MISSOURI HEALTH INSURANCE COMPANY, INC ",Centene Corporation ,Not Available ,23%,18%,Not Available ,16%
H7522 ,Medicare y Mucho Mas (MMM) ,"MMM HEALTHCARE, LLC ","Elevance Health, Inc. ",Not Available ,Not Available ,Not Available ,Not Available ,Not Available
H7524 ,Excellus Health Plan Community Care LLC ,EXCELLUS HEALTH PLAN COMMUNITY CARE LLC ,"Lifetime Healthcare, Inc. ",Not Available ,Not Available ,Not Available ,Not Available ,Not Available
H7557 ,Longevity Health Plan ,"LONGEVITY HEALTH PLAN OF MICHIGAN, INC. ","Longevity Health Founders, LLC ",Not Available ,Not Available ,Not Available ,Not Available ,Not Available
H7598 ,Group Health Cooperative of Eau Claire ,GROUP HEALTH COOPERATIVE OF EAU CLAIRE ,Group Health Cooperative of Eau Claire ,Not Available ,Not Available ,Not Available ,Not Available ,Not Available
H7605 ,Devoted Health ,DEVOTED HEALTH PLAN OF TENNESSEE INC ,"Devoted Health, Inc. ",13%,38%,21%,Not Available ,11%
H7607 ,Clever Care Health Plan ,"CLEVER CARE OF GOLDEN STATE, INC. ","Clever Care Health Plan, Inc. ",Not Available ,Not Available ,Not Available ,Not Available ,Not Available
H7617 ,Humana ,EMPHESYS INSURANCE COMPANY ,Humana Inc. ,Not Available ,Not Available ,Not Available ,Not Available ,Not Available
H7620 ,CenCal CareConnect ,SANTA BARBARA SAN LUIS OBISPO REGIONAL HEALTH AUTH ,SANTA BARBARA SAN LUIS OBISPO REGIONAL HEALTH AUTH ,Plan too new to be measured ,Plan too new to be measured ,Plan too new to be measured ,Plan too new to be measured ,Plan too new to be measured
H7635 ,Neighborhood Health Plan of Rhode Island ,NEIGHBORHOOD HEALTH PLAN OF RHODE ISLAND ,NEIGHBORHOOD HEALTH PLAN OF RHODE ISLAND ,Plan too new to be measured ,Plan too new to be measured ,Plan too new to be measured ,Plan too new to be measured ,Plan too new to be measured
H7670 ,Mass Advantage ,"CENTRAL MASS HEALTH, LLC ",Central Mass Health Holding LLC ,Not Available ,Not Available ,Not Available ,Not Available ,Not Available
H7678 ,"Molina Healthcare of Texas, Inc. ","MOLINA HEALTHCARE OF TEXAS, INC. ","Molina Healthcare, Inc. ",Not Available ,50%,15%,Not Available ,18%
H7680 ,Prominence Health Plan ,PROMINENCE HEALTHFIRST OF TEXAS ,"Universal Health Services, Inc. ",Not Available ,Not Available ,Not Available ,Not Available ,Not Available
H7710 ,Highmark Blue Cross Blue Shield ,"HIGHMARK BCBSD, INC. ",Highmark Health ,Plan too new to be measured ,Plan too new to be measured ,Plan too new to be measured ,Plan too new to be measured ,Plan too new to be measured
H7766 ,Devoted Health ,DEVOTED HEALTH INSURANCE COMPANY OF LOUISIANA ,"Devoted Health, Inc. ",Plan too new to be measured ,Plan too new to be measured ,Plan too new to be measured ,Plan too new to be measured ,Plan too new to be measured
H7779 ,American Health Advantage of Tennessee ,"AMERICAN HEALTH PLAN, INC. ",Mitchell Family Office ,Not Available ,Not Available ,Not Available ,Not Available ,Not Available
H7787 ,Cigna HealthCare ,"HEALTHSPRING LIFE & HEALTH INSURANCE COMPANY, INC. ",Health Care Service Corporation ,18%,31%,16%,Not Available ,13%
H7813 ,"iCircle Services of the Finger Lakes, Inc ","ICIRCLE SERVICES OF THE FINGER LAKES, INC. ","CDS Monarch, Inc. ",Not Available ,Not Available ,Not Available ,Not Available ,Not Available
H7849 ,Cigna HealthCare ,"HEALTHSPRING LIFE & HEALTH INSURANCE COMPANY, INC. ",Health Care Service Corporation ,19%,26%,18%,12%,14%
H7917 ,BlueCross BlueShield of Tennessee ,"BLUECROSS BLUESHIELD OF TENNESSEE, INC. ",BlueCross BlueShield of Tennessee ,9%,41%,11%,7%,4%
H7980 ,WellSense Health Plan ,"BOSTON MEDICAL CENTER HEALTH PLAN, INC. ","BMC Health System, Inc. ",Plan too new to be measured ,Plan too new to be measured ,Plan too new to be measured ,Plan too new to be measured ,Plan too new to be measured
H7993 ,Devoted Health ,"DEVOTED HEALTH PLAN OF TEXAS, INC. ","Devoted Health, Inc. ",13%,24%,14%,8%,8%
H8003 ,Blue Cross Blue Shield of South Carolina ,BLUECROSS AND BLUESHIELD OF SOUTH CAROLINA ,BlueCross BlueShield of South Carolina (BCBSSC) ,11%,9%,28%,Not Available ,7%
H8010 ,Clover Health ,CLOVER HMO OF NEW JERSEY INC. ,"Clover Health Holdings, Inc. ",Not Available ,Not Available ,Not Available ,Not Available ,Not Available
H8051 ,San Francisco Health Plan ,SAN FRANCISCO HEALTH AUTHORITY DBA SAN FRANCISCO H ,SAN FRANCISCO HEALTH AUTHORITY ,Plan too new to be measured ,Plan too new to be measured ,Plan too new to be measured ,Plan too new to be measured ,Plan too new to be measured
H8067 ,Provider Partners Health Plans ,"PROVIDER PARTNERS HEALTH PLAN, INC. ","Rifkin Managed Care Holding, LLC ",Not Available ,Not Available ,Not Available ,Not Available ,Not Available
H8070 ,UCare ,UCARE MINNESOTA ,UCare Minnesota ,8%,17%,15%,Not Available ,7%
H8093 ,Georgia Health Advantage ,"GEORGIA ASSURANCE, INC. ",Mitchell Family Office ,Not Available ,Not Available ,Not Available ,Not Available ,Not Available
H8095 ,Wellmark Advantage Health Plan ,"WELLMARK ADVANTAGE HEALTH PLAN, INC. ",Blue Cross Blue Shield of Michigan Mutual Ins. Co. ,Not Available ,Not Available ,Not Available ,Not Available ,Not Available
H8121 ,Ascension Complete ,CENTENE VENTURE COMPANY TENNESSEE ,Centene Corporation ,Not Available ,Not Available ,Not Available ,Not Available ,Not Available
H8133 ,Blue Cross and Blue Shield of Texas ,GHS INSURANCE COMPANY ,Health Care Service Corporation ,19%,42%,14%,Not Available ,16%
H8142 ,Baylor Scott & White Health Plan ,SCOTT AND WHITE HEALTH PLAN ,Baylor Scott & White Health ,16%,23%,24%,7%,6%
H8145 ,Humana ,HUMANA INSURANCE COMPANY ,Humana Inc. ,12%,21%,28%,Not Available ,7%
H8166 ,Highmark Blue Cross Blue Shield ,HIGHMARK BCBSD INC. ,Highmark Health ,15%,21%,27%,21%,Not Available
H8173 ,Devoted Health ,"DEVOTED HEALTH PLAN OF ARIZONA, INC. ","Devoted Health, Inc. ",10%,17%,24%,8%,8%
H8176 ,Molina Healthcare of South Carolina ,"MOLINA HEALTHCARE OF SOUTH CAROLINA,INC ","Molina Healthcare, Inc. ",Not Available ,Not Available ,Not Available ,Not Available ,Not Available
H8181 ,Blue Cross and Blue Shield of Nebraska ,"SAPPHIRE EDGE, INC. ",Blue Cross Blue Shield of Nebraska ,15%,37%,14%,8%,8%
H8189 ,Wellcare by Allwell ,MANAGED HEALTH SERVICES INSURANCE CORP. ,Centene Corporation ,19%,32%,9%,Not Available ,13%
H8211 ,UnitedHealthcare ,CARE IMPROVEMENT PLUS SOUTH CENTRAL INSURANCE CO. ,"UnitedHealth Group, Inc. ",11%,6%,33%,Not Available ,13%
H8212 ,AmeriHealth Caritas VIP Care ,"AMERIHEALTH CARITAS NORTH CAROLINA, INC. ","Independence Health Group, Inc. ",Plan too new to be measured ,Plan too new to be measured ,Plan too new to be measured ,Plan too new to be measured ,Plan too new to be measured
H8298 ,Horizon Blue Cross Blue Shield of New Jersey ,"HORIZON HEALTHCARE OF NEW JERSEY, INC. ","Horizon Mutual Holdings, Inc ",Not Available ,Not Available ,Not Available ,Not Available ,Not Available
H8320 ,Devoted Health ,"Devoted of Illinois, Inc. ","Devoted Health, Inc. ",Plan too new to be measured ,Plan too new to be measured ,Plan too new to be measured ,Plan too new to be measured ,Plan too new to be measured
H8330 ,Tufts Health Plan ,TUFTS ASSOCIATED HEALTH MAINTENANCE ORGANIZATION ,"Point32Health, Inc. ",Not Available ,Not Available ,Not Available ,Not Available ,Not Available
H8332 ,Aetna Medicare ,AETNA BETTER HEALTH OF KANSAS INC. ,CVS Health Corporation ,13%,18%,21%,Not Available ,12%
H8379 ,Priority Health Medicare ,"PRIORITY HEALTH CHOICE, INC. ",Corewell Health ,10%,14%,14%,Not Available ,8%
H8385 ,Align powered by Sanford Health Plan ,SANFORD HEALTH PLAN ,Sanford Health ,Not Available ,Not Available ,Not Available ,Not Available ,Not Available
H8390 ,CareSource ,CARESOURCE GEORGIA CO. ,CareSource ,Not Available ,Not Available ,Not Available ,Not Available ,Not Available
H8432 ,Anthem Blue Cross and Blue Shield HP ,"ANTHEM HP, LLC. ","Elevance Health, Inc. ",Not Available ,32%,27%,Not Available ,10%
H8457 ,Longevity Health Plan ,"LONGEVITY HEALTH PLAN OF NEW YORK, INC. ","Longevity Health Founders, LLC ",Not Available ,Not Available ,Not Available ,Not Available ,Not Available
H8481 ,HMSA Akamai Advantage Dual Care ,HAWAII MEDICAL SERVICE ASSOCIATION (HMSA) ,Hawaii Medical Service Association ,Plan too new to be measured ,Plan too new to be measured ,Plan too new to be measured ,Plan too new to be measured ,Plan too new to be measured
H8492 ,American Health Advantage of Louisiana ,DIGNITY CARE CORPORATION ,Mitchell Family Office ,Not Available ,Not Available ,Not Available ,Not Available ,Not Available
H8547 ,Blue Cross and Blue Shield of Illinois ,ILLINOIS BLUE CROSS BLUE SHIELD INSURANCE COMPANY ,Health Care Service Corporation ,Not Available ,Not Available ,Not Available ,Not Available ,Not Available
H8552 ,Anthem Blue Cross Life and Health Insurance Compan ,ANTHEM BLUE CROSS LIFE AND HEALTH INS COMPANY ,"Elevance Health, Inc. ",33%,38%,36%,Not Available ,Not Available
H8554 ,"Blue Cross and Blue Shield of OK, TX ",GHS INSURANCE COMPANY ,Health Care Service Corporation ,Not Available ,Not Available ,Not Available ,Not Available ,Not Available
H8578 ,Health New England Medicare Advantage Plans ,"HEALTH NEW ENGLAND, INC. ","Baystate Health, Inc. ",13%,26%,19%,6%,7%
H8597 ,Aetna Medicare ,AETNA BETTER HEALTH OF TEXAS INC. ,CVS Health Corporation ,Not Available ,Not Available ,Not Available ,Not Available ,Not Available
H8604 ,The Health Plan ,THP INSURANCE COMPANY ,"The Health Plan of West Virginia, Inc. ",Not Available ,Not Available ,Not Available ,Not Available ,Not Available
H8634 ,"Blue Cross and Blue Shield of IL, NM, OK, TX ",HEALTH CARE SERVICE CORPORATION ,Health Care Service Corporation ,15%,13%,44%,23%,14%
H8649 ,Aetna Medicare ,AETNA HEALTH OF UTAH INC. ,CVS Health Corporation ,16%,30%,21%,10%,9%
H8711 ,Wellcare ,WELLCARE HEALTH INSURANCE COMPANY OF NEW JERSEY ,Centene Corporation ,Not Available ,Not Available ,Not Available ,Not Available ,Not Available
H8764 ,Aspire Health ,ASPIRE HEALTH PLAN ,Montage Health ,Not Available ,Not Available ,Not Available ,Not Available ,Not Available
H8768 ,UnitedHealthcare ,CARE IMPROVEMENT PLUS SOUTH CENTRAL INSURANCE CO. ,"UnitedHealth Group, Inc. ",17%,15%,25%,Not Available ,12%
H8783 ,UCare ,"UCARE HEALTH, INC. ",UCare Minnesota ,Not Available ,Not Available ,Not Available ,Not Available ,Not Available
H8794 ,Kaiser Permanente ,"KAISER FOUNDATION HP, INC. ","Kaiser Foundation Health Plan, Inc. ",Not Available ,Not Available ,Not Available ,Not Available ,Not Available
H8797 ,Perennial Advantage ,"PERENNIAL ADVANTAGE OF OHIO, INC. ","Perennial Consortium, LLC ",Not Available ,Not Available ,Not Available ,Not Available ,Not Available
H8832 ,Alignment Health Plan ,ALIGNMENT HEALTH ADVANTAGE PLAN INC ,"Alignment Healthcare USA, LLC ",Plan too new to be measured ,Plan too new to be measured ,Plan too new to be measured ,Plan too new to be measured ,Plan too new to be measured
H8845 ,Molina Healthcare of Arizona ,"MOLINA HEALTHCARE OF ARIZONA, INC. ","Molina Healthcare, Inc. ",Not Available ,Not Available ,Not Available ,Not Available ,Not Available
H8849 ,Wellpoint ,WELLPOINT INSURANCE COMPANY ,"Elevance Health, Inc. ",Not Available ,Not Available ,Not Available ,Not Available ,Not Available
H8854 ,CareFirst BlueCross BlueShield Medicare Advantage ,"CAREFIRST ADVANTAGE DSNP, INC. ","CareFirst, Inc. ",Not Available ,37%,27%,Not Available ,15%
H8879 ,"Healthy Mississippi, Inc. ","Healthy Mississippi, Inc. ",Singh Holdings LLC ,Plan too new to be measured ,Plan too new to be measured ,Plan too new to be measured ,Plan too new to be measured ,Plan too new to be measured
H8889 ,Medica ,MEDICA HEALTH PLANS ,Medica Holding Company ,9%,6%,30%,8%,9%
H8894 ,IEHP DualChoice ,Inland Empire Health Plan ,INLAND EMPIRE HEALTH PLAN ,Not Available ,Not Available ,Not Available ,Not Available ,Not Available
H8902 ,SCAN Health Plan ,"SCAN HEALTH PLAN TEXAS, INC. ",SCAN Group ,Not Available ,Not Available ,Not Available ,Not Available ,Not Available
H8908 ,Humana ,"HUMANA MEDICAL PLAN OF MICHIGAN, INC. ",Humana Inc. ,Not Available ,23%,15%,Not Available ,9%
H8917 ,Devoted Health ,DEVOTED HEALTH INSURANCE COMPANY OF WASHINGTON ,"Devoted Health, Inc. ",Plan too new to be measured ,Plan too new to be measured ,Plan too new to be measured ,Plan too new to be measured ,Plan too new to be measured
H8928 ,Fallon Health ,FALLON COMMUNITY HEALTH PLAN ,"Fallon Community Health Plan, Inc. ",Not Available ,Not Available ,Not Available ,Not Available ,Not Available
H8947 ,Peak Health ,PEAK HEALTH INSURANCE CORPORATION ,"West Virginia United Health System, Inc. ",Not Available ,Not Available ,Not Available ,Not Available ,Not Available
H8967 ,Great Plains Medicare Advantage ,SANFORD HEALTH PLAN ,Sanford Health ,Not Available ,Not Available ,Not Available ,Not Available ,Not Available
H9001 ,Fallon Health ,FALLON COMMUNITY HEALTH PLAN ,"Fallon Community Health Plan, Inc. ",12%,26%,17%,7%,8%
H9003 ,Kaiser Permanente ,KAISER FOUNDATION HP OF THE N W ,"Kaiser Foundation Health Plan, Inc. ",22%,24%,15%,3%,12%
H9042 ,MyTruAdvantage ,"SOUTHEASTERN INDIANA HEALTH ORGANIZATION, INC. ","SIHO Holding, Inc. ",Not Available ,Not Available ,Not Available ,Not Available ,Not Available
H9047 ,Providence Medicare Advantage Plans ,PROVIDENCE HEALTH ASSURANCE ,Providence St Joseph Health ,15%,29%,15%,6%,8%
H9065 ,AMH Health ,"AMH HEALTH, LLC ","Elevance Health, Inc. ",13%,15%,22%,10%,9%
H9066 ,Nascentia Health Plus ,VISITING NURSE ASSOCIATION OF CENTRAL NEW YORK ,VISITING NURSE ASSOCIATION OF CENTRAL NEW YORK ,Not Available ,Not Available ,Not Available ,Not Available ,Not Available
H9096 ,Dean Advantage ,"DEAN HEALTH PLAN, INC. ",Medica Holding Company ,17%,22%,32%,Not Available ,11%
H9147 ,Blue Cross and Blue Shield of North Carolina ,BLUE CROSS AND BLUE SHIELD OF NC SENIOR HEALTH ,CuraCor Solutions Corp. ,Not Available ,Not Available ,Not Available ,Not Available ,Not Available
H9153 ,West Virginia Senior Advantage ,"WEST VIRGINIA SENIOR ADVANTAGE, INC. ","SNP Holdings, LLC ",Not Available ,Not Available ,Not Available ,Not Available ,Not Available
H9179 ,Trinity Health Plan of Michigan ,TRINITY HEALTH PLAN OF MICHIGAN INC ,Trinity Health Corporation ,Not Available ,Not Available ,Not Available ,Not Available ,Not Available
H9191 ,Provider Partners Health Plans ,"PROVIDER PARTNERS HEALTH PLAN OF MISSOURI, INC. ","Rifkin Managed Care Holding, LLC ",Not Available ,Not Available ,Not Available ,Not Available ,Not Available
H9207 ,Jefferson Health Plans ,"HEALTH PARTNERS PLANS, INC. ",Thomas Jefferson University ,Not Available ,Not Available ,Not Available ,Not Available ,Not Available
H9219 ,AMH Health ,"AMH HEALTH PLANS OF MAINE, INC. ","Elevance Health, Inc. ",Not Available ,Not Available ,Not Available ,Not Available ,Not Available
H9231 ,Devoted Health ,DEVOTED HEALTH INSURANCE COMPANY OF TENNESSEE INC ,"Devoted Health, Inc. ",Not Available ,38%,23%,Not Available ,Not Available
H9306 ,Alterwood Advantage ,"ALTERWOOD ADVANTAGE, INC. ","LifeBridge Health, Inc. ",25%,35%,18%,Not Available ,14%
H9314 ,Aetna Medicare HIDE ,AETNA BETTER HEALTH OF MICHIGAN INC. ,CVS Health Corporation ,Plan too new to be measured ,Plan too new to be measured ,Plan too new to be measured ,Plan too new to be measured ,Plan too new to be measured
H9326 ,WyoBlue Advantage ,WYOBLUE ADVANTAGE INC ,Blue Cross Blue Shield of Michigan Mutual Ins. Co. ,Plan too new to be measured ,Plan too new to be measured ,Plan too new to be measured ,Plan too new to be measured ,Plan too new to be measured
H9364 ,Wellcare ,"WELLCARE OF MAINE, INC. ",Centene Corporation ,17%,19%,16%,Not Available ,12%
H9387 ,Wellcare By Allwell ,"SUNFLOWER STATE HEALTH PLAN, INC. ",Centene Corporation ,28%,31%,12%,Not Available ,21%
H9412 ,Geisinger Gold ,"GEISINGER QUALITY OPTIONS, INC. ","Risant Health, Inc. ",Not Available ,Not Available ,Not Available ,Not Available ,Not Available
H9431 ,Aetna Medicare ,FIRST HEALTH LIFE & HEALTH INSURANCE COMPANY ,CVS Health Corporation ,Not Available ,16%,27%,Not Available ,15%
H9460 ,Cigna HealthCare ,"HEALTHSPRING LIFE & HEALTH INSURANCE COMPANY, INC. ",Health Care Service Corporation ,Not Available ,Not Available ,Not Available ,Not Available ,Not Available
H9485 ,Mass General Brigham Health Plan ,"Mass General Brigham Health Plan, Inc. ",Mass General Brigham Incorporated ,Not Available ,Not Available ,Not Available ,Not Available ,Not Available
H9489 ,Vermont Blue Advantage ,"VERMONT BLUE ADVANTAGE, INC. ",Blue Cross Blue Shield of Michigan Mutual Ins. Co. ,Not Available ,Not Available ,Not Available ,Not Available ,Not Available
H9525 ,Anthem Blue Cross and Blue Shield ,COMPCARE HEALTH SERVICES INSURANCE CORPORATION ,"Elevance Health, Inc. ",15%,19%,16%,Not Available ,10%
H9572 ,Blue Cross Blue Shield of Michigan ,BCBS OF MICHIGAN MUTUAL INSURANCE COMPANY ,Blue Cross Blue Shield of Michigan Mutual Ins. Co. ,15%,7%,33%,Not Available ,9%
H9589 ,Clear Spring Health ,"CLEAR SPRING HEALTH (GA), INC. ",Group 1001 ,Not Available ,Not Available ,Not Available ,Not Available ,Not Available
H9590 ,Longevity Health ,"LONGEVITY HEALTH PLAN OF ILLINOIS, INC. ","Longevity Health Founders, LLC ",Not Available ,Not Available ,Not Available ,Not Available ,Not Available
H9615 ,MVP HEALTH CARE ,"MVP HEALTH PLAN, INC. ","MVP Health Care, Inc. ",10%,11%,20%,Not Available ,10%
H9623 ,Gold Coast Health Plan ,Ventura County Medi-Cal Managed Care Commission ,Ventura County Medi-Cal Managed Care Commission ,Plan too new to be measured ,Plan too new to be measured ,Plan too new to be measured ,Plan too new to be measured ,Plan too new to be measured
H9630 ,Wellcare By Allwell ,"ARKANSAS HEALTH & WELLNESS HEALTH PLAN, INC. ",Centene Corporation ,15%,18%,15%,8%,9%
H9678 ,Healthfirst Medicare Plan ,"HEALTHFIRST INSURANCE COMPANY, INC. ","Healthfirst, Inc. ",Not Available ,Not Available ,Not Available ,Not Available ,Not Available
H9686 ,Alignment Health Plan ,"ALIGNMENT HEALTH PLAN OF NEVADA, INC. ","Alignment Healthcare USA, LLC ",Not Available ,29%,10%,Not Available ,19%
H9690 ,American Health Advantage of Indiana ,AMERICAN HEALTH PLAN OF INDIANA INC ,Mitchell Family Office ,Not Available ,Not Available ,Not Available ,Not Available ,Not Available
H9699 ,Arkansas Blue Medicare ,"USABLE HMO, INC. ",USAble Mutual Insurance Company ,Not Available ,Not Available ,Not Available ,Not Available ,Not Available
H9700 ,Devoted Health ,DEVOTED HEALTH PLAN OF NORTH CAROLINA INC ,"Devoted Health, Inc. ",Plan too new to be measured ,Plan too new to be measured ,Plan too new to be measured ,Plan too new to be measured ,Plan too new to be measured
H9706 ,Blue Cross and Blue Shield of Texas ,HCSC INSURANCE SERVICES COMPANY ,Health Care Service Corporation ,23%,35%,13%,Not Available ,15%
H9725 ,Cigna HealthCare ,"BRAVO HEALTH PENNSYLVANIA, INC. ",Health Care Service Corporation ,21%,26%,17%,Not Available ,16%
H9730 ,Wellcare ,"WELLCARE HEALTH INSURANCE COMPANY OF KENTUCKY, INC ",Centene Corporation ,14%,28%,15%,Not Available ,10%
H9771 ,Aetna Medicare FIDE ,AETNA BETTER HEALTH PREMIER PLAN MMAI INC. ,CVS Health Corporation ,Plan too new to be measured ,Plan too new to be measured ,Plan too new to be measured ,Plan too new to be measured ,Plan too new to be measured
H9802 ,Devoted Health ,DEVOTED HEALTH INSURANCE COMPANY OF NEBRASKA ,"Devoted Health, Inc. ",Plan too new to be measured ,Plan too new to be measured ,Plan too new to be measured ,Plan too new to be measured ,Plan too new to be measured
H9808 ,HealthTeam Advantage ,CARE N' CARE INSURANCE COMPANY OF NORTH CAROLINA ,"Risant Health, Inc. ",7%,8%,8%,4%,6%
H9811 ,Wellcare By Allwell ,"MAGNOLIA HEALTH PLAN, INC. ",Centene Corporation ,Not Available ,Not Available ,Not Available ,Not Available ,Not Available
H9826 ,Community Health Choice ,"COMMUNITY HEALTH CHOICE TEXAS, INC. ",Harris County Hospital District ,Not Available ,Not Available ,Not Available ,Not Available ,Not Available
H9827 ,Trinity Health Plan New York ,"MOUNT CARMEL HEALTH PLAN OF NEW YORK, INC. ",Trinity Health Corporation ,Not Available ,Not Available ,Not Available ,Not Available ,Not Available
H9834 ,Quartz Medicare Advantage (HMO) ,QUARTZ HEALTH PLAN MN CORPORATION ,University of Wisconsin Hospitals and Clincs Autho ,Not Available ,Not Available ,Not Available ,Not Available ,Not Available
H9884 ,Devoted Health ,DEVOTED HEALTH INSURANCE COMPANY ,"Devoted Health, Inc. ",26%,54%,16%,Not Available ,11%
H9888 ,Devoted Health ,DEVOTED HEALTH INSURANCE COMPANY OF ALABAMA INC ,"Devoted Health, Inc. ",20%,35%,14%,Not Available ,12%
H9904 ,Mass Advantage ,"CENTRAL MASS HEALTH, LLC ",Central Mass Health Holding LLC ,Not Available ,Not Available ,Not Available ,Not Available ,Not Available
H9907 ,Tufts Health Plan ,TUFTS ASSOCIATED HEALTH MAINTENANCE ORGANIZATION ,"Point32Health, Inc. ",16%,30%,18%,Not Available ,10%
H9909 ,American Health Advantage of MS ,"AMERICAN HEALTH PLAN OF MS, INC. ",Mitchell Family Office ,Not Available ,Not Available ,Not Available ,Not Available ,Not Available
H9916 ,Wellcare ,"WELLCARE HEALTH INSURANCE OF ARIZONA, INC. ",Centene Corporation ,Plan too new to be measured ,Plan too new to be measured ,Plan too new to be measured ,Plan too new to be measured ,Plan too new to be measured
H9917 ,Align Senior Care ,"ALIGN SENIOR CARE FLORIDA, INC. ","Curana Health Holdings, LLC ",Not Available ,Not Available ,Not Available ,Not Available ,Not Available
H9942 ,Longevity Health Plan ,LONGEVITY HEALTH PLAN OF NEW JERSEY INSURANCE COMP ,"Longevity Health Founders, LLC ",Not Available ,Not Available ,Not Available ,Not Available ,Not Available
H9955 ,Molina Healthcare of Ohio ,"MOLINA HEALTHCARE OF OHIO, INC. ","Molina Healthcare, Inc. ",Not Available ,19%,14%,Not Available ,17%
H9968 ,American Health Advantage of Pennsylvania ,AMERICAN HEALTH PLAN OF PENNSYLVANIA INC ,Mitchell Family Office ,Plan too new to be measured ,Plan too new to be measured ,Plan too new to be measured ,Plan too new to be measured ,Plan too new to be measured
H9977 ,Devoted Health ,"DEVOTED HEALTH PLAN OF NEW MEXICO, INC. ","Devoted Health, Inc. ",Plan too new to be measured ,Plan too new to be measured ,Plan too new to be measured ,Plan too new to be measured ,Plan too new to be measured
H9986 ,Florida Complete Care ,"HPMP OF FLORIDA, INC. ","Independent Living Systems, LLC ",Not Available ,Not Available ,Not Available ,Not Available ,Not Available
R0110 ,Humana ,HUMANA INSURANCE COMPANY ,Humana Inc. ,Not Available ,14%,39%,Not Available ,9%
R0759 ,UnitedHealthcare ,CARE IMPROVEMENT PLUS SOUTH CENTRAL INSURANCE CO. ,"UnitedHealth Group, Inc. ",10%,11%,28%,Not Available ,8%
R1532 ,Humana ,HUMANA INSURANCE COMPANY ,Humana Inc. ,15%,25%,37%,Not Available ,12%
R2604 ,UnitedHealthcare ,CARE IMPROVEMENT PLUS SOUTH CENTRAL INSURANCE CO. ,"UnitedHealth Group, Inc. ",Not Available ,5%,31%,Not Available ,8%
R3175 ,UnitedHealthcare ,UNITEDHEALTHCARE INSURANCE COMPANY ,"UnitedHealth Group, Inc. ",Not Available ,Not Available ,Not Available ,Not Available ,Not Available
R3444 ,UnitedHealthcare ,CARE IMPROVEMENT PLUS SOUTH CENTRAL INSURANCE CO. ,"UnitedHealth Group, Inc. ",10%,13%,32%,7%,8%
R4182 ,Humana ,HUMANA INSURANCE COMPANY ,Humana Inc. ,9%,28%,35%,6%,4%
R5342 ,UnitedHealthcare ,CARE IMPROVEMENT PLUS SOUTH CENTRAL INSURANCE CO. ,"UnitedHealth Group, Inc. ",Not Available ,Not Available ,Not Available ,Not Available ,Not Available
R5361 ,Humana ,HUMANA INSURANCE COMPANY ,Humana Inc. ,12%,22%,28%,Not Available ,7%
R5826 ,Humana ,HUMANA INSURANCE COMPANY ,Humana Inc. ,12%,16%,36%,Not Available ,9%
R5941 ,Anthem Blue Cross and Blue Shield ,"ANTHEM INSURANCE COMPANIES, INC. ","Elevance Health, Inc. ",7%,22%,28%,6%,7%
R6694 ,Aetna Medicare ,AETNA LIFE INSURANCE COMPANY ,CVS Health Corporation ,Not Available ,Not Available ,Not Available ,Not Available ,Not Available
R6801 ,UnitedHealthcare ,CARE IMPROVEMENT PLUS SOUTH CENTRAL INSURANCE CO. ,"UnitedHealth Group, Inc. ",9%,11%,39%,Not Available ,8%
R7220 ,Humana ,HUMANA INSURANCE COMPANY ,Humana Inc. ,Not Available ,Not Available ,Not Available ,Not Available ,Not Available
R7444 ,UnitedHealthcare ,CARE IMPROVEMENT PLUS SOUTH CENTRAL INSURANCE CO. ,"UnitedHealth Group, Inc. ",Not Available ,Not Available ,Not Available ,Not Available ,Not Available
S0262 ,Kaiser Permanente ,KAISER PERMANENTE INSURANCE COMPANY ,"Kaiser Foundation Health Plan, Inc. ",Plan too new to be measured ,Plan too new to be measured ,Plan too new to be measured ,Plan too new to be measured ,Plan too new to be measured
S0375 ,CareFirst BlueCross BlueShield Group Prescription ,"CAREFIRST ADVANTAGE PPO, INC ","CareFirst, Inc. ",Plan too new to be measured ,Plan too new to be measured ,Plan too new to be measured ,Plan too new to be measured ,Plan too new to be measured
S0586 ,MVP Health Care ,"MVP HEALTH PLAN, INC. ","MVP Health Care, Inc. ",Not Applicable ,Not Applicable ,Not Available ,Not Available ,Not Available
S1030 ,BlueRx (PDP) ,BCBS OF ALABAMA & UTIC INSURANCE COMPANY ,BlueCross BlueShield of Alabama ,Not Applicable ,Not Applicable ,52%,Not Available ,Not Available
S1140 ,Highmark Blue Cross Blue Shield or Highmark Blue S ,Highmark Western and Northeastern New York Inc. ,Highmark Health ,Not Applicable ,Not Applicable ,Not Available ,Not Available ,Not Available
S1822 ,HealthPartners ,"HEALTHPARTNERS, INC. ","HealthPartners, Inc. ",Not Applicable ,Not Applicable ,Not Available ,Not Available ,Not Available
S2135 ,Blue Cross Blue Shield Association ,BLUE CROSS BLUE SHIELD ASSOCIATION ,"BlueCross BlueShield Association, Federal Employee ",Not Applicable ,Not Applicable ,Not Available ,Not Available ,Not Available
S2468 ,Blue Shield of California ,CALIFORNIA PHYSICIANS' SERVICE ,California Physicians' Service ,Not Applicable ,Not Applicable ,59%,Not Available ,Not Available
S2893 ,Blue MedicareRx ,ANTHEM INSURANCE CO. & BCBSMA & BCBSRI & BCBSVT ,"Elevance Health, Inc. & BCBSMA & BCBSRI & BCBSVT ",Not Applicable ,Not Applicable ,60%,Not Available ,Not Available
S3285 ,MG Insurance Company ,MG INSURANCE COMPANY ,"MedImpact Holdings, Inc. ",Not Applicable ,Not Applicable ,Not Available ,Not Available ,Not Available
S3389 ,UPMC Health Plan ,"UPMC HEALTH BENEFITS, INC. ",UPMC Health System ,Not Applicable ,Not Applicable ,Not Available ,Not Available ,Not Available
S3521 ,"Excellus Health Plan, Inc ","EXCELLUS HEALTH PLAN, INC. ","Lifetime Healthcare, Inc. ",Not Applicable ,Not Applicable ,Not Available ,Not Available ,Not Available
S3875 ,Granite Alliance ,GRANITE ALLIANCE INSURANCE COMPANY ,"Prime Therapeutics, LLC. ",Not Applicable ,Not Applicable ,Not Available ,Not Available ,Not Available
S3994 ,HMSAs Medicare Rx Plan ,HAWAII MEDICAL SERVICE ASSOCIATION (HMSA) ,Hawaii Medical Service Association ,Not Applicable ,Not Applicable ,Not Available ,Not Available ,Not Available
S4501 ,Pharmacy Benefit Dimensions PDP ,INDEPENDENT HEALTH BENEFITS CORPORATION ,"Independent Health Association, Inc. ",Not Applicable ,Not Applicable ,Not Available ,Not Available ,Not Available
S4802 ,Wellcare ,"WELLCARE PRESCRIPTION INSURANCE, INC. ",Centene Corporation ,Not Applicable ,Not Applicable ,37%,Not Available ,8%
S4983 ,Kaiser Permanente ,KAISER FOUNDATION HEALTH PLAN OF WASHINGTON OPTION ,"Kaiser Foundation Health Plan, Inc. ",Plan too new to be measured ,Plan too new to be measured ,Plan too new to be measured ,Plan too new to be measured ,Plan too new to be measured
S5450 ,BlueScripts ,"SECURITYCARE OF TENNESSEE, INC. ",BlueCross BlueShield of Tennessee ,Not Applicable ,Not Applicable ,Not Available ,Not Available ,Not Available
S5540 ,Blue Cross and Blue Shield of North Carolina ,BLUE CROSS AND BLUE SHIELD OF NORTH CAROLINA ,CuraCor Solutions Corp. ,Not Applicable ,Not Applicable ,52%,Not Available ,8%
S5584 ,Blue Cross Blue Shield of Michigan ,BCBS OF MICHIGAN MUTUAL INSURANCE COMPANY ,Blue Cross Blue Shield of Michigan Mutual Ins. Co. ,Not Applicable ,Not Applicable ,56%,Not Available ,Not Available
S5593 ,Highmark Blue Shield ,HM HEALTH INSURANCE COMPANY ,Highmark Health ,Not Applicable ,Not Applicable ,60%,Not Available ,Not Available
S5596 ,"Anthem Insurance Companies, Inc. ","ANTHEM INSURANCE COMPANIES, INC. ","Elevance Health, Inc. ",Not Applicable ,Not Applicable ,52%,Not Available ,Not Available
S5601 ,Aetna Medicare ,SILVERSCRIPT INSURANCE COMPANY ,CVS Health Corporation ,Not Applicable ,Not Applicable ,54%,Not Available ,5%
S5609 ,Asuris Northwest Health ,ASURIS NORTHWEST HEALTH ,"Cambia Health Solutions, Inc. ",Not Applicable ,Not Applicable ,Not Available ,Not Available ,Not Available
S5617 ,Cigna HealthCare ,MEDCO CONTAINMENT LIFE AND MEDCO CONTAINMENT NY ,Health Care Service Corporation ,Not Applicable ,Not Applicable ,50%,Not Available ,9%
S5660 ,Express Scripts Medicare ,MEDCO CONTAINMENT LIFE AND MEDCO CONTAINMENT NY ,Health Care Service Corporation ,Not Applicable ,Not Applicable ,Not Available ,Not Available ,Not Available
S5715 ,"Blue Cross and Blue Shield of IL, NM, OK, TX ",Health Care Service Corporation ,Health Care Service Corporation ,Not Applicable ,Not Applicable ,52%,10%,Not Available
S5726 ,Blue Cross and Blue Shield of Kansas ,BLUE CROSS AND BLUE SHIELD OF KANSAS ,Blue Cross Blue Shield of Kansas ,Not Applicable ,Not Applicable ,45%,Not Available ,5%
S5743 ,MedicareBlue Rx ,"WELLMARK  IA & SD, & BCBS MN, MT, NE, ND,& WY ","BCBS MN, MT, NE, ND, WY, Wellmark IA and SD ",Not Applicable ,Not Applicable ,54%,Not Available ,4%
S5795 ,Arkansas Blue Medicare ,USABLE MUTUAL INSURANCE COMPANY ,USAble Mutual Insurance Company ,Not Applicable ,Not Applicable ,50%,Not Available ,4%
S5805 ,UnitedHealthcare ,UNITEDHEALTHCARE INSURANCE COMPANY OF NEW YORK ,"UnitedHealth Group, Inc. ",Not Applicable ,Not Applicable ,61%,Not Available ,Not Available
S5820 ,UnitedHealthcare ,UNITEDHEALTHCARE INSURANCE COMPANY ,"UnitedHealth Group, Inc. ",Not Applicable ,Not Applicable ,Not Available ,Not Available ,Not Available
S5857 ,Priority Health Medicare ,PRIORITY HEALTH INSURANCE COMPANY ,Corewell Health ,Not Applicable ,Not Applicable ,Not Available ,Not Available ,Not Available
S5877 ,EMI Health ,EDUCATORS MUTUAL INSURANCE ASSOCIATION ,Educators Mutual Insurance Association ,Not Applicable ,Not Applicable ,Not Available ,Not Available ,Not Available
S5884 ,Humana ,Humana Insurance Co. & Humana Insurance Co. of NY ,Humana Inc. ,Not Applicable ,Not Applicable ,51%,Not Available ,Not Available
S5904 ,Florida Blue ,"BLUE CROSS AND BLUE SHIELD OF FLORIDA, INC. ",Guidewell Mutual Holding Corporation ,Not Applicable ,Not Applicable ,52%,Not Available ,Not Available
S5916 ,Regence BlueShield of Idaho and Regence BC BS Utah ,REGENCE BLUESHIELD OF IDAHO AND REGENCE BC BS UTAH ,"Cambia Health Solutions, Inc. ",Not Applicable ,Not Applicable ,Not Available ,Not Available ,Not Available
S5921 ,UnitedHealthcare ,UNITEDHEALTHCARE INS. CO. & UHC INS. CO. OF NY ,"UnitedHealth Group, Inc. ",Not Applicable ,Not Applicable ,57%,Not Available ,Not Available
S5953 ,Blue Cross Blue Shield of South Carolina ,BLUECROSS AND BLUESHIELD OF SOUTH CAROLINA ,BlueCross BlueShield of South Carolina (BCBSSC) ,Not Applicable ,Not Applicable ,56%,8%,3%
S5960 ,Wellpoint ,WELLPOINT LIFE AND HEALTH INSURANCE COMPANY ,"Elevance Health, Inc. ",Not Applicable ,Not Applicable ,Not Available ,Not Available ,Not Available
S5966 ,EmblemHealth ,"EMBLEMHEALTH PLAN, INC ","EmblemHealth, Inc. ",Not Applicable ,Not Applicable ,Not Available ,Not Available ,Not Available
S5975 ,"Moda Health Plan, Inc. ","MODA HEALTH PLAN, INC. ","Moda Partners, Inc. ",Not Applicable ,Not Applicable ,Not Available ,Not Available ,Not Available
S5993 ,Horizon Blue Cross Blue Shield of New Jersey ,HORIZON INSURANCE COMPANY ,"Horizon Mutual Holdings, Inc ",Not Applicable ,Not Applicable ,56%,Not Available ,Not Available
S6875 ,Independence Blue Cross ,QCC INSURANCE COMPANY ,"Independence Health Group, Inc. ",Not Applicable ,Not Applicable ,Not Available ,Not Available ,Not Available
S6939 ,Mass General Brigham Health Plan ,"MASS GENERAL BRIGHAM HEALTH PLAN, INC ",Mass General Brigham Incorporated ,Plan too new to be measured ,Plan too new to be measured ,Plan too new to be measured ,Plan too new to be measured ,Plan too new to be measured
S8067 ,Avalon Insurance Company ,Avalon Insurance Company ,CAPITAL BLUE CROSS ,Not Applicable ,Not Applicable ,Not Available ,Not Available ,Not Available
S8841 ,"Optum Insurance of Ohio, Inc. ","OPTUM INSURANCE OF OHIO, INC. ","UnitedHealth Group, Inc. ",Not Applicable ,Not Applicable ,Not Available ,Not Available ,Not Available
S9701 ,Navitus MedicareRx ,"DEAN HEALTH INSURANCE, INC. ",Medica Holding Company ,Not Applicable ,Not Applicable ,Not Available ,Not Available ,Not Available
